index,key,F,G,I,S,U,TR
0,MCID_E000,Lutte fratricide 2,Die Prügelknaben 2,Tra l'incudine e il martello 2,Sangre noble 2,Smash Brethren 2,Kardeşleri Parçala 2
1,MID_E000_OP0,"$t1$Wm占い|7$Wmクロム|3$w0|$Ws占い|$Wa$E笑,|$SvjSE_VOICE_SERVANTES_EVT_6|$SveSE_VOICE_VIRREGER4_EVT_4|Ho ho ! Vous revoilà ! Euh, je veux dire...
Pile à l'heure... comme je l'avais prédit !$k
$Wsクロム|$Wa$SvpSE_VOICE_CHROM_EVT_2|Oui, vieux Baba. Nous sommes venus
t'aider à sauver le Multivers.$k$pNous affaiblirons ces Einherjar dissidents
pour que tu puisses les capturer.$k
$Ws占い|$Wa$SvpSE_VOICE_VIRREGER4_EVT_7|Ça alors, quel excellent résumé de ce qu'il
s'est passé jusqu'à maintenant ! Bravo !$k$pEncore mieux : j'ai fait croire à l'une des
armées qu'ils vous ont invoqués !$k$pC'était trop facile ! Leur chef a mordu à
l'hameçon du vieux Baba et a tout avalé !$k
$Wsクロム|$Wa$SvpSE_VOICE_CHROM_EVT_7|Une bien malheureuse métaphore, mais
malgré tout une bonne nouvelle...$k","$t1$Wm占い|7$Wmクロム|3$w0|$Ws占い|$Wa$E笑,|$SvjSE_VOICE_SERVANTES_EVT_6|$SveSE_VOICE_VIRREGER4_EVT_4|Hoho! Ihr seid zurück! Ich, äh, meine, Ihr
kommt rechtzeitig, so wie ich es voraussah!$k
$Wsクロム|$Wa$SvpSE_VOICE_CHROM_EVT_2|Ja, Rasputamus. Wir kamen, um unseren Teil
zur Rettung der Dimensionen beizutragen.$k$pWir werden diese abtrünnigen Einherjar
schwächen, damit du sie bannen kannst.$k
$Ws占い|$Wa$SvpSE_VOICE_VIRREGER4_EVT_7|Eine gute Zusammenfassung der Geschichte.
Hört, hört! So weit, so gut.$k$pUnd noch besser: Eine Armee von Einherjar
denkt jetzt, sie hätten Euch beschworen!$k$pEs war so einfach! Ihr Anführer hat den
Köder so was von geschluckt!$k
$Wsクロム|$Wa$SvpSE_VOICE_CHROM_EVT_7|Die Metapher ist etwas unglücklich gewählt,
aber das sind trotzdem gute Neuigkeiten.$k","$t1$Wm占い|7$Wmクロム|3$w0|$Ws占い|$Wa$E笑,|$SvjSE_VOICE_SERVANTES_EVT_6|$SveSE_VOICE_VIRREGER4_EVT_4|Ehi ehi! Guarda un po' chi c'è! Ehm, voglio
dire... proprio in tempo, come previsto!$k
$Wsクロム|$Wa$SvpSE_VOICE_CHROM_EVT_2|Sì, Laidus. Siamo venuti a fare la nostra
parte per salvare l'Altrotempo.$k$pSconfiggeremo gli einherjar finché saranno
abbastanza deboli da essere catturati.$k
$Ws占い|$Wa$SvpSE_VOICE_VIRREGER4_EVT_7|Ehi, che perfetto riassunto della situazione!
Ben detto, ben detto!$k$pHo buone notizie! Ho gabbato gli einherjar.
Credono di essere stati loro a evocare voi!$k$pÈ stato facile! Il loro comandante
ci è cascato come un pollo!$k
$Wsクロム|$Wa$SvpSE_VOICE_CHROM_EVT_7|Una metafora infelice, ma sono
comunque buone notizie...$k","$t1$Wm占い|7$Wmクロム|3$w0|$Ws占い|$Wa$E笑,|$SvjSE_VOICE_SERVANTES_EVT_6|$SveSE_VOICE_VIRREGER4_EVT_4|¡Jo, jo! ¡Mira quiénes han vuelto!
Esto... ¡Claro que sí! ¡Lo había previsto!$k
$Wsクロム|$Wa$SvpSE_VOICE_CHROM_EVT_2|Sí, Abuelo. Hemos regresado para seguir
salvando otros mundos.$k$pLucharemos contra los einherjar hasta que
puedas capturarlos.$k
$Ws占い|$Wa$SvpSE_VOICE_VIRREGER4_EVT_7|¡Vaya! A eso llamo yo un buen resumen
de lo ocurrido hasta ahora.$k$pY ahora viene lo mejor: uno de los ejércitos
cree que os ha invocado a vosotros.$k$p¡Yo mismo los engañé! Y ha sido muy fácil
hacer que mordieran el anzuelo.$k
$Wsクロム|$Wa$SvpSE_VOICE_CHROM_EVT_7|No sé si me gusta esa metáfora, pero
al menos son buenas noticias.$k","$t1$Wm占い|7$Wmクロム|3$w0|$Ws占い|$Wa$E笑,|$SvjSE_VOICE_SERVANTES_EVT_6|$SveSE_VOICE_VIRREGER4_EVT_4|Ho ho! Look who's back!
Er, I mean, right on time―as predicted!$k
$Wsクロム|$Wa$SvpSE_VOICE_CHROM_EVT_2|Yes, Old Hubba. We've come to do
our part to save the Outrealms.$k$pWe'll defeat these rogue Einherjar until
they're weak enough for you to capture.$k
$Ws占い|$Wa$SvpSE_VOICE_VIRREGER4_EVT_7|Why, what an excellent summary of the
story up until now! Well put, well put!$k$pEven better: I tricked one of the phantom
armies into thinking they summoned you!$k$pIt was easy! Their leader swallowed
Hubba's bait―hook, line, and sinker!$k
$Wsクロム|$Wa$SvpSE_VOICE_CHROM_EVT_7|An unfortunate metaphor, but good
news nonetheless...$k","$t1$Wm占い|7$Wmクロム|3$w0|$Ws占い|$Wa$E笑|$SvjSE_VOICE_SERVANTES_EVT_6|$SveSE_VOICE_VIRREGER4_EVT_4|Ho ho! Bakın kim dönmüş!
Şey... Tam vaktinde. Tahmin ettiğim gibi!$k
$Wsクロム|$Wa$SvpSE_VOICE_CHROM_EVT_2|Evet, Yaşlı Hubba. Outrealms'i kurtarmak
için üzerimize düşeni yapmaya geldik.$k$pBu haydut Einherjar'i, senin
yakalayabileceğin kadar zayiflayana kadar
yeneceğiz.$k
$Ws占い|$Wa$SvpSE_VOICE_VIRREGER4_EVT_7|Şu ana kadarki hikâyenin ne kadar
mükemmel bir özeti! Güzel özetledin!$k$pDaha da iyisi: Hayalet ordulardan birini
sizi çagirdiklarini düşünmesi için
kandirdim!$k$pÇok kolaydı! Liderleri Hubba'nın
yemini olduğu gibi yuttu!$k
$Wsクロム|$Wa$SvpSE_VOICE_CHROM_EVT_7|Talihsiz bir benzetme ama
yine de iyi haber...$k"
2,MID_E000_OP1,"$t0$Wm配信ヘクトル|0$w0|$Ws配信ヘクトル|$WaNous avons reçu des nouvelles
d'Eliwood. Il a réussi à passer.$k
$Wm配信ロイ|6$w0|$Ws配信ロイ|$WaBien. Si père est en position...$k
$Ws配信ヘクトル|$Wa$pAlors notre ennemi est encerclé.$k
$Ws配信ヘクトル|$Wd$w0|$Wm配信リン|0$w0|$Ws配信リン|$WaRoy, c'est le moment. Attaquons tant
que nous avons l'avantage.$k
$Ws配信ロイ|$Wa$pJe suis d'accord. Ne prenons pas le
risque qu'ils appellent des renforts.$k$p$Ws配信リン|$Wd$w0|$Ws配信ロイ|$Wa$pRassemblez les troupes !$k","$t0$Wm配信ヘクトル|0$w0|$Ws配信ヘクトル|$WaWir haben eine Nachricht von Eliwood
erhalten. Er ist durchgekommen.$k
$Wm配信ロイ|6$w0|$Ws配信ロイ|$WaGut. Falls Vater in Stellung ist...$k
$Ws配信ヘクトル|$Wa$pDann haben wir den Gegner umstellt.$k
$Ws配信ヘクトル|$Wd$w0|$Wm配信リン|0$w0|$Ws配信リン|$WaRoy, das ist unsere Chance. Greifen wir
an, solange der Vorteil bei uns liegt.$k
$Ws配信ロイ|$Wa$pDem stimme ich zu. Wir dürfen nicht
zulassen, dass sie Verstärkung rufen.$k$p$Ws配信リン|$Wd$w0|$Ws配信ロイ|$Wa$pSammelt die Truppen!$k","$t0$Wm配信ヘクトル|0$w0|$Ws配信ヘクトル|$WaAbbiamo ricevuto un messaggio da
Eliwood. È arrivato a destinazione.$k
$Wm配信ロイ|6$w0|$Ws配信ロイ|$WaBene. Se mio padre è in posizione...$k
$Ws配信ヘクトル|$Wa$pAllora il nemico è circondato.$k
$Ws配信ヘクトル|$Wd$w0|$Wm配信リン|0$w0|$Ws配信リン|$WaRoy, è la nostra migliore possibilità.
Dovremmo lanciare l'attacco ora.$k
$Ws配信ロイ|$Wa$pConcordo. Non possiamo permetterci
di aspettare che chiamino i rinforzi.$k$p$Ws配信リン|$Wd$w0|$Ws配信ロイ|$Wa$pChiamate le truppe a raccolta!$k","$t0$Wm配信ヘクトル|0$w0|$Ws配信ヘクトル|$WaTenemos noticias de Eliwood.
Han conseguido pasar.$k
$Wm配信ロイ|6$w0|$Ws配信ロイ|$WaBien. Si padre está en su puesto...$k
$Ws配信ヘクトル|$Wa$pEso quiere decir que tenemos
al enemigo rodeado.$k
$Ws配信ヘクトル|$Wd$w0|$Wm配信リン|0$w0|$Ws配信リン|$WaRoy, es nuestra oportunidad. Hemos
de atacar ahora que tenemos ventaja.$k
$Ws配信ロイ|$Wa$pCierto. No podemos permitir
que soliciten refuerzos.$k$p$Ws配信リン|$Wd$w0|$Ws配信ロイ|$Wa$p¡Preparad las tropas!$k","$t0$Wm配信ヘクトル|0$w0|$Ws配信ヘクトル|$WaWe've received word from Eliwood.
He made it through.$k
$Wm配信ロイ|6$w0|$Ws配信ロイ|$WaGood. If Father is in position...$k
$Ws配信ヘクトル|$Wa$pThen we have the enemy surrounded.$k
$Ws配信ヘクトル|$Wd$w0|$Wm配信リン|0$w0|$Ws配信リン|$WaRoy, this is our chance. We should
strike while we have the advantage.$k
$Ws配信ロイ|$Wa$pI agree. We can't have them
calling for reinforcements.$k$p$Ws配信リン|$Wd$w0|$Ws配信ロイ|$Wa$pRally the troops!$k","$t0$Wm配信ヘクトル|0$w0|$Ws配信ヘクトル|$WaEliwood'dan haber aldık.
Başarmayi başardı.$k
$Wm配信ロイ|6$w0|$Ws配信ロイ|$Waİyi. Eğer babam yerindeyse...$k
$Ws配信ヘクトル|$Wa$pDaha sonra düşmanı kusattik.$k
$Ws配信ヘクトル|$Wd$w0|$Wm配信リン|0$w0|$Ws配信リン|$WaRoy, bu bizim şansımız.
Avantaj bizdeyken saldırmaliyiz.$k
$Ws配信ロイ|$Wa$pKabul ediyorum. Takviye
çagirmalarina izin veremeyiz.$k$p$Ws配信リン|$Wd$w0|$Ws配信ロイ|$Wa$pAskerleri toplayin!$k"
3,MID_E000_OP2,"$t0$Wmクロム|0$w0|$Wsクロム|$Wa$SvpSE_VOICE_CHROM_EVT_25|Êtes-vous celle qui, ahem...
qui nous a invoqués ?$k
$Wm配信エリンシア|6$w0|$Ws配信エリンシア|$WaOui. Je suis Elincia de Crimea.$k
$Wsクロム|$Wa$p$E怒,|$SvpSE_VOICE_CHROM_EVT_34|La reine du folklore de Tellius ?$k
$Ws配信エリンシア|$Wa$p« Folklore »... ? Monsieur ?$k
$Wsクロム|$Wa$p$E通常,|$SvpSE_VOICE_CHROM_EVT_10|Euh... Ça alors, regardez tous ces
ennemis !$k
$Ws配信エリンシア|$Wa$pOui. J'ai bien peur que la balance ne
penche pas en notre faveur...$k
$Wsクロム|$Wa$p$SvpSE_VOICE_CHROM_EVT_12|Devons-nous nous attendre à affronter
davantage d'adversaires ?$k
$Ws配信エリンシア|$Wa$pNon. Nos éclaireurs ont confirmé
l'absence d'ennemis dans les environs.$k
$Wsクロム|$Wa$p$E怒,|$SvpSE_VOICE_CHROM_EVT_39|Alors il nous suffit de tuer tous les
ennemis à portée de vue.$k$pMême si « suffire » n'était peut-être
pas le meilleur verbe à utiliser...$k","$t0$Wmクロム|0$w0|$Wsクロム|$Wa$SvpSE_VOICE_CHROM_EVT_25|Bist du diejenige, die uns, äh...
herbeigerufen hat?$k
$Wm配信エリンシア|6$w0|$Ws配信エリンシア|$WaSo ist es. Ich bin Elincia von Crimea.$k
$Wsクロム|$Wa$p$E怒,|$SvpSE_VOICE_CHROM_EVT_34|Die Königin aus den tellischen Sagen?$k
$Ws配信エリンシア|$Wa...Sagen, werter Herr?$k
$Wsクロム|$Wa$p$E通常,|$SvpSE_VOICE_CHROM_EVT_10|Äh... Oh, sieh nur! Wie zahlreich
unsere Gegner sind!$k
$Ws配信エリンシア|$Wa$pJa. Ich fürchte, die Waagschalen neigen
sich leider zu unseren Ungunsten.$k
$Wsクロム|$Wa$p$SvpSE_VOICE_CHROM_EVT_12|Ob wir mit weiteren Gegnern
rechnen müssen?$k
$Ws配信エリンシア|$Wa$pNein. Unsere Späher berichten, dass
die Umgebung sicher ist.$k
$Wsクロム|$Wa$p$E怒,|$SvpSE_VOICE_CHROM_EVT_39|Dann müssen wir einfach alle Feinde
hier besiegen.$k$pHa! Vielleicht war ""einfach"" nicht das
richtige Wort...$k","$t0$Wmクロム|0$w0|$Wsクロム|$Wa$SvpSE_VOICE_CHROM_EVT_25|Sei tu colei che... ehm, ci ha evocati?$k
$Wm配信エリンシア|6$w0|$Ws配信エリンシア|$WaSì. Sono Elincia di Ozna.$k
$Wsクロム|$Wa$p$E怒,|$SvpSE_VOICE_CHROM_EVT_34|La regina delle leggende di Tellius?$k
$Ws配信エリンシア|$Wa$pLeggende, mio signore?$k
$Wsクロム|$Wa$p$E通常,|$SvpSE_VOICE_CHROM_EVT_10|Ehm... Diamine, guardate quanti nemici!$k
$Ws配信エリンシア|$Wa$pSì. Temo che la nostra situazione
non sia delle migliori.$k
$Wsクロム|$Wa$p$SvpSE_VOICE_CHROM_EVT_12|Dovremmo aspettarci altre sorprese?$k
$Ws配信エリンシア|$Wa$pNo. Gli esploratori hanno confermato
che la zona circostante è sgombra.$k
$Wsクロム|$Wa$p$E怒,|$SvpSE_VOICE_CHROM_EVT_39|Allora dobbiamo semplicemente
abbattere tutti i nemici in vista.$k$pBeh... Forse ""semplicemente""
non è la parola adatta...$k","$t0$Wmクロム|0$w0|$Wsクロム|$Wa$SvpSE_VOICE_CHROM_EVT_25|¿Eres tú quien nos ha... esto...
quien nos ha invocado?$k
$Wm配信エリンシア|6$w0|$Ws配信エリンシア|$WaAsí es. Soy Elincia de Crimea.$k
$Wsクロム|$Wa$p$E怒,|$SvpSE_VOICE_CHROM_EVT_34|¿La reina de la mitología de Tellius?$k
$Ws配信エリンシア|$Wa$p¿""Mitología"" decís?$k
$Wsクロム|$Wa$p$E通常,|$SvpSE_VOICE_CHROM_EVT_10|Esto... ¡Vaya! ¡Cuántos enemigos
hay aquí!$k
$Ws配信エリンシア|$Wa$pSí. Me temo que lo tenemos
todo en nuestra contra.$k
$Wsクロム|$Wa$p$SvpSE_VOICE_CHROM_EVT_12|¿Cabe esperar que lleguen
más fuerzas enemigas?$k
$Ws配信エリンシア|$Wa$pNuestros exploradores nos han dicho
que no hay más tropas en las cercanías.$k
$Wsクロム|$Wa$p$E怒,|$SvpSE_VOICE_CHROM_EVT_39|Es decir, que solo tenemos que
preocuparnos de las que ya están aquí.$k$pBueno, tal vez ""solo"" no sea la palabra
más adecuada en este contexto...$k","$t0$Wmクロム|0$w0|$Wsクロム|$Wa$SvpSE_VOICE_CHROM_EVT_25|Are you the one who, er...
summoned us?$k
$Wm配信エリンシア|6$w0|$Ws配信エリンシア|$WaYes. I am Elincia of Crimea.$k
$Wsクロム|$Wa$p$E怒,|$SvpSE_VOICE_CHROM_EVT_34|The queen of Tellian lore?$k
$Ws配信エリンシア|$Wa$p...Lore, sir?$k
$Wsクロム|$Wa$p$E通常,|$SvpSE_VOICE_CHROM_EVT_10|Er... My, would you look
at all those enemies!$k
$Ws配信エリンシア|$Wa$pYes. I fear the scales are tipped
woefully against us.$k
$Wsクロム|$Wa$p$SvpSE_VOICE_CHROM_EVT_12|Should we be expecting any
further opposition?$k
$Ws配信エリンシア|$Wa$pNo. Our scouts have confirmed
the surrounding area is clear.$k
$Wsクロム|$Wa$p$E怒,|$SvpSE_VOICE_CHROM_EVT_39|Then it's simply a matter of taking
down all the enemies in sight.$k$pHeh―perhaps ""simply"" isn't
the best choice of words...$k","$t0$Wmクロム|0$w0|$Wsクロム|$Wa$SvpSE_VOICE_CHROM_EVT_25|Bizi... çagiran
sen misin?$k
$Wm配信エリンシア|6$w0|$Ws配信エリンシア|$WaEvet. Ben Kirimli Elincia'yim.$k
$Wsクロム|$Wa$p$E怒|$SvpSE_VOICE_CHROM_EVT_34|Tellius efsanelerindeki kraliçe mi?$k
$Ws配信エリンシア|$Wa$p...Lore mi efendim?$k
$Wsクロム|$Wa$p$E通常|$SvpSE_VOICE_CHROM_EVT_10|Ee... Tanrım, su
düşmanlara bakar mısın?$k
$Ws配信エリンシア|$Wa$pEvet. Terazinin aleyhimize
olmasından korkuyorum.$k
$Wsクロム|$Wa$p$SvpSE_VOICE_CHROM_EVT_12|Daha fazla muhalefet
beklemeli miyiz?$k
$Ws配信エリンシア|$Wa$pHayır. Gözcülerimiz
çevrenin temiz olduğunu doğruladi.$k
$Wsクロム|$Wa$p$E怒|$SvpSE_VOICE_CHROM_EVT_39|O zaman geriye sadece görünürdeki
tüm düşmanlari alt etmek kalıyor.$k$pHeh―belki de ""basitçe"" en
iyi kelime seçimi değildir...$k"
4,MID_E000_EV1,"$t0$Wm配信ヒーニアス|6$w0|$Ws配信ヒーニアス|$WaSeigneur Eliwood, les troupes de Roy
sont en place au Nord.$k
$Wm配信エリウッド|0$w0|$Ws配信エリウッド|$WaC'est l'heure de passer à l'attaque.
Allons-y !$k","$t0$Wm配信ヒーニアス|6$w0|$Ws配信ヒーニアス|$WaHerr Eliwood. Im Norden setzt sich
Roys Streitmacht in Bewegung.$k
$Wm配信エリウッド|0$w0|$Ws配信エリウッド|$WaDann ist die Zeit für den Angriff
gekommen. Gehen wir es an!$k","$t0$Wm配信ヒーニアス|6$w0|$Ws配信ヒーニアス|$WaLord Eliwood. Le forze di Roy
si stanno mobilitando a nord.$k
$Wm配信エリウッド|0$w0|$Ws配信エリウッド|$WaQuindi è ora di iniziare l'attacco.
Andiamo!$k","$t0$Wm配信ヒーニアス|6$w0|$Ws配信ヒーニアス|$WaMi señor Eliwood. Las fuerzas de Roy
se dirigen hacia el Norte.$k
$Wm配信エリウッド|0$w0|$Ws配信エリウッド|$WaEntonces es hora de atacar. ¡Adelante!$k","$t0$Wm配信ヒーニアス|6$w0|$Ws配信ヒーニアス|$WaLord Eliwood. Roy's forces are
mobilising to the north.$k
$Wm配信エリウッド|0$w0|$Ws配信エリウッド|$WaThen it's time to take the
offensive. Come!$k","$t0$Wm配信ヒーニアス|6$w0|$Ws配信ヒーニアス|$WaLord Eliwood. Roy'un güçleri
kuzeye doğru harekete geçiyor.$k
$Wm配信エリウッド|0$w0|$Ws配信エリウッド|$WaO zaman saldırıya geçme
zamanı. Gel!$k"
5,MID_E000_EV2,$t0$Wm配信エフラム|0$w0|$Ws配信エフラム|$WaJe crois bien que c'est le signal !$k,$t0$Wm配信エフラム|0$w0|$Ws配信エフラム|$WaDas sieht nach unserem Signal aus!$k,$t0$Wm配信エフラム|0$w0|$Ws配信エフラム|$WaÈ il nostro segnale!$k,$t0$Wm配信エフラム|0$w0|$Ws配信エフラム|$Wa¡Esa parece nuestra señal!$k,$t0$Wm配信エフラム|0$w0|$Ws配信エフラム|$WaLooks like that's our cue!$k,$t0$Wm配信エフラム|0$w0|$Ws配信エフラム|$WaGörünüşe göre bu bizim isaretimiz!$k
6,MID_E000_EV3,$t0$Wm配信ゼフィール|0$w0|$Ws配信ゼフィール|$WaPréparez-vous à l'assaut !$k,$t0$Wm配信ゼフィール|0$w0|$Ws配信ゼフィール|$WaBereitmachen zum Angriff!$k,$t0$Wm配信ゼフィール|0$w0|$Ws配信ゼフィール|$WaPrepariamoci alla carica!$k,$t0$Wm配信ゼフィール|0$w0|$Ws配信ゼフィール|$Wa¡Preparaos para cargar!$k,$t0$Wm配信ゼフィール|0$w0|$Ws配信ゼフィール|$WaPrepare to ride!$k,$t0$Wm配信ゼフィール|0$w0|$Ws配信ゼフィール|$WaSürmeye hazırlanin!$k
7,MID_E000_ED1,"$t0$Wmクロム|0$w0|$Wsクロム|$Wa$SvpSE_VOICE_CHROM_EVT_39|Il me semble que c'était là le dernier de
nos adversaires...$k
$Wm配信エリンシア|6$w0|$Ws配信エリンシア|$WaIl semblerait, oui. Merci, Monsieur.$k
$Wsクロム|$Wa$p$E笑,|$SvpSE_VOICE_CHROM_EVT_10|Nous l'avons fait pour le bien de tous...
Invoquez-nous à nouveau, si besoin.$k","$t0$Wmクロム|0$w0|$Wsクロム|$Wa$SvpSE_VOICE_CHROM_EVT_39|Das sollte unser letzter Gegner
gewesen sein.$k
$Wm配信エリンシア|6$w0|$Ws配信エリンシア|$WaSieht so aus. Habt Dank,
mein Herr.$k
$Wsクロム|$Wa$p$E笑,|$SvpSE_VOICE_CHROM_EVT_10|Für das Wohl aller war es nötig...
Ruft uns, falls ihr erneut Hilfe braucht.","$t0$Wmクロム|0$w0|$Wsクロム|$Wa$SvpSE_VOICE_CHROM_EVT_39|Credo che quello fosse l'ultimo.$k
$Wm配信エリンシア|6$w0|$Ws配信エリンシア|$WaPare proprio di sì. Vi ringrazio.$k
$Wsクロム|$Wa$p$E笑,|$SvpSE_VOICE_CHROM_EVT_10|Era necessario, per il bene di tutti...
Evocateci ancora, in caso di bisogno.$k","$t0$Wmクロム|0$w0|$Wsクロム|$Wa$SvpSE_VOICE_CHROM_EVT_39|Ese era el último de nuestros enemigos.$k
$Wm配信エリンシア|6$w0|$Ws配信エリンシア|$WaEso parece. Muchísimas gracias,
mi señor.$k
$Wsクロム|$Wa$p$E笑,|$SvpSE_VOICE_CHROM_EVT_10|Lo hemos hecho por el bien de todos.
Si nos necesitáis, volved a invocarnos.$k","$t0$Wmクロム|0$w0|$Wsクロム|$Wa$SvpSE_VOICE_CHROM_EVT_39|That should be the last
of our adversaries.$k
$Wm配信エリンシア|6$w0|$Ws配信エリンシア|$WaSo it seems. I thank you, sir.$k
$Wsクロム|$Wa$p$E笑,|$SvpSE_VOICE_CHROM_EVT_10|It had to be done, for the good of all...
Summon us again, if the need arises.$k","$t0$Wmクロム|0$w0|$Wsクロム|$Wa$SvpSE_VOICE_CHROM_EVT_39|Bu, düşmanlarimizin
sonuncusu olmalı.$k
$Wm配信エリンシア|6$w0|$Ws配信エリンシア|$WaÖyle görünüyor. Teşekkür ederim efendim.$k
$Wsクロム|$Wa$p$E笑|$SvpSE_VOICE_CHROM_EVT_10|Herkesin iyiliği için bunun yapılması
gerekiyordu... İhtiyaç olursa bizi tekrar
çağırın.$k"
8,MID_E000_ED1_Dead_PCM1,"$t0$Wmクロム|0$w0|$Wsクロム|$Wa$E怒,|$SvpSE_VOICE_CHROM_EVT_39|Il me semble que c'était là le dernier de
nos adversaires.$k
$Wmusername|6$w0|$Wsusername|$Wa$SvpSE_VOICE_PLAYER_M#_EVT_15|Oui. Mais vous vous souvenez comment
pacifier les mondes du Multivers...$k
$Wsクロム|$Wa$p$E通常,|$SvpSE_VOICE_CHROM_EVT_11|Pas à pas, une « paix » à la fois ?
Oui, je vois ce que tu veux dire...$k$pNous allons encore devoir mener
quelques batailles...$k","$t0$Wmクロム|0$w0|$Wsクロム|$Wa$E怒,|$SvpSE_VOICE_CHROM_EVT_39|Sieht aus, als wäre dies unser
letzter Gegner.$k
$Wmusername|6$w0|$Wsusername|$Wa$SvpSE_VOICE_PLAYER_M#_EVT_15|Richtig. Aber du weißt, wie wir echten
Frieden in den Dimensionen erlangen?$k
$Wsクロム|$Wa$p$E通常,|$SvpSE_VOICE_CHROM_EVT_11|Schritt für Schritt, ein ""Friede"" nach
dem anderen? Hmpf...$k$pJa, es liegen noch ein paar Schlachten
vor uns, bis das Kämpfen endet, hm?$k","$t0$Wmクロム|0$w0|$Wsクロム|$Wa$E怒,|$SvpSE_VOICE_CHROM_EVT_39|Credo che quello fosse l'ultimo.$k
$Wmusername|6$w0|$Wsusername|$Wa$SvpSE_VOICE_PLAYER_M#_EVT_15|Sì, ma ricordi come si ottiene la
vera pace qui nell'Altrotempo...$k
$Wsクロム|$Wa$p$E通常,|$SvpSE_VOICE_CHROM_EVT_11|Un passo alla volta, una ""pace""
dopo l'altra? Umpf...$k$pImmagino ci aspettino ancora una
battaglia o due prima della vittoria, eh?$k","$t0$Wmクロム|0$w0|$Wsクロム|$Wa$E怒,|$SvpSE_VOICE_CHROM_EVT_39|Ese era el último de nuestros enemigos.$k
$Wmusername|6$w0|$Wsusername|$Wa$SvpSE_VOICE_PLAYER_M#_EVT_15|Así es. Pero no debemos olvidar cómo
se consigue la paz en estos mundos...$k
$Wsクロム|$Wa$p$E通常,|$SvpSE_VOICE_CHROM_EVT_11|Paso a paso, mundo a mundo...
Mmmm...$k$pSí, supongo que nuestra lucha aquí
todavía no ha concluido.$k","$t0$Wmクロム|0$w0|$Wsクロム|$Wa$E怒,|$SvpSE_VOICE_CHROM_EVT_39|That seems like the last
of our adversaries.$k
$Wmusername|6$w0|$Wsusername|$Wa$SvpSE_VOICE_PLAYER_M#_EVT_15|Indeed. But you remember how real
peace is achieved in these Outrealms...$k
$Wsクロム|$Wa$p$E通常,|$SvpSE_VOICE_CHROM_EVT_11|Step by step, one ""peace"" at a time?
Hmph...$k$pYes, I suppose we still have a battle
or two to truly finish the fight, eh?$k","$t0$Wmクロム|0$w0|$Wsクロム|$Wa$E怒|$SvpSE_VOICE_CHROM_EVT_39|Bu, düşmanlarimizin
sonuncusu gibi görünüyor.$k
$Wmusername|6$w0|$Wsusername|$Wa$SvpSE_VOICE_PLAYER_M#_EVT_15|Aslında. Ama bu Outrealms'de gerçek
barışın nasıl elde edildiğini
hatırlıyorsunuz...$k
$Wsクロム|$Wa$p$E通常|$SvpSE_VOICE_CHROM_EVT_11|Adım adım, her seferinde bir ""barış"" mı?
Hmph...$k$pEvet, sanırım savaşı gerçekten bitirmek
için hâlâ bir veya iki savaşimiz var, ha?$k"
9,MID_E000_ED1_Dead_PCM2,,,,,"$t0$Wmクロム|0$w0|$Wsクロム|$Wa$E怒,|$SvpSE_VOICE_CHROM_EVT_39|これで、この辺りの敵は
すべて倒せたようだな。$k
$Wmusername|6$w0|$Wsusername|$Wa$SvpSE_VOICE_PLAYER_M#_EVT_15|そのようだね。
だけど、この平穏も一時のものだ…$k
$Wsクロム|$Wa$p$E通常,|$SvpSE_VOICE_CHROM_EVT_11|…また来ることになりそうだな。
真の平穏を取り戻すために。$k","$t0$Wmクロム|0$w0|$Wsクロム|$Wa$E怒|$SvpSE_VOICE_CHROM_EVT_39|Buralardaki tüm düşmanları yenmişiz
gibi.$k
$Wmusername|6$w0|$Wsusername|$Wa$SvpSE_VOICE_PLAYER_M#_EVT_15|Öyle görünüyor. Ama bu huzur geçici...$k
$Wsクロム|$Wa$p$E通常|$SvpSE_VOICE_CHROM_EVT_11|Gerçek huzuru geri getirmek için yine
buraya geleceğiz.$k"
10,MID_E000_ED1_Dead_PCM3,,,,,"$t0$Wmクロム|0$w0|$Wsクロム|$Wa$E怒,|$SvpSE_VOICE_CHROM_EVT_39|これで、この辺りの敵は
すべて倒せたようだな。$k
$Wmusername|6$w0|$Wsusername|$Wa$E笑,|……！！！$k$p$E通常,|………！$k
$Wsクロム|$Wa$p$E通常,|$SvpSE_VOICE_CHROM_EVT_11|ああ。
この平穏も一時的なものだ。$k$pまた来ることになりそうだな。
真の平穏を取り戻すために。$k","$t0$Wmクロム|0$w0|$Wsクロム|$Wa$E怒|$SvpSE_VOICE_CHROM_EVT_39|Buralardaki tüm düşmanları yenmişiz
gibi.$k
$Wmusername|6$w0|$Wsusername|$Wa$E笑|……!!!$k$p$E通常|………！$k
$Wsクロム|$Wa$p$E通常|$SvpSE_VOICE_CHROM_EVT_11|Evet. Bu huzur da geçici.$k$pGerçek huzuru geri getirmek için
buraya yine gelmemiz gerekecek.$k"
11,MID_E000_ED1_Dead_PCF1,"$t0$Wmクロム|0$w0|$Wsクロム|$Wa$E怒,|$SvpSE_VOICE_CHROM_EVT_39|Il me semble que c'était là le dernier de
nos adversaires.$k
$Wmusername|6$w0|$Wsusername|$Wa$SvpSE_VOICE_PLAYER_F#_EVT_15|Oui. Mais vous vous souvenez comment
pacifier les mondes du Multivers...$k
$Wsクロム|$Wa$p$E通常,|$SvpSE_VOICE_CHROM_EVT_11|Pas à pas, une « paix » à la fois ?
Oui, je vois ce que tu veux dire...$k$pNous allons encore devoir mener
quelques batailles...$k","$t0$Wmクロム|0$w0|$Wsクロム|$Wa$E怒,|$SvpSE_VOICE_CHROM_EVT_39|Sieht aus, als wäre dies unser
letzter Gegner.$k
$Wmusername|6$w0|$Wsusername|$Wa$SvpSE_VOICE_PLAYER_F#_EVT_15|Richtig. Aber du weißt, wie wir echten
Frieden in den Dimensionen erlangen?$k
$Wsクロム|$Wa$p$E通常,|$SvpSE_VOICE_CHROM_EVT_11|Schritt für Schritt, ein ""Friede"" nach
dem anderen? Hmpf...$k$pJa, es liegen noch ein paar Schlachten
vor uns, bis das Kämpfen endet, hm?$k","$t0$Wmクロム|0$w0|$Wsクロム|$Wa$E怒,|$SvpSE_VOICE_CHROM_EVT_39|Credo che quello fosse l'ultimo.$k
$Wmusername|6$w0|$Wsusername|$Wa$SvpSE_VOICE_PLAYER_F#_EVT_15|Sì, ma ricordi come si ottiene la
vera pace qui nell'Altrotempo...$k
$Wsクロム|$Wa$p$E通常,|$SvpSE_VOICE_CHROM_EVT_11|Un passo alla volta, una ""pace""
dopo l'altra? Umpf...$k$pImmagino ci aspettino ancora una
battaglia o due prima della vittoria, eh?$k","$t0$Wmクロム|0$w0|$Wsクロム|$Wa$E怒,|$SvpSE_VOICE_CHROM_EVT_39|Ese era el último de nuestros enemigos.$k
$Wmusername|6$w0|$Wsusername|$Wa$SvpSE_VOICE_PLAYER_F#_EVT_15|Así es. Pero no debemos olvidar cómo
se consigue la paz en estos mundos...$k
$Wsクロム|$Wa$p$E通常,|$SvpSE_VOICE_CHROM_EVT_11|Paso a paso, mundo a mundo...
Mmmm...$k$pSí, supongo que nuestra lucha aquí
todavía no ha concluido.$k","$t0$Wmクロム|0$w0|$Wsクロム|$Wa$E怒,|$SvpSE_VOICE_CHROM_EVT_39|That seems like the last
of our adversaries.$k
$Wmusername|6$w0|$Wsusername|$Wa$SvpSE_VOICE_PLAYER_F#_EVT_15|Indeed. But you remember how real
peace is achieved in these Outrealms...$k
$Wsクロム|$Wa$p$E通常,|$SvpSE_VOICE_CHROM_EVT_11|Step by step, one ""peace"" at a time?
Hmph...$k$pYes, I suppose we still have a battle
or two to truly finish the fight, eh?$k","$t0$Wmクロム|0$w0|$Wsクロム|$Wa$E怒|$SvpSE_VOICE_CHROM_EVT_39|Bu, düşmanlarimizin
sonuncusu gibi görünüyor.$k
$Wmusername|6$w0|$Wsusername|$Wa$SvpSE_VOICE_PLAYER_F#_EVT_15|Aslında. Ama bu Outrealms'de gerçek
barışın nasıl elde edildiğini
hatırlıyorsunuz...$k
$Wsクロム|$Wa$p$E通常|$SvpSE_VOICE_CHROM_EVT_11|Adım adım, her seferinde bir ""barış"" mı?
Hmph...$k$pEvet, sanırım savaşı gerçekten bitirmek
için hâlâ bir veya iki savaşimiz var, ha?$k"
12,MID_E000_ED1_Dead_PCF2,,,,,"$t0$Wmクロム|0$w0|$Wsクロム|$Wa$E怒,|$SvpSE_VOICE_CHROM_EVT_39|これで、この辺りの敵は
すべて倒せたようだな。$k
$Wmusername|6$w0|$Wsusername|$Wa$SvpSE_VOICE_PLAYER_F#_EVT_15|そのようですね。
でも、この平穏も一時のものです…$k
$Wsクロム|$Wa$p$E通常,|$SvpSE_VOICE_CHROM_EVT_11|…また来ることになりそうだな。
真の平穏を取り戻すために。$k","$t0$Wmクロム|0$w0|$Wsクロム|$Wa$E怒|$SvpSE_VOICE_CHROM_EVT_39|Buralardaki tüm düşmanları yenmişiz
gibi.$k
$Wmusername|6$w0|$Wsusername|$Wa$SvpSE_VOICE_PLAYER_F#_EVT_15|Öyle görünüyor. Ama bu huzur da
geçici...$k
$Wsクロム|$Wa$p$E通常|$SvpSE_VOICE_CHROM_EVT_11|Gerçek huzuru geri getirmek için yine
buraya geleceğiz.$k"
13,MID_E000_ED1_Dead_PCF3,,,,,"$t0$Wmクロム|0$w0|$Wsクロム|$Wa$E怒,|$SvpSE_VOICE_CHROM_EVT_39|これで、この辺りの敵は
すべて倒せたようだな。$k
$Wmusername|6$w0|$Wsusername|$Wa$E笑,|……！！！$k$p$E通常,|………！$k
$Wsクロム|$Wa$p$E通常,|$SvpSE_VOICE_CHROM_EVT_11|ああ。
この平穏も一時的なものだ。$k$pまた来ることになりそうだな。
真の平穏を取り戻すために。$k","$t0$Wmクロム|0$w0|$Wsクロム|$Wa$E怒|$SvpSE_VOICE_CHROM_EVT_39|Buralardaki tüm düşmanları yenmişiz
gibi.$k
$Wmusername|6$w0|$Wsusername|$Wa$E笑|……!!!$k$p$E通常|………！$k
$Wsクロム|$Wa$p$E通常|$SvpSE_VOICE_CHROM_EVT_11|Evet. Bu huzur da geçici.$k$pGerçek huzuru geri getirmek için
buraya yine gelmemiz gerekecek.$k"
14,MID_E000_ED2,"$t0$Wm配信エリンシア|6$w0|$Ws配信エリンシア|$WaOh ! Attendez... J'ai trouvé ça sur le
champ de bataille, au fait.$k
$Wmクロム|0$w0|$Wsクロム|$Wa$SvpSE_VOICE_CHROM_EVT_2|Une carte ? Hmm...
« Eirika, la Reine du renouveau ».$k$p$E怒,|C'est la célèbre reine de Magvel,
n'est-ce pas ?$k
$Ws配信エリンシア|$Wa$pJe dois avouer que je ne sais pas du
tout de quoi vous parlez...$k$pMais si la carte vous est utile, elle est à
vous ! Je la confie à votre stratège.$k","$t0$Wm配信エリンシア|6$w0|$Ws配信エリンシア|$WaOh! Wartet, mein Herr... Ich fand das
hier auf dem Schlachtfeld.$k
$Wmクロム|0$w0|$Wsクロム|$Wa$SvpSE_VOICE_CHROM_EVT_2|Eine Karte? Hmm...
""Eirika, Königin der Erneuerung.""$k$p$E怒,|Sie ist die Königin aus den alten
magvelischen Sagen, richtig?$k
$Ws配信エリンシア|$Wa$p...Mein Herr, ich muss gestehen, dass
ich nicht weiß, wovon Ihr redet.$k$pDoch wenn Euch die Karte nützt, gehört
sie Euch. Ich gebe sie $GEurem Taktiker,Eurer Taktikerin|.$k","$t0$Wm配信エリンシア|6$w0|$Ws配信エリンシア|$WaOh! Mio signore... Ho trovato
questa sul campo di battaglia.$k
$Wmクロム|0$w0|$Wsクロム|$Wa$SvpSE_VOICE_CHROM_EVT_2|Una carta? Mmmh...
""Erika, regina della ricostruzione""$k$p$E怒,|È la regina delle vecchie
leggende di Magvel, no?$k
$Ws配信エリンシア|$Wa$pDevo confessarvi, mio signore, che
non ho idea di cosa stiate parlando.$k$pMa se la carta vi può essere utile, è
vostra. La affido al vostro stratega.$k","$t0$Wm配信エリンシア|6$w0|$Ws配信エリンシア|$Wa¡Eh! Esperad, señor. He encontrado
esto en el campo de batalla.$k
$Wmクロム|0$w0|$Wsクロム|$Wa$SvpSE_VOICE_CHROM_EVT_2|¿Una carta? Mmmm...
""Eirika, la reina de la restauración.""$k$p$E怒,|Es la reina de la mitología de Magvel,
¿verdad?$k
$Ws配信エリンシア|$Wa$pAdmito que no sé de qué me estáis
hablando, mi señor.$k$pPero le daré la carta a $Gvuestro,vuestra|
estratega. Puede que os sea de ayuda.$k","$t0$Wm配信エリンシア|6$w0|$Ws配信エリンシア|$WaOh! Wait, sir... I found this
lying on the battlefield.$k
$Wmクロム|0$w0|$Wsクロム|$Wa$SvpSE_VOICE_CHROM_EVT_2|A card? Hmm...
""Eirika, Restoration Queen"".$k$p$E怒,|She's the queen from the old
Magvelian tales, isn't she?$k
$Ws配信エリンシア|$Wa$p...Sir, I must confess that I have no
idea what you are talking about.$k$pBut if the card will serve you, it is yours.
I entrust it to your tactician.$k","$t0$Wm配信エリンシア|6$w0|$Ws配信エリンシア|$WaAh! Durun efendim... Bunu
savaş alanında buldum.$k
$Wmクロム|0$w0|$Wsクロム|$Wa$SvpSE_VOICE_CHROM_EVT_2|Bir kart mı?
Hımm... ""Eirika, Restorasyon Kraliçesi"".$k$p$E怒|O eski Magvel
masallarindaki kraliçe, değil mi?$k
$Ws配信エリンシア|$Wa$p...Efendim, neden bahsettiginiz hakkında
hiçbir fikrim olmadığını itiraf etmeliyim.$k$pAma kart işinize yarayacaksa, sizindir.
Bunu taktisyeninize emanet ediyorum.$k"
15,MID_E000_ED2_Dead_PCM1,"$t0$Wmusername|6$w0|$Wsusername|$Wa$SvpSE_VOICE_PLAYER_M#_EVT_2|Chrom, regardez... J'ai trouvé ceci dans
l'une des pièces.$k
$Wmクロム|0$w0|$Wsクロム|$Wa$SvpSE_VOICE_CHROM_EVT_3|Une carte ? Hmm...
« Eirika, la Reine du renouveau. »$k$p$E笑,|C'est la célèbre reine de Magvel.
Je me demande ce qu'elle a à dire...$k","$t0$Wmusername|6$w0|$Wsusername|$Wa$SvpSE_VOICE_PLAYER_M#_EVT_2|Chrom, ich fand das hier in einer der
Kammern, die wir geräumt haben.$k
$Wmクロム|0$w0|$Wsクロム|$Wa$SvpSE_VOICE_CHROM_EVT_3|Eine Karte? Hmm...
""Eirika, Königin der Erneuerung.""$k$p$E笑,|Sie ist aus den alten magvelischen
Legenden. Was sie wohl zu sagen hat...$k","$t0$Wmusername|6$w0|$Wsusername|$Wa$SvpSE_VOICE_PLAYER_M#_EVT_2|Chrom, guarda un po'. L'ho trovata
in una delle sale che abbiamo liberato.$k
$Wmクロム|0$w0|$Wsクロム|$Wa$SvpSE_VOICE_CHROM_EVT_3|Una carta? Uhm...
""Erika, regina della ricostruzione.""$k$p$E笑,|È la regina delle vecchie leggende di
Magvel. Mi chiedo cosa avrà da dirci...$k","$t0$Wmusername|6$w0|$Wsusername|$Wa$SvpSE_VOICE_PLAYER_M#_EVT_2|Chrom, una cosa más: he encontrado
esto en una de las cámaras.$k
$Wmクロム|0$w0|$Wsクロム|$Wa$SvpSE_VOICE_CHROM_EVT_3|¿Una carta? Mmmm...
""Eirika, la reina de la restauración.""$k$p$E笑,|Es la reina de la mitología de Magvel.
Me pregunto qué nos tendrá que decir.$k","$t0$Wmusername|6$w0|$Wsusername|$Wa$SvpSE_VOICE_PLAYER_M#_EVT_2|Chrom, something else―I found this
in one of the chambers we cleared.$k
$Wmクロム|0$w0|$Wsクロム|$Wa$SvpSE_VOICE_CHROM_EVT_3|A card? Hmm...
""Eirika, Restoration Queen"".$k$p$E笑,|She's the queen from the old Magvelian
tales. I wonder what she has to say...$k","$t0$Wmusername|6$w0|$Wsusername|$Wa$SvpSE_VOICE_PLAYER_M#_EVT_2|Chrom, başka bir şey; bunu
temizledigimiz odalardan birinde buldum.$k
$Wmクロム|0$w0|$Wsクロム|$Wa$SvpSE_VOICE_CHROM_EVT_3|Bir kart mı?
Hımm... ""Eirika, Restorasyon Kraliçesi"".$k$p$E笑|Eski Magvel masallarindaki kraliçedir. Ne
söyleyeceğini merak ediyorum...$k"
16,MID_E000_ED2_Dead_PCM2,,,,,"$t0$Wmusername|6$w0|$Wsusername|$Wa$SvpSE_VOICE_PLAYER_M#_EVT_2|クロム、待って！
さっき戦った部屋で、これが…$k
$Wmクロム|0$w0|$Wsクロム|$Wa$SvpSE_VOICE_CHROM_EVT_3|これは…魔符か。
【優王女エイリーク】とあるな。$k$p$E笑,|エイリークといえばマギ・ヴァル伝承に
出てくる王女だな。どうしたものか…$k","$t0$Wmusername|6$w0|$Wsusername|$Wa$SvpSE_VOICE_PLAYER_M#_EVT_2|Chrom, başka bir şey; bunu
temizledigimiz odalardan birinde buldum.$k
$Wmクロム|0$w0|$Wsクロム|$Wa$SvpSE_VOICE_CHROM_EVT_3|Bir kart mı?
Hımm... ""Eirika, Restorasyon
Kraliçesi"".$k$p$E笑|Eski Magvel masallarindaki
kraliçedir. Ne söyleyeceğini merak
ediyorum...$k"
17,MID_E000_ED2_Dead_PCM3,,,,,"$t0$Wmusername|6$w0|$Wsusername|$Wa$E笑,|……！！！$k
$Wmクロム|0$w0|$Wsクロム|$Wa$SvpSE_VOICE_CHROM_EVT_3|これが部屋にあった？　…魔符だな。
【優王女エイリーク】とある。$k$p$E笑,|エイリークといえばマギ・ヴァル伝承に
出てくる王女だな。どうしたものか…$k","$t0$Wmusername|6$w0|$Wsusername|$Wa$E笑|...!!!$k
$Wmクロム|0$w0|$Wsクロム|$Wa$SvpSE_VOICE_CHROM_EVT_3|Bir kart mı?
Hımm... ""Eirika, Restorasyon
Kraliçesi"".$k$p$E笑|Eski Magvel masallarindaki
kraliçedir. Ne söyleyeceğini merak
ediyorum...$k"
18,MID_E000_ED2_Dead_PCF1,"$t0$Wmusername|6$w0|$Wsusername|$Wa$SvpSE_VOICE_PLAYER_F#_EVT_2|Chrom, regardez... J'ai trouvé ceci dans
l'une des pièces.$k
$Wmクロム|0$w0|$Wsクロム|$Wa$SvpSE_VOICE_CHROM_EVT_3|Une carte ? Hmm...
« Eirika, la Reine du renouveau. »$k$p$E笑,|C'est la célèbre reine de Magvel.
Je me demande ce qu'elle a à dire...$k","$t0$Wmusername|6$w0|$Wsusername|$Wa$SvpSE_VOICE_PLAYER_F#_EVT_2|Chrom, ich fand das hier in einer der
Kammern, die wir geräumt haben.$k
$Wmクロム|0$w0|$Wsクロム|$Wa$SvpSE_VOICE_CHROM_EVT_3|Eine Karte? Hmm...
""Eirika, Königin der Erneuerung.""$k$p$E笑,|Sie ist aus den alten magvelischen
Legenden. Was sie wohl zu sagen hat...$k","$t0$Wmusername|6$w0|$Wsusername|$Wa$SvpSE_VOICE_PLAYER_F#_EVT_2|Chrom, guarda un po'. L'ho trovata
in una delle sale che abbiamo liberato.$k
$Wmクロム|0$w0|$Wsクロム|$Wa$SvpSE_VOICE_CHROM_EVT_3|Una carta? Uhm...
""Erika, regina della ricostruzione.""$k$p$E笑,|È la regina delle vecchie leggende di
Magvel. Mi chiedo cosa avrà da dirci...$k","$t0$Wmusername|6$w0|$Wsusername|$Wa$SvpSE_VOICE_PLAYER_F#_EVT_2|Chrom, una cosa más: he encontrado
esto en una de las cámaras.$k
$Wmクロム|0$w0|$Wsクロム|$Wa$SvpSE_VOICE_CHROM_EVT_3|¿Una carta? Mmmm...
""Eirika, la reina de la restauración.""$k$p$E笑,|Es la reina de la mitología de Magvel.
Me pregunto qué nos tendrá que decir.$k","$t0$Wmusername|6$w0|$Wsusername|$Wa$SvpSE_VOICE_PLAYER_F#_EVT_2|Chrom, something else―I found this
in one of the chambers we cleared.$k
$Wmクロム|0$w0|$Wsクロム|$Wa$SvpSE_VOICE_CHROM_EVT_3|A card? Hmm...
""Eirika, Restoration Queen"".$k$p$E笑,|She's the queen from the old Magvelian
tales. I wonder what she has to say...$k","$t0$Wmusername|6$w0|$Wsusername|$Wa$SvpSE_VOICE_PLAYER_F#_EVT_2|Chrom, başka bir şey; bunu
temizledigimiz odalardan birinde buldum.$k
$Wmクロム|0$w0|$Wsクロム|$Wa$SvpSE_VOICE_CHROM_EVT_3|Bir kart mı?
Hımm... ""Eirika, Restorasyon Kraliçesi"".$k$p$E笑|Eski Magvel masallarindaki kraliçedir. Ne
söyleyeceğini merak ediyorum...$k"
19,MID_E000_ED2_Dead_PCF2,,,,,"$t0$Wmusername|6$w0|$Wsusername|$Wa$SvpSE_VOICE_PLAYER_F#_EVT_2|クロムさん、待ってください！
さっき戦った部屋で、これが…$k
$Wmクロム|0$w0|$Wsクロム|$Wa$SvpSE_VOICE_CHROM_EVT_3|これは…魔符か。
【優王女エイリーク】とあるな。$k$p$E笑,|エイリークといえばマギ・ヴァル伝承に
出てくる王女だな。どうしたものか…$k","$t0$Wmusername|6$w0|$Wsusername|$Wa$SvpSE_VOICE_PLAYER_F#_EVT_2|Chrom, başka bir şey; bunu
temizledigimiz odalardan birinde buldum.$k
$Wmクロム|0$w0|$Wsクロム|$Wa$SvpSE_VOICE_CHROM_EVT_3|Bir kart mı?
Hımm... ""Eirika, Restorasyon
Kraliçesi"".$k$p$E笑|Eski Magvel masallarindaki
kraliçedir. Ne söyleyeceğini merak
ediyorum...$k"
20,MID_E000_ED2_Dead_PCF3,,,,,"$t0$Wmusername|6$w0|$Wsusername|$Wa$E笑,|……！！！$k
$Wmクロム|0$w0|$Wsクロム|$Wa$SvpSE_VOICE_CHROM_EVT_3|これが部屋にあった？　…魔符だな。
【優王女エイリーク】とある。$k$p$E怒,|エイリークといえばマギ・ヴァル伝承に
出てくる王女だな。どうしたものか…$k","$t0$Wmusername|6$w0|$Wsusername|$Wa$E笑|...!!!$k
$Wmクロム|0$w0|$Wsクロム|$Wa$SvpSE_VOICE_CHROM_EVT_3|Bir kart mı?
Hımm... ""Eirika, Restorasyon
Kraliçesi"".$k$p$E怒|Eski Magvel masallarindaki
kraliçedir. Ne söyleyeceğini merak
ediyorum...$k"
21,MID_E000_ED2_2,"$t1$Wm予約11|3$w0|$Ws予約11|$WaJ'ai perdu. Vous vous battez bien, stratège.$k$pVous n'avez qu'une chose à dire et je vous
promets de toujours rester à vos côtés.$k$pQuoi ? Non...
Ce n'est pas une demande en mariage !$k$pArgh, stupide robe... Tout ça à cause de ce
bouquet ! Je n'aurais pas dû l'attraper.$k$pC'est souvent une source de malentendus...
Tenez, je vous l'offre, d'ailleurs.$k$pOh, j'ai sûrement l'air ridicule...$k","$t1$Wm予約11|3$w0|$Ws予約11|$WaIch habe verloren.
Ihr kämpft gut, $GTaktiker,Taktikerin|.$k$pWenn Ihr es wünscht, verspreche ich, für
immer an Eurer Seite bleiben.$k$p...Wie bitte? Nein, das ist kein Antrag!$k$pAch, dummes Kleid... Schuld ist nur dieser
Blumenstrauß. Hätte ich ihn nicht gefangen!$k$pDer führt nur zu Missverständnissen.
Bitte sehr, ich gebe ihn Euch.$k$pOh, ich muss närrisch aussehen...$k","$t1$Wm予約11|3$w0|$Ws予約11|$WaHo perso. Combatti bene, stratega.$k$pSe lo vorrai, prometto di rimanere
per sempre al tuo fianco.$k$pCosa? No, non è una proposta
di matrimonio!$k$pUgh, questo stupido vestito... È tutta colpa
di questo bouquet! Non dovevo prenderlo.$k$pNon fa che creare equivoci.
Ecco, lo darò a te.$k$pOh, che figuraccia...$k","$t1$Wm予約11|3$w0|$Ws予約11|$WaHe perdido. Pero lucháis muy bien,
estratega.$k$pSi puedo ayudaros, no tenéis más que
pedirlo. Siempre estaré a vuestro lado.$k$p¿Qué?... ¡No! ¡No os estoy pidiendo
matrimonio!$k$p¡Rayos! ¡Maldito vestido! ¿Por qué tuve
que coger el ramillete del demonio?$k$pCon esta pinta, solo consigo que se me
malinterprete. Tomad, os lo doy.$k$pOh, debo de parecer boba...$k","$t1$Wm予約11|3$w0|$Ws予約11|$WaI have lost. You fight well, tactician.$k$pJust say the word, and I promise
to stay at your side, always.$k$p...What? No, that's not a proposal!$k$pUgh, this stupid dress... It's all this
bouquet's fault! I shouldn't have caught it.$k$pIt just invites misunderstanding.
Here, I'll give it to you.$k$pOh, I must look a fool...$k","$t1$Wm予約11|3$w0|$Ws予約11|$WaKaybettim. İyi dövüşüyorsun taktikçi.$k$pSöylemen yeter; her zaman
yanında kalacağıma söz veriyorum.$k$p...Ne? Hayır bu bir teklif değil!$k$pAh, bu aptal elbise... Hepsi
bu buketin suçu! Yakalamamaliydim.$k$pSadece yanlış anlasilmaya davetiye
çıkarıyor. İşte onu sana vereceğim.$k$pAh, aptal gibi görünüyor olmalıyım...$k"
22,MID_E000_ED2_2YN,Est-ce qu'Eirika a l'air ridicule ?,Sieht Eirika wie eine Närrin aus?,Erika ha fatto una figuraccia?,¿Crees que Eirika parece boba?,Does Eirika look a fool?,Eirika aptal mı görünüyor?
23,MID_E000_ED2_2Y,"$t1$Wm予約11|3$w0|$Ws予約11|$WaComment ça, « un peu » ?!$k$pEssayez un peu de porter ça, vous !$k$pOn verra, ensuite, si vous avez quelque
chose à redire...$k","$t1$Wm予約11|3$w0|$Ws予約11|$WaWas meint Ihr mit ""mehr oder weniger""?!?$k$pHier, tragt Ihr es doch! Dann werden wir ja
sehen, was Ihr dazu sagt.$k","$t1$Wm予約11|3$w0|$Ws予約11|$WaCosa intendi con ""in effetti""?!$k$pEcco, tieni tu il bouquet! Poi vedremo
se la penserai ancora così.$k","$t1$Wm予約11|3$w0|$Ws予約11|$Wa¡¿Cómo que ""un poco""?!$k$p¡Tomad, ponéoslo vos, a ver si luego decís
lo mismo!$k","$t1$Wm予約11|3$w0|$Ws予約11|$WaWhat do you mean, ""sort of""?!$k$pHere, you wear it!
Then we'll see what you say.$k","$t1$Wm予約11|3$w0|$Ws予約11|$Wa""Bir nevi"" derken ne demek istiyorsun?$k$pIste, onu giy! O
zaman ne diyeceğini göreceğiz.$k"
24,MID_E000_ED2_2N,"$t1$Wm予約11|3$w0|$Ws予約11|$WaEh bien... merci.
C'est gentil de votre part.$k$pPour être honnête, j'aime beaucoup cette
robe, malgré tout ce que j'ai pu dire...$k$pPeut-être que l'une des femmes de votre
groupe voudrait l'essayer, plus tard ?$k","$t1$Wm予約11|3$w0|$Ws予約11|$WaTja... danke. Es ist sehr nett von Euch,
so etwas zu sagen.$k$pUm ehrlich zu sein, mag ich dieses Kleid
doch sehr, egal, was ich vorhin sagte...$k$pVielleicht möchte eine Eurer Damen es
ja später ebenfalls anprobieren?$k","$t1$Wm予約11|3$w0|$Ws予約11|$WaBeh... Grazie. È gentile da parte tua.$k$pA essere onesta adoro questa gonna,
nonostante quello che ho detto...$k$pForse una delle ragazze vorrà
provarla, dopo la battaglia?$k","$t1$Wm予約11|3$w0|$Ws予約11|$WaVaya... Gracias. Sois muy amable.$k$pSi os soy sincera, la verdad es que, a pesar
de todo, el vestido me gusta bastante...$k$pA lo mejor, alguna de las chicas de vuestro
ejército querría probárselo después.$k","$t1$Wm予約11|3$w0|$Ws予約11|$WaWell...thank you. That's kind
of you to say.$k$pTo be honest, I am rather fond of
this gown, despite what I said...$k$pPerhaps some of your ladies
would like to try it on later?$k","$t1$Wm予約11|3$w0|$Ws予約11|$WaTeşekkür ederim. Bunu söylemen çok
nazik bir davranış.$k$pDürüst olmak gerekirse, söylediklerime
rağmen bu elbiseyi oldukça beğendim...$k$pBelki hanimlarinizdan
bazıları daha sonra denemek ister?$k"
25,MID_E000_ED2_3,"$t1$Wm予約11|3$w0|$Ws予約11|$WaOh, que je suis impolie : je ne me suis
même pas présentée.$k$pQuoi ? Vous dites que vous savez déjà
qui je suis ?$k$p« Naïve »... ?!
Qui... Qui vous a dit ça ?$k$pBon, il y a peut-être un fond de vérité...$k$pJe n'arrive tout simplement pas à douter de
ma famille ou de mes amis.$k$pLe doute mène à la méfiance, et cela ne me
paraît pas être une bonne chose...$k$pSi pour vous c'est être « naïf », alors oui,
c'est ce que je suis.$k$pEt vous, stratège ?$k$pSi l'un de vos amis venait vous demander de
l'aide...$k$p... mais que cet ami n'était plus celui que
vous aviez connu...$k$p... et qu'il essayait de vous duper...$k$pLui laisseriez-vous le bénéfice du doute ?$k","$t1$Wm予約11|3$w0|$Ws予約11|$WaOh, wie unhöflich von mir. Ich habe mich
noch nicht einmal vorgestellt.$k$p...Wie bitte? Ihr sagt, dass Ihr bereits
wisst, wer ich bin?$k$p...""Naiv""?!?
W-wer hat Euch das erzählt?$k$p...Nun, ich nehme an, Ihr habt
teilweise Recht.$k$pIch bringe es einfach nicht übers Herz, an
Familie oder Freunden zu zweifeln.$k$pZweifel führen zu Misstrauen und solch
ein Gefühl passt nicht zu mir.$k$pWenn Ihr das ""naiv"" findet, dann
bin ich das eben.$k$pUnd was ist mit Euch, $GTaktiker,Taktikerin?|$k$pNehmen wir mal an, ein Freund käme zu
Euch, um Hilfe zu erbitten...$k$pAber er wäre nicht mehr die Person, die Ihr
kanntet. Er versuchte Euch zu hintergehen...$k$pWürdet Ihr ihm im Zweifelsfall dennoch
Glauben schenken?$k","$t1$Wm予約11|3$w0|$Ws予約11|$WaOh, che maniere. Non mi sono
nemmeno presentata.$k$pCosa? Sai già chi sono?$k$pSarei ""ingenua""?!
C-Chi te l'ha detto?$k$pBeh, immagino ci sia un fondo di verità.$k$pNon riesco proprio a dubitare della
mia famiglia o dei miei amici.$k$pIl dubbio porta alla sfiducia e mi sembra
una cosa completamente sbagliata.$k$pSe per questo mi considerano un'ingenua,
credo che ci sia poco che io possa fare.$k$pE cosa mi dici di te, stratega?$k$pImmaginiamo che un tuo amico
venga a chiederti aiuto...$k$pChe non sia più la persona che conoscevi,
e stia in realtà cercando di ingannarti...$k$pGli lasceresti comunque
il beneficio del dubbio?$k","$t1$Wm予約11|3$w0|$Ws予約11|$Wa¡Oh, qué grosería por mi parte!
Todavía ni me he presentado.$k$p¿Qué? ¿Que ya sabéis quién soy?$k$p¿Q-que soy ""ingenua""?
¿¡Quién os ha contado eso!?$k$pEn fin... supongo que esa afirmación
no es del todo desacertada...$k$pSoy incapaz de dudar de mi familia
o amigos.$k$pLa duda conduce a la desconfianza,
y ese sentimiento no va conmigo.$k$pSi eso me hace ingenua, supongo
que lo seré toda mi vida.$k$p¿Qué me decís vos, estratega?$k$pSupongamos que un amigo vuestro
viene a pediros ayuda...$k$pPero ya no es quien solía ser.
Estaba intentando engañaros...$k$p¿Aun así le daríais el beneficio
de la duda?$k","$t1$Wm予約11|3$w0|$Ws予約11|$WaOh, how rude of me. I haven't
even introduced myself.$k$p...What? You say you already
know who I am?$k$p...""Naive""?!
Wh-who told you that?$k$p...Well, I suppose it might be
partly true.$k$pI just can't bring myself to
doubt family or friends.$k$pDoubt leads to distrust, and
that just feels wrong to me.$k$pIf that's what you call ""naive"",
then I suppose that's how I'll stay.$k$pAnd what of you, tactician?$k$pSay a friend of yours came to
you seeking help...$k$pBut he was no longer the person
you knew―he was trying to trick you...$k$pWould you still give him the
benefit of the doubt?$k","$t1$Wm予約11|3$w0|$Ws予約11|$WaNe kadar kabayim.
Kendimi tanıtmadım bile.$k$p...Ne? Kim olduğumu zaten
bildiğini mi söylüyorsun?$k$p...""Toy""?!
Bunu sana kim söyledi?$k$p...Sanırım kısmen doğru
olabilir.$k$pAilemden ya da arkadaşlarimdan şüphe
etmeye kendimi ikna edemiyorum.$k$pŞüphe güvensizlige yol açar
ve bu bana yanlış geliyor.$k$pEğer ""saf"" dediğin buysa,
sanırım ben de öyle kalacağım.$k$pPeki ya sen taktikçi?$k$pDiyelim ki bir arkadaşiniz yardım
istemek için size geldi...$k$pAma o artık senin tanıdığın kişi
değildi; seni kandirmaya çalışıyordu...$k$pYine de ona bir şans tanır mıydın?$k"
26,MID_E000_ED2_3YN,Vous fieriez-vous à un ami qui a changé ?,"Traust du Freunden, die sich verändern?",Ti fideresti di un amico che è cambiato?,¿Confiarías en un amigo que ha cambiado?,Would you trust a friend who'd changed?,Değişen bir arkadaşiniza güvenir mıydınız?
27,MID_E000_ED2_3Y,"$t1$Wm予約11|3$w0|$Ws予約11|$WaVous lui feriez confiance ?$k$pMais il ne faudrait pas ! Vous seriez
sûrement $Gtrompé,trompée| !$k$pDu moins, c'est ce que tout le monde me
répète à longueur de temps...$k$pMais c'est agréable de rencontrer $Gun,une|
$Ghomme,femme| aussi candide que moi...$k$pPouvons-nous discuter encore un peu ?
J'aimerais mieux vous connaître...$k","$t1$Wm予約11|3$w0|$Ws予約11|$WaD-das würdet Ihr?$k$pAber das dürft Ihr nicht. Ihr werdet nur
verraten und verkauft.$k$p...Zumindest versucht mir das jeder
einzureden.$k$pEs ist trotzdem schön, $Geinen Mann,eine Frau| zu
treffen, $Gder,die| so vertrauensvoll ist wie ich.$k$pKönnen wir uns etwas länger unterhalten?
Ich möchte gerne mehr über Euch erfahren.$k","$t1$Wm予約11|3$w0|$Ws予約11|$WaT-Ti fideresti?$k$pNon devi! Non farà che
beffarti e ingannarti.$k$pO perlomeno è quello che
tutti mi dicono sempre.$k$pComunque è bello incontrare una
persona fiduciosa quanto me...$k$pTi va di parlare ancora un po'?
Vorrei conoscerti meglio...$k","$t1$Wm予約11|3$w0|$Ws予約11|$Wa¿L-lo haríais?$k$pPero ¡no deberíais! Lo único que os
esperaría sería embaucamiento y engaño.$k$pBueno... al menos eso es lo que me dice
siempre todo el mundo.$k$pResulta agradable encontrar a alguien
como yo, a quien le gusta creer en la gente.$k$pDecidme... ¿Podemos hablar un poco más?
Me gustaría conoceros mejor.$k","$t1$Wm予約11|3$w0|$Ws予約11|$WaY-you would?$k$pBut you mustn't! You'll only get
duped and deceived.$k$p...At least that's what everyone
else tries to tell me.$k$pStill, it's nice to meet a $Gman,woman|
as trusting as me...$k$pMight we talk a while longer?
I'd like to know more about you...$k","$t1$Wm予約11|3$w0|$Ws予約11|$WaYapar mıydın?$k$pAma yapmamalisin! Sadece
kandirilacak ve aldatilacaksınız.$k$p...En azından herkesin bana
söylemeye çalıştigi şey bu.$k$pYine de biriyle tanışmak güzel
$Gadam,kadın| benim kadar güvenilir...$k$pBir süre daha konuşabilir miyiz? Senin
hakkında daha fazlasını bilmek isterim...$k"
28,MID_E000_ED2_4Y,"$t1$Wm予約11|3$w0|$Ws予約11|$WaOh, merci, $Nu...$k$pVous avez un grand sens de l'humour !
Je n'avais pas ri ainsi depuis longtemps.$k$pQuand ces combats seront terminés...
vous pourriez me rendre visite au château...$k$pJ'en profiterai pour vous présenter à mon
frère aîné.$k$pQuand vous aurez le temps, bien sûr...
Je sais que votre route est encore longue.$k","$t1$Wm予約11|3$w0|$Ws予約11|$Wa...Oh, vielen Dank, $Nu.$k$pIhr habt einen fantastischen Sinn für Humor!
Ich habe schon lange nicht mehr so gelacht.$k$pWenn Ihr wollt... könnt Ihr unsere Burg
besuchen, sobald die Kämpfe vorüber sind.$k$pIch würde Euch gerne meinem
älteren Bruder vorstellen.$k$pWann immer Ihr wollt. Ich weiß, dass Ihr
noch einen langen Weg vor Euch habt...$k","$t1$Wm予約11|3$w0|$Ws予約11|$WaOh, grazie, $Nu.$k$pHai un tale senso dell'umorismo!
Era un po' che non mi facevo una risata.$k$pSe ti va... una volta finite le tue battaglie...
ti andrebbe di visitare il nostro castello?$k$pMi piacerebbe presentarti
mio fratello maggiore.$k$pQuando te la senti.
So che ora hai molto a cui pensare...$k.","$t1$Wm予約11|3$w0|$Ws予約11|$WaOh, gracias, $Nu.$k$p¡Menudo sentido del humor tenéis!
Hacía tiempo que no me reía tanto.$k$p¿Puedo tutearte? Si quieres, puedes venir
a mi castillo algún día.$k$pMe gustaría presentarte a mi hermano
mayor.$k$pVen cuando quieras. Sé que todavía
os queda mucha lucha por delante.$k","$t1$Wm予約11|3$w0|$Ws予約11|$Wa...Oh, thank you, $Nu.$k$pYou have such a sense of humour!
I haven't laughed like that in a while.$k$pIf it's all right...once your battles are
done...would you come visit our castle?$k$pI'd like to introduce you to
my elder brother as well.$k$pWhenever you feel like it. I know
you still have a long road ahead...$k","$t1$Wm予約11|3$w0|$Ws予約11|$Wa...Ah, teşekkür ederim, $Nu.$k$pÖyle bir mizah anlayışın var
ki! Bir süredir böyle gülmemistim.$k$pEğer sorun olmazsa...savaşlariniz
bittiğinde...kalemizi ziyarete gelir
misiniz?$k$pSeni de agabeyimle
tanıştirmak isterim.$k$pNe zaman canın isterse. Önünüzde
hâlâ uzun bir yol olduğunu biliyorum...$k"
29,MID_E000_ED2_3N,"$t1$Wm予約11|3$w0|$Ws予約11|$WaVous ne lui feriez pas confiance ?! Enfin...
Non, bien sûr que non...$k$pCe n'est pas grave.
J'apprécie votre honnêteté.$k$p$Nu... Vous êtes un stratège.
Vous êtes sage et perspicace...$k$pVous pensez pouvoir m'apprendre à ne pas
me laisser avoir si facilement ?$k$pJe vous promets d'être consciencieuse !$k","$t1$Wm予約11|3$w0|$Ws予約11|$WaDas würdet Ihr nicht?!? Ich meine...
natürlich würdet Ihr das nicht tun...$k$pDas ist schon in Ordnung. Ich schätze
Eure Ehrlichkeit.$k$p...$Nu. Ihr seid $Gein Taktiker,eine Taktikerin|.
Ihr seid gewieft und weise...$k$pDenkt Ihr, dass Ihr mir beibringen könnt,
wie ich weniger naiv handeln kann?$k$pIch verspreche, eine aufmerksame
Schülerin zu sein.$k","$t1$Wm予約11|3$w0|$Ws予約11|$WaNon ti fideresti?! Voglio dire...
Certo, capisco...$k$pVa bene. Apprezzo la tua onestà.$k$p$Nu. Sei $Guno,una| stratega.
Sei intelligente, sei $Gsaggio,saggia|...$k$pPensi di potermi insegnare a non
farmi ingannare da chiunque?$k$pTi prometto che sarò un'allieva modello!$k","$t1$Wm予約11|3$w0|$Ws予約11|$Wa¡¿No lo haríais?! Es decir... Claro que no...$k$p$GTranquilo,Tranquila|. Agradezco vuestra sinceridad.$k$p$Nu... ¿Puedo tutearte?
Eres $Gun,una| estratega inteligente y $Gsabio,sabia|...$k$p¿Podrías enseñarme a no ser tan fácil
de engatusar?$k$p¡Prometo ser una alumna aplicada!$k","$t1$Wm予約11|3$w0|$Ws予約11|$WaYou wouldn't?! I mean...
of course you wouldn't...$k$pThat's all right. I appreciate
your honesty.$k$p...$Nu. You're a tactician.
You're clever, and wise...$k$pDo you think you could teach me
how to be less easily deceived?$k$pI promise to be an attentive pupil!$k","$t1$Wm予約11|3$w0|$Ws予約11|$WaYapmaz mısın? Yani...
elbette yapmazsin...$k$pTamam. Dürüstlügünü
takdir ediyorum.$k$p...$Nu. Sen bir
taktisyensin. Zekisin, akıllısın...$k$pBana nasıl daha kolay kandirilabileceğimi
öğretebileceğini mi sanıyorsun?$k$pDikkatli bir öğrenci olacağıma söz
veriyorum!$k"
30,MID_E000_EV_YN,Voulez-vous recruter Eirika ?,Willst du Eirika rekrutieren?,Vuoi reclutare Erika?,¿Quieres reclutar a Eirika?,Recruit Eirika?,Eirika ekibe katılsın mı?
31,MID_E000_BT_配信ウォルト_ヴィオール,"$t0$Wmヴィオール|6$w0|$Wsヴィオール|$Wa$E笑,|$SvpSE_VOICE_VIAUR_EVT_10|Vous osez défier une légende,
roturier ?$k
$Wm配信ウォルト|0$w0|$Ws配信ウォルト|$WaJe défierai n'importe quelle personne
pour protéger cette terre !$k","$t0$Wmヴィオール|6$w0|$Wsヴィオール|$Wa$E笑,|$SvpSE_VOICE_VIAUR_EVT_10|Ihr wagt es, eine Legende
herauszufordern, Bürgerlicher?$k
$Wm配信ウォルト|0$w0|$Ws配信ウォルト|$WaUm dieses Land zu verteidigen, fordere
ich jeden heraus, den ich muss!$k","$t0$Wmヴィオール|6$w0|$Wsヴィオール|$Wa$E笑,|$SvpSE_VOICE_VIAUR_EVT_10|Osi sfidare una leggenda, plebeo?$k
$Wm配信ウォルト|0$w0|$Ws配信ウォルト|$WaSfiderò chiunque, pur di
proteggere questa terra!$k","$t0$Wmヴィオール|6$w0|$Wsヴィオール|$Wa$E笑,|$SvpSE_VOICE_VIAUR_EVT_10|¿Osáis desafiar a una leyenda viva,
plebeyo?$k
$Wm配信ウォルト|0$w0|$Ws配信ウォルト|$Wa¡Desafiaré a quien haga falta para
proteger esta tierra!$k","$t0$Wmヴィオール|6$w0|$Wsヴィオール|$Wa$E笑,|$SvpSE_VOICE_VIAUR_EVT_10|You dare challenge a legend,
commoner?$k
$Wm配信ウォルト|0$w0|$Ws配信ウォルト|$WaI'll challenge anyone I have to
to protect this land!$k","$t0$Wmヴィオール|6$w0|$Wsヴィオール|$Wa$E笑|$SvpSE_VOICE_VIAUR_EVT_10|Bir efsaneye meydan okumaya cesaretin
var mı halktan?$k
$Wm配信ウォルト|0$w0|$Ws配信ウォルト|$WaBu toprakları korumak için
herkese meydan okuyacağım!$k"
32,MID_E000_BT_配信シャニー_ンン,"$t0$Wmンン|6$w0|$Wsンン|$Wa$E怒,|$SvpSE_VOICE_NN_EVT_13|Arrêtez tout, ça vaut mieux pour vous...
Vous ne pouvez rien contre moi !$k
$Wm配信シャニー|0$w0|$Ws配信シャニー|$WaLes lois d'Ilia disent que je dois essayer
et cela me suffit amplement !$k","$t0$Wmンン|6$w0|$Wsンン|$Wa$E怒,|$SvpSE_VOICE_NN_EVT_13|Hör auf zu kämpfen!
Du kannst mich nicht besiegen!$k
$Wm配信シャニー|0$w0|$Ws配信シャニー|$WaDie Gesetze Ilias fordern, dass ich es
versuche. Das ist mir Ansporn genug!$k","$t0$Wmンン|6$w0|$Wsンン|$Wa$E怒,|$SvpSE_VOICE_NN_EVT_13|Deponi le armi! Non hai
speranze contro di me!$k
$Wm配信シャニー|0$w0|$Ws配信シャニー|$WaMa secondo le leggi di Ilia devo tentare
comunque e intendo farlo!$k","$t0$Wmンン|6$w0|$Wsンン|$Wa$E怒,|$SvpSE_VOICE_NN_EVT_13|¡Dejad de luchar! ¡No podéis vencerme!$k
$Wm配信シャニー|0$w0|$Ws配信シャニー|$Wa¡Las leyes de Ilia dicen que debo
intentarlo! ¡Con eso me basta!$k","$t0$Wmンン|6$w0|$Wsンン|$Wa$E怒,|$SvpSE_VOICE_NN_EVT_13|Cease your struggles!
You cannot triumph over me!$k
$Wm配信シャニー|0$w0|$Ws配信シャニー|$WaBut the laws of Ilia say I must try,
and that's more than enough for me!$k","$t0$Wmンン|6$w0|$Wsンン|$Wa$E怒|$SvpSE_VOICE_NN_EVT_13|Mücadelelerinize son
verin! Bana karşı zafer kazanamazsın!$k
$Wm配信シャニー|0$w0|$Ws配信シャニー|$WaAma Ilia'nin yasalari denemem gerektiğini
söylüyor ve bu benim için fazlasıyla
yeterli!$k"
33,MID_E000_BT_配信ルゥ_ギャンレル,"$t0$Wm配信ルゥ|0$w0|$Ws配信ルゥ|$WaCette terre n'est pas à vous !
Je la défendrai de ma vie !$k
$Wmギャンレル|6$w0|$Wsギャンレル|$Wa$E笑,|$SvpSE_VOICE_GANGREL_EVT_20|Oui, du haut de tes six ans !
Va jouer les héros ailleurs, gamin !$k","$t0$Wm配信ルゥ|0$w0|$Ws配信ルゥ|$WaEuch gehört dieses Land nicht! Ich
werde es mit meinem Leben verteidigen!$k
$Wmギャンレル|6$w0|$Wsギャンレル|$Wa$E笑,|$SvpSE_VOICE_GANGREL_EVT_20|Ja, mit all deinen sechs Lebensjahren!
Dummes Balg, spiel woanders Held!$k","$t0$Wm配信ルゥ|0$w0|$Ws配信ルゥ|$WaQuesta terra non ti appartiene!
La difenderò con la vita!$k
$Wmギャンレル|6$w0|$Wsギャンレル|$Wa$E笑,|$SvpSE_VOICE_GANGREL_EVT_20|Sì, dall'alto dei tuoi sei anni! Stupido
bamboccio, credi che stiamo giocando?$k","$t0$Wm配信ルゥ|0$w0|$Ws配信ルゥ|$Wa¡Esta tierra no es vuestra! ¡La defenderé
con mi vida!$k
$Wmギャンレル|6$w0|$Wsギャンレル|$Wa$E笑,|$SvpSE_VOICE_GANGREL_EVT_20|Ya, con una vida de ¿cuánto?
¿Seis años?$k$p¡Vete a jugar a los héroes
a otra parte, mocoso idiota!$k","$t0$Wm配信ルゥ|0$w0|$Ws配信ルゥ|$WaThis land doesn't belong to you!
I'll defend it with my life!$k
$Wmギャンレル|6$w0|$Wsギャンレル|$Wa$E笑,|$SvpSE_VOICE_GANGREL_EVT_20|Yes, all six years of it! Stupid brat.
Play hero somewhere else!$k","$t0$Wm配信ルゥ|0$w0|$Ws配信ルゥ|$WaBu topraklar sana ait değil! Onu
hayatım pahasına savunacağım!$k
$Wmギャンレル|6$w0|$Wsギャンレル|$Wa$E笑|$SvpSE_VOICE_GANGREL_EVT_20|Evet, altı yılin tamamı! Aptal velet.
Başka bir yerde kahramanlik oynayin!$k"
34,MID_E000_BT_配信レイ_ロラン,"$t0$Wmロラン|6$w0|$Wsロラン|$Wa$SvpSE_VOICE_LAURENT_EVT_11|Ah. Un mage noir...
Et talentueux, à ce que je vois.$k$p$E怒,|Hmm... Mère me trouverait sûrement
malavisé de le juger à son apparence...$k
$Wm配信レイ|0$w0|$Ws配信レイ|$WaTu as fini ton monologue ?$k","$t0$Wmロラン|6$w0|$Wsロラン|$Wa$SvpSE_VOICE_LAURENT_EVT_11|Ah, ein Dunkelmagier. Und ein
talentierter obendrein, ich verstehe.$k$p$E怒,|...Halt. Mutter fände es unklug, ihn nur
nach seinem Äußeren zu beurteilen.$k
$Wm配信レイ|0$w0|$Ws配信レイ|$Wa...Habt Ihr Spaß an Eurem Monolog?$k","$t0$Wmロラン|6$w0|$Wsロラン|$Wa$SvpSE_VOICE_LAURENT_EVT_11|Ah. Un mago nero.
E di un certo talento, vedo.$k$p$E怒,|Un momento. Mia madre non riterrebbe
saggio giudicarlo solo dall'aspetto...$k
$Wm配信レイ|0$w0|$Ws配信レイ|$WaHai finito il tuo monologo?$k","$t0$Wmロラン|6$w0|$Wsロラン|$Wa$SvpSE_VOICE_LAURENT_EVT_11|Ah. Un mago oscuro. Y además
uno talentoso.$k$p$E怒,|Un momento... Madre consideraría
una necedad juzgarlo por su apariencia.$k
$Wm配信レイ|0$w0|$Ws配信レイ|$Wa¿Disfrutas de tu monólogo?...$k","$t0$Wmロラン|6$w0|$Wsロラン|$Wa$SvpSE_VOICE_LAURENT_EVT_11|Ah. A dark mage.
And talented, I see.$k$p$E怒,|...Wait. Mother would consider it
unwise to judge him based on looks...$k
$Wm配信レイ|0$w0|$Ws配信レイ|$Wa...Enjoying your monologue?$k","$t0$Wmロラン|6$w0|$Wsロラン|$Wa$SvpSE_VOICE_LAURENT_EVT_11|Ah. Bir kara büyücü.
Ve yetenekli, görüyorum.$k$p$E怒|...Bekle. Annem onu görünüşüne göre
yargilamanin akıllıca olmadığını
düşünürdü...$k
$Wm配信レイ|0$w0|$Ws配信レイ|$Wa...Monologunuzdan memnun musunuz?$k"
35,MID_E000_BT_配信ソフィーヤ_カラム,"$t0$Wm配信ソフィーヤ|0$w0|$Ws配信ソフィーヤ|$WaPartez d'ici... ou cela ne me laissera...
pas le choix...$k
$Wmカラム|6$w0|$Wsカラム|$Wa$E笑,|$SvpSE_VOICE_KARM_EVT_18|Nom d'une dracopierre !
Vous pouvez me voir ?!$k
$Ws配信ソフィーヤ|$Wa$pVous... Vous m'entendez ?!$k","$t0$Wm配信ソフィーヤ|0$w0|$Ws配信ソフィーヤ|$WaVerlasst diesen Ort... oder Ihr werdet
mir keine andere Wahl lassen...$k
$Wmカラム|6$w0|$Wsカラム|$Wa$E笑,|$SvpSE_VOICE_KARM_EVT_18|Heiliger Drachenstein!
Du kannst mich sehen?$k
$Ws配信ソフィーヤ|$Wa$p...I-Ihr könnt mich hören?$k","$t0$Wm配信ソフィーヤ|0$w0|$Ws配信ソフィーヤ|$WaLascia questo posto...
o non avrò scelta...$k
$Wmカラム|6$w0|$Wsカラム|$Wa$E笑,|$SvpSE_VOICE_KARM_EVT_18|Per tutti i draghi!
Puoi vedermi?$k
$Ws配信ソフィーヤ|$Wa$pPuoi addirittura sentirmi?!$k","$t0$Wm配信ソフィーヤ|0$w0|$Ws配信ソフィーヤ|$WaMárchate de aquí... Si no...
no me dejarás elección...$k
$Wmカラム|6$w0|$Wsカラム|$Wa$E笑,|$SvpSE_VOICE_KARM_EVT_18|¡Por mi armadura!
¡Esta chica puede verme!$k
$Ws配信ソフィーヤ|$Wa$p(...)
¿Me estás escuchando?...$k","$t0$Wm配信ソフィーヤ|0$w0|$Ws配信ソフィーヤ|$WaLeave this place...or I will have...
no choice...$k
$Wmカラム|6$w0|$Wsカラム|$Wa$E笑,|$SvpSE_VOICE_KARM_EVT_18|Holy dragonstone!
You can SEE me?$k
$Ws配信ソフィーヤ|$Wa$p...Y-you can HEAR me?!$k","$t0$Wm配信ソフィーヤ|0$w0|$Ws配信ソフィーヤ|$WaBurayı terk et...yoksa...başka seçeneğim
kalmayacak...$k
$Wmカラム|6$w0|$Wsカラム|$Wa$E笑|$SvpSE_VOICE_KARM_EVT_18|Kutsal ejderha taşı!
Beni görebilir misin?$k
$Ws配信ソフィーヤ|$Wa$p...beni duyabiliyor musun?$k"
36,MID_E000_BT_配信セシリア_フラヴィア,"$t0$Wmフラヴィア|6$w0|$Wsフラヴィア|$Wa$E笑,|$SvpSE_VOICE_FLAVIA_EVT_4|Eh bien, vous avez l'air très douée,
jeune mage...$k$pPourquoi ne pas rejoindre le camp des
vainqueurs ?$k
$Wm配信セシリア|0$w0|$Ws配信セシリア|$WaC'est déjà fait !$k$pJ'ai juré allégeance au royaume
d'Etruria !$k","$t0$Wmフラヴィア|6$w0|$Wsフラヴィア|$Wa$E笑,|$SvpSE_VOICE_FLAVIA_EVT_4|Tja, deinem Aussehen nach zu urteilen,
bist du eine starke kleine Magierin.$k$pWieso schließt du dich nicht der
Gewinnerseite an?$k
$Wm配信セシリア|0$w0|$Ws配信セシリア|$WaDas habe ich bereits!$k$pMeine Loyalität gilt dem
Königreich Etruria!$k","$t0$Wmフラヴィア|6$w0|$Wsフラヴィア|$Wa$E笑,|$SvpSE_VOICE_FLAVIA_EVT_4|Mi sembri una maghetta bella
tosta, così a prima vista.$k$pPerché non ti unisci ai vincitori?$k
$Wm配信セシリア|0$w0|$Ws配信セシリア|$WaL'ho già fatto!
E sarò sempre fedele al regno d'Etruria!$k","$t0$Wmフラヴィア|6$w0|$Wsフラヴィア|$Wa$E笑,|$SvpSE_VOICE_FLAVIA_EVT_4|Vaya, pareces una maga
de armas tomar.$k$p¿Por qué no te unes
al bando vencedor?$k
$Wm配信セシリア|0$w0|$Ws配信セシリア|$Wa¡Ya estoy en el bando vencedor!$k$p¡Mi lealtad siempre le pertenecerá
al Reino de Etruria!$k","$t0$Wmフラヴィア|6$w0|$Wsフラヴィア|$Wa$E笑,|$SvpSE_VOICE_FLAVIA_EVT_4|Well, you're a tough little mage,
by the look of it.$k$pWhy not join the winning side?$k
$Wm配信セシリア|0$w0|$Ws配信セシリア|$WaI have!$k$pMy allegiance is sworn to
the Kingdom of Etruria!$k","$t0$Wmフラヴィア|6$w0|$Wsフラヴィア|$Wa$E笑|$SvpSE_VOICE_FLAVIA_EVT_4|Görünüşe göre sen zorlu bir
küçük büyücüsün.$k$pNeden kazanan tarafa katilmiyorsunuz?$k
$Wm配信セシリア|0$w0|$Ws配信セシリア|$WaBen var!$k$pBagliligim Etruria
Krallığı'na yemin ederim!$k"
37,MID_E000_BT_配信パーシバル_シンシア,"$t0$Wmシンシア|6$w0|$Wsシンシア|$Wa$E怒,|$SvpSE_VOICE_CYNTHIA_DUAL_SUPPORT_4|Ah ! Chevalier ! Vous semblez être
des plus chevaleresques...$k$pAffrontez-moi dans un combat au
sommet entre deux héros ! En garde !$k
$Wm配信パーシバル|0$w0|$Ws配信パーシバル|$WaComment refuser, Mademoiselle ?
Alors, en ga... Hein ?!$k
$Wsシンシア|$Wa$p$E笑,照|$SvpSE_VOICE_CYNTHIA_EVT_17|Et voilààà ! Pose d'héroïne !$k
$Ws配信パーシバル|$Wa$pEt... Et notre duel ?!$k","$t0$Wmシンシア|6$w0|$Wsシンシア|$Wa$E怒,|$SvpSE_VOICE_CYNTHIA_EVT_4|Aha! Herr Ritter! Ihr seht galanter
als die meisten anderen aus.$k$pIch habe Euch für ein heldenhaftes Duell
ausgewählt! Zieht Eure Klinge!$k
$Wm配信パーシバル|0$w0|$Ws配信パーシバル|$WaWer bin ich, Euch diesen Wunsch zu
verwehren, meine Dame?$k$pZieht Eure Wa-- Äh, was?$k
$Wsシンシア|$Wa$p$E笑,照|$SvpSE_VOICE_CYNTHIA_EVT_17|Tadaaa! Heldenpose!$k
$Ws配信パーシバル|$Wa$p...Was ist denn aus unserem
Duell geworden?$k","$t0$Wmシンシア|6$w0|$Wsシンシア|$Wa$E怒,|$SvpSE_VOICE_CYNTHIA_DUAL_SUPPORT_4|Aha! Un cavaliere!
Sembri più valoroso di molti altri.$k$pHo deciso di affrontarti in un duello
tra eroi! Sfodera la tua arma!$k
$Wm配信パーシバル|0$w0|$Ws配信パーシバル|$WaCome potrei rifiutare una simile sfida?
In gua- Eh?$k
$Wsシンシア|$Wa$p$E笑,照|$SvpSE_VOICE_CYNTHIA_EVT_17|Ta-dah! Ecco la mia posa eroica!$k
$Ws配信パーシバル|$Wa$pNon dovevamo fare un duello?$k","$t0$Wmシンシア|6$w0|$Wsシンシア|$Wa$E怒,|$SvpSE_VOICE_CYNTHIA_DUAL_SUPPORT_4|¡Ajá! ¡Señor! Parecéis ser alguien
la mar de caballeroso.$k$p¡Os elijo para que nos batamos en
duelo como héroes! ¡Desenvainad!$k
$Wm配信パーシバル|0$w0|$Ws配信パーシバル|$Wa¿Quién soy yo para negar tal petición,
señora? ¡En guadi...! ¿Ah?$k
$Wsシンシア|$Wa$p$E笑,照|$SvpSE_VOICE_CYNTHIA_EVT_17|¡Tachán! ¡Pose heroica!$k
$Ws配信パーシバル|$Wa$p¿No íbamos a batirnos en duelo?$k","$t0$Wmシンシア|6$w0|$Wsシンシア|$Wa$E怒,|$SvpSE_VOICE_CYNTHIA_DUAL_SUPPORT_4|Aha! Sir knight! You look more
chivalrous than most.$k$pI choose you to face me in a clash
of two heroes! Draw your blade!$k
$Wm配信パーシバル|0$w0|$Ws配信パーシバル|$WaThen who am I to refuse, miss?
Have at yo― Huh?$k
$Wsシンシア|$Wa$p$E笑,照|$SvpSE_VOICE_CYNTHIA_EVT_17|Ta-da! Hero pose!$k
$Ws配信パーシバル|$Wa$p...What happened to our clash?$k","$t0$Wmシンシア|6$w0|$Wsシンシア|$Wa$E怒|$SvpSE_VOICE_CYNTHIA_DUAL_SUPPORT_4|Aha! Efendim şövalye! Çoğundan
daha cesur görünüyorsun.$k$pIki kahramanın çatismasinda benimle
yüzlesmeni seçiyorum! Kılıcını çek!$k
$Wm配信パーシバル|0$w0|$Ws配信パーシバル|$WaO halde ben kimim ki reddedeceğim,
bayan? Sende var mı?$k
$Wsシンシア|$Wa$p$E笑,照|$SvpSE_VOICE_CYNTHIA_EVT_17|Ta-da! Kahraman pozu!$k
$Ws配信パーシバル|$Wa$p...Çatismamiza ne oldu?$k"
38,MID_E000_BT_配信リリーナ_プレイヤー女_PCF1,"$t0$Wmusername|6$w0|$Wsusername|$Wa$E苦,汗|$SvpSE_VOICE_PLAYER_F#_EVT_32|(Hmm... Elle a l'air forte...)$k$pAcceptez-vous de nous laisser passer ?
Je ne voudrais pas en venir aux mains.$k
$Wm配信リリーナ|0$w0|$Ws配信リリーナ|$WaAlors partez ! Vous n'êtes pas chez
vous, ici, vous vous souvenez ?$k
$Wsusername|$Wa$p$E怒,汗|$SvpSE_VOICE_PLAYER_F#_EVT_10|Si seulement la route vers notre monde
ne passait pas par là...$k","$t0$Wmusername|6$w0|$Wsusername|$Wa$E苦,汗|$SvpSE_VOICE_PLAYER_F#_EVT_32|Hmm... Sie sieht stark aus...$k$pWirst du uns nicht passieren lassen? Ich
möchte keinen Streit mit dir anfangen.$k
$Wm配信リリーナ|0$w0|$Ws配信リリーナ|$WaDann geht! Ihr seid die
Fremden hier, klar?$k
$Wsusername|$Wa$p$E怒,汗|$SvpSE_VOICE_PLAYER_F#_EVT_10|Wenn uns unser Heimweg nur nicht an
dir vorbeiführen würde...$k","$t0$Wmusername|6$w0|$Wsusername|$Wa$E苦,汗|$SvpSE_VOICE_PLAYER_F#_EVT_32|Mmmh... Sembra pericolosa...$k$pCi lasceresti passare?
Non intendo ricorrere alla violenza.$k
$Wm配信リリーナ|0$w0|$Ws配信リリーナ|$WaAllora andatevene! Siete voi
gli stranieri qui, dico bene?$k
$Wsusername|$Wa$p$E怒,汗|$SvpSE_VOICE_PLAYER_F#_EVT_10|Se solo non dovessimo passare
per di qua per tornare a casa...$k","$t0$Wmusername|6$w0|$Wsusername|$Wa$E苦,汗|$SvpSE_VOICE_PLAYER_F#_EVT_32|Mmm... Parece muy fuerte...$k$p¿No nos vais a dejar pasar? Desearía
no tener que recurrir a la fuerza.$k
$Wm配信リリーナ|0$w0|$Ws配信リリーナ|$Wa¡Si es así, marchaos! Los invasores
aquí sois vosotros, ¿recuerdas?$k
$Wsusername|$Wa$p$E怒,汗|$SvpSE_VOICE_PLAYER_F#_EVT_10|Me temo que nuestro camino de vuelta
pasa por aquí...$k","$t0$Wmusername|6$w0|$Wsusername|$Wa$E苦,汗|$SvpSE_VOICE_PLAYER_F#_EVT_32|Hmm... She looks strong...$k$pWill you not let us pass?
I do not wish to come to blows.$k
$Wm配信リリーナ|0$w0|$Ws配信リリーナ|$WaThen leave! You're the outsiders
here, remember?$k
$Wsusername|$Wa$p$E怒,汗|$SvpSE_VOICE_PLAYER_F#_EVT_10|If only our way home wasn't
through you...$k","$t0$Wmusername|6$w0|$Wsusername|$Wa$E苦,汗|$SvpSE_VOICE_PLAYER_F#_EVT_32|Hımm... Güçlü görünüyor...$k$pGeçmemize izin vermeyecek misin?
Çatışmak istemiyorum.$k
$Wm配信リリーナ|0$w0|$Ws配信リリーナ|$WaO zaman git! Sizler buradaki
yabancilarsiniz, unuttunuz mu?$k
$Wsusername|$Wa$p$E怒,汗|$SvpSE_VOICE_PLAYER_F#_EVT_10|Keşke eve dönüş yolumuz
senden geçmeseydi...$k"
39,MID_E000_BT_配信リリーナ_プレイヤー女_PCF2,,,,,"$t0$Wmusername|6$w0|$Wsusername|$Wa$E苦,汗|$SvpSE_VOICE_PLAYER_F#_EVT_32|うぅ…少し強そうな相手ですね…$k$pあの、できれば私たちの
邪魔をしないでほしいのですが…$k
$Wm配信リリーナ|0$w0|$Ws配信リリーナ|$Waそれはこちらのセリフだわ。$k$p勝手にやってきたのは
あなたがたじゃない！$k
$Wsusername|$Wa$p$E怒,汗|$SvpSE_VOICE_PLAYER_F#_EVT_10|そうなんですけど…こちらも引けませんし
戦うしかなさそうですね。いきます！$k","$t0$Wmusername|6$w0|$Wsusername|$Wa$E苦,汗|$SvpSE_VOICE_PLAYER_F#_EVT_32|Hmm... Biraz güçlü görünüyorlar...$k$pŞey... Mümkünse yolumuzdan çekilir
misiniz?$k
$Wm配信リリーナ|0$w0|$Ws配信リリーナ|$WaAsıl ben bunu söylemeliyim.$k$pBuraya izinsiz gelen sizsiniz!$k
$Wsusername|$Wa$p$E怒,汗|$SvpSE_VOICE_PLAYER_F#_EVT_10|Doğru ama biz de çekilemeyiz.
Savaşmaktan başka çare yok. Geliyorum!$k"
40,MID_E000_BT_配信リリーナ_プレイヤー女_PCF3,,,,,"$t0$Wmusername|6$w0|$Wsusername|$Wa$E怒,|……！！！$k
$Wm配信リリーナ|0$w0|$Ws配信リリーナ|$Wa私たちの邪魔をしてほしくないですって？
それはこちらのセリフだわ。$k$p勝手にやってきたのは
あなたがたじゃない！$k$pおたがい引けないみたいだから
戦うしかないみたいね！$k","$t0$Wmusername|6$w0|$Wsusername|$Wa$E怒|...!!!$k
$Wm配信リリーナ|0$w0|$Ws配信リリーナ|$Wa'Yolumuzdan çekilin' mi? Asıl siz
bizim yolumuzdan çekilin.$k$pBuraya izinsiz gelen sizsiniz!$k$pİkimiz de geri adım atmayacağız. O
hâlde savaşacağız!$k"
41,MID_E000_BT_配信ゼフィール_レンハ,"$t0$Wm配信ゼフィール|0$w0|$Ws配信ゼフィール|$WaÊtes-vous fou ? Me défier équivaut à
un suicide.$k
$Wmレンハ|6$w0|$Wsレンハ|$Wa$SvpSE_VOICE_LENHA_EVT_11|Hélas... Je n'ai pas peur de la mort.$k$p$E怒,|Je mériterai ma seconde chance au
combat. En étant vainqueur !$k","$t0$Wm配信ゼフィール|0$w0|$Ws配信ゼフィール|$WaSeid Ihr des Wahnsinns? Mich
herauszufordern kommt Suizid gleich.$k
$Wmレンハ|6$w0|$Wsレンハ|$Wa$SvpSE_VOICE_LENHA_EVT_11|...Nur ist der Tod etwas, das
ich nicht fürchte.$k$p$E怒,|Meine zweite Chance verdiene ich mir,
indem ich Euch besiege!$k","$t0$Wm配信ゼフィール|0$w0|$Ws配信ゼフィール|$WaSei pazzo? Sfidarmi
equivale a un suicidio.$k
$Wmレンハ|6$w0|$Wsレンハ|$Wa$SvpSE_VOICE_LENHA_EVT_11|Ciononostante, la morte è
qualcosa che non temo.$k$p$E怒,|Darò valore a questa seconda
possibilità combattendo. E vincendo!$k","$t0$Wm配信ゼフィール|0$w0|$Ws配信ゼフィール|$Wa¿Acaso sois un demente? Desafiarme
es lo mismo que suicidarse.$k
$Wmレンハ|6$w0|$Wsレンハ|$Wa$SvpSE_VOICE_LENHA_EVT_11|Mas yo no temo a la muerte...$k$p$E怒,|Me ganaré mi segunda oportunidad
a través del combate. ¡Os derrotaré!$k","$t0$Wm配信ゼフィール|0$w0|$Ws配信ゼフィール|$WaAre you mad? Challenging me
is tantamount to suicide.$k
$Wmレンハ|6$w0|$Wsレンハ|$Wa$SvpSE_VOICE_LENHA_EVT_11|...Alas, death is one thing I do not fear.$k$p$E怒,|I will earn this second chance of mine
through battle. By defeating you!$k","$t0$Wm配信ゼフィール|0$w0|$Ws配信ゼフィール|$WaDeli misin? Bana meydan
okumak intiharla eşdeğerdir.$k
$Wmレンハ|6$w0|$Wsレンハ|$Wa$SvpSE_VOICE_LENHA_EVT_11|...Ne yazık ki ölüm korkmadigim bir şey.$k$p$E怒|Bu ikinci şansımı savaşarak
kazanacağım. Seni yenerek!$k"
42,MID_E000_BT_配信ロイ_プレイヤー男_PCM1,"$t0$Wm配信ロイ|0$w0|$Ws配信ロイ|$WaCette terre est à nous ! Retournez d'où
vous venez, oppresseur !$k
$Wmusername|6$w0|$Wsusername|$Wa$E怒,|$SvpSE_VOICE_PLAYER_M#_EVT_43|Pas avant que la paix ne soit rétablie.$k$pPeu m'importe votre force apparente,
je remporterai la victoire !$k","$t0$Wm配信ロイ|0$w0|$Ws配信ロイ|$WaDieses Land gehört uns! Kehrt in Eure
eigene Welt zurück, Eindringling!$k
$Wmusername|6$w0|$Wsusername|$Wa$E怒,|$SvpSE_VOICE_PLAYER_M#_EVT_43|Nicht, solange der Frieden nicht wieder
hergestellt ist.$k$pEgal, wie stark du aussiehst.
Ich muss obsiegen.$k","$t0$Wm配信ロイ|0$w0|$Ws配信ロイ|$WaQuesta terra è nostra!
Torna al tuo mondo, invasore!$k
$Wmusername|6$w0|$Wsusername|$Wa$E怒,|$SvpSE_VOICE_PLAYER_M#_EVT_43|Non prima di aver riportato la pace.$k$pNon mi importa quanto forte tu sia.
Ti batterò!$k","$t0$Wm配信ロイ|0$w0|$Ws配信ロイ|$Wa¡Esta tierra es nuestra! ¡Vuelve
a tu mundo, invasor!$k
$Wmusername|6$w0|$Wsusername|$Wa$E怒,|$SvpSE_VOICE_PLAYER_M#_EVT_43|No hasta que hayamos restaurado
la paz.$k$p¡No me importa lo fuerte que seas!
¡Debo vencer!$k","$t0$Wm配信ロイ|0$w0|$Ws配信ロイ|$WaThis land is ours! Return to your
own world, invader!$k
$Wmusername|6$w0|$Wsusername|$Wa$E怒,|$SvpSE_VOICE_PLAYER_M#_EVT_43|Not until peace is restored.$k$pI don't care how strong you look.
I must prevail!$k","$t0$Wm配信ロイ|0$w0|$Ws配信ロイ|$WaBu topraklar bizim! Kendi
dünyana dön, istilaci!$k
$Wmusername|6$w0|$Wsusername|$Wa$E怒|$SvpSE_VOICE_PLAYER_M#_EVT_43|Barış sağlanana kadar olmaz.$k$pNe kadar güçlü göründüğün umurumda değil.
Galip gelmeliyim!$k"
43,MID_E000_BT_配信ロイ_プレイヤー男_PCM2,,,,,"$t0$Wm配信ロイ|0$w0|$Ws配信ロイ|$Waここはぼくたちの地だ！
自分たちの世界に帰るんだ！$k
$Wmusername|6$w0|$Wsusername|$Wa$E怒,|$SvpSE_VOICE_PLAYER_M#_EVT_43|この地に平穏を取り戻すため、
そうはいかないな。$k$p君は、強そうだけど
倒させてもらうよ！$k","$t0$Wm配信ロイ|0$w0|$Ws配信ロイ|$WaBu topraklar bizim! Kendi
dünyana dön, istilaci!$k
$Wmusername|6$w0|$Wsusername|$Wa$E怒|$SvpSE_VOICE_PLAYER_M#_EVT_43|Barış sağlanana kadar olmaz.$k$pNe kadar
güçlü göründüğün umurumda değil.
Galip gelmeliyim!$k"
44,MID_E000_BT_配信ロイ_プレイヤー男_PCM3,,,,,"$t0$Wm配信ロイ|0$w0|$Ws配信ロイ|$Waここはぼくたちの地だ！
自分たちの世界に帰るんだ！$k
$Wmusername|6$w0|$Wsusername|$Wa$E怒,|………！！！$k","$t0$Wm配信ロイ|0$w0|$Ws配信ロイ|$WaBu topraklar bizim! Kendi dünyana dön,
istilaci!$k
$Wmusername|6$w0|$Wsusername|$Wa$E怒|......!!!$k"
45,MID_E000_BT_配信フロリーナ_オリヴィエ,"$t0$Wmオリヴィエ|6$w0|$Wsオリヴィエ|$Wa$E苦,汗|$SvpSE_VOICE_OLIVIE_EVT_2|Êtes-vous sûre de vouloir vous battre
contre moi ? Vous méritez mieux.$k
$Wm配信フロリーナ|0$w0|$Ws配信フロリーナ|$WaPas vraiment. Je suis vraiment une
piètre adversaire.$k$pMais je ferai de mon mieux.$k
$Wsオリヴィエ|$Wa$p$E苦,照汗|$SvpSE_VOICE_OLIVIE_EVT_7|Non... JE ferai de mon mieux !$k","$t0$Wmオリヴィエ|6$w0|$Wsオリヴィエ|$Wa$E苦,汗|$SvpSE_VOICE_OLIVIE_EVT_2|Sicher, dass Ihr mit mir kämpfen wollt?
Ihr habt Besseres verdient.$k
$Wm配信フロリーナ|0$w0|$Ws配信フロリーナ|$WaGanz und gar nicht. Ich bin hier die
unwürdige Gegnerin.$k$pDoch ich werde mein Bestes geben.$k
$Wsオリヴィエ|$Wa$p$E苦,照汗|$SvpSE_VOICE_OLIVIE_EVT_7|...Nein. ICH werde mein Bestes geben!$k","$t0$Wmオリヴィエ|6$w0|$Wsオリヴィエ|$Wa$E苦,汗|$SvpSE_VOICE_OLIVIE_EVT_2|Siete sicura di volervi battere con me?
Potreste puntare molto più in alto.$k
$Wm配信フロリーナ|0$w0|$Ws配信フロリーナ|$WaNo, sono io a non essere
una degna avversaria.$k$pMa farò del mio meglio.$k
$Wsオリヴィエ|$Wa$p$E苦,照汗|$SvpSE_VOICE_OLIVIE_EVT_7|No. Sarò io a fare del mio meglio!$k","$t0$Wmオリヴィエ|6$w0|$Wsオリヴィエ|$Wa$E苦,汗|$SvpSE_VOICE_OLIVIE_EVT_2|¿Estás segura de querer luchar contra
mí? Podrías enfrentarte a alguien mejor.$k
$Wm配信フロリーナ|0$w0|$Ws配信フロリーナ|$WaPara nada. Soy yo la que no da la talla
como oponente.$k$pPero me esforzaré al máximo.$k
$Wsオリヴィエ|$Wa$p$E苦,照汗|$SvpSE_VOICE_OLIVIE_EVT_7|No... ¡Seré YO quien se esmere todo
lo posible!$k","$t0$Wmオリヴィエ|6$w0|$Wsオリヴィエ|$Wa$E苦,汗|$SvpSE_VOICE_OLIVIE_EVT_2|Are you sure you want to fight me?
You could do so much better.$k
$Wm配信フロリーナ|0$w0|$Ws配信フロリーナ|$WaNot at all. I'm the unworthy
opponent.$k$pBut I'll do the best I can.$k
$Wsオリヴィエ|$Wa$p$E苦,照汗|$SvpSE_VOICE_OLIVIE_EVT_7|...No. I'LL do the best I can!$k","$t0$Wmオリヴィエ|6$w0|$Wsオリヴィエ|$Wa$E苦,汗|$SvpSE_VOICE_OLIVIE_EVT_2|Benimle dövüşmek istediğinden emin
misin? Çok daha iyisini yapabilirsin.$k
$Wm配信フロリーナ|0$w0|$Ws配信フロリーナ|$WaHiç de bile. Ben değersiz
rakibim.$k$pAma elimden gelenin en iyisini yapacağım.$k
$Wsオリヴィエ|$Wa$p$E苦,照汗|$SvpSE_VOICE_OLIVIE_EVT_7|...HAYIR. Elimden gelenin en iyisini
yapacağım!$k"
46,MID_E000_BT_配信ニノ_ティアモ,"$t0$Wm配信ニノ|0$w0|$Ws配信ニノ|$WaJe dois remporter la victoire et ainsi
prouver ma valeur à ma mère !$k
$Wmティアモ|6$w0|$Wsティアモ|$Wa$E怒,|$SvpSE_VOICE_TIAMO_EVT_17|Je vais prier pour que le destin te soit
clément... parce que je ne le serai pas.$k","$t0$Wm配信ニノ|0$w0|$Ws配信ニノ|$WaIch muss gewinnen, um Mutter
stolz zu machen!$k
$Wmティアモ|6$w0|$Wsティアモ|$Wa$E怒,|$SvpSE_VOICE_TIAMO_EVT_17|Dann bete, dass dir das Glück gnädig
sein möge, denn ich werde es nicht sein.$k","$t0$Wm配信ニノ|0$w0|$Ws配信ニノ|$WaDevo vincere per provare il
mio valore a mia madre!$k
$Wmティアモ|6$w0|$Wsティアモ|$Wa$E怒,|$SvpSE_VOICE_TIAMO_EVT_17|Allora prego che il destino abbia pietà
di te, perché io non posso averne.$k","$t0$Wm配信ニノ|0$w0|$Ws配信ニノ|$Wa¡Tengo que vencer y demostrarle mi
valía a mi madre!$k
$Wmティアモ|6$w0|$Wsティアモ|$Wa$E怒,|$SvpSE_VOICE_TIAMO_EVT_17|Entonces espero que el destino te trate
bien... porque yo no puedo hacerlo.$k","$t0$Wm配信ニノ|0$w0|$Ws配信ニノ|$WaI have to win and prove
my worth to Mother!$k
$Wmティアモ|6$w0|$Wsティアモ|$Wa$E怒,|$SvpSE_VOICE_TIAMO_EVT_17|Then I pray fate treats you kindly―
because I cannot.$k","$t0$Wm配信ニノ|0$w0|$Ws配信ニノ|$WaKazanmali ve değerimi
anneme kanıtlamalıyım!$k
$Wmティアモ|6$w0|$Wsティアモ|$Wa$E怒|$SvpSE_VOICE_TIAMO_EVT_17|O halde kaderin sana nazik davranması için
dua ediyorum çünkü ben yapamıyorum.$k"
47,MID_E000_BT_配信セーラ_アンナ,"$t0$Wmアンナ|6$w0|$Wsアンナ|$Wa$E笑,|$SvpSE_VOICE_ANNA_EVT_10|Alors... je connais un bon moyen pour
devenir riche très rapidement...$k$pPourquoi ne pas déposer les armes et
écouter mes conseils ?$k
$Wm配信セーラ|0$w0|$Ws配信セーラ|$WaToutes vos petites combines ne
m'intéressent pas. Battez-vous !$k","$t0$Wmアンナ|6$w0|$Wsアンナ|$Wa$E笑,|$SvpSE_VOICE_ANNA_EVT_10|Also, ich kenne da einen großartigen
Trick, wie man schnell reich wird.$k$pWieso streckst du nicht die Waffen und
holst dir ein paar Ratschläge von mir?$k
$Wm配信セーラ|0$w0|$Ws配信セーラ|$WaWas kümmern mich Eure Vorhaben?
Kämpft einfach mit mir.$k","$t0$Wmアンナ|6$w0|$Wsアンナ|$Wa$E笑,|$SvpSE_VOICE_ANNA_EVT_10|Sai, conosco un modo per
arricchirsi molto in fretta.$k$pTi andrebbe di deporre le armi
e ascoltare qualche consiglio?$k
$Wm配信セーラ|0$w0|$Ws配信セーラ|$WaPerché dovrebbe importarmi qualcosa
delle tue macchinazioni? In guardia!$k","$t0$Wmアンナ|6$w0|$Wsアンナ|$Wa$E笑,|$SvpSE_VOICE_ANNA_EVT_10|Conozco una manera de enriquecerse
enseguida.$k$p¿Por qué no dejas las armas para que
pueda darte un par de consejillos?$k
$Wm配信セーラ|0$w0|$Ws配信セーラ|$Wa¡No me interesan tus tejemanejes!
¡A pelear!$k","$t0$Wmアンナ|6$w0|$Wsアンナ|$Wa$E笑,|$SvpSE_VOICE_ANNA_EVT_10|So, I know this great way to get
rich quick.$k$pWhy not lay down arms and pick
up some tips?$k
$Wm配信セーラ|0$w0|$Ws配信セーラ|$WaWhy would I care about
your schemes? Just fight!$k","$t0$Wmアンナ|6$w0|$Wsアンナ|$Wa$E笑|$SvpSE_VOICE_ANNA_EVT_10|Bak, çabuk zengin olmanın harika
bir yolunu biliyorum.$k$pNeden silahlarinizi bırakıp birkaç
tüyo almıyorsunuz?$k
$Wm配信セーラ|0$w0|$Ws配信セーラ|$WaSenin planların neden
umurumda olsun ki? Sadece savaşın!$k"
48,MID_E000_BT_配信マシュー_ヴェイク,"$t0$Wm配信マシュー|0$w0|$Ws配信マシュー|$WaUne tâche est une tâche.
Cela n'a rien de personnel.$k
$Wmヴェイク|6$w0|$Wsヴェイク|$Wa$Eキメ,|$SvpSE_VOICE_WYCK_EVT_20|Oh, alors comme ça tu cherches une
tache... ?$k$pEh bien bravo, tu es tombé sur un
champion ! Attends, euh...$k","$t0$Wm配信マシュー|0$w0|$Ws配信マシュー|$WaIhr seid nur ein weiterer Auftrag.
Nehmt es nicht persönlich.$k
$Wmヴェイク|6$w0|$Wsヴェイク|$Wa$Eキメ,|$SvpSE_VOICE_WYCK_EVT_20|Der Vaike nimmt nichts persönlich!$k$pUnd jetzt komm und zeig, was du
draufhast, Kleiner!$k","$t0$Wm配信マシュー|0$w0|$Ws配信マシュー|$WaSono qui per la vittoria.
Niente di personale.$k
$Wmヴェイク|6$w0|$Wsヴェイク|$Wa$Eキメ,|$SvpSE_VOICE_WYCK_EVT_20|Ah, cercavi una certa Vittoria?$k$pPeccato, hai trovato un Vaike!$k","$t0$Wm配信マシュー|0$w0|$Ws配信マシュー|$WaUn objetivo es un objetivo.
No es nada personal.$k
$Wmヴェイク|6$w0|$Wsヴェイク|$Wa$Eキメ,|$SvpSE_VOICE_WYCK_EVT_20|Ah, así que estás buscando un objetivo,
¿eh?$k$p¡Pues me temo que lo que has
encontrado es un Maestro!$k","$t0$Wm配信マシュー|0$w0|$Ws配信マシュー|$WaA mark's a mark.
Nothing personal.$k
$Wmヴェイク|6$w0|$Wsヴェイク|$Wa$Eキメ,|$SvpSE_VOICE_WYCK_EVT_20|Oh, so you're looking for
a Mark, then?$k$pToo bad you found a Vaike!$k","$t0$Wm配信マシュー|0$w0|$Ws配信マシュー|$WaHedef hedeftir.
Kişisel bir şey değil.$k
$Wmヴェイク|6$w0|$Wsヴェイク|$Wa$Eキメ|$SvpSE_VOICE_WYCK_EVT_20|Demek hedef arıyorsun, ha?$k$pNe yazık ki karşında Vaike var!$k"
49,MID_E000_BT_配信カレル_バジーリオ,"$t0$Wm配信カレル|0$w0|$Ws配信カレル|$WaJe vois que vous avez du talent.
Vous avez peut-être même une chance.$k
$Wmバジーリオ|6$w0|$Wsバジーリオ|$Wa$E苦,汗|$SvpSE_VOICE_BASILIO_EVT_9|Mais plus personne ne se contente
d'attaquer sans papoter, de nos jours ?$k
$Ws配信カレル|$Wa$pComme vous voudrez.$k","$t0$Wm配信カレル|0$w0|$Ws配信カレル|$WaIch sehe, Ihr habt Talent. Ihr könntet
sogar eine geringe Chance haben.$k
$Wmバジーリオ|6$w0|$Wsバジーリオ|$Wa$E苦,汗|$SvpSE_VOICE_BASILIO_EVT_9|Kann heutzutage niemand mehr die
Klappe halten und einfach zuschlagen?$k
$Ws配信カレル|$Wa$pWie Ihr wünscht.$k","$t0$Wm配信カレル|0$w0|$Ws配信カレル|$WaVedo che hai talento.
Potresti avere una possibilità.$k
$Wmバジーリオ|6$w0|$Wsバジーリオ|$Wa$E苦,汗|$SvpSE_VOICE_BASILIO_EVT_9|Non si usa più tenere la bocca chiusa
per darsele di santa ragione?$k
$Ws配信カレル|$Wa$pCome vuoi.$k","$t0$Wm配信カレル|0$w0|$Ws配信カレル|$WaVeo que posees talento. Puede que
tengas posibilidades de sobrevivir.$k
$Wmバジーリオ|6$w0|$Wsバジーリオ|$Wa$E苦,汗|$SvpSE_VOICE_BASILIO_EVT_9|¿Es que la gente ya nunca combate
sin ponerse a cotorrear antes?$k
$Ws配信カレル|$Wa$pComo quieras.$k","$t0$Wm配信カレル|0$w0|$Ws配信カレル|$WaI see you've got talent.
You might just stand a chance.$k
$Wmバジーリオ|6$w0|$Wsバジーリオ|$Wa$E苦,汗|$SvpSE_VOICE_BASILIO_EVT_9|Doesn't anyone just shut up and
hit each other any more?$k
$Ws配信カレル|$Wa$pHave it your way.$k","$t0$Wm配信カレル|0$w0|$Ws配信カレル|$WaYeteneğin olduğunu
görüyorum. Sadece bir şansın olabilir.$k
$Wmバジーリオ|6$w0|$Wsバジーリオ|$Wa$E苦,汗|$SvpSE_VOICE_BASILIO_EVT_9|Artık kimse çenesini kapatıp
birbirine vurmuyor mu?$k
$Ws配信カレル|$Wa$pDiledigin gibi olsun.$k"
50,MID_E000_BT_配信ジャファル_マーク女,"$t0$Wm配信ジャファル|0$w0|$Ws配信ジャファル|$Wa...$k
$Wmマーク女|6$w0|$Wsマーク女|$Wa$E苦,汗|$SvpSE_VOICE_MARC_F_EVT_19|Vous ne dites rien ?$k$p$E通常,|Parce qu'en général, on échange
quelques mots...$k$p« Vous ne passerez pas ! » ou encore
« Que le meilleur gagne. » par exemple.$k
$Ws配信ジャファル|$Wa$p...$k
$Wsマーク女|$Wa$E苦,汗|$SvpSE_VOICE_MARC_F_EVT_9|Très bien, oublions l'entrée en matière
et battons-nous... maintenant !$k","$t0$Wm配信ジャファル|0$w0|$Ws配信ジャファル|$Wa...$k
$Wmマーク女|6$w0|$Wsマーク女|$Wa$E苦,汗|$SvpSE_VOICE_MARC_F_EVT_19|...Hast du nichts zu sagen?$k$p$E通常,|Normalerweise wechselt man
ein, zwei Worte.$k$p""Bleibt, wo Ihr seid!"" oder ""Möge der
Bessere gewinnen!"" oder so was.$k
$Ws配信ジャファル|$Wa$p...$k
$Wsマーク女|$Wa$E苦,汗|$SvpSE_VOICE_MARC_F_EVT_9|Dann überspringen wir eben das
Geplänkel und fangen gleich an!$k","$t0$Wm配信ジャファル|0$w0|$Ws配信ジャファル|$Wa...$k
$Wmマーク女|6$w0|$Wsマーク女|$Wa$E苦,汗|$SvpSE_VOICE_MARC_F_EVT_19|Non hai niente da dire?$k$p$E通常,|Di solito si scambiano due
parole prima d'iniziare.$k$p""Da qui non si passa"", o ""che vinca
il migliore"", cose del genere.$k
$Ws配信ジャファル|$Wa$p...$k
$Wsマーク女|$Wa$E苦,汗|$SvpSE_VOICE_MARC_F_EVT_9|E va bene, saltiamo i preliminari
e andiamo dritti al dunque!$k","$t0$Wm配信ジャファル|0$w0|$Ws配信ジャファル|$Wa(...)$k
$Wmマーク女|6$w0|$Wsマーク女|$Wa$E苦,汗|$SvpSE_VOICE_MARC_F_EVT_19|¿No vas a decir nada?$k$p$E通常,|Normalmente, se suelen intercambiar un
par de frases antes de luchar.$k$p""No puedes pasar"", ""que gane el
mejor"", o algo por el estilo...$k
$Ws配信ジャファル|$Wa$p(...)$k
$Wsマーク女|$Wa$E苦,汗|$SvpSE_VOICE_MARC_F_EVT_9|¡Vale! Saltémonos los preámbulos
y ¡vayamos al lío!$k","$t0$Wm配信ジャファル|0$w0|$Ws配信ジャファル|$Wa...$k
$Wmマーク女|6$w0|$Wsマーク女|$Wa$E苦,汗|$SvpSE_VOICE_MARC_F_EVT_19|...Have you nothing to say?$k$p$E通常,|Usually, at least one or two words
are exchanged.$k$p""You shall not pass"" or ""may the
better man win"" or the like.$k
$Ws配信ジャファル|$Wa$p...$k
$Wsマーク女|$Wa$E苦,汗|$SvpSE_VOICE_MARC_F_EVT_9|All right, then let's skip the
prologue and get right to it!$k","$t0$Wm配信ジャファル|0$w0|$Ws配信ジャファル|$Wa...$k
$Wmマーク女|6$w0|$Wsマーク女|$Wa$E苦,汗|$SvpSE_VOICE_MARC_F_EVT_19|...Söyleyecek bir şeyin yok mu?$k$p$E通常|Genellikle en az bir veya iki kelime
değiş tokus edilir.$k$p""Geçemezsin"" veya ""daha iyi
olan kazansın"" veya benzeri.$k
$Ws配信ジャファル|$Wa$p...$k
$Wsマーク女|$Wa$E苦,汗|$SvpSE_VOICE_MARC_F_EVT_9|Pekâlâ, o halde önsözü
atlayıp doğrudan konuya geçelim!$k"
51,MID_E000_BT_配信リン_ルキナ,"$t0$Wmルキナ|6$w0|$Wsルキナ|$Wa$SvpSE_VOICE_MARTH_EVT_25|Vous avez l'air forte. Ça se voit que
vous savez manier l'épée avec talent.$k
$Wm配信リン|0$w0|$Ws配信リン|$WaTout comme vous.
Quel dommage de devoir nous battre.$k
$Wsルキナ|$Wa$p$E怒,|$SvpSE_VOICE_MARTH_EVT_11|En effet. Mais ce sera un honneur de
croiser le fer avec un véritable maître.$k$p$Eキメ,|Vous êtes prête ?$k","$t0$Wmルキナ|6$w0|$Wsルキナ|$Wa$SvpSE_VOICE_MARTH_EVT_25|Du bist geschickt. Ich sehe, dass du
mit einem Schwert umzugehen weißt.$k
$Wm配信リン|0$w0|$Ws配信リン|$WaEbenso wie Ihr. Es ist eine Schande,
dass wir miteinander kämpfen müssen.$k
$Wsルキナ|$Wa$p$E怒,|$SvpSE_VOICE_MARTH_EVT_11|Ja. Aber ich werde Spaß daran haben,
mich mit einem Meister zu messen.$k$p$Eキメ,|Darf ich bitten?$k","$t0$Wmルキナ|6$w0|$Wsルキナ|$Wa$SvpSE_VOICE_MARTH_EVT_25|Ti muovi bene. È chiaro che
sei molto abile con la spada.$k
$Wm配信リン|0$w0|$Ws配信リン|$WaNon più di te. È un peccato
che dobbiamo combattere.$k
$Wsルキナ|$Wa$p$E怒,|$SvpSE_VOICE_MARTH_EVT_11|È vero. Ma sono felice di potermi
battere con qualcuno del tuo calibro.$k$p$Eキメ,|Sei pronta?$k","$t0$Wmルキナ|6$w0|$Wsルキナ|$Wa$SvpSE_VOICE_MARTH_EVT_25|Os movéis muy bien. Es fácil ver
que sois diestra con la espada.$k
$Wm配信リン|0$w0|$Ws配信リン|$WaLo mismo digo. Es una lástima
que tengamos que enfrentarnos.$k
$Wsルキナ|$Wa$p$E怒,|$SvpSE_VOICE_MARTH_EVT_11|Así es. Pero voy a disfrutar midiendo
mis fuerzas con una auténtica maestra.$k$p$Eキメ,|¿Empezamos?$k","$t0$Wmルキナ|6$w0|$Wsルキナ|$Wa$SvpSE_VOICE_MARTH_EVT_25|You move well. I can see you're
gifted with a blade.$k
$Wm配信リン|0$w0|$Ws配信リン|$WaAs are you. A shame
we have to fight.$k
$Wsルキナ|$Wa$p$E怒,|$SvpSE_VOICE_MARTH_EVT_11|It is. But I will enjoy trading
blows with a true master.$k$p$Eキメ,|Shall we?$k","$t0$Wmルキナ|6$w0|$Wsルキナ|$Wa$SvpSE_VOICE_MARTH_EVT_25|İyi hareket ediyorsun. Kılıç konusunda
yetenekli olduğunu görebiliyorum.$k
$Wm配信リン|0$w0|$Ws配信リン|$WaSen de öylesin. Savaşmak
zorunda olmamız çok yazık.$k
$Wsルキナ|$Wa$p$E怒|$SvpSE_VOICE_MARTH_EVT_11|Öyle. Ama gerçek bir ustayla
dövüşmekten keyif alacağım.$k$p$Eキメ|Yapalım mı?$k"
52,MID_E000_BT_配信ヘクトル_デジェル,"$t0$Wm配信ヘクトル|0$w0|$Ws配信ヘクトル|$WaSi vous voulez la guerre, ne vous
attendez à ce que... Hein ?!$k
$Wmデジェル|6$w0|$Wsデジェル|$Wa$E怒,汗|$SvpSE_VOICE_DEGEL_EVT_35|VOUS ! Vous... êtes... INCROYABLE !$k$pQuelle armure ! Quel physique !
La perfection dans le moindre détail !$k
$Ws配信ヘクトル|$Wa$pEuh... On va quand même se battre,
n'est-ce pas ? Bien...$k","$t0$Wm配信ヘクトル|0$w0|$Ws配信ヘクトル|$WaWenn Ihr einen Kampf wollt, erwartet
von mir keine Gna-- hä?$k
$Wmデジェル|6$w0|$Wsデジェル|$Wa$E怒,汗|$SvpSE_VOICE_DEGEL_EVT_35|DU! Du... bist... WUNDERBAR!$k$pDiese Rüstung! Den Körper, den sie
umgibt! Jeder Teil an dir ist perfekt!$k
$Ws配信ヘクトル|$Wa$pÄh... Also ...Wir werden jetzt kämpfen,
ja? Gut.$k","$t0$Wm配信ヘクトル|0$w0|$Ws配信ヘクトル|$WaSe è un combattimento che cerchi,
non aspettarti che abbia pie- Eh?$k
$Wmデジェル|6$w0|$Wsデジェル|$Wa$E怒,汗|$SvpSE_VOICE_DEGEL_EVT_35|TU! Sei... splendido!$k$pQuell'armatura! Il corpo che ricopre!
Perfezione, fin nei minimi dettagli!$k
$Ws配信ヘクトル|$Wa$pQuindi... Stiamo per batterci, vero?
Bene.$k","$t0$Wm配信ヘクトル|0$w0|$Ws配信ヘクトル|$WaSi lo que quieres es pelea, no esperes
que muestre piedad... ¿Eh?$k
$Wmデジェル|6$w0|$Wsデジェル|$Wa$E怒,汗|$SvpSE_VOICE_DEGEL_EVT_35|Es... ¡ES INCREÍBLE!$k$p¡Qué armadura! ¡Qué cuerpo fornido!
¡Es la perfección a la que aspiro!$k
$Ws配信ヘクトル|$Wa$pEsto... Vamos a luchar, ¿verdad?
Bien, ¡pues adelante!$k","$t0$Wm配信ヘクトル|0$w0|$Ws配信ヘクトル|$WaIf it's a fight you want, don't
expect mercy to― Huh?$k
$Wmデジェル|6$w0|$Wsデジェル|$Wa$E怒,汗|$SvpSE_VOICE_DEGEL_EVT_35|YOU! You...are...AMAZING!$k$pThat armour! The body it encases!
Every bit, perfection!$k
$Ws配信ヘクトル|$Wa$p...So...we're going to fight, yes?
Good.$k","$t0$Wm配信ヘクトル|0$w0|$Ws配信ヘクトル|$WaEğer istediğin kavgaysa
merhamet bekleme― Ha?$k
$Wmデジェル|6$w0|$Wsデジェル|$Wa$E怒,汗|$SvpSE_VOICE_DEGEL_EVT_35|SEN! Sen... MUHTESEMsin!$k$pO zırh! Kapladigi vücut! Her
parçası mükemmel!$k
$Ws配信ヘクトル|$Wa$p...Yani...kavga edeceğiz, değil mi?
İyi.$k"
53,MID_E000_BT_配信ネルガル_シャンブレー,"$t0$Wm配信ネルガル|0$w0|$Ws配信ネルガル|$WaAllez, ouste, demi-homme.$k
$Wmシャンブレー|6$w0|$Wsシャンブレー|$Wa$E怒,|$SvpSE_VOICE_CHAMBRAY_EVT_16|Vous... Vous osez insulter un Tagüel ?
On va voir qui est une moitié de quoi !$k","$t0$Wm配信ネルガル|0$w0|$Ws配信ネルガル|$WaHmpf... Weg mit Euch, Halbmensch.$k
$Wmシャンブレー|6$w0|$Wsシャンブレー|$Wa$E怒,|$SvpSE_VOICE_CHAMBRAY_EVT_16|Ihr beleidigt einen Taguel? Mal sehen,
wer hier gleich die Hälfte von was ist.$k","$t0$Wm配信ネルガル|0$w0|$Ws配信ネルガル|$WaUmpf. Sciò, mezzuomo.$k
$Wmシャンブレー|6$w0|$Wsシャンブレー|$Wa$E怒,|$SvpSE_VOICE_CHAMBRAY_EVT_16|C-Come osi insultare un taguel?
Vedremo chi è la metà di cosa!$k","$t0$Wm配信ネルガル|0$w0|$Ws配信ネルガル|$Wa¡Lárgate, semihumano!$k
$Wmシャンブレー|6$w0|$Wsシャンブレー|$Wa$E怒,|$SvpSE_VOICE_CHAMBRAY_EVT_16|¿T-te atreves a insultar a un taguel?
¡Ya veremos quién acaba a la mitad!$k","$t0$Wm配信ネルガル|0$w0|$Ws配信ネルガル|$WaHmph. Shoo, half-man.$k
$Wmシャンブレー|6$w0|$Wsシャンブレー|$Wa$E怒,|$SvpSE_VOICE_CHAMBRAY_EVT_16|Y-you dare insult a taguel?
We'll see who's half of what!$k","$t0$Wm配信ネルガル|0$w0|$Ws配信ネルガル|$WaHmph. Vay, yarım adam.$k
$Wmシャンブレー|6$w0|$Wsシャンブレー|$Wa$E怒|$SvpSE_VOICE_CHAMBRAY_EVT_16|Bir taguel'e hakaret etmeye cüret mi
ediyorsun? Kimin neyin yarısı olduğunu
göreceğiz!$k"
54,MID_E000_BT_配信エリウッド_チキ,"$t0$Wm配信エリウッド|0$w0|$Ws配信エリウッド|$WaRetournez d'où vous venez, ou nous
devrons vous... arrêter.$k
$Wmチキ|6$w0|$Wsチキ|$Wa$E怒,|$SvpSE_VOICE_TIKI_EVT_2|Je refuse...$k$pVous n'entendez pas ?$k$pLa terre sous nos pieds nous supplie de
la libérer de ces conflits !$k","$t0$Wm配信エリウッド|0$w0|$Ws配信エリウッド|$WaGeht dahin zurück, wo Ihr hergekommen
seid, oder wir müssen Euch töten!$k
$Wmチキ|6$w0|$Wsチキ|$Wa$E怒,|$SvpSE_VOICE_TIKI_EVT_2|Ich weigere mich.
Kannst du es hören?$k$pDie Erde unter unseren Füßen sehnt sich
nach Frieden!$k","$t0$Wm配信エリウッド|0$w0|$Ws配信エリウッド|$WaTorna da dove sei venuta, o dovremo
porre fine alla tua esistenza.$k
$Wmチキ|6$w0|$Wsチキ|$Wa$E怒,|$SvpSE_VOICE_TIKI_EVT_2|Mi rifiuto. Non lo senti?$k$pLa terra sotto i nostri piedi ci supplica
di essere liberata da questo conflitto!$k","$t0$Wm配信エリウッド|0$w0|$Ws配信エリウッド|$WaVolved por donde habéis venido.
Si no, tendremos que deteneros.$k
$Wmチキ|6$w0|$Wsチキ|$Wa$E怒,|$SvpSE_VOICE_TIKI_EVT_2|Me niego. ¿Acaso no lo oyes?$k$p¡La tierra bajo vuestros pies suplica que
la liberéis de este conflicto!$k","$t0$Wm配信エリウッド|0$w0|$Ws配信エリウッド|$WaGo back whence you came, or we
will have to cut you down.$k
$Wmチキ|6$w0|$Wsチキ|$Wa$E怒,|$SvpSE_VOICE_TIKI_EVT_2|I refuse. Can't you hear it?$k$pThe earth beneath our feet begs
to be free of your conflict!$k","$t0$Wm配信エリウッド|0$w0|$Ws配信エリウッド|$WaGeldiğiniz yere geri dönün, yoksa
sizi kesmek zorunda kalacağız.$k
$Wmチキ|6$w0|$Wsチキ|$Wa$E怒|$SvpSE_VOICE_TIKI_EVT_2|Reddediyorum. Duyamıyor musun?$k$pAyaklarimizin altındaki toprak sizin
çatismanizdan kurtulmak için yalvarıyor!$k"
55,MID_E000_BT_予約エイリーク_ガイア,"$t0$Wm予約11|0$w0|$Ws予約11|$WaNe m'obligez pas à livrer une bataille
aussi incertaine.$k$pPartez. Car si vous acceptez de partir,
je pou...$k
$Wmガイア|6$w0|$Wsガイア|$Wa$Eキメ,|$SvpSE_VOICE_GUIRE_EVT_10|Gâteaux. Biscuits. En-cas. C'est le prix
à payer pour que je ferme les yeux.$k
$Ws予約11|$Wa$pVraiment ?! Dans ce cas, je crois bien
que j'ai quelques...$k
$Wsガイア|$Wa$p$E苦,汗|$SvpSE_VOICE_GUIRE_EVT_1|Ha ha ! Mais non, je plaisantais !
J'ai l'air si facile que ça à soudoyer ?$k$pJ'aime les petites douceurs, mais je ne
vais quand même pas fuir le combat...$k","$t0$Wm予約11|0$w0|$Ws予約11|$WaBitte zwingt mich nicht zu einem Kampf,
von dem ich nicht überzeugt bin.$k$pBitte geht. Wenn Ihr einfach nur geht,
könnte ich...$k
$Wmガイア|6$w0|$Wsガイア|$Wa$Eキメ,|$SvpSE_VOICE_GUIRE_EVT_10|Kuchen, Kekse, Knabberzeug. Damit
könntest du mich zum Gehen bewegen.$k
$Ws予約11|$Wa$pTatsächlich? In diesem Fall habe ich
hier was für Eu--$k
$Wsガイア|$Wa$p$E苦,汗|$SvpSE_VOICE_GUIRE_EVT_1|Auweia! Ich habe nur Spaß gemacht.
Sehe ich so käuflich aus?$k$pIch mag Süßes, aber dies ist ein Kampf,
aus dem ich mich nicht raushalten kann.$k","$t0$Wm予約11|0$w0|$Ws予約11|$WaTi prego, non farmi combattere una
battaglia in cui non so se credere.$k$pVattene. Se solo te ne andassi, potrei...$k
$Wmガイア|6$w0|$Wsガイア|$Wa$Eキメ,|$SvpSE_VOICE_GUIRE_EVT_10|Torte. Caramelle. Pasticcini. Queste
sono le condizioni affinché me ne vada.$k
$Ws予約11|$Wa$pDavvero?! In tal caso, credo
di averne un po' qui...$k
$Wsガイア|$Wa$p$E苦,汗|$SvpSE_VOICE_GUIRE_EVT_1|Ehi, ehi! Stavo scherzando!
Ti sembro così facile da corrompere?$k$pAdoro i dolci, ma questa è una
battaglia che non posso abbandonare.$k","$t0$Wm予約11|0$w0|$Ws予約11|$WaPor favor, no me hagáis luchar en una
contienda de la que no estoy segura.$k$pMarchaos. Si lo hacéis, yo podría...$k
$Wmガイア|6$w0|$Wsガイア|$Wa$Eキメ,|$SvpSE_VOICE_GUIRE_EVT_10|¿Darme galletas? ¿Pasteles? ¿Dulces?
¡Si es así, me marcho encantado!$k
$Ws予約11|$Wa$p¡¿En serio?! En ese caso, creo
que tengo algunos...$k
$Wsガイア|$Wa$p$E苦,汗|$SvpSE_VOICE_GUIRE_EVT_1|¡Para, para, que estaba de broma! ¿Te
crees que soy tan fácil de sobornar?$k$pMe encantan los dulces, pero no puedo
abandonar esta batalla.$k","$t0$Wm予約11|0$w0|$Ws予約11|$WaPlease don't make me fight
a battle I'm unsure of.$k$pLeave. If you would just leave,
I could...$k
$Wmガイア|6$w0|$Wsガイア|$Wa$Eキメ,|$SvpSE_VOICE_GUIRE_EVT_10|Cakes. Cookies. Snacks. That's the
price of making Gaius go bye-us.$k
$Ws予約11|$Wa$pReally?! In that case, I think I
have some right―$k
$Wsガイア|$Wa$p$E苦,汗|$SvpSE_VOICE_GUIRE_EVT_1|Whoa, whoa! I was kidding!
Do I look that easy to buy off?$k$pI like my sweets, but this is one
battle I can't back out of.$k","$t0$Wm予約11|0$w0|$Ws予約11|$WaLütfen beni emin
olmadığim bir savaşa sokma.$k$pGit. Bir gitsen, ben de...$k
$Wmガイア|6$w0|$Wsガイア|$Wa$Eキメ|$SvpSE_VOICE_GUIRE_EVT_10|Kekler. Çerezler. Atistirmaliklar.
Gaius'un bize veda etmesinin bedeli bu.$k
$Ws予約11|$Wa$pGerçekten mi?! Bu durumda biraz hakkım
olduğunu düşünüyorum.$k
$Wsガイア|$Wa$p$E苦,汗|$SvpSE_VOICE_GUIRE_EVT_1|Vay, vay! Şaka yapıyordum! Satın
alınması o kadar kolay mı görünüyorum?$k$pSekerlerimi severim ama bu
vazgeçemeyeceğim bir savaş.$k"
56,MID_E000_BT_配信アメリア_ロンクー,"$t0$Wmロンクー|6$w0|$Wsロンクー|$Wa$E苦,汗|$SvpSE_VOICE_RONKUU_EVT_13|Une femme ?! Argh...$k
$Wm配信アメリア|0$w0|$Ws配信アメリア|$WaOui... Et alors ?
Vous avez peur de perdre ?$k","$t0$Wmロンクー|6$w0|$Wsロンクー|$Wa$E苦,汗|$SvpSE_VOICE_RONKUU_EVT_13|Eine Frau?!? Ächz...$k
$Wm配信アメリア|0$w0|$Ws配信アメリア|$Wa...J-ja. Und weiter?
Habt Ihr Angst zu verlieren?$k","$t0$Wmロンクー|6$w0|$Wsロンクー|$Wa$E苦,汗|$SvpSE_VOICE_RONKUU_EVT_13|Una donna?! Ahi...$k
$Wm配信アメリア|0$w0|$Ws配信アメリア|$WaS-Sì. E allora?
Hai paura di perdere?$k","$t0$Wmロンクー|6$w0|$Wsロンクー|$Wa$E苦,汗|$SvpSE_VOICE_RONKUU_EVT_13|¡¿Una mujer?! Uff...$k
$Wm配信アメリア|0$w0|$Ws配信アメリア|$WaP-pues sí, ¿y qué?
¿Es que temes perder?$k","$t0$Wmロンクー|6$w0|$Wsロンクー|$Wa$E苦,汗|$SvpSE_VOICE_RONKUU_EVT_13|A woman?! Ick...$k
$Wm配信アメリア|0$w0|$Ws配信アメリア|$Wa...Y-yes. So?
Afraid you'll lose?$k","$t0$Wmロンクー|6$w0|$Wsロンクー|$Wa$E苦,汗|$SvpSE_VOICE_RONKUU_EVT_13|Bir kadın mı? Lanet...$k
$Wm配信アメリア|0$w0|$Ws配信アメリア|$Wa...E-evet. Ee?
Kaybetmekten mi korkuyorsun?$k"
57,MID_E000_BT_配信モルダ_ブレディ,"$t0$Wmブレディ|6$w0|$Wsブレディ|$Wa$E怒,|$SvpSE_VOICE_BREDY_EVT_1|Tu veux te battre, vieux croûton ?
HEIN ?!$k
$Wm配信モルダ|0$w0|$Ws配信モルダ|$WaQuelles... Quelles mauvaises manières !
Et vous vous dites VICAIRE ?!$k","$t0$Wmブレディ|6$w0|$Wsブレディ|$Wa$E怒,|$SvpSE_VOICE_BREDY_EVT_1|Du willst dich mit mir anlegen,
alter Mann? Na?!?$k
$Wm配信モルダ|0$w0|$Ws配信モルダ|$WaW-welch ungehobelte Manieren. Und Ihr
schimpft Euch selbst Priester?!?$k","$t0$Wmブレディ|6$w0|$Wsブレディ|$Wa$E怒,|$SvpSE_VOICE_BREDY_EVT_1|Vuoi fare a botte, matusa?
Eh? EH?!$k
$Wm配信モルダ|0$w0|$Ws配信モルダ|$WaC-Che modi inaccettabili!
E tu saresti un sacerdote?!$k","$t0$Wmブレディ|6$w0|$Wsブレディ|$Wa$E怒,|$SvpSE_VOICE_BREDY_EVT_1|¿Quieres jaleo, viejales? ¡¿EH?!$k
$Wm配信モルダ|0$w0|$Ws配信モルダ|$Wa¡Q-qué modales son esos!
¡¿Y tú te haces llamar SACERDOTE?!$k","$t0$Wmブレディ|6$w0|$Wsブレディ|$Wa$E怒,|$SvpSE_VOICE_BREDY_EVT_1|You want a piece of me, geezer?
HUH?!$k
$Wm配信モルダ|0$w0|$Ws配信モルダ|$WaWh...what wretched manners!
And you call yourself a PRIEST?!$k","$t0$Wmブレディ|6$w0|$Wsブレディ|$Wa$E怒|$SvpSE_VOICE_BREDY_EVT_1|Benden bir parça mı istiyorsun,
dostum? HA?!$k
$Wm配信モルダ|0$w0|$Ws配信モルダ|$WaNe...ne sefil davranışlar!
Ve sen kendine RAHIP mi diyorsun?$k"
58,MID_E000_BT_配信ルーテ_ミリエル,"$t0$Wm配信ルーテ|0$w0|$Ws配信ルーテ|$WaVous avez l'air puissante.
Et intelligente, aussi...$k$pVous pourriez presque avoir une chance
contre moi.$k
$Wmミリエル|6$w0|$Wsミリエル|$Wa$SvpSE_VOICE_MYRIEL_EVT_9|Il me paraît peu judicieux de juger un
adversaire d'après son apparence.$k
$Ws配信ルーテ|$Wa$pÀ moins d'être suffisamment intelligente
pour comprendre ce que vous voyez...$k$pAlors, allez-vous m'affronter,
oui ou non ?$k","$t0$Wm配信ルーテ|0$w0|$Ws配信ルーテ|$WaIhr seht mächtig aus.
Und dazu noch schlau.$k$pIhr könntet sogar eine Chance
gegen mich haben...$k
$Wmミリエル|6$w0|$Wsミリエル|$Wa$SvpSE_VOICE_MYRIEL_EVT_9|Es erscheint mir unklug, einen Gegner
nur nach seinem Aussehen zu beurteilen.$k
$Ws配信ルーテ|$Wa$pAußer, man ist intelligent genug, um zu
verstehen, was man so sieht.$k$pWerdet Ihr Euch mir nun
entgegenstellen, oder nicht?$k","$t0$Wm配信ルーテ|0$w0|$Ws配信ルーテ|$WaSembri forte.
E anche sveglia.$k$pPotresti addirittura darmi
del filo da torcere...$k
$Wmミリエル|6$w0|$Wsミリエル|$Wa$SvpSE_VOICE_MYRIEL_EVT_9|È imprudente saltare a conclusioni
basandosi sulla mera apparenza.$k
$Ws配信ルーテ|$Wa$pA meno che tu non sia abbastanza
intelligente da capire ciò che vedi.$k$pAllora, intendi affrontarmi o no?$k","$t0$Wm配信ルーテ|0$w0|$Ws配信ルーテ|$WaPareces muy poderosa.
Además de inteligente.$k$pPuede que tengas posibilidades
de ganarme y todo...$k
$Wmミリエル|6$w0|$Wsミリエル|$Wa$SvpSE_VOICE_MYRIEL_EVT_9|No es muy aconsejable juzgar a un
oponente basándose en las apariencias.$k
$Ws配信ルーテ|$Wa$pA menos que seas lo bastante lista
como para entender lo que ves.$k$pEn fin, ¿luchamos o no?$k","$t0$Wm配信ルーテ|0$w0|$Ws配信ルーテ|$WaYou look powerful.
And smart, too.$k$pYou might even stand a
chance against me...$k
$Wmミリエル|6$w0|$Wsミリエル|$Wa$SvpSE_VOICE_MYRIEL_EVT_9|It seems ill-advised to judge opponents
based solely on appearances.$k
$Ws配信ルーテ|$Wa$pUnless you're intelligent enough to
understand what you're seeing.$k$pNow, will you face me or not?$k","$t0$Wm配信ルーテ|0$w0|$Ws配信ルーテ|$WaGüçlü görünüyorsun. Ve
aynı zamanda akıllı.$k$pBana karşı bir
şansın bile olabilir...$k
$Wmミリエル|6$w0|$Wsミリエル|$Wa$SvpSE_VOICE_MYRIEL_EVT_9|Rakipleri yalnızca görünüşe göre
yargılamak yanlış görünüyor.$k
$Ws配信ルーテ|$Wa$pTabii ne gördüğünü anlayacak kadar
zekiysen o başka.$k$pŞimdi benimle yüzleşecek misin,
yüzlesmeyecek misin?$k"
59,MID_E000_BT_配信マリカ_パリス,"$t0$Wm配信マリカ|0$w0|$Ws配信マリカ|$WaPartez, sinon...$k
$Wmパリス|6$w0|$Wsパリス|$Wa$Eキメ,|$SvpSE_VOICE_PARIS_EVT_6|Désolé, mais je ne pourrai pas devenir
plus fort sans briser quelques os.$k
$Ws配信マリカ|$Wa$pEt si je brisais les vôtres... ?$k","$t0$Wm配信マリカ|0$w0|$Ws配信マリカ|$WaGeht, sonst werde ich...$k
$Wmパリス|6$w0|$Wsパリス|$Wa$Eキメ,|$SvpSE_VOICE_PARIS_EVT_6|Entschuldige, aber meine Muskeln bauen
ab, wenn ich keine Knochen breche.$k
$Ws配信マリカ|$Wa$pWie wäre es, wenn wir mit
Euren anfangen?$k","$t0$Wm配信マリカ|0$w0|$Ws配信マリカ|$WaVattene, o ne pagherai le conseguenze.$k
$Wmパリス|6$w0|$Wsパリス|$Wa$Eキメ,|$SvpSE_VOICE_PARIS_EVT_6|Mi dispiace, ma non diventerò più
forte se non rompo un po' di ossa.$k
$Ws配信マリカ|$Wa$pChe ne dici delle tue, allora?$k","$t0$Wm配信マリカ|0$w0|$Ws配信マリカ|$WaMárchate. De lo contrario...$k
$Wmパリス|6$w0|$Wsパリス|$Wa$Eキメ,|$SvpSE_VOICE_PARIS_EVT_6|Lo siento, pero no puedo volverme más
fuerte si no rompo algunos huesos.$k
$Ws配信マリカ|$Wa$p¿Y por qué no te partes un par
de los tuyos?$k","$t0$Wm配信マリカ|0$w0|$Ws配信マリカ|$WaLeave. Or else.$k
$Wmパリス|6$w0|$Wsパリス|$Wa$Eキメ,|$SvpSE_VOICE_PARIS_EVT_6|Sorry, but I can't get stronger
if I don't crack some bones.$k
$Ws配信マリカ|$Wa$pHow about yours, then?$k","$t0$Wm配信マリカ|0$w0|$Ws配信マリカ|$WaGit. Yoksa...$k
$Wmパリス|6$w0|$Wsパリス|$Wa$Eキメ|$SvpSE_VOICE_PARIS_EVT_6|Üzgünüm ama bazı
kemiklerimi kirmazsam güçlenemem.$k
$Ws配信マリカ|$Wa$pPeki ya seninki?$k"
60,MID_E000_BT_配信ヒーニアス_リヒト,"$t0$Wm配信ヒーニアス|0$w0|$Ws配信ヒーニアス|$WaVa-t'en !
Je déteste les enfants.$k
$Wmリヒト|6$w0|$Wsリヒト|$Wa$E怒,|$SvpSE_VOICE_LICHT_EVT_5|Et moi, je déteste les gens qui me
traitent comme un enfant ! Prenez ça !$k","$t0$Wm配信ヒーニアス|0$w0|$Ws配信ヒーニアス|$WaHalte dich von mir fern, kleiner Mann.$k
$Wmリヒト|6$w0|$Wsリヒト|$Wa$E怒,|$SvpSE_VOICE_LICHT_EVT_5|Ich kann Leute nicht ausstehen, die
mich als klein bezeichnen. Na wartet!$k","$t0$Wm配信ヒーニアス|0$w0|$Ws配信ヒーニアス|$WaSparisci! Non sopporto i bambini.$k
$Wmリヒト|6$w0|$Wsリヒト|$Wa$E怒,|$SvpSE_VOICE_LICHT_EVT_5|E io non sopporto chi mi tratta
come un bambino. In guardia!$k","$t0$Wm配信ヒーニアス|0$w0|$Ws配信ヒーニアス|$Wa¡Apártate de mí!
Odios a los niños.$k
$Wmリヒト|6$w0|$Wsリヒト|$Wa$E怒,|$SvpSE_VOICE_LICHT_EVT_5|¡Y yo odio a la gente que me trata
como tal! ¡Prepárate!$k","$t0$Wm配信ヒーニアス|0$w0|$Ws配信ヒーニアス|$WaGet away from me!
I loathe children.$k
$Wmリヒト|6$w0|$Wsリヒト|$Wa$E怒,|$SvpSE_VOICE_LICHT_EVT_5|And I loathe people who treat
me like one! Watch this!$k","$t0$Wm配信ヒーニアス|0$w0|$Ws配信ヒーニアス|$WaBenden uzak dur!
Çocuklardan nefret ediyorum.$k
$Wmリヒト|6$w0|$Wsリヒト|$Wa$E怒|$SvpSE_VOICE_LICHT_EVT_5|Ve bana öyle davranan insanlardan
nefret ediyorum! Şunu izle!$k"
61,MID_E000_BT_配信ラーチェル_アズール,"$t0$Wmアズール|6$w0|$Wsアズール|$Wa$SvpSE_VOICE_AZUR_EVT_5|Ma chère, si nous cessions ces affreux
combats et allions boire un thé ?$k
$Wm配信ラーチェル|0$w0|$Ws配信ラーチェル|$WaJ'ai bien peur que vous ne soyez pas
l'homme qu'il me faut.$k$pPour le thé. Mais vous serez parfait
pour un « affreux » combat...$k","$t0$Wmアズール|6$w0|$Wsアズール|$Wa$SvpSE_VOICE_AZUR_EVT_5|Meine Herzdame. Wollen wir den Kampf
hinter uns lassen und lieber Tee trinken?$k
$Wm配信ラーチェル|0$w0|$Ws配信ラーチェル|$WaLeider seid Ihr nicht mein Typ.$k$pZumindest nicht für Tee. Aber fürs
Kämpfen solltet Ihr genügen.$k","$t0$Wmアズール|6$w0|$Wsアズール|$Wa$SvpSE_VOICE_AZUR_EVT_5|Bellezza, che ne dici di lasciare questa
carneficina e prendere un tè insieme?$k
$Wm配信ラーチェル|0$w0|$Ws配信ラーチェル|$WaTemo che tu non sia il mio tipo.$k$pPer il tè, intendo.
Per la carneficina andrai benissimo.$k","$t0$Wmアズール|6$w0|$Wsアズール|$Wa$SvpSE_VOICE_AZUR_EVT_5|Mi querida señora. ¿Os gustaría dejar
esta sucia lucha y tomar el té conmigo?$k
$Wm配信ラーチェル|0$w0|$Ws配信ラーチェル|$WaLo siento, no eres mi tipo.$k$pPara lo del té, quiero decir. Para luchar
seguro que das la talla.$k","$t0$Wmアズール|6$w0|$Wsアズール|$Wa$SvpSE_VOICE_AZUR_EVT_5|My lovely lady. Shall we just leave all
this ugly fighting and have some tea?$k
$Wm配信ラーチェル|0$w0|$Ws配信ラーチェル|$WaI'm afraid you're not my type.$k$pFor tea, that is. You'll do just fine
for the ugly fighting.$k","$t0$Wmアズール|6$w0|$Wsアズール|$Wa$SvpSE_VOICE_AZUR_EVT_5|Benim güzel bayanim. Bütün bu çirkin
kavgalari bırakıp biraz çay içelim mi?$k
$Wm配信ラーチェル|0$w0|$Ws配信ラーチェル|$WaKorkarım sen benim tipim değilsin.$k$pÇay için yani. Çirkin dövüşlere rağmen
gayet iyi iş çikaracaksın.$k"
62,MID_E000_BT_配信ゼト_ソール,"$t0$Wm配信ゼト|0$w0|$Ws配信ゼト|$WaGuerrier venu d'ailleurs ! Ravager votre
monde ne vous a-t-il pas suffi ?!$k
$Wmソール|6$w0|$Wsソール|$Wa$E苦,汗|$SvpSE_VOICE_SORT_EVT_6|Nous n'avons pas ravagé notre monde,
et ce n'est pas ce que nous fai...$k
$Ws配信ゼト|$Wa$pC'est à votre tour d'être détruit !
Je vais transpercer ce cœur malfaisant !$k","$t0$Wm配信ゼト|0$w0|$Ws配信ゼト|$WaKrieger aus fernen Landen! Eure eigene
Welt zu verwüsten war wohl nicht genug.$k
$Wmソール|6$w0|$Wsソール|$Wa$E苦,汗|$SvpSE_VOICE_SORT_EVT_6|Ähm, wir verwüsten weder die eine noch
die andere Welt... Hallo?$k
$Ws配信ゼト|$Wa$pZeit zu sterben, Schurke. Ich werde Euer
Herz mit meiner Lanze durchbohren.$k","$t0$Wm配信ゼト|0$w0|$Ws配信ゼト|$WaGuerriero venuto da lontano! Non ti
è bastato devastare il tuo mondo?!$k
$Wmソール|6$w0|$Wsソール|$Wa$E苦,汗|$SvpSE_VOICE_SORT_EVT_6|Ehm, non lo abbiamo devastato e
non siamo qui per... Ma mi ascolti?$k
$Ws配信ゼト|$Wa$pEbbene, su di te incombe la rovina,
furfante! Trafiggerò il tuo cuore nero!$k","$t0$Wm配信ゼト|0$w0|$Ws配信ゼト|$Wa¡Guerreros de otro mundo! ¿Es que
no os basta con arrasar vuestra tierra?$k
$Wmソール|6$w0|$Wsソール|$Wa$E苦,汗|$SvpSE_VOICE_SORT_EVT_6|No la arrasamos. Ni tampoco queremos
arrasar esta... ¿Me estás escuchando?$k
$Ws配信ゼト|$Wa$p¡Es vuestro turno para ser aniquilados!
¡Mi lanza perforará vuestros corazones!$k","$t0$Wm配信ゼト|0$w0|$Ws配信ゼト|$WaWarrior from afar! Was ravaging
your own world not enough?!$k
$Wmソール|6$w0|$Wsソール|$Wa$E苦,汗|$SvpSE_VOICE_SORT_EVT_6|Um, we didn't ravage there, and
we're not ravaging here... Hello?$k
$Ws配信ゼト|$Wa$pWell, it's your turn to be ruined, rogue!
I'll drive a lance through that evil heart!$k","$t0$Wm配信ゼト|0$w0|$Ws配信ゼト|$WaUzaktan savaşçı! Kendi dünyanizi
tahrip etmek yeterli değil miydi?$k
$Wmソール|6$w0|$Wsソール|$Wa$E苦,汗|$SvpSE_VOICE_SORT_EVT_6|Um, biz orayı tahrip etmedik ve
burayı da tahrip etmiyoruz... Alo?$k
$Ws配信ゼト|$Wa$pPeki, mahvolma sırası sende, serseri!
O şeytanı kalbe bir mızrak saplayacağım!$k"
63,MID_E000_BT_配信リオン_リベラ,"$t0$Wm配信リオン|0$w0|$Ws配信リオン|$WaN'allez-vous pas bientôt cesser ce
combat et quitter notre monde ?$k
$Wmリベラ|6$w0|$Wsリベラ|$Wa$E怒,|$SvpSE_VOICE_RIVIERA_EVT_5|Vous vous êtes égarés... Mais nous
allons vous ramener sur le droit chemin.$k
$Ws配信リオン|$Wa$pVous n'êtes pas le premier à le dire...
Mais vous mourrez comme les autres !$k","$t0$Wm配信リオン|0$w0|$Ws配信リオン|$WaWollt Ihr nicht endlich den Kampf
beenden und unsere Welt verlassen?$k
$Wmリベラ|6$w0|$Wsリベラ|$Wa$E怒,|$SvpSE_VOICE_RIVIERA_EVT_5|Ihr seid vom rechten Pfad abgekommen.
Wir sind hier, um Euch zurückzuführen.$k
$Ws配信リオン|$Wa$pIhr seid nicht der Erste, der das sagt...
Sterben werdet Ihr wie alle anderen.$k","$t0$Wm配信リオン|0$w0|$Ws配信リオン|$WaNon intendete abbandonare questo
conflitto e lasciare il nostro mondo?$k
$Wmリベラ|6$w0|$Wsリベラ|$Wa$E怒,|$SvpSE_VOICE_RIVIERA_EVT_5|Siete voi che vi siete persi...
Siamo venuti a riportarvi indietro.$k
$Ws配信リオン|$Wa$pNon sei il primo a dirlo... ma morirai
come tutti gli altri che l'hanno fatto!$k","$t0$Wm配信リオン|0$w0|$Ws配信リオン|$Wa¿No vais a terminar esta lucha
y a abandonar nuestro mundo?$k
$Wmリベラ|6$w0|$Wsリベラ|$Wa$E怒,|$SvpSE_VOICE_RIVIERA_EVT_5|Os habéis descarriado... Hemos venido
a devolveros al buen camino.$k
$Ws配信リオン|$Wa$pNo eres el primero en afirmar eso...
¡Y morirás como los otros!$k","$t0$Wm配信リオン|0$w0|$Ws配信リオン|$WaWill you not end this fight and
leave our world?$k
$Wmリベラ|6$w0|$Wsリベラ|$Wa$E怒,|$SvpSE_VOICE_RIVIERA_EVT_5|You have gone astray...
We have come to guide you back.$k
$Ws配信リオン|$Wa$pYou're not the first to say it...
But you'll die just like the others!$k","$t0$Wm配信リオン|0$w0|$Ws配信リオン|$WaBu kavgayı bitirip dünyamizi terk
etmeyecek misiniz?$k
$Wmリベラ|6$w0|$Wsリベラ|$Wa$E怒|$SvpSE_VOICE_RIVIERA_EVT_5|Yoldan saptiniz...
Biz size yol göstermeye geldik.$k
$Ws配信リオン|$Wa$pBunu ilk söyleyen sen değilsin...
Ama sen de diğerleri gibi öleceksin!$k"
64,MID_E000_BT_配信エフラム_マーク男,"$t0$Wmマーク男|6$w0|$Wsマーク男|$Wa$E苦,汗|$SvpSE_VOICE_MARC_M_EVT_22|(Par les dieux, il a l'air fort...)$k$pOn pourrait peut-être en discuter...
Qu'en pensez-vous ?$k
$Wm配信エフラム|0$w0|$Ws配信エフラム|$WaDiscuter ? Mais c'est vous qui avez
provoqué ce combat !$k
$Wsマーク男|$Wa$p$E通常,|$SvpSE_VOICE_MARC_M_EVT_23|Oui, c'est bien ce qu'il semblerait...$k$p$E笑,汗|J'imagine qu'on ne pourra régler ça que
par la force...$k","$t0$Wmマーク男|6$w0|$Wsマーク男|$Wa$E苦,汗|$SvpSE_VOICE_MARC_M_EVT_22|Oha! Der sieht stark aus.$k$p...Meinst du, dass wir das vielleicht
zuerst ausdiskutieren können?$k
$Wm配信エフラム|0$w0|$Ws配信エフラム|$WaDiskutieren? Ihr wart doch diejenigen,
die diesen Kampf gesucht haben.$k
$Wsマーク男|$Wa$p$E通常,|$SvpSE_VOICE_MARC_M_EVT_23|...Tja, ich schätze mal, dass das für
dich so aussehen muss.$k$p$E笑,汗|Ich nehme an, dass Gewalt hier die
einzige Lösung ist.$k","$t0$Wmマーク男|6$w0|$Wsマーク男|$Wa$E苦,汗|$SvpSE_VOICE_MARC_M_EVT_22|Oh, accipicchia. Sembra uno tosto.$k$pNon pensi che forse sarebbe
il caso di parlarne, prima?$k
$Wm配信エフラム|0$w0|$Ws配信エフラム|$WaParlare? Siete stati voi
a iniziare la battaglia.$k
$Wsマーク男|$Wa$p$E通常,|$SvpSE_VOICE_MARC_M_EVT_23|Beh, in effetti...
Immagino tu abbia ragione.$k$p$E笑,汗|Pare che la violenza sia
l'unica strada, allora.$k","$t0$Wmマーク男|6$w0|$Wsマーク男|$Wa$E苦,汗|$SvpSE_VOICE_MARC_M_EVT_22|¡Madre mía! Parece muy fuerte...$k$p¿No podemos...? Ya sabes... ¿Intentar
hablar de todo esto?$k
$Wm配信エフラム|0$w0|$Ws配信エフラム|$Wa¿Hablar? Sois vosotros quienes
habéis iniciado esta lucha.$k
$Wsマーク男|$Wa$p$E通常,|$SvpSE_VOICE_MARC_M_EVT_23|Pues... sí... Eso parece.$k$p$E笑,汗|Supongo que solo queda
emplear la fuerza.$k","$t0$Wmマーク男|6$w0|$Wsマーク男|$Wa$E苦,汗|$SvpSE_VOICE_MARC_M_EVT_22|Oh dear. He looks tough.$k$p...Do you think we could, maybe,
talk this out first?$k
$Wm配信エフラム|0$w0|$Ws配信エフラム|$WaTalk? You're the ones who
picked this fight.$k
$Wsマーク男|$Wa$p$E通常,|$SvpSE_VOICE_MARC_M_EVT_23|...Yes, I suppose it would
seem that way.$k$p$E笑,汗|I suppose force is the only
option here.$k","$t0$Wmマーク男|6$w0|$Wsマーク男|$Wa$E苦,汗|$SvpSE_VOICE_MARC_M_EVT_22|Ah hayatım. Sert görünüyor.$k$p...Sence bunu önce
konuşabilir miyiz?$k
$Wm配信エフラム|0$w0|$Ws配信エフラム|$WaKonuşmak? Bu kavgayı
seçen sizlersiniz.$k
$Wsマーク男|$Wa$p$E通常|$SvpSE_VOICE_MARC_M_EVT_23|...Evet, sanırım öyle
görünüyor.$k$p$E笑,汗|Sanırım burada tek seçenek
güç kullanmak.$k"
65,MID_E000_TK_配信ミスト_ウード,"$t0$Wmウード|6$w0|$Wsウード|$Wa$Eキメ,|$SvpSE_VOICE_EUDES_EVT_16|Arrière, jeune fille. Le pouvoir épique de
ce duel pourrait vous blesser.$k
$Wm配信ミスト|0$w0|$Ws配信ミスト|$WaEuh... « jeune fille » ? Moi ?$k
$Wsウード|$Wa$p$E通常,|$SvpSE_VOICE_EUDES_EVT_10|Oui. Mais n'ayez crainte. Mon destin
est de protéger toutes les jeunes filles.$k$pLa gloire et l'honneur coulent dans
chacune de mes veines et me disent :$k$p« Sic semper demoisellæ » !$k
$Ws配信ミスト|$Wa$p « Toujours ainsi, jeunes filles » ?$k
$Wsウード|$Wa$p$Eキメ,|$SvpSE_VOICE_EUDES_EVT_20|Profitez de la vue pendant que je vous
protège avec ma botte secrète !$k$pBOUCLIER... CÉLESTE !$k
$Ws配信ミスト|$Wa$pOh par les dieux...
J'ai vraiment besoin de protection...$k
$Wsウード|$Wa$p$E怒,|$SvpSE_VOICE_EUDES_EVT_9|Ah ! Vous êtes déjà sous mon charme ?
Grâce à mes muscles saillants ?$k$pMa présence d'esprit ?$k
$Ws配信ミスト|$Wa$pPlutôt votre absence d'esprit...$k","$t0$Wmウード|6$w0|$Wsウード|$Wa$Eキメ,|$SvpSE_VOICE_EUDES_EVT_16|Hinfort, Weib. Die schiere Macht dieses
Duells kann Euch den Kopf abreißen.$k
$Wm配信ミスト|0$w0|$Ws配信ミスト|$WaÄh... Ich? Ein Weib?$k
$Wsウード|$Wa$p$E通常,|$SvpSE_VOICE_EUDES_EVT_10|Ja. Doch keine Bange. Es ist meine
Pflicht, Euch und alle Weiber zu retten.$k$pEhre und Ruhm fließen durch meine
Adern. Sie flüstern zu mir:$k$p""Sic semper Weibus!""$k
$Ws配信ミスト|$Wa$p...""So immer den Weibern""?$k
$Wsウード|$Wa$p$Eキメ,|$SvpSE_VOICE_EUDES_EVT_20|Seht zu und staunt, wie ich das hier zu
Eurer ultimativen Verteidigung entfessle.$k$pSCHILD... GEN HIMMEL!$k
$Ws配信ミスト|$Wa$pIhr Götter... Ich muss tatsächlich
beschützt werden.$k
$Wsウード|$Wa$p$E怒,|$SvpSE_VOICE_EUDES_EVT_9|Ha! Seid Ihr mir bereits verfallen?
Womöglich dank meiner Muskelberge?$k$pOder war es mein graziler Degentanz?$k
$Ws配信ミスト|$Wa$pSah eher aus wie ein
debiler Regentanz...$k","$t0$Wmウード|6$w0|$Wsウード|$Wa$Eキメ,|$SvpSE_VOICE_EUDES_EVT_16|Stai indietro, pulzella. Questo scontro
epico è troppo pericoloso per te.$k
$Wm配信ミスト|0$w0|$Ws配信ミスト|$WaUh... ""Pulzella""? A me?$k
$Wsウード|$Wa$p$E通常,|$SvpSE_VOICE_EUDES_EVT_10|Certamente. Ma non temere, io sono
predestinato a salvare tutte le pulzelle.$k$pNelle mie vene scorrono gloria
e onore, e mi sussurrano: $k$p""Sic semper pulzellis""!$k
$Ws配信ミスト|$Wa$p""Così sempre alle pulzelle""?$k
$Wsウード|$Wa$p$Eキメ,|$SvpSE_VOICE_EUDES_EVT_20|Ora rifatti gli occhi mentre sferro la
difesa suprema in tua protezione!$k$pSCUDO... CELESTE!$k
$Ws配信ミスト|$Wa$pOh, per gli dei...
Qualcuno mi protegga...$k
$Wsウード|$Wa$p$E怒,|$SvpSE_VOICE_EUDES_EVT_9|Ah! Già stravedi per me?
È per i muscoli guizzanti?$k$pPer l'ingegno con la spada?$k
$Ws配信ミスト|$Wa$pPiuttosto l'indegno con la spada...$k","$t0$Wmウード|6$w0|$Wsウード|$Wa$Eキメ,|$SvpSE_VOICE_EUDES_EVT_16|¡Atrás, fémina! El poderío épico de esta
campaña puede ser demasiado para ti.$k
$Wm配信ミスト|0$w0|$Ws配信ミスト|$Wa¿""F-fémina""?$k
$Wsウード|$Wa$p$E通常,|$SvpSE_VOICE_EUDES_EVT_10|Así es. Mas no temas. Mi destino es
salvarte a ti y a todas las féminas.$k$pEl honor y la gloria corren por mis
venas. Me susurran...$k$p¡""Sic semper feminnis""!$k
$Ws配信ミスト|$Wa$p¿""Así siempre a las féminas""?$k
$Wsウード|$Wa$p$Eキメ,|$SvpSE_VOICE_EUDES_EVT_20|Ahora, ¡deléitate la vista mientras
te defiendo con la protección definitiva!$k$p¡ESCUDO... CELESTIAL!$k
$Ws配信ミスト|$Wa$p¡Oh, vamos! ¡No necesito
que me protejan!$k
$Wsウード|$Wa$p$E怒,|$SvpSE_VOICE_EUDES_EVT_9|¡Ja! ¿Ya te has enamorado de mí?
¿Han sido mis portentosos músculos?$k$p¿Mi destreza de espadachín?$k
$Ws配信ミスト|$Wa$pMás bien tu bruteza de parlanchín...$k","$t0$Wmウード|6$w0|$Wsウード|$Wa$Eキメ,|$SvpSE_VOICE_EUDES_EVT_16|Stand back, wench. The epic power of
this clash might blow your face off.$k
$Wm配信ミスト|0$w0|$Ws配信ミスト|$WaUh...""wench""? Me?$k
$Wsウード|$Wa$p$E通常,|$SvpSE_VOICE_EUDES_EVT_10|Indeed. But fear not. It is my destiny
to save you and all wenches.$k$pHonour and glory pump through my
every vein. They whisper to me:$k$p""Sic semper wenchicus!""$k
$Ws配信ミスト|$Wa$p...""And thus to all wenches""?$k
$Wsウード|$Wa$p$Eキメ,|$SvpSE_VOICE_EUDES_EVT_20|Now, feast your eyes as I unleash the
ultimate of defences on your behalf!$k$pSKYWARD...SHIELD!$k
$Ws配信ミスト|$Wa$pOh gods... I do need protection...$k
$Wsウード|$Wa$p$E怒,|$SvpSE_VOICE_EUDES_EVT_9|Ha! Have you fallen for me already?
Was it the bulging muscles?$k$pThe rapier wit?$k
$Ws配信ミスト|$Wa$pMore like the rapier twit...$k","$t0$Wmウード|6$w0|$Wsウード|$Wa$Eキメ|$SvpSE_VOICE_EUDES_EVT_16|Geri dur, dilber! Bu çarpışmanın destansı
gücü yüzünü uçurabilir.$k
$Wm配信ミスト|0$w0|$Ws配信ミスト|$WaŞey... ""dilber"" mi? Ben?$k
$Wsウード|$Wa$p$E通常|$SvpSE_VOICE_EUDES_EVT_10|Elbette! Ama korkma. Seni ve tüm
dilberleri kurtarmak kaderim.$k$pOnur ve şan damarlarımda dolaşıyor. Bana
şöyle fısıldıyorlar:$k$p""Sic semper wenchicus!""$k
$Ws配信ミスト|$Wa$p...""Ve böylece tüm dilberlere"" mi?$k
$Wsウード|$Wa$p$Eキメ|$SvpSE_VOICE_EUDES_EVT_20|Şimdi, senin adına nihai savunmamı serbest
bırakırken gözlerini dört aç!$k$pGÖKSEL... KALKAN!$k
$Ws配信ミスト|$Wa$pTanrılar... Evet, korunmaya ihtiyacım
var...$k
$Wsウード|$Wa$p$E怒|$SvpSE_VOICE_EUDES_EVT_9|Ha! Şimdiden bana mı vuruldun? Kaslarımdan
mı etkilendin?$k$pYoksa keskin zekâmdan mı?$k
$Ws配信ミスト|$Wa$pKeskinlikten çok boş gevezelik...$k"
66,MID_E000_TK_配信セネリオ_グレゴ,"$t0$Wmグレゴ|6$w0|$Wsグレゴ|$Wa$E笑,|$SvpSE_VOICE_GREGO_EVT_14|Rah.$k
$Wm配信セネリオ|0$w0|$Ws配信セネリオ|$WaVous voulez quelque chose ?$k
$Wsグレゴ|$Wa$p$Eキメ,|$SvpSE_VOICE_GREGO_EVT_4|T'es le stratège de ton armée, hein ?$k$pPourquoi que tu te mélanges pas à
tes camarades ?$k$pJ'suis très inquiet.$k
$Ws配信セネリオ|$Wa$pOccupez-vous de vos affaires.$k
$Wsグレゴ|$Wa$p$E通常,|$SvpSE_VOICE_GREGO_EVT_7|Oh, mais c'est mes affaires aussi,
tu sais.$k$pLe stratège et les unités doivent être
comme arbre et écureuil.$k
$Ws配信セネリオ|$Wa$pJe leur dis ce qu'ils ont besoin de
savoir.$k
$Wsグレゴ|$Wa$p$E苦,汗|$SvpSE_VOICE_GREGO_EVT_3|Tu crois que c'est ça être un meneur ?
Que c'est du travail d'équipe ?$k
$Ws配信セネリオ|$Wa$pCroyez ce que vous voulez.$k$pIke me trouve utile, et c'est tout ce
qui compte.$k
$Wsグレゴ|$Wa$p$E通常,|$SvpSE_VOICE_GREGO_EVT_11|Ike, c'est ton commandant, c'est bien
ça que tu dis ?$k$pAlors si t'es gentil avec tes camarades,
ça va aussi aider Ike.$k
$Ws配信セネリオ|$Wa$pVous avez fini ? Je ferai comme je veux.$k$pArrêtez de me parler avant que l'on ne
parle tous les deux comme des idiots.$k
$Ws配信セネリオ|$Wd$w0|$w500|$Wsグレゴ|$Wa$p$E苦,汗|$SvpSE_VOICE_GREGO_EVT_8|*soupir* Si jeune.
Si têtu...$k","$t0$Wmグレゴ|6$w0|$Wsグレゴ|$Wa$E笑,|$SvpSE_VOICE_GREGO_EVT_14|Ho!$k
$Wm配信セネリオ|0$w0|$Ws配信セネリオ|$WaBraucht Ihr was?$k
$Wsグレゴ|$Wa$p$Eキメ,|$SvpSE_VOICE_GREGO_EVT_4|Du sein Taktiker für deine Armee, ja?$k$pWieso du dich nicht mehr mit
Kameraden beschäftigen?$k$pGregor sein besorgt.$k
$Ws配信セネリオ|$Wa$pKümmert Euch um Euren Kram.$k
$Wsグレゴ|$Wa$p$E通常,|$SvpSE_VOICE_GREGO_EVT_7|Oh, aber es sein Gregors Kram.$k$pTaktiker und Einheiten müssen flutschen
wie gut geölte Heringe.$k
$Ws配信セネリオ|$Wa$pIch erzähle den anderen, was sie
wissen müssen.$k
$Wsグレゴ|$Wa$p$E苦,汗|$SvpSE_VOICE_GREGO_EVT_3|Du nennen das Führung?
Zusammenarbeit?$k
$Ws配信セネリオ|$Wa$pNennt es wie Ihr wollt.$k$pSolange Ike mich als nützlich erachtet,
ist mir das egal.$k
$Wsグレゴ|$Wa$p$E通常,|$SvpSE_VOICE_GREGO_EVT_11|Dieser Ike sein dein
Befehlshaber, richtig?$k$pDann Freunde machen helfen Ike auch.$k
$Ws配信セネリオ|$Wa$pSeid Ihr endlich fertig? Ich tue die
Dinge so, wie ich es für richtig halte.$k$pBitte hört auf, mit mir zu reden, bevor
wir beide noch wie Trottel sprechen.$k
$Ws配信セネリオ|$Wd$w0|$w500|$Wsグレゴ|$Wa$p$E苦,汗|$SvpSE_VOICE_GREGO_EVT_8|Seufz... So jung.
So mit der Sturheit...$k","$t0$Wmグレゴ|6$w0|$Wsグレゴ|$Wa$E笑,|$SvpSE_VOICE_GREGO_EVT_14|Oi.$k
$Wm配信セネリオ|0$w0|$Ws配信セネリオ|$WaCe l'hai con me?$k
$Wsグレゴ|$Wa$p$Eキメ,|$SvpSE_VOICE_GREGO_EVT_4|Tu è stratega per tua armata, sì?$k$pPerché non passa più
tempo con altri soldati?$k$pGregor molto preoccupato.$k
$Ws配信セネリオ|$Wa$pFatti gli affari tuoi.$k
$Wsグレゴ|$Wa$p$E通常,|$SvpSE_VOICE_GREGO_EVT_7|Oh, ma questo è affare di Gregor.$k$pStratega e soldati dovere sempre
essere compatti come panino bisunto.$k
$Ws配信セネリオ|$Wa$pDico agli altri ciò che devono sapere.$k
$Wsグレゴ|$Wa$p$E苦,汗|$SvpSE_VOICE_GREGO_EVT_3|E tu chiama questo comando?
Lavoro di squadra?$k
$Ws配信セネリオ|$Wa$pPuoi chiamarlo come ti pare.$k$pSe sono importante per
Ike ci sarà una ragione.$k
$Wsグレゴ|$Wa$p$E通常,|$SvpSE_VOICE_GREGO_EVT_11|Questo Ike è tuo comandante, sì?$k$pAllora essere gentile con
compagni aiuta anche Ike.$k
$Ws配信セネリオ|$Wa$pHai finito? Faccio le cose a modo mio.$k$pE smettila di blaterare, o finiremo per
parlare entrambi in questo modo idiota.$k
$Ws配信セネリオ|$Wd$w0|$w500|$Wsグレゴ|$Wa$p$E苦,汗|$SvpSE_VOICE_GREGO_EVT_8|Sigh... Così giovane.
Però così duro di zucca...$k","$t0$Wmグレゴ|6$w0|$Wsグレゴ|$Wa$E笑,|$SvpSE_VOICE_GREGO_EVT_14|Ey.$k
$Wm配信セネリオ|0$w0|$Ws配信セネリオ|$Wa¿Quieres algo?$k
$Wsグレゴ|$Wa$p$Eキメ,|$SvpSE_VOICE_GREGO_EVT_4|Tú ser estratega de tu ejército, ¿sí?$k$p¿Por qué no charlar más con
camaradas?$k$pGregor preocupado.$k
$Ws配信セネリオ|$Wa$pMétete en tus asuntos.$k
$Wsグレゴ|$Wa$p$E通常,|$SvpSE_VOICE_GREGO_EVT_7|Oh, pero esto ser asunto de Gregor.$k$pEstrategas y unidades deber funcionar
como sola cosa.$k
$Ws配信セネリオ|$Wa$pLes digo a los demás lo que necesitan
saber.$k
$Wsグレゴ|$Wa$p$E苦,汗|$SvpSE_VOICE_GREGO_EVT_3|¿Y tú llamar esto liderazgo?
¿Trabajo en equipo?$k
$Ws配信セネリオ|$Wa$pLlámalo como te venga en gana.$k$pMientras Ike me considere útil,
eso es lo único que importa.$k
$Wsグレゴ|$Wa$p$E通常,|$SvpSE_VOICE_GREGO_EVT_11|Ese Ike ser comandante tuyo, ¿sí?$k$pEntonces, fraternizar con camaradas
ayudar también a Ike.$k
$Ws配信セネリオ|$Wa$p¿Has acabado ya? Yo hago las cosas
a mi manera.$k$pDeja ya de hablarme. Al final vamos
a parecer idiotas.$k
$Ws配信セネリオ|$Wd$w0|$w500|$Wsグレゴ|$Wa$p$E苦,汗|$SvpSE_VOICE_GREGO_EVT_8|Aaaaah... Ser muy joven.
Tanta terquedad.$k","$t0$Wmグレゴ|6$w0|$Wsグレゴ|$Wa$E笑,|$SvpSE_VOICE_GREGO_EVT_14|Oy.$k
$Wm配信セネリオ|0$w0|$Ws配信セネリオ|$WaDid you need something?$k
$Wsグレゴ|$Wa$p$Eキメ,|$SvpSE_VOICE_GREGO_EVT_4|You are tactician for your army, yes?$k$pWhy you not mingling more with
comrades?$k$pGregor very worried.$k
$Ws配信セネリオ|$Wa$pMind your own business.$k
$Wsグレゴ|$Wa$p$E通常,|$SvpSE_VOICE_GREGO_EVT_7|Oh, but this IS Gregor's
business.$k$pTactician and units must be like
well-oiled sandwich at all times.$k
$Ws配信セネリオ|$Wa$pI tell the others what they
need to know.$k
$Wsグレゴ|$Wa$p$E苦,汗|$SvpSE_VOICE_GREGO_EVT_3|And you call this leadership?
Teamwork?$k
$Ws配信セネリオ|$Wa$pYou can call it whatever you like.$k$pAs long as Ike finds me useful,
that's all that matters.$k
$Wsグレゴ|$Wa$p$E通常,|$SvpSE_VOICE_GREGO_EVT_11|This Ike, he is your
commander, yes?$k$pThen making nice with
comrades helps Ike as well.$k
$Ws配信セネリオ|$Wa$pAre you done? I do things my way.$k$pPlease stop talking to me before
we both start talking like idiots.$k
$Ws配信セネリオ|$Wd$w0|$w500|$Wsグレゴ|$Wa$p$E苦,汗|$SvpSE_VOICE_GREGO_EVT_8|*sigh* So young.
So with the stubbornness...$k","$t0$Wmグレゴ|6$w0|$Wsグレゴ|$Wa$E笑|$SvpSE_VOICE_GREGO_EVT_14|Oy.$k
$Wm配信セネリオ|0$w0|$Ws配信セネリオ|$WaBir şeye mi ihtiyacın vardı?$k
$Wsグレゴ|$Wa$p$Eキメ|$SvpSE_VOICE_GREGO_EVT_4|Sen ordunun taktisyenisin, değil mi?$k$pNeden yoldaşların arasına daha fazla
karışmıyorsun?$k$pGregor çok endiseliydi.$k
$Ws配信セネリオ|$Wa$pKendi işine bak.$k
$Wsグレゴ|$Wa$p$E通常|$SvpSE_VOICE_GREGO_EVT_7|Ama bu
Gregor'un isi.$k$pTaktisyen ve birimler her zaman
iyi yağlanmış sandviç gibi olmalıdır.$k
$Ws配信セネリオ|$Wa$pDiğerlerine bilmeleri
gerekenleri söylüyorum.$k
$Wsグレゴ|$Wa$p$E苦,汗|$SvpSE_VOICE_GREGO_EVT_3|Ve sen buna liderlik mi diyorsun?
Ekip çalışmasi?$k
$Ws配信セネリオ|$Wa$pBuna ne istersen diyebilirsin.$k$pIke beni faydalı bulduğu
sürece önemli olan bu.$k
$Wsグレゴ|$Wa$p$E通常|$SvpSE_VOICE_GREGO_EVT_11|Bu Ike, o sizin
komutaniniz, değil mi?$k$pO halde yoldaslarla iyi
geçinmek Ike'a da yardımcı olur.$k
$Ws配信セネリオ|$Wa$pIsin bitti mi? Işleri kendi yöntemimle
yapıyorum.$k$pLütfen ikimiz de aptal gibi konuşmaya
başlamadan önce benimle konuşmayı bırak.$k
$Ws配信セネリオ|$Wd$w0|$w500|$Wsグレゴ|$Wa$p$E苦,汗|$SvpSE_VOICE_GREGO_EVT_8|*iç çeker* Çok
genç. Yani inatçilikla...$k"
67,MID_E000_TK_配信ワユ_アズール,"$t0$Wmアズール|6$w0|$Wsアズール|$Wa$SvpSE_VOICE_AZUR_EVT_5|Euh... Excusez-moi.$k
$Wm配信ワユ|0$w0|$Ws配信ワユ|$WaHmm ? Oh, l'un des guerriers venus
de loin. Que puis-je faire pour vous ?$k
$Wsアズール|$Wa$p$Eキメ,|$SvpSE_VOICE_AZUR_EVT_18|Oh, c'est que... Les choses sont
devenues si chaotiques.$k$pJ'ai pensé que nous pourrions nous
éclipser pour nous amuser un peu.$k
$Ws配信ワユ|$Wa$pBien sûr, je suis partante.$k
$Wsアズール|$Wa$p$Eあらら,|$SvpSE_VOICE_AZUR_EVT_19|Ah, je savais bien qu'elle refuserait...$k$p$E怒,汗|Attendez ! Quoi ?
V... Vous avez accepté ?!$k
$Ws配信ワユ|$Wa$pÉvidemment, pourquoi pas ?$k
$Wsアズール|$Wa$p$E苦,照汗|$SvpSE_VOICE_AZUR_EVT_3|C'est juste que je suis rarement... euh...
le contraire de « rejeté »...$k
$Ws配信ワユ|$Wa$pC'est bon, je suis prête.$k
$Wsアズール|$Wa$p$E通常,|$SvpSE_VOICE_AZUR_EVT_1|Hmm ? Prête pour quoi ?$k
$Ws配信ワユ|$Wa$pPour un combat d'entraînement.$k
$Wsアズール|$Wa$p$E苦,汗|$SvpSE_VOICE_AZUR_EVT_11|Un combat ?!
J'avais dit pour « nous amuser » !$k
$Ws配信ワユ|$Wa$pSe battre c'EST amusant.$k
$Wsアズール|$Wa$p$SvpSE_VOICE_AZUR_EVT_4|Mais on est en pleine bataille !$k
$Ws配信ワユ|$Wa$pEt cette bataille ne va nulle part.
Si des ennemis viennent, on les tuera.$k
$Wsアズール|$Wa$p$Eあらら,|$SvpSE_VOICE_AZUR_EVT_9|*soupir* C'est encore pire que d'être
rejeté...$k$pTout ce que je voulais, c'était discuter
autour d'une tasse de thé...$k
$Ws配信ワユ|$Wa$pDu thé ? Pourquoi ne l'avez-vous pas
dit plus tôt ?$k
$Wsアズール|$Wa$p$E通常,|$SvpSE_VOICE_AZUR_EVT_12|Vous joindrez-vous à moi ?!$k
$Ws配信ワユ|$Wa$pSi vous gagnez.$k
$Wsアズール|$Wa$p$E笑,|$SvpSE_VOICE_AZUR_EVT_2|Vraiment ? Ah ! Dans ce cas, vous êtes
condamnée !$k$pCondamnée à boire un thé avec moi !
En garde !$k","$t0$Wmアズール|6$w0|$Wsアズール|$Wa$SvpSE_VOICE_AZUR_EVT_5|Ähm... Entschuldigt bitte.$k
$Wm配信ワユ|0$w0|$Ws配信ワユ|$WaHm? Oh, einer der Krieger aus der
Ferne. Wie kann ich Euch behilflich sein?$k
$Wsアズール|$Wa$p$Eキメ,|$SvpSE_VOICE_AZUR_EVT_18|Ach, es ist alles nur so...
chaotisch geworden.$k$pIch finde, dass wir beide für ein wenig
erheiternde Ablenkung sorgen können.$k
$Ws配信ワユ|$Wa$pNa klar. Ich bin bereit.$k
$Wsアズール|$Wa$p$Eあらら,|$SvpSE_VOICE_AZUR_EVT_19|Hach, ich wusste, dass Ihr Nein sagen...$k$p$E怒,汗|Wartet mal, wie bitte?
Ihr habt Ja gesagt?!?$k
$Ws配信ワユ|$Wa$pAber sicher. Wieso denn nicht?$k
$Wsアズール|$Wa$p$E苦,照汗|$SvpSE_VOICE_AZUR_EVT_3|I-ich habe nur wenig Erfahrung mit...
Was ist das Gegenteil von einer Abfuhr?$k
$Ws配信ワユ|$Wa$pSchon gut, ich bin bereit.$k
$Wsアズール|$Wa$p$E通常,|$SvpSE_VOICE_AZUR_EVT_1|...Ähm? Bereit wofür?$k
$Ws配信ワユ|$Wa$pFür einen Übungskampf.$k
$Wsアズール|$Wa$p$E苦,汗|$SvpSE_VOICE_AZUR_EVT_11|Ein Kampf?!? Ich dachte, ich sprach
von ""erheiternder Ablenkung""!$k
$Ws配信ワユ|$Wa$pKämpfen IST lustig.$k
$Wsアズール|$Wa$p$SvpSE_VOICE_AZUR_EVT_4|Aber wir kämpfen doch bereits
in einer Schlacht!$k
$Ws配信ワユ|$Wa$pDiese Schlacht geht nirgendwo hin.
Wenn Feinde kommen, töten wir sie.$k
$Wsアズール|$Wa$p$Eあらら,|$SvpSE_VOICE_AZUR_EVT_9|Seufz... Das ist vielleicht noch
schlimmer als eine Abfuhr...$k$pAlles, was ich wollte, war mit Euch bei
einer schönen Tasse Tee zu plaudern...$k
$Ws配信ワユ|$Wa$pTee? Na, warum habt Ihr das
nicht gleich gesagt?$k
$Wsアズール|$Wa$p$E通常,|$SvpSE_VOICE_AZUR_EVT_12|Ihr geht mit mir mit?!?$k
$Ws配信ワユ|$Wa$pZuerst müsst Ihr mich besiegen.$k
$Wsアズール|$Wa$p$E笑,|$SvpSE_VOICE_AZUR_EVT_2|Tatsächlich? Ha! In diesem Fall seid
Ihr bereits verdammt!$k$pDazu verdammt, mit mir eine schöne
Tasse Tee zu trinken! En garde!$k","$t0$Wmアズール|6$w0|$Wsアズール|$Wa$SvpSE_VOICE_AZUR_EVT_5|Ehm... Scusa...$k
$Wm配信ワユ|0$w0|$Ws配信ワユ|$WaEh? Oh, uno dei guerrieri venuti da
lontano. Cosa posso fare per te?$k
$Wsアズール|$Wa$p$Eキメ,|$SvpSE_VOICE_AZUR_EVT_18|Oh, è solo che... È tutto così caotico.$k$pPensavo che potremmo improvvisare un
piccolo diversivo. Per divertirci un po'.$k
$Ws配信ワユ|$Wa$pCerto. Ci sto.$k
$Wsアズール|$Wa$p$Eあらら,|$SvpSE_VOICE_AZUR_EVT_19|Uff, sapevo che avrebbe detto di no...$k$p$E怒,汗|Un momento, cosa? Hai detto SÌ?!$k
$Ws配信ワユ|$Wa$pCerto! Perché no?$k
$Wsアズール|$Wa$p$E苦,照汗|$SvpSE_VOICE_AZUR_EVT_3|È s-solo che ho così poca esperienza
con i... Qual è il contrario di ""rifiuto""?$k
$Ws配信ワユ|$Wa$pBene, io sono pronta.$k
$Wsアズール|$Wa$p$E通常,|$SvpSE_VOICE_AZUR_EVT_1|Eh? Pronta per cosa?$k
$Ws配信ワユ|$Wa$pUn duello di allenamento.$k
$Wsアズール|$Wa$p$E苦,汗|$SvpSE_VOICE_AZUR_EVT_11|Combattere?! Mi pareva di averti
detto che volevo divertirmi!$k
$Ws配信ワユ|$Wa$pCombattere È divertente.$k
$Wsアズール|$Wa$p$SvpSE_VOICE_AZUR_EVT_4|Ma stiamo già combattendo
una battaglia!$k
$Ws配信ワユ|$Wa$pE non finirà senza di noi.
Se arrivano dei nemici, li sistemiamo.$k
$Wsアズール|$Wa$p$Eあらら,|$SvpSE_VOICE_AZUR_EVT_9|Sigh... Potrebbe essere anche
peggio di un rifiuto...$k$pIo volevo solo fare due chiacchiere
davanti a una bella tazza di tè...$k
$Ws配信ワユ|$Wa$pTè? Beh, perché non l'hai detto prima?$k
$Wsアズール|$Wa$p$E通常,|$SvpSE_VOICE_AZUR_EVT_12|Ti andrebbe?!$k
$Ws配信ワユ|$Wa$pSe mi batti.$k
$Wsアズール|$Wa$p$E笑,|$SvpSE_VOICE_AZUR_EVT_2|Davvero? In questo caso
sei già condannata!$k$pIntendo dire condannata a una
tazza di ottimo tè! In guardia!$k","$t0$Wmアズール|6$w0|$Wsアズール|$Wa$SvpSE_VOICE_AZUR_EVT_5|Mmm... Disculpa.$k
$Wm配信ワユ|0$w0|$Ws配信ワユ|$Wa¿Mmm? Ah, eres uno de los guerreros
de otro mundo. ¿Puedo ayudarte?$k
$Wsアズール|$Wa$p$Eキメ,|$SvpSE_VOICE_AZUR_EVT_18|Es solo que las cosas se han vuelto
bastante caóticas.$k$pHabía pensado que tú y yo podríamos
escaquearnos para divertirnos por ahí.$k
$Ws配信ワユ|$Wa$pClaro. Cuenta conmigo.$k
$Wsアズール|$Wa$p$Eあらら,|$SvpSE_VOICE_AZUR_EVT_19|Jo, sabía que diría que no...$k$p$E怒,汗|¡E-espera...! ¿¡HAS DICHO QUE SÍ!?$k
$Ws配信ワユ|$Wa$pClaro. ¿Por qué no?$k
$Wsアズール|$Wa$p$E苦,照汗|$SvpSE_VOICE_AZUR_EVT_3|O-o-oh... E-e-e-es que no estoy muy
acostumbrado a... a...$k$p¿Qué es lo contrario a que te den
calabazas?$k
$Ws配信ワユ|$Wa$pVale, estoy lista.$k
$Wsアズール|$Wa$p$E通常,|$SvpSE_VOICE_AZUR_EVT_1|¿Mmm?... ¿Lista para qué?$k
$Ws配信ワユ|$Wa$pPues para entrenar.$k
$Wsアズール|$Wa$p$E苦,汗|$SvpSE_VOICE_AZUR_EVT_11|¡¿Entrenar?! ¡Creía que había dicho
que era para ""divertirnos""!$k
$Ws配信ワユ|$Wa$pY entrenar ES divertido.$k
$Wsアズール|$Wa$p$SvpSE_VOICE_AZUR_EVT_4|Pero ¡ya estamos en medio de
una batalla!$k
$Ws配信ワユ|$Wa$pY la batalla no va a irse a ninguna parte.
Si viene un enemigo, lo despachamos.$k
$Wsアズール|$Wa$p$Eあらら,|$SvpSE_VOICE_AZUR_EVT_9|Aaaaah... Creo que prefería cuando
me rechazaban...$k$pYo lo único que quería era charlar
mientras tomábamos un té...$k
$Ws配信ワユ|$Wa$p¿Un té? ¡Podrías haberlo dicho
desde el principio!$k
$Wsアズール|$Wa$p$E通常,|$SvpSE_VOICE_AZUR_EVT_12|¿E-eso quiere decir que sí quieres
venir conmigo?$k
$Ws配信ワユ|$Wa$pSolo si consigues ganarme.$k
$Wsアズール|$Wa$p$E笑,|$SvpSE_VOICE_AZUR_EVT_2|¿En serio? ¡Ja! En ese caso,
¡estás condenada!$k$pCondenada a tomarte una taza de té
conmigo, se entiende. ¡En guardia!$k","$t0$Wmアズール|6$w0|$Wsアズール|$Wa$SvpSE_VOICE_AZUR_EVT_5|Um...pardon me.$k
$Wm配信ワユ|0$w0|$Ws配信ワユ|$WaHm? Oh, one of the warriors
from afar. What can I do for you?$k
$Wsアズール|$Wa$p$Eキメ,|$SvpSE_VOICE_AZUR_EVT_18|Oh, it's just... Things have gotten
so chaotic.$k$pI thought you and I could sneak in a
little diversion. Something more fun.$k
$Ws配信ワユ|$Wa$pSure. Count me in.$k
$Wsアズール|$Wa$p$Eあらら,|$SvpSE_VOICE_AZUR_EVT_19|Agh, I knew she would say no...$k$p$E怒,汗|Wait, what? You said YES?!$k
$Ws配信ワユ|$Wa$pOf course. Why not?$k
$Wsアズール|$Wa$p$E苦,照汗|$SvpSE_VOICE_AZUR_EVT_3|It's just I-I-I've had so little exposure
to...what's the opposite of rejection?$k
$Ws配信ワユ|$Wa$pAll right, I'm ready.$k
$Wsアズール|$Wa$p$E通常,|$SvpSE_VOICE_AZUR_EVT_1|...Hm? Ready for what?$k
$Ws配信ワユ|$Wa$pA practice fight.$k
$Wsアズール|$Wa$p$E苦,汗|$SvpSE_VOICE_AZUR_EVT_11|Fight?! I thought I said ""fun""!$k
$Ws配信ワユ|$Wa$pFighting IS fun.$k
$Wsアズール|$Wa$p$SvpSE_VOICE_AZUR_EVT_4|But we're already fighting
another battle!$k
$Ws配信ワユ|$Wa$pAnd that battle's not going anywhere.
If enemies come, we dispatch them.$k
$Wsアズール|$Wa$p$Eあらら,|$SvpSE_VOICE_AZUR_EVT_9|*sigh* This might be even
worse than rejection...$k$pAll I wanted was to chat over
a nice cup of tea...$k
$Ws配信ワユ|$Wa$pTea? Well, why didn't you say so?$k
$Wsアズール|$Wa$p$E通常,|$SvpSE_VOICE_AZUR_EVT_12|You'll join me?!$k
$Ws配信ワユ|$Wa$pIf you beat me.$k
$Wsアズール|$Wa$p$E笑,|$SvpSE_VOICE_AZUR_EVT_2|Really? Ha! In that case,
you are doomed!$k$pDoomed, I say, to a nice
cup of tea! En garde!$k","$t0$Wmアズール|6$w0|$Wsアズール|$Wa$SvpSE_VOICE_AZUR_EVT_5|Şey... affedersiniz.$k
$Wm配信ワユ|0$w0|$Ws配信ワユ|$WaHm? Ah, uzaktan gelen savaşçılardan biri.
Ne istiyorsun?$k
$Wsアズール|$Wa$p$Eキメ|$SvpSE_VOICE_AZUR_EVT_18|Şey... Ortalık iyice karıştı.$k$pBiraz kaçamak yapıp birlikte
eğlenelim diye düşündüm.$k
$Ws配信ワユ|$Wa$pOlur. Varım.$k
$Wsアズール|$Wa$p$Eあらら|$SvpSE_VOICE_AZUR_EVT_19|Ah, reddedeceğini biliyordum...$k$p$E怒,汗|Bir dakika... EVET mi dedin?!$k
$Ws配信ワユ|$Wa$pElbette. Neden olmasın?$k
$Wsアズール|$Wa$p$E苦,照汗|$SvpSE_VOICE_AZUR_EVT_3|Ş-şey... reddedilmemeye pek
alışık değilim de...$k
$Ws配信ワユ|$Wa$pTamam, hazırım.$k
$Wsアズール|$Wa$p$E通常|$SvpSE_VOICE_AZUR_EVT_1|...Him? Neye hazır?$k
$Ws配信ワユ|$Wa$pBir antrenman maçı.$k
$Wsアズール|$Wa$p$E苦,汗|$SvpSE_VOICE_AZUR_EVT_11|Dövüş mü?! Ben ""eğlence"" demiştim!$k
$Ws配信ワユ|$Wa$pDövüşmek eğlencelidir.$k
$Wsアズール|$Wa$p$SvpSE_VOICE_AZUR_EVT_4|Ama zaten bir savaşın ortasındayız!$k
$Ws配信ワユ|$Wa$pSavaş bir yere kaçmıyor.
Düşman gelirse indiririz.$k
$Wsアズール|$Wa$p$Eあらら|$SvpSE_VOICE_AZUR_EVT_9|*iç çeker* Bu reddedilmekten
bile daha kötü olabilir...$k$pTek istediğim bir fincan çay eşliğinde
sohbet etmekti...$k
$Ws配信ワユ|$Wa$pÇay mı? Baştan söylesene.$k
$Wsアズール|$Wa$p$E通常|$SvpSE_VOICE_AZUR_EVT_12|Benimle çay içer misin?!$k
$Ws配信ワユ|$Wa$pEğer beni yenersen.$k
$Wsアズール|$Wa$p$E笑|$SvpSE_VOICE_AZUR_EVT_2|Gerçekten mi? Ha! O zaman işin bitti!$k$pBir fincan çaya mahkûmsun diyorum!
Gardını al!$k"
68,MID_E000_TK_配信ツイハーク_ガイア,"$t0$Wm配信ツイハーク|0$w0|$Ws配信ツイハーク|$WaVous avez une seconde ?$k
$Wmガイア|6$w0|$Wsガイア|$Wa$SvpSE_VOICE_GUIRE_EVT_5|Bien sûr... Qu'y a-t-il ?$k
$Ws配信ツイハーク|$Wa$pL'un de mes camarades vous a vu vous
glisser dans le camp ennemi...$k
$Wsガイア|$Wa$p$E怒,|$SvpSE_VOICE_GUIRE_EVT_4|C'était une mission de reconnaissance
dont le but était d'évaluer nos ennemis.$k$pQuoi ? Vous n'avez pas confiance ?$k
$Ws配信ツイハーク|$Wa$pJe ne faisais que demander. Après tout,
vous n'êtes pas de ce monde.$k$pCertains sont donc un peu... nerveux.$k$pSans vouloir vous offenser.$k
$Wsガイア|$Wa$p$E通常,|$SvpSE_VOICE_GUIRE_EVT_11|Hmm. Vous êtes un épéiste, non ?$k
$Ws配信ツイハーク|$Wa$pOui... Et alors ?$k
$Wsガイア|$Wa$p$Eキメ,|$SvpSE_VOICE_GUIRE_EVT_3|Eh bien, vous êtes loin de l'archétype,
vous voyez ce que je veux dire ?$k$pEn général, ils ne savent que répéter
« Je vais te tuer » ou « En garde ! ».$k$pJ'imagine que ça doit être différent
dans votre monde.$k
$Ws配信ツイハーク|$Wa$pJe ne crois pas que notre monde soit si
différent, mais Ike a une main de fer.$k
$Wsガイア|$Wa$p$E通常,|$SvpSE_VOICE_GUIRE_EVT_12|Je vois...$k
$Ws配信ツイハーク|$Wa$pVous avez l'air déçu. Vous voulez un
petit « Je vais te tuer de ma lame » ?$k
$Wsガイア|$Wa$p$E笑,|$SvpSE_VOICE_GUIRE_EVT_15|Non, non ! J'aime les épéistes comme
vous. Croyez-moi.$k$pJe pense qu'on va bien s'entendre.$k
$Ws配信ツイハーク|$Wa$pAlors bonne chance.$k
$Wsガイア|$Wa$p$SvpSE_VOICE_GUIRE_EVT_5|À vous aussi.$k","$t0$Wm配信ツイハーク|0$w0|$Ws配信ツイハーク|$WaHabt Ihr mal einen Augenblick Zeit?$k
$Wmガイア|6$w0|$Wsガイア|$Wa$SvpSE_VOICE_GUIRE_EVT_5|Hmmm. Wie bitte?$k
$Ws配信ツイハーク|$Wa$pEin Kamerad sah, wie Ihr Euch zwischen
die feindlichen Linien geschlichen habt.$k
$Wsガイア|$Wa$p$E怒,|$SvpSE_VOICE_GUIRE_EVT_4|Das nennt man Aufklärung. Wie soll man
einen unbekannten Feind bekämpfen?$k$p...Was ist? Traust du mir nicht?$k
$Ws配信ツイハーク|$Wa$pIch teste Euch bloß. Immerhin seid Ihr
aus einer anderen Welt.$k$pDas hat ein paar meiner Leute
ziemlich... nervös gemacht.$k$pEntschuldigt bitte, wenn ich Euch
verärgert haben sollte.$k
$Wsガイア|$Wa$p$E通常,|$SvpSE_VOICE_GUIRE_EVT_11|...Hmpf. Du bist ein
Myrmidone, stimmt's?$k
$Ws配信ツイハーク|$Wa$pJa... und weiter?$k
$Wsガイア|$Wa$p$Eキメ,|$SvpSE_VOICE_GUIRE_EVT_3|Nun, du scheinst nicht gerade dem
Klischee zu entsprechen, weißt du?$k$pViel myrmidonisches Geschwätz geht um
""metzeln"" hier oder ""meine Klinge"" dort.$k$pVielleicht ist das in deiner Welt anders.$k
$Ws配信ツイハーク|$Wa$pHmmm... Ich glaube, unsere Welten sind
gar nicht so verschieden.$k$pAber hier führt Ike ein
strenges Regiment.$k
$Wsガイア|$Wa$p$E通常,|$SvpSE_VOICE_GUIRE_EVT_12|Ich verstehe...$k
$Ws配信ツイハーク|$Wa$pIhr hört Euch enttäuscht an. Soll ich
lieber mit ""meiner Klinge"" ""metzeln""?$k
$Wsガイア|$Wa$p$E笑,|$SvpSE_VOICE_GUIRE_EVT_15|Nein, nein! Ich mag deine
myrmidonische Art. Glaub's mir.$k$pIch schätze, wir werden gut
miteinander auskommen.$k
$Ws配信ツイハーク|$Wa$pNa, dann viel Glück.$k
$Wsガイア|$Wa$p$SvpSE_VOICE_GUIRE_EVT_5|Dir auch.$k","$t0$Wm配信ツイハーク|0$w0|$Ws配信ツイハーク|$WaAvresti un momento?$k
$Wmガイア|6$w0|$Wsガイア|$Wa$SvpSE_VOICE_GUIRE_EVT_5|Mmmh... Cosa c'è?$k
$Ws配信ツイハーク|$Wa$pQualcuno ti ha visto passare
tra le file dei nemici...$k
$Wsガイア|$Wa$p$E怒,|$SvpSE_VOICE_GUIRE_EVT_4|Uh, si chiama ricognizione. Come puoi
affrontare un nemico che non conosci?$k$pNon ti fidi di me?$k
$Ws配信ツイハーク|$Wa$pStavo solo chiedendo.
Venite da un altro mondo, dopotutto.$k$pAlcuni dei nostri sono un po'... nervosi.$k$pScusa se ti ho offeso.$k
$Wsガイア|$Wa$p$E通常,|$SvpSE_VOICE_GUIRE_EVT_11|Umpf. Sei un mirmidone, giusto?$k
$Ws配信ツイハーク|$Wa$pSì, e allora?$k
$Wsガイア|$Wa$p$Eキメ,|$SvpSE_VOICE_GUIRE_EVT_3|Beh, mi sembri un po' fuori dagli
schemi, se capisci cosa intendo.$k$pQuelli come te di solito non parlano
che di affettare di qua, infilzare di là.$k$pImmagino che nel tuo
mondo sia diverso.$k
$Ws配信ツイハーク|$Wa$pUhm... Non penso sia poi così
diverso, ma Ike ci tiene in riga.$k
$Wsガイア|$Wa$p$E通常,|$SvpSE_VOICE_GUIRE_EVT_12|Capisco...$k
$Ws配信ツイハーク|$Wa$pSembri deluso. Preferiresti che
minacciassi di farti a fettine?$k
$Wsガイア|$Wa$p$E笑,|$SvpSE_VOICE_GUIRE_EVT_15|No, no! Preferisco i tipi
come te. Credimi.$k$pPenso che ci troveremmo bene insieme.$k
$Ws配信ツイハーク|$Wa$pBuona fortuna, allora.$k
$Wsガイア|$Wa$p$SvpSE_VOICE_GUIRE_EVT_5|Anche a te.$k","$t0$Wm配信ツイハーク|0$w0|$Ws配信ツイハーク|$Wa¿Tienes un momento?$k
$Wmガイア|6$w0|$Wsガイア|$Wa$SvpSE_VOICE_GUIRE_EVT_5|Sí. ¿Qué ocurre?$k
$Ws配信ツイハーク|$Wa$pUno de mis camaradas te ha visto
adentrarte en las filas enemigas.$k
$Wsガイア|$Wa$p$E怒,|$SvpSE_VOICE_GUIRE_EVT_4|Era un reconocimiento. ¿Cómo vas a
derrotar a un enemigo que no conoces?$k$p¿Qué pasa? ¿No te fías de mí?$k
$Ws配信ツイハーク|$Wa$pSolo quería asegurarme. Vosotros
venís de otro mundo, al fin y al cabo.$k$pAlgunos de los míos están algo...
nerviosos con ese tema.$k$pEspero no haberte ofendido.$k
$Wsガイア|$Wa$p$E通常,|$SvpSE_VOICE_GUIRE_EVT_11|Mmm... Eres un mirmidón, ¿verdad?$k
$Ws配信ツイハーク|$Wa$pSí. ¿Y?$k
$Wsガイア|$Wa$p$Eキメ,|$SvpSE_VOICE_GUIRE_EVT_3|Bueno, es que no lo pareces, la verdad.$k$pLos mirmidones que conozco suelen
hablar en plan ""¡Enfréntate a mi acero!"".$k$pSupongo que en tu mundo no pasará
lo mismo.$k
$Ws配信ツイハーク|$Wa$pMmm... No es tan distinto, pero
el grupo de Ike está bien organizado.$k
$Wsガイア|$Wa$p$E通常,|$SvpSE_VOICE_GUIRE_EVT_12|Ya lo pillo...$k
$Ws配信ツイハーク|$Wa$pPareces decepcionado. ¿Quieres que yo
también hable de forma rimbombante?$k
$Wsガイア|$Wa$p$E笑,|$SvpSE_VOICE_GUIRE_EVT_15|¡No, no! Me gusta conocer a un
mirmidón así para variar. Créeme.$k$pCreo que nos llevaremos bien.$k
$Ws配信ツイハーク|$Wa$pPues que tengas mucha suerte.$k
$Wsガイア|$Wa$p$SvpSE_VOICE_GUIRE_EVT_5|Lo mismo digo.$k","$t0$Wm配信ツイハーク|0$w0|$Ws配信ツイハーク|$WaDo you have a moment?$k
$Wmガイア|6$w0|$Wsガイア|$Wa$SvpSE_VOICE_GUIRE_EVT_5|Mm-hmm. What?$k
$Ws配信ツイハーク|$Wa$pOne of my comrades saw you slip
into the enemy ranks...$k
$Wsガイア|$Wa$p$E怒,|$SvpSE_VOICE_GUIRE_EVT_4|Uh, it's called recon. How do you
fight an enemy you don't know?$k$p...What? You don't trust me?$k
$Ws配信ツイハーク|$Wa$pJust checking. You are from
another world, after all.$k$pIt made some of my people...nervous.$k$pSorry if I gave offence.$k
$Wsガイア|$Wa$p$E通常,|$SvpSE_VOICE_GUIRE_EVT_11|...Hmph. You're a myrmidon, right?$k
$Ws配信ツイハーク|$Wa$pYes... So?$k
$Wsガイア|$Wa$p$Eキメ,|$SvpSE_VOICE_GUIRE_EVT_3|Well, you just seem far from the
archetype, know what I mean?$k$pMost myrmidon chatter is about ""cut
you down"" this or ""face my blade"" that.$k$pGuess it's different in your world.$k
$Ws配信ツイハーク|$Wa$pHmm... I don't think our world is so
different, but Ike runs a tight ship.$k
$Wsガイア|$Wa$p$E通常,|$SvpSE_VOICE_GUIRE_EVT_12|I see...$k
$Ws配信ツイハーク|$Wa$pYou sound let down. Should I play up
the ""cut you down"" business, then?$k
$Wsガイア|$Wa$p$E笑,|$SvpSE_VOICE_GUIRE_EVT_15|No, no! I like your kind of myrmidon.
Trust me.$k$pI think we'll work together just fine.$k
$Ws配信ツイハーク|$Wa$pBest of luck, then.$k
$Wsガイア|$Wa$p$SvpSE_VOICE_GUIRE_EVT_5|You too.$k","$t0$Wm配信ツイハーク|0$w0|$Ws配信ツイハーク|$WaBir dakikan var mı?$k
$Wmガイア|6$w0|$Wsガイア|$Wa$SvpSE_VOICE_GUIRE_EVT_5|Hı hı. Ne var?$k
$Ws配信ツイハーク|$Wa$pYoldaşlarımdan biri seni düşman
saflarına sızarken görmüş...$k
$Wsガイア|$Wa$p$E怒|$SvpSE_VOICE_GUIRE_EVT_4|Buna keşif denir. Tanımadığın
düşmanla nasıl savaşırsın?$k$p...Ne? Bana güvenmiyor musun?$k
$Ws配信ツイハーク|$Wa$pSadece emin olmak istedim. Sonuçta
başka bir dünyadan geldin.$k$pAdamlarımdan bazılarını... tedirgin etti.$k$pGücendirdiysem özür dilerim.$k
$Wsガイア|$Wa$p$E通常|$SvpSE_VOICE_GUIRE_EVT_11|...Hıh. Sen bir kılıç ustasısın, değil mi?$k
$Ws配信ツイハーク|$Wa$pEvet... Ne olmuş?$k
$Wsガイア|$Wa$p$Eキメ|$SvpSE_VOICE_GUIRE_EVT_3|Ama alıştığımız tipe pek benzemiyorsun.
Ne demek istediğimi anladın mı?$k$pÇoğu kılıç ustası ""seni biçerim"" ya da
""kılıcımla yüzleş"" deyip durur.$k$pSizin dünyada işler farklı galiba.$k
$Ws配信ツイハーク|$Wa$pHmm... Dünyalarımız o kadar farklı değil.
Ama Ike disiplini sıkı tutar.$k
$Wsガイア|$Wa$p$E通常|$SvpSE_VOICE_GUIRE_EVT_12|Anlıyorum...$k
$Ws配信ツイハーク|$Wa$pHayal kırıklığına uğramış gibisin.
Biraz ""seni biçerim"" mi diyeyim?$k
$Wsガイア|$Wa$p$E笑|$SvpSE_VOICE_GUIRE_EVT_15|Hayır, hayır! Senin tarzını sevdim.
Güven bana.$k$pBence gayet iyi anlaşacağız.$k
$Ws配信ツイハーク|$Wa$pÖyleyse bol şans.$k
$Wsガイア|$Wa$p$SvpSE_VOICE_GUIRE_EVT_5|Sana da.$k"
69,MID_E000_TK_配信ティアマト_スミア,"$t0$Wmスミア|6$w0|$Wsスミア|$Wa$E笑,|$SvpSE_VOICE_SMIA_EVT_4|Euh, bonjour.$k
$Wm配信ティアマト|0$w0|$Ws配信ティアマト|$WaAh, bonjour, visiteuse.
En quoi puis-je vous aider ?$k
$Wsスミア|$Wa$p$SvpSE_VOICE_SMIA_EVT_9|Vous savez, je vous admire.$k$pVous donnez des ordres intelligents,
et vous bougez si rapidement...$k
$Ws配信ティアマト|$Wa$pJe n'ai rien d'exceptionnel, mais merci.
Je suis tout de même flattée.$k
$Wsスミア|$Wa$p$E苦,汗|$SvpSE_VOICE_SMIA_EVT_7|Rien d'exceptionnel ?! Oh, mais si !
J'espérais vous demander un service.$k
$Ws配信ティアマト|$Wa$pComment ça ?$k
$Wsスミア|$Wa$p$E通常,|$SvpSE_VOICE_SMIA_EVT_22|Pouvez-vous m'apprendre à être une
combattante assurée, comme vous ?$k$pJe suis si empotée que je suis toujours
en train de gêner quelqu'un.$k
$Ws配信ティアマト|$Wa$pEh bien, vous pourriez trouver de bien
meilleurs combattants que moi...$k$pMais je crois être déjà en mesure de
vous offrir un conseil.$k
$Wsスミア|$Wa$p$E笑,|$SvpSE_VOICE_SMIA_EVT_5|Vraiment ? Oh, dites-le-moi !$k
$Ws配信ティアマト|$Wa$pAyez davantage confiance en vous.$k
$Wsスミア|$Wa$p$E通常,|$SvpSE_VOICE_SMIA_EVT_12|Confiance ? Mais... c'est bien une
chose que je ne peux pas faire !$k
$Ws配信ティアマト|$Wa$pVotre chef vous laisserait-il vous battre
si votre place n'était pas dans l'armée ?$k$pOu alors vous pensez que les décisions
de votre chef sont mauvaises ?$k
$Wsスミア|$Wa$p$E怒,|$SvpSE_VOICE_SMIA_EVT_14|Non ! Bien sûr que non.$k
$Ws配信ティアマト|$Wa$pAlors croyez en vous.
Personne ne peut le faire à votre place.$k$pUne fois que vous aurez confiance en
vous, tout basculera.$k
$Wsスミア|$Wa$p$E笑,|$SvpSE_VOICE_SMIA_EVT_13|Très bien. Je vais essayer.$k
$Ws配信ティアマト|$Wa$pVoilà ! C'est ça, la bonne attitude.$k
$Wsスミア|$Wa$p$SvpSE_VOICE_SMIA_EVT_17|Bien, je devrais retourner...$k$p$E苦,汗|AAAH !$k
$Wc$Wsスミア|$Wd$w0|$w500|$SspSE_EVT_DOWN1|$w500|$Ws配信ティアマト|$Wa$pVous avez fait une petite chute ?$k
$Wmスミア|6$w0|$Wsスミア|$Wa$E苦,汗|$SvpSE_VOICE_SMIA_EVT_10|Vous voyez ? Vraiment empotée...$k
$Ws配信ティアマト|$Wa$pAu moins, je ne m'étais pas trompée
quand j'ai dit que « tout basculerait »...$k","$t0$Wmスミア|6$w0|$Wsスミア|$Wa$E笑,|$SvpSE_VOICE_SMIA_EVT_4|Ähm, seid gegrüßt!$k
$Wm配信ティアマト|0$w0|$Ws配信ティアマト|$WaAh, hallo, Besucher. Wie kann ich
behilflich sein?$k
$Wsスミア|$Wa$p$SvpSE_VOICE_SMIA_EVT_9|Ich bewundere Euch einfach.$k$pEure Befehle sind so durchdacht, Eure
Bewegungen so entschlossen...$k
$Ws配信ティアマト|$Wa$pIch bin niemand Besonderes. Trotzdem
danke, ich fühle mich geschmeichelt.$k
$Wsスミア|$Wa$p$E苦,汗|$SvpSE_VOICE_SMIA_EVT_7|Niemand Besonderes?!? Aber das seid
Ihr! Könnt Ihr mir einen Gefallen tun?$k
$Ws配信ティアマト|$Wa$pDer da wäre?$k
$Wsスミア|$Wa$p$E通常,|$SvpSE_VOICE_SMIA_EVT_22|Könnt Ihr mich lehren, eine verlässliche
Kriegerin so wie Ihr zu werden?$k$pIch bin so ein Tollpatsch. Und ich stehe
einfach jedem im Weg.$k
$Ws配信ティアマト|$Wa$pNa ja, ich glaube, Ihr könntet viel
verlässlichere Krieger als mich finden...$k$pAber ich kann Euch wohl trotzdem
einen Rat geben.$k
$Wsスミア|$Wa$p$E笑,|$SvpSE_VOICE_SMIA_EVT_5|Wirklich? Oh, bitte!
Gebt mir einen Rat!$k
$Ws配信ティアマト|$Wa$pHabt einfach mehr Selbstvertrauen.$k
$Wsスミア|$Wa$p$E通常,|$SvpSE_VOICE_SMIA_EVT_12|Selbstvertrauen? ...Aber darin
bin ich furchtbar schlecht!$k
$Ws配信ティアマト|$Wa$pWenn Ihr keinen Platz in dieser Armee
hättet, ließe man Euch nicht kämpfen.$k$pOder glaubt Ihr, das Urteilsvermögen
Eures Anführers ist beschränkt?$k
$Wsスミア|$Wa$p$E怒,|$SvpSE_VOICE_SMIA_EVT_14|Nein! Natürlich nicht.$k
$Ws配信ティアマト|$Wa$pDann glaubt an Euch selbst. Niemand
sonst kann das für Euch übernehmen.$k$pWenn Ihr erst mehr Selbstvertrauen
habt, wird sich alles andere ergeben.$k
$Wsスミア|$Wa$p$E笑,|$SvpSE_VOICE_SMIA_EVT_13|Na gut. Ich werde es versuchen.$k
$Ws配信ティアマト|$Wa$pDas ist die richtige Einstellung.$k
$Wsスミア|$Wa$p$SvpSE_VOICE_SMIA_EVT_17|Tja, ich sollte wohl jetzt zurück zu--$k$p$E苦,汗|AAAH!$k
$Wc$Wsスミア|$Wd$w0|$w500|$SspSE_EVT_DOWN1|$w500|$Ws配信ティアマト|$Wa$pSeid Ihr gestolpert?$k
$Wmスミア|6$w0|$Wsスミア|$Wa$E苦,汗|$SvpSE_VOICE_SMIA_EVT_10|Seht Ihr? Ich bin so was
von tollpatschig.$k
$Ws配信ティアマト|$Wa$pÄh ja... das wird schon irgendwie.$k","$t0$Wmスミア|6$w0|$Wsスミア|$Wa$E笑,|$SvpSE_VOICE_SMIA_EVT_4|Uh, salve.$k
$Wm配信ティアマト|0$w0|$Ws配信ティアマト|$WaAh, salve, straniera.
Come posso aiutarti?$k
$Wsスミア|$Wa$p$SvpSE_VOICE_SMIA_EVT_9|Ti stavo ammirando, sai?$k$pDai sempre gli ordini giusti, e ti
muovi in maniera così sicura...$k
$Ws配信ティアマト|$Wa$pNon sono niente di speciale, ma grazie.
Mi sento comunque lusingata.$k
$Wsスミア|$Wa$p$E苦,汗|$SvpSE_VOICE_SMIA_EVT_7|Niente di speciale? Ma... Sì che lo sei!
Volevo chiederti un favore.$k
$Ws配信ティアマト|$Wa$pDi cosa si tratta?$k
$Wsスミア|$Wa$p$E通常,|$SvpSE_VOICE_SMIA_EVT_22|Potresti insegnarmi ad essere una
guerriera affidabile come te?$k$pIo sono una tale imbranata...
Non faccio che essere d'ostacolo.$k
$Ws配信ティアマト|$Wa$pBeh, potresti trovare guerrieri
più affidabili di me...$k$pMa immagino di poterti
già dare un consiglio.$k
$Wsスミア|$Wa$p$E笑,|$SvpSE_VOICE_SMIA_EVT_5|Davvero? Oh, dimmi!$k
$Ws配信ティアマト|$Wa$pAbbi più fiducia in te stessa.$k
$Wsスミア|$Wa$p$E通常,|$SvpSE_VOICE_SMIA_EVT_12|Fiducia?! Ma non mi riesce
proprio di avere fiducia!$k
$Ws配信ティアマト|$Wa$pSe tu non avessi un ruolo, il tuo
comandante non ti farebbe combattere.$k$pO pensi che al tuo comandante
manchi la capacità di giudizio?$k
$Wsスミア|$Wa$p$E怒,|$SvpSE_VOICE_SMIA_EVT_14|No! Certo che no.$k
$Ws配信ティアマト|$Wa$pAllora credi in te stessa.
Nessun altro lo farà.$k$pSe avrai fiducia in te,
cadrai sempre in piedi.$k
$Wsスミア|$Wa$p$E笑,|$SvpSE_VOICE_SMIA_EVT_13|Va bene. Ci proverò.$k
$Ws配信ティアマト|$Wa$pQuesto è lo spirito giusto.$k
$Wsスミア|$Wa$p$SvpSE_VOICE_SMIA_EVT_17|Beh, ora dovrei tornare a...$k$p$E苦,汗|AAAH!$k
$Wc$Wsスミア|$Wd$w0|$w500|$SspSE_EVT_DOWN1|$w500|$Ws配信ティアマト|$Wa$pUn piccolo incidente?$k
$Wmスミア|6$w0|$Wsスミア|$Wa$E苦,汗|$SvpSE_VOICE_SMIA_EVT_10|Vedi? Sono un'imbranata totale.$k
$Ws配信ティアマト|$Wa$pSe non altro ci avevo preso
con la parte del cadere...$k","$t0$Wmスミア|6$w0|$Wsスミア|$Wa$E笑,|$SvpSE_VOICE_SMIA_EVT_4|Esto... Hola.$k
$Wm配信ティアマト|0$w0|$Ws配信ティアマト|$WaAh, hola, visitante.
¿Te puedo ayudar en algo?$k
$Wsスミア|$Wa$p$SvpSE_VOICE_SMIA_EVT_9|Tan solo te estaba admirando.$k$pDas unas órdenes muy inteligentes,
y te mueves con tanto brío...$k
$Ws配信ティアマト|$Wa$pNo es nada del otro mundo,
pero gracias. Me siento halagada.$k
$Wsスミア|$Wa$p$E苦,汗|$SvpSE_VOICE_SMIA_EVT_7|¿¡""Nada del otro mundo""!? Pero ¡sí que
lo es! Quería pedirte un favor.$k
$Ws配信ティアマト|$Wa$p¿De qué se trata?$k
$Wsスミア|$Wa$p$E通常,|$SvpSE_VOICE_SMIA_EVT_22|¿Podrías enseñarme a ser una guerrera
diestra como tú?$k$pSoy una patosa de tomo y lomo,
y siempre soy un estorbo.$k
$Ws配信ティアマト|$Wa$pBueno, hay guerreros más hábiles
que yo...$k$ppero supongo que hay un consejo
que sí puedo darte ahora mismo.$k
$Wsスミア|$Wa$p$E笑,|$SvpSE_VOICE_SMIA_EVT_5|¿En serio? ¿Y cuál es?$k
$Ws配信ティアマト|$Wa$pTen más confianza en ti misma.$k
$Wsスミア|$Wa$p$E通常,|$SvpSE_VOICE_SMIA_EVT_12|¿C-confianza? Pero ¡eso se me da fatal!$k
$Ws配信ティアマト|$Wa$pSi no pintaras nada en este ejército,
tu comandante no te dejaría luchar.$k$p¿O acaso consideras a tu comandante
un hombre de poco juicio?$k
$Wsスミア|$Wa$p$E怒,|$SvpSE_VOICE_SMIA_EVT_14|¡No, claro que no!$k
$Ws配信ティアマト|$Wa$pPues cree en ti misma. Nadie más
va a hacerlo por ti.$k$pCuando tengas esa confianza, todo
lo demás caerá por su propio peso.$k
$Wsスミア|$Wa$p$E笑,|$SvpSE_VOICE_SMIA_EVT_13|Vale. Lo intentaré.$k
$Ws配信ティアマト|$Wa$pAsí se habla.$k
$Wsスミア|$Wa$p$SvpSE_VOICE_SMIA_EVT_17|Vale, voy a volver a...$k$p$E苦,汗|¡AAAAAAAAAAH!$k
$Wc$Wsスミア|$Wd$w0|$w500|$SspSE_EVT_DOWN1|$w500|$Ws配信ティアマト|$Wa$p¿Te has resbalado?$k
$Wmスミア|6$w0|$Wsスミア|$Wa$E苦,汗|$SvpSE_VOICE_SMIA_EVT_10|¡¿Lo ves?! ¡A patosa no me gana nadie!$k
$Ws配信ティアマト|$Wa$pBueno, por lo menos he acertado con lo
de ""caer por su propio peso""...$k","$t0$Wmスミア|6$w0|$Wsスミア|$Wa$E笑,|$SvpSE_VOICE_SMIA_EVT_4|Um, greetings.$k
$Wm配信ティアマト|0$w0|$Ws配信ティアマト|$WaAh, hello, visitor.
How can I help you?$k
$Wsスミア|$Wa$p$SvpSE_VOICE_SMIA_EVT_9|I've just been admiring you.$k$pYou give such smart orders,
and you move so briskly...$k
$Ws配信ティアマト|$Wa$pI'm nothing special, but thank you.
I'm flattered all the same.$k
$Wsスミア|$Wa$p$E苦,汗|$SvpSE_VOICE_SMIA_EVT_7|Nothing special! But...oh, you are!
I was hoping to ask you a favour.$k
$Ws配信ティアマト|$Wa$pWhat's that?$k
$Wsスミア|$Wa$p$E通常,|$SvpSE_VOICE_SMIA_EVT_22|Could you teach me how to be a
reliable fighter like you?$k$pI'm such a klutz, and I'm always
getting in everyone's way.$k
$Ws配信ティアマト|$Wa$pWell, you could find more reliable
fighters than me...$k$pBut I suppose there is one piece
of advice I'd have for you already.$k
$Wsスミア|$Wa$p$E笑,|$SvpSE_VOICE_SMIA_EVT_5|Really? Oh, do tell!$k
$Ws配信ティアマト|$Wa$pHave more confidence
in yourself.$k
$Wsスミア|$Wa$p$E通常,|$SvpSE_VOICE_SMIA_EVT_12|Confidence? ...But I'm terrible
at confidence!$k
$Ws配信ティアマト|$Wa$pIf you had no place in this army, your
commander wouldn't let you fight.$k$pOr do you consider your commander
a man of poor judgement?$k
$Wsスミア|$Wa$p$E怒,|$SvpSE_VOICE_SMIA_EVT_14|No! Of course not.$k
$Ws配信ティアマト|$Wa$pThen believe in yourself. No one
else is going to do it for you.$k$pOnce you have confidence, the
rest will fall right into place.$k
$Wsスミア|$Wa$p$E笑,|$SvpSE_VOICE_SMIA_EVT_13|All right. I'll give it a try.$k
$Ws配信ティアマト|$Wa$pThat's the spirit.$k
$Wsスミア|$Wa$p$SvpSE_VOICE_SMIA_EVT_17|Well, I should get back to―$k$p$E苦,汗|AAAH!$k
$Wc$Wsスミア|$Wd$w0|$w500|$SspSE_EVT_DOWN1|$w500|$Ws配信ティアマト|$Wa$pHad a little spill?$k
$Wmスミア|6$w0|$Wsスミア|$Wa$E苦,汗|$SvpSE_VOICE_SMIA_EVT_10|You see? Complete, utter klutz.$k
$Ws配信ティアマト|$Wa$pI suppose I had the ""falling into
place"" part right, anyway...$k","$t0$Wmスミア|6$w0|$Wsスミア|$Wa$E笑|$SvpSE_VOICE_SMIA_EVT_4|Selamlar.$k
$Wm配信ティアマト|0$w0|$Ws配信ティアマト|$WaAh, merhaba ziyaretçi.
Size nasıl yardım edebilirim?$k
$Wsスミア|$Wa$p$SvpSE_VOICE_SMIA_EVT_9|Sana hayranlık duyuyordum.$k$pO kadar akıllıca emirler veriyorsun ve
o kadar hızlı hareket ediyorsun ki...$k
$Ws配信ティアマト|$Wa$pBen özel biri değilim ama teşekkür
ederim. Yine de gururum okşandı.$k
$Wsスミア|$Wa$p$E苦,汗|$SvpSE_VOICE_SMIA_EVT_7|Özel bir şey yok! Ama... ah, öylesin!
Senden bir iyilik istemeyi umuyordum.$k
$Ws配信ティアマト|$Wa$pBu da ne?$k
$Wsスミア|$Wa$p$E通常|$SvpSE_VOICE_SMIA_EVT_22|Bana senin gibi güvenilir bir
dövüşçü olmayı öğretebilir misin?$k$pBen çok sakar biriyim ve her zaman
herkesin yoluna çikiyorum.$k
$Ws配信ティアマト|$Wa$pBenden daha güvenilir
dövüşçüler bulabilirsin...$k$pAma sanırım sana
şimdiden bir tavsiyem olacak.$k
$Wsスミア|$Wa$p$E笑|$SvpSE_VOICE_SMIA_EVT_5|Gerçekten mi? Ah, söyle!$k
$Ws配信ティアマト|$Wa$pKendinize daha
fazla güvenin.$k
$Wsスミア|$Wa$p$E通常|$SvpSE_VOICE_SMIA_EVT_12|Kendinden emin? ...Ama özgüven
konusunda berbatim!$k
$Ws配信ティアマト|$Wa$pBu orduda yerin olmasaydı
komutanin savaşmana izin vermezdi.$k$pYoksa komutaninizin sağduyusu zayıf
biri olduğunu mu düşünüyorsunuz?$k
$Wsスミア|$Wa$p$E怒|$SvpSE_VOICE_SMIA_EVT_14|HAYIR! Tabii ki değil.$k
$Ws配信ティアマト|$Wa$pO zaman kendinize inanın. Bunu
senin için başka kimse yapmayacak.$k$pKendinize güvendiginiz anda
gerisi yerli yerine oturacaktır.$k
$Wsスミア|$Wa$p$E笑|$SvpSE_VOICE_SMIA_EVT_13|Elbette. Bir deneyeceğim.$k
$Ws配信ティアマト|$Wa$pRuh budur.$k
$Wsスミア|$Wa$p$SvpSE_VOICE_SMIA_EVT_17|Neyse, geri dönmeliyim...$k$p$E苦,汗|Aaaa!$k
$Wc$Wsスミア|$Wd$w0|$w500|$SspSE_EVT_DOWN1|$w500|$Ws配信ティアマト|$Wa$pUfak bir düşüş mü?$k
$Wmスミア|6$w0|$Wsスミア|$Wa$E苦,汗|$SvpSE_VOICE_SMIA_EVT_10|Anlıyorsun? Tam, tam bir aptallık.$k
$Ws配信ティアマト|$Wa$pSanırım ""yerine oturmak""
kısmını doğru yaptım zaten...$k"
70,MID_E000_TK_配信エリンシア_プレイヤー_PCM1,"$t0$Wmusername|6$w0|$Wsusername|$Wa$SvpSE_VOICE_PLAYER_M#_EVT_9|Comment ont-ils pu se laisser piéger
là comme des rats ?$k
$Wm配信エリンシア|0$w0|$Ws配信エリンシア|$WaPardon ?$k
$Wsusername|$Wa$p$E苦,汗|$SvpSE_VOICE_PLAYER_M#_EVT_29|Oh ! Euh, bonjour. Vous... Vous avez
entendu ? Toutes mes excuses...$k
$Ws配信エリンシア|$Wa$pCe n'est rien.$k$pÀ dire vrai, le piège dans les ruines
faisait partie de mon plan.$k
$Wsusername|$Wa$p$E通常,|$SvpSE_VOICE_PLAYER_M#_EVT_5|Ah bon ? Pourquoi ?$k
$Ws配信エリンシア|$Wa$pTant que le chat court après la reine
des rats, ses sujets sont saufs.$k
$Wsusername|$Wa$p$SvpSE_VOICE_PLAYER_M#_EVT_13|Ah. Je vois. Une diversion.
C'est un acte noble...$k$pMais cela ne fonctionne que tant que
la reine n'est pas capturée.$k
$Ws配信エリンシア|$Wa$pEn effet. C'est pourquoi je vous ai
invoqués pour distraire le chat.$k
$Wsusername|$Wa$p$E苦,汗|$SvpSE_VOICE_PLAYER_M#_EVT_10|C'est de bonne guerre...$k
$Ws配信エリンシア|$Wa$pBonne chance.
Je sais que nous gagnerons !$k
$Ws配信エリンシア|$Wd$w0|$w500|$Wsusername|$Wa$p$E怒,汗|$SvpSE_VOICE_PLAYER_M#_EVT_11|En somme, nous avons été invoqués
pour servir de boucliers humains...$k$pSes stratégies sont bien plus violentes
qu'elle n'y laisse paraître.$k","$t0$Wmusername|6$w0|$Wsusername|$Wa$SvpSE_VOICE_PLAYER_M#_EVT_9|...Wie konnten sie sich nur in diesem
Rattenloch in die Enge treiben lassen?$k
$Wm配信エリンシア|0$w0|$Ws配信エリンシア|$WaHerr Taktiker?$k
$Wsusername|$Wa$p$E苦,汗|$SvpSE_VOICE_PLAYER_M#_EVT_29|Oh! Äh, hallo. Hast du... Hast du das
mitbekommen? Entschuldige bitte...$k
$Ws配信エリンシア|$Wa$pDas ist schon in Ordnung.$k$pIn Wahrheit war es meine Absicht, in
diese Ruinen getrieben zu werden.$k
$Wsusername|$Wa$p$E通常,|$SvpSE_VOICE_PLAYER_M#_EVT_5|Was? Wieso denn?$k
$Ws配信エリンシア|$Wa$pBesser jagt die Katze die Rattenkönigin,
als dass sie ihre Untergebenen verfolgt.$k
$Wsusername|$Wa$p$SvpSE_VOICE_PLAYER_M#_EVT_13|Ha. Ich verstehe. Eine Ablenkung. Das
ist sehr großmütig von dir...$k$pAber das funktioniert nur, solange die
Königin nicht gefangen wird.$k
$Ws配信エリンシア|$Wa$pSo ist es. Deshalb habe ich ein neues
Spielzeug für die Katze beschworen...$k$p...Nämlich Euch.$k
$Wsusername|$Wa$p$E苦,汗|$SvpSE_VOICE_PLAYER_M#_EVT_10|...Nun gut.$k
$Ws配信エリンシア|$Wa$pViel Glück, mein Herr. Ich weiß, wir
werden obsiegen.$k
$Ws配信エリンシア|$Wd$w0|$w500|$Wsusername|$Wa$p$E怒,汗|$SvpSE_VOICE_PLAYER_M#_EVT_11|Also sind wir praktisch Elincias
lebender Schutzschild...$k$pSie ist eine viel ruchlosere
Taktikerin, als ich gedacht habe.$k","$t0$Wmusername|6$w0|$Wsusername|$Wa$SvpSE_VOICE_PLAYER_M#_EVT_9|Come sono riusciti a farsi mettere con
le spalle al muro in un buco del genere?$k
$Wm配信エリンシア|0$w0|$Ws配信エリンシア|$WaSignor stratega?$k
$Wsusername|$Wa$p$E苦,汗|$SvpSE_VOICE_PLAYER_M#_EVT_29|Oh! Ehm, salve. Hai... Hai sentito
quello che dicevo? Chiedo scusa.$k
$Ws配信エリンシア|$Wa$pNon c'è problema.$k$pA dire il vero volevo essere
inseguita in queste rovine.$k
$Wsusername|$Wa$p$E通常,|$SvpSE_VOICE_PLAYER_M#_EVT_5|Eh? Perché mai?$k
$Ws配信エリンシア|$Wa$pSe il gatto è distratto dalla regina dei
topi, non potrà infierire sui suoi sudditi.$k
$Wsusername|$Wa$p$SvpSE_VOICE_PLAYER_M#_EVT_13|Capisco. Un diversivo. È molto nobile...$k$pMa funziona solo se la regina
non si fa beccare.$k
$Ws配信エリンシア|$Wa$pPer questo ho evocato dei giocattoli
per tenere il gatto occupato... Voi.$k
$Wsusername|$Wa$p$E苦,汗|$SvpSE_VOICE_PLAYER_M#_EVT_10|Capisco.$k
$Ws配信エリンシア|$Wa$pBuona fortuna. So che ce la farete!$k
$Ws配信エリンシア|$Wd$w0|$w500|$Wsusername|$Wa$p$E怒,汗|$SvpSE_VOICE_PLAYER_M#_EVT_11|Quindi in pratica siamo carne
da macello per Elincia...$k$pÈ una stratega più brutale
di quanto non sembri.$k","$t0$Wmusername|6$w0|$Wsusername|$Wa$SvpSE_VOICE_PLAYER_M#_EVT_9|¿Cómo se han dejado acorralar de esta
manera?$k
$Wm配信エリンシア|0$w0|$Ws配信エリンシア|$Wa¿Señor estratega?$k
$Wsusername|$Wa$p$E苦,汗|$SvpSE_VOICE_PLAYER_M#_EVT_29|¡Oh! Esto... Hola. ¿Habéis... oído lo
que he dicho? Os pido disculpas...$k
$Ws配信エリンシア|$Wa$pNo pasa nada.$k$pLo cierto es que fue idea mía que nos
persiguieran hasta las ruinas.$k
$Wsusername|$Wa$p$E通常,|$SvpSE_VOICE_PLAYER_M#_EVT_5|¿Eh? ¿Por qué?$k
$Ws配信エリンシア|$Wa$pEs preferible que me persigan a mí
a que la tomen con mis súbditos.$k
$Wsusername|$Wa$p$SvpSE_VOICE_PLAYER_M#_EVT_13|Je. Entiendo. Una distracción.
Es un acto muy noble.$k$pPero solo servirá de algo si no
os atrapan.$k
$Ws配信エリンシア|$Wa$pEn efecto. Por eso os he convocado
a vosotros.$k
$Wsusername|$Wa$p$E苦,汗|$SvpSE_VOICE_PLAYER_M#_EVT_10|Supongo que es justo.$k
$Ws配信エリンシア|$Wa$pBuena suerte, mi señor.
¡Sé que venceréis!$k
$Ws配信エリンシア|$Wd$w0|$w500|$Wsusername|$Wa$p$E怒,汗|$SvpSE_VOICE_PLAYER_M#_EVT_11|Así que somos el escudo
humano de Elincia...$k$pEs más despiadada como
estratega de lo que parece.$k","$t0$Wmusername|6$w0|$Wsusername|$Wa$SvpSE_VOICE_PLAYER_M#_EVT_9|...How did they let themselves get
cornered in a rat hole like this?$k
$Wm配信エリンシア|0$w0|$Ws配信エリンシア|$WaSir Tactician?$k
$Wsusername|$Wa$p$E苦,汗|$SvpSE_VOICE_PLAYER_M#_EVT_29|Oh! Er, hello. Did you... Did you
overhear that? My apologies...$k
$Ws配信エリンシア|$Wa$pIt's all right.$k$pThe truth is, it was my intention
to be chased into these ruins.$k
$Wsusername|$Wa$p$E通常,|$SvpSE_VOICE_PLAYER_M#_EVT_5|Huh? Why?$k
$Ws配信エリンシア|$Wa$pBetter the cat is busy pursuing the
queen rat than pawing at her subjects.$k
$Wsusername|$Wa$p$SvpSE_VOICE_PLAYER_M#_EVT_13|Heh. I see. A diversion.
That's very noble...$k$pBut it works only so long as
the queen doesn't get caught.$k
$Ws配信エリンシア|$Wa$pIndeed. That's why I summoned a
new toy for the cat to play with―you.$k
$Wsusername|$Wa$p$E苦,汗|$SvpSE_VOICE_PLAYER_M#_EVT_10|...Fair enough.$k
$Ws配信エリンシア|$Wa$pGood luck, sir. I know
we will prevail!$k
$Ws配信エリンシア|$Wd$w0|$w500|$Wsusername|$Wa$p$E怒,汗|$SvpSE_VOICE_PLAYER_M#_EVT_11|So basically, we're Elincia's
meat shield...$k$pShe's a more brutal strategist
than she looks.$k","$t0$Wmusername|6$w0|$Wsusername|$Wa$SvpSE_VOICE_PLAYER_M#_EVT_9|...Nasıl böyle bir fare
deliginde köseye sıkıştırıldılar?$k
$Wm配信エリンシア|0$w0|$Ws配信エリンシア|$WaSayın Taktisyen mi?$k
$Wsusername|$Wa$p$E苦,汗|$SvpSE_VOICE_PLAYER_M#_EVT_29|Ah! Merhaba. Sen... Buna kulak
misafiri oldun mu? Özür dilerim...$k
$Ws配信エリンシア|$Wa$pSorun değil.$k$pGerçek şu ki niyetim bu
harabelere doğru kovalanmakti.$k
$Wsusername|$Wa$p$E通常|$SvpSE_VOICE_PLAYER_M#_EVT_5|Ha? Neden?$k
$Ws配信エリンシア|$Wa$pKedinin deneklerini pençelemektense
kraliçe fareyi takip etmekle meşgul olması
daha iyidir.$k
$Wsusername|$Wa$p$SvpSE_VOICE_PLAYER_M#_EVT_13|Heh. Anlıyorum. Bir oyalama. Bu çok
asil...$k$pAma bu ancak kraliçe
yakalanmadigi sürece ise yarar.$k
$Ws配信エリンシア|$Wa$pAslında. Bu yüzden kedinin sizinle
oynamasi için yeni bir oyuncak çagirdim.$k
$Wsusername|$Wa$p$E苦,汗|$SvpSE_VOICE_PLAYER_M#_EVT_10|...Haklısın.$k
$Ws配信エリンシア|$Wa$pİyi sanslar efendim.
Kazanacağımızı biliyorum!$k
$Ws配信エリンシア|$Wd$w0|$w500|$Wsusername|$Wa$p$E怒,汗|$SvpSE_VOICE_PLAYER_M#_EVT_11|Yani aslında biz Elincia'nin
et kalkaniyiz...$k$pGöründüğünden daha acımasız bir
strateji uzmanı.$k"
71,MID_E000_TK_配信エリンシア_プレイヤー_PCM2,,,,,"$t0$Wmusername|6$w0|$Wsusername|$Wa$SvpSE_VOICE_PLAYER_M#_EVT_9|…にしても、大変なところに
追い込まれたものだね。$k
$Wm配信エリンシア|0$w0|$Ws配信エリンシア|$Waあなたは、異世界の軍の
軍師ですね？$k
$Wsusername|$Wa$p$E苦,汗|$SvpSE_VOICE_PLAYER_M#_EVT_29|あっと、聞かれた！？$k$p…その、すいません。
そちらの軍を悪く言うつもりは…$k
$Ws配信エリンシア|$Wa$pいえ、いいのです。$k$pこの遺跡に追い込まれたのは
わざとですから。$k
$Wsusername|$Wa$p$E通常,|$SvpSE_VOICE_PLAYER_M#_EVT_5|え？　どうして？$k
$Ws配信エリンシア|$Wa$pここなら民に
被害を与えなくてすむでしょう？$k
$Wsusername|$Wa$p$SvpSE_VOICE_PLAYER_M#_EVT_13|あ、まあ、確かに…$k$pでも、それで負けてしまったら
元も子もないんじゃないのかな？$k
$Ws配信エリンシア|$Wa$pそのために、あなたたちを
呼んだのではないですか。$k
$Wsusername|$Wa$p$E苦,汗|$SvpSE_VOICE_PLAYER_M#_EVT_10|それはまあ
そうなんだろうけど…$k
$Ws配信エリンシア|$Wa$p期待していますよ。
頑張ってくださいね！$k
$Ws配信エリンシア|$Wd$w0|$w500|$Wsusername|$Wa$p$E怒,汗|$SvpSE_VOICE_PLAYER_M#_EVT_11|…それってつまり、僕たちを
最大限に利用するって事だよね。$k$pエリンシアさんって
意外と策士なのかも…$k","$t0$Wmusername|6$w0|$Wsusername|$Wa$SvpSE_VOICE_PLAYER_M#_EVT_9|Yine de epey zor bir duruma
düştünüz.$k
$Wm配信エリンシア|0$w0|$Ws配信エリンシア|$WaSiz başka dünyanın ordusunun
taktikçisisiniz, değil mi?$k
$Wsusername|$Wa$p$E苦,汗|$SvpSE_VOICE_PLAYER_M#_EVT_29|Ah, duydunuz mu?!$k$pŞey... özür dilerim. Ordunuzu
kötülemek istemedim...$k
$Ws配信エリンシア|$Wa$pHayır, sorun değil.$k$pBu harabelere bilerek çekildik.$k
$Wsusername|$Wa$p$E通常|$SvpSE_VOICE_PLAYER_M#_EVT_5|Ha? Neden?$k
$Ws配信エリンシア|$Wa$pBurada savaşsak halka zarar
gelmez, değil mi?$k
$Wsusername|$Wa$p$SvpSE_VOICE_PLAYER_M#_EVT_13|Ah, evet... doğru.$k$pAma burada yenilirseniz
her şey boşa gitmez mi?$k
$Ws配信エリンシア|$Wa$pSizi tam da bunun için
çağırmadık mı?$k
$Wsusername|$Wa$p$E苦,汗|$SvpSE_VOICE_PLAYER_M#_EVT_10|Evet, sanırım öyle ama...$k
$Ws配信エリンシア|$Wa$pSize güveniyorum.
Elinizden geleni yapın!$k
$Ws配信エリンシア|$Wd$w0|$w500|$Wsusername|$Wa$p$E怒,汗|$SvpSE_VOICE_PLAYER_M#_EVT_11|Yani... bizi sonuna kadar
kullanacaksınız, öyle mi?$k$pElincia beklediğimden
daha kurnaz olabilir...$k"
72,MID_E000_TK_配信エリンシア_プレイヤー_PCM3,,,,,"$t0$Wmusername|6$w0|$Wsusername|$Wa$E苦,汗|………$k
$Wm配信エリンシア|0$w0|$Ws配信エリンシア|$Waそうですね。仰る通り、大変なところに
追い込まれてしまいましたね。$k$p…あなたは、異世界の軍の
軍師ですね？$k
$Wsusername|$Wa$p$E通常,|！！！？$k$p$E苦,汗|……！　……！$k
$Ws配信エリンシア|$Wa$pいえ、
あやまらなくてもいいのですよ。$k$pこちらを悪く言うつもりがないのは
分かっていますから$k$pそれに、この遺跡に追い込まれたのは
わざとですので。$k
$Wsusername|$Wa$p$E通常,|！！！$k$p……？$k
$Ws配信エリンシア|$Wa$p理由ですか？　ここなら民に
被害を与えなくてすむでしょう？$k
$Wsusername|$Wa$p……？$k
$Ws配信エリンシア|$Wa$pええ。負けてしまったら
元も子もありません。$k$pですから、あなたたちを
呼んだのではないですか。$k
$Wsusername|$Wa$p$E通常,汗|…………$k
$Ws配信エリンシア|$Wa$pでは、期待していますよ。
頑張ってくださいね！$k
$Ws配信エリンシア|$Wd$w0|$w500|$Wsusername|$Wa$p$E笑,|…………$k","$t0$Wmusername|6$w0|$Wsusername|$Wa$E苦,汗|...$k
$Wm配信エリンシア|0$w0|$Ws配信エリンシア|$WaEvet. Haklısınız; oldukça zor
bir duruma sürüklendik.$k$p...Siz başka dünyanın ordusunun
taktikçisisiniz, değil mi?$k
$Wsusername|$Wa$p$E通常|?!$k$p$E苦,汗|...! ...!$k
$Ws配信エリンシア|$Wa$pHayır, özür dilemenize gerek yok.$k$pBizi kötülemek istemediğinizi
biliyorum.$k$pAyrıca bu harabelere
bilerek çekildik.$k
$Wsusername|$Wa$p$E通常|!!!$k$p...?$k
$Ws配信エリンシア|$Wa$pNeden mi? Burada savaşsak
halka zarar gelmez, değil mi?$k
$Wsusername|$Wa$p...?$k
$Ws配信エリンシア|$Wa$pEvet. Yenilirsek bunun
hiçbir anlamı kalmaz.$k$pBu yüzden sizi
çağırmadık mı zaten?$k
$Wsusername|$Wa$p$E通常,汗|...$k
$Ws配信エリンシア|$Wa$pSize güveniyorum.
Elinizden geleni yapın!$k
$Ws配信エリンシア|$Wd$w0|$w500|$Wsusername|$Wa$p$E笑|...$k"
73,MID_E000_TK_配信エリンシア_プレイヤー_PCF1,"$t0$Wmusername|6$w0|$Wsusername|$Wa$SvpSE_VOICE_PLAYER_F#_EVT_9|Comment ont-ils pu se laisser piéger
là comme des rats ?$k
$Wm配信エリンシア|0$w0|$Ws配信エリンシア|$WaPardon ?$k
$Wsusername|$Wa$p$E苦,汗|$SvpSE_VOICE_PLAYER_F#_EVT_29|Oh ! Euh, bonjour. Vous... Vous avez
entendu ? Toutes mes excuses...$k
$Ws配信エリンシア|$Wa$pCe n'est rien.$k$pÀ dire vrai, le piège dans les ruines
faisait partie de mon plan.$k
$Wsusername|$Wa$p$E通常,|$SvpSE_VOICE_PLAYER_F#_EVT_5|Ah bon ? Pourquoi ?$k
$Ws配信エリンシア|$Wa$pTant que le chat court après la reine
des rats, ses sujets sont saufs.$k
$Wsusername|$Wa$p$SvpSE_VOICE_PLAYER_F#_EVT_13|Ah. Je vois. Une diversion.
C'est un acte noble...$k$pMais cela ne fonctionne que tant que
la reine n'est pas capturée.$k
$Ws配信エリンシア|$Wa$pEn effet. C'est pourquoi je vous ai
invoqués pour distraire le chat.$k
$Wsusername|$Wa$p$E苦,汗|$SvpSE_VOICE_PLAYER_F#_EVT_10|C'est de bonne guerre...$k
$Ws配信エリンシア|$Wa$pBonne chance.
Je sais que nous gagnerons !$k
$Ws配信エリンシア|$Wd$w0|$w500|$Wsusername|$Wa$p$E怒,汗|$SvpSE_VOICE_PLAYER_F#_EVT_11|En somme, nous avons été invoqués
pour servir de boucliers humains...$k$pSes stratégies sont bien plus violentes
qu'elle n'y laisse paraître.$k","$t0$Wmusername|6$w0|$Wsusername|$Wa$SvpSE_VOICE_PLAYER_F#_EVT_9|...Wie konnten sie sich nur in diesem
Rattenloch in die Enge treiben lassen?$k
$Wm配信エリンシア|0$w0|$Ws配信エリンシア|$WaMeine Dame?$k
$Wsusername|$Wa$p$E苦,汗|$SvpSE_VOICE_PLAYER_F#_EVT_29|Oh! Äh, hallo. Hast du... Hast du das
mitbekommen? Entschuldige bitte...$k
$Ws配信エリンシア|$Wa$pDas ist schon in Ordnung.$k$pIn Wahrheit war es meine Absicht, in
diese Ruinen getrieben zu werden.$k
$Wsusername|$Wa$p$E通常,|$SvpSE_VOICE_PLAYER_F#_EVT_5|Was? Wieso denn?$k
$Ws配信エリンシア|$Wa$pBesser jagt die Katze die Rattenkönigin,
als dass sie ihre Untergebenen verfolgt.$k
$Wsusername|$Wa$p$SvpSE_VOICE_PLAYER_F#_EVT_13|Ha. Ich verstehe. Eine Ablenkung. Das
ist sehr großmütig von dir...$k$pAber das funktioniert nur, solange die
Königin nicht gefangen wird.$k
$Ws配信エリンシア|$Wa$pSo ist es. Deshalb habe ich ein neues
Spielzeug für die Katze beschworen...$k$p...Nämlich Euch.$k
$Wsusername|$Wa$p$E苦,汗|$SvpSE_VOICE_PLAYER_F#_EVT_10|...Nun gut.$k
$Ws配信エリンシア|$Wa$pViel Glück, meine Dame. Ich weiß, wir
werden obsiegen.$k
$Ws配信エリンシア|$Wd$w0|$w500|$Wsusername|$Wa$p$E怒,汗|$SvpSE_VOICE_PLAYER_F#_EVT_11|Also sind wir praktisch Elincias
lebender Schutzschild...$k$pSie ist eine viel ruchlosere
Taktikerin, als ich gedacht habe.$k","$t0$Wmusername|6$w0|$Wsusername|$Wa$SvpSE_VOICE_PLAYER_F#_EVT_9|Come sono riusciti a farsi mettere con
le spalle al muro in un buco del genere?$k
$Wm配信エリンシア|0$w0|$Ws配信エリンシア|$WaSignora stratega?$k
$Wsusername|$Wa$p$E苦,汗|$SvpSE_VOICE_PLAYER_F#_EVT_29|Oh! Ehm, salve. Hai... Hai sentito
quello che dicevo? Chiedo scusa.$k
$Ws配信エリンシア|$Wa$pNon c'è problema.$k$pA dire il vero volevo essere
inseguita in queste rovine.$k
$Wsusername|$Wa$p$E通常,|$SvpSE_VOICE_PLAYER_F#_EVT_5|Eh? Perché mai?$k
$Ws配信エリンシア|$Wa$pSe il gatto è distratto dalla regina dei
topi, non potrà infierire sui suoi sudditi.$k
$Wsusername|$Wa$p$SvpSE_VOICE_PLAYER_F#_EVT_13|Capisco. Un diversivo. È molto nobile...$k$pMa funziona solo se la regina
non si fa beccare.$k
$Ws配信エリンシア|$Wa$pPer questo ho evocato dei giocattoli
per tenere il gatto occupato... Voi.$k
$Wsusername|$Wa$p$E苦,汗|$SvpSE_VOICE_PLAYER_F#_EVT_10|Capisco.$k
$Ws配信エリンシア|$Wa$pBuona fortuna. So che ce la farete!$k
$Ws配信エリンシア|$Wd$w0|$w500|$Wsusername|$Wa$p$E怒,汗|$SvpSE_VOICE_PLAYER_F#_EVT_11|Quindi in pratica siamo carne
da macello per Elincia...$k$pÈ una stratega più brutale
di quanto non sembri.$k","$t0$Wmusername|6$w0|$Wsusername|$Wa$SvpSE_VOICE_PLAYER_F#_EVT_9|¿Cómo se han dejado acorralar de esta
manera?$k
$Wm配信エリンシア|0$w0|$Ws配信エリンシア|$Wa¿Señora estratega?$k
$Wsusername|$Wa$p$E苦,汗|$SvpSE_VOICE_PLAYER_F#_EVT_29|¡Oh! Esto... Hola. ¿Habéis... oído lo
que he dicho? Os pido disculpas...$k
$Ws配信エリンシア|$Wa$pNo pasa nada.$k$pLo cierto es que fue idea mía que nos
persiguieran hasta las ruinas.$k
$Wsusername|$Wa$p$E通常,|$SvpSE_VOICE_PLAYER_F#_EVT_5|¿Eh? ¿Por qué?$k
$Ws配信エリンシア|$Wa$pEs preferible que me persigan a mí
a que la tomen con mis súbditos.$k
$Wsusername|$Wa$p$SvpSE_VOICE_PLAYER_F#_EVT_13|Je. Entiendo. Una distracción.
Es un acto muy noble.$k$pPero solo servirá de algo si no
os atrapan.$k
$Ws配信エリンシア|$Wa$pEn efecto. Por eso os he convocado
a vosotros.$k
$Wsusername|$Wa$p$E苦,汗|$SvpSE_VOICE_PLAYER_F#_EVT_10|Supongo que es justo.$k
$Ws配信エリンシア|$Wa$pBuena suerte, mi señora.
¡Sé que venceréis!$k
$Ws配信エリンシア|$Wd$w0|$w500|$Wsusername|$Wa$p$E怒,汗|$SvpSE_VOICE_PLAYER_F#_EVT_11|Así que somos el escudo
humano de Elincia...$k$pEs más despiadada como
estratega de lo que parece.$k","$t0$Wmusername|6$w0|$Wsusername|$Wa$SvpSE_VOICE_PLAYER_F#_EVT_9|...How did they let themselves get
cornered in a rat hole like this?$k
$Wm配信エリンシア|0$w0|$Ws配信エリンシア|$WaLady Tactician?$k
$Wsusername|$Wa$p$E苦,汗|$SvpSE_VOICE_PLAYER_F#_EVT_29|Oh! Er, hello. Did you... Did you
overhear that? My apologies...$k
$Ws配信エリンシア|$Wa$pIt's all right.$k$pThe truth is, it was my intention
to be chased into these ruins.$k
$Wsusername|$Wa$p$E通常,|$SvpSE_VOICE_PLAYER_F#_EVT_5|Huh? Why?$k
$Ws配信エリンシア|$Wa$pBetter the cat is busy pursuing the
queen rat than pawing at her subjects.$k
$Wsusername|$Wa$p$SvpSE_VOICE_PLAYER_F#_EVT_13|Heh. I see. A diversion.
That's very noble...$k$pBut it works only so long as
the queen doesn't get caught.$k
$Ws配信エリンシア|$Wa$pIndeed. That's why I summoned a
new toy for the cat to play with―you.$k
$Wsusername|$Wa$p$E苦,汗|$SvpSE_VOICE_PLAYER_F#_EVT_10|...Fair enough.$k
$Ws配信エリンシア|$Wa$pGood luck, my lady.
I know we will prevail!$k
$Ws配信エリンシア|$Wd$w0|$w500|$Wsusername|$Wa$p$E怒,汗|$SvpSE_VOICE_PLAYER_F#_EVT_11|So basically, we're Elincia's
meat shield...$k$pShe's a more brutal strategist
than she looks.$k","$t0$Wmusername|6$w0|$Wsusername|$Wa$SvpSE_VOICE_PLAYER_F#_EVT_9|...Nasıl böyle bir fare
deliginde köseye sıkıştırıldılar?$k
$Wm配信エリンシア|0$w0|$Ws配信エリンシア|$WaBayan Taktisyen mi?$k
$Wsusername|$Wa$p$E苦,汗|$SvpSE_VOICE_PLAYER_F#_EVT_29|Ah! Merhaba. Sen... Buna kulak
misafiri oldun mu? Özür dilerim...$k
$Ws配信エリンシア|$Wa$pSorun değil.$k$pGerçek şu ki niyetim bu
harabelere doğru kovalanmakti.$k
$Wsusername|$Wa$p$E通常|$SvpSE_VOICE_PLAYER_F#_EVT_5|Ha? Neden?$k
$Ws配信エリンシア|$Wa$pKedinin deneklerini pençelemektense
kraliçe fareyi takip etmekle meşgul olması
daha iyidir.$k
$Wsusername|$Wa$p$SvpSE_VOICE_PLAYER_F#_EVT_13|Heh. Anlıyorum. Bir oyalama. Bu çok
asil...$k$pAma bu ancak kraliçe
yakalanmadigi sürece ise yarar.$k
$Ws配信エリンシア|$Wa$pAslında. Bu yüzden kedinin sizinle
oynamasi için yeni bir oyuncak çagirdim.$k
$Wsusername|$Wa$p$E苦,汗|$SvpSE_VOICE_PLAYER_F#_EVT_10|...Haklısın.$k
$Ws配信エリンシア|$Wa$pİyi sanslar
hanımefendi. Kazanacağımızı biliyorum!$k
$Ws配信エリンシア|$Wd$w0|$w500|$Wsusername|$Wa$p$E怒,汗|$SvpSE_VOICE_PLAYER_F#_EVT_11|Yani aslında biz Elincia'nin
et kalkaniyiz...$k$pGöründüğünden daha acımasız bir
strateji uzmanı.$k"
74,MID_E000_TK_配信エリンシア_プレイヤー_PCF2,,,,,"$t0$Wmusername|6$w0|$Wsusername|$Wa$SvpSE_VOICE_PLAYER_F#_EVT_9|…にしても、大変なところに
追い込まれたものですね。$k
$Wm配信エリンシア|0$w0|$Ws配信エリンシア|$Waあなたは、異世界の軍の
軍師ですね？$k
$Wsusername|$Wa$p$E苦,汗|$SvpSE_VOICE_PLAYER_F#_EVT_29|あ、聞かれちゃいました！？$k$p…その、すいません。
そちらの軍を悪く言うつもりは…$k
$Ws配信エリンシア|$Wa$pいえ、いいのです。$k$pこの遺跡に追い込まれたのは
わざとですから。$k
$Wsusername|$Wa$p$E通常,|$SvpSE_VOICE_PLAYER_F#_EVT_5|え？　どうしてです？$k
$Ws配信エリンシア|$Wa$pここなら民に
被害を与えなくてすむでしょう？$k
$Wsusername|$Wa$p$SvpSE_VOICE_PLAYER_F#_EVT_13|あ、まぁ、確かに…$k$pでも、それで負けてしまったら
元も子もないのでは？$k
$Ws配信エリンシア|$Wa$pそのために、あなたたちを
呼んだのではないですか。$k
$Wsusername|$Wa$p$E苦,汗|$SvpSE_VOICE_PLAYER_F#_EVT_10|それは、まあ
そうなのでしょうけど…$k
$Ws配信エリンシア|$Wa$p期待していますよ。
頑張ってくださいね！$k
$Ws配信エリンシア|$Wd$w0|$w500|$Wsusername|$Wa$p$E怒,汗|$SvpSE_VOICE_PLAYER_F#_EVT_11|…それってつまり、私たちを
最大限に利用するって事ですよね。$k$pエリンシアさんって
意外と策士なのかも…$k","$t0$Wmusername|6$w0|$Wsusername|$Wa$SvpSE_VOICE_PLAYER_F#_EVT_9|Yine de epey zor bir duruma
düştünüz.$k
$Wm配信エリンシア|0$w0|$Ws配信エリンシア|$WaSiz başka dünyanın ordusunun
taktikçisisiniz, değil mi?$k
$Wsusername|$Wa$p$E苦,汗|$SvpSE_VOICE_PLAYER_F#_EVT_29|Ah, duydunuz mu?!$k$pŞey... özür dilerim. Ordunuzu
kötülemek istemedim...$k
$Ws配信エリンシア|$Wa$pHayır, sorun değil.$k$pBu harabelere bilerek çekildik.$k
$Wsusername|$Wa$p$E通常|$SvpSE_VOICE_PLAYER_F#_EVT_5|Ha? Neden?$k
$Ws配信エリンシア|$Wa$pBurada savaşsak halka zarar
gelmez, değil mi?$k
$Wsusername|$Wa$p$SvpSE_VOICE_PLAYER_F#_EVT_13|Ah, evet... doğru.$k$pAma burada yenilirseniz
her şey boşa gitmez mi?$k
$Ws配信エリンシア|$Wa$pSizi tam da bunun için
çağırmadık mı?$k
$Wsusername|$Wa$p$E苦,汗|$SvpSE_VOICE_PLAYER_F#_EVT_10|Evet, sanırım öyle ama...$k
$Ws配信エリンシア|$Wa$pSize güveniyorum.
Elinizden geleni yapın!$k
$Ws配信エリンシア|$Wd$w0|$w500|$Wsusername|$Wa$p$E怒,汗|$SvpSE_VOICE_PLAYER_F#_EVT_11|Yani... bizi sonuna kadar
kullanacaksınız, öyle mi?$k$pElincia beklediğimden
daha kurnaz olabilir...$k"
75,MID_E000_TK_配信エリンシア_プレイヤー_PCF3,,,,,"$t0$Wmusername|6$w0|$Wsusername|$Wa$E苦,汗|………$k
$Wm配信エリンシア|0$w0|$Ws配信エリンシア|$Waそうですね。仰る通り、大変なところに
追い込まれてしまいましたね。$k$p…あなたは、異世界の軍の
軍師ですね？$k
$Wsusername|$Wa$p$E通常,|！！！？$k$p$E苦,汗|……！　……！$k
$Ws配信エリンシア|$Wa$pいえ、
あやまらなくてもいいのですよ。$k$pこちらを悪く言うつもりがないのは
分かっていますから$k$pそれに、この遺跡に追い込まれたのは
わざとですので。$k
$Wsusername|$Wa$p$E通常,|！！！$k$p……？$k
$Ws配信エリンシア|$Wa$p理由ですか？　ここなら民に
被害を与えなくてすむでしょう？$k
$Wsusername|$Wa$p……？$k
$Ws配信エリンシア|$Wa$pええ。負けてしまったら
元も子もありません。$k$pですから、あなたたちを
呼んだのではないですか。$k
$Wsusername|$Wa$p$E通常,汗|…………$k
$Ws配信エリンシア|$Wa$pでは、期待していますよ。
頑張ってくださいね！$k
$Ws配信エリンシア|$Wd$w0|$w500|$Wsusername|$Wa$p$E笑,|…………$k","$t0$Wmusername|6$w0|$Wsusername|$Wa$E苦,汗|...$k
$Wm配信エリンシア|0$w0|$Ws配信エリンシア|$WaEvet. Haklısınız; oldukça zor
bir duruma sürüklendik.$k$p...Siz başka dünyanın ordusunun
taktikçisisiniz, değil mi?$k
$Wsusername|$Wa$p$E通常|?!$k$p$E苦,汗|...! ...!$k
$Ws配信エリンシア|$Wa$pHayır, özür dilemenize gerek yok.$k$pBizi kötülemek istemediğinizi
biliyorum.$k$pAyrıca bu harabelere
bilerek çekildik.$k
$Wsusername|$Wa$p$E通常|!!!$k$p...?$k
$Ws配信エリンシア|$Wa$pNeden mi? Burada savaşsak
halka zarar gelmez, değil mi?$k
$Wsusername|$Wa$p...?$k
$Ws配信エリンシア|$Wa$pEvet. Yenilirsek bunun
hiçbir anlamı kalmaz.$k$pBu yüzden sizi
çağırmadık mı zaten?$k
$Wsusername|$Wa$p$E通常,汗|...$k
$Ws配信エリンシア|$Wa$pSize güveniyorum.
Elinizden geleni yapın!$k
$Ws配信エリンシア|$Wd$w0|$w500|$Wsusername|$Wa$p$E笑|...$k"
76,MID_E000_TK_配信ジョフレ_ジェローム,"$t0$Wm配信ジョフレ|0$w0|$Ws配信ジョフレ|$WaMerci d'être venu de si loin pour nous
aider, guerrier.$k
$Wmジェローム|6$w0|$Wsジェローム|$Wa$SvpSE_VOICE_JEROME_EVT_6|Je me bats ici seulement parce que mon
armée se bat ici.$k$pAllez remercier quelqu'un d'autre.$k
$Ws配信ジョフレ|$Wa$pMais votre présence ici a tout changé
pour nous !$k$pNous allons désormais pouvoir nous
façonner un nouveau destin !$k
$Wsジェローム|$Wa$p$SvpSE_VOICE_JEROME_EVT_2|C'est si simple que ça ?$k
$Ws配信ジョフレ|$Wa$pÇa ne l'est pas ?$k
$Wsジェローム|$Wa$p$E怒,|$SvpSE_VOICE_JEROME_EVT_3|J'ai assisté plus d'une fois à la cruauté
que le « destin » réserve à mon monde.$k$pEt j'ai vu les corps mutilés de ceux qui
avaient essayé de lui échapper.$k
$Ws配信ジョフレ|$Wa$pVous m'insultez. Ma vie n'a pas non
plus été un conte de fée.$k$pJ'étais sans royaume, sans souverain...
Mais j'ai lutté envers et contre tout.$k$pJe crois que je peux faire face à mon
destin et le bousculer !$k
$Wsジェローム|$Wa$p$E通常,|$SvpSE_VOICE_JEROME_EVT_13|Lui faire face ?$k
$Ws配信ジョフレ|$Wa$pC'est ça. Il ne faut pas lui échapper.
Il faut lui faire face ! Le combattre !$k$pTrouvez l'événement, la personne, qui
fera la différence.$k$pPour moi, c'était un chef mercenaire.$k$pN'avez-vous encore jamais ressenti ça ?
« Ce moment va tout changer ».$k
$Wsジェローム|$Wa$p$SvpSE_VOICE_JEROME_EVT_10|Peut-être que oui...$k
$Ws配信ジョフレ|$Wa$pBien. Alors vous devez comprendre
ce que j'ai voulu dire.$k$pVous nous avez donné une chance de
changer les choses.$k
$Wsジェローム|$Wa$p$E笑,|$SvpSE_VOICE_JEROME_EVT_17|Je vois... Alors espérons que tout se
passera comme vous le dites.$k
$Ws配信ジョフレ|$Wa$pCe sera le cas !$k","$t0$Wm配信ジョフレ|0$w0|$Ws配信ジョフレ|$WaHabt Dank, dass Ihr uns zu Hilfe kommt,
Krieger aus fernen Landen.$k
$Wmジェローム|6$w0|$Wsジェローム|$Wa$SvpSE_VOICE_JEROME_EVT_6|Ich kämpfe hier nur, weil meine Armee
auch da ist.$k$pRichte deinen Dank an jemand anders.$k
$Ws配信ジョフレ|$Wa$pAber Eure Anwesenheit hat
hier alles verändert.$k$pWir könnten unser Schicksal wieder
selbst in die Hand nehmen.$k
$Wsジェローム|$Wa$p$SvpSE_VOICE_JEROME_EVT_2|So einfach, ja?$k
$Ws配信ジョフレ|$Wa$pIst es das nicht?$k
$Wsジェローム|$Wa$p$E怒,|$SvpSE_VOICE_JEROME_EVT_3|Ich sah genug Leid, als ein blutiges
Schicksal meine Welt ereilte.$k$pUnd ich sah die Überreste derjenigen,
die meinten, sie könnten ihm entfliehen.$k
$Ws配信ジョフレ|$Wa$pIhr beleidigt mich, mein Herr. Ich hatte
auch kein märchenhaftes Leben.$k$pIch war herrenlos, ohne Königreich...
Und dennoch schlug ich mich durch.$k$pIch glaube, ich kann meinem Schicksal
entgegentreten und es überwinden!$k
$Wsジェローム|$Wa$p$E通常,|$SvpSE_VOICE_JEROME_EVT_13|Dem Schicksal entgegentreten?$k
$Ws配信ジョフレ|$Wa$pRichtig. Nicht vor ihm fliehen, sondern
sich ihm stellen! Es bekämpfen!$k$pFindet das Ereignis oder die Person, die
den Unterschied macht.$k$pFür mich war das ein Söldnerführer.$k$pHabt Ihr ihn noch nie gespürt? Den
einen Moment, der alles ändern kann?$k
$Wsジェローム|$Wa$p$SvpSE_VOICE_JEROME_EVT_10|Vielleicht habe ich das...$k
$Ws配信ジョフレ|$Wa$pNun gut. Dann solltet Ihr verstehen,
was ich meine.$k$pIhr habt uns die Chance gegeben,
etwas zu verändern.$k
$Wsジェローム|$Wa$p$E笑,|$SvpSE_VOICE_JEROME_EVT_17|Ich verstehe... Dann lass uns hoffen,
dass es so ausgeht, wie du es sagst.$k
$Ws配信ジョフレ|$Wa$pDas wird es!$k","$t0$Wm配信ジョフレ|0$w0|$Ws配信ジョフレ|$WaGrazie per essere venuto in nostro
aiuto, guerriero di un altro mondo.$k
$Wmジェローム|6$w0|$Wsジェローム|$Wa$SvpSE_VOICE_JEROME_EVT_6|Combatto solo perché lo
fanno i miei commilitoni.$k$pRingrazia qualcun altro.$k
$Ws配信ジョフレ|$Wa$pMa la vostra presenza
qui ha cambiato tutto!$k$pPotremo ancora crearci un destino
diverso da quello che ci attendeva!$k
$Wsジェローム|$Wa$p$SvpSE_VOICE_JEROME_EVT_2|È così facile, secondo te?$k
$Ws配信ジョフレ|$Wa$pPerché, no?$k
$Wsジェローム|$Wa$p$E怒,|$SvpSE_VOICE_JEROME_EVT_3|Ho visto fin troppo bene ciò che il
""destino"" ha in serbo per il mio mondo.$k$pE ho visto i cadaveri martoriati di
chi pensava di potervi sfuggire.$k
$Ws配信ジョフレ|$Wa$pMi insulti, amico. Neanch'io ho
vissuto in una favola per bambini.$k$pSono rimasto senza un regno, senza una
guida... e ho combattuto comunque.$k$pCredo di poter affrontare il mio destino
faccia a faccia e trovare la mia strada!$k
$Wsジェローム|$Wa$p$E通常,|$SvpSE_VOICE_JEROME_EVT_13|Affrontarlo faccia a faccia?$k
$Ws配信ジョフレ|$Wa$pEsattamente. Non cercando di sfuggire!
Affrontarlo! E combattere!$k$pTrovare l'evento o la persona
che farà la differenza.$k$pPer me, è stato un comandante
mercenario.$k$pNon hai mai avuto questa sensazione?
""Questo momento cambierà tutto.""$k
$Wsジェローム|$Wa$p$SvpSE_VOICE_JEROME_EVT_10|Forse sì...$k
$Ws配信ジョフレ|$Wa$pBene. Allora dovresti capirmi.$k$pCi avete dato la possibilità di
dare un nuovo corso alle cose.$k
$Wsジェローム|$Wa$p$E笑,|$SvpSE_VOICE_JEROME_EVT_17|Capisco... Spero che vada come dici tu.$k
$Ws配信ジョフレ|$Wa$pNe sono certo!$k","$t0$Wm配信ジョフレ|0$w0|$Ws配信ジョフレ|$WaGracias por venir en nuestro auxilio,
guerrero de otro mundo.$k
$Wmジェローム|6$w0|$Wsジェローム|$Wa$SvpSE_VOICE_JEROME_EVT_6|Solo lucho allí donde me lleva
mi ejército.$k$pDale las gracias a otro.$k
$Ws配信ジョフレ|$Wa$pPero ¡vuestra presencia ha
virado el rumbo de la batalla!$k$p¡Nos habéis dado un nuevo futuro!$k
$Wsジェローム|$Wa$p$SvpSE_VOICE_JEROME_EVT_2|¿Así de simple?$k
$Ws配信ジョフレ|$Wa$p¿No os parece suficiente?$k
$Wsジェローム|$Wa$p$E怒,|$SvpSE_VOICE_JEROME_EVT_3|He visto bien lo que el ""futuro""
le depara a mi mundo.$k$pY he visto los cadáveres mutilados de
aquellos que han intentado huir de él.$k
$Ws配信ジョフレ|$Wa$pMe ofendéis. Yo tampoco
he vivido en un cuento de hadas.$k$pMe quedé sin reino y sin señor...
pero aun así conseguí sobreponerme.$k$p¡Creo que puedo enfrentarme al destino
y superar sus vicisitudes!$k
$Wsジェローム|$Wa$p$E通常,|$SvpSE_VOICE_JEROME_EVT_13|¿Enfrentarte al destino?$k
$Ws配信ジョフレ|$Wa$pAsí es. No huyáis de él. ¡Enfrentaos
a él! ¡Luchad contra él!$k$pEncontrad aquello o a aquel que vaya
a marcar la diferencia.$k$pPara mí, fue el líder de un grupo
de mercenarios.$k$p¿No habéis tenido nunca esa sensación
de ""esto lo va a cambiar todo""?$k
$Wsジェローム|$Wa$p$SvpSE_VOICE_JEROME_EVT_10|Es posible...$k
$Ws配信ジョフレ|$Wa$pBien. Entonces debéis de saber
a qué me refiero.$k$pNos habéis dado la oportunidad
de reconducir las cosas.$k
$Wsジェローム|$Wa$p$E笑,|$SvpSE_VOICE_JEROME_EVT_17|Entiendo... Esperemos que todo vaya
tal y como has dicho.$k
$Ws配信ジョフレ|$Wa$p¡Sin duda lo hará!$k","$t0$Wm配信ジョフレ|0$w0|$Ws配信ジョフレ|$WaThank you for coming to our aid,
warrior from afar.$k
$Wmジェローム|6$w0|$Wsジェローム|$Wa$SvpSE_VOICE_JEROME_EVT_6|I only fight here because my
army does.$k$pDirect your thanks elsewhere.$k
$Ws配信ジョフレ|$Wa$pBut your presence here has
changed everything!$k$pWe may yet carve out a new
fate for ourselves!$k
$Wsジェローム|$Wa$p$SvpSE_VOICE_JEROME_EVT_2|That simple, is it?$k
$Ws配信ジョフレ|$Wa$p...Isn't it?$k
$Wsジェローム|$Wa$p$E怒,|$SvpSE_VOICE_JEROME_EVT_3|I've seen more than a gory eyeful of
what ""fate"" has in store for my world.$k$pAnd I've seen the mangled corpses
of those who thought to outrun it.$k
$Ws配信ジョフレ|$Wa$pYou insult me, sir. I have lived no
fairy tale, either.$k$pI was left kingdomless, masterless―
but I fought through that destruction.$k$pI believe I can face my fate head-on
and dash it aside!$k
$Wsジェローム|$Wa$p$E通常,|$SvpSE_VOICE_JEROME_EVT_13|Face it head-on?$k
$Ws配信ジョフレ|$Wa$pThat's right. Don't outrun it. Face it!
Fight it!$k$pFind the event, the person, who will
make the difference.$k$pFor me, it was one mercenary leader.$k$pHaven't you ever felt it before?
""This moment will change everything.""$k
$Wsジェローム|$Wa$p$SvpSE_VOICE_JEROME_EVT_10|Perhaps I have...$k
$Ws配信ジョフレ|$Wa$pAll right. Then you should
understand what I meant.$k$pYou've given us a chance to
shape things differently.$k
$Wsジェローム|$Wa$p$E笑,|$SvpSE_VOICE_JEROME_EVT_17|I see... Then let us hope
it goes as you say.$k
$Ws配信ジョフレ|$Wa$pIt will!$k","$t0$Wm配信ジョフレ|0$w0|$Ws配信ジョフレ|$WaYardımimiza geldiğiniz için teşekkür
ederiz, uzaktan savaşçı.$k
$Wmジェローム|6$w0|$Wsジェローム|$Wa$SvpSE_VOICE_JEROME_EVT_6|Ben burada savaşıyorum çünkü
ordum savaşıyor.$k$pTeşekkürlerinizi başka bir yere iletin.$k
$Ws配信ジョフレ|$Wa$pAma sizin buradaki varlığınız
her şeyi değiştirdi!$k$pKendimize yeni bir
kader çizebiliriz!$k
$Wsジェローム|$Wa$p$SvpSE_VOICE_JEROME_EVT_2|Bu kadar basit, değil mi?$k
$Ws配信ジョフレ|$Wa$p...değil mi?$k
$Wsジェローム|$Wa$p$E怒|$SvpSE_VOICE_JEROME_EVT_3|""Kaderin"" benim dünyam için neler
hazırladigina dair kanlı bir bakistan
fazlasını gördüm.$k$pVe ondan kaçmayi düşünenlerin
parçalanmis cesetlerini gördüm.$k
$Ws配信ジョフレ|$Wa$pBana hakaret ediyorsunuz efendim. Ben de
hiçbir masal yaşamadim.$k$pKralliksiz, efendisiz
bırakıldım ama bu yıkıma karşı savaştim.$k$pKaderimle yüzlesip onu bir kenara
atabileceğime inanıyorum!$k
$Wsジェローム|$Wa$p$E通常|$SvpSE_VOICE_JEROME_EVT_13|Doğrudan yüzleşmek mi?$k
$Ws配信ジョフレ|$Wa$pBu doğru. Kaçmayin. Yüzles! Savaş
onunla!$k$pFark yaratacak olayı,
kişiyi bulun.$k$pBenim için o bir paralı asker lideriydi.$k$pDaha önce hiç hissetmedin
mi? ""Bu an her şeyi değiştirecek.""$k
$Wsジェローム|$Wa$p$SvpSE_VOICE_JEROME_EVT_10|Belki de...$k
$Ws配信ジョフレ|$Wa$pElbette. O zaman ne demek
istediğimi anlamalisin.$k$pBize her şeyi farklı şekilde
şekillendirme şansı verdiniz.$k
$Wsジェローム|$Wa$p$E笑|$SvpSE_VOICE_JEROME_EVT_17|Anlıyorum... O halde umalim
da dediğin gibi olsun.$k
$Ws配信ジョフレ|$Wa$pO olacak!$k"
77,MID_E000_TK_配信ルキノ_リズ,"$t0$Wmリズ|6$w0|$Wsリズ|$Wa$E苦,汗|$SvpSE_VOICE_LIZ_EVT_17|Pfff... Quelle pagaille.$k
$Wm配信ルキノ|0$w0|$Ws配信ルキノ|$WaBonjour.
Quelque chose ne va pas ?$k
$Wsリズ|$Wa$p$SvpSE_VOICE_LIZ_EVT_18|Hmm... En quelque sorte...$k
$Ws配信ルキノ|$Wa$pAllez, dites-moi tout.
Je sais écouter les autres.$k
$Wsリズ|$Wa$p$E通常,|$SvpSE_VOICE_LIZ_EVT_19|Tu es sûre ?$k
$Ws配信ルキノ|$Wa$pÉvidemment. La reine Elincia a dit que
vous inverseriez le cours du combat.$k$pJe veux que vous soyez tous
d'excellente humeur.$k
$Wsリズ|$Wa$p$E困る,|$SvpSE_VOICE_LIZ_EVT_29|Eh bien... C'est mon frère.
Il s'est encore fâché contre moi.$k$pIl me reproche de ne pas bien suivre
les ordres.$k
$Ws配信ルキノ|$Wa$pVotre propre frère ?$k
$Wsリズ|$Wa$p$E怒,|$SvpSE_VOICE_LIZ_EVT_12|Oui ! Tu te rends compte ?$k$pJe repousse des ennemis, et Chrom ne
me lâche pas la bride.$k$pJe suis sa sœur, pas un chien. Argh...$k
$Ws配信ルキノ|$Wa$pHa ha ! Pauvre petite. Mais vous savez,
j'ai un petit frère aussi...$k$pAlors je comprends un peu ce que
ressent votre frère.$k$pIl se fait seulement du souci pour vous.
C'est tout.$k
$Wsリズ|$Wa$p$E苦,汗|$SvpSE_VOICE_LIZ_EVT_9|Alors ce n'est pas un fou de l'autorité ?$k
$Ws配信ルキノ|$Wa$pEssayez de vous mettre à sa place...
Comment vous sentiriez-vous ?$k
$Wsリズ|$Wa$p$E通常,|$SvpSE_VOICE_LIZ_EVT_24|Hmm... Tu as sûrement raison.$k$p$E笑,|Merci ! Je me sens beaucoup mieux
maintenant !$k","$t0$Wmリズ|6$w0|$Wsリズ|$Wa$E苦,汗|$SvpSE_VOICE_LIZ_EVT_17|Puh... So ein Ärger.$k
$Wm配信ルキノ|0$w0|$Ws配信ルキノ|$WaHallo, Fremde. Stimmt etwas nicht?$k
$Wsリズ|$Wa$p$SvpSE_VOICE_LIZ_EVT_18|Hmm... Kann man so sagen...$k
$Ws配信ルキノ|$Wa$pNur zu... Ihr könnt mir alles erzählen.
Ich bin eine gute Zuhörerin.$k
$Wsリズ|$Wa$p$E通常,|$SvpSE_VOICE_LIZ_EVT_19|Bist du sicher?$k
$Ws配信ルキノ|$Wa$pNatürlich. Königin Elincia sagte, Ihr
werdet den Schlachtverlauf ändern.$k$pIch möchte, dass Ihr in der
bestmöglichen Stimmung seid.$k
$Wsリズ|$Wa$p$E困る,|$SvpSE_VOICE_LIZ_EVT_29|Tja... es geht um meinen Bruder. Er ist
mal wieder sauer auf mich.$k$pEr sagt, ich wäre schlecht darin,
Befehle zu befolgen.$k
$Ws配信ルキノ|$Wa$pEuer eigener Bruder?$k
$Wsリズ|$Wa$p$E怒,|$SvpSE_VOICE_LIZ_EVT_12|Ich weiß! Kaum zu fassen! Oder nicht?$k$pIch kämpfe mir den Hintern wund und
Chrom hält mich an der kurzen Leine.$k$pIch bin seine Schwester,
nicht sein Hund. Hmpf...$k
$Ws配信ルキノ|$Wa$pHihi. Armes Ding. Aber ich habe auch
einen jüngeren Bruder...$k$pAlso kann ich die Reaktion des Herrn
Chrom durchaus verstehen.$k$pEr sorgt sich einfach um Euch.
Das ist alles.$k
$Wsリズ|$Wa$p$E苦,汗|$SvpSE_VOICE_LIZ_EVT_9|...Er hat keinen Kontrollwahn?$k
$Ws配信ルキノ|$Wa$pVersucht Euch, in seine Lage zu
versetzen. Wie würdet Ihr handeln?$k
$Wsリズ|$Wa$p$E通常,|$SvpSE_VOICE_LIZ_EVT_24|Hmm... Ich schätze, du hast Recht.$k$p$E笑,|Danke sehr! Ich fühle mich schon
viel besser!$k","$t0$Wmリズ|6$w0|$Wsリズ|$Wa$E苦,汗|$SvpSE_VOICE_LIZ_EVT_17|Uff... Che pasticcio.$k
$Wm配信ルキノ|0$w0|$Ws配信ルキノ|$WaSalve, straniera. Qualcosa non va?$k
$Wsリズ|$Wa$p$SvpSE_VOICE_LIZ_EVT_18|Uhm... In un certo senso...$k
$Ws配信ルキノ|$Wa$pForza, dimmi.
Sono brava ad ascoltare.$k
$Wsリズ|$Wa$p$E通常,|$SvpSE_VOICE_LIZ_EVT_19|Ne sei sicura?$k
$Ws配信ルキノ|$Wa$pCerto. La regina Elincia ha detto che
voi ribalterete le sorti della battaglia.$k$pVoglio che siate tutti nelle
migliori condizioni possibili.$k
$Wsリズ|$Wa$p$E困る,|$SvpSE_VOICE_LIZ_EVT_29|Beh... È per via di mio fratello.
Si è di nuovo arrabbiato con me.$k$pHa detto che non seguo bene gli ordini.$k
$Ws配信ルキノ|$Wa$pTuo fratello?$k
$Wsリズ|$Wa$p$E怒,|$SvpSE_VOICE_LIZ_EVT_12|Lo so! Incredibile, vero?$k$pIo sono qui a farmi in quattro a
combattere e lui tira il guinzaglio.$k$pSono sua sorella, non un cane... Ugh...$k
$Ws配信ルキノ|$Wa$pAh ah. poverina. Ma anch'io
ho un fratello minore...$k$pQuindi capisco un po'
le ragioni di Chrom.$k$pÈ solo preoccupato per te.
Tutto qui.$k
$Wsリズ|$Wa$p$E苦,汗|$SvpSE_VOICE_LIZ_EVT_9|Non è un maniaco del controllo, allora?$k
$Ws配信ルキノ|$Wa$pProva a immaginarti al suo posto...
Cosa faresti?$k
$Wsリズ|$Wa$p$E通常,|$SvpSE_VOICE_LIZ_EVT_24|Uhm... Immagino tu abbia ragione.$k$p$E笑,|Grazie! Mi sento molto meglio ora!$k","$t0$Wmリズ|6$w0|$Wsリズ|$Wa$E苦,汗|$SvpSE_VOICE_LIZ_EVT_17|¡Buf! ¡Qué follón!$k
$Wm配信ルキノ|0$w0|$Ws配信ルキノ|$WaHola, forastera. ¿Ocurre algo?$k
$Wsリズ|$Wa$p$SvpSE_VOICE_LIZ_EVT_18|Mmm... Más o menos...$k
$Ws配信ルキノ|$Wa$pPuedes contármelo si quieres.
Se me da bien escuchar a la gente.$k
$Wsリズ|$Wa$p$E通常,|$SvpSE_VOICE_LIZ_EVT_19|¿Estás segura?$k
$Ws配信ルキノ|$Wa$pClaro. La reina Elincia dice que
cambiaréis el curso de la batalla.$k$pQuiero que vuestro ánimo esté
lo mejor posible.$k
$Wsリズ|$Wa$p$E困る,|$SvpSE_VOICE_LIZ_EVT_29|Bueno... es mi hermano. Ha vuelto
a enfadarse conmigo.$k$pDice que no sigo bien las órdenes.$k
$Ws配信ルキノ|$Wa$p¿Tu propio hermano?$k
$Wsリズ|$Wa$p$E怒,|$SvpSE_VOICE_LIZ_EVT_12|¡Lo sé! ¿A que es increíble?$k$pAquí estoy yo, luchando con toda
mi alma, y Chrom pone las cosas peor.$k$p¡Soy su hermana, no un terrier! Jolín...$k
$Ws配信ルキノ|$Wa$p¡Ja, ja! Pobrecita. Pero yo también
tengo un hermano pequeño...$k$pAsí que creo entender a Chrom.$k$pTan solo se preocupa por ti.$k
$Wsリズ|$Wa$p$E苦,汗|$SvpSE_VOICE_LIZ_EVT_9|¿No lo hace porque quiere
controlarlo todo?$k
$Ws配信ルキノ|$Wa$pIntenta ponerte en su lugar.
¿Cómo te sentirías?$k
$Wsリズ|$Wa$p$E通常,|$SvpSE_VOICE_LIZ_EVT_24|Mmm... Supongo que tienes razón.$k$p$E笑,|¡Gracias! ¡Ya me encuentro mucho
mejor!$k","$t0$Wmリズ|6$w0|$Wsリズ|$Wa$E苦,汗|$SvpSE_VOICE_LIZ_EVT_17|Whew... What a mess.$k
$Wm配信ルキノ|0$w0|$Ws配信ルキノ|$WaHello, stranger.
Is something wrong?$k
$Wsリズ|$Wa$p$SvpSE_VOICE_LIZ_EVT_18|Hmm...sort of...$k
$Ws配信ルキノ|$Wa$pGo on―let it all out.
I'm a good listener.$k
$Wsリズ|$Wa$p$E通常,|$SvpSE_VOICE_LIZ_EVT_19|Are you sure?$k
$Ws配信ルキノ|$Wa$pOf course. Queen Elincia has said
you will change the tide of battle.$k$pI want you to be in the best
spirits possible.$k
$Wsリズ|$Wa$p$E困る,|$SvpSE_VOICE_LIZ_EVT_29|Well...it's my brother. He got mad
at me again.$k$pHe says I don't follow orders well.$k
$Ws配信ルキノ|$Wa$pYour own brother?$k
$Wsリズ|$Wa$p$E怒,|$SvpSE_VOICE_LIZ_EVT_12|I know! Can you believe it?$k$pI'm out here fighting my butt off,
and Chrom just tightens the leash.$k$pI'm a sister, not a terrier. Ugh...$k
$Ws配信ルキノ|$Wa$pHa ha. Poor thing. But I have a
younger brother, too...$k$pSo I understand a bit where Sir
Chrom is coming from.$k$pHe's just worried about you.
That's all it is.$k
$Wsリズ|$Wa$p$E苦,汗|$SvpSE_VOICE_LIZ_EVT_9|...He's not a control freak?$k
$Ws配信ルキノ|$Wa$pTry to put yourself in his position...
How would you feel about it?$k
$Wsリズ|$Wa$p$E通常,|$SvpSE_VOICE_LIZ_EVT_24|Hmm... I guess that's true.$k$p$E笑,|Thanks! I feel a lot better now!$k","$t0$Wmリズ|6$w0|$Wsリズ|$Wa$E苦,汗|$SvpSE_VOICE_LIZ_EVT_17|Off... Ne karmaşa.$k
$Wm配信ルキノ|0$w0|$Ws配信ルキノ|$WaMerhaba yabancı.
Bir sorun mu var?$k
$Wsリズ|$Wa$p$SvpSE_VOICE_LIZ_EVT_18|Hımm...bir nevi...$k
$Ws配信ルキノ|$Wa$pAnlat bakalım, içini dök.
Ben iyi bir dinleyiciyim.$k
$Wsリズ|$Wa$p$E通常|$SvpSE_VOICE_LIZ_EVT_19|Emin misin?$k
$Ws配信ルキノ|$Wa$pElbette. Kraliçe Elincia savaşın
gidişatını değiştireceğini söyledi.$k$pMoralinin olabildiğince yüksek
olmasını istiyorum.$k
$Wsリズ|$Wa$p$E困る|$SvpSE_VOICE_LIZ_EVT_29|Şey... o benim kardeşim. Bana
yine kızdi.$k$pEmirlere pek uymadigimi söylüyor.$k
$Ws配信ルキノ|$Wa$pKendi kardeşin mi?$k
$Wsリズ|$Wa$p$E怒|$SvpSE_VOICE_LIZ_EVT_12|Biliyorum! Buna inanabiliyor musun?$k$pBen burada canımı dişime takıp
savaşıyorum; Chrom ise tasmayı
daha da sıkıyor.$k$pBen bir kız kardeşiyim, terrier değil.
Ah...$k
$Ws配信ルキノ|$Wa$pHa ha. Zavallı şey. Ama benim de
küçük bir erkek kardeşim var...$k$pBu yüzden Chrom'un neden böyle
davrandığını biraz anlıyorum.$k$pO sadece senin için
endişeleniyor. Hepsi bu.$k
$Wsリズ|$Wa$p$E苦,汗|$SvpSE_VOICE_LIZ_EVT_9|...O bir kontrol manyağı değil mi?$k
$Ws配信ルキノ|$Wa$pKendini onun yerine koy...
Sen olsan ne hissederdin?$k
$Wsリズ|$Wa$p$E通常|$SvpSE_VOICE_LIZ_EVT_24|Hmm... Sanırım doğru.$k$p$E笑|Teşekkürler! Artık kendimi çok daha iyi
hissediyorum!$k"
78,MID_E000_TK_配信アシュナード_インバース,"$t0$Wmインバース|6$w0|$Wsインバース|$Wa$SvpSE_VOICE_INVERSE_EVT_5|Oh ! Cet air austère... Alors votre
armée compte quelques vrais hommes ?$k$pRavie de voir que vous n'êtes pas tous
des philanthropes en culotte courte.$k
$Wm配信アシュナード|0$w0|$Ws配信アシュナード|$WaQue me voulez-vous ?$k
$Wsインバース|$Wa$p$E笑,|$SvpSE_VOICE_INVERSE_EVT_21|Pourquoi pas... faire un peu mieux
connaissance ?$k
$Ws配信アシュナード|$Wa$pNon.$k
$Wsインバース|$Wa$p$E怒,|$SvpSE_VOICE_INVERSE_EVT_11|« Non » ?! Et pourquoi ça ?$k
$Ws配信アシュナード|$Wa$pJe ne suis pas curieux. Je n'ai pas envie
de « faire connaissance » avec vous.$k
$Wsインバース|$Wa$p$E通常,|$SvpSE_VOICE_INVERSE_EVT_7|Hmm. Loup solitaire depuis toujours et
jusqu'à la fin des temps, c'est ça ?$k$pVous ne pouvez pas rester seu...$k
$Ws配信アシュナード|$Wa$pJe ne me bats pas seul.$k
$Wsインバース|$Wa$p$E怒,|$SvpSE_VOICE_INVERSE_EVT_22|Alors qui combat avec vous ?$k
$Ws配信アシュナード|$Wa$pMes serviteurs.$k
$Wsインバース|$Wa$p$E通常,|$SvpSE_VOICE_INVERSE_EVT_15|« Serviteurs » ? Ha ! Et vous faites
comment pour qu'ils vous suivent ?$k
$Ws配信アシュナード|$Wa$pJe les soumets.$k$pLe pouvoir est la seule source de justice
dans ce monde.$k$pLes faibles sont faits pour être dominés
et asservis.$k$pSi vous voulez me connaître, voici vos
choix : soumettez-vous ou battez-moi.$k
$Wsインバース|$Wa$p$SvpSE_VOICE_INVERSE_EVT_13|Je suis désolée de le dire, mais nous ne
sommes pas faits l'un pour l'autre...$k
$Ws配信アシュナード|$Wa$pAlors allez voir ailleurs.$k
$Wsインバース|$Wa$p$E笑,|$SvpSE_VOICE_INVERSE_EVT_9|Avec plaisir !$k
$Wsインバース|$Wd$w0|$w500|$Ws配信アシュナード|$Wa$pLe pouvoir est la seule chose préservant
ce monde d'un chaos total.$k$pSeul un idiot ne s'en rendrait pas
compte...$k","$t0$Wmインバース|6$w0|$Wsインバース|$Wa$SvpSE_VOICE_INVERSE_EVT_5|Oh! So ein ernstes Gesicht! Dann gibt
es in dieser Armee also echte Männer?$k$pSchön, dass nicht alle von euch frisch
geschlüpfte Gutmenschen sind.$k
$Wm配信アシュナード|0$w0|$Ws配信アシュナード|$WaWas wollt Ihr?$k
$Wsインバース|$Wa$p$E笑,|$SvpSE_VOICE_INVERSE_EVT_21|Wieso... lernen wir uns nicht
etwas besser kennen?$k
$Ws配信アシュナード|$Wa$pNein.$k
$Wsインバース|$Wa$p$E怒,|$SvpSE_VOICE_INVERSE_EVT_11|Nein?!? Und wieso nicht?$k
$Ws配信アシュナード|$Wa$pEs ist mir egal. Ich muss niemanden
kennenlernen.$k
$Wsインバース|$Wa$p$E通常,|$SvpSE_VOICE_INVERSE_EVT_7|Hmpf. Ein einsamer Wolf bis zum
bitteren Ende, ja?$k$pDu kannst diese Front nicht für imm--$k
$Ws配信アシュナード|$Wa$pIch kämpfe nicht allein.$k
$Wsインバース|$Wa$p$E怒,|$SvpSE_VOICE_INVERSE_EVT_22|Und wer kämpft mit dir?$k
$Ws配信アシュナード|$Wa$pMeine Knechte.$k
$Wsインバース|$Wa$p$E通常,|$SvpSE_VOICE_INVERSE_EVT_15|Knechte? Ha! Und wo bekommst
du sie her?$k
$Ws配信アシュナード|$Wa$pIch mache sie mir untertan.$k$pIn dieser Welt ist Macht der einzige
Maßstab.$k$pDiejenigen ohne Macht werden erobert
und müssen dienen.$k$pDient mir, oder besiegt mich.
Es gibt keinen anderen Weg.$k
$Wsインバース|$Wa$p$SvpSE_VOICE_INVERSE_EVT_13|Oh Junge... Ich sage es nur ungern,
aber wir beide gehören nicht zusammen.$k
$Ws配信アシュナード|$Wa$pDann seid so gut und entfernt Euch.$k
$Wsインバース|$Wa$p$E笑,|$SvpSE_VOICE_INVERSE_EVT_9|Das mache ich mit Freuden!$k
$Wsインバース|$Wd$w0|$w500|$Ws配信アシュナード|$Wa$pMacht ist das Einzige, was die Welt
vor dem Chaos bewahrt.$k$pNur ein Narr vermag das
nicht zu erkennen...$k","$t0$Wmインバース|6$w0|$Wsインバース|$Wa$SvpSE_VOICE_INVERSE_EVT_5|Oh! Quell'espressione risoluta...$k$pQuindi nella vostra armata c'è
anche qualche vero uomo?$k$pSono felice di vedere che non siete
tutti benefattori freschi di pannolino.$k
$Wm配信アシュナード|0$w0|$Ws配信アシュナード|$WaCosa vuoi?$k
$Wsインバース|$Wa$p$E笑,|$SvpSE_VOICE_INVERSE_EVT_21|Perché non ci... conosciamo
un po' meglio?$k
$Ws配信アシュナード|$Wa$pNo.$k
$Wsインバース|$Wa$p$E怒,|$SvpSE_VOICE_INVERSE_EVT_11|""No""?! E perché no?$k
$Ws配信アシュナード|$Wa$pNon mi interessa. Non ho bisogno
di ""conoscere meglio"" nessuno.$k
$Wsインバース|$Wa$p$E通常,|$SvpSE_VOICE_INVERSE_EVT_7|Umpf. Un lupo solitario ora e
fino alla fine dei tempi, eh?$k$pNon puoi tenere quel fronte per se-$k
$Ws配信アシュナード|$Wa$pNon combatto da solo.$k
$Wsインバース|$Wa$p$E怒,|$SvpSE_VOICE_INVERSE_EVT_22|E chi combatte con te, allora?$k
$Ws配信アシュナード|$Wa$pI miei servitori.$k
$Wsインバース|$Wa$p$E通常,|$SvpSE_VOICE_INVERSE_EVT_15|Dei ""servitori""? Ah!
E come sono entrati al tuo servizio?$k
$Ws配信アシュナード|$Wa$pLi ho piegati al mio volere.$k$pIl potere è l'unica vera fonte
di giustizia al mondo.$k$pChi è privo di potere esiste per
essere soggiogato e servire.$k$pSe vuoi conoscermi, obbediscimi
o battimi. Non c'è altro modo.$k
$Wsインバース|$Wa$p$SvpSE_VOICE_INVERSE_EVT_13|Oh... Mi dispiace dirlo, ma tra te
e me proprio non c'è simpatia.$k
$Ws配信アシュナード|$Wa$pAllora fammi la cortesia di sparire.$k
$Wsインバース|$Wa$p$E笑,|$SvpSE_VOICE_INVERSE_EVT_9|Con piacere!$k
$Wsインバース|$Wd$w0|$w500|$Ws配信アシュナード|$Wa$pIl potere è l'unica cosa che preserva
questo mondo dal caos più totale.$k$pSolo un folle non lo capirebbe...$k","$t0$Wmインバース|6$w0|$Wsインバース|$Wa$SvpSE_VOICE_INVERSE_EVT_5|¡Qué expresión más severa! Parece que
tu ejército tiene hombres de verdad.$k$pEs un alivio ver que no sois todos una
panda de buenazos.$k
$Wm配信アシュナード|0$w0|$Ws配信アシュナード|$Wa¿Qué es lo que quieres?$k
$Wsインバース|$Wa$p$E笑,|$SvpSE_VOICE_INVERSE_EVT_21|Tan solo que... nos conozcamos
un poco mejor.$k
$Ws配信アシュナード|$Wa$pNo.$k
$Wsインバース|$Wa$p$E怒,|$SvpSE_VOICE_INVERSE_EVT_11|¡¿""No""?! ¿Y eso por qué?$k
$Ws配信アシュナード|$Wa$pPorque no me interesa. No necesito
""conocer mejor"" a nadie.$k
$Wsインバース|$Wa$p$E通常,|$SvpSE_VOICE_INVERSE_EVT_7|Mmmf. Vas de lobo solitario
por la vida, ¿eh?$k$pNo puedes seguir así para sie...$k
$Ws配信アシュナード|$Wa$pYo no lucho solo.$k
$Wsインバース|$Wa$p$E怒,|$SvpSE_VOICE_INVERSE_EVT_22|¿Quién lucha a tu lado, entonces?$k
$Ws配信アシュナード|$Wa$pMis sirvientes.$k
$Wsインバース|$Wa$p$E通常,|$SvpSE_VOICE_INVERSE_EVT_15|¿""Sirvientes""? ¡Ja! ¿Y dónde
te los has procurado?$k
$Ws配信アシュナード|$Wa$pLos someto.$k$pEl poder es la única fuente de justicia
auténtica en este mundo.$k$pLos que carecen de él están destinados
a ser conquistados y a ser siervos.$k$pSi quieres conocerme, sírveme o
derrótame. No hay otra manera.$k
$Wsインバース|$Wa$p$SvpSE_VOICE_INVERSE_EVT_13|Vaya... Odio decir esto, pero tú y yo no
estamos hechos el uno para el otro.$k
$Ws配信アシュナード|$Wa$pEntonces, ten la amabilidad de
apartarte de mi vista.$k
$Wsインバース|$Wa$p$E笑,|$SvpSE_VOICE_INVERSE_EVT_9|¡Será un placer!$k
$Wsインバース|$Wd$w0|$w500|$Ws配信アシュナード|$Wa$pEl poder es lo único que evita que
el mundo caiga en el caos absoluto.$k$pSolo un estúpido sería incapaz
de dase cuenta de eso...$k","$t0$Wmインバース|6$w0|$Wsインバース|$Wa$SvpSE_VOICE_INVERSE_EVT_5|Oh! That stern expression...
Then your army has some real men?$k$pGlad to see you're not all do-gooders
fresh out of your nappies.$k
$Wm配信アシュナード|0$w0|$Ws配信アシュナード|$WaWhat do you want?$k
$Wsインバース|$Wa$p$E笑,|$SvpSE_VOICE_INVERSE_EVT_21|Why don't we...get to know
each other?$k
$Ws配信アシュナード|$Wa$pNo.$k
$Wsインバース|$Wa$p$E怒,|$SvpSE_VOICE_INVERSE_EVT_11|""No""?! And why not?$k
$Ws配信アシュナード|$Wa$pI don't care to. I don't need to
""get to know"" anyone.$k
$Wsインバース|$Wa$p$E通常,|$SvpSE_VOICE_INVERSE_EVT_7|Hmph. A lone wolf now and until
the end of time, is that it?$k$pYou can't keep up that front fore―$k
$Ws配信アシュナード|$Wa$pI don't fight alone.$k
$Wsインバース|$Wa$p$E怒,|$SvpSE_VOICE_INVERSE_EVT_22|Then who fights with you?$k
$Ws配信アシュナード|$Wa$pMy servants.$k
$Wsインバース|$Wa$p$E通常,|$SvpSE_VOICE_INVERSE_EVT_15|""Servants""? Ha! And where do
you go about getting those?$k
$Ws配信アシュナード|$Wa$pI subjugate them.$k$pPower is this world's only true
source of justice.$k$pThose without it are meant to
be conquered and serve.$k$pIf you would know me, then serve
me or best me. There's no other way.$k
$Wsインバース|$Wa$p$SvpSE_VOICE_INVERSE_EVT_13|Oh dear... I hate to say this, but you
and I are just not meant to be.$k
$Ws配信アシュナード|$Wa$pThen kindly remove yourself
from my presence.$k
$Wsインバース|$Wa$p$E笑,|$SvpSE_VOICE_INVERSE_EVT_9|With pleasure!$k
$Wsインバース|$Wd$w0|$w500|$Ws配信アシュナード|$Wa$pPower is the only thing keeping
this world from total chaos.$k$pOnly a fool wouldn't see that...$k","$t0$Wmインバース|6$w0|$Wsインバース|$Wa$SvpSE_VOICE_INVERSE_EVT_5|Ah! O sert ifade... O halde
ordunun gerçek adamları mı var?$k$pHepinizin bebek bezlerinden yeni çıkmış
iyilikseverler olmadığınızı gördüğüme
sevindim.$k
$Wm配信アシュナード|0$w0|$Ws配信アシュナード|$WaNe istiyorsun?$k
$Wsインバース|$Wa$p$E笑|$SvpSE_VOICE_INVERSE_EVT_21|Neden biz... birbirimizi
tanimiyoruz?$k
$Ws配信アシュナード|$Wa$pHAYIR.$k
$Wsインバース|$Wa$p$E怒|$SvpSE_VOICE_INVERSE_EVT_11|""HAYIR""?! Peki neden olmasın?$k
$Ws配信アシュナード|$Wa$pUmurumda değil. Kimseyi
""tanımaya"" ihtiyacım yok.$k
$Wsインバース|$Wa$p$E通常|$SvpSE_VOICE_INVERSE_EVT_7|Hmph. Şimdi ve zamanın sonuna
kadar yalnız bir kurt, öyle mi?$k$pBu kadar ön planda kalamazsiniz―$k
$Ws配信アシュナード|$Wa$pTek başıma savaşmıyorum.$k
$Wsインバース|$Wa$p$E怒|$SvpSE_VOICE_INVERSE_EVT_22|Peki seninle kim kavga ediyor?$k
$Ws配信アシュナード|$Wa$pHizmetçilerim.$k
$Wsインバース|$Wa$p$E通常|$SvpSE_VOICE_INVERSE_EVT_15|""Hizmetçiler"" mi? Ha! Peki
bunları almak için nereye gideceksin?$k
$Ws配信アシュナード|$Wa$pOnlara boyun egdiriyorum.$k$pGüç, bu dünyanın tek gerçek
adalet kaynagidir.$k$pOna sahip olmayanların fethedilmesi
ve hizmet etmesi gerekiyor.$k$pEğer beni tanıyorsan, ya bana
hizmet et, ya da beni yen. Başka yolu yok.$k
$Wsインバース|$Wa$p$SvpSE_VOICE_INVERSE_EVT_13|Ah canım... Bunu söylemekten nefret
ediyorum ama sen ve ben böyle olmak
zorunda değiliz.$k
$Ws配信アシュナード|$Wa$pO zaman lütfen
huzurumdan uzaklaş.$k
$Wsインバース|$Wa$p$E笑|$SvpSE_VOICE_INVERSE_EVT_9|Memnuniyetle!$k
$Wsインバース|$Wd$w0|$w500|$Ws配信アシュナード|$Wa$pBu dünyayı tam bir kaostan
koruyan tek şey güçtür.$k$pBunu ancak bir aptal göremez...$k"
79,MID_E000_TK_配信アイク_ロンクー,"$t0$Wm配信アイク|0$w0|$Ws配信アイク|$WaVous voulez quelque chose ?
Vous n'arrêtez pas de regarder par ici.$k
$Wmロンクー|6$w0|$Wsロンクー|$Wa$SvpSE_VOICE_RONKUU_EVT_11|Non, ce n'est rien.$k
$Ws配信アイク|$Wa$pLes yeux dans le vide, hein ?$k
$Wsロンクー|$Wa$p$Eキメ,|$SvpSE_VOICE_RONKUU_EVT_14|Vous m'avez l'air d'un redoutable
guerrier, alors je vous observe.$k
$Ws配信アイク|$Wa$pVraiment ?$k
$Wsロンクー|$Wa$p$E通常,|$SvpSE_VOICE_RONKUU_EVT_4|Je m'engage dans des combats dans
le seul but de devenir plus fort.$k$pJe ne connais qu'une poignée de
guerriers aussi forts que vous.$k$pCe qui veut dire... que votre technique
mérite une attention particulière.$k
$Ws配信アイク|$Wa$pJe vois. Observez tant que vous voulez,
mais ne vous laissez pas distraire.$k
$Wsロンクー|$Wa$p$E怒,|$SvpSE_VOICE_RONKUU_EVT_14|C'est vous qui m'intéressez. Pas les
fourmis que j'écrase pendant ce temps.$k
$Ws配信アイク|$Wa$pHa ! Soit.$k
$Wsロンクー|$Wa$p$E通常,|$SvpSE_VOICE_RONKUU_EVT_20|Faites comme si je ne regardais pas.$k$pSi vous me permettez... Choisissez un
adversaire puissant.$k
$Ws配信アイク|$Wa$pJe ne monte pas un spectacle ici, vous
savez...$k","$t0$Wm配信アイク|0$w0|$Ws配信アイク|$WaSucht Ihr etwas? Ihr seht andauernd
in meine Richtung.$k
$Wmロンクー|6$w0|$Wsロンクー|$Wa$SvpSE_VOICE_RONKUU_EVT_11|Ach, es ist nichts.$k
$Ws配信アイク|$Wa$pSchielt Ihr etwa?$k
$Wsロンクー|$Wa$p$Eキメ,|$SvpSE_VOICE_RONKUU_EVT_14|...Ich habe dich beobachtet. Mit dir
muss man auf jeden Fall rechnen.$k
$Ws配信アイク|$Wa$pIm Ernst?$k
$Wsロンクー|$Wa$p$E通常,|$SvpSE_VOICE_RONKUU_EVT_4|Ich habe nur einen Grund zu kämpfen:
Ich will stärker werden!$k$pIch kenne nur eine Handvoll Krieger,
die so stark sind wie du.$k$pDas heißt, dass deine Kampftechnik
nähere Beobachtung verdient.$k
$Ws配信アイク|$Wa$pIch verstehe. Tja, beobachtet, so viel
Ihr wollt. Aber lenkt Euch das nicht ab?$k
$Wsロンクー|$Wa$p$E怒,|$SvpSE_VOICE_RONKUU_EVT_14|Du interessierst mich. Nicht die Fliegen,
die ich töte, während ich dir zusehe.$k
$Ws配信アイク|$Wa$pHa! Na schön.$k
$Wsロンクー|$Wa$p$E通常,|$SvpSE_VOICE_RONKUU_EVT_20|Verhalte dich einfach wie immer.$k$p...Aber eine Bitte hätte ich:
Such dir jemand Starken aus.$k
$Ws配信アイク|$Wa$pIch werde hier kein Theater machen,
wisst Ihr...$k","$t0$Wm配信アイク|0$w0|$Ws配信アイク|$WaTi serve qualcosa? Continui a
guardare da questa parte.$k
$Wmロンクー|6$w0|$Wsロンクー|$Wa$SvpSE_VOICE_RONKUU_EVT_11|Non è niente.$k
$Ws配信アイク|$Wa$pSei strabico, eh?$k
$Wsロンクー|$Wa$p$Eキメ,|$SvpSE_VOICE_RONKUU_EVT_14|Solo a guardarti si capisce che saresti
un avversario formidabile.$k
$Ws配信アイク|$Wa$pDavvero?$k
$Wsロンクー|$Wa$p$E通常,|$SvpSE_VOICE_RONKUU_EVT_4|L'unica ragione per cui affronto una
battaglia dopo l'altra è migliorarmi.$k$pHo incontrato pochi guerrieri forti
quanto te. Potrei contarli su una mano.$k$pIl che significa che è il caso di
osservarti con attenzione.$k
$Ws配信アイク|$Wa$pCapisco. Beh, puoi osservare finché
vuoi, ma non rischi di distrarti?$k
$Wsロンクー|$Wa$p$E怒,|$SvpSE_VOICE_RONKUU_EVT_14|Sei tu a interessarmi. Non gli insetti
che schiaccio mentre ti guardo.$k
$Ws配信アイク|$Wa$pAh! Come vuoi.$k
$Wsロンクー|$Wa$p$E通常,|$SvpSE_VOICE_RONKUU_EVT_20|Basta che tu faccia quello che sai fare.$k$pSe posso farti una richiesta, cerca
di affrontare qualcuno di forte.$k
$Ws配信アイク|$Wa$pNon sono qui per dare spettacolo, sai?!$k","$t0$Wm配信アイク|0$w0|$Ws配信アイク|$Wa¿Necesitas algo? No dejas de mirarme.$k
$Wmロンクー|6$w0|$Wsロンクー|$Wa$SvpSE_VOICE_RONKUU_EVT_11|No es nada.$k
$Ws配信アイク|$Wa$p¿Tienes un ojo vago?$k
$Wsロンクー|$Wa$p$Eキメ,|$SvpSE_VOICE_RONKUU_EVT_14|Es evidente que eres muy poderoso,
así que te estaba observando.$k
$Ws配信アイク|$Wa$p¿En serio?$k
$Wsロンクー|$Wa$p$E通常,|$SvpSE_VOICE_RONKUU_EVT_4|Solo entro en combate para
hacerme más fuerte.$k$pY rara vez me he topado con guerreros
tan poderosos como tú.$k$pLo cual quiere decir que merece la pena
observar tu técnica de cerca.$k
$Ws配信アイク|$Wa$pEntiendo. Bueno, observa todo lo que
quieras, pero ¿eso no te distraerá?$k
$Wsロンクー|$Wa$p$E怒,|$SvpSE_VOICE_RONKUU_EVT_14|No me interesan las moscas que mato
mientras te observo.$k
$Ws配信アイク|$Wa$p¡Ja! De acuerdo.$k
$Wsロンクー|$Wa$p$E通常,|$SvpSE_VOICE_RONKUU_EVT_20|Tú sigue a lo tuyo.$k$pPero si me permites una petición:
lucha contra alguien fuerte de verdad.$k
$Ws配信アイク|$Wa$pNo estoy aquí para montar
un espectáculo, ¿sabes?$k","$t0$Wm配信アイク|0$w0|$Ws配信アイク|$WaDo you need something?
You keep glancing this way.$k
$Wmロンクー|6$w0|$Wsロンクー|$Wa$SvpSE_VOICE_RONKUU_EVT_11|It's nothing.$k
$Ws配信アイク|$Wa$pLazy eye, huh?$k
$Wsロンクー|$Wa$p$Eキメ,|$SvpSE_VOICE_RONKUU_EVT_14|...I can tell you're a force to be
reckoned with, so I was observing.$k
$Ws配信アイク|$Wa$pReally?$k
$Wsロンクー|$Wa$p$E通常,|$SvpSE_VOICE_RONKUU_EVT_4|The only reason I throw myself into
battle after battle is to get stronger.$k$pI've met few as strong as you. I could
probably count them on one hand.$k$pWhich means...your technique merits
closer observation.$k
$Ws配信アイク|$Wa$pI see. Well, observe all you want,
but won't you get distracted?$k
$Wsロンクー|$Wa$p$E怒,|$SvpSE_VOICE_RONKUU_EVT_14|It's you I'm interested in. Not the
flies I swat down while I watch.$k
$Ws配信アイク|$Wa$pHa! Fair enough.$k
$Wsロンクー|$Wa$p$E通常,|$SvpSE_VOICE_RONKUU_EVT_20|Just do what you do.$k$p...If I could put in one request:
take on someone strong.$k
$Ws配信アイク|$Wa$pI'm not putting on a show here,
you know...$k","$t0$Wm配信アイク|0$w0|$Ws配信アイク|$WaBir şeye mi ihtiyacın var?
Sen bu tarafa bakmaya devam et.$k
$Wmロンクー|6$w0|$Wsロンクー|$Wa$SvpSE_VOICE_RONKUU_EVT_11|Mühim değil.$k
$Ws配信アイク|$Wa$pGöz tembelligi, öyle mi?$k
$Wsロンクー|$Wa$p$Eキメ|$SvpSE_VOICE_RONKUU_EVT_14|...Senin dikkate alınması gereken bir güç
olduğunu söyleyebilirim, bu yüzden
gözlemliyordum.$k
$Ws配信アイク|$Wa$pGerçekten mi?$k
$Wsロンクー|$Wa$p$E通常|$SvpSE_VOICE_RONKUU_EVT_4|Kendimi savaştan sonra savaşa
atmamin tek nedeni güçlenmektir.$k$pSenin kadar güçlü çok az kişi tanıdım.
Bir elimin parmaklarıyla sayabilirim.$k$pBu da demek oluyor ki tekniginiz daha
yakından gözlemlenmeyi hak ediyor.$k
$Ws配信アイク|$Wa$pAnlıyorum. Peki, istediğin kadar
gözlemle ama dikkatin dağılmayacak mı?$k
$Wsロンクー|$Wa$p$E怒|$SvpSE_VOICE_RONKUU_EVT_14|Benim ilgilendigim sensin.
Izlerken öldürdüğüm sinekler değil.$k
$Ws配信アイク|$Wa$pHa! Haklısın.$k
$Wsロンクー|$Wa$p$E通常|$SvpSE_VOICE_RONKUU_EVT_20|Sadece ne yapıyorsan onu yap.$k$p...Bir ricam olacak:
güçlü biriyle kapış.$k
$Ws配信アイク|$Wa$pBurada gösteri yapmıyorum,
biliyorsun...$k"
80,MID_E000_EV_予約エイリーク,"$t0$Wm予約11|0$w0|$Ws予約11|$WaMême des guerriers venant d'autres
mondes viennent troubler ce lieu ?$k$pBien, si les autres le disent, c'est
sûrement vrai...$k","$t0$Wm予約11|0$w0|$Ws予約11|$WaSogar Krieger aus fremden Welten
kommen, um dieses Land zu zerstören?$k$pNun, wenn die anderen sagen, dass
dem so ist...$k","$t0$Wm予約11|0$w0|$Ws予約11|$WaSono venuti anche dei guerrieri di altri
mondi a tormentare queste terre?$k$pBeh, se gli altri dicono che è vero...$k","$t0$Wm予約11|0$w0|$Ws予約11|$Wa¿Nuestra tierra va a ser atacada
por guerreros venidos de otro mundo?$k$pBueno, debe de ser cierto si los demás
están tan seguros de ello...$k","$t0$Wm予約11|0$w0|$Ws予約11|$WaEven warriors from other worlds
would come to torment this land?$k$pWell, if the others say it
to be true...$k","$t0$Wm予約11|0$w0|$Ws予約11|$WaBaşka dünyalardan savaşçılar bile bu
topraklara eziyet etmeye mi gelecek?$k$pEğer diğerleri bunun doğru
olduğunu söylüyorsa...$k"
81,MID_E000_BT_予約エイリーク,"$t0$Wm予約11|0$w0|$Ws予約11|$WaEst-ce que ce combat est juste ?$k$pJ'espère simplement que je ne vais pas
encore être dupée...$k","$t0$Wm予約11|0$w0|$Ws予約11|$WaIst dieser Kampf gerecht?$k$pIch hoffe nur, dass ich nicht schon
wieder hintergangen werde...$k","$t0$Wm予約11|0$w0|$Ws予約11|$WaSto davvero combattendo
per una buona causa?$k$pSpero di non essere stata
ingannata un'altra volta...$k","$t0$Wm予約11|0$w0|$Ws予約11|$Wa¿Es justa esta lucha?$k$pEspero que no me estén
engañando de nuevo...$k","$t0$Wm予約11|0$w0|$Ws予約11|$WaIs this fight just?$k$pI just hope I'm not being
deceived again...$k","$t0$Wm予約11|0$w0|$Ws予約11|$WaBu kavga adil mi?$k$pUmarım bir daha
aldatilmam...$k"
82,MID_E000_DIE_予約エイリーク,$t0$Wm予約11|0$w0|$Ws予約11|$WaQui a raison... ?$k,$t0$Wm予約11|0$w0|$Ws予約11|$WaWer wohl im Recht ist...$k,$t0$Wm予約11|0$w0|$Ws予約11|$WaChi ha ragione?$k,$t0$Wm予約11|0$w0|$Ws予約11|$Wa¿Quién tiene la razón?$k,$t0$Wm予約11|0$w0|$Ws予約11|$WaWho is right...?$k,$t0$Wm予約11|0$w0|$Ws予約11|$WaKim haklı...?$k
83,MID_E000_BT_配信ロイ,"$t0$Wm配信ロイ|0$w0|$Ws配信ロイ|$WaPeu m'importe si vous êtes forts.
Vous ne l'êtes pas assez !$k","$t0$Wm配信ロイ|0$w0|$Ws配信ロイ|$WaEgal, wie stark Ihr seid, es wird
nicht reichen!$k","$t0$Wm配信ロイ|0$w0|$Ws配信ロイ|$WaNon mi interessa quanto forte tu sia.
Non sei forte abbastanza!$k","$t0$Wm配信ロイ|0$w0|$Ws配信ロイ|$WaMe da igual tu fortaleza.
¡No es suficiente!$k","$t0$Wm配信ロイ|0$w0|$Ws配信ロイ|$WaI don't care how strong you are.
It's not strong enough!$k","$t0$Wm配信ロイ|0$w0|$Ws配信ロイ|$WaNe kadar güçlü olduğun umurumda
değil. Yeterince güçlü değil!$k"
84,MID_E000_DIE_配信ロイ,"$t0$Wm配信ロイ|0$w0|$Ws配信ロイ|$WaGnnn... Je pensais... être plus fort...
que ça...$k","$t0$Wm配信ロイ|0$w0|$Ws配信ロイ|$WaHngh... Ich hatte mehr...
von mir... erwartet...$k","$t0$Wm配信ロイ|0$w0|$Ws配信ロイ|$WaNngh... Credevo di avere...
più forza in me...$k","$t0$Wm配信ロイ|0$w0|$Ws配信ロイ|$WaGñññ... Creía... que podría...
aguantar más...$k","$t0$Wm配信ロイ|0$w0|$Ws配信ロイ|$WaNngh...I thought I had
more...in me...$k","$t0$Wm配信ロイ|0$w0|$Ws配信ロイ|$WaNngh...İçimde daha
fazlası...olduğunu sanıyordum...$k"
85,MID_E000_BT_汎用_配信ウォルト,"$t0$Wm配信ウォルト|0$w0|$Ws配信ウォルト|$WaSi nous ne nous battons pas, qui
protégera cette terre ?$k","$t0$Wm配信ウォルト|0$w0|$Ws配信ウォルト|$WaWenn wir nicht kämpfen, wer sonst
soll dieses Land verteidigen?$k","$t0$Wm配信ウォルト|0$w0|$Ws配信ウォルト|$WaSe non combattiamo, chi
proteggerà questa terra?$k","$t0$Wm配信ウォルト|0$w0|$Ws配信ウォルト|$WaSi no luchamos, ¿quién defenderá
esta tierra?$k","$t0$Wm配信ウォルト|0$w0|$Ws配信ウォルト|$WaIf we don't fight, who will
protect this land?$k","$t0$Wm配信ウォルト|0$w0|$Ws配信ウォルト|$WaBiz savaşmazsak bu
toprakları kim koruyacak?$k"
86,MID_E000_BT_汎用_配信シャニー,"$t0$Wm配信シャニー|0$w0|$Ws配信シャニー|$WaJe ne perdrai pas contre vous.
Allez !$k","$t0$Wm配信シャニー|0$w0|$Ws配信シャニー|$WaSolchen wie Euch werde ich mich
niemals ergeben! Macht schon!$k","$t0$Wm配信シャニー|0$w0|$Ws配信シャニー|$WaNon intendo piegarmi a qualcuno
come te. Fatti avanti!$k","$t0$Wm配信シャニー|0$w0|$Ws配信シャニー|$WaNo perderé contra alguien como tú.
¡Vamos!$k","$t0$Wm配信シャニー|0$w0|$Ws配信シャニー|$WaI won't lose to the likes of you.
Come on!$k","$t0$Wm配信シャニー|0$w0|$Ws配信シャニー|$WaSenin gibilere
kaybetmeyeceğim. Hadi!$k"
87,MID_E000_BT_汎用_配信ルゥ,"$t0$Wm配信ルゥ|0$w0|$Ws配信ルゥ|$WaCette terre n'est pas à vous !
Je la défendrai de ma vie !$k","$t0$Wm配信ルゥ|0$w0|$Ws配信ルゥ|$WaDieses Land gehört Euch nicht! Ich
werde es mit meinem Leben verteidigen!$k","$t0$Wm配信ルゥ|0$w0|$Ws配信ルゥ|$WaQuesta terra non vi appartiene!
La difenderò con la vita!$k","$t0$Wm配信ルゥ|0$w0|$Ws配信ルゥ|$Wa¡Esta tierra no os pertenece!
¡La defenderé con mi vida!$k","$t0$Wm配信ルゥ|0$w0|$Ws配信ルゥ|$WaThis land doesn't belong to you!
I'll defend it with my life!$k","$t0$Wm配信ルゥ|0$w0|$Ws配信ルゥ|$WaBu topraklar sana ait değil! Onu
hayatım pahasına savunacağım!$k"
88,MID_E000_BT_汎用_配信レイ,"$t0$Wm配信レイ|0$w0|$Ws配信レイ|$WaOh. Vous pensez pouvoir me battre !
Réglons ça : vous ne pouvez pas.$k","$t0$Wm配信レイ|0$w0|$Ws配信レイ|$WaAlles klar! Ihr denkt, Ihr könntet mich
besiegen. Leider liegt Ihr damit falsch.$k","$t0$Wm配信レイ|0$w0|$Ws配信レイ|$WaOh, capisco. Pensi di potermi battere!
Mettiamo le cose in chiaro: scordatelo.$k","$t0$Wm配信レイ|0$w0|$Ws配信レイ|$WaAh, entiendo. ¡Crees que puedes ganar!
Pues lo siento, pero no puedes.$k","$t0$Wm配信レイ|0$w0|$Ws配信レイ|$WaOh, I see. You think you can best me!
Let's be clear, though: you can't.$k","$t0$Wm配信レイ|0$w0|$Ws配信レイ|$WaAh, anlıyorum. Beni alt edebileceğini
düşünüyorsun! Yine de açık olalım:
yapamazsiniz.$k"
89,MID_E000_BT_汎用_配信ソフィーヤ,"$t0$Wm配信ソフィーヤ|0$w0|$Ws配信ソフィーヤ|$WaQuittez cet endroit... ou vous ne me
laisserez... pas le choix...$k","$t0$Wm配信ソフィーヤ|0$w0|$Ws配信ソフィーヤ|$WaVerlasst diesen Ort... oder Ihr werdet
mir keine andere Wahl lassen...$k","$t0$Wm配信ソフィーヤ|0$w0|$Ws配信ソフィーヤ|$WaVattene di qui... o non
avrò... altra scelta...$k","$t0$Wm配信ソフィーヤ|0$w0|$Ws配信ソフィーヤ|$WaMárchate de aquí... Si no...
no me dejarás elección...$k","$t0$Wm配信ソフィーヤ|0$w0|$Ws配信ソフィーヤ|$WaLeave this place...or I will have...
no choice...$k","$t0$Wm配信ソフィーヤ|0$w0|$Ws配信ソフィーヤ|$WaBurayı terk et...yoksa...başka seçeneğim
kalmayacak...$k"
90,MID_E000_BT_汎用_配信セシリア,"$t0$Wm配信セシリア|0$w0|$Ws配信セシリア|$WaL'ennemi invoque maintenant des forces
d'autres mondes ? Mauvaise nouvelle...$k","$t0$Wm配信セシリア|0$w0|$Ws配信セシリア|$WaDer Feind wird durch fremde Mächte
unterstützt? Eine unheilvolle Wendung.$k","$t0$Wm配信セシリア|0$w0|$Ws配信セシリア|$WaI nemici hanno evocato forze da
un altro mondo? Cattive notizie...$k","$t0$Wm配信セシリア|0$w0|$Ws配信セシリア|$Wa¿Ahora el enemigo está invocando
fuerzas de otro mundo? Mal augurio...$k","$t0$Wm配信セシリア|0$w0|$Ws配信セシリア|$WaNow the enemy is summoning forces
from other worlds? Ill tidings...$k","$t0$Wm配信セシリア|0$w0|$Ws配信セシリア|$WaŞimdi düşman diğer dünyalardan
güç mü çağırıyor? Kötü haberler...$k"
91,MID_E000_BT_汎用_配信パーシバル,"$t0$Wm配信パーシバル|0$w0|$Ws配信パーシバル|$WaVous allez voir qu'une lance fait plus
mal ici que dans votre monde, ha !$k","$t0$Wm配信パーシバル|0$w0|$Ws配信パーシバル|$WaIhr werdet sehen, die Lanzen meiner
Welt treffen härter als Eure, ha!$k","$t0$Wm配信パーシバル|0$w0|$Ws配信パーシバル|$WaPotresti scoprire che le lance del mio
mondo fanno più male delle vostre!$k","$t0$Wm配信パーシバル|0$w0|$Ws配信パーシバル|$Wa¡Verás que las lanzas de mi mundo
perforan más que las del vuestro!$k","$t0$Wm配信パーシバル|0$w0|$Ws配信パーシバル|$WaYou may find the lances in my world
hit harder than yours, ha!$k","$t0$Wm配信パーシバル|0$w0|$Ws配信パーシバル|$WaBenim dünyamdaki mizraklarin seninkinden
daha sert vurdugunu görebilirsin, ha!$k"
92,MID_E000_BT_汎用_配信リリーナ,"$t0$Wm配信リリーナ|0$w0|$Ws配信リリーナ|$WaJe ne gagnerai peut-être pas.
Mais je ne perdrai jamais espoir !$k","$t0$Wm配信リリーナ|0$w0|$Ws配信リリーナ|$WaVielleicht werde ich nicht gewinnen.
Doch die Hoffnung stirbt zuletzt!$k","$t0$Wm配信リリーナ|0$w0|$Ws配信リリーナ|$WaPuò essere che non vinca, ma non
abbandonerò mai le speranze!$k","$t0$Wm配信リリーナ|0$w0|$Ws配信リリーナ|$WaPuede que no gane. Pero ¡jamás
perderé la esperanza!$k","$t0$Wm配信リリーナ|0$w0|$Ws配信リリーナ|$WaI may not win. But I will
never abandon hope!$k","$t0$Wm配信リリーナ|0$w0|$Ws配信リリーナ|$WaKazanamayabilirim. Ama asla
umudumu kesmeyeceğim!$k"
93,MID_E000_BT_汎用_配信ゼフィール,"$t0$Wm配信ゼフィール|0$w0|$Ws配信ゼフィール|$WaÊtes-vous fous ou suicidaires pour avoir
osé me défier ?$k","$t0$Wm配信ゼフィール|0$w0|$Ws配信ゼフィール|$WaSeid Ihr wahnsinnig? Ein Kampf gegen
mich bringt Euch nichts außer den Tod.$k",$t0$Wm配信ゼフィール|0$w0|$Ws配信ゼフィール|$WaSei folle? Sfidarmi equivale al suicidio.$k,"$t0$Wm配信ゼフィール|0$w0|$Ws配信ゼフィール|$Wa¿Acaso sois un demente? Desafiarme
es lo mismo que suicidarse.$k","$t0$Wm配信ゼフィール|0$w0|$Ws配信ゼフィール|$WaAre you mad? Challenging me
is tantamount to suicide.$k","$t0$Wm配信ゼフィール|0$w0|$Ws配信ゼフィール|$WaDeli misin? Bana meydan
okumak intiharla eşdeğerdir.$k"
94,MID_E000_BT_汎用_配信フロリーナ,"$t0$Wm配信フロリーナ|0$w0|$Ws配信フロリーナ|$WaJe suis désolée...
Je suis une piètre adversaire...$k","$t0$Wm配信フロリーナ|0$w0|$Ws配信フロリーナ|$WaEs tut mir leid... Ich bin wohl kaum
ein würdiger Gegner...$k","$t0$Wm配信フロリーナ|0$w0|$Ws配信フロリーナ|$WaMi dispiace... Non credo di
essere una degna avversaria...$k","$t0$Wm配信フロリーナ|0$w0|$Ws配信フロリーナ|$WaLo siento... Apenas si soy
una adversaria digna...$k","$t0$Wm配信フロリーナ|0$w0|$Ws配信フロリーナ|$WaI'm sorry... I'm hardly a
worthy opponent...$k","$t0$Wm配信フロリーナ|0$w0|$Ws配信フロリーナ|$WaÜzgünüm... Pek değerli
bir rakip değilim...$k"
95,MID_E000_BT_汎用_配信ニノ,"$t0$Wm配信ニノ|0$w0|$Ws配信ニノ|$WaJe dois remporter la victoire et ainsi
prouver ma valeur à ma mère !$k","$t0$Wm配信ニノ|0$w0|$Ws配信ニノ|$WaIch muss gewinnen, um mich meiner
Mutter würdig zu erweisen!$k","$t0$Wm配信ニノ|0$w0|$Ws配信ニノ|$WaDevo vincere, solo così mia
madre sarà fiera di me!$k","$t0$Wm配信ニノ|0$w0|$Ws配信ニノ|$Wa¡Tengo que vencer y demostrarle mi
valía a mi madre!$k","$t0$Wm配信ニノ|0$w0|$Ws配信ニノ|$WaI have to win and prove
my worth to Mother!$k","$t0$Wm配信ニノ|0$w0|$Ws配信ニノ|$WaKazanmali ve değerimi
anneme kanıtlamalıyım!$k"
96,MID_E000_BT_汎用_配信セーラ,"$t0$Wm配信セーラ|0$w0|$Ws配信セーラ|$WaQue voulez-vous ? Retournez donc dans
le trou d'où vous venez !$k","$t0$Wm配信セーラ|0$w0|$Ws配信セーラ|$WaWas wollt Ihr? Kriecht zurück in das
Loch, aus dem Ihr gekommen seid!$k","$t0$Wm配信セーラ|0$w0|$Ws配信セーラ|$WaCosa vuoi? Torna nel
buco da cui provieni!$k","$t0$Wm配信セーラ|0$w0|$Ws配信セーラ|$Wa¿Qué quieres? ¡Anda, vuelve al
agujero del que has salido!$k","$t0$Wm配信セーラ|0$w0|$Ws配信セーラ|$WaWhat do you want? Go back through
whatever hole you crawled out of!$k","$t0$Wm配信セーラ|0$w0|$Ws配信セーラ|$WaNe istiyorsun? Hangi delikten
sürünerek çiktiysaniz oraya geri dönün!$k"
97,MID_E000_BT_汎用_配信マシュー,"$t0$Wm配信マシュー|0$w0|$Ws配信マシュー|$WaUne tâche est une tâche.
Cela n'a rien de personnel.$k","$t0$Wm配信マシュー|0$w0|$Ws配信マシュー|$WaIhr seid nur ein weiterer Auftrag.
Nehmt es nicht persönlich.$k","$t0$Wm配信マシュー|0$w0|$Ws配信マシュー|$WaSono qui per la vittoria.
Niente di personale.$k","$t0$Wm配信マシュー|0$w0|$Ws配信マシュー|$WaUn objetivo es un objetivo.
No es nada personal.$k","$t0$Wm配信マシュー|0$w0|$Ws配信マシュー|$WaA mark's a mark.
Nothing personal.$k","$t0$Wm配信マシュー|0$w0|$Ws配信マシュー|$WaHedef hedeftir.
Kişisel bir şey değil.$k"
98,MID_E000_BT_汎用_配信カレル,"$t0$Wm配信カレル|0$w0|$Ws配信カレル|$WaApprochez, si vous êtes de taille.
Mon épée vous attend.$k","$t0$Wm配信カレル|0$w0|$Ws配信カレル|$WaNur zu, mein würdiger Gegner.
Benetzt meine Klinge mit Eurem Blut.$k","$t0$Wm配信カレル|0$w0|$Ws配信カレル|$WaVieni a me, degno avversario.
Nutri la mia lama.$k","$t0$Wm配信カレル|0$w0|$Ws配信カレル|$WaUn enemigo digno... ¡Acércate!
¡Alimenta a mi acero!$k","$t0$Wm配信カレル|0$w0|$Ws配信カレル|$WaCome, worthy foe.
Feed my blade.$k","$t0$Wm配信カレル|0$w0|$Ws配信カレル|$WaGel, değerli düşman.
Biçagimi besle.$k"
99,MID_E000_BT_汎用_配信ジャファル,$t0$Wm配信ジャファル|0$w0|$Ws配信ジャファル|$WaAdieu...$k,$t0$Wm配信ジャファル|0$w0|$Ws配信ジャファル|$Wa...Lebt wohl.$k,$t0$Wm配信ジャファル|0$w0|$Ws配信ジャファル|$WaAddio.$k,$t0$Wm配信ジャファル|0$w0|$Ws配信ジャファル|$WaHasta la vista...$k,$t0$Wm配信ジャファル|0$w0|$Ws配信ジャファル|$Wa...Farewell.$k,$t0$Wm配信ジャファル|0$w0|$Ws配信ジャファル|$Wa...Veda.$k
100,MID_E000_BT_汎用_配信リン,"$t0$Wm配信リン|0$w0|$Ws配信リン|$WaJe n'ai pas choisi cette bataille, mais je
ne la fuirai pas !$k","$t0$Wm配信リン|0$w0|$Ws配信リン|$WaIch wollte diesen Kampf nicht, aber ich
werde auch nicht vor ihm davonlaufen.$k","$t0$Wm配信リン|0$w0|$Ws配信リン|$WaNon ho mai desiderato questo
scontro, ma non fuggirò!$k","$t0$Wm配信リン|0$w0|$Ws配信リン|$WaNo he elegido participar en esta lucha,
pero ¡tampoco voy a huir de ella!$k","$t0$Wm配信リン|0$w0|$Ws配信リン|$WaI didn't choose this fight,
but I won't run from it!$k","$t0$Wm配信リン|0$w0|$Ws配信リン|$WaBu dövüşü ben seçmedim
ama ondan kaçmayacağım!$k"
101,MID_E000_BT_汎用_配信ヘクトル,"$t0$Wm配信ヘクトル|0$w0|$Ws配信ヘクトル|$WaSi vous voulez la guerre, ne vous
attendez pas à ce que je sois clément !$k","$t0$Wm配信ヘクトル|0$w0|$Ws配信ヘクトル|$WaWenn Ihr einen Kampf wollt, erwartet
keine Gnade von mir!$k","$t0$Wm配信ヘクトル|0$w0|$Ws配信ヘクトル|$WaSe ciò che desideri è combattere, non
aspettarti pietà da parte mia!$k","$t0$Wm配信ヘクトル|0$w0|$Ws配信ヘクトル|$Wa¡Si buscas pelea, no esperes luego que
tenga piedad!$k","$t0$Wm配信ヘクトル|0$w0|$Ws配信ヘクトル|$WaIf it's a fight you want, don't expect
mercy to come along with it!$k","$t0$Wm配信ヘクトル|0$w0|$Ws配信ヘクトル|$WaEğer istediğin bir kavgaysa, onunla
birlikte merhametin de gelmesini bekleme!$k"
102,MID_E000_BT_汎用_配信ネルガル,"$t0$Wm配信ネルガル|0$w0|$Ws配信ネルガル|$WaAh ha ha ! Regardez donc ces idiots
courir droit à leur perte !$k","$t0$Wm配信ネルガル|0$w0|$Ws配信ネルガル|$WaHahaha! Seht, wie diese erbärmlichen
Narren in ihren Tod laufen!$k","$t0$Wm配信ネルガル|0$w0|$Ws配信ネルガル|$WaAh ah ah! Guarda questi idioti, in fila
ad aspettare il loro turno di morire!$k","$t0$Wm配信ネルガル|0$w0|$Ws配信ネルガル|$Wa¡Ja, ja, ja! ¡Mira cómo estos idiotas
van a la muerte en bandada!$k","$t0$Wm配信ネルガル|0$w0|$Ws配信ネルガル|$WaHa ha ha! Look how the little
fools all flock to their deaths!$k","$t0$Wm配信ネルガル|0$w0|$Ws配信ネルガル|$WaHa ha ha! Bakın, küçük
aptallar ölüme nasıl akin ediyor!$k"
103,MID_E000_BT_汎用_配信エリウッド,"$t0$Wm配信エリウッド|0$w0|$Ws配信エリウッド|$WaRetournez d'où vous venez, ou nous
devrons vous arrêter.$k","$t0$Wm配信エリウッド|0$w0|$Ws配信エリウッド|$WaKehrt dahin zurück, wo Ihr
hergekommen seid oder sterbt!$k","$t0$Wm配信エリウッド|0$w0|$Ws配信エリウッド|$WaTornate da dove siete venuti,
o dovremo annientarvi.$k","$t0$Wm配信エリウッド|0$w0|$Ws配信エリウッド|$WaVolved por donde habéis venido.
Si no, tendremos que deteneros.$k","$t0$Wm配信エリウッド|0$w0|$Ws配信エリウッド|$WaGo back whence you came, or we
will have to cut you down.$k","$t0$Wm配信エリウッド|0$w0|$Ws配信エリウッド|$WaGeldiğiniz yere geri dönün, yoksa
sizi kesmek zorunda kalacağız.$k"
104,MID_E000_BT_汎用_配信アメリア,$t0$Wm配信アメリア|0$w0|$Ws配信アメリア|$WaJe ne reculerai pas !$k,$t0$Wm配信アメリア|0$w0|$Ws配信アメリア|$WaIch werde um jeden Meter kämpfen!$k,$t0$Wm配信アメリア|0$w0|$Ws配信アメリア|$WaNon indietreggerò di un centimetro!$k,$t0$Wm配信アメリア|0$w0|$Ws配信アメリア|$Wa¡No pienso ceder!$k,$t0$Wm配信アメリア|0$w0|$Ws配信アメリア|$WaI will surrender no ground!$k,$t0$Wm配信アメリア|0$w0|$Ws配信アメリア|$WaBir adım bile geri çekilmeyeceğim!$k
105,MID_E000_BT_汎用_配信モルダ,"$t0$Wm配信モルダ|0$w0|$Ws配信モルダ|$WaVous osez traverser les mondes ?!
Vous violez le domaine des dieux !$k","$t0$Wm配信モルダ|0$w0|$Ws配信モルダ|$WaIhr seid Weltenwanderer? Ihr pfuscht
in göttlichen Angelegenheit herum!$k","$t0$Wm配信モルダ|0$w0|$Ws配信モルダ|$WaOsate varcare i confini dimensionali?!
State sfidando gli dei!$k","$t0$Wm配信モルダ|0$w0|$Ws配信モルダ|$Wa¡¿Osáis venir a este dominio?! ¡Estáis
mancillando la tierra de los dioses!$k","$t0$Wm配信モルダ|0$w0|$Ws配信モルダ|$WaYou dare cross between dominions?!
You are tampering in the gods' domain!$k","$t0$Wm配信モルダ|0$w0|$Ws配信モルダ|$WaHakimiyetler arasında geçmeye cesaretin
var mı? Tanrıların alanına müdahale
ediyorsunuz!$k"
106,MID_E000_BT_汎用_配信ルーテ,"$t0$Wm配信ルーテ|0$w0|$Ws配信ルーテ|$WaVous avez l'air forts. Vous pourriez
même avoir une chance contre moi.$k","$t0$Wm配信ルーテ|0$w0|$Ws配信ルーテ|$WaIhr seht mächtig aus. Ihr könntet
sogar eine Chance gegen mich haben.$k","$t0$Wm配信ルーテ|0$w0|$Ws配信ルーテ|$WaSembri forte. Potresti addirittura
darmi del filo da torcere.$k","$t0$Wm配信ルーテ|0$w0|$Ws配信ルーテ|$WaPareces fuerte. Puede que tengas
alguna posibilidad contra mí.$k","$t0$Wm配信ルーテ|0$w0|$Ws配信ルーテ|$WaYou look powerful. You might even
stand a chance against me.$k","$t0$Wm配信ルーテ|0$w0|$Ws配信ルーテ|$WaGüçlü görünüyorsun. Bana karşı
bir şansın bile olabilir.$k"
107,MID_E000_BT_汎用_配信マリカ,$t0$Wm配信マリカ|0$w0|$Ws配信マリカ|$WaPartez. Ou mourez.$k,$t0$Wm配信マリカ|0$w0|$Ws配信マリカ|$WaGeht. Oder sterbt.$k,$t0$Wm配信マリカ|0$w0|$Ws配信マリカ|$WaVattene. O muori.$k,$t0$Wm配信マリカ|0$w0|$Ws配信マリカ|$WaMarchaos o morid.$k,$t0$Wm配信マリカ|0$w0|$Ws配信マリカ|$WaLeave. Or die.$k,$t0$Wm配信マリカ|0$w0|$Ws配信マリカ|$WaGit. Ya da öl.$k
108,MID_E000_BT_汎用_配信ヒーニアス,"$t0$Wm配信ヒーニアス|0$w0|$Ws配信ヒーニアス|$WaC'est n'importe quoi. Je dois mettre un
terme à ce combat inutile.$k","$t0$Wm配信ヒーニアス|0$w0|$Ws配信ヒーニアス|$WaWas für ein Unsinn. Ich muss diesem
nutzlosen Kampf ein Ende setzen.$k","$t0$Wm配信ヒーニアス|0$w0|$Ws配信ヒーニアス|$WaChe tedio. Devo porre fine
a questo inutile scontro.$k","$t0$Wm配信ヒーニアス|0$w0|$Ws配信ヒーニアス|$WaQué asco. Hay que ponerle fin a esta
lucha. No le estamos sacando nada.$k","$t0$Wm配信ヒーニアス|0$w0|$Ws配信ヒーニアス|$WaWhat rubbish. I need to put an
end to this profitless fight.$k","$t0$Wm配信ヒーニアス|0$w0|$Ws配信ヒーニアス|$WaNe saçmalık. Bu kârsiz
mücadeleye bir son vermem gerekiyor.$k"
109,MID_E000_BT_汎用_配信ラーチェル,"$t0$Wm配信ラーチェル|0$w0|$Ws配信ラーチェル|$WaQuels idiots se laisseraient invoquer
pour mener la guerre d'un autre ?$k","$t0$Wm配信ラーチェル|0$w0|$Ws配信ラーチェル|$WaWelcher Narr lässt sich in anderer
Leute Krieg hineinbeschwören?$k","$t0$Wm配信ラーチェル|0$w0|$Ws配信ラーチェル|$WaChi sarebbe così sciocco da farsi
evocare nella guerra di qualcun altro?$k","$t0$Wm配信ラーチェル|0$w0|$Ws配信ラーチェル|$Wa¿Qué clase de idiotas se dejan
invocar a otra guerra?$k","$t0$Wm配信ラーチェル|0$w0|$Ws配信ラーチェル|$WaWhat sort of fools would let themselves
be summoned into another's war?$k","$t0$Wm配信ラーチェル|0$w0|$Ws配信ラーチェル|$WaNe tür bir aptal bir başkasının
savaşina çagrilmasina izin verir?$k"
110,MID_E000_BT_汎用_配信ゼト,"$t0$Wm配信ゼト|0$w0|$Ws配信ゼト|$WaGuerriers venus de loin ! Détruire
votre monde ne vous a-t-il pas suffit ?!$k","$t0$Wm配信ゼト|0$w0|$Ws配信ゼト|$WaKrieger aus fernen Landen! Eure eigene
Welt zu verwüsten war wohl nicht genug.$k","$t0$Wm配信ゼト|0$w0|$Ws配信ゼト|$WaGuerriero venuto da lontano, non ti
è bastato devastare il tuo mondo?!$k","$t0$Wm配信ゼト|0$w0|$Ws配信ゼト|$Wa¡Guerreros de otro mundo! ¿Es que
no os basta con arrasar vuestra tierra?$k","$t0$Wm配信ゼト|0$w0|$Ws配信ゼト|$WaWarrior from afar! Was ravaging
your own world not enough?!$k","$t0$Wm配信ゼト|0$w0|$Ws配信ゼト|$WaUzaktan savaşçı! Kendi dünyanizi
tahrip etmek yeterli değil miydi?$k"
111,MID_E000_BT_汎用_配信リオン,"$t0$Wm配信リオン|0$w0|$Ws配信リオン|$WaJe vous affronterai. Je dois protéger
cette terre, comme tout le monde.$k","$t0$Wm配信リオン|0$w0|$Ws配信リオン|$WaStellt Euch mir! Das ist mein Land und
ich werde es wie jeder andere schützen.$k","$t0$Wm配信リオン|0$w0|$Ws配信リオン|$WaFatti avanti. Anch'io, come gli altri, ho
il dovere di proteggere questa terra.$k","$t0$Wm配信リオン|0$w0|$Ws配信リオン|$WaLucharé contra ti. Debo proteger esta
tierra, tanto como cualquier otra.$k","$t0$Wm配信リオン|0$w0|$Ws配信リオン|$WaI'll face you. This land is mine to
protect as much as anyone's.$k","$t0$Wm配信リオン|0$w0|$Ws配信リオン|$WaSeninle yüzleseceğim. Bu toprak herkesin
olduğu kadar benim de korumam gerekiyor.$k"
112,MID_E000_BT_汎用_配信エフラム,"$t0$Wm配信エフラム|0$w0|$Ws配信エフラム|$WaVous voulez m'affronter en premier ?
J'accepte !$k","$t0$Wm配信エフラム|0$w0|$Ws配信エフラム|$WaSeid Ihr der Erste, der mich
herausfordert? Ich akzeptiere!$k","$t0$Wm配信エフラム|0$w0|$Ws配信エフラム|$WaVuoi essere il primo a sfidarmi?
Accetto!$k","$t0$Wm配信エフラム|0$w0|$Ws配信エフラム|$Wa¿Vas a desafiarme tú primero?
¡Acepto!$k","$t0$Wm配信エフラム|0$w0|$Ws配信エフラム|$WaAre you the first to challenge me?
I accept!$k","$t0$Wm配信エフラム|0$w0|$Ws配信エフラム|$WaBana meydan okuyan ilk kişi sen misin?
Kabul ediyorum!$k"
113,MID_E000_DIE_配信ウォルト,$t0$Wm配信ウォルト|0$w0|$Ws配信ウォルト|$WaJe... ne pouvais pas... les arrêter...$k,$t0$Wm配信ウォルト|0$w0|$Ws配信ウォルト|$WaIch... konnte sie nicht aufhalten...$k,$t0$Wm配信ウォルト|0$w0|$Ws配信ウォルト|$WaNon sono riuscito... a fermarli...$k,$t0$Wm配信ウォルト|0$w0|$Ws配信ウォルト|$WaNo... he podido... detenerlos...$k,$t0$Wm配信ウォルト|0$w0|$Ws配信ウォルト|$WaI...couldn't stop them...$k,$t0$Wm配信ウォルト|0$w0|$Ws配信ウォルト|$WaBen...onları durduramadim...$k
114,MID_E000_DIE_配信シャニー,$t0$Wm配信シャニー|0$w0|$Ws配信シャニー|$WaAttendez... comment... aah...$k,$t0$Wm配信シャニー|0$w0|$Ws配信シャニー|$WaWartet... wie konnte das... aaah...$k,$t0$Wm配信シャニー|0$w0|$Ws配信シャニー|$WaEhi... Com'è potuto... Oooh...$k,$t0$Wm配信シャニー|0$w0|$Ws配信シャニー|$WaEspera... ¿Cómo has...? Ooh...$k,$t0$Wm配信シャニー|0$w0|$Ws配信シャニー|$WaWait...how did...ohhh...$k,$t0$Wm配信シャニー|0$w0|$Ws配信シャニー|$WaBekle...nasıl...ohhh...$k
115,MID_E000_DIE_配信ルゥ,"$t0$Wm配信ルゥ|0$w0|$Ws配信ルゥ|$WaJ'étais prêt... à gagner, mais...$k","$t0$Wm配信ルゥ|0$w0|$Ws配信ルゥ|$WaIch war bereit... zu siegen, aber...$k","$t0$Wm配信ルゥ|0$w0|$Ws配信ルゥ|$WaEro pronto... a vincere, ma...$k",$t0$Wm配信ルゥ|0$w0|$Ws配信ルゥ|$WaEstaba listo... para ganar... pero...$k,"$t0$Wm配信ルゥ|0$w0|$Ws配信ルゥ|$WaI was ready...to win, but...$k",$t0$Wm配信ルゥ|0$w0|$Ws配信ルゥ|$WaKazanmaya hazırdim ama...$k
116,MID_E000_DIE_配信レイ,"$t0$Wm配信レイ|0$w0|$Ws配信レイ|$WaVous avez eu... de la chance... gnnn !
Je suis... meilleur que vous...$k","$t0$Wm配信レイ|0$w0|$Ws配信レイ|$WaNur ein Glückstreffer... Hngh!
Ich bin trotzdem der Bessere...$k","$t0$Wm配信レイ|0$w0|$Ws配信レイ|$WaHai solo... avuto fortuna... Nngh!
Sono comunque... meglio di te...$k","$t0$Wm配信レイ|0$w0|$Ws配信レイ|$WaHabéis... tenido suerte... ¡Uff!
Pero sigo siendo... el mejor...$k","$t0$Wm配信レイ|0$w0|$Ws配信レイ|$WaYou just got...lucky...nngh!
I'm still better...than you...$k","$t0$Wm配信レイ|0$w0|$Ws配信レイ|$WaAz önce...şanslıydin...nngh! Hâlâ senden
daha iyiyim...$k"
117,MID_E000_DIE_配信ソフィーヤ,"$t0$Wm配信ソフィーヤ|0$w0|$Ws配信ソフィーヤ|$WaJe n'ai pas pu... vous battre...
après tout...$k","$t0$Wm配信ソフィーヤ|0$w0|$Ws配信ソフィーヤ|$WaLetztendlich... konnte ich Euch doch
nicht besiegen...$k","$t0$Wm配信ソフィーヤ|0$w0|$Ws配信ソフィーヤ|$WaNon sono riuscita... a sconfiggerti...
nonostante tutto...$k","$t0$Wm配信ソフィーヤ|0$w0|$Ws配信ソフィーヤ|$WaNo he podido... derrotaros...
después de todo...$k","$t0$Wm配信ソフィーヤ|0$w0|$Ws配信ソフィーヤ|$WaI couldn't...defeat you...
after all...$k","$t0$Wm配信ソフィーヤ|0$w0|$Ws配信ソフィーヤ|$WaSeni... yenemedim...
sonuçta...$k"
118,MID_E000_DIE_配信セシリア,"$t0$Wm配信セシリア|0$w0|$Ws配信セシリア|$WaVous avez vu... les limites d'un soldat...
vous verrez le potentiel de beaucoup...$k","$t0$Wm配信セシリア|0$w0|$Ws配信セシリア|$WaEinen habt Ihr besiegt... Bald lernt
Ihr... die Macht vieler kennen...$k","$t0$Wm配信セシリア|0$w0|$Ws配信セシリア|$WaHai superato... le difese di una...
ma scoprirai... il potenziale di molti...$k","$t0$Wm配信セシリア|0$w0|$Ws配信セシリア|$WaHabéis superado... los límites de uno...
pero veréis... el potencial de muchos...$k","$t0$Wm配信セシリア|0$w0|$Ws配信セシリア|$WaYou've tested...the limits of one...but
you will learn...the potential of many...$k","$t0$Wm配信セシリア|0$w0|$Ws配信セシリア|$WaBirinin sınırlarını test ettiniz... ama
birçogunun potansiyelini öğreneceksiniz...$k"
119,MID_E000_DIE_配信パーシバル,"$t0$Wm配信パーシバル|0$w0|$Ws配信パーシバル|$WaUne telle puissance... gâchée... contre
la mauvaise... armée...$k","$t0$Wm配信パーシバル|0$w0|$Ws配信パーシバル|$WaVerdammt... so viel Macht... an die
falsche Streitmacht verschwendet...$k","$t0$Wm配信パーシバル|0$w0|$Ws配信パーシバル|$WaAccidenti... tutta questa forza...
sprecata contro l'armata sbagliata...$k","$t0$Wm配信パーシバル|0$w0|$Ws配信パーシバル|$WaMaldición... Qué poder malgastado...
en el ejército equivocado...$k","$t0$Wm配信パーシバル|0$w0|$Ws配信パーシバル|$WaBlast...such power...wasted
on the wrong...army...$k","$t0$Wm配信パーシバル|0$w0|$Ws配信パーシバル|$WaKahretsin... böyle bir güç... yanlış ordu
için harcandı...$k"
120,MID_E000_DIE_配信リリーナ,"$t0$Wm配信リリーナ|0$w0|$Ws配信リリーナ|$WaJ'ai perdu...
Mais NOUS sommes toujours là...$k","$t0$Wm配信リリーナ|0$w0|$Ws配信リリーナ|$WaIch habe verloren... doch WIR sind noch
nicht geschlagen...$k","$t0$Wm配信リリーナ|0$w0|$Ws配信リリーナ|$WaIo ho perso... ma NOI
siamo ancora qui...$k","$t0$Wm配信リリーナ|0$w0|$Ws配信リリーナ|$WaYo he perdido... pero NOSOTROS
no lo haremos...$k",$t0$Wm配信リリーナ|0$w0|$Ws配信リリーナ|$WaI have lost...but WE have not...$k,$t0$Wm配信リリーナ|0$w0|$Ws配信リリーナ|$WaBen kaybettim ama biz kaybetmedik...$k
121,MID_E000_DIE_配信ゼフィール,"$t0$Wm配信ゼフィール|0$w0|$Ws配信ゼフィール|$WaGnnn ! Si je suis fini... cette bataille
le sera également bientôt...$k","$t0$Wm配信ゼフィール|0$w0|$Ws配信ゼフィール|$WaArgh! Ich bin am Ende... und so wird
wohl auch dieser Kampf bald enden...$k","$t0$Wm配信ゼフィール|0$w0|$Ws配信ゼフィール|$WaNngh! Se io sono finito... presto
potrebbe esserlo anche la battaglia...$k","$t0$Wm配信ゼフィール|0$w0|$Ws配信ゼフィール|$Wa¡Gññ! Si yo estoy acabado...
la batalla también terminará pronto...$k","$t0$Wm配信ゼフィール|0$w0|$Ws配信ゼフィール|$WaNngh! If I am finished...then this
battle may soon be, too...$k","$t0$Wm配信ゼフィール|0$w0|$Ws配信ゼフィール|$WaNngh! Ben bittiysem... bu savaş da
yakında bitebilir...$k"
122,MID_E000_DIE_配信フロリーナ,$t0$Wm配信フロリーナ|0$w0|$Ws配信フロリーナ|$WaVous voyez ? C'est inutile...$k,$t0$Wm配信フロリーナ|0$w0|$Ws配信フロリーナ|$WaSeht Ihr? Ich bin nutzlos...$k,$t0$Wm配信フロリーナ|0$w0|$Ws配信フロリーナ|$WaVisto? Inutile...$k,$t0$Wm配信フロリーナ|0$w0|$Ws配信フロリーナ|$Wa¿Ves? Era inútil...$k,$t0$Wm配信フロリーナ|0$w0|$Ws配信フロリーナ|$WaSee? Useless...$k,$t0$Wm配信フロリーナ|0$w0|$Ws配信フロリーナ|$WaGördün mü? Kullanıssiz...$k
123,MID_E000_DIE_配信ニノ,"$t0$Wm配信ニノ|0$w0|$Ws配信ニノ|$WaÇa... argh... Ça ne peut pas se finir
comme ça... Mère... je suis désolée...$k","$t0$Wm配信ニノ|0$w0|$Ws配信ニノ|$WaIch... argh... kann es doch nicht so
enden lassen. Es tut mir leid, Mutter...$k","$t0$Wm配信ニノ|0$w0|$Ws配信ニノ|$WaIo... argh... Non può finire così...
Mamma... mi dispiace...$k","$t0$Wm配信ニノ|0$w0|$Ws配信ニノ|$WaYo... Aag... Esto no puede acabar
aquí... Madre... ¡Lo siento!...$k","$t0$Wm配信ニノ|0$w0|$Ws配信ニノ|$WaI...agh...can't let it end here...
Mother... I'm sorry...$k","$t0$Wm配信ニノ|0$w0|$Ws配信ニノ|$WaBen...ah...Bunun burada bitmesine izin
veremem... Anne... Özür dilerim...$k"
124,MID_E000_DIE_配信セーラ,"$t0$Wm配信セーラ|0$w0|$Ws配信セーラ|$WaHmm... Ne vous réjouissez pas encore...
Je n'étais pas en forme... aujourd'hui...$k","$t0$Wm配信セーラ|0$w0|$Ws配信セーラ|$WaHmpf... Freut Euch nicht zu früh...
Heute hatte ich einen schlechten Tag...$k","$t0$Wm配信セーラ|0$w0|$Ws配信セーラ|$WaUmpf... Aspetta a festeggiare...
È solo che... non ero in giornata...$k","$t0$Wm配信セーラ|0$w0|$Ws配信セーラ|$WaMmmf... No cantéis... victoria...
Solo me habéis pillado... en un mal día.$k","$t0$Wm配信セーラ|0$w0|$Ws配信セーラ|$WaHmph... Don't celebrate yet...
You just caught me on a...bad day...$k","$t0$Wm配信セーラ|0$w0|$Ws配信セーラ|$WaHmph... Henüz kutlamayin...
Beni...kötü bir günde yakaladiniz...$k"
125,MID_E000_DIE_配信マシュー,"$t0$Wm配信マシュー|0$w0|$Ws配信マシュー|$WaJ'ai perdu... C'est dommage...
Mais c'était un beau combat...$k","$t0$Wm配信マシュー|0$w0|$Ws配信マシュー|$WaIch habe verloren... Was für eine
Schande. Doch es war ein guter Kampf.$k","$t0$Wm配信マシュー|0$w0|$Ws配信マシュー|$WaHo perso... Peccato...
Ma è stato un bel combattimento...$k","$t0$Wm配信マシュー|0$w0|$Ws配信マシュー|$WaHe perdido... Qué lástima...
Pero ha sido... una buena pelea...$k","$t0$Wm配信マシュー|0$w0|$Ws配信マシュー|$WaI lost... A shame...
But it was a good...fight...$k","$t0$Wm配信マシュー|0$w0|$Ws配信マシュー|$WaKaybettim... Çok
yazık... Ama iyi bir...dövüştü...$k"
126,MID_E000_DIE_配信カレル,"$t0$Wm配信カレル|0$w0|$Ws配信カレル|$WaVous m'avez rendu plus humble...
Merci... pour cette leçon...$k","$t0$Wm配信カレル|0$w0|$Ws配信カレル|$WaIhr habt mich gedemütigt...
Ich danke Euch für die Lektion...$k","$t0$Wm配信カレル|0$w0|$Ws配信カレル|$WaMi hai umiliato...
Ti ringrazio... per la lezione...$k","$t0$Wm配信カレル|0$w0|$Ws配信カレル|$WaMe has derrotado...
Gracias... por la lección...$k","$t0$Wm配信カレル|0$w0|$Ws配信カレル|$WaYou have humbled me...
I thank you...for the lesson...$k","$t0$Wm配信カレル|0$w0|$Ws配信カレル|$WaBeni utandirdin...
Teşekkür ederim... verdiğin ders için...$k"
127,MID_E000_DIE_配信ジャファル,$t0$Wm配信ジャファル|0$w0|$Ws配信ジャファル|$WaMince... Gnn...$k,$t0$Wm配信ジャファル|0$w0|$Ws配信ジャファル|$WaVerdammt... Argh...$k,$t0$Wm配信ジャファル|0$w0|$Ws配信ジャファル|$WaAccidenti... Nngh...$k,$t0$Wm配信ジャファル|0$w0|$Ws配信ジャファル|$WaMaldición... Uuuug...$k,$t0$Wm配信ジャファル|0$w0|$Ws配信ジャファル|$WaDamn...nngh...$k,$t0$Wm配信ジャファル|0$w0|$Ws配信ジャファル|$WaLanet olsun... nngh...$k
128,MID_E000_DIE_配信リン,"$t0$Wm配信リン|0$w0|$Ws配信リン|$WaJe pensais gagner, mais... argh...
Vous aviez un temps d'avance...$k","$t0$Wm配信リン|0$w0|$Ws配信リン|$WaBeinahe hätte ich Euch erwischt... Doch
Ihr wart mir einen Schritt voraus...$k","$t0$Wm配信リン|0$w0|$Ws配信リン|$WaCredevo di averti in pugno, ma...
argh... Riconosco la tua superiorità...$k","$t0$Wm配信リン|0$w0|$Ws配信リン|$WaCreía que podía ganar, pero... Uug...
Parece que ibas un paso por delante...$k","$t0$Wm配信リン|0$w0|$Ws配信リン|$WaI thought I had you, but...rrgh...
you were one step ahead...$k","$t0$Wm配信リン|0$w0|$Ws配信リン|$WaSana sahip olduğumu sanıyordum, ama...
aaa... sen bir adım öndeydin...$k"
129,MID_E000_DIE_配信ヘクトル,$t0$Wm配信ヘクトル|0$w0|$Ws配信ヘクトル|$WaArgh... J'imaginais une meilleure fin...$k,"$t0$Wm配信ヘクトル|0$w0|$Ws配信ヘクトル|$WaArgh... Mein Ende habe ich mir
schöner vorgestellt...$k",$t0$Wm配信ヘクトル|0$w0|$Ws配信ヘクトル|$WaUgh... Mi aspettavo una fine migliore...$k,"$t0$Wm配信ヘクトル|0$w0|$Ws配信ヘクトル|$WaUug... Me había imaginado un final
mejor que este...$k",$t0$Wm配信ヘクトル|0$w0|$Ws配信ヘクトル|$WaUgh... I pictured a better end...$k,$t0$Wm配信ヘクトル|0$w0|$Ws配信ヘクトル|$WaAh... Daha iyi bir son hayal etmiştim...$k
130,MID_E000_DIE_配信ネルガル,"$t0$Wm配信ネルガル|0$w0|$Ws配信ネルガル|$WaComment ! Comment ai-je pu être battu
par de tels... minables...$k","$t0$Wm配信ネルガル|0$w0|$Ws配信ネルガル|$WaWie... Wie konnte ich nur von solchen
...Maden besiegt werden...$k","$t0$Wm配信ネルガル|0$w0|$Ws配信ネルガル|$WaCome... Come posso essermi fatto
sconfiggere da simili larve...$k","$t0$Wm配信ネルガル|0$w0|$Ws配信ネルガル|$Wa¿Cómo... cómo he podido perder...
ante estos... gusanos?...$k","$t0$Wm配信ネルガル|0$w0|$Ws配信ネルガル|$WaHow! ...How could I be defeated
by such...maggots...$k","$t0$Wm配信ネルガル|0$w0|$Ws配信ネルガル|$WaNasıl! ...Böyle...kurtçuklara
nasıl yenilebilirim...$k"
131,MID_E000_DIE_配信エリウッド,"$t0$Wm配信エリウッド|0$w0|$Ws配信エリウッド|$WaJ'aurai voulu... que nous puissions
avoir cette force avec nous...$k","$t0$Wm配信エリウッド|0$w0|$Ws配信エリウッド|$WaIch wünschte... wir hätten solch eine
Streitmacht zur Verfügung gehabt...$k","$t0$Wm配信エリウッド|0$w0|$Ws配信エリウッド|$WaVorrei... che questa forza fosse
stata al nostro servizio...$k","$t0$Wm配信エリウッド|0$w0|$Ws配信エリウッド|$WaOjalá... esta fuerza hubiera sido
nuestra...$k","$t0$Wm配信エリウッド|0$w0|$Ws配信エリウッド|$WaI wish...that strength had been
ours to command...$k","$t0$Wm配信エリウッド|0$w0|$Ws配信エリウッド|$WaKeşke...bu güç bizim
komutamizda olsaydı...$k"
132,MID_E000_DIE_配信アメリア,"$t0$Wm配信アメリア|0$w0|$Ws配信アメリア|$WaJ'ai senti... que j'allais gagner...
Qu'est-ce qui... a mal tourné... ?$k","$t0$Wm配信アメリア|0$w0|$Ws配信アメリア|$WaIch konnte meinen Sieg fühlen...
Was... lief bloß schief...$k","$t0$Wm配信アメリア|0$w0|$Ws配信アメリア|$WaStavo per vincere... Lo sentivo...
Cosa... ho sbagliato?$k","$t0$Wm配信アメリア|0$w0|$Ws配信アメリア|$WaIba a ganar... Lo sentía...
¿Qué... ha salido... mal?...$k","$t0$Wm配信アメリア|0$w0|$Ws配信アメリア|$WaI was going to win... I felt it...
What...went wrong...$k","$t0$Wm配信アメリア|0$w0|$Ws配信アメリア|$WaKazanacaktım... Hissettim...
Ne...yanlış gitti...$k"
133,MID_E000_DIE_配信モルダ,"$t0$Wm配信モルダ|0$w0|$Ws配信モルダ|$WaVous avez gagné cette bataille...
Mais le châtiment des dieux viendra...$k","$t0$Wm配信モルダ|0$w0|$Ws配信モルダ|$WaDie Götter sehen zu. Heute siegt Ihr,
doch Eure Strafe wird kommen...$k","$t0$Wm配信モルダ|0$w0|$Ws配信モルダ|$WaGli dei ti guardano... Hai vinto oggi,
ma arriverà la tua punizione...$k","$t0$Wm配信モルダ|0$w0|$Ws配信モルダ|$WaLos dioses nos observan... Aunque hoy
ganéis... vuestro castigo vendrá...$k","$t0$Wm配信モルダ|0$w0|$Ws配信モルダ|$WaThe gods are watching... You have won
today, but your punishment will come...$k","$t0$Wm配信モルダ|0$w0|$Ws配信モルダ|$WaTanrılar izliyor... Bugün
kazandın ama cezan gelecek...$k"
134,MID_E000_DIE_配信ルーテ,"$t0$Wm配信ルーテ|0$w0|$Ws配信ルーテ|$WaVous voyez ? J'avais bien dit...
que vous étiez forts...$k","$t0$Wm配信ルーテ|0$w0|$Ws配信ルーテ|$WaSeht Ihr? Ich wusste doch, dass
Ihr stark seid...$k","$t0$Wm配信ルーテ|0$w0|$Ws配信ルーテ|$WaVisto? L'avevo capito...
che eri forte...$k","$t0$Wm配信ルーテ|0$w0|$Ws配信ルーテ|$Wa¿Lo ves? Lo sabía...
Sois... fuertes...$k","$t0$Wm配信ルーテ|0$w0|$Ws配信ルーテ|$WaYou see? I could tell...
you were strong...$k","$t0$Wm配信ルーテ|0$w0|$Ws配信ルーテ|$WaAnlıyorsun? Anladım
ki... güçlüydün...$k"
135,MID_E000_DIE_配信マリカ,$t0$Wm配信マリカ|0$w0|$Ws配信マリカ|$WaJ'ai perdu ? Comment... ?$k,$t0$Wm配信マリカ|0$w0|$Ws配信マリカ|$WaIch habe verloren? Aber wie...$k,$t0$Wm配信マリカ|0$w0|$Ws配信マリカ|$WaHo perso? Come...$k,$t0$Wm配信マリカ|0$w0|$Ws配信マリカ|$Wa¿He perdido? ¿Cómo...?$k,$t0$Wm配信マリカ|0$w0|$Ws配信マリカ|$WaI lost? How...$k,$t0$Wm配信マリカ|0$w0|$Ws配信マリカ|$WaKaybettim? Nasıl...$k
136,MID_E000_DIE_配信ヒーニアス,"$t0$Wm配信ヒーニアス|0$w0|$Ws配信ヒーニアス|$WaC'est... une façon de terminer... un
combat inutile...$k","$t0$Wm配信ヒーニアス|0$w0|$Ws配信ヒーニアス|$WaDas... ist eine Möglichkeit, einen
nutzlosen Kampf zu beenden...$k","$t0$Wm配信ヒーニアス|0$w0|$Ws配信ヒーニアス|$WaÈ pur sempre... un modo per finire
un... combattimento inutile...$k",$t0$Wm配信ヒーニアス|0$w0|$Ws配信ヒーニアス|$WaAsí termina esta lucha sin sentido...$k,"$t0$Wm配信ヒーニアス|0$w0|$Ws配信ヒーニアス|$WaThat's...one way to end a...
profitless fight...$k","$t0$Wm配信ヒーニアス|0$w0|$Ws配信ヒーニアス|$WaBu...kazançsiz bir kavgayı
sonlandirmanin bir yolu...$k"
137,MID_E000_DIE_配信ラーチェル,"$t0$Wm配信ラーチェル|0$w0|$Ws配信ラーチェル|$WaPeut-être que les légendaires messagers
de la justice... c'était vous...$k","$t0$Wm配信ラーチェル|0$w0|$Ws配信ラーチェル|$WaDie Weisen sprachen von Boten der
Gerechtigkeit... Vielleicht seid Ihr das?$k","$t0$Wm配信ラーチェル|0$w0|$Ws配信ラーチェル|$WaForse i messaggeri di giustizia di
cui parlano le saghe siete... voi...$k","$t0$Wm配信ラーチェル|0$w0|$Ws配信ラーチェル|$WaQuizá los mensajeros de la justicia que
mentaban las leyendas... seáis vosotros.$k","$t0$Wm配信ラーチェル|0$w0|$Ws配信ラーチェル|$WaPerhaps the messengers of justice
the sagas spoke of were...you...$k","$t0$Wm配信ラーチェル|0$w0|$Ws配信ラーチェル|$WaBelki de destanlarin bahsettigi
adalet habercileri... sizdiniz...$k"
138,MID_E000_DIE_配信ゼト,$t0$Wm配信ゼト|0$w0|$Ws配信ゼト|$WaPourquoi ?! Gnn... Princesse Eirika...$k,$t0$Wm配信ゼト|0$w0|$Ws配信ゼト|$WaWieso?!? Hngh... Prinzessin Eirika...$k,$t0$Wm配信ゼト|0$w0|$Ws配信ゼト|$WaPerché?! Nngh... Principessa Erika...$k,$t0$Wm配信ゼト|0$w0|$Ws配信ゼト|$Wa¡¿Por qué?! Gññ... Princesa Eirika...$k,$t0$Wm配信ゼト|0$w0|$Ws配信ゼト|$WaWhy?! Nngh...Princess Eirika...$k,$t0$Wm配信ゼト|0$w0|$Ws配信ゼト|$WaNeden?! Nngh...Prenses Eirika...$k
139,MID_E000_DIE_配信リオン,"$t0$Wm配信リオン|0$w0|$Ws配信リオン|$WaNon... Non, ça ne devait pas se finir
ainsi...$k","$t0$Wm配信リオン|0$w0|$Ws配信リオン|$WaNein, nein, nein! So sollte es
nicht enden...$k","$t0$Wm配信リオン|0$w0|$Ws配信リオン|$WaNo, no, no... Non doveva...
andare così...$k","$t0$Wm配信リオン|0$w0|$Ws配信リオン|$WaNo... no, no, esto no tenía...
que acabar así...$k","$t0$Wm配信リオン|0$w0|$Ws配信リオン|$WaNo...no, no, this isn't...how it
was supposed to go...$k","$t0$Wm配信リオン|0$w0|$Ws配信リオン|$WaHayır... hayır, hayır, bu... böyle
gitmesi gerekiyordu...$k"
140,MID_E000_DIE_配信エフラム,"$t0$Wm配信エフラム|0$w0|$Ws配信エフラム|$WaJ'ai peut-être perdu... mais je sais que
les autres réussiront...$k","$t0$Wm配信エフラム|0$w0|$Ws配信エフラム|$WaIch habe vielleicht verloren... doch ich
weiß, die anderen werden es beenden...$k","$t0$Wm配信エフラム|0$w0|$Ws配信エフラム|$WaMi hai sconfitto... ma so che
gli altri ce la faranno...$k","$t0$Wm配信エフラム|0$w0|$Ws配信エフラム|$WaPuede que yo caiga... pero sé que los
demás saldrán victoriosos...$k","$t0$Wm配信エフラム|0$w0|$Ws配信エフラム|$WaI may have lost...but I know the
others will finish this...$k","$t0$Wm配信エフラム|0$w0|$Ws配信エフラム|$WaBen kaybetmiş olabilirim ama biliyorum
ki diğerleri bunu bitirecek...$k"
141,MID_E000_DIE_配信ミスト,"$t0$Wm配信ミスト|0$w0|$Ws配信ミスト|$WaJe suis désolée... Je n'ai pas été d'une
grande aide...$k","$t0$Wm配信ミスト|0$w0|$Ws配信ミスト|$WaTut mir leid... dass ich keine
größere Hilfe war...$k","$t0$Wm配信ミスト|0$w0|$Ws配信ミスト|$WaMi dispiace... non essere
stata di maggior aiuto...$k","$t0$Wm配信ミスト|0$w0|$Ws配信ミスト|$WaLo siento... No he podido ser
de más ayuda...$k",$t0$Wm配信ミスト|0$w0|$Ws配信ミスト|$WaI'm sorry...I wasn't more help...$k,$t0$Wm配信ミスト|0$w0|$Ws配信ミスト|$WaÜzgünüm...Daha fazla yardımcı olamadım...$k
142,MID_E000_DIE_配信セネリオ,$t0$Wm配信セネリオ|0$w0|$Ws配信セネリオ|$WaAlors c'est fini... Pathétique...$k,$t0$Wm配信セネリオ|0$w0|$Ws配信セネリオ|$WaDas war es also... Wie erbärmlich...$k,"$t0$Wm配信セネリオ|0$w0|$Ws配信セネリオ|$WaQuindi finisce così...
Patetico...$k",$t0$Wm配信セネリオ|0$w0|$Ws配信セネリオ|$WaAsí que este es el fin... Qué patético...$k,$t0$Wm配信セネリオ|0$w0|$Ws配信セネリオ|$WaSo this is it... Pathetic...$k,$t0$Wm配信セネリオ|0$w0|$Ws配信セネリオ|$WaIste bu... Acıklı...$k
143,MID_E000_DIE_配信ワユ,"$t0$Wm配信ワユ|0$w0|$Ws配信ワユ|$WaJe... Je crois que j'aurais dû m'entraîner
davantage...$k","$t0$Wm配信ワユ|0$w0|$Ws配信ワユ|$WaIch... Ich glaube, mehr Übung
hätte nicht geschadet...$k","$t0$Wm配信ワユ|0$w0|$Ws配信ワユ|$WaA quanto pare... avrei dovuto
allenarmi di più...$k","$t0$Wm配信ワユ|0$w0|$Ws配信ワユ|$WaSupongo... que tendría que
haber entrenado más...$k","$t0$Wm配信ワユ|0$w0|$Ws配信ワユ|$WaI...I guess I needed more
training...$k","$t0$Wm配信ワユ|0$w0|$Ws配信ワユ|$WaBen...sanırım daha fazla eğitime
ihtiyacım vardı...$k"
144,MID_E000_DIE_配信ツイハーク,"$t0$Wm配信ツイハーク|0$w0|$Ws配信ツイハーク|$WaArgh... On dirait que je n'ai fait que
gêner...$k","$t0$Wm配信ツイハーク|0$w0|$Ws配信ツイハーク|$WaArgh... Sieht so aus, als stünde ich
nur im Weg...$k","$t0$Wm配信ツイハーク|0$w0|$Ws配信ツイハーク|$WaArgh... Non ho fatto che...
essere d'intralcio...$k","$t0$Wm配信ツイハーク|0$w0|$Ws配信ツイハーク|$WaAag... Parece que solo...
he sido un estorbo...$k","$t0$Wm配信ツイハーク|0$w0|$Ws配信ツイハーク|$WaAgh... I seem to have only...
gotten in the way...$k","$t0$Wm配信ツイハーク|0$w0|$Ws配信ツイハーク|$WaAh... Ben sadece... yoluma
çıkmış gibiyim...$k"
145,MID_E000_DIE_配信ティアマト,$t0$Wm配信ティアマト|0$w0|$Ws配信ティアマト|$WaPardonnez-moi... Je dois me retirer...$k,"$t0$Wm配信ティアマト|0$w0|$Ws配信ティアマト|$WaVerzeiht mir... Ich muss den
Rückzug antreten...$k",$t0$Wm配信ティアマト|0$w0|$Ws配信ティアマト|$WaPerdonatemi... Devo ritirarmi...$k,$t0$Wm配信ティアマト|0$w0|$Ws配信ティアマト|$WaPerdonadme... Debo retirarme...$k,$t0$Wm配信ティアマト|0$w0|$Ws配信ティアマト|$WaForgive me... I must retreat...$k,$t0$Wm配信ティアマト|0$w0|$Ws配信ティアマト|$WaAffet beni... Geri çekilmeliyim...$k
146,MID_E000_DIE_配信エリンシア,"$t0$Wm配信エリンシア|0$w0|$Ws配信エリンシア|$WaMa route s'arrête ici...
Bonne chance à vous...$k","$t0$Wm配信エリンシア|0$w0|$Ws配信エリンシア|$WaHier endet es also...
Ich wünsche Euch viel Glück...$k","$t0$Wm配信エリンシア|0$w0|$Ws配信エリンシア|$WaQuindi finisce così...
Buona fortuna a tutti...$k","$t0$Wm配信エリンシア|0$w0|$Ws配信エリンシア|$WaAquí acaba todo para mí...
Buena suerte a todos...$k","$t0$Wm配信エリンシア|0$w0|$Ws配信エリンシア|$WaThen it ends here...
Good luck to you...$k","$t0$Wm配信エリンシア|0$w0|$Ws配信エリンシア|$WaO zaman burada
bitiyor... Size iyi sanslar...$k"
147,MID_E000_DIE_配信ジョフレ,"$t0$Wm配信ジョフレ|0$w0|$Ws配信ジョフレ|$WaComment ai-je pu perdre ?
Mince...$k","$t0$Wm配信ジョフレ|0$w0|$Ws配信ジョフレ|$WaWie konnte ich hier nur verlieren?
Verdammt...$k","$t0$Wm配信ジョフレ|0$w0|$Ws配信ジョフレ|$WaCome ho potuto perdere?
Accidenti...$k",$t0$Wm配信ジョフレ|0$w0|$Ws配信ジョフレ|$Wa¿Cómo he podido perder? Maldición...$k,"$t0$Wm配信ジョフレ|0$w0|$Ws配信ジョフレ|$WaHow could I lose here?
Damn...$k","$t0$Wm配信ジョフレ|0$w0|$Ws配信ジョフレ|$WaBurada nasıl kaybedebilirim?
Lanet olsun...$k"
148,MID_E000_DIE_配信ルキノ,$t0$Wm配信ルキノ|0$w0|$Ws配信ルキノ|$WaMéfiez-vous des forces d'Elibe...$k,$t0$Wm配信ルキノ|0$w0|$Ws配信ルキノ|$WaHütet Euch vor Elibes Mächten...$k,$t0$Wm配信ルキノ|0$w0|$Ws配信ルキノ|$WaTemete le forze dell'Elibe...$k,$t0$Wm配信ルキノ|0$w0|$Ws配信ルキノ|$WaCuidado con las fuerzas de Elibe...$k,$t0$Wm配信ルキノ|0$w0|$Ws配信ルキノ|$WaBeware the forces of Elibe...$k,$t0$Wm配信ルキノ|0$w0|$Ws配信ルキノ|$WaElibe'nin güçlerine dikkat edin...$k
149,MID_E000_DIE_配信アシュナード,"$t0$Wm配信アシュナード|0$w0|$Ws配信アシュナード|$WaArgh... Comment ai-je pu perdre contre
des canailles pareilles... ?$k","$t0$Wm配信アシュナード|0$w0|$Ws配信アシュナード|$WaHngh... Wie konnte ich von diesem...
Pöbel... besiegt werden...$k","$t0$Wm配信アシュナード|0$w0|$Ws配信アシュナード|$WaNngh... Come ho potuto perdere...
contro questa marmaglia?$k","$t0$Wm配信アシュナード|0$w0|$Ws配信アシュナード|$WaGññ... ¿Cómo he podido perder...
contra semejante... chusma?...$k","$t0$Wm配信アシュナード|0$w0|$Ws配信アシュナード|$WaNngh... How could I lose
to such...rabble...$k","$t0$Wm配信アシュナード|0$w0|$Ws配信アシュナード|$WaNngh... Böyle...ayaktakimina
karşı nasıl kaybedebilirim...$k"
150,MID_E000_DIE_配信アイク,$t0$Wm配信アイク|0$w0|$Ws配信アイク|$WaAah... Je me battrais si je le pouvais...$k,"$t0$Wm配信アイク|0$w0|$Ws配信アイク|$WaArgh... Ich würde weiterkämpfen,
wenn ich könnte...$k","$t0$Wm配信アイク|0$w0|$Ws配信アイク|$WaAaah... Continuerei a
combattere, se potessi...$k",$t0$Wm配信アイク|0$w0|$Ws配信アイク|$WaAah... Seguiría luchando... si pudiera...$k,$t0$Wm配信アイク|0$w0|$Ws配信アイク|$WaAhh... I'd fight on if I could...$k,"$t0$Wm配信アイク|0$w0|$Ws配信アイク|$WaAhh... Elimden gelse savaşmaya devam
ederdim...$k"
151,MPID_配信ウォルト,Wolt,Wolt,Wolt,Wolt,Wolt,Wolt
152,MPID_配信シャニー,Shanna,Shanna,Shanna,Shanna,Shanna,Shanna
153,MPID_配信ルゥ,Lugh,Lugh,Lugh,Lugh,Lugh,Lugh
154,MPID_配信レイ,Raigh,Raigh,Raigh,Raigh,Raigh,Raigh
155,MPID_配信ソフィーヤ,Sophia,Sophia,Sophia,Sophia,Sophia,Sofya
156,MPID_配信セシリア,Cecilia,Cecilia,Cecilia,Cecilia,Cecilia,Cecilia
157,MPID_配信パーシバル,Perceval,Perceval,Perceval,Perceval,Perceval,Perceval
158,MPID_配信リリーナ,Lilina,Lilina,Lilina,Lilina,Lilina,Lilina
159,MPID_配信ゼフィール,Zephiel,Zephiel,Zephiel,Zephiel,Zephiel,Zephiel
160,MPID_配信ロイ,Roy,Roy,Roy,Roy,Roy,Roy
161,MPID_配信フロリーナ,Florina,Florina,Florina,Florina,Florina,Florina
162,MPID_配信ニノ,Nino,Nino,Nina,Nino,Nino,Nino
163,MPID_配信セーラ,Serra,Serra,Serra,Serra,Serra,Serra
164,MPID_配信マシュー,Matthew,Matthew,Matthew,Matthew,Matthew,Matta
165,MPID_配信カレル,Karel,Karel,Karel,Karel,Karel,Karel
166,MPID_配信ジャファル,Jaffar,Jaffar,Jaffar,Jaffar,Jaffar,Cafer
167,MPID_配信リン,Lyn,Lyn,Lyn,Lyn,Lyn,Lyn
168,MPID_配信ヘクトル,Hector,Hector,Hector,Hector,Hector,Hektor
169,MPID_配信ネルガル,Nergal,Nergal,Nergal,Nergal,Nergal,Nergal
170,MPID_配信エリウッド,Eliwood,Eliwood,Eliwood,Eliwood,Eliwood,Eliwood
171,MPID_予約エイリーク,Eirika,Eirika,Erika,Eirika,Eirika,Eirika
172,MPID_予約11,Eirika,Eirika,Erika,Eirika,Eirika,Eirika
173,MPID_配信アメリア,Amelia,Amelia,Amelia,Amelia,Amelia,Amelia
174,MPID_配信モルダ,Moulder,Moulder,Moulder,Moulder,Moulder,kalipçi
175,MPID_配信ルーテ,Lute,Lute,Lute,Lute,Lute,Lavta
176,MPID_配信マリカ,Marisa,Marisa,Marisa,Marisa,Marisa,Marisa
177,MPID_配信ヒーニアス,Innes,Innes,Innes,James,Innes,Innes
178,MPID_配信ラーチェル,L'Arachel,L'Arachel,L'Arachel,L'Arachel,L'Arachel,L'Arachel
179,MPID_配信ゼト,Seth,Seth,Seth,Seth,Seth,Seth
180,MPID_配信リオン,Lyon,Lyon,Lyon,Lyon,Lyon,Lyon
181,MPID_配信エフラム,Ephraim,Ephraim,Ephraim,Ephraim,Ephraim,Ephraim
182,MPID_配信ミスト,Mist,Alja,Mist,Mist,Mist,Mist
183,MPID_配信セネリオ,Soren,Soren,Soren,Soren,Soren,Sören
184,MPID_配信ワユ,Mia,Mia,Mia,Mia,Mia,Mia
185,MPID_配信ツイハーク,Zihark,Zihark,Zihark,Zihark,Zihark,Zihark
186,MPID_配信ティアマト,Titania,Titania,Titania,Titania,Titania,Titanya
187,MPID_配信エリンシア,Elincia,Elincia,Elincia,Elincia,Elincia,Elincia
188,MPID_配信ジョフレ,Geoffrey,Geoffrey,Geoffrey,Geoffrey,Geoffrey,Geoffrey
189,MPID_配信ルキノ,Lucia,Lucia,Lucia,Lucia,Lucia,Lucia
190,MPID_配信アシュナード,Ashnard,Ashnard,Ashnard,Ashnard,Ashnard,Ashnard
191,MPID_配信アイク,Ike,Ike,Ike,Ike,Ike,Ike
192,MPID_占い,Vieux Baba,Rasputamus,Laidus,Picaruelo,Old Hubba,Old Hubba
193,MID_DLC_名前_エイリーク,Eirika,Eirika,Erika,Eirika,Eirika,Eirika
194,MID_DLC_挨拶会話_エイリーク,Je m'appelle Eirika.,Mein Name ist Eirika.,Il mio nome è Erika.,Me llamo Eirika.,My name is Eirika.,Benim adım Eirika.
195,MID_DLC_戦闘会話_エイリーク,Nous vous repousserons !,Wir werden Euch verjagen!,Vi respingeremo!,¡Repeleremos vuestra ofensiva!,We will drive you back!,Seni geri götüreceğiz!
196,MID_DLC_仲間会話_エイリーク,"Alors, partons.",Dann lasst uns gehen.,"Andiamo, allora.","Vayamos, pues.","Let's go, then.",Hadi gidelim o zaman.
