entry,label,EN,ES,FR,IT,DE,TRANSLATION
0,001,"{{TAG:000C:0000:}}{{TAG:000C:0005:}}{{TAG:000C:0002:}}{{TAG:000C:0006:}}{{TAG:000C:0001:}}{{TAG:000C:0008:}}{{TAG:0007:0000:14000000}}{{TAG:0003:000F:}}Huh?{{TAG:0007:0000:14000000}} What's that?{{TAG:0007:0000:28000000}} You wanna know
what makes a guy popular?{{TAG:0000:0004:}}{{TAG:0003:001B:}}Is that seriously what you're
thinking about? {{TAG:000C:0009:}}","{{TAG:000C:0000:}}{{TAG:000C:0005:}}{{TAG:000C:0002:}}{{TAG:000C:0006:}}{{TAG:000C:0001:}}{{TAG:000C:0008:}}{{TAG:0007:0000:14000000}}{{TAG:0003:000F:}}¿Sí?{{TAG:0007:0000:14000000}} ¿Me lo preguntas en serio?{{TAG:0007:0000:28000000}}
¿Quieres saber cómo caerle
bien a la gente?
{{TAG:0003:001B:}}Pero bueno... ¿De verdad que
no lo sabes?{{TAG:000C:0009:}}","{{TAG:000C:0000:}}{{TAG:000C:0005:}}{{TAG:000C:0002:}}{{TAG:000C:0006:}}{{TAG:000C:0001:}}{{TAG:000C:0008:}}{{TAG:0007:0000:14000000}}{{TAG:0003:000F:}}Gné ?!{{TAG:0007:0000:14000000}} Qu'est-ce tu dis ?{{TAG:0007:0000:14000000}} Tu veux
savoir c'qui rend un gars populaire ?{{TAG:0000:0004:}}{{TAG:0003:001B:}}T'as rien d'mieux pour t'occuper
l'esprit, en ce moment ?{{TAG:000C:0009:}}","{{TAG:000C:0000:}}{{TAG:000C:0005:}}{{TAG:000C:0002:}}{{TAG:000C:0006:}}{{TAG:000C:0001:}}{{TAG:000C:0008:}}{{TAG:0007:0000:14000000}}{{TAG:0003:000F:}}Eh?{{TAG:0007:0000:14000000}} Come?{{TAG:0007:0000:28000000}} Vuoi sapere come si fa
a diventare famoso?{{TAG:0000:0004:}}{{TAG:0003:001B:}}Ma davvero stavi pensando
a questo?{{TAG:000C:0009:}}","{{TAG:000C:0000:}}{{TAG:000C:0005:}}{{TAG:000C:0002:}}{{TAG:000C:0006:}}{{TAG:000C:0001:}}{{TAG:000C:0008:}}{{TAG:0007:0000:14000000}}{{TAG:0003:000F:}}Hö?{{TAG:0007:0000:14000000}} Das willste wissen?{{TAG:0007:0000:28000000}} Wie man
beliebter wird?{{TAG:0007:0000:28000000}} {{TAG:0003:001B:}}Ernsthaft? {{TAG:0007:0000:14000000}}Mit so
was beschäftigste dich? {{TAG:000C:0009:}}","{{TAG:000C:0000:}}{{TAG:000C:0005:}}{{TAG:000C:0002:}}{{TAG:000C:0006:}}{{TAG:000C:0001:}}{{TAG:000C:0008:}}{{TAG:0007:0000:14000000}}{{TAG:0003:000F:}}Hı?{{TAG:0007:0000:14000000}} Ne dedin?{{TAG:0007:0000:28000000}} Bir erkeği neyin
popüler yaptığını mı merak
ediyorsun?{{TAG:0000:0004:}}{{TAG:0003:001B:}}Cidden kafana taktığın şey
bu mu yani? {{TAG:000C:0009:}}"
1,002,"{{TAG:000C:0000:}}{{TAG:000C:0005:}}{{TAG:000C:0002:}}{{TAG:000C:0006:}}{{TAG:000C:0001:}}{{TAG:000C:0008:}}{{TAG:0007:0000:08000000}}.{{TAG:0007:0000:08000000}}.{{TAG:0007:0000:08000000}}.{{TAG:0007:0000:14000000}}{{TAG:0003:0009:}}Listen, dude!{{TAG:0007:0000:14000000}} You need fruit and
vegetables!{{TAG:0007:0000:08000000}} You can't just eat
{{TAG:0005:0010:0000}} all the time!{{TAG:000C:0009:}}","{{TAG:000C:0000:}}{{TAG:000C:0005:}}{{TAG:000C:0002:}}{{TAG:000C:0006:}}{{TAG:000C:0001:}}{{TAG:000C:0008:}}Oye, una cosa{{TAG:0007:0000:08000000}}.{{TAG:0007:0000:08000000}}.{{TAG:0007:0000:08000000}}.{{TAG:0007:0000:14000000}}{{TAG:0003:0009:}} ¡No te cuidas nada!{{TAG:0007:0000:14000000}}
Necesitas una dieta equilibrada.{{TAG:0007:0000:08000000}}
¡No solo {{TAG:0005:0010:0000}}!{{TAG:000C:0009:}}","{{TAG:000C:0000:}}{{TAG:000C:0005:}}{{TAG:000C:0002:}}{{TAG:000C:0006:}}{{TAG:000C:0001:}}{{TAG:000C:0008:}}{{TAG:0007:0000:08000000}}.{{TAG:0007:0000:08000000}}.{{TAG:0007:0000:08000000}}.{{TAG:0007:0000:14000000}} {{TAG:0003:0009:}}Écoute bien, p'tite tête !{{TAG:0007:0000:14000000}} Faut
manger et du poisson, et des
légumes !{{TAG:0000:0004:}}Tu peux pas t'nourrir rien que
{{TAG:000E:000A:0600640065002000040064002700}}{{TAG:0005:0010:0000}} !{{TAG:000C:0009:}}","{{TAG:000C:0000:}}{{TAG:000C:0005:}}{{TAG:000C:0002:}}{{TAG:000C:0006:}}{{TAG:000C:0001:}}{{TAG:000C:0008:}}{{TAG:0007:0000:08000000}}.{{TAG:0007:0000:08000000}}.{{TAG:0007:0000:08000000}}.{{TAG:0007:0000:14000000}}{{TAG:0003:0009:}} Ascoltami!{{TAG:0007:0000:14000000}} Devi mangiare frutta
e verdura!{{TAG:0007:0000:08000000}} Non puoi abbuffarti solo
e sempre di {{TAG:0005:0010:0000}}!{{TAG:000C:0009:}}","{{TAG:000C:0000:}}{{TAG:000C:0005:}}{{TAG:000C:0002:}}{{TAG:000C:0006:}}{{TAG:000C:0001:}}{{TAG:000C:0008:}}{{TAG:0003:0009:}}Jetzt sperr mal deine Lauscher auf,
Kleiner!{{TAG:0007:0000:14000000}} Du kannst dich nicht nur
von {{TAG:0005:0010:0000}} ernähren!
{{TAG:0003:0006:}}Du musst auch Fleisch und Gemüse
futtern! {{TAG:0007:0000:14000000}}{{TAG:0003:0017:}}Ist ausgewogene Ernährung
etwa 'n Fremdwort für dich?{{TAG:000C:0009:}}","{{TAG:000C:0000:}}{{TAG:000C:0005:}}{{TAG:000C:0002:}}{{TAG:000C:0006:}}{{TAG:000C:0001:}}{{TAG:000C:0008:}}{{TAG:0007:0000:08000000}}.{{TAG:0007:0000:08000000}}.{{TAG:0007:0000:08000000}}.{{TAG:0007:0000:14000000}}{{TAG:0003:0009:}}Dinle dostum!{{TAG:0007:0000:14000000}} Meyve ve
sebze de yemen lazım!{{TAG:0007:0000:08000000}} Sürekli
{{TAG:0005:0010:0000}} yiyip duramazsın!{{TAG:000C:0009:}}"
2,003,"{{TAG:000C:0000:}}{{TAG:000C:0005:}}{{TAG:000C:0002:}}{{TAG:000C:0006:}}{{TAG:000C:0001:}}{{TAG:000C:0008:}}{{TAG:0007:0000:14000000}}{{TAG:0003:0009:}}Geez, {{TAG:0011:0001:0100}}.{{TAG:0007:0000:28000000}}
You{{TAG:0007:0000:08000000}}.{{TAG:0007:0000:08000000}}.{{TAG:0007:0000:08000000}}.{{TAG:0007:0000:14000000}}{{TAG:0009:0001:290030003700}}","{{TAG:000C:0000:}}{{TAG:000C:0005:}}{{TAG:000C:0002:}}{{TAG:000C:0006:}}{{TAG:000C:0001:}}{{TAG:000C:0008:}}{{TAG:0007:0000:14000000}}{{TAG:0003:0009:}}Pero... Es que no se puede hablar
contigo, {{TAG:0011:0001:0100}}.{{TAG:0007:0000:28000000}} Siempre estás
con lo mismo{{TAG:0007:0000:08000000}}.{{TAG:0007:0000:08000000}}.{{TAG:0007:0000:08000000}}.{{TAG:0007:0000:14000000}}{{TAG:0009:0001:290030003700}}","{{TAG:000C:0000:}}{{TAG:000C:0005:}}{{TAG:000C:0002:}}{{TAG:000C:0006:}}{{TAG:000C:0001:}}{{TAG:000C:0008:}}{{TAG:0007:0000:14000000}}{{TAG:0003:0009:}}Bon sang, {{TAG:0011:0001:0100}}.{{TAG:0007:0000:14000000}} Ça peut plus
durer{{TAG:0007:0000:0F000000}}.{{TAG:0007:0000:0F000000}}.{{TAG:0007:0000:0F000000}}.{{TAG:0007:0000:14000000}}{{TAG:0009:0001:290030003700}}","{{TAG:000C:0000:}}{{TAG:000C:0005:}}{{TAG:000C:0002:}}{{TAG:000C:0006:}}{{TAG:000C:0001:}}{{TAG:000C:0008:}}{{TAG:0007:0000:14000000}}{{TAG:0003:0009:}}Ma insomma, {{TAG:0011:0001:0100}}.{{TAG:0007:0000:28000000}}
Tu{{TAG:0007:0000:08000000}}.{{TAG:0007:0000:08000000}}.{{TAG:0007:0000:08000000}}.{{TAG:0007:0000:14000000}}{{TAG:0009:0001:290030003700}}","{{TAG:000C:0000:}}{{TAG:000C:0005:}}{{TAG:000C:0002:}}{{TAG:000C:0006:}}{{TAG:000C:0001:}}{{TAG:000C:0008:}}{{TAG:0007:0000:14000000}}{{TAG:0003:0009:}}Ey, {{TAG:0011:0001:0100}}.{{TAG:0007:0000:28000000}} Warum{{TAG:0007:0000:08000000}}.{{TAG:0007:0000:08000000}}.{{TAG:0007:0000:08000000}}.{{TAG:0007:0000:14000000}}{{TAG:0009:0001:290030003700}}","{{TAG:000C:0000:}}{{TAG:000C:0005:}}{{TAG:000C:0002:}}{{TAG:000C:0006:}}{{TAG:000C:0001:}}{{TAG:000C:0008:}}{{TAG:0007:0000:14000000}}{{TAG:0003:0009:}}Of, {{TAG:0011:0001:0100}}.{{TAG:0007:0000:28000000}}
Sen var ya{{TAG:0007:0000:08000000}}.{{TAG:0007:0000:08000000}}.{{TAG:0007:0000:08000000}}.{{TAG:0007:0000:14000000}}{{TAG:0009:0001:290030003700}}"
3,004,,,,,,
4,005,,,,,,
5,006,"{{TAG:000C:0000:}}{{TAG:000C:0007:}}{{TAG:000C:0002:}}{{TAG:0003:0026:}}Yeah!{{TAG:0007:0000:28000000}} I mean,{{TAG:0007:0000:08000000}} popular people get
other people to buy them dinner all
the time!
{{TAG:0003:0005:}}{{TAG:000E:0003:}}{{TAG:0005:0013:0000}},{{TAG:0007:0000:08000000}}
{{TAG:0005:0013:0100}}{{TAG:0007:0000:08000000}}.{{TAG:0007:0000:08000000}}.{{TAG:0007:0000:08000000}}.{{TAG:0007:0000:14000000}}
all you can eat!{{TAG:000C:0009:}}","{{TAG:000C:0000:}}{{TAG:000C:0007:}}{{TAG:000C:0002:}}{{TAG:0003:0026:}}¡Sí!{{TAG:0007:0000:28000000}} A ver,{{TAG:0007:0000:08000000}} es que me he fijado en
que cuando caes bien a la gente,
¡te invitan a cenar un montón!
{{TAG:0003:0005:}}Y te dan {{TAG:0005:0013:0000}},{{TAG:0007:0000:08000000}}
{{TAG:0005:0013:0100}}{{TAG:0007:0000:08000000}}.{{TAG:0007:0000:08000000}}.{{TAG:0007:0000:08000000}}.{{TAG:0007:0000:14000000}}
¡todo lo que quieras!{{TAG:000C:0009:}}","{{TAG:000C:0000:}}{{TAG:000C:0007:}}{{TAG:000C:0002:}}{{TAG:0003:0026:}}Non !{{TAG:0007:0000:14000000}} Enfin,{{TAG:0007:0000:0A000000}} j'ai surtout remarqué
que les gens populaires se faisaient
toujours inviter au restaurant !
{{TAG:0003:0005:}}{{TAG:000E:0003:}}{{TAG:000E:0002:}}{{TAG:0005:0013:0000}} par-ci,{{TAG:0007:0000:0A000000}}
{{TAG:000E:0002:}}{{TAG:0005:0013:0100}} par-là{{TAG:0007:0000:0A000000}}.{{TAG:0007:0000:0A000000}}.{{TAG:0007:0000:0A000000}}.{{TAG:0007:0000:14000000}}
Le tout à volonté !{{TAG:000C:0009:}}","{{TAG:000C:0000:}}{{TAG:000C:0007:}}{{TAG:000C:0002:}}{{TAG:0003:0026:}}Sì!{{TAG:0007:0000:28000000}} Chiunque farebbe a gara
per offrire da mangiare
a una star!
{{TAG:0003:0005:}}Sogno piatti fumanti di
{{TAG:0005:0013:0000}}{{TAG:0007:0000:08000000}} e vagonate
di {{TAG:0005:0013:0100}}{{TAG:0007:0000:08000000}}.{{TAG:0007:0000:08000000}}.{{TAG:0007:0000:08000000}}.{{TAG:0007:0000:14000000}} gratis!{{TAG:000C:0009:}}","{{TAG:000C:0000:}}{{TAG:000C:0007:}}{{TAG:000C:0002:}}{{TAG:0003:0026:}}Klaro! {{TAG:0007:0000:14000000}}Weil nämlich beliebte Leute
immer zum Essen eingeladen werden
und leckere Sachen futtern dürfen!
{{TAG:0003:0005:}}{{TAG:000E:0003:}}{{TAG:0005:0013:0000}},{{TAG:0007:0000:08000000}}
{{TAG:0005:0013:0100}}{{TAG:0007:0000:08000000}}.{{TAG:0007:0000:08000000}}.{{TAG:0007:0000:08000000}}.{{TAG:0007:0000:14000000}}
und was es sonst noch alles gibt!{{TAG:000C:0009:}}","{{TAG:000C:0000:}}{{TAG:000C:0007:}}{{TAG:000C:0002:}}{{TAG:0003:0026:}}Evet!{{TAG:0007:0000:28000000}} Yani,{{TAG:0007:0000:08000000}} popüler insanlara
başkaları sürekli yemek ısmarlar!
{{TAG:0003:0005:}}{{TAG:000E:0003:}}{{TAG:0005:0013:0000}},{{TAG:0007:0000:08000000}}
{{TAG:0005:0013:0100}}{{TAG:0007:0000:08000000}}.{{TAG:0007:0000:08000000}}.{{TAG:0007:0000:08000000}}.{{TAG:0007:0000:14000000}}
hem de yiyebildiğin kadar!{{TAG:000C:0009:}}"
6,007,"{{TAG:000C:0000:}}{{TAG:000C:0005:}}{{TAG:000C:0001:}}{{TAG:0003:0012:}}What?!{{TAG:0007:0000:08000000}} Hold on a minute!{{TAG:0007:0000:28000000}} Where did
you hear that noise?{{TAG:000C:0009:}}","{{TAG:000C:0000:}}{{TAG:000C:0005:}}{{TAG:000C:0001:}}{{TAG:0003:0012:}}¡¿Qué?!{{TAG:0007:0000:08000000}} Oye, ¡un momento!{{TAG:0007:0000:28000000}}
Pero ¿dónde has visto tú eso?{{TAG:000C:0009:}}","{{TAG:000C:0000:}}{{TAG:000C:0005:}}{{TAG:000C:0001:}}{{TAG:0003:0012:}}De quoi ?!{{TAG:0007:0000:0F000000}} Minute !{{TAG:0007:0000:14000000}} Où t'as entendu
un truc pareil ?{{TAG:000C:0009:}}","{{TAG:000C:0000:}}{{TAG:000C:0005:}}{{TAG:000C:0001:}}{{TAG:0003:0012:}}Cosa?!{{TAG:0007:0000:08000000}} Aspetta un attimo!{{TAG:0007:0000:28000000}} Ma dove
l'hai sentita una cosa del genere?{{TAG:000C:0009:}}","{{TAG:000C:0000:}}{{TAG:000C:0005:}}{{TAG:000C:0001:}}{{TAG:0003:0012:}}Wat?!{{TAG:0007:0000:08000000}} Mach mal halblang!{{TAG:0007:0000:28000000}} Wo haste
denn das aufgeschnappt?{{TAG:000C:0009:}}","{{TAG:000C:0000:}}{{TAG:000C:0005:}}{{TAG:000C:0001:}}{{TAG:0003:0012:}}Ne?!{{TAG:0007:0000:08000000}} Bir dakika!{{TAG:0007:0000:28000000}} Bunu nereden
duydun sen?{{TAG:000C:0009:}}"
7,008,"{{TAG:000C:0000:}}{{TAG:000C:0007:}}{{TAG:000C:0002:}}{{TAG:0003:0017:}}Huh?{{TAG:0007:0000:28000000}} Why?{{TAG:0007:0000:08000000}} You lookin' to get some
free {{TAG:0005:0013:0000}} too,
{{TAG:0011:0001:0000}}?
{{TAG:0003:000B:}}Hmm. What to do{{TAG:0007:0000:08000000}}.{{TAG:0007:0000:08000000}}.{{TAG:0007:0000:08000000}}.{{TAG:0007:0000:14000000}}{{TAG:000C:0009:}}","{{TAG:000C:0000:}}{{TAG:000C:0007:}}{{TAG:000C:0002:}}{{TAG:0003:0017:}}¿Por qué lo preguntas?{{TAG:0007:0000:08000000}} {{TAG:0007:0000:14000000}}Tú también
quieres hincharte a comer por la
cara, ¿eh, {{TAG:0011:0001:0000}}?
{{TAG:0003:000B:}}Mmm, quizá no tendría que
habértelo dicho. Ahora somos
competidores{{TAG:0007:0000:08000000}}.{{TAG:0007:0000:08000000}}.{{TAG:0007:0000:08000000}}.{{TAG:0007:0000:14000000}}{{TAG:000C:0009:}}","{{TAG:000C:0000:}}{{TAG:000C:0007:}}{{TAG:000C:0002:}}{{TAG:0003:0017:}}Hein ?{{TAG:0007:0000:14000000}} Pourquoi ?{{TAG:0007:0000:0F000000}} Toi aussi tu veux
{{TAG:000E:0002:}}{{TAG:0005:0013:0000}} {{TAG:000E:0008:00CD0E0067007200610074007500690074001000670072006100740075006900740065000000}},
{{TAG:0011:0001:0000}} ?
{{TAG:0003:000B:}}Hmm, que faire{{TAG:0007:0000:0A000000}}.{{TAG:0007:0000:0A000000}}.{{TAG:0007:0000:0A000000}}.{{TAG:0007:0000:14000000}}{{TAG:000C:0009:}}","{{TAG:000C:0000:}}{{TAG:000C:0007:}}{{TAG:000C:0002:}}{{TAG:0003:0017:}}Eh?{{TAG:0007:0000:28000000}} Perché?{{TAG:0007:0000:08000000}} Anche tu, {{TAG:0011:0001:0000}},
vuoi farti una bella scorpacciata di
{{TAG:0005:0013:0000}} gratis?
{{TAG:0003:000B:}}Mmmh, come possiamo fare{{TAG:0007:0000:08000000}}.{{TAG:0007:0000:08000000}}.{{TAG:0007:0000:08000000}}.{{TAG:0007:0000:14000000}}?{{TAG:000C:0009:}}","{{TAG:000C:0000:}}{{TAG:000C:0007:}}{{TAG:000C:0002:}}{{TAG:0003:0017:}}Huch?{{TAG:0007:0000:14000000}} Oh!!!{{TAG:0007:0000:14000000}} Willst du auch beliebt
sein und zu {{TAG:0005:0013:0000}}
eingeladen werden, {{TAG:0011:0001:0000}}?
{{TAG:0003:000B:}}Hmmm, das ist ja jetzt doof{{TAG:0007:0000:08000000}}.{{TAG:0007:0000:08000000}}.{{TAG:0007:0000:08000000}}.{{TAG:0007:0000:14000000}}{{TAG:000C:0009:}}","{{TAG:000C:0000:}}{{TAG:000C:0007:}}{{TAG:000C:0002:}}{{TAG:0003:0017:}}Hı?{{TAG:0007:0000:28000000}} Neden?{{TAG:0007:0000:08000000}} Sen de bedava
{{TAG:0005:0013:0000}} peşinde misin,
{{TAG:0011:0001:0000}}?
{{TAG:0003:000B:}}Hımm. Ne yapsak{{TAG:0007:0000:08000000}}.{{TAG:0007:0000:08000000}}.{{TAG:0007:0000:08000000}}.{{TAG:0007:0000:14000000}}{{TAG:000C:0009:}}"
8,009,"{{TAG:000C:0000:}}{{TAG:000C:0005:}}{{TAG:000C:0001:}}{{TAG:0003:000D:}}No, that's not what I meant!{{TAG:0007:0000:28000000}} I'm
asking where you heard that{{TAG:0007:0000:08000000}}.{{TAG:0007:0000:08000000}}.{{TAG:0007:0000:08000000}}.{{TAG:0007:0000:14000000}}{{TAG:000C:0009:}}","{{TAG:000C:0000:}}{{TAG:000C:0005:}}{{TAG:000C:0001:}}{{TAG:0003:000D:}}¡No, no quería decir eso!{{TAG:0007:0000:28000000}} Solo
quería saber quién te ha metido
esas ideas en la cabeza{{TAG:0007:0000:08000000}}.{{TAG:0007:0000:08000000}}.{{TAG:0007:0000:08000000}}.{{TAG:0007:0000:14000000}}{{TAG:000C:0009:}}","{{TAG:000C:0000:}}{{TAG:000C:0005:}}{{TAG:000C:0001:}}{{TAG:0003:000D:}}Mais nan, c'est pas du tout c'que
j'voulais dire !{{TAG:0007:0000:14000000}} J't'ai demandé où
t'avais entendu ces salades{{TAG:0007:0000:0F000000}}.{{TAG:0007:0000:0F000000}}.{{TAG:0007:0000:0F000000}}.{{TAG:0007:0000:14000000}}{{TAG:000C:0009:}}","{{TAG:000C:0000:}}{{TAG:000C:0005:}}{{TAG:000C:0001:}}{{TAG:0003:000D:}}No, sei fuori strada!{{TAG:0007:0000:28000000}} Ti ho chiesto
dove hai sentito quella cosa{{TAG:0007:0000:08000000}}.{{TAG:0007:0000:08000000}}.{{TAG:0007:0000:08000000}}.{{TAG:0007:0000:14000000}}{{TAG:000C:0009:}}","{{TAG:000C:0000:}}{{TAG:000C:0005:}}{{TAG:000C:0001:}}{{TAG:0003:000D:}}Ähm, nee? {{TAG:0007:0000:14000000}}Das meinte ich gar nicht!{{TAG:0007:0000:28000000}}
Also, noch mal zum Mitschreiben:
{{TAG:0007:0000:14000000}}Wer hat dir den Stuss erzählt?{{TAG:000C:0009:}}","{{TAG:000C:0000:}}{{TAG:000C:0005:}}{{TAG:000C:0001:}}{{TAG:0003:000D:}}Hayır, onu demiyorum!{{TAG:0007:0000:28000000}} Sana
bunu nereden duyduğunu soruyorum{{TAG:0007:0000:08000000}}.{{TAG:0007:0000:08000000}}.{{TAG:0007:0000:08000000}}.{{TAG:0007:0000:14000000}}{{TAG:000C:0009:}}"
9,010,"{{TAG:000C:0000:}}{{TAG:000C:0007:}}{{TAG:000C:0002:}}{{TAG:0003:0010:}}Oh, but how about this?{{TAG:0007:0000:14000000}} You give
me the {{TAG:0005:0013:0200}}, and you
get all the {{TAG:0005:0013:0000}}!{{TAG:000C:0009:}}","{{TAG:000C:0000:}}{{TAG:000C:0007:}}{{TAG:000C:0002:}}{{TAG:0003:0010:}}¡Ah! Oye, no nos peleemos.{{TAG:0007:0000:14000000}} A ti que
te inviten a {{TAG:0005:0013:0200}}, ¡y
a mí a {{TAG:0005:0013:0000}}!{{TAG:000C:0009:}}","{{TAG:000C:0000:}}{{TAG:000C:0007:}}{{TAG:000C:0002:}}{{TAG:0003:0010:}}Attends, écoute plutôt ça :{{TAG:0007:0000:14000000}} tu me
laisses {{TAG:000E:0001:}}{{TAG:0005:0013:0200}}, et
à toi {{TAG:000E:0001:}}{{TAG:0005:0013:0000}} !{{TAG:000C:0009:}}","{{TAG:000C:0000:}}{{TAG:000C:0007:}}{{TAG:000C:0002:}}{{TAG:0003:0010:}}Oh, che ne dici se facciamo un
patto?{{TAG:0000:0004:}}Tu conservi per me qualche
porzione di {{TAG:0005:0013:0200}} e io
ti lascio {{TAG:000E:0001:}}{{TAG:0005:0013:0000}}!{{TAG:000C:0009:}}","{{TAG:000C:0000:}}{{TAG:000C:0007:}}{{TAG:000C:0002:}}{{TAG:0003:0010:}}Au ja! {{TAG:0007:0000:14000000}}Ich hab's!{{TAG:0007:0000:14000000}} Du kriegst lecker
{{TAG:0005:0013:0200}}, und ich verputz
dafür {{TAG:0005:0013:0000}} satt!{{TAG:000C:0009:}}","{{TAG:000C:0000:}}{{TAG:000C:0007:}}{{TAG:000C:0002:}}{{TAG:0003:0010:}}O zaman şöyle yapalım!{{TAG:0007:0000:14000000}} Sen bana
{{TAG:0005:0013:0200}} ver, bütün
{{TAG:0005:0013:0000}} de senin olsun!{{TAG:000C:0009:}}"
10,011,{{TAG:000C:0000:}}{{TAG:000C:0005:}}{{TAG:000C:0001:}}{{TAG:0003:0007:}}You're not even listening to me!!{{TAG:000C:0009:}},{{TAG:000C:0000:}}{{TAG:000C:0005:}}{{TAG:000C:0001:}}{{TAG:0003:0007:}}¡Pero si no me estás escuchando!{{TAG:000C:0009:}},"{{TAG:000C:0000:}}{{TAG:000C:0005:}}{{TAG:000C:0001:}}{{TAG:0003:0007:}}Parle à ma jambe, ma tête est
malade, hein...{{TAG:000C:0009:}}","{{TAG:000C:0000:}}{{TAG:000C:0005:}}{{TAG:000C:0001:}}{{TAG:0003:0007:}}Non hai ascoltato nemmeno
una sillaba di quello che sto
dicendo!!!{{TAG:000C:0009:}}","{{TAG:000C:0000:}}{{TAG:000C:0005:}}{{TAG:000C:0001:}}{{TAG:0003:0007:}}Hör sofort auf, mich zu ignorieren!{{TAG:000C:0009:}}",{{TAG:000C:0000:}}{{TAG:000C:0005:}}{{TAG:000C:0001:}}{{TAG:0003:0007:}}Beni hiç dinlemiyorsun ki!!{{TAG:000C:0009:}}
11,012,"{{TAG:000C:0000:}}{{TAG:000C:0007:}}{{TAG:000C:0002:}}{{TAG:0003:0005:}}Come now, {{TAG:0011:0001:0000}}!{{TAG:0007:0000:08000000}}
You'll never get popular-people grub
when you're angry! {{TAG:0007:0000:14000000}}{{TAG:000E:0003:}}{{TAG:0005:0007:}}!{{TAG:000B:0001:01CD}}{{TAG:000C:0009:}}","{{TAG:000C:0000:}}{{TAG:000C:0007:}}{{TAG:000C:0002:}}{{TAG:0003:0005:}}¡Veeenga, {{TAG:0011:0001:0000}}!{{TAG:0007:0000:08000000}} ¿Cómo vas
a conseguir que te inviten a nada
si te pones así,{{TAG:0007:0000:14000000}} {{TAG:0005:0007:}}?{{TAG:000B:0001:01CD}}{{TAG:000C:0009:}}","{{TAG:000C:0000:}}{{TAG:000C:0007:}}{{TAG:000C:0002:}}{{TAG:0003:0005:}}Ne t'énerve pas, {{TAG:0011:0001:0000}} !{{TAG:0007:0000:0A000000}}
Personne ne t'invitera à manger si
tu es en colère,{{TAG:0007:0000:14000000}} {{TAG:0005:0007:}} !{{TAG:000B:0001:01CD}}{{TAG:000C:0009:}}","{{TAG:000C:0000:}}{{TAG:000C:0007:}}{{TAG:000C:0002:}}{{TAG:0003:0005:}}Ma dai, {{TAG:0011:0001:0000}}!{{TAG:0000:0004:}}Se ti arrabbi così, non ti offriranno
mai nemmeno un pacchetto
di cracker! {{TAG:0007:0000:14000000}}{{TAG:000E:0003:}}{{TAG:0005:0007:}}!{{TAG:000B:0001:01CD}}{{TAG:000C:0009:}}","{{TAG:000C:0000:}}{{TAG:000C:0007:}}{{TAG:000C:0002:}}{{TAG:0003:0009:}}Menno, {{TAG:0011:0001:0000}}!{{TAG:0007:0000:14000000}} Du bist aber
grad nicht nett! {{TAG:0007:0000:14000000}}So kriegst du
kein Essen umsonst, {{TAG:0007:0000:08000000}}{{TAG:0005:0007:}}!{{TAG:000B:0001:01CD}}{{TAG:000C:0009:}}","{{TAG:000C:0000:}}{{TAG:000C:0007:}}{{TAG:000C:0002:}}{{TAG:0003:0005:}}Hadi ama, {{TAG:0011:0001:0000}}!{{TAG:0007:0000:08000000}}
Böyle sinirlenirsen popülerlere özel
yemeklerden asla yiyemezsin! {{TAG:0007:0000:14000000}}{{TAG:000E:0003:}}{{TAG:0005:0007:}}!{{TAG:000B:0001:01CD}}{{TAG:000C:0009:}}"
12,013,{{TAG:000C:0000:}}{{TAG:000C:0005:}}{{TAG:000C:0001:}}{{TAG:0003:0013:}}Gaaaah! {{TAG:0007:0000:14000000}}{{TAG:000E:0003:}}{{TAG:0005:0007:}}!{{TAG:000B:0003:01CD}},"{{TAG:000C:0000:}}{{TAG:000C:0005:}}{{TAG:000C:0001:}}{{TAG:0003:0013:}}Pero ¿de qué vas, {{TAG:0007:0000:14000000}}{{TAG:0005:0007:}}?{{TAG:000B:0003:01CD}}",{{TAG:000C:0000:}}{{TAG:000C:0005:}}{{TAG:000C:0001:}}{{TAG:0003:0013:}}Au secours... {{TAG:000E:0003:}}{{TAG:0005:0007:}}...{{TAG:000B:0003:01CD}},{{TAG:000C:0000:}}{{TAG:000C:0005:}}{{TAG:000C:0001:}}{{TAG:0003:0013:}}Aaaaah! {{TAG:0007:0000:14000000}}{{TAG:000E:0003:}}{{TAG:0005:0007:}}!{{TAG:000B:0003:01CD}},{{TAG:000C:0000:}}{{TAG:000C:0005:}}{{TAG:000C:0001:}}{{TAG:0003:000C:}}Ich kann nich' mehr! {{TAG:0007:0000:14000000}}{{TAG:000E:0003:}}{{TAG:0005:0007:}}!{{TAG:000B:0003:01CD}},{{TAG:000C:0000:}}{{TAG:000C:0005:}}{{TAG:000C:0001:}}{{TAG:0003:0013:}}Aaaaah! {{TAG:0007:0000:14000000}}{{TAG:000E:0003:}}{{TAG:0005:0007:}}!{{TAG:000B:0003:01CD}}
13,014,,,,,,
14,015,,,,,,
15,016,"{{TAG:000C:0000:}}{{TAG:000C:0007:}}{{TAG:000C:0002:}}{{TAG:0003:000B:}}Fruit and what now?{{TAG:0007:0000:14000000}}{{TAG:0003:0017:}} Will that stuff
make me big and strong?{{TAG:000C:0009:}}","{{TAG:000C:0000:}}{{TAG:000C:0007:}}{{TAG:000C:0002:}}{{TAG:0003:000B:}}¿Equilibrada?{{TAG:0007:0000:14000000}}{{TAG:0003:0017:}} ¿Y qué pasa con una
dieta desequilibrada, que me caigo?
Si total, ¡como tumbado en el sofá!{{TAG:000C:0009:}}","{{TAG:000C:0000:}}{{TAG:000C:0007:}}{{TAG:000C:0002:}}{{TAG:0003:000B:}}Du poisson et...{{TAG:0007:0000:0F000000}} et quoi, au fait ?{{TAG:0007:0000:14000000}}
{{TAG:0003:0017:}}Est-ce que ça me rendra grand et
fort ?{{TAG:000C:0009:}}","{{TAG:000C:0000:}}{{TAG:000C:0007:}}{{TAG:000C:0002:}}{{TAG:0003:000B:}}Frutta e che altro?{{TAG:0007:0000:14000000}}{{TAG:0003:0017:}} Mangiare queste
cose mi farà diventare più forte
e muscoloso?{{TAG:000C:0009:}}","{{TAG:000C:0000:}}{{TAG:000C:0007:}}{{TAG:000C:0002:}}{{TAG:0003:000B:}}Fleisch und{{TAG:0007:0000:08000000}}.{{TAG:0007:0000:08000000}}.{{TAG:0007:0000:08000000}}.{{TAG:0007:0000:28000000}}{{TAG:0003:0017:}} was war das noch?{{TAG:0007:0000:14000000}}{{TAG:0003:0017:}}
Schreibst du's mir auf? {{TAG:0007:0000:14000000}}{{TAG:0003:0025:}}Aber nur,
wenn's mich groß und stark macht!{{TAG:000C:0009:}}","{{TAG:000C:0000:}}{{TAG:000C:0007:}}{{TAG:000C:0002:}}{{TAG:0003:000B:}}Meyve ve ne?{{TAG:0007:0000:14000000}}{{TAG:0003:0017:}} Onları yersem
irileşip güçlenir miyim?{{TAG:000C:0009:}}"
16,017,"{{TAG:000C:0000:}}{{TAG:000C:0005:}}{{TAG:000C:0001:}}{{TAG:0003:0025:}}Oh yeah, totally{{TAG:0003:0000:}}{{TAG:0007:0000:08000000}}.{{TAG:0007:0000:08000000}}.{{TAG:0007:0000:08000000}}.{{TAG:0007:0000:14000000}}{{TAG:000C:0002:}}{{TAG:000C:0003:}}{{TAG:000C:0001:}}{{TAG:000C:0004:}}{{TAG:0007:0000:28000000}}{{TAG:0003:0025:}} Just look at ol'
{{TAG:0005:0008:}}!{{TAG:0003:0015:}} You'll be able to get at
least as strong as that!{{TAG:000C:0009:}}","{{TAG:000C:0000:}}{{TAG:000C:0005:}}{{TAG:000C:0001:}}{{TAG:0003:0025:}}¡Pero necesitas verduras y fruta!{{TAG:0003:0000:}}{{TAG:0007:0000:14000000}}{{TAG:000C:0002:}}{{TAG:000C:0003:}}{{TAG:000C:0001:}}{{TAG:000C:0004:}}{{TAG:0007:0000:28000000}}{{TAG:0003:0025:}}
¡Así estarás tan lozano como
{{TAG:0005:0008:}}!{{TAG:0003:0015:}} ¡Míral{{TAG:000E:0006:02006F0002006100}}, qué sanot{{TAG:000E:0006:0200650002006100}}!{{TAG:000C:0009:}}","{{TAG:000C:0000:}}{{TAG:000C:0005:}}{{TAG:000C:0001:}}{{TAG:0003:0025:}}Oui, oui, complètement{{TAG:0003:0000:}}{{TAG:0007:0000:0F000000}}.{{TAG:0007:0000:0F000000}}.{{TAG:0007:0000:0F000000}}.{{TAG:0007:0000:14000000}}{{TAG:000C:0002:}}{{TAG:000C:0003:}}{{TAG:000C:0001:}}{{TAG:000C:0004:}}{{TAG:0007:0000:28000000}} {{TAG:0003:0025:}}Regarde
{{TAG:0005:0008:}}. {{TAG:0003:0015:}}Tu devrais pouvoir
devenir au moins aussi fort {{TAG:000E:0006:0E0071007500650020006C00750069000E0071007500270065006C006C006500}} !{{TAG:000C:0009:}}","{{TAG:000C:0000:}}{{TAG:000C:0005:}}{{TAG:000C:0001:}}{{TAG:0003:0025:}}Oh sì, puoi scommetterci{{TAG:0003:0000:}}{{TAG:0007:0000:08000000}}.{{TAG:0007:0000:08000000}}.{{TAG:0007:0000:08000000}}.{{TAG:0007:0000:14000000}}{{TAG:000C:0002:}}{{TAG:000C:0003:}}{{TAG:000C:0001:}}{{TAG:000C:0004:}}{{TAG:0007:0000:28000000}}{{TAG:0003:0025:}} Guarda
{{TAG:0005:0008:}}!{{TAG:0003:0015:}} È così che diventerai,
come minimo!{{TAG:000C:0009:}}","{{TAG:000C:0000:}}{{TAG:000C:0005:}}{{TAG:000C:0001:}}{{TAG:0003:0024:}}Und wie{{TAG:0003:0000:}}{{TAG:0007:0000:08000000}}.{{TAG:0007:0000:08000000}}.{{TAG:0007:0000:08000000}}.{{TAG:0007:0000:14000000}}{{TAG:000C:0002:}}{{TAG:000C:0003:}}{{TAG:000C:0001:}}{{TAG:000C:0004:}}{{TAG:0007:0000:28000000}}{{TAG:0003:0025:}} Schau dir nur mal
{{TAG:0005:0008:}} an!{{TAG:0007:0000:14000000}}{{TAG:0003:0015:}} Mindestens genauso
stark kannste auch werden!{{TAG:000C:0009:}}","{{TAG:000C:0000:}}{{TAG:000C:0005:}}{{TAG:000C:0001:}}{{TAG:0003:0025:}}Tabii ki, hem de nasıl{{TAG:0003:0000:}}{{TAG:0007:0000:08000000}}.{{TAG:0007:0000:08000000}}.{{TAG:0007:0000:08000000}}.{{TAG:0007:0000:14000000}}{{TAG:000C:0002:}}{{TAG:000C:0003:}}{{TAG:000C:0001:}}{{TAG:000C:0004:}}{{TAG:0007:0000:28000000}}{{TAG:0003:0025:}} Şu bizim
{{TAG:0005:0008:}} haline bir bak!{{TAG:0003:0015:}} En az onun kadar
güçlü olabilirsin!{{TAG:000C:0009:}}"
17,018,"{{TAG:000C:0000:}}{{TAG:000C:0007:}}{{TAG:000C:0002:}}{{TAG:0003:0016:}}Ooh!{{TAG:0007:0000:28000000}}{{TAG:0003:0000:}}{{TAG:0007:0000:28000000}}{{TAG:000C:0002:}}{{TAG:000C:0004:}}{{TAG:0007:0000:28000000}} {{TAG:000E:0003:}}{{TAG:0005:0008:}}!
I gotta get in on this!{{TAG:0000:0004:}}{{TAG:0003:0017:}}How much fruit would you say you
eat versus vegetables? {{TAG:0008:000A:1300170017001B001B001F001F002300}}
Only fruit
Only vegetables","{{TAG:000C:0000:}}{{TAG:000C:0007:}}{{TAG:000C:0002:}}{{TAG:0003:0016:}}¡Ooh!{{TAG:0007:0000:28000000}}{{TAG:0003:0000:}}{{TAG:0007:0000:28000000}}{{TAG:000C:0002:}}{{TAG:000C:0004:}}{{TAG:0007:0000:28000000}} ¡{{TAG:000E:0003:}}{{TAG:0005:0008:}}!
¿O sea que tú sí haces
dieta equilibrada? ¡Me apunto!
{{TAG:0003:0017:}}¿Y qué sueles comer más,
fruta o verduras?{{TAG:0008:000A:1300170017001B001B001F001F002300}}
Solo fruta
Solo verduras","{{TAG:000C:0000:}}{{TAG:000C:0007:}}{{TAG:000C:0002:}}{{TAG:0003:0016:}}Oh !{{TAG:0007:0000:28000000}}{{TAG:0003:0000:}}{{TAG:0007:0000:28000000}}{{TAG:000C:0002:}}{{TAG:000C:0004:}}{{TAG:0007:0000:28000000}} {{TAG:000E:0003:}}{{TAG:0005:0008:}} ! Tu permets que
je te pose une question ?{{TAG:0000:0004:}}{{TAG:0003:0017:}}Qu'est-ce que tu manges le plus :{{TAG:0007:0000:14000000}}
du poisson ou des légumes ?{{TAG:0008:000A:1300170017001B001B001F001F002300}}
Que du poisson.
Que des légumes.","{{TAG:000C:0000:}}{{TAG:000C:0007:}}{{TAG:000C:0002:}}{{TAG:0003:0016:}}Oooh!{{TAG:0007:0000:28000000}}{{TAG:0003:0000:}}{{TAG:0007:0000:28000000}}{{TAG:000C:0002:}}{{TAG:000C:0004:}}{{TAG:0007:0000:28000000}} {{TAG:000E:0003:}}{{TAG:0005:0008:}}! Devo riuscire
a diventare come te!{{TAG:0000:0004:}}{{TAG:0003:0017:}}Quanta frutta mangi in proporzione
alla verdura?{{TAG:0008:000A:1300170017001B001B001F001F002300}}
Solo frutta
Solo verdura","{{TAG:000C:0000:}}{{TAG:000C:0007:}}{{TAG:000C:0002:}}{{TAG:0003:0016:}}Au jaaa!{{TAG:0007:0000:28000000}}{{TAG:0003:0000:}}{{TAG:0007:0000:28000000}}{{TAG:000C:0002:}}{{TAG:000C:0004:}}{{TAG:0007:0000:28000000}} {{TAG:000E:0003:}}{{TAG:0005:0008:}}!{{TAG:0007:0000:14000000}}
Das muss ich ausprobieren!{{TAG:0000:0004:}}{{TAG:0003:0017:}}Aber wie viel Fleisch und Gemüse
soll ich denn am besten essen? {{TAG:0008:000A:1300170017001B001B001F001F002300}}
Nur Fleisch
Nur Gemüse","{{TAG:000C:0000:}}{{TAG:000C:0007:}}{{TAG:000C:0002:}}{{TAG:0003:0016:}}Ooo!{{TAG:0007:0000:28000000}}{{TAG:0003:0000:}}{{TAG:0007:0000:28000000}}{{TAG:000C:0002:}}{{TAG:000C:0004:}}{{TAG:0007:0000:28000000}} {{TAG:000E:0003:}}{{TAG:0005:0008:}}!
Ben de bu işe girmeliyim!{{TAG:0000:0004:}}{{TAG:0003:0017:}}Sence
ne kadar meyveye karşı ne
kadar sebze yiyorsun? {{TAG:0008:000A:1300170017001B001B001F001F002300}}
Sadece meyve
Sadece sebze"
18,019,"{{TAG:000C:0000:}}{{TAG:000C:0007:}}{{TAG:000C:0002:}}{{TAG:0003:000F:}}Whoa!{{TAG:0007:0000:28000000}} So you're a full-on fruit
eater, huh, {{TAG:0005:0008:}}? {{TAG:0003:0003:}}All right!{{TAG:0007:0000:14000000}}
I'm gonna be a fruit eater too! {{TAG:000C:0009:}}","{{TAG:000C:0000:}}{{TAG:000C:0007:}}{{TAG:000C:0002:}}{{TAG:0003:000F:}}¡Vaya!{{TAG:0007:0000:28000000}} Así que eres ""frutívor{{TAG:000E:0006:02006F0002006100}}"" del
todo, ¿eh, {{TAG:0005:0008:}}? {{TAG:0003:0003:}}¡Pues vale!{{TAG:0007:0000:14000000}}
¡Ahora yo también lo seré!{{TAG:000C:0009:}}","{{TAG:000C:0000:}}{{TAG:000C:0007:}}{{TAG:000C:0002:}}{{TAG:0003:000F:}}Oh !{{TAG:0007:0000:28000000}} {{TAG:000E:0006:040055006E00060055006E006500}} carnivore {{TAG:000E:0006:0E0065006E0064007500720063006900100065006E00640075007200630069006500}}, donc.
{{TAG:0003:0003:}}Cool !{{TAG:0007:0000:14000000}} Je vais me mettre à pêcher
plus souvent pour faire pareil !{{TAG:000C:0009:}}","{{TAG:000C:0000:}}{{TAG:000C:0007:}}{{TAG:000C:0002:}}{{TAG:0003:000F:}}Aaah!{{TAG:0007:0000:28000000}} Quindi tu mangi sempre e
solo frutta eh, {{TAG:0005:0008:}}? {{TAG:0003:0003:}}Va bene!{{TAG:0007:0000:14000000}}
Farò anch'io così!{{TAG:000C:0009:}}","{{TAG:000C:0000:}}{{TAG:000C:0007:}}{{TAG:000C:0002:}}{{TAG:0003:000F:}}Huch!{{TAG:0007:0000:14000000}} Heißt das etwa, du isst selber
nur Fleisch, {{TAG:0007:0000:08000000}}{{TAG:0005:0008:}}? {{TAG:0003:0003:}}Na gut!{{TAG:0007:0000:14000000}}
Dann mach ich dir das eben nach! {{TAG:000C:0009:}}","{{TAG:000C:0000:}}{{TAG:000C:0007:}}{{TAG:000C:0002:}}{{TAG:0003:000F:}}Vay!{{TAG:0007:0000:28000000}} Demek tam bir meyve
canavarısın, ha, {{TAG:0005:0008:}}? {{TAG:0003:0003:}}Pekâlâ!{{TAG:0007:0000:14000000}}
Ben de meyveci olacağım! {{TAG:000C:0009:}}"
19,020,"{{TAG:000C:0000:}}{{TAG:000C:0005:}}{{TAG:000C:0001:}}{{TAG:0003:000B:}}Just fruit?{{TAG:0007:0000:08000000}} Well{{TAG:0007:0000:08000000}}.{{TAG:0007:0000:08000000}}.{{TAG:0007:0000:08000000}}.{{TAG:0007:0000:14000000}}{{TAG:0003:0009:}} That makes me a
little worried, but whatever!{{TAG:0000:0004:}}{{TAG:0003:001B:}}Probably healthier than nothing but
{{TAG:0005:0010:0000}}!{{TAG:000C:0009:}}","{{TAG:000C:0000:}}{{TAG:000C:0005:}}{{TAG:000C:0001:}}{{TAG:0003:000B:}}¿Solo fruta?{{TAG:0007:0000:08000000}} Bueno{{TAG:0007:0000:08000000}}.{{TAG:0007:0000:08000000}}.{{TAG:0007:0000:08000000}}.{{TAG:0007:0000:14000000}}{{TAG:0003:0009:}} ¡La verdad es
que esa dieta tan rara me preocupa
un porquitín! Digo, ¡un poquitín!
{{TAG:0003:001B:}}Pero bueno, probablemente
sea más sano que comer solo
{{TAG:0005:0010:0000}}, ¡no lo niego!{{TAG:000C:0009:}}","{{TAG:000C:0000:}}{{TAG:000C:0005:}}{{TAG:000C:0001:}}{{TAG:0003:000B:}}Que du poisson ?{{TAG:0007:0000:0F000000}} Hum{{TAG:0007:0000:0F000000}}.{{TAG:0007:0000:0F000000}}.{{TAG:0007:0000:0F000000}}.{{TAG:0007:0000:14000000}} {{TAG:0003:0009:}}J'peux
pas dire qu'ça m'rassure des
masses, mais bon...
{{TAG:0003:001B:}}Ça peut pas être pire que s'gaver
{{TAG:000E:000A:0600640065002000040064002700}}{{TAG:0005:0010:0000}} !{{TAG:000C:0009:}}","{{TAG:000C:0000:}}{{TAG:000C:0005:}}{{TAG:000C:0001:}}{{TAG:0003:000B:}}Solo frutta?{{TAG:0007:0000:08000000}} Beh{{TAG:0007:0000:08000000}}.{{TAG:0007:0000:08000000}}.{{TAG:0007:0000:08000000}}.{{TAG:0007:0000:14000000}}{{TAG:0003:0009:}} Non è che
la cosa mi piaccia così tanto...{{TAG:0000:0004:}}{{TAG:0003:001B:}}Ma immagino che sia più salutare
di una dieta solo a base
di {{TAG:0005:0010:0000}}!{{TAG:000C:0009:}}","{{TAG:000C:0000:}}{{TAG:000C:0005:}}{{TAG:000C:0001:}}{{TAG:0003:000B:}}Du isst nur Fleisch?{{TAG:0007:0000:08000000}} Okay{{TAG:0007:0000:08000000}}.{{TAG:0007:0000:08000000}}.{{TAG:0007:0000:08000000}}.{{TAG:0007:0000:14000000}}{{TAG:0003:0009:}} Das
ist ja mal 'ne knallharte Aussage!{{TAG:0000:0004:}}{{TAG:0003:001B:}}Ich weiß nicht so recht, ob das
besser is', als den ganzen Tag nur
{{TAG:0005:0010:0000}} zu mampfen!{{TAG:000C:0009:}}","{{TAG:000C:0000:}}{{TAG:000C:0005:}}{{TAG:000C:0001:}}{{TAG:0003:000B:}}Sadece meyve mi?{{TAG:0007:0000:08000000}} Şey{{TAG:0007:0000:08000000}}.{{TAG:0007:0000:08000000}}.{{TAG:0007:0000:08000000}}.{{TAG:0007:0000:14000000}}{{TAG:0003:0009:}} Biraz
endişelendim ama neyse!{{TAG:0000:0004:}}{{TAG:0003:001B:}}Hiç değilse sürekli
{{TAG:0005:0010:0000}} yemekten sağlıklıdır!{{TAG:000C:0009:}}"
20,021,"{{TAG:000C:0000:}}{{TAG:000C:0007:}}{{TAG:000C:0001:}}{{TAG:000C:0007:}}{{TAG:000C:0002:}}{{TAG:000C:0005:}}{{TAG:0007:0000:28000000}}{{TAG:0003:0005:}}Fruuuit!{{TAG:0007:0000:08000000}} Fruuuuuuuuit!!{{TAG:0007:0000:14000000}}{{TAG:0003:0016:}} Ooh!{{TAG:0007:0000:14000000}} How
'bout {{TAG:0003:0025:}}fruity {{TAG:0005:0010:0000}}?!{{TAG:0007:0000:14000000}}
What do you think?{{TAG:000C:0009:}}","{{TAG:000C:0000:}}{{TAG:000C:0007:}}{{TAG:000C:0001:}}{{TAG:000C:0007:}}{{TAG:000C:0002:}}{{TAG:000C:0005:}}{{TAG:0007:0000:28000000}}{{TAG:0003:0005:}}¡Frutaaaa!{{TAG:0007:0000:08000000}} ¡Frutitaaaaa!{{TAG:0007:0000:14000000}}{{TAG:0003:0016:}} ¡Ah!{{TAG:0007:0000:14000000}}
¡¿Y qué tal {{TAG:0003:0025:}}manzanas rellenas de
{{TAG:0005:0010:0000}}?!{{TAG:0007:0000:14000000}} ¿Valdría?{{TAG:000C:0009:}}","{{TAG:000C:0000:}}{{TAG:000C:0007:}}{{TAG:000C:0001:}}{{TAG:000C:0007:}}{{TAG:000C:0002:}}{{TAG:000C:0005:}}{{TAG:0007:0000:28000000}}{{TAG:0003:0005:}}Poiiisson !{{TAG:0007:0000:0F000000}} Du poiiiiisssson !{{TAG:0007:0000:28000000}} {{TAG:0003:0016:}}Oh !{{TAG:0007:0000:14000000}} {{TAG:0003:0025:}}Et
avec {{TAG:000E:0002:}}{{TAG:0005:0010:0000}},{{TAG:0007:0000:08000000}}
tu penses que ça irait, le poisson ?{{TAG:000C:0009:}}","{{TAG:000C:0000:}}{{TAG:000C:0007:}}{{TAG:000C:0001:}}{{TAG:000C:0007:}}{{TAG:000C:0002:}}{{TAG:000C:0005:}}{{TAG:0007:0000:28000000}}{{TAG:0003:0005:}}Fruuutta!{{TAG:0007:0000:08000000}} Fruuuuutta!!!{{TAG:0007:0000:14000000}}{{TAG:0003:0016:}} Oooh!{{TAG:0007:0000:14000000}} Ma...
{{TAG:0003:0025:}}{{TAG:000E:0002:}}{{TAG:0005:0010:0000}} a base di
frutta?!{{TAG:0007:0000:14000000}} Andrebbe bene lo stesso?{{TAG:000C:0009:}}","{{TAG:000C:0000:}}{{TAG:000C:0007:}}{{TAG:000C:0001:}}{{TAG:000C:0007:}}{{TAG:000C:0002:}}{{TAG:000C:0005:}}{{TAG:0007:0000:28000000}}{{TAG:0003:0005:}}Fleisch!!!{{TAG:0007:0000:14000000}} Fleeeeeeisch!!!{{TAG:0007:0000:28000000}}{{TAG:0003:0016:}} Ich hab's!{{TAG:0007:0000:14000000}}
Man kann ja mal {{TAG:0005:0010:0000}}
mit Fleisch probieren!!!{{TAG:0007:0000:1E000000}} {{TAG:0003:0017:}}Oder?{{TAG:000C:0009:}}","{{TAG:000C:0000:}}{{TAG:000C:0007:}}{{TAG:000C:0001:}}{{TAG:000C:0007:}}{{TAG:000C:0002:}}{{TAG:000C:0005:}}{{TAG:0007:0000:28000000}}{{TAG:0003:0005:}}Meyveee!{{TAG:0007:0000:08000000}} Meyveeeeeee!!{{TAG:0007:0000:14000000}}{{TAG:0003:0016:}} Ooo!{{TAG:0007:0000:14000000}} Ya
{{TAG:0003:0025:}}meyveli {{TAG:0005:0010:0000}}?!{{TAG:0007:0000:14000000}}
Ne dersin?{{TAG:000C:0009:}}"
21,022,"{{TAG:000C:0000:}}{{TAG:000C:0005:}}{{TAG:000C:0001:}}{{TAG:000E:0003:}}{{TAG:0011:0001:0100}}{{TAG:0003:0013:}}{{TAG:0007:0000:08000000}}.{{TAG:0007:0000:08000000}}.{{TAG:0007:0000:08000000}}.{{TAG:0007:0000:14000000}} Are you looking for a
fight, {{TAG:0007:0000:14000000}}{{TAG:0005:0007:}}?","{{TAG:000C:0000:}}{{TAG:000C:0005:}}{{TAG:000C:0001:}}{{TAG:000E:0003:}}{{TAG:0011:0001:0100}}{{TAG:0003:0013:}}{{TAG:0007:0000:08000000}}.{{TAG:0007:0000:08000000}}.{{TAG:0007:0000:08000000}}.{{TAG:0007:0000:14000000}} ¡¿Pero te estás
quedando conmigo o qué,
{{TAG:0007:0000:14000000}}{{TAG:0005:0007:}}?!","{{TAG:000C:0000:}}{{TAG:000C:0005:}}{{TAG:000C:0001:}}{{TAG:0011:0001:0100}}{{TAG:0003:0013:}}{{TAG:0007:0000:0F000000}}.{{TAG:0007:0000:0F000000}}.{{TAG:0007:0000:0F000000}}.{{TAG:0007:0000:14000000}} Tu tiens vraiment à
c'que ma patte atterrisse sur ta
joue...{{TAG:0007:0000:14000000}} {{TAG:000E:0003:}}{{TAG:0005:0007:}}...","{{TAG:000C:0000:}}{{TAG:000C:0005:}}{{TAG:000C:0001:}}{{TAG:000E:0003:}}{{TAG:0011:0001:0100}}{{TAG:0003:0013:}}{{TAG:0007:0000:08000000}}.{{TAG:0007:0000:08000000}}.{{TAG:0007:0000:08000000}}.{{TAG:0007:0000:14000000}} Vuoi proprio che ti
risponda male eh, {{TAG:0007:0000:14000000}}{{TAG:0005:0007:}}?","{{TAG:000C:0000:}}{{TAG:000C:0005:}}{{TAG:000C:0001:}}{{TAG:0011:0001:0100}}{{TAG:0003:0013:}}{{TAG:0007:0000:08000000}}.{{TAG:0007:0000:08000000}}.{{TAG:0007:0000:08000000}}.{{TAG:0007:0000:14000000}} Willste Ärger oder
was? {{TAG:0007:0000:14000000}}{{TAG:000E:0003:}}{{TAG:0005:0007:}}?","{{TAG:000C:0000:}}{{TAG:000C:0005:}}{{TAG:000C:0001:}}{{TAG:000E:0003:}}{{TAG:0011:0001:0100}}{{TAG:0003:0013:}}{{TAG:0007:0000:08000000}}.{{TAG:0007:0000:08000000}}.{{TAG:0007:0000:08000000}}.{{TAG:0007:0000:14000000}} Kavga mı arıyorsun,
{{TAG:0007:0000:14000000}}{{TAG:0005:0007:}}?"
22,023,"{{TAG:000C:0000:}}{{TAG:000C:0007:}}{{TAG:000C:0002:}}{{TAG:0003:0016:}}Ooh!{{TAG:0007:0000:28000000}} So, {{TAG:0005:0008:}}{{TAG:0007:0000:08000000}}.{{TAG:0007:0000:08000000}}.{{TAG:0007:0000:08000000}}.{{TAG:0007:0000:14000000}} 
You're a full-on fruit eater! {{TAG:0003:000B:}}Hmm{{TAG:0007:0000:08000000}}.{{TAG:0007:0000:08000000}}.{{TAG:0007:0000:08000000}}.{{TAG:0007:0000:14000000}}
Man, that's a lot of fruit.{{TAG:000C:0009:}}","{{TAG:000C:0000:}}{{TAG:000C:0007:}}{{TAG:000C:0002:}}{{TAG:0003:0016:}}¡Ooh!{{TAG:0007:0000:28000000}} Vaya, {{TAG:0005:0008:}}{{TAG:0007:0000:08000000}}.{{TAG:0007:0000:08000000}}.{{TAG:0007:0000:08000000}}.{{TAG:0007:0000:14000000}} 
¡Cuánta fruta! {{TAG:0003:000B:}}Hum{{TAG:0007:0000:08000000}}.{{TAG:0007:0000:08000000}}.{{TAG:0007:0000:08000000}}.{{TAG:0007:0000:14000000}} Oye, eres
bastante ""frutívor{{TAG:000E:0006:02006F0002006100}}"", ¿eh?{{TAG:000C:0009:}}","{{TAG:000C:0000:}}{{TAG:000C:0007:}}{{TAG:000C:0002:}}{{TAG:0003:0016:}}Oh !{{TAG:0007:0000:28000000}} Donc, {{TAG:0005:0008:}}{{TAG:0007:0000:0F000000}}.{{TAG:0007:0000:0F000000}}.{{TAG:0007:0000:0F000000}}.{{TAG:0007:0000:14000000}}{{TAG:0003:0000:}} Tu manges
quand même beaucoup de poisson !{{TAG:0000:0004:}}{{TAG:0003:000B:}}Hmm...{{TAG:0007:0000:14000000}} Est-ce que j'arriverais à
en avaler autant...?{{TAG:000C:0009:}}","{{TAG:000C:0000:}}{{TAG:000C:0007:}}{{TAG:000C:0002:}}{{TAG:0003:0016:}}Oooh!{{TAG:0007:0000:28000000}} Quindi tu, {{TAG:0005:0008:}}{{TAG:0007:0000:08000000}}.{{TAG:0007:0000:08000000}}.{{TAG:0007:0000:08000000}}.{{TAG:0007:0000:14000000}} 
Mangi praticamente solo frutta.
{{TAG:0003:000B:}}Mmmh{{TAG:0007:0000:08000000}}.{{TAG:0007:0000:08000000}}.{{TAG:0007:0000:08000000}}.{{TAG:0007:0000:14000000}} Un sacco di frutta!{{TAG:000C:0009:}}","{{TAG:000C:0000:}}{{TAG:000C:0007:}}{{TAG:000C:0002:}}{{TAG:0003:0016:}}Auweia!{{TAG:0007:0000:28000000}} Hmmm, {{TAG:0005:0008:}}{{TAG:0007:0000:08000000}}.{{TAG:0007:0000:08000000}}.{{TAG:0007:0000:08000000}}.{{TAG:0007:0000:14000000}} 
Dann futterst du also viel Fleisch...{{TAG:0007:0000:14000000}}
{{TAG:0003:000B:}}Hmmm{{TAG:0007:0000:08000000}}.{{TAG:0007:0000:08000000}}.{{TAG:0007:0000:08000000}}.{{TAG:0007:0000:14000000}} Sogar richtig viel Fleisch!{{TAG:000C:0009:}}","{{TAG:000C:0000:}}{{TAG:000C:0007:}}{{TAG:000C:0002:}}{{TAG:0003:0016:}}Ooo!{{TAG:0007:0000:28000000}} Demek, {{TAG:0005:0008:}}{{TAG:0007:0000:08000000}}.{{TAG:0007:0000:08000000}}.{{TAG:0007:0000:08000000}}.{{TAG:0007:0000:14000000}}
Sen tam bir meyve tutkunuymuşsun! {{TAG:0003:000B:}}Hımm{{TAG:0007:0000:08000000}}.{{TAG:0007:0000:08000000}}.{{TAG:0007:0000:08000000}}.{{TAG:0007:0000:14000000}}
Vallahi çok meyve bu.{{TAG:000C:0009:}}"
23,024,"{{TAG:000C:0000:}}{{TAG:000C:0005:}}{{TAG:000C:0001:}}{{TAG:000C:0001:}}{{TAG:000C:0008:}}{{TAG:0007:0000:28000000}}{{TAG:0003:000F:}}No no, {{TAG:0011:0001:0100}}.
You should find a balance that
works for you!
{{TAG:0003:0015:}}You and {{TAG:0005:0008:}} are completely
different!{{TAG:0007:0000:14000000}} {{TAG:000C:0009:}}","{{TAG:000C:0000:}}{{TAG:000C:0005:}}{{TAG:000C:0001:}}{{TAG:000C:0001:}}{{TAG:000C:0008:}}{{TAG:0007:0000:28000000}}{{TAG:0003:000F:}}No, no, {{TAG:0011:0001:0100}}{{TAG:0007:0000:08000000}}.{{TAG:0007:0000:08000000}}.{{TAG:0007:0000:08000000}}.{{TAG:0007:0000:08000000}} {{TAG:0003:001B:}}¡No tienes
por qué seguir su misma dieta!{{TAG:0000:0004:}}{{TAG:0003:0015:}}Lo que tienes que hacer es
encontrar una que se ajuste
a ti. {{TAG:0003:0000:}}¡Y que incluya fruta, claro!{{TAG:0007:0000:14000000}}{{TAG:000C:0009:}}","{{TAG:000C:0000:}}{{TAG:000C:0005:}}{{TAG:000C:0001:}}{{TAG:000C:0001:}}{{TAG:000C:0008:}}{{TAG:0007:0000:28000000}}{{TAG:0003:0028:}}Nan, nan, nan, {{TAG:0011:0001:0100}}. Faut
trouver ton propre équilibre !{{TAG:0000:0004:}}{{TAG:0003:0015:}}{{TAG:000E:0003:}}{{TAG:0005:0008:}} et toi,{{TAG:0007:0000:14000000}} z'êtes
totalement différents !{{TAG:0007:0000:14000000}}{{TAG:000C:0009:}}","{{TAG:000C:0000:}}{{TAG:000C:0005:}}{{TAG:000C:0001:}}{{TAG:000C:0001:}}{{TAG:000C:0008:}}{{TAG:0007:0000:28000000}}{{TAG:0003:000F:}}No no, {{TAG:0011:0001:0100}}, non hai capito.
Devi trovare l'alimentazione giusta
per te!{{TAG:0000:0004:}}{{TAG:0003:0015:}}Tu {{TAG:000E:0011:}} {{TAG:0005:0008:}} non avete niente
in comune! Siete completamente
diversi!{{TAG:0007:0000:14000000}}{{TAG:000C:0009:}}","{{TAG:000C:0000:}}{{TAG:000C:0005:}}{{TAG:000C:0001:}}{{TAG:000C:0001:}}{{TAG:000C:0008:}}{{TAG:0007:0000:28000000}}{{TAG:0003:000F:}}Nee, nee, nee, {{TAG:0011:0001:0100}}!{{TAG:0007:0000:28000000}} Zu viel
Fleisch ist ungesund.{{TAG:0007:0000:14000000}} Man muss von
allem ein bisschen essen!
{{TAG:0003:0028:}}Du kannst dich doch nicht einfach
so mit {{TAG:0005:0008:}} vergleichen!{{TAG:0007:0000:14000000}} Ihr
seid doch vollkommen verschieden.{{TAG:000C:0009:}}","{{TAG:000C:0000:}}{{TAG:000C:0005:}}{{TAG:000C:0001:}}{{TAG:000C:0001:}}{{TAG:000C:0008:}}{{TAG:0007:0000:28000000}}{{TAG:0003:000F:}}Hayır hayır, {{TAG:0011:0001:0100}}.
Sana uyan dengeyi bulman gerek!
{{TAG:0003:0015:}}Seninle {{TAG:0005:0008:}} aynı kişi
değilsiniz ki!{{TAG:0007:0000:14000000}} {{TAG:000C:0009:}}"
24,025,"{{TAG:000C:0000:}}{{TAG:000C:0007:}}{{TAG:000C:0002:}}{{TAG:000C:0002:}}{{TAG:000C:0005:}}{{TAG:0007:0000:14000000}}{{TAG:0003:000A:}}If I eat that much fruit, am I even
gonna have room for my
{{TAG:0005:0010:0000}}, {{TAG:0007:0000:14000000}}{{TAG:0005:0007:}}?{{TAG:000C:0009:}}","{{TAG:000C:0000:}}{{TAG:000C:0007:}}{{TAG:000C:0002:}}{{TAG:000C:0002:}}{{TAG:000C:0005:}}{{TAG:0007:0000:14000000}}{{TAG:0003:000A:}}Si como tanta fruta, ¿cómo voy a
tener sitio en la tripa para tomar
{{TAG:0005:0010:0000}}, {{TAG:0007:0000:14000000}}{{TAG:0005:0007:}}?{{TAG:000C:0009:}}","{{TAG:000C:0000:}}{{TAG:000C:0007:}}{{TAG:000C:0002:}}{{TAG:000C:0002:}}{{TAG:000C:0005:}}{{TAG:0007:0000:14000000}}{{TAG:0003:000A:}}Mais si je mange autant de poisson,
il restera de la place pour
{{TAG:000E:0001:}}{{TAG:0005:0010:0000}} ?{{TAG:000C:0009:}}","{{TAG:000C:0000:}}{{TAG:000C:0007:}}{{TAG:000C:0002:}}{{TAG:000C:0002:}}{{TAG:000C:0005:}}{{TAG:0007:0000:14000000}}{{TAG:0003:000A:}}Se mangiassi tutta quella frutta
e poi {{TAG:000E:0001:}}{{TAG:0005:0010:0000}}?
Non avrei più spazio, {{TAG:0007:0000:14000000}}{{TAG:0005:0007:}}!{{TAG:000C:0009:}}","{{TAG:000C:0000:}}{{TAG:000C:0007:}}{{TAG:000C:0002:}}{{TAG:000C:0002:}}{{TAG:000C:0005:}}{{TAG:0007:0000:14000000}}{{TAG:0003:000A:}}Und wenn ich so viel Fleisch futter,
hat mein Magen dann noch Platz für
{{TAG:0005:0010:0000}}, {{TAG:0007:0000:08000000}}{{TAG:0005:0007:}}?{{TAG:000C:0009:}}","{{TAG:000C:0000:}}{{TAG:000C:0007:}}{{TAG:000C:0002:}}{{TAG:000C:0002:}}{{TAG:000C:0005:}}{{TAG:0007:0000:14000000}}{{TAG:0003:000A:}}O kadar meyve yersem benim
{{TAG:0005:0010:0000}} için yer kalır mı ki, {{TAG:0007:0000:14000000}}{{TAG:0005:0007:}}?{{TAG:000C:0009:}}"
25,026,"{{TAG:000C:0000:}}{{TAG:000C:0005:}}{{TAG:000C:0001:}}{{TAG:0003:0007:}}Dude!{{TAG:0007:0000:28000000}} Just forget about your
{{TAG:0005:0010:0000}}! {{TAG:0007:0000:14000000}}{{TAG:000E:0003:}}{{TAG:0005:0007:}}!","{{TAG:000C:0000:}}{{TAG:000C:0005:}}{{TAG:000C:0001:}}{{TAG:0003:0007:}}¡Pero bueno!{{TAG:0007:0000:28000000}} ¡Que eso no es sano!
¡Que te olvides ya de comer
{{TAG:0005:0010:0000}}, {{TAG:0007:0000:14000000}}{{TAG:0005:0007:}}!","{{TAG:000C:0000:}}{{TAG:000C:0005:}}{{TAG:000C:0001:}}{{TAG:0003:0007:}}Raaaah !{{TAG:0007:0000:14000000}} {{TAG:000E:0003:}}{{TAG:0005:0007:}} !{{TAG:0007:0000:14000000}} C'est pas
possible d'être à ce point obsédé
par {{TAG:000E:0001:}}{{TAG:0005:0010:0000}} !","{{TAG:000C:0000:}}{{TAG:000C:0005:}}{{TAG:000C:0001:}}{{TAG:0003:0007:}}Sveglia!{{TAG:0007:0000:28000000}} Devi toglierti dalla testa
{{TAG:000E:0001:}}{{TAG:0005:0010:0000}}!
{{TAG:0007:0000:14000000}}{{TAG:000E:0003:}}{{TAG:0005:0007:}}!","{{TAG:000C:0000:}}{{TAG:000C:0005:}}{{TAG:000C:0001:}}{{TAG:0003:0007:}}Du Nase!{{TAG:0007:0000:28000000}} Vergiss mal {{TAG:000E:0008:00CD0600640065006E0006006400690065000600640061007300}}
{{TAG:0005:0010:0000}}! {{TAG:0007:0000:14000000}}{{TAG:000E:0003:}}{{TAG:0005:0007:}}!","{{TAG:000C:0000:}}{{TAG:000C:0005:}}{{TAG:000C:0001:}}{{TAG:0003:0007:}}Dostum!{{TAG:0007:0000:28000000}} Şu
{{TAG:0005:0010:0000}} işini bir unut artık! {{TAG:0007:0000:14000000}}{{TAG:000E:0003:}}{{TAG:0005:0007:}}!"
26,027,"{{TAG:000C:0000:}}{{TAG:000C:0007:}}{{TAG:000C:0002:}}{{TAG:0003:0016:}}Oh, OK!{{TAG:0007:0000:28000000}} {{TAG:0003:0000:}}There's a word for people
like you{{TAG:0007:0000:08000000}}.{{TAG:0007:0000:08000000}}.{{TAG:0007:0000:08000000}}.{{TAG:0007:0000:14000000}}{{TAG:0003:0025:}} You're an omnivore,
{{TAG:0005:0008:}}!{{TAG:000C:0009:}}","{{TAG:000C:0000:}}{{TAG:000C:0007:}}{{TAG:000C:0002:}}{{TAG:0003:0016:}}¡Ah, vale!{{TAG:0007:0000:28000000}} {{TAG:0003:0000:}}Hay una palabra para la
gente como tú{{TAG:0007:0000:08000000}}.{{TAG:0007:0000:08000000}}.{{TAG:0007:0000:08000000}}.{{TAG:0007:0000:14000000}}{{TAG:0003:0025:}} ¡Eres omnívor{{TAG:000E:0006:02006F0002006100}},
{{TAG:0005:0008:}}!{{TAG:000C:0009:}}","{{TAG:000C:0000:}}{{TAG:000C:0007:}}{{TAG:000C:0002:}}{{TAG:0003:0016:}}Oh, d'accord !{{TAG:0007:0000:28000000}} {{TAG:0003:0000:}}Il existe un mot pour
les gens comme toi{{TAG:0007:0000:0F000000}}.{{TAG:0007:0000:0F000000}}.{{TAG:0007:0000:0F000000}}.{{TAG:0007:0000:14000000}} {{TAG:0003:0025:}}« Omnivore »,
{{TAG:0005:0008:}}, c'est ce que tu es !{{TAG:000C:0009:}}","{{TAG:000C:0000:}}{{TAG:000C:0007:}}{{TAG:000C:0002:}}{{TAG:0003:0016:}}Oh, OK!{{TAG:0007:0000:28000000}} {{TAG:0003:0000:}}Chissà se c'è un nome
per quelli che fanno una dieta come
la tua{{TAG:0007:0000:08000000}}.{{TAG:0007:0000:08000000}}.{{TAG:0007:0000:08000000}}.{{TAG:0007:0000:14000000}}{{TAG:0003:0025:}} {{TAG:0005:0008:}}!{{TAG:000C:0009:}}","{{TAG:000C:0000:}}{{TAG:000C:0007:}}{{TAG:000C:0002:}}{{TAG:0003:0016:}}Ha! {{TAG:0007:0000:28000000}}{{TAG:0003:0000:}}Ich weiß, was du bist{{TAG:0007:0000:08000000}}.{{TAG:0007:0000:08000000}}.{{TAG:0007:0000:08000000}}.{{TAG:0007:0000:14000000}}{{TAG:0003:0025:}}
Du bist ein{{TAG:0007:0000:08000000}}.{{TAG:0007:0000:08000000}}.{{TAG:0007:0000:08000000}}.{{TAG:0007:0000:14000000}}
Allesfresser, {{TAG:0005:0008:}}!{{TAG:000C:0009:}}","{{TAG:000C:0000:}}{{TAG:000C:0007:}}{{TAG:000C:0002:}}{{TAG:0003:0016:}}Ha, tamam!{{TAG:0007:0000:28000000}} {{TAG:0003:0000:}}Senin gibiler için bir
kelime var{{TAG:0007:0000:08000000}}.{{TAG:0007:0000:08000000}}.{{TAG:0007:0000:08000000}}.{{TAG:0007:0000:14000000}}{{TAG:0003:0025:}} Sen hepçilsin,
{{TAG:0005:0008:}}!{{TAG:000C:0009:}}"
27,028,"{{TAG:000C:0000:}}{{TAG:000C:0005:}}{{TAG:000C:0001:}}{{TAG:000C:0007:}}{{TAG:0007:0000:28000000}}{{TAG:0003:0009:}}Naw, {{TAG:0011:0001:0100}}.
{{TAG:0003:0000:}}""Omnivore"" sounds like an animal{{TAG:0007:0000:08000000}}.{{TAG:0007:0000:08000000}}.{{TAG:0007:0000:08000000}}.{{TAG:0007:0000:14000000}}{{TAG:000C:0009:}}","{{TAG:000C:0000:}}{{TAG:000C:0005:}}{{TAG:000C:0001:}}{{TAG:000C:0007:}}{{TAG:0007:0000:28000000}}{{TAG:0003:0009:}}No, {{TAG:0011:0001:0100}}.
{{TAG:0003:0000:}}Lo de ""omnívoro"" es una cosa
más bien de animales{{TAG:0007:0000:08000000}}.{{TAG:0007:0000:08000000}}.{{TAG:0007:0000:08000000}}.{{TAG:0007:0000:14000000}}{{TAG:000C:0009:}}","{{TAG:000C:0000:}}{{TAG:000C:0005:}}{{TAG:000C:0001:}}{{TAG:000C:0007:}}{{TAG:0007:0000:28000000}}{{TAG:0003:0009:}}T'es sûr, {{TAG:0011:0001:0100}} ?{{TAG:0003:0000:}} On utilise pas
« omnivore » seulement quand on
parle d'un animal{{TAG:0007:0000:0F000000}}.{{TAG:0007:0000:0F000000}}.{{TAG:0007:0000:0F000000}}.?{{TAG:000C:0009:}}","{{TAG:000C:0000:}}{{TAG:000C:0005:}}{{TAG:000C:0001:}}{{TAG:000C:0007:}}{{TAG:0007:0000:28000000}}{{TAG:0003:0009:}}Naaah, {{TAG:0011:0001:0100}}.
{{TAG:0003:0000:}}Non credo proprio.{{TAG:0007:0000:08000000}}.{{TAG:0007:0000:08000000}}.{{TAG:0007:0000:14000000}} o forse
sono io che non me ne intendo...{{TAG:000C:0009:}}","{{TAG:000C:0000:}}{{TAG:000C:0005:}}{{TAG:000C:0001:}}{{TAG:000C:0007:}}{{TAG:0007:0000:28000000}}{{TAG:0003:0009:}}Nicht ganz, {{TAG:0011:0001:0100}}. {{TAG:0003:0000:}}Aber hey,{{TAG:0007:0000:08000000}}
„Allesfresser“ ist echt 'n tierisch
cooles Wort.{{TAG:0007:0000:08000000}}.{{TAG:0007:0000:08000000}}.{{TAG:0007:0000:14000000}}{{TAG:000C:0009:}}","{{TAG:000C:0000:}}{{TAG:000C:0005:}}{{TAG:000C:0001:}}{{TAG:000C:0007:}}{{TAG:0007:0000:28000000}}{{TAG:0003:0009:}}Yok ya, {{TAG:0011:0001:0100}}.
{{TAG:0003:0000:}}""Hepçil"" hayvan adı gibi geliyor{{TAG:0007:0000:08000000}}.{{TAG:0007:0000:08000000}}.{{TAG:0007:0000:08000000}}.{{TAG:0007:0000:14000000}}{{TAG:000C:0009:}}"
28,029,{{TAG:000C:0000:}}{{TAG:000C:0007:}}{{TAG:000C:0002:}}{{TAG:000C:0005:}}{{TAG:0007:0000:28000000}}{{TAG:0003:000F:}}Huh?{{TAG:0007:0000:28000000}} Omnivore{{TAG:0007:0000:14000000}} is an animal?{{TAG:000C:0009:}},"{{TAG:000C:0000:}}{{TAG:000C:0007:}}{{TAG:000C:0002:}}{{TAG:000C:0005:}}{{TAG:0007:0000:28000000}}{{TAG:0003:000F:}}¿Eh?{{TAG:0007:0000:28000000}} ¿Un omnívoro es{{TAG:0007:0000:14000000}} una cosa?
¿Puedo tener yo también una
de esas?{{TAG:000C:0009:}}","{{TAG:000C:0000:}}{{TAG:000C:0007:}}{{TAG:000C:0002:}}{{TAG:000C:0005:}}{{TAG:0007:0000:28000000}}{{TAG:0003:000F:}}Comment ?!{{TAG:0007:0000:1E000000}} Un omnivore...{{TAG:0007:0000:14000000}} serait un
animal ?!{{TAG:000C:0009:}}","{{TAG:000C:0000:}}{{TAG:000C:0007:}}{{TAG:000C:0002:}}{{TAG:000C:0005:}}{{TAG:0007:0000:28000000}}{{TAG:0003:000F:}}Eh?{{TAG:0007:0000:28000000}} Non lo sai? E a chi posso
chiedere allora?","{{TAG:000C:0000:}}{{TAG:000C:0007:}}{{TAG:000C:0002:}}{{TAG:000C:0005:}}{{TAG:0007:0000:28000000}}{{TAG:0003:000F:}}Hä?{{TAG:0007:0000:1E000000}} Allesfresser essen nur{{TAG:0007:0000:14000000}} tierisch
cooles Zeug? {{TAG:0007:0000:14000000}}Also Zebrastreifeneis?
Mit Schoko und Vanille?{{TAG:000C:0009:}}",{{TAG:000C:0000:}}{{TAG:000C:0007:}}{{TAG:000C:0002:}}{{TAG:000C:0005:}}{{TAG:0007:0000:28000000}}{{TAG:0003:000F:}}Hı?{{TAG:0007:0000:28000000}} Hepçil{{TAG:0007:0000:14000000}} bir hayvan mı?{{TAG:000C:0009:}}
29,030,"{{TAG:000C:0000:}}{{TAG:000C:0005:}}{{TAG:000C:0001:}}{{TAG:0003:0013:}}Just forget it{{TAG:0007:0000:08000000}}.{{TAG:0007:0000:08000000}}.{{TAG:0007:0000:08000000}}.{{TAG:0007:0000:28000000}}{{TAG:0003:0006:}} Just try to eat a
balanced diet, OK? {{TAG:0007:0000:14000000}}{{TAG:000E:0003:}}{{TAG:0005:0007:}}!","{{TAG:000C:0000:}}{{TAG:000C:0005:}}{{TAG:000C:0001:}}{{TAG:0003:0013:}}No me entiendes{{TAG:0007:0000:08000000}}.{{TAG:0007:0000:08000000}}.{{TAG:0007:0000:08000000}}.{{TAG:0007:0000:28000000}}{{TAG:0003:0006:}} Mejor vamos a
dejar este tema, ¿vale? ¡Tú intenta
llevar una dieta equilibrada y punto!","{{TAG:000C:0000:}}{{TAG:000C:0005:}}{{TAG:000C:0001:}}{{TAG:0003:0013:}}Laisse tomber, va{{TAG:0007:0000:0F000000}}.{{TAG:0007:0000:0F000000}}.{{TAG:0007:0000:0F000000}}.{{TAG:0007:0000:14000000}} {{TAG:0003:0006:}}Contente-toi
d'manger équilibré, OK ?{{TAG:0007:0000:14000000}}
{{TAG:000E:0003:}}{{TAG:0005:0007:}} !","{{TAG:000C:0000:}}{{TAG:000C:0005:}}{{TAG:000C:0001:}}{{TAG:0003:0013:}}Fai finta che non ti abbia detto
niente{{TAG:0007:0000:08000000}}.{{TAG:0007:0000:08000000}}.{{TAG:0007:0000:08000000}}.{{TAG:0007:0000:28000000}}{{TAG:0003:0006:}} Cerca solo di fare una dieta
equilibrata, OK? {{TAG:0007:0000:14000000}}{{TAG:000E:0003:}}{{TAG:0005:0007:}}!","{{TAG:000C:0000:}}{{TAG:000C:0005:}}{{TAG:000C:0001:}}{{TAG:0003:0013:}}Vergiss es{{TAG:0007:0000:08000000}}.{{TAG:0007:0000:08000000}}.{{TAG:0007:0000:08000000}}.{{TAG:0007:0000:28000000}}{{TAG:0003:0006:}} Versuch einfach nur,
dich ausgewogen zu ernähren,
okay?
Und mit ausgewogen mein ich von
allem ein bisschen! {{TAG:0007:0000:14000000}}{{TAG:000E:0003:}}{{TAG:0005:0007:}}!","{{TAG:000C:0000:}}{{TAG:000C:0005:}}{{TAG:000C:0001:}}{{TAG:0003:0013:}}Boş ver{{TAG:0007:0000:08000000}}.{{TAG:0007:0000:08000000}}.{{TAG:0007:0000:08000000}}.{{TAG:0007:0000:28000000}}{{TAG:0003:0006:}} Sen sadece dengeli
beslenmeye çalış, tamam mı? {{TAG:0007:0000:14000000}}{{TAG:000E:0003:}}{{TAG:0005:0007:}}!"
30,031,"{{TAG:000C:0000:}}{{TAG:000C:0007:}}{{TAG:000C:0002:}}{{TAG:0003:000F:}}Oh wow, {{TAG:0005:0008:}}!{{TAG:0007:0000:28000000}}
You like veggies a lot!{{TAG:0000:0004:}}{{TAG:0003:000B:}}Hmm{{TAG:0007:0000:08000000}}.{{TAG:0007:0000:08000000}}.{{TAG:0007:0000:08000000}}.{{TAG:0007:0000:14000000}} I'm not sure I can eat that
many vegetables{{TAG:0007:0000:08000000}}.{{TAG:0007:0000:08000000}}.{{TAG:0007:0000:08000000}}.{{TAG:0007:0000:14000000}}{{TAG:000C:0009:}}","{{TAG:000C:0000:}}{{TAG:000C:0007:}}{{TAG:000C:0002:}}{{TAG:0003:000F:}}¡Ah, vaya, {{TAG:0005:0008:}}!{{TAG:0007:0000:28000000}}
¡Casi eres vegetarian{{TAG:000E:0006:02006F0002006100}} del todo!{{TAG:0000:0004:}}{{TAG:0003:000B:}}Hum{{TAG:0007:0000:08000000}}.{{TAG:0007:0000:08000000}}.{{TAG:0007:0000:08000000}}.{{TAG:0007:0000:14000000}} No sé si yo podría comer
tantas verduras ni en una semana{{TAG:0007:0000:08000000}}.{{TAG:0007:0000:08000000}}.{{TAG:0007:0000:08000000}}.{{TAG:0007:0000:14000000}}{{TAG:000C:0009:}}","{{TAG:000C:0000:}}{{TAG:000C:0007:}}{{TAG:000C:0002:}}{{TAG:0003:000F:}}Ça alors, {{TAG:0005:0008:}} !{{TAG:0007:0000:14000000}} Tu es
presque {{TAG:000E:0006:14007600E9006700E900740061007200690065006E0018007600E9006700E900740061007200690065006E006E006500}} !{{TAG:0000:0004:}}{{TAG:0003:000B:}}Hmm{{TAG:0007:0000:0A000000}}.{{TAG:0007:0000:0A000000}}.{{TAG:0007:0000:0A000000}}.{{TAG:0007:0000:14000000}} Je ne sais pas si je serais
capable d'avaler autant de
légumes{{TAG:0007:0000:0A000000}}.{{TAG:0007:0000:0A000000}}.{{TAG:0007:0000:0A000000}}.{{TAG:0007:0000:14000000}}{{TAG:000C:0009:}}","{{TAG:000C:0000:}}{{TAG:000C:0007:}}{{TAG:000C:0002:}}{{TAG:0003:000F:}}Caspitina, {{TAG:0005:0008:}}!{{TAG:0007:0000:28000000}}
Sei quasi vegetarian{{TAG:000E:0006:02006F0002006100}}!{{TAG:0000:0004:}}{{TAG:0003:000B:}}Mmmh{{TAG:0007:0000:08000000}}.{{TAG:0007:0000:08000000}}.{{TAG:0007:0000:08000000}}.{{TAG:0007:0000:14000000}} Non credo di poter
mangiare tante cose verdi
come te{{TAG:0007:0000:08000000}}.{{TAG:0007:0000:08000000}}.{{TAG:0007:0000:08000000}}.{{TAG:0007:0000:14000000}}{{TAG:000C:0009:}}","{{TAG:000C:0000:}}{{TAG:000C:0007:}}{{TAG:000C:0002:}}{{TAG:0003:000F:}}Ach so, {{TAG:0005:0008:}}!{{TAG:0007:0000:14000000}}
Also enorm viel Gemüse, ja?{{TAG:0000:0004:}}{{TAG:0003:000B:}}Hmmm{{TAG:0007:0000:08000000}}.{{TAG:0007:0000:08000000}}.{{TAG:0007:0000:08000000}}.{{TAG:0007:0000:14000000}} Aber ob ich so viel
Gemüse in mich reinkriege{{TAG:0007:0000:08000000}}.{{TAG:0007:0000:08000000}}.{{TAG:0007:0000:08000000}}.{{TAG:0007:0000:14000000}}{{TAG:000C:0009:}}","{{TAG:000C:0000:}}{{TAG:000C:0007:}}{{TAG:000C:0002:}}{{TAG:0003:000F:}}Vay be, {{TAG:0005:0008:}}!{{TAG:0007:0000:28000000}}
Sebzeyi bayağı seviyorsun!{{TAG:0000:0004:}}{{TAG:0003:000B:}}Hımm{{TAG:0007:0000:08000000}}.{{TAG:0007:0000:08000000}}.{{TAG:0007:0000:08000000}}.{{TAG:0007:0000:14000000}} O kadar sebze
yiyebilir miyim, emin değilim{{TAG:0007:0000:08000000}}.{{TAG:0007:0000:08000000}}.{{TAG:0007:0000:08000000}}.{{TAG:0007:0000:14000000}}{{TAG:000C:0009:}}"
31,032,"{{TAG:000C:0000:}}{{TAG:000C:0005:}}{{TAG:000C:0001:}}{{TAG:000C:0008:}}{{TAG:0007:0000:14000000}}{{TAG:0003:000F:}}Naw, {{TAG:0011:0001:0100}}! 
You and {{TAG:0005:0008:}} are different!{{TAG:0007:0000:14000000}}
So just eat what's right for you!
{{TAG:0003:0015:}}Balance is what's important!{{TAG:000C:0009:}}","{{TAG:000C:0000:}}{{TAG:000C:0005:}}{{TAG:000C:0001:}}{{TAG:000C:0008:}}{{TAG:0007:0000:14000000}}{{TAG:0003:000F:}}¡Tranquilo, {{TAG:0011:0001:0100}}! ¡Tampoco
tienes que comer exactamente
lo mismo que {{TAG:0005:0008:}}!{{TAG:0007:0000:14000000}}
¡Tienes que comer lo que te vaya
bien a ti! {{TAG:0003:0015:}}¡Lo importante es llevar
una dieta equilibrada!{{TAG:000C:0009:}}","{{TAG:000C:0000:}}{{TAG:000C:0005:}}{{TAG:000C:0001:}}{{TAG:000C:0008:}}{{TAG:0007:0000:14000000}}{{TAG:0003:000F:}}C'est pas la question, {{TAG:0011:0001:0100}} !
{{TAG:000E:0003:}}{{TAG:0005:0008:}} et toi, z'êtes pas
pareils !{{TAG:0007:0000:14000000}}
Contente-toi d'manger ce dont t'as
besoin ! {{TAG:0003:0015:}}Tant qu'c'est équilibré...{{TAG:000C:0009:}}","{{TAG:000C:0000:}}{{TAG:000C:0005:}}{{TAG:000C:0001:}}{{TAG:000C:0008:}}{{TAG:0007:0000:14000000}}{{TAG:0003:000F:}}Naaah, {{TAG:0011:0001:0100}}!
Tu {{TAG:000E:0011:}} {{TAG:0005:0008:}} siete totalmente
diversi!
Pensa a mangiare quello che va
bene per te! {{TAG:0003:0015:}}E con un certo
equilibrio!{{TAG:000C:0009:}}","{{TAG:000C:0000:}}{{TAG:000C:0005:}}{{TAG:000C:0001:}}{{TAG:000C:0008:}}{{TAG:0007:0000:14000000}}{{TAG:0003:000F:}}Knapp daneben, {{TAG:0011:0001:0100}}!
Du kannst dich nicht mit {{TAG:0005:0008:}}
vergleichen.{{TAG:0007:0000:14000000}} Ihr seid zu verschieden!
{{TAG:0003:0015:}}Versuch einfach, dich gesund zu
ernähren – {{TAG:0007:0000:0F000000}}das is' das Wichtigste!{{TAG:000C:0009:}}","{{TAG:000C:0000:}}{{TAG:000C:0005:}}{{TAG:000C:0001:}}{{TAG:000C:0008:}}{{TAG:0007:0000:14000000}}{{TAG:0003:000F:}}Olmaz öyle, {{TAG:0011:0001:0100}}!
Seninle {{TAG:0005:0008:}} farklısınız!{{TAG:0007:0000:14000000}}
O yüzden sana uygun olanı ye!
{{TAG:0003:0015:}}Önemli olan denge!{{TAG:000C:0009:}}"
32,033,"{{TAG:000C:0000:}}{{TAG:000C:0007:}}{{TAG:000C:0002:}}{{TAG:0003:0009:}}Hmmm{{TAG:0007:0000:08000000}}.{{TAG:0007:0000:08000000}}.{{TAG:0007:0000:08000000}}.{{TAG:0007:0000:14000000}}{{TAG:0003:0017:}} So if I eat big dish of
{{TAG:0005:0010:0000}}, how many 
vegetables balance that out?{{TAG:000C:0009:}}","{{TAG:000C:0000:}}{{TAG:000C:0007:}}{{TAG:000C:0002:}}{{TAG:0003:0009:}}Hum{{TAG:0007:0000:08000000}}.{{TAG:0007:0000:08000000}}.{{TAG:0007:0000:08000000}}.{{TAG:0007:0000:14000000}}{{TAG:0003:0017:}} Y si me tomo una fuente de
{{TAG:0005:0010:0000}}, ¿con cuántas
verduras equilibraré eso?{{TAG:000C:0009:}}","{{TAG:000C:0000:}}{{TAG:000C:0007:}}{{TAG:000C:0002:}}{{TAG:0003:0009:}}Hmm{{TAG:0007:0000:0A000000}}.{{TAG:0007:0000:0A000000}}.{{TAG:0007:0000:0A000000}}.{{TAG:0007:0000:14000000}} {{TAG:0003:0017:}}Donc, si j'ingurgite un seau
rempli {{TAG:000E:000A:0600640065002000040064002700}}{{TAG:0005:0010:0000}}...{{TAG:0000:0004:}}Quelle quantité de légumes je dois
manger pour atteindre ce fameux
équilibre ?{{TAG:000C:0009:}}","{{TAG:000C:0000:}}{{TAG:000C:0007:}}{{TAG:000C:0002:}}{{TAG:0003:0009:}}Mmmh{{TAG:0007:0000:08000000}}.{{TAG:0007:0000:08000000}}.{{TAG:0007:0000:08000000}}.{{TAG:0000:0004:}}{{TAG:0003:0017:}}Quindi un piattone di
{{TAG:0005:0010:0000}} a quante
verdure corrisponde?{{TAG:000C:0009:}}","{{TAG:000C:0000:}}{{TAG:000C:0007:}}{{TAG:000C:0002:}}{{TAG:0003:0009:}}Hmmm{{TAG:0007:0000:08000000}}.{{TAG:0007:0000:08000000}}.{{TAG:0007:0000:08000000}}.{{TAG:0007:0000:14000000}}{{TAG:0003:0017:}} Und wie viel
{{TAG:0005:0010:0000}} ist gesund?{{TAG:000C:0009:}}","{{TAG:000C:0000:}}{{TAG:000C:0007:}}{{TAG:000C:0002:}}{{TAG:0003:0009:}}Hımmm{{TAG:0007:0000:08000000}}.{{TAG:0007:0000:08000000}}.{{TAG:0007:0000:08000000}}.{{TAG:0007:0000:14000000}}{{TAG:0003:0017:}} Peki koca bir tabak
{{TAG:0005:0010:0000}} yersem, bunu dengelemek için
kaç sebze yemem gerekir?{{TAG:000C:0009:}}"
33,034,"{{TAG:000C:0000:}}{{TAG:000C:0005:}}{{TAG:000C:0001:}}{{TAG:0003:0007:}}Dude!{{TAG:0007:0000:28000000}} Forget about your precious
{{TAG:0005:0010:0000}}! {{TAG:0007:0000:14000000}}{{TAG:000E:0003:}}{{TAG:0005:0007:}}!","{{TAG:000C:0000:}}{{TAG:000C:0005:}}{{TAG:000C:0001:}}{{TAG:0003:0007:}}¡Pero bueno!{{TAG:0007:0000:28000000}} ¡Tú olvídate de
probar nada de {{TAG:0005:0010:0000}}
siquiera, {{TAG:0007:0000:14000000}}{{TAG:0005:0007:}}!","{{TAG:000C:0000:}}{{TAG:000C:0005:}}{{TAG:000C:0001:}}{{TAG:0003:0007:}}Mais c'est pas vrai !!{{TAG:0007:0000:14000000}} Comment on
peut être obnubilé à ce point par
{{TAG:000E:0002:}}{{TAG:0005:0010:0000}} ?!","{{TAG:000C:0000:}}{{TAG:000C:0005:}}{{TAG:000C:0001:}}{{TAG:0003:0007:}}Ehi!{{TAG:0007:0000:28000000}} Dimenticati
{{TAG:000E:0002:}}{{TAG:0005:0010:0000}}!
{{TAG:0007:0000:14000000}}{{TAG:000E:0003:}}{{TAG:0005:0007:}}!","{{TAG:000C:0000:}}{{TAG:000C:0005:}}{{TAG:000C:0001:}}{{TAG:0003:0007:}}Ey!{{TAG:0007:0000:28000000}} Vergiss mal {{TAG:000E:0008:00CD26006400650069006E0065006E002000620065007300630068006500750065007200740065006E0022006400650069006E00650020006200650073006300680065007500650072007400650022006400650069006E002000620065007300630068006500750065007200740065007300}}
{{TAG:0005:0010:0000}}! {{TAG:0007:0000:14000000}}{{TAG:000E:0003:}}{{TAG:0005:0007:}}!","{{TAG:000C:0000:}}{{TAG:000C:0005:}}{{TAG:000C:0001:}}{{TAG:0003:0007:}}Dostum!{{TAG:0007:0000:28000000}} Şu kıymetli
{{TAG:0005:0010:0000}} işini unut artık! {{TAG:0007:0000:14000000}}{{TAG:000E:0003:}}{{TAG:0005:0007:}}!"
34,035,"{{TAG:000C:0000:}}{{TAG:000C:0007:}}{{TAG:000C:0002:}}{{TAG:0003:000F:}}Whoa!{{TAG:0007:0000:28000000}} {{TAG:000E:0003:}}{{TAG:0005:0008:}}!
So you've been a vegetarian this
whole time!
{{TAG:0003:0003:}}Awesome!{{TAG:0007:0000:28000000}} I'm gonna get my veg on
just like you!{{TAG:0007:0000:28000000}}{{TAG:0003:0025:}}{{TAG:000C:0009:}}","{{TAG:000C:0000:}}{{TAG:000C:0007:}}{{TAG:000C:0002:}}{{TAG:0003:000F:}}¡Vaya!{{TAG:0007:0000:28000000}} ¡{{TAG:000E:0003:}}{{TAG:0005:0008:}}!
¡¿O sea que habías sido
vegetarian{{TAG:000E:0006:02006F0002006100}} todo este tiempo?!
{{TAG:0003:0003:}}¡Mira qué bien!{{TAG:0007:0000:28000000}} Si tú eres
vegetarian{{TAG:000E:0006:02006F0002006100}}, ¡me voy a pensar
convertirme yo también!{{TAG:0007:0000:28000000}}{{TAG:0003:0025:}}{{TAG:000C:0009:}}","{{TAG:000C:0000:}}{{TAG:000C:0007:}}{{TAG:000C:0002:}}{{TAG:0003:000F:}}Oh !{{TAG:0007:0000:28000000}} {{TAG:000E:0003:}}{{TAG:0005:0008:}} ! Alors comme ça
tu es {{TAG:000E:0006:14007600E9006700E900740061007200690065006E0018007600E9006700E900740061007200690065006E006E006500}} !{{TAG:0000:0004:}}{{TAG:0003:000B:}}Ah ouais...{{TAG:0007:0000:14000000}} Je vais essayer d'y aller
doucement sur le poisson de
mon côté !{{TAG:0007:0000:14000000}}{{TAG:0003:0025:}}{{TAG:000C:0009:}}","{{TAG:000C:0000:}}{{TAG:000C:0007:}}{{TAG:000C:0002:}}{{TAG:0003:000F:}}Ah!{{TAG:0007:0000:28000000}} {{TAG:000E:0003:}}{{TAG:0005:0008:}}!
Hai mangiato solo verdura
per tutto questo tempo!
{{TAG:0003:0003:}}Che bello!{{TAG:0007:0000:28000000}} Voglio provarci
anch'io! Proprio come te!{{TAG:0007:0000:28000000}}{{TAG:0003:0025:}}{{TAG:000C:0009:}}","{{TAG:000C:0000:}}{{TAG:000C:0007:}}{{TAG:000C:0002:}}{{TAG:0003:000F:}}Waaas?{{TAG:0007:0000:1E000000}} {{TAG:000E:0003:}}{{TAG:0005:0008:}}!!!
Das heißt ja, du bist {{TAG:000E:0006:18005600650067006500740061007200690061006E00650072001C005600650067006500740061007200690061006E006500720069006E00}}!{{TAG:0007:0000:14000000}}
Heißt doch so, oder?
{{TAG:0003:0003:}}Toll!!!{{TAG:0007:0000:14000000}} Ich will auch so viel Gemüse
in mich reinstopfen wie du!{{TAG:0007:0000:28000000}}{{TAG:0003:0025:}}{{TAG:000C:0009:}}","{{TAG:000C:0000:}}{{TAG:000C:0007:}}{{TAG:000C:0002:}}{{TAG:0003:000F:}}Vay!{{TAG:0007:0000:28000000}} {{TAG:000E:0003:}}{{TAG:0005:0008:}}!
Demek bunca zamandır vejetaryendin!
{{TAG:0003:0003:}}Süper!{{TAG:0007:0000:28000000}} Ben de senin gibi sebzeye
yükleneceğim!{{TAG:0007:0000:28000000}}{{TAG:0003:0025:}}{{TAG:000C:0009:}}"
35,036,"{{TAG:000C:0000:}}{{TAG:000C:0005:}}{{TAG:000C:0001:}}{{TAG:0003:000B:}}{{TAG:000E:0003:}}{{TAG:0005:0008:}} the vegetarian{{TAG:0007:0000:08000000}}.{{TAG:0007:0000:08000000}}.{{TAG:0007:0000:08000000}}.{{TAG:0007:0000:14000000}}
{{TAG:0003:0009:}}I guess that makes sense.{{TAG:0000:0004:}}{{TAG:0003:001B:}}At least it's better than just eating
loads of {{TAG:0005:0010:0000}} all day!{{TAG:000C:0009:}}","{{TAG:000C:0000:}}{{TAG:000C:0005:}}{{TAG:000C:0001:}}{{TAG:0003:000B:}}{{TAG:0011:0001:0100}}, el vegetariano{{TAG:0007:0000:08000000}}.{{TAG:0007:0000:08000000}}.{{TAG:0007:0000:08000000}}.{{TAG:0007:0000:14000000}}{{TAG:0003:0000:}}
Pues la verdad es que no suena
nada mal.
{{TAG:0003:001B:}}¡Al menos eso está mejor que
simplemente ponerse ciego de
{{TAG:0005:0010:0000}} todo el día!{{TAG:000C:0009:}}","{{TAG:000C:0000:}}{{TAG:000C:0005:}}{{TAG:000C:0001:}}{{TAG:0003:000B:}}{{TAG:000E:0003:}}{{TAG:0011:0001:0100}} le végétarien{{TAG:0007:0000:0F000000}}.{{TAG:0007:0000:0F000000}}.{{TAG:0007:0000:0F000000}}.{{TAG:0007:0000:14000000}} {{TAG:0003:0009:}}Chuis
pas convaincue...{{TAG:0000:0004:}}{{TAG:0003:001B:}}M'enfin, ce s'ra toujours plus sain
que d'passer ton temps à avaler
des caisses {{TAG:000E:000A:0600640065002000040064002700}}{{TAG:0005:0010:0000}} !{{TAG:000C:0009:}}","{{TAG:000C:0000:}}{{TAG:000C:0005:}}{{TAG:000C:0001:}}{{TAG:0003:000B:}}{{TAG:0011:0001:0100}} il vegetariano{{TAG:0007:0000:08000000}}.{{TAG:0007:0000:08000000}}.{{TAG:0007:0000:08000000}}.{{TAG:0007:0000:14000000}}
{{TAG:0003:0009:}}Beh, non suona poi così male...{{TAG:0000:0004:}}{{TAG:0003:001B:}}È comunque sempre meglio che
abbuffarsi di {{TAG:0005:0010:0000}}
dalla mattina alla sera!{{TAG:000C:0009:}}","{{TAG:000C:0000:}}{{TAG:000C:0005:}}{{TAG:000C:0001:}}{{TAG:0003:000B:}}{{TAG:0011:0001:0100}} als Vegetarier{{TAG:0007:0000:08000000}}.{{TAG:0007:0000:08000000}}.{{TAG:0007:0000:08000000}}.{{TAG:0007:0000:14000000}}{{TAG:0003:0000:}}
Kann ich mir irgendwie nich'
vorstellen{{TAG:0007:0000:08000000}}.{{TAG:0007:0000:08000000}}.{{TAG:0007:0000:08000000}}.{{TAG:0007:0000:14000000}} und irgendwie doch.
{{TAG:0003:001B:}}Immerhin schon viel gesünder, als
sich den ganzen lieben Tag
{{TAG:0005:0010:0000}} reinzuhauen!{{TAG:000C:0009:}}","{{TAG:000C:0000:}}{{TAG:000C:0005:}}{{TAG:000C:0001:}}{{TAG:0003:000B:}}{{TAG:000E:0003:}}{{TAG:0005:0008:}} vejetaryen{{TAG:0007:0000:08000000}}.{{TAG:0007:0000:08000000}}.{{TAG:0007:0000:08000000}}.{{TAG:0007:0000:14000000}}
{{TAG:0003:0009:}}Aslında mantıklı.{{TAG:0000:0004:}}{{TAG:0003:001B:}}Hiç değilse bütün gün tonla
{{TAG:0005:0010:0000}} yemekten iyidir!{{TAG:000C:0009:}}"
36,037,"{{TAG:000C:0000:}}{{TAG:000C:0007:}}{{TAG:000C:0001:}}{{TAG:000C:0007:}}{{TAG:000C:0002:}}{{TAG:000C:0005:}}{{TAG:0007:0000:28000000}}{{TAG:0003:0005:}}Veggiiees! {{TAG:0007:0000:14000000}} Veeegggiiiiiiieeeees!! {{TAG:0007:0000:28000000}}{{TAG:0003:0025:}}{{TAG:0007:0000:14000000}}
{{TAG:0003:0016:}}Ooh!{{TAG:0007:0000:14000000}} I got a great idea!{{TAG:0000:0004:}}{{TAG:0003:0017:}}How about mixing veggies in with
my {{TAG:0005:0010:0000}}?{{TAG:000C:0009:}}","{{TAG:000C:0000:}}{{TAG:000C:0007:}}{{TAG:000C:0001:}}{{TAG:000C:0007:}}{{TAG:000C:0002:}}{{TAG:000C:0005:}}{{TAG:0007:0000:28000000}}{{TAG:0003:0005:}}¡Verduraaa! {{TAG:0007:0000:14000000}} ¡Veerduriiitaaa! {{TAG:0007:0000:28000000}}{{TAG:0003:0025:}}{{TAG:0007:0000:14000000}}
{{TAG:0003:0016:}}¡Ooh!{{TAG:0007:0000:14000000}} ¡Acabo de tener una
idea de las que hacen historia!
{{TAG:0003:0017:}}¿Qué tal si rallo unas verduras y
se las echo por encima a mi
{{TAG:0005:0010:0000}}?{{TAG:000C:0009:}}","{{TAG:000C:0000:}}{{TAG:000C:0007:}}{{TAG:000C:0001:}}{{TAG:000C:0007:}}{{TAG:000C:0002:}}{{TAG:000C:0005:}}{{TAG:0007:0000:28000000}}{{TAG:0003:0005:}}Légumes ! {{TAG:0007:0000:14000000}} Petits Léééégumes ! {{TAG:0007:0000:28000000}}{{TAG:0003:0025:}}{{TAG:0007:0000:1E000000}}
{{TAG:0003:0016:}}Oh !{{TAG:0007:0000:14000000}} Je viens d'avoir une idée !{{TAG:0000:0004:}}{{TAG:0003:0017:}}Et si je mangeais tout simplement
{{TAG:000E:0002:}}{{TAG:0005:0010:0000}} aux
légumes ?{{TAG:000C:0009:}}","{{TAG:000C:0000:}}{{TAG:000C:0007:}}{{TAG:000C:0001:}}{{TAG:000C:0007:}}{{TAG:000C:0002:}}{{TAG:000C:0005:}}{{TAG:0007:0000:28000000}}{{TAG:0003:0005:}}Verduuuura!{{TAG:0007:0000:14000000}} Veeeeerduraaaa!!!{{TAG:0007:0000:28000000}}{{TAG:0003:0025:}}{{TAG:0007:0000:14000000}}
{{TAG:0003:0016:}}Oooh!{{TAG:0007:0000:14000000}} Mi è venuta un'idea!{{TAG:0000:0004:}}{{TAG:0003:0017:}}E se mettessi della verdura
nell'impasto per preparare
{{TAG:000E:0001:}}{{TAG:0005:0010:0000}}?{{TAG:000C:0009:}}","{{TAG:000C:0000:}}{{TAG:000C:0007:}}{{TAG:000C:0001:}}{{TAG:000C:0007:}}{{TAG:000C:0002:}}{{TAG:000C:0005:}}{{TAG:0007:0000:28000000}}{{TAG:0003:0005:}}Gemüüüse! {{TAG:0007:0000:14000000}} Gemüüühüüüseee!!! {{TAG:0007:0000:14000000}}{{TAG:0003:0025:}}{{TAG:0007:0000:28000000}}
{{TAG:0003:0016:}}Au jaaa!{{TAG:0007:0000:14000000}} Ich hab 'ne Idee...{{TAG:0000:0004:}}{{TAG:0003:001D:}}Buntes Gemüse mit
{{TAG:0005:0010:0000}}!!!{{TAG:000C:0009:}}","{{TAG:000C:0000:}}{{TAG:000C:0007:}}{{TAG:000C:0001:}}{{TAG:000C:0007:}}{{TAG:000C:0002:}}{{TAG:000C:0005:}}{{TAG:0007:0000:28000000}}{{TAG:0003:0005:}}Sebzeee! {{TAG:0007:0000:14000000}} Sebzeeeeeee!! {{TAG:0007:0000:28000000}}{{TAG:0003:0025:}}{{TAG:0007:0000:14000000}}
{{TAG:0003:0016:}}Ooo!{{TAG:0007:0000:14000000}} Harika bir fikrim var!{{TAG:0000:0004:}}{{TAG:0003:0017:}}Sebzeyi benim
{{TAG:0005:0010:0000}} içine karıştırsam nasıl olur?{{TAG:000C:0009:}}"
37,038,"{{TAG:000C:0000:}}{{TAG:000C:0005:}}{{TAG:000C:0001:}}{{TAG:0003:0013:}}{{TAG:000E:0003:}}{{TAG:0011:0001:0100}}{{TAG:0007:0000:08000000}}.{{TAG:0007:0000:08000000}}.{{TAG:0007:0000:08000000}}.{{TAG:0007:0000:14000000}}
Are you trying to make me mad?{{TAG:0007:0000:14000000}}
Seriously. {{TAG:0007:0000:14000000}}{{TAG:000E:0003:}}{{TAG:0005:0007:}}?","{{TAG:000C:0000:}}{{TAG:000C:0005:}}{{TAG:000C:0001:}}{{TAG:0003:0013:}}{{TAG:000E:0003:}}{{TAG:0011:0001:0100}}{{TAG:0007:0000:08000000}}.{{TAG:0007:0000:08000000}}.{{TAG:0007:0000:08000000}}.{{TAG:0007:0000:14000000}} ¡¿Y qué vas a lograr
con eso?! ¿Me estás tomando el
pelo?{{TAG:0007:0000:14000000}} ¿De qué vas, {{TAG:0007:0000:14000000}}{{TAG:0005:0007:}}?","{{TAG:000C:0000:}}{{TAG:000C:0005:}}{{TAG:000C:0001:}}{{TAG:0003:0013:}}{{TAG:000E:0003:}}{{TAG:0011:0001:0100}}{{TAG:0007:0000:0F000000}}.{{TAG:0007:0000:0F000000}}.{{TAG:0007:0000:0F000000}}.{{TAG:0007:0000:14000000}} Tu cherches à
m'rendre dingue, c'est ça ?!{{TAG:0007:0000:14000000}}
Vraiment...{{TAG:0007:0000:14000000}} {{TAG:000E:0003:}}{{TAG:0005:0007:}}...","{{TAG:000C:0000:}}{{TAG:000C:0005:}}{{TAG:000C:0001:}}{{TAG:0003:0013:}}{{TAG:0011:0001:0100}}{{TAG:0007:0000:08000000}}.{{TAG:0007:0000:08000000}}.{{TAG:0007:0000:08000000}}.{{TAG:0007:0000:14000000}}
Stai cercando di farmi diventare
matta?{{TAG:0007:0000:14000000}} Insomma, {{TAG:0007:0000:14000000}}{{TAG:0005:0007:}}?!","{{TAG:000C:0000:}}{{TAG:000C:0005:}}{{TAG:000C:0001:}}{{TAG:0003:0013:}}{{TAG:000E:0003:}}{{TAG:0011:0001:0100}}{{TAG:0007:0000:08000000}}.{{TAG:0007:0000:08000000}}.{{TAG:0007:0000:08000000}}.{{TAG:0007:0000:14000000}}
Du.{{TAG:0007:0000:05000000}} Machst. {{TAG:0007:0000:05000000}}Mich. {{TAG:0007:0000:05000000}}Wahnsinnig!{{TAG:0007:0000:14000000}}
Argh! {{TAG:0007:0000:14000000}}{{TAG:000E:0003:}}{{TAG:0005:0007:}}!","{{TAG:000C:0000:}}{{TAG:000C:0005:}}{{TAG:000C:0001:}}{{TAG:0003:0013:}}{{TAG:000E:0003:}}{{TAG:0011:0001:0100}}{{TAG:0007:0000:08000000}}.{{TAG:0007:0000:08000000}}.{{TAG:0007:0000:08000000}}.{{TAG:0007:0000:14000000}}
Beni kızdırmaya mı çalışıyorsun?{{TAG:0007:0000:14000000}}
Cidden. {{TAG:0007:0000:14000000}}{{TAG:000E:0003:}}{{TAG:0005:0007:}}?"
38,039,,,,,,
39,040,,,,,,
40,041,"{{TAG:0003:0007:}}How come, no matter what, you 
always end up talking about butts?! {{TAG:0007:0000:28000000}}
I'm trying to be serious here!{{TAG:000C:0009:}}","{{TAG:0003:0007:}}¡¿Cómo puede ser que, diga lo que
diga, al final acabes hablando de
culos?! {{TAG:0007:0000:28000000}}¡Córtate un poco, anda!{{TAG:000C:0009:}}","{{TAG:0003:0007:}}Qu'est-ce que c'est qu'cette manie
de toujours parler d'arrière-trains ?{{TAG:0007:0000:28000000}}
Et commence pas à t'marrer, hein !{{TAG:000C:0009:}}","{{TAG:0003:0007:}}Ma com'è che riesci sempre a farmi
parlare di cose assurde?! {{TAG:0007:0000:28000000}}E io che
cerco di essere seria!{{TAG:000C:0009:}}","{{TAG:0003:0007:}}Warum zur Butterblume willste mit
mir immer über dein Hinterteil
reden?! {{TAG:0007:0000:28000000}}Ich mein's ernst!{{TAG:000C:0009:}}","{{TAG:0003:0007:}}Ne konuşsak dönüp dolaşıp
popoya getiriyorsun?! {{TAG:0007:0000:28000000}}
Ben burada ciddi konuşuyorum!{{TAG:000C:0009:}}"
41,042,"{{TAG:000C:0000:}}{{TAG:000C:0007:}}{{TAG:000C:0002:}}{{TAG:0007:0000:08000000}}{{TAG:0003:0010:}}But...{{TAG:0007:0000:14000000}}butts are really important!{{TAG:0000:0004:}}{{TAG:0003:0015:}}Like when you're doing chores...{{TAG:0007:0000:14000000}} Or
out shopping{{TAG:0007:0000:08000000}}.{{TAG:0007:0000:08000000}}.{{TAG:0007:0000:08000000}}.{{TAG:0007:0000:14000000}} Or even sleeping!{{TAG:0000:0004:}}{{TAG:0003:000D:}}If you didn't have a butt,{{TAG:0007:0000:08000000}} what
would your legs attach to?!{{TAG:0007:0000:28000000}}{{TAG:0003:0009:}}{{TAG:000C:0009:}}","{{TAG:000C:0000:}}{{TAG:000C:0007:}}{{TAG:000C:0002:}}{{TAG:0007:0000:08000000}}{{TAG:0003:0010:}}Pero...{{TAG:0007:0000:14000000}} ¡si los culos son algo
importantísimo!{{TAG:0000:0004:}}{{TAG:0003:0015:}}Cuando estás haciendo las cosas de
casa...{{TAG:0007:0000:14000000}} O cuando vas de compras{{TAG:0007:0000:08000000}}.{{TAG:0007:0000:08000000}}.{{TAG:0007:0000:08000000}}.{{TAG:0007:0000:14000000}}
¡O hasta cuando duermes!
{{TAG:0003:000D:}}Si no tuvieras culo,{{TAG:0007:0000:08000000}} ¡¿dónde irían
enganchadas las piernas?!{{TAG:0007:0000:28000000}}{{TAG:0003:0009:}}{{TAG:000C:0009:}}","{{TAG:000C:0000:}}{{TAG:000C:0007:}}{{TAG:000C:0002:}}{{TAG:0007:0000:08000000}}{{TAG:0003:0010:}}Mais...{{TAG:0007:0000:14000000}} Les fesses, c'est un sujet des
plus sérieux !{{TAG:0000:0004:}}{{TAG:0003:0015:}}C'est très utile pour faire le
ménage...{{TAG:0007:0000:14000000}} ou les courses{{TAG:0007:0000:0A000000}}.{{TAG:0007:0000:0A000000}}.{{TAG:0007:0000:0A000000}}.{{TAG:0007:0000:14000000}} Même
pour dormir !
{{TAG:0003:000D:}}Sans fesses,{{TAG:0007:0000:0F000000}} tes jambes se
désolidariseraient de ton corps !!{{TAG:0007:0000:28000000}}{{TAG:0003:0009:}}{{TAG:000C:0009:}}","{{TAG:000C:0000:}}{{TAG:000C:0007:}}{{TAG:000C:0002:}}{{TAG:0007:0000:08000000}}{{TAG:0003:0010:}}Beh...{{TAG:0007:0000:14000000}} Per me queste sono cose
più che serie!{{TAG:0000:0004:}}Come fai a vivere con serenità
se non sai che significato
ha ""soprassedere""?!{{TAG:0000:0004:}}{{TAG:0003:0015:}}Voglio dire...{{TAG:0007:0000:14000000}} Sopra il sedere c'è
la schiena{{TAG:0007:0000:08000000}}.{{TAG:0007:0000:08000000}}.{{TAG:0007:0000:08000000}}.{{TAG:0007:0000:14000000}} Perché è questo
che significa, no?
{{TAG:0003:000D:}}Uffa, sono confuso, ecco{{TAG:0007:0000:08000000}}!{{TAG:0007:0000:28000000}}{{TAG:0003:0009:}}{{TAG:000C:0009:}}","{{TAG:000C:0000:}}{{TAG:000C:0007:}}{{TAG:000C:0002:}}{{TAG:0007:0000:08000000}}{{TAG:0003:0010:}}Weil...{{TAG:0007:0000:14000000}} Popos richtig wichtig sind!!!{{TAG:0000:0004:}}{{TAG:0003:0015:}}Man soll nämlich nur im Sitzen
essen...{{TAG:0007:0000:14000000}} und trinken{{TAG:0007:0000:08000000}}.{{TAG:0007:0000:08000000}}.{{TAG:0007:0000:08000000}}.{{TAG:0007:0000:14000000}} und naschen!{{TAG:0000:0004:}}{{TAG:0003:000D:}}Und wie soll das alles gehen,{{TAG:0007:0000:08000000}}
ohne Popo?!?{{TAG:0007:0000:28000000}}{{TAG:0003:0009:}}{{TAG:000C:0009:}}","{{TAG:000C:0000:}}{{TAG:000C:0007:}}{{TAG:000C:0002:}}{{TAG:0007:0000:08000000}}{{TAG:0003:0010:}}Ama...{{TAG:0007:0000:14000000}}popo gerçekten önemli!{{TAG:0000:0004:}}{{TAG:0003:0015:}}Mesela iş
yaparken...{{TAG:0007:0000:14000000}} Ya da
alışverişte{{TAG:0007:0000:08000000}}.{{TAG:0007:0000:08000000}}.{{TAG:0007:0000:08000000}}.{{TAG:0007:0000:14000000}} Hatta uyurken bile!{{TAG:0000:0004:}}{{TAG:0003:000D:}}Popon
olmasa{{TAG:0007:0000:08000000}} bacakların
nereye bağlanacak?!{{TAG:0007:0000:28000000}}{{TAG:0003:0009:}}{{TAG:000C:0009:}}"
42,043,{{TAG:000C:0000:}}{{TAG:000C:0005:}}{{TAG:000C:0001:}}Huh{{TAG:0007:0000:08000000}}.{{TAG:0007:0000:08000000}}.{{TAG:0007:0000:08000000}}.{{TAG:0007:0000:14000000}}{{TAG:000C:0009:}},{{TAG:000C:0000:}}{{TAG:000C:0005:}}{{TAG:000C:0001:}}Ah{{TAG:0007:0000:08000000}}.{{TAG:0007:0000:08000000}}.{{TAG:0007:0000:08000000}}.{{TAG:0007:0000:14000000}}{{TAG:000C:0009:}},{{TAG:000C:0000:}}{{TAG:000C:0005:}}{{TAG:000C:0001:}}Hmm{{TAG:0007:0000:0F000000}}.{{TAG:0007:0000:0F000000}}.{{TAG:0007:0000:0F000000}}.{{TAG:0007:0000:14000000}}{{TAG:000C:0009:}},{{TAG:000C:0000:}}{{TAG:000C:0005:}}{{TAG:000C:0001:}}Uhm{{TAG:0007:0000:08000000}}.{{TAG:0007:0000:08000000}}.{{TAG:0007:0000:08000000}}.{{TAG:0007:0000:14000000}}{{TAG:000C:0009:}},{{TAG:000C:0000:}}{{TAG:000C:0005:}}{{TAG:000C:0001:}}Grummel{{TAG:0007:0000:08000000}}.{{TAG:0007:0000:08000000}}.{{TAG:0007:0000:08000000}}.{{TAG:0007:0000:14000000}}{{TAG:000C:0009:}},{{TAG:000C:0000:}}{{TAG:000C:0005:}}{{TAG:000C:0001:}}Hımm{{TAG:0007:0000:08000000}}.{{TAG:0007:0000:08000000}}.{{TAG:0007:0000:08000000}}.{{TAG:0007:0000:14000000}}{{TAG:000C:0009:}}
43,044,{{TAG:000C:0000:}}{{TAG:000C:0005:}}{{TAG:000C:0002:}}{{TAG:0007:0000:08000000}}.{{TAG:0007:0000:08000000}}.{{TAG:0007:0000:08000000}}.{{TAG:0007:0000:08000000}}Huh?{{TAG:000C:0009:}},{{TAG:000C:0000:}}{{TAG:000C:0005:}}{{TAG:000C:0002:}}¿Ah{{TAG:0007:0000:08000000}}.{{TAG:0007:0000:08000000}}.{{TAG:0007:0000:08000000}}.{{TAG:0007:0000:08000000}}?{{TAG:000C:0009:}},{{TAG:000C:0000:}}{{TAG:000C:0005:}}{{TAG:000C:0002:}}{{TAG:0007:0000:0A000000}}.{{TAG:0007:0000:0A000000}}.{{TAG:0007:0000:0A000000}}.{{TAG:0007:0000:14000000}} Hmm ?{{TAG:000C:0009:}},{{TAG:000C:0000:}}{{TAG:000C:0005:}}{{TAG:000C:0002:}}{{TAG:0007:0000:08000000}}.{{TAG:0007:0000:08000000}}.{{TAG:0007:0000:08000000}}.{{TAG:0007:0000:08000000}} Eh?{{TAG:000C:0009:}},{{TAG:000C:0000:}}{{TAG:000C:0005:}}{{TAG:000C:0002:}}{{TAG:0007:0000:08000000}}.{{TAG:0007:0000:08000000}}.{{TAG:0007:0000:08000000}}.{{TAG:0007:0000:08000000}}War das dein Magen?{{TAG:000C:0009:}},{{TAG:000C:0000:}}{{TAG:000C:0005:}}{{TAG:000C:0002:}}{{TAG:0007:0000:08000000}}.{{TAG:0007:0000:08000000}}.{{TAG:0007:0000:08000000}}.{{TAG:0007:0000:08000000}}Ha?{{TAG:000C:0009:}}
44,045,"{{TAG:000C:0000:}}{{TAG:000C:0005:}}{{TAG:000C:0001:}}{{TAG:0007:0000:08000000}}.{{TAG:0007:0000:08000000}}.{{TAG:0007:0000:08000000}}.{{TAG:0007:0000:14000000}}{{TAG:0003:0011:}}Whoa!{{TAG:0007:0000:14000000}} For a second, I felt like you
had said something super deep!{{TAG:0007:0000:08000000}}
{{TAG:0003:000D:}}Aarrgh!{{TAG:0007:0000:08000000}} You're making me dumb!{{TAG:0007:0000:28000000}}{{TAG:0003:0009:}}{{TAG:000C:0009:}}","{{TAG:000C:0000:}}{{TAG:000C:0005:}}{{TAG:000C:0001:}}Ooooh{{TAG:0007:0000:08000000}}.{{TAG:0007:0000:08000000}}.{{TAG:0007:0000:08000000}}.{{TAG:0007:0000:14000000}}{{TAG:0003:0011:}} ¡Es increíble!{{TAG:0007:0000:14000000}} Por un
momento, ¡sentí como que habías
dicho algo superprofundo!{{TAG:0007:0000:08000000}}
{{TAG:0003:000D:}}¡Aaaaarj!{{TAG:0007:0000:08000000}} ¡Hablar contigo me
está volviendo... tonta del culo!{{TAG:0007:0000:28000000}}{{TAG:0003:0009:}}{{TAG:000C:0009:}}","{{TAG:000C:0000:}}{{TAG:000C:0005:}}{{TAG:000C:0001:}}{{TAG:0007:0000:08000000}}.{{TAG:0007:0000:08000000}}.{{TAG:0007:0000:08000000}}.{{TAG:0007:0000:14000000}} {{TAG:0003:0011:}}Waouh !{{TAG:0007:0000:14000000}} L'espace d'un instant,
j'ai cru qu't'avais dit un truc super
profond !
{{TAG:0003:000D:}}Raaah !{{TAG:0007:0000:0F000000}} J'deviens débile à force de
t'écouter !{{TAG:0007:0000:28000000}}{{TAG:0003:0009:}}{{TAG:000C:0009:}}","{{TAG:000C:0000:}}{{TAG:000C:0005:}}{{TAG:000C:0001:}}{{TAG:0007:0000:08000000}}.{{TAG:0007:0000:08000000}}.{{TAG:0007:0000:08000000}}.{{TAG:0007:0000:14000000}}{{TAG:0003:0011:}} Bah!{{TAG:0007:0000:14000000}} Per un attimo ho pensato
che volessi dire qualcosa di
profondo!{{TAG:0000:0004:}}{{TAG:0003:000D:}}Aaah!{{TAG:0007:0000:08000000}} Mi farai impazzire!{{TAG:0007:0000:28000000}}{{TAG:0003:0009:}}{{TAG:000C:0009:}}","{{TAG:000C:0000:}}{{TAG:000C:0005:}}{{TAG:000C:0001:}}{{TAG:0007:0000:08000000}}.{{TAG:0007:0000:08000000}}.{{TAG:0007:0000:08000000}}.{{TAG:0007:0000:14000000}}{{TAG:0003:0011:}}Gnarf!{{TAG:0007:0000:14000000}} Für 'ne Millisekunde dachte
ich, dass du zur Abwechslung mal
was Tiefgründiges sagen würdest.
{{TAG:0003:000D:}}Aaaargh!{{TAG:0007:0000:08000000}} In deiner Nähe sterben
meine Gehirnzellen ab! {{TAG:0007:0000:14000000}}Ich fühl's
genau!{{TAG:0007:0000:08000000}}{{TAG:0003:0009:}}{{TAG:000C:0009:}}","{{TAG:000C:0000:}}{{TAG:000C:0005:}}{{TAG:000C:0001:}}{{TAG:0007:0000:08000000}}.{{TAG:0007:0000:08000000}}.{{TAG:0007:0000:08000000}}.{{TAG:0007:0000:14000000}}{{TAG:0003:0011:}}Vay!{{TAG:0007:0000:14000000}} Bir an gerçekten çok
derin bir şey söyledin sandım!{{TAG:0007:0000:08000000}}
{{TAG:0003:000D:}}Aaargh!{{TAG:0007:0000:08000000}} Beni de aptallaştırıyorsun!{{TAG:0007:0000:28000000}}{{TAG:0003:0009:}}{{TAG:000C:0009:}}"
45,046,"{{TAG:000C:0000:}}{{TAG:000C:0007:}}{{TAG:000C:0002:}}{{TAG:0007:0000:08000000}}{{TAG:0003:001B:}}{{TAG:0007:0000:14000000}}Oh, OK, {{TAG:0011:0001:0000}}{{TAG:0007:0000:08000000}}.{{TAG:0007:0000:08000000}}.{{TAG:0007:0000:08000000}}.{{TAG:0007:0000:14000000}}
For a second there, I thought you 
were joining the festival!{{TAG:000C:0009:}}","{{TAG:000C:0000:}}{{TAG:000C:0007:}}{{TAG:000C:0002:}}{{TAG:0007:0000:08000000}}{{TAG:0003:001B:}}{{TAG:0007:0000:14000000}}Ahí te he pillado, {{TAG:0011:0001:0000}}{{TAG:0007:0000:08000000}}.{{TAG:0007:0000:08000000}}.{{TAG:0007:0000:08000000}}.{{TAG:0007:0000:14000000}}
Tanto que te quejabas, ¡y ahora has
sido tú quien ha hablado de culos!{{TAG:000C:0009:}}","{{TAG:000C:0000:}}{{TAG:000C:0007:}}{{TAG:000C:0002:}}{{TAG:0007:0000:08000000}}{{TAG:0003:001B:}}{{TAG:0007:0000:14000000}}C'est bon, {{TAG:0011:0001:0000}}{{TAG:0007:0000:0A000000}}.{{TAG:0007:0000:0A000000}}.{{TAG:0007:0000:0A000000}}.{{TAG:0007:0000:14000000}} Pour ma
part, j'ai vraiment cru que tu voulais
rejoindre le club des popotins !{{TAG:000C:0009:}}","{{TAG:000C:0000:}}{{TAG:000C:0007:}}{{TAG:000C:0002:}}{{TAG:0007:0000:08000000}}{{TAG:0003:001B:}}{{TAG:0007:0000:14000000}}Oh, OK, {{TAG:0011:0001:0000}}{{TAG:0007:0000:08000000}}.{{TAG:0007:0000:08000000}}.{{TAG:0007:0000:08000000}}.{{TAG:0007:0000:14000000}}
Quindi insomma, devo rimanere
con questo dubbio per sempre?{{TAG:000C:0009:}}","{{TAG:000C:0000:}}{{TAG:000C:0007:}}{{TAG:000C:0002:}}{{TAG:0007:0000:08000000}}{{TAG:0003:0001:}}{{TAG:0007:0000:14000000}}Das macht nix, {{TAG:0011:0001:0000}}{{TAG:0007:0000:08000000}}.{{TAG:0007:0000:08000000}}.{{TAG:0007:0000:08000000}}.{{TAG:0007:0000:14000000}} Solange
du dabei sitzt!{{TAG:0007:0000:14000000}} Machst du nachher
mit bei 'ner Sitzpolonaise?{{TAG:000C:0009:}}","{{TAG:000C:0000:}}{{TAG:000C:0007:}}{{TAG:000C:0002:}}{{TAG:0007:0000:08000000}}{{TAG:0003:001B:}}{{TAG:0007:0000:14000000}}Ha, tamam, {{TAG:0011:0001:0000}}{{TAG:0007:0000:08000000}}.{{TAG:0007:0000:08000000}}.{{TAG:0007:0000:08000000}}.{{TAG:0007:0000:14000000}}
Bir an festivale sen de katılıyorsun
sandım!{{TAG:000C:0009:}}"
46,047,"{{TAG:000C:0000:}}{{TAG:000C:0005:}}{{TAG:000C:0001:}}{{TAG:0007:0000:14000000}}{{TAG:0003:0007:}}{{TAG:0007:0000:14000000}}WHAT FESTIVAL?{{TAG:0007:0000:14000000}} WHAT ARE
YOU TALKING ABOUT?!
{{TAG:0007:0000:14000000}}{{TAG:000E:0003:}}{{TAG:0005:0007:}}!","{{TAG:000C:0000:}}{{TAG:000C:0005:}}{{TAG:000C:0001:}}{{TAG:0007:0000:14000000}}{{TAG:0003:0007:}}{{TAG:0007:0000:14000000}}¿YOOOOO?{{TAG:0007:0000:14000000}} ¡¿De qué hablas?!
¡No me líes más, {{TAG:0007:0000:14000000}}{{TAG:0005:0007:}}!","{{TAG:000C:0000:}}{{TAG:000C:0005:}}{{TAG:000C:0001:}}{{TAG:0007:0000:14000000}}{{TAG:0003:0007:}}{{TAG:0007:0000:14000000}}QUEL CLUB DES POPOTINS ?!{{TAG:0007:0000:14000000}}
QU'EST-CE TU RACONTES ?!{{TAG:0007:0000:14000000}}
{{TAG:000E:0003:}}{{TAG:0005:0007:}} ?!","{{TAG:000C:0000:}}{{TAG:000C:0005:}}{{TAG:000C:0001:}}{{TAG:0007:0000:14000000}}{{TAG:0003:0007:}}{{TAG:0007:0000:14000000}}MA DI CHE COSA STAI
PARLANDO?{{TAG:0007:0000:14000000}} SOTTO O SOPRA
IL SEDERE, CHI SE NE IMPORTA?!
{{TAG:0007:0000:14000000}}{{TAG:000E:0003:}}{{TAG:0005:0007:}}!","{{TAG:000C:0000:}}{{TAG:000C:0005:}}{{TAG:000C:0001:}}{{TAG:0007:0000:14000000}}{{TAG:0003:0007:}}{{TAG:0007:0000:14000000}}Sitzpolonaise?{{TAG:0007:0000:14000000}} Was laberst
du da?! {{TAG:0007:0000:14000000}}{{TAG:000E:0003:}}{{TAG:0005:0007:}}!","{{TAG:000C:0000:}}{{TAG:000C:0005:}}{{TAG:000C:0001:}}{{TAG:0007:0000:14000000}}{{TAG:0003:0007:}}{{TAG:0007:0000:14000000}}HANGİ FESTİVAL?!{{TAG:0007:0000:14000000}} SEN NE ANLATIYORSUN?!
{{TAG:0007:0000:14000000}}{{TAG:000E:0003:}}{{TAG:0005:0007:}}!"
47,048,"{{TAG:0003:001B:}}Why are you talking about old dudes
so much?{{TAG:0000:0004:}}{{TAG:0003:0015:}}I get it.{{TAG:0007:0000:08000000}} You think old dudes are
awesome. Enough already!{{TAG:000C:0009:}}","{{TAG:0003:001B:}}¿Por qué estás siempre con que
si los adultos esto o que si los
adultos aquello?
{{TAG:0003:0015:}}Vale, vale...{{TAG:0007:0000:08000000}} Sí, la gente mayor
mola, ya lo he captado. ¡Pero
ahora calla ya la boca con eso!{{TAG:000C:0009:}}","{{TAG:0003:001B:}}Pourquoi tu passes ton temps à
parler d'pépés ?{{TAG:0000:0004:}}{{TAG:0003:0015:}}Que tu trouves les vieux extra, tant
mieux.{{TAG:0007:0000:0F000000}} Mais on a compris, quoi !{{TAG:000C:0009:}}","{{TAG:0003:001B:}}Ma com'è che parli sempre
di chi ha una certa età?{{TAG:0000:0004:}}{{TAG:0003:0015:}}Ho capito:{{TAG:0007:0000:08000000}} sei vecchio dentro
e non vedi l'ora di andare
in pensione!{{TAG:000C:0009:}}","{{TAG:0003:001B:}}Warum laberst du ständig über alte
Männer?{{TAG:0000:0004:}}{{TAG:0003:0015:}}Ich seh schon.{{TAG:0007:0000:14000000}} Du denkst doch, alte
Männer sind voll verschärft. {{TAG:0007:0000:14000000}}{{TAG:0003:0009:}}Komm
mal wieder runter!{{TAG:000C:0009:}}","{{TAG:0003:001B:}}Neden sürekli yaşlı adamlardan
bahsediyorsun?{{TAG:0000:0004:}}{{TAG:0003:0015:}}Tamam, anladım.{{TAG:0007:0000:08000000}} Yaşlı adamları
acayip havalı buluyorsun. Yeter artık!{{TAG:000C:0009:}}"
48,049,"{{TAG:000C:0000:}}{{TAG:000C:0007:}}{{TAG:000C:0002:}}{{TAG:0007:0000:08000000}}{{TAG:0003:0010:}}You got it all wrong, {{TAG:0011:0001:0000}}!{{TAG:0000:0004:}}{{TAG:0003:0005:}}It's not just that I think they're 
cool{{TAG:0007:0000:08000000}}.{{TAG:0007:0000:08000000}}.{{TAG:0007:0000:08000000}}.{{TAG:0007:0000:14000000}}{{TAG:0003:002A:}}{{TAG:0007:0000:14000000}} It's that, in the future, I'm
gonna BE an old dude!{{TAG:000C:0009:}}","{{TAG:000C:0000:}}{{TAG:000C:0007:}}{{TAG:000C:0002:}}{{TAG:0007:0000:08000000}}{{TAG:0003:0010:}}¡Lo has entendido mal, {{TAG:0011:0001:0000}}!
A lo mejor no he sabido explicarme.{{TAG:0000:0004:}}{{TAG:0003:0005:}}No es solo que los adultos molen{{TAG:0007:0000:08000000}}.{{TAG:0007:0000:08000000}}.{{TAG:0007:0000:08000000}}.{{TAG:0007:0000:14000000}}{{TAG:0003:002A:}}{{TAG:0007:0000:14000000}}
Es que de mayor, ¡yo quiero ser
adulto!{{TAG:000C:0009:}}","{{TAG:000C:0000:}}{{TAG:000C:0007:}}{{TAG:000C:0002:}}{{TAG:0007:0000:08000000}}{{TAG:0003:0010:}}Mais non, ça n'a rien à voir,
{{TAG:0011:0001:0000}} !{{TAG:0000:0004:}}{{TAG:0003:0005:}}C'est vrai, je les trouve très cool{{TAG:0007:0000:08000000}}.{{TAG:0007:0000:08000000}}.{{TAG:0007:0000:08000000}}.{{TAG:0007:0000:14000000}}
{{TAG:0003:002A:}}{{TAG:0007:0000:14000000}}mais l'idée, c'est que moi aussi je
finirai un jour par être vieux !{{TAG:000C:0009:}}","{{TAG:000C:0000:}}{{TAG:000C:0007:}}{{TAG:000C:0002:}}{{TAG:0007:0000:08000000}}{{TAG:0003:0010:}}Sì, {{TAG:0011:0001:0000}}!{{TAG:0000:0004:}}{{TAG:0003:0005:}}Voglio stare a casa in pantofole{{TAG:0007:0000:08000000}}.{{TAG:0007:0000:08000000}}.{{TAG:0007:0000:08000000}}.{{TAG:0007:0000:14000000}}{{TAG:0003:002A:}}{{TAG:0007:0000:14000000}}
leggere il giornale, fare la spesa
e mangiare!{{TAG:000C:0009:}}","{{TAG:000C:0000:}}{{TAG:000C:0007:}}{{TAG:000C:0002:}}{{TAG:0007:0000:08000000}}{{TAG:0003:0010:}}Stimmt doch gar nicht, {{TAG:0011:0001:0000}}!{{TAG:0000:0004:}}{{TAG:0003:000B:}}Es ist nur{{TAG:0007:0000:08000000}}.{{TAG:0007:0000:08000000}}.{{TAG:0007:0000:08000000}}.{{TAG:0007:0000:14000000}}{{TAG:0003:002A:}}{{TAG:0007:0000:14000000}} Wenn ich mal groß bin,
werd ich auch mal alt!{{TAG:000C:0009:}}","{{TAG:000C:0000:}}{{TAG:000C:0007:}}{{TAG:000C:0002:}}{{TAG:0007:0000:08000000}}{{TAG:0003:0010:}}Yanlış anladın, {{TAG:0011:0001:0000}}!{{TAG:0000:0004:}}{{TAG:0003:0005:}}Mesele sadece
onları havalı bulmam
değil{{TAG:0007:0000:08000000}}.{{TAG:0007:0000:08000000}}.{{TAG:0007:0000:08000000}}.{{TAG:0007:0000:14000000}}{{TAG:0003:002A:}}{{TAG:0007:0000:14000000}} Mesele şu: gelecekte BEN de
yaşlı bir adam olacağım!{{TAG:000C:0009:}}"
49,050,"{{TAG:000C:0000:}}{{TAG:000C:0005:}}{{TAG:000C:0001:}}{{TAG:0003:0010:}}Huh{{TAG:0007:0000:08000000}}.{{TAG:0007:0000:08000000}}.{{TAG:0007:0000:08000000}}.{{TAG:0007:0000:14000000}} Well, you are practically a kid,
so yeah, I guess eventually you will{{TAG:0007:0000:08000000}}.{{TAG:0007:0000:08000000}}.{{TAG:0007:0000:08000000}}.{{TAG:0007:0000:14000000}}
{{TAG:0003:000B:}}you'll{{TAG:0007:0000:14000000}}.{{TAG:0007:0000:14000000}}.{{TAG:0007:0000:14000000}}.{{TAG:0007:0000:14000000}} You, uh{{TAG:0007:0000:14000000}}.{{TAG:0007:0000:14000000}}.{{TAG:0007:0000:14000000}}.{{TAG:0007:0000:28000000}}{{TAG:000C:0009:}}","{{TAG:000C:0000:}}{{TAG:000C:0005:}}{{TAG:000C:0001:}}{{TAG:0003:0010:}}Pero{{TAG:0007:0000:08000000}}.{{TAG:0007:0000:08000000}}.{{TAG:0007:0000:08000000}}.{{TAG:0007:0000:14000000}} Es que tú vas a ser adulto
lo quieras o no, así que no tiene
sentido que{{TAG:0007:0000:08000000}}.{{TAG:0007:0000:08000000}}.{{TAG:0007:0000:08000000}}.{{TAG:0007:0000:14000000}} {{TAG:0003:000B:}}que{{TAG:0007:0000:14000000}}.{{TAG:0007:0000:14000000}}.{{TAG:0007:0000:14000000}}.{{TAG:0007:0000:14000000}} tú, esto{{TAG:0007:0000:14000000}}.{{TAG:0007:0000:14000000}}.{{TAG:0007:0000:14000000}}.{{TAG:0007:0000:28000000}}{{TAG:000C:0009:}}","{{TAG:000C:0000:}}{{TAG:000C:0005:}}{{TAG:000C:0001:}}{{TAG:0003:0010:}}Qu'est-ce que{{TAG:0007:0000:0F000000}}.{{TAG:0007:0000:0F000000}}.{{TAG:0007:0000:0F000000}}.?!{{TAG:0007:0000:14000000}} T'es un garçon,
donc oui, techniquement, un jour tu
deviendras{{TAG:0007:0000:0F000000}}.{{TAG:0007:0000:0F000000}}.{{TAG:0007:0000:0F000000}}.{{TAG:0007:0000:14000000}} {{TAG:0003:000B:}}Tu{{TAG:0007:0000:14000000}}.{{TAG:0007:0000:14000000}}.{{TAG:0007:0000:14000000}}.{{TAG:0007:0000:28000000}}{{TAG:000C:0009:}}","{{TAG:000C:0000:}}{{TAG:000C:0005:}}{{TAG:000C:0001:}}{{TAG:0003:0010:}}Eh{{TAG:0007:0000:08000000}}.{{TAG:0007:0000:08000000}}.{{TAG:0007:0000:08000000}}.{{TAG:0007:0000:14000000}} Beh, sei ancora troppo giovane
per andare in pensione{{TAG:0007:0000:08000000}}.{{TAG:0007:0000:08000000}}.{{TAG:0007:0000:08000000}}.{{TAG:0007:0000:14000000}} {{TAG:0003:000B:}}E chissà{{TAG:0007:0000:14000000}}.{{TAG:0007:0000:14000000}}.{{TAG:0007:0000:14000000}}.
{{TAG:0007:0000:14000000}}Chissà se un giorno crescerai{{TAG:0007:0000:14000000}}.{{TAG:0007:0000:14000000}}.{{TAG:0007:0000:14000000}}.{{TAG:0007:0000:28000000}}?!{{TAG:000C:0009:}}","{{TAG:000C:0000:}}{{TAG:000C:0005:}}{{TAG:000C:0001:}}{{TAG:0003:0010:}}Ähm{{TAG:0007:0000:08000000}}.{{TAG:0007:0000:08000000}}.{{TAG:0007:0000:08000000}}.{{TAG:0007:0000:14000000}} Jetzt biste zwar noch ein
Dreikäsehoch, aber{{TAG:0007:0000:08000000}}.{{TAG:0007:0000:08000000}}.{{TAG:0007:0000:08000000}}.{{TAG:0007:0000:14000000}} {{TAG:0003:000B:}}du{{TAG:0007:0000:14000000}}.{{TAG:0007:0000:14000000}}.{{TAG:0007:0000:14000000}}.{{TAG:0007:0000:14000000}} äh{{TAG:0007:0000:14000000}}.{{TAG:0007:0000:14000000}}.{{TAG:0007:0000:14000000}}.{{TAG:0007:0000:28000000}}{{TAG:000C:0009:}}","{{TAG:000C:0000:}}{{TAG:000C:0005:}}{{TAG:000C:0001:}}{{TAG:0003:0010:}}Hımm{{TAG:0007:0000:08000000}}.{{TAG:0007:0000:08000000}}.{{TAG:0007:0000:08000000}}.{{TAG:0007:0000:14000000}} Sen daha neredeyse çocuksun,
o yüzden evet, eninde sonunda olursun{{TAG:0007:0000:08000000}}.{{TAG:0007:0000:08000000}}.{{TAG:0007:0000:08000000}}.{{TAG:0007:0000:14000000}}
{{TAG:0003:000B:}}olursun{{TAG:0007:0000:14000000}}.{{TAG:0007:0000:14000000}}.{{TAG:0007:0000:14000000}}.{{TAG:0007:0000:14000000}} Sen, şey{{TAG:0007:0000:14000000}}.{{TAG:0007:0000:14000000}}.{{TAG:0007:0000:14000000}}.{{TAG:0007:0000:28000000}}{{TAG:000C:0009:}}"
50,051,{{TAG:000C:0000:}}{{TAG:000C:0007:}}{{TAG:000C:0002:}}{{TAG:0003:0017:}}{{TAG:000E:0003:}}{{TAG:0011:0001:0000}}?{{TAG:0007:0000:28000000}} Hello?{{TAG:000C:0009:}},"{{TAG:000C:0000:}}{{TAG:000C:0007:}}{{TAG:000C:0002:}}{{TAG:0003:0017:}}¿{{TAG:000E:0003:}}{{TAG:0011:0001:0000}}?{{TAG:0007:0000:28000000}} ¿Hola?
Toc, toc, ¿hay alguien en casa?
¡Te has quedado en blanco!{{TAG:000C:0009:}}",{{TAG:000C:0000:}}{{TAG:000C:0007:}}{{TAG:000C:0002:}}{{TAG:0003:0017:}}{{TAG:000E:0003:}}{{TAG:0011:0001:0000}} ?{{TAG:0007:0000:14000000}} Allô ?{{TAG:000C:0009:}},{{TAG:000C:0000:}}{{TAG:000C:0007:}}{{TAG:000C:0002:}}{{TAG:0003:0017:}}{{TAG:0011:0001:0000}}?{{TAG:0007:0000:28000000}} Pronto?{{TAG:000C:0009:}},"{{TAG:000C:0000:}}{{TAG:000C:0007:}}{{TAG:000C:0002:}}{{TAG:0003:0017:}}{{TAG:000E:0003:}}{{TAG:0011:0001:0000}}?{{TAG:0007:0000:14000000}} Wie, was, wo?!?{{TAG:000C:0009:}}",{{TAG:000C:0000:}}{{TAG:000C:0007:}}{{TAG:000C:0002:}}{{TAG:0003:0017:}}{{TAG:000E:0003:}}{{TAG:0011:0001:0000}}?{{TAG:0007:0000:28000000}} Alo?{{TAG:000C:0009:}}
51,052,"{{TAG:000C:0000:}}{{TAG:000C:0005:}}{{TAG:000C:0001:}}{{TAG:0007:0000:14000000}}{{TAG:0003:0011:}}Wha—?!{{TAG:0007:0000:28000000}} For a second, I thought you
had said something super deep!{{TAG:0000:0004:}}{{TAG:0003:000D:}}Aw, no!{{TAG:0007:0000:08000000}} You're drawing me into
your madness!{{TAG:0007:0000:28000000}}{{TAG:0003:0009:}}{{TAG:000C:0009:}}","{{TAG:000C:0000:}}{{TAG:000C:0005:}}{{TAG:000C:0001:}}{{TAG:0007:0000:14000000}}{{TAG:0003:0011:}}¡¿Qué?!{{TAG:0007:0000:28000000}} Pero bueno, ¡por un
momento empecé a pensar en que
yo también seré adulta algún día!
{{TAG:0003:000D:}}¡Ay, no!{{TAG:0007:0000:08000000}} ¡Ya me has amargado
el día! ¡Por no decir la vida,
irresponsable!{{TAG:0007:0000:28000000}}{{TAG:0003:0009:}}{{TAG:000C:0009:}}","{{TAG:000C:0000:}}{{TAG:000C:0005:}}{{TAG:000C:0001:}}{{TAG:0007:0000:14000000}}{{TAG:0003:0011:}}Ha ?!{{TAG:0007:0000:1E000000}} L'espace d'un instant, j'ai cru
qu't'avais dit un truc super
profond !
{{TAG:0003:000D:}}Raaaah !{{TAG:0007:0000:0F000000}} J'vais finir barjo à vouloir
chercher un sens à tes idioties !{{TAG:0007:0000:28000000}}{{TAG:0003:0009:}}{{TAG:000C:0009:}}","{{TAG:000C:0000:}}{{TAG:000C:0005:}}{{TAG:000C:0001:}}{{TAG:0007:0000:14000000}}{{TAG:0003:0011:}}Che?!{{TAG:0007:0000:28000000}} Povera illusa io a credere che
potessi dire qualcosa
di interessante!
{{TAG:0003:000D:}}Non ce la posso fare!{{TAG:0007:0000:08000000}}{{TAG:0007:0000:28000000}}{{TAG:0003:0009:}}{{TAG:000C:0009:}}","{{TAG:000C:0000:}}{{TAG:000C:0005:}}{{TAG:000C:0001:}}{{TAG:0007:0000:14000000}}{{TAG:0003:0011:}}Was?!{{TAG:0007:0000:28000000}} Halt mal die Luft an!{{TAG:0007:0000:14000000}} Ich
dachte schon, du hättest etwas
Gehaltvolles gesagt.
{{TAG:0003:000D:}}Aaaah!{{TAG:0007:0000:08000000}} Du bringst mich noch um
den Verstand!{{TAG:0007:0000:28000000}}{{TAG:0003:0009:}}{{TAG:000C:0009:}}","{{TAG:000C:0000:}}{{TAG:000C:0005:}}{{TAG:000C:0001:}}{{TAG:0007:0000:14000000}}{{TAG:0003:0011:}}Ne—?!{{TAG:0007:0000:28000000}} Bir an çok derin bir şey
söyledin sandım!{{TAG:0000:0004:}}{{TAG:0003:000D:}}Eyvah!{{TAG:0007:0000:08000000}} Beni de bu
deliliğin içine çekiyorsun!{{TAG:0007:0000:28000000}}{{TAG:0003:0009:}}{{TAG:000C:0009:}}"
52,053,"{{TAG:000C:0000:}}{{TAG:000C:0007:}}{{TAG:000C:0002:}}{{TAG:0003:0009:}}Oh, I see.{{TAG:0007:0000:14000000}} I thought maybe you were
trying to figure out if you could be
an old guy too, {{TAG:0011:0001:0000}}!{{TAG:000C:0009:}}","{{TAG:000C:0000:}}{{TAG:000C:0007:}}{{TAG:000C:0002:}}{{TAG:0003:0009:}}¡¿Qué he dicho?!{{TAG:0007:0000:14000000}} ¡Si lo de ser
adulto mola muchísimo! ¡Y hasta te
podrás casar conmigo, {{TAG:0011:0001:0000}}!{{TAG:000C:0009:}}","{{TAG:000C:0000:}}{{TAG:000C:0007:}}{{TAG:000C:0002:}}{{TAG:0003:0009:}}Oh, je vois.{{TAG:0007:0000:14000000}} J'ai cru que tu te
demandais si toi aussi tu deviendrais
un pépé un jour, {{TAG:0011:0001:0000}} !{{TAG:000C:0009:}}","{{TAG:000C:0000:}}{{TAG:000C:0007:}}{{TAG:000C:0002:}}{{TAG:0003:0009:}}Oh, scusa.{{TAG:0007:0000:14000000}} Pensavo che anche a te
piacesse stare a casa a riposare,
{{TAG:0011:0001:0000}}!{{TAG:000C:0009:}}","{{TAG:000C:0000:}}{{TAG:000C:0007:}}{{TAG:000C:0002:}}{{TAG:0003:0009:}}Ach so!{{TAG:0007:0000:14000000}} Ich dachte schon, du willst
auch 'n alter Mann sein, {{TAG:0011:0001:0000}}!{{TAG:000C:0009:}}","{{TAG:000C:0000:}}{{TAG:000C:0007:}}{{TAG:000C:0002:}}{{TAG:0003:0009:}}Ha, anladım.{{TAG:0007:0000:14000000}} Bir an sen de yaşlı bir
adam olabilir misin diye düşünüyorsun
sandım, {{TAG:0011:0001:0000}}!{{TAG:000C:0009:}}"
53,054,{{TAG:000C:0000:}}{{TAG:000C:0005:}}{{TAG:000C:0001:}}{{TAG:0007:0000:08000000}}{{TAG:0003:0007:}}What?! {{TAG:0007:0000:14000000}}{{TAG:000E:0003:}}{{TAG:0005:0007:}}!,"{{TAG:000C:0000:}}{{TAG:000C:0005:}}{{TAG:000C:0001:}}{{TAG:0007:0000:08000000}}{{TAG:0003:0007:}}¡¿Qué?! {{TAG:0007:0000:14000000}}¡Eso sí que no te
lo pasoooo, {{TAG:0005:0007:}}!",{{TAG:000C:0000:}}{{TAG:000C:0005:}}{{TAG:000C:0001:}}{{TAG:0007:0000:08000000}}{{TAG:0003:0007:}}QUOI ?! {{TAG:0007:0000:14000000}}{{TAG:000E:0003:}}{{TAG:0005:0007:}} ?!,{{TAG:000C:0000:}}{{TAG:000C:0005:}}{{TAG:000C:0001:}}{{TAG:0007:0000:08000000}}{{TAG:0003:0007:}}Cosa?! {{TAG:0007:0000:14000000}}{{TAG:000E:0003:}}{{TAG:0005:0007:}}!,{{TAG:000C:0000:}}{{TAG:000C:0005:}}{{TAG:000C:0001:}}{{TAG:0007:0000:08000000}}{{TAG:0003:0007:}}Waaas?! {{TAG:0007:0000:14000000}}{{TAG:000E:0003:}}{{TAG:0005:0007:}}!,{{TAG:000C:0000:}}{{TAG:000C:0005:}}{{TAG:000C:0001:}}{{TAG:0007:0000:08000000}}{{TAG:0003:0007:}}Ne?! {{TAG:0007:0000:14000000}}{{TAG:000E:0003:}}{{TAG:0005:0007:}}!
54,055,"{{TAG:0003:001B:}}Stop making everything about the
almighty {{TAG:0005:000F:0000}}!{{TAG:0000:0004:}}{{TAG:0003:0009:}}I get it! You're obsessed with the
almighty {{TAG:0005:000F:0000}}!{{TAG:000C:0009:}}","{{TAG:0003:001B:}}¿Por qué tienes que estar
hablándome todo el día de
tu dichos{{TAG:000E:0008:00CD02006F000200610002003000}} {{TAG:0005:000F:0000}}?
{{TAG:0003:0009:}}¡Ya lo he captado! ¡Que sí,
que estás obsesionado con tu
{{TAG:0005:000F:0000}}! ¿Y a mí qué?{{TAG:000C:0009:}}","{{TAG:0003:001B:}}Faut vraiment qu't'arrêtes de nous
bassiner avec tes histoires 
{{TAG:000E:000A:0600640065002000040064002700}}{{TAG:0005:000F:0000}} !
{{TAG:0003:0009:}}{{TAG:000E:0003:}}{{TAG:000E:0001:}}{{TAG:0005:000F:0000}}, c'est ta
passion, OK ! On a compris !{{TAG:000C:0009:}}","{{TAG:0003:001B:}}Smettila! Cambia argomento!
{{TAG:000E:0003:}}{{TAG:000E:0001:}}{{TAG:0005:000F:0000}}
di qui, di lì, di su, di giù!
{{TAG:0003:0009:}}Ho capito! Sei ossessionato!
E per te non esiste nient'altro,
solo {{TAG:000E:0001:}}{{TAG:0005:000F:0000}}!{{TAG:000C:0009:}}","{{TAG:0003:001B:}}Warum kannste nicht aufhören,
{{TAG:000E:0008:00CD140076006F006E0020006400650069006E0065006D00140076006F006E0020006400650069006E0065007200140076006F006E0020006400650069006E0065006D00}} {{TAG:0005:000F:0000}}
zu reden?
{{TAG:0003:0009:}}Das is' ja fast schon krankhaft!{{TAG:000C:0009:}}","{{TAG:0003:001B:}}Her şeyi yüce
{{TAG:0005:000F:0000}} meselesine bağlamayı
bırak!{{TAG:0000:0004:}}{{TAG:0003:0009:}}Tamam, anladım! Yüce
{{TAG:0005:000F:0000}} takıntın var!{{TAG:000C:0009:}}"
55,056,"{{TAG:000C:0000:}}{{TAG:000C:0007:}}{{TAG:000C:0002:}}{{TAG:0003:000D:}}You don't understand anything!{{TAG:0007:0000:28000000}}
I bet you think the {{TAG:0005:000F:0100}}
is better, don't you!{{TAG:0007:0000:14000000}}{{TAG:0003:0009:}}
{{TAG:0003:000E:}}No matter how hard I try to 
explain{{TAG:0007:0000:08000000}}.{{TAG:0007:0000:08000000}}.{{TAG:0007:0000:08000000}}.{{TAG:0007:0000:14000000}}I just can't make you see!{{TAG:0007:0000:28000000}}{{TAG:0003:0009:}}{{TAG:000C:0009:}}","{{TAG:000C:0000:}}{{TAG:000C:0007:}}{{TAG:000C:0002:}}{{TAG:0003:000D:}}¡No lo entiendes!{{TAG:0007:0000:28000000}} Seguro que crees
que tu {{TAG:0005:000F:0100}} es mejor,
¡confiésalo!{{TAG:0007:0000:14000000}}{{TAG:0003:0009:}}
{{TAG:0003:000E:}}Mira que he tratado de mostrarte
la verdad{{TAG:0007:0000:08000000}}.{{TAG:0007:0000:08000000}}.{{TAG:0007:0000:08000000}}.{{TAG:0007:0000:14000000}} ¡pero no quieres
escucharme! ¡Qué cabezona eres!{{TAG:0007:0000:28000000}}{{TAG:0003:0009:}}{{TAG:000C:0009:}}","{{TAG:000C:0000:}}{{TAG:000C:0007:}}{{TAG:000C:0002:}}{{TAG:0003:000D:}}Tu n'as rien compris du tout !{{TAG:0007:0000:28000000}} Tu
trouves {{TAG:000E:0001:}}{{TAG:0005:000F:0100}} bien
{{TAG:000E:0008:01CD10006D00650069006C006C0065007500720012006D00650069006C006C0065007500720065000000}}, avoue !{{TAG:0007:0000:14000000}}{{TAG:0003:0009:}}
{{TAG:0003:000E:}}J'ai beau me tuer à t'expliquer ton
erreur{{TAG:0007:0000:0A000000}}.{{TAG:0007:0000:0A000000}}.{{TAG:0007:0000:0A000000}}.{{TAG:0007:0000:14000000}} tu ne veux rien entendre !{{TAG:0007:0000:28000000}}{{TAG:0003:0009:}}{{TAG:000C:0009:}}","{{TAG:000C:0000:}}{{TAG:000C:0007:}}{{TAG:000C:0002:}}{{TAG:0003:000D:}}Non capisci! Uffa!{{TAG:0007:0000:28000000}} Secondo me
tu pensi che {{TAG:000E:0001:}}{{TAG:0005:000F:0100}}
sia meglio, eh?{{TAG:0007:0000:14000000}}{{TAG:0003:0009:}}
{{TAG:0003:000E:}}Potrei parlare con te fino a domani,
ma{{TAG:0007:0000:08000000}}.{{TAG:0007:0000:08000000}}.{{TAG:0007:0000:08000000}}.{{TAG:0007:0000:14000000}} so che non capiresti!{{TAG:0007:0000:28000000}}{{TAG:0003:0009:}}{{TAG:000C:0009:}}","{{TAG:000C:0000:}}{{TAG:000C:0007:}}{{TAG:000C:0002:}}{{TAG:0003:0017:}}Krank?{{TAG:0007:0000:28000000}} Nee, {{TAG:0007:0000:08000000}}{{TAG:0003:001E:}}ich hab nur 
Kuchenkrümel in die
Nase gekriegt!
{{TAG:0003:0028:}}Menno! {{TAG:0007:0000:14000000}}Ich versteh das nicht:{{TAG:0007:0000:14000000}} 
{{TAG:0003:000E:}}Warum magst du {{TAG:000E:0008:01CD0600640065006E0006006400690065000600640061007300}}
{{TAG:0005:000F:0100}} denn lieber?!?{{TAG:0007:0000:14000000}}{{TAG:000C:0009:}}","{{TAG:000C:0000:}}{{TAG:000C:0007:}}{{TAG:000C:0002:}}{{TAG:0003:000D:}}Hiçbir şey anlamıyorsun!{{TAG:0007:0000:28000000}}
Bahse girerim {{TAG:0005:000F:0100}} daha iyi
diyorsundur, değil mi!{{TAG:0007:0000:14000000}}{{TAG:0003:0009:}}
{{TAG:0003:000E:}}Ne kadar anlatmaya çalışsam da{{TAG:0007:0000:08000000}}.{{TAG:0007:0000:08000000}}.{{TAG:0007:0000:08000000}}.{{TAG:0007:0000:14000000}}sana
bir türlü gösteremiyorum!{{TAG:0007:0000:28000000}}{{TAG:0003:0009:}}{{TAG:000C:0009:}}"
56,057,"{{TAG:000C:0000:}}{{TAG:000C:0005:}}{{TAG:000C:0001:}}{{TAG:0003:0011:}}Huh?{{TAG:0007:0000:14000000}} D-dude, don't cry!{{TAG:0000:0004:}}{{TAG:0003:000D:}}{{TAG:000E:0003:}}{{TAG:0005:000F:0000}} or
{{TAG:0005:000F:0100}}{{TAG:0007:0000:08000000}}.{{TAG:0007:0000:08000000}}.{{TAG:0007:0000:08000000}}.{{TAG:0007:0000:14000000}}
It really doesn't matter!{{TAG:0003:0000:}}
{{TAG:000C:0001:}}{{TAG:000C:0004:}}{{TAG:0007:0000:08000000}}{{TAG:0003:0009:}}Hey, {{TAG:0005:0008:}}!{{TAG:0007:0000:14000000}} Say something!{{TAG:000C:0009:}}
","{{TAG:000C:0000:}}{{TAG:000C:0005:}}{{TAG:000C:0001:}}{{TAG:0003:0011:}}¿Eh?{{TAG:0007:0000:14000000}} Pero hombre... No llores,
anda, ¡que ahora sí que estás
haciendo que me sienta mal!
{{TAG:0003:000D:}}{{TAG:000E:0003:}}{{TAG:000E:0002:}}{{TAG:0005:000F:0000}},
{{TAG:000E:0002:}}{{TAG:0005:000F:0100}}{{TAG:0007:0000:08000000}}.{{TAG:0007:0000:08000000}}.{{TAG:0007:0000:08000000}}.{{TAG:0007:0000:14000000}}
¡Qué más dará una cosa que otra!{{TAG:0003:0000:}}
{{TAG:000C:0001:}}{{TAG:000C:0004:}}{{TAG:0007:0000:08000000}}{{TAG:0003:0009:}}¡Oye, {{TAG:0005:0008:}}!{{TAG:0007:0000:14000000}} ¡Pero no te
quedes callad{{TAG:000E:0006:02006F0002006100}}, di algo!{{TAG:000C:0009:}}","{{TAG:000C:0000:}}{{TAG:000C:0005:}}{{TAG:000C:0001:}}{{TAG:0003:0011:}}Euh ?!{{TAG:0007:0000:14000000}} Mec, faut pas pleurer !{{TAG:0000:0004:}}{{TAG:0003:000D:}}{{TAG:000E:0003:}}{{TAG:0005:000F:0000}} ou
{{TAG:0005:000F:0100}}{{TAG:0007:0000:0F000000}}.{{TAG:0007:0000:0F000000}}.{{TAG:0007:0000:0F000000}}.{{TAG:0007:0000:14000000}} peu importe !
Vraiment !{{TAG:0003:0000:}}
{{TAG:000C:0001:}}{{TAG:000C:0004:}}{{TAG:0007:0000:08000000}}{{TAG:0003:0009:}}Hep, {{TAG:0005:0008:}} !{{TAG:0007:0000:14000000}} Reste pas {{TAG:000E:0006:0C0070006C0061006E007400E9000E0070006C0061006E007400E9006500}}
là ! Dis un truc !{{TAG:000C:0009:}}","{{TAG:000C:0000:}}{{TAG:000C:0005:}}{{TAG:000C:0001:}}{{TAG:0003:0011:}}Eh?{{TAG:0007:0000:14000000}} Dai, su, non piangere!{{TAG:0000:0004:}}{{TAG:0003:000D:}}Che differenza fa?
{{TAG:000E:0003:}}{{TAG:000E:0002:}}{{TAG:0005:000F:0000}}
o {{TAG:000E:0002:}}{{TAG:0005:000F:0100}}{{TAG:0007:0000:08000000}}.{{TAG:0007:0000:08000000}}.{{TAG:0007:0000:08000000}}.{{TAG:0007:0000:14000000}}
Non cambia niente!{{TAG:0003:0000:}}
{{TAG:000C:0001:}}{{TAG:000C:0004:}}{{TAG:0007:0000:08000000}}{{TAG:0003:0009:}}Ehi, {{TAG:0005:0008:}}!{{TAG:0007:0000:14000000}} Parlami,
dimmi qualcosa!{{TAG:000C:0009:}}","{{TAG:000C:0000:}}{{TAG:000C:0005:}}{{TAG:000C:0001:}}{{TAG:0003:0011:}}Ähm?{{TAG:0007:0000:14000000}} K-{{TAG:0007:0000:08000000}}Kleiner? {{TAG:0007:0000:14000000}}Nicht rumflennen!{{TAG:0000:0004:}}{{TAG:0003:000D:}}Ob {{TAG:0005:000F:0000}} oder
{{TAG:0005:000F:0100}}{{TAG:0007:0000:08000000}}.{{TAG:0007:0000:08000000}}.{{TAG:0007:0000:08000000}}.{{TAG:0007:0000:14000000}} Ist doch
vollkommen schnuppe.{{TAG:0003:0000:}}
{{TAG:000C:0001:}}{{TAG:000C:0004:}}{{TAG:0007:0000:08000000}}{{TAG:0003:0009:}}Hey, {{TAG:0005:0008:}}!{{TAG:0007:0000:14000000}} Sag du doch auch
mal was!{{TAG:000C:0009:}}","{{TAG:000C:0000:}}{{TAG:000C:0005:}}{{TAG:000C:0001:}}{{TAG:0003:0011:}}Hı?{{TAG:0007:0000:14000000}} D-dostum, ağlama!{{TAG:0000:0004:}}{{TAG:0003:000D:}}{{TAG:000E:0003:}}{{TAG:0005:000F:0000}} ya da
{{TAG:0005:000F:0100}}{{TAG:0007:0000:08000000}}.{{TAG:0007:0000:08000000}}.{{TAG:0007:0000:08000000}}.{{TAG:0007:0000:14000000}}
Gerçekten o kadar önemli değil!{{TAG:0003:0000:}}
{{TAG:000C:0001:}}{{TAG:000C:0004:}}{{TAG:0007:0000:08000000}}{{TAG:0003:0009:}}Hey, {{TAG:0005:0008:}}!{{TAG:0007:0000:14000000}} Bir şey söylesene!{{TAG:000C:0009:}}
"
57,058,"{{TAG:000C:0000:}}{{TAG:000C:0007:}}{{TAG:000C:0002:}}{{TAG:000C:0004:}}{{TAG:0007:0000:08000000}}{{TAG:0003:0009:}}{{TAG:000E:0003:}}{{TAG:0005:0008:}}.{{TAG:0007:0000:08000000}} Which do you like?
{{TAG:000E:0003:}}{{TAG:0005:000F:0000}}
or {{TAG:0005:000F:0100}}?{{TAG:0008:0001:3B0000003D0000003F000000}}
{{TAG:000E:0003:}}{{TAG:0005:000F:0000}}.
{{TAG:000E:0003:}}{{TAG:0005:000F:0100}}.
Either way...","{{TAG:000C:0000:}}{{TAG:000C:0007:}}{{TAG:000C:0002:}}{{TAG:000C:0004:}}{{TAG:0007:0000:08000000}}{{TAG:0003:0009:}}{{TAG:000E:0003:}}{{TAG:0005:0008:}},{{TAG:0007:0000:08000000}} ¿tú qué preferirías,
{{TAG:000E:0002:}}{{TAG:0005:000F:0000}}
o {{TAG:000E:0002:}}{{TAG:0005:000F:0100}}?{{TAG:0008:0001:3B0000003D0000003F000000}}
{{TAG:000E:0003:}}{{TAG:000E:0002:}}{{TAG:0005:000F:0000}}
{{TAG:000E:0003:}}{{TAG:000E:0002:}}{{TAG:0005:000F:0100}}
Lo mismo me da...","{{TAG:000C:0000:}}{{TAG:000C:0007:}}{{TAG:000C:0002:}}{{TAG:000C:0004:}}{{TAG:0007:0000:08000000}}{{TAG:0003:0009:}}{{TAG:000E:0003:}}{{TAG:0005:0008:}}.{{TAG:0007:0000:08000000}} Que préfères-tu ?
{{TAG:000E:0003:}}{{TAG:000E:0002:}}{{TAG:0005:000F:0000}} ou
{{TAG:000E:0002:}}{{TAG:0005:000F:0100}} ?{{TAG:0008:0001:3B0000003D0000003F000000}}
{{TAG:000E:0003:}}{{TAG:000E:0001:}}{{TAG:0005:000F:0000}}.
{{TAG:000E:0003:}}{{TAG:000E:0001:}}{{TAG:0005:000F:0100}}.
Ça se vaut...","{{TAG:000C:0000:}}{{TAG:000C:0007:}}{{TAG:000C:0002:}}{{TAG:000C:0004:}}{{TAG:0007:0000:08000000}}{{TAG:0003:0009:}}{{TAG:000E:0003:}}{{TAG:0005:0008:}}.{{TAG:0007:0000:08000000}} Tu cosa preferisci?
{{TAG:000E:0003:}}{{TAG:000E:0002:}}{{TAG:0005:000F:0000}}
o {{TAG:000E:0002:}}{{TAG:0005:000F:0100}}?{{TAG:0008:0001:3B0000003D0000003F000000}}
{{TAG:000E:0003:}}{{TAG:000E:0002:}}{{TAG:0005:000F:0000}}.
{{TAG:000E:0003:}}{{TAG:000E:0002:}}{{TAG:0005:000F:0100}}.
Non ho preferenze...","{{TAG:000C:0000:}}{{TAG:000C:0007:}}{{TAG:000C:0002:}}{{TAG:000C:0004:}}{{TAG:0007:0000:08000000}}{{TAG:0003:0009:}}{{TAG:000E:0003:}}{{TAG:0005:0008:}}!!!{{TAG:0007:0000:14000000}} Was magst du lieber?
{{TAG:000E:0003:}}{{TAG:0005:000F:0000}}?{{TAG:0007:0000:14000000}}
Oder {{TAG:0005:000F:0100}}?{{TAG:0008:0001:3B0000003D0000003F000000}}
{{TAG:000E:0003:}}{{TAG:0005:000F:0000}}.
{{TAG:000E:0003:}}{{TAG:0005:000F:0100}}.
Och, wisst ihr...","{{TAG:000C:0000:}}{{TAG:000C:0007:}}{{TAG:000C:0002:}}{{TAG:000C:0004:}}{{TAG:0007:0000:08000000}}{{TAG:0003:0009:}}{{TAG:000E:0003:}}{{TAG:0005:0008:}}.{{TAG:0007:0000:08000000}} Hangisini seviyorsun?
{{TAG:000E:0003:}}{{TAG:0005:000F:0000}}
yoksa {{TAG:0005:000F:0100}}?{{TAG:0008:0001:3B0000003D0000003F000000}}
{{TAG:000E:0003:}}{{TAG:0005:000F:0000}}.
{{TAG:000E:0003:}}{{TAG:0005:000F:0100}}.
İkisi de..."
58,059,"{{TAG:0003:0016:}}Really?!{{TAG:0007:0000:28000000}}{{TAG:0000:0004:}}{{TAG:0003:0003:}}Awesome!{{TAG:0007:0000:14000000}} I'm not the only one
who's into his {{TAG:0005:000F:0000}}!{{TAG:0007:0000:28000000}}{{TAG:0003:0025:}}{{TAG:0000:0004:}}{{TAG:0003:0005:}}It feels good not to be alone!
{{TAG:0007:0000:14000000}}{{TAG:000E:0003:}}{{TAG:0005:0007:}}!{{TAG:000C:0009:}}","{{TAG:0003:0016:}}¡¿En serio?!{{TAG:0007:0000:28000000}} {{TAG:0003:0003:}}¡Qué bien!{{TAG:0007:0000:14000000}} ¡No soy
el único que prefiere tener
{{TAG:000E:0002:}}{{TAG:0005:000F:0000}}!{{TAG:0007:0000:28000000}}{{TAG:0003:0025:}}
{{TAG:0003:0005:}}¡Uf, menos mal que alguien
me comprende, {{TAG:0007:0000:14000000}}{{TAG:0005:0007:}}!{{TAG:000C:0009:}}","{{TAG:0003:0016:}}Vraiment ?!{{TAG:0007:0000:1E000000}}{{TAG:0000:0004:}}{{TAG:0003:0003:}}Cool !{{TAG:0007:0000:14000000}} Ça prouve qu'il n'y a rien
d'étrange à s'attacher à
{{TAG:000E:0002:}}{{TAG:0005:000F:0000}} !{{TAG:0007:0000:28000000}}{{TAG:0003:0025:}}
{{TAG:0003:0005:}}Je me sens tout de suite moins seul,
{{TAG:0007:0000:14000000}}{{TAG:0005:0007:}} !{{TAG:000C:0009:}}","{{TAG:0003:0016:}}Davvero?!{{TAG:0007:0000:28000000}}{{TAG:0000:0004:}}{{TAG:0003:0003:}}Che bello!{{TAG:0007:0000:14000000}} Non sono l'unico a
pensare che {{TAG:000E:0001:}}{{TAG:0005:000F:0000}}
sia il massimo!{{TAG:0007:0000:28000000}}{{TAG:0003:0025:}}
{{TAG:0003:0005:}}Ora non mi sento più solo e triste!
{{TAG:0007:0000:14000000}}{{TAG:000E:0003:}}{{TAG:0005:0007:}}!{{TAG:000C:0009:}}","{{TAG:0003:0016:}}Juhuuu!!!{{TAG:0007:0000:28000000}}{{TAG:0000:0004:}}{{TAG:0003:0003:}}Wie toll!{{TAG:0007:0000:14000000}} Jemand mag {{TAG:000E:0001:}}
{{TAG:0005:000F:0000}} so dolle wie ich!{{TAG:0000:0004:}}{{TAG:0003:0005:}}Ich bin nicht allein! {{TAG:0007:0000:14000000}}Jetzt bin ich
froh! {{TAG:0007:0000:14000000}}{{TAG:000E:0003:}}{{TAG:0005:0007:}}!{{TAG:000C:0009:}}","{{TAG:0003:0016:}}Gerçekten mi?!{{TAG:0007:0000:28000000}}{{TAG:0000:0004:}}{{TAG:0003:0003:}}Süper!{{TAG:0007:0000:14000000}} Demek onun
{{TAG:0005:000F:0000}} merakına ortak olan bir tek
ben değilmişim!{{TAG:0007:0000:28000000}}{{TAG:0003:0025:}}{{TAG:0000:0004:}}{{TAG:0003:0005:}}İnsan yalnız olmadığını
bilince rahatlıyor!
{{TAG:0007:0000:14000000}}{{TAG:000E:0003:}}{{TAG:0005:0007:}}!{{TAG:000C:0009:}}"
59,060,"{{TAG:000C:0000:}}{{TAG:000C:0005:}}{{TAG:000C:0001:}}{{TAG:0003:0010:}}Good job, {{TAG:0005:0008:}}!{{TAG:0007:0000:14000000}}
You calmed him down!{{TAG:0000:0004:}}{{TAG:0003:0005:}}Keep playing up how much you like
his precious {{TAG:0005:000F:0000}}
for a little bit, OK? {{TAG:0007:0000:14000000}}{{TAG:000E:0003:}}{{TAG:0005:0007:}}!","{{TAG:000C:0000:}}{{TAG:000C:0005:}}{{TAG:000C:0001:}}{{TAG:0003:0010:}}¡Eso, {{TAG:0005:0008:}}!{{TAG:0007:0000:14000000}}
Buena idea, ¡tú dale la razón!{{TAG:0000:0004:}}{{TAG:0003:0005:}}Así podréis hablar de lo bonito que
es tener {{TAG:000E:0002:}}{{TAG:0005:000F:0000}}, ¡y a
mí me dejará en paz, {{TAG:0007:0000:14000000}}{{TAG:0005:0007:}}!","{{TAG:000C:0000:}}{{TAG:000C:0005:}}{{TAG:000C:0001:}}{{TAG:0003:0010:}}Bien joué, {{TAG:0005:0008:}} !{{TAG:0007:0000:14000000}} T'as réussi à
l'calmer,{{TAG:0007:0000:14000000}} {{TAG:0005:0007:}} !{{TAG:0000:0004:}}{{TAG:0003:0005:}}Continue encore un peu à lui faire
croire qu't'es fan
{{TAG:000E:000A:0600640065002000040064002700}}{{TAG:0005:000F:0000}}, OK ?","{{TAG:000C:0000:}}{{TAG:000C:0005:}}{{TAG:000C:0001:}}{{TAG:0003:0010:}}Per fortuna che c'eri tu,
{{TAG:0005:0008:}}!{{TAG:0007:0000:14000000}} Ora si è calmato!{{TAG:0000:0004:}}{{TAG:0003:0005:}}Continua ancora un po' a dire
che ti piace {{TAG:000E:0008:00CD040069006C0004006C00610002003000}} su{{TAG:000E:0008:00CD02006F000200610002003000}} prezios{{TAG:000E:0008:00CD02006F000200610002003000}}
{{TAG:0005:000F:0000}}! {{TAG:0007:0000:14000000}}{{TAG:000E:0003:}}{{TAG:0005:0007:}}!","{{TAG:000C:0000:}}{{TAG:000C:0005:}}{{TAG:000C:0001:}}{{TAG:0003:0010:}}Reife Leistung, {{TAG:0005:0008:}}!{{TAG:0007:0000:14000000}}
Er hat endlich mit dem Gegreine
aufgehört!
{{TAG:0003:0023:}}Tu nur weiter so, als ob dir {{TAG:000E:0008:00CD08007300650069006E000A007300650069006E00650008007300650069006E00}}
{{TAG:0005:000F:0000}} besser gefällt,{{TAG:0007:0000:08000000}} ja?
{{TAG:0007:0000:14000000}}{{TAG:000E:0003:}}{{TAG:0005:0007:}}!","{{TAG:000C:0000:}}{{TAG:000C:0005:}}{{TAG:000C:0001:}}{{TAG:0003:0010:}}Aferin, {{TAG:0005:0008:}}!{{TAG:0007:0000:14000000}}
Onu sakinleştirdin!{{TAG:0000:0004:}}{{TAG:0003:0005:}}Biraz daha onun kıymetli
{{TAG:0005:000F:0000}} ne kadar sevdiğini söyleyip
dur, olur mu? {{TAG:0007:0000:14000000}}{{TAG:000E:0003:}}{{TAG:0005:0007:}}!"
60,061,"{{TAG:000C:0000:}}{{TAG:000C:0007:}}{{TAG:000C:0002:}}{{TAG:0007:0000:08000000}}{{TAG:0003:0011:}}You prefer the {{TAG:0005:000F:0100}}?!{{TAG:0007:0000:28000000}}{{TAG:0000:0004:}}{{TAG:0003:000E:}}Waaahaaaahaaaa! I'm all alone with
my {{TAG:0005:000F:0000}}, {{TAG:0007:0000:14000000}}{{TAG:0005:0007:}}!{{TAG:0007:0000:28000000}}{{TAG:0003:0009:}}{{TAG:000C:0009:}}","{{TAG:000C:0000:}}{{TAG:000C:0007:}}{{TAG:000C:0002:}}{{TAG:0007:0000:08000000}}{{TAG:0003:0011:}}¡¿Prefieres {{TAG:000E:0001:}}{{TAG:0005:000F:0100}}?!{{TAG:0007:0000:28000000}}{{TAG:0000:0004:}}{{TAG:0003:000E:}}¡Buaaaaaaaa! ¡Soy el único al que le
gusta tener {{TAG:000E:0002:}}{{TAG:0005:000F:0000}},
{{TAG:0007:0000:14000000}}{{TAG:0005:0007:}}!{{TAG:0007:0000:28000000}}{{TAG:0003:0009:}}{{TAG:000C:0009:}}","{{TAG:000C:0000:}}{{TAG:000C:0007:}}{{TAG:000C:0002:}}{{TAG:0007:0000:08000000}}{{TAG:0003:0011:}}Tu préfères
{{TAG:000E:0001:}}{{TAG:0005:000F:0100}} ?{{TAG:0007:0000:1E000000}}{{TAG:0000:0004:}}{{TAG:0003:000E:}}Bouhouhouhou ! Je me retrouve
tout seul avec {{TAG:000E:0008:00CD06006D006F006E0004006D0061000000}} pauvre
{{TAG:0005:000F:0000}},{{TAG:0007:0000:14000000}} {{TAG:0005:0007:}} !{{TAG:0007:0000:1E000000}}{{TAG:0003:0009:}}{{TAG:000C:0009:}}","{{TAG:000C:0000:}}{{TAG:000C:0007:}}{{TAG:000C:0002:}}{{TAG:0007:0000:08000000}}{{TAG:0003:0011:}}Ti piace di più
{{TAG:000E:0001:}}{{TAG:0005:000F:0100}}?!{{TAG:0007:0000:28000000}}{{TAG:0000:0004:}}{{TAG:0003:000E:}}Buaaaah! Nessuno mi capisce. Sono
solo con {{TAG:000E:0008:00CD040069006C0004006C00610002003000}} {{TAG:000E:0008:00CD06006D0069006F0006006D006900610002003000}} {{TAG:0005:000F:0000}},
{{TAG:0007:0000:14000000}}{{TAG:0005:0007:}}!{{TAG:0007:0000:28000000}}{{TAG:0003:0009:}}{{TAG:000C:0009:}}","{{TAG:000C:0000:}}{{TAG:000C:0007:}}{{TAG:000C:0002:}}{{TAG:0007:0000:08000000}}{{TAG:0003:0011:}}Dir gefällt {{TAG:000E:0001:}}{{TAG:0005:000F:0100}}?{{TAG:0007:0000:28000000}}{{TAG:0000:0004:}}{{TAG:0003:000E:}}Huäääääääääääh! {{TAG:0007:0000:14000000}}Ich und {{TAG:000E:0001:}}
{{TAG:0005:000F:0000}}, wir sind ganz
allein auf der Welt, {{TAG:0007:0000:08000000}}{{TAG:0005:0007:}}!{{TAG:0007:0000:14000000}}{{TAG:000C:0009:}}","{{TAG:000C:0000:}}{{TAG:000C:0007:}}{{TAG:000C:0002:}}{{TAG:0007:0000:08000000}}{{TAG:0003:0011:}}Sen {{TAG:0005:000F:0100}} tercih
mi ediyorsun?!{{TAG:0007:0000:28000000}}{{TAG:0000:0004:}}{{TAG:0003:000E:}}Vaaaaah! Kıymetli
{{TAG:0005:000F:0000}} ile yapayalnız kaldım, {{TAG:0007:0000:14000000}}{{TAG:0005:0007:}}!{{TAG:0007:0000:28000000}}{{TAG:0003:0009:}}{{TAG:000C:0009:}}"
61,062,"{{TAG:000C:0000:}}{{TAG:000C:0005:}}{{TAG:000C:0001:}}{{TAG:0003:001B:}}C'mon,{{TAG:0007:0000:08000000}} {{TAG:0005:0008:}}!{{TAG:0007:0000:28000000}}
You just made things way worse!{{TAG:0000:0004:}}{{TAG:0003:000D:}}How did a little chat about the
{{TAG:0005:000F:0000}} turn into this
mess? {{TAG:0007:0000:14000000}}{{TAG:000E:0003:}}{{TAG:0005:0007:}}!{{TAG:0007:0000:28000000}}{{TAG:0003:0009:}}","{{TAG:000C:0000:}}{{TAG:000C:0005:}}{{TAG:000C:0001:}}{{TAG:0003:001B:}}¡¿Qué has hecho,{{TAG:0007:0000:08000000}} {{TAG:0005:0008:}}?!{{TAG:0007:0000:28000000}}
¡Lo has empeorado todo!{{TAG:0000:0004:}}{{TAG:0003:000D:}}¡¿Cómo ha podido degenerar
una simple charla sobre su
{{TAG:0005:000F:0000}} en esta debacle?!","{{TAG:000C:0000:}}{{TAG:000C:0005:}}{{TAG:000C:0001:}}{{TAG:0003:001B:}}Ah ben bravo,{{TAG:0007:0000:08000000}} {{TAG:0005:0008:}} !{{TAG:0007:0000:28000000}} T'as fait
qu'envenimer les choses !{{TAG:0000:0004:}}{{TAG:0003:000D:}}Comment on a pu en arriver là en
discutant d'{{TAG:000E:0008:00CD120075006E002000730069006D0070006C006500140075006E0065002000730069006D0070006C0065000000}}
{{TAG:0005:000F:0000}} ?{{TAG:0007:0000:14000000}} {{TAG:000E:0003:}}{{TAG:0005:0007:}} !{{TAG:0007:0000:1E000000}}{{TAG:0003:0009:}}","{{TAG:000C:0000:}}{{TAG:000C:0005:}}{{TAG:000C:0001:}}{{TAG:0003:001B:}}Ma insomma,{{TAG:0007:0000:08000000}} {{TAG:0005:0008:}}!{{TAG:0007:0000:28000000}}
Hai complicato ancora di più
le cose!{{TAG:0000:0004:}}{{TAG:0003:000D:}}Come abbiamo fatto ad arrivare
a questo punto parlando di
{{TAG:000E:0002:}}{{TAG:0005:000F:0000}}?
{{TAG:0007:0000:14000000}}{{TAG:000E:0003:}}{{TAG:0005:0007:}}!{{TAG:0007:0000:28000000}}{{TAG:0003:0009:}}","{{TAG:000C:0000:}}{{TAG:000C:0005:}}{{TAG:000C:0001:}}{{TAG:0003:001B:}}Mensch,{{TAG:0007:0000:08000000}} {{TAG:0005:0008:}}!{{TAG:0007:0000:28000000}} Du hast ja
alles nur noch schlimmer gemacht!{{TAG:0000:0004:}}{{TAG:0003:000D:}}Wie konnte eine kleine, harmlose
Unterhaltung nur dermaßen
ausarten? {{TAG:0007:0000:14000000}}{{TAG:000E:0003:}}{{TAG:0005:0007:}}?{{TAG:0007:0000:28000000}}{{TAG:0003:0009:}}","{{TAG:000C:0000:}}{{TAG:000C:0005:}}{{TAG:000C:0001:}}{{TAG:0003:001B:}}Hadi ama,{{TAG:0007:0000:08000000}} {{TAG:0005:0008:}}!{{TAG:0007:0000:28000000}}
Her şeyi daha da kötü yaptın!{{TAG:0000:0004:}}{{TAG:0003:000D:}}Nasıl oldu da
{{TAG:0005:000F:0000}} hakkında küçücük
bir sohbet bu hâle geldi? {{TAG:0007:0000:14000000}}{{TAG:000E:0003:}}{{TAG:0005:0007:}}!{{TAG:0007:0000:28000000}}{{TAG:0003:0009:}}"
62,063,"{{TAG:000C:0000:}}{{TAG:000C:0007:}}{{TAG:000C:0002:}}{{TAG:0003:0010:}}What?!{{TAG:0007:0000:28000000}} {{TAG:0003:0025:}}Oh, I get it{{TAG:0007:0000:08000000}}.{{TAG:0007:0000:08000000}}.{{TAG:0007:0000:08000000}}.{{TAG:0007:0000:14000000}} You're one of
those indecisive types!{{TAG:0000:0004:}}Maybe I should tell you about the
first time I laid eyes on my precious
{{TAG:0005:000F:0000}}{{TAG:0007:0000:08000000}}.{{TAG:0007:0000:08000000}}.{{TAG:0007:0000:08000000}}.{{TAG:0007:0000:14000000}}{{TAG:000C:0009:}}","{{TAG:000C:0000:}}{{TAG:000C:0007:}}{{TAG:000C:0002:}}{{TAG:0003:0010:}}¡¿Qué?!{{TAG:0007:0000:28000000}} {{TAG:0003:0025:}}Ah, ya lo entiendo{{TAG:0007:0000:08000000}}.{{TAG:0007:0000:08000000}}.{{TAG:0007:0000:08000000}}.{{TAG:0007:0000:14000000}}
¡Tú eres un{{TAG:000E:0006:02006F0002006100}} de es{{TAG:000E:0006:02006F0002006100}}s chic{{TAG:000E:0006:02006F0002006100}}s 
tan indecis{{TAG:000E:0006:02006F0002006100}}s!
¿Y si te hablo de la primera vez
que mi mirada se cruzó con
mi precios{{TAG:000E:0008:00CD02006F000200610002003000}} {{TAG:0005:000F:0000}}{{TAG:0007:0000:08000000}}.{{TAG:0007:0000:08000000}}.{{TAG:0007:0000:08000000}}.?{{TAG:0007:0000:14000000}}{{TAG:000C:0009:}}","{{TAG:000C:0000:}}{{TAG:000C:0007:}}{{TAG:000C:0002:}}{{TAG:0003:0010:}}Comment ?!{{TAG:0007:0000:1E000000}} {{TAG:0003:0025:}}Oh, je vois{{TAG:0007:0000:0A000000}}.{{TAG:0007:0000:0A000000}}.{{TAG:0007:0000:0A000000}}.{{TAG:0007:0000:14000000}} Tu fais
partie de ces gens qui ont toujours
du mal à prendre des décisions !
Je devrais peut-être te parler de la
première fois où je suis tombé sur
mon adorable {{TAG:0005:000F:0000}}{{TAG:0007:0000:0A000000}}.{{TAG:0007:0000:0A000000}}.{{TAG:0007:0000:0A000000}}.{{TAG:0007:0000:14000000}}{{TAG:000C:0009:}}","{{TAG:000C:0000:}}{{TAG:000C:0007:}}{{TAG:000C:0002:}}{{TAG:0003:0010:}}Come?!{{TAG:0007:0000:28000000}} {{TAG:0003:0025:}}Oh, ho capito{{TAG:0007:0000:08000000}}.{{TAG:0007:0000:08000000}}.{{TAG:0007:0000:08000000}}.{{TAG:0007:0000:14000000}}
Semplicemente, non sai deciderti!{{TAG:0000:0004:}}Forse ti aiuterebbe sapere della
prima volta che ho visto {{TAG:000E:0008:00CD040069006C0004006C00610002003000}} mi{{TAG:000E:0008:00CD02006F000200610002003000}}
{{TAG:0005:000F:0000}}{{TAG:0007:0000:08000000}}.{{TAG:0007:0000:08000000}}.{{TAG:0007:0000:08000000}}.{{TAG:0007:0000:14000000}}{{TAG:000C:0009:}}","{{TAG:000C:0000:}}{{TAG:000C:0007:}}{{TAG:000C:0002:}}{{TAG:0003:0010:}}Ach so!{{TAG:0007:0000:1E000000}} {{TAG:0003:0025:}}Du kannst dich nicht
entscheiden{{TAG:0007:0000:08000000}}.{{TAG:0007:0000:08000000}}.{{TAG:0007:0000:08000000}}.{{TAG:0007:0000:14000000}} Geht mir auch
oft so! {{TAG:0007:0000:14000000}}Beim Essen zum Beispiel!{{TAG:0000:0004:}}Ich kann dir ja noch mal alles zum
Thema {{TAG:0005:000F:0000}} erzählen{{TAG:0007:0000:08000000}}.{{TAG:0007:0000:08000000}}.{{TAG:0007:0000:08000000}}.{{TAG:0007:0000:14000000}}{{TAG:000C:0009:}}","{{TAG:000C:0000:}}{{TAG:000C:0007:}}{{TAG:000C:0002:}}{{TAG:0003:0010:}}Ne?!{{TAG:0007:0000:28000000}} {{TAG:0003:0025:}}Ha, anladım{{TAG:0007:0000:08000000}}.{{TAG:0007:0000:08000000}}.{{TAG:0007:0000:08000000}}.{{TAG:0007:0000:14000000}} Sen şu
kararsız tiplerdensin!{{TAG:0000:0004:}}Belki de sana kıymetli
{{TAG:0005:000F:0000}}{{TAG:0007:0000:08000000}} ilk gördüğüm anı anlatmalıyım{{TAG:0007:0000:08000000}}.{{TAG:0007:0000:08000000}}.{{TAG:0007:0000:14000000}}{{TAG:000C:0009:}}"
63,064,"{{TAG:000C:0000:}}{{TAG:000C:0005:}}{{TAG:000C:0001:}}{{TAG:0003:001B:}}Agh, this is the worst!{{TAG:0007:0000:14000000}} We're right
back to talking about his crazy
{{TAG:0005:000F:0000}}!{{TAG:0003:0000:}}
{{TAG:000C:0001:}}{{TAG:000C:0007:}}{{TAG:0007:0000:14000000}}{{TAG:0003:000A:}}{{TAG:0007:0000:14000000}}{{TAG:000E:0003:}}{{TAG:0011:0001:0100}}'s face looks just like
{{TAG:000E:0002:}}{{TAG:0005:000F:0000}} to me now{{TAG:0007:0000:08000000}}.{{TAG:0007:0000:08000000}}.{{TAG:0007:0000:08000000}}.{{TAG:0007:0000:14000000}}
{{TAG:0007:0000:14000000}}{{TAG:000E:0003:}}{{TAG:0005:0007:}}!","{{TAG:000C:0000:}}{{TAG:000C:0005:}}{{TAG:000C:0001:}}{{TAG:0003:001B:}}¡Nooo, eso no!{{TAG:0007:0000:14000000}} ¡Ya estamos otra
vez hablando de su dichos{{TAG:000E:0008:00CD02006F000200610002003000}}
{{TAG:0005:000F:0000}}!{{TAG:0003:0000:}}
{{TAG:000C:0001:}}{{TAG:000C:0007:}}{{TAG:0007:0000:14000000}}{{TAG:0003:000A:}}{{TAG:0007:0000:14000000}}{{TAG:000E:0003:}}{{TAG:0011:0001:0100}}, a ti sí que se te va
a poner la cara como {{TAG:000E:0002:}}
{{TAG:0005:000F:0000}}{{TAG:0007:0000:08000000}}.{{TAG:0007:0000:08000000}}.{{TAG:0007:0000:08000000}}.{{TAG:0007:0000:14000000}} {{TAG:0007:0000:14000000}}¡{{TAG:000E:0003:}}{{TAG:0005:0007:}}!","{{TAG:000C:0000:}}{{TAG:000C:0005:}}{{TAG:000C:0001:}}{{TAG:0003:001B:}}Argh, tout mais pas ça !{{TAG:0007:0000:14000000}} C'est
reparti pour trois plombes de blabla
sur {{TAG:000E:0001:}}{{TAG:0005:000F:0000}}...{{TAG:0003:0000:}}
{{TAG:000C:0001:}}{{TAG:000C:0007:}}{{TAG:0007:0000:14000000}}{{TAG:0003:000A:}}{{TAG:0007:0000:14000000}}Maintenant, quand j'regarde
{{TAG:0011:0001:0100}}, tout c'que j'vois c'est
{{TAG:000E:0002:}}{{TAG:0005:000F:0000}}{{TAG:0007:0000:0F000000}}.{{TAG:0007:0000:0F000000}}.{{TAG:0007:0000:0F000000}}.","{{TAG:000C:0000:}}{{TAG:000C:0005:}}{{TAG:000C:0001:}}{{TAG:0003:001B:}}Potrebbe andare peggio di così?!{{TAG:0007:0000:14000000}}
Adesso ha ricominciato con
{{TAG:000E:0001:}}{{TAG:0005:000F:0000}}!{{TAG:0003:0000:}}
{{TAG:000C:0001:}}{{TAG:000C:0007:}}{{TAG:0007:0000:14000000}}{{TAG:0003:000A:}}{{TAG:0007:0000:14000000}}Ora mi basta guardare {{TAG:0011:0001:0100}},
e penso {{TAG:000E:0010:}} {{TAG:000E:0002:}}{{TAG:0005:000F:0000}}{{TAG:0007:0000:08000000}}.{{TAG:0007:0000:08000000}}.{{TAG:0007:0000:08000000}}.{{TAG:0007:0000:14000000}}
{{TAG:0007:0000:14000000}}{{TAG:000E:0003:}}{{TAG:0005:0007:}}!","{{TAG:000C:0000:}}{{TAG:000C:0005:}}{{TAG:000C:0001:}}{{TAG:0003:001B:}}Jetzt schlägt's dreizehn!{{TAG:0007:0000:14000000}} Jetzt
haben wir's ja schon wieder von
{{TAG:000E:0008:00CD18007300650069006E0065006D0020006F006C006C0065006E0018007300650069006E006500720020006F006C006C0065006E0018007300650069006E0065006D0020006F006C006C0065006E00}} {{TAG:0005:000F:0000}}!{{TAG:0003:0000:}}
{{TAG:000C:0001:}}{{TAG:000C:0007:}}{{TAG:0007:0000:14000000}}{{TAG:0003:000A:}}Schau dir nur sein Gesicht an!
{{TAG:0011:0001:0100}} sieht schon selbst aus
wie {{TAG:000E:0008:00CD0600650069006E00060027006E0065000600650069006E00}} {{TAG:0005:000F:0000}}{{TAG:0007:0000:08000000}}.{{TAG:0007:0000:08000000}}.{{TAG:0007:0000:08000000}}.","{{TAG:000C:0000:}}{{TAG:000C:0005:}}{{TAG:000C:0001:}}{{TAG:0003:001B:}}Of, bu en kötüsü!{{TAG:0007:0000:14000000}} Yine dönüp dolaşıp
onun çılgın {{TAG:0005:000F:0000}} konusuna geldik!{{TAG:0003:0000:}}
{{TAG:000C:0001:}}{{TAG:000C:0007:}}{{TAG:0007:0000:14000000}}{{TAG:0003:000A:}}{{TAG:0007:0000:14000000}}{{TAG:000E:0003:}}{{TAG:0011:0001:0100}} yüzü bile artık bana
{{TAG:000E:0002:}}{{TAG:0005:000F:0000}} gibi görünüyor{{TAG:0007:0000:08000000}}.{{TAG:0007:0000:08000000}}.{{TAG:0007:0000:08000000}}.{{TAG:0007:0000:14000000}}
{{TAG:0007:0000:14000000}}{{TAG:000E:0003:}}{{TAG:0005:0007:}}!"
64,065,,,,,,
65,066,,,,,,
66,067,,,,,,
67,068,,,,,,
