entry,label,EN,ES,FR,IT,DE,TRANSLATION
0,001,"{{TAG:0003:0025:}}Cool! {{TAG:000E:0003:}}{{TAG:000E:0002:}}{{TAG:0011:0003:0000}}!{{TAG:0007:0000:14000000}}
I love this kind of stuff!{{TAG:0007:0000:14000000}} The color is
nice too!","{{TAG:0003:0025:}}¡{{TAG:000E:0003:}}{{TAG:000E:0002:}}{{TAG:0011:0003:0000}},
alucina!{{TAG:0007:0000:14000000}} ¡No sabes cómo me gustan
estas cosas!{{TAG:0007:0000:14000000}} ¡Y qué color más guay!","{{TAG:0003:0025:}}{{TAG:000E:0003:}}{{TAG:000E:0002:}}{{TAG:0011:0003:0000}} !{{TAG:0007:0000:14000000}}
Cool ! Exactement c'que j'aime !{{TAG:0007:0000:14000000}}
Chouette couleur, aussi !","{{TAG:0003:0025:}}Oh! {{TAG:000E:0003:}}{{TAG:000E:0002:}}{{TAG:0011:0003:0000}}!{{TAG:0007:0000:14000000}}
Non mi dispiacciono i vestiti così!{{TAG:0007:0000:14000000}}
Anche il colore non è niente male!","{{TAG:0003:0025:}}Cool! {{TAG:000E:0008:00CD0600450069006E000800450069006E0065000600450069006E00}} {{TAG:0011:0003:0000}}!{{TAG:0007:0000:14000000}}
Ich liebe so 'n Zeug!{{TAG:0007:0000:14000000}} Und die Farbe
erst!","{{TAG:0003:0025:}}Süper! {{TAG:000E:0003:}}{{TAG:000E:0002:}}{{TAG:0011:0003:0000}}!{{TAG:0007:0000:14000000}} Böyle şeyleri severim{{TAG:0007:0000:14000000}}!
Rengi de güzel!"
1,002,"{{TAG:0003:0025:}}Whoa, {{TAG:000E:0002:}}{{TAG:0011:0003:0000}}!{{TAG:0007:0000:28000000}}
Nice color! {{TAG:0007:0000:14000000}}I love it!","{{TAG:0003:0025:}}¡{{TAG:000E:0003:}}{{TAG:000E:0002:}}{{TAG:0011:0003:0000}},
qué pasote!{{TAG:0007:0000:28000000}} ¡Y qué color más
flipante! {{TAG:0007:0000:14000000}}Ay, me encanta, ji, ji, ji.","{{TAG:0003:0025:}}Oh, {{TAG:000E:0002:}}{{TAG:0011:0003:0000}} !{{TAG:0007:0000:14000000}}
D'ma couleur préférée, en plus !{{TAG:0007:0000:14000000}}
Mortel !","{{TAG:0003:0025:}}Oh, {{TAG:000E:0002:}}{{TAG:0011:0003:0000}}!{{TAG:0007:0000:28000000}}
Che bel colore! {{TAG:0007:0000:14000000}}Non male!","{{TAG:0003:0004:}}Boah, {{TAG:000E:0008:00CD0600650069006E000800650069006E0065000600650069006E00}} {{TAG:0011:0003:0000}}!{{TAG:0007:0000:28000000}}
Und die Farbe ist so toll! {{TAG:0007:0000:14000000}}Wahnsinn!","{{TAG:0003:0025:}}Vay, {{TAG:000E:0002:}}{{TAG:0011:0003:0000}}!{{TAG:0007:0000:28000000}} Rengi çok iyi{{TAG:0007:0000:14000000}}! Bayıldım!"
2,003,"{{TAG:0003:0025:}}{{TAG:000E:0003:}}{{TAG:000E:0002:}}{{TAG:0007:0000:14000000}}{{TAG:0011:0003:0000}}!{{TAG:0007:0000:28000000}}
I love this kinda stuff!","{{TAG:0003:0025:}}¡{{TAG:000E:0003:}}{{TAG:000E:0002:}}{{TAG:0007:0000:14000000}}{{TAG:0011:0003:0000}}!{{TAG:0007:0000:28000000}}
Tengo que reconocerlo... ¡soy
superfán de estas cosas!","{{TAG:0003:0025:}}{{TAG:000E:0003:}}{{TAG:000E:0002:}}{{TAG:0011:0003:0000}} !{{TAG:0007:0000:14000000}}
Ça déchire !","{{TAG:0003:0025:}}{{TAG:000E:0003:}}{{TAG:000E:0002:}}{{TAG:0007:0000:14000000}}{{TAG:0011:0003:0000}}!{{TAG:0007:0000:28000000}}
I vestiti così mi piacciono un sacco!","{{TAG:0003:0025:}}{{TAG:000E:0008:00CD0600450069006E000800450069006E0065000600450069006E00}} {{TAG:0007:0000:14000000}}{{TAG:0011:0003:0000}}!{{TAG:0007:0000:28000000}}
Ich find so was ja total abgefahren!",{{TAG:0003:0025:}}{{TAG:000E:0003:}}{{TAG:000E:0002:}}{{TAG:0007:0000:14000000}}{{TAG:0011:0003:0000}}!{{TAG:0007:0000:28000000}} Böyle şeylere bayılırım!
3,004,"{{TAG:0003:0025:}}Oh, {{TAG:000E:0002:}}{{TAG:0011:0003:0000}}{{TAG:0007:0000:08000000}}.{{TAG:0007:0000:08000000}}.{{TAG:0007:0000:08000000}}.{{TAG:0007:0000:14000000}}
{{TAG:0003:0000:}}Well, it's a safe choice!","{{TAG:0003:0025:}}Oh, {{TAG:000E:0002:}}{{TAG:0011:0003:0000}}{{TAG:0007:0000:08000000}}.{{TAG:0007:0000:08000000}}.{{TAG:0007:0000:08000000}}.{{TAG:0007:0000:14000000}}
{{TAG:0003:0000:}}Bueno, si no te gusta arriesgarte,
no está mal del todo.","{{TAG:0003:0025:}}Oh, {{TAG:000E:0002:}}{{TAG:0011:0003:0000}}{{TAG:0007:0000:08000000}}.{{TAG:0007:0000:08000000}}.{{TAG:0007:0000:08000000}}.{{TAG:0007:0000:14000000}}
{{TAG:0003:0000:}}Parfait quand on veut offrir un truc
sans trop s'mouiller.","{{TAG:0003:0025:}}Oh, {{TAG:000E:0002:}}{{TAG:0011:0003:0000}}{{TAG:0007:0000:08000000}}.{{TAG:0007:0000:08000000}}.{{TAG:0007:0000:08000000}}.{{TAG:0007:0000:14000000}}
{{TAG:0003:0000:}}Beh, senza infamia e senza lode.
Un buon compromesso, direi!","{{TAG:0003:0025:}}Oh, {{TAG:000E:0008:00CD0600650069006E000800650069006E0065000600650069006E00}} {{TAG:0011:0003:0000}}{{TAG:0007:0000:08000000}}.{{TAG:0007:0000:08000000}}.{{TAG:0007:0000:08000000}}.{{TAG:0007:0000:14000000}}
{{TAG:0003:0000:}}Damit ist man geschenktechnisch
immer auf der sicheren Seite!","{{TAG:0003:0025:}}Aa, {{TAG:000E:0002:}}{{TAG:0011:0003:0000}}{{TAG:0007:0000:08000000}}.{{TAG:0007:0000:08000000}}.{{TAG:0007:0000:08000000}}{{TAG:0007:0000:14000000}}.{{TAG:0003:0000:}} Eh, risksiz seçim!"
4,005,"{{TAG:0003:0012:}}Huh? {{TAG:000E:0003:}}{{TAG:000E:0002:}}{{TAG:0007:0000:14000000}}{{TAG:0011:0003:0000}}?{{TAG:0007:0001:}}
{{TAG:0003:0009:}}I like the color,{{TAG:0007:0000:14000000}} but the style{{TAG:0007:0000:08000000}}.{{TAG:0007:0000:08000000}}.{{TAG:0007:0000:08000000}}.{{TAG:0007:0000:14000000}}","{{TAG:0003:0012:}}¿{{TAG:000E:0003:}}{{TAG:000E:0002:}}{{TAG:0007:0000:14000000}}{{TAG:0011:0003:0000}}?{{TAG:0007:0001:}}
{{TAG:0003:0009:}}Pues el color no está mal, pero{{TAG:0007:0000:08000000}}.{{TAG:0007:0000:08000000}}.{{TAG:0007:0000:08000000}}.{{TAG:0007:0000:14000000}}
el estilo ya es otro tema.","{{TAG:0003:0012:}}{{TAG:000E:0003:}}{{TAG:000E:0002:}}{{TAG:0007:0000:14000000}}{{TAG:0011:0003:0000}}...?!{{TAG:0007:0001:}}
{{TAG:0003:0009:}}Chouette couleur,{{TAG:0007:0000:14000000}} mais sinon{{TAG:0007:0000:08000000}}.{{TAG:0007:0000:08000000}}.{{TAG:0007:0000:08000000}}.","{{TAG:0003:0012:}}Mh? {{TAG:000E:0003:}}{{TAG:000E:0002:}}{{TAG:0007:0000:14000000}}{{TAG:0011:0003:0000}}?{{TAG:0007:0001:}}
{{TAG:0003:0009:}}Il colore non è male,{{TAG:0007:0000:14000000}} ma lo stile{{TAG:0007:0000:08000000}}.{{TAG:0007:0000:08000000}}.{{TAG:0007:0000:08000000}}.{{TAG:0007:0000:14000000}}
No, proprio non ci siamo!","{{TAG:0003:0012:}}Hö?{{TAG:0007:0000:14000000}} {{TAG:000E:0008:00CD0600450069006E000800450069006E0065000600450069006E00}} {{TAG:0007:0000:14000000}}{{TAG:0011:0003:0000}}?{{TAG:0007:0001:}}
{{TAG:0003:0009:}}Die Farbe ist ja ganz cool,{{TAG:0007:0000:14000000}} aber
der Style{{TAG:0007:0000:08000000}}.{{TAG:0007:0000:08000000}}.{{TAG:0007:0000:08000000}}.{{TAG:0007:0000:14000000}}",{{TAG:0003:0012:}}Ha? {{TAG:000E:0003:}}{{TAG:000E:0002:}}{{TAG:0007:0000:14000000}}{{TAG:0011:0003:0000}}?{{TAG:0007:0001:}}{{TAG:0003:0009:}} Rengi güzel{{TAG:0007:0000:14000000}} de tarzı.{{TAG:0007:0000:08000000}}.{{TAG:0007:0000:08000000}}{{TAG:0007:0000:08000000}}.{{TAG:0007:0000:14000000}}
5,006,"{{TAG:0003:0012:}}Gah!{{TAG:0007:0000:0A000000}} {{TAG:000E:0003:}}{{TAG:000E:0002:}}{{TAG:0011:0003:0000}}?{{TAG:0007:0001:}}
{{TAG:0003:0009:}}I don't know about this style{{TAG:0007:0000:08000000}}.{{TAG:0007:0000:08000000}}.{{TAG:0007:0000:08000000}}.{{TAG:0007:0000:14000000}}","{{TAG:0003:0012:}}¡Eh,{{TAG:0007:0000:0A000000}} {{TAG:000E:0002:}}{{TAG:0011:0003:0000}}!{{TAG:0007:0001:}}
{{TAG:0003:0009:}}La verdad es que no sé si este
estilo me acaba de convencer{{TAG:0007:0000:08000000}}.{{TAG:0007:0000:08000000}}.{{TAG:0007:0000:08000000}}.{{TAG:0007:0000:14000000}}","{{TAG:0003:0012:}}{{TAG:000E:0003:}}{{TAG:000E:0002:}}{{TAG:0011:0003:0000}}...?!{{TAG:0007:0001:}}
{{TAG:0003:0009:}}On peut pas dire qu'ça corresponde
à mes goûts{{TAG:0007:0000:08000000}}.{{TAG:0007:0000:08000000}}.{{TAG:0007:0000:08000000}}.","{{TAG:0003:0012:}}Bah!{{TAG:0007:0000:0A000000}} {{TAG:000E:0003:}}{{TAG:000E:0002:}}{{TAG:0011:0003:0000}}?{{TAG:0007:0001:}}
{{TAG:0003:0009:}}Questo stile... Mah, che dire?
Non mi convince{{TAG:0007:0000:08000000}}.{{TAG:0007:0000:08000000}}.{{TAG:0007:0000:08000000}}.{{TAG:0007:0000:14000000}}","{{TAG:0003:0012:}}Gnarf!{{TAG:0007:0000:0A000000}} {{TAG:000E:0008:00CD0600450069006E00060027006E0065000600450069006E00}} {{TAG:0011:0003:0000}}?{{TAG:0007:0001:}}
{{TAG:0003:0009:}}Ich weiß nicht so recht{{TAG:0007:0000:08000000}}.{{TAG:0007:0000:08000000}}.{{TAG:0007:0000:08000000}}.{{TAG:0007:0000:14000000}} Ist nicht
ganz so mein Stil!","{{TAG:0003:0012:}}Off!{{TAG:0007:0000:0A000000}} {{TAG:000E:0003:}}{{TAG:000E:0002:}}{{TAG:0011:0003:0000}}?{{TAG:0007:0001:}}{{TAG:0003:0009:}} Bu tarz bana pek göre
değil{{TAG:0007:0000:08000000}}.{{TAG:0007:0000:08000000}}.{{TAG:0007:0000:08000000}}.{{TAG:0007:0000:14000000}}"
6,007,"{{TAG:0003:0025:}}This is really special, so I'm gonna
save it for the right occasion!","{{TAG:0003:0025:}}¡Jo, es un auténtico flipe! {{TAG:0007:0000:08000000}}Creo que
esto tengo que reservarlo {{TAG:0003:0005:}}para una
ocasión muy especial.","{{TAG:0003:0025:}}Bon, j'ai pas envie d'l'esquinter,
alors j'l'essaierai plus tard !","{{TAG:0003:0025:}}Perfetto! Ora so cosa mettermi
per la prossima occasione speciale!","{{TAG:0003:0025:}}Das heb ich mir für 'nen
besonderen Moment auf!","{{TAG:0003:0025:}}Bu bayağı özel; doğru gün gelene
kadar saklayacağım!"
7,008,I'm gonna try it on!,¡Esto me lo pruebo yo en un pispás!,J'l'essaie cash !,Vediamo come mi sta!,"{{TAG:0003:0023:}}Ich muss sofort sehen, wie's mir
steht!",Hemen deniyorum!
8,009,{{TAG:0003:0016:}}Whoa!{{TAG:0007:0000:0A000000}} It's perfect!,{{TAG:0003:0016:}}¡Halaaaa!{{TAG:0007:0000:0A000000}} ¡Es ideal!,{{TAG:0003:0016:}}Wouhou !{{TAG:0007:0000:0A000000}} Ça m'va au poil !,"{{TAG:0003:000F:}}Mamma mia!{{TAG:0007:0000:0A000000}} Non mi sta affatto
male! Mi fa sembrare
ancora più tosta!","{{TAG:0003:0010:}}Boah!{{TAG:0007:0000:0A000000}} Damit seh ich ja
hammermäßig aus!",{{TAG:0003:0016:}}Vay!{{TAG:0007:0000:0A000000}} Tam olmuş!
9,010,"{{TAG:0003:0026:}}All right, {{TAG:0007:0000:14000000}}what do you think?{{TAG:0007:0000:28000000}}{{TAG:0003:0000:}} Does it{{TAG:0007:0000:08000000}}
look good?{{TAG:000F:0005:15002800}}
Looks good!
Could be better.","{{TAG:0003:0026:}}Bueno, {{TAG:0007:0000:14000000}}¿tú qué opinas?{{TAG:0007:0000:28000000}}{{TAG:0003:0000:}}
¿Me queda bien?{{TAG:000F:0005:15002800}}
¡Te queda genial!
Mejor otra cosa...","{{TAG:0003:0026:}}Voilou !{{TAG:0007:0000:14000000}} Alors, t'en penses quoi ?{{TAG:0007:0000:0F000000}} {{TAG:0003:0000:}}Ça
l'fait ?{{TAG:000F:0005:15002800}}
Et comment !
Bof...","{{TAG:0003:0026:}}Allora, {{TAG:0007:0000:14000000}}che ne pensi?{{TAG:0007:0000:28000000}}{{TAG:0003:0000:}} Mi sta bene?{{TAG:0007:0000:08000000}}{{TAG:000F:0005:15002800}}
Sì, ti sta bene!
Così così...","{{TAG:0003:0026:}}Ich brauch deine Hilfe! {{TAG:0007:0000:28000000}}{{TAG:0003:0000:}}Meinst du,
das steht mir?{{TAG:000F:0005:15002800}}
Total!
Eine Nummer zu groß?","{{TAG:0003:0026:}}Pekâlâ,{{TAG:0007:0000:14000000}} ne dersin?{{TAG:0007:0000:28000000}}{{TAG:0003:0000:}} Yakışmış{{TAG:0007:0000:08000000}} mı?{{TAG:000F:0005:15002800}}
Yakışmış!
Daha iyi olabilirdi."
10,011,{{TAG:0003:001A:}}Heh heh heh{{TAG:0007:0000:14000000}}.{{TAG:0007:0000:14000000}}.{{TAG:0007:0000:14000000}}.{{TAG:0007:0000:28000000}} Really?{{TAG:0007:0000:28000000}}{{TAG:0003:0000:}},"{{TAG:0003:001A:}}Ji, ji, ji{{TAG:0007:0000:14000000}}.{{TAG:0007:0000:14000000}}.{{TAG:0007:0000:14000000}}.{{TAG:0007:0000:28000000}} ¿en serio?{{TAG:0007:0000:28000000}}
Ay, cómo eres...{{TAG:0003:0000:}}",{{TAG:0003:001A:}}Hi hi hi{{TAG:0007:0000:14000000}}.{{TAG:0007:0000:14000000}}.{{TAG:0007:0000:14000000}}.{{TAG:0007:0000:28000000}} T'es sincère ?{{TAG:0007:0000:0F000000}}{{TAG:0003:0000:}},{{TAG:0003:001A:}}Eh eh eh{{TAG:0007:0000:14000000}}.{{TAG:0007:0000:14000000}}.{{TAG:0007:0000:14000000}}.{{TAG:0007:0000:28000000}} davvero?{{TAG:0007:0000:28000000}}{{TAG:0003:0000:}},"{{TAG:0003:001A:}}Hehehe{{TAG:0007:0000:14000000}}.{{TAG:0007:0000:14000000}}.{{TAG:0007:0000:14000000}}.{{TAG:0007:0000:28000000}} Ach, ich werd ja ganz rot!{{TAG:0007:0000:28000000}}{{TAG:0003:0000:}}",{{TAG:0003:001A:}}Heh heh heh.{{TAG:0007:0000:14000000}}..{{TAG:0007:0000:14000000}}{{TAG:0007:0000:14000000}}{{TAG:0007:0000:28000000}} Cidden mi?{{TAG:0007:0000:28000000}}{{TAG:0003:0000:}}
11,012,"{{TAG:0003:0012:}}Huh, {{TAG:0007:0000:0A000000}}really?!{{TAG:0007:0001:}} {{TAG:0003:000A:}}Oh{{TAG:0007:0000:08000000}}.{{TAG:0007:0000:08000000}}.{{TAG:0007:0000:08000000}}.{{TAG:0007:0000:14000000}}","{{TAG:0003:0012:}}Ah, {{TAG:0007:0000:0A000000}}¡¿sí?!{{TAG:0007:0001:}} {{TAG:0003:000A:}}Pues vaya{{TAG:0007:0000:08000000}}.{{TAG:0007:0000:08000000}}.{{TAG:0007:0000:08000000}}.{{TAG:0007:0000:14000000}}",{{TAG:0003:0012:}}Ah...{{TAG:0007:0000:0A000000}} Vraiment ?!{{TAG:0007:0001:}} {{TAG:0003:000A:}}Bon{{TAG:0007:0000:08000000}}.{{TAG:0007:0000:08000000}}.{{TAG:0007:0000:08000000}}.{{TAG:0007:0000:14000000}},"{{TAG:0003:0012:}}Ah, {{TAG:0007:0000:0A000000}}davvero?!{{TAG:0007:0001:}} {{TAG:0003:000A:}}Oh{{TAG:0007:0000:08000000}}.{{TAG:0007:0000:08000000}}.{{TAG:0007:0000:08000000}}.{{TAG:0007:0000:14000000}}","{{TAG:0003:0012:}}Ähm, {{TAG:0007:0000:0A000000}}was?!{{TAG:0007:0001:}} {{TAG:0003:000A:}}Wenn du meinst{{TAG:0007:0000:08000000}}.{{TAG:0007:0000:08000000}}.{{TAG:0007:0000:08000000}}.{{TAG:0007:0000:14000000}}","{{TAG:0003:0012:}}Ha,{{TAG:0007:0000:0A000000}} gerçekten mi{{TAG:0007:0001:}}?!{{TAG:0003:000A:}} Aa{{TAG:0007:0000:08000000}}{{TAG:0007:0000:08000000}}..{{TAG:0007:0000:08000000}}.{{TAG:0007:0000:14000000}}"
12,013,"Well{{TAG:0007:0000:08000000}}.{{TAG:0007:0000:08000000}}.{{TAG:0007:0000:08000000}}.{{TAG:0007:0000:14000000}}{{TAG:0003:0025:}}no worries!{{TAG:0007:0000:0A000000}} I'm sure I'll be
able to pull it off eventually!","En fin{{TAG:0007:0000:08000000}}.{{TAG:0007:0000:08000000}}.{{TAG:0007:0000:08000000}}.{{TAG:0007:0000:14000000}}{{TAG:0003:0025:}} ¡Qué le vamos a hacer!{{TAG:0007:0000:0A000000}} A
lo mejor con el tiempo me acabo
acostumbrando y tal...","{{TAG:0007:0000:08000000}}.{{TAG:0007:0000:08000000}}.{{TAG:0007:0000:08000000}}.{{TAG:0007:0000:14000000}} {{TAG:0003:0025:}}Pas grave !{{TAG:0007:0000:0A000000}} J'trouverai bien une
fringue avec laquelle ça ira !","Beh{{TAG:0007:0000:08000000}}.{{TAG:0007:0000:08000000}}.{{TAG:0007:0000:08000000}}.{{TAG:0007:0000:14000000}}{{TAG:0003:0025:}} non c'è problema!{{TAG:0007:0000:0A000000}}
Troverò il modo per ravvivare
questo look!","Ähm{{TAG:0007:0000:08000000}}.{{TAG:0007:0000:08000000}}.{{TAG:0007:0000:08000000}}.{{TAG:0007:0000:14000000}}{{TAG:0003:0025:}} Keine Sorge!{{TAG:0007:0000:0A000000}} Ich wachse
mit der Zeit noch rein!","Neyse{{TAG:0007:0000:08000000}}{{TAG:0007:0000:08000000}}{{TAG:0007:0000:08000000}},{{TAG:0007:0000:14000000}}{{TAG:0003:0025:}} sorun{{TAG:0007:0000:0A000000}} değil! Bir gün bunu
da taşımayı öğrenirim!"
13,014,"{{TAG:0003:0009:}}So {{TAG:0007:0000:14000000}}maybe I shouldn't wear it then?
{{TAG:000F:0005:15002800}}
You can wear it.
Don't wear it!","{{TAG:0003:0009:}}Entonces,{{TAG:0007:0000:14000000}} ¿crees que puedo
salir a la calle con esto?{{TAG:000F:0005:15002800}}
Sí, ¡y deberías!
Mejor no lo hagas","{{TAG:0003:0009:}}J'devrais p't'être l'enlever, alors ?{{TAG:000F:0005:28001500}}
Non, non.
Ça vaut mieux, oui.","{{TAG:0003:0009:}}Beh, {{TAG:0007:0000:14000000}}forse allora non fa per me.
Che ne dici, lascio perdere?{{TAG:000F:0005:15002800}}
Ma no, non è male.
Sì, lascia stare.","{{TAG:0003:0009:}}Du willst mir damit sagen, {{TAG:0007:0000:14000000}}dass
ich so was nicht tragen sollte?{{TAG:000F:0005:15002800}}
Doch, natürlich!
Genau, lieber nicht...","{{TAG:0003:0009:}}Yani{{TAG:0007:0000:14000000}} bunu giymesem mi?{{TAG:000F:0005:15002800}}
Giyebilirsin.
Giyme!"
14,015,"{{TAG:0007:0000:08000000}}.{{TAG:0007:0000:08000000}}.{{TAG:0007:0000:08000000}}.{{TAG:0007:0000:14000000}}{{TAG:0003:0026:}}Oh, OK!{{TAG:0007:0000:28000000}} {{TAG:0003:0025:}}I'll {{TAG:0007:0000:08000000}}see if I can make it
work for me!","{{TAG:0003:0026:}}¡Huy, vale!{{TAG:0007:0000:28000000}} {{TAG:0003:0025:}}Bueno, supongo{{TAG:0007:0000:08000000}} que
le daré una oportunidad, a ver
qué tal...","{{TAG:0007:0000:08000000}}.{{TAG:0007:0000:08000000}}.{{TAG:0007:0000:08000000}}.{{TAG:0007:0000:14000000}} {{TAG:0003:0026:}}OK !{{TAG:0007:0000:14000000}} {{TAG:0003:0025:}}Faut probablement un peu
d'temps pour qu'tu t'y fasses !","{{TAG:0007:0000:08000000}}.{{TAG:0007:0000:08000000}}.{{TAG:0007:0000:08000000}}.{{TAG:0007:0000:14000000}}{{TAG:0003:0026:}} Oh, OK!{{TAG:0007:0000:28000000}} {{TAG:0003:0025:}}Se questo look non
collabora, {{TAG:0007:0000:08000000}}dovrò pensarci io
a farlo funzionare!","{{TAG:0007:0000:08000000}}.{{TAG:0007:0000:08000000}}.{{TAG:0007:0000:08000000}}.{{TAG:0007:0000:14000000}}{{TAG:0003:0026:}}Dann ist's ja gut!{{TAG:0007:0000:28000000}} {{TAG:0003:0025:}}Ich muss es
nur zurechtzupfen,{{TAG:0007:0000:08000000}} dann sieht's
gut aus!","{{TAG:0007:0000:08000000}}.{{TAG:0007:0000:08000000}}.{{TAG:0007:0000:08000000}}{{TAG:0007:0000:14000000}}{{TAG:0003:0026:}}.Aa,{{TAG:0007:0000:28000000}}{{TAG:0003:0025:}} tamam!{{TAG:0007:0000:08000000}} Kendime uydurmayı denerim!"
15,016,"{{TAG:0003:000C:}}Hmmm{{TAG:0007:0000:08000000}}.{{TAG:0007:0000:08000000}}.{{TAG:0007:0000:08000000}}.{{TAG:0007:0000:14000000}} Well, if you say so.","{{TAG:0003:000C:}}Mmm{{TAG:0007:0000:08000000}}.{{TAG:0007:0000:08000000}}.{{TAG:0007:0000:08000000}}.{{TAG:0007:0000:14000000}} Bueno, si tú
lo dices, ¡será verdad!",{{TAG:0003:000C:}}Ah{{TAG:0007:0000:08000000}}.{{TAG:0007:0000:08000000}}.{{TAG:0007:0000:08000000}}.{{TAG:0007:0000:14000000}} bah si tu l'dis...,{{TAG:0003:000C:}}Mmmh{{TAG:0007:0000:08000000}}.{{TAG:0007:0000:08000000}}.{{TAG:0007:0000:08000000}}.{{TAG:0007:0000:14000000}} Se lo dici tu.,{{TAG:0003:000C:}}Wenn du das sagst{{TAG:0007:0000:08000000}}.{{TAG:0007:0000:08000000}}.{{TAG:0007:0000:08000000}}.{{TAG:0007:0000:14000000}},{{TAG:0003:000C:}}Hımmm{{TAG:0007:0000:08000000}}.{{TAG:0007:0000:08000000}}.{{TAG:0007:0000:08000000}}.{{TAG:0007:0000:14000000}} Madem sen öyle diyorsun.
16,017,"{{TAG:0003:000A:}}Someday maybe I'll be able to pull
off this style{{TAG:0007:0000:08000000}}.{{TAG:0007:0000:08000000}}.{{TAG:0007:0000:08000000}}.{{TAG:0007:0000:14000000}}","{{TAG:0003:000A:}}A lo mejor algún día me entiendo
bien con este estilo, quién sabe{{TAG:0007:0000:08000000}}.{{TAG:0007:0000:08000000}}.{{TAG:0007:0000:08000000}}.{{TAG:0007:0000:14000000}}","{{TAG:0003:000A:}}P't'être qu'un jour ce style de
fringues m'ira mieux{{TAG:0007:0000:08000000}}.{{TAG:0007:0000:08000000}}.{{TAG:0007:0000:08000000}}.","{{TAG:0003:000A:}}Forse un giorno ce la farò a stare
bene anche con un look del genere{{TAG:0007:0000:08000000}}.{{TAG:0007:0000:08000000}}.{{TAG:0007:0000:08000000}}.{{TAG:0007:0000:14000000}}","{{TAG:0003:000A:}}Irgendwann kann ich auch diesen
Fummel wunderbar tragen{{TAG:0007:0000:08000000}}.{{TAG:0007:0000:08000000}}.{{TAG:0007:0000:08000000}}.{{TAG:0007:0000:14000000}}","{{TAG:0003:000A:}}Belki bir gün bu tarzı da
taşıyabilirim.{{TAG:0007:0000:08000000}}{{TAG:0007:0000:08000000}}.{{TAG:0007:0000:08000000}}.{{TAG:0007:0000:14000000}}"
17,018,"{{TAG:0003:0009:}}Hmmm{{TAG:0007:0000:08000000}}.{{TAG:0007:0000:08000000}}.{{TAG:0007:0000:08000000}}.{{TAG:0007:0000:14000000}} This is kinda different
from what I was expecting.","{{TAG:0003:0009:}}Mmm{{TAG:0007:0000:08000000}}.{{TAG:0007:0000:08000000}}.{{TAG:0007:0000:08000000}}.{{TAG:0007:0000:14000000}} Tengo que reconocer
que me esperaba otra cosa...","{{TAG:0003:0009:}}Hmm{{TAG:0007:0000:08000000}}.{{TAG:0007:0000:08000000}}.{{TAG:0007:0000:08000000}}.{{TAG:0007:0000:14000000}} J'm'attendais à autre chose,
pour être honnête.","{{TAG:0003:0009:}}Mmmh{{TAG:0007:0000:08000000}}.{{TAG:0007:0000:08000000}}.{{TAG:0007:0000:08000000}}.{{TAG:0007:0000:14000000}} È un look molto diverso
da quello che avevo in mente.","{{TAG:0003:0009:}}Hm{{TAG:0007:0000:08000000}}.{{TAG:0007:0000:08000000}}.{{TAG:0007:0000:08000000}}.{{TAG:0007:0000:14000000}} Irgendwie fühl ich mich
in dem Fummel nicht so wohl.","{{TAG:0003:0009:}}Hımmm{{TAG:0007:0000:08000000}}{{TAG:0007:0000:08000000}}{{TAG:0007:0000:08000000}}{{TAG:0007:0000:14000000}}... Beklediğimden biraz
farklı çıktı."
18,019,"{{TAG:0003:0015:}}But{{TAG:0007:0000:08000000}}.{{TAG:0007:0000:08000000}}.{{TAG:0007:0000:08000000}}.{{TAG:0007:0000:14000000}}that's OK!{{TAG:0007:0000:14000000}} I'm gonna wear it 
for a while just to see if I can get
used to it.","{{TAG:0003:0015:}}Pero{{TAG:0007:0000:08000000}}.{{TAG:0007:0000:08000000}}.{{TAG:0007:0000:08000000}}.{{TAG:0007:0000:14000000}} ¡no pasa nada!{{TAG:0007:0000:14000000}} Yo esto me
lo pongo durante un tiempo a ver
si me acostumbro o no...","{{TAG:0003:0015:}}Mais bon{{TAG:0007:0000:08000000}}.{{TAG:0007:0000:08000000}}.{{TAG:0007:0000:08000000}}.{{TAG:0007:0000:14000000}} ça passe !{{TAG:0007:0000:14000000}} J'vais pas
l'enlever tout d'suite, histoire de
voir si j'm'y fais ou pas.","{{TAG:0003:0015:}}Ma{{TAG:0007:0000:08000000}}.{{TAG:0007:0000:08000000}}.{{TAG:0007:0000:08000000}}.{{TAG:0007:0000:14000000}} va bene!{{TAG:0007:0000:14000000}} Proverò questo stile
per un po' e vediamo come va.
Io mi piego, ma non mi spezzo!","{{TAG:0003:0015:}}Aber{{TAG:0007:0000:08000000}}.{{TAG:0007:0000:08000000}}.{{TAG:0007:0000:08000000}}.{{TAG:0007:0000:14000000}} halb so schlimm!{{TAG:0007:0000:14000000}} Ich muss
mich vielleicht einfach nur erst
dran gewöhnen.","{{TAG:0003:0015:}}Ama{{TAG:0007:0000:08000000}}{{TAG:0007:0000:08000000}}{{TAG:0007:0000:08000000}}.{{TAG:0007:0000:14000000}}.. sorun{{TAG:0007:0000:14000000}} yok! Bir süre
giyeyim de belki gözüm alışır."
19,020,"{{TAG:0003:000C:}}Ahhh{{TAG:0007:0000:08000000}}.{{TAG:0007:0000:08000000}}.{{TAG:0007:0000:08000000}}.{{TAG:0007:0000:14000000}}I never learn.{{TAG:0007:0000:14000000}}{{TAG:0003:0009:}} Even if it
doesn't look good, I always try to
make it work.","{{TAG:0003:000C:}}Aaah{{TAG:0007:0000:08000000}}.{{TAG:0007:0000:08000000}}.{{TAG:0007:0000:08000000}}.{{TAG:0007:0000:14000000}} siempre igual.{{TAG:0007:0000:14000000}}{{TAG:0003:0009:}} Verás, es que
aunque algo no me quede bien,
siempre me empeño en ponérmelo.","{{TAG:0003:000C:}}Raaah{{TAG:0007:0000:08000000}}.{{TAG:0007:0000:08000000}}.{{TAG:0007:0000:08000000}}.{{TAG:0007:0000:14000000}} c'est toujours pareil.{{TAG:0007:0000:14000000}} {{TAG:0003:0009:}}Même
quand ça m'va pas, j'fais tout pour
qu'ça ait pas l'air si mal.","{{TAG:0003:000C:}}Aaah{{TAG:0007:0000:08000000}}.{{TAG:0007:0000:08000000}}.{{TAG:0007:0000:08000000}}.{{TAG:0007:0000:14000000}} non imparerò mai!{{TAG:0007:0000:14000000}}{{TAG:0003:0009:}} Anche
quando qualcosa non mi sta bene,
io insisto e lo metto lo stesso...","{{TAG:0003:000C:}}Gnah{{TAG:0007:0000:08000000}}.{{TAG:0007:0000:08000000}}.{{TAG:0007:0000:08000000}}.{{TAG:0007:0000:14000000}} Ich bin echt nicht lernfähig.{{TAG:0007:0000:14000000}}
{{TAG:0003:0028:}}Selbst wenn's mir eindeutig nicht
stehen wird,{{TAG:0007:0000:08000000}} probier ich's noch an.","{{TAG:0003:000C:}}Ahh{{TAG:0007:0000:08000000}}.{{TAG:0007:0000:08000000}}.{{TAG:0007:0000:08000000}}.{{TAG:0007:0000:14000000}} Hiç ders{{TAG:0007:0000:14000000}}{{TAG:0003:0009:}} almıyorum.
Yakışmasa bile illa oldurmaya çalışıyorum."
20,021,"{{TAG:0003:0024:}}I think I'm going to{{TAG:0007:0000:08000000}}.{{TAG:0007:0000:08000000}}.{{TAG:0007:0000:08000000}}.{{TAG:0007:0000:14000000}}try it on later
in private!{{TAG:0007:0000:28000000}}{{TAG:0003:0000:}}","{{TAG:0003:0024:}}Me parece que{{TAG:0007:0000:08000000}}.{{TAG:0007:0000:08000000}}.{{TAG:0007:0000:08000000}}.{{TAG:0007:0000:14000000}} ¡será mejor que
me pruebe esto en privado!{{TAG:0007:0000:28000000}}{{TAG:0003:0000:}}","{{TAG:0003:0024:}}Chuis pas sûre qu'ça m'aille{{TAG:0007:0000:08000000}}.{{TAG:0007:0000:08000000}}.{{TAG:0007:0000:08000000}}.{{TAG:0007:0000:14000000}} alors
j'l'essaierai plus tard, en privé !","{{TAG:0003:0024:}}Penso che{{TAG:0007:0000:08000000}}.{{TAG:0007:0000:08000000}}.{{TAG:0007:0000:08000000}}.{{TAG:0007:0000:14000000}} farò una prova dopo...
in privato!{{TAG:0007:0000:28000000}}{{TAG:0003:0000:}}","{{TAG:0003:0024:}}Ich probier das später an{{TAG:0007:0000:08000000}}.{{TAG:0007:0000:08000000}}.{{TAG:0007:0000:08000000}}.{{TAG:0007:0000:14000000}}
wenn ich allein bin!{{TAG:0007:0000:28000000}}{{TAG:0003:0000:}}","{{TAG:0003:0024:}}Sanırım bunu...{{TAG:0007:0000:08000000}} sonra{{TAG:0007:0000:08000000}}{{TAG:0007:0000:08000000}}{{TAG:0007:0000:14000000}}, yalnızken
deneyeceğim!{{TAG:0007:0000:28000000}}{{TAG:0003:0000:}}"
21,022,I'm gonna try it on!,"¡Huy, yo esto me lo pruebo ahora
mismo, no se hable más!",J'l'essaie cash !,Vediamo come mi sta!,Ich probier's gleich mal an!,Deniyorum!
22,023,"{{TAG:0003:0025:}}Heh heh{{TAG:0007:0000:08000000}}.{{TAG:0007:0000:08000000}}.{{TAG:0007:0000:08000000}}.{{TAG:0007:0000:14000000}} How 'bout it?{{TAG:0007:0000:14000000}}
Looks pretty good, right?","{{TAG:0003:0025:}}Ji, ji, ji{{TAG:0007:0000:08000000}}.{{TAG:0007:0000:08000000}}.{{TAG:0007:0000:08000000}}.{{TAG:0007:0000:14000000}} ¿Qué te parece?{{TAG:0007:0000:14000000}}
No me queda nada mal, ¿eh?
Si es que las que tenemos percha...","{{TAG:0003:0025:}}Hi hi{{TAG:0007:0000:08000000}}.{{TAG:0007:0000:08000000}}.{{TAG:0007:0000:08000000}}.{{TAG:0007:0000:14000000}} Comment tu m'trouves ?{{TAG:0007:0000:14000000}} Ça
en jette, nan ?","{{TAG:0003:0025:}}Eh eh eh{{TAG:0007:0000:08000000}}.{{TAG:0007:0000:08000000}}.{{TAG:0007:0000:08000000}}.{{TAG:0007:0000:14000000}} Che te ne pare?{{TAG:0007:0000:14000000}}
Non è niente male, vero?","{{TAG:0003:0025:}}Hehehe{{TAG:0007:0000:08000000}}.{{TAG:0007:0000:08000000}}.{{TAG:0007:0000:08000000}}.{{TAG:0007:0000:14000000}} Na, was meinste?{{TAG:0007:0000:14000000}}
Seh ich nicht total scharf aus?","{{TAG:0003:0025:}}Heh heh{{TAG:0007:0000:08000000}}{{TAG:0007:0000:08000000}}.{{TAG:0007:0000:08000000}}.{{TAG:0007:0000:14000000}}. Nasıl? Bayağı{{TAG:0007:0000:14000000}} iyi
olmuş, değil mi?"
23,024,"{{TAG:0003:0025:}}Heh heh{{TAG:0007:0000:08000000}}.{{TAG:0007:0000:08000000}}.{{TAG:0007:0000:08000000}}.{{TAG:0007:0000:14000000}} Whaddaya think?{{TAG:000F:0005:15002800}}
Looks good!
Looks bad!","{{TAG:0003:0025:}}Ji, ji, ji{{TAG:0007:0000:08000000}}.{{TAG:0007:0000:08000000}}.{{TAG:0007:0000:08000000}}.{{TAG:0007:0000:14000000}} Bueno, ¿qué opinas?{{TAG:000F:0005:15002800}}
¡Te queda genial!
Menudas pintas...","{{TAG:0003:0025:}}Hi hi{{TAG:0007:0000:08000000}}.{{TAG:0007:0000:08000000}}.{{TAG:0007:0000:08000000}}.{{TAG:0007:0000:14000000}} Qu'est-ce t'en dis ?{{TAG:000F:0005:15002800}}
Ça te va bien !
Ça te va pas.","{{TAG:0003:0025:}}Eh eh eh{{TAG:0007:0000:08000000}}.{{TAG:0007:0000:08000000}}.{{TAG:0007:0000:08000000}}.{{TAG:0007:0000:14000000}} Che ne dici?{{TAG:000F:0005:15002800}}
Ti sta bene!
Ti sta male...","{{TAG:0003:0025:}}Hehehe{{TAG:0007:0000:08000000}}.{{TAG:0007:0000:08000000}}.{{TAG:0007:0000:08000000}}.{{TAG:0007:0000:14000000}} Und?{{TAG:000F:0005:15002800}}
Siehst gut aus!
Steht dir nicht...","{{TAG:0003:0025:}}Heh heh{{TAG:0007:0000:08000000}}{{TAG:0007:0000:08000000}}{{TAG:0007:0000:08000000}}.{{TAG:0007:0000:14000000}}.. Ne dersin?{{TAG:000F:0005:15002800}}
Yakışmış!
Yakışmamış!"
24,025,{{TAG:0003:001A:}}Right?! {{TAG:0007:0000:14000000}}Doesn't it?,"{{TAG:0003:001A:}}¡¿A que sí?! {{TAG:0007:0000:14000000}}Ji, ji, ji... Ya lo sabía,
pero necesitaba que me lo dijese
otra persona.",{{TAG:0003:001A:}}Hi hi !{{TAG:0007:0000:14000000}} N'est-ce pas !,{{TAG:0003:001A:}}Vero?! {{TAG:0007:0000:14000000}}Lo penso anch'io.,{{TAG:0003:001A:}}Nicht wahr?,{{TAG:0003:001A:}}Değil mi?!{{TAG:0007:0000:14000000}} Ben de öyle dedim!
25,026,{{TAG:0003:0011:}}What?{{TAG:0007:0000:28000000}} R-{{TAG:0007:0000:08000000}}really?,{{TAG:0003:0011:}}¿Qué?{{TAG:0007:0000:28000000}} ¿D-{{TAG:0007:0000:08000000}}de verdad?,{{TAG:0003:0011:}}Ah bon ?!{{TAG:0007:0000:1E000000}} Vraiment pas ?,{{TAG:0003:0011:}}Cosa?{{TAG:0007:0000:28000000}} S...{{TAG:0007:0000:08000000}} sul serio?,{{TAG:0003:0011:}}Ähm?{{TAG:0007:0000:28000000}} M-{{TAG:0007:0000:08000000}}meinste wirklich?,{{TAG:0003:0011:}}Ne?{{TAG:0007:0000:28000000}} G-gerçekten{{TAG:0007:0000:08000000}} mi?
26,027,"{{TAG:0003:0009:}}Hmmm{{TAG:0007:0000:08000000}}.{{TAG:0007:0000:08000000}}.{{TAG:0007:0000:08000000}}.{{TAG:0007:0000:14000000}}{{TAG:0003:0000:}} Well, whatever!{{TAG:0007:0000:28000000}} You gotta
wear what you like, right?","{{TAG:0003:0009:}}Mmm{{TAG:0007:0000:08000000}}.{{TAG:0007:0000:08000000}}.{{TAG:0007:0000:08000000}}.{{TAG:0007:0000:14000000}}{{TAG:0003:0000:}} En fin, ¡lo que tú digas!{{TAG:0007:0000:28000000}} Cada
uno se pone lo que le gusta, ¿no?","{{TAG:0003:0009:}}Hmm{{TAG:0007:0000:08000000}}.{{TAG:0007:0000:08000000}}.{{TAG:0007:0000:08000000}}.{{TAG:0007:0000:14000000}} {{TAG:0003:0000:}}Bah tant pis !{{TAG:0007:0000:14000000}} L'important,
c'est qu'ça m'plaise, nan ?","{{TAG:0003:0009:}}Mmmh{{TAG:0007:0000:08000000}}.{{TAG:0007:0000:08000000}}.{{TAG:0007:0000:08000000}}.{{TAG:0007:0000:14000000}}{{TAG:0003:0000:}} Beh, pazienza!{{TAG:0007:0000:28000000}} In fondo,
è a me che devono piacere.","{{TAG:0003:0006:}}Hm{{TAG:0007:0000:08000000}}.{{TAG:0007:0000:08000000}}.{{TAG:0007:0000:08000000}}.{{TAG:0007:0000:14000000}} Mir egal!{{TAG:0007:0000:28000000}} Schließlich muss
es mir gefallen,{{TAG:0007:0000:08000000}} nicht dir!","{{TAG:0003:0009:}}Hımmm{{TAG:0007:0000:08000000}}{{TAG:0007:0000:08000000}}{{TAG:0007:0000:08000000}}.{{TAG:0007:0000:14000000}}{{TAG:0003:0000:}}.. Neyse! İnsan{{TAG:0007:0000:28000000}} sevdiğini
giymeli, değil mi?"
27,028,"{{TAG:0003:000A:}}I usually have a good eye for this
kind of thing{{TAG:0007:0000:08000000}}.{{TAG:0007:0000:08000000}}.{{TAG:0007:0000:08000000}}.{{TAG:0007:0000:28000000}}{{TAG:0003:0009:}} But if you say it's
not working, it's really not working!","{{TAG:0003:000A:}}Normalmente tengo como un
sexto sentido para estas cosas{{TAG:0007:0000:08000000}}.{{TAG:0007:0000:08000000}}.{{TAG:0007:0000:08000000}}.{{TAG:0007:0000:28000000}}{{TAG:0003:0009:}}
pero me fiaré de ti.","{{TAG:0003:000A:}}J'ai pourtant l'œil pour ce genre de
trucs, d'habitude{{TAG:0007:0000:08000000}}.{{TAG:0007:0000:08000000}}.{{TAG:0007:0000:08000000}}.{{TAG:0007:0000:28000000}} {{TAG:0003:0009:}}Mais si tu dis
qu'ça l'fait pas, j'te crois !","{{TAG:0003:000A:}}Di solito ho buon gusto
per i vestiti{{TAG:0007:0000:08000000}}.{{TAG:0007:0000:08000000}}.{{TAG:0007:0000:08000000}}.{{TAG:0007:0000:28000000}}{{TAG:0003:0009:}} ma se tu dici che non
mi sta bene, avrai le tue ragioni!","{{TAG:0003:000A:}}Eigentlich bin ich ja immer sehr
stilsicher{{TAG:0007:0000:08000000}}.{{TAG:0007:0000:08000000}}.{{TAG:0007:0000:08000000}}.{{TAG:0007:0000:28000000}}{{TAG:0003:0009:}} Aber wenn du sagst,
dass es mir absolut nicht steht{{TAG:0007:0000:08000000}}.{{TAG:0007:0000:08000000}}.{{TAG:0007:0000:08000000}}.","{{TAG:0003:000A:}}Normalde bu işlerde gözüm
iyidir...{{TAG:0007:0000:08000000}}{{TAG:0007:0000:08000000}} Ama{{TAG:0007:0000:08000000}}{{TAG:0007:0000:28000000}}{{TAG:0003:0009:}} sen olmamış
diyorsan gerçekten olmamıştır!"
28,029,{{TAG:0003:0025:}}I'm gonna try it on!,"{{TAG:0003:0025:}}Venga, ¡que estoy deseando
probarme esto! ¡Vamos allá!","{{TAG:0003:0025:}}Allez, j'l'essaie quand même !",{{TAG:0003:0025:}}Vediamo come mi sta!,{{TAG:0003:0025:}}Ich zieh's gleich an!,{{TAG:0003:0025:}}Deniyorum!
29,030,"{{TAG:0007:0000:08000000}}.{{TAG:0007:0000:08000000}}.{{TAG:0007:0000:08000000}}.{{TAG:0007:0000:14000000}}{{TAG:0003:0017:}}What do you think?{{TAG:000F:0001:000000000000}}
Looks good!
Looks OK.
Looks weird.","{{TAG:0003:0017:}}Bien, ¿tú que opinas?{{TAG:000F:0001:000000000000}}
¡Estas monísima!
No está mal
¿Ya es Carnaval?","{{TAG:0007:0000:08000000}}.{{TAG:0007:0000:08000000}}.{{TAG:0007:0000:08000000}}.{{TAG:0007:0000:14000000}} {{TAG:0003:0017:}}Alors, ton avis ?{{TAG:000F:0001:000000000000}}
Ça te va bien !
Ça te va, sans plus.
C'est ridicule.","{{TAG:0007:0000:08000000}}.{{TAG:0007:0000:08000000}}.{{TAG:0007:0000:08000000}}.{{TAG:0007:0000:14000000}}{{TAG:0003:0017:}} Che ne pensi?{{TAG:000F:0001:150000002800}}
Ti sta bene!
È passabile...
Fai pena.","{{TAG:0007:0000:08000000}}.{{TAG:0007:0000:08000000}}.{{TAG:0007:0000:08000000}}.{{TAG:0007:0000:14000000}}{{TAG:0003:0017:}}Was sagst du dazu?{{TAG:000F:0001:000000000000}}
Steht dir total!
Na ja, geht so...
Das geht gar nicht...","{{TAG:0007:0000:08000000}}.{{TAG:0007:0000:08000000}}{{TAG:0007:0000:08000000}}.{{TAG:0007:0000:14000000}}{{TAG:0003:0017:}}.Ne dersin?{{TAG:000F:0001:000000000000}}
Yakışmış!
İdare eder.
Tuhaf olmuş."
30,031,"{{TAG:0003:000F:}}Huh?{{TAG:0007:0000:14000000}} Really?{{TAG:0007:0000:28000000}} {{TAG:0003:0025:}}Well, alrighty then!","{{TAG:0003:000F:}}¿Qué?{{TAG:0007:0000:14000000}} ¿En serio?{{TAG:0007:0000:28000000}} {{TAG:0003:0025:}}¡Ay, qué flipe!","{{TAG:0003:000F:}}Ouais ?{{TAG:0007:0000:14000000}} Vraiment ?{{TAG:0007:0000:14000000}} {{TAG:0003:0025:}}J'me rechange
pas, dans ce cas !","{{TAG:0003:000F:}}Eh?{{TAG:0007:0000:14000000}} Davvero?{{TAG:0007:0000:28000000}} {{TAG:0003:0025:}}Ah, meno male!",{{TAG:0003:000F:}}Ja?{{TAG:0007:0000:28000000}} {{TAG:0003:0025:}}Dann ist ja alles paletti!,{{TAG:0003:000F:}}Ha?{{TAG:0007:0000:14000000}} Cidden{{TAG:0007:0000:28000000}}{{TAG:0003:0025:}} mi? Tamam o zaman!
31,032,{{TAG:0003:0024:}}Ahaha!{{TAG:0007:0000:14000000}} Hmm{{TAG:0007:0000:08000000}}.{{TAG:0007:0000:08000000}}.{{TAG:0007:0000:08000000}}.{{TAG:0007:0000:14000000}} I guess you're right!{{TAG:0007:0000:28000000}}{{TAG:0003:0000:}},"{{TAG:0003:0024:}}¡Ji, ji, ji!{{TAG:0007:0000:14000000}} Mmm{{TAG:0007:0000:08000000}}.{{TAG:0007:0000:08000000}}.{{TAG:0007:0000:08000000}}.{{TAG:0007:0000:14000000}} ¡Sí, supongo
que tienes razón!{{TAG:0007:0000:28000000}}{{TAG:0003:0000:}}","{{TAG:0003:0024:}}Hum hum !{{TAG:0007:0000:14000000}} Bon{{TAG:0007:0000:08000000}}.{{TAG:0007:0000:08000000}}.{{TAG:0007:0000:08000000}}.{{TAG:0007:0000:14000000}} t'as sûrement
raison !{{TAG:0007:0000:14000000}}{{TAG:0003:0000:}}",{{TAG:0003:0024:}}Mmmh{{TAG:0007:0000:08000000}}.{{TAG:0007:0000:08000000}}.{{TAG:0007:0000:08000000}}.{{TAG:0007:0000:14000000}} Forse hai ragione!{{TAG:0003:0000:}},{{TAG:0003:0024:}}Ahahaha!{{TAG:0007:0000:14000000}} Ähm{{TAG:0007:0000:08000000}}.{{TAG:0007:0000:08000000}}.{{TAG:0007:0000:08000000}}.{{TAG:0007:0000:14000000}} Du hast ja recht!{{TAG:0007:0000:28000000}}{{TAG:0003:0000:}},{{TAG:0003:0024:}}Ahaha{{TAG:0007:0000:14000000}}! Hımm{{TAG:0007:0000:08000000}}{{TAG:0007:0000:08000000}}{{TAG:0007:0000:08000000}}.{{TAG:0007:0000:14000000}}.. Sanırım haklısın!{{TAG:0007:0000:28000000}}{{TAG:0003:0000:}}
32,033,"{{TAG:0003:0015:}}Well, it was a gift after all,{{TAG:0007:0000:14000000}} so I'll
just keep it on for a while!","{{TAG:0003:0015:}}Verás, es que es un regalo...{{TAG:0007:0000:14000000}}
¡y los regalos no se tiran!","{{TAG:0003:0015:}}Mais bah, comme c'est un cadeau,{{TAG:0007:0000:14000000}}
j'vais pas l'enlever tout d'suite !","{{TAG:0003:0015:}}Sai, è pur sempre un regalo.{{TAG:0007:0000:14000000}}
Non mi è costato niente,
quindi tanto vale tenerlo!","{{TAG:0003:0015:}}Ich behalte es trotzdem an.{{TAG:0007:0000:14000000}}
War schließlich ein Geschenk!","{{TAG:0003:0015:}}Neyse, sonuçta hediye{{TAG:0007:0000:14000000}}. Bir süre
üstümde kalsın!"
33,034,{{TAG:0003:0015:}}No worries{{TAG:0007:0000:08000000}}.{{TAG:0007:0000:08000000}}.{{TAG:0007:0000:08000000}}.{{TAG:0007:0000:14000000}} I kinda knew it!,"{{TAG:0003:0024:}}No pasa nada{{TAG:0007:0000:08000000}}.{{TAG:0007:0000:08000000}}.{{TAG:0007:0000:08000000}}.{{TAG:0007:0000:14000000}} Si yo en el fondo
ya lo sabía, ¿eh?",{{TAG:0003:0015:}}T'inquiète{{TAG:0007:0000:08000000}}.{{TAG:0007:0000:08000000}}.{{TAG:0007:0000:08000000}}.{{TAG:0007:0000:14000000}} j'm'y attendais !,"{{TAG:0003:0028:}}Non ti preoccupare{{TAG:0007:0000:08000000}}.{{TAG:0007:0000:08000000}}.{{TAG:0007:0000:08000000}}.{{TAG:0007:0000:14000000}}
Lo sospettavo!","{{TAG:0003:0015:}}Ich nehm das nicht persönlich{{TAG:0007:0000:08000000}}.{{TAG:0007:0000:08000000}}.{{TAG:0007:0000:08000000}}.{{TAG:0007:0000:14000000}}
Ich hab so was in der Art schon
befürchtet!","{{TAG:0003:0015:}}Sorun değil...{{TAG:0007:0000:08000000}}{{TAG:0007:0000:08000000}}{{TAG:0007:0000:08000000}} Zaten{{TAG:0007:0000:14000000}} biraz
tahmin etmiştim!"
34,035,"{{TAG:0003:0024:}}Ahaha{{TAG:0007:0000:08000000}}.{{TAG:0007:0000:08000000}}.{{TAG:0007:0000:08000000}}.{{TAG:0007:0000:14000000}} Yeah, {{TAG:0007:0000:08000000}}you're right!{{TAG:0007:0000:28000000}} I can
admit it!{{TAG:0007:0000:28000000}}{{TAG:0003:0000:}}","{{TAG:0003:0024:}}Ji, ji, ji{{TAG:0007:0000:08000000}}.{{TAG:0007:0000:08000000}}.{{TAG:0007:0000:08000000}}.{{TAG:0007:0000:14000000}} Sí, {{TAG:0007:0000:08000000}}¡es cierto!{{TAG:0007:0000:28000000}} No me
queda más remedio que darte
la razón...{{TAG:0007:0000:28000000}}{{TAG:0003:0000:}}","{{TAG:0003:0024:}}Hi hi, hum{{TAG:0007:0000:08000000}}.{{TAG:0007:0000:08000000}}.{{TAG:0007:0000:08000000}}.{{TAG:0007:0000:14000000}} Ouais,{{TAG:0007:0000:08000000}} c'est pas faux,
j'avoue !{{TAG:0007:0000:14000000}}{{TAG:0003:0000:}}","{{TAG:0003:0024:}}Ah ah ah{{TAG:0007:0000:08000000}}.{{TAG:0007:0000:08000000}}.{{TAG:0007:0000:08000000}}.{{TAG:0007:0000:14000000}} Sì, {{TAG:0007:0000:08000000}}non hai tutti i torti,{{TAG:0007:0000:28000000}}
lo ammetto!{{TAG:0007:0000:28000000}}{{TAG:0003:0000:}}","{{TAG:0003:0024:}}Ahahaha{{TAG:0007:0000:08000000}}.{{TAG:0007:0000:08000000}}.{{TAG:0007:0000:08000000}}.{{TAG:0007:0000:14000000}} Jap, {{TAG:0007:0000:08000000}}du hast es raus!{{TAG:0007:0000:28000000}} Ist
nicht schlimm, so was zuzugeben.{{TAG:0007:0000:28000000}}{{TAG:0003:0000:}}","{{TAG:0003:0024:}}Ahaha{{TAG:0007:0000:08000000}}.{{TAG:0007:0000:08000000}}.{{TAG:0007:0000:08000000}}.{{TAG:0007:0000:14000000}} Evet,{{TAG:0007:0000:08000000}} haklısın!{{TAG:0007:0000:28000000}} Kabul
edebilirim!{{TAG:0007:0000:28000000}}{{TAG:0003:0000:}}"
35,036,"{{TAG:0003:0015:}}Well, {{TAG:0007:0000:08000000}}I'll try it on later!","{{TAG:0003:0015:}}En fin, {{TAG:0007:0000:08000000}}¡esto me lo
pruebo más tarde!","{{TAG:0003:0015:}}Bon,{{TAG:0007:0000:08000000}} j'l'essaierai plus tard.","{{TAG:0003:0015:}}Beh, {{TAG:0007:0000:08000000}}poi vedrò come mi sta!","{{TAG:0003:0015:}}Ähm, {{TAG:0007:0000:08000000}}ich probier's später an!","{{TAG:0003:0015:}}Neyse{{TAG:0007:0000:08000000}}, sonra denerim!"
36,037,"{{TAG:0003:0015:}}Well, {{TAG:0007:0000:08000000}}I'll try it on later!{{TAG:000F:0005:15002800}}
Try it now!
Later's good.","{{TAG:0003:0015:}}Bueno, {{TAG:0007:0000:08000000}}¡esto me lo pruebo luego!{{TAG:000F:0005:15002800}}
¡No, mejor ahora!
Sí, podré esperar","{{TAG:0003:0015:}}Bon,{{TAG:0007:0000:08000000}} j'l'essaierai plus tard.{{TAG:000F:0005:28001500}}
Fais-le maintenant !
Bonne idée...","{{TAG:0003:0015:}}Beh, {{TAG:0007:0000:08000000}}poi vedrò se mi sta bene!{{TAG:000F:0005:15000000}}
No, fallo subito!
Come preferisci...","{{TAG:0003:0015:}}Ähm, {{TAG:0007:0000:08000000}}ich probier's später an!{{TAG:000F:0005:28001500}}
Nee, jetzt!
Okay, später...","{{TAG:0003:0015:}}Neyse{{TAG:0007:0000:08000000}}, sonra denerim!{{TAG:000F:0005:15002800}}
Şimdi dene!
Sonra iyi."
37,038,"{{TAG:0003:000F:}}Huh?!{{TAG:0007:0000:28000000}} What's gotten into you{{TAG:0007:0000:08000000}}.{{TAG:0007:0000:08000000}}.{{TAG:0007:0000:08000000}}.{{TAG:0007:0000:28000000}}?
{{TAG:0003:0000:}}Well, OK, I guess!","{{TAG:0003:000F:}}¡¿Ein?!{{TAG:0007:0000:28000000}} ¡¿Y a ti qué te pasa?!{{TAG:0007:0000:08000000}}
{{TAG:0003:0000:}}Bueno, pues nada, si insistes{{TAG:0007:0000:08000000}}.{{TAG:0007:0000:08000000}}.{{TAG:0007:0000:08000000}}.","{{TAG:0003:000F:}}Hein ?!{{TAG:0007:0000:28000000}} Qu'est-ce qui t'prend{{TAG:0007:0000:08000000}}.{{TAG:0007:0000:08000000}}.{{TAG:0007:0000:08000000}}.{{TAG:0007:0000:08000000}}?{{TAG:0007:0000:14000000}}
{{TAG:0003:0000:}}Bon, si t'insistes...","{{TAG:0003:000F:}}Eh?!{{TAG:0007:0000:28000000}} Ma che ti è preso{{TAG:0007:0000:08000000}}.{{TAG:0007:0000:08000000}}.{{TAG:0007:0000:08000000}}.{{TAG:0007:0000:28000000}}?
{{TAG:0003:0000:}}Beh, se proprio insisti... OK!","{{TAG:0003:000F:}}Huch?!{{TAG:0007:0000:28000000}} Was ist denn mit dir los{{TAG:0007:0000:08000000}}.{{TAG:0007:0000:08000000}}.{{TAG:0007:0000:08000000}}.{{TAG:0007:0000:28000000}}?
{{TAG:0003:0000:}}Ist ja gut!{{TAG:0007:0000:14000000}} Ich probier's ja gleich an!","{{TAG:0003:000F:}}Ha?!{{TAG:0007:0000:28000000}} Sana ne oldu böyle{{TAG:0007:0000:08000000}}{{TAG:0007:0000:08000000}}.{{TAG:0007:0000:08000000}}.{{TAG:0007:0000:28000000}}.?{{TAG:0003:0000:}}
Neyse, tamam!"
38,039,"{{TAG:0003:0017:}}{{TAG:0007:0000:08000000}}.{{TAG:0007:0000:08000000}}.{{TAG:0007:0000:08000000}}.{{TAG:0007:0000:14000000}}How's it look?{{TAG:000F:0001:000000000000}}
It suits you!
It's OK.
It's not great.","{{TAG:0003:0017:}}¿Me queda bien?{{TAG:000F:0001:000000000000}}
¡De maravilla!
No está mal
Casi que no","{{TAG:0003:0017:}}{{TAG:0007:0000:08000000}}.{{TAG:0007:0000:08000000}}.{{TAG:0007:0000:08000000}}.{{TAG:0007:0000:14000000}} Alors, {{TAG:000E:0006:0E006800650075007200650075007800100068006500750072006500750073006500}} ? Qu'est-ce que
ça donne ?{{TAG:000F:0001:000000000000}}
Ça te va bien !
Sans plus.
Ça te va pas du tout.","{{TAG:0003:0017:}}{{TAG:0007:0000:08000000}}.{{TAG:0007:0000:08000000}}.{{TAG:0007:0000:08000000}}.{{TAG:0007:0000:14000000}} Come sto?{{TAG:000F:0001:150000002800}}
Benissimo!
Mah, normale.
Non bene.","{{TAG:0003:0017:}}{{TAG:0007:0000:08000000}}.{{TAG:0007:0000:08000000}}.{{TAG:0007:0000:08000000}}.{{TAG:0007:0000:14000000}}Steht's mir?{{TAG:000F:0001:000000000000}}
Und wie!
Geht so.
Überhaupt nicht...","{{TAG:0003:0017:}}{{TAG:0007:0000:08000000}}.{{TAG:0007:0000:08000000}}.{{TAG:0007:0000:08000000}}{{TAG:0007:0000:14000000}}.Nasıl duruyor?{{TAG:000F:0001:000000000000}}
Sana yakışmış!
İdare eder.
Pek olmamış."
39,040,"{{TAG:0003:0016:}}Oh, yeah?!{{TAG:0007:0000:28000000}} I guess I can pull off this
sort of look!{{TAG:0003:0025:}}{{TAG:0007:0000:14000000}} Well, {{TAG:0007:0000:08000000}}I'm gonna keep it
on then!","{{TAG:0003:0016:}}Ah, ¡¿sí?!{{TAG:0007:0000:28000000}} Sí, supongo que este look
me pega bastante.{{TAG:0003:0025:}}{{TAG:0007:0000:14000000}} Vale, {{TAG:0007:0000:08000000}}entonces
creo que me quedo con esto, ji, ji.","{{TAG:0003:0016:}}Ah ouais ?!{{TAG:0007:0000:14000000}} J'aurais pas cru !{{TAG:0007:0000:14000000}} {{TAG:0003:0025:}}Bon,
ben pas d'raison d'l'enlever, alors !","{{TAG:0003:0010:}}Oh, davvero?!{{TAG:0007:0000:28000000}} Sì, credo che questo
look faccia al caso mio!{{TAG:0003:0025:}}{{TAG:0007:0000:14000000}} Beh, {{TAG:0007:0000:08000000}}allora
non mi cambio!","{{TAG:0003:0010:}}Ja?!{{TAG:0007:0000:28000000}} Mir steht auch eigentlich alles!{{TAG:0003:0025:}}{{TAG:0007:0000:14000000}}
Gut, {{TAG:0007:0000:08000000}}dann behalt ich's gleich an!","{{TAG:0003:0016:}}Öyle mi?{{TAG:0007:0000:28000000}}! Demek bu tarzı da
taşıyabiliyorum{{TAG:0003:0025:}}{{TAG:0007:0000:14000000}}! O{{TAG:0007:0000:08000000}} zaman üstümde kalsın!"
40,041,"{{TAG:0003:001B:}}See?{{TAG:0007:0000:28000000}} I already knew before I even
tried it on!","{{TAG:0003:001B:}}¿A que sí?{{TAG:0007:0000:28000000}} ¡Es que es algo que
salta a la vista!",{{TAG:0003:001B:}}Tu vois ?{{TAG:0007:0000:1E000000}} C'était couru d'avance !,"{{TAG:0003:001B:}}Vedi?!{{TAG:0007:0000:28000000}} Io lo sapevo già. {{TAG:0007:0000:08000000}}Non c'era
nemmeno bisogno di provare.","{{TAG:0003:001B:}}Siehste?{{TAG:0007:0000:28000000}} Das hätt ich dir auch
gleich sagen können!",{{TAG:0003:001B:}}Gördün{{TAG:0007:0000:28000000}} mü? Daha denemeden biliyordum!
41,042,"{{TAG:0003:0015:}}Well, {{TAG:0007:0000:0A000000}}I'm gonna keep it on for a
while and see if I can make it work!","{{TAG:0003:0015:}}Bueno, {{TAG:0007:0000:0A000000}}pues nada, que me quedo
con esto y a ver si me voy
acostumbrando con el tiempo...","{{TAG:0003:0015:}}Bon,{{TAG:0007:0000:0A000000}} j'vais quand même lui donner
un peu d'temps, histoire de voir si
j'm'y habitue ou pas !","{{TAG:0003:0015:}}Beh, {{TAG:0007:0000:0A000000}}resto vestita così per un po'
e vediamo se questo stile funziona.
Non mollo mai al primo tentativo!","{{TAG:0003:0015:}}Jap,{{TAG:0007:0000:08000000}} bloß keine Experimente wagen!","{{TAG:0003:0015:}}Bir{{TAG:0007:0000:0A000000}} süre üstümde tutayım; belki
kendime uydururum!"
42,043,"{{TAG:0003:0006:}}Yeah, I think{{TAG:0007:0000:14000000}} I'm just gonna stick to
what I like!","{{TAG:0003:0006:}}Sí, va a ser mejor que me ponga
solo cosas que me gustan...","{{TAG:0003:0006:}}J'préfère vraiment m'en tenir au
style de sapes que j'aime !","{{TAG:0003:0006:}}Sì, credo{{TAG:0007:0000:14000000}} che continuerò a mettere
i vestiti che mi stanno bene!","{{TAG:0003:0006:}}Du hast recht!{{TAG:0007:0000:14000000}} Das geht ja
mal gar nicht!","{{TAG:0003:0006:}}Evet, sanırım{{TAG:0007:0000:14000000}} sevdiğim şeylerden şaşmayacağım!"
43,044,"{{TAG:0003:001B:}}See?{{TAG:0007:0000:28000000}} I knew before I even put it on!{{TAG:0000:0004:}}{{TAG:0003:0006:}}I feel bad, but{{TAG:0007:0000:08000000}}.{{TAG:0007:0000:08000000}}.{{TAG:0007:0000:08000000}}.{{TAG:0007:0000:14000000}}I'm gonna keep
wearing what I like!","¿Verdad?{{TAG:0007:0000:14000000}} {{TAG:0003:001B:}}Es que hay cosas que no
hace falta ni probarlas, colega.{{TAG:0000:0004:}}Qué lástima{{TAG:0007:0000:08000000}}.{{TAG:0007:0000:08000000}}.{{TAG:0007:0000:08000000}}.{{TAG:0007:0000:14000000}} {{TAG:0003:0006:}}¡Pero pienso seguir
poniéndome la ropa que me dé la
gana!","{{TAG:0003:001B:}}Tu vois ?{{TAG:0007:0000:1E000000}} C'était couru d'avance !{{TAG:0000:0004:}}{{TAG:0003:0006:}}C'est p't'être pas très sympa d'ma
part, mais{{TAG:0007:0000:08000000}}.{{TAG:0007:0000:08000000}}.{{TAG:0007:0000:08000000}}.{{TAG:0007:0000:14000000}} j'vais en rester aux
sapes que j'aime !","{{TAG:0003:001B:}}Vedi?!{{TAG:0007:0000:28000000}} Io lo sapevo già!{{TAG:0000:0004:}}{{TAG:0003:0006:}}Scusa, ma{{TAG:0007:0000:08000000}}.{{TAG:0007:0000:08000000}}.{{TAG:0007:0000:08000000}}.{{TAG:0007:0000:14000000}} credo che continuerò
a mettermi solo i vestiti che mi
piacciono.","{{TAG:0003:001B:}}Siehste?{{TAG:0007:0000:28000000}} Ich hab das von vorne-
herein schon gewusst!{{TAG:0000:0004:}}{{TAG:0003:0006:}}So ein Käse{{TAG:0007:0000:08000000}}.{{TAG:0007:0000:08000000}}.{{TAG:0007:0000:08000000}}.{{TAG:0007:0000:14000000}} Ich zieh ab jetzt nur
noch das an,{{TAG:0007:0000:08000000}} was mir auch wirklich
gefällt!","{{TAG:0003:001B:}}Gördün{{TAG:0007:0000:28000000}} mü? Daha giymeden
biliyordum!{{TAG:0000:0004:}}{{TAG:0003:0006:}} Kusura bakma ama...{{TAG:0007:0000:08000000}}{{TAG:0007:0000:08000000}}{{TAG:0007:0000:08000000}}{{TAG:0007:0000:14000000}}
sevdiğim şeyleri giymeye devam edeceğim!"
44,045,Well{{TAG:0007:0000:08000000}}.{{TAG:0007:0000:08000000}}.{{TAG:0007:0000:08000000}}.{{TAG:0007:0000:14000000}}I'll try it on when I feel like it!,"Bueno{{TAG:0007:0000:08000000}}.{{TAG:0007:0000:08000000}}.{{TAG:0007:0000:08000000}}.{{TAG:0007:0000:14000000}} yo esto ya me lo pruebo
cuando esté algo más inspirada.","Hum{{TAG:0007:0000:08000000}}.{{TAG:0007:0000:08000000}}.{{TAG:0007:0000:08000000}}.{{TAG:0007:0000:14000000}} J'l'essaierai quand ça
m'chantera...","Beh{{TAG:0007:0000:08000000}}.{{TAG:0007:0000:08000000}}.{{TAG:0007:0000:08000000}}.{{TAG:0007:0000:14000000}} quando ne avrò voglia,
vedrò come mi sta.","{{TAG:0007:0000:08000000}}.{{TAG:0007:0000:08000000}}.{{TAG:0007:0000:08000000}}.{{TAG:0007:0000:14000000}}Ich probier das an, wenn ich
Bock drauf hab!",Neyse{{TAG:0007:0000:08000000}}{{TAG:0007:0000:08000000}}{{TAG:0007:0000:08000000}}.{{TAG:0007:0000:14000000}}.. Canım isteyince denerim!
45,046,"{{TAG:0007:0000:08000000}}.{{TAG:0007:0000:08000000}}.{{TAG:0007:0000:08000000}}.{{TAG:0007:0000:14000000}}{{TAG:0003:0025:}}Well, I guess I should try it on, eh?","{{TAG:0003:0025:}}Bueno, ¿qué quieres, que me
pruebe esto o qué?","{{TAG:0007:0000:08000000}}.{{TAG:0007:0000:08000000}}.{{TAG:0007:0000:08000000}}.{{TAG:0007:0000:14000000}} {{TAG:0003:0025:}}Allez, j'l'essaie quand même !","{{TAG:0007:0000:08000000}}.{{TAG:0007:0000:08000000}}.{{TAG:0007:0000:08000000}}.{{TAG:0007:0000:14000000}}{{TAG:0003:0025:}} Beh, forse dovrei provare
come mi sta, eh?","{{TAG:0007:0000:08000000}}.{{TAG:0007:0000:08000000}}.{{TAG:0007:0000:08000000}}.{{TAG:0007:0000:14000000}}{{TAG:0003:0025:}}Vielleicht sollte ich dem eine
Chance geben?","{{TAG:0007:0000:08000000}}.{{TAG:0007:0000:08000000}}.{{TAG:0007:0000:08000000}}{{TAG:0007:0000:14000000}}{{TAG:0003:0025:}}.Peki, sanırım denemeliyim, ha?"
46,047,"{{TAG:0003:000F:}}Hey, {{TAG:0007:0000:0A000000}}not bad!{{TAG:0007:0000:14000000}} This works better for
me than I expected!{{TAG:0000:0004:}}{{TAG:0003:0025:}}Maybe it's the color!{{TAG:0007:0000:14000000}} Yep, definitely
the color!","{{TAG:0003:000F:}}Oye, {{TAG:0007:0000:0A000000}}¡no está mal!{{TAG:0007:0000:14000000}} ¡Pensé que
me quedaría peor! {{TAG:0003:0025:}}Va a ser el
color...{{TAG:0007:0000:14000000}} ¡Sí, yo creo que es eso!","{{TAG:0003:000F:}}Hé,{{TAG:0007:0000:0A000000}} c'est pas si mal !{{TAG:0007:0000:14000000}} Bien mieux
qu'prévu, en tout cas !{{TAG:0000:0004:}}{{TAG:0003:0025:}}C'est la couleur qui fait tout !{{TAG:0007:0000:0A000000}} Aucun
doute !","{{TAG:0003:000F:}}Ehi, {{TAG:0007:0000:0A000000}}niente male!{{TAG:0007:0000:14000000}} Mi sta meglio
di quanto pensassi!{{TAG:0000:0004:}}{{TAG:0003:0025:}}Forse è il colore!{{TAG:0007:0000:14000000}} Sì, è di sicuro
questo colore che mi dona da matti!","{{TAG:0003:000F:}}Hey, {{TAG:0007:0000:0A000000}}gar nicht mal so schlecht!{{TAG:0007:0000:14000000}}
Steht mir besser,{{TAG:0007:0000:0A000000}} als ich dachte!{{TAG:0007:0000:28000000}}
{{TAG:0003:0025:}}Die Farbe steht mir einfach total!","{{TAG:0003:000F:}}Hey,{{TAG:0007:0000:0A000000}} hiç fena{{TAG:0007:0000:14000000}} değil!
Beklediğimden daha iyi durmuş{{TAG:0000:0004:}}{{TAG:0003:0025:}}!
Rengindendir{{TAG:0007:0000:14000000}} belki. Evet, kesin renk!"
47,048,"{{TAG:0003:0017:}}{{TAG:0007:0000:08000000}}.{{TAG:0007:0000:08000000}}.{{TAG:0007:0000:08000000}}.{{TAG:0007:0000:14000000}}Whaddaya think?{{TAG:000F:0005:15002800}}
Looks good!
Pretty bad!","{{TAG:0003:0017:}}¿A ti qué te parece?{{TAG:000F:0005:15002800}}
¡Te queda de lujo!
¡MIS OJOS!","{{TAG:0003:0017:}}{{TAG:0007:0000:08000000}}.{{TAG:0007:0000:08000000}}.{{TAG:0007:0000:08000000}}.{{TAG:0007:0000:14000000}} Comment tu m'trouves ?{{TAG:000F:0005:15002800}}
Classe !
Au secours...","{{TAG:0003:0017:}}{{TAG:0007:0000:08000000}}.{{TAG:0007:0000:08000000}}.{{TAG:0007:0000:08000000}}.{{TAG:0007:0000:14000000}} Allora, che ne dici?{{TAG:000F:0005:15002800}}
Stai bene!
Non ci siamo.","{{TAG:0003:0017:}}{{TAG:0007:0000:08000000}}.{{TAG:0007:0000:08000000}}.{{TAG:0007:0000:08000000}}.{{TAG:0007:0000:14000000}}Was denkst du?{{TAG:000F:0005:15002800}}
Ja, schon!
Lass mal lieber...","{{TAG:0003:0017:}}{{TAG:0007:0000:08000000}}.{{TAG:0007:0000:08000000}}{{TAG:0007:0000:08000000}}.{{TAG:0007:0000:14000000}}.Ne dersin?{{TAG:000F:0005:15002800}}
Yakışmış!
Bayağı kötü!"
48,049,"{{TAG:0003:0016:}}What, {{TAG:0007:0000:14000000}}really?{{TAG:0007:0001:}} {{TAG:0003:001A:}}Heh heh{{TAG:0007:0000:08000000}}.{{TAG:0007:0000:08000000}}.{{TAG:0007:0000:08000000}}.{{TAG:0007:0000:14000000}} I'm happy to
hear it!","{{TAG:0003:0010:}}¿En serio?{{TAG:0007:0001:}} {{TAG:0003:001A:}}Ji, ji, ji{{TAG:0007:0000:08000000}}.{{TAG:0007:0000:08000000}}.{{TAG:0007:0000:08000000}}.{{TAG:0007:0000:14000000}} Ay, ¡que vas
a hacer que me ponga colorada!","{{TAG:0003:0016:}}Quoi ?{{TAG:0007:0000:14000000}} Sérieux ?!{{TAG:0007:0001:}} {{TAG:0003:001A:}}Hi hi{{TAG:0007:0000:08000000}}.{{TAG:0007:0000:08000000}}.{{TAG:0007:0000:08000000}}.{{TAG:0007:0000:14000000}} Ça fait
plaisir à entendre !","{{TAG:0003:000F:}}Come, {{TAG:0007:0000:14000000}}davvero?{{TAG:0007:0001:}} {{TAG:0003:001A:}}Eh eh{{TAG:0007:0000:08000000}}.{{TAG:0007:0000:08000000}}.{{TAG:0007:0000:08000000}}.{{TAG:0007:0000:14000000}}
Mi fa piacere sentirtelo dire.","{{TAG:0003:0021:}}Ich hab halt 'nen Riecher für so was!{{TAG:0007:0001:}}
{{TAG:0003:001A:}}Äh{{TAG:0007:0000:08000000}}.{{TAG:0007:0000:08000000}}.{{TAG:0007:0000:08000000}}.{{TAG:0007:0000:14000000}} Wie peinlich,{{TAG:0007:0000:08000000}} ich werd ja rot!","{{TAG:0003:0016:}}Ne,{{TAG:0007:0000:14000000}} gerçekten{{TAG:0007:0001:}} mi{{TAG:0003:001A:}}? Heh{{TAG:0007:0000:08000000}} heh{{TAG:0007:0000:08000000}}.{{TAG:0007:0000:08000000}}.{{TAG:0007:0000:14000000}}.
Bunu duymak iyi geldi!"
49,050,{{TAG:0003:0011:}}{{TAG:0007:0000:08000000}}.{{TAG:0007:0000:08000000}}.{{TAG:0007:0000:08000000}}.{{TAG:0007:0000:14000000}}Really?,{{TAG:0003:0011:}}¿De verdad?,{{TAG:0003:0011:}}{{TAG:0007:0000:08000000}}.{{TAG:0007:0000:08000000}}.{{TAG:0007:0000:08000000}}.{{TAG:0007:0000:14000000}} Ah ouais ?!,{{TAG:0003:0011:}}{{TAG:0007:0000:08000000}}.{{TAG:0007:0000:08000000}}.{{TAG:0007:0000:08000000}}.{{TAG:0007:0000:14000000}} Dici sul serio?,{{TAG:0003:0011:}}{{TAG:0007:0000:08000000}}.{{TAG:0007:0000:08000000}}.{{TAG:0007:0000:08000000}}.{{TAG:0007:0000:14000000}}Wirklich?,{{TAG:0003:0011:}}{{TAG:0007:0000:08000000}}.{{TAG:0007:0000:08000000}}.{{TAG:0007:0000:08000000}}{{TAG:0007:0000:14000000}}.Cidden mi?
50,051,"{{TAG:0003:0015:}}But{{TAG:0007:0000:08000000}}.{{TAG:0007:0000:08000000}}.{{TAG:0007:0000:08000000}}.{{TAG:0007:0000:14000000}}it was handpicked for me,{{TAG:0007:0000:08000000}}
so maybe I'll keep it on for a while.","{{TAG:0003:0015:}}Pero{{TAG:0007:0000:08000000}}.{{TAG:0007:0000:08000000}}.{{TAG:0007:0000:08000000}}.{{TAG:0007:0000:14000000}} es que esto lo eligieron
expresamente para mí...{{TAG:0007:0000:08000000}} Creo
que mejor me lo quedo, ¿no?","{{TAG:0003:0015:}}Mais bon{{TAG:0007:0000:08000000}}.{{TAG:0007:0000:08000000}}.{{TAG:0007:0000:08000000}}.{{TAG:0007:0000:14000000}} puisque c'est un cadeau,{{TAG:0007:0000:08000000}}
j'vais pas l'enlever tout d'suite.","{{TAG:0003:0015:}}Ma{{TAG:0007:0000:08000000}}.{{TAG:0007:0000:08000000}}.{{TAG:0007:0000:08000000}}.{{TAG:0007:0000:14000000}} è un regalo che hanno scelto
apposta per me,{{TAG:0007:0000:08000000}} non posso
togliermelo subito...","{{TAG:0003:0015:}}Aber{{TAG:0007:0000:08000000}}.{{TAG:0007:0000:08000000}}.{{TAG:0007:0000:08000000}}.{{TAG:0007:0000:14000000}} aber das wurde extra für
mich ausgesucht!{{TAG:0007:0000:14000000}} Ich glaub,{{TAG:0007:0000:08000000}} ich
behalt's trotzdem an.","{{TAG:0003:0015:}}Ama{{TAG:0007:0000:08000000}}.{{TAG:0007:0000:08000000}}{{TAG:0007:0000:08000000}}.{{TAG:0007:0000:14000000}}. benim için özel seçilmiş{{TAG:0007:0000:08000000}}.
Bir süre üstümde kalsın bari."
51,052,"{{TAG:0003:000A:}}Ah, that's too bad{{TAG:0007:0000:08000000}}.{{TAG:0007:0000:08000000}}.{{TAG:0007:0000:08000000}}.{{TAG:0007:0000:28000000}} {{TAG:0003:0015:}}Well, {{TAG:0007:0000:08000000}}the color
isn't bad, so{{TAG:0007:0000:14000000}} I'll keep it on for a bit.","{{TAG:0003:000A:}}Pues vaya{{TAG:0007:0000:08000000}}.{{TAG:0007:0000:08000000}}.{{TAG:0007:0000:08000000}}.{{TAG:0007:0000:28000000}} {{TAG:0003:0015:}}Bueno,{{TAG:0007:0000:08000000}} el color no
está del todo mal...{{TAG:0007:0000:14000000}} ¡le daré una
oportunidad!","{{TAG:0003:000A:}}Fait suer{{TAG:0007:0000:08000000}}.{{TAG:0007:0000:08000000}}.{{TAG:0007:0000:08000000}}.{{TAG:0007:0000:14000000}} {{TAG:0003:0015:}}Bon,{{TAG:0007:0000:08000000}} vu qu'la couleur me
plaît, j'vais pas l'enlever tout
d'suite.","{{TAG:0003:000A:}}Ah, che peccato{{TAG:0007:0000:08000000}}.{{TAG:0007:0000:08000000}}.{{TAG:0007:0000:08000000}}.{{TAG:0007:0000:28000000}} {{TAG:0003:0015:}}Beh, {{TAG:0007:0000:08000000}}il colore
non è male, {{TAG:0007:0000:14000000}}vediamo se aspettando
un po' magari mi ci abituo...","{{TAG:0003:000A:}}Schade{{TAG:0007:0000:08000000}}.{{TAG:0007:0000:08000000}}.{{TAG:0007:0000:08000000}}.{{TAG:0007:0000:28000000}} {{TAG:0003:0015:}}Die Farbe ist trotzdem
cool.{{TAG:0007:0000:14000000}} Ich probier's einfach mal für
einen Tag.","{{TAG:0003:000A:}}Ah, yazık oldu{{TAG:0007:0000:08000000}}{{TAG:0007:0000:08000000}}.{{TAG:0007:0000:08000000}}{{TAG:0007:0000:28000000}}.{{TAG:0003:0015:}}.{{TAG:0007:0000:08000000}} Neyse, rengi
kötü{{TAG:0007:0000:14000000}} değil. Biraz giyeyim."
52,053,"{{TAG:0003:0015:}}I feel bad but{{TAG:0007:0000:08000000}}.{{TAG:0007:0000:08000000}}.{{TAG:0007:0000:08000000}}.{{TAG:0007:0000:14000000}}I'm gonna stick with
what I like!","{{TAG:0003:000A:}}Me siento algo culpable{{TAG:0007:0000:08000000}}.{{TAG:0007:0000:08000000}}.{{TAG:0007:0000:08000000}}.{{TAG:0007:0000:14000000}} pero creo
que mejor me sigo poniendo cosas
que me gusten.","{{TAG:0003:0015:}}Ça s'fait p't'être pas, mais{{TAG:0007:0000:08000000}}.{{TAG:0007:0000:08000000}}.{{TAG:0007:0000:08000000}}.{{TAG:0007:0000:14000000}} j'vais
en rester aux fringues que j'aime !","{{TAG:0003:0015:}}Mi sento in colpa{{TAG:0007:0000:08000000}}.{{TAG:0007:0000:08000000}}.{{TAG:0007:0000:08000000}}.{{TAG:0007:0000:14000000}} ma credo
che continuerò a mettere
i vestiti che mi piacciono.","{{TAG:0003:0015:}}Schade eigentlich{{TAG:0007:0000:08000000}}.{{TAG:0007:0000:08000000}}.{{TAG:0007:0000:08000000}}.{{TAG:0007:0000:14000000}} Aber meine
alten Sachen sind einfach cooler!","{{TAG:0003:0015:}}Kusura bakma ama{{TAG:0007:0000:08000000}}.{{TAG:0007:0000:08000000}}.{{TAG:0007:0000:08000000}}.{{TAG:0007:0000:14000000}} Ben sevdiğim
şeylerden şaşmayacağım!"
53,054,"{{TAG:0003:000A:}}Well, someone went to the trouble
of getting this for me, so I guess I'll
try it on{{TAG:0007:0000:08000000}}.{{TAG:0007:0000:08000000}}.{{TAG:0007:0000:08000000}}.{{TAG:0007:0000:14000000}}","{{TAG:0003:000A:}}Ya que alguien se ha tomado la
molestia de comprarme esto,{{TAG:0007:0000:14000000}}
mejor me lo pruebo{{TAG:0007:0000:08000000}}.{{TAG:0007:0000:08000000}}.{{TAG:0007:0000:08000000}}.","{{TAG:0003:000A:}}Enfin bon, puisque c'est un cadeau,
j'vais quand même l'essayer{{TAG:0007:0000:08000000}}.{{TAG:0007:0000:08000000}}.{{TAG:0007:0000:08000000}}.","{{TAG:0003:000A:}}Beh, visto che qualcuno si è preso
la briga di scegliere questo regalo
per me, proverò come mi sta{{TAG:0007:0000:08000000}}.{{TAG:0007:0000:08000000}}.{{TAG:0007:0000:08000000}}.{{TAG:0007:0000:14000000}}","{{TAG:0003:000A:}}Aber irgendwer hat sich wegen mir
voll die Mühe gemacht{{TAG:0007:0000:08000000}}.{{TAG:0007:0000:08000000}}.{{TAG:0007:0000:08000000}}.{{TAG:0007:0000:14000000}} Ich glaub,{{TAG:0007:0000:08000000}}
ich behalte es trotzdem an!","{{TAG:0003:000A:}}Birisi bunu benim için seçmeye
uğraşmış. O zaman bir denemek
lazım.{{TAG:0007:0000:08000000}}{{TAG:0007:0000:08000000}}.{{TAG:0007:0000:08000000}}.{{TAG:0007:0000:14000000}}"
54,055,"{{TAG:0003:001B:}}But, man{{TAG:0007:0000:08000000}}.{{TAG:0007:0000:08000000}}.{{TAG:0007:0000:08000000}}.{{TAG:0007:0000:14000000}}if I wear this, everyone is
gonna laugh at me!","{{TAG:0003:001B:}}Pero bueno{{TAG:0007:0000:08000000}}.{{TAG:0007:0000:08000000}}.{{TAG:0007:0000:08000000}}.{{TAG:0007:0000:14000000}} si voy por ahí con
esto, ¡voy a ser el hazmerreír del
pueblo!","{{TAG:0003:001B:}}En plus{{TAG:0007:0000:08000000}}.{{TAG:0007:0000:08000000}}.{{TAG:0007:0000:08000000}}.{{TAG:0007:0000:14000000}} si on m'voit en train
d'porter ce truc, ça va vanner
sévère, je l'sens !","{{TAG:0003:001B:}}Però{{TAG:0007:0000:08000000}}.{{TAG:0007:0000:08000000}}.{{TAG:0007:0000:08000000}}.{{TAG:0007:0000:14000000}} se mi metto un affare così,
mi rideranno tutti dietro!","{{TAG:0003:000D:}}Ich meine{{TAG:0007:0000:08000000}}.{{TAG:0007:0000:08000000}}.{{TAG:0007:0000:08000000}}.{{TAG:0007:0000:14000000}} Die Leute werden mich
doch auslachen,{{TAG:0007:0000:08000000}} wenn sie mich in
dem Ding hier sehn!","{{TAG:0003:001B:}}Ama{{TAG:0007:0000:08000000}} dostum{{TAG:0007:0000:08000000}}{{TAG:0007:0000:08000000}}{{TAG:0007:0000:14000000}}... Bunu giyersem
herkes bana güler!"
55,056,"{{TAG:0003:000A:}}I can't imagine myself wearing this{{TAG:0007:0000:08000000}}.{{TAG:0007:0000:08000000}}.{{TAG:0007:0000:08000000}}.{{TAG:0007:0000:14000000}}{{TAG:000F:0005:00000000}}
Try it on!
Yeah...","{{TAG:0003:000A:}}Yo no me acabo de ver con esto{{TAG:0007:0000:08000000}}.{{TAG:0007:0000:08000000}}.{{TAG:0007:0000:08000000}}.{{TAG:0007:0000:14000000}}{{TAG:000F:0005:00000000}}
¡Dale una oportunidad!
Estoy de acuerdo...","{{TAG:0003:000A:}}Nan, décidément, j'me vois vraiment
pas porter ce machin{{TAG:0007:0000:08000000}}.{{TAG:0007:0000:08000000}}.{{TAG:0007:0000:08000000}}.{{TAG:0007:0000:14000000}}{{TAG:000F:0005:00000000}}
Mais si, essaie-le !
Effectivement...","{{TAG:0003:000A:}}Proprio non mi ci vedo{{TAG:0007:0000:08000000}}.{{TAG:0007:0000:08000000}}.{{TAG:0007:0000:08000000}}.{{TAG:0007:0000:14000000}}{{TAG:000F:0005:00000000}}
Dai, prova come ti sta.
Sì, forse non fa per te.","{{TAG:0003:000A:}}Ich kann mir einfach nicht vorstellen
das zu tragen{{TAG:0007:0000:08000000}}.{{TAG:0007:0000:08000000}}.{{TAG:0007:0000:08000000}}.{{TAG:0007:0000:14000000}}{{TAG:000F:0005:00000000}}
Gib dir 'nen Ruck!
Hast ja recht...","{{TAG:0003:000A:}}Kendimi bunu giyerken hayal bile
edemiyorum{{TAG:0007:0000:08000000}}.{{TAG:0007:0000:08000000}}.{{TAG:0007:0000:08000000}}.{{TAG:0007:0000:14000000}}{{TAG:000F:0005:00000000}}
Bir dene!
Evet ya..."
56,057,"{{TAG:0003:0009:}}Well, {{TAG:0007:0000:08000000}}if you say so{{TAG:0007:0000:08000000}}.{{TAG:0007:0000:08000000}}.{{TAG:0007:0000:08000000}}.{{TAG:0007:0000:14000000}}","{{TAG:0003:0009:}}Bueno, {{TAG:0007:0000:08000000}}si tú lo dices{{TAG:0007:0000:08000000}}.{{TAG:0007:0000:08000000}}.{{TAG:0007:0000:08000000}}.{{TAG:0007:0000:14000000}}","{{TAG:0003:0009:}}Bon,{{TAG:0007:0000:08000000}} si t'insistes{{TAG:0007:0000:08000000}}.{{TAG:0007:0000:08000000}}.{{TAG:0007:0000:08000000}}.","{{TAG:0003:0009:}}Beh, {{TAG:0007:0000:08000000}}se insisti{{TAG:0007:0000:08000000}}.{{TAG:0007:0000:08000000}}.{{TAG:0007:0000:08000000}}.{{TAG:0007:0000:14000000}}",{{TAG:0003:0009:}}Na gut{{TAG:0007:0000:08000000}}.{{TAG:0007:0000:08000000}}.{{TAG:0007:0000:08000000}}.{{TAG:0007:0000:14000000}},{{TAG:0003:0009:}}Madem{{TAG:0007:0000:08000000}} sen öyle diyorsun{{TAG:0007:0000:08000000}}.{{TAG:0007:0000:08000000}}.{{TAG:0007:0000:08000000}}.{{TAG:0007:0000:14000000}}
57,058,{{TAG:0003:000F:}}Huh.{{TAG:0007:0000:14000000}} This might actually work!,"{{TAG:0003:000F:}}¡Anda!{{TAG:0007:0000:14000000}} ¡A lo mejor me queda
bien y todo!","{{TAG:0003:000F:}}Oh.{{TAG:0007:0000:14000000}} C'est p't'être pas si naze,
finalement ?!",{{TAG:0003:000F:}}Mmmh.{{TAG:0007:0000:14000000}} Forse potrebbe funzionare!,"{{TAG:0003:000F:}}Hm.{{TAG:0007:0000:14000000}} Gut, dass ich auf dich gehört
hab!",{{TAG:0003:000F:}}Ha.{{TAG:0007:0000:14000000}} Aslında olabilir!
58,059,{{TAG:0003:001B:}}Awww{{TAG:0007:0000:08000000}}.{{TAG:0007:0000:08000000}}.{{TAG:0007:0000:08000000}}.{{TAG:0007:0000:14000000}}look!{{TAG:0007:0000:14000000}} Told ya it was lame!,"{{TAG:0003:001B:}}Aaay{{TAG:0007:0000:08000000}}.{{TAG:0007:0000:08000000}}.{{TAG:0007:0000:08000000}}.{{TAG:0007:0000:14000000}} ¡Mira!{{TAG:0007:0000:14000000}} ¡Yo ya te dije
que no molaba!","{{TAG:0003:001B:}}Argh{{TAG:0007:0000:08000000}}.{{TAG:0007:0000:08000000}}.{{TAG:0007:0000:08000000}}.{{TAG:0007:0000:14000000}} Regarde !{{TAG:0007:0000:14000000}} C'est à vomir par
les trous d'nez !","{{TAG:0003:001B:}}Aaah{{TAG:0007:0000:08000000}}.{{TAG:0007:0000:08000000}}.{{TAG:0007:0000:08000000}}.{{TAG:0007:0000:14000000}} guarda!{{TAG:0007:0000:14000000}} Te lo avevo detto
che avrei fatto pena!","{{TAG:0003:0014:}}Bäh{{TAG:0007:0000:08000000}}.{{TAG:0007:0000:08000000}}.{{TAG:0007:0000:08000000}}.{{TAG:0007:0000:14000000}} Glaubste's mir jetzt?{{TAG:0007:0000:14000000}} Ich
wusste direkt, dass das nichts
werden kann!",{{TAG:0003:001B:}}Aaa..{{TAG:0007:0000:08000000}}.{{TAG:0007:0000:08000000}}{{TAG:0007:0000:08000000}}{{TAG:0007:0000:14000000}} Bak işte{{TAG:0007:0000:14000000}}! Pek olmamış demiştim!
59,060,"{{TAG:0003:0017:}}{{TAG:0007:0000:08000000}}.{{TAG:0007:0000:08000000}}.{{TAG:0007:0000:08000000}}.{{TAG:0007:0000:14000000}}So what do you think?{{TAG:000F:0005:15002800}}
It looks good!
...","{{TAG:0003:0017:}}Bueno, ¿qué te parece?{{TAG:000F:0005:15002800}}
¡Te sienta bien!
No quieras saberlo","{{TAG:0003:0017:}}{{TAG:0007:0000:08000000}}.{{TAG:0007:0000:08000000}}.{{TAG:0007:0000:08000000}}.{{TAG:0007:0000:14000000}} Alors ? Qu'est-ce t'en penses ?{{TAG:000F:0005:15002800}}
Ça le fait !
...","{{TAG:0003:0017:}}{{TAG:0007:0000:08000000}}.{{TAG:0007:0000:08000000}}.{{TAG:0007:0000:08000000}}.{{TAG:0007:0000:14000000}} Dimmi, che ne pensi?{{TAG:000F:0005:15002800}}
Ti sta bene!
Fai ridere.","{{TAG:0003:0017:}}{{TAG:0007:0000:08000000}}.{{TAG:0007:0000:08000000}}.{{TAG:0007:0000:08000000}}.{{TAG:0007:0000:14000000}}Und?{{TAG:0007:0000:08000000}} Was denkste?{{TAG:000F:0005:15002800}}
Top!
Kein Kommentar...","{{TAG:0003:0017:}}{{TAG:0007:0000:08000000}}.{{TAG:0007:0000:08000000}}{{TAG:0007:0000:08000000}}.{{TAG:0007:0000:14000000}}.Ee, ne dersin?{{TAG:000F:0005:15002800}}
Güzel olmuş!
..."
60,061,"{{TAG:0003:0016:}}What? Really?{{TAG:0007:0000:28000000}} {{TAG:0003:0015:}}Well, maybe I'll just
keep it on for a bit then!","{{TAG:0003:0016:}}¿Qué? ¿De verdad?{{TAG:0007:0000:28000000}} {{TAG:0003:0015:}}Bueno, entonces
creo que me quedo con esto.","{{TAG:0003:0016:}}Quoi ? Pour de vrai ?!{{TAG:0007:0000:1E000000}} {{TAG:0003:0015:}}Dans ce cas,
j'reste comme ça !","{{TAG:0003:000F:}}Come? Sul serio?{{TAG:0007:0000:28000000}} {{TAG:0003:0015:}}Beh, non mollo!{{TAG:0000:0004:}}Come dicono i tipi tosti,
se un look non fa per te oggi,
domani cambierà idea!","{{TAG:0003:0023:}}Probieren geht über Studieren!{{TAG:0007:0000:28000000}} {{TAG:0003:0015:}}
Ich lass das mal an.","{{TAG:0003:0016:}}Ne? Gerçekten{{TAG:0007:0000:28000000}}{{TAG:0003:0015:}} mi? O zaman biraz
üstümde kalsın!"
61,062,"{{TAG:0003:001B:}}OK{{TAG:0007:0000:08000000}}.{{TAG:0007:0000:08000000}}.{{TAG:0007:0000:08000000}}.{{TAG:0007:0000:14000000}}if you wanna laugh, just laugh!",{{TAG:0003:001B:}}Vale{{TAG:0007:0000:08000000}}.{{TAG:0007:0000:08000000}}.{{TAG:0007:0000:08000000}}.{{TAG:0007:0000:14000000}} ¡Tú piensa lo que quieras!,"{{TAG:0003:001B:}}C'est-à-dire{{TAG:0007:0000:08000000}}.{{TAG:0007:0000:08000000}}.{{TAG:0007:0000:08000000}}.{{TAG:0007:0000:08000000}}?{{TAG:0007:0000:14000000}} Si tu veux t'marrer,
te gêne pas pour moi, hein...","{{TAG:0003:001B:}}OK{{TAG:0007:0000:08000000}}.{{TAG:0007:0000:08000000}}.{{TAG:0007:0000:08000000}}.{{TAG:0007:0000:14000000}} che vuoi che ti dica?!
Se vuoi ridere... ridi!","{{TAG:0003:001B:}}Okay{{TAG:0007:0000:08000000}}.{{TAG:0007:0000:08000000}}.{{TAG:0007:0000:08000000}}.{{TAG:0007:0000:14000000}} Tu dir keinen Zwang an,{{TAG:0007:0000:08000000}}
lach ruhig!",{{TAG:0003:001B:}}Tamam{{TAG:0007:0000:08000000}}{{TAG:0007:0000:08000000}}{{TAG:0007:0000:08000000}}{{TAG:0007:0000:14000000}}... Gülmek istiyorsan gül!
62,063,"{{TAG:0003:0005:}}I had no idea he would give me
something like this{{TAG:0007:0000:08000000}}.{{TAG:0007:0000:08000000}}.{{TAG:0007:0000:08000000}}.{{TAG:0007:0000:14000000}} I guess he's
grown up a bit?","{{TAG:0003:0005:}}Quién me iba a decir que me
regalaría algo así{{TAG:0007:0000:08000000}}.{{TAG:0007:0000:08000000}}.{{TAG:0007:0000:08000000}}.{{TAG:0007:0000:14000000}} A lo mejor
es que ha madurado, ¿no?","{{TAG:0003:0005:}}J'aurais jamais imaginé
{{TAG:000E:000A:080071007500650020000600710075002700}}{{TAG:0011:0001:0100}} m'offrirait un truc
pareil{{TAG:0007:0000:08000000}}.{{TAG:0007:0000:08000000}}.{{TAG:0007:0000:08000000}}.{{TAG:0007:0000:14000000}} Il aurait mûri, tu crois ?!","{{TAG:0003:0005:}}Da lui non mi aspettavo un regalo
del genere{{TAG:0007:0000:08000000}}.{{TAG:0007:0000:08000000}}.{{TAG:0007:0000:08000000}}.{{TAG:0007:0000:14000000}} Niente male! Si vede
che pian piano sta crescendo...","{{TAG:0003:0023:}}Hätte jetzt nicht gedacht, dass er
mir so was schenken würde{{TAG:0007:0000:08000000}}.{{TAG:0007:0000:08000000}}.{{TAG:0007:0000:08000000}}.{{TAG:0007:0000:14000000}} Ist er
etwa endlich erwachsen geworden?","{{TAG:0003:0005:}}Bana böyle bir şey vereceğini
hiç düşünmezdim{{TAG:0007:0000:08000000}}.{{TAG:0007:0000:08000000}}.{{TAG:0007:0000:08000000}}.{{TAG:0007:0000:14000000}} Biraz
olgunlaşmış galiba?"
63,064,"{{TAG:0003:0005:}}For him to give me something like
this{{TAG:0007:0000:08000000}}.{{TAG:0007:0000:08000000}}.{{TAG:0007:0000:08000000}}.{{TAG:0007:0000:14000000}} It's a weird turn of events,
don't you think?","{{TAG:0003:0005:}}Qué curioso que me haya
dado esto.{{TAG:0007:0000:14000000}} Ay, ahora no
sé qué pensar, ¡ji, ji, ji!","{{TAG:0003:0005:}}N'empêche, que LUI m'offre autre
chose qu'un ballon de foot{{TAG:0007:0000:08000000}}.{{TAG:0007:0000:08000000}}.{{TAG:0007:0000:08000000}}.{{TAG:0007:0000:14000000}} c'est
carrément surréaliste !","{{TAG:0003:0005:}}È proprio strano che mi regali
una cosa del genere{{TAG:0007:0000:08000000}}.{{TAG:0007:0000:08000000}}.{{TAG:0007:0000:08000000}}.{{TAG:0007:0000:14000000}} Non credi?","{{TAG:0003:0023:}}So was Cooles hätt ich dem nicht
zugetraut{{TAG:0007:0000:08000000}}.{{TAG:0007:0000:08000000}}.{{TAG:0007:0000:08000000}}.{{TAG:0007:0000:14000000}} Wer hätte das gedacht?","{{TAG:0003:0005:}}Bana böyle bir şey vermesi...{{TAG:0007:0000:08000000}}
İşler{{TAG:0007:0000:08000000}}{{TAG:0007:0000:08000000}}{{TAG:0007:0000:14000000}} bayağı tuhaf bir yere
geldi, değil mi?"
64,065,"{{TAG:0003:0005:}}Haha! I can just picture him in the
store picking out something like
this{{TAG:0007:0000:08000000}}.{{TAG:0007:0000:08000000}}.{{TAG:0007:0000:08000000}}.{{TAG:0007:0000:14000000}} I bet he was terrified!","{{TAG:0003:0005:}}¡Ji, ji, ji! Solo de imaginármelo en
la tienda intentando elegir algo{{TAG:0007:0000:08000000}}.{{TAG:0007:0000:08000000}}.{{TAG:0007:0000:08000000}}.{{TAG:0007:0000:14000000}}
¡es que me mondo yo sola!","{{TAG:0003:0005:}}Hi hi !{{TAG:0007:0000:0F000000}} J'imagine son air terrifié au
moment d'entrer dans la boutique
où il a acheté ce truc !","{{TAG:0003:0005:}}Ah ah! Non riesco a immaginarmelo
in un negozio a comprare una cosa
del genere{{TAG:0007:0000:08000000}}.{{TAG:0007:0000:08000000}}.{{TAG:0007:0000:08000000}}.{{TAG:0007:0000:14000000}} Come avrà fatto?!","{{TAG:0003:001D:}}Gaha! {{TAG:0007:0000:14000000}}Ich wünschte, ich hätte sein
Gesicht gesehen, als er extra für
mich Klamotten ausgesucht hat{{TAG:0007:0000:08000000}}.{{TAG:0007:0000:08000000}}.{{TAG:0007:0000:08000000}}.","{{TAG:0003:0005:}}Haha! Dükkânda böyle bir şey
seçerken gözümün önüne
geliyor..{{TAG:0007:0000:08000000}}{{TAG:0007:0000:08000000}}.{{TAG:0007:0000:08000000}}{{TAG:0007:0000:14000000}} Kesin ödü kopmuştur!"
65,066,"{{TAG:0003:0005:}}For him to give me something like
this{{TAG:0007:0000:08000000}}.{{TAG:0007:0000:08000000}}.{{TAG:0007:0000:08000000}}.{{TAG:0007:0000:14000000}} It just proves he has
surprisingly good taste!","{{TAG:0003:0005:}}Mira que darme algo así{{TAG:0007:0000:08000000}}.{{TAG:0007:0000:08000000}}.{{TAG:0007:0000:08000000}}.{{TAG:0007:0000:14000000}}
¡Si al final va a resultar que el
chico tiene buen gusto y todo!","{{TAG:0003:0005:}}Bon, si y'a bien un truc qu'on peut
pas lui enlever{{TAG:0007:0000:08000000}}.{{TAG:0007:0000:08000000}}.{{TAG:0007:0000:08000000}}.{{TAG:0007:0000:14000000}} c'est son goût en
matière de mode !","{{TAG:0003:0005:}}Ma certo! Un esperto di moda come
lui non poteva di certo sbagliare{{TAG:0007:0000:08000000}}.{{TAG:0007:0000:08000000}}.{{TAG:0007:0000:08000000}}.{{TAG:0007:0000:14000000}}
Ha stile da vendere quello là!","{{TAG:0003:0012:}}Und das kommt von dem?{{TAG:0007:0000:14000000}} Wer
hätte gedacht, dass er doch
Geschmack hat{{TAG:0007:0000:08000000}}.{{TAG:0007:0000:08000000}}.{{TAG:0007:0000:08000000}}.{{TAG:0007:0000:14000000}}","{{TAG:0003:0005:}}Bana böyle bir şey vermesi...{{TAG:0007:0000:08000000}}
Demek{{TAG:0007:0000:08000000}}{{TAG:0007:0000:08000000}}{{TAG:0007:0000:14000000}} ki şaşırtıcı derecede iyi
zevki varmış!"
66,067,"{{TAG:0003:0005:}}Haha!{{TAG:0007:0000:08000000}} She is so girly!{{TAG:0007:0000:08000000}} But I guess
that's OK{{TAG:0007:0000:08000000}}.{{TAG:0007:0000:08000000}}.{{TAG:0007:0000:08000000}}.{{TAG:0007:0000:14000000}}sometimes.","{{TAG:0003:0005:}}¡Ji, ji, ji!{{TAG:0007:0000:08000000}} Ay, qué femenina es...{{TAG:0007:0000:08000000}}
Supongo que no es nada malo{{TAG:0007:0000:08000000}}.{{TAG:0007:0000:08000000}}.{{TAG:0007:0000:08000000}}.{{TAG:0007:0000:14000000}}
de vez en cuando, claro.","{{TAG:0003:0005:}}Hi hi !{{TAG:0007:0000:0F000000}} Un choix typiquement
féminin !{{TAG:0007:0000:14000000}} Ça m'étonne pas d'elle !","{{TAG:0003:0005:}}Ah ah ah!{{TAG:0007:0000:08000000}} È sempre così leziosa!{{TAG:0007:0000:08000000}}
Ma in fondo{{TAG:0007:0000:08000000}}.{{TAG:0007:0000:08000000}}.{{TAG:0007:0000:08000000}}.{{TAG:0007:0000:14000000}} a volte può andare.","{{TAG:0003:0023:}}Haha!{{TAG:0007:0000:08000000}} Sie ist manchmal so 'n Girlie!{{TAG:0007:0000:08000000}}
Ab und an ist das ja gar nicht so
schlimm{{TAG:0007:0000:08000000}}.{{TAG:0007:0000:08000000}}.{{TAG:0007:0000:08000000}}.{{TAG:0007:0000:14000000}}","{{TAG:0003:0005:}}Haha!{{TAG:0007:0000:08000000}} Ne kadar kız kıza{{TAG:0007:0000:08000000}} bir
seçim! Ama... bazen{{TAG:0007:0000:08000000}}{{TAG:0007:0000:08000000}}{{TAG:0007:0000:08000000}}{{TAG:0007:0000:14000000}} fena değil."
67,068,"{{TAG:0003:0005:}}Wow! She really has a good eye for
fashion!","{{TAG:0003:0005:}}¡Ostras! Pues sí que controla
de moda, ¿eh?","{{TAG:0003:0005:}}La mode, ça la connaît, aucun doute
là-dessus !","{{TAG:0003:0005:}}Beh, sì! Lei di moda se ne intende,
non c'è il minimo dubbio.","{{TAG:0003:001D:}}Wow!{{TAG:0007:0000:14000000}} In Sachen Fashion hat sie's
ja echt total raus!",{{TAG:0003:0005:}}Vay! Modada gerçekten iyi gözü var!
68,069,"{{TAG:0003:0005:}}I can't believe she gave me
something like this{{TAG:0007:0000:08000000}}.{{TAG:0007:0000:08000000}}.{{TAG:0007:0000:08000000}}.{{TAG:0007:0000:14000000}} Must be her
grown-up sensibility in action.","{{TAG:0003:0005:}}Es increíble que me haya dado algo
así.{{TAG:0007:0000:14000000}} Yo creo que últimamente está
como mucho más formalita, ¿no?","{{TAG:0003:0005:}}C'est fou qu'elle ait dégoté un truc
aussi chouette{{TAG:0007:0000:08000000}}.{{TAG:0007:0000:08000000}}.{{TAG:0007:0000:08000000}}.{{TAG:0007:0000:14000000}} Comme quoi,
l'expérience, y'a qu'ça d'vrai !","{{TAG:0003:0005:}}Non posso credere che mi abbia
fatto questo regalo{{TAG:0007:0000:08000000}}.{{TAG:0007:0000:08000000}}.{{TAG:0007:0000:08000000}}.{{TAG:0007:0000:14000000}} Sarà stato
il suo spirito materno a guidarla!","{{TAG:0003:0023:}}Dass sie mir so was besorgt{{TAG:0007:0000:08000000}}.{{TAG:0007:0000:08000000}}.{{TAG:0007:0000:08000000}}.{{TAG:0007:0000:14000000}}
Die ist doch immer so erwachsen!","{{TAG:0003:0005:}}Bana böyle bir şey verdiğine
inanamıyorum{{TAG:0007:0000:08000000}}{{TAG:0007:0000:08000000}}{{TAG:0007:0000:08000000}}.{{TAG:0007:0000:14000000}}.. Demek olgun
tarafı devreye girmiş."
69,070,"{{TAG:0003:0005:}}Haha! She really does get me!{{TAG:0007:0000:14000000}}
{{TAG:0007:0000:08000000}}.{{TAG:0007:0000:08000000}}.{{TAG:0007:0000:08000000}}.{{TAG:0007:0000:14000000}}Awesome!","{{TAG:0003:0005:}}¡Ji, ji, ji! ¡Pues sí que me conoce!{{TAG:0007:0000:14000000}}
¡Qué pasote!","{{TAG:0003:0005:}}Hi hi ! Elle met dans l'mille à tous
les coups !{{TAG:0007:0000:14000000}} C'est la meilleure !","{{TAG:0003:0005:}}Ah ah! Beh, lei sì che mi conosce!{{TAG:0007:0000:14000000}}
{{TAG:0007:0000:08000000}}.{{TAG:0007:0000:08000000}}.{{TAG:0007:0000:08000000}}.{{TAG:0007:0000:14000000}} Che storia!","{{TAG:0003:002C:}}Gaha! {{TAG:0007:0000:14000000}}Die hat's einfach drauf!{{TAG:0007:0000:14000000}}
{{TAG:0007:0000:08000000}}.{{TAG:0007:0000:08000000}}.{{TAG:0007:0000:08000000}}.{{TAG:0007:0000:14000000}}Hammer!","{{TAG:0003:0005:}}Haha! Beni gerçekten çözmüş{{TAG:0007:0000:14000000}}!{{TAG:0007:0000:08000000}}
{{TAG:0007:0000:08000000}}.{{TAG:0007:0000:08000000}}.{{TAG:0007:0000:14000000}}.Süper!"
70,071,"{{TAG:0003:0015:}}Yeah, she really womanned up!{{TAG:0007:0000:14000000}}
{{TAG:0003:001B:}}She took the first step, so now I'm
gonna have to apologize too.","{{TAG:0003:0015:}}¡Sí, está hecha toda una dama!{{TAG:0007:0000:14000000}}
{{TAG:0003:001B:}}Bueno, como ella ha dado el primer
paso, ¡ahora me toca disculparme!","{{TAG:0003:0015:}}En tout cas, elle a fait preuve de
maturité, pour une fois !{{TAG:0000:0004:}}{{TAG:0003:001B:}}Mais maintenant qu'elle a fait
l'premier pas, chuis obligée d'aller
m'excuser à mon tour...","{{TAG:0003:0015:}}Lei sì che è una donna vera!{{TAG:0007:0000:14000000}}
{{TAG:0003:001B:}}Ha fatto il primo passo, ora tocca
a me andare a scusarmi!","{{TAG:0003:0015:}}Sie ist echt über ihren Schatten
gesprungen!{{TAG:0007:0000:14000000}} {{TAG:0003:001B:}}Dann muss ich mich
wohl auch bei ihr entschuldigen!","{{TAG:0003:0015:}}Evet, cesaret edip ilk{{TAG:0007:0000:14000000}}{{TAG:0003:001B:}} adımı
attı! Şimdi benim de gidip özür
dilemem gerekecek."
71,072,"{{TAG:0003:0015:}}Yeah, he really manned up!{{TAG:0007:0000:14000000}} {{TAG:0003:001B:}}He took
the first step, so now I'm gonna
have to apologize too.","{{TAG:0003:0015:}}¡Sí, está hecho todo un hombretón!{{TAG:0007:0000:14000000}}
{{TAG:0003:001B:}}Bueno, como él ha dado el primer
paso, ¡ahora me toca disculparme!","{{TAG:0003:0015:}}En tout cas, il a fait preuve de
maturité, pour une fois !{{TAG:0000:0004:}}{{TAG:0003:001B:}}Mais maintenant qu'il a fait
l'premier pas, chuis obligée d'aller
m'excuser à mon tour...","{{TAG:0003:0015:}}È diventato un vero uomo!{{TAG:0007:0000:14000000}}
{{TAG:0003:001B:}}Ha fatto il primo passo, ora tocca
a me andare a scusarmi!","{{TAG:0003:0015:}}Er ist echt über seinen Schatten
gesprungen!{{TAG:0007:0000:14000000}} {{TAG:0003:001B:}}Dann muss ich mich
wohl auch bei ihm entschuldigen!","{{TAG:0003:0015:}}Evet, cesaret edip ilk{{TAG:0007:0000:14000000}}{{TAG:0003:001B:}} adımı
attı! Şimdi benim de gidip özür
dilemem gerekecek."
72,073,"{{TAG:0003:0015:}}Wow,{{TAG:0007:0000:0A000000}} I had no idea she'd go this far!{{TAG:0007:0000:14000000}}{{TAG:0000:0004:}}{{TAG:0003:001B:}}We girls just can't keep fighting
like this forever{{TAG:0007:0000:08000000}}.{{TAG:0007:0000:08000000}}.{{TAG:0007:0000:08000000}}.{{TAG:0007:0000:14000000}} Yeah,{{TAG:0007:0000:08000000}} I need to go
apologize to her.","{{TAG:0003:0015:}}Caramba,{{TAG:0007:0000:0A000000}} ¡pues sí que se lo ha
tomado en serio!{{TAG:0007:0000:14000000}}{{TAG:0000:0004:}}{{TAG:0003:001B:}}Cómo somos las chicas, siempre
peleándonos{{TAG:0007:0000:08000000}}.{{TAG:0007:0000:08000000}}.{{TAG:0007:0000:08000000}}.{{TAG:0007:0000:14000000}} En fin,{{TAG:0007:0000:08000000}} tendré que
ir a pedirle perdón.","{{TAG:0003:0015:}}En tout cas,{{TAG:0007:0000:0A000000}} c'est un sacré cadeau
qu'elle m'a fait là !{{TAG:0000:0004:}}{{TAG:0003:001B:}}Il est temps d'mettre fin à cette
embrouille{{TAG:0007:0000:08000000}}.{{TAG:0007:0000:08000000}}.{{TAG:0007:0000:08000000}}.{{TAG:0007:0000:14000000}} Ouaip,{{TAG:0007:0000:08000000}} j'vais aller la
voir et m'excuser...","{{TAG:0003:0015:}}Mamma mia!{{TAG:0007:0000:0A000000}} Non pensavo che
si sarebbe spinta a tanto!{{TAG:0007:0000:14000000}}{{TAG:0000:0004:}}{{TAG:0003:001B:}}Dopotutto, non possiamo continuare
a litigare per sempre{{TAG:0007:0000:08000000}}.{{TAG:0007:0000:08000000}}.{{TAG:0007:0000:08000000}}.{{TAG:0007:0000:14000000}}
Sì,{{TAG:0007:0000:08000000}} devo andare a scusarmi.","{{TAG:0003:0015:}}Wow,{{TAG:0007:0000:0A000000}} hätte nicht gedacht, dass
sie so weit geht!{{TAG:0007:0000:14000000}}{{TAG:0000:0004:}}{{TAG:0003:001B:}}Aber ehrlich{{TAG:0007:0000:08000000}}.{{TAG:0007:0000:08000000}}.{{TAG:0007:0000:08000000}}.{{TAG:0007:0000:14000000}} Wir können uns nicht
ewig in den Haaren liegen.{{TAG:0007:0000:08000000}} Ich muss
mich auch bei ihr entschuldigen.","{{TAG:0003:0015:}}Vay,{{TAG:0007:0000:0A000000}} bu kadar ileri gideceğini
hiç{{TAG:0007:0000:14000000}}{{TAG:0000:0004:}}{{TAG:0003:001B:}} düşünmezdim! Biz böyle
sonsuza kadar kavga edemeyiz{{TAG:0007:0000:08000000}}{{TAG:0007:0000:08000000}}{{TAG:0007:0000:08000000}}{{TAG:0007:0000:14000000}}...{{TAG:0007:0000:08000000}}
Evet, gidip özür dilemeliyim."
73,074,"{{TAG:0003:0015:}}Wow,{{TAG:0007:0000:0A000000}} I had no idea he'd go this far!{{TAG:0007:0000:14000000}}{{TAG:0000:0004:}}{{TAG:0003:001B:}}I can't keep fighting with this guy
forever{{TAG:0007:0000:08000000}}.{{TAG:0007:0000:08000000}}.{{TAG:0007:0000:08000000}}.{{TAG:0007:0000:14000000}} Yeah,{{TAG:0007:0000:08000000}} I need to go
apologize to him.","{{TAG:0003:0015:}}Caramba,{{TAG:0007:0000:0A000000}} ¡parece que se lo ha
tomado muy a pecho!{{TAG:0007:0000:14000000}}{{TAG:0000:0004:}}{{TAG:0003:001B:}}Si seguimos así, estaremos
enfadados toda la vida{{TAG:0007:0000:08000000}}.{{TAG:0007:0000:08000000}}.{{TAG:0007:0000:08000000}}.{{TAG:0007:0000:14000000}} Sí,{{TAG:0007:0000:08000000}} 
tendré que ir a disculparme.","{{TAG:0003:0015:}}En tout cas,{{TAG:0007:0000:0A000000}} c'est un sacré cadeau
qu'il m'a fait là !{{TAG:0000:0004:}}{{TAG:0003:001B:}}Il est temps d'mettre fin à cette
embrouille{{TAG:0007:0000:08000000}}.{{TAG:0007:0000:08000000}}.{{TAG:0007:0000:08000000}}.{{TAG:0007:0000:14000000}} Ouaip,{{TAG:0007:0000:08000000}} j'vais aller l'voir
et m'excuser...","{{TAG:0003:0015:}}Mamma mia!{{TAG:0007:0000:0A000000}} Non pensavo
si sarebbe spinto a tanto!{{TAG:0000:0004:}}{{TAG:0003:001B:}}Dopotutto, non possiamo continuare
a litigare per sempre{{TAG:0007:0000:08000000}}.{{TAG:0007:0000:08000000}}.{{TAG:0007:0000:08000000}}.{{TAG:0007:0000:14000000}}
Sì,{{TAG:0007:0000:08000000}} devo andare a scusarmi.","{{TAG:0003:0015:}}Wow,{{TAG:0007:0000:0A000000}} hätte nicht gedacht, dass
er so weit geht!{{TAG:0007:0000:14000000}}{{TAG:0000:0004:}}{{TAG:0003:001B:}}Aber ehrlich{{TAG:0007:0000:08000000}}.{{TAG:0007:0000:08000000}}.{{TAG:0007:0000:08000000}}.{{TAG:0007:0000:14000000}} Wir können uns nicht
ewig in den Haaren liegen.{{TAG:0007:0000:08000000}} Ich muss
mich auch bei ihm entschuldigen.","{{TAG:0003:0015:}}Vay,{{TAG:0007:0000:0A000000}} bu kadar ileri gideceğini
hiç{{TAG:0007:0000:14000000}}{{TAG:0000:0004:}}{{TAG:0003:001B:}} düşünmezdim! Bu adamla
sonsuza kadar kavga{{TAG:0007:0000:08000000}}{{TAG:0007:0000:08000000}}{{TAG:0007:0000:08000000}} edemem{{TAG:0007:0000:14000000}}...{{TAG:0007:0000:08000000}}
Evet, gidip özür dilemeliyim."
74,075,"{{TAG:0003:0015:}}I had no idea she'd have the guts to
go this far!{{TAG:0000:0004:}}{{TAG:0003:001B:}}We girls can't keep fighting like this
forever{{TAG:0007:0000:08000000}}.{{TAG:0007:0000:08000000}}.{{TAG:0007:0000:08000000}}.{{TAG:0007:0000:14000000}} Yeah,{{TAG:0007:0000:08000000}} I need to apologize!","{{TAG:0003:0015:}}¡Pues sí que tiene narices para
llegar tan lejos!{{TAG:0000:0004:}}{{TAG:0003:001B:}}Cómo somos las chicas, siempre
armando lío{{TAG:0007:0000:08000000}}.{{TAG:0007:0000:08000000}}.{{TAG:0007:0000:08000000}}.{{TAG:0007:0000:14000000}} En fin,{{TAG:0007:0000:08000000}} tendré que
ir a pedirle perdón.","{{TAG:0003:0015:}}En tout cas, on peut dire qu'elle a
mis l'paquet ! J'm'y attendais
vraiment pas !
{{TAG:0003:001B:}}Cette embrouille a assez duré{{TAG:0007:0000:08000000}}.{{TAG:0007:0000:08000000}}.{{TAG:0007:0000:08000000}}.{{TAG:0007:0000:14000000}}
Ouaip,{{TAG:0007:0000:08000000}} j'vais aller la voir et
m'excuser...","{{TAG:0003:0015:}}Non pensavo che avesse il coraggio
di fare una cosa simile!{{TAG:0000:0004:}}{{TAG:0003:001B:}}Non possiamo andare avanti
a litigare per sempre{{TAG:0007:0000:08000000}}.{{TAG:0007:0000:08000000}}.{{TAG:0007:0000:08000000}}.{{TAG:0007:0000:14000000}}
Sì,{{TAG:0007:0000:08000000}} devo chiederle scusa!","{{TAG:0003:0015:}}Wow,{{TAG:0007:0000:0A000000}} hätte nicht gedacht, dass
sie so was bringt!{{TAG:0007:0000:14000000}}{{TAG:0000:0004:}}{{TAG:0003:001B:}}Aber ehrlich{{TAG:0007:0000:08000000}}.{{TAG:0007:0000:08000000}}.{{TAG:0007:0000:08000000}}.{{TAG:0007:0000:14000000}} Wir können uns nicht
ewig in den Haaren liegen.{{TAG:0007:0000:08000000}} Ich muss
mich auch bei ihr entschuldigen.","{{TAG:0003:0015:}}Bu kadar ileri gidecek cesareti
olduğunu bilmiyordum{{TAG:0000:0004:}}{{TAG:0003:001B:}}! Biz böyle
sonsuza kadar kavga edemeyiz{{TAG:0007:0000:08000000}}{{TAG:0007:0000:08000000}}{{TAG:0007:0000:08000000}}.{{TAG:0007:0000:14000000}}..
Evet{{TAG:0007:0000:08000000}}, özür dilemeliyim!"
75,076,"{{TAG:0003:0015:}}I had no idea he'd have the guts to
go this far!{{TAG:0000:0004:}}{{TAG:0003:001B:}}I can't keep fighting with this guy
forever{{TAG:0007:0000:08000000}}.{{TAG:0007:0000:08000000}}.{{TAG:0007:0000:08000000}}.{{TAG:0007:0000:14000000}} Yeah,{{TAG:0007:0000:08000000}} I need to apologize!","{{TAG:0003:0015:}}¡Pues sí que tiene narices para
llegar tan lejos!{{TAG:0000:0004:}}{{TAG:0003:001B:}}Si seguimos así, estaremos
de mal rollo toda la vida{{TAG:0007:0000:08000000}}.{{TAG:0007:0000:08000000}}.{{TAG:0007:0000:08000000}}.{{TAG:0007:0000:14000000}}
Sí,{{TAG:0007:0000:08000000}} tendré que disculparme.","{{TAG:0003:0015:}}En tout cas, on peut dire qu'il a mis
l'paquet ! J'm'y attendais vraiment
pas !
{{TAG:0003:001B:}}Cette embrouille a assez duré{{TAG:0007:0000:08000000}}.{{TAG:0007:0000:08000000}}.{{TAG:0007:0000:08000000}}.{{TAG:0007:0000:14000000}}
Ouaip,{{TAG:0007:0000:08000000}} j'vais aller l'voir et
m'excuser...","{{TAG:0003:0015:}}Non pensavo che avesse il coraggio
di fare una cosa simile!{{TAG:0000:0004:}}{{TAG:0003:001B:}}Non possiamo andare avanti
a litigare per sempre{{TAG:0007:0000:08000000}}.{{TAG:0007:0000:08000000}}.{{TAG:0007:0000:08000000}}.{{TAG:0007:0000:14000000}}
Sì,{{TAG:0007:0000:08000000}} devo chiedergli scusa!","{{TAG:0003:0015:}}Wow,{{TAG:0007:0000:0A000000}} hätte nicht gedacht, dass
er so weit geht!{{TAG:0007:0000:14000000}}{{TAG:0000:0004:}}{{TAG:0003:001B:}}Aber ehrlich{{TAG:0007:0000:08000000}}.{{TAG:0007:0000:08000000}}.{{TAG:0007:0000:08000000}}.{{TAG:0007:0000:14000000}} Wir können uns nicht
ewig in den Haaren liegen.{{TAG:0007:0000:08000000}} Ich muss
mich auch bei ihm entschuldigen.","{{TAG:0003:0015:}}Bu kadar ileri gidecek cesareti
olduğunu{{TAG:0000:0004:}}{{TAG:0003:001B:}} bilmiyordum! Bu adamla
sonsuza kadar kavga edemem{{TAG:0007:0000:08000000}}{{TAG:0007:0000:08000000}}{{TAG:0007:0000:08000000}}.{{TAG:0007:0000:14000000}}..
Evet{{TAG:0007:0000:08000000}}, özür dilemeliyim!"
76,077,"{{TAG:0003:0025:}}Well, it's the thought that counts,{{TAG:0007:0000:14000000}}
and this was a good thought!","{{TAG:0003:0025:}}Bueno, la intención es lo que
cuenta.{{TAG:0007:0000:14000000}} ¡O eso dicen!","{{TAG:0003:0025:}}Bah, c'est l'geste qui compte...{{TAG:0007:0000:14000000}} et
celui-ci était plutôt bien vu !","{{TAG:0003:0025:}}Beh, basta il pensiero, no?{{TAG:0007:0000:14000000}}
E questo è stato un bel pensiero!","{{TAG:0003:0024:}}Der Gedanke zählt,{{TAG:0007:0000:08000000}} nich' wahr?{{TAG:0007:0000:14000000}}
Und das hier war ein guter Gedanke!","{{TAG:0003:0025:}}Niyeti önemli; bunda da{{TAG:0007:0000:14000000}} niyeti
gayet iyiymiş!"
77,078,"{{TAG:0003:0025:}}It's the thought that counts, and
this was a good thought!{{TAG:0000:0004:}}{{TAG:0003:001B:}}She really womanned up{{TAG:0007:0000:08000000}}.{{TAG:0007:0000:08000000}}.{{TAG:0007:0000:08000000}}.{{TAG:0007:0000:14000000}} I guess I
better apologize too!","{{TAG:0003:0025:}}Bueno, la intención es lo que cuenta.
{{TAG:0003:001B:}}Creo que ha madurado mucho.{{TAG:0007:0000:14000000}}
¡Debería pedirle perdón!","{{TAG:0003:0025:}}Bah, c'est l'geste qui compte...{{TAG:0007:0000:14000000}} et
celui-ci était plutôt bien vu !{{TAG:0000:0004:}}{{TAG:0003:001B:}}On voit qu'elle a mûri{{TAG:0007:0000:08000000}}.{{TAG:0007:0000:08000000}}.{{TAG:0007:0000:08000000}}.{{TAG:0007:0000:14000000}} J'crois que
j'ferais bien d'aller m'excuser à mon
tour !","{{TAG:0003:0025:}}Beh, come si dice, basta il pensiero.
E questo è stato proprio bello!{{TAG:0000:0004:}}{{TAG:0003:001B:}}Lei è più matura di me{{TAG:0007:0000:08000000}}.{{TAG:0007:0000:08000000}}.{{TAG:0007:0000:08000000}}.{{TAG:0007:0000:14000000}} Forse
dovrei andare anch'io a scusarmi!","{{TAG:0003:0024:}}Der Gedanke zählt,{{TAG:0007:0000:08000000}} nicht wahr?{{TAG:0007:0000:14000000}}
Und das hier war ein guter Gedanke!{{TAG:0000:0004:}}{{TAG:0003:001B:}}Die lässt sich absolut nicht lumpen{{TAG:0007:0000:08000000}}.{{TAG:0007:0000:08000000}}.{{TAG:0007:0000:08000000}}.{{TAG:0007:0000:14000000}}
Dann muss ich mich wohl auch bei
ihr entschuldigen!","{{TAG:0003:0025:}}Niyeti önemli; bunda da niyeti
iyiymiş! İlk{{TAG:0000:0004:}}{{TAG:0003:001B:}} adımı attı...
Sanırım{{TAG:0007:0000:08000000}}{{TAG:0007:0000:08000000}}{{TAG:0007:0000:08000000}}{{TAG:0007:0000:14000000}} ben de özür dilemeliyim!"
78,079,"{{TAG:0003:0025:}}It's the thought that counts, and
this was a good thought!{{TAG:0000:0004:}}{{TAG:0003:001B:}}He really manned up{{TAG:0007:0000:08000000}}.{{TAG:0007:0000:08000000}}.{{TAG:0007:0000:08000000}}.{{TAG:0007:0000:14000000}} I guess I
better apologize too!","{{TAG:0003:0025:}}Bueno, la intención es lo que
cuenta... ¡y la suya era buena!{{TAG:0000:0004:}}{{TAG:0003:001B:}}Bueno, supongo que quiere decir
que ha madurado.{{TAG:0007:0000:14000000}} ¡Debería ir
a pedirle perdón!","{{TAG:0003:0025:}}Bah, c'est l'geste qui compte...{{TAG:0007:0000:14000000}} et
celui-ci était plutôt bien vu !{{TAG:0000:0004:}}{{TAG:0003:001B:}}On voit qu'il a mûri{{TAG:0007:0000:08000000}}.{{TAG:0007:0000:08000000}}.{{TAG:0007:0000:08000000}}.{{TAG:0007:0000:14000000}} J'crois que
j'ferais bien d'aller m'excuser à mon
tour !","{{TAG:0003:0025:}}Beh, come si dice, basta il pensiero.
E questo è stato proprio bello!{{TAG:0000:0004:}}{{TAG:0003:001B:}}Lui è più maturo di me{{TAG:0007:0000:08000000}}.{{TAG:0007:0000:08000000}}.{{TAG:0007:0000:08000000}}.{{TAG:0007:0000:14000000}} Forse
dovrei andare anch'io a scusarmi!","{{TAG:0003:0024:}}Der Gedanke zählt,{{TAG:0007:0000:08000000}} nicht wahr?{{TAG:0007:0000:14000000}}
Und das hier war ein guter Gedanke!{{TAG:0000:0004:}}{{TAG:0003:001B:}}Der lässt sich absolut nich' lumpen{{TAG:0007:0000:08000000}}.{{TAG:0007:0000:08000000}}.{{TAG:0007:0000:08000000}}.{{TAG:0007:0000:14000000}}
Dann muss ich mich wohl auch bei
ihm entschuldigen!","{{TAG:0003:0025:}}Niyeti önemli; bunda da niyeti
iyiymiş! İlk adımı{{TAG:0000:0004:}}{{TAG:0003:001B:}} attı...
Sanırım{{TAG:0007:0000:08000000}}{{TAG:0007:0000:08000000}}{{TAG:0007:0000:08000000}}{{TAG:0007:0000:14000000}} ben de özür dilemeliyim!"
79,080,"{{TAG:0003:0025:}}It's the thought that counts, and
this was a good thought!{{TAG:0000:0004:}}{{TAG:0003:001B:}}I guess I should apologize too{{TAG:0007:0000:08000000}}.{{TAG:0007:0000:08000000}}.{{TAG:0007:0000:08000000}}.{{TAG:0007:0000:14000000}} We
girls can't keep fighting forever!","{{TAG:0003:0025:}}Lo que cuenta es la intención...
¡y las intenciones eran buenísimas!{{TAG:0000:0004:}}{{TAG:0003:001B:}}Ay, yo también debería ir a
disculparme.{{TAG:0007:0000:14000000}} Qué malotas
somos las chicas a veces, ¿eh?","{{TAG:0003:0025:}}Bah, c'est l'geste qui compte...{{TAG:0007:0000:14000000}} et
celui-ci était plutôt bien vu !{{TAG:0000:0004:}}{{TAG:0003:001B:}}J'imagine que c'est mon tour d'aller
m'excuser{{TAG:0007:0000:08000000}}.{{TAG:0007:0000:08000000}}.{{TAG:0007:0000:08000000}}.{{TAG:0007:0000:14000000}} Cette guéguerre a
assez duré comme ça !","{{TAG:0003:0025:}}È il pensiero che conta
e lei è stata molto gentile!{{TAG:0000:0004:}}{{TAG:0003:001B:}}Devo andare a scusarmi anch'io{{TAG:0007:0000:08000000}}.{{TAG:0007:0000:08000000}}.{{TAG:0007:0000:08000000}}.{{TAG:0007:0000:14000000}}
Non possiamo andare avanti
a litigare in eterno!","{{TAG:0003:0024:}}Der Gedanke zählt,{{TAG:0007:0000:08000000}} nicht wahr?{{TAG:0007:0000:14000000}}
Und das hier war ein guter Gedanke!{{TAG:0000:0004:}}{{TAG:0003:001B:}}Aber ehrlich{{TAG:0007:0000:08000000}}.{{TAG:0007:0000:08000000}}.{{TAG:0007:0000:08000000}}.{{TAG:0007:0000:14000000}} Wir können uns nicht
ewig in den Haaren liegen.{{TAG:0007:0000:08000000}} Ich muss
mich auch bei ihr entschuldigen.","{{TAG:0003:0025:}}Niyeti önemli; bunda da niyeti
iyiymiş! Sanırım{{TAG:0000:0004:}}{{TAG:0003:001B:}} ben de özür
dilemeliyim...{{TAG:0007:0000:08000000}}{{TAG:0007:0000:08000000}}{{TAG:0007:0000:08000000}} Böyle{{TAG:0007:0000:14000000}} sonsuza
kadar kavga edemeyiz!"
80,081,"{{TAG:0003:0025:}}It's the thought that counts, and
this was a good thought!{{TAG:0000:0004:}}{{TAG:0003:001B:}}I guess I should apologize too{{TAG:0007:0000:08000000}}.{{TAG:0007:0000:08000000}}.{{TAG:0007:0000:08000000}}.{{TAG:0007:0000:14000000}} I 
can't keep fighting with this dude
forever, ya know!","{{TAG:0003:0025:}}Lo que cuenta es la intención...
¡y en este caso era inmejorable!{{TAG:0000:0004:}}{{TAG:0003:001B:}}Pues yo tendré que disculparme
entonces.{{TAG:0007:0000:14000000}} No vamos a seguir
de morros toda la vida, ¿no?","{{TAG:0003:0025:}}Bah, c'est l'geste qui compte...{{TAG:0007:0000:14000000}} et
celui-ci était plutôt bien vu !{{TAG:0000:0004:}}{{TAG:0003:001B:}}J'imagine que c'est mon tour d'aller
m'excuser{{TAG:0007:0000:08000000}}.{{TAG:0007:0000:08000000}}.{{TAG:0007:0000:08000000}}.{{TAG:0007:0000:14000000}} Cette guéguerre a
assez duré comme ça !","{{TAG:0003:0025:}}È il pensiero che conta
e lui è stato molto gentile!{{TAG:0000:0004:}}{{TAG:0003:001B:}}Devo andare a scusarmi anch'io{{TAG:0007:0000:08000000}}.{{TAG:0007:0000:08000000}}.{{TAG:0007:0000:08000000}}.{{TAG:0007:0000:14000000}}
Non possiamo andare avanti
a litigare in eterno!","{{TAG:0003:0024:}}Der Gedanke zählt,{{TAG:0007:0000:08000000}} nicht wahr?{{TAG:0007:0000:14000000}}
Und das hier war ein guter Gedanke!{{TAG:0000:0004:}}{{TAG:0003:001B:}}Der lässt sich absolut nich' lumpen{{TAG:0007:0000:08000000}}.{{TAG:0007:0000:08000000}}.{{TAG:0007:0000:08000000}}.{{TAG:0007:0000:14000000}}
Dann muss ich mich wohl auch bei
ihm entschuldigen!","{{TAG:0003:0025:}}Niyeti önemli; bunda da niyeti
iyiymiş! Sanırım{{TAG:0000:0004:}}{{TAG:0003:001B:}} ben de özür
dilemeliyim{{TAG:0007:0000:08000000}}{{TAG:0007:0000:08000000}}{{TAG:0007:0000:08000000}}{{TAG:0007:0000:14000000}}... Bu herifle
sonsuza kadar kavga edemem!"
81,082,"{{TAG:0003:0025:}}It's the thought that counts, and
this was a good thought!{{TAG:0000:0004:}}{{TAG:0003:001B:}}It hurts to admit it{{TAG:0007:0000:08000000}}.{{TAG:0007:0000:08000000}}.{{TAG:0007:0000:08000000}}.{{TAG:0007:0000:14000000}}but we girls
can't keep fighting forever.","{{TAG:0003:0025:}}Lo que cuenta es la intención...
¡y en este caso era muy buena!{{TAG:0000:0004:}}{{TAG:0003:001B:}}Me cuesta reconocerlo, pero{{TAG:0007:0000:08000000}}.{{TAG:0007:0000:08000000}}.{{TAG:0007:0000:08000000}}.{{TAG:0007:0000:14000000}}
¡las chicas tenemos que estar
unidas, no divididas! {{TAG:0003:0024:}}¡Ji, ji, ji!","{{TAG:0003:0025:}}Bah, c'est l'geste qui compte...{{TAG:0007:0000:14000000}} et
celui-ci était plutôt bien vu !{{TAG:0000:0004:}}{{TAG:0003:001B:}}Ça m'coûte de l'dire, mais{{TAG:0007:0000:08000000}}.{{TAG:0007:0000:08000000}}.{{TAG:0007:0000:08000000}}.{{TAG:0007:0000:14000000}} faut
bien arrêter d'se crêper l'chignon à
un moment ou à un autre !","{{TAG:0003:0025:}}È il pensiero che conta e questo
è stato proprio un bel pensiero
da parte sua!{{TAG:0000:0004:}}{{TAG:0003:001B:}}Mi dà fastidio ammetterlo{{TAG:0007:0000:08000000}}.{{TAG:0007:0000:08000000}}.{{TAG:0007:0000:08000000}}.{{TAG:0007:0000:14000000}}
ma non possiamo continuare
a litigare per sempre!","{{TAG:0003:0024:}}Der Gedanke zählt,{{TAG:0007:0000:08000000}} nicht wahr?{{TAG:0007:0000:14000000}}
Und das hier war ein guter Gedanke!{{TAG:0000:0004:}}{{TAG:0003:001B:}}Ich will's ja eigentlich nicht zugeben,
aber{{TAG:0007:0000:08000000}}.{{TAG:0007:0000:08000000}}.{{TAG:0007:0000:08000000}}.{{TAG:0007:0000:14000000}} Ich find, dass ich mich wieder
mit ihr vertragen sollte.","{{TAG:0003:0025:}}Niyeti önemli; bunda da niyeti
iyiymiş! Kabul{{TAG:0000:0004:}}{{TAG:0003:001B:}} etmek zor ama{{TAG:0007:0000:08000000}}{{TAG:0007:0000:08000000}}{{TAG:0007:0000:08000000}}
böyle{{TAG:0007:0000:14000000}} sonsuza kadar kavga edemeyiz."
82,083,"{{TAG:0003:0025:}}It's the thought that counts, and
this was a good thought!{{TAG:0000:0004:}}{{TAG:0003:001B:}}It hurts to admit it{{TAG:0007:0000:08000000}}.{{TAG:0007:0000:08000000}}.{{TAG:0007:0000:08000000}}.{{TAG:0007:0000:14000000}}but I can't keep
fighting with this guy forever!","{{TAG:0003:0025:}}Lo que cuenta es la intención...
¡y en este caso era muy buena!{{TAG:0000:0004:}}{{TAG:0003:001B:}}Me cuesta reconocerlo, pero{{TAG:0007:0000:08000000}}.{{TAG:0007:0000:08000000}}.{{TAG:0007:0000:08000000}}.{{TAG:0007:0000:14000000}}
¡pero en el fondo este chico
me cae bien! {{TAG:0003:0024:}}¡Ji, ji, ji!","{{TAG:0003:0025:}}Bah, c'est l'geste qui compte...{{TAG:0007:0000:14000000}} et
celui-ci était plutôt bien vu !{{TAG:0000:0004:}}{{TAG:0003:001B:}}Ça m'coûte de l'dire, mais{{TAG:0007:0000:08000000}}.{{TAG:0007:0000:08000000}}.{{TAG:0007:0000:08000000}}.{{TAG:0007:0000:14000000}} faut
bien qu'cette embrouille prenne fin
à un moment ou à un autre !","{{TAG:0003:0025:}}È il pensiero che conta e questo
è stato proprio un bel pensiero
da parte sua!{{TAG:0000:0004:}}{{TAG:0003:001B:}}Mi dà fastidio ammetterlo{{TAG:0007:0000:08000000}}.{{TAG:0007:0000:08000000}}.{{TAG:0007:0000:08000000}}.{{TAG:0007:0000:14000000}}
ma non possiamo continuare
a litigare per sempre!","{{TAG:0003:0024:}}Der Gedanke zählt,{{TAG:0007:0000:08000000}} nicht wahr?{{TAG:0007:0000:14000000}}
Und das hier war ein guter Gedanke!{{TAG:0000:0004:}}{{TAG:0003:001B:}}Ich will's ja eigentlich nicht zugeben,
aber{{TAG:0007:0000:08000000}}.{{TAG:0007:0000:08000000}}.{{TAG:0007:0000:08000000}}.{{TAG:0007:0000:14000000}} Ich find, dass ich mich wieder
mit ihm vertragen sollte.","{{TAG:0003:0025:}}Niyeti önemli; bunda da niyeti
iyiymiş! Kabul{{TAG:0000:0004:}}{{TAG:0003:001B:}} etmek zor ama{{TAG:0007:0000:08000000}}{{TAG:0007:0000:08000000}}{{TAG:0007:0000:08000000}} bu{{TAG:0007:0000:14000000}}
adamla sonsuza kadar kavga edemem!"
83,084,"{{TAG:0003:0026:}}Well, no worries!{{TAG:0007:0000:14000000}} I'm just happy
to get something! {{TAG:0007:0000:28000000}}{{TAG:0003:0025:}}","{{TAG:0003:0026:}}En fin, ¡no pasa nada!{{TAG:0007:0000:14000000}} Por lo
menos me ha dado algo, ¿no?{{TAG:0007:0000:28000000}}{{TAG:0003:0025:}}","{{TAG:0003:0026:}}Bah, c'est cool !{{TAG:0007:0000:14000000}} Chuis toujours
ravie qu'on pense à moi, t'sais !{{TAG:0007:0000:0F000000}}{{TAG:0003:0025:}}","{{TAG:0003:0026:}}Beh, non importa!{{TAG:0007:0000:14000000}}
Sono contenta che almeno mi abbia
regalato qualcosa!{{TAG:0007:0000:28000000}}{{TAG:0003:0025:}}","{{TAG:0003:0020:}}Ach, halb so schlimm!{{TAG:0007:0000:14000000}} Ich bin happy,
dass ich überhaupt was gekriegt
hab! {{TAG:0007:0000:28000000}}{{TAG:0003:0025:}}","{{TAG:0003:0026:}}Sorun değil! Bir{{TAG:0007:0000:14000000}} şey almış olmak
bile beni mutlu etti!{{TAG:0007:0000:28000000}}{{TAG:0003:0025:}}"
84,085,"{{TAG:0003:0026:}}No worries!{{TAG:0007:0000:14000000}} I'm just happy they
thought about me!{{TAG:0007:0000:28000000}}{{TAG:0003:0000:}}{{TAG:0003:0015:}} It's{{TAG:0007:0000:08000000}}.{{TAG:0007:0000:08000000}}.{{TAG:0007:0000:08000000}}.{{TAG:0007:0000:14000000}}a symbol of
us burying the hatchet!","{{TAG:0003:0026:}}¡No pasa nada!{{TAG:0007:0000:14000000}} Al menos ha pensado
en mí, que es lo que cuenta.{{TAG:0007:0000:28000000}}{{TAG:0003:0000:}}{{TAG:0003:0015:}}{{TAG:0000:0004:}}Es una señal.{{TAG:0007:0000:14000000}} ¡Tenemos que
enterrar el hacha de guerra!","{{TAG:0003:0026:}}Bah, c'est cool !{{TAG:0007:0000:14000000}} Chuis toujours
ravie qu'on pense à moi, t'sais !{{TAG:0007:0000:0A000000}}{{TAG:0003:0000:}}{{TAG:0000:0004:}}{{TAG:0003:0015:}}En plus, ça doit vouloir dire qu'on
va pouvoir enterrer la hache de
guerre !","{{TAG:0003:0026:}}Non importa!{{TAG:0007:0000:14000000}} Sono contenta che
mi abbia almeno pensata!{{TAG:0007:0000:28000000}}{{TAG:0003:0000:}}{{TAG:0003:0015:}} E così{{TAG:0007:0000:08000000}}.{{TAG:0007:0000:08000000}}.{{TAG:0007:0000:08000000}}.{{TAG:0007:0000:14000000}}
seppelliamo l'ascia di guerra!","{{TAG:0003:0020:}}Ach, halb so schlimm!{{TAG:0007:0000:14000000}} Ich seh das
eher als Zeichen{{TAG:0007:0000:08000000}}.{{TAG:0007:0000:08000000}}.{{TAG:0007:0000:08000000}}.{{TAG:0007:0000:14000000}} Wir können 
endlich das Kriegsbeil begraben!","{{TAG:0003:0026:}}Sorun değil{{TAG:0007:0000:14000000}}! Beni düşünmüş
olması yeter! Bu...{{TAG:0007:0000:28000000}}{{TAG:0003:0000:}}{{TAG:0003:0015:}}{{TAG:0007:0000:08000000}} aramızdaki{{TAG:0007:0000:08000000}}{{TAG:0007:0000:08000000}}{{TAG:0007:0000:14000000}}
baltayı gömdüğümüzün işareti!"
85,086,"{{TAG:0003:0026:}}No worries!{{TAG:0007:0000:14000000}} It's the thought that
counts, and this was a nice thought!","{{TAG:0003:0026:}}¡No pasa nada!{{TAG:0007:0000:14000000}} Por lo menos
la intención era buena...","{{TAG:0003:0026:}}Bah, c'est cool !{{TAG:0007:0000:14000000}} C'est l'geste qui
compte, et çui-là était plutôt bien
vu !","{{TAG:0003:0026:}}Pazienza!{{TAG:0007:0000:14000000}} È il pensiero che conta
e questo è stato un bel pensiero!","{{TAG:0003:0024:}}Mach dir keinen Kopf!{{TAG:0007:0000:14000000}}
Der Gedanke zählt!","{{TAG:0003:0026:}}Sorun değil{{TAG:0007:0000:14000000}}! Niyeti önemli;
bunda da niyeti gayet hoşmuş!"
86,087,"{{TAG:0003:0015:}}Man, I guess they are pretty
concerned{{TAG:0007:0000:08000000}}.{{TAG:0007:0000:08000000}}.{{TAG:0007:0000:08000000}}.{{TAG:0007:0000:14000000}}{{TAG:0007:0000:0A000000}}{{TAG:0003:0025:}} I should apologize too!","{{TAG:0003:000A:}}Vaya, supongo que en el fondo
le puede la preocupación.
{{TAG:0003:0025:}}¡Debería ir a disculparme!","{{TAG:0003:0015:}}J'imagine qu'notre p'tit différend
lui pèse{{TAG:0007:0000:08000000}}.{{TAG:0007:0000:08000000}}.{{TAG:0007:0000:08000000}}.{{TAG:0007:0000:14000000}} {{TAG:0003:0025:}}Faut vraiment qu'j'aille
m'excuser aussi !","{{TAG:0003:0015:}}Uffa, mi sa che si sente in colpa{{TAG:0007:0000:08000000}}.{{TAG:0007:0000:08000000}}.{{TAG:0007:0000:08000000}}.{{TAG:0007:0000:14000000}}{{TAG:0007:0000:0A000000}}
{{TAG:0003:0025:}}Devo andare a scusarmi anch'io!","{{TAG:0003:000F:}}Mann! {{TAG:0007:0000:14000000}}Scheint, als ob die Tröte sich
ernsthaft Sorgen macht{{TAG:0007:0000:08000000}}.{{TAG:0007:0000:08000000}}.{{TAG:0007:0000:08000000}}.{{TAG:0007:0000:14000000}}{{TAG:0007:0000:0A000000}}{{TAG:0003:0025:}} Ich sollte
mich auch entschuldigen!","{{TAG:0003:0015:}}Vay be, gerçekten kafasına
takmış... Ben{{TAG:0007:0000:08000000}}{{TAG:0007:0000:08000000}}{{TAG:0007:0000:08000000}} de{{TAG:0007:0000:14000000}}{{TAG:0007:0000:0A000000}}{{TAG:0003:0025:}} gidip özür dilemeliyim!"
