entry,label,EN,ES,FR,IT,DE,TRANSLATION
0,001,"{{TAG:0003:0001:}}I just want to eat some{{TAG:0000:0003:0200}} fruit{{TAG:0000:0003:FFFF}}!
Any kind is A-OK with me.{{TAG:0007:0000:14000000}} {{TAG:0003:0005:}}I'm gonna
go wash up to get ready!","{{TAG:0003:0001:}}¡Yo solo quiero un poco de{{TAG:0000:0003:0200}} fruta{{TAG:0000:0003:FFFF}}!
Me da igual de qué tipo.{{TAG:0007:0000:14000000}} {{TAG:0003:0005:}}¡Voy
a lavarme las manos ya!","{{TAG:0003:0001:}}J'ai BESOIN de manger un{{TAG:0000:0003:0200}} fruit {{TAG:0000:0003:FFFF}}!
N'importe lequel.{{TAG:0007:0000:14000000}} {{TAG:0003:0005:}}Dépêche-toi, moi
je file me laver les mains.","{{TAG:0003:0001:}}Ho voglia di{{TAG:0000:0003:0200}} frutta{{TAG:0000:0003:FFFF}}! Qualsiasi tipo
va bene, a me piace tutta.{{TAG:0007:0000:14000000}}
{{TAG:0003:0005:}}Mi lavo le mani e ti aspetto, OK?!","{{TAG:0003:0005:}}Ich will 'ne {{TAG:0000:0003:0200}}Frucht{{TAG:0000:0003:FFFF}}!{{TAG:0007:0000:14000000}} Eine leckere
{{TAG:0000:0003:0200}}Frucht{{TAG:0000:0003:FFFF}}!{{TAG:0007:0000:14000000}} Die Sorte ist mir ganz egal!{{TAG:0007:0000:28000000}}
Ich wasch mir schon mal die Hände.","{{TAG:0003:0001:}}Ben sadece biraz meyve yemek{{TAG:0000:0003:0200}}
istiyorum{{TAG:0000:0003:FFFF}}! Türü hiç fark etmez.
Hazırlık{{TAG:0007:0000:14000000}}{{TAG:0003:0005:}} olsun diye gidip
ellerimi yıkayayım!"
1,002,"{{TAG:0003:0009:}}I'm still super hungry. Please bring
me some {{TAG:0000:0003:0200}}fruit{{TAG:0000:0003:FFFF}},{{TAG:0007:0000:08000000}} {{TAG:0005:0007:}}!","{{TAG:0003:0009:}}Sigo superhambriento. ¡Tráeme
un poco de {{TAG:0000:0003:0200}}fruta{{TAG:0000:0003:FFFF}},{{TAG:0007:0000:08000000}} {{TAG:0005:0007:}}!","{{TAG:0003:0009:}}J'ai faim. Apporte-moi un {{TAG:0000:0003:0200}}fruit {{TAG:0000:0003:FFFF}}s'il
te plaît,{{TAG:0007:0000:08000000}} {{TAG:0005:0007:}}.","{{TAG:0003:0009:}}Ho ancora una gran fame. Ti prego,
portami della {{TAG:0000:0003:0200}}frutta{{TAG:0000:0003:FFFF}},{{TAG:0007:0000:08000000}} {{TAG:0005:0007:}}!","{{TAG:0003:0009:}}Mein Magen knurrt immer noch wie
verrückt.{{TAG:0007:0000:14000000}} Bitte, bring mir eine
{{TAG:0000:0003:0200}}Frucht{{TAG:0000:0003:FFFF}},{{TAG:0007:0000:08000000}} {{TAG:0005:0007:}}!","{{TAG:0003:0009:}}Hâlâ çok açım. Bana biraz meyve
getir{{TAG:0000:0003:0200}} lütfen{{TAG:0000:0003:FFFF}},{{TAG:0007:0000:08000000}} {{TAG:0005:0007:}}!"
2,003,"{{TAG:0003:0001:}}Remember, I'd like {{TAG:000E:0002:}}
{{TAG:0000:0003:0200}}{{TAG:0011:0003:0000}}{{TAG:0000:0003:FFFF}}, please,
{{TAG:0005:0007:}}!","{{TAG:0003:0001:}}Recuerda, ¡quiero {{TAG:000E:0002:}}
{{TAG:0000:0003:0200}}{{TAG:0011:0003:0000}}{{TAG:0000:0003:FFFF}},
{{TAG:0005:0007:}}!","{{TAG:0003:0001:}}Rappelle-toi, ce que je veux c'est
{{TAG:000E:0002:}}{{TAG:0000:0003:0200}}{{TAG:0011:0003:0000}}{{TAG:0000:0003:FFFF}}.
Merci, {{TAG:0005:0007:}}.","{{TAG:0003:0001:}}Non dimenticare che mi andrebbe
{{TAG:000E:0002:}}{{TAG:0000:0003:0200}}{{TAG:0011:0003:0000}}{{TAG:0000:0003:FFFF}}.
Che frutto delizioso, {{TAG:0005:0007:}}!","{{TAG:0003:0001:}}Denkst du an {{TAG:000E:0008:00CD0C006D00650069006E0065006E000A006D00650069006E00650008006D00650069006E00}}
{{TAG:0011:0003:0000}},
{{TAG:0005:0008:}}?","{{TAG:0003:0001:}}Unutma, ben {{TAG:000E:0002:}} {{TAG:0000:0003:0200}}{{TAG:0011:0003:0000}}{{TAG:0000:0003:FFFF}} istiyorum, {{TAG:0005:0007:}}!"
3,004,"{{TAG:0003:0004:}}I really want to eat a piece of
{{TAG:0000:0003:0200}}perfect fruit{{TAG:0000:0003:FFFF}}!{{TAG:0000:0003:0200}}{{TAG:0007:0000:14000000}}{{TAG:0000:0003:FFFF}}{{TAG:0007:0001:}} {{TAG:0003:0001:}}Any kind is OK!{{TAG:0007:0000:14000000}} Please
bring me some,{{TAG:0007:0000:08000000}} {{TAG:0005:0007:}}!","{{TAG:0003:0004:}}¡Me apetece mucho comerme
una {{TAG:0000:0003:0200}}fruta deliciosa{{TAG:0000:0003:FFFF}}!{{TAG:0007:0000:14000000}}{{TAG:0007:0001:}} {{TAG:0003:0001:}}¡Me vale de
cualquier tipo,{{TAG:0007:0000:08000000}} {{TAG:0005:0007:}}!","{{TAG:0003:0004:}}J'ai super envie d'un {{TAG:0000:0003:0200}}fruit parfait{{TAG:0000:0003:FFFF}}.{{TAG:0007:0001:}}
{{TAG:0003:0001:}}N'importe lequel fera l'affaire.{{TAG:0007:0000:14000000}}
Allez, s'il te plaît...{{TAG:0007:0000:08000000}} {{TAG:000E:0003:}}{{TAG:0005:0007:}} !","{{TAG:0003:0004:}}Vorrei tanto un {{TAG:0000:0003:0200}}frutto perfetto{{TAG:0000:0003:FFFF}}! {{TAG:0007:0000:14000000}}{{TAG:0007:0001:}}
{{TAG:0003:0001:}}Qualsiasi tipo va bene!{{TAG:0007:0000:14000000}} Pancia piena,
cuor contento!{{TAG:0007:0000:08000000}} {{TAG:000E:0003:}}{{TAG:0005:0007:}}!","{{TAG:0003:0004:}}Ich hab ja sooo Lust auf eine
{{TAG:0000:0003:0200}}1a-Frucht{{TAG:0000:0003:FFFF}}!{{TAG:0007:0000:14000000}} {{TAG:0003:0001:}}Die Sorte ist mir egal,
solange die Qualität 1a ist!","{{TAG:0003:0004:}}Bir parça kusursuz meyve yemeyi
çok{{TAG:0000:0003:0200}} istiyorum!{{TAG:0000:0003:FFFF}}{{TAG:0000:0003:0200}}{{TAG:0007:0000:14000000}}{{TAG:0000:0003:FFFF}}{{TAG:0007:0001:}} Türü{{TAG:0003:0001:}} fark etmez.{{TAG:0007:0000:14000000}}
Bana biraz getir lütfen,{{TAG:0007:0000:08000000}} {{TAG:0005:0007:}}!"
4,005,"{{TAG:0003:0001:}}Remember that {{TAG:0000:0003:0200}}fruit{{TAG:0000:0003:FFFF}} I asked you for
before?{{TAG:0007:0000:14000000}} I finally got to try some!{{TAG:0007:0001:}}
{{TAG:0003:0004:}}It filled up my belly AND my heart!
{{TAG:0003:0005:}}If I want some more, maybe I'll
ask you again,{{TAG:0007:0000:08000000}} {{TAG:0005:0007:}}.","{{TAG:0003:0001:}}Lo siento pero ya no hace falta.{{TAG:0007:0000:14000000}}
¡Al final fui a por la fruta yo solito!{{TAG:0007:0001:}}
{{TAG:0003:0004:}}¡Qué bien sabía!
{{TAG:0003:0005:}}Pero si quiero más, a lo mejor te
la vuelvo a pedir,{{TAG:0007:0000:08000000}} {{TAG:0005:0007:}}.","{{TAG:0003:0001:}}Tu te souviens que je t'avais
demandé un {{TAG:0000:0003:0200}}fruit{{TAG:0000:0003:FFFF}} ?{{TAG:0000:0004:}}Eh bien finalement, j'en ai trouvé !{{TAG:0007:0001:}}
{{TAG:0003:0004:}}Je m'en suis mis plein la panse !{{TAG:0000:0004:}}{{TAG:0003:0005:}}T'inquiète, j'hésiterai pas à t'en 
redemander quand j'aurai encore
faim,{{TAG:0007:0000:08000000}} {{TAG:0005:0007:}}.","{{TAG:0003:0001:}}Ti ricordi quel {{TAG:0000:0003:0200}}frutto{{TAG:0000:0003:FFFF}} che ti avevo
chiesto?{{TAG:0007:0000:14000000}} Alla fine l'ho assaggiato!{{TAG:0007:0001:}}
{{TAG:0003:0004:}}Mi ha riempito la pancia e il cuore!
{{TAG:0003:0005:}}Se me ne andasse un altro,
ti vengo a cercare,{{TAG:0007:0000:08000000}} {{TAG:0005:0007:}}.","{{TAG:0003:0001:}}Ich hatte dich ja mal um 'ne {{TAG:0000:0003:0200}}Frucht{{TAG:0000:0003:FFFF}}
gebeten.{{TAG:0007:0000:14000000}} Weißt du noch?{{TAG:0007:0000:28000000}} Neulich
hab ich endlich eine bekommen!
{{TAG:0003:0004:}}Die war ja sooo lecker!{{TAG:0007:0000:14000000}} Mjam!{{TAG:0007:0001:}}
{{TAG:0003:0005:}}Vielleicht kannst du mir irgendwann
mal einen Nachschlag bringen!","{{TAG:0003:0001:}}Daha önce{{TAG:0000:0003:0200}} istediğim{{TAG:0000:0003:FFFF}} meyveyi
hatırlıyor{{TAG:0007:0000:14000000}} musun? Sonunda bir
tane{{TAG:0007:0001:}}{{TAG:0003:0004:}} tattım! Hem karnım hem
gönlüm{{TAG:0003:0005:}} doydu. Yine canım çekerse
sana söylerim,{{TAG:0007:0000:08000000}} {{TAG:0005:0007:}}."
5,006,"Ooh, you brought me some fruit!","¡Ooh, me has traído fruta!","Ooh, tu m'as apporté un fruit !","Oooh, mi hai portato della frutta!
Lo dico sempre io: con la pancia
piena si ragiona meglio!","Ui, du hast ja 'ne Frucht für mich!","Oo, bana meyve mi getirdin!"
6,007,{{TAG:0003:0001:}}A huh huh huh!{{TAG:0007:0000:14000000}} Is that fruit I see?,"{{TAG:0003:0001:}}¡Je, je, je!{{TAG:0007:0000:14000000}} ¿Eso que veo es fruta?","{{TAG:0003:0001:}}Hé hé hé !{{TAG:0007:0000:14000000}} C'est bien un fruit que je
vois là ?","{{TAG:0003:0001:}}Oooh, che meraviglia!{{TAG:0007:0000:14000000}} Sogno o son
desto? Se non sbaglio quella è della
frutta, vero?!","{{TAG:0003:0001:}}Äh, he he he!{{TAG:0007:0000:14000000}} Seh ich da 'ne Frucht?",{{TAG:0003:0001:}}A hıh hıh!{{TAG:0007:0000:14000000}} Gördüğüm şey meyve mi?
7,008,{{TAG:0003:0005:}}Awesome!{{TAG:0007:0000:14000000}} I've been waiting for this!,{{TAG:0003:0005:}}¡Genial!{{TAG:0007:0000:14000000}} ¡Ya me moría de ganas!,"{{TAG:0003:0005:}}Excellent !{{TAG:0007:0000:14000000}} Depuis le temps que
j'attends !",{{TAG:0003:0005:}}Evvai!{{TAG:0007:0000:14000000}} Non vedevo l'ora!,{{TAG:0003:0005:}}Au fein!{{TAG:0007:0000:14000000}} Darauf hab ich gewartet!,{{TAG:0003:0005:}}Süper{{TAG:0007:0000:14000000}}! Bunu bekliyordum!
8,009,{{TAG:0003:0012:}}Wait—what?,{{TAG:0003:0012:}}¡¿Cómo?!,{{TAG:0003:0012:}}Hein ? Quoi ?,{{TAG:0003:0012:}}Aspetta? Come sarebbe?,"{{TAG:0003:0012:}}Äh, wie jetzt?",{{TAG:0003:0012:}}Dur... ne?
9,010,"{{TAG:0003:0009:}}Huh?{{TAG:0007:0000:14000000}} You don't have anything
for me?",{{TAG:0003:0009:}}¿Eh?{{TAG:0007:0000:14000000}} ¿No tienes nada para mí?,{{TAG:0003:0009:}}Ah ?{{TAG:0007:0000:14000000}} T'en as pas ?,{{TAG:0003:0009:}}Come?{{TAG:0007:0000:14000000}} Non hai niente per me?,{{TAG:0003:0009:}}Was?{{TAG:0007:0000:14000000}} Du hast doch nichts für mich?,{{TAG:0003:0009:}}Ha?{{TAG:0007:0000:14000000}} Benim için hiçbir şey yok mu?
10,011,{{TAG:0003:0001:}}It looks tasty!,{{TAG:0003:0001:}}¡Qué pinta tan rica!,{{TAG:0003:0001:}}Ce fruit a l'air super bon !,{{TAG:0003:0001:}}Ha un bell'aspetto!,{{TAG:0003:0001:}}Wie das duftet!,{{TAG:0003:0001:}}Lezzetli görünüyor!
11,012,"{{TAG:0003:000D:}}Man,{{TAG:0007:0000:14000000}} I can't wait another second!{{TAG:0007:0000:28000000}}
Down the hatch!","{{TAG:0003:000D:}}Ay,{{TAG:0007:0000:14000000}} ¡ya no aguanto máaaas!{{TAG:0007:0000:28000000}}
¡¡¡ÑAM!!!","{{TAG:0003:000D:}}Miam !{{TAG:0007:0000:14000000}} J'attendrai pas une seconde
de plus !{{TAG:0007:0000:28000000}} À l'attaque !","{{TAG:0003:000D:}}Oooooh,{{TAG:0007:0000:14000000}} un altro secondo e svengo!{{TAG:0007:0000:28000000}}
Buon appetito!","{{TAG:0003:000D:}}Ich kann nicht länger warten!{{TAG:0007:0000:14000000}}
Rein damit!","{{TAG:0003:000D:}}Dostum{{TAG:0007:0000:14000000}}, bir saniye daha
bekleyemem{{TAG:0007:0000:28000000}}! Mideye!"
12,013,{{TAG:0003:0026:}}Down the hatch!,{{TAG:0003:0026:}}¡Adentro!,{{TAG:0003:0026:}}Viens voir par ici mon mignon !,{{TAG:0003:0026:}}Pronti?! Via! Buon appetito!,{{TAG:0003:0026:}}Haaa--{{TAG:0007:0000:14000000}} Happs!,{{TAG:0003:0026:}}Mideye!
13,014,"{{TAG:0003:0017:}}Huh?{{TAG:0007:0000:14000000}} Didn't I ask for something
else?{{TAG:0007:0001:}} {{TAG:0003:0001:}}Oh, well, whatever!{{TAG:0007:0000:14000000}} Down it
goes!","{{TAG:0003:0017:}}¿Eh?{{TAG:0007:0000:14000000}} Juraría que te había pedido
otra cosa.{{TAG:0007:0001:}} {{TAG:0003:0001:}}Bueno, ¡da igual!{{TAG:0007:0000:14000000}}
¡Adentro va!","{{TAG:0003:0017:}}Hum ?{{TAG:0007:0000:14000000}} C'est pas ce à quoi je
m'attendais...{{TAG:0007:0001:}} {{TAG:0003:0001:}}Bah, c'est pareil !{{TAG:0007:0000:14000000}} Si
ça bouge pas, ça peut se manger !","{{TAG:0003:0017:}}Eh?{{TAG:0007:0000:14000000}} Non ti avevo chiesto
qualcos'altro?{{TAG:0007:0001:}} {{TAG:0003:0001:}}Oh, beh, non importa!{{TAG:0007:0000:14000000}}
Io mi pappo qualsiasi cosa. Gnam!","{{TAG:0003:0017:}}Hm?{{TAG:0007:0000:14000000}} War das echt das, worum ich
dich gebeten hatte?{{TAG:0007:0001:}}{{TAG:0003:0001:}} Ach, egal.{{TAG:0007:0000:14000000}}
Der Hunger treibt's rein!","{{TAG:0003:0017:}}Ha?{{TAG:0007:0000:14000000}} Ben başka bir şey istememiş
miydim{{TAG:0007:0001:}}{{TAG:0003:0001:}}? Neyse, boş ver!{{TAG:0007:0000:14000000}} Mideye gidiyor!"
14,015,"{{TAG:0003:000B:}}This{{TAG:0007:0000:14000000}} isn't what I asked you for{{TAG:0007:0000:08000000}}.{{TAG:0007:0000:08000000}}.{{TAG:0007:0000:08000000}}.{{TAG:0007:0000:14000000}}
{{TAG:0003:0028:}}But whatever!{{TAG:0007:0000:28000000}} I've never been one
to turn down food,{{TAG:0007:0000:08000000}} {{TAG:0005:0007:}}!","{{TAG:0003:000B:}}Esto{{TAG:0007:0000:14000000}} no es lo que te pedí{{TAG:0007:0000:08000000}}.{{TAG:0007:0000:08000000}}.{{TAG:0007:0000:08000000}}.{{TAG:0007:0000:14000000}} {{TAG:0003:0028:}}Bueno,
va.{{TAG:0007:0000:28000000}} ¡Yo no soy de los que rechazan
nada de comer,{{TAG:0007:0000:08000000}} {{TAG:0005:0007:}}!","{{TAG:0003:000B:}}C'est pas ça que je t'ai demandé{{TAG:0007:0000:08000000}}.{{TAG:0007:0000:08000000}}.{{TAG:0007:0000:08000000}}.{{TAG:0007:0000:14000000}}
{{TAG:0003:0028:}}Bah...{{TAG:0007:0000:28000000}} C'est pas moi qui refuserai
de la nourriture,{{TAG:0007:0000:08000000}} {{TAG:0005:0007:}} !","{{TAG:0003:000B:}}Non è{{TAG:0007:0000:14000000}} quello che ti avevo chiesto{{TAG:0007:0000:08000000}}.{{TAG:0007:0000:08000000}}.{{TAG:0007:0000:08000000}}.{{TAG:0007:0000:14000000}}
{{TAG:0003:0028:}}Non fa niente!{{TAG:0007:0000:28000000}} Se è commestibile,
si mangia lo stesso,{{TAG:0007:0000:08000000}} {{TAG:0005:0007:}}!","{{TAG:0003:000B:}}Das ist doch irgendwas anderes{{TAG:0007:0000:08000000}}.{{TAG:0007:0000:08000000}}.{{TAG:0007:0000:08000000}}.{{TAG:0007:0000:14000000}}
{{TAG:0003:0028:}}Egal!{{TAG:0007:0000:28000000}} Morgen soll wieder schönes
Wetter werden,{{TAG:0007:0000:08000000}} {{TAG:0005:0007:}}!","{{TAG:0003:000B:}}Bu{{TAG:0007:0000:14000000}} istediğim şey değil... Ama{{TAG:0007:0000:08000000}}{{TAG:0007:0000:08000000}}{{TAG:0007:0000:08000000}}{{TAG:0007:0000:14000000}}{{TAG:0003:0028:}}
olsun! Ben güzel{{TAG:0007:0000:28000000}} yemeği geri
çevirecek biri miyim,{{TAG:0007:0000:08000000}} {{TAG:0005:0007:}}!"
15,016,"{{TAG:0003:0017:}}Huh?{{TAG:0007:0000:14000000}} Is this the thing I asked for?{{TAG:0007:0000:14000000}}
{{TAG:0003:0009:}}I don't think so...{{TAG:0007:0000:28000000}} {{TAG:0003:0026:}}Well, whatever!{{TAG:0007:0000:14000000}}
I'd never throw away good food!","{{TAG:0003:0017:}}¿Eh?{{TAG:0007:0000:14000000}} ¿Es esto lo que pedí?{{TAG:0007:0000:14000000}} {{TAG:0003:0009:}}Creo
que no...{{TAG:0007:0000:28000000}} {{TAG:0003:0026:}}Bueno, ¿qué más da?{{TAG:0007:0000:14000000}}
¡Yo jamás rechazo comidita rica!","{{TAG:0003:0017:}}Hum ?{{TAG:0007:0000:14000000}} Tu es {{TAG:000E:0006:06007300FB00720008007300FB0072006500}} que c'est bien ce
que je t'ai demandé ?{{TAG:0000:0004:}}{{TAG:0003:0009:}}Ça m'étonnerait...{{TAG:0007:0000:28000000}} {{TAG:0003:0026:}}Mais bon, pas
grave !{{TAG:0007:0000:14000000}} Je ne suis pas du genre à
dire non à de la nourriture gratuite !","{{TAG:0003:0017:}}Mh?{{TAG:0007:0000:14000000}} Sei sicur{{TAG:000E:0006:02006F0002006100}} che ti avessi chiesto
proprio questo frutto?{{TAG:0007:0000:14000000}} {{TAG:0003:0009:}}Non credo...{{TAG:0007:0000:28000000}} 
{{TAG:0003:0026:}}Nessun problema!{{TAG:0007:0000:14000000}} Mangio di tutto!","{{TAG:0003:0017:}}Huch?{{TAG:0007:0000:14000000}} Hatte ich dich echt darum
gebeten?{{TAG:0007:0000:14000000}}{{TAG:0003:0009:}} Ich glaube eigentlich nicht.{{TAG:0007:0000:28000000}}
{{TAG:0003:0026:}}Was soll's!{{TAG:0007:0000:14000000}} Wär ja schade drum!","{{TAG:0003:0017:}}Ha?{{TAG:0007:0000:14000000}} İstediğim bu muydu?{{TAG:0007:0000:14000000}}{{TAG:0003:0009:}}
Sanmıyorum... Neyse{{TAG:0007:0000:28000000}}{{TAG:0003:0026:}}! Güzel
yemeği{{TAG:0007:0000:14000000}} çöpe atacak değilim!"
16,017,,,,,,
17,018,,,,,,
18,019,,,,,,
19,020,"
{{TAG:0000:0002:C800}}{{TAG:0003:000F:}}{{TAG:0007:000B:}}Woohoo!{{TAG:0000:0002:6400}}{{TAG:0000:0004:}}{{TAG:0003:0003:}}This is so mind-blowingly good!{{TAG:0007:0000:28000000}} I
never thought I'd get to eat {{TAG:000E:0002:}}
{{TAG:0000:0003:0200}}{{TAG:0011:0003:0200}}{{TAG:0007:0000:14000000}} {{TAG:0000:0003:FFFF}}so perfect!
{{TAG:0003:000E:}}I don't want to sound sappy,{{TAG:0007:0000:08000000}} but
I'm really glad we're friends,{{TAG:0007:0000:08000000}}
{{TAG:0005:0007:}}.","
{{TAG:0000:0002:C800}}{{TAG:0003:000F:}}{{TAG:0007:000B:}}¡Yujuuuuu!{{TAG:0000:0002:6400}}{{TAG:0000:0004:}}{{TAG:0003:0003:}}¡Esto es perfecto de verdad!{{TAG:0007:0000:28000000}} ¡Ni me
podía imaginar que probaría {{TAG:000E:0002:}}
{{TAG:0011:0003:0200}} tan chachi!
{{TAG:0003:000E:}}No quiero sonar cursilón,{{TAG:0007:0000:08000000}}
pero me alegro de que
seamos amigos,{{TAG:0007:0000:08000000}} {{TAG:0005:0007:}}.","
{{TAG:0000:0002:C800}}{{TAG:0003:000F:}}{{TAG:0007:000B:}}Wou hou !{{TAG:0000:0002:6400}}{{TAG:0000:0004:}}{{TAG:0003:0003:}}C'est incroyablement bon !{{TAG:0007:0000:28000000}} Même en
rêve, j'aurais jamais cru que j'en
mangerais un{{TAG:000E:0008:02CD0000020065000000}} aussi goûtu{{TAG:000E:0008:02CD0000020065000000}} un jour !
{{TAG:0000:0003:0200}}{{TAG:000E:0003:}}{{TAG:000E:0002:}}{{TAG:0011:0003:0200}}{{TAG:0007:0000:14000000}}{{TAG:0000:0003:FFFF}}...
{{TAG:000E:0008:02CD040049006C00080045006C006C0065000000}} est tout bonnement parfait{{TAG:000E:0008:02CD0000020065000000}} !{{TAG:0000:0004:}}{{TAG:0003:000E:}}En ce moment, je suis tellement
heureux d'être ton ami, j'en ai les
larmes aux yeux, {{TAG:0007:0000:08000000}}{{TAG:0005:0007:}}...","
{{TAG:0000:0002:C800}}{{TAG:0003:000F:}}{{TAG:0007:000B:}}Uaaaaauuuuu!{{TAG:0000:0002:6400}}{{TAG:0000:0004:}}{{TAG:0003:0003:}}È così buon{{TAG:000E:0012:100202006F00020061000000}} da fare il solletico
al cervello!{{TAG:0007:0000:28000000}} Non speravo esistesse
{{TAG:000E:0002:}}{{TAG:0011:0003:0200}}{{TAG:0007:0000:14000000}} così!
{{TAG:0003:000E:}}Scusa il momento sentimentale,{{TAG:0007:0000:08000000}}
ma sono proprio contento che
siamo amici,{{TAG:0007:0000:08000000}} {{TAG:0005:0007:}}.","
{{TAG:0000:0002:C800}}{{TAG:0003:000F:}}{{TAG:0007:000B:}}Hmmmmmmmm!{{TAG:0000:0002:6400}}{{TAG:0000:0004:}}{{TAG:0003:0003:}}Lecker!{{TAG:0007:0000:08000000}} Lecker!{{TAG:0007:0000:08000000}} Lecker!{{TAG:0007:0000:28000000}} So {{TAG:000E:0008:02CD0A00650069006E0065006E000800650069006E0065000600650069006E00}}
{{TAG:000E:0008:02CD1200700065007200660065006B00740065006E001000700065007200660065006B00740065001200700065007200660065006B00740065007300}} {{TAG:0011:0003:0200}}
habe ich noch nie gegessen!
{{TAG:0003:000E:}}D-d-du bist {{TAG:000E:0006:20006D00650069006E00200061006C006C006500720062006500730074006500720020006D00650069006E006500200061006C006C006500720062006500730074006500}}
{{TAG:000E:0006:0C0046007200650075006E006400100046007200650075006E00640069006E00}},{{TAG:0007:0000:08000000}} {{TAG:0005:0007:}}!","Yaşasın{{TAG:0000:0002:C800}}{{TAG:0003:000F:}}{{TAG:0007:000B:}}{{TAG:0000:0002:6400}}{{TAG:0000:0004:}}{{TAG:0003:0003:}}! Bu akıl almaz derecede{{TAG:0007:0000:28000000}}
lezzetli! Bu kadar kusursuz bir {{TAG:000E:0002:}}
{{TAG:0000:0003:0200}}{{TAG:0011:0003:0200}}{{TAG:0007:0000:14000000}}{{TAG:0000:0003:FFFF}} yiyeceğimi{{TAG:0003:000E:}} hiç düşünmezdim.
Duygusallaşmak{{TAG:0007:0000:08000000}} istemem ama iyi
ki arkadaşız,{{TAG:0007:0000:08000000}} {{TAG:0005:0007:}}."
20,021,"
{{TAG:0003:0012:}}{{TAG:0000:0002:C800}}{{TAG:0007:000B:}}SO{{TAG:0000:0002:6400}}{{TAG:0000:0002:C800}}{{TAG:0000:0002:C800}}{{TAG:0007:0000:14000000}}{{TAG:0007:000B:}} GOOD!{{TAG:0000:0002:C800}}{{TAG:0000:0004:}}{{TAG:0003:0004:}}{{TAG:0000:0002:6400}}This {{TAG:0000:0003:0200}}{{TAG:0011:0003:0200}}{{TAG:0000:0003:FFFF}}{{TAG:0007:0000:14000000}} is even
more perfect than I thought it
would be.{{TAG:0007:0000:08000000}} So amazing!","
{{TAG:0003:0012:}}{{TAG:0000:0002:C800}}{{TAG:0007:000B:}}¡AY, QUÉ {{TAG:0007:0000:14000000}}{{TAG:0007:000B:}}RICO!{{TAG:0000:0002:6400}}{{TAG:0000:0004:}}{{TAG:0003:0004:}}Est{{TAG:000E:0008:02CD020065000200610002003000}} {{TAG:0000:0003:0200}}{{TAG:0011:0003:0200}}{{TAG:0000:0003:FFFF}}{{TAG:0007:0000:14000000}} es aún
más delicios{{TAG:000E:0008:02CD02006F000200610002003000}} de lo que esperaba.{{TAG:0007:0000:08000000}}
¡Me he quedado sin palabras!","
{{TAG:0003:0012:}}{{TAG:0000:0002:C800}}{{TAG:0007:000B:}}TROP{{TAG:0000:0002:6400}}{{TAG:0000:0002:C800}}{{TAG:0000:0002:C800}}{{TAG:0007:0000:14000000}}{{TAG:0007:000B:}} BON !{{TAG:0000:0002:C800}}{{TAG:0000:0004:}}{{TAG:0000:0002:6400}}{{TAG:0003:0004:}}{{TAG:0000:0002:C800}}{{TAG:0000:0002:6400}}{{TAG:0000:0002:6400}}{{TAG:0000:0002:6400}}Je ne savais pas qu'{{TAG:000E:0002:}}{{TAG:0000:0002:6400}}{{TAG:0000:0002:6400}}
{{TAG:0000:0003:0200}}{{TAG:0011:0003:0200}}{{TAG:0000:0003:FFFF}}{{TAG:0000:0002:6400}} aussi
{{TAG:000E:0008:02CD0E00700061007200660061006900740010007000610072006600610069007400650002003000}}, ça {{TAG:0000:0002:6400}}pouvait exister !{{TAG:0007:0000:08000000}}
Je vais pleurer...","
{{TAG:0003:0012:}}{{TAG:0000:0002:C800}}{{TAG:0007:000B:}}CHE{{TAG:0000:0002:6400}}{{TAG:0000:0002:C800}}{{TAG:0000:0002:C800}}{{TAG:0007:0000:14000000}}{{TAG:0007:000B:}} DELIZIA!{{TAG:0000:0002:C800}}{{TAG:0000:0004:}}{{TAG:0003:0004:}}{{TAG:0000:0002:6400}}{{TAG:000E:0008:02CD0C00510075006500730074006F000C005100750065007300740061000000}} {{TAG:0000:0003:0200}}{{TAG:0011:0003:0200}}{{TAG:0000:0003:FFFF}}{{TAG:0007:0000:14000000}}
è perfino più {{TAG:000E:0008:02CD100070006500720066006500740074006F001000700065007200660065007400740061000000}} di quanto
pensassi.{{TAG:0007:0000:08000000}} Vado in brodo di giuggiole!","
{{TAG:0003:0012:}}{{TAG:0000:0002:C800}}{{TAG:0007:000B:}}L-{{TAG:0007:0000:14000000}}E-{{TAG:0007:0000:14000000}}C-{{TAG:0007:0000:14000000}}K-{{TAG:0007:0000:14000000}}E-{{TAG:0007:0000:14000000}}R!{{TAG:0000:0002:6400}}{{TAG:0000:0004:}}{{TAG:0003:0004:}}{{TAG:000E:0003:}}{{TAG:000E:0008:02CD0C006400690065007300650072000A00640069006500730065000C00640069006500730065007300}} {{TAG:0011:0003:0200}} ist
ja noch perfekter, als ich dachte!{{TAG:0007:0000:14000000}}
Der Wahnsinn,{{TAG:0007:0000:08000000}} {{TAG:0005:0007:}}!","ÇOK{{TAG:0003:0012:}}{{TAG:0000:0002:C800}}{{TAG:0007:000B:}}{{TAG:0000:0002:6400}}{{TAG:0000:0002:C800}}{{TAG:0000:0002:C800}}{{TAG:0007:0000:14000000}}{{TAG:0007:000B:}} İYİ!{{TAG:0000:0002:C800}}{{TAG:0000:0004:}}{{TAG:0003:0004:}}{{TAG:0000:0002:6400}} Bu {{TAG:0000:0003:0200}}{{TAG:0011:0003:0200}}{{TAG:0000:0003:FFFF}}{{TAG:0007:0000:14000000}} düşündüğümden bile
kusursuzmuş.{{TAG:0007:0000:08000000}} İnanılmaz!"
21,022,"{{TAG:0003:0003:}}Wow!{{TAG:0007:0000:28000000}} That was probably the
tastiest {{TAG:0000:0003:0200}}{{TAG:0011:0003:0200}}
{{TAG:0000:0003:FFFF}}I've ever eaten,{{TAG:0007:0000:08000000}} {{TAG:0005:0007:}}.","{{TAG:0003:0003:}}¡Ay!{{TAG:0007:0000:28000000}} ¡No creo que vaya a comer
nunca {{TAG:000E:0002:}}{{TAG:0000:0003:0200}}{{TAG:0011:0003:0200}}{{TAG:0000:0003:FFFF}}
tan delicios{{TAG:000E:0008:02CD02006F000200610002003000}},{{TAG:0007:0000:08000000}} {{TAG:0005:0007:}}!","{{TAG:0003:0003:}}C'est {{TAG:0000:0003:0200}}{{TAG:000E:0001:}}{{TAG:0011:0003:0200}}
{{TAG:0000:0003:FFFF}}{{TAG:000E:0008:02CD1E006C006500200070006C00750073002000700061007200660061006900740020006C006100200070006C00750073002000700061007200660061006900740065000000}} que j'ai jamais
dégusté{{TAG:000E:0008:02CD0000020065000000}},{{TAG:0007:0000:08000000}} {{TAG:0005:0007:}} !","{{TAG:0003:0003:}}Uau! {{TAG:0007:0000:28000000}}{{TAG:000E:0003:}}{{TAG:000E:0001:}}{{TAG:0011:0003:0200}}
più perfett{{TAG:000E:0008:02CD02006F000200610002003000}} che abbia mai
mangiato,{{TAG:0007:0000:08000000}} {{TAG:0005:0007:}}!","{{TAG:0003:0003:}}Das...{{TAG:0007:0000:14000000}} Das war {{TAG:000E:0008:02CD1E006400650072002000700065007200660065006B00740065007300740065001E006400690065002000700065007200660065006B00740065007300740065001E006400610073002000700065007200660065006B0074006500730074006500}}
{{TAG:0011:0003:0200}}, {{TAG:000E:0008:02CD0600640065006E0006006400690065000600640061007300}} ich in
meinem ganzen Leben gegessen hab!{{TAG:0000:0004:}}Unglaublich,{{TAG:0007:0000:08000000}} {{TAG:0005:0007:}}.","{{TAG:0003:0003:}}Vay{{TAG:0007:0000:28000000}}! Yediğim en lezzetli {{TAG:0000:0003:0200}}{{TAG:0011:0003:0200}}{{TAG:0000:0003:FFFF}}
olabilir,{{TAG:0007:0000:08000000}} {{TAG:0005:0007:}}."
22,023,"{{TAG:0003:0003:}}Mmm!{{TAG:0007:0000:14000000}} Aw, man, that was so good,{{TAG:0007:0000:14000000}}
it was almost a shame to eat it,{{TAG:0007:0000:08000000}}
{{TAG:0005:0007:}}.","{{TAG:0003:0003:}}¡Mmm!{{TAG:0007:0000:14000000}} ¡Pero qué ricaaa!{{TAG:0007:0000:14000000}} ¡Es que
me ha dado hasta pena comérmela!
¡Ha sido genial,{{TAG:0007:0000:08000000}} {{TAG:0005:0007:}}!","{{TAG:0003:0003:}}Mmm !{{TAG:0007:0000:14000000}} C'était trop bon...{{TAG:0007:0000:14000000}} Si parfait
que c'était presque dommage
d'en manger,{{TAG:0007:0000:08000000}} {{TAG:0005:0007:}}.","{{TAG:0003:0003:}}Mmmh!{{TAG:0007:0000:14000000}} Oh, che bontà.{{TAG:0007:0000:14000000}} Un frutto
così speciale, dispiace quasi
doverselo pappare,{{TAG:0007:0000:08000000}} {{TAG:0005:0007:}}!","{{TAG:0003:0003:}}Das war SO gut!{{TAG:0007:0000:14000000}} Fast zu schade
zum Essen,{{TAG:0007:0000:08000000}} {{TAG:0005:0007:}}.","{{TAG:0003:0003:}}Mmm!{{TAG:0007:0000:14000000}} Dostum, o kadar iyiydi{{TAG:0007:0000:14000000}} ki
yemeye kıyamadım neredeyse,{{TAG:0007:0000:08000000}} {{TAG:0005:0007:}}."
23,024,"{{TAG:0003:0003:}}Wow!{{TAG:0007:0000:14000000}} That was super tasty,{{TAG:0007:0000:08000000}}
{{TAG:0005:0007:}}!","{{TAG:0003:0003:}}¡Guau!{{TAG:0007:0000:14000000}} ¡Estaba rica pero de eso
que no te lo crees,{{TAG:0007:0000:08000000}} {{TAG:0005:0007:}}!","{{TAG:0003:0003:}}Waouh !{{TAG:0007:0000:14000000}} C'était vraiment super bon,{{TAG:0007:0000:08000000}}
{{TAG:0005:0007:}} !","{{TAG:0003:0003:}}Uau!{{TAG:0007:0000:14000000}} Era davvero una prelibatezza,{{TAG:0007:0000:08000000}}
{{TAG:0005:0007:}}!","{{TAG:0003:0003:}}Boah, war das lecker,{{TAG:0007:0000:08000000}} {{TAG:0005:0007:}}!","{{TAG:0003:0003:}}Vay{{TAG:0007:0000:14000000}}! Çok lezzetliydi,{{TAG:0007:0000:08000000}} {{TAG:0005:0007:}}!"
24,025,{{TAG:0003:0003:}}Mm mmm!{{TAG:0007:0000:14000000}} That was great!,{{TAG:0003:0003:}}¡Mmmm!{{TAG:0007:0000:14000000}} ¡Es que no me lo creo!,{{TAG:0003:0003:}}Miam mmm !{{TAG:0007:0000:14000000}} C'était divin !,{{TAG:0003:0003:}}Mmmmh!{{TAG:0007:0000:14000000}} Che bontà!,"{{TAG:0003:0003:}}Mjam, mjam!{{TAG:0007:0000:14000000}} LECKER!",{{TAG:0003:0003:}}Mmm mmm{{TAG:0007:0000:14000000}}! Harikaydı!
25,026,"{{TAG:0003:0001:}}A good {{TAG:0000:0003:0200}}{{TAG:0011:0003:0200}}{{TAG:0000:0003:FFFF}}
always hits the spot.{{TAG:0007:0000:14000000}} I guess 'cause
it tastes like home,{{TAG:0007:0000:08000000}} {{TAG:0005:0007:}}.","{{TAG:0003:0001:}}{{TAG:000E:0003:}}{{TAG:000E:0002:}}{{TAG:0000:0003:0200}}{{TAG:0011:0003:0200}}{{TAG:0000:0003:FFFF}}
siempre sienta de maravilla.{{TAG:0007:0000:14000000}} ¡Es
el sabor del hogar,{{TAG:0007:0000:08000000}} {{TAG:0005:0007:}}!","{{TAG:0003:0001:}}Il n'y a jamais de mauvaise surprise
avec {{TAG:000E:0001:}}{{TAG:0000:0003:0200}}{{TAG:0011:0003:0200}}{{TAG:0000:0003:FFFF}}...{{TAG:0007:0000:14000000}}
C'est toujours bon,{{TAG:0007:0000:08000000}} {{TAG:0005:0007:}}.","{{TAG:0003:0001:}}{{TAG:000E:0003:}}{{TAG:000E:0002:}}{{TAG:0011:0003:0200}}
del genere non lascia di certo
indifferenti!{{TAG:0007:0000:14000000}}
A me ricorda i sapori di casa mia.
Ah, che bellezza,{{TAG:0007:0000:08000000}} {{TAG:0005:0007:}}!","{{TAG:0003:0001:}}Hach ja!{{TAG:0007:0000:14000000}} Bei so {{TAG:000E:0008:02CD1C00650069006E0065006D0020006C00650063006B006500720065006E001C00650069006E006500720020006C00650063006B006500720065006E001C00650069006E0065006D0020006C00650063006B006500720065006E00}}
{{TAG:0011:0003:0200}} werd ich
immer schwach.
{{TAG:000E:0003:}}{{TAG:000E:0008:02CD060064006500720006006400690065000600640061007300}} schmeckt nach Heimat,{{TAG:0007:0000:08000000}}
{{TAG:0005:0007:}}.","{{TAG:0003:0001:}}İyi bir {{TAG:0000:0003:0200}}{{TAG:0011:0003:0200}}{{TAG:0000:0003:FFFF}} her zaman içimi ısıtır{{TAG:0007:0000:14000000}}.
Herhalde ev tadı verdiği için,{{TAG:0007:0000:08000000}} {{TAG:0005:0007:}}."
26,027,"{{TAG:0003:0015:}}Yup, that sure was tasty!{{TAG:0007:0000:14000000}} {{TAG:0003:0001:}}There's
nothing like a good piece of fruit,{{TAG:0007:0000:08000000}}
{{TAG:0005:0007:}}.","{{TAG:0003:0015:}}¡Pues sí que estaba de rechupete!{{TAG:0007:0000:14000000}}{{TAG:0003:0001:}}
¡No hay nada como una buena fruta,{{TAG:0007:0000:08000000}}
{{TAG:0005:0007:}}!","{{TAG:0003:0015:}}Miam, c'était vraiment bon !{{TAG:0007:0000:14000000}} {{TAG:0003:0001:}}Rien de
tel qu'un bon fruit,{{TAG:0007:0000:08000000}} {{TAG:0005:0007:}} !","{{TAG:0003:0015:}}Sì, era proprio speciale!{{TAG:0007:0000:14000000}} {{TAG:0003:0001:}}Non c'è
niente di meglio di un bel frutto
succoso,{{TAG:0007:0000:08000000}} {{TAG:0005:0007:}}.","{{TAG:0003:0015:}}Ja, das war lecker!{{TAG:0007:0000:14000000}} {{TAG:0003:0001:}}Eine schöne
Frucht kann ich immer verdrücken,{{TAG:0007:0000:08000000}}
{{TAG:0005:0007:}}.","{{TAG:0003:0015:}}Evet, çok lezzetliydi! Güzel{{TAG:0007:0000:14000000}}{{TAG:0003:0001:}} bir
parça meyvenin yerini hiçbir şey
tutmaz,{{TAG:0007:0000:08000000}} {{TAG:0005:0007:}}."
27,028,"{{TAG:0003:0017:}}Did you notice{{TAG:0007:0000:14000000}} that the fruit was all
wormy,{{TAG:0007:0000:08000000}} {{TAG:0005:0007:}}?{{TAG:0000:0004:}}{{TAG:0003:0001:}}Well, no matter.{{TAG:0007:0000:14000000}} I've got a strong
stomach, and I'm always looking to
try new, gross foods.
{{TAG:0003:0006:}}AS IF!{{TAG:0007:0000:28000000}} {{TAG:0007:000B:}}{{TAG:0003:0008:}}What kind of grub do you
take me for, {{TAG:0005:0008:}}?!{{TAG:0007:0000:14000000}} I ate it,{{TAG:0007:0000:08000000}}
but I sure didn't enjoy it!{{TAG:000B:0002:03CD}}","{{TAG:0003:0017:}}¿Te has fijado en que{{TAG:0007:0000:14000000}} esta fruta
tenía gusanos,{{TAG:0007:0000:08000000}} {{TAG:0005:0007:}}?{{TAG:0000:0004:}}{{TAG:0003:0001:}}Bueno, qué más dará...{{TAG:0007:0000:14000000}} Tengo un
estómago a prueba de balas, ¡y no
me da grima absolutamente nada!
{{TAG:0003:0006:}}¡¡¡LAS NARICES!!!{{TAG:0007:0000:28000000}} {{TAG:0003:0008:}}{{TAG:0007:000B:}}¡¿Esperabas que
te dijera eso?!{{TAG:0007:0000:14000000}} {{TAG:0003:0008:}}¡¿Te crees que me
como cualquier basura, {{TAG:0005:0008:}}?!{{TAG:000B:0002:03CD}}","{{TAG:0003:0017:}}Tu as vu{{TAG:0007:0000:14000000}} que ce fruit était véreux,{{TAG:0007:0000:08000000}}
{{TAG:0005:0007:}} ? {{TAG:0003:0001:}}Bah,{{TAG:0007:0000:14000000}} après tout,
c'est de la viande...
{{TAG:0003:0006:}}Je le savais !{{TAG:0007:0000:28000000}} {{TAG:0003:0008:}}{{TAG:0007:000B:}}Je le vois à ta petite
mine réjouie ! C'est exactement ce
que tu attendais que je dise !{{TAG:0007:0000:14000000}}
{{TAG:0003:0008:}}Non mais pour quel genre d'animal
tu me prends, {{TAG:0005:0008:}} ?! J'ai un
palais délicat, moi, {{TAG:000E:0006:10006D00F4007300730069006500750072000C006D006100640061006D006500}} !{{TAG:000B:0002:03CD}}","{{TAG:0003:0017:}}Tu avevi visto che{{TAG:0007:0000:14000000}} questo frutto
era pieno di vermi,{{TAG:0007:0000:08000000}} {{TAG:0005:0007:}}?{{TAG:0000:0004:}}{{TAG:0003:0001:}}Beh, non importa.{{TAG:0007:0000:14000000}} Ho lo stomaco
forte e non disdegno di provare
cibi estremi di tanto in tanto.
{{TAG:0003:0006:}}Ti piacerebbe, eh?!{{TAG:0007:0000:28000000}} {{TAG:0003:0008:}}{{TAG:0007:000B:}}Pensavi che
avrei risposto così, vero?!{{TAG:0007:0000:14000000}} {{TAG:0003:0008:}}Ma per
chi mi hai preso, {{TAG:0005:0008:}}?!{{TAG:000B:0002:03CD}}","{{TAG:0003:0017:}}Hast du die Würmer da drin gar
nicht bemerkt, {{TAG:0005:0008:}}?{{TAG:0000:0004:}}{{TAG:0003:0001:}}Macht nichts.{{TAG:0007:0000:14000000}} Das reinigt den Magen
und ich probier gerne mal so richtig
eklige Sachen.
{{TAG:0003:0008:}}{{TAG:0007:000B:}}VON WEGEN!{{TAG:0007:0000:14000000}} {{TAG:0003:0008:}}Was denkst du dir
eigentlich, {{TAG:0005:0008:}}?!?{{TAG:000B:0002:03CD}}","{{TAG:0003:0017:}}Meyvenin{{TAG:0007:0000:14000000}} kurtlandığını fark
ettin mi,{{TAG:0007:0000:08000000}} {{TAG:0005:0007:}}?{{TAG:0000:0004:}}{{TAG:0003:0001:}} Neyse,{{TAG:0007:0000:14000000}} midem sağlam,
iğrenç yeni tatlara açığım...{{TAG:0003:0006:}}
ŞAKA{{TAG:0007:0000:28000000}}{{TAG:0007:000B:}}{{TAG:0003:0008:}}! Beni ne sanıyorsun, {{TAG:0005:0008:}}?!{{TAG:0007:0000:14000000}}
Yedim{{TAG:0007:0000:08000000}} ama hiç hoşuma gitmedi! {{TAG:000B:0002:03CD}}"
28,029,"{{TAG:0003:0009:}}Uh{{TAG:0007:0000:08000000}}.{{TAG:0007:0000:08000000}}.{{TAG:0007:0000:08000000}}.{{TAG:0007:0000:14000000}} This thing is so wormy, the
only thing that's left is the peel.{{TAG:0000:0004:}}{{TAG:0003:000E:}}You seriously don't care that I ate
that?!{{TAG:0007:0000:14000000}} You're the worst, {{TAG:0005:0008:}}!{{TAG:000B:0002:03CD}}","{{TAG:0003:0009:}}Pero{{TAG:0007:0000:08000000}}.{{TAG:0007:0000:08000000}}.{{TAG:0007:0000:08000000}}.{{TAG:0007:0000:14000000}} Esta cosa que me has traído
tiene tantos gusanos, ¡que lo único
que han dejado es la piel de fuera!
{{TAG:0003:000E:}}¡¿Pero en serio pretendes que me
coma esto?!{{TAG:0007:0000:14000000}} ¡Eres mal{{TAG:000E:0006:02006F0002006100}}, {{TAG:0005:0008:}}!{{TAG:000B:0002:03CD}}","{{TAG:0003:0009:}}Beurk{{TAG:0007:0000:08000000}}.{{TAG:0007:0000:08000000}}.{{TAG:0007:0000:08000000}}.{{TAG:0007:0000:14000000}} Il y a plein de trous de ver
dedans, on dirait de l'emmental.{{TAG:0000:0004:}}{{TAG:0003:000E:}}Tu voulais vraiment me faire
manger ça ?!{{TAG:0007:0000:14000000}} C'est pas cool,
{{TAG:0005:0008:}} !{{TAG:000B:0002:03CD}}","{{TAG:0003:0009:}}Oh{{TAG:0007:0000:08000000}}.{{TAG:0007:0000:08000000}}.{{TAG:0007:0000:08000000}}.{{TAG:0007:0000:14000000}} Questo frutto è così pieno
di vermi, che l'unica cosa fruttosa
rimasta è la buccia.{{TAG:0000:0004:}}{{TAG:0003:000E:}}Volevi davvero farmelo mangiare?!{{TAG:0007:0000:14000000}}
Sei un disastro, {{TAG:0005:0008:}}!{{TAG:000B:0002:03CD}}","{{TAG:0003:0009:}}Igitt{{TAG:0007:0000:08000000}}.{{TAG:0007:0000:08000000}}.{{TAG:0007:0000:08000000}}.{{TAG:0007:0000:14000000}} Das Ding da besteht nur noch
aus Würmern und Schale!{{TAG:0000:0004:}}{{TAG:0003:000E:}}Wolltest du mir das echt zu essen
geben?{{TAG:0007:0000:14000000}} Und mich dann auslachen?{{TAG:0007:0000:28000000}}
Du bist echt fies, {{TAG:0005:0008:}}!{{TAG:000B:0002:03CD}}","{{TAG:0003:0009:}}Şey{{TAG:0007:0000:08000000}}{{TAG:0007:0000:08000000}}{{TAG:0007:0000:08000000}}.{{TAG:0007:0000:14000000}}.. Bu o kadar kurtlanmış ki
kabuğu kalmış sadece. Bunu{{TAG:0000:0004:}}{{TAG:0003:000E:}}
yememe gerçekten aldırmıyor
musun{{TAG:0007:0000:14000000}}?! Çok kötüsün, {{TAG:0005:0008:}}! {{TAG:000B:0002:03CD}}"
29,030,"{{TAG:0003:0009:}}Is this even fruit,{{TAG:0007:0000:08000000}} or is it some kind
of overgrown nut?{{TAG:0007:0001:}} Anyway, I don't
wanna break my jaw, so I'll pass.","{{TAG:0003:0009:}}¿Pero esto es una fruta de verdad,{{TAG:0007:0000:08000000}}
o es una nuez hipertrofiada?{{TAG:0007:0001:}} ¡No
quiero quedarme sin dientes! Paso...","{{TAG:0003:0009:}}C'est un fruit ça, {{TAG:0005:0007:}} ?{{TAG:0000:0004:}}On dirait plutôt une grosse noix...{{TAG:0007:0001:}} Je
tiens à mes dents, alors ne compte
pas sur moi pour mordre dedans.","{{TAG:0003:0009:}}Ma questo è un frutto,{{TAG:0007:0000:08000000}} o una mega
noce di cocco?{{TAG:0007:0001:}} Io ci tengo ai miei
denti. Per questa volta, passo!","{{TAG:0003:0009:}}Ist das echt 'ne Frucht?{{TAG:0007:0000:14000000}} Das sieht
so hart aus.{{TAG:0007:0001:}} Ich brauch meine Zähne
noch, also nein danke!","{{TAG:0003:0009:}}Bu gerçekten meyve{{TAG:0007:0000:08000000}} mi, yoksa dev
bir yemiş mi?{{TAG:0007:0001:}} Çenemi kırmak
istemiyorum, pas geçeceğim."
30,031,"{{TAG:0003:0011:}}{{TAG:0007:000B:}}Huh?!{{TAG:0007:0000:14000000}} Birthday cake?!{{TAG:0007:0001:}}
{{TAG:0003:0028:}}I can't accept this!{{TAG:0007:0000:28000000}} {{TAG:0003:0001:}}Take it home
with you,{{TAG:0007:0000:08000000}} {{TAG:0005:0007:}}.","{{TAG:0003:0011:}}{{TAG:0007:000B:}}¡¿Eh?!{{TAG:0007:0000:14000000}} ¡¿Un pastel de cumpleaños?!{{TAG:0007:0001:}}
{{TAG:0003:0028:}}¡Pero si no es mi cumple!{{TAG:0007:0000:28000000}} {{TAG:0003:0001:}}No,
¡quédatelo tú,{{TAG:0007:0000:08000000}} {{TAG:0005:0007:}}!","{{TAG:0003:0011:}}{{TAG:0007:000B:}}Un gâteau d'anniversaire ?!{{TAG:0007:0001:}} {{TAG:0003:0028:}}Je ne
peux pas accepter ça !{{TAG:0007:0000:28000000}} {{TAG:0003:0001:}}Reprends-le,{{TAG:0007:0000:08000000}}
{{TAG:0005:0007:}}.","{{TAG:0003:0011:}}{{TAG:0007:000B:}}Eh?!{{TAG:0007:0000:14000000}} Una torta di compleanno?!{{TAG:0007:0001:}}
{{TAG:0003:0028:}}Non posso accettarla!{{TAG:0007:0000:28000000}} {{TAG:0003:0001:}}Portatela
a casa tu,{{TAG:0007:0000:08000000}} {{TAG:0005:0007:}}.","{{TAG:0003:0011:}}{{TAG:0007:000B:}}Ein Geburtstagskuchen?!?{{TAG:0007:0001:}} {{TAG:0003:0028:}}Das kann
ich doch nicht annehmen!{{TAG:0007:0000:28000000}} {{TAG:0003:0001:}}Du darfst
ihn behalten,{{TAG:0007:0000:08000000}} {{TAG:0005:0007:}}.","{{TAG:0003:0011:}}{{TAG:0007:000B:}}Ha?!{{TAG:0007:0000:14000000}} Doğum günü{{TAG:0007:0001:}} pastası{{TAG:0003:0028:}} mı?!
Bunu kabul{{TAG:0007:0000:28000000}}{{TAG:0003:0001:}} edemem! Eve götür,{{TAG:0007:0000:08000000}} {{TAG:0005:0007:}}."
31,032,"{{TAG:0003:0009:}}I like sushi and all,{{TAG:0007:0000:08000000}} but not when I'm
expecting fruit!{{TAG:0007:0000:14000000}} {{TAG:000E:0003:}}{{TAG:0005:0007:}}!","{{TAG:0003:0009:}}Me gusta el sushi como a cualquier
hijo de vecino,{{TAG:0007:0000:08000000}} ¡pero no cuando
espero fruta,{{TAG:0007:0000:14000000}} {{TAG:0005:0007:}}!","{{TAG:0003:0009:}}J'aime beaucoup les sushis, sashimis
et tout le reste,{{TAG:0007:0000:08000000}} mais là c'est un
fruit que je veux, {{TAG:0005:0007:}}.","{{TAG:0003:0009:}}Mi piace molto il sushi, non dico
di no,{{TAG:0007:0000:08000000}} ma adesso mi va solo frutta!
{{TAG:0007:0000:14000000}}{{TAG:000E:0003:}}{{TAG:0005:0007:}}!","{{TAG:0003:0009:}}Ich hab eigentlich eher Lust auf
Früchte als auf Sushi,{{TAG:0007:0000:08000000}} {{TAG:0005:0007:}}!","{{TAG:0003:0009:}}Suşiyi severim{{TAG:0007:0000:08000000}} ama meyve
beklerken değil!{{TAG:0007:0000:14000000}} {{TAG:000E:0003:}}{{TAG:0005:0007:}}!"
32,033,"{{TAG:0003:0012:}}{{TAG:0007:000B:}}Huh?!{{TAG:0007:0000:28000000}} Do you regularly just chow
down on bugs, {{TAG:0005:0008:}}?{{TAG:0000:0004:}}{{TAG:0003:0009:}}Um,{{TAG:0007:0000:14000000}} sorry, but you're gonna have
to count me out of this little
bug-eating party,{{TAG:0007:0000:08000000}} {{TAG:0005:0007:}}.","{{TAG:0003:0012:}}{{TAG:0007:000B:}}¡¿Eh?!{{TAG:0007:0000:28000000}} ¿Es que a ti sí te gusta
masticar bichitos, {{TAG:0005:0008:}}?{{TAG:0000:0004:}}{{TAG:0003:0009:}}En otros países eso será una
exquisitez,{{TAG:0007:0000:14000000}} ¡pero yo es que soy
muy tradicional,{{TAG:0007:0000:08000000}} {{TAG:0005:0007:}}!","{{TAG:0003:0012:}}{{TAG:0007:000B:}}Hein ?!{{TAG:0007:0000:28000000}} Tu manges des insectes toi,
{{TAG:0005:0008:}} ?{{TAG:0000:0004:}}{{TAG:0003:0009:}}Moi non, sans façon, merci. Je te le
laisse. Bon appétit,{{TAG:0007:0000:08000000}} {{TAG:0005:0007:}}.","{{TAG:0003:0012:}}{{TAG:0007:000B:}}{{TAG:0007:000B:}}Eeeh?!{{TAG:0007:0000:28000000}} Tu mangi questa roba,
{{TAG:0005:0008:}}?{{TAG:0000:0004:}}{{TAG:0003:0009:}}Mmmh,{{TAG:0007:0000:14000000}} scusa, ma non partecipo a
feste per entomofagi,{{TAG:0007:0000:08000000}} {{TAG:0005:0007:}}.","{{TAG:0003:0011:}}{{TAG:0007:000B:}}Isst du etwa Insekten, {{TAG:0005:0008:}}?{{TAG:0000:0004:}}{{TAG:0003:0009:}}Äh...{{TAG:0007:0000:28000000}} Ich bin nicht so mutig.{{TAG:0007:0000:14000000}}
Nimm das bitte wieder mit,{{TAG:0007:0000:08000000}}
{{TAG:0005:0007:}}.","{{TAG:0003:0012:}}{{TAG:0007:000B:}}Ha?!{{TAG:0007:0000:28000000}} Sen normalde böcek mi
yiyorsun, {{TAG:0005:0008:}}?{{TAG:0000:0004:}}{{TAG:0003:0009:}}{{TAG:0007:0000:14000000}} Kusura bakma ama bu
böcek ziyafetine beni katma,{{TAG:0007:0000:08000000}} {{TAG:0005:0007:}}."
33,034,"{{TAG:0003:0009:}}Um{{TAG:0007:0000:08000000}}.{{TAG:0007:0000:08000000}}.{{TAG:0007:0000:08000000}}.{{TAG:0007:0000:14000000}}I really had my heart set on
fruit.{{TAG:0007:0000:14000000}} And this doesn't fit the bill,{{TAG:0007:0000:08000000}}
{{TAG:0005:0007:}}.","{{TAG:0003:0009:}}Hum{{TAG:0007:0000:08000000}}.{{TAG:0007:0000:08000000}}.{{TAG:0007:0000:08000000}}.{{TAG:0007:0000:14000000}} Es que ya me había hecho a
la idea de comer fruta.{{TAG:0007:0000:14000000}} Y esto no
pega con mis planes,{{TAG:0007:0000:08000000}} {{TAG:0005:0007:}}.","{{TAG:0003:0009:}}J'ai vraiment une grosse envie de
fruit.{{TAG:0007:0000:14000000}} Sois {{TAG:000E:0006:0C00670065006E00740069006C001000670065006E00740069006C006C006500}}, amène-moi un
bon petit fruit plutôt,{{TAG:0007:0000:08000000}} {{TAG:0005:0007:}}.","{{TAG:0003:0009:}}Mmmh{{TAG:0007:0000:08000000}}.{{TAG:0007:0000:08000000}}.{{TAG:0007:0000:08000000}}.{{TAG:0007:0000:14000000}} No, davvero, adesso
ho voglia solo di frutta.{{TAG:0007:0000:14000000}}
Grazie lo stesso,{{TAG:0007:0000:08000000}} {{TAG:0005:0007:}}.","{{TAG:0003:0009:}}Ich wollte doch 'ne leckere Frucht
und nicht so was,{{TAG:0007:0000:08000000}} {{TAG:0005:0007:}}!","{{TAG:0003:0009:}}Şey{{TAG:0007:0000:08000000}}{{TAG:0007:0000:08000000}}.{{TAG:0007:0000:08000000}}.{{TAG:0007:0000:14000000}}. Benim canım gerçekten
meyve{{TAG:0007:0000:14000000}} çekmişti. Bu hiç o hesap
değil,{{TAG:0007:0000:08000000}} {{TAG:0005:0007:}}."
34,035,,,,,,
35,036,,,,,,
36,037,"{{TAG:0003:0003:}}Yum!{{TAG:0007:0000:14000000}} Sweeeet!{{TAG:0007:0000:28000000}} That's exactly what
I was craving!","{{TAG:0003:0003:}}¡Mmm!{{TAG:0007:0000:14000000}} ¡Qué bieennn!{{TAG:0007:0000:28000000}} ¡Era
justo lo que me apetecía!","{{TAG:0003:0003:}}Miam !{{TAG:0007:0000:14000000}} Super bon !{{TAG:0007:0000:28000000}} C'est
exactement ce que je voulais !","{{TAG:0003:0003:}}Gnam!{{TAG:0007:0000:14000000}} Che dolce!{{TAG:0007:0000:28000000}} Questo frutto
è esattamente quello che volevo!","{{TAG:0003:0003:}}Au ja!{{TAG:0007:0000:14000000}} Lecker, lecker, lecker!","{{TAG:0003:0003:}}Nefis{{TAG:0007:0000:14000000}}! Tatlııı{{TAG:0007:0000:28000000}}! Tam canımın
çektiği şey!"
37,038,"{{TAG:0003:0010:}}{{TAG:0007:000B:}}Oh, yeah!{{TAG:0007:0000:14000000}} Just what I wanted!{{TAG:0007:0001:}}
{{TAG:0003:0003:}}That was so tasty,{{TAG:0007:0000:08000000}} {{TAG:0005:0007:}}!","{{TAG:0003:0010:}}{{TAG:0007:000B:}}¡Ay, sí!{{TAG:0007:0000:14000000}} ¡Era justo lo que quería!{{TAG:0007:0001:}}
{{TAG:0003:0003:}}¡Qué cosa más rica,{{TAG:0007:0000:08000000}} {{TAG:0005:0007:}}!","{{TAG:0003:0010:}}{{TAG:0007:000B:}}Yes !{{TAG:0007:0000:14000000}} Pile-poil ce que je voulais !{{TAG:0007:0001:}}
{{TAG:0003:0003:}}C'était bien bon,{{TAG:0007:0000:08000000}} {{TAG:0005:0007:}} !","{{TAG:0003:0010:}}{{TAG:0007:000B:}}Oh, sì!{{TAG:0007:0000:14000000}} Questo frutto è speciale!{{TAG:0007:0001:}}
{{TAG:0003:0003:}}Proprio quello che volevo,{{TAG:0007:0000:08000000}}
{{TAG:0005:0007:}}!","{{TAG:0003:0010:}}{{TAG:0007:000B:}}Oh!{{TAG:0007:0000:14000000}} Volltreffer!{{TAG:0007:0000:28000000}}{{TAG:0003:0003:}} Das war echt
lecker,{{TAG:0007:0000:08000000}} {{TAG:0005:0007:}}!","{{TAG:0003:0010:}}{{TAG:0007:000B:}}İşte bu!{{TAG:0007:0000:14000000}} Tam istediğim!{{TAG:0007:0001:}}{{TAG:0003:0003:}} Çok
lezzetliydi,{{TAG:0007:0000:08000000}} {{TAG:0005:0007:}}!"
38,039,"
{{TAG:0003:000F:}}{{TAG:0007:000B:}}{{TAG:0000:0002:C800}}Yeehaw!{{TAG:0000:0002:6400}}{{TAG:0000:0002:9600}}{{TAG:0000:0002:6400}}{{TAG:0000:0004:}}{{TAG:0000:0002:9600}}{{TAG:0000:0002:6400}}{{TAG:0003:000D:}}{{TAG:0000:0002:9600}}{{TAG:0000:0002:6400}}Delicious!{{TAG:0007:0000:14000000}} I can't believe how good
this {{TAG:0000:0003:0200}}{{TAG:0011:0003:0200}} {{TAG:0000:0003:FFFF}}is!{{TAG:0007:0000:14000000}}
It's perfect!{{TAG:0007:0001:}} {{TAG:0003:0004:}}This must be a dream!","
{{TAG:0003:000F:}}{{TAG:0007:000B:}}{{TAG:0000:0002:C800}}¡Yupiii!{{TAG:0000:0002:6400}}{{TAG:0000:0004:}}{{TAG:0003:000D:}}¡Ñam!{{TAG:0007:0000:14000000}} ¡Es increíble lo ric{{TAG:000E:0008:02CD02006F000200610002003000}} que
está est{{TAG:000E:0008:02CD020065000200610002003000}} {{TAG:0000:0003:0200}}{{TAG:0011:0003:0200}}{{TAG:0000:0003:FFFF}}!{{TAG:0007:0000:14000000}}
¡Es delicios{{TAG:000E:0008:02CD02006F000200610002003000}}!{{TAG:0007:0001:}} {{TAG:0003:0004:}}¡Igual que en un sueño!","
{{TAG:0003:000F:}}{{TAG:0007:000B:}}{{TAG:0000:0002:C800}}Youhou !{{TAG:0000:0002:6400}}{{TAG:0000:0002:C800}}{{TAG:0000:0004:}}{{TAG:0000:0002:6400}}{{TAG:0003:000D:}}{{TAG:0000:0002:C800}}{{TAG:0000:0002:6400}}{{TAG:0000:0002:6400}}Délicieux !{{TAG:0007:0000:14000000}} C'est incroyable comme
c'est bon {{TAG:000E:0002:}}
{{TAG:0000:0003:0200}}{{TAG:0011:0003:0200}}{{TAG:0000:0002:6400}} {{TAG:0000:0002:6400}}{{TAG:0000:0003:FFFF}}{{TAG:0000:0002:6400}}{{TAG:0000:0002:6400}}!
{{TAG:0000:0002:6400}}Tout bonnement parfait...{{TAG:0007:0001:}} {{TAG:0003:0004:}}J'y suis,
je dois encore être en train de
rêver. Me réveille surtout pas !","
{{TAG:0003:000F:}}{{TAG:0007:000B:}}{{TAG:0000:0002:C800}}Evvivaaa!{{TAG:0000:0002:6400}}{{TAG:0000:0002:9600}}{{TAG:0000:0002:C800}}{{TAG:0000:0004:}}{{TAG:0000:0002:9600}}{{TAG:0003:000D:}}{{TAG:0000:0002:6400}}Un frutto delizioso!{{TAG:0007:0000:14000000}} Non riesco a
credere alle mie papille gustative...{{TAG:0000:0004:}}{{TAG:000E:0008:02CD0C00510075006500730074006F000C005100750065007300740061000000}} {{TAG:0011:0003:0200}} è
speciale!{{TAG:0007:0000:14000000}} Perfezione allo stato puro!{{TAG:0007:0001:}}
{{TAG:0003:0004:}}Un sogno ad occhi aperti!","
{{TAG:0003:000F:}}{{TAG:0007:000B:}}{{TAG:0000:0002:C800}}Juhuuu!{{TAG:0000:0002:6400}}{{TAG:0000:0004:}}{{TAG:0003:000D:}}Leckerleckerlecker!{{TAG:0007:0000:14000000}} Ich kann gar
nicht glauben, wie perfekt {{TAG:000E:0008:02CD0C006400690065007300650072000A00640069006500730065000C00640069006500730065007300}}
{{TAG:0011:0003:0200}} war!
{{TAG:0003:0004:}}Einfach traumhaft!","{{TAG:0003:000F:}}{{TAG:0007:000B:}}{{TAG:0000:0002:C800}}Yeehaw{{TAG:0000:0002:6400}}{{TAG:0000:0002:9600}}{{TAG:0000:0002:6400}}{{TAG:0000:0004:}}{{TAG:0000:0002:9600}}{{TAG:0000:0002:6400}}{{TAG:0003:000D:}}{{TAG:0000:0002:9600}}{{TAG:0000:0002:6400}}!{{TAG:0007:0000:14000000}} Nefis! Bu {{TAG:0000:0003:0200}}{{TAG:0011:0003:0200}}{{TAG:0000:0003:FFFF}} nasıl{{TAG:0007:0000:14000000}} bu
kadar iyi olabilir{{TAG:0007:0001:}}!{{TAG:0003:0004:}} Kusursuz!
Rüya görüyor olmalıyım!"
39,040,"
{{TAG:0003:0010:}}{{TAG:0007:000B:}}{{TAG:0000:0002:C800}}DEEEEELISH!{{TAG:0000:0002:6400}}{{TAG:0000:0004:}}{{TAG:0003:0003:}}This is almost too good!{{TAG:0007:0000:28000000}} I kind of
feel bad for eating it,{{TAG:0007:0000:08000000}} {{TAG:0005:0007:}}.","
{{TAG:0003:0010:}}{{TAG:0007:000B:}}{{TAG:0000:0002:C800}}¡QUÉ SABROSO!{{TAG:0000:0002:6400}}{{TAG:0000:0004:}}{{TAG:0003:0003:}}¡Esto es hasta demasiado bueno!{{TAG:0007:0000:28000000}}
Casi me siento mal por comérmelo,{{TAG:0007:0000:08000000}}
{{TAG:0005:0007:}}.","
{{TAG:0003:0010:}}{{TAG:0007:000B:}}{{TAG:0000:0002:C800}}DIIINGUE !{{TAG:0000:0002:6400}}{{TAG:0000:0004:}}{{TAG:0003:0003:}}C'est presque trop bon !{{TAG:0007:0000:28000000}} Ce fruit
était si bon que je regrette presque
de l'avoir mangé,{{TAG:0007:0000:08000000}} {{TAG:0005:0007:}}.","
{{TAG:0003:0010:}}{{TAG:0007:000B:}}{{TAG:0000:0002:C800}}CHE BONTÀÀÀ!{{TAG:0000:0002:6400}}{{TAG:0000:0004:}}{{TAG:0003:0003:}}Questo frutto è quasi troppo
per me!{{TAG:0007:0000:28000000}} Mi sento perfino in colpa
a mangiarlo,{{TAG:0007:0000:08000000}} {{TAG:0005:0007:}}.","
{{TAG:0003:0010:}}{{TAG:0007:000B:}}{{TAG:0000:0002:C800}}MJAMJAMJAM!{{TAG:0000:0002:6400}}{{TAG:0000:0004:}}{{TAG:0003:0003:}}War das lecker!{{TAG:0007:0000:14000000}} Fast ein bisschen
schade, es einfach so zu verputzen,{{TAG:0007:0000:08000000}}
{{TAG:0005:0007:}}.","NEFİİİS{{TAG:0003:0010:}}{{TAG:0007:000B:}}{{TAG:0000:0002:C800}}!{{TAG:0000:0002:6400}}{{TAG:0000:0004:}}{{TAG:0003:0003:}} Neredeyse fazla iyi.{{TAG:0007:0000:28000000}}
Yediğim için biraz suçluluk
duydum,{{TAG:0007:0000:08000000}} {{TAG:0005:0007:}}."
40,041,"{{TAG:0003:0003:}}This {{TAG:0000:0003:0200}}{{TAG:0011:0003:0200}}{{TAG:0000:0003:FFFF}}{{TAG:0007:0000:14000000}} makes
me wanna shout with joy!","{{TAG:0003:0003:}}¡Est{{TAG:000E:0008:02CD020065000200610002003000}} {{TAG:0000:0003:0200}}{{TAG:0011:0003:0200}}{{TAG:0000:0003:FFFF}}{{TAG:0007:0000:14000000}}
me da ganas de gritar de alegría!","{{TAG:0003:0003:}}{{TAG:000E:0003:}}{{TAG:000E:0001:}}{{TAG:0000:0003:0200}}{{TAG:0011:0003:0200}}{{TAG:0000:0003:FFFF}} que
tu m'as donné{{TAG:000E:0008:02CD0000020065000000}} {{TAG:0007:0000:14000000}}est à pleurer de
joie !","{{TAG:0003:0003:}}{{TAG:000E:0008:02CD0C00510075006500730074006F000C005100750065007300740061000000}} {{TAG:0000:0003:0200}}{{TAG:0011:0003:0200}}{{TAG:0000:0003:FFFF}}{{TAG:0007:0000:14000000}}
mi fa fare i salti di gioia!","{{TAG:0003:0003:}}Nach {{TAG:000E:0008:02CD0C00640069006500730065006D000C006400690065007300650072000C00640069006500730065006D00}} unglaublich leckeren
{{TAG:0011:0003:0200}} könnte ich
vor Genuss explodieren!{{TAG:0007:0000:28000000}}{{TAG:0007:000A:}} BUMM!","{{TAG:0003:0003:}}Bu {{TAG:0000:0003:0200}}{{TAG:0011:0003:0200}}{{TAG:0000:0003:FFFF}}{{TAG:0007:0000:14000000}} sevinçten bağırmak istememe
neden oluyor!"
41,042,"{{TAG:0003:0005:}}Uh-huh!{{TAG:0007:0000:14000000}} It's sweet,{{TAG:0007:0000:14000000}} perfectly ripe,{{TAG:0007:0000:14000000}}
and the texture is just right.{{TAG:0007:0001:}} {{TAG:0003:0009:}}But it's
not exactly what I asked for.","{{TAG:0003:0005:}}¡Ajajá!{{TAG:0007:0000:14000000}} Es una fruta dulce,{{TAG:0007:0000:14000000}} madura{{TAG:0007:0000:14000000}}
y con la textura perfecta.{{TAG:0007:0001:}} {{TAG:0003:0009:}}Pero no
es exactamente lo que había pedido.","{{TAG:0003:0005:}}Beau fruit !{{TAG:0007:0000:14000000}} Il a de l'arôme,{{TAG:0007:0000:14000000}} il est
bien mûr,{{TAG:0007:0000:14000000}} et sa chair est bien ferme.{{TAG:0000:0004:}}{{TAG:0003:0009:}}Mais ce n'est pas ce que je t'ai
demandé.","{{TAG:0003:0005:}}Oooh!{{TAG:0007:0000:14000000}} Che gusto dolce{{TAG:0007:0000:14000000}} e che grado
perfetto di maturazione!{{TAG:0007:0000:14000000}}
Per non parlare della consistenza!
{{TAG:0003:0009:}}Solo che non era questo il frutto
che ti avevo chiesto...","{{TAG:0003:0005:}}Süß!{{TAG:0007:0000:14000000}} Reif!{{TAG:0007:0000:14000000}} Ganz zart und trotzdem
bissfest!{{TAG:0007:0000:14000000}} Einfach perfekt!{{TAG:0007:0001:}} {{TAG:0003:0009:}}Aber
leider nicht das, was ich wollte...","{{TAG:0003:0005:}}Hı hı{{TAG:0007:0000:14000000}}! Tatlı,{{TAG:0007:0000:14000000}} tam olgun,{{TAG:0007:0000:14000000}} dokusu
da yerinde.{{TAG:0007:0001:}} Ama{{TAG:0003:0009:}} tam istediğim
şey değil."
42,043,"{{TAG:0003:0003:}}Yeah!{{TAG:0007:0000:14000000}} This fruit is super tasty!{{TAG:0007:0001:}}
{{TAG:0003:0009:}}But the thing is,{{TAG:0007:0000:08000000}} it's a little different
from what I asked for.","{{TAG:0003:0003:}}¡Sí!{{TAG:0007:0000:14000000}} ¡Esta fruta está riquisisísima!{{TAG:0007:0001:}}
{{TAG:0003:0009:}}Lo malo es que...{{TAG:0007:0000:08000000}} no era
exactamente lo que te pedí.","{{TAG:0003:0003:}}Miam !{{TAG:0007:0000:14000000}} Ce fruit a super bon goût !{{TAG:0007:0001:}}
{{TAG:0003:0009:}}Mais bon,{{TAG:0007:0000:08000000}} ce n'est pas exactement
ce que j'ai demandé, {{TAG:0005:0007:}}.","{{TAG:0003:0003:}}Sì!{{TAG:0007:0000:14000000}} Questo frutto è una delizia,
non c'è dubbio!{{TAG:0007:0001:}} {{TAG:0003:0009:}}Ma non è quello{{TAG:0007:0000:08000000}}
che ti avevo chiesto io.","{{TAG:0003:0003:}}Boah!{{TAG:0007:0000:14000000}} War DAS lecker!{{TAG:0007:0001:}}
{{TAG:0003:0009:}}Aber eigentlich wollte ich doch
was anderes...","{{TAG:0003:0003:}}Evet{{TAG:0007:0000:14000000}}! Bu meyve çok{{TAG:0007:0001:}}{{TAG:0003:0009:}} lezzetli! Ama{{TAG:0007:0000:08000000}}
benim istediğimden biraz farklı."
43,044,"{{TAG:0003:0003:}}Yum!{{TAG:0007:0000:28000000}} It's so good!{{TAG:0007:0001:}} {{TAG:0003:0009:}}Although it's{{TAG:0007:0000:08000000}}
not quite what I asked you to get.","{{TAG:0003:0003:}}¡Mmmm!{{TAG:0007:0000:28000000}} ¡Qué guay!{{TAG:0007:0001:}} {{TAG:0003:0009:}}Aunque{{TAG:0007:0000:08000000}} no es
exactamente lo que te pedí.","{{TAG:0003:0003:}}Miam !{{TAG:0007:0000:28000000}} Que c'est bon !{{TAG:0007:0001:}} {{TAG:0003:0009:}}Même{{TAG:0007:0000:08000000}} si
c'est pas exactement ce que j'avais
demandé.","{{TAG:0003:0003:}}Gnam!{{TAG:0007:0000:28000000}} Che prelibatezza!{{TAG:0007:0001:}}
{{TAG:0003:0009:}}Ma non è il frutto {{TAG:0007:0000:08000000}}che ti avevo
chiesto di portarmi.","{{TAG:0003:0003:}}Einfach lecker!{{TAG:0007:0001:}} {{TAG:0003:0009:}}Aber irgendwie nicht
das, was ich eigentlich wollte.","{{TAG:0003:0003:}}Nefis{{TAG:0007:0000:28000000}}! Çok iyi!{{TAG:0007:0001:}}{{TAG:0003:0009:}} Gerçi senden{{TAG:0007:0000:08000000}}
istediğim şey tam bu değildi."
44,045,"{{TAG:0003:0001:}}A good {{TAG:0000:0003:0200}}{{TAG:0011:0003:0200}}{{TAG:0000:0003:FFFF}}
always hits the spot.{{TAG:0007:0000:14000000}} I guess 'cause
it tastes like home,{{TAG:0007:0000:08000000}} {{TAG:0005:0007:}}.
{{TAG:0003:0009:}}But you know,{{TAG:0007:0000:14000000}} and I don't want to
sound ungrateful,{{TAG:0007:0000:14000000}} this isn't exactly
what I asked for.","{{TAG:0003:0001:}}U{{TAG:000E:0008:02CD02006E0004006E00610002003000}} bue{{TAG:000E:0008:02CD02006E0004006E00610002003000}} {{TAG:0000:0003:0200}}{{TAG:0011:0003:0200}}{{TAG:0000:0003:FFFF}}
siempre sienta muy bien.{{TAG:0007:0000:14000000}} ¡Es el
sabor del hogar,{{TAG:0007:0000:08000000}} {{TAG:0005:0007:}}!
{{TAG:0003:0009:}}Aunque... Oye,{{TAG:0007:0000:14000000}} no pretendo ser
desagradecido,{{TAG:0007:0000:14000000}} pero esto no es
exactamente lo que te pedí.","{{TAG:0003:0001:}}Avec {{TAG:000E:0002:}}{{TAG:0000:0003:0200}}{{TAG:0011:0003:0200}}{{TAG:0000:0003:FFFF}},
on n'est jamais déçu.{{TAG:0007:0000:14000000}} C'est trop
délicieux,{{TAG:0007:0000:08000000}} {{TAG:0005:0007:}}.
{{TAG:0003:0009:}}Tu sais,{{TAG:0007:0000:14000000}} je ne veux pas passer pour
un ingrat,{{TAG:0007:0000:14000000}} mais ce n'est pas ce que
j'ai demandé.","{{TAG:0003:0001:}}{{TAG:000E:0008:02CD0C0055006E002000620065006C00120055006E0061002000620065006C006C00610002003000}} {{TAG:0000:0003:0200}}{{TAG:0011:0003:0200}}{{TAG:0000:0003:FFFF}}
non delude mai!{{TAG:0007:0000:14000000}} Ha il sapore buono
delle cose di casa,{{TAG:0007:0000:08000000}} {{TAG:0005:0007:}}.
{{TAG:0003:0009:}}Comunque sia,{{TAG:0007:0000:14000000}} questo non è
il frutto che ti avevo chiesto.{{TAG:0007:0000:14000000}}
Non te la prendere, però!","{{TAG:0003:0001:}}{{TAG:000E:0008:02CD1200450069006E002000670075007400650072001200450069006E006500200067007500740065001200450069006E00200067007500740065007300}} {{TAG:0011:0003:0200}}
ist nie verkehrt.{{TAG:0007:0000:14000000}} Dieser Geschmack
erinnert mich an meine Heimat.
{{TAG:0003:0009:}}Aber...{{TAG:0007:0000:14000000}} Äh...{{TAG:0007:0000:28000000}} Ich will nicht undankbar
sein, aber eigentlich wollte ich was
anderes,{{TAG:0007:0000:08000000}} {{TAG:0005:0007:}}.","{{TAG:0003:0001:}}İyi bir {{TAG:0000:0003:0200}}{{TAG:0011:0003:0200}}{{TAG:0000:0003:FFFF}} her zaman içimi{{TAG:0007:0000:14000000}} ısıtır;
ev tadı veriyor herhalde,{{TAG:0007:0000:08000000}} {{TAG:0005:0007:}}.{{TAG:0003:0009:}} Ama{{TAG:0007:0000:14000000}}
nankörlük etmek istemem, bu{{TAG:0007:0000:14000000}} tam
istediğim şey değil."
45,046,"{{TAG:0003:0015:}}Yup, that sure was tasty!{{TAG:0007:0000:14000000}} {{TAG:0003:0001:}}There's
nothing like a good piece of fruit,{{TAG:0007:0000:08000000}}
{{TAG:0005:0007:}}.
{{TAG:0003:0009:}}The only thing that would make this
better is if{{TAG:0007:0000:08000000}} it had been the exact
thing I asked for.","{{TAG:0003:0015:}}¡Mmm, qué delicia!{{TAG:0007:0000:14000000}} {{TAG:0003:0001:}}No hay
nada como una buena frutita,{{TAG:0007:0000:08000000}}
{{TAG:0005:0007:}}.
{{TAG:0003:0009:}}Lo único que hubiera sido mejor
es que{{TAG:0007:0000:08000000}} me hubieras traído justo
la que te pedí.","{{TAG:0003:0015:}}C'était vraiment très bon !{{TAG:0007:0000:14000000}} {{TAG:0003:0001:}}Il n'y a
rien de meilleur qu'un bon fruit,{{TAG:0007:0000:08000000}}
{{TAG:0005:0007:}}.
{{TAG:0003:0009:}}Mais j'aurais préféré que tu me
ramènes{{TAG:0007:0000:08000000}} celui que je t'avais
demandé.","{{TAG:0003:0015:}}Che bontà sconfinata!{{TAG:0007:0000:14000000}} {{TAG:0003:0001:}}Non c'è
niente di meglio di un bel frutto,{{TAG:0007:0000:08000000}}
{{TAG:0005:0007:}}.
{{TAG:0003:0009:}}E se fosse quello che ti ho chiesto
io,{{TAG:0007:0000:08000000}} sarebbe perfino migliore!","{{TAG:0003:0015:}}Ja, gar nicht schlecht!{{TAG:0007:0000:14000000}} {{TAG:0003:0001:}}Eine leckere
Frucht zwischendurch passt immer
noch rein,{{TAG:0007:0000:08000000}} {{TAG:0005:0007:}}.
{{TAG:0003:0009:}}Wenn du jetzt noch die richtige
Frucht gebracht hättest, wär ich
echt zufrieden!","{{TAG:0003:0015:}}Evet, çok lezzetliydi!{{TAG:0007:0000:14000000}}{{TAG:0003:0001:}} Güzel
meyvenin yerini hiçbir şey
tutmaz,{{TAG:0007:0000:08000000}} {{TAG:0005:0007:}}.{{TAG:0003:0009:}} Keşke tam istediğim
şey olsaydı{{TAG:0007:0000:08000000}}, daha da iyi olurdu."
46,047,"{{TAG:0003:0017:}}Huh?{{TAG:0007:0000:28000000}} This fruit is all wormy!{{TAG:0007:0000:14000000}}
{{TAG:0003:0009:}}And it's not even what I asked for{{TAG:0007:0000:08000000}}.{{TAG:0007:0000:08000000}}.{{TAG:0007:0000:08000000}}.{{TAG:0000:0004:}}{{TAG:0003:0007:}}Why did you even bring this to me,
{{TAG:0005:0008:}}?{{TAG:0007:0000:14000000}} {{TAG:0007:000B:}}This is the worst!{{TAG:000B:0002:03CD}}","{{TAG:0003:0017:}}¡¿Eh?!{{TAG:0007:0000:28000000}} ¡Esta fruta está llena
de gusanos!{{TAG:0007:0000:14000000}}{{TAG:0003:0009:}} Y ni siquiera es
la que te pedí{{TAG:0007:0000:08000000}}.{{TAG:0007:0000:08000000}}.{{TAG:0007:0000:08000000}}.
{{TAG:0003:0007:}}¡¿Pero para qué me has traído
esto, {{TAG:0005:0008:}}?!{{TAG:0007:0000:14000000}} {{TAG:0007:000B:}}¡Qué porquería!{{TAG:000B:0002:03CD}}","{{TAG:0003:0017:}}Mais ?!{{TAG:0007:0000:28000000}} Ce fruit est tout véreux !{{TAG:0007:0000:14000000}} {{TAG:0003:0009:}}Et
c'est même pas celui que je t'ai
demandé{{TAG:0007:0000:08000000}}.{{TAG:0007:0000:08000000}}.{{TAG:0007:0000:08000000}}.{{TAG:0000:0004:}}{{TAG:0003:0007:}}Pourquoi tu m'as amené ça,
{{TAG:0005:0008:}} ?{{TAG:0007:0000:14000000}} {{TAG:0007:000B:}}C'est n'importe quoi !{{TAG:000B:0002:03CD}}","{{TAG:0003:0017:}}Oh?!{{TAG:0007:0000:28000000}} Ma questo frutto è pieno di
vermi!{{TAG:0007:0000:14000000}} {{TAG:0003:0009:}}E non è nemmeno quello
che ti avevo chiesto{{TAG:0007:0000:08000000}}.{{TAG:0007:0000:08000000}}.{{TAG:0007:0000:08000000}}.{{TAG:0000:0004:}}{{TAG:0003:0007:}}Perché me lo hai portato,
{{TAG:0005:0008:}}?{{TAG:0007:0000:14000000}} {{TAG:0007:000B:}}Cosa avevi in mente?!
È una schifezza!{{TAG:000B:0002:03CD}}","{{TAG:0003:0017:}}Äh...{{TAG:0007:0000:14000000}} Was?{{TAG:0007:0000:28000000}} Da sind ja lauter Würmer
drin!{{TAG:0007:0000:14000000}}{{TAG:0003:0009:}} Und außerdem ist das gar nicht
die Frucht, die ich wollte.{{TAG:0000:0004:}}{{TAG:0003:0007:}}Was soll ich damit, {{TAG:0005:0008:}}?{{TAG:0007:0000:14000000}}
{{TAG:0007:000B:}}Das ist echt gemein!{{TAG:000B:0002:03CD}}","{{TAG:0003:0017:}}Ha?{{TAG:0007:0000:28000000}} Bu meyve kurtlanmış!{{TAG:0007:0000:14000000}}{{TAG:0003:0009:}} Üstelik
istediğim şey de değil{{TAG:0007:0000:08000000}}{{TAG:0007:0000:08000000}}{{TAG:0007:0000:08000000}}.{{TAG:0000:0004:}}{{TAG:0003:0007:}}.. Bunu
bana neden getirdin, {{TAG:0005:0008:}}?{{TAG:0007:0000:14000000}}{{TAG:0007:000B:}} Çok kötü!
{{TAG:000B:0002:03CD}}"
47,048,"Wait a second!{{TAG:0007:0000:14000000}} {{TAG:0003:0014:}}This thing is crawling
with worms!{{TAG:0007:0000:14000000}} Why would you bring
me this?{{TAG:0007:0000:08000000}} It's gross!
{{TAG:0003:0008:}}{{TAG:0007:000B:}}This is, like, the opposite of what
I wanted,{{TAG:0007:0000:08000000}} {{TAG:0005:0008:}}!{{TAG:0007:0000:28000000}}{{TAG:0003:0006:}}{{TAG:000B:0002:03CD}}","¡Espera un momento!{{TAG:0007:0000:14000000}} {{TAG:0003:0014:}}¡Pero si esto
está lleno de gusanos! ¡Y uno me
está mirando!{{TAG:0007:0000:14000000}} ¡¡¡QUÉ ASCOOOO!!!
{{TAG:0003:0008:}}{{TAG:0007:000B:}}¿Para qué me traes esto siquiera?{{TAG:0007:0000:08000000}}
¡¿Pretendes revolverme el
estómago, {{TAG:0005:0008:}}?!{{TAG:0007:0000:28000000}}{{TAG:0003:0006:}}{{TAG:000B:0002:03CD}}","Attends un peu, toi !{{TAG:0007:0000:14000000}} {{TAG:0003:0014:}}Il était plein de
vers, ce fruit !{{TAG:0007:0000:14000000}} Qu'est-ce que tu
m'as fait manger ?{{TAG:0007:0000:08000000}} Beurk !
{{TAG:0003:0008:}}{{TAG:0007:000B:}}En plus, c'était pas du tout ce que
je voulais.{{TAG:0007:0000:08000000}} Re-beurk, {{TAG:0005:0008:}} !
Beurk beurk beurk !{{TAG:0007:0000:28000000}}{{TAG:0003:0006:}}{{TAG:000B:0002:03CD}}","Aspetta un attimo!{{TAG:0007:0000:14000000}} {{TAG:0003:0014:}}Ma è un frutto
strapieno di vermi!{{TAG:0007:0000:14000000}} E perché mai
me l'avresti portato?{{TAG:0007:0000:08000000}} È disgustoso!
{{TAG:0003:0008:}}{{TAG:0007:000B:}}È l'esatto contrario di quello
che ti avevo chiesto,{{TAG:0007:0000:08000000}} {{TAG:0005:0008:}}!{{TAG:0007:0000:28000000}}{{TAG:0003:0006:}}{{TAG:000B:0002:03CD}}","Moment mal!{{TAG:0007:0000:14000000}} {{TAG:0003:0014:}}Da krabbeln ja lauter
Würmer drin rum!{{TAG:0007:0000:14000000}}{{TAG:0007:000A:}} Igittigitt!{{TAG:0007:0000:28000000}} Warum
bringst du mir so was Ekliges?
{{TAG:0003:0008:}}{{TAG:0007:000B:}}Das ist überhaupt gar nicht das,
was ich wollte, {{TAG:0005:0008:}}!{{TAG:0007:0000:28000000}}{{TAG:0003:0006:}}{{TAG:000B:0002:03CD}}","Bir dakika!{{TAG:0007:0000:14000000}}{{TAG:0003:0014:}} Bunun üstünde
kurtlar{{TAG:0007:0000:14000000}} geziyor! Bunu bana niye{{TAG:0007:0000:08000000}}
getirdin?{{TAG:0003:0008:}}{{TAG:0007:000B:}} İğrenç! İstediğim
şeyin tam tersi,{{TAG:0007:0000:08000000}} {{TAG:0005:0008:}}! {{TAG:0007:0000:28000000}}{{TAG:0003:0006:}}{{TAG:000B:0002:03CD}}"
48,049,"{{TAG:0003:0009:}}This might technically be a fruit,{{TAG:0007:0000:08000000}}
but it's not what I was after.{{TAG:0007:0000:14000000}} I'd
crack my jaw before cracking it!
{{TAG:0003:000B:}}And it's not even what I asked
for{{TAG:0007:0000:08000000}}.{{TAG:0007:0000:08000000}}.{{TAG:0007:0000:08000000}}.","{{TAG:0003:0009:}}Gracias por la fruta,{{TAG:0007:0000:08000000}} pero como no
me traigas un taladro{{TAG:0007:0000:08000000}}.{{TAG:0007:0000:08000000}}.{{TAG:0007:0000:08000000}}.{{TAG:0007:0000:08000000}} ¿O es que
quieres que me rompa los dientes?
{{TAG:0003:0028:}}Esto no me vale.{{TAG:0007:0000:14000000}} No es lo que
te pedí.","{{TAG:0003:0009:}}Techniquement, c'est un fruit, on
est d'accord là-dessus,{{TAG:0007:0000:08000000}} mais ce
n'est pas LE fruit que j'ai demandé.{{TAG:0007:0000:14000000}}
Tu veux que je me casse les dents
ou quoi ? {{TAG:0003:000B:}}C'est ma faute, j'aurais dû
être plus clair, {{TAG:0005:0007:}}{{TAG:0007:0000:08000000}}.{{TAG:0007:0000:08000000}}.{{TAG:0007:0000:08000000}}.","{{TAG:0003:0009:}}Tecnicamente è un frutto, {{TAG:0007:0000:08000000}}hai
ragione, ma a casa mia i frutti
così duri li lasciamo agli altri.{{TAG:0007:0000:14000000}}
Potrei spaccarmi i denti al primo
morso! {{TAG:0003:000B:}}E poi non è nemmeno
quello che ti avevo chiesto{{TAG:0007:0000:08000000}}.{{TAG:0007:0000:08000000}}.{{TAG:0007:0000:08000000}}.","{{TAG:0003:0009:}}Vielleicht kann man das 'ne Frucht
nennen, aber wenn ich da reinbeiße,
brechen meine Zähne ab!
{{TAG:0003:000B:}}Außerdem wollte ich was ganz
anderes haben.","{{TAG:0003:0009:}}Teknik olarak meyve olabilir{{TAG:0007:0000:08000000}} ama
aradığım bu değil. Bunu{{TAG:0007:0000:14000000}} kırmaya
çalışsam çenem kırılır!{{TAG:0003:000B:}} Üstelik
istediğim şey de değil{{TAG:0007:0000:08000000}}.{{TAG:0007:0000:08000000}}.{{TAG:0007:0000:08000000}}."
49,050,"{{TAG:0003:0009:}}I'd really,{{TAG:0007:0000:14000000}} really like to eat this,{{TAG:0007:0000:14000000}} {{TAG:0003:0028:}}but
I couldn't possibly accept something
so precious.
{{TAG:0003:000D:}}Plus,{{TAG:0007:0000:28000000}} I really wanted to eat that
fruit I asked you for!","{{TAG:0003:0009:}}De verdad que{{TAG:0007:0000:14000000}} me encantaría
comerme algo así,{{TAG:0007:0000:14000000}} {{TAG:0003:0028:}}pero no debo.
¡No es mi cumpleaños!
{{TAG:0003:000D:}}Además,{{TAG:0007:0000:28000000}} ¡lo que quería era
comerme esa fruta que te pedí!","{{TAG:0003:0009:}}Waouh !{{TAG:0007:0000:14000000}} Ça me fait super envie bien
sûr,{{TAG:0007:0000:14000000}} {{TAG:0003:0028:}}mais ce n'est pas mon
anniversaire.
{{TAG:0003:000D:}}En plus,{{TAG:0007:0000:28000000}} j'ai vraiment très envie du
fruit que je t'ai demandé !","{{TAG:0003:0009:}}Vorrei tanto{{TAG:0007:0000:14000000}} mangiare una cosa
così speciale,{{TAG:0007:0000:14000000}} {{TAG:0003:0028:}}ma davvero,
non posso accettarla.
{{TAG:0003:000D:}}E, a pensarci bene,{{TAG:0007:0000:28000000}} ho ancora
una voglia matta di quel frutto
che ti avevo chiesto!","{{TAG:0003:0009:}}Ich hätte schon Lust, da jetzt mal
reinzubeißen.{{TAG:0007:0000:14000000}} {{TAG:0003:0028:}}Aber das sieht mir
doch ein bisschen zu kostbar aus.
{{TAG:0003:000D:}}Warum bringst du mir nicht einfach
die Frucht, die ich bestellt hatte?!?","{{TAG:0003:0009:}}Bunu yemeyi{{TAG:0007:0000:14000000}} gerçekten isterdim{{TAG:0007:0000:14000000}}{{TAG:0003:0028:}}
ama bu kadar değerli bir şeyi
kabul edemem. Hem{{TAG:0003:000D:}} benim{{TAG:0007:0000:28000000}} canım
senden istediğim meyveyi çekmişti!"
50,051,"{{TAG:0003:0009:}}Um,{{TAG:0007:0000:28000000}} what's up with this?{{TAG:0007:0000:14000000}} {{TAG:0003:000D:}}I asked for
fruit, not fish,{{TAG:0007:0000:08000000}} {{TAG:0005:0007:}}.","{{TAG:0003:0009:}}Vaya,{{TAG:0007:0000:28000000}} ¿y esto a qué viene?{{TAG:0007:0000:14000000}} {{TAG:0003:000D:}}¡Te pedí
fruta, no pescado,{{TAG:0007:0000:08000000}} {{TAG:0005:0007:}}!","{{TAG:0003:0009:}}Hein ?{{TAG:0007:0000:28000000}} C'est quoi ça ?{{TAG:0007:0000:14000000}} {{TAG:0003:000D:}}J'ai dit
« fruit », pas « fruit de mer »,{{TAG:0007:0000:08000000}}
{{TAG:0005:0007:}}.","{{TAG:0003:0009:}}Mmmh,{{TAG:0007:0000:28000000}} sogno o son desto?{{TAG:0007:0000:14000000}}
{{TAG:0003:000D:}}Ti ho chiesto un {{TAG:0000:0003:0200}}frutto{{TAG:0000:0003:FFFF}},
non un pesce,{{TAG:0007:0000:08000000}} {{TAG:0005:0007:}}.","{{TAG:0003:0009:}}Was ist das denn?{{TAG:0007:0000:14000000}}
{{TAG:0003:000D:}}Ich wollte Früchte, keinen Fisch!{{TAG:0000:0004:}}Das fängt zwar beides mit F an,
aber es ist echt nicht das Gleiche,{{TAG:0007:0000:08000000}}
{{TAG:0005:0007:}}.","{{TAG:0003:0009:}}Şey{{TAG:0007:0000:28000000}}, bu da ne? Ben{{TAG:0007:0000:14000000}} meyve{{TAG:0003:000D:}}
istedim, balık değil,{{TAG:0007:0000:08000000}} {{TAG:0005:0007:}}."
51,052,"{{TAG:0003:0009:}}This bug doesn't look like the
{{TAG:0000:0003:0200}}{{TAG:0011:0003:0000}} {{TAG:0000:0003:FFFF}}I asked you
for.{{TAG:0007:0001:}} And it's gross.","{{TAG:0003:0009:}}Este bicho no me parece que sea
{{TAG:000E:0001:}}{{TAG:0011:0003:0000}} que
te pedí.{{TAG:0007:0001:}} Y me da mucho asco.","{{TAG:0003:0009:}}Cette chose ne ressemble pas
vraiment à {{TAG:000E:0002:}}
{{TAG:0000:0003:0200}}{{TAG:0011:0003:0000}}{{TAG:0000:0003:FFFF}}.
Amène-moi plutôt ce que je t'ai
demandé.","{{TAG:0003:0009:}}Questo insettuccio ti sembra forse
{{TAG:000E:0001:}}{{TAG:0011:0003:0000}}
che ti ho chiesto?{{TAG:0007:0001:}} Fa pure schifo!","{{TAG:0003:0009:}}Das sieht gar nicht wie {{TAG:000E:0008:00CD08006D00650069006E000A006D00650069006E00650008006D00650069006E00}}
{{TAG:000E:0008:00CD1400620065007300740065006C006C007400650072001200620065007300740065006C006C00740065001400620065007300740065006C006C00740065007300}} {{TAG:0011:0003:0000}}
aus.{{TAG:0007:0000:14000000}} Außerdem ist es eklig!","{{TAG:0003:0009:}}Bu böcek benim istediğim {{TAG:0000:0003:0200}}{{TAG:0011:0003:0000}}{{TAG:0000:0003:FFFF}} gibi
görünmüyor{{TAG:0007:0001:}}. Hem de iğrenç."
52,053,"I don't mean to sound whiny,{{TAG:0007:0000:14000000}} {{TAG:0003:000C:}}but I
had my heart set on that fruit!","No quiero parecer un quejica,{{TAG:0007:0000:14000000}} {{TAG:0003:000C:}}¡pero
es que lo que quiero es esa fruta!
¡No me apetece ninguna otra cosa!","Je ne veux pas me plaindre,{{TAG:0007:0000:14000000}} {{TAG:0003:000C:}}mais
j'aurais préféré le fruit que je
t'avais demandé !","Non vorrei sembrarti una lagna, {{TAG:0007:0000:14000000}}
{{TAG:0003:000C:}}ma il mio cuore e il mio stomaco
aspettano ancora quel frutto!","Ich will ja nicht rummeckern,{{TAG:0007:0000:14000000}} {{TAG:0003:000C:}}aber
ich hatte mich echt auf diese
Frucht gefreut!","Mızmızlanmak istemem{{TAG:0007:0000:14000000}}{{TAG:0003:000C:}} ama benim
aklım o meyvedeydi!"
53,054,,,,,,
54,055,,,,,,
55,056,"{{TAG:0003:0005:}}I'm moved beyond words!{{TAG:0007:0000:14000000}}
Take my {{TAG:0011:0003:0100}}
as an expression of my thanks!","{{TAG:0003:0005:}}No tengo palabras para agradecerte
el detallazo.{{TAG:0007:0000:14000000}} Mejor que decir nada,
¡te daré mi {{TAG:0011:0003:0100}}!","{{TAG:0003:0005:}}Je ne sais pas quoi dire.{{TAG:0007:0000:14000000}} Tiens, je te
donne {{TAG:000E:0002:}}{{TAG:0011:0003:0100}}
pour te remercier !","{{TAG:0003:0005:}}Mi hai lasciato senza parole!{{TAG:0007:0000:14000000}} Prendi
{{TAG:000E:0008:01CD0C0069006C0020006D0069006F000C006C00610020006D00690061000000}} {{TAG:0011:0003:0100}}
come segno della mia gratitudine!","{{TAG:0003:0005:}}Ich bin sooo glücklich!{{TAG:0007:0000:14000000}} Hier hast du
{{TAG:000E:0008:01CD0C006D00650069006E0065006E000A006D00650069006E00650008006D00650069006E00}} {{TAG:0011:0003:0100}}
als Dankeschön!","{{TAG:0003:0005:}}Kelimeler kifayetsiz! Teşekkürüm{{TAG:0007:0000:14000000}}
olarak {{TAG:0011:0003:0100}} senin olsun!"
56,057,"{{TAG:0003:0000:}}A fantastic piece of fruit{{TAG:0007:0000:14000000}} deserves a
fantastic thank-you!{{TAG:0007:0001:}}{{TAG:0003:0001:}} Here.{{TAG:0007:0000:14000000}} Have
my {{TAG:0011:0003:0100}}!","{{TAG:0003:0000:}}¡Una fruta fantástica merece un
agradecimiento fantástico!{{TAG:0007:0001:}}{{TAG:0003:0001:}} ¡Toma{{TAG:0007:0000:14000000}}
mi {{TAG:0011:0003:0100}}!","{{TAG:0003:0000:}}Un fruit aussi beau,{{TAG:0007:0000:14000000}} ça mérite un
beau cadeau !{{TAG:0007:0001:}}{{TAG:0003:0001:}} Tiens,{{TAG:0007:0000:14000000}} je te donne
{{TAG:000E:0002:}}{{TAG:0011:0003:0100}}.","{{TAG:0003:0000:}}Un frutto così fantastico{{TAG:0007:0000:14000000}} merita
un ringraziamento fantastico!{{TAG:0007:0001:}}{{TAG:0003:0001:}} Ti do{{TAG:0007:0000:14000000}}
{{TAG:000E:0008:01CD0C0069006C0020006D0069006F000C006C00610020006D00690061000000}} {{TAG:0011:0003:0100}}!","{{TAG:0003:0000:}}Für eine perfekte Frucht gibt's auch
ein perfektes Geschenk.{{TAG:0007:0001:}}{{TAG:0003:0001:}} Hier hast
du {{TAG:000E:0008:01CD0C006D00650069006E0065006E000A006D00650069006E00650008006D00650069006E00}} {{TAG:0011:0003:0100}}!","{{TAG:0003:0000:}}Harika bir meyve harika{{TAG:0007:0000:14000000}} bir
teşekkürü hak eder{{TAG:0007:0001:}}{{TAG:0003:0001:}}! Al,{{TAG:0007:0000:14000000}} benim {{TAG:0011:0003:0100}}
senin olsun!"
57,058,"{{TAG:0003:0001:}}I need to give you a gift for bringing
me that fruit!{{TAG:0007:0000:14000000}} I hope you like my
{{TAG:0011:0003:0100}}!","{{TAG:0003:0001:}}¡Tengo que darte un regalito por
traerme esa fruta!{{TAG:0007:0000:14000000}} ¡Espero que te
guste mi {{TAG:0011:0003:0100}}!","{{TAG:0003:0001:}}Il faut que je te remercie de m'avoir
apporté ce fruit.{{TAG:0007:0000:14000000}} Tiens, je te donne
{{TAG:000E:0002:}}{{TAG:0011:0003:0100}}.","{{TAG:0003:0001:}}Voglio regalarti qualcosa in cambio
del frutto che mi hai dato!{{TAG:0007:0000:14000000}} Prendi
{{TAG:000E:0008:01CD0C0069006C0020006D0069006F000C006C00610020006D00690061000000}} {{TAG:0011:0003:0100}}!","{{TAG:0003:0001:}}Für diese leckere Frucht muss ich
dir auch was schenken!{{TAG:0007:0000:14000000}} Hier hast du
{{TAG:000E:0008:01CD0C006D00650069006E0065006E000A006D00650069006E00650008006D00650069006E00}} {{TAG:0011:0003:0100}}!","{{TAG:0003:0001:}}O meyveyi getirdiğin için sana
bir hediye{{TAG:0007:0000:14000000}} vermeliyim! Umarım {{TAG:0011:0003:0100}}
hoşuna gider!"
58,059,"{{TAG:0003:0000:}}Please accept this as a token
of my thanks.{{TAG:0007:0000:14000000}} {{TAG:0003:0001:}}It's {{TAG:000E:0002:}}
{{TAG:0011:0003:0100}}.","{{TAG:0003:0000:}}Acepta esto como muestra
de mi agradecimiento.{{TAG:0007:0000:14000000}} {{TAG:0003:0001:}}Es
{{TAG:000E:0002:}}{{TAG:0011:0003:0100}}.","{{TAG:0003:0000:}}Tiens, {{TAG:0005:0007:}}.{{TAG:0007:0000:14000000}} {{TAG:0003:0001:}}C'est {{TAG:000E:0002:}}
{{TAG:0011:0003:0100}}, et c'est
pour toi. Merci pour tout.","{{TAG:0003:0000:}}Per piacere accetta questo regalo
come segno della mia gratitudine.{{TAG:0007:0000:14000000}} {{TAG:0003:0001:}}
È {{TAG:000E:0002:}}{{TAG:0011:0003:0100}}.","{{TAG:0003:0000:}}Hier ist ein kleines Dankeschön
für dich.{{TAG:0007:0000:14000000}} {{TAG:0003:0001:}}Es ist {{TAG:000E:0008:01CD1600650069006E002000730063006800F6006E00650072001600650069006E0065002000730063006800F6006E0065001600650069006E002000730063006800F6006E0065007300}}
{{TAG:0011:0003:0100}}.","{{TAG:0003:0000:}}Teşekkürümün küçük bir
göstergesi olarak bunu kabul{{TAG:0007:0000:14000000}} et{{TAG:0003:0001:}}.
Bu {{TAG:000E:0002:}} {{TAG:0011:0003:0100}}."
59,060,"{{TAG:0003:0001:}}Here!{{TAG:0007:0000:14000000}} Let me give you this to say
thanks,{{TAG:0007:0000:08000000}} {{TAG:0005:0007:}}.","{{TAG:0003:0001:}}¡Toma!{{TAG:0007:0000:14000000}} Deja que te dé esto como
agradecimiento,{{TAG:0007:0000:08000000}} {{TAG:0005:0007:}}.","{{TAG:0003:0001:}}Prends ça.{{TAG:0007:0000:14000000}} C'est pour te remercier,{{TAG:0007:0000:08000000}}
{{TAG:0005:0007:}}.","{{TAG:0003:0001:}}Ecco!{{TAG:0007:0000:14000000}} Lascia che ti regali questo
per ringraziarti,{{TAG:0007:0000:08000000}} {{TAG:0005:0007:}}.","{{TAG:0003:0001:}}Das hier ist für dich, {{TAG:0005:0008:}}.{{TAG:0007:0000:14000000}}
Danke,{{TAG:0007:0000:08000000}} {{TAG:0005:0007:}}!","{{TAG:0003:0001:}}Al!{{TAG:0007:0000:14000000}} Teşekkür etmek için bunu
sana vereyim,{{TAG:0007:0000:08000000}} {{TAG:0005:0007:}}."
60,061,{{TAG:0003:0001:}}Take this as a token of my thanks!,"{{TAG:0003:0001:}}¡Toma esto en muestra
de mi agradecimiento!","{{TAG:0003:0001:}}Tu as bien mérité ça, tiens.","{{TAG:0003:0001:}}Questo è il mio modo di dirti grazie!
Spero vorrai accettare il mio
regalino.",{{TAG:0003:0001:}}Das hier ist ein kleines Dankeschön!,"{{TAG:0003:0001:}}Bunu teşekkür hediyesi olarak
kabul et!"
61,062,"{{TAG:0003:0001:}}Oh, right.{{TAG:0007:0000:28000000}} Here—take my
{{TAG:0011:0003:0100}} for your
trouble!","{{TAG:0003:0001:}}Ah, sí.{{TAG:0007:0000:28000000}} Venga, ¡acepta mi
{{TAG:0011:0003:0100}}
por las molestias!","{{TAG:0003:0001:}}Bien.{{TAG:0007:0000:28000000}} Tiens, c'est pour toi. Je te
donne {{TAG:000E:0002:}}{{TAG:0011:0003:0100}}
pour te remercier.","{{TAG:0003:0001:}}Oh, è vero.{{TAG:0007:0000:28000000}} Ecco, prendi {{TAG:000E:0008:01CD0C00710075006500730074006F000C007100750065007300740061000000}}
{{TAG:0011:0003:0100}}.
È per ringraziarti per il disturbo!","{{TAG:0003:0001:}}Ach ja!{{TAG:0007:0000:28000000}} Ich hab ja auch was für dich
vorbereitet.{{TAG:0007:0000:14000000}} Hier hast du {{TAG:000E:0008:01CD0C006D00650069006E0065006E000A006D00650069006E00650008006D00650069006E00}}
{{TAG:0011:0003:0100}}!","{{TAG:0003:0001:}}Aa, doğru.{{TAG:0007:0000:28000000}} Uğraştığın için benim
{{TAG:0011:0003:0100}} senin olsun!"
62,063,"{{TAG:0003:0001:}}Here. You should have my
{{TAG:0011:0003:0100}} for helping
me out!","{{TAG:0003:0001:}}Toma... ¡Deberías quedarte
con mi {{TAG:0011:0003:0100}}
por haberme ayudado!","{{TAG:0003:0001:}}Tiens, laisse-moi te faire cadeau
d'{{TAG:000E:0002:}}{{TAG:0011:0003:0100}}
pour m'avoir rendu ce service.","{{TAG:0003:0001:}}Senti, vorrei che prendessi {{TAG:000E:0008:01CD0C0069006C0020006D0069006F000C006C00610020006D00690061000000}}
{{TAG:0011:0003:0100}}.
È per ringraziarti dell'aiuto!","{{TAG:0003:0001:}}Weil du mir so nett geholfen hast,
will ich dir auch was schenken.{{TAG:0007:0000:14000000}} Hier
ist {{TAG:000E:0008:01CD08006D00650069006E000A006D00650069006E00650008006D00650069006E00}} {{TAG:0011:0003:0100}}!","{{TAG:0003:0001:}}Al. Yardım ettiğin için benim {{TAG:0011:0003:0100}}
sende kalsın!"
63,064,,,,,,
64,065,,,,,,
65,066,"{{TAG:0003:0016:}}{{TAG:0007:000B:}}Oh!{{TAG:0007:0000:28000000}} I should give you something,
shouldn't I?{{TAG:0007:0001:}} {{TAG:0003:0001:}}OK,{{TAG:0007:0000:14000000}} please take my
{{TAG:0011:0003:0100}} as thanks!","{{TAG:0003:0016:}}{{TAG:0007:000B:}}¡Ah!{{TAG:0007:0000:28000000}} Tendría que darte algo para
agradecértelo, ¿no?{{TAG:0007:0001:}} {{TAG:0003:0001:}}Venga,{{TAG:0007:0000:14000000}} ¡pues
acepta mi {{TAG:0011:0003:0100}}!","{{TAG:0003:0016:}}{{TAG:0007:000B:}}Hé !{{TAG:0007:0000:28000000}} Je vais te donner quelque
chose pour te remercier.{{TAG:0007:0001:}} {{TAG:0003:0001:}}Tiens,{{TAG:0007:0000:14000000}}
c'est {{TAG:000E:0002:}}{{TAG:0011:0003:0100}}.","{{TAG:0003:0016:}}{{TAG:0007:000B:}}Oh!{{TAG:0007:0000:28000000}} Credo che dovrei regalarti
qualcosa, no?{{TAG:0007:0001:}} {{TAG:0003:0001:}}OK,{{TAG:0007:0000:14000000}} ci sono! Prendi
pure {{TAG:000E:0008:01CD0C0069006C0020006D0069006F000C006C00610020006D00690061000000}} {{TAG:0011:0003:0100}}!","{{TAG:0003:0016:}}{{TAG:0007:000B:}}Ach ja!{{TAG:0007:0000:28000000}} Ich muss dir jetzt auch was
schenken, oder?{{TAG:0007:0001:}} {{TAG:0003:0001:}}Na gut, hier ist
{{TAG:000E:0008:01CD08006D00650069006E000A006D00650069006E00650008006D00650069006E00}} {{TAG:0011:0003:0100}}!","{{TAG:0003:0016:}}{{TAG:0007:000B:}}Aa!{{TAG:0007:0000:28000000}} Sana bir şey vermeliyim,
değil mi? Tamam,{{TAG:0007:0001:}}{{TAG:0003:0001:}} teşekkür{{TAG:0007:0000:14000000}} için
benim {{TAG:0011:0003:0100}} al!"
66,067,"{{TAG:0003:0004:}}You brought just what I wanted!{{TAG:0000:0004:}}{{TAG:0003:0005:}}A fantastic piece of fruit{{TAG:0007:0000:14000000}} deserves
a fantastic gift!{{TAG:0007:0000:28000000}} Here{{TAG:0007:0000:14000000}}—take my
{{TAG:0011:0003:0100}}!","{{TAG:0003:0004:}}¡Has traído justo lo que yo quería!{{TAG:0000:0004:}}{{TAG:0003:0005:}}¡Una fruta fantástica se merece{{TAG:0007:0000:14000000}}
un regalo fantástico!{{TAG:0007:0000:28000000}} Toma,{{TAG:0007:0000:14000000}}
¡acepta mi {{TAG:0011:0003:0100}}!","{{TAG:0003:0004:}}Ce que tu m'as apporté est tout à
fait ce que j'avais en tête !{{TAG:0000:0004:}}{{TAG:0003:0005:}}Tiens, prends ça.{{TAG:0007:0000:14000000}} Si si, c'est mérité !{{TAG:0007:0000:28000000}}
C'est {{TAG:000E:0002:}}{{TAG:0011:0003:0100}}.
{{TAG:0003:0001:}}Ça te plaît ?","{{TAG:0003:0004:}}Mi hai portato esattamente
quello che volevo!{{TAG:0000:0004:}}{{TAG:0003:0005:}}Un frutto fantastico{{TAG:0007:0000:14000000}} merita
un regalo fantastico!{{TAG:0007:0000:28000000}} Ti darò{{TAG:0007:0000:14000000}}
{{TAG:000E:0008:01CD0C0069006C0020006D0069006F000C006C00610020006D00690061000000}} {{TAG:0011:0003:0100}}!","{{TAG:0003:0004:}}Das war genau, was ich wollte!{{TAG:0000:0004:}}{{TAG:0003:0005:}}Dafür hast du dir ein richtig tolles
Geschenk verdient!{{TAG:0007:0000:28000000}} Da hast du
{{TAG:000E:0008:01CD0C006D00650069006E0065006E000A006D00650069006E00650008006D00650069006E00}} {{TAG:0011:0003:0100}}!","{{TAG:0003:0004:}}Tam istediğim şeyi getirdin{{TAG:0000:0004:}}{{TAG:0003:0005:}}!
Harika meyve harika{{TAG:0007:0000:14000000}} hediyeyi hak
eder.{{TAG:0007:0000:28000000}} Al,{{TAG:0007:0000:14000000}} benim {{TAG:0011:0003:0100}} senin olsun!"
67,068,"{{TAG:0003:0026:}}That fruit really meant a lot to me!{{TAG:0000:0004:}}I hope you enjoy my
{{TAG:0011:0003:0100}} as much as
I enjoyed that fruit,{{TAG:0007:0000:08000000}} {{TAG:0005:0007:}}!","{{TAG:0003:0026:}}¡Realmente me apetecía un montón
esa fruta! ¡Para mí ha sido un
detallazo, y debo agradecértelo!
¡Espero que te guste mi
{{TAG:0011:0003:0100}} tanto
como a mí la fruta,{{TAG:0007:0000:08000000}} {{TAG:0005:0007:}}!","{{TAG:0003:0026:}}Merci, j'en avais vraiment une
grosse envie !{{TAG:0000:0004:}}Pour la peine, je vais te donner
{{TAG:000E:0002:}}{{TAG:0011:0003:0100}}.
Ça te plaît,{{TAG:0007:0000:08000000}} {{TAG:0005:0007:}} ?","{{TAG:0003:0026:}}Quel frutto è stato davvero
uno splendido regalo!{{TAG:0000:0004:}}Spero che ti piacerà {{TAG:000E:0008:01CD0C00710075006500730074006F000C007100750065007300740061000000}}
{{TAG:0011:0003:0100}}. È il mio
modo per dirti grazie,{{TAG:0007:0000:08000000}} {{TAG:0005:0007:}}!","{{TAG:0003:0026:}}Diese Frucht hat mir echt den
Tag gerettet!{{TAG:0000:0004:}}Hoffentlich gefällt dir {{TAG:000E:0008:01CD08006D00650069006E000A006D00650069006E00650008006D00650069006E00}}
{{TAG:0011:0003:0100}} auch so
gut,{{TAG:0007:0000:08000000}} {{TAG:0005:0007:}}!","{{TAG:0003:0026:}}O meyve benim için çok
değerliydi{{TAG:0000:0004:}}! Umarım benim {{TAG:0011:0003:0100}} sana,
meyvenin bana verdiği kadar
keyif verir,{{TAG:0007:0000:08000000}} {{TAG:0005:0007:}}!"
68,069,"{{TAG:0003:0001:}}Have my {{TAG:0011:0003:0100}} in
return!{{TAG:0007:0000:28000000}} That fruit made me SO
happy!","{{TAG:0003:0001:}}¡Toma mi {{TAG:0011:0003:0100}}
a cambio!{{TAG:0007:0000:28000000}} ¡Esa fruta me ha alegrado
el día pero MUCHO!","{{TAG:0003:0001:}}Tu m'as vraiment fait plaisir, alors
je vais te donner ça pour la peine.
Tiens, {{TAG:000E:0002:}}{{TAG:0011:0003:0100}}.","{{TAG:0003:0001:}}In cambio, prendi {{TAG:000E:0008:01CD0C0069006C0020006D0069006F000C006C00610020006D00690061000000}}
{{TAG:0011:0003:0100}}!{{TAG:0007:0000:28000000}}
Quel frutto mi ha reso così felice!","{{TAG:0003:0001:}}Die Frucht war echt lecker!{{TAG:0007:0000:14000000}}
Dafür kannst du auch {{TAG:000E:0008:01CD0C006D00650069006E0065006E000A006D00650069006E00650008006D00650069006E00}}
{{TAG:0011:0003:0100}} haben.","{{TAG:0003:0001:}}Karşılığında benim {{TAG:0011:0003:0100}} senin olsun{{TAG:0007:0000:28000000}}!
O meyve beni ÇOK mutlu etti!"
69,070,"{{TAG:0003:0001:}}I've gotta give you something{{TAG:0007:0000:14000000}}
for that nice piece of fruit,{{TAG:0007:0000:08000000}}
{{TAG:0005:0007:}}.
Here. I hope you enjoy my
{{TAG:0011:0003:0100}}.","{{TAG:0003:0001:}}Tendré que darte algo a cambio{{TAG:0007:0000:14000000}}
de esa pieza de fruta tan chachi,{{TAG:0007:0000:08000000}}
{{TAG:0005:0007:}}.
Toma, espero que te guste
mi {{TAG:0011:0003:0100}}.","{{TAG:0003:0001:}}Il faut que je te donne un truc en
échange de ce fruit fantastique,{{TAG:0007:0000:08000000}}
{{TAG:0005:0007:}}.
Tiens, je te donne {{TAG:000E:0002:}}
{{TAG:0011:0003:0100}}.
J'espère que tu es content{{TAG:000E:0006:000002006500}}.","{{TAG:0003:0001:}}Devo ricompensarti in qualche modo{{TAG:0007:0000:14000000}}
per il fantastico frutto che mi hai{{TAG:0007:0000:08000000}}
portato, {{TAG:0005:0007:}}.
Ecco qua! Spero che ti piacerà
{{TAG:000E:0008:01CD0C0069006C0020006D0069006F000C006C00610020006D00690061000000}} {{TAG:0011:0003:0100}}.","{{TAG:0003:0001:}}Für diese hübsche Frucht muss ich
dir auch was Schönes schenken,
mein Früchtchen.{{TAG:0007:0000:14000000}} Äh, he he he!
Hoffentlich gefällt dir {{TAG:000E:0008:01CD08006D00650069006E000A006D00650069006E00650008006D00650069006E00}}
{{TAG:0011:0003:0100}}.","{{TAG:0003:0001:}}O güzel meyve için sana{{TAG:0007:0000:14000000}} bir şey
vermeliyim,{{TAG:0007:0000:08000000}} {{TAG:0005:0007:}}. Al,
umarım {{TAG:0011:0003:0100}} hoşuna gider."
70,071,"{{TAG:0003:0001:}}Please accept this as a token of
my thanks,{{TAG:0007:0000:08000000}} {{TAG:0005:0007:}}!{{TAG:0007:0000:14000000}} It's {{TAG:000E:0002:}}
{{TAG:0011:0003:0100}}.","{{TAG:0003:0001:}}Para que veas lo agradecido que
estoy,{{TAG:0007:0000:08000000}} ¡te daré algo, {{TAG:0005:0007:}}!{{TAG:0007:0000:14000000}}
Toma {{TAG:000E:0002:}}{{TAG:0011:0003:0100}}.","{{TAG:0003:0001:}}Tiens, c'est pour te remercier,{{TAG:0007:0000:08000000}}
{{TAG:0005:0007:}}.{{TAG:0007:0000:14000000}} C'est {{TAG:000E:0002:}}
{{TAG:0011:0003:0100}}.","{{TAG:0003:0001:}}Questo è per ringraziarti della tua
disponibilità,{{TAG:0007:0000:08000000}} {{TAG:0005:0007:}}!{{TAG:0007:0000:14000000}}
È {{TAG:000E:0002:}}{{TAG:0011:0003:0100}}.","{{TAG:0003:0001:}}Das war wirklich nett von dir.{{TAG:0007:0000:14000000}}
Kann ich mich dafür mit {{TAG:000E:0008:01CD0C006D00650069006E0065006D000C006D00650069006E00650072000C006D00650069006E0065006D00}}
{{TAG:0011:0003:0100}} bedanken?","{{TAG:0003:0001:}}Teşekkürüm olarak bunu kabul et,{{TAG:0007:0000:08000000}}
{{TAG:0005:0007:}}!{{TAG:0007:0000:14000000}} Bu {{TAG:000E:0002:}} {{TAG:0011:0003:0100}}."
71,072,"{{TAG:0003:0001:}}Here!{{TAG:0007:0000:14000000}} Take this as a thank-you
present for bringing me that fruit!","{{TAG:0003:0001:}}¡Toma!{{TAG:0007:0000:14000000}} ¡Acepta esto como
regalito de agradecimiento
por haberme traído esa fruta!","{{TAG:0003:0001:}}Tiens.{{TAG:0007:0000:14000000}} Tu m'as vraiment fait plaisir
avec ce fruit. Je te donne ça pour la
peine, {{TAG:0005:0007:}}.","{{TAG:0003:0001:}}Ecco, è per te!{{TAG:0007:0000:14000000}} Un regalino
per dirti quanto abbia gradito
il frutto che mi hai portato.","{{TAG:0003:0001:}}Da!{{TAG:0007:0000:14000000}} Das ist ein Geschenk für dich,
weil du mir so 'ne tolle Frucht
gebracht hast!","{{TAG:0003:0001:}}Al!{{TAG:0007:0000:14000000}} Meyveyi getirdiğin için
teşekkür hediyesi!"
72,073,"{{TAG:0003:0001:}}That fruit was great,{{TAG:0007:0000:14000000}} but it's all
gone.{{TAG:0000:0004:}}Here. Let me give you {{TAG:000E:0002:}}
{{TAG:0011:0003:0100}}
as a thank-you present!","{{TAG:0003:0001:}}Esa fruta estaba estupenda,{{TAG:0007:0000:14000000}} pero
nada, ya me la he zampado.{{TAG:0000:0004:}}Toma, ¡en agradecimiento te voy
a dar {{TAG:000E:0002:}}{{TAG:0011:0003:0100}}!","{{TAG:0003:0001:}}Ce fruit était vraiment incroyable,{{TAG:0007:0000:14000000}}
j'ai tout mangé.{{TAG:0000:0004:}}Tiens, c'est {{TAG:000E:0002:}}
{{TAG:0011:0003:0100}}.
Pour te remercier.","{{TAG:0003:0001:}}Quel frutto era speciale{{TAG:0007:0000:14000000}}
e ora è tutto nella mia pancia!{{TAG:0000:0004:}}Ho deciso di sdebitarmi regalandoti
{{TAG:000E:0002:}}{{TAG:0011:0003:0100}}!","{{TAG:0003:0001:}}Hmmm, die Frucht war echt saftig!{{TAG:0007:0000:14000000}}
Schade, dass sie schon alle ist.{{TAG:0000:0004:}}Na ja, hier hast du {{TAG:000E:0008:01CD0C006D00650069006E0065006E000A006D00650069006E00650008006D00650069006E00}}
{{TAG:0011:0003:0100}}
als Dankeschön!","{{TAG:0003:0001:}}Meyve harikaydı{{TAG:0007:0000:14000000}} ama bitti. Al,{{TAG:0000:0004:}}
teşekkür için sana {{TAG:000E:0002:}} {{TAG:0011:0003:0100}} vereyim!"
73,074,"{{TAG:0003:000B:}}That fruit sure was tasty{{TAG:0007:0000:08000000}}.{{TAG:0007:0000:08000000}}.{{TAG:0007:0000:08000000}}.{{TAG:0007:0000:14000000}}
{{TAG:0003:0015:}}And one good turn deserves
another!{{TAG:0000:0004:}}{{TAG:0003:0001:}}Take my {{TAG:0011:0003:0100}}{{TAG:0007:0000:14000000}}
as a thank-you present,{{TAG:0007:0000:08000000}}
{{TAG:0005:0007:}}.","{{TAG:0003:000B:}}Esa fruta estaba riquísima{{TAG:0007:0000:08000000}}.{{TAG:0007:0000:08000000}}.{{TAG:0007:0000:08000000}}.{{TAG:0007:0000:14000000}}{{TAG:0003:0015:}} Y un
favor, ¡con otro favor se paga!{{TAG:0000:0004:}}{{TAG:0003:0001:}}¡Acepta mi {{TAG:0011:0003:0100}}{{TAG:0007:0000:14000000}}
como detallito para mostrarte
mi agradecimiento,{{TAG:0007:0000:08000000}} {{TAG:0005:0007:}}!","{{TAG:0003:000B:}}Ton fruit était vraiment très bon{{TAG:0007:0000:08000000}}.{{TAG:0007:0000:08000000}}.{{TAG:0007:0000:08000000}}.{{TAG:0007:0000:28000000}}
{{TAG:0003:0015:}}Un plaisir en vaut un autre.{{TAG:0000:0004:}}{{TAG:0003:0001:}}Tiens, c'est
{{TAG:000E:0002:}}{{TAG:0011:0003:0100}}{{TAG:0007:0000:14000000}}
et c'est pour toi,{{TAG:0007:0000:08000000}} {{TAG:0005:0007:}}.","{{TAG:0003:000B:}}Quel frutto sì che era buono{{TAG:0007:0000:08000000}}.{{TAG:0007:0000:08000000}}.{{TAG:0007:0000:08000000}}.{{TAG:0007:0000:14000000}}
{{TAG:0003:0015:}}E la bontà deve essere premiata
come si deve!
{{TAG:0003:0001:}}Mi farebbe piacere se prendessi
{{TAG:000E:0008:01CD0C0069006C0020006D0069006F000C006C00610020006D00690061000000}} {{TAG:0011:0003:0100}}{{TAG:0007:0000:14000000}},{{TAG:0007:0000:08000000}}
{{TAG:0005:0007:}}.","{{TAG:0003:000B:}}Das hat gut geschmeckt.{{TAG:0007:0000:28000000}}
{{TAG:0003:0015:}}Danke schön, {{TAG:0005:0008:}}!{{TAG:0000:0004:}}{{TAG:0003:0001:}}Hier hast du {{TAG:000E:0008:01CD0C006D00650069006E0065006E000A006D00650069006E00650008006D00650069006E00}}
{{TAG:0011:0003:0100}}.{{TAG:0000:0004:}}Hoffentlich gefällt {{TAG:000E:0008:01CD0400650072000600730069006500040065007300}} dir,{{TAG:0007:0000:08000000}}
{{TAG:0005:0007:}}.","{{TAG:0003:000B:}}O meyve çok lezzetliydi...{{TAG:0007:0000:08000000}}{{TAG:0007:0000:08000000}}
İyiliğe{{TAG:0007:0000:08000000}}{{TAG:0007:0000:14000000}}{{TAG:0003:0015:}} iyilikle karşılık
vermeli! Teşekkür için{{TAG:0000:0004:}}{{TAG:0003:0001:}} benim {{TAG:0011:0003:0100}}{{TAG:0007:0000:14000000}}
al, {{TAG:0007:0000:08000000}}{{TAG:0005:0007:}}."
74,075,"{{TAG:0003:0001:}}That fruit sure was yummy.{{TAG:0007:0001:}} Here.
Take my {{TAG:0011:0003:0100}}
as thanks,{{TAG:0007:0000:08000000}} {{TAG:0005:0007:}}.","{{TAG:0003:0001:}}Qué rica estaba esa frutita.{{TAG:0007:0001:}} Oye,
toma mi {{TAG:0011:0003:0100}}
para agradecértelo,{{TAG:0007:0000:08000000}} {{TAG:0005:0007:}}.","{{TAG:0003:0001:}}Ce fruit était vraiment délicieux,
{{TAG:0005:0007:}}.{{TAG:0007:0001:}} Tiens, je te donne
{{TAG:000E:0002:}}{{TAG:0011:0003:0100}}.","{{TAG:0003:0001:}}Quel frutto era una favola!{{TAG:0007:0001:}} Ti do
{{TAG:000E:0008:01CD0C0069006C0020006D0069006F000C006C00610020006D00690061000000}} {{TAG:0011:0003:0100}}
per ringraziarti,{{TAG:0007:0000:08000000}} {{TAG:0005:0007:}}.","{{TAG:0003:0001:}}Hm, ich hab immer noch diesen
leckeren Geschmack im Mund!{{TAG:0000:0004:}}Dafür schenke ich dir {{TAG:000E:0008:01CD0C006D00650069006E0065006E000A006D00650069006E00650008006D00650069006E00}}
{{TAG:0011:0003:0100}}.{{TAG:0007:0000:14000000}} Viel Spaß
damit,{{TAG:0007:0000:08000000}} {{TAG:0005:0007:}}.","{{TAG:0003:0001:}}Meyve nefisti. Al, teşekkür{{TAG:0007:0001:}} için
benim {{TAG:0011:0003:0100}} senin olsun,{{TAG:0007:0000:08000000}} {{TAG:0005:0007:}}."
75,076,,,,,,
76,077,,,,,,
77,078,"{{TAG:0003:0001:}}That fruit was so awesome, I'm
gonna have dreams about it.{{TAG:0007:0000:28000000}}
Thanks a lot,{{TAG:0007:0000:08000000}} {{TAG:0005:0007:}}.","{{TAG:0003:0001:}}Esa fruta estaba tan rica que sé
que esta noche voy a soñar con ella.{{TAG:0007:0000:28000000}}
Muchas gracias,{{TAG:0007:0000:08000000}} {{TAG:0005:0007:}}.","{{TAG:0003:0001:}}Ce fruit était tellement bon...
C'était comme dans un rêve.{{TAG:0007:0000:28000000}}
Merci beaucoup,{{TAG:0007:0000:08000000}} {{TAG:0005:0007:}}.","{{TAG:0003:0001:}}Quel frutto era così speciale che
di sicuro me lo sognerò giorno e
notte!{{TAG:0007:0000:28000000}} Grazie mille,{{TAG:0007:0000:08000000}} {{TAG:0005:0007:}}.","{{TAG:0003:0001:}}Die Frucht ist zwar weg, aber ich
werde jede Nacht davon träumen!{{TAG:0007:0000:28000000}}
Danke,{{TAG:0007:0000:08000000}} {{TAG:0005:0007:}}.","{{TAG:0003:0001:}}O meyve o kadar güzeldi ki
rüyama girecek.{{TAG:0007:0000:28000000}} Çok sağ ol,{{TAG:0007:0000:08000000}} {{TAG:0005:0007:}}."
78,079,"{{TAG:0003:0004:}}Eating fruit that good makes
everything sweeter,{{TAG:0007:0000:08000000}} {{TAG:0005:0007:}}.","{{TAG:0003:0004:}}Comer fruta tan sabrosa hace que
todo sea más dulce,{{TAG:0007:0000:08000000}} {{TAG:0005:0007:}}.","{{TAG:0003:0004:}}Après un fruit comme ça, ce qu'il
faut c'est une bonne sieste,{{TAG:0007:0000:08000000}}
{{TAG:0005:0007:}}.","{{TAG:0003:0004:}}Quando mangi un frutto così buono,
anche la vita sembra più dolce,
{{TAG:0005:0007:}}.","{{TAG:0003:0004:}}Nach so 'ner leckeren Frucht
sieht alles gleich viel besser aus,{{TAG:0007:0000:08000000}}
{{TAG:0005:0007:}}!","{{TAG:0003:0004:}}Böyle güzel meyve yiyince her
şey daha tatlı geliyor,{{TAG:0007:0000:08000000}} {{TAG:0005:0007:}}."
79,080,"{{TAG:0003:0001:}}I hope I can count on your help in
the future, {{TAG:0005:0008:}}.","{{TAG:0003:0001:}}Espero que puedas volver a
ayudarme en el futuro, {{TAG:0005:0008:}}.","{{TAG:0003:0001:}}J'espère que je pourrai à nouveau
compter sur toi une prochaine fois,
{{TAG:0005:0008:}}.","{{TAG:0003:0001:}}Spero che potrò contare su di te
anche in futuro, {{TAG:0005:0008:}}.","{{TAG:0003:0001:}}Kann ich dich demnächst mal wieder
um was bitten, {{TAG:0005:0008:}}?","{{TAG:0003:0001:}}İleride de sana güvenebilirim
umarım, {{TAG:0005:0008:}}."
80,081,{{TAG:0003:0001:}}A huh huh huh!{{TAG:0007:0000:14000000}} Thanks a bunch!,"{{TAG:0003:0001:}}¡Je, je, je!{{TAG:0007:0000:14000000}} ¡Muchas gracias!",{{TAG:0003:0001:}}Hé hé ! Cool !{{TAG:0007:0000:14000000}} Merci !,{{TAG:0003:0001:}}Eh eh eh!{{TAG:0007:0000:14000000}} Grazie infinite!,"{{TAG:0003:0001:}}Äh, he he he!{{TAG:0007:0000:14000000}} Danke!!!",{{TAG:0003:0001:}}A hıh hıh!{{TAG:0007:0000:14000000}} Çok sağ ol!
81,082,{{TAG:0003:0001:}}A huh huh huh!{{TAG:0007:0000:14000000}} Thanks a bunch!,"{{TAG:0003:0001:}}¡Je, je, je!{{TAG:0007:0000:14000000}} ¡Un millón de gracias!","{{TAG:0003:0001:}}Hé hé ! Cool !{{TAG:0007:0000:14000000}} Merci, {{TAG:0005:0007:}} !",{{TAG:0003:0001:}}Eh eh eh!{{TAG:0007:0000:14000000}} Grazie mille!,"{{TAG:0003:0001:}}Danke schön!{{TAG:0007:0000:14000000}} Äh, he he he!",{{TAG:0003:0001:}}A hıh hıh!{{TAG:0007:0000:14000000}} Çok sağ ol!
82,083,"{{TAG:0003:0005:}}A good piece of fruit just makes
everything better,{{TAG:0007:0000:08000000}} {{TAG:0005:0007:}}.","{{TAG:0003:0005:}}¡Una frutita rica le alegra
a uno la vida,{{TAG:0007:0000:08000000}} {{TAG:0005:0007:}}!","{{TAG:0003:0005:}}Rien de tel qu'un bon petit fruit
pour repartir de la bonne patte,{{TAG:0007:0000:08000000}}
{{TAG:0005:0007:}}.","{{TAG:0003:0005:}}Un buon frutto mette subito
di buon umore,{{TAG:0007:0000:08000000}} {{TAG:0005:0007:}}.","{{TAG:0003:0005:}}Nach 'ner leckeren Frucht ist der
ganze Tag 'ne Wucht.{{TAG:0007:0000:14000000}} Äh, he he he,{{TAG:0007:0000:08000000}}
{{TAG:0005:0007:}}.","{{TAG:0003:0005:}}Güzel bir meyve her şeyi daha
iyi yapıyor,{{TAG:0007:0000:08000000}} {{TAG:0005:0007:}}."
83,084,"{{TAG:0003:0001:}}That fruit tasted even sweeter
because you gave it to me,{{TAG:0007:0000:08000000}}
{{TAG:0005:0007:}}.","{{TAG:0003:0001:}}Esa fruta además me ha sabido
mejor porque me la has dado
tú,{{TAG:0007:0000:08000000}} {{TAG:0005:0007:}}.","{{TAG:0003:0001:}}J'ai encore plus apprécié ce fruit
parce qu'il venait de toi,{{TAG:0007:0000:08000000}}
{{TAG:0005:0007:}}.","{{TAG:0003:0001:}}La dolcezza con cui mi hai aiutato
ha reso quel frutto ancora più dolce,{{TAG:0007:0000:08000000}}
{{TAG:0005:0007:}}.","{{TAG:0003:0001:}}Dass du sie mir gebracht hast,
hat diese Frucht noch viel leckerer
gemacht,{{TAG:0007:0000:08000000}} {{TAG:0005:0007:}}.","{{TAG:0003:0001:}}O meyveyi sen verdiğin için daha
da tatlı geldi,{{TAG:0007:0000:08000000}} {{TAG:0005:0007:}}."
84,085,"{{TAG:0003:0001:}}Thanks a bunch, {{TAG:0005:0008:}}.","{{TAG:0003:0001:}}¡Muchas gracias, {{TAG:0005:0008:}}!","{{TAG:0003:0001:}}Merci, {{TAG:0005:0008:}}.","{{TAG:0003:0001:}}Grazie infinite, {{TAG:0005:0008:}}.","{{TAG:0003:0001:}}Danke schön, {{TAG:0005:0008:}}.","{{TAG:0003:0001:}}Çok sağ ol, {{TAG:0005:0008:}}."
85,086,"{{TAG:0003:0006:}}You know that I'll hold grudges over
bad food, don't you,{{TAG:0007:0000:08000000}} {{TAG:0005:0007:}}?","{{TAG:0003:0006:}}Te la voy a guardar mucho tiempo
por haberme dado comida en
mal estado,{{TAG:0007:0000:08000000}} {{TAG:0005:0007:}}.","{{TAG:0003:0006:}}Tu sais que je ne plaisante jamais
avec la nourriture,{{TAG:0007:0000:08000000}} {{TAG:0005:0007:}} ?!","{{TAG:0003:0006:}}Lo sai che mi offendo quando
mi portano cibi cattivi, vero?!{{TAG:0007:0000:08000000}}
{{TAG:000E:0003:}}{{TAG:0005:0007:}}!","{{TAG:0003:0006:}}Ich bin zwar vergesslich, aber
schlechtes Essen vergess ich NIE.{{TAG:0007:0000:14000000}}
Merk dir das,{{TAG:0007:0000:08000000}} {{TAG:0005:0007:}}!","{{TAG:0003:0006:}}Kötü yemek yüzünden kin
tutabildiğimi biliyorsun, değil
mi,{{TAG:0007:0000:08000000}} {{TAG:0005:0007:}}?"
86,087,"{{TAG:0003:0006:}}If there's one thing that gets me
steamed,{{TAG:0007:0000:08000000}} it's bad food.  ","{{TAG:0003:0006:}}Si hay algo que me irrita
mucho, pero mucho, mucho,{{TAG:0007:0000:08000000}}
es la comida estropeada.","{{TAG:0003:0006:}}S'il y a quelque chose qui m'énerve,
c'est bien qu'on se mette à
plaisanter avec la nourriture.","{{TAG:0003:0006:}}Una cosa che mi manda in bestia{{TAG:0007:0000:08000000}}
sono i cibi cattivi. Imperdonabili!","{{TAG:0003:0006:}}Ich bin ja echt nett und so, aber
bei schlechtem Essen hört der
Spaß auf!","{{TAG:0003:0006:}}Beni kızdıran bir şey varsa o da{{TAG:0007:0000:08000000}}
kötü yemektir."
87,088,"{{TAG:0003:0009:}}Next time,{{TAG:0007:0000:14000000}} bring me something
that's easier to eat, OK,{{TAG:0007:0000:08000000}}
{{TAG:0005:0007:}}?","{{TAG:0003:0009:}}La próxima vez,{{TAG:0007:0000:14000000}} intenta traerme
algo que se pueda comer con
facilidad, ¿vale,{{TAG:0007:0000:08000000}} {{TAG:0005:0007:}}?","{{TAG:0003:0009:}}La prochaine fois,{{TAG:0007:0000:14000000}} amène-moi
quelque chose de mangeable,
d'accord,{{TAG:0007:0000:08000000}} {{TAG:0005:0007:}} ?","{{TAG:0003:0009:}}La prossima volta,{{TAG:0007:0000:14000000}} portami qualcosa
di un po' più semplice da azzannare,
OK?!{{TAG:0007:0000:08000000}} {{TAG:0005:0007:}}!","{{TAG:0003:0009:}}Bring mir das nächste Mal bitte
was, das man ohne Säge essen
kann,{{TAG:0007:0000:08000000}} {{TAG:0005:0007:}}!","{{TAG:0003:0009:}}Bir dahaki{{TAG:0007:0000:14000000}} sefere yemesi daha
kolay bir şey getir, tamam mı,{{TAG:0007:0000:08000000}} {{TAG:0005:0007:}}?"
88,089,"{{TAG:0003:0001:}}Well, even though it wasn't fruit,
I appreciate the thought!","{{TAG:0003:0001:}}Bueno, aunque no sea fruta,
¡te agradezco el detalle!","{{TAG:0003:0001:}}Même si ce n'est pas un fruit,
j'apprécie cette attention.","{{TAG:0003:0001:}}Beh, non era un frutto, ma ho
apprezzato molto la tua generosità!","{{TAG:0003:0001:}}Das war zwar keine Frucht, wie
ich sie eigentlich wollte...{{TAG:0007:0000:14000000}}
Aber trotzdem nett von dir!","{{TAG:0003:0001:}}Meyve değildi ama düşünmen
yeter, sağ ol!"
89,090,"{{TAG:0003:0025:}}Thanks for bringing this to me,{{TAG:0007:0000:08000000}}
{{TAG:0005:0008:}}.{{TAG:0000:0004:}}{{TAG:0003:001B:}}But {{TAG:0007:0000:14000000}}next time I ask you for fruit,{{TAG:0007:0000:14000000}}
could you make sure it's actually
fruit,{{TAG:0007:0000:08000000}} {{TAG:0005:0007:}}?","{{TAG:0003:0025:}}Gracias por traerme esto,{{TAG:0007:0000:08000000}}
{{TAG:0005:0008:}}.{{TAG:0000:0004:}}{{TAG:0003:001B:}}Pero...{{TAG:0007:0000:14000000}} la próxima vez que te pida
fruta,{{TAG:0007:0000:14000000}} ¿podrías tratar de traerme
fruta,{{TAG:0007:0000:08000000}} {{TAG:0005:0007:}}?","{{TAG:0003:0025:}}Merci beaucoup, {{TAG:0007:0000:08000000}}{{TAG:0005:0008:}}.{{TAG:0000:0004:}}{{TAG:0003:001B:}}Mais la prochaine fois, ramène-moi
un fruit qui pousse sur les arbres,
pas un fruit de mer, {{TAG:0007:0000:08000000}}{{TAG:0005:0007:}}...","{{TAG:0003:0025:}}Grazie del pensiero,{{TAG:0007:0000:08000000}}
{{TAG:0005:0008:}}.{{TAG:0000:0004:}}{{TAG:0003:001B:}}Però {{TAG:0007:0000:14000000}}io ti avevo chiesto un frutto
e tu mi hai portato un pesce,
{{TAG:0005:0007:}}!","{{TAG:0003:0025:}}Danke, {{TAG:0005:0008:}}.{{TAG:0000:0004:}}{{TAG:0003:001B:}}Aber kannst du das nächste Mal
bitte besser zuhören?{{TAG:0007:0000:14000000}} Mit „Frucht“
meinte ich „Frucht“,{{TAG:0007:0000:08000000}} {{TAG:0005:0007:}}!","{{TAG:0003:0025:}}Bunu getirdiğin için sağ ol,{{TAG:0007:0000:08000000}} {{TAG:0005:0008:}}.{{TAG:0000:0004:}}{{TAG:0003:001B:}}
Ama{{TAG:0007:0000:14000000}} bir dahaki sefere meyve{{TAG:0007:0000:14000000}}
istersem gerçekten meyve
getirsen olur mu,{{TAG:0007:0000:08000000}} {{TAG:0005:0007:}}?"
90,091,"{{TAG:0003:0024:}}I might try eating a bug if it were
deep-fried{{TAG:0007:0000:08000000}}.{{TAG:0007:0000:08000000}}.{{TAG:0007:0000:08000000}}.{{TAG:0007:0000:14000000}}","{{TAG:0003:0024:}}Si al menos el insecto estuviera
frito, muy churruscado{{TAG:0007:0000:08000000}}.{{TAG:0007:0000:08000000}}.{{TAG:0007:0000:08000000}}.{{TAG:0007:0000:14000000}} Así quizá
fuera interesante probarlo.","{{TAG:0003:0024:}}Il paraît que c'est pas mauvais les
insectes, mais bon, faudrait le faire
cuire, je le mange pas comme ça{{TAG:0007:0000:08000000}}.{{TAG:0007:0000:08000000}}.{{TAG:0007:0000:08000000}}.{{TAG:0007:0000:14000000}}","{{TAG:0003:0024:}}La prossima volta lo friggiamo{{TAG:0007:0000:08000000}}.{{TAG:0007:0000:08000000}}.{{TAG:0007:0000:08000000}}.
{{TAG:0007:0000:14000000}}e proviamo a mangiarlo, OK?","{{TAG:0003:0024:}}Frittiert mit viel Ketchup könnte
ich vielleicht auch mal ein Insekt
probieren{{TAG:0007:0000:08000000}}.{{TAG:0007:0000:08000000}}.{{TAG:0007:0000:08000000}}.","{{TAG:0003:0024:}}Belki böcek kızartılsa bir lokma
denerdim{{TAG:0007:0000:08000000}}.{{TAG:0007:0000:08000000}}.{{TAG:0007:0000:08000000}}.{{TAG:0007:0000:14000000}}"
91,092,"{{TAG:0003:0001:}}Next time,{{TAG:0007:0000:14000000}} when I ask for fruit,
please bring me some fruit, OK,{{TAG:0007:0000:08000000}}
{{TAG:0005:0007:}}?","{{TAG:0003:0001:}}La próxima vez,{{TAG:0007:0000:14000000}} cuando te pida
fruta intenta traerme fruta, ¿vale,{{TAG:0007:0000:08000000}}
{{TAG:0005:0007:}}?","{{TAG:0003:0001:}}La prochaine fois,{{TAG:0007:0000:14000000}} quand je
demanderai un fruit, apporte-moi
un fruit, tu veux,{{TAG:0007:0000:08000000}} {{TAG:0005:0007:}} ?","{{TAG:0003:0001:}}La prossima volta,{{TAG:0007:0000:14000000}} quando ti chiedo
un frutto, sarebbe grandioso se mi
portassi... un frutto, {{TAG:0007:0000:08000000}}{{TAG:0005:0007:}}!","{{TAG:0003:0001:}}Bring mir das nächste Mal einfach
eine Frucht, wenn ich dich um eine
Frucht bitte.{{TAG:0007:0000:14000000}} Ja,{{TAG:0007:0000:08000000}} {{TAG:0005:0007:}}?","{{TAG:0003:0001:}}Bir dahaki{{TAG:0007:0000:14000000}} sefere meyve
istediğimde bana meyve getir
lütfen, tamam mı,{{TAG:0007:0000:08000000}} {{TAG:0005:0007:}}?"
92,093,,,,,,
93,094,,,,,,
94,095,"{{TAG:0003:0001:}}Mmmm.{{TAG:0007:0000:08000000}} That was great!{{TAG:0007:0000:28000000}}
Thank you,{{TAG:0007:0000:08000000}} {{TAG:0005:0007:}}.","{{TAG:0003:0001:}}Mmmm.{{TAG:0007:0000:08000000}} ¡Qué ricoooo!{{TAG:0007:0000:28000000}}
Gracias,{{TAG:0007:0000:08000000}} {{TAG:0005:0007:}}.","{{TAG:0003:0001:}}Mmmm...{{TAG:0007:0000:08000000}} C'était vraiment très bon !{{TAG:0007:0000:28000000}}
Merci,{{TAG:0007:0000:08000000}} {{TAG:0005:0007:}}.","{{TAG:0003:0001:}}Mmmh.{{TAG:0007:0000:08000000}} Che frutto buonissimo.{{TAG:0007:0000:28000000}}
Grazie di cuore e... di pancia!
Ah ah ah,{{TAG:0007:0000:08000000}} {{TAG:0005:0007:}}!","{{TAG:0003:0001:}}Hmmm.{{TAG:0007:0000:08000000}} Das war Spitze!{{TAG:0007:0000:28000000}}
Danke,{{TAG:0007:0000:08000000}} {{TAG:0005:0007:}}.","{{TAG:0003:0001:}}Mmmm{{TAG:0007:0000:08000000}}. Harikaydı!{{TAG:0007:0000:28000000}} Sağ ol,{{TAG:0007:0000:08000000}} {{TAG:0005:0007:}}."
95,096,"{{TAG:0003:0001:}}I'm definitely gonna ask you for
fruit again!{{TAG:0007:0000:28000000}} You deliver the goods!","{{TAG:0003:0001:}}¡Has cumplido estupendamente!{{TAG:0007:0000:28000000}}
¡La próxima vez que me apetezca
fruta volveré a pedírtela a ti!","{{TAG:0003:0001:}}La prochaine fois que je voudrai un
fruit, c'est à toi que je demanderai !{{TAG:0007:0000:28000000}}
C'est bien toi {{TAG:000E:0006:16006C00650020006D00650069006C006C0065007500720018006C00610020006D00650069006C006C006500750072006500}} !","{{TAG:0003:0001:}}Di sicuro ti chiederò di nuovo
di portarmi un frutto!{{TAG:0007:0000:28000000}} Quelli
che consegni tu sono i migliori!","{{TAG:0003:0001:}}Dich mach ich zu meinem offiziellen
Früchtelieferanten!{{TAG:0007:0000:14000000}} Äh, he he he!","{{TAG:0003:0001:}}Senden kesin yine meyve
isteyeceğim! Ne{{TAG:0007:0000:28000000}} istesem buluyorsun!"
96,097,"{{TAG:0003:0001:}}I'll remember that fruit for as long
as I live. It was that good.{{TAG:0007:0000:28000000}} Thanks a
lot,{{TAG:0007:0000:08000000}} {{TAG:0005:0007:}}.","{{TAG:0003:0001:}}Recordaré esa fruta toda mi vida.
Ha marcado un antes y un después.{{TAG:0007:0000:28000000}}
Muchísimas gracias,{{TAG:0007:0000:08000000}} {{TAG:0005:0007:}}.","{{TAG:0003:0001:}}Je me souviendrai longtemps de ce
fruit. Divin !{{TAG:0007:0000:28000000}} Merci ! Du fond de
l'estomac, merci,{{TAG:0007:0000:08000000}} {{TAG:0005:0007:}} !","{{TAG:0003:0001:}}Mi ricorderò di quel frutto per
tutta la vita. Sì, era davvero buono.{{TAG:0007:0000:28000000}}
Grazie mille,{{TAG:0007:0000:08000000}} {{TAG:0005:0007:}}.","{{TAG:0003:0001:}}Diese Frucht werde ich NIE
vergessen, so gut war die!{{TAG:0007:0000:28000000}}
Danke,{{TAG:0007:0000:08000000}} {{TAG:0005:0007:}}!!!","{{TAG:0003:0001:}}O meyveyi ömrüm boyunca
unutmayacağım. O kadar iyiydi.{{TAG:0007:0000:28000000}}
Çok sağ ol,{{TAG:0007:0000:08000000}} {{TAG:0005:0007:}}."
97,098,"{{TAG:0003:0004:}}After eating that,{{TAG:0007:0000:14000000}} there's nothing
that can bring me down,{{TAG:0007:0000:08000000}}
{{TAG:0005:0007:}}!","{{TAG:0003:0004:}}Después de zamparme eso,{{TAG:0007:0000:14000000}}
¡ya nada puede bajarme
la moral,{{TAG:0007:0000:08000000}} {{TAG:0005:0007:}}!","{{TAG:0003:0004:}}Manger un fruit comme ça,{{TAG:0007:0000:14000000}} ça ne
peut que donner la patate pour le
reste de la journée, {{TAG:0005:0007:}}.","{{TAG:0003:0004:}}Dopo aver mangiato quel frutto,
{{TAG:0007:0000:14000000}}niente può mettermi di cattivo
umore,{{TAG:0007:0000:08000000}} {{TAG:0005:0007:}}!","{{TAG:0003:0004:}}Mit diesem Geschmack im Mund
kann der Tag nur wunderbar
werden,{{TAG:0007:0000:08000000}} {{TAG:0005:0007:}}!","{{TAG:0003:0004:}}Bunu yedikten{{TAG:0007:0000:14000000}} sonra moralimi
hiçbir şey bozamaz,{{TAG:0007:0000:08000000}} {{TAG:0005:0007:}}!"
98,099,"{{TAG:0003:0001:}}I hope you don't mind if I ask you
to get me some fruit in the future.{{TAG:0007:0000:14000000}}
You're so good at it,{{TAG:0007:0000:08000000}} {{TAG:0005:0007:}}!","{{TAG:0003:0001:}}Te volveré a pedir que me consigas
más fruta en el futuro.{{TAG:0007:0000:14000000}} ¡Es que se
te da muy bien,{{TAG:0007:0000:08000000}} {{TAG:0005:0007:}}!","{{TAG:0003:0001:}}À partir de maintenant, je
m'adresserai à toi dès que j'aurai
une envie de fruit !{{TAG:0007:0000:14000000}}
Tu es doué{{TAG:000E:0006:000002006500}} pour en trouver des
bons, ça c'est sûr !","{{TAG:0003:0001:}}Spero che non ti dispiacerà
se ti chiedo di portarmi ancora
della frutta in futuro.
Sei davvero {{TAG:000E:0006:220075006E00200063006F006E007300650067006E006100660072007500740074006100240075006E006100200063006F006E007300650067006E006100660072007500740074006100}}
{{TAG:000E:0006:140073007400720065007000690074006F0073006F00140073007400720065007000690074006F0073006100}}{{TAG:0007:0000:14000000}},{{TAG:0007:0000:08000000}} {{TAG:0005:0007:}}!","{{TAG:0003:0001:}}Darf ich dich mal wieder nach
Früchten fragen?{{TAG:0007:0000:14000000}} Du lieferst
so zuverlässig,{{TAG:0007:0000:08000000}} {{TAG:0005:0007:}}!","{{TAG:0003:0001:}}İleride yine meyve istersem
kızmazsın umarım. Bu{{TAG:0007:0000:14000000}} işte çok
iyisin,{{TAG:0007:0000:08000000}} {{TAG:0005:0007:}}!"
99,100,"{{TAG:0003:0001:}}My belly is happy, and so am I.{{TAG:0007:0000:14000000}}
Thanks, {{TAG:0005:0008:}}!","{{TAG:0003:0001:}}Mi tripa está contenta, ¡y por tanto
yo también!{{TAG:0007:0000:14000000}} ¡Gracias, {{TAG:0005:0008:}}!","{{TAG:0003:0001:}}Si mon ventre est content, alors moi
aussi, {{TAG:0005:0008:}}.","{{TAG:0003:0001:}}Quando la mia pancia è felice
anch'io lo sono.{{TAG:0007:0000:14000000}} Grazie, {{TAG:0005:0008:}}!","{{TAG:0003:0001:}}Mein Bauch ist zufrieden, also hab
ich auch nichts zu meckern.{{TAG:0007:0000:14000000}}
Danke, {{TAG:0005:0008:}}!","{{TAG:0003:0001:}}Karnım mutlu, ben de mutluyum.{{TAG:0007:0000:14000000}}
Sağ ol, {{TAG:0005:0008:}}!"
100,101,"{{TAG:0003:0001:}}It wasn't what I asked for, but it
was tasty!{{TAG:0007:0000:14000000}} Thanks,{{TAG:0007:0000:08000000}} {{TAG:0005:0007:}}!","{{TAG:0003:0001:}}No es lo que te había pedido, ¡pero
estaba rico!{{TAG:0007:0000:14000000}} ¡Gracias,{{TAG:0007:0000:08000000}} {{TAG:0005:0007:}}!","{{TAG:0003:0001:}}Ce n'était pas ce que je t'avais
demandé, mais c'était bien bon
quand même.{{TAG:0007:0000:14000000}} Merci,{{TAG:0007:0000:08000000}} {{TAG:0005:0007:}}.","{{TAG:0003:0001:}}Non era quello che ti avevo
chiesto, ma era buono!{{TAG:0007:0000:14000000}}
Grazie,{{TAG:0007:0000:08000000}} {{TAG:0005:0007:}}!","{{TAG:0003:0001:}}Eigentlich wollte ich was anderes,
aber lecker war das auf jeden Fall!{{TAG:0007:0000:14000000}}
Danke,{{TAG:0007:0000:08000000}} {{TAG:0005:0007:}}!","{{TAG:0003:0001:}}İstediğim şey değildi ama
lezzetliydi!{{TAG:0007:0000:14000000}} Sağ ol,{{TAG:0007:0000:08000000}} {{TAG:0005:0007:}}!"
101,102,"{{TAG:0003:0001:}}A huh huh huh!{{TAG:0007:0000:14000000}} Next time, remember
what I ask for, OK?","{{TAG:0003:0001:}}¡Je, je, je!{{TAG:0007:0000:14000000}} La próxima vez, intenta
recordar qué te he pedido, ¿vale?","{{TAG:0003:0001:}}Hé hé !{{TAG:0007:0000:14000000}} La prochaine fois, essaie de
me ramener ce que je te demande,
OK ?","{{TAG:0003:0001:}}Eh eh eh!{{TAG:0007:0000:14000000}} La prossima volta,
ricordati quello che ti chiedo, OK?","{{TAG:0003:0001:}}Merk dir das nächste Mal bitte
meine Bestellung, ja?{{TAG:0007:0000:14000000}} Äh, he he he!","{{TAG:0003:0001:}}A hıh hıh! Bir{{TAG:0007:0000:14000000}} dahaki sefere ne
istediğimi hatırla, tamam mı?"
102,103,"{{TAG:0003:0001:}}This was great and all, but next
time, be sure to bring me what I
actually asked for,{{TAG:0007:0000:08000000}} {{TAG:0005:0007:}}.","{{TAG:0003:0001:}}Eso me ha gustado, la verdad,
pero la próxima vez tráeme
lo que te pida,{{TAG:0007:0000:08000000}} {{TAG:0005:0007:}}.","{{TAG:0003:0001:}}C'était bien quand même, mais la
prochaine fois, apporte-moi ce que
je te demande, OK,{{TAG:0007:0000:08000000}} {{TAG:0005:0007:}} ?","{{TAG:0003:0001:}}Certo, era un frutto delizioso,
ma la prossima volta voglio
quello che chiedo,{{TAG:0007:0000:08000000}} {{TAG:0005:0007:}}.","{{TAG:0003:0001:}}Das war nicht schlecht, aber bring
mir das nächste Mal bitte das, was
ich bestellt hab,{{TAG:0007:0000:08000000}} {{TAG:0005:0007:}}.","{{TAG:0003:0001:}}Bu güzeldi ama bir dahaki sefere
gerçekten istediğim şeyi getir,{{TAG:0007:0000:08000000}}
{{TAG:0005:0007:}}."
103,104,"{{TAG:0003:0001:}}Thanks, {{TAG:0005:0008:}}!","{{TAG:0003:0001:}}¡Gracias, {{TAG:0005:0008:}}!","{{TAG:0003:0001:}}Merci {{TAG:0005:0008:}}, merci bien,
{{TAG:0005:0007:}}.","{{TAG:0003:0001:}}Grazie, {{TAG:0005:0008:}}!","{{TAG:0003:0001:}}Danke, {{TAG:0005:0008:}}!","{{TAG:0003:0001:}}Teşekkürler,{{TAG:0005:0008:}}!"
104,105,"{{TAG:0003:0006:}}You know that I'll hold grudges over
bad food, don't you,{{TAG:0007:0000:08000000}} {{TAG:0005:0007:}}?","{{TAG:0003:0006:}}Sabes que no perdono fácilmente
cuando se trata de comida
estropeada, ¿no,{{TAG:0007:0000:08000000}} {{TAG:0005:0007:}}?","{{TAG:0003:0006:}}Tu sais que je ne plaisante pas avec
la nourriture. Tu le sais, hein,{{TAG:0007:0000:08000000}}
{{TAG:0005:0007:}} ?","{{TAG:0003:0006:}}Lo sai che non perdono tanto
facilmente chi mi porta cibi cattivi,
vero?!{{TAG:0007:0000:08000000}} {{TAG:000E:0003:}}{{TAG:0005:0007:}}!","{{TAG:0003:0006:}}Schlechtes Essen verdirbt mir
tagelang die Laune.{{TAG:0007:0000:14000000}} Wusstest du
das nicht,{{TAG:0007:0000:08000000}} {{TAG:0005:0007:}}?","{{TAG:0003:0006:}}Kötü yemek yüzünden kin
tutabildiğimi biliyorsun, değil
mi,{{TAG:0007:0000:08000000}} {{TAG:0005:0007:}}?"
105,106,"{{TAG:0003:0006:}}If there's one thing that gets me
steamed,{{TAG:0007:0000:08000000}} it's bad food.  ","{{TAG:0003:0006:}}Si hay algo que me revuelve las
tripas más que nada en el mundo{{TAG:0007:0000:08000000}}
es la comida estropeada.","{{TAG:0003:0006:}}Faut pas plaisanter avec la
nourriture,{{TAG:0007:0000:08000000}} ça se fait pas ça. Non
alors.","{{TAG:0003:0006:}}Se c'è una cosa che mi fa andare
in bestia{{TAG:0007:0000:08000000}} è il cibo cattivo!","{{TAG:0003:0006:}}Bei schlechtem Essen hört der
Spaß auf!","{{TAG:0003:0006:}}Beni kızdıran bir şey varsa o da{{TAG:0007:0000:08000000}}
kötü yemektir."
106,107,,,,,,
107,108,{{TAG:0003:000F:}}Huh?!{{TAG:0007:0000:28000000}} {{TAG:0003:0028:}}Even I can't eat all this fruit!,"{{TAG:0003:000F:}}¡¿Eh?!{{TAG:0007:0000:28000000}} {{TAG:0003:0028:}}¡Ni siquiera yo puedo
comer tanta fruta!","{{TAG:0003:000F:}}Mais ?!{{TAG:0007:0000:28000000}} {{TAG:0003:0028:}}Même moi, je n'arriverais
jamais à engloutir tous ces fruits !","{{TAG:0003:000F:}}Caspitina!!!{{TAG:0007:0000:28000000}} {{TAG:0003:0028:}}Nemmeno io riuscirei
a mangiare tutta questa frutta!","{{TAG:0003:000F:}}Ui!{{TAG:0007:0000:28000000}} {{TAG:0003:0028:}}So einen Berg Früchte kann
noch nicht mal ich verdrücken!",{{TAG:0003:000F:}}Ha?!{{TAG:0007:0000:28000000}} Bu{{TAG:0003:0028:}} kadar meyveyi ben bile yiyemem!
108,109,"{{TAG:0003:0025:}}I appreciate the sentiment,{{TAG:0007:0000:14000000}} but
I only need one,{{TAG:0007:0000:08000000}} {{TAG:0005:0007:}}.","{{TAG:0003:0025:}}Agradezco la intención,{{TAG:0007:0000:14000000}} pero
ahora solo quería comer una,{{TAG:0007:0000:08000000}}
{{TAG:0005:0007:}}.","{{TAG:0003:0025:}}Crois bien que j'apprécie le geste,{{TAG:0007:0000:14000000}}
mais un seul aurait suffi, tu sais,{{TAG:0007:0000:08000000}}
{{TAG:0005:0007:}}.","{{TAG:0003:0025:}}Apprezzo il gesto,{{TAG:0007:0000:14000000}} ma un frutto
mi basta e avanza,{{TAG:0007:0000:08000000}} {{TAG:0005:0007:}}.","{{TAG:0003:0025:}}Das ist ja nett, aber ich will nur
eine einzige Frucht,{{TAG:0007:0000:08000000}} {{TAG:0005:0007:}}.","{{TAG:0003:0025:}}Düşünmen güzel ama bana{{TAG:0007:0000:14000000}} bir tane
yeter,{{TAG:0007:0000:08000000}} {{TAG:0005:0007:}}."
109,110,"{{TAG:0003:0012:}}Huh{{TAG:0007:0000:08000000}}.{{TAG:0007:0000:08000000}}.{{TAG:0007:0000:08000000}}.{{TAG:0007:0000:14000000}} Is this really {{TAG:000E:0002:}}
{{TAG:0000:0003:0200}}{{TAG:0011:0003:0200}}{{TAG:0000:0003:FFFF}}?{{TAG:0000:0004:}}{{TAG:0003:000D:}}Whoa!{{TAG:0007:0000:14000000}} I can't wait a second longer!{{TAG:0007:0000:28000000}}
I'm digging in right now!","{{TAG:0003:0012:}}Ah{{TAG:0007:0000:08000000}}.{{TAG:0007:0000:08000000}}.{{TAG:0007:0000:08000000}}.{{TAG:0007:0000:14000000}} ¿Esto es realmente {{TAG:000E:0002:}}
{{TAG:0000:0003:0200}}{{TAG:0011:0003:0200}}{{TAG:0000:0003:FFFF}}?{{TAG:0000:0004:}}{{TAG:0003:000D:}}¡Vaya!{{TAG:0007:0000:14000000}} ¡Pues no puedo esperar
ni un minuto más!{{TAG:0007:0000:28000000}} ¡Para
adentro ahora mismo!","{{TAG:0003:0012:}}Hé{{TAG:0007:0000:08000000}}.{{TAG:0007:0000:08000000}}.{{TAG:0007:0000:08000000}}.{{TAG:0007:0000:14000000}} C'est vraiment {{TAG:000E:0002:}}
{{TAG:0000:0003:0200}}{{TAG:0011:0003:0200}} {{TAG:0000:0003:FFFF}}?{{TAG:0000:0004:}}{{TAG:0003:000D:}}Waouh !{{TAG:0007:0000:14000000}} À l'attaque !","{{TAG:0003:0012:}}Ehi{{TAG:0007:0000:08000000}}.{{TAG:0007:0000:08000000}}.{{TAG:0007:0000:08000000}}.{{TAG:0007:0000:14000000}} Ma è davvero {{TAG:000E:0002:}}
{{TAG:0000:0003:0200}}{{TAG:0011:0003:0200}}{{TAG:0000:0003:FFFF}}?{{TAG:0000:0004:}}{{TAG:0003:000D:}}Caspitina!{{TAG:0007:0000:14000000}} Non posso resistere
un secondo di più!{{TAG:0007:0000:28000000}} Pancia mia
fatti capanna!","{{TAG:0003:0012:}}Was?{{TAG:0007:0000:14000000}} Seh ich da echt {{TAG:000E:0008:02CD0A00650069006E0065006E000800650069006E0065000600650069006E00}}
{{TAG:0011:0003:0200}}?{{TAG:0000:0004:}}{{TAG:0003:002B:}}Boah!{{TAG:0007:0000:14000000}} Wahnsinn!{{TAG:0007:0000:14000000}} {{TAG:000E:0008:02CD0600440065006E0006004400690065000600440061007300}} muss ich
SOFORT kosten!","{{TAG:0003:0012:}}Hımm{{TAG:0007:0000:08000000}}{{TAG:0007:0000:08000000}}.{{TAG:0007:0000:08000000}}.{{TAG:0007:0000:14000000}}. Bu gerçekten {{TAG:000E:0002:}} {{TAG:0000:0003:0200}}{{TAG:0011:0003:0200}}{{TAG:0000:0003:FFFF}}{{TAG:0000:0004:}}{{TAG:0003:000D:}} mi?{{TAG:0007:0000:14000000}} Vay!
Bir saniye daha{{TAG:0007:0000:28000000}} bekleyemem.
Hemen yiyorum!"
110,111,"{{TAG:0003:000F:}}Whoa!{{TAG:0007:0000:14000000}} This {{TAG:0007:0000:14000000}}{{TAG:0000:0003:0200}}{{TAG:0011:0003:0000}}
{{TAG:0000:0003:FFFF}}is so much better than normal ones,{{TAG:0007:0000:08000000}}
{{TAG:0005:0007:}}!
{{TAG:0003:0027:}}Are you sure I can eat it?{{TAG:0007:0001:}}
A huh huh huh!{{TAG:0007:0000:28000000}} {{TAG:0003:0026:}}Down the hatch!","{{TAG:0003:000F:}}¡Huy!{{TAG:0007:0000:14000000}} ¡Est{{TAG:000E:0008:00CD020065000200610002003000}} {{TAG:0007:0000:14000000}}{{TAG:0000:0003:0200}}{{TAG:0011:0003:0000}}{{TAG:0000:0003:FFFF}}
es mucho mejor que l{{TAG:000E:0008:00CD02006F000200610002003000}}s normales,{{TAG:0007:0000:08000000}}
{{TAG:0005:0007:}}!
{{TAG:0003:0027:}}¿Seguro que me l{{TAG:000E:0008:00CD02006F000200610002003000}} puedo comer?{{TAG:0007:0001:}}
¡Je, je, je!{{TAG:0007:0000:28000000}} {{TAG:0003:0026:}}¡Pues a zampar
se ha dicho!","{{TAG:0003:000F:}}Waouh !{{TAG:0007:0000:14000000}} Trop dingue !{{TAG:0000:0004:}}{{TAG:000E:0003:}}{{TAG:000E:0001:}}{{TAG:0000:0003:0200}}{{TAG:0011:0003:0000}}{{TAG:0000:0003:FFFF}} que
tu m'as {{TAG:000E:0008:00CD0A0064006F006E006E00E9000C0064006F006E006E00E90065000000}} doit être mille fois
meilleur{{TAG:000E:0008:00CD0000020065000000}} qu'un fruit normal !
{{TAG:0003:0027:}}Tu es {{TAG:000E:0006:06007300FB00720008007300FB0072006500}} que je peux {{TAG:000E:0008:00CD04006C00650004006C0061000000}} manger ?{{TAG:0007:0001:}}
Youpi !{{TAG:0007:0000:28000000}} {{TAG:0003:0026:}}Par ici, joli petit fruit,
{{TAG:0005:0007:}} !","{{TAG:0003:000F:}}Oh!{{TAG:0007:0000:14000000}} Quest{{TAG:000E:0008:00CD02006F000200610002003000}} {{TAG:0007:0000:14000000}}{{TAG:0011:0003:0000}}
è molto meglio di quell{{TAG:000E:0008:00CD020069000200650002003000}} normali,{{TAG:0007:0000:08000000}}
{{TAG:0005:0007:}}!
{{TAG:0003:0027:}}Sei sicur{{TAG:000E:0006:02006F0002006100}} che possa mangiarl{{TAG:000E:0008:00CD02006F000200610002003000}}?{{TAG:0007:0001:}}
Ah ah ah!{{TAG:0007:0000:28000000}} {{TAG:0003:0026:}}Pancia mia fatti capanna!","{{TAG:0003:000F:}}DAS da nenn ich mal {{TAG:000E:0008:00CD080027006E0065006E00060027006E006500040027006E00}}
{{TAG:000E:0008:00CD1200720069006300680074006900670065006E001000720069006300680074006900670065001200720069006300680074006900670065007300}} {{TAG:0011:0003:0000}},{{TAG:0007:0000:08000000}}
{{TAG:0005:0007:}}!
{{TAG:0003:0027:}}Darf ich {{TAG:000E:0008:00CD0600640065006E0006006400690065000600640061007300}} echt einfach so
verputzen?{{TAG:0007:0001:}}{{TAG:0003:0026:}} Äh, he he he!{{TAG:0007:0000:14000000}} Vergiss
die dumme Frage, rein damit!","{{TAG:0003:000F:}}Vay!{{TAG:0007:0000:14000000}} Bu {{TAG:0007:0000:14000000}}{{TAG:0000:0003:0200}}{{TAG:0011:0003:0000}}{{TAG:0000:0003:FFFF}} normalinden çok daha
iyi görünüyor,{{TAG:0007:0000:08000000}} {{TAG:0005:0007:}}!{{TAG:0003:0027:}} Gerçekten
yiyebilir{{TAG:0007:0001:}} miyim? A hıh{{TAG:0007:0000:28000000}}{{TAG:0003:0026:}} hıh!
Mideye!"
111,112,"{{TAG:0003:0015:}}I never thought{{TAG:0007:0000:14000000}} in a hundred years
that you would bring me {{TAG:000E:0002:}}
{{TAG:0000:0003:0200}}{{TAG:0011:0003:0200}}{{TAG:0000:0003:FFFF}}.
{{TAG:0003:0001:}}Thanks for bringing me such a
precious, tasty treat, {{TAG:0005:0008:}}!","{{TAG:0003:0015:}}No se me habría ocurrido{{TAG:0007:0000:14000000}} ni en
cien años que me fueras a traer
{{TAG:000E:0002:}}{{TAG:0000:0003:0200}}{{TAG:0011:0003:0200}}{{TAG:0000:0003:FFFF}}.
{{TAG:0003:0001:}}¡Gracias por traerme algo
tan chachi, {{TAG:0005:0008:}}!","{{TAG:0003:0015:}}Jamais...{{TAG:0007:0000:1E000000}} Jamais j'aurais cru que tu
me trouverais {{TAG:000E:0002:}}
{{TAG:0000:0003:0200}}{{TAG:0011:0003:0200}}{{TAG:0000:0003:FFFF}}...
{{TAG:0003:0001:}}Merci ! Merci beaucoup ! Tu ne peux
pas savoir comme ça me fait plaisir,
{{TAG:0005:0007:}} !","{{TAG:0003:0015:}}Mai e poi mai avrei immaginato{{TAG:0007:0000:14000000}}
che mi avresti portato
{{TAG:000E:0002:}}{{TAG:0000:0003:0200}}{{TAG:0011:0003:0200}}{{TAG:0000:0003:FFFF}}.
{{TAG:0003:0001:}}Grazie per avermi regalato
questa squisitezza, {{TAG:0005:0008:}}!","{{TAG:0003:0015:}}Ich hätte nie gedacht, dass du mir
echt {{TAG:000E:0008:02CD080027006E0065006E00060027006E006500040027006E00}} {{TAG:0011:0003:0200}}
bringen würdest!
{{TAG:0003:0001:}}Mjam, mjam!{{TAG:0007:0000:14000000}} Danke, {{TAG:0005:0008:}}!","{{TAG:0003:0015:}}Yüz yıl{{TAG:0007:0000:14000000}} düşünsem bana {{TAG:000E:0002:}} {{TAG:0000:0003:0200}}{{TAG:0011:0003:0200}}{{TAG:0000:0003:FFFF}}{{TAG:0003:0001:}}
getireceğini tahmin etmezdim.
Böyle değerli ve lezzetli bir
şey getirdiğin için sağ ol, {{TAG:0005:0008:}}!"
112,113,"{{TAG:0003:0004:}}Ahhhhh{{TAG:0007:0000:08000000}}.{{TAG:0007:0000:08000000}}.{{TAG:0007:0000:08000000}}.{{TAG:0007:0000:14000000}} I feel amazing.{{TAG:0007:0001:}} {{TAG:0003:0027:}}Also, I'm
totally touched by your kindness,
{{TAG:0005:0008:}}.{{TAG:0007:0000:14000000}} You're the best.","{{TAG:0003:0004:}}Aaaaah{{TAG:0007:0000:08000000}}.{{TAG:0007:0000:08000000}}.{{TAG:0007:0000:08000000}}.{{TAG:0007:0000:14000000}} Estoy en el paraíso.{{TAG:0007:0001:}}
{{TAG:0003:0027:}}Además, hasta me he emocionado,
{{TAG:0005:0008:}}.{{TAG:0007:0000:14000000}} Eres {{TAG:000E:0006:040065006C0004006C006100}} mejor.","{{TAG:0003:0004:}}Ahhhhh{{TAG:0007:0000:08000000}}.{{TAG:0007:0000:08000000}}.{{TAG:0007:0000:08000000}}.{{TAG:0007:0000:14000000}} Je dois être en train de
rêver. {{TAG:0007:0000:28000000}}{{TAG:0003:0027:}}Et c'est le plus beau
rêve que j'ai jamais fait.
{{TAG:000E:0003:}}{{TAG:0005:0008:}},{{TAG:0007:0000:14000000}} surtout, me réveille
pas, {{TAG:0005:0007:}}...","{{TAG:0003:0004:}}Ahhhhh{{TAG:0007:0000:08000000}}.{{TAG:0007:0000:08000000}}.{{TAG:0007:0000:08000000}}.{{TAG:0007:0000:14000000}} Deve essere un sogno.{{TAG:0007:0001:}}{{TAG:0003:0027:}}
Sono commosso dalla tua
gentilezza, {{TAG:0005:0008:}}.{{TAG:0007:0000:14000000}} Che tesoro!","{{TAG:0003:0004:}}Aaaah...{{TAG:0007:0000:14000000}} SO fühlt man sich, wenn
man glücklich ist!{{TAG:0007:0001:}} {{TAG:0003:0027:}}Du bist echt
{{TAG:000E:0006:24006D00650069006E002000620065007300740065007200200046007200650075006E00640028006D00650069006E006500200062006500730074006500200046007200650075006E00640069006E00}}, {{TAG:0005:0008:}}.","{{TAG:0003:0004:}}Ahhhh.{{TAG:0007:0000:08000000}}.{{TAG:0007:0000:08000000}}.{{TAG:0007:0000:08000000}}{{TAG:0007:0000:14000000}} Kendimi harika{{TAG:0007:0001:}}{{TAG:0003:0027:}}
hissediyorum. İyiliğin beni de
duygulandırdı, {{TAG:0005:0008:}}.{{TAG:0007:0000:14000000}} Sen bir tanesin."
113,114,,,,,,
114,115,"{{TAG:0003:0003:}}Tasty!{{TAG:0007:0000:28000000}} But{{TAG:0007:0000:28000000}} tastier fruit than this
does exist, you know.{{TAG:0000:0004:}}{{TAG:0003:000D:}}Oh,{{TAG:0007:0000:14000000}} not that I'm not grateful!{{TAG:0007:0001:}} {{TAG:0003:0001:}}Here, {{TAG:0007:0000:14000000}}
take my {{TAG:0011:0003:0100}} as
thanks!","{{TAG:0003:0003:}}¡Sabe bien!{{TAG:0007:0000:28000000}} Aunque{{TAG:0007:0000:28000000}} hay fruta
que sabe aún mejor, ¿sabes?{{TAG:0000:0004:}}{{TAG:0003:000D:}}Bueno,{{TAG:0007:0000:14000000}} pero no pienses que no
te lo agradezco, ¿eh?{{TAG:0007:0001:}} {{TAG:0003:0001:}}De hecho,{{TAG:0007:0000:14000000}}
¡toma mi {{TAG:0011:0003:0100}}!","{{TAG:0003:0003:}}Délicieux !{{TAG:0007:0000:28000000}} Mais il existe des fruits
encore plus délicieux que celui-ci,
tu sais ?{{TAG:0000:0004:}}{{TAG:0003:000D:}}Mais ne crois pas que je te dis ça
parce que je ne suis pas
reconnaissant,{{TAG:0007:0000:14000000}} hein ?!{{TAG:0000:0004:}}{{TAG:0003:0001:}}Tiens,{{TAG:0007:0000:14000000}} voici {{TAG:000E:0002:}}
{{TAG:0011:0003:0100}} en guise
de remerciement !","{{TAG:0003:0003:}}Che squisitezza!{{TAG:0007:0000:28000000}} Anche se in giro
si trova frutta ancora più buona
di questa...{{TAG:0000:0004:}}{{TAG:0003:000D:}}Ma non credere che non abbia
apprezzato il gesto, anzi!{{TAG:0007:0001:}} {{TAG:0003:0001:}}Prendi{{TAG:0007:0000:14000000}}
quest{{TAG:000E:0008:01CD02006F000200610002003000}} {{TAG:0011:0003:0100}}!
È solo un pensierino, un piccolo
segno della mia riconoscenza!","{{TAG:0003:0003:}}Mjam!{{TAG:0007:0000:28000000}} Aber weißt du, es gibt auch
noch leckereres Obst.{{TAG:0000:0004:}}{{TAG:0003:000D:}}Also,{{TAG:0007:0000:08000000}} ich beschwer mich ja gar
nicht!{{TAG:0007:0001:}} {{TAG:0003:0001:}}Guck, ich geb dir sogar
{{TAG:000E:0008:01CD0C006D00650069006E0065006E000A006D00650069006E00650008006D00650069006E00}} {{TAG:0011:0003:0100}}!","{{TAG:0003:0003:}}Lezzetliydi{{TAG:0007:0000:28000000}}{{TAG:0007:0000:28000000}}! Ama dünyada bundan
daha lezzetli meyve de var,{{TAG:0000:0004:}}{{TAG:0003:000D:}}
biliyorsun{{TAG:0007:0000:14000000}}. Nankörlük etmiyorum
ha!{{TAG:0007:0001:}}{{TAG:0003:0001:}} Teşekkür{{TAG:0007:0000:14000000}} için benim {{TAG:0011:0003:0100}} al!"
115,116,"{{TAG:0003:0001:}}Thank you, {{TAG:0005:0008:}}!{{TAG:0000:0004:}}{{TAG:0003:0027:}}Maybe next time,{{TAG:0007:0000:14000000}} you could get me
some perfect fruit, {{TAG:0007:0000:08000000}}{{TAG:0005:0007:}}.","{{TAG:0003:0001:}}¡Gracias, {{TAG:0005:0008:}}!{{TAG:0000:0004:}}{{TAG:0003:0027:}}Quizá la próxima vez{{TAG:0007:0000:14000000}} me consigas
una fruta deliciosa, {{TAG:0007:0000:08000000}}{{TAG:0005:0007:}}.","{{TAG:0003:0001:}}Merci {{TAG:0005:0008:}} !{{TAG:0000:0004:}}{{TAG:0003:0027:}}Mais la prochaine fois, tu pourras
essayer de me trouver un fruit
parfait, {{TAG:0007:0000:08000000}}{{TAG:0005:0007:}} ?","{{TAG:0003:0001:}}Grazie, {{TAG:0005:0008:}}!{{TAG:0000:0004:}}{{TAG:0003:0027:}}Magari però la prossima volta{{TAG:0007:0000:14000000}}
potresti cercare di portarmi
un frutto perfetto, {{TAG:0007:0000:08000000}}{{TAG:0005:0007:}}.","{{TAG:0003:0001:}}Danke, {{TAG:0005:0008:}}!{{TAG:0000:0004:}}{{TAG:0003:0027:}}Vielleicht bringst du mir nächstes
Mal ja wirklich eine 1a-Frucht,
{{TAG:0007:0000:08000000}}{{TAG:0005:0007:}}...","{{TAG:0003:0001:}}Sağ ol, {{TAG:0005:0008:}}!{{TAG:0000:0004:}}{{TAG:0003:0027:}} Belki bir dahaki{{TAG:0007:0000:14000000}}
sefere bana kusursuz meyve
bulursun, {{TAG:0007:0000:08000000}}{{TAG:0005:0007:}}."
