entry,label,EN,ES,FR,IT,DE,TRANSLATION
0,001,"{{TAG:0003:0001:}}Hooray for the {{TAG:0000:0003:0200}}Harvest Festival{{TAG:0000:0003:FFFF}}!{{TAG:0007:0000:14000000}}
Everyone in town is busy cooking.{{TAG:0000:0004:}}{{TAG:0003:0015:}}I thought I'd try out some new
recipes this year,{{TAG:0007:0000:08000000}} {{TAG:0005:0007:}}.","{{TAG:0003:0001:}}¡Cómo me gusta el Día del Pavo!{{TAG:0007:0000:14000000}}
Todos los vecinos están muy
entretenidos cocinando.{{TAG:0000:0004:}}{{TAG:0003:0015:}}Yo, {{TAG:0007:0000:0A000000}}por mi parte, {{TAG:0007:0000:0A000000}}quiero probar
unas recetas nuevas,{{TAG:0007:0000:0A000000}} {{TAG:0005:0007:}}.","{{TAG:0003:0001:}}Pour la {{TAG:0000:0003:0200}}fête des récoltes{{TAG:0000:0003:FFFF}} :{{TAG:0007:0000:0A000000}} hip, hip,
hip, hourra !{{TAG:0007:0000:0A000000}} Toute la ville met la
main à la pâte !
{{TAG:0003:0015:}}L'occasion rêvée de tester mes
nouvelles recettes, {{TAG:0005:0007:}} !","{{TAG:0003:0001:}}Evviva evviva, oggi c'è la {{TAG:0000:0003:0200}}Festa
d'autunno{{TAG:0000:0003:FFFF}}{{TAG:0007:0000:14000000}} e tutti sono impegnati
a preparare ottimi manicaretti.
{{TAG:0003:0015:}}Quest'anno vorrei provare qualche
nuova ricetta,{{TAG:0007:0000:08000000}} {{TAG:0005:0007:}}.","{{TAG:0003:0001:}}Heute ist das {{TAG:0000:0003:0200}}Herbstfest{{TAG:0000:0003:FFFF}}!{{TAG:0007:0000:14000000}} Das heißt,
dass alle im Ort fleißig füreinander
kochen.{{TAG:0007:0000:0A000000}}{{TAG:0003:0015:}} Mich eingeschlossen!","{{TAG:0003:0001:}}Hasat Festivali{{TAG:0000:0003:0200}} kutlu olsun!{{TAG:0000:0003:FFFF}}{{TAG:0007:0000:14000000}}
Kasabadaki herkes yemek
telaşında.{{TAG:0000:0004:}}{{TAG:0003:0015:}} Ben de bu yıl birkaç
yeni tarif deneyeyim dedim,{{TAG:0007:0000:08000000}} {{TAG:0005:0007:}}."
1,002,"{{TAG:0003:0003:}}Today is our {{TAG:0000:0003:0200}}Harvest Festival{{TAG:0000:0003:FFFF}}!{{TAG:0007:0000:14000000}} I've
been waiting all month for this.{{TAG:0007:0000:14000000}} It's
one of my favorite holidays!
{{TAG:0003:0001:}}I'm going to try making something
new this year.{{TAG:0007:0000:14000000}} Something exciting!","{{TAG:0003:0003:}}¡Hay que celebrar el Día del Pavo!
{{TAG:0007:0000:14000000}}Llevo todo el mes esperando,
{{TAG:0007:0000:0A000000}}es de mis fiestas favoritas.
{{TAG:0003:0001:}}Este año intentaré hacer algo
diferente{{TAG:0007:0000:08000000}}.{{TAG:0007:0000:08000000}}.{{TAG:0007:0000:08000000}}. {{TAG:0007:0000:14000000}}¡algo extraordinario!","{{TAG:0003:0003:}}La {{TAG:0000:0003:0200}}fête des récoltes{{TAG:0000:0003:FFFF}}, enfin !{{TAG:0007:0000:0A000000}}
J'attends ce jour depuis le début
du mois !
{{TAG:0003:0001:}}Pour fêter mon jour férié préféré,
je m'en vais mijoter du nouveau, du
succulent, du raffiné !","{{TAG:0003:0003:}}Oggi è la {{TAG:0000:0003:0200}}Festa d'autunno{{TAG:0000:0003:FFFF}}!
{{TAG:0007:0000:14000000}}È più di un mese che l'aspetto.
{{TAG:0007:0000:14000000}}È uno dei miei eventi preferiti!
{{TAG:0003:0001:}}Voglio cucinare qualcosa di nuovo
quest'anno.{{TAG:0007:0000:14000000}} Un piatto a dir poco
entusiasmante!","{{TAG:0003:0003:}}Heute ist unser {{TAG:0000:0003:0200}}Herbstfest{{TAG:0000:0003:FFFF}}!{{TAG:0007:0000:14000000}} Das ist
eines meiner Lieblingsfeste, {{TAG:0003:0001:}}und ich
werde was ganz Besonderes kochen!","{{TAG:0003:0003:}}Bugün Hasat{{TAG:0000:0003:0200}} Festivali!{{TAG:0000:0003:FFFF}}{{TAG:0007:0000:14000000}} Bütün ay
bugünü bekledim. En{{TAG:0007:0000:14000000}} sevdiğim
günlerden biri! Bu{{TAG:0003:0001:}} yıl yepyeni,
biraz da heyecanlı bir{{TAG:0007:0000:14000000}} şey yapacağım."
2,003,"{{TAG:0003:0017:}}Is everyone else caught up in the
festivities?{{TAG:0000:0004:}}{{TAG:0003:0001:}}Once I finish up here, I'll join them.{{TAG:0007:0000:14000000}}
But for now I'm still busy cooking{{TAG:0007:0000:08000000}}.{{TAG:0007:0000:08000000}}.{{TAG:0007:0000:08000000}}.{{TAG:0007:0000:14000000}}","{{TAG:0003:0017:}}¿Cómo va todo por ahí fuera?
{{TAG:0007:0000:14000000}}¿Está todo el mundo celebrando
la fiesta en armonía?
{{TAG:0003:0001:}}Cuando acabe, {{TAG:0007:0000:0A000000}}pienso unirme al
resto de los vecinos. {{TAG:0007:0000:14000000}}Pero por
ahora, {{TAG:0007:0000:0A000000}}voy a seguir cocinando{{TAG:0007:0000:08000000}}.{{TAG:0007:0000:08000000}}.{{TAG:0007:0000:08000000}}.{{TAG:0007:0000:14000000}}","{{TAG:0003:0017:}}Comment ça se passe ?{{TAG:0007:0000:0A000000}} Les
estomacs sont à la fête comme
il se doit ?
{{TAG:0003:0001:}}Je rejoins les autres dès que j'ai
fini, mais pour l'instant, j'ai encore
quelques délices à mitonner...","{{TAG:0003:0017:}}Comment ça-va?{{TAG:0007:0000:14000000}} Sono tutti già
alla festa?{{TAG:0000:0004:}}{{TAG:0003:0001:}}Quando avrò finito qui, andrò
anch'io,{{TAG:0007:0000:14000000}} ma adesso devo cucinare{{TAG:0007:0000:08000000}}.{{TAG:0007:0000:08000000}}.{{TAG:0007:0000:08000000}}.{{TAG:0007:0000:14000000}}","{{TAG:0003:0017:}}Wie ist es denn da draußen?{{TAG:0007:0000:14000000}} Feiern
schon alle fröhlich?{{TAG:0000:0004:}}{{TAG:0003:0001:}}Wenn ich hier mal fertig bin, sehe
ich mir die Feierlichkeiten auch an,
aber erst muss ich noch kochen!","{{TAG:0003:0017:}}Herkes festival havasına kapıldı
mı acaba? İşimi{{TAG:0000:0004:}}{{TAG:0003:0001:}} bitirince ben de
katılacağım. Ama{{TAG:0007:0000:14000000}} şimdilik
mutfakta işim başımdan aşkın{{TAG:0007:0000:08000000}}.{{TAG:0007:0000:08000000}}.{{TAG:0007:0000:08000000}}.{{TAG:0007:0000:14000000}}"
3,004,"{{TAG:0003:000D:}}Eep,{{TAG:0007:0000:08000000}} I need to get started on my
next dish!{{TAG:0007:0001:}} Sorry.{{TAG:0007:0000:08000000}} There are just
so many things I want to make{{TAG:0007:0000:08000000}}.{{TAG:0007:0000:08000000}}.{{TAG:0007:0000:08000000}}.{{TAG:0007:0000:14000000}}","{{TAG:0003:000D:}}¡Ay! {{TAG:0007:0000:14000000}}¡Ya debería haber empezado
a preparar el siguiente plato!{{TAG:0000:0004:}}Perdona, {{TAG:0007:0000:0A000000}}es que quiero preparar
tantísimas cosas{{TAG:0007:0000:08000000}}.{{TAG:0007:0000:08000000}}.{{TAG:0007:0000:08000000}}.","{{TAG:0003:000D:}}Oh, tant de plats à préparer et si
peu de temps !{{TAG:0007:0001:}} Vite, vite, les
fourneaux n'attendent pas !","{{TAG:0003:000D:}}Allooora,{{TAG:0007:0000:08000000}} comincio il prossimo
piatto!{{TAG:0007:0001:}} Excuse-moi,{{TAG:0007:0000:08000000}} ma ci sono così
tante cose che vorrei preparare{{TAG:0007:0000:08000000}}.{{TAG:0007:0000:08000000}}.{{TAG:0007:0000:08000000}}.{{TAG:0007:0000:14000000}}","{{TAG:0003:000D:}}Oje, was ich noch alles kochen
muss!{{TAG:0007:0000:14000000}} Es gibt einfach so viele
Rezepte, die ich ausprobieren will...","{{TAG:0003:000D:}}Ay,{{TAG:0007:0000:08000000}} sıradaki yemeğe başlamam
gerek! Kusura{{TAG:0007:0001:}} bakma{{TAG:0007:0000:08000000}}. Yapmak
istediğim o kadar çok şey var
ki{{TAG:0007:0000:08000000}}.{{TAG:0007:0000:08000000}}.{{TAG:0007:0000:08000000}}.{{TAG:0007:0000:14000000}}"
4,005,"{{TAG:0003:000B:}}Actually,{{TAG:0007:0000:08000000}} you wouldn't happen to
have {{TAG:000E:0002:}}{{TAG:0011:0003:0000}},{{TAG:0007:0000:08000000}}
would you?
{{TAG:0003:0025:}}If you did,{{TAG:0007:0000:08000000}} I'd be willing to trade you
for another ingredient.{{TAG:0007:0000:14000000}} We could
both benefit.","{{TAG:0003:000B:}}Escucha, {{TAG:0007:0000:0A000000}}¿por casualidad no tendrás
{{TAG:000E:0002:}}{{TAG:0011:0003:0000}}?{{TAG:0000:0004:}}{{TAG:0003:0025:}}Si {{TAG:000E:0008:00CD04006C006F0004006C0061000000}} tienes, {{TAG:0007:0000:0A000000}}me gustaría cambiar{{TAG:000E:0008:00CD04006C006F0004006C0061000000}}
por otro ingrediente. {{TAG:0007:0000:14000000}}Pero bueno,
{{TAG:0007:0000:0A000000}}si no {{TAG:000E:0008:00CD04006C006F0004006C0061000000}} encuentras, {{TAG:0007:0000:0A000000}}no pasa nada.","{{TAG:0003:000B:}}Est-ce que par hasard, tu aurais
{{TAG:000E:0002:}}{{TAG:0011:0003:0000}} sous
la main ?
{{TAG:0003:0025:}}Ça m'arrangerait bien, mais ne te
dérange pas pour si peu, ce n'est
pas grave si tu n'en as pas.","{{TAG:0003:000B:}}Non è che per caso{{TAG:0007:0000:08000000}} avresti
{{TAG:000E:0002:}}{{TAG:0011:0003:0000}}?{{TAG:0000:0004:}}{{TAG:0003:0025:}}In cambio{{TAG:0007:0000:08000000}} posso darti un altro
ingrediente.{{TAG:0007:0000:14000000}} Però, se non riesci
a {{TAG:000E:0008:00CD1800700072006F0063007500720061007200740065006C006F001800700072006F0063007500720061007200740065006C0061000000}}, non importa.","{{TAG:0003:000B:}}Sag mal, hast du zufällig {{TAG:000E:0008:00CD0A00650069006E0065006E000800650069006E0065000600650069006E00}}
{{TAG:0011:0003:0000}}?{{TAG:0000:0004:}}{{TAG:0003:0025:}}Dann würde ich eine andere Zutat
mit dir tauschen.{{TAG:0007:0000:14000000}} Aber wenn nicht,
ist es auch nicht schlimm!","{{TAG:0003:000B:}}Şey{{TAG:0007:0000:08000000}}... Elinde {{TAG:000E:0002:}}{{TAG:0011:0003:0000}}{{TAG:0007:0000:08000000}} yoktur, değil{{TAG:0003:0025:}} mi?{{TAG:0007:0000:08000000}}
Varsa başka bir malzemeyle takas
edebilirim. İkimizin{{TAG:0007:0000:14000000}} de işine yarar."
5,006,"{{TAG:0003:000B:}}I can't complete this dish without
{{TAG:000E:0002:}}{{TAG:0011:0003:0000}}.{{TAG:0007:0001:}}{{TAG:0003:0000:}} You
don't happen to have one,{{TAG:0007:0000:08000000}} do you?{{TAG:000F:0005:15002800}}
Yes, please take it!
I don't have one.","{{TAG:0003:000B:}}No puedo completar este plato
sin {{TAG:000E:0002:}}{{TAG:0011:0003:0000}}.
No tendrás tú algun{{TAG:000E:0008:00CD02006F00020061000000}}, ¿no?{{TAG:000F:0005:15002800}}
¡Sí, para ti!
Qué va...","{{TAG:0003:000B:}}Sans {{TAG:0011:0003:0000}}, inutile
d'espérer réussir cette recette...{{TAG:0007:0001:}}{{TAG:0003:0000:}}
Tu n'en aurais pas, par hasard ?{{TAG:000F:0005:15002800}}
Si, bien sûr !
Non, désolé{{TAG:000E:0006:000002006500}}...","{{TAG:0003:000B:}}Per completare il mio piatto
mi manca ancora un ingrediente:
{{TAG:000E:0001:}}{{TAG:0011:0003:0000}}.
{{TAG:0003:0000:}}Potresti{{TAG:0007:0000:08000000}} darmelo tu?{{TAG:000F:0005:15002800}}
Sì, tieni!
No, mi dispiace.","{{TAG:0003:000B:}}Wenn ich doch bloß {{TAG:000E:0008:00CD0A00650069006E0065006E000800650069006E0065000600650069006E00}}
{{TAG:0011:0003:0000}} hätte!{{TAG:0007:0001:}}
{{TAG:0003:0000:}}Kannst du mir zufällig helfen?{{TAG:000F:0005:15002800}}
Klar. Hier!
Leider nein.","{{TAG:0003:000B:}}Bu yemeği {{TAG:000E:0002:}}{{TAG:0011:0003:0000}}{{TAG:0007:0001:}}{{TAG:0003:0000:}} olmadan tamamlayamam.
Sende bir tane{{TAG:0007:0000:08000000}} var mı?{{TAG:000F:0005:15002800}}
Evet, lütfen al!
Ne yazık ki yok."
6,007,"Say,{{TAG:0007:0000:08000000}} if you could give me {{TAG:000E:0002:}}
{{TAG:0011:0003:0000}},{{TAG:0007:0000:08000000}} that would
really help me out!{{TAG:000F:0005:15002800}}
Here you go!
I don't have one.","Me harías un favor enorme si me
dieras {{TAG:000E:0002:}}{{TAG:0011:0003:0000}}.{{TAG:000F:0005:15002800}}
¡Aquí tienes!
No tengo","{{TAG:0003:000D:}}À l'aide ! {{TAG:0007:0000:1E000000}}Il me manque
{{TAG:000E:0002:}}{{TAG:0011:0003:0000}} pour
finir ce plat !{{TAG:000F:0005:15002800}}
Tiens, il m'en reste !
Je n'en ai pas...","Senti,{{TAG:0007:0000:08000000}} se tu potessi darmi
{{TAG:000E:0002:}}{{TAG:0011:0003:0000}},
{{TAG:0007:0000:08000000}}mi faresti un gran favore!{{TAG:000F:0005:15002800}}
Ecco qua!
Non ne ho.","Für mein Rezept fehlt mir
{{TAG:000E:0002:}}{{TAG:0011:0003:0000}}.{{TAG:0007:0000:14000000}}
Du hast so was nicht zufällig dabei?{{TAG:000F:0005:15002800}}
Hier, bitte!
Nee, tut mir leid.","Eğer{{TAG:0007:0000:08000000}} bana {{TAG:000E:0002:}}
{{TAG:0011:0003:0000}}{{TAG:0007:0000:08000000}} verebilirsen
gerçekten çok yardımcı olursun!{{TAG:000F:0005:15002800}}
Buyur!
Bende yok."
7,008,"{{TAG:0003:0025:}}OK.{{TAG:0007:0000:14000000}} Please keep me in mind if you
come across any later.{{TAG:0007:0000:14000000}} I'd trade you
another ingredient for it!","{{TAG:0003:0025:}}Entiendo.{{TAG:0007:0000:14000000}} Pero acuérdate de mí
si te topas con lo que te he pedido.
¡Te lo cambiaré por otra cosita!","{{TAG:0003:0025:}}Je vois.{{TAG:0007:0000:0A000000}} Penses-y si tu repasses
dans le coin, je te l'échangerai
contre un autre ingrédient !","{{TAG:0003:0025:}}Va bene.{{TAG:0007:0000:14000000}} Se più tardi dovessi avere
l'ingrediente che mi serve,{{TAG:0007:0000:14000000}} ricordati
di me.{{TAG:0000:0004:}}Posso dartene un altro in cambio!","{{TAG:0003:0025:}}Na gut. {{TAG:0007:0000:14000000}}Falls sich das doch noch
ändern sollte, sag Bescheid.{{TAG:0007:0000:14000000}} Dann
können wir tauschen!","{{TAG:0003:0025:}}Tamam{{TAG:0007:0000:14000000}}. Sonradan bulursan beni
hatırla olur mu?{{TAG:0007:0000:14000000}} Başka bir
malzemeyle takas ederim!"
8,009,"{{TAG:0003:0015:}}Yes,{{TAG:0007:0000:14000000}} I suppose it's not that easy to
come by,{{TAG:0007:0000:08000000}} {{TAG:0005:0007:}}.","{{TAG:0003:0015:}}Claro, {{TAG:0007:0000:0A000000}}no creo que sea algo fácil
de encontrar,{{TAG:0007:0000:0A000000}} {{TAG:0005:0007:}}.","{{TAG:0003:0015:}}Je comprends, ça ne se trouve pas
sous le sabot d'un cheval,
{{TAG:0005:0007:}}.","{{TAG:0003:0015:}}Mais oui,{{TAG:0007:0000:14000000}} immagino non sia facile
procurarsi un ingrediente
del genere,{{TAG:0007:0000:08000000}} {{TAG:0005:0007:}}.","{{TAG:0003:0015:}}Ja, ich fürchte auch, so
einfach ist das gar nicht
zu bekommen,{{TAG:0007:0000:08000000}} {{TAG:0005:0007:}}.","{{TAG:0003:0015:}}Evet{{TAG:0007:0000:14000000}}, sanırım bulması pek kolay
değil,{{TAG:0007:0000:08000000}} {{TAG:0005:0007:}}."
9,010,"{{TAG:0003:0017:}}Pardon?{{TAG:0007:0000:14000000}} Were you trying to give me
something?{{TAG:0007:0000:14000000}}{{TAG:0003:0000:}}{{TAG:0003:0024:}} Oh,{{TAG:0007:0000:08000000}} my mistake.","{{TAG:0003:0017:}}¿Perdona?{{TAG:0007:0000:14000000}} ¿No me ibas a dar algo?
{{TAG:0007:0000:14000000}}{{TAG:0003:0000:}}{{TAG:0003:0024:}}Oh,{{TAG:0007:0000:08000000}} me habré confundido.","{{TAG:0003:0017:}}Oh, tu fais du rangement dans tes
poches ? {{TAG:0007:0000:14000000}}{{TAG:0003:0000:}}{{TAG:0003:0024:}}Moi qui pensais que tu
voulais me faire un cadeau...","{{TAG:0003:0017:}}Excuse-moi?{{TAG:0007:0000:14000000}} Volevi per caso darmi
qualcosa?{{TAG:0007:0000:14000000}}{{TAG:0003:0000:}}{{TAG:0003:0024:}} No?{{TAG:0007:0000:08000000}} Ah, mi sarò confusa.","{{TAG:0003:0017:}}Wolltest du mir etwas geben?{{TAG:0007:0000:14000000}}
Nein?{{TAG:0007:0000:14000000}}{{TAG:0003:0024:}} Oh, entschuldige bitte.","{{TAG:0003:0017:}}Efendim?{{TAG:0007:0000:14000000}} Bana bir şey mi vermeye
çalışıyordun? Aa,{{TAG:0007:0000:14000000}}{{TAG:0003:0000:}}{{TAG:0003:0024:}} yanlış{{TAG:0007:0000:08000000}} anlamışım."
10,011,"{{TAG:0003:0024:}}That's awfully nice,{{TAG:0007:0000:08000000}} but I really
need {{TAG:000E:0002:}}{{TAG:0011:0003:0000}}.{{TAG:0007:0001:}}{{TAG:0003:0025:}}
If you get one,{{TAG:0007:0000:08000000}} I'd love to trade.","{{TAG:0003:0024:}}Es un detalle, pero yo necesito
{{TAG:000E:0002:}}{{TAG:0011:0003:0000}}.{{TAG:0000:0004:}}{{TAG:0003:0025:}}Si me {{TAG:000E:0008:00CD04006C006F0004006C0061000000}} traes, te {{TAG:000E:0008:00CD04006C006F0004006C0061000000}} cambiaré
encantada por otro ingrediente.","{{TAG:0003:0024:}}Ta bonté ternit l'éclat du soleil,
mais ce qu'il me faut, c'est
{{TAG:000E:0002:}}{{TAG:0011:0003:0000}}...
{{TAG:0003:0025:}}Bien sûr, je te donnerai quelque
chose en échange...","{{TAG:0003:0024:}}Sei mooolto gentile,{{TAG:0007:0000:08000000}} ma a me serve
{{TAG:000E:0002:}}{{TAG:0011:0003:0000}}.{{TAG:0000:0004:}}{{TAG:0003:0025:}}Se hai questo ingrediente,{{TAG:0007:0000:08000000}} te ne do
un altro in cambio.","{{TAG:0003:0024:}}Das ist wirklich sehr nett von dir.{{TAG:0007:0000:14000000}}
Was ich eigentlich bräuchte, wäre
aber {{TAG:000E:0002:}}{{TAG:0011:0003:0000}}.
{{TAG:0003:0025:}}Falls dir so was noch über den Weg
läuft, könnten wir ja tauschen.","{{TAG:0003:0024:}}Çok düşüncelisin ama{{TAG:0007:0000:08000000}} benim
gerçekten {{TAG:000E:0002:}}{{TAG:0011:0003:0000}}{{TAG:0007:0001:}}{{TAG:0003:0025:}} ihtiyacım var.
Bulursan{{TAG:0007:0000:08000000}} seve seve takas ederim."
11,012,"{{TAG:0003:0010:}}You'll trade with me?{{TAG:0007:0001:}}{{TAG:0003:0001:}} Thank you
very much!{{TAG:0007:0000:14000000}} Here.{{TAG:0007:0000:08000000}} I can give you my
{{TAG:0011:0003:0100}} in return.","{{TAG:0003:0010:}}¡Ah! {{TAG:0007:0000:14000000}}¿Vamos a hacer el trueque?{{TAG:0007:0001:}}
¡Gracias! {{TAG:0007:0000:14000000}}Mira, {{TAG:0007:0000:0A000000}}a cambio, {{TAG:0007:0000:0A000000}}te doy
{{TAG:000E:0002:}}{{TAG:0011:0003:0100}}.","{{TAG:0003:0010:}}Tu veux faire un échange ?{{TAG:0007:0000:0A000000}} Parfait !{{TAG:0007:0001:}}{{TAG:0003:0001:}}
Contre ça, je peux te proposer
{{TAG:000E:0002:}}{{TAG:0011:0003:0100}}...","{{TAG:0003:0010:}}Ti va di fare a cambio?{{TAG:0007:0001:}}{{TAG:0003:0001:}} Oh, merci!
{{TAG:0007:0000:14000000}}Se per te va bene, posso darti
{{TAG:0007:0000:08000000}}{{TAG:000E:0002:}}{{TAG:0011:0003:0100}}.","{{TAG:0003:0010:}}Ah, du möchtest etwas mit mir
tauschen?{{TAG:0007:0001:}}{{TAG:0003:0001:}} Oh, wie schön!
Hm, mal sehen...
Hier, ich könnte dir {{TAG:000E:0008:01CD0C00640069006500730065006E000A00640069006500730065000C00640069006500730065007300}}
{{TAG:0011:0003:0100}} anbieten.","{{TAG:0003:0010:}}Benimle takas mı{{TAG:0007:0001:}}{{TAG:0003:0001:}} edeceksin? Çok
teşekkür{{TAG:0007:0000:14000000}} ederim{{TAG:0007:0000:08000000}}! Karşılığında şu
{{TAG:0011:0003:0100}} senin olsun."
12,013,"{{TAG:0003:0003:}}Wonderful.{{TAG:0007:0000:08000000}} Now I can finish up this
dish and start another!{{TAG:0007:0000:14000000}} Thank you!","{{TAG:0003:0003:}}¡Fantástico!{{TAG:0007:0000:14000000}} ¡Por fin puedo acabar
este plato y empezar otro!
{{TAG:0007:0000:14000000}}¡Mil gracias, cielete!","{{TAG:0003:0003:}}Super !{{TAG:0007:0000:0A000000}} Maintenant, plus rien ne
peut m'empêcher de réussir ce
plat !{{TAG:0007:0000:0A000000}} Merci beaucoup !","{{TAG:0003:0003:}}C'est fantastique!{{TAG:0007:0000:08000000}} Così potrò finire
questo piatto e iniziarne un altro!
{{TAG:0007:0000:14000000}}Merci!","{{TAG:0003:0003:}}Herrlich! Jetzt habe ich alles, was
ich für mein Rezept brauche.{{TAG:0007:0000:14000000}}
Danke!
Hmm, mal sehen, was ich
noch so alles kochen kann...","{{TAG:0003:0003:}}Harika.{{TAG:0007:0000:08000000}} Artık bu yemeği bitirip
sıradakine geçebilirim!{{TAG:0007:0000:14000000}} Çok sağ ol!"
13,014,"{{TAG:0003:0027:}}Oh,{{TAG:0007:0000:08000000}} and I'm not sure if you're
interested, but{{TAG:0007:0000:08000000}}.{{TAG:0007:0000:08000000}}.{{TAG:0007:0000:08000000}}.{{TAG:0007:0000:14000000}}{{TAG:0000:0004:}}{{TAG:0003:0026:}}I stumbled upon a way to make a
certain dish taste amazing.{{TAG:0007:0000:14000000}} Would
you like to hear about it?","{{TAG:0003:0027:}}Oh,{{TAG:0007:0000:0A000000}} no sé si esto te interesa, {{TAG:0007:0000:0A000000}}pero{{TAG:0007:0000:08000000}}.{{TAG:0007:0000:08000000}}.{{TAG:0007:0000:08000000}}.{{TAG:0000:0004:}}{{TAG:0003:0026:}}Conozco un montón de trucos
para cocinar platos riquísimos.
¿Te cuento alguno?","{{TAG:0003:0027:}}Tu vas peut-être me dire que tu
t'en fiches complètement, mais...{{TAG:0000:0004:}}{{TAG:0003:0026:}}J'ai découvert l'ingrédient idéal
pour sublimer une certaine recette !{{TAG:0007:0000:0A000000}}
Tu veux connaître mon secret ?","{{TAG:0003:0027:}}Oh,{{TAG:0007:0000:08000000}} non so se ti interessa, ma{{TAG:0007:0000:08000000}}.{{TAG:0007:0000:08000000}}.{{TAG:0007:0000:08000000}}.{{TAG:0000:0004:}}{{TAG:0003:0026:}}... ho scoperto un modo fantastique
per preparare questo piatto.
{{TAG:0007:0000:14000000}}Lo vuoi sentire?","{{TAG:0003:0027:}}Ich weiß gar nicht, ob dich so
etwas überhaupt interessiert,
aber{{TAG:0007:0000:08000000}}.{{TAG:0007:0000:08000000}}.{{TAG:0007:0000:08000000}}.
{{TAG:0003:0026:}}Ich habe die perfekte Geheimzutat
für mein Rezept gefunden!{{TAG:0007:0000:14000000}} Soll ich
sie dir verraten?","{{TAG:0003:0027:}}Bu{{TAG:0007:0000:08000000}} arada ilgini çeker mi
bilmiyorum ama..{{TAG:0007:0000:08000000}}.{{TAG:0007:0000:08000000}}{{TAG:0007:0000:08000000}}{{TAG:0007:0000:14000000}}{{TAG:0000:0004:}}{{TAG:0003:0026:}} Bir yemeği çok
daha lezzetli yapan küçük bir
yöntem{{TAG:0007:0000:14000000}} keşfettim. Duymak ister misin?"
14,015,"{{TAG:0003:0015:}}So when you're making 
{{TAG:0012:0005:00CD}},{{TAG:0007:0000:08000000}} just add
a little {{TAG:0000:0003:0200}}lemon {{TAG:0000:0003:FFFF}}juice.{{TAG:0007:0000:14000000}} It tastes great!","{{TAG:0003:0015:}}Haz {{TAG:000E:0002:}}{{TAG:0012:0005:00CD}}
y añádele un poquito de zumo de
{{TAG:0000:0003:0200}}limón{{TAG:0000:0003:FFFF}}. {{TAG:0007:0000:14000000}}¡Ya verás qué diferencia!","{{TAG:0003:0015:}}Une larme de jus de {{TAG:0000:0003:0200}}citron{{TAG:0000:0003:FFFF}} dans
{{TAG:000E:0001:}}{{TAG:0012:0005:00CD}}, c'est
le succès garanti !","{{TAG:0003:0015:}}Allora, quando prepari
{{TAG:000E:0001:}}{{TAG:0012:0005:00CD}},{{TAG:0007:0000:08000000}}
aggiungici del succo di {{TAG:0000:0003:0200}}limone{{TAG:0000:0003:FFFF}}!","{{TAG:0003:0015:}}Wenn du dich das nächste Mal an
{{TAG:0012:0005:00CD}} versuchst,
dann probier meinen Trick aus!
Füge einfach den Saft von einer
{{TAG:0000:0003:0200}}Zitrone{{TAG:0000:0003:FFFF}} hinzu!{{TAG:0007:0000:14000000}} Das gibt dem Ganzen
eine schön frische, säuerliche Note.","{{TAG:0003:0015:}}{{TAG:0012:0005:00CD}}{{TAG:0007:0000:08000000}} yaparken biraz limon{{TAG:0000:0003:0200}} suyu ekle{{TAG:0000:0003:FFFF}}.{{TAG:0007:0000:14000000}}
Gerçekten çok yakışıyor!"
15,016,"{{TAG:0003:0015:}}Ready?{{TAG:0007:0000:14000000}} When you're making 
{{TAG:0012:0005:00CD}},{{TAG:0007:0000:08000000}} mix in
half a cup of diced {{TAG:0000:0003:0200}}apple{{TAG:0000:0003:FFFF}}.
{{TAG:0003:0025:}}That crunchy texture really livens
up the dish.","{{TAG:0003:0015:}}Mira, añade media {{TAG:0000:0003:0200}}manzana{{TAG:0000:0003:FFFF}} cortada
en daditos cuando prepares
{{TAG:0012:0005:00CD}}.
{{TAG:0003:0001:}}Los trozos crujientes le aportan
mucha vida al plato.","{{TAG:0003:0015:}}Pour {{TAG:000E:0001:}}{{TAG:0012:0005:00CD}},
il faut ajouter quelques tranches de
{{TAG:0000:0003:0200}}pomme{{TAG:0000:0003:FFFF}}...
{{TAG:0003:0025:}}Ça donne un côté croustillant
absolument irrésistible !{{TAG:0007:0000:0A000000}} Tu m'en
diras des nouvelles !","{{TAG:0003:0015:}}Pront{{TAG:000E:0006:02006F0002006100}}?{{TAG:0007:0000:14000000}} Quando prepari
{{TAG:000E:0001:}}{{TAG:0012:0005:00CD}},{{TAG:0007:0000:08000000}}
aggiungici delle {{TAG:0000:0003:0200}}mele{{TAG:0000:0003:FFFF}} a pezzetti
{{TAG:0003:0025:}}La consistenza croccante delle
mele dà al piatto un tocco di gran
classe!","{{TAG:0003:0015:}}Also, wenn du das nächste Mal
{{TAG:0012:0005:00CD}} machst,
dann denk an Folgendes:
Ein wenig fein geschnittener {{TAG:0000:0003:0200}}Apfel{{TAG:0000:0003:FFFF}}
gibt dem Ganzen eine fruchtige,
säuerliche Note.{{TAG:0007:0000:14000000}} Sehr zu empfehlen!","{{TAG:0003:0015:}}Hazır{{TAG:0007:0000:14000000}} mısın? {{TAG:0012:0005:00CD}}{{TAG:0007:0000:08000000}} yaparken yarım
fincan küp{{TAG:0000:0003:0200}} doğranmış{{TAG:0000:0003:FFFF}}{{TAG:0003:0025:}} elma
karıştır. O kıtır doku yemeği canlandırıyor."
16,017,"{{TAG:0003:0025:}}So{{TAG:0007:0000:08000000}} I figured this out while I was
making {{TAG:0012:0005:00CD}}.{{TAG:0007:0000:14000000}}
Just stir in honey from a {{TAG:0000:0003:0200}}beehive{{TAG:0000:0003:FFFF}}.
{{TAG:0003:0001:}}The flavor is divine!","{{TAG:0003:0025:}}Se me ocurrió añadir miel directa
del {{TAG:0000:0003:0200}}panal{{TAG:0000:0003:FFFF}} cuando estaba preparando
{{TAG:0012:0005:00CD}}.
{{TAG:0003:0001:}}¡No es tan dulce como el azúcar
y el sabor mejora muchísimo!","{{TAG:0003:0025:}}La dernière fois que j'ai fait
{{TAG:000E:0002:}}{{TAG:0012:0005:00CD}}, j'y ai
versé du {{TAG:0000:0003:0200}}miel{{TAG:0000:0003:FFFF}} fraîchement recueilli...
Ça adoucit sans rendre le tout trop
sucré pour autant !{{TAG:0007:0000:0A000000}} C'est une
découverte majeure, crois-moi !","{{TAG:0003:0025:}}L'ho scoperto{{TAG:0007:0000:08000000}} mentre preparavo
{{TAG:000E:0001:}}{{TAG:0012:0005:00CD}}.
{{TAG:0007:0000:14000000}}Usa del miele di {{TAG:0000:0003:0200}}alveare{{TAG:0000:0003:FFFF}}.
{{TAG:0003:0001:}}Ha un sapore diviiino!","{{TAG:0003:0025:}}Also, ich habe das neulich mit
{{TAG:0012:0005:00CD}} ausprobiert
{{TAG:0007:0000:14000000}}und es hat super geklappt.
{{TAG:0003:0010:}}Und zwar macht sich der Honig aus
einer {{TAG:0000:0003:0200}}Honigwabe{{TAG:0000:0003:FFFF}} darin richtig gut!{{TAG:0007:0000:14000000}}
{{TAG:0003:0001:}}Das solltest du auch mal probieren.","{{TAG:0003:0025:}}{{TAG:0007:0000:08000000}}Bunu {{TAG:0012:0005:00CD}}{{TAG:0007:0000:14000000}} yaparken keşfettim. Arı
kovanından biraz{{TAG:0000:0003:0200}} bal karıştır{{TAG:0000:0003:FFFF}}{{TAG:0003:0001:}}.
Tadı gerçekten nefis oluyor!"
17,018,"{{TAG:0003:0025:}}Well,{{TAG:0007:0000:08000000}} I was in the middle of making
this {{TAG:0012:0005:00CD}} when I
accidentally added some {{TAG:0000:0003:0200}}vinegar{{TAG:0000:0003:FFFF}}.
{{TAG:0003:0001:}}Wouldn't you know,{{TAG:0007:0000:08000000}} it turned out
delicious!","{{TAG:0003:0025:}}Estaba yo concentrada preparando
{{TAG:0012:0005:00CD}}, {{TAG:0007:0000:0A000000}}y sin 
querer le eché un poco de {{TAG:0000:0003:0200}}vinagre{{TAG:0000:0003:FFFF}}.
{{TAG:0003:0001:}}¡Y resulta que el plato quedó
mucho más bueno!","{{TAG:0003:0025:}}L'autre jour, je préparais {{TAG:000E:0002:}}
{{TAG:0012:0005:00CD}}, et patatra !{{TAG:0007:0000:0A000000}}
J'y ai renversé du {{TAG:0000:0003:0200}}vinaigre{{TAG:0000:0003:FFFF}}...
{{TAG:0003:0001:}}Eh bien, crois-moi si tu veux, c'était
un régal !{{TAG:0007:0000:0A000000}} Les grandes découvertes
sont parfois le fruit du hasard...","{{TAG:0003:0025:}}Beh,{{TAG:0007:0000:08000000}} stavo preparando
{{TAG:000E:0001:}}{{TAG:0012:0005:00CD}} e per
sbaglio ho aggiunto dell'{{TAG:0000:0003:0200}}aceto{{TAG:0000:0003:FFFF}}.
{{TAG:0003:0001:}}Ma sai una cosa?
{{TAG:0007:0000:08000000}}Ci stava benissimo!","{{TAG:0003:0025:}}Neulich war ich dabei,
{{TAG:0012:0005:00CD}}
vorzubereiten. {{TAG:0007:0000:14000000}}Und dann{{TAG:0007:0000:08000000}}.{{TAG:0007:0000:08000000}}.{{TAG:0007:0000:08000000}}.
{{TAG:0003:000D:}}Dann ist mir die Flasche mit {{TAG:0000:0003:0200}}Essig{{TAG:0000:0003:FFFF}}
umgekippt und ein paar Spritzer
sind in meiner Schüssel gelandet!{{TAG:0000:0004:}}{{TAG:0003:0001:}}Erst war ich geschockt, aber dann
habe ich gemerkt:{{TAG:0007:0000:14000000}} Hey, so schmeckt
das ja noch viel besser!{{TAG:0000:0004:}}Das solltest du unbedingt auch mal
ausprobieren.{{TAG:0007:0000:14000000}} Das Rezept wird
dadurch richtig edel und lecker.","{{TAG:0003:0025:}}Bir{{TAG:0007:0000:08000000}} gün {{TAG:0012:0005:00CD}} yaparken yanlışlıkla
biraz{{TAG:0000:0003:0200}} sirke{{TAG:0000:0003:FFFF}} koydum{{TAG:0003:0001:}}. Şaşırtıcı
ama{{TAG:0007:0000:08000000}} sonuç çok lezzetliydi!"
18,019,"{{TAG:0003:0025:}}Well,{{TAG:0007:0000:08000000}} I discovered when I made
{{TAG:0012:0005:00CD}} that you
can include a tablespoon of {{TAG:0000:0003:0200}}butter{{TAG:0000:0003:FFFF}}.
It adds a depth and richness that
I really like.","{{TAG:0003:0025:}}Hice {{TAG:000E:0002:}}{{TAG:0012:0005:00CD}}
y descubrí que le puedes añadir
una cucharada de {{TAG:0000:0003:0200}}mantequilla{{TAG:0000:0003:FFFF}}.
¡Le da un sabor y una textura
única al plato! {{TAG:0007:0000:14000000}}¡Me encanta!","{{TAG:0003:0025:}}Certaines fines bouches trouvent
que {{TAG:000E:0001:}}{{TAG:0012:0005:00CD}}
est parfois un peu fade...
{{TAG:0003:0001:}}Ajoute une noisette de {{TAG:0000:0003:0200}}beurre{{TAG:0000:0003:FFFF}}, et
même les palais les plus délicats
ne trouveront rien à redire !","{{TAG:0003:0025:}}Beh,{{TAG:0007:0000:08000000}} l'ho scoperto quando ho fatto
{{TAG:000E:0001:}}{{TAG:0012:0005:00CD}}.{{TAG:0000:0004:}}Se ci aggiungi una noce di {{TAG:0000:0003:0200}}burro{{TAG:0000:0003:FFFF}},
ottieni un gusto rotondo e delicato.
Da leccarsi i baffi!","{{TAG:0003:0025:}}Ich stand neulich am Herd und habe
{{TAG:0012:0005:00CD}} vorbereitet.{{TAG:0007:0000:14000000}}
Dabei ist mir etwas aufgefallen.
Man kann ein Stückchen {{TAG:0000:0003:0200}}Butter
{{TAG:0000:0003:FFFF}}reintun! {{TAG:0007:0000:14000000}}Dann wird das Ganze
sehr cremig und intensiv.
Es hat jedenfalls prima geschmeckt!
Wenn du willst, kannst du das ja
auch mal ausprobieren.","{{TAG:0003:0025:}}{{TAG:0007:0000:08000000}}{{TAG:0012:0005:00CD}} yaparken bir yemek kaşığı
tereyağı{{TAG:0000:0003:0200}} eklenebildiğini{{TAG:0000:0003:FFFF}}
keşfettim. Tada hoş bir derinlik
ve zenginlik veriyor."
19,020,"{{TAG:0003:0015:}}If I make {{TAG:0012:0005:00CD}},{{TAG:0007:0000:08000000}}
I always add a little {{TAG:0000:0003:0200}}coconut{{TAG:0000:0003:FFFF}} milk.{{TAG:0007:0000:28000000}}
It helps to balance sweet and spicy.","{{TAG:0003:0015:}}Pues hice {{TAG:0012:0005:00CD}} y
me dio por echarle un poquito
de leche de {{TAG:0000:0003:0200}}coco{{TAG:0000:0003:FFFF}}.
{{TAG:0003:0001:}}Fue arriesgado, pero el resultado
ha valido mucho la pena.","{{TAG:0003:0015:}}Avec {{TAG:000E:0001:}}{{TAG:0012:0005:00CD}},
tout l'art réside dans l'équilibre
délicat des épices...
Mon secret ?{{TAG:0007:0000:0A000000}} Ajouter un peu de lait
de {{TAG:0000:0003:0200}}coco{{TAG:0000:0003:FFFF}} :{{TAG:0007:0000:0A000000}} la touche de douceur qui
fait toute la différence !","{{TAG:0003:0015:}}Quando preparo
{{TAG:000E:0001:}}{{TAG:0012:0005:00CD}},{{TAG:0007:0000:08000000}} uso
un po' di latte di {{TAG:0000:0003:0200}}noce di {{TAG:0000:0003:FFFF}}{{TAG:0000:0003:0200}}cocco{{TAG:0000:0003:FFFF}}.{{TAG:0007:0000:28000000}}
Aiuta a bilanciare il dolce
e il piccante della ricetta!","{{TAG:0003:0015:}}Wenn ich {{TAG:0012:0005:00CD}}
koche, dann kippe ich immer auch
Milch von einer {{TAG:0000:0003:0200}}Kokosnuss{{TAG:0000:0003:FFFF}} hinein.
Das schmeckt sehr harmonisch!{{TAG:0007:0000:14000000}}
Würzig und doch süß.{{TAG:0007:0000:14000000}} Du solltest
es auch einmal ausprobieren.","{{TAG:0003:0015:}}{{TAG:0012:0005:00CD}}{{TAG:0007:0000:08000000}} yaparsam mutlaka biraz{{TAG:0000:0003:0200}}
hindistancevizi{{TAG:0000:0003:FFFF}} sütü{{TAG:0007:0000:28000000}} eklerim.
Tatlıyla acıyı güzel dengeliyor."
20,021,"{{TAG:0003:0025:}}I'll probably head over to the
event plaza when I finish cooking,{{TAG:0007:0000:08000000}}
{{TAG:0005:0007:}}.","{{TAG:0003:0025:}}Creo que iré a la plaza cuando
acabe de cocinar,{{TAG:0007:0000:08000000}} {{TAG:0005:0007:}}.","{{TAG:0003:0025:}}Dès que j'en aurai fini avec mes
casseroles, je file sur la place de
la ville, {{TAG:0005:0007:}} !","{{TAG:0003:0025:}}Quando avrò finito di cucinare,
andrò in piazza,{{TAG:0007:0000:08000000}} {{TAG:0005:0007:}}.","{{TAG:0003:0025:}}Wenn ich mit dem Kochen fertig
bin, dann gehe ich mal rüber zum
Festplatz, {{TAG:0007:0000:08000000}}{{TAG:0005:0007:}}.","{{TAG:0003:0025:}}Yemeği bitirince muhtemelen
meydana giderim,{{TAG:0007:0000:08000000}} {{TAG:0005:0007:}}."
21,022,"{{TAG:0003:0001:}}I tried so many new recipes today!{{TAG:0007:0000:14000000}}
My long-term goal is to mix and 
match ingredients like a real chef!","{{TAG:0003:0001:}}¡He probado un montón de recetas
nuevas hoy!{{TAG:0000:0004:}}Mi objetivo es aprender a mezclar
ingredientes como lo hacen
los chefs de verdad.","{{TAG:0003:0001:}}Recettes expérimentales et plats
inédits, cette journée est à placer
sous le signe de la nouveauté !{{TAG:0000:0004:}}Pour devenir un vrai cordon bleu,
il faut savoir sortir des sentiers
battus de la cuisine à la papa !","{{TAG:0003:0001:}}Ho preparato molti nuovi piatti!{{TAG:0007:0000:14000000}}
Il mio sogno è riuscire a combinare
vari ingredienti come una vera chef!","{{TAG:0003:0001:}}Ich habe heute sooo viele neue
Rezepte ausprobiert!{{TAG:0007:0000:14000000}} Da fühlt man
sich wie eine echte Chefköchin.","{{TAG:0003:0001:}}Bugün o kadar çok yeni tarif
denedim ki{{TAG:0007:0000:14000000}}! Uzun vadede gerçek
bir şef gibi malzemeleri özgürce
eşleştirmek istiyorum."
22,023,"{{TAG:0003:0025:}}There are still lots of recipes I want
to try.{{TAG:0007:0000:14000000}}{{TAG:0003:0015:}} I've seen some fascinating
shows on the local cooking channel.","{{TAG:0003:0025:}}Todavía quiero aprender a preparar
muchos platos distintos.{{TAG:0000:0004:}}{{TAG:0003:0015:}}Voy a comprarme varios libros
de recetas para ir probando.","{{TAG:0003:0025:}}Je viens de terminer un livre sur la
cuisine exotique... {{TAG:0007:0000:14000000}}{{TAG:0003:0015:}}J'ai encore tant
de recettes à expérimenter !","{{TAG:0003:0025:}}Ci sono ancora molte ricette che
voglio provare.{{TAG:0007:0000:14000000}}{{TAG:0003:0015:}} C'è un programma
in TV che ne presenta una al giorno!","{{TAG:0003:0025:}}Es gibt immer noch so viele
Rezepte, die ich liebend gerne
mal ausprobieren würde.
Gerade neulich habe ich im Fern-
sehen etwas Tolles gesehen, das
ich unbedingt nachkochen will. ","{{TAG:0003:0025:}}Denemek istediğim daha çok tarif
var{{TAG:0007:0000:14000000}}{{TAG:0003:0015:}}. Yerel yemek kanalında çok
ilginç şeyler gördüm."
23,024,"{{TAG:0003:0004:}}There's nothing better than fresh
ingredients.{{TAG:0007:0000:14000000}} Thanks,{{TAG:0007:0000:08000000}} {{TAG:0005:0008:}}!","{{TAG:0003:0004:}}¡Los ingredientes frescos son
lo mejor! {{TAG:0007:0000:14000000}}¡Gracias,{{TAG:0007:0000:08000000}} {{TAG:0005:0008:}}!","{{TAG:0003:0004:}}Merci, {{TAG:0005:0008:}} !{{TAG:0007:0000:0A000000}} Avec des
ingrédients frais, impossible de
rater sa recette !","{{TAG:0003:0004:}}L'ingrediente che mi hai dato era
freschissimo e il piatto è venuto
benissimissimo! Merci,{{TAG:0007:0000:08000000}} {{TAG:0005:0008:}}!","{{TAG:0003:0004:}}Es geht doch nichts über frische
Zutaten.{{TAG:0007:0000:14000000}} Danke,{{TAG:0007:0000:08000000}} {{TAG:0005:0008:}}!","{{TAG:0003:0004:}}Taze malzemenin yerini hiçbir
şey tutmaz. Teşekkür{{TAG:0007:0000:14000000}} ederim,{{TAG:0007:0000:08000000}} {{TAG:0005:0008:}}!"
24,025,"{{TAG:0003:0001:}}Thanks again for sharing your
ingredients with me,{{TAG:0007:0000:08000000}} {{TAG:0005:0008:}}.","{{TAG:0003:0001:}}Te agradezco mucho que hayas
compartido tus ingredientes
conmigo,{{TAG:0007:0000:0A000000}} {{TAG:0005:0008:}}.","{{TAG:0003:0001:}}Merci encore de m'avoir dépannée,
{{TAG:0005:0008:}} !","{{TAG:0003:0001:}}Merci, merci, merci per avermi
aiutato con gli ingredienti,
{{TAG:0007:0000:08000000}}{{TAG:0005:0008:}}.","{{TAG:0003:0001:}}Danke noch mal, dass du deine
Zutaten mit mir geteilt hast,
{{TAG:0005:0008:}}.","{{TAG:0003:0001:}}Malzemelerini benimle
paylaştığın için tekrar teşekkür
ederim,{{TAG:0007:0000:08000000}} {{TAG:0005:0008:}}."
25,026,"{{TAG:0003:000D:}}Please excuse us if we're all buzzing
about like busy bees.{{TAG:0007:0000:14000000}} It's the
{{TAG:0000:0003:0200}}Harvest Festival {{TAG:0000:0003:FFFF}}today!","{{TAG:0003:000D:}}Perdona que estemos todos de
un lado para otro, {{TAG:0007:0000:14000000}}¡pero es que
hoy es el Día del Pavo!","{{TAG:0003:000D:}}Excuse-moi si je suis trop occupée
à jongler avec les casseroles, mais
c'est ça, la {{TAG:0000:0003:0200}}fête des récoltes{{TAG:0000:0003:FFFF}} !","{{TAG:0003:000D:}}Scusaci se siamo tutti indaffarati
come tante apette operose,
ma oggi {{TAG:0007:0000:14000000}}è la {{TAG:0000:0003:0200}}Festa d'autunno{{TAG:0000:0003:FFFF}}!","{{TAG:0003:000D:}}Entschuldige, wenn ich hier wie ein
aufgescheuchtes Huhn herum-
hantiere.{{TAG:0007:0000:14000000}} Heute ist das {{TAG:0000:0003:0200}}Herbstfest{{TAG:0000:0003:FFFF}}!","{{TAG:0003:000D:}}Hepimiz telaş içinde
koşturuyorsak kusurumuza{{TAG:0007:0000:14000000}} bakma.
Bugün{{TAG:0000:0003:0200}} Hasat Festivali{{TAG:0000:0003:FFFF}}!"
26,027,"{{TAG:0003:0003:}}Would you like to help us prepare
for the {{TAG:0000:0003:0200}}Harvest Festival{{TAG:0000:0003:FFFF}} today?{{TAG:0007:0000:14000000}}
Guests are always welcome.","{{TAG:0003:0003:}}¿Te gustaría ayudarnos a preparar
la celebración del Día del Pavo?
{{TAG:0007:0000:14000000}}¡Todo el mundo es bienvenido!","{{TAG:0003:0003:}}N'hésite pas à nous donner un coup
de main pour préparer la {{TAG:0000:0003:0200}}fête des
récoltes{{TAG:0000:0003:FFFF}}, si tu veux !","{{TAG:0003:0003:}}Vuoi darci una mano con
i preparativi per la {{TAG:0000:0003:0200}}Festa d'autunno{{TAG:0000:0003:FFFF}}?{{TAG:0007:0000:14000000}}
Chiunque è il benvenuto!","{{TAG:0003:0003:}}Möchtest du uns bei den
Vorbereitungen für das {{TAG:0000:0003:0200}}Herbstfest{{TAG:0000:0003:FFFF}}
zur Hand gehen?","{{TAG:0003:0003:}}Bugünkü Hasat Festivali
hazırlıklarına yardım{{TAG:0000:0003:0200}} etmek
ister misin{{TAG:0000:0003:FFFF}}?{{TAG:0007:0000:14000000}} Misafirlere her
zaman yerimiz var."
27,028,"{{TAG:0003:000D:}}Sorry.{{TAG:0007:0000:08000000}} Just a little busy making food
for today!","{{TAG:0003:000D:}}¡Perdóname! {{TAG:0007:0000:14000000}}Es que estoy bastante
ocupada preparando la comida para
el día de hoy.","{{TAG:0003:0025:}}Désolée, j'ai plein de choses sur le
feu, et c'est le cas de le dire, hi hi !","{{TAG:0003:000D:}}Excuse-moi,{{TAG:0007:0000:08000000}} sono un po' indaffarata
a preparare il cibo per la festa di
oggi!","{{TAG:0003:000D:}}Ich bin in Eile! So viel Essen muss
noch vorbereitet werden! Huiuiui!","{{TAG:0003:000D:}}Kusura{{TAG:0007:0000:08000000}} bakma. Bugün için yemek
hazırlamakla biraz meşgulüm!"
28,029,,,,,,
29,030,,,,,,
30,031,"{{TAG:0003:0001:}}I just love the {{TAG:0000:0003:0200}}Harvest Festival{{TAG:0000:0003:FFFF}}.{{TAG:0007:0000:14000000}} It's
so much fun to cook together!","{{TAG:0003:0001:}}¡Adoro el Día del Pavo!{{TAG:0007:0000:14000000}} ¡Me divierte
mucho que cocinemos todos!","{{TAG:0003:0001:}}Une louche d'amitié, une pincée de
rigolade, un doigt de bonne
humeur...
C'est la recette pour une {{TAG:0000:0003:0200}}fête des
récoltes{{TAG:0000:0003:FFFF}} réussie, hi hi !","{{TAG:0003:0001:}}Io adoooro la Festa d'autunno.{{TAG:0007:0000:14000000}}
È così bello cucinare tutti insieme!","{{TAG:0003:0001:}}Ich liebe das {{TAG:0000:0003:0200}}Herbstfest{{TAG:0000:0003:FFFF}}.{{TAG:0007:0000:14000000}} Besonders,
weil wir da alle zusammen etwas
Leckeres kochen können!","{{TAG:0003:0001:}}Hasat Festivali'ne{{TAG:0000:0003:0200}} bayılıyorum.{{TAG:0000:0003:FFFF}}{{TAG:0007:0000:14000000}}
Birlikte yemek yapmak çok keyifli!"
31,032,"{{TAG:0003:002D:}}I've eaten so much today that it's
made me sleepy.","{{TAG:0003:002D:}}He comido tanto hoy que ahora
tengo mucho sueño{{TAG:0007:0000:08000000}}.{{TAG:0007:0000:08000000}}.{{TAG:0007:0000:08000000}}.","{{TAG:0003:002D:}}J'ai mangé comme quatre
aujourd'hui... {{TAG:0007:0000:0A000000}}Je vais dormir comme
une souche !","{{TAG:0003:002D:}}Ho mangiato così tanto,
che ora mi è venuto sonno!","{{TAG:0003:002D:}}Ich schlafe fast im Stehen ein,
so sehr habe ich mir heute den
Bauch vollgeschlagen.",{{TAG:0003:002D:}}Bugün o kadar çok yedim ki uykum geldi.
32,033,"{{TAG:0003:0001:}}I enjoy cooking for others.{{TAG:0007:0000:14000000}} I get to
demonstrate my culinary skills, and
my food makes everyone smile!","{{TAG:0003:0001:}}La gente suele alegrarse cuando
come la comida que preparo.
{{TAG:0007:0000:14000000}}¡Por eso me encanta cocinar!","{{TAG:0003:0001:}}J'adore cuisiner pour mes amis et
les voir déguster mes bons petits
plats le sourire aux lèvres !","{{TAG:0003:0001:}}Adoooro cucinare per gli altri.
{{TAG:0007:0000:14000000}}Posso mostrare le mie abilità
culinarie e rendere tutti feliiici!","{{TAG:0003:0001:}}Am liebsten mag ich es, wenn ich
mit meinen Kochkünsten ein Lächeln
in die Gesichter zaubere.","{{TAG:0003:0001:}}Başkaları için yemek yapmayı{{TAG:0007:0000:14000000}}
seviyorum. Hem mutfak
becerilerimi gösteriyorum hem de
insanları gülümsetiyorum!"
33,034,"{{TAG:0003:0025:}}My dishes turned out perfect thanks
to you,{{TAG:0007:0000:08000000}} {{TAG:0005:0008:}}!","{{TAG:0003:0025:}}¡Mis platos han salido perfectos
gracias a ti,{{TAG:0007:0000:0A000000}} {{TAG:0005:0008:}}!","{{TAG:0003:0025:}}Ma cuisine a été un franc succès
grâce à toi, {{TAG:0005:0008:}} !","{{TAG:0003:0025:}}I miei piatti sono venuti
benissimissimo ed è tutto merito
tuo,{{TAG:0007:0000:08000000}} {{TAG:0005:0008:}}!","{{TAG:0003:0025:}}Meine Speisen sind hervorragend
geworden. {{TAG:0007:0000:14000000}}Und das nicht zuletzt
dank dir,{{TAG:0007:0000:08000000}} {{TAG:0005:0008:}}!","{{TAG:0003:0025:}}Yemeklerim senin sayende
kusursuz oldu,{{TAG:0007:0000:08000000}} {{TAG:0005:0008:}}!"
34,035,"{{TAG:0003:0001:}}Thank you so much for your help!{{TAG:0007:0000:14000000}}
Your ingredients saved my cooking.{{TAG:0000:0004:}}I shared a few dishes with our
neighbors, and everyone loved them.","{{TAG:0003:0001:}}¡No sé cómo agradecerte tu ayuda!
{{TAG:0007:0000:14000000}}Sin ti, {{TAG:0007:0000:0A000000}}mis platos no hubieran salido
ni la mitad de buenos.{{TAG:0000:0004:}}He compartido con los vecinos lo
que he preparado, {{TAG:0007:0000:0A000000}}{{TAG:0003:0026:}}y todos me han
felicitado por el buen resultado.","{{TAG:0003:0001:}}Heureusement que tu étais là :{{TAG:0007:0000:0A000000}} sans
ton aide, je ne donnais pas cher de
ma bonne chère !
Mais mes petits plats ont fait un
triomphe !{{TAG:0007:0000:0A000000}} Merci beaucoup !","{{TAG:0003:0001:}}Merci per il tuo prezioso aiuto!{{TAG:0007:0000:14000000}}
I tuoi ingredienti mi hanno salvata.{{TAG:0000:0004:}}Ho dato un po' di quello che avevo
preparato ai vicini ed erano tutti
molto contenti!","{{TAG:0003:0001:}}Vielen Dank für deine Hilfe.{{TAG:0007:0000:14000000}}
Mit deinen Zutaten waren meine
Rezepte ein voller Erfolg.
Unsere Nachbarn fanden
jedenfalls alles sehr lecker!","{{TAG:0003:0001:}}Yardımın için çok teşekkür
ederim{{TAG:0007:0000:14000000}}! Getirdiğin malzemeler
yemeğimi{{TAG:0000:0004:}} kurtardı. Komşularla da
birkaç tabak paylaştım; hepsi
çok beğendi."
35,036,"{{TAG:0003:0005:}}What a great {{TAG:0000:0003:0200}}Harvest Festival{{TAG:0000:0003:FFFF}}.{{TAG:0007:0000:14000000}}
Next year I'm going to try making
some papier-mâché centerpieces!","{{TAG:0003:0005:}}¡El Día del Pavo ha salido a
pedir de boca!{{TAG:0000:0004:}}{{TAG:0003:0001:}}Para el año que viene, {{TAG:0007:0000:0A000000}}intentaré
hacer un centro de mesa con
papel maché.","{{TAG:0003:0005:}}La {{TAG:0000:0003:0200}}fête des récoltes{{TAG:0000:0003:FFFF}} est un succès !{{TAG:0007:0000:0A000000}}
L'an prochain, je ferai la déco :{{TAG:0007:0000:0A000000}}
papier mâché à tous les étages !","{{TAG:0003:0005:}}La Festa d'autunno è stata
fantastique!{{TAG:0007:0000:14000000}} L'anno prossimo
proverò a fare un piatto flambé!","{{TAG:0003:0005:}}Das {{TAG:0000:0003:0200}}Herbstfest {{TAG:0000:0003:FFFF}}ist ein voller Erfolg.{{TAG:0007:0000:14000000}}
Oh, ich weiß!{{TAG:0007:0000:14000000}} Nächstes Jahr mache
ich Tischdeko aus Pappmaschee!","{{TAG:0003:0005:}}Ne güzel bir{{TAG:0000:0003:0200}} Hasat
Festivali'ydi{{TAG:0000:0003:FFFF}}{{TAG:0007:0000:14000000}}. Seneye kâğıt
hamurundan masa süsleri de
yapmayı deneyeceğim!"
36,037,"{{TAG:0003:0025:}}Well, this year's {{TAG:0000:0003:0200}}Harvest Festival {{TAG:0000:0003:FFFF}}is
over.{{TAG:0007:0000:14000000}} It was a day full of great food
and friends!","{{TAG:0003:0025:}}Bueno, pues ya se ha acabado el
Día del Pavo.{{TAG:0007:0000:14000000}} ¡Ha sido un día lleno
de buena comida y mejores amigos!","{{TAG:0003:0025:}}La bonne humeur s'est invitée à la
table cette année !{{TAG:0007:0000:0A000000}} C'était une {{TAG:0000:0003:0200}}fête
des récoltes{{TAG:0000:0003:FFFF}} d'anthologie !","{{TAG:0003:0025:}}La Festa d'autunno è terminata.
{{TAG:0007:0000:14000000}}È stata una giornata piena
di buon cibo e tanta allegria!","{{TAG:0003:0025:}}Hach, was für ein schönes {{TAG:0000:0003:0200}}Herbst-
fest {{TAG:0000:0003:FFFF}}das wieder war!{{TAG:0007:0000:14000000}} Gutes Essen,
gute Freunde {{TAG:0007:0000:14000000}}– was will man mehr?!","{{TAG:0003:0025:}}Bu yılki Hasat{{TAG:0000:0003:0200}} Festivali de
bitti.{{TAG:0000:0003:FFFF}} Güzel{{TAG:0007:0000:14000000}} yemekler ve
dostlarla dolu harika bir gündü!"
37,038,"{{TAG:0003:0025:}}Did you enjoy this year's {{TAG:0000:0003:0200}}Harvest
Festival{{TAG:0000:0003:FFFF}},{{TAG:0007:0000:08000000}} {{TAG:0005:0008:}}?{{TAG:0007:0000:14000000}} I hope so!","{{TAG:0003:0025:}}¿Has disfrutado del Día del Pavo,
{{TAG:0007:0000:0A000000}}{{TAG:0005:0008:}}?{{TAG:0007:0000:14000000}} ¡Espero que sí!","{{TAG:0003:0025:}}J'espère que tu as autant aimé la
{{TAG:0000:0003:0200}}fête des récoltes{{TAG:0000:0003:FFFF}} que moi,
{{TAG:0005:0008:}} !","{{TAG:0003:0025:}}Ti è piaciuta la Festa d'autunno
di quest'anno,{{TAG:0007:0000:08000000}} {{TAG:0005:0008:}}?
{{TAG:0007:0000:14000000}}Lo spero tanto!","{{TAG:0003:0025:}}Wie hat dir das {{TAG:0000:0003:0200}}Herbstfest {{TAG:0000:0003:FFFF}}gefallen,
{{TAG:0007:0000:08000000}}{{TAG:0005:0008:}}?{{TAG:0007:0000:14000000}} Hoffentlich gut!","{{TAG:0003:0025:}}Bu yılki Hasat Festivali{{TAG:0000:0003:0200}} hoşuna
gitti mi{{TAG:0000:0003:FFFF}},{{TAG:0007:0000:08000000}} {{TAG:0005:0008:}}?{{TAG:0007:0000:14000000}} Umarım eğlenmişsindir!"
38,039,"{{TAG:0003:0004:}}I love the {{TAG:0000:0003:0200}}Harvest Festival{{TAG:0000:0003:FFFF}}.{{TAG:0007:0000:14000000}} I only
tasted a little of {{TAG:0000:0003:0400}}Franklin{{TAG:0000:0003:FFFF}}'s cooking,
but the flavors were amazing.","{{TAG:0003:0004:}}¡Adoro el Día del Pavo!{{TAG:0007:0000:14000000}} Lo poco
que he podido probar de lo que
ha hecho {{TAG:0000:0003:0400}}Guindo{{TAG:0000:0003:FFFF}} estaba exquisito.","{{TAG:0003:0004:}}{{TAG:0000:0003:0400}}Dindou{{TAG:0000:0003:FFFF}} s'est surpassé cette année !{{TAG:0007:0000:0A000000}}
À chaque {{TAG:0000:0003:0200}}fête des récoltes{{TAG:0000:0003:FFFF}}, ses
plats sont un peu meilleurs !","{{TAG:0003:0004:}}Adoooro la Festa d'autunno.{{TAG:0007:0000:14000000}} Ho
preso solo un assaggino dei piatti di
{{TAG:0000:0003:0400}}Cedrone{{TAG:0000:0003:FFFF}}, ma erano tutti buonissimi.","{{TAG:0003:0004:}}Ach,{{TAG:0007:0000:08000000}} ich liebe das {{TAG:0000:0003:0200}}Herbstfest{{TAG:0000:0003:FFFF}}!{{TAG:0000:0004:}}{{TAG:0003:0009:}}Leider habe ich von {{TAG:0000:0003:0400}}Gernods{{TAG:0000:0003:FFFF}} Essen
nur einen winzigen Teller probiert,{{TAG:0007:0000:14000000}}
{{TAG:0003:0004:}}aber es hat fantastisch geschmeckt!","{{TAG:0003:0004:}}Hasat{{TAG:0000:0003:0200}} Festivali'ne bayılıyorum{{TAG:0000:0003:FFFF}}{{TAG:0007:0000:14000000}}.
Franklin'ın yemeklerinden{{TAG:0000:0003:0400}} azıcık{{TAG:0000:0003:FFFF}}
tattım ama lezzetleri gerçekten harikaydı."
39,040,"{{TAG:0003:0025:}}I'm already looking forward to next
year's {{TAG:0000:0003:0200}}Harvest Festival{{TAG:0000:0003:FFFF}}.{{TAG:0007:0000:14000000}} I can't wait
to watch {{TAG:0000:0003:0400}}Franklin{{TAG:0000:0003:FFFF}} in action again!","{{TAG:0003:0025:}}Ya estoy deseando que llegue el
Día del Pavo del año que viene.{{TAG:0000:0004:}}¡Tengo muchas ganas de volver
a ver a {{TAG:0000:0003:0400}}Guindo{{TAG:0000:0003:FFFF}} demostrar toda
su pericia!","{{TAG:0003:0025:}}Vivement la prochaine {{TAG:0000:0003:0200}}fête des
récoltes {{TAG:0000:0003:FFFF}}!{{TAG:0007:0000:0A000000}} J'ai hâte de voir ce que
{{TAG:0000:0003:0400}}Dindou{{TAG:0000:0003:FFFF}} sortira de sa musette !","{{TAG:0003:0025:}}Già non vedo l'ora che arrivi
la prossima Festa d'autunno.{{TAG:0007:0000:14000000}} Voglio
vedere di nuovo {{TAG:0000:0003:0400}}Cedrone{{TAG:0000:0003:FFFF}} all'opera!","{{TAG:0003:0025:}}Ich freue mich schon auf nächsten
Herbst.{{TAG:0007:0000:14000000}} Ich kann es kaum erwarten,
{{TAG:0000:0003:0400}}Gernod{{TAG:0000:0003:FFFF}} wieder in Aktion zu sehen.","{{TAG:0003:0025:}}Şimdiden gelecek yılki Hasat
Festivali'ni{{TAG:0000:0003:0200}} bekliyorum.{{TAG:0000:0003:FFFF}}{{TAG:0007:0000:14000000}}
Franklin'ı yine mutfakta{{TAG:0000:0003:0400}} izlemek{{TAG:0000:0003:FFFF}}
için sabırsızım!"
40,041,"{{TAG:0003:0004:}}I love the {{TAG:0000:0003:0200}}Harvest Festival{{TAG:0000:0003:FFFF}}.{{TAG:0007:0000:14000000}} I only
tasted a little of {{TAG:0000:0003:0400}}Franklin{{TAG:0000:0003:FFFF}}'s cooking,
but the flavors were amazing.","{{TAG:0003:0004:}}¡Qué bien me lo he pasado!
Y eso que no he llegado a probar
el plato principal de {{TAG:0000:0003:0400}}Guindo{{TAG:0000:0003:FFFF}}.
¡Pero todos los vecinos han
compartido comida, {{TAG:0007:0000:0A000000}}así que
he acabado bien llena!","{{TAG:0003:0004:}}{{TAG:0000:0003:0400}}Dindou{{TAG:0000:0003:FFFF}} s'est surpassé cette année !{{TAG:0007:0000:0A000000}}
À chaque {{TAG:0000:0003:0200}}fête des récoltes{{TAG:0000:0003:FFFF}}, ses
plats sont un peu meilleurs !","{{TAG:0003:0004:}}Io adoooro la Festa d'autunno.
{{TAG:0007:0000:14000000}}Ho solo assaggiato i piatti di
{{TAG:0000:0003:0400}}Cedrone{{TAG:0000:0003:FFFF}}, ma erano tutti deliziosi.","{{TAG:0003:0004:}}Ich liebe das {{TAG:0000:0003:0200}}Herbstfest{{TAG:0000:0003:FFFF}}!{{TAG:0000:0004:}}{{TAG:0003:0009:}}Leider habe ich von {{TAG:0000:0003:0400}}Gernods{{TAG:0000:0003:FFFF}} Essen
nur einen winzigen Teller probiert,{{TAG:0007:0000:14000000}}
{{TAG:0003:0004:}}aber es hat fantastisch geschmeckt!","{{TAG:0003:0004:}}Hasat{{TAG:0000:0003:0200}} Festivali'ne bayılıyorum{{TAG:0000:0003:FFFF}}{{TAG:0007:0000:14000000}}.
Franklin'ın yemeklerinden{{TAG:0000:0003:0400}} azıcık{{TAG:0000:0003:FFFF}}
tattım ama lezzetleri gerçekten harikaydı."
41,042,"{{TAG:0003:0025:}}It looks like{{TAG:0000:0003:0400}} Franklin {{TAG:0000:0003:FFFF}}was trying for
a healthier menu this year.{{TAG:0007:0000:14000000}}{{TAG:0003:0001:}} I'm glad,{{TAG:0007:0000:08000000}}
because I still ate a lot of soup!","{{TAG:0003:0025:}}Parece que {{TAG:0000:0003:0400}}Guindo{{TAG:0000:0003:FFFF}} ha optado por
un menú más sano este año.{{TAG:0000:0004:}}{{TAG:0003:0001:}}¡Me alegro, {{TAG:0007:0000:0A000000}}porque lo cierto es
que he tomado mucha sopa!","{{TAG:0003:0025:}}{{TAG:0000:0003:0400}}Dindou{{TAG:0000:0003:FFFF}} s'est essayé à la cuisine
diététique cette année, ça
change !","{{TAG:0003:0025:}}Sembra che {{TAG:0000:0003:0400}}Cedrone {{TAG:0000:0003:FFFF}}abbia provato
a preparare piatti più leggeri.
{{TAG:0007:0000:14000000}}{{TAG:0003:0001:}}Mi sembra{{TAG:0007:0000:08000000}} un'idée géniale!","{{TAG:0003:0025:}}{{TAG:0000:0003:0400}}Gernod{{TAG:0000:0003:FFFF}} scheint dieses Jahr eher
leichte, bekömmliche Speisen ins
Menü aufgenommen zu haben.
Das soll aber nicht heißen, dass ich
mir nicht mit Suppe den Bauch
vollgeschlagen hätte!","{{TAG:0003:0025:}}Franklin bu{{TAG:0000:0003:0400}} yıl daha{{TAG:0000:0003:FFFF}} sağlıklı
bir menü denemiş gibi.{{TAG:0007:0000:14000000}}{{TAG:0003:0001:}} İyi ki{{TAG:0007:0000:08000000}}
çorbasından bol bol yiyebildim!"
42,043,"{{TAG:0003:0024:}}I think I ate too much today.{{TAG:0007:0000:14000000}} Far too
much.{{TAG:0007:0001:}} {{TAG:0003:0027:}}But if there was dessert{{TAG:0007:0000:08000000}}.{{TAG:0007:0000:08000000}}.{{TAG:0007:0000:08000000}}.
I'm sure I could find room for it.","{{TAG:0003:0024:}}Ay{{TAG:0007:0000:08000000}}.{{TAG:0007:0000:08000000}}.{{TAG:0007:0000:08000000}}.{{TAG:0007:0000:14000000}} Cuando los {{TAG:0005:000C:}} nos
ponemos a comer, {{TAG:0007:0000:0A000000}}no hay quien
nos pare. {{TAG:0007:0000:14000000}}Creo que me he pasado{{TAG:0007:0000:08000000}}.{{TAG:0007:0000:08000000}}.{{TAG:0007:0000:08000000}}.
{{TAG:0003:0027:}}Aunque también te digo que,
{{TAG:0007:0000:0A000000}}si hubiera habido postre,
le habría hecho hueco, {{TAG:0007:0000:0A000000}}{{TAG:0003:0001:}}je, je.","{{TAG:0003:0024:}}Oh...{{TAG:0007:0000:0A000000}} Je crois que j'ai trop mangé...
{{TAG:0007:0001:}}{{TAG:0003:0027:}}Quoique... je n'aurais pas dit non à
un petit dessert.","{{TAG:0003:0024:}}Oggi ho mangiato troppo.
{{TAG:0007:0000:14000000}}Troppissimo.{{TAG:0007:0001:}} {{TAG:0003:0027:}}Ma mi è rimasto
un posticino{{TAG:0007:0000:08000000}}.{{TAG:0007:0000:08000000}}.{{TAG:0007:0000:08000000}}. per il dolce!","{{TAG:0003:0024:}}Uff, ich glaube, ich habe heute zu
viel gegessen.{{TAG:0007:0000:14000000}} Ich bin voll!{{TAG:0000:0004:}}{{TAG:0003:0027:}}Allerdings{{TAG:0007:0000:08000000}}.{{TAG:0007:0000:08000000}}.{{TAG:0007:0000:08000000}}. {{TAG:0003:0001:}}Mein Nachtischmagen,
der hätte noch geöffnet.","{{TAG:0003:0024:}}Sanırım bugün biraz fazla{{TAG:0007:0000:14000000}} yedim.
Hatta{{TAG:0007:0001:}}{{TAG:0003:0027:}} bayağı fazla. Ama tatlı{{TAG:0007:0000:08000000}}{{TAG:0007:0000:08000000}}
olsa{{TAG:0007:0000:08000000}}... Ona yer bulacağımdan eminim."
43,044,"{{TAG:0003:0003:}}Today was so much fun,{{TAG:0007:0000:08000000}} and that
main course{{TAG:0007:0000:08000000}}.{{TAG:0007:0000:08000000}}.{{TAG:0007:0000:08000000}}.wow!{{TAG:0007:0001:}}{{TAG:0003:0001:}} I wish I knew
how {{TAG:0000:0003:0400}}Franklin {{TAG:0000:0003:FFFF}}mixed his ingredients!","{{TAG:0003:0003:}}Me lo he pasado tan bien hoy{{TAG:0007:0000:08000000}}.{{TAG:0007:0000:08000000}}.{{TAG:0007:0000:08000000}}.{{TAG:0007:0000:14000000}}
Y ese plato principal{{TAG:0007:0000:08000000}}.{{TAG:0007:0000:08000000}}.{{TAG:0007:0000:08000000}}.{{TAG:0007:0000:14000000}} ¡Madre mía!{{TAG:0000:0004:}}{{TAG:0003:0001:}}Me gustaría aprender a mezclar
los ingredientes igual que {{TAG:0000:0003:0400}}Guindo{{TAG:0000:0003:FFFF}}.","{{TAG:0003:0003:}}On s'est amusés comme des fous
pendant la {{TAG:0000:0003:0200}}fête des récoltes {{TAG:0000:0003:FFFF}}!{{TAG:0007:0000:0A000000}} Et
ce plat principal{{TAG:0007:0000:08000000}}.{{TAG:0007:0000:08000000}}.{{TAG:0007:0000:08000000}}.{{TAG:0007:0000:08000000}} Miam !
{{TAG:0003:0001:}}Un jour, il faudra que {{TAG:0000:0003:0400}}Dindou{{TAG:0000:0003:FFFF}} me
révèle ses secrets...","{{TAG:0003:0003:}}Mi sono divertita molto{{TAG:0007:0000:08000000}} e quel
primo piatto era{{TAG:0007:0000:08000000}}.{{TAG:0007:0000:08000000}}.{{TAG:0007:0000:08000000}}. uaaau!{{TAG:0007:0001:}}{{TAG:0003:0001:}} Chissà
come lo ha preparato {{TAG:0000:0003:0400}}Cedrone{{TAG:0000:0003:FFFF}}?!","{{TAG:0003:0003:}}Heute hatte ich so viel Spaß!{{TAG:0007:0000:14000000}}
Oh, und besonders gut geschmeckt
hat mir das Hauptgericht.
{{TAG:0003:0001:}}Ich wünschte, ich wüsste genauso
viele Tricks und Kniffe in der
Küche wie {{TAG:0000:0003:0400}}Gernod{{TAG:0000:0003:FFFF}}.","{{TAG:0003:0003:}}Bugün çok eğlenceliydi{{TAG:0007:0000:08000000}}, hele o
ana yemek...{{TAG:0007:0000:08000000}}{{TAG:0007:0000:08000000}}{{TAG:0007:0000:08000000}} Vay{{TAG:0007:0001:}}{{TAG:0003:0001:}} canına!
Franklin{{TAG:0000:0003:0400}} malzemeleri{{TAG:0000:0003:FFFF}} nasıl
dengeledi acaba?"
44,045,"{{TAG:0003:0003:}}I can't remember a better {{TAG:0000:0003:0200}}Harvest
Festival{{TAG:0000:0003:FFFF}}!{{TAG:0007:0000:14000000}} All the food was delicious,{{TAG:0007:0000:08000000}}
and dessert was{{TAG:0007:0000:08000000}}.{{TAG:0007:0000:08000000}}.{{TAG:0007:0000:08000000}}.delectable!
{{TAG:0003:0015:}}Whatever {{TAG:0000:0003:0400}}Franklin {{TAG:0000:0003:FFFF}}did to his usual
recipes really worked!","{{TAG:0003:0003:}}¡No soy capaz de recordar un
Día del Pavo mejor que este!{{TAG:0000:0004:}}Todo estaba delicioso y el postre{{TAG:0007:0000:08000000}}.{{TAG:0007:0000:08000000}}.{{TAG:0007:0000:08000000}}.{{TAG:0007:0000:14000000}}
¡sencillamente exquisito! {{TAG:0007:0000:14000000}}¡Ha sido
un festín digno de reyes!
{{TAG:0003:0015:}}{{TAG:0000:0003:0400}}Guindo{{TAG:0000:0003:FFFF}} ha hecho algún invento con
sus recetas habituales, {{TAG:0007:0000:0A000000}}seguro{{TAG:0007:0000:08000000}}.{{TAG:0007:0000:08000000}}.{{TAG:0007:0000:08000000}}.{{TAG:0007:0000:14000000}}
{{TAG:0007:0000:14000000}}¡Y le ha salido de rechupete!","{{TAG:0003:0003:}}C'est la meilleure {{TAG:0000:0003:0200}}fête des récoltes{{TAG:0000:0003:FFFF}}
de ma vie !{{TAG:0007:0000:0A000000}} Tout était délicieux, et
le dessert... {{TAG:0007:0000:0A000000}}Il n'y a pas de mots !
{{TAG:0003:0015:}}Je ne sais pas ce que {{TAG:0000:0003:0400}}Dindou{{TAG:0000:0003:FFFF}} a mis
dedans, mais c'était une idée de
génie !","{{TAG:0003:0003:}}Non ricordo una Festa d'autunno
altrettanto divertente!{{TAG:0007:0000:14000000}} Era tutto
delizioso{{TAG:0007:0000:08000000}} e il dolce era{{TAG:0007:0000:08000000}}.{{TAG:0007:0000:08000000}}.{{TAG:0007:0000:08000000}}. speciale!
{{TAG:0003:0015:}}Non so che ingredienti abbia usato
{{TAG:0000:0003:0400}}Cedrone{{TAG:0000:0003:FFFF}}, ma direi che erano quelli
giusti!","{{TAG:0003:0003:}}Ich glaube, dieses Jahr war das
schönste {{TAG:0000:0003:0200}}Herbstfest {{TAG:0000:0003:FFFF}}von allen.{{TAG:0007:0000:14000000}} Das
Essen war toll. {{TAG:0007:0000:14000000}}Und der Nachtisch!
{{TAG:0003:0015:}}{{TAG:0000:0003:0400}}Gernod{{TAG:0000:0003:FFFF}} hat selbst aus den
einfachsten Speisen einen wahren
Gaumenschmaus gemacht!","{{TAG:0003:0003:}}Daha güzel bir Hasat{{TAG:0000:0003:0200}} Festivali
hatırlamıyorum{{TAG:0000:0003:FFFF}}{{TAG:0007:0000:14000000}}! Her şey nefisti,{{TAG:0007:0000:08000000}}
tatlıysa... tek{{TAG:0007:0000:08000000}}{{TAG:0007:0000:08000000}}{{TAG:0007:0000:08000000}} kelimeyle{{TAG:0003:0015:}}
şahane.{{TAG:0000:0003:0400}} Franklin{{TAG:0000:0003:FFFF}} tariflerine ne
yaptıysa işe yaramış!"
45,046,"{{TAG:0003:0010:}}I heard you helped {{TAG:0000:0003:0400}}Franklin {{TAG:0000:0003:FFFF}}find
some of his ingredients this year!{{TAG:0000:0004:}}{{TAG:0003:0000:}}Not only that,{{TAG:0007:0000:08000000}} but you supplied
some{{TAG:0003:0004:}} special ingredients that made
everything taste amazing.
{{TAG:0003:0001:}}I'm really impressed,{{TAG:0007:0000:08000000}} {{TAG:0005:0007:}}!","{{TAG:0003:0010:}}¡Ah, me han dicho que has estado
ayudando a {{TAG:0000:0003:0400}}Guindo{{TAG:0000:0003:FFFF}} a conseguir
los ingredientes que necesitaba!{{TAG:0000:0004:}}{{TAG:0003:0000:}}Y no solo eso, {{TAG:0007:0000:0A000000}}{{TAG:0003:0004:}}sino que además le
has sugerido ingredientes para que
todo estuviera todavía más bueno.
{{TAG:0003:0001:}}¡Estoy impresionada,{{TAG:0007:0000:0A000000}} {{TAG:0005:0007:}}!","{{TAG:0003:0010:}}Il paraît que tu as aidé {{TAG:0000:0003:0400}}Dindou{{TAG:0000:0003:FFFF}} à
réunir les ingrédients dont il avait
besoin ?
{{TAG:0003:0000:}}Et qu'au passage, tu lui as soufflé
quelques idées pour relever ses
recettes habituelles ?
{{TAG:0003:0001:}}Mes compliments, {{TAG:0005:0007:}} !","{{TAG:0003:0010:}}Ho sentito che hai aiutato {{TAG:0000:0003:0400}}Cedrone
{{TAG:0000:0003:FFFF}}a trovare gli ingredienti quest'anno!{{TAG:0000:0004:}}{{TAG:0003:0000:}}E non solo!{{TAG:0007:0000:08000000}} Sembra che tu abbia
suggerito altri ingredienti speciali
{{TAG:0003:0004:}}che hanno reso tutto delizioso!
{{TAG:0003:0001:}}Sono davvero senza parole,
{{TAG:0007:0000:08000000}}{{TAG:0005:0007:}}!","{{TAG:0003:0010:}}Mir ist zu Ohren gekommen, dass
du {{TAG:0000:0003:0400}}Gernod{{TAG:0000:0003:FFFF}} dieses Jahr mit seinen
Zutaten geholfen hast.
{{TAG:0003:0000:}}Und nicht nur das!{{TAG:0007:0000:14000000}} {{TAG:0003:0004:}}Du hast ihn auch
noch mit ein paar Geheimzutaten zu
kulinarischen Höhenflügen inspiriert!
Ich bin wirklich schwer
beeindruckt, {{TAG:0007:0000:08000000}}{{TAG:0005:0007:}}!","{{TAG:0003:0010:}}Bu yıl Franklin'ın{{TAG:0000:0003:0400}} bazı{{TAG:0000:0003:FFFF}}
malzemelerini bulmasına yardım
ettiğini{{TAG:0000:0004:}}{{TAG:0003:0000:}} duydum!{{TAG:0007:0000:08000000}} Üstelik
yemekleri daha{{TAG:0003:0004:}} da güzel yapan
özel malzemeler de vermişsin.{{TAG:0003:0001:}}
Gerçekten etkilendim,{{TAG:0007:0000:08000000}} {{TAG:0005:0007:}}!"
46,047,"{{TAG:0003:0001:}}This year's {{TAG:0000:0003:0200}}Harvest Festival {{TAG:0000:0003:FFFF}}was
quite the success!{{TAG:0007:0000:14000000}}{{TAG:0003:0004:}} {{TAG:0000:0003:0400}}Franklin{{TAG:0000:0003:FFFF}}'s
four-course meal was delicious.","{{TAG:0003:0001:}}¡El Día del Pavo ha sido un éxito!
{{TAG:0007:0000:14000000}}{{TAG:0003:0004:}}Los platos de {{TAG:0000:0003:0400}}Guindo{{TAG:0000:0003:FFFF}} estaban tan
ricos como siempre, {{TAG:0007:0000:0A000000}}{{TAG:0005:0007:}}.","{{TAG:0003:0001:}}La {{TAG:0000:0003:0200}}fête des récoltes{{TAG:0000:0003:FFFF}} était réussie !{{TAG:0007:0000:14000000}}{{TAG:0003:0004:}}
Chacun des quatre plats de {{TAG:0000:0003:0400}}Dindou{{TAG:0000:0003:FFFF}}
était meilleur que le précédent !","{{TAG:0003:0001:}}La Festa d'autunno di quest'anno è
stata un successo!{{TAG:0007:0000:14000000}}{{TAG:0003:0004:}} Il menu a quattro
portate di {{TAG:0000:0003:0400}}Cedrone{{TAG:0000:0003:FFFF}} era sublime!","{{TAG:0003:0001:}}Ich würde sagen, unser diesjähriges
{{TAG:0000:0003:0200}}Herbstfest {{TAG:0000:0003:FFFF}}war ein voller Erfolg!{{TAG:0000:0004:}}{{TAG:0003:0004:}}{{TAG:0000:0003:0400}}Gernods{{TAG:0000:0003:FFFF}} Vier-Gänge-Menü war
wie immer einfach himmlisch.","{{TAG:0003:0001:}}Bu yılki{{TAG:0000:0003:0200}} Hasat Festivali{{TAG:0000:0003:FFFF}} büyük
başarıydı!{{TAG:0007:0000:14000000}}{{TAG:0003:0004:}}{{TAG:0000:0003:0400}} Franklin'ın{{TAG:0000:0003:FFFF}} dört
aşamalı menüsü nefisti."
47,048,"{{TAG:0003:000A:}}Whew{{TAG:0007:0000:08000000}}.{{TAG:0007:0000:08000000}}.{{TAG:0007:0000:08000000}}.{{TAG:0007:0000:14000000}} I'm stuffed!{{TAG:0007:0001:}}{{TAG:0003:0001:}} You deserve a
big pat on the back for helping
{{TAG:0000:0003:0400}}Franklin{{TAG:0000:0003:FFFF}} cook,{{TAG:0007:0000:08000000}} {{TAG:0005:0008:}}!","{{TAG:0003:000A:}}Bufff{{TAG:0007:0000:08000000}}.{{TAG:0007:0000:08000000}}.{{TAG:0007:0000:08000000}}.{{TAG:0007:0000:14000000}} ¡Estoy llenísima!{{TAG:0007:0001:}}
{{TAG:0003:0001:}}¡Te mereces un premio por haber
ayudado a {{TAG:0000:0003:0400}}Guindo{{TAG:0000:0003:FFFF}},{{TAG:0007:0000:0A000000}} {{TAG:0005:0008:}}!","{{TAG:0003:000A:}}Pfiou{{TAG:0007:0000:08000000}}.{{TAG:0007:0000:08000000}}.{{TAG:0007:0000:08000000}}.{{TAG:0007:0000:14000000}} Je ne peux plus rien avaler !{{TAG:0007:0001:}}{{TAG:0003:0001:}}
Tu as fait du joli travail aux côtés
de {{TAG:0000:0003:0400}}Dindou{{TAG:0000:0003:FFFF}}, {{TAG:0005:0008:}} !","{{TAG:0003:000A:}}Uaaau{{TAG:0007:0000:08000000}}.{{TAG:0007:0000:08000000}}.{{TAG:0007:0000:08000000}}.{{TAG:0007:0000:14000000}} Sono pienissima!{{TAG:0007:0001:}}{{TAG:0003:0001:}} Voglio
ringraziarti per aver aiutato
{{TAG:0000:0003:0400}}Cedrone{{TAG:0000:0003:FFFF}} a cucinare,{{TAG:0007:0000:08000000}} {{TAG:0005:0008:}}!","{{TAG:0003:000A:}}Huff. {{TAG:0007:0000:14000000}}Bin ich voll{{TAG:0007:0000:08000000}}.{{TAG:0007:0000:08000000}}.{{TAG:0007:0000:08000000}}.{{TAG:0007:0000:14000000}}
{{TAG:0003:0001:}}Danke, dass du {{TAG:0000:0003:0400}}Gernod{{TAG:0000:0003:FFFF}} beim Kochen
geholfen hast, {{TAG:0007:0000:08000000}}{{TAG:0005:0008:}}!","{{TAG:0003:000A:}}Off.{{TAG:0007:0000:08000000}}.{{TAG:0007:0000:08000000}}.{{TAG:0007:0000:08000000}}{{TAG:0007:0000:14000000}} Tıka basa doydum{{TAG:0007:0001:}}{{TAG:0003:0001:}}!
Franklin'a yardım ettiğin için
büyük bir alkışı{{TAG:0000:0003:0400}} hak{{TAG:0000:0003:FFFF}} ediyorsun,{{TAG:0007:0000:08000000}}
{{TAG:0005:0008:}}!"
48,049,,,,,,
49,050,,,,,,
50,051,"{{TAG:0003:0025:}}So{{TAG:0007:0000:03000000}} I like to eat {{TAG:0000:0003:0200}}oysters {{TAG:0000:0003:FFFF}}with a little
{{TAG:0000:0003:0200}}lemon {{TAG:0000:0003:FFFF}}juice on them.{{TAG:0007:0000:14000000}} Just a spritz
is enough.
Of course it's just my opinion,{{TAG:0007:0000:08000000}} but
I think any dish that uses oysters
tastes better with lemon.","{{TAG:0003:0025:}}A mí me encantan las {{TAG:0000:0003:0200}}ostras{{TAG:0000:0003:FFFF}} con
una pizquita de {{TAG:0000:0003:0200}}limón{{TAG:0000:0003:FFFF}}. {{TAG:0007:0000:14000000}}¡Solo con
un chorrito es suficiente!
Esto es solo mi opinión, {{TAG:0007:0000:0A000000}}claro, {{TAG:0003:0026:}}{{TAG:0007:0000:0A000000}}pero
creo que cualquier plato que lleve
ostras {{TAG:0007:0000:0A000000}}está más rico con limón.","{{TAG:0003:0025:}}Ne jamais oublier le petit filet de
jus de {{TAG:0000:0003:0200}}citron{{TAG:0000:0003:FFFF}} sur les {{TAG:0000:0003:0200}}huîtres{{TAG:0000:0003:FFFF}}... {{TAG:0007:0000:0A000000}}À
peine un soupçon suffit !
Bien sûr, tous les goûts sont dans la
nature, mais pour moi, où il y a des
huîtres, il faut qu'il y ait du citron !","{{TAG:0003:0025:}}Sulle {{TAG:0000:0003:0200}}ostriche{{TAG:0000:0003:FFFF}} non può mancare un
po' di {{TAG:0000:0003:0200}}limone{{TAG:0000:0003:FFFF}}.{{TAG:0007:0000:14000000}} Solo una spruzzatina.{{TAG:0000:0004:}}Ovviamente è solo una mia opinione,
{{TAG:0007:0000:08000000}}ma per i piatti con le ostriche
il limone è imprescindibile!","{{TAG:0003:0025:}}Austern mag ich am liebsten mit
einem Spritzer {{TAG:0000:0003:0200}}Zitrone{{TAG:0000:0003:FFFF}}. {{TAG:0007:0000:14000000}}Dann
schmecken sie nicht so nach Meer.
{{TAG:0003:0015:}}Das ist natürlich nur meine Meinung,
aber Austernsalat ohne Zitrone zum
Beispiel, das ist einfach nicht lecker.","{{TAG:0003:0025:}}İ{{TAG:0007:0000:03000000}}stiridyeyi{{TAG:0000:0003:0200}} biraz{{TAG:0000:0003:FFFF}} limon{{TAG:0000:0003:0200}} suyuyla{{TAG:0000:0003:FFFF}}
yemeyi{{TAG:0007:0000:14000000}} seviyorum. Hafifçe sıkmak
yeter. Bence{{TAG:0007:0000:08000000}} istiridyeli her
yemek limonla daha güzel oluyor."
51,052,"{{TAG:0003:0025:}}So{{TAG:0007:0000:03000000}} when I make a salad with a lot
of {{TAG:0000:0003:0200}}mushrooms{{TAG:0000:0003:FFFF}},{{TAG:0007:0000:08000000}} I feel like it needs
something to give it texture.
I used half a cup of diced {{TAG:0000:0003:0200}}apples {{TAG:0000:0003:FFFF}}the
other day on a whim,{{TAG:0007:0000:08000000}} and it was
perfect!","{{TAG:0003:0025:}}Cuando preparo una ensalada con
{{TAG:0000:0003:0200}}champiñones{{TAG:0000:0003:FFFF}}, {{TAG:0007:0000:0A000000}}siempre le añado algo
para darle más textura, {{TAG:0007:0000:0A000000}}¿sabes?
El otro día probé con trocitos
de {{TAG:0000:0003:0200}}manzana{{TAG:0000:0003:FFFF}}{{TAG:0007:0000:08000000}}.{{TAG:0007:0000:08000000}}.{{TAG:0007:0000:08000000}}.{{TAG:0007:0000:0A000000}} {{TAG:0003:0026:}}¡y me quedó digna
de un programa de cocina!","{{TAG:0003:0025:}}L'ennui avec les {{TAG:0000:0003:0200}}champignons{{TAG:0000:0003:FFFF}} en
salade, c'est que ça manque
souvent de croquant...
Pour remédier à ça, j'ai eu l'idée d'y
ajouter quelques tranches de
{{TAG:0000:0003:0200}}pommes{{TAG:0000:0003:FFFF}}... {{TAG:0007:0000:0A000000}}C'était un vrai régal !","{{TAG:0003:0025:}}Quando faccio l'{{TAG:0000:0003:0200}}insalata di {{TAG:0000:0003:FFFF}}{{TAG:0000:0003:0200}}funghi{{TAG:0000:0003:FFFF}},
{{TAG:0007:0000:08000000}}adoooro aggiungere qualcosa che
la renda più fresca e croccante.
L'altro giorno ho usato un po'
di {{TAG:0000:0003:0200}}mele{{TAG:0000:0003:FFFF}} a pezzetti{{TAG:0007:0000:08000000}} e non era niente
male!","{{TAG:0003:000B:}}Manchmal, wenn ich einen Salat
mit Pilzen als Hauptzutat mache,
fehlt mir daran irgendetwas.
{{TAG:0003:0025:}}Man braucht etwas, um dem
Ganzen Textur und vielleicht auch
etwas Säuerliches zu geben.
Ich habe zu diesem Zweck neulich
mal {{TAG:0000:0003:0200}}Äpfel{{TAG:0000:0003:FFFF}} in den Salat geschnitten.{{TAG:0007:0000:14000000}}
Das war einfach perfekt!","{{TAG:0003:0025:}}Bol{{TAG:0007:0000:03000000}} mantarlı salata yaptığımda{{TAG:0000:0003:0200}}{{TAG:0000:0003:FFFF}}{{TAG:0007:0000:08000000}}
biraz doku eksikmiş gibi
geliyor. Geçen gün aklıma esip
yarım{{TAG:0000:0003:0200}}{{TAG:0000:0003:FFFF}} fincan küp elma koydum{{TAG:0007:0000:08000000}};
tam oldu!"
52,053,"{{TAG:0003:0017:}}OK,{{TAG:0007:0000:03000000}} have you ever made {{TAG:0000:0003:0200}}fruit salad{{TAG:0000:0003:FFFF}}?{{TAG:0000:0004:}}The secret for a great {{TAG:0000:0003:0200}}fruit salad{{TAG:0000:0003:FFFF}} is
to use honey.{{TAG:0007:0000:14000000}} Preferably straight
from a {{TAG:0000:0003:0200}}beehive{{TAG:0000:0003:FFFF}}!{{TAG:0007:0000:14000000}} It's just delicious.","{{TAG:0003:0017:}}¿Has preparado alguna vez una
{{TAG:0000:0003:0200}}ensalada de frutas{{TAG:0000:0003:FFFF}}? {{TAG:0007:0001:}}{{TAG:0003:0025:}}En la mayoría
de ensaladas se echa vinagre.{{TAG:0000:0004:}}Pero para darle el toque final
lo mejor es la miel{{TAG:0007:0000:08000000}}.{{TAG:0007:0000:08000000}}.{{TAG:0007:0000:08000000}}. {{TAG:0007:0000:14000000}}¡sobre todo si
es miel directa del {{TAG:0000:0003:0200}}panal{{TAG:0000:0003:FFFF}}!","{{TAG:0003:0017:}}Tu as déjà fait une {{TAG:0000:0003:0200}}salade
fraîcheur {{TAG:0000:0003:FFFF}}?{{TAG:0007:0000:0A000000}} Ça n'a rien de sorcier,
mais il y a un truc à connaître...
{{TAG:0003:0015:}}Le {{TAG:0000:0003:0200}}miel{{TAG:0000:0003:FFFF}} fraîchement recueilli !{{TAG:0007:0000:14000000}}
Mets-en dedans. {{TAG:0007:0000:0F000000}}Tu verras, c'est
divin !","{{TAG:0003:0017:}}Hai mai preparato la {{TAG:0000:0003:0200}}macedonia{{TAG:0000:0003:FFFF}}?
{{TAG:0007:0000:14000000}}Alcuni usano lo zucchero, ma io
preferisco il miele.
{{TAG:0007:0000:14000000}}Ancora meglio se si tratta di miele
di {{TAG:0000:0003:0200}}alveare{{TAG:0000:0003:FFFF}}! {{TAG:0007:0000:14000000}}Fidati di me, è
un ottimo trucco.","{{TAG:0003:0025:}}Hast du schon mal Obstsalat
gemacht?{{TAG:0007:0000:14000000}} Eigentlich ist das
gar nicht schwer.
Und wenn man ihn besonders lecker
machen will, kann man das Dressing
auf besondere Art verfeinern.
{{TAG:0003:0001:}}Das Geheimnis ist, ein bisschen
Honig hinzuzufügen. {{TAG:0007:0000:14000000}}Am besten
direkt aus einer {{TAG:0000:0003:0200}}Honigwabe{{TAG:0000:0003:FFFF}}!","{{TAG:0003:0017:}}Hiç{{TAG:0007:0000:03000000}} meyve salatası{{TAG:0000:0003:0200}} yaptın mı{{TAG:0000:0003:FFFF}}{{TAG:0000:0004:}}?
Güzel meyve{{TAG:0000:0003:0200}} salatasının{{TAG:0000:0003:FFFF}} sırrı
bal. Mümkünse{{TAG:0007:0000:14000000}} doğrudan arı
kovanından{{TAG:0000:0003:0200}}{{TAG:0000:0003:FFFF}}!{{TAG:0007:0000:14000000}} Gerçekten nefis."
53,054,"{{TAG:0003:0025:}}So{{TAG:0007:0000:03000000}} adding dressing to a salad with
very different ingredients can be
tricky.{{TAG:0000:0004:}}When it comes to {{TAG:0000:0003:0200}}mixed salads{{TAG:0000:0003:FFFF}},{{TAG:0007:0000:08000000}} I've
found my best friend is a bottle of
{{TAG:0000:0003:0200}}vinegar{{TAG:0000:0003:FFFF}}.{{TAG:0007:0000:14000000}} It's simple but effective!","{{TAG:0003:0025:}}Acertar con el aliño para una
ensalada con muchos ingredientes
no es nada fácil.{{TAG:0000:0004:}}Pero yo diría que el {{TAG:0000:0003:0200}}vinagre{{TAG:0000:0003:FFFF}} es
el mejor amigo de la {{TAG:0000:0003:0200}}ensalada
mixta{{TAG:0000:0003:FFFF}}. {{TAG:0007:0000:14000000}}¡Es superefectivo!","{{TAG:0003:0025:}}La vinaigrette, c'est tout un art... {{TAG:0007:0000:0A000000}}Et
pour la {{TAG:0000:0003:0200}}salade terre et mer{{TAG:0000:0003:FFFF}}, c'est
particulièrement délicat.
C'est pourquoi je ne me sépare
jamais de mon fidèle {{TAG:0000:0003:0200}}vinaigre{{TAG:0000:0003:FFFF}},
le meilleur ami des salades !","{{TAG:0003:0025:}}Condire l'insalata sembra facile,
ma non lo è affatto!{{TAG:0000:0004:}}Il miglior amico delle {{TAG:0000:0003:0200}}insalate
miste{{TAG:0000:0003:FFFF}}{{TAG:0007:0000:08000000}} è senza dubbio l'{{TAG:0000:0003:0200}}aceto{{TAG:0000:0003:FFFF}}!
Semplice ed efficace!","{{TAG:0003:0025:}}Für einen Salat mit vielen verschie-
denen Zutaten ist es manchmal
schwierig, ein Dressing zu finden.
Bei Herbstsalaten kann man mit
{{TAG:0000:0003:0200}}Essig{{TAG:0000:0003:FFFF}} nichts falsch machen.{{TAG:0007:0000:14000000}}
Einfach, aber einfach gut!","{{TAG:0003:0025:}}Çok{{TAG:0007:0000:03000000}} farklı malzemeleri olan
salataya sos seçmek zor{{TAG:0000:0004:}}
olabiliyor.{{TAG:0000:0003:0200}} Karışık salatada{{TAG:0000:0003:FFFF}}{{TAG:0007:0000:08000000}}
benim en iyi dostum sirke{{TAG:0000:0003:0200}}
şişesi{{TAG:0000:0003:FFFF}}{{TAG:0007:0000:14000000}}. Basit ama etkili!"
54,055,"{{TAG:0003:0017:}}OK,{{TAG:0007:0000:03000000}} do you worry that salads with
a lot of {{TAG:0000:0003:0200}}fish{{TAG:0000:0003:FFFF}} smell too,{{TAG:0007:0000:08000000}} well,{{TAG:0007:0000:08000000}} fishy?{{TAG:0000:0004:}}{{TAG:0003:0025:}}If you didn't already know,{{TAG:0007:0000:05000000}} adding
some {{TAG:0000:0003:0200}}lemon {{TAG:0000:0003:FFFF}}juice really helps with
that.{{TAG:0007:0000:14000000}} I highly recommend it!","{{TAG:0003:0017:}}Cuando haces ensaladas que llevan
{{TAG:0000:0003:0200}}pescado{{TAG:0000:0003:FFFF}}, {{TAG:0007:0000:0A000000}}¿a ti no te preocupa que
huelan un poco fuerte?
{{TAG:0003:0025:}}Quizá sea obvio, {{TAG:0007:0000:0A000000}}pero si le añades
zumo de {{TAG:0000:0003:0200}}limón{{TAG:0000:0003:FFFF}}, {{TAG:0007:0000:0A000000}}¡puedes solucionar
ese problema y además queda rica!","{{TAG:0003:0017:}}Tu trouves que tes salades
contenant du {{TAG:0000:0003:0200}}poisson{{TAG:0000:0003:FFFF}} sentent
un peu trop la mer{{TAG:0007:0000:08000000}}.{{TAG:0007:0000:08000000}}.{{TAG:0007:0000:08000000}}.{{TAG:0007:0000:08000000}}?
{{TAG:0003:0025:}}Il suffit d'y ajouter un peu de jus
de {{TAG:0000:0003:0200}}citron{{TAG:0000:0003:FFFF}} !{{TAG:0007:0000:0A000000}} Tu verras, ça change
tout !","{{TAG:0003:0017:}}Non hai mai paura che le {{TAG:0000:0003:0200}}insalate
di {{TAG:0000:0003:FFFF}}{{TAG:0000:0003:0200}}pesce{{TAG:0000:0003:FFFF}} odorino un po' troppo di...
{{TAG:0007:0000:08000000}}beh sì,{{TAG:0007:0000:08000000}} di pesce?
{{TAG:0003:0025:}}Ti sembrerà scontato,{{TAG:0007:0000:08000000}} ma l'aggiunta
di un po' di succo di {{TAG:0000:0003:0200}}limone{{TAG:0000:0003:FFFF}}{{TAG:0007:0000:14000000}} può
aiutare molto.","{{TAG:0003:0017:}}Hast du auch manchmal Angst um
deinen Fischsalat?{{TAG:0007:0000:14000000}} Dass er zu,
nun ja, fischig schmecken könnte?
{{TAG:0003:0025:}}Vielleicht hast du es schon gewusst,
aber ein wenig {{TAG:0000:0003:0200}}Zitrone{{TAG:0000:0003:FFFF}} kann da
echte Wunder wirken!","{{TAG:0003:0017:}}Bol{{TAG:0007:0000:03000000}} balıklı salatanın fazla
balık{{TAG:0000:0003:0200}}{{TAG:0000:0003:FFFF}} kokacağından{{TAG:0007:0000:08000000}}{{TAG:0007:0000:08000000}} çekinir{{TAG:0000:0004:}}{{TAG:0003:0025:}}
misin? Biraz limon{{TAG:0007:0000:05000000}} suyu eklemek{{TAG:0000:0003:0200}}
buna{{TAG:0000:0003:FFFF}} çok iyi geliyor.{{TAG:0007:0000:14000000}} Kesinlikle öneririm!"
55,056,"{{TAG:0003:0025:}}So{{TAG:0007:0000:03000000}} you know it's the season for
collecting mushrooms, right?{{TAG:0007:0000:14000000}} I've
been using them a lot lately.
I especially like to make {{TAG:0000:0003:0200}}mushroom
bisque {{TAG:0000:0003:FFFF}}at night.{{TAG:0007:0000:14000000}} My own little trick
is melting a pat of {{TAG:0000:0003:0200}}butter{{TAG:0000:0003:FFFF}} on top!","{{TAG:0003:0025:}}Como es la época de recoger
champiñones, {{TAG:0007:0000:0A000000}}los uso bastante
en varias recetas.
No hay nada como una buena {{TAG:0000:0003:0200}}crema
de champiñones{{TAG:0000:0003:FFFF}} para cenar, {{TAG:0007:0000:0A000000}}sobre
todo si le añado un ingrediente{{TAG:0007:0000:08000000}}.{{TAG:0007:0000:08000000}}.{{TAG:0007:0000:08000000}}.
¡Una porción de {{TAG:0000:0003:0200}}mantequilla{{TAG:0000:0003:FFFF}}!
La dejas deshacerse por encima
y{{TAG:0007:0000:08000000}}.{{TAG:0007:0000:08000000}}.{{TAG:0007:0000:08000000}}.{{TAG:0007:0000:14000000}} mmm{{TAG:0007:0000:08000000}}.{{TAG:0007:0000:08000000}}.{{TAG:0007:0000:08000000}}.{{TAG:0007:0000:14000000}} ¡el resultado es ideal!","{{TAG:0003:0025:}}C'est la saison des champignons,
alors je les cuisine à toutes les
sauces !
En ce moment, je me spécialise
dans la {{TAG:0000:0003:0200}}crème de champignons{{TAG:0000:0003:FFFF}}.{{TAG:0007:0000:0A000000}} Avec
un peu de {{TAG:0000:0003:0200}}beurre{{TAG:0000:0003:FFFF}}, c'est exquis !","{{TAG:0003:0025:}}Questa è la stagione dei funghi
{{TAG:0007:0000:08000000}}e io li uso in molte ricette.{{TAG:0000:0004:}}La sera in particolare, adoooro
mangiare la {{TAG:0000:0003:0200}}zuppa di funghi{{TAG:0000:0003:FFFF}}{{TAG:0007:0000:14000000}} condita
con una bella noce di {{TAG:0000:0003:0200}}burro{{TAG:0000:0003:FFFF}}!","{{TAG:0003:0025:}}Es ist Pilzsaison! {{TAG:0007:0000:14000000}}Das möchte ich
dieses Jahr so richtig ausnutzen.{{TAG:0000:0004:}}Eins meiner Lieblingsgerichte ist
Pilzcremesuppe. {{TAG:0007:0000:14000000}}Besonders gut wird
meine mit einem Stich {{TAG:0000:0003:0200}}Butter{{TAG:0000:0003:FFFF}}!","{{TAG:0003:0025:}}Mantar{{TAG:0007:0000:03000000}} mevsimi olduğunu
biliyorsun, değil mi? Son
zamanlarda{{TAG:0007:0000:14000000}} çok kullanıyorum.
Özellikle akşamları mantar
bisque{{TAG:0000:0003:0200}} çorbası yapmayı{{TAG:0000:0003:FFFF}}
seviyorum{{TAG:0007:0000:14000000}}. Küçük sırrım üstüne
bir parça tereyağı{{TAG:0000:0003:0200}}{{TAG:0000:0003:FFFF}} eritmek!"
56,057,"{{TAG:0003:0025:}}Well,{{TAG:0007:0000:05000000}} when I collect lots of {{TAG:0000:0003:0200}}shellfish{{TAG:0000:0003:FFFF}},{{TAG:0007:0000:08000000}}
I turn them into a soup.{{TAG:0007:0000:14000000}} Then I add
a pat of {{TAG:0000:0003:0200}}butter {{TAG:0000:0003:FFFF}}on top.
That extra touch of cream and salt
makes the soup truly delicious!","{{TAG:0003:0025:}}Cuando tengo {{TAG:0000:0003:0200}}almejas{{TAG:0000:0003:FFFF}}, {{TAG:0007:0000:0A000000}}me gusta
hacer crema y añadirle un poquito
de {{TAG:0000:0003:0200}}mantequilla{{TAG:0000:0003:FFFF}}.
El toque cremoso en contraste con
el sabor salado hace que la crema
salga increíblemente deliciosa.","{{TAG:0003:0025:}}En revenant de la plage, j'adore me
mijoter une soupe de {{TAG:0000:0003:0200}}coquillages{{TAG:0000:0003:FFFF}}
avec ceux que j'ai ramassés.
Le secret, c'est d'ajouter un peu de
{{TAG:0000:0003:0200}}beurre{{TAG:0000:0003:FFFF}} :{{TAG:0007:0000:0A000000}} ça donne un côté crémeux
et salé tout simplement délicieux !","{{TAG:0003:0025:}}Quando raccolgo {{TAG:0000:0003:0200}}frutti di mare {{TAG:0000:0003:FFFF}}in
quantità{{TAG:0007:0000:08000000}} ci faccio sempre la zuppa.{{TAG:0007:0000:14000000}}
Il segreto è una noce di {{TAG:0000:0003:0200}}burro{{TAG:0000:0003:FFFF}}.
Quel tocco di cremosità e gusto
rende la zuppa davvero deliziosa!","{{TAG:0003:0025:}}Wenn ich frische Muscheln in
die Finger bekomme, koche ich am
liebsten eine Cremesuppe daraus.
Mein Spezialtrick: {{TAG:0007:0000:14000000}}am Schluss eine
Messerspitze {{TAG:0000:0003:0200}}Butter{{TAG:0000:0003:FFFF}} zum Ver-
feinern. {{TAG:0007:0000:14000000}}Das schmeckt gigantisch!","{{TAG:0003:0025:}}Bol{{TAG:0007:0000:05000000}} kabuklu deniz ürünü{{TAG:0000:0003:0200}} bulunca{{TAG:0000:0003:FFFF}}{{TAG:0007:0000:08000000}}
çorbaya çeviririm, üstüne{{TAG:0007:0000:14000000}} de bir
parça tereyağı{{TAG:0000:0003:0200}}{{TAG:0000:0003:FFFF}} koyarım. O ekstra
kremsilik ve tuz çorbayı
gerçekten nefis yapıyor!"
57,058,"{{TAG:0003:0004:}}I just love making a soup with lots
of different {{TAG:0000:0003:0200}}fish {{TAG:0000:0003:FFFF}}in it,{{TAG:0007:0000:08000000}} {{TAG:0005:0007:}}.{{TAG:0000:0004:}}{{TAG:0003:0025:}}My trick is to squeeze a little {{TAG:0000:0003:0200}}lemon{{TAG:0000:0003:FFFF}}
on top.{{TAG:0007:0000:14000000}} It mixes well with the other
flavors and smells good.","{{TAG:0003:0004:}}¡Me encanta preparar sopa con
muchos tipos de {{TAG:0000:0003:0200}}pescado{{TAG:0000:0003:FFFF}} distintos,
{{TAG:0007:0000:08000000}}{{TAG:0005:0007:}}!
{{TAG:0003:0025:}}Mi truquito especial es exprimir un
poco de {{TAG:0000:0003:0200}}limón{{TAG:0000:0003:FFFF}} por encima. {{TAG:0007:0000:14000000}}¡Le da
un sabor único y un olor buenísimo!","{{TAG:0003:0004:}}Une de mes spécialités, c'est la
{{TAG:0000:0003:0200}}soupe du pêcheur{{TAG:0000:0003:FFFF}}...{{TAG:0007:0000:0A000000}} Je ne la rate
jamais, {{TAG:0005:0007:}} !
{{TAG:0003:0025:}}Mon truc, c'est d'ajouter un peu de
jus de {{TAG:0000:0003:0200}}citron{{TAG:0000:0003:FFFF}}, histoire de relever la
saveur et d'améliorer le fumet !","{{TAG:0003:0004:}}Io adoooro preparare la zuppa
utilizzando diverse varietà di {{TAG:0000:0003:0200}}pesce{{TAG:0000:0003:FFFF}},
{{TAG:0007:0000:08000000}}{{TAG:0005:0007:}}.{{TAG:0000:0004:}}{{TAG:0003:0025:}}Il mio segreto è strizzarci sopra un
po' di {{TAG:0000:0003:0200}}limone{{TAG:0000:0003:FFFF}}.{{TAG:0007:0000:14000000}} Sta bene con gli altri
sapori e fa un buon profumino!","{{TAG:0003:0004:}}Oh, es geht doch nichts über eine
Suppe mit vielen verschiedenen
Arten von Fisch, {{TAG:0005:0007:}}.
{{TAG:0003:0025:}}Und wenn man dann noch ein wenig
{{TAG:0000:0003:0200}}Zitrone{{TAG:0000:0003:FFFF}} darüberträufelt... {{TAG:0007:0000:14000000}}Hmmm!
{{TAG:0007:0000:14000000}}Bouillabaisse, mon amour!","{{TAG:0003:0004:}}Bol farklı balıklı çorbalara{{TAG:0000:0003:0200}}
bayılıyorum{{TAG:0000:0003:FFFF}},{{TAG:0007:0000:08000000}} {{TAG:0005:0007:}}.{{TAG:0000:0004:}}{{TAG:0003:0025:}} Benim sırrım
üstüne biraz limon{{TAG:0000:0003:0200}}{{TAG:0000:0003:FFFF}} sıkmak.{{TAG:0007:0000:14000000}} Diğer
tatlarla uyum sağlıyor, kokusu
da güzel oluyor."
58,059,"{{TAG:0003:0017:}}So{{TAG:0007:0000:03000000}} have you ever tried making {{TAG:0000:0003:0200}}fruit
soup{{TAG:0000:0003:FFFF}}?{{TAG:0007:0000:14000000}} It's not just for dessert.{{TAG:0007:0000:14000000}} It
works as a regular soup course too.
{{TAG:0003:0015:}}I've discovered that adding some
{{TAG:0000:0003:0200}}lemon {{TAG:0000:0003:FFFF}}right before you serve it
works well to keep it fresh.","{{TAG:0003:0017:}}¿Has preparado {{TAG:0000:0003:0200}}crema de frutas{{TAG:0000:0003:FFFF}}
alguna vez, {{TAG:0007:0000:0A000000}}{{TAG:0005:0008:}}?{{TAG:0000:0004:}}No solo se puede servir como
postre, {{TAG:0007:0000:0A000000}}sino que también se
considera un plato principal.
{{TAG:0003:0015:}}Además, {{TAG:0007:0000:0A000000}}me he dado cuenta de que
si le añades {{TAG:0000:0003:0200}}limón{{TAG:0000:0003:FFFF}} antes de servirla,
{{TAG:0007:0000:0A000000}}sale aún más rica.","{{TAG:0003:0017:}}Tu connais la {{TAG:0000:0003:0200}}soupe fruitée{{TAG:0000:0003:FFFF}} ?{{TAG:0007:0000:0A000000}} Ce
n'est pas forcément un dessert, ça
peut faire office de soupe classique.
{{TAG:0003:0015:}}Mais en tout cas, il faut y ajouter du
jus de {{TAG:0000:0003:0200}}citron{{TAG:0000:0003:FFFF}} :{{TAG:0007:0000:0A000000}} il n'y a rien de mieux
pour conserver la fraîcheur !","{{TAG:0003:0017:}}Hai mai provato la {{TAG:0000:0003:0200}}minestra di
frutta{{TAG:0000:0003:FFFF}}? {{TAG:0007:0000:14000000}}Non è un dolce.{{TAG:0007:0000:14000000}} Si può
mangiare come portata principale.
{{TAG:0003:0015:}}In realtà,{{TAG:0007:0000:08000000}} ho scoperto che è ottima
con una spruzzatina di {{TAG:0000:0003:0200}}limone{{TAG:0000:0003:FFFF}}
sopra. Fresca e profumata!","{{TAG:0003:0017:}}Hast du schon mal probiert, eine
Suppe mit Obst zu kochen?{{TAG:0007:0000:14000000}}
Schmeckt auch super als Nachtisch!
{{TAG:0003:0015:}}Oh, und besonders lecker ist sie,
wenn man direkt vor dem Servieren
ein wenig {{TAG:0000:0003:0200}}Zitrone{{TAG:0000:0003:FFFF}} drüberträufelt.","{{TAG:0003:0017:}}Hiç{{TAG:0007:0000:03000000}} meyve çorbası yaptın{{TAG:0000:0003:0200}} mı?{{TAG:0000:0003:FFFF}}{{TAG:0007:0000:14000000}}
Sadece tatlı olarak{{TAG:0007:0000:14000000}} değil,
normal çorba gibi de{{TAG:0003:0015:}}
sunulabiliyor. Servisten hemen{{TAG:0000:0003:0200}}
önce{{TAG:0000:0003:FFFF}} biraz limon eklemek
tazeliğini koruyor."
59,060,"{{TAG:0003:0015:}}OK,{{TAG:0007:0000:03000000}} let me tell you.{{TAG:0000:0004:}}{{TAG:0003:0025:}}I caught a lobster while free diving
and used it to make {{TAG:0000:0003:0200}}tom yum kung{{TAG:0000:0003:FFFF}}.{{TAG:0000:0004:}}{{TAG:0003:0001:}}When I added milk from a {{TAG:0000:0003:0200}}coconut{{TAG:0000:0003:FFFF}},{{TAG:0007:0000:08000000}}
it turned out great!{{TAG:0007:0000:14000000}} The perfect
accent, and I highly recommend it.","{{TAG:0003:0015:}}En la gastronomía del sudeste
asiático, {{TAG:0007:0000:0A000000}}es común añadir algo
dulce a las comidas picantes.
{{TAG:0003:0025:}}El otro día intenté preparar {{TAG:0000:0003:0200}}sopa
de bogavante{{TAG:0000:0003:FFFF}}, que es un plato
típico de Tailandia, ¿sabes?{{TAG:0000:0004:}}{{TAG:0003:0001:}}¡Le añadí un poco de leche de {{TAG:0000:0003:0200}}coco{{TAG:0000:0003:FFFF}}
y ni te imaginas lo buena que salió!
{{TAG:0007:0000:14000000}}¡Te recomiendo que la pruebes!","{{TAG:0003:0015:}}Une touche de sucré dans les plats
épicés, c'est la marque de fabrique
de la cuisine d'Asie du Sud-Est.
{{TAG:0003:0025:}}J'y repensais l'autre jour, alors que
je venais de pêcher un {{TAG:0000:0003:0200}}homard{{TAG:0000:0003:FFFF}} et
que je comptais le faire en {{TAG:0000:0003:0200}}soupe{{TAG:0000:0003:FFFF}}...
{{TAG:0003:0001:}}J'y ai ajouté un peu de lait de {{TAG:0000:0003:0200}}coco{{TAG:0000:0003:FFFF}}.
C'était un délice, la quintessence
des saveurs aigres-douces !","{{TAG:0003:0015:}}Nella cucina tropicale si usa
mescolare ingredienti dolci
e ingredienti piccanti.
{{TAG:0003:0025:}}L'altro giorno ho preso un'aragosta
e l'ho usata per preparare
la {{TAG:0000:0003:0200}}zuppa di aragosta{{TAG:0000:0003:FFFF}}.
{{TAG:0003:0001:}}Ho aggiunto del latte di {{TAG:0000:0003:0200}}noce di
{{TAG:0000:0003:FFFF}}{{TAG:0000:0003:0200}}cocco {{TAG:0000:0003:FFFF}}{{TAG:0007:0000:08000000}}ed è venuta proprio buona.
{{TAG:0007:0000:14000000}}Provaci anche tu e fammi sapere!","{{TAG:0003:0015:}}In fernen Ländern ist es manchmal
üblich,{{TAG:0007:0000:0F000000}} scharfen Gerichten irgendwie
noch eine süße Note zu verpassen.
{{TAG:0003:0025:}}Als ich neulich beim Tauchen einen
Hummer gefangen habe, konnte ich
das auch mal ausprobieren.
{{TAG:0003:0001:}}Ich habe Tom Yam Gung daraus
gekocht und etwas Milch von einer
{{TAG:0000:0003:0200}}Kokosnuss{{TAG:0000:0003:FFFF}} zugefügt.{{TAG:0007:0000:14000000}} Sehr lecker!","{{TAG:0003:0015:}}Bak{{TAG:0007:0000:03000000}}, sana anlatayım{{TAG:0000:0004:}}{{TAG:0003:0025:}}. Serbest
dalışta bir ıstakoz yakalayıp
tom yum kung{{TAG:0000:0003:0200}} yaptım.{{TAG:0000:0003:FFFF}}{{TAG:0000:0004:}}{{TAG:0003:0001:}}
Hindistancevizi sütü{{TAG:0000:0003:0200}} ekleyince{{TAG:0000:0003:FFFF}}{{TAG:0007:0000:08000000}}
sonuç harika oldu!{{TAG:0007:0000:14000000}} Tam gereken
dokunuştu; kesinlikle öneririm."
60,061,"{{TAG:0003:0025:}}OK!{{TAG:0007:0000:08000000}} Anytime you're cooking fish,{{TAG:0007:0000:05000000}}
it's crucial to use {{TAG:0000:0003:0200}}lemon {{TAG:0000:0003:FFFF}}or {{TAG:0000:0003:0200}}vinegar
{{TAG:0000:0003:FFFF}}for flavor.{{TAG:0000:0004:}}Which one tastes better depends on
the type of fish you're cooking!","{{TAG:0003:0025:}}En los platos de {{TAG:0000:0003:0200}}pescado{{TAG:0000:0003:FFFF}}, es muy
común añadir o {{TAG:0000:0003:0200}}limón{{TAG:0000:0003:FFFF}} o {{TAG:0000:0003:0200}}vinagre{{TAG:0000:0003:FFFF}}
para darles un poco de acidez.
{{TAG:0003:000B:}}No sé qué opción es mejor{{TAG:0007:0000:08000000}}.{{TAG:0007:0000:08000000}}.{{TAG:0007:0000:08000000}}.{{TAG:0007:0000:14000000}}
pero estoy segura de que depende
del tipo de pescado que cocines.{{TAG:0000:0004:}}{{TAG:0003:0025:}}Nunca es mala idea usar uno
u otro cuando se prepara pescado,
¡pero es muy importante acertar!","{{TAG:0003:0025:}}La règle d'or avec le poisson, c'est
l'assaisonnement :{{TAG:0007:0000:0A000000}} hors le {{TAG:0000:0003:0200}}citron{{TAG:0000:0003:FFFF}} ou
le {{TAG:0000:0003:0200}}vinaigre{{TAG:0000:0003:FFFF}}, point de salut !
L'un ou l'autre, tout dépend de la
recette !","{{TAG:0003:0025:}}Nei piatti di {{TAG:0000:0003:0200}}pesce{{TAG:0000:0003:FFFF}},{{TAG:0007:0000:08000000}} è normale usare
{{TAG:0000:0003:0200}}limone {{TAG:0000:0003:FFFF}}o {{TAG:0000:0003:0200}}aceto {{TAG:0000:0003:FFFF}}per esaltare
il sapore degli ingredienti.
{{TAG:0003:000B:}}Non saprei dire quale dei due
sia migliore...{{TAG:0007:0000:08000000}} Forse dipende
dal gusto personale.","{{TAG:0003:0025:}}Ich habe beobachtet, dass Leute,
die gerne Fisch zubereiten,{{TAG:0007:0000:08000000}} sich in
zwei Gruppen aufteilen lassen.
{{TAG:0003:0015:}}Es gibt die Verfechter der {{TAG:0000:0003:0200}}Zitrone{{TAG:0000:0003:FFFF}}
{{TAG:0007:0000:0F000000}}und die Liebhaber von {{TAG:0000:0003:0200}}Essig{{TAG:0000:0003:FFFF}}.{{TAG:0007:0000:14000000}} Man
kann das sicher hitzig diskutieren!
{{TAG:0003:0025:}}Es kommt auf die Fischsorte an,
klar! {{TAG:0007:0000:14000000}}Zu Seebarschragout
passt jedenfalls nur eins davon...","{{TAG:0003:0025:}}Balık{{TAG:0007:0000:08000000}} pişirirken lezzet{{TAG:0007:0000:05000000}} için
limon ya da{{TAG:0000:0003:0200}} sirke{{TAG:0000:0003:FFFF}}{{TAG:0000:0003:0200}} kullanmak{{TAG:0000:0003:FFFF}} çok
önemli{{TAG:0000:0004:}}. Hangisinin daha iyi
olduğu balığın türüne bağlı!"
61,062,"{{TAG:0003:0025:}}OK.{{TAG:0007:0000:08000000}} Anytime you cook with fish,{{TAG:0007:0000:05000000}}
it's crucial to use {{TAG:0000:0003:0200}}lemon {{TAG:0000:0003:FFFF}}or {{TAG:0000:0003:0200}}vinegar
{{TAG:0000:0003:FFFF}}for flavor.
Which one tastes better depends on
the type of fish you're cooking!","{{TAG:0003:0025:}}En los platos de {{TAG:0000:0003:0200}}pescado{{TAG:0000:0003:FFFF}}, es muy
común añadir o {{TAG:0000:0003:0200}}limón{{TAG:0000:0003:FFFF}} o {{TAG:0000:0003:0200}}vinagre{{TAG:0000:0003:FFFF}}
para darles un poco de acidez.
{{TAG:0003:000B:}}No sé qué opción es mejor{{TAG:0007:0000:08000000}}.{{TAG:0007:0000:08000000}}.{{TAG:0007:0000:08000000}}.{{TAG:0007:0000:14000000}}
pero estoy segura de que depende
del tipo de pescado que cocines.{{TAG:0000:0004:}}{{TAG:0003:0025:}}Nunca es mala idea usar uno
u otro cuando se prepara pescado,
¡pero es muy importante acertar!","{{TAG:0003:0025:}}La règle d'or avec le poisson, c'est
l'assaisonnement :{{TAG:0007:0000:0A000000}} hors le {{TAG:0000:0003:0200}}citron{{TAG:0000:0003:FFFF}} ou
le {{TAG:0000:0003:0200}}vinaigre{{TAG:0000:0003:FFFF}}, point de salut !
{{TAG:0003:000B:}}L'un ou l'autre, tout dépend de la
recette !","{{TAG:0003:0025:}}Nei piatti di{{TAG:0000:0003:0200}} pesce{{TAG:0000:0003:FFFF}},{{TAG:0007:0000:08000000}} è normale usare
{{TAG:0000:0003:0200}}limone {{TAG:0000:0003:FFFF}}o {{TAG:0000:0003:0200}}aceto {{TAG:0000:0003:FFFF}}per esaltare
il sapore degli ingredienti.
{{TAG:0003:000B:}}Non saprei dire quale dei due
sia migliore...{{TAG:0007:0000:08000000}} Forse dipende
dal gusto personale.","{{TAG:0003:0025:}}Ich habe beobachtet, dass Leute,
die gerne Fisch zubereiten,{{TAG:0007:0000:08000000}} sich in
zwei Gruppen aufteilen lassen.
{{TAG:0003:0015:}}Es gibt die Verfechter der {{TAG:0000:0003:0200}}Zitrone{{TAG:0000:0003:FFFF}}
{{TAG:0007:0000:0F000000}}und die Liebhaber von {{TAG:0000:0003:0200}}Essig{{TAG:0000:0003:FFFF}}.{{TAG:0007:0000:14000000}} Man
kann das sicher hitzig diskutieren!
{{TAG:0003:0025:}}Es kommt auf die Fischsorte an,
klar! {{TAG:0007:0000:14000000}}Zu Flunder passt jedenfalls
nur eins davon...","{{TAG:0003:0025:}}Balık{{TAG:0007:0000:08000000}} pişirirken lezzet{{TAG:0007:0000:05000000}} için
limon ya da{{TAG:0000:0003:0200}} sirke{{TAG:0000:0003:FFFF}}{{TAG:0000:0003:0200}} kullanmak{{TAG:0000:0003:FFFF}} çok
önemli. Hangisinin daha iyi
olduğu balığın türüne bağlı!"
62,063,"{{TAG:0003:0025:}}OK!{{TAG:0007:0000:08000000}} Anytime you're cooking fish,{{TAG:0007:0000:05000000}}
it's crucial to use {{TAG:0000:0003:0200}}lemon {{TAG:0000:0003:FFFF}}or {{TAG:0000:0003:0200}}vinegar
{{TAG:0000:0003:FFFF}}for flavor.{{TAG:0000:0004:}}Which one tastes better depends on
the type of fish you're cooking!","{{TAG:0003:0025:}}En los platos de {{TAG:0000:0003:0200}}pescado{{TAG:0000:0003:FFFF}}, es muy
común añadir o {{TAG:0000:0003:0200}}limón{{TAG:0000:0003:FFFF}} o {{TAG:0000:0003:0200}}vinagre{{TAG:0000:0003:FFFF}}
para darles un poco de acidez.
{{TAG:0003:000B:}}No sé qué opción es mejor{{TAG:0007:0000:08000000}}.{{TAG:0007:0000:08000000}}.{{TAG:0007:0000:08000000}}.{{TAG:0007:0000:14000000}}
pero estoy segura de que depende
del tipo de pescado que cocines.{{TAG:0000:0004:}}{{TAG:0003:0025:}}Nunca es mala idea usar uno
u otro cuando se prepara pescado,
¡pero es muy importante acertar!","{{TAG:0003:0025:}}La règle d'or avec le poisson, c'est
l'assaisonnement :{{TAG:0007:0000:0A000000}} hors le {{TAG:0000:0003:0200}}citron{{TAG:0000:0003:FFFF}} ou
le {{TAG:0000:0003:0200}}vinaigre{{TAG:0000:0003:FFFF}}, point de salut !
{{TAG:0003:000B:}}L'un ou l'autre, tout dépend de la
recette !","{{TAG:0003:0025:}}Nei piatti di {{TAG:0000:0003:0200}}pesce{{TAG:0000:0003:FFFF}},{{TAG:0007:0000:08000000}} è normale usare
{{TAG:0000:0003:0200}}limone {{TAG:0000:0003:FFFF}}o {{TAG:0000:0003:0200}}aceto {{TAG:0000:0003:FFFF}}per esaltare
il sapore degli ingredienti.
{{TAG:0003:000B:}}Non saprei dire quale dei due
sia migliore...{{TAG:0007:0000:08000000}} Probabilmente
dipende dal gusto personale.","{{TAG:0003:0025:}}Ich habe beobachtet, dass Leute,
die gerne Fisch zubereiten,{{TAG:0007:0000:08000000}} sich in
zwei Gruppen aufteilen lassen.
{{TAG:0003:0015:}}Es gibt die Verfechter der {{TAG:0000:0003:0200}}Zitrone{{TAG:0000:0003:FFFF}}
{{TAG:0007:0000:0F000000}}und die Liebhaber von {{TAG:0000:0003:0200}}Essig{{TAG:0000:0003:FFFF}}.{{TAG:0007:0000:14000000}} Man
kann das sicher hitzig diskutieren!
{{TAG:0003:0025:}}Es kommt auf die Fischsorte an,
klar! {{TAG:0007:0000:14000000}}Zu Kaiserschnapperfilet
passt jedenfalls nur eins davon...","{{TAG:0003:0025:}}Balık{{TAG:0007:0000:08000000}} pişirirken lezzet{{TAG:0007:0000:05000000}} için
limon ya da{{TAG:0000:0003:0200}} sirke{{TAG:0000:0003:FFFF}}{{TAG:0000:0003:0200}} kullanmak{{TAG:0000:0003:FFFF}} çok
önemli{{TAG:0000:0004:}}. Hangisinin daha iyi
olduğu balığın türüne bağlı!"
63,064,"{{TAG:0003:0025:}}OK.{{TAG:0007:0000:08000000}} Anytime you cook with fish,{{TAG:0007:0000:05000000}}
it's crucial to use {{TAG:0000:0003:0200}}lemon {{TAG:0000:0003:FFFF}}or {{TAG:0000:0003:0200}}vinegar
{{TAG:0000:0003:FFFF}}for flavor.
Which one tastes better depends on
the type of fish you're cooking!","{{TAG:0003:0025:}}En los platos de {{TAG:0000:0003:0200}}pescado{{TAG:0000:0003:FFFF}}, es muy
común añadir o {{TAG:0000:0003:0200}}limón{{TAG:0000:0003:FFFF}} o {{TAG:0000:0003:0200}}vinagre{{TAG:0000:0003:FFFF}}
para darles un poco de acidez.
{{TAG:0003:000B:}}No sé qué opción es mejor{{TAG:0007:0000:08000000}}.{{TAG:0007:0000:08000000}}.{{TAG:0007:0000:08000000}}.{{TAG:0007:0000:14000000}}
pero estoy segura de que depende
del tipo de pescado que cocines.{{TAG:0000:0004:}}{{TAG:0003:0025:}}Nunca es mala idea usar uno
u otro cuando se prepara pescado,
¡pero es muy importante acertar!","{{TAG:0003:0025:}}La règle d'or avec le poisson, c'est
l'assaisonnement :{{TAG:0007:0000:0A000000}} hors le {{TAG:0000:0003:0200}}citron{{TAG:0000:0003:FFFF}} ou
le {{TAG:0000:0003:0200}}vinaigre{{TAG:0000:0003:FFFF}}, point de salut !
{{TAG:0003:000B:}}L'un ou l'autre, tout dépend de la
recette !","{{TAG:0003:0025:}}Nei piatti di {{TAG:0000:0003:0200}}pesce{{TAG:0000:0003:FFFF}},{{TAG:0007:0000:08000000}} è normale usare
{{TAG:0000:0003:0200}}limone {{TAG:0000:0003:FFFF}}o {{TAG:0000:0003:0200}}aceto {{TAG:0000:0003:FFFF}}per esaltare
il sapore degli ingredienti.
{{TAG:0003:000B:}}Non saprei dire quale dei due
sia migliore...{{TAG:0007:0000:08000000}} Probabilmente
dipende dal gusto personale.","{{TAG:0003:0025:}}Ich habe beobachtet, dass Leute,
die gerne Fisch zubereiten,{{TAG:0007:0000:08000000}} sich in
zwei Gruppen aufteilen lassen.
{{TAG:0003:0015:}}Es gibt die Verfechter der {{TAG:0000:0003:0200}}Zitrone{{TAG:0000:0003:FFFF}}
{{TAG:0007:0000:0F000000}}und die Liebhaber von {{TAG:0000:0003:0200}}Essig{{TAG:0000:0003:FFFF}}.{{TAG:0007:0000:14000000}} Man
kann das sicher hitzig diskutieren!
{{TAG:0003:0025:}}Es kommt auf die Fischsorte an,
klar! {{TAG:0007:0000:14000000}}Zu Fischfrikassee passt
jedenfalls nur eins davon...","{{TAG:0003:0025:}}Balık{{TAG:0007:0000:08000000}} pişirirken lezzet{{TAG:0007:0000:05000000}} için
limon ya da{{TAG:0000:0003:0200}} sirke{{TAG:0000:0003:FFFF}}{{TAG:0000:0003:0200}} kullanmak{{TAG:0000:0003:FFFF}} çok
önemli. Hangisinin daha iyi
olduğu balığın türüne bağlı!"
64,065,"{{TAG:0003:0025:}}OK!{{TAG:0007:0000:08000000}} Anytime you're searing fish,{{TAG:0007:0000:05000000}}
it's crucial to use {{TAG:0000:0003:0200}}lemon {{TAG:0000:0003:FFFF}}or {{TAG:0000:0003:0200}}vinegar
{{TAG:0000:0003:FFFF}}for flavor.{{TAG:0000:0004:}}Which one tastes better depends on
the type of fish you're cooking!","{{TAG:0003:0025:}}En los platos de {{TAG:0000:0003:0200}}pescado{{TAG:0000:0003:FFFF}}, es muy
común añadir o {{TAG:0000:0003:0200}}limón{{TAG:0000:0003:FFFF}} o {{TAG:0000:0003:0200}}vinagre{{TAG:0000:0003:FFFF}}
para darles un poco de acidez.
{{TAG:0003:000B:}}No sé qué opción es mejor{{TAG:0007:0000:08000000}}.{{TAG:0007:0000:08000000}}.{{TAG:0007:0000:08000000}}.{{TAG:0007:0000:14000000}}
pero estoy segura de que depende
del tipo de pescado que cocines.{{TAG:0000:0004:}}{{TAG:0003:0025:}}Nunca es mala idea usar uno
u otro cuando se prepara pescado,
¡pero es muy importante acertar!","{{TAG:0003:0025:}}La règle d'or avec le poisson, c'est
l'assaisonnement :{{TAG:0007:0000:0A000000}} hors le {{TAG:0000:0003:0200}}citron{{TAG:0000:0003:FFFF}} ou
le {{TAG:0000:0003:0200}}vinaigre{{TAG:0000:0003:FFFF}}, point de salut !
{{TAG:0003:000B:}}L'un ou l'autre, tout dépend de la
recette !","{{TAG:0003:0025:}}Nei piatti di {{TAG:0000:0003:0200}}pesce{{TAG:0000:0003:FFFF}},{{TAG:0007:0000:08000000}} è normale usare
{{TAG:0000:0003:0200}}limone {{TAG:0000:0003:FFFF}}o {{TAG:0000:0003:0200}}aceto {{TAG:0000:0003:FFFF}}per esaltare
il sapore degli ingredienti.
{{TAG:0003:000B:}}Non saprei dire quale dei due
sia migliore...{{TAG:0007:0000:08000000}} Probabilmente
dipende solo dal gusto personale.","{{TAG:0003:0025:}}Ich habe beobachtet, dass Leute,
die gerne Fisch zubereiten,{{TAG:0007:0000:08000000}} sich in
zwei Gruppen aufteilen lassen.
{{TAG:0003:0015:}}Es gibt die Verfechter der {{TAG:0000:0003:0200}}Zitrone{{TAG:0000:0003:FFFF}}
{{TAG:0007:0000:0F000000}}und die Liebhaber von {{TAG:0000:0003:0200}}Essig{{TAG:0000:0003:FFFF}}.{{TAG:0007:0000:14000000}} Man
kann das sicher hitzig diskutieren!
{{TAG:0003:0025:}}Es kommt auf die Fischsorte an,
klar! {{TAG:0007:0000:14000000}}Zu Buntbarschragout passt
jedenfalls nur eins davon...","{{TAG:0003:0025:}}Balığı{{TAG:0007:0000:08000000}} tavada mühürlerken{{TAG:0007:0000:05000000}} lezzet
için limon ya{{TAG:0000:0003:0200}} da{{TAG:0000:0003:FFFF}} sirke{{TAG:0000:0003:0200}}{{TAG:0000:0003:FFFF}} kullanmak
çok{{TAG:0000:0004:}} önemli. Hangisinin daha iyi
olduğu balığın türüne bağlı!"
65,066,"{{TAG:0003:0025:}}Here's my tip for baking a {{TAG:0000:0003:0200}}fruit pie{{TAG:0000:0003:FFFF}}.{{TAG:0007:0000:14000000}}
Just accentuate the fruit's natural
sweetness with a little honey!
{{TAG:0003:0015:}}And the best honey comes from the
town's {{TAG:0000:0003:0200}}beehives{{TAG:0000:0003:FFFF}}.{{TAG:0007:0000:14000000}}{{TAG:0003:0001:}} It's the perfect
dessert for the {{TAG:0000:0003:0200}}Harvest Festival{{TAG:0000:0003:FFFF}}!","{{TAG:0003:0025:}}Los pasteles de {{TAG:0000:0003:0200}}fruta {{TAG:0000:0003:FFFF}}son muy
sencillos de preparar.{{TAG:0000:0004:}}Lo único que tienes que hacer es
acentuar la dulzura natural de la
fruta con un poquitito de miel.
{{TAG:0003:0015:}}Y si lo haces con miel directa del
{{TAG:0000:0003:0200}}panal{{TAG:0000:0003:FFFF}}, {{TAG:0007:0000:0A000000}}muchísimo mejor. {{TAG:0007:0000:14000000}}{{TAG:0003:0026:}}¡Así harás
el postre ideal para el Día del Pavo!","{{TAG:0003:0025:}}J'ai une astuce imparable pour
la {{TAG:0000:0003:0200}}tarte aux pommes {{TAG:0000:0003:FFFF}}:{{TAG:0007:0000:0A000000}} le {{TAG:0000:0003:0200}}miel{{TAG:0000:0003:FFFF}} !{{TAG:0007:0000:0A000000}}
Fraîchement recueilli, ça va de soi !
{{TAG:0003:0015:}}Ça relève la saveur sucrée naturelle
des fruits. {{TAG:0007:0000:14000000}}{{TAG:0003:0001:}}On ne fait pas meilleur
dessert pour la {{TAG:0000:0003:0200}}fête des récoltes{{TAG:0000:0003:FFFF}} !","{{TAG:0003:0025:}}Preparare una buona {{TAG:0000:0003:0200}}torta di mele{{TAG:0000:0003:FFFF}}{{TAG:0000:0003:0200}}
{{TAG:0000:0003:FFFF}}è facile.{{TAG:0007:0000:14000000}} Il segreto è aggiungere un
pochettino di miele.
{{TAG:0003:0015:}}E il miele più genuino è quello di
{{TAG:0000:0003:0200}}alveare{{TAG:0000:0003:FFFF}}.{{TAG:0007:0000:14000000}}{{TAG:0003:0001:}} Le torte alla frutta sono
perfette per la Festa d'autunno!","{{TAG:0003:0025:}}Mein Lieblingskuchen ist auf jeden
Fall Apfelkuchen.{{TAG:0007:0000:14000000}} Es müssen nur
schön viele Früchte drin sein.
{{TAG:0003:0015:}}Zum Süßen nehme ich immer Honig,
der schmeckt mir besser als Zucker.
{{TAG:0007:0000:14000000}}{{TAG:0003:0010:}}Oh, und weißt du, was?
{{TAG:0003:0001:}}Honig aus unseren {{TAG:0000:0003:0200}}Honigwaben{{TAG:0000:0003:FFFF}} ist
ganz besonders deliziös.{{TAG:0007:0000:14000000}} So backe
ich die perfekten Herbstfestkuchen!","{{TAG:0003:0025:}}Meyveli turta için küçük{{TAG:0000:0003:0200}} bir{{TAG:0000:0003:FFFF}}
tüyo{{TAG:0007:0000:14000000}}: Meyvenin doğal tatlılığını
biraz balla öne çıkar. En{{TAG:0003:0015:}} güzel
bal da kasabadaki arı{{TAG:0000:0003:0200}}
kovanlarından{{TAG:0000:0003:FFFF}}{{TAG:0007:0000:14000000}}{{TAG:0003:0001:}} gelir. Hasat
Festivali için{{TAG:0000:0003:0200}} harika tatlı{{TAG:0000:0003:FFFF}}!"
66,067,"{{TAG:0003:0025:}}Here's my tip for baking a {{TAG:0000:0003:0200}}fruit pie{{TAG:0000:0003:FFFF}}.{{TAG:0007:0000:14000000}}
Just accentuate the fruit's natural
sweetness with a little honey!
{{TAG:0003:0015:}}And the best honey comes from the
town's {{TAG:0000:0003:0200}}beehives{{TAG:0000:0003:FFFF}}.{{TAG:0007:0000:14000000}}{{TAG:0003:0001:}} It's the perfect
dessert for the {{TAG:0000:0003:0200}}Harvest Festival{{TAG:0000:0003:FFFF}}!","{{TAG:0003:0025:}}Los pasteles de {{TAG:0000:0003:0200}}fruta {{TAG:0000:0003:FFFF}}son muy
sencillos de preparar.{{TAG:0000:0004:}}Lo único que tienes que hacer es
acentuar la dulzura natural de la
fruta con un poquitito de miel.
{{TAG:0003:0015:}}Y si lo haces con miel directa del
{{TAG:0000:0003:0200}}panal{{TAG:0000:0003:FFFF}}, {{TAG:0007:0000:0A000000}}muchísimo mejor. {{TAG:0007:0000:14000000}}{{TAG:0003:0026:}}¡Así harás
el postre ideal para el Día del Pavo!","{{TAG:0003:0025:}}J'ai une astuce imparable pour
la {{TAG:0000:0003:0200}}tarte à la cerise{{TAG:0000:0003:FFFF}} :{{TAG:0007:0000:0A000000}} le {{TAG:0000:0003:0200}}miel{{TAG:0000:0003:FFFF}} !{{TAG:0007:0000:0A000000}}
Fraîchement recueilli, ça va de soi !
{{TAG:0003:0015:}}Ça relève la saveur sucrée naturelle
des fruits. {{TAG:0007:0000:14000000}}{{TAG:0003:0001:}}On ne fait pas meilleur
dessert pour la {{TAG:0000:0003:0200}}fête des récoltes{{TAG:0000:0003:FFFF}} !","{{TAG:0003:0025:}}Fare una crostata di {{TAG:0000:0003:0200}}ciliegie{{TAG:0000:0003:FFFF}} è facile.
{{TAG:0007:0000:14000000}}Basta usare del miele per far
risaltare la dolcezza della frutta!
{{TAG:0003:0015:}}Il miele migliore è quello di {{TAG:0000:0003:0200}}alveare{{TAG:0000:0003:FFFF}}.{{TAG:0007:0000:14000000}}{{TAG:0003:0001:}}
La crostata di frutta è il dessert
ideale per la Festa d'autunno!","{{TAG:0003:0025:}}Mein Lieblingskuchen ist auf jeden
Fall Kirschkuchen.{{TAG:0007:0000:14000000}} Es müssen nur
schön viele Früchte drin sein.
{{TAG:0003:0015:}}Zum Süßen nehme ich immer Honig,
der schmeckt mir besser als Zucker.
{{TAG:0007:0000:14000000}}{{TAG:0003:0010:}}Oh, und weißt du, was?
{{TAG:0003:0001:}}Honig aus unseren {{TAG:0000:0003:0200}}Honigwaben{{TAG:0000:0003:FFFF}} ist
ganz besonders deliziös.{{TAG:0007:0000:14000000}} So backe
ich die perfekten Herbstfestkuchen!","{{TAG:0003:0025:}}Meyveli turta için küçük{{TAG:0000:0003:0200}} bir{{TAG:0000:0003:FFFF}}
tüyo{{TAG:0007:0000:14000000}}: Meyvenin doğal tatlılığını
biraz balla öne çıkar. En{{TAG:0003:0015:}} güzel
bal da kasabadaki arı{{TAG:0000:0003:0200}}
kovanlarından{{TAG:0000:0003:FFFF}}{{TAG:0007:0000:14000000}}{{TAG:0003:0001:}} gelir. Hasat
Festivali için{{TAG:0000:0003:0200}} harika tatlı{{TAG:0000:0003:FFFF}}!"
67,068,"{{TAG:0003:0025:}}Regular fruit pies are delicious,{{TAG:0007:0000:08000000}} but
using {{TAG:0000:0003:0200}}mixed fruits {{TAG:0000:0003:FFFF}}makes a pie even
better!{{TAG:0007:0000:14000000}} There's only one difference.
I use a little {{TAG:0000:0003:0200}}lemon {{TAG:0000:0003:FFFF}}in mixed-fruit
pies to temper the fruit's natural
sweetness.{{TAG:0007:0000:14000000}} It's the perfect balance!","{{TAG:0003:0025:}}Las tartas de fruta normales están
riquísimas, {{TAG:0007:0000:0A000000}}pero si mezclas {{TAG:0000:0003:0200}}diversas
frutas{{TAG:0000:0003:FFFF}}, {{TAG:0007:0000:0A000000}}¡el resultado es aún mejor!
Pero hay una diferencia{{TAG:0007:0000:08000000}}.{{TAG:0007:0000:08000000}}.{{TAG:0007:0000:08000000}}.{{TAG:0007:0000:14000000}} Para este
tipo de tartas, {{TAG:0007:0000:0A000000}}lo mejor es añadir
un toque de {{TAG:0000:0003:0200}}limón{{TAG:0000:0003:FFFF}}.
{{TAG:0003:0026:}}Así, {{TAG:0007:0000:0A000000}}el resultado no es demasiado
dulce, {{TAG:0007:0000:0A000000}}¿sabes?","{{TAG:0003:0025:}}Grâce à tous les {{TAG:0000:0003:0200}}fruits{{TAG:0000:0003:FFFF}} qui entrent
dans sa composition, la tourte aux
fruits est un vrai régal.
Il faut juste penser à ajouter du jus
de {{TAG:0000:0003:0200}}citron{{TAG:0000:0003:FFFF}} pour que ça ne soit pas
trop sucré. {{TAG:0007:0000:0A000000}}Mais après{{TAG:0007:0000:0A000000}}.{{TAG:0007:0000:0A000000}}.{{TAG:0007:0000:0A000000}}. {{TAG:0007:0000:0A000000}}{{TAG:0003:0026:}}Miam !","{{TAG:0003:0025:}}Le crostate alla frutta sono ottime,
{{TAG:0007:0000:08000000}}ma quelle con più tipi di {{TAG:0000:0003:0200}}frutta {{TAG:0000:0003:FFFF}}sono
prelibate!{{TAG:0007:0000:14000000}} E io ho un trucco.
Per contrastare la dolcezza della
frutta, di solito uso un po' di succo
di {{TAG:0000:0003:0200}}limone{{TAG:0000:0003:FFFF}}.{{TAG:0007:0000:14000000}} Lo fa anche mia zia!","{{TAG:0003:0025:}}Ich liebe Obstkuchen. {{TAG:0007:0000:14000000}}Vor allem,
wenn viele verschiedene Früchte
eingebacken sind.
Um die Süße von all den Früchten
auszugleichen, nehme ich auch oft
etwas {{TAG:0000:0003:0200}}Zitrone{{TAG:0000:0003:FFFF}}.{{TAG:0007:0000:14000000}} Familienrezept!","{{TAG:0003:0025:}}Normal meyveli turtalar güzel{{TAG:0007:0000:08000000}}
ama karışık{{TAG:0000:0003:0200}} meyve{{TAG:0000:0003:FFFF}} kullanınca
daha da iyi{{TAG:0007:0000:14000000}} oluyor! Tek fark şu:
Karışık meyveli{{TAG:0000:0003:0200}} turtaya{{TAG:0000:0003:FFFF}} meyvenin
tatlılığını dengelemek için
biraz limon{{TAG:0007:0000:14000000}} koyarım. Tam kararında!"
68,069,"{{TAG:0003:0025:}}Here's my tip for baking a {{TAG:0000:0003:0200}}coconut
tart{{TAG:0000:0003:FFFF}}.{{TAG:0007:0000:14000000}} Accentuate the fruit's natural
sweetness with a little honey!
{{TAG:0003:0015:}}And the best honey comes from the
town's {{TAG:0000:0003:0200}}beehives{{TAG:0000:0003:FFFF}}.{{TAG:0007:0000:14000000}}{{TAG:0003:0001:}} It's the perfect
dessert for the {{TAG:0000:0003:0200}}Harvest Festival{{TAG:0000:0003:FFFF}}!","{{TAG:0003:0025:}}El {{TAG:0000:0003:0200}}pastel de coco{{TAG:0000:0003:FFFF}} es muy
sencillo de preparar.{{TAG:0000:0004:}}Lo único que tienes que hacer es
acentuar la dulzura natural de la
fruta con un poquitito de miel.
{{TAG:0003:0015:}}Y si lo haces con miel directa del
{{TAG:0000:0003:0200}}panal{{TAG:0000:0003:FFFF}}, {{TAG:0007:0000:0A000000}}muchísimo mejor. {{TAG:0007:0000:14000000}}{{TAG:0003:0026:}}¡Así harás
el postre ideal para el Día del Pavo!","{{TAG:0003:0025:}}J'ai une astuce imparable pour
le {{TAG:0000:0003:0200}}gâteau coco{{TAG:0000:0003:FFFF}} :{{TAG:0007:0000:0A000000}} le {{TAG:0000:0003:0200}}miel{{TAG:0000:0003:FFFF}} !{{TAG:0007:0000:0A000000}}
Fraîchement recueilli, ça va de soi !
{{TAG:0003:0015:}}Ça relève la saveur sucrée naturelle
des fruits. {{TAG:0007:0000:14000000}}{{TAG:0003:0001:}}On ne fait pas meilleur
dessert pour la {{TAG:0000:0003:0200}}fête des récoltes{{TAG:0000:0003:FFFF}} !","{{TAG:0003:0025:}}Fare un {{TAG:0000:0003:0200}}dolce al cocco{{TAG:0000:0003:FFFF}} è facile.
{{TAG:0007:0000:14000000}}Basta usare del miele per far
risaltare la dolcezza della frutta!
{{TAG:0003:0015:}}E il miele migliore è quello di
{{TAG:0000:0003:0200}}alveare{{TAG:0000:0003:FFFF}}.{{TAG:0007:0000:14000000}}{{TAG:0003:0001:}} Questo è il dessert
perfetto per la Festa d'autunno!","{{TAG:0003:0025:}}Ich liebe Kuchen aller Art.{{TAG:0007:0000:14000000}} Am
liebsten mag ich es, wenn im Teig
auch Kokos verwendet wird.
{{TAG:0003:0015:}}Zum Süßen nehme ich immer Honig,
der schmeckt mir besser als Zucker.
{{TAG:0007:0000:14000000}}{{TAG:0003:0010:}}Oh, und weißt du, was?
{{TAG:0003:0001:}}Honig aus unseren {{TAG:0000:0003:0200}}Honigwaben{{TAG:0000:0003:FFFF}} ist
ganz besonders deliziös.{{TAG:0007:0000:14000000}} So backe
ich den perfekten Kokoskranz!","{{TAG:0003:0025:}}Hindistancevizli tart için{{TAG:0000:0003:0200}} küçük{{TAG:0000:0003:FFFF}}
bir{{TAG:0007:0000:14000000}} tüyo: Meyvenin doğal
tatlılığını biraz balla öne
çıkar{{TAG:0003:0015:}}. En güzel bal da
kasabadaki arı{{TAG:0000:0003:0200}} kovanlarından{{TAG:0000:0003:FFFF}}{{TAG:0007:0000:14000000}}{{TAG:0003:0001:}}
gelir. Hasat Festivali için{{TAG:0000:0003:0200}}
harika tatlı{{TAG:0000:0003:FFFF}}!"
69,070,"{{TAG:0003:0025:}}Here's my tip for baking a {{TAG:0000:0003:0200}}banana
tart{{TAG:0000:0003:FFFF}}.{{TAG:0007:0000:14000000}} Accentuate the fruit's natural
sweetness with a little honey!
{{TAG:0003:0015:}}And the best honey comes from the
town's {{TAG:0000:0003:0200}}beehives{{TAG:0000:0003:FFFF}}.{{TAG:0007:0000:14000000}}{{TAG:0003:0001:}} It's the perfect
dessert for the {{TAG:0000:0003:0200}}Harvest Festival{{TAG:0000:0003:FFFF}}!","{{TAG:0003:0025:}}Preparar {{TAG:0000:0003:0200}}pastel de plátano{{TAG:0000:0003:FFFF}} es
la mar de sencillo.{{TAG:0000:0004:}}Lo único que tienes que hacer es
acentuar la dulzura natural de la
fruta con un poquitito de miel.
{{TAG:0003:0015:}}Y si lo haces con miel directa del
{{TAG:0000:0003:0200}}panal{{TAG:0000:0003:FFFF}}, {{TAG:0007:0000:0A000000}}muchísimo mejor. {{TAG:0007:0000:14000000}}{{TAG:0003:0026:}}¡Así harás
el postre ideal para el Día del Pavo!","{{TAG:0003:0025:}}J'ai une astuce imparable pour la
{{TAG:0000:0003:0200}}tarte à la banane {{TAG:0000:0003:FFFF}}:{{TAG:0007:0000:0A000000}} le {{TAG:0000:0003:0200}}miel{{TAG:0000:0003:FFFF}} !{{TAG:0007:0000:0A000000}}
Fraîchement recueilli, ça va de soi !
{{TAG:0003:0015:}}Ça relève la saveur sucrée naturelle
des fruits. {{TAG:0007:0000:14000000}}{{TAG:0003:0001:}}On ne fait pas meilleur
dessert pour la {{TAG:0000:0003:0200}}fête des récoltes{{TAG:0000:0003:FFFF}} !","{{TAG:0003:0025:}}Fare una {{TAG:0000:0003:0200}}torta di banane{{TAG:0000:0003:FFFF}} è facile.
{{TAG:0007:0000:14000000}}Basta usare del miele per far
risaltare la dolcezza della frutta!
{{TAG:0003:0015:}}E il miele migliore è quello di
{{TAG:0000:0003:0200}}alveare{{TAG:0000:0003:FFFF}}.{{TAG:0007:0000:14000000}}{{TAG:0003:0001:}} Questo è il dolce perfetto
per la Festa d'autunno!","{{TAG:0003:0025:}}Mein Lieblingskuchen ist eigentlich
ein Brot:{{TAG:0007:0000:14000000}} Bananenbrot!{{TAG:0007:0000:14000000}} Es müssen
nur schön viele Früchte drin sein.
{{TAG:0003:0015:}}Zum Süßen nehme ich immer Honig,
der schmeckt mir besser als Zucker.
{{TAG:0007:0000:14000000}}{{TAG:0003:0010:}}Oh, und weißt du, was?
{{TAG:0003:0001:}}Honig aus unseren {{TAG:0000:0003:0200}}Honigwaben{{TAG:0000:0003:FFFF}} ist
ganz besonders deliziös.{{TAG:0007:0000:14000000}} So backe
ich die perfekten Herbstfestkuchen!","{{TAG:0003:0025:}}Muzlu tart için küçük{{TAG:0000:0003:0200}} bir tüyo:{{TAG:0000:0003:FFFF}}{{TAG:0007:0000:14000000}}
Meyvenin doğal tatlılığını biraz
balla öne çıkar. En{{TAG:0003:0015:}} güzel bal da
kasabadaki arı{{TAG:0000:0003:0200}} kovanlarından{{TAG:0000:0003:FFFF}}{{TAG:0007:0000:14000000}}{{TAG:0003:0001:}}
gelir. Hasat Festivali için{{TAG:0000:0003:0200}}
harika tatlı{{TAG:0000:0003:FFFF}}!"
70,071,"{{TAG:0003:0001:}}Some of our neighbors are inside
preparing food for the {{TAG:0000:0003:0200}}Harvest
Festival{{TAG:0000:0003:FFFF}}!
Maybe I'll drop by their houses and
pick up some cooking pointers.","{{TAG:0003:0001:}}¡Muchos vecinos están en sus casas
preparando platos para celebrar
el Día del Pavo!
{{TAG:0003:0025:}}A lo mejor me paso casa por casa
para que me den consejos y así
mejorar mis recetas, {{TAG:0007:0000:0A000000}}{{TAG:0005:0007:}}.","{{TAG:0003:0001:}}Toute la ville est aux fourneaux
aujourd'hui, ou presque !{{TAG:0007:0000:0A000000}} Normal,
c'est la {{TAG:0000:0003:0200}}fête des récoltes{{TAG:0000:0003:FFFF}} !
Moi, je m'en vais récolter{{TAG:0007:0000:0A000000}}.{{TAG:0007:0000:0A000000}}.{{TAG:0007:0000:0A000000}}. {{TAG:0007:0000:0A000000}}des
conseils de cuisine en allant rendre
visite aux uns et aux autres !","{{TAG:0003:0001:}}Molti dei nostri vicini sono a casa
a cucinare per la Festa d'autunno.{{TAG:0000:0004:}}Andrò a far visita a qualcuno per
imparare qualche nuovo segreto!","{{TAG:0003:0001:}}Viele unserer Nachbarn stehen heute
den ganzen Tag in der Küche.{{TAG:0007:0000:14000000}}
Vorbereitungen für das {{TAG:0000:0003:0200}}Herbstfest{{TAG:0000:0003:FFFF}}!
Vielleicht gehe ich mal bei ein
paar von ihnen vorbei und schaue,
was sie so in petto haben.","{{TAG:0003:0001:}}Bazı komşularımız evlerinde
Hasat Festivali{{TAG:0000:0003:0200}} için yemek{{TAG:0000:0003:FFFF}}
hazırlıyor! Belki uğrayıp birkaç
mutfak tüyosu toplarım."
71,072,"{{TAG:0003:002B:}}Mmm,{{TAG:0007:0000:08000000}} I smell something yummy!{{TAG:0007:0000:14000000}} It
must be all the delicious food being
cooked for the {{TAG:0000:0003:0200}}Harvest Festival{{TAG:0000:0003:FFFF}}!
{{TAG:0003:0025:}}Maybe if I stop by a few houses, we
can share ingredients,{{TAG:0007:0000:08000000}} {{TAG:0005:0007:}}.","{{TAG:0003:002B:}}Mmm{{TAG:0007:0000:08000000}}.{{TAG:0007:0000:08000000}}.{{TAG:0007:0000:08000000}}.{{TAG:0007:0000:14000000}} ¡Qué bien huele el pueblo!
{{TAG:0007:0000:14000000}}{{TAG:0003:0001:}}Será por los platos que se están
preparando para el Día del Pavo.
{{TAG:0003:0025:}}Me parece que iré a visitar a unos
cuantos vecinos para intercambiar
ingredientes,{{TAG:0007:0000:0A000000}} {{TAG:0005:0007:}}.","{{TAG:0003:002B:}}Hmm...{{TAG:0007:0000:0A000000}} Ça sent drôlement bon !{{TAG:0007:0000:0A000000}} La
{{TAG:0000:0003:0200}}fête des récoltes{{TAG:0000:0003:FFFF}} s'annonce
pantagruélique, {{TAG:0005:0007:}} !
{{TAG:0003:0025:}}Je vais passer chez quelques-uns de
nos cuistots pour voir si je peux
échanger quelques ingrédients...","{{TAG:0003:002B:}}Mmmh,{{TAG:0007:0000:08000000}} sento un buon profumino!
{{TAG:0007:0000:14000000}}Devono essere le pietanze
per la Festa d'autunno!
{{TAG:0003:0025:}}Se passo a far visita ai miei vicini,
potremmo scambiarci gli ingredienti
che ci mancano,{{TAG:0007:0000:08000000}} {{TAG:0005:0007:}}.","{{TAG:0003:002B:}}Irgendetwas riecht wirklich,
wirklich lecker!{{TAG:0007:0000:14000000}} Da kocht sicher
jemand für das große {{TAG:0000:0003:0200}}Herbstfest{{TAG:0000:0003:FFFF}}.
{{TAG:0003:0025:}}Ich schau gleich mal bei ein paar
Nachbarn vorbei.{{TAG:0007:0000:14000000}} Vielleicht wollen
sie ja Zutaten mit mir tauschen... ","{{TAG:0003:002B:}}Mmm{{TAG:0007:0000:08000000}}, ne güzel kokuyor!{{TAG:0007:0000:14000000}} Hasat
Festivali için pişen bütün o
nefis{{TAG:0000:0003:0200}} yemekler olmalı{{TAG:0000:0003:FFFF}}.{{TAG:0003:0025:}} Birkaç
eve uğrarsam belki malzeme
paylaşırız,{{TAG:0007:0000:08000000}} {{TAG:0005:0007:}}."
72,073,"{{TAG:0003:0001:}}I really look forward to the {{TAG:0000:0003:0200}}Harvest
Festival {{TAG:0000:0003:FFFF}}every year.{{TAG:0007:0000:14000000}} I love trying out
new recipes and ingredients!","{{TAG:0003:0001:}}Me voy notando los chakras más
abiertos y receptivos a medida
que se acerca el Día del Pavo.
{{TAG:0003:0005:}}¡Será porque me encanta probar
recetas nuevas y jugar con todos
los ingredientes!","{{TAG:0003:0001:}}Moi qui adore tester de nouvelles
recettes, la {{TAG:0000:0003:0200}}fête des récoltes{{TAG:0000:0003:FFFF}} me
met toujours d'humeur joyeuse !","{{TAG:0003:0001:}}Ogni anno non vedo l'ora
che inizi la Festa d'autunno.
{{TAG:0007:0000:14000000}}Adoooro provare nuovi piatti!","{{TAG:0003:0001:}}Jedes Jahr freue ich mich schon
Wochen im Voraus aufs {{TAG:0000:0003:0200}}Herbstfest{{TAG:0000:0003:FFFF}}.{{TAG:0000:0004:}}Ich probiere nämlich für mein
Leben gerne neue Rezepte und
Zutaten aus.","{{TAG:0003:0001:}}Her yıl Hasat Festivali'ni{{TAG:0000:0003:0200}}
sabırsızlıkla bekliyorum{{TAG:0000:0003:FFFF}}. Yeni{{TAG:0007:0000:14000000}}
tarifler ve malzemeler denemeyi
çok seviyorum!"
73,074,"{{TAG:0003:0005:}}Doesn't {{TAG:0005:0005:}} smell delicious?{{TAG:0007:0000:14000000}}
Today is our {{TAG:0000:0003:0200}}Harvest Festival{{TAG:0000:0003:FFFF}},{{TAG:0007:0000:08000000}} so I
hope you can stay and celebrate!","{{TAG:0003:0005:}}¡{{TAG:000E:0003:}}{{TAG:0005:0005:}} huele que alimenta!
{{TAG:0007:0000:14000000}}Hoy es el Día del Pavo, {{TAG:0007:0000:0A000000}}¿sabes?{{TAG:0000:0004:}}¡Espero que puedas quedarte
y celebrarlo con nosotros!","{{TAG:0003:0005:}}Tu sens ce délicieux fumet qui
embaume tout {{TAG:0005:0005:}} ?{{TAG:0007:0000:0A000000}} C'est
l'odeur de la {{TAG:0000:0003:0200}}fête des récoltes{{TAG:0000:0003:FFFF}} !","{{TAG:0003:0005:}}{{TAG:000E:0003:}}{{TAG:0005:0005:}} ha un profumo
delizioso, n'est-ce pas?{{TAG:0000:0004:}}Oggi è la {{TAG:0000:0003:0200}}Festa d'autunno{{TAG:0000:0003:FFFF}}{{TAG:0007:0000:08000000}} e spero
che vorrai restare a festeggiare
insieme a noi!","{{TAG:0003:0005:}}Hmmm!{{TAG:0007:0000:0F000000}} Ganz {{TAG:0005:0005:}} duftet!{{TAG:0007:0000:14000000}}
Ich hoffe, du feierst heute mit
uns unser großes {{TAG:0000:0003:0200}}Herbstfest{{TAG:0000:0003:FFFF}}.","{{TAG:0003:0005:}}{{TAG:0005:0005:}} kasabası nefis{{TAG:0007:0000:14000000}} kokmuyor mu?{{TAG:0000:0003:0200}}
Bugün Hasat{{TAG:0000:0003:FFFF}} Festivali{{TAG:0007:0000:08000000}}, umarım
kalıp bizimle kutlarsın!"
74,075,"{{TAG:0003:0001:}}If you notice everyone cooking,{{TAG:0007:0000:08000000}} it's
because we celebrate our {{TAG:0000:0003:0200}}Harvest
Festival {{TAG:0000:0003:FFFF}}today!
{{TAG:0003:0017:}}Some of the residents might be too
busy to say much,{{TAG:0007:0000:08000000}} but maybe you
could help them.","{{TAG:0003:0005:}}¡Todo el mundo está cocinando,
pero no creas que nos hemos vuelto
locos! {{TAG:0007:0000:14000000}}{{TAG:0003:0001:}}¡Es que es el Día del Pavo!
{{TAG:0003:0017:}}Algunos vecinos seguro que están
muy ocupados y no hablarán mucho.
{{TAG:0007:0000:14000000}}¡A lo mejor tú podrías ayudarlos!","{{TAG:0003:0001:}}Tu te demandes pourquoi tout le
monde cuisine ?{{TAG:0007:0000:0A000000}} C'est parce que
c'est la {{TAG:0000:0003:0200}}fête des récoltes{{TAG:0000:0003:FFFF}}, pardi !{{TAG:0000:0004:}}Les habitants n'auront peut-être
pas le temps de bavarder, mais ils
ne refuseront pas un coup de main !","{{TAG:0003:0001:}}Come avrai notato, stanno tutti
cucinando.{{TAG:0007:0000:08000000}} Oggi è la nostra
{{TAG:0000:0003:0200}}Festa d'autunno{{TAG:0000:0003:FFFF}}!
{{TAG:0003:0017:}}Alcuni di noi sono molto impegnati
ai fornelli,{{TAG:0007:0000:08000000}} ma saranno felici
se passi a dare loro una mano!","{{TAG:0003:0001:}}Fällt dir auf, wie geschäftig heute
alle sind?{{TAG:0007:0000:14000000}} Das kommt daher,
dass heute {{TAG:0000:0003:0200}}Herbstfest {{TAG:0000:0003:FFFF}}ist!
{{TAG:0003:0015:}}Falls jemand vor lauter Kochtopf-
rühren nicht so gesprächig sein
sollte,{{TAG:0007:0000:08000000}} mach dir nichts daraus.
{{TAG:0003:0001:}}Vielleicht kannst du ja deine Hilfe
anbieten{{TAG:0007:0000:08000000}} und dem ein oder anderen
Nachbarn zur Hand gehen?","{{TAG:0003:0001:}}Herkesi yemek yaparken
görüyorsan{{TAG:0007:0000:08000000}} sebebi bugün Hasat
Festivali'ni{{TAG:0000:0003:0200}} kutlamamız{{TAG:0000:0003:FFFF}}. Bazı{{TAG:0003:0017:}}
sakinler konuşamayacak kadar
yoğun olabilir; belki{{TAG:0007:0000:08000000}} onlara
yardım edebilirsin."
75,076,"{{TAG:0003:0025:}}Fall is the season for heavy eating!{{TAG:0007:0001:}}
{{TAG:0003:000B:}}At least that's what a lot of animals
do before they hibernate.
{{TAG:0003:0025:}}Anyway, we're holding our {{TAG:0000:0003:0200}}Harvest
Festival {{TAG:0000:0003:FFFF}}today.{{TAG:0007:0000:14000000}} We've even got a 
professional chef visiting!
He's set up his equipment in the
event plaza.{{TAG:0007:0000:14000000}} You could stop by to
see it!","{{TAG:0003:0025:}}¿No tienes más hambre en otoño?{{TAG:0007:0001:}}
{{TAG:0003:000B:}}Muchos animales comen más en
esta época porque hibernan.
{{TAG:0003:0001:}}¡Así que es el mejor momento para
celebrar el Día del Pavo! {{TAG:0007:0000:14000000}}Además,
{{TAG:0007:0000:0A000000}}nos viene un cocinero profesional.
Lo tiene todo preparado en la plaza.
{{TAG:0007:0000:14000000}}¡Deberías pasarte a verlo!","{{TAG:0003:0026:}}Ah, l'automne !{{TAG:0007:0000:0A000000}} Le plaisir simple des
bons repas fumants dégustés entre
amis bien à l'abri du froid !
La saison idéale pour organiser la
{{TAG:0000:0003:0200}}fête des récoltes{{TAG:0000:0003:FFFF}} !{{TAG:0007:0000:0A000000}} Et cette année,
en plus, on a un invité de marque !
Un cuistot professionnel qui a
installé tout son attirail sur la
place !{{TAG:0007:0000:0A000000}} Tu devrais aller voir !","{{TAG:0003:0025:}}L'autunno è la stagione delle
scorpacciate. {{TAG:0007:0000:14000000}}{{TAG:0003:000B:}}Alcuni animali, infatti,
si rimpinzano prima del letargo!
{{TAG:0003:0025:}}Comunque, oggi è la nostra Festa
d'autunno{{TAG:0007:0000:14000000}} e abbiamo uno chef
professionista.{{TAG:0007:0000:14000000}} Lo trovi in piazza!","{{TAG:0003:0025:}}Der Herbst ist die perfekte Zeit,
um sich den Bauch vollzuschlagen.
{{TAG:0003:000B:}}Letzte Chance vorm Winterschlaf!
{{TAG:0003:0025:}}Heute ist unser langersehntes
{{TAG:0000:0003:0200}}Herbstfest{{TAG:0000:0003:FFFF}}.{{TAG:0007:0000:14000000}} Es kommt sogar ein
Profikoch zu Besuch!
{{TAG:0003:0001:}}Er kocht auf dem Festplatz.{{TAG:0007:0000:14000000}} Ich bin
schon ganz aufgeregt!{{TAG:0007:0000:14000000}} Schau doch 
auch mal dort vorbei!","{{TAG:0003:0025:}}Sonbahar bol yeme mevsimi!{{TAG:0007:0001:}}{{TAG:0003:000B:}} En
azından kış uykusuna yatacak
birçok hayvan için{{TAG:0003:0025:}} öyle. Neyse,
bugün{{TAG:0000:0003:0200}} Hasat{{TAG:0000:0003:FFFF}} Festivali{{TAG:0007:0000:14000000}} var.
Üstelik profesyonel bir şef de
geldi! Ekipmanını meydana kurdu{{TAG:0007:0000:14000000}};
gidip bakabilirsin."
76,077,"{{TAG:0003:0001:}}I'd say that was another successful
{{TAG:0000:0003:0200}}Harvest Festival{{TAG:0000:0003:FFFF}}.{{TAG:0007:0000:14000000}} We all got to eat
delicious food and had a great time!","{{TAG:0003:0001:}}Creo que el Día del Pavo ha sido
un gran éxito. {{TAG:0007:0000:14000000}}¡Nos lo hemos pasado
muy bien y hemos comido a placer!","{{TAG:0003:0001:}}Comme d'habitude, la {{TAG:0000:0003:0200}}fête des
récoltes{{TAG:0000:0003:FFFF}} a été un succès ! {{TAG:0007:0000:0A000000}}En plus,
la bonne humeur était au menu !","{{TAG:0003:0001:}}Devo dire che anche questa Festa
d'autunno è stata un successone.
{{TAG:0007:0000:14000000}}Buon cibo e tanto divertimento!","{{TAG:0003:0001:}}Hach, was für ein gelungenes Fest.{{TAG:0007:0000:14000000}}
Gute Freunde, gutes Essen...{{TAG:0007:0000:14000000}}
Was will man mehr?","{{TAG:0003:0001:}}Bence bir Hasat Festivali daha{{TAG:0000:0003:0200}}
başarıyla geçti.{{TAG:0000:0003:FFFF}} Hepimiz{{TAG:0007:0000:14000000}} nefis
yemekler yedik ve çok güzel
vakit geçirdik!"
77,078,"{{TAG:0003:0001:}}Well,{{TAG:0007:0000:08000000}} the {{TAG:0000:0003:0200}}Harvest Festival {{TAG:0000:0003:FFFF}}is over.{{TAG:0007:0000:14000000}}
I'm going to apply all the cooking
skills I learned to winter dishes!","{{TAG:0003:0001:}}Ya se ha acabado el Día del Pavo{{TAG:0007:0000:08000000}}.{{TAG:0007:0000:08000000}}.{{TAG:0007:0000:08000000}}.{{TAG:0007:0000:14000000}}
¡pero he aprendido nuevas técnicas
que pienso usar en mis recetas!","{{TAG:0003:0001:}}La {{TAG:0000:0003:0200}}fête des récoltes{{TAG:0000:0003:FFFF}} est finie, mais
la moisson a été bonne :{{TAG:0007:0000:0A000000}} j'ai appris
plein de nouvelles techniques, hi hi !","{{TAG:0003:0001:}}Capperini, {{TAG:0007:0000:08000000}}la Festa d'autunno
è finita.{{TAG:0000:0004:}}{{TAG:0007:0000:14000000}}I miei piatti invernali saranno più
buoni grazie agli ottimi segreti che
ho imparato oggi!","{{TAG:0003:0001:}}Ja, das war's für dieses Jahr mit
dem {{TAG:0000:0003:0200}}Herbstfest{{TAG:0000:0003:FFFF}}.{{TAG:0007:0000:14000000}} Aber ich habe viele
neue Kochtricks gelernt!","{{TAG:0003:0001:}}Hasat{{TAG:0007:0000:08000000}}{{TAG:0000:0003:0200}} Festivali bitti.{{TAG:0000:0003:FFFF}} Bugün{{TAG:0007:0000:14000000}}
öğrendiğim mutfak becerilerini
kış yemeklerinde kullanacağım!"
78,079,"{{TAG:0003:0001:}}Everyone did a tremendous job this
year with all the food.{{TAG:0007:0000:14000000}} {{TAG:0000:0003:0400}}Franklin{{TAG:0000:0003:FFFF}} was
a big hit too!","{{TAG:0003:0001:}}Todo el mundo ha trabajado sin
descanso para que todo saliera{{TAG:0007:0000:08000000}}.{{TAG:0007:0000:08000000}}.{{TAG:0007:0000:08000000}}.{{TAG:0007:0000:14000000}}
a pedir de boca, ¡nunca mejor dicho!
{{TAG:0003:0005:}}¡La comida estaba buenísima y
{{TAG:0000:0003:0400}}Guindo{{TAG:0000:0003:FFFF}} ha hecho un gran trabajo!","{{TAG:0003:0001:}}Tout le monde s'est plié en quatre
pour la {{TAG:0000:0003:0200}}fête des récoltes{{TAG:0000:0003:FFFF}} !{{TAG:0007:0000:0A000000}} Et
{{TAG:0000:0003:0400}}Dindou{{TAG:0000:0003:FFFF}} était très inspiré !","{{TAG:0003:0001:}}Quest'anno tutti hanno preparato
dei piatti deliziosi.{{TAG:0007:0000:14000000}} Anche {{TAG:0000:0003:0400}}Cedrone
{{TAG:0000:0003:FFFF}}ha superato se stesso!","{{TAG:0003:0001:}}Dieses Jahr haben sich beim Kochen
alle selbst übertroffen und {{TAG:0000:0003:0400}}Gernods{{TAG:0000:0003:FFFF}}
Essen war noch das Sahnehäubchen.","{{TAG:0003:0001:}}Bu yıl herkes yemeklerde müthiş
iş çıkardı. Franklin{{TAG:0007:0000:14000000}}{{TAG:0000:0003:0400}} da{{TAG:0000:0003:FFFF}} büyük
ilgi gördü!"
79,080,"I'm a little disappointed that I didn't
get to try any of {{TAG:0000:0003:0400}}Franklin{{TAG:0000:0003:FFFF}}'s cooking,{{TAG:0007:0000:08000000}}
but I still had a great time.","{{TAG:0003:0009:}}Me da un poquito de pena no haber
podido probar nada preparado por
{{TAG:0000:0003:0400}}Guindo{{TAG:0000:0003:FFFF}}{{TAG:0007:0000:08000000}}.{{TAG:0007:0000:08000000}}.{{TAG:0007:0000:08000000}}.
{{TAG:0003:0025:}}Pero me lo he pasado muy bien
igualmente, {{TAG:0007:0000:0A000000}}la verdad.","Cette {{TAG:0000:0003:0200}}fête des récoltes{{TAG:0000:0003:FFFF}} était
formidable !{{TAG:0007:0000:0A000000}} Seul bémol :{{TAG:0007:0000:0A000000}} je n'ai pas
pu goûter aux plats de {{TAG:0000:0003:0400}}Dindou{{TAG:0000:0003:FFFF}}...","Mi dispiace non essere riuscita
a provare i piatti di {{TAG:0000:0003:0400}}Cedrone{{TAG:0000:0003:FFFF}},
{{TAG:0007:0000:08000000}}ma mi sono divertita lo stesso!","{{TAG:0003:0025:}}Schade, dass ich gar nicht dazu
gekommen bin, {{TAG:0000:0003:0400}}Gernods{{TAG:0000:0003:FFFF}} Essen zu
probieren.{{TAG:0007:0000:14000000}} Na ja, war trotzdem toll!","Franklin'ın yemeklerinden
tadamadığım için biraz{{TAG:0000:0003:0400}} üzgünüm{{TAG:0000:0003:FFFF}}
ama yine de{{TAG:0007:0000:08000000}} çok güzel vakit geçirdim."
80,081,"{{TAG:0003:0025:}}I think {{TAG:0000:0003:0400}}Franklin{{TAG:0000:0003:FFFF}} was trying out a
healthy menu this year with smaller
portions.{{TAG:0007:0000:14000000}} That appetizer was tasty!","{{TAG:0003:0025:}}Este año {{TAG:0000:0003:0400}}Guindo{{TAG:0000:0003:FFFF}} ha elegido un menú
más sano, {{TAG:0007:0000:0A000000}}ligero y de pequeñas
porciones.
{{TAG:0003:0015:}}¡El aperitivo estaba de rechupete!","{{TAG:0003:0025:}}{{TAG:0000:0003:0400}}Dindou{{TAG:0000:0003:FFFF}} a joué la carte des petites
portions et de la cuisine saine, cette
année.
Et ce n'est pas moi qui m'en
plaindrai :{{TAG:0007:0000:0A000000}} cette entrée était tout
simplement délicieuse !","{{TAG:0003:0025:}}Credo che quest'anno {{TAG:0000:0003:0400}}Cedrone{{TAG:0000:0003:FFFF}} abbia
preparato porzioni più piccole.
{{TAG:0007:0000:14000000}}Ottimo per la salute, n'est-ce pas?","{{TAG:0003:0025:}}{{TAG:0000:0003:0400}}Gernod{{TAG:0000:0003:FFFF}} scheint dieses Jahr eher
leichte, bekömmliche Speisen ins
Menü aufgenommen zu haben.
Die Vorspeise fand ich jedenfalls
sehr schmackhaft.","{{TAG:0003:0025:}}Franklin{{TAG:0000:0003:0400}} bu yıl{{TAG:0000:0003:FFFF}} küçük
porsiyonlu, daha sağlıklı bir
menü denemiş gibi. Başlangıç{{TAG:0007:0000:14000000}}
yemeği çok lezzetliydi!"
81,082,"{{TAG:0003:0025:}}Did you try {{TAG:0000:0003:0400}}Franklin{{TAG:0000:0003:FFFF}}'s cooking?{{TAG:0007:0000:14000000}}
There wasn't much food,{{TAG:0007:0000:08000000}} but his
presentation was lovely.","{{TAG:0003:0025:}}¿Te ha gustado lo que ha preparado
{{TAG:0000:0003:0400}}Guindo{{TAG:0000:0003:FFFF}}? {{TAG:0007:0000:14000000}}No había mucha cantidad,
{{TAG:0007:0000:0A000000}}pero la presentación era perfecta.","{{TAG:0003:0025:}}Tu as goûté aux plats de {{TAG:0000:0003:0400}}Dindou{{TAG:0000:0003:FFFF}} ?{{TAG:0007:0000:0A000000}}
C'était un peu frugal, mais la
présentation était très soignée.","{{TAG:0003:0025:}}Hai provato i piatti di {{TAG:0000:0003:0400}}Cedrone{{TAG:0000:0003:FFFF}}?{{TAG:0007:0000:14000000}}
Il cibo non era molto,{{TAG:0007:0000:08000000}} ma era
presentato in modo impeccabile!","{{TAG:0003:0025:}}Bist du in den Genuss von {{TAG:0000:0003:0400}}Gernods{{TAG:0000:0003:FFFF}}
Kochkünsten gekommen?{{TAG:0000:0004:}}Besonders viel Essen hat er ja
nicht gekocht...{{TAG:0007:0000:14000000}} Aber alles war
sehr hübsch angerichtet.","{{TAG:0003:0025:}}Franklin'ın{{TAG:0000:0003:0400}} yemeklerini{{TAG:0000:0003:FFFF}} denedin{{TAG:0007:0000:14000000}}
mi? Çok fazla değildi{{TAG:0007:0000:08000000}} ama sunumu
gerçekten çok güzeldi."
82,083,"{{TAG:0003:0001:}}What a great {{TAG:0000:0003:0200}}Harvest Festival{{TAG:0000:0003:FFFF}}!{{TAG:0007:0000:14000000}} I'm
glad I got to try {{TAG:0000:0003:0400}}Franklin{{TAG:0000:0003:FFFF}}'s cooking.{{TAG:0007:0000:14000000}}
That main course was delicious.","{{TAG:0003:0001:}}¡Menudo Día del Pavo! {{TAG:0007:0000:14000000}}Me alegro
mucho de haber podido probar
algo preparado por {{TAG:0000:0003:0400}}Guindo{{TAG:0000:0003:FFFF}}.
{{TAG:0003:0026:}}¡El plato principal estaba tan bueno
que no parecía ni de verdad!","{{TAG:0003:0001:}}On s'est drôlement bien amusés !{{TAG:0007:0000:0A000000}} Et
{{TAG:0000:0003:0400}}Dindou {{TAG:0000:0003:FFFF}}n'a pas failli à sa réputation,
le plat principal était un vrai régal !","{{TAG:0003:0001:}}Che bella Festa d'autunno!{{TAG:0007:0000:14000000}} Sono
contenta di aver provato i piatti
di {{TAG:0000:0003:0400}}Cedrone{{TAG:0000:0003:FFFF}}.{{TAG:0007:0000:14000000}} Il primo era delizioso!","{{TAG:0003:0001:}}Ein gelungenes {{TAG:0000:0003:0200}}Herbstfest{{TAG:0000:0003:FFFF}},{{TAG:0007:0000:0A000000}} das kann
man nicht anders sagen.{{TAG:0000:0004:}}Besonders {{TAG:0000:0003:0400}}Gernods{{TAG:0000:0003:FFFF}} Kochkünste
haben es mir angetan.{{TAG:0007:0000:14000000}} Das Haupt-
gericht war einfach himmlisch!","{{TAG:0003:0001:}}Ne güzel bir{{TAG:0000:0003:0200}} Hasat
Festivali'ydi{{TAG:0000:0003:FFFF}}{{TAG:0007:0000:14000000}}! Franklin'ın{{TAG:0000:0003:0400}}
yemeklerinden{{TAG:0000:0003:FFFF}} tadabildiğime{{TAG:0007:0000:14000000}}
sevindim. Ana yemek nefisti."
83,084,"{{TAG:0003:0005:}}{{TAG:0000:0003:0400}}Franklin {{TAG:0000:0003:FFFF}}made us such an amazing
four-course meal this year!{{TAG:0007:0000:14000000}}{{TAG:0003:0027:}} I was
pretty full after the main course.{{TAG:0007:0000:14000000}}
{{TAG:0003:0026:}}But everyone knows there's always
room for dessert!","{{TAG:0003:0005:}}¡Cuatro platos nos ha preparado
{{TAG:0000:0003:0400}}Guindo{{TAG:0000:0003:FFFF}}! {{TAG:0007:0000:14000000}}¡Cuatro!{{TAG:0000:0004:}}{{TAG:0003:0024:}}Tras el plato principal estaba llena{{TAG:0007:0000:08000000}}.{{TAG:0007:0000:08000000}}.{{TAG:0007:0000:08000000}}.{{TAG:0007:0000:14000000}}
{{TAG:0003:0026:}}¡Pero siempre dejo un huequecito
para el postre!","{{TAG:0003:0005:}}{{TAG:0000:0003:0400}}Dindou{{TAG:0000:0003:FFFF}} s'est surpassé, son menu
était un vrai festin ! {{TAG:0007:0000:14000000}}{{TAG:0003:0027:}}J'avais le
ventre plein après le plat principal...
{{TAG:0003:0026:}}Mais je ne voulais pas lui faire
l'affront de repousser son dessert...{{TAG:0007:0000:0A000000}}
Ç'aurait été impoli, hi hi !","{{TAG:0003:0005:}}Quest'anno {{TAG:0000:0003:0400}}Cedrone {{TAG:0000:0003:FFFF}}ha preparato
un eccellente menu con quattro
portate!
{{TAG:0007:0000:14000000}}{{TAG:0003:0027:}}Ero già pienissimissima dopo
il primo,{{TAG:0007:0000:14000000}} {{TAG:0003:0026:}}ma tutti sanno che
c'è sempre posto per il dolce!","{{TAG:0003:0005:}}{{TAG:0000:0003:0400}}Gernods{{TAG:0000:0003:FFFF}} Vier-Gänge-Menü war
eine Wucht! {{TAG:0007:0000:14000000}}So lecker!{{TAG:0007:0000:14000000}} {{TAG:0003:0027:}}Obwohl ich
nach dem Hauptgang satt war...
{{TAG:0003:0026:}}Aber es ist ja kein Geheimnis, dass
für ein bisschen Nachtisch eigentlich
immer noch Platz ist, hihi.","{{TAG:0003:0005:}}{{TAG:0000:0003:0400}}Franklin{{TAG:0000:0003:FFFF}} bu yıl bize şahane dört
aşamalı bir menü yaptı{{TAG:0007:0000:14000000}}{{TAG:0003:0027:}}! Ana
yemekten sonra epey doymuştum{{TAG:0007:0000:14000000}}{{TAG:0003:0026:}}
ama herkes bilir: Tatlıya her
zaman yer vardır!"
84,085,"{{TAG:0003:0001:}}This year's {{TAG:0000:0003:0200}}Harvest Festival {{TAG:0000:0003:FFFF}}was full
of good food and good friends.{{TAG:0007:0001:}} {{TAG:0003:0019:}}And
I'll be getting a good night's sleep!","{{TAG:0003:0001:}}Ha sido el Día del Pavo perfecto,
{{TAG:0007:0000:0A000000}}con buena gente y buena comida.{{TAG:0007:0001:}}
{{TAG:0003:0019:}}Esta noche dormiré como un lirón{{TAG:0007:0000:08000000}}.{{TAG:0007:0000:08000000}}.{{TAG:0007:0000:08000000}}.","{{TAG:0003:0001:}}De la bonne nourriture, des bons
amis...{{TAG:0007:0001:}} {{TAG:0003:0019:}}Plus qu'à faire un bon dodo
pour parfaire cette bonne journée !","{{TAG:0003:0001:}}La Festa d'autunno di quest'anno
è stata piena di delizie e buona
compagnia.{{TAG:0007:0001:}} {{TAG:0003:0019:}}Ora vado a nanna!","{{TAG:0003:0001:}}Unser {{TAG:0000:0003:0200}}Herbstfest {{TAG:0000:0003:FFFF}}hatte alles, was
mein kleines Herz begehrt.{{TAG:0007:0000:14000000}} Gutes
Essen, gute Freunde...
{{TAG:0003:0019:}}Ich denke, ich werde jetzt satt
und zufrieden ins Bettchen fallen.","{{TAG:0003:0001:}}Bu yılki{{TAG:0000:0003:0200}} Hasat Festivali{{TAG:0000:0003:FFFF}} güzel
yemekler ve güzel dostluklarla{{TAG:0007:0001:}}{{TAG:0003:0019:}}
doluydu. Bu gece rahat uyuyacağım!"
85,086,"{{TAG:0003:0025:}}One thing I love about the {{TAG:0000:0003:0200}}Harvest
Festival{{TAG:0000:0003:FFFF}}{{TAG:0007:0000:08000000}} is the amazing smells that
still waft through town hours later!","{{TAG:0003:0025:}}Me encanta el aroma que inunda
todo {{TAG:000E:0003:}}{{TAG:0005:0005:}} después del
Día del Pavo.","{{TAG:0003:0025:}}Un de mes petits plaisirs après la
{{TAG:0000:0003:0200}}fête des récoltes{{TAG:0000:0003:FFFF}}...{{TAG:0000:0004:}}... c'est de déambuler en ville en
humant à pleins poumons les bonnes
odeurs qui flottent dans l'air !","{{TAG:0003:0025:}}Una delle cose che adoooro della
Festa d'autunno... {{TAG:0007:0000:08000000}} è il profumino
di cibo che invade tutta la città!","{{TAG:0003:0025:}}Eines, was ich am {{TAG:0000:0003:0200}}Herbstfest {{TAG:0000:0003:FFFF}}mag,
ist, dass es noch Stunden später
überall so herrlich duftet.","{{TAG:0003:0025:}}Hasat Festivali'nde sevdiğim{{TAG:0000:0003:0200}}
şeylerden biri{{TAG:0000:0003:FFFF}}{{TAG:0007:0000:08000000}} de saatler sonra
bile kasabada dolaşan o harika
yemek kokuları!"
86,087,"{{TAG:0003:0001:}}Mmm,{{TAG:0007:0000:08000000}} my stomach is happy after
another successful {{TAG:0000:0003:0200}}Harvest Festival{{TAG:0000:0003:FFFF}}.{{TAG:0007:0000:14000000}}
{{TAG:0003:0024:}}I might not need to eat for days!","{{TAG:0003:0001:}}¡Mmm! {{TAG:0007:0000:14000000}}¡Mi estómago está muy
contento tras el Día del Pavo!{{TAG:0000:0004:}}{{TAG:0003:0024:}}Noto como si no tuviera que comer
durante días, {{TAG:0007:0000:0A000000}}je, {{TAG:0007:0000:0A000000}}je. {{TAG:0007:0000:14000000}}{{TAG:0003:0002:}}¡Pero seguro
que mañana tengo hambre otra vez!","{{TAG:0003:0001:}}Hmm... {{TAG:0007:0000:0A000000}}Mon estomac était à la fête
aujourd'hui !{{TAG:0007:0000:14000000}} {{TAG:0003:0024:}}J'ai assez mangé pour
deux jours !","{{TAG:0003:0001:}}Mmmh,{{TAG:0007:0000:08000000}} la Festa d'autunno è stata
un successo e il mio pancino
è très content!
{{TAG:0007:0000:14000000}}{{TAG:0003:0024:}}Ho mangiato talmente tanto che non
riuscirò a toccare cibo per giorni!","{{TAG:0003:0001:}}Mein Magen ist glücklich und
zufrieden.{{TAG:0007:0000:14000000}} Wie eigentlich jedes Jahr
nach dem {{TAG:0000:0003:0200}}Herbstfest{{TAG:0000:0003:FFFF}}.
{{TAG:0003:0024:}}Ich denke, für die nächsten paar
Tage habe ich erst mal genug
gegessen!","{{TAG:0003:0001:}}Mmm,{{TAG:0007:0000:08000000}} başarılı bir Hasat
Festivali daha bitti;{{TAG:0000:0003:0200}} midem çok
mutlu{{TAG:0000:0003:FFFF}}.{{TAG:0007:0000:14000000}}{{TAG:0003:0024:}} Birkaç gün yemek yemesem olur!"
