entry,label,EN,ES,FR,IT,DE,TRANSLATION
0,001,{{TAG:0003:0025:}}Now what could this be?,"{{TAG:0003:0025:}}Anda,{{TAG:0007:0000:14000000}} ¿qué será?","{{TAG:0003:0025:}}Oh, {{TAG:0007:0000:08000000}}qu'est-ce que ça peut bien
être ?","{{TAG:0003:0025:}}Oh,{{TAG:0007:0000:14000000}} chissà di che cosa si tratta?!","{{TAG:0003:0025:}}Oh,{{TAG:0007:0000:14000000}} was kann das wohl sein?",{{TAG:0003:0025:}}Acaba bu ne olabilir?
1,002,{{TAG:0003:0025:}}Changed your mind?{{TAG:0007:0000:08000000}} OK.,{{TAG:0003:0025:}}Supongo que no era para mí...,"{{TAG:0003:0025:}}Oh, {{TAG:0007:0000:08000000}}tu as changé d'avis ?","{{TAG:0003:0025:}}Oh,{{TAG:0007:0000:14000000}} hai cambiato idea?","{{TAG:0003:0025:}}Oh,{{TAG:0007:0000:14000000}} hast du es dir anders überlegt?",{{TAG:0003:0025:}}Fikrini mi değiştirdin?{{TAG:0007:0000:08000000}} Peki.
2,003,"{{TAG:0003:0010:}}Wow!{{TAG:0007:0000:14000000}} Something from {{TAG:0011:0001:0100}}
for me?{{TAG:0007:0001:}}{{TAG:0003:0025:}} What's the occasion?","{{TAG:0003:0010:}}¡Genial!{{TAG:0007:0000:14000000}} ¿Me lo envía {{TAG:0011:0001:0100}}?{{TAG:0007:0001:}}
{{TAG:0003:0025:}}¿Es que celebramos algo?","{{TAG:0003:0010:}}Oh, un cadeau {{TAG:000E:000A:0600640065002000040064002700}}{{TAG:0011:0001:0100}} pour
moi ? {{TAG:0007:0001:}}{{TAG:0003:0025:}}Qu'est-ce qui me vaut
l'honneur ?","{{TAG:0003:0010:}}Uaaau!{{TAG:0007:0000:14000000}} {{TAG:000E:0003:}}{{TAG:0011:0001:0100}} mi ha mandato
un regalo?{{TAG:0007:0001:}}{{TAG:0003:0025:}} A cosa devo l'onore?","{{TAG:0003:0010:}}Wow!{{TAG:0007:0000:14000000}} Das ist von {{TAG:0011:0001:0100}}?{{TAG:0007:0000:0A000000}}
Für mich?{{TAG:0007:0000:1E000000}}{{TAG:0003:0025:}} Was ist denn der
Anlass?","{{TAG:0003:0010:}}Vay{{TAG:0007:0000:14000000}}! {{TAG:0011:0001:0100}} bana bir şey{{TAG:0007:0001:}}{{TAG:0003:0025:}} mi göndermiş?
Ne vesileyle acaba?"
3,004,"{{TAG:0003:0010:}}Oh! {{TAG:0007:0000:14000000}}This is from {{TAG:0011:0001:0100}}?{{TAG:0007:0001:}}
{{TAG:0003:0000:}}It's an apology for fighting.","{{TAG:0003:0010:}}¡Ah! {{TAG:0007:0000:14000000}}¡Si es de {{TAG:0011:0001:0100}}!{{TAG:0007:0001:}}
{{TAG:0003:0000:}}¿Para disculparse por nuestra
pelea?","{{TAG:0003:0010:}}C'est de la part {{TAG:000E:000A:0600640065002000040064002700}}{{TAG:0011:0001:0100}} ?{{TAG:0007:0001:}}{{TAG:0003:0016:}} Ah,
j'y suis : c'est sûrement dû à cette
dispute qu'on a eue...","{{TAG:0003:0010:}}Oh! {{TAG:0007:0000:14000000}}Me lo manda {{TAG:0011:0001:0100}}?{{TAG:0007:0001:}}
{{TAG:0003:0000:}}Sarà un modo per scusarsi?","{{TAG:0003:0010:}}Oh! {{TAG:0007:0000:14000000}}Das ist von {{TAG:0011:0001:0100}}?{{TAG:0000:0004:}}{{TAG:0003:0000:}}Ist das als Entschuldigung gedacht,
weil wir uns gestritten haben?","{{TAG:0003:0010:}}Aa{{TAG:0007:0000:14000000}}! Bu {{TAG:0011:0001:0100}}{{TAG:0007:0001:}}{{TAG:0003:0000:}} tarafından mı?
Tartışmamız için özür hediyesi demek."
4,005,"{{TAG:0003:0025:}}Oh! {{TAG:0007:0000:14000000}}That's right.{{TAG:0007:0000:08000000}} I let {{TAG:0011:0001:0100}}
borrow this.{{TAG:0007:0000:14000000}} Thanks for returning it.","{{TAG:0003:0025:}}¡Ah, sí! {{TAG:0007:0000:1E000000}}No me acordaba de que
le había dejado esto a {{TAG:0011:0001:0100}}.","{{TAG:0003:0025:}}Oh ! {{TAG:0007:0000:1E000000}}C'est vrai, j'avais prêté ça à
{{TAG:0011:0001:0100}} !","{{TAG:0003:0025:}}Oh! {{TAG:0007:0000:1E000000}}È una cosa che avevo prestato
{{TAG:000E:0010:}} {{TAG:0011:0001:0100}}!","{{TAG:0003:0025:}}Oh! {{TAG:0007:0000:1E000000}}Stimmt ja, das hatte ich
{{TAG:0011:0001:0100}} ausgeliehen!","{{TAG:0003:0025:}}Aa,{{TAG:0007:0000:14000000}} doğru ya!{{TAG:0007:0000:08000000}} Bunu {{TAG:0011:0001:0100}} ödünç
vermiştim.{{TAG:0007:0000:14000000}} Geri getirdiğin için
teşekkür ederim."
5,006,{{TAG:0003:0010:}}What?!{{TAG:0007:0000:14000000}} I forgot to take this home?!,"{{TAG:0003:0010:}}¡¿Eh?!{{TAG:0007:0000:1E000000}} ¿Me lo dejé en su casa?
¡Qué despistada soy!","{{TAG:0003:0010:}}Quoi ?{{TAG:0007:0000:1E000000}} J'avais oublié ça chez
{{TAG:0011:0001:0100}} ?","{{TAG:0003:0010:}}Cosa?!{{TAG:0007:0000:1E000000}} Oh, che distratta!
Ho sempre la testa tra le nuvole!","{{TAG:0003:0010:}}Huch! {{TAG:0007:0000:1E000000}}Habe ich etwa vergessen,
das wieder mitzunehmen?",{{TAG:0003:0010:}}Ne?! Bunu{{TAG:0007:0000:14000000}} eve götürmeyi ben mi unutmuşum?
6,007,"{{TAG:0003:0010:}}Really?{{TAG:0007:0000:14000000}} {{TAG:0003:0025:}}A package for me was
delivered to {{TAG:0011:0001:0100}}'s house?","{{TAG:0003:0010:}}¡Así que mi paquete acabó en casa
de {{TAG:0011:0001:0100}}!{{TAG:0007:0000:14000000}} {{TAG:0003:0025:}}Menos mal que
no se ha perdido.","{{TAG:0003:0010:}}C'est vrai ? {{TAG:0011:0001:0100}} a reçu un
colis qui m'était destiné ?","{{TAG:0003:0010:}}Davvero?!{{TAG:0007:0000:14000000}} {{TAG:0003:0025:}}Un pacco per me è stato
consegnato a casa di {{TAG:0011:0001:0100}}?","{{TAG:0003:0010:}}Ach, wirklich?!{{TAG:0007:0000:14000000}} {{TAG:0003:0025:}}Mein Paket ist zu
{{TAG:0011:0001:0100}} geliefert worden?","{{TAG:0003:0010:}}Gerçekten{{TAG:0007:0000:14000000}}{{TAG:0003:0025:}} mi? Bana ait bir paket
{{TAG:0011:0001:0100}} evine mi teslim edilmiş?"
7,008,"{{TAG:0003:0025:}}Come to think of it, {{TAG:0007:0000:0A000000}}I did ask
{{TAG:0011:0001:0100}} to find something
for me.","{{TAG:0003:0025:}}Ah, ya sé. {{TAG:0007:0000:0A000000}}Será esa cosa que
le pedí a {{TAG:0011:0001:0100}}.","{{TAG:0003:0016:}}Oh, mais bien sûr ! Ça doit être ce
truc que j'ai demandé à {{TAG:0011:0001:0100}}
de m'apporter...","{{TAG:0003:0025:}}Ora che ci penso, {{TAG:0007:0000:0A000000}}questa potrebbe
essere quella cosa che ho chiesto
{{TAG:000E:0010:}} {{TAG:0011:0001:0100}} di portarmi.","{{TAG:0003:0025:}}Oh, ach ja, {{TAG:0007:0000:0A000000}}ich hatte {{TAG:0011:0001:0100}}
gebeten, mir etwas zu besorgen.{{TAG:0007:0000:14000000}}
Das ist es bestimmt!","{{TAG:0003:0025:}}Düşününce...{{TAG:0007:0000:0A000000}} Evet, {{TAG:0011:0001:0100}} benim için
bir şey bulmasını istemiştim."
8,009,{{TAG:0003:0025:}}Let's open it up!{{TAG:0003:0026:}},"{{TAG:0003:0025:}}¡Venga, abrámoslo!{{TAG:0003:0026:}}",{{TAG:0003:0025:}}Voyons un peu ça !{{TAG:0003:0026:}},"{{TAG:0003:0025:}}Beh, bando agli indugi,{{TAG:0007:0000:14000000}} apriamolo!{{TAG:0003:0026:}}","{{TAG:0003:0025:}}Na,{{TAG:0007:0000:14000000}} dann will ich doch mal
hineinsehen!{{TAG:0003:0026:}}",{{TAG:0003:0025:}}Hadi açalım!{{TAG:0003:0026:}}
9,010,"{{TAG:0003:0025:}}{{TAG:000E:0003:}}{{TAG:000E:0002:}}{{TAG:0011:0003:0000}}? {{TAG:0007:0000:14000000}}
{{TAG:0003:0001:}}This certainly is nice, {{TAG:0005:0007:}}.","{{TAG:0003:0001:}}¿{{TAG:000E:0003:}}{{TAG:000E:0002:}}{{TAG:0011:0003:0000}}?{{TAG:0007:0000:14000000}}
{{TAG:0003:0005:}}¡Qué bonit{{TAG:000E:0008:00CD02006F00020061000000}},{{TAG:0007:0000:0F000000}} {{TAG:0005:0007:}}!","{{TAG:0003:0025:}}{{TAG:000E:0003:}}{{TAG:000E:0002:}}{{TAG:0011:0003:0000}} ?
{{TAG:0007:0000:14000000}}{{TAG:0003:0001:}}C'est très joli...{{TAG:0007:0000:0F000000}} Très joli, oui...{{TAG:0007:0000:0F000000}}
{{TAG:000E:0003:}}{{TAG:0005:0007:}}...","{{TAG:0003:0001:}}{{TAG:000E:0003:}}{{TAG:000E:0002:}}{{TAG:0011:0003:0000}}?!
{{TAG:0007:0000:14000000}}{{TAG:0003:0001:}}Che cariiino, {{TAG:0005:0007:}}!","{{TAG:0003:0001:}}{{TAG:000E:0003:}}{{TAG:000E:0002:}}{{TAG:0011:0003:0000}}? {{TAG:0007:0000:14000000}}
{{TAG:0003:0024:}}Das ist aber nett,{{TAG:0007:0000:0F000000}} {{TAG:0005:0007:}}...","{{TAG:0003:0025:}}{{TAG:000E:0003:}}{{TAG:000E:0002:}}{{TAG:0011:0003:0000}}?{{TAG:0007:0000:14000000}}{{TAG:0003:0001:}} Gerçekten çok hoş, {{TAG:0005:0007:}}."
10,011,"{{TAG:0003:0005:}}Oh,{{TAG:0007:0000:14000000}} {{TAG:000E:0002:}}{{TAG:0011:0003:0000}}!{{TAG:0007:0000:1E000000}}
{{TAG:0003:0003:}}And what a lovely color!{{TAG:0007:0000:1E000000}}{{TAG:0003:0025:}}","{{TAG:0003:0005:}}¡Ah,{{TAG:0007:0000:14000000}} {{TAG:000E:0002:}}{{TAG:0011:0003:0000}}!{{TAG:0007:0000:1E000000}}
{{TAG:0003:0003:}}¡Me encanta el colorcito!{{TAG:0007:0000:1E000000}}{{TAG:0003:0025:}}","{{TAG:0003:0005:}}Oh,{{TAG:0007:0000:14000000}} {{TAG:000E:0002:}}{{TAG:0011:0003:0000}} !{{TAG:0007:0000:1E000000}}
{{TAG:0003:0003:}}Quelle belle couleur !{{TAG:0007:0000:1E000000}}{{TAG:0003:0025:}}","{{TAG:0003:0005:}}Oh,{{TAG:0007:0000:14000000}} {{TAG:000E:0002:}}{{TAG:0011:0003:0000}}!{{TAG:0007:0000:1E000000}}
{{TAG:0003:0003:}}Ma che colore delizioso!{{TAG:0007:0000:1E000000}}{{TAG:0003:0025:}}","{{TAG:0003:0005:}}Oh,{{TAG:0007:0000:14000000}} {{TAG:000E:0002:}}{{TAG:0011:0003:0000}}!{{TAG:0007:0000:1E000000}}
{{TAG:0003:0003:}}Und in so einer schönen Farbe!{{TAG:0007:0000:1E000000}}{{TAG:0003:0025:}}","{{TAG:0003:0005:}}Aa,{{TAG:0007:0000:14000000}} {{TAG:000E:0002:}}{{TAG:0011:0003:0000}}!{{TAG:0007:0000:1E000000}}{{TAG:0003:0003:}} Rengi de ne kadar güzel!{{TAG:0007:0000:1E000000}}{{TAG:0003:0025:}}"
11,012,,,,,,
12,013,"{{TAG:0003:0005:}}{{TAG:000E:0003:}}{{TAG:000E:0002:}}{{TAG:0011:0003:0000}}!{{TAG:0007:0000:14000000}}
I just love this style!{{TAG:0007:0001:}} {{TAG:0003:0000:}}How did
{{TAG:0011:0001:0100}} know,{{TAG:0007:0000:08000000}} {{TAG:0005:0007:}}?","{{TAG:0003:0005:}}¡{{TAG:000E:0003:}}{{TAG:000E:0002:}}{{TAG:0011:0003:0000}}!{{TAG:0007:0000:14000000}}
¡Es mi preferid{{TAG:000E:0008:00CD02006F00020061000000}}!{{TAG:0007:0001:}} {{TAG:0003:0000:}}¿Cómo lo habrá
sabido,{{TAG:0007:0000:0F000000}} {{TAG:0005:0007:}}?","{{TAG:0003:0005:}}{{TAG:000E:0003:}}{{TAG:000E:0002:}}{{TAG:0011:0003:0000}} !
J'adore ce genre de meubles !{{TAG:0000:0004:}}{{TAG:0011:0001:0100}} me connaît comme
{{TAG:000E:0008:01CD08007300270069006C000E0073006900200065006C006C00650002003000}} m'avait faite, {{TAG:0005:0007:}} !","{{TAG:0003:0005:}}{{TAG:000E:0003:}}{{TAG:000E:0002:}}{{TAG:0011:0003:0000}}!{{TAG:0007:0000:14000000}}
Lo adoooro!{{TAG:0007:0001:}} {{TAG:0003:0000:}}Pensi che {{TAG:0011:0001:0000}}
sia veggente? {{TAG:0007:0000:0F000000}}{{TAG:000E:0003:}}{{TAG:0005:0007:}}!","{{TAG:0003:0005:}}Uiii, {{TAG:000E:0002:}}{{TAG:0011:0003:0000}}!{{TAG:0007:0000:14000000}}
Das ist genau mein Stil!{{TAG:0000:0004:}}{{TAG:0003:0000:}}Woher hat {{TAG:0011:0001:0100}} das nur
gewusst, {{TAG:0007:0000:0F000000}}{{TAG:0005:0007:}}?","{{TAG:0003:0005:}}{{TAG:000E:0003:}}{{TAG:000E:0002:}}{{TAG:0011:0003:0000}}!{{TAG:0007:0000:14000000}} Bu tarza bayılırım{{TAG:0007:0001:}}{{TAG:0003:0000:}}! {{TAG:0011:0001:0100}} bunu
nasıl bildi acaba{{TAG:0007:0000:08000000}}, {{TAG:0005:0007:}}?"
13,014,"{{TAG:0003:0024:}}I wonder why {{TAG:0011:0001:0100}} would
suddenly send me a present.{{TAG:0000:0004:}}{{TAG:0003:0025:}}I don't know, {{TAG:0007:0000:0A000000}}but I'm happy to
accept it!","{{TAG:0003:0024:}}No entiendo por qué me ha enviado
un regalito así, de repente.{{TAG:0000:0004:}}{{TAG:0003:0025:}}¡Pero no me quejo, eh!{{TAG:0007:0000:0A000000}}
¡Lo acepto con mucho gusto!","{{TAG:0003:0024:}}{{TAG:0011:0001:0100}} ? Un cadeau ? Quelle
mouche l'a piqu{{TAG:000E:0008:01CD0200E9000400E900650002003000}} ?{{TAG:0007:0001:}} Enfin, je ne
vais pas cracher dessus !","{{TAG:0003:0024:}}Mi chiedo perché {{TAG:0011:0001:0000}}
mi mandi un regalino così
all'improvviso.
{{TAG:0003:0025:}}Beh, non lo so, ma non mi lamento!
{{TAG:0007:0000:0A000000}}Lo accetto mooolto volentieri!","{{TAG:0003:0024:}}Wieso ich wohl plötzlich ein
Geschenk von {{TAG:0011:0001:0100}}
bekomme?{{TAG:0000:0004:}}{{TAG:0003:0025:}}Warum auch immer, ich freue mich
darüber, hihi!","{{TAG:0003:0024:}}{{TAG:0011:0001:0100}} neden durup dururken bana
hediye yolladı acaba{{TAG:0000:0004:}}{{TAG:0003:0025:}}? Sebebini
bilmiyorum{{TAG:0007:0000:0A000000}} ama memnuniyetle
kabul ederim!"
14,015,"{{TAG:0003:0005:}}This is really great!{{TAG:0007:0000:14000000}} I'll have to say
thanks next time we meet.","{{TAG:0003:0005:}}¡Qué regalo tan genial!{{TAG:0007:0000:14000000}}
¡Le daré las gracias la próxima
vez que nos veamos!","{{TAG:0003:0005:}}J'adore ! Il ne faut pas que j'oublie
de remercier {{TAG:0011:0001:0100}} la
prochaine fois que je {{TAG:000E:0008:01CD04006C00650004006C00610002003000}} vois !","{{TAG:0003:0005:}}Che regalo grazioso!
{{TAG:0007:0000:14000000}}Devo ricordarmi di ringraziare
la prossima volta che ci vediamo!","{{TAG:0003:0005:}}Das ist wirklich toll!{{TAG:0007:0000:14000000}} Wenn wir uns
das nächste Mal sehen, muss ich
mich unbedingt bedanken.","{{TAG:0003:0005:}}Bu gerçekten harika! Bir{{TAG:0007:0000:14000000}} dahaki
görüşmemizde mutlaka teşekkür etmeliyim."
15,016,"{{TAG:0003:0015:}}It's amazing that {{TAG:0011:0001:0100}}
understands my tastes so well!","{{TAG:0003:0015:}}¡Me ha dejado impresionada
su buen gusto!","{{TAG:0003:0015:}}Comment {{TAG:0011:0001:0000}} a fait pour
cerner aussi parfaitement mes
goûts ?","{{TAG:0003:0015:}}È incredibile che {{TAG:0011:0001:0000}}
conosca così bene i miei gusti!
{{TAG:0003:0001:}}Chissà se mi legge nel pensiero?!","{{TAG:0003:0015:}}Das ist schon beeindruckend, dass
{{TAG:0011:0001:0000}} meinen Geschmack so
gut kennt.","{{TAG:0003:0015:}}{{TAG:0011:0001:0100}} zevkimi bu kadar iyi anlamasına
hayran kaldım!"
16,017,"{{TAG:0003:0017:}}What do you think is inside,
{{TAG:0005:0008:}}?{{TAG:0007:0001:}} {{TAG:0003:0025:}}If you guess right,{{TAG:0007:0000:08000000}}
I'll give you a prize!","{{TAG:0003:0017:}}¿Qué crees que habrá dentro,
{{TAG:0005:0008:}}?{{TAG:0007:0001:}} {{TAG:0003:0025:}}¡Si lo adivinas te
daré un premio!","{{TAG:0003:0017:}}Devine ce que c'est, {{TAG:0005:0008:}} !
{{TAG:0007:0001:}}{{TAG:0003:0025:}}Si tu tombes juste, tu auras un
cadeau !","{{TAG:0003:0017:}}Cosa pensi che ci sia dentro,
{{TAG:0005:0008:}}?{{TAG:0007:0001:}} {{TAG:0003:0025:}}Se riesci a indovinare,
{{TAG:0007:0000:0A000000}}ti farò un bel regalino, promesso!","{{TAG:0003:0017:}}Was meinst du, was da drin ist,
{{TAG:0005:0008:}}?{{TAG:0000:0004:}}{{TAG:0003:0025:}}Wenn du es errätst, bekommst
du etwas Schönes von mir!","{{TAG:0003:0017:}}Sence içinde ne var, {{TAG:0005:0008:}}?{{TAG:0007:0001:}}{{TAG:0003:0025:}} Doğru
bilirsen sana{{TAG:0007:0000:08000000}} bir ödül vereceğim!"
17,018,"{{TAG:0003:0025:}}Ah, {{TAG:0007:0000:08000000}}{{TAG:0012:0000:00CD}}, huh?{{TAG:0007:0000:19000000}} OK,{{TAG:0007:0000:05000000}} I'll open it
and see if you're right{{TAG:0007:0000:08000000}}.{{TAG:0007:0000:08000000}}.{{TAG:0007:0000:08000000}}.{{TAG:0007:0000:08000000}}","{{TAG:0003:0025:}}¿{{TAG:0007:0000:14000000}}{{TAG:000E:0003:}}{{TAG:000E:0002:}}{{TAG:0012:0000:00CD}}?{{TAG:0007:0000:19000000}}
Vale,{{TAG:0007:0000:05000000}} abrámoslo y así lo vemos{{TAG:0007:0000:08000000}}.{{TAG:0007:0000:08000000}}.{{TAG:0007:0000:08000000}}.{{TAG:0007:0000:08000000}}","{{TAG:0003:0025:}}{{TAG:0007:0000:14000000}}{{TAG:000E:0003:}}{{TAG:000E:0002:}}{{TAG:0012:0000:00CD}}, tu dis ?{{TAG:0007:0000:19000000}} Très
bien, ouvrons la boîte, on verra bien
si tu as raison !","{{TAG:0003:0025:}}Ah, {{TAG:0007:0000:08000000}}{{TAG:0012:0000:00CD}}, eh?
{{TAG:0007:0000:19000000}}Va bene, {{TAG:0007:0000:05000000}}apriamolo e vediamo
se hai indovinato{{TAG:0007:0000:08000000}}.{{TAG:0007:0000:08000000}}.{{TAG:0007:0000:08000000}}.{{TAG:0007:0000:08000000}}","{{TAG:0003:0025:}}Hm, {{TAG:0007:0000:14000000}}{{TAG:000E:0002:}}{{TAG:0012:0000:00CD}}?{{TAG:0007:0000:19000000}} 
Ich seh gleich mal nach{{TAG:0007:0000:08000000}}.{{TAG:0007:0000:08000000}}.{{TAG:0007:0000:08000000}}.","{{TAG:0003:0025:}}Aa, {{TAG:0007:0000:08000000}}{{TAG:0012:0000:00CD}}{{TAG:0007:0000:19000000}} diyorsun{{TAG:0007:0000:05000000}}. Peki, açalım da
görelim.{{TAG:0007:0000:08000000}}.{{TAG:0007:0000:08000000}}{{TAG:0007:0000:08000000}}.{{TAG:0007:0000:08000000}}"
18,019,"{{TAG:0003:0001:}}You're right!{{TAG:0007:0000:14000000}} It's {{TAG:0012:0000:00CD}}!{{TAG:0007:0001:}}
{{TAG:0003:0025:}}OK, {{TAG:0007:0000:08000000}}you've won a prize.","{{TAG:0003:0001:}}¡Es {{TAG:000E:0002:}}{{TAG:0012:0000:00CD}}!
¡Qué puntería!{{TAG:0007:0001:}}{{TAG:0003:0025:}} ¡Te has ganado
un premio!","{{TAG:0003:0001:}}Bingo, {{TAG:000E:0002:}}{{TAG:0012:0000:00CD}} !{{TAG:0007:0001:}}{{TAG:0003:0025:}} Voilà ton
cadeau, comme promis !","{{TAG:0003:0001:}}Che bravin{{TAG:000E:0006:02006F0002006100}}, hai indovinato!{{TAG:0007:0000:1E000000}}
È davvero {{TAG:0012:0000:00CD}}!{{TAG:0007:0001:}} {{TAG:0003:0025:}}Come
promesso, {{TAG:0007:0000:0A000000}}ti darò un bel cadeau!","{{TAG:0003:0001:}}Hihi, du hattest wirklich recht!{{TAG:0007:0000:1E000000}}
Es ist {{TAG:000E:0002:}}{{TAG:0012:0000:00CD}}!{{TAG:0000:0004:}}{{TAG:0003:0025:}}Na, {{TAG:0007:0000:0A000000}}dann wird es Zeit für dein
Geschenk, weil du es richtig
erraten hast!","{{TAG:0003:0001:}}Bildin!{{TAG:0007:0000:14000000}} İçinden {{TAG:0012:0000:00CD}}{{TAG:0007:0001:}}{{TAG:0003:0025:}} çıktı!{{TAG:0007:0000:08000000}} Tamam,
ödülü kazandın."
19,020,"{{TAG:0003:000D:}}Nope!{{TAG:0007:0000:14000000}} It's actually {{TAG:0012:0000:01CD}}!{{TAG:0007:0001:}}
{{TAG:0003:0025:}}You win some, {{TAG:0007:0000:08000000}}you lose some.","{{TAG:0003:000D:}}¡Oh!{{TAG:0007:0000:1E000000}} ¡Es {{TAG:000E:0002:}}{{TAG:0012:0000:01CD}}!{{TAG:0007:0001:}}
{{TAG:0003:0025:}}¡No se puede ganar siempre, bichín!","{{TAG:0003:000D:}}Bîîîp, mauvaise réponse ! En fait,
c'est {{TAG:000E:0002:}}{{TAG:0012:0000:01CD}} !{{TAG:0007:0001:}}{{TAG:0003:0025:}} Bah, on
ne peut pas gagner à tous les coups.","{{TAG:0003:000D:}}Contiene {{TAG:0012:0000:01CD}}! Peccato!{{TAG:0007:0001:}}
{{TAG:0003:0025:}}A volte si vince, {{TAG:0007:0000:14000000}}altre si perde.
Non te la prendere, mi raccomando!","{{TAG:0003:000D:}}Oh!{{TAG:0007:0000:1E000000}} Es ist {{TAG:000E:0002:}}{{TAG:0012:0000:01CD}}!{{TAG:0000:0004:}}{{TAG:0003:0025:}}Na, man kann eben nicht immer
gewinnen.","{{TAG:0003:000D:}}Olmadı{{TAG:0007:0000:14000000}}! Aslında {{TAG:0012:0000:01CD}}{{TAG:0007:0001:}}{{TAG:0003:0025:}} çıktı. Bazen
kazanır,{{TAG:0007:0000:08000000}} bazen kaybedersin."
20,021,"{{TAG:0003:0025:}}Anyway,{{TAG:0007:0000:0A000000}} thank you for going to the
trouble of bringing this to me!","{{TAG:0003:0025:}}¡Gracias por traerme el paquete,
calabacín!","{{TAG:0003:0025:}}En tout cas,{{TAG:0007:0000:0A000000}} merci d'avoir pris la
peine de m'apporter ça !","{{TAG:0003:0025:}}Comunque,{{TAG:0007:0000:0A000000}} merci! Sei stat{{TAG:000E:0006:02006F0002006100}} molto
gentile a consegnarmi il pacco!","{{TAG:0003:0025:}}Danke jedenfalls,{{TAG:0007:0000:0A000000}} dass du mir das
vorbeigebracht hast.","{{TAG:0003:0025:}}Her{{TAG:0007:0000:0A000000}} hâlükârda bunu buraya kadar
getirdiğin için çok teşekkür ederim!"
21,022,"{{TAG:0003:0025:}}Anyway, {{TAG:0007:0000:0A000000}}thank you for the delivery!{{TAG:0000:0004:}}{{TAG:0003:0027:}}Sounds like {{TAG:0011:0001:0100}} felt bad
about our fight too.{{TAG:0007:0001:}} {{TAG:0003:0015:}}I should go
apologize soon!{{TAG:0003:0025:}}","{{TAG:0003:0025:}}¡Gracias por traérmelo!{{TAG:0000:0004:}}{{TAG:0003:0027:}}Ya veo que {{TAG:0011:0001:0100}} también
se sentía mal por nuestra pelea.{{TAG:0007:0001:}}
{{TAG:0003:0015:}}¡Iré a disculparme ahora mismito!{{TAG:0003:0025:}}","{{TAG:0003:0025:}}En tout cas, merci d'avoir fait la
commission !{{TAG:0000:0004:}}De toute évidence, cette histoire
turlupine aussi {{TAG:0011:0001:0100}}... {{TAG:0007:0001:}}{{TAG:0003:0015:}}Je vais
aller {{TAG:000E:0008:01CD04006C00650004006C00610002003000}} voir pour m'excuser.","{{TAG:0003:0025:}}Comunque, {{TAG:0007:0000:0A000000}}merci per la consegna!{{TAG:0000:0004:}}{{TAG:0003:0027:}}Mi sembra che {{TAG:0011:0001:0100}} si senta
in colpa per la nostra lite.{{TAG:0007:0001:}}
{{TAG:0003:0015:}}Devo andare anch'io a scusarmi!{{TAG:0003:0025:}}","{{TAG:0003:0025:}}Danke noch mal fürs Vorbeibringen!{{TAG:0000:0004:}}{{TAG:0003:0027:}}Offenbar will {{TAG:0011:0001:0100}} unseren
Streit auch hinter sich lassen.{{TAG:0007:0000:14000000}} {{TAG:0003:0015:}}Ich
muss mich ebenfalls entschuldigen!{{TAG:0003:0025:}}","{{TAG:0003:0025:}}Her hâlükârda{{TAG:0007:0000:0A000000}} teslimat için çok
teşekkür ederim{{TAG:0000:0004:}}{{TAG:0003:0027:}}! Anlaşılan {{TAG:0011:0001:0100}} da
kavga ettiğimiz için üzülmüş. En{{TAG:0007:0001:}}
kısa{{TAG:0003:0015:}} zamanda ben de özür
dilemeliyim!{{TAG:0003:0025:}}"
22,023,"{{TAG:0003:0025:}}Well, {{TAG:0007:0000:0A000000}}even though I just got it back,{{TAG:0007:0000:0A000000}}
I actually want you to have my
{{TAG:0011:0003:0000}}.
{{TAG:0003:0005:}}Thank you so much for all your
hard work!","{{TAG:0003:0025:}}Aunque l{{TAG:000E:0008:00CD02006F00020061000000}} acabo de recuperar,{{TAG:0007:0000:0A000000}}
¡me gustaría que te quedaras
con mi {{TAG:0011:0003:0000}}!
{{TAG:0003:0005:}}¡Muchas gracias por las molestias!","{{TAG:0003:0025:}}Oh, merci de m'avoir rapporté ça !{{TAG:0007:0000:0A000000}}
Dis-moi : ça te ferait plaisir, {{TAG:000E:0002:}}
{{TAG:0011:0003:0000}} ?
{{TAG:0003:0005:}}Je sais que je viens juste de {{TAG:000E:0008:00CD04006C00650004006C00610002003000}}
récupérer, mais en fait, je n'en ai
pas besoin...{{TAG:0007:0000:0A000000}} Prends, c'est cadeau !","{{TAG:0003:0025:}}Eh sì, {{TAG:0007:0000:0A000000}}anche se mi è appena tornat{{TAG:000E:0012:100002006F00020061000000}}
indietro, {{TAG:0007:0000:0A000000}}vorrei regalarti proprio
{{TAG:000E:0012:10000C00710075006500730074006F000C007100750065007300740061000000}} {{TAG:0011:0003:0000}}!
{{TAG:0003:0005:}}Te {{TAG:000E:0012:100004006C006F0004006C0061000000}} sei meritat{{TAG:000E:0012:100002006F00020061000000}}! Merci!","{{TAG:0003:0025:}}Also, {{TAG:0007:0000:0A000000}}ich hab das zwar eben erst
zurückbekommen, {{TAG:0007:0000:0A000000}}aber bitte nimm
{{TAG:000E:0008:00CD0C006D00650069006E0065006E000A006D00650069006E00650008006D00650069006E00}} {{TAG:0011:0003:0000}}!
{{TAG:0003:0005:}}Danke, dass du {{TAG:000E:0008:00CD0600690068006E000600730069006500040065007300}} mir gebracht
hast.","{{TAG:0003:0025:}}Daha{{TAG:0007:0000:0A000000}} yeni geri almış{{TAG:0007:0000:0A000000}} olsam da
benim {{TAG:0011:0003:0000}} sana{{TAG:0003:0005:}} vermek istiyorum.
Bütün emeğin için gerçekten çok
teşekkür ederim!"
23,024,"{{TAG:0003:0001:}}But thanks for going to the trouble
of bringing it to me!","{{TAG:0003:0001:}}¡Pero gracias por molestarte
en traerme el paquete!","{{TAG:0003:0001:}}Mais merci quand même d'avoir pris
la peine de me l'apporter !","{{TAG:0003:0001:}}Ma{{TAG:0007:0000:0A000000}} merci per avermi portato
il pacco! Sei gentilissim{{TAG:000E:0006:02006F0002006100}}!","{{TAG:0003:0001:}}Aber trotzdem danke fürs
Vorbeibringen!","{{TAG:0003:0001:}}Ama bunu buraya kadar getirdiğin
için çok teşekkür ederim!"
24,025,"{{TAG:0003:0001:}}But thanks for going to the trouble
of bringing it to me!{{TAG:0000:0004:}}{{TAG:0003:0005:}}Because of you, I'm sure {{TAG:0011:0001:0100}}
and I will be friends again soon.","{{TAG:0003:0001:}}¡Pero gracias por molestarte
en traerme el paquete!{{TAG:0000:0004:}}{{TAG:0003:0005:}}¡Ahora que {{TAG:0007:0000:0A000000}}{{TAG:0011:0001:0100}} y yo hemos
arreglado las cosas, volveremos
a ser amig{{TAG:000E:0008:01CD02006F00020061000000}}s como siempre!","{{TAG:0003:0001:}}Mais merci quand même d'avoir pris
la peine de me l'apporter !{{TAG:0000:0004:}}Grâce à toi, {{TAG:0011:0001:0100}} et moi
allons redevenir les {{TAG:000E:0008:01CD1C006D00650069006C006C006500750072007300200061006D006900730020006D00650069006C006C0065007500720065007300200061006D0069006500730002003000}}
du monde en un rien de temps !","{{TAG:0003:0001:}}Comunque{{TAG:0007:0000:0A000000}} merci per avermi
consegnato il pacco!{{TAG:0000:0004:}}{{TAG:0003:0005:}}Sono sicura che grazie a te, {{TAG:0007:0000:0A000000}}io e
{{TAG:0011:0001:0100}} potremo fare pace!","{{TAG:0003:0001:}}Trotzdem danke, dass du es
vorbeigebracht hast!{{TAG:0000:0004:}}{{TAG:0003:0005:}}Dank deiner Hilfe werden
{{TAG:0011:0001:0100}} und ich sicher bald
wieder gute Freunde sein!","{{TAG:0003:0001:}}Ama bunu buraya kadar getirdiğin
için çok teşekkür{{TAG:0000:0004:}}{{TAG:0003:0005:}} ederim! Senin
sayende {{TAG:0011:0001:0100}} ile yakında yeniden
arkadaş olacağımıza eminim."
25,026,"{{TAG:0003:0025:}}It's so nice getting this back in a
pretty package!{{TAG:0007:0000:0A000000}} {{TAG:0003:002B:}}It's really very kind!","{{TAG:0003:0025:}}¡Es un bonito detalle que me lo
devuelva tan bien envuelto!{{TAG:0007:0000:0A000000}}{{TAG:0003:002B:}}
¡Qué maja es!","{{TAG:0003:0025:}}Oh, et quel joli emballage !{{TAG:0007:0000:0A000000}} {{TAG:0003:002B:}}
C'est tout à fait elle, ce genre
d'attentions !","{{TAG:0003:0025:}}Che bello ricevere un pacco
incartato così bene!
{{TAG:0007:0000:0A000000}}{{TAG:0003:002B:}}Che persona deliziosa!","{{TAG:0003:0025:}}Es ist schön, das so hübsch
eingepackt wiederzubekommen.{{TAG:0007:0000:14000000}}{{TAG:0003:002B:}}
Das ist wirklich nett...","{{TAG:0003:0025:}}Bunu böyle güzel paketlenmiş
hâlde geri almak ne hoş{{TAG:0007:0000:0A000000}}!{{TAG:0003:002B:}} Çok
ince bir davranış!"
26,027,"{{TAG:0003:0024:}}I was starting to worry that I might
never see it again.{{TAG:0007:0000:14000000}} {{TAG:0003:0025:}}I'm happy that's
not the case!{{TAG:0003:0026:}}","{{TAG:0003:0024:}}Estaba preocupada por si no
me lo devolvía nunca más.{{TAG:0007:0000:14000000}}{{TAG:0003:0025:}}
¡Pero aquí está!{{TAG:0003:0026:}}","{{TAG:0003:0024:}}J'ai bien cru devoir faire une croix
dessus...{{TAG:0007:0000:14000000}} {{TAG:0003:0025:}}Quel soulagement !{{TAG:0003:0026:}}","{{TAG:0003:0024:}}Pensavo che non mi avrebbe mai
restituito niente.{{TAG:0007:0000:14000000}} {{TAG:0003:0025:}}A quanto pare,
mi sbagliavo!{{TAG:0003:0026:}} Meno male!","{{TAG:0003:0024:}}Ich hab schon gedacht, das sehe
ich niemals wieder.{{TAG:0007:0000:14000000}} {{TAG:0003:0025:}}Schön, dass
es nicht so ist!{{TAG:0003:0026:}}","{{TAG:0003:0024:}}Bir daha hiç göremeyeceğim diye
endişelenmeye{{TAG:0007:0000:14000000}} başlamıştım{{TAG:0003:0025:}}. Neyse
ki öyle olmadı!{{TAG:0003:0026:}}"
27,028,"{{TAG:0003:0025:}}Getting it back in a pretty package?
{{TAG:0007:0000:0A000000}}{{TAG:0003:0005:}}That's so sweet!{{TAG:0007:0000:28000000}}{{TAG:0003:0025:}} She always sets
such a good example.","{{TAG:0003:0025:}}Se nota que le gusta prestar
atención a los detalles por
cómo ha envuelto esto.
{{TAG:0003:0005:}}¡Tengo tanto que aprender de ella!","{{TAG:0003:0025:}}Comme c'est gentil de sa part...{{TAG:0007:0000:0A000000}} {{TAG:0003:0005:}}Elle
a pris soin de bien l'empaqueter !{{TAG:0000:0004:}}{{TAG:0003:0025:}}Elle a vraiment un cœur gros comme
ça... On devrait tous en prendre de
la graine.","{{TAG:0003:0025:}}Da come lo ha incartato, si vede
che è una donna che ama i dettagli!
{{TAG:0007:0000:0A000000}}{{TAG:0003:0005:}}Ho così tanto da imparare da lei!","{{TAG:0003:0025:}}Dass ich das so schön eingepackt
wiederbekomme...{{TAG:0007:0000:0A000000}} {{TAG:0003:0005:}}Das ist ja total
nett!
{{TAG:0003:0025:}}Da sollte ich mir wirklich mal
eine Scheibe abschneiden.","{{TAG:0003:0025:}}Hem de böyle güzel paketleyip
göndermiş{{TAG:0007:0000:0A000000}}{{TAG:0003:0005:}}... Ne kadar{{TAG:0007:0000:28000000}}{{TAG:0003:0025:}} düşünceli!
Her zaman iyi örnek oluyor."
28,029,"{{TAG:0003:0001:}}Look at how nicely it's wrapped up
to be returned.{{TAG:0007:0000:0F000000}} {{TAG:0003:0015:}}She has very good
manners sometimes!","{{TAG:0003:0001:}}¡Me encanta cómo ha envuelto
el paquetito!{{TAG:0007:0000:0F000000}}{{TAG:0003:0015:}} Tendré que pedirle
que me enseñe.","{{TAG:0003:0001:}}Quel joli paquet elle m'a fait ! {{TAG:0007:0000:0F000000}}{{TAG:0003:0015:}}On
dira ce qu'on veut sur elle, mais ses
manières sont irréprochables !","{{TAG:0003:0001:}}Ma guarda{{TAG:0007:0000:05000000}} come lo ha incartato
bene!{{TAG:0007:0000:0F000000}} {{TAG:0003:0015:}}Le chiederò di insegnarmi!","{{TAG:0003:0001:}}Das ist ja richtig hübsch eingepackt.
{{TAG:0007:0000:0F000000}}{{TAG:0003:0015:}}Sie hat wirklich gute Manieren!","{{TAG:0003:0001:}}Geri verirken ne kadar özenli
paketlemiş! Bazen{{TAG:0007:0000:0F000000}}{{TAG:0003:0015:}} gerçekten çok
görgülü davranıyor."
29,030,"{{TAG:0003:0025:}}I thought he had totally forgotten
about it, {{TAG:0007:0000:08000000}}{{TAG:0003:0026:}}but I guess I was wrong!","{{TAG:0003:0025:}}Pensaba que se había olvidado,
como es tan despistado...{{TAG:0007:0000:0F000000}}
{{TAG:0003:0002:}}¡Me alegro de haberme equivocado!{{TAG:0007:0000:1E000000}}{{TAG:0003:0025:}}","{{TAG:0003:0025:}}J'étais sûre qu'il avait oublié ! Eh
bien tu sais quoi ? {{TAG:0007:0000:0F000000}}{{TAG:0003:0002:}}Je suis bien
contente de m'être trompée, hi hi !{{TAG:0007:0000:1E000000}}{{TAG:0003:0025:}}","{{TAG:0003:0025:}}Ero convinta che se ne fosse
dimenticato, {{TAG:0007:0000:0F000000}}{{TAG:0003:0002:}}ma a quanto pare
mi sbagliavo!{{TAG:0007:0000:1E000000}}{{TAG:0003:0025:}} Per fortuna!","{{TAG:0003:0025:}}Ich hab schon gedacht, das hätte
er ganz vergessen, {{TAG:0007:0000:0F000000}}{{TAG:0003:0002:}}aber da habe
ich mich komplett geirrt!{{TAG:0007:0000:1E000000}}{{TAG:0003:0025:}}",{{TAG:0003:0025:}}Tamamen unuttuğunu sanmıştım{{TAG:0007:0000:08000000}}{{TAG:0003:0026:}} ama yanılmışım!
30,031,"{{TAG:0003:0024:}}Is it me,{{TAG:0007:0000:08000000}} or does it smell kind of
sweaty?{{TAG:0007:0001:}} {{TAG:0003:0001:}}Hmm.{{TAG:0007:0000:14000000}} Maybe I'm just
imagining it.","{{TAG:0003:0024:}}¿Soy yo o huele un poco a usado?{{TAG:0007:0001:}}
{{TAG:0003:0001:}}Déjalo.{{TAG:0007:0000:14000000}} Serán imaginaciones mías.","{{TAG:0003:0024:}}Tu trouves aussi que ça sent un
poil la transpiration, {{TAG:0007:0000:14000000}}ou ce sont mes
narines qui hallucinent ?","{{TAG:0003:0024:}}È il mio naso,{{TAG:0007:0000:14000000}} o c'è un vago odorino
di palestra?{{TAG:0007:0001:}} {{TAG:0003:0001:}}Mmmh...{{TAG:0007:0000:14000000}} Forse è solo
un'impressione, chissà?!","{{TAG:0003:0024:}}Sag mal,{{TAG:0007:0000:14000000}} findest du auch, dass
das etwas.{{TAG:0007:0000:0A000000}}.{{TAG:0007:0000:0A000000}}.{{TAG:0007:0000:0A000000}} verschwitzt riecht?{{TAG:0000:0004:}}{{TAG:0003:0001:}}Hmmm.{{TAG:0007:0000:14000000}} Na, vielleicht bilde ich mir
das auch nur ein.","{{TAG:0003:0024:}}Bana mı öyle{{TAG:0007:0000:08000000}} geliyor, yoksa
biraz ter mi kokuyor{{TAG:0007:0001:}}{{TAG:0003:0001:}}? Hımm{{TAG:0007:0000:14000000}}...
Belki de kuruntu yapıyorum."
31,032,"{{TAG:0003:0025:}}Just as I'd expect from such a
fastidious fellow.{{TAG:0007:0000:0A000000}} {{TAG:0003:0015:}}Back in a timely
manner!{{TAG:0003:0025:}}","{{TAG:0003:0025:}}Menos mal que me lo ha devuelto.{{TAG:0007:0000:0A000000}}
{{TAG:0003:0009:}}¡Me daba pánico ir a pedírselo!","{{TAG:0003:0025:}}En temps et en heure !{{TAG:0007:0000:0A000000}} {{TAG:0003:0015:}}Je n'en
attendais pas moins de lui.{{TAG:0003:0025:}}","{{TAG:0003:0025:}}Sembra un tipo molto strano, ma
ha un'ottima memoria.{{TAG:0007:0000:0A000000}} {{TAG:0003:0015:}}Meno male,
così non ho dovuto chiedergli nulla!{{TAG:0003:0025:}}","{{TAG:0003:0015:}}Ja, kaum ausgeliehen, bekomme ich
es auch schon wieder. {{TAG:0007:0000:0A000000}}Nichts
anderes hätte ich von ihm erwartet.{{TAG:0003:0025:}}","{{TAG:0003:0025:}}Böylesine titiz birinden
bekleneceği gibi, tam{{TAG:0007:0000:0A000000}}{{TAG:0003:0015:}} zamanında
geri geldi!{{TAG:0003:0025:}}"
32,033,"{{TAG:0003:0025:}}It's nicely wrapped and everything!{{TAG:0007:0001:}}
{{TAG:0003:0005:}}{{TAG:0011:0001:0100}} never fails to impress!","{{TAG:0003:0025:}}¡Está envuelto de maravilla!{{TAG:0007:0001:}}
{{TAG:0003:0005:}}¡{{TAG:000E:0003:}}{{TAG:0011:0001:0100}} nunca deja de
impresionarme!","{{TAG:0003:0025:}}Oh, quel joli paquet !{{TAG:0007:0001:}}{{TAG:0003:0005:}} Il n'y a pas à
dire : {{TAG:0011:0001:0100}} sait s'y prendre
pour faire plaisir !","{{TAG:0003:0025:}}Impacchettato a meraviglia!{{TAG:0007:0001:}}
{{TAG:0003:0005:}}{{TAG:000E:0003:}}{{TAG:0011:0001:0100}} ci tiene a fare colpo!","{{TAG:0003:0025:}}Das ist aber hübsch eingepackt!{{TAG:0007:0001:}}
{{TAG:0003:0005:}}{{TAG:000E:0003:}}{{TAG:0011:0001:0100}} weiß, wie man einen
guten Eindruck macht.","{{TAG:0003:0025:}}Üstelik ne güzel paketlenmiş!{{TAG:0007:0001:}} {{TAG:0003:0005:}}{{TAG:0011:0001:0100}}
insanı etkilemeyi hiç bırakmıyor."
33,034,"{{TAG:0003:0025:}}Anyway, {{TAG:0007:0000:0A000000}}{{TAG:0003:0017:}}what do you think this
is?{{TAG:0007:0001:}} {{TAG:0003:0025:}}Tell you what: {{TAG:0007:0000:0A000000}}if you guess, {{TAG:0007:0000:05000000}}I'll
give you something special!{{TAG:0003:0026:}}","{{TAG:0003:0025:}}Oye, {{TAG:0007:0000:0A000000}}{{TAG:0003:0017:}}¿qué crees que habrá?{{TAG:0007:0001:}} {{TAG:0003:0025:}}
¡Si lo adivinas, {{TAG:0007:0000:0A000000}}te daré una cosita
muy especial!{{TAG:0003:0026:}}","{{TAG:0003:0025:}}Qu'est-ce qu'il y a à l'intérieur à ton
avis ?{{TAG:0007:0001:}} {{TAG:0003:0025:}}Si tu devines, tu auras droit à
un petit cadeau, toi aussi !{{TAG:0003:0026:}}","{{TAG:0003:0025:}}Ma senti... {{TAG:0007:0000:0A000000}}{{TAG:0003:0017:}}tu cosa pensi che ci sia
dentro?{{TAG:0007:0001:}} {{TAG:0003:0025:}}Proviamo a fare un quiz?
{{TAG:0007:0000:0A000000}}Se indovini, {{TAG:0007:0000:05000000}}ti do una cosa speciale!{{TAG:0003:0026:}}","{{TAG:0003:0025:}}Hihi, {{TAG:0007:0000:0A000000}}{{TAG:0003:0017:}}was glaubst du denn,
was da drin ist?{{TAG:0000:0004:}}{{TAG:0003:0025:}}Wenn du es errätst, bekommst
du ein Geschenk von mir!{{TAG:0003:0026:}}","{{TAG:0003:0025:}}Peki,{{TAG:0007:0000:0A000000}}{{TAG:0003:0017:}} sence bu ne? Şöyle
yapalım{{TAG:0007:0001:}}{{TAG:0003:0025:}}: doğru tahmin{{TAG:0007:0000:0A000000}} edersen{{TAG:0007:0000:05000000}}
sana özel bir şey vereceğim!{{TAG:0003:0026:}}"
34,035,"{{TAG:0003:0025:}}Thanks for delivering this to me!{{TAG:0007:0001:}}
Be sure to give my regards to
{{TAG:0011:0001:0100}} as well.
{{TAG:0003:0027:}}Um,{{TAG:0007:0000:05000000}} also{{TAG:0007:0000:08000000}}.{{TAG:0007:0000:08000000}}.{{TAG:0007:0000:08000000}}{{TAG:0003:0001:}}.I'd like to give you this.{{TAG:0007:0000:14000000}}
The timing is just a coincidence.","{{TAG:0003:0025:}}¡Gracias por entregarlo, calabacín!{{TAG:0007:0001:}}
{{TAG:0003:0020:}}¡Dale las gracias también a
{{TAG:0011:0001:0100}} de mi parte!
{{TAG:0003:0027:}}Y, bueno{{TAG:0007:0000:08000000}}.{{TAG:0007:0000:08000000}}.{{TAG:0007:0000:08000000}}.{{TAG:0003:0001:}} Quiero darte esto.","{{TAG:0003:0025:}}Génial ! {{TAG:0007:0001:}}N'oublie pas de remercier
{{TAG:0011:0001:0100}} de ma part ! {{TAG:0003:0027:}}Et.{{TAG:0007:0000:08000000}}.{{TAG:0007:0000:08000000}}.{{TAG:0007:0000:08000000}}{{TAG:0003:0001:}}
accepte ce petit cadeau.","{{TAG:0003:0025:}}Merci per la consegna!{{TAG:0007:0001:}}
{{TAG:0003:0020:}}Ringrazia tanto anche {{TAG:0011:0001:0100}}
da parte mia, mi raccomando!
{{TAG:0003:0027:}}Ah,{{TAG:0007:0000:08000000}} e poi{{TAG:0007:0000:08000000}}.{{TAG:0007:0000:08000000}}.{{TAG:0007:0000:08000000}}{{TAG:0003:0001:}}. questa è una cosina
per te!","{{TAG:0003:0025:}}Danke für deine Hilfe!
{{TAG:0003:0020:}}Und grüß {{TAG:0011:0001:0100}} schön von mir,
wenn du {{TAG:000E:0008:01CD0600690068006E000600730069006500040065007300}} das nächste Mal siehst!
{{TAG:0003:0027:}}Ach ja, und... {{TAG:0007:0000:14000000}}{{TAG:0007:0000:1E000000}}{{TAG:0003:0001:}}Das hier wollte
ich dir noch geben!","{{TAG:0003:0025:}}Bunu bana teslim ettiğin{{TAG:0007:0001:}} için
teşekkür ederim! {{TAG:0011:0001:0100}} için de{{TAG:0003:0027:}}
selamlarımı{{TAG:0007:0000:05000000}} ilet{{TAG:0007:0000:08000000}}{{TAG:0007:0000:08000000}}{{TAG:0007:0000:08000000}}{{TAG:0003:0001:}}. Şey... ayrıca
sana bunu vermek{{TAG:0007:0000:14000000}} istiyorum.
Zamanlaması tamamen tesadüf tabii."
35,036,"{{TAG:0003:0010:}}Oh, {{TAG:0007:0000:08000000}}my {{TAG:0011:0003:0000}}!{{TAG:0007:0000:14000000}}
{{TAG:0003:000D:}}I was positive that I'd lost this!{{TAG:0007:0001:}}
{{TAG:0003:0025:}}Whew.{{TAG:0007:0000:08000000}} What a relief!","{{TAG:0003:0010:}}¡Ay, {{TAG:0007:0000:14000000}}mi {{TAG:0011:0003:0000}}!{{TAG:0007:0000:14000000}}
{{TAG:0003:000D:}}¡Creía que l{{TAG:000E:0008:00CD02006F00020061000000}} había perdido!{{TAG:0007:0001:}}
{{TAG:0003:0025:}}¡Qué alegría recuperarl{{TAG:000E:0008:00CD02006F00020061000000}}!{{TAG:0003:0026:}}","{{TAG:0003:0010:}}{{TAG:000E:0008:00CD10004D006F006E002000630068006500720010004D006100200063006800E8007200650002003000}} {{TAG:0011:0003:0000}} !{{TAG:0007:0000:14000000}}
{{TAG:0003:000D:}}Je n'espérais pas {{TAG:000E:0008:00CD04006C00650004006C00610002003000}} retrouver un
jour ! {{TAG:0007:0001:}}{{TAG:0003:0025:}}Merci beaucoup !{{TAG:0003:0026:}}","{{TAG:0003:0010:}}Oh,{{TAG:0007:0000:14000000}} {{TAG:000E:0008:00CD0C0069006C0020006D0069006F000C006C00610020006D00690061000000}} {{TAG:0011:0003:0000}}!{{TAG:0007:0000:14000000}}
{{TAG:0003:000D:}}Ero sicura di {{TAG:000E:0008:00CD180061007600650072006C006F00200070006500720073006F00180061007600650072006C0061002000700065007200730061000000}}...{{TAG:0007:0001:}}
{{TAG:0003:0025:}}Che gioia {{TAG:000E:0008:00CD200061007600650072006C006F00200072006900740072006F007600610074006F00200061007600650072006C006100200072006900740072006F0076006100740061000000}}!{{TAG:0003:0026:}}","{{TAG:0003:0010:}}Oh, {{TAG:0007:0000:14000000}}{{TAG:000E:0008:00CD08006D00650069006E000A006D00650069006E00650008006D00650069006E00}} {{TAG:0011:0003:0000}}!{{TAG:0007:0000:14000000}}
{{TAG:0003:000D:}}Ich dachte schon, ich hätte {{TAG:000E:0008:00CD0600690068006E000600730069006500040065007300}}
für immer verloren!{{TAG:0000:0004:}}{{TAG:0003:0025:}}Jetzt bin ich wirklich erleichtert!{{TAG:0003:0026:}}","{{TAG:0003:0010:}}Aa,{{TAG:0007:0000:08000000}} benim {{TAG:0011:0003:0000}}!{{TAG:0007:0000:14000000}}{{TAG:0003:000D:}} Bunu kesin kaybettim
sanıyordum{{TAG:0007:0001:}}!{{TAG:0003:0025:}} Oh,{{TAG:0007:0000:08000000}} ne rahatladım!"
36,037,"{{TAG:0003:0010:}}Hey!{{TAG:0007:0000:14000000}} My {{TAG:0011:0003:0000}}!{{TAG:0007:0001:}}
{{TAG:0003:0029:}}I thought I'd lost it,{{TAG:0007:0000:08000000}} so I bought a
new one!","{{TAG:0003:0010:}}¡Ah!{{TAG:0007:0000:14000000}} ¡Mi {{TAG:0011:0003:0000}}!{{TAG:0007:0001:}}
{{TAG:0003:0029:}}¡Como pensé que l{{TAG:000E:0008:00CD02006F00020061000000}} había perdido,{{TAG:0007:0000:14000000}}
me compré otr{{TAG:000E:0008:00CD02006F00020061000000}} hace poco!","{{TAG:0003:0010:}}{{TAG:000E:0008:00CD12004D006F006E0020007600690065007500780014004D006100200076006900650069006C006C00650002003000}} {{TAG:0011:0003:0000}} !
{{TAG:0007:0001:}}{{TAG:0003:0029:}}Oh, j'étais tellement sûre de l'avoir
perd{{TAG:000E:0008:00CD0200750004007500650002003000}}{{TAG:0007:0000:14000000}} que j'en ai racheté {{TAG:000E:0008:00CD040075006E00060075006E00650002003000}} !","{{TAG:0003:0010:}}Oh!{{TAG:0007:0000:14000000}} {{TAG:000E:0008:00CD0C0049006C0020006D0069006F000C004C00610020006D00690061000000}} {{TAG:0011:0003:0000}}!{{TAG:0007:0001:}}
{{TAG:0003:0029:}}Pensavo di {{TAG:000E:0008:00CD180061007600650072006C006F00200070006500720073006F00180061007600650072006C0061002000700065007200730061000000}} {{TAG:0007:0000:14000000}}e ne ho già
{{TAG:000E:0008:00CD240063006F006D0070007200610074006F00200075006E006F0020006E0075006F0076006F00240063006F006D0070007200610074006100200075006E00610020006E0075006F00760061000000}}!","{{TAG:0003:0010:}}Uiii!{{TAG:0007:0000:14000000}} {{TAG:000E:0003:}}{{TAG:000E:0008:00CD08006D00650069006E000A006D00650069006E00650008006D00650069006E00}} {{TAG:0011:0003:0000}}!{{TAG:0000:0004:}}{{TAG:0003:0029:}}Und ich dachte, ich hätte {{TAG:000E:0008:00CD0600690068006E000600730069006500040065007300}}
verloren,{{TAG:0007:0000:14000000}} also hab ich mir {{TAG:000E:0008:00CD0A00650069006E0065006E000800650069006E0065000600650069006E00}}
{{TAG:000E:0008:00CD0A006E006500750065006E0008006E006500750065000A006E006500750065007300}} gekauft...","{{TAG:0003:0010:}}Aa!{{TAG:0007:0000:14000000}} Benim {{TAG:0011:0003:0000}}!{{TAG:0007:0001:}}{{TAG:0003:0029:}} Kaybettim sanıp{{TAG:0007:0000:08000000}}
yenisini almıştım!"
37,038,"{{TAG:0003:0009:}}Would you mind taking this off
my hands?{{TAG:0007:0000:1E000000}}{{TAG:0003:0001:}} You can have it for
free,{{TAG:0007:0000:05000000}} of course!{{TAG:000F:0005:00000000}}
Sure!
No, thanks!","{{TAG:0003:0009:}}Puedes quedarte con est{{TAG:000E:0008:00CD02006500020061000000}}
{{TAG:0011:0003:0000}} que me
sobra.{{TAG:0007:0000:1E000000}}{{TAG:0003:0001:}} ¡Te l{{TAG:000E:0008:00CD02006F00020061000000}} regalo!{{TAG:000F:0005:00000000}}
¡Vale!
No, gracias","{{TAG:0003:0009:}}Qu'est-ce que t'en dis ?{{TAG:0007:0000:1E000000}} Ça te ferait
plaisir de l'avoir ?{{TAG:0007:0000:1E000000}}{{TAG:0003:0001:}} Gratuitement, ça
va sans dire !{{TAG:000F:0005:00000000}}
Pour sûr !
Laisse tomber.","{{TAG:0003:0009:}}A me non serve più. A te può far
comodo?{{TAG:0007:0000:1E000000}}{{TAG:0003:0001:}} Ovviamente è un regalo!{{TAG:000F:0005:00000000}}
Certo, che gentile!
No, grazie!","{{TAG:0003:0009:}}Hast du vielleicht Interesse daran?{{TAG:0007:0000:1E000000}}{{TAG:0003:0001:}}
Umsonst, natürlich!{{TAG:000F:0005:00000000}}
Klar, gerne!
Nein danke.","{{TAG:0003:0009:}}Bunu benden devralmak ister{{TAG:0007:0000:1E000000}}{{TAG:0003:0001:}}
misin? Elbette{{TAG:0007:0000:05000000}} ücretsiz!{{TAG:000F:0005:00000000}}
Olur!
Yok, sağ ol!"
38,039,"{{TAG:0003:0009:}}Oh, {{TAG:0007:0000:05000000}}that's too bad! {{TAG:0007:0000:14000000}}{{TAG:0003:0024:}}I guess I'll just
keep this one as a backup then.","{{TAG:0003:0009:}}¿No? {{TAG:0007:0000:14000000}}{{TAG:0003:0024:}}Bueno, supongo que
ahora tendré dos.","{{TAG:0003:0009:}}Oh, quel dommage ! {{TAG:0007:0000:14000000}}{{TAG:0003:0024:}}J'en garderai
un exemplaire de secours, alors...","{{TAG:0003:0009:}}Oh, {{TAG:0007:0000:0A000000}}che peccato! {{TAG:0007:0000:14000000}}{{TAG:0003:0024:}}Vorrà dire che ne
terrò due. Un doppione può sempre
tornare utile!","{{TAG:0003:0009:}}Oh, {{TAG:0007:0000:0A000000}}das ist aber schade! {{TAG:0007:0000:14000000}}
{{TAG:0003:0024:}}Gut, dann habe ich eben zwei,
falls eins kaputtgeht...","{{TAG:0003:0009:}}Aa,{{TAG:0007:0000:05000000}} ne yazık!{{TAG:0007:0000:14000000}}{{TAG:0003:0024:}} O zaman yedek
olarak bende kalsın."
39,040,{{TAG:0003:0025:}}Great!{{TAG:0007:0000:14000000}} {{TAG:0003:0005:}}It's yours then!,"{{TAG:0003:0025:}}¡Genial!{{TAG:0007:0000:14000000}} {{TAG:0003:0005:}}¡Aquí tienes, cielo!",{{TAG:0003:0025:}}Parfait !{{TAG:0007:0000:14000000}} {{TAG:0003:0005:}}Tiens !,"{{TAG:0003:0025:}}Perfetto!{{TAG:0007:0000:14000000}} {{TAG:0003:0005:}}Tieni, non fare
complimenti!","{{TAG:0003:0025:}}Prima!{{TAG:0007:0000:14000000}} {{TAG:0003:0005:}}Hier, bitte schön.",{{TAG:0003:0025:}}Harika{{TAG:0007:0000:14000000}}!{{TAG:0003:0005:}} O zaman senin!
40,041,"{{TAG:0003:0005:}}Thank you so much!{{TAG:0007:0000:14000000}} {{TAG:0003:0025:}}Please give my
best to {{TAG:0011:0001:0100}}!","{{TAG:0003:0005:}}¡Eres {{TAG:000E:0006:040065006C0004006C006100}} mejor! {{TAG:0003:0025:}}¡Dale las gracias
a {{TAG:0011:0001:0100}} de mi parte!","{{TAG:0003:0005:}}Merci beaucoup ! {{TAG:0007:0000:14000000}}{{TAG:0003:0025:}}Et remercie aussi
{{TAG:0011:0001:0100}} de ma part !","{{TAG:0003:0005:}}Merci, merci, merci!{{TAG:0007:0000:14000000}} {{TAG:0003:0025:}}E ringrazia
tanto anche {{TAG:0011:0001:0100}} da parte
mia, mi raccomando!","{{TAG:0003:0005:}}Vielen lieben Dank!{{TAG:0007:0000:14000000}}{{TAG:0003:0025:}}
Bitte grüß doch {{TAG:0011:0001:0100}} von mir,
wenn du {{TAG:000E:0008:01CD0600690068006E000600730069006500040065007300}} wieder mal siehst!","{{TAG:0003:0005:}}Çok teşekkür{{TAG:0007:0000:14000000}}{{TAG:0003:0025:}} ederim! {{TAG:0011:0001:0100}} için de
sevgilerimi ilet lütfen!"
41,042,"{{TAG:0003:000B:}}Hmm{{TAG:0007:0000:08000000}}.{{TAG:0007:0000:08000000}}.{{TAG:0007:0000:08000000}}.{{TAG:0007:0000:08000000}} I guess I'll have to sell it at
Re-Tail.{{TAG:0007:0001:}} {{TAG:0003:0009:}}I'm sorry that you brought
it all the way over here for nothing.","{{TAG:0003:000B:}}Mmm{{TAG:0007:0000:08000000}}.{{TAG:0007:0000:08000000}}.{{TAG:0007:0000:08000000}}.{{TAG:0007:0000:08000000}} Pues tendré que ir a
la tienda de reciclaje, qué remedio.{{TAG:0007:0001:}}
{{TAG:0003:0009:}}¡Siento las molestias, cielo!","{{TAG:0003:000B:}}Bah, dans ce cas, je vais l'apporter
au magasin{{TAG:0007:0000:08000000}}.{{TAG:0007:0000:08000000}}.{{TAG:0007:0000:08000000}}.{{TAG:0007:0000:08000000}} {{TAG:0003:0025:}}Il y a bien quelqu'un
dont ça fera le bonheur !","{{TAG:0003:000B:}}Mmmh{{TAG:0007:0000:08000000}}.{{TAG:0007:0000:08000000}}.{{TAG:0007:0000:08000000}}.{{TAG:0007:0000:08000000}} Va bene, allora andrò
al negozio di oggetti usati.{{TAG:0007:0001:}}
{{TAG:0003:0009:}}Merci per la consegna!","{{TAG:0003:000B:}}Hmmm{{TAG:0007:0000:08000000}}.{{TAG:0007:0000:08000000}}.{{TAG:0007:0000:08000000}}.{{TAG:0007:0000:08000000}} Vielleicht bekomme ich
im Geschäft noch was dafür.{{TAG:0000:0004:}}{{TAG:0003:0009:}}Es tut mir jedenfalls leid, dass du
extra deswegen hergekommen bist.","{{TAG:0003:000B:}}Hımm{{TAG:0007:0000:08000000}}{{TAG:0007:0000:08000000}}{{TAG:0007:0000:08000000}}.{{TAG:0007:0000:08000000}}.. Sanırım bunu Re-Tail'da
satacağım{{TAG:0007:0001:}}{{TAG:0003:0009:}}. Boşuna buraya kadar
getirmiş oldun, kusura bakma."
42,043,"{{TAG:0003:000B:}}Hmmm{{TAG:0007:0000:08000000}}.{{TAG:0007:0000:08000000}}.{{TAG:0007:0000:08000000}}.{{TAG:0007:0000:08000000}} I guess I might use it
eventually,{{TAG:0007:0000:08000000}} {{TAG:0003:0024:}}so I'll hang on to it
for now.{{TAG:0000:0004:}}{{TAG:0003:0025:}}Anyway, {{TAG:0005:0008:}}, {{TAG:0007:0000:0A000000}}thanks for the
delivery!{{TAG:0003:0026:}}","{{TAG:0003:000B:}}Mmm{{TAG:0007:0000:08000000}}.{{TAG:0007:0000:08000000}}.{{TAG:0007:0000:08000000}}.{{TAG:0007:0000:08000000}} Tal vez me sirva para algo
algún día. Tirar cosas no es bueno
para el karma.{{TAG:0000:0004:}}{{TAG:0003:0025:}}¡Bueno, {{TAG:0005:0008:}}, {{TAG:0007:0000:0A000000}}muchísimas
gracias por traer el paquete!{{TAG:0003:0026:}}","{{TAG:0003:000B:}}Hum{{TAG:0007:0000:08000000}}.{{TAG:0007:0000:08000000}}.{{TAG:0007:0000:08000000}}.{{TAG:0007:0000:08000000}} Ma foi, j'en aurai peut-être
quand même l'usage un de ces
jours...
{{TAG:0003:0025:}}Merci encore d'avoir pris le temps
de m'apporter ça, {{TAG:0005:0008:}} !{{TAG:0003:0026:}}","{{TAG:0003:000B:}}Mmmh{{TAG:0007:0000:08000000}}.{{TAG:0007:0000:08000000}}.{{TAG:0007:0000:08000000}}.{{TAG:0007:0000:08000000}} Chissà, forse un giorno
potrebbe tornarmi utile?! {{TAG:0003:0024:}}Vediamo
se riesco a trovargli un posticino.{{TAG:0000:0004:}}{{TAG:0003:0025:}}Comunque sia, merci {{TAG:0005:0008:}},
{{TAG:0007:0000:0A000000}}per avermi consegnato il pacco!{{TAG:0003:0026:}}","{{TAG:0003:000B:}}Hmmm{{TAG:0007:0000:08000000}}.{{TAG:0007:0000:08000000}}.{{TAG:0007:0000:08000000}}.{{TAG:0007:0000:08000000}} Vielleicht brauche ich das
Teil ja irgendwann mal, {{TAG:0003:0024:}}also behalte
ich es eben.{{TAG:0000:0004:}}{{TAG:0003:0025:}}Danke jedenfalls für die Lieferung,
{{TAG:0005:0008:}}!{{TAG:0003:0026:}}","{{TAG:0003:000B:}}Hımm{{TAG:0007:0000:08000000}}{{TAG:0007:0000:08000000}}.{{TAG:0007:0000:08000000}}.{{TAG:0007:0000:08000000}}. Belki bir gün
kullanırım.{{TAG:0007:0000:08000000}}{{TAG:0003:0024:}} Şimdilik bende
kalsın.{{TAG:0000:0004:}}{{TAG:0003:0025:}} Neyse, {{TAG:0005:0008:}},{{TAG:0007:0000:0A000000}} teslimat için
teşekkür ederim!{{TAG:0003:0026:}}"
43,044,"{{TAG:0007:000D:}}{{TAG:0003:0009:}}Well, if you're interested, {{TAG:0007:0000:0A000000}}would you
like to buy it for...{{TAG:0007:0000:14000000}}{{TAG:0000:0003:0200}}{{TAG:0004:000A:0000}} Bells{{TAG:0000:0003:FFFF}}?{{TAG:000D:0008:02CD}}{{TAG:000F:0005:00000000}}
Yes!
No, thanks.","{{TAG:0007:000D:}}{{TAG:0003:0009:}}¿A ti no te interesaría tener
{{TAG:000E:0002:}}{{TAG:0011:0003:0000}}?{{TAG:0007:0000:0A000000}}
Te l{{TAG:000E:0008:00CD02006F00020061000000}} doy por {{TAG:0000:0003:0200}}{{TAG:0004:000A:0000}} bayas{{TAG:0000:0003:FFFF}}.{{TAG:000D:0008:02CD}}{{TAG:000F:0005:00000000}}
¡Vale!
No, gracias","{{TAG:0007:000D:}}{{TAG:0003:0009:}}Du coup, si ça t'intéresse, je suis
prête à m'en séparer pour
{{TAG:0000:0003:0200}}{{TAG:0004:000A:0000}} clochettes{{TAG:0000:0003:FFFF}}.{{TAG:000D:0008:02CD}}{{TAG:000F:0005:00000000}}
Vendu !
Ben voyons...","{{TAG:0007:000D:}}{{TAG:0003:0009:}}Senti, {{TAG:0007:0000:14000000}}se ti interessa, {{TAG:0007:0000:0A000000}}posso farti
un buon prezzo! Che ne dici di
{{TAG:0000:0003:0200}}{{TAG:0004:000A:0000}} stelline{{TAG:0000:0003:FFFF}}?{{TAG:000D:0008:02CD}}{{TAG:000F:0005:00000000}}
Sì, affare fatto!
No, grazie.","{{TAG:0007:000D:}}{{TAG:0003:0009:}}Also, {{TAG:0007:0000:14000000}}falls du Interesse hättest, {{TAG:0007:0000:0A000000}}
würde ich dir das gute Stück für
{{TAG:0000:0003:0200}}{{TAG:0004:000A:0000}} Sternis {{TAG:0000:0003:FFFF}}verkaufen.{{TAG:0007:0000:14000000}} Ja?{{TAG:000D:0008:02CD}}{{TAG:000F:0005:00000000}}
Oh, sehr gerne!
Ach, nein danke.","{{TAG:0007:000D:}}{{TAG:0003:0009:}}İlgini{{TAG:0007:0000:0A000000}} çekerse... {{TAG:0007:0000:14000000}}{{TAG:0000:0003:0200}}{{TAG:0004:000A:0000}} Bell
karşılığında almak ister{{TAG:0000:0003:FFFF}} misin?{{TAG:000D:0008:02CD}}{{TAG:000F:0005:00000000}}
Evet!
Yok, sağ ol."
44,045,"{{TAG:0003:0024:}}Oh, {{TAG:0007:0000:08000000}}that's too bad!{{TAG:0007:0001:}} {{TAG:0003:0025:}}But I know what
you mean. {{TAG:0007:0000:14000000}}I'll go ahead and sell it at
Re-Tail.","{{TAG:0003:0024:}}¡Pues qué pena!{{TAG:0007:0001:}} {{TAG:0003:0025:}}Iré a la tienda
de reciclaje por si le interesa
a otra persona.","{{TAG:0003:0024:}}Oh, tu ne sais pas ce que tu perds !{{TAG:0007:0001:}}{{TAG:0003:0025:}}
Si c'est comme ça, je vais l'offrir à
des acheteurs plus avisés que toi !","{{TAG:0003:0024:}}Oh, {{TAG:0007:0000:14000000}}che peccato!{{TAG:0007:0001:}} {{TAG:0003:0025:}}Ma non
preoccuparti. {{TAG:0007:0000:14000000}}Andrò da Ricicla
e Ricrea. A qualcuno piacerà!","{{TAG:0003:0024:}}Oh, {{TAG:0007:0000:14000000}}schade!{{TAG:0007:0000:1E000000}} {{TAG:0003:0025:}}Aber das versteh ich
schon. {{TAG:0007:0000:14000000}}Ich werde mal im Laden
nachfragen.","{{TAG:0003:0024:}}Aa,{{TAG:0007:0000:08000000}} yazık oldu!{{TAG:0007:0001:}}{{TAG:0003:0025:}} Ama seni
anlıyorum. Ben{{TAG:0007:0000:14000000}} de gidip
Re-Tail'da satarım."
45,046,{{TAG:0003:0003:}}Really?!{{TAG:0007:0000:14000000}} That's great!,"{{TAG:0003:0003:}}¡¿Sí?!{{TAG:0007:0000:14000000}} ¡Genial, cielo!",{{TAG:0003:0003:}}C'est vrai ? {{TAG:0007:0000:14000000}}Super !,{{TAG:0003:0003:}}Davvero?!{{TAG:0007:0000:14000000}} Che gioia!,"{{TAG:0003:0003:}}Wirklich?{{TAG:0007:0000:14000000}} Hihi, ist ja prima!",{{TAG:0003:0003:}}Gerçekten{{TAG:0007:0000:14000000}} mi?! Harika!
46,047,{{TAG:0003:0003:}}Thank you so much! {{TAG:0007:0000:14000000}}I appreciate it!{{TAG:0007:0000:1E000000}}{{TAG:0003:0025:}},{{TAG:0003:0003:}}¡Muchas gracias! {{TAG:0007:0000:1E000000}}¡Aquí tienes!{{TAG:0007:0000:1E000000}}{{TAG:0003:0025:}},"{{TAG:0003:0003:}}Merci beaucoup ! {{TAG:0007:0000:1E000000}}C'est un plaisir de
faire des affaires avec toi !{{TAG:0007:0000:1E000000}}{{TAG:0003:0025:}}","{{TAG:0003:0003:}}Merci, merci, merci!{{TAG:0007:0000:1E000000}}
{{TAG:0007:0000:1E000000}}Sono contentissimissima!{{TAG:0003:0025:}}","{{TAG:0003:0003:}}Vielen lieben Dank! {{TAG:0007:0000:1E000000}}
Das ist nett von dir!{{TAG:0007:0000:1E000000}}{{TAG:0003:0025:}}","{{TAG:0003:0003:}}Çok teşekkür ederim! Gerçekten{{TAG:0007:0000:14000000}}
çok makbule geçti!{{TAG:0007:0000:1E000000}}{{TAG:0003:0025:}}"
47,048,"{{TAG:0007:0000:08000000}}.{{TAG:0007:0000:08000000}}.{{TAG:0007:0000:08000000}}.{{TAG:0007:0000:08000000}}{{TAG:0003:0010:}}Uh-oh. {{TAG:0007:0000:14000000}}Looks like you don't have
enough money.","{{TAG:0003:0010:}}Em... {{TAG:0007:0000:14000000}}Parece que no tienes
suficientes bayas, cielo.","{{TAG:0003:0010:}}Euh{{TAG:0007:0000:08000000}}.{{TAG:0007:0000:08000000}}.{{TAG:0007:0000:08000000}}.{{TAG:0007:0000:08000000}} Tu es à court d'argent, j'ai
l'impression...","{{TAG:0007:0000:08000000}}.{{TAG:0007:0000:08000000}}.{{TAG:0007:0000:08000000}}.{{TAG:0007:0000:08000000}}{{TAG:0003:0010:}} Ehm... {{TAG:0007:0000:14000000}}Mi pare che tu non abbia
abbastanza stelline.","{{TAG:0007:0000:08000000}}{{TAG:0003:0010:}}Oh weh.{{TAG:0007:0000:08000000}}.{{TAG:0007:0000:08000000}}.{{TAG:0007:0000:08000000}} Du hast gar nicht genug
Geld, oder?",{{TAG:0007:0000:08000000}}.{{TAG:0007:0000:08000000}}.{{TAG:0007:0000:08000000}}{{TAG:0007:0000:08000000}}{{TAG:0003:0010:}}.Eyvah{{TAG:0007:0000:14000000}}. Görünüşe göre paran yetmiyor.
48,049,"{{TAG:0003:0025:}}OK, {{TAG:0007:0000:0A000000}}I'll take whatever you've got!","{{TAG:0003:0025:}}¡No pasa nada! {{TAG:0007:0000:0A000000}}¡Me conformo
con las que tienes en los bolsillos!","{{TAG:0003:0025:}}Bah, donne-moi ce que tu as, {{TAG:0007:0000:0A000000}}c'est
bon !","{{TAG:0003:0025:}}Va bene, {{TAG:0007:0000:0A000000}}dammi quello che hai!
Sì, il denaro non mi interessa.
Io vivo di arte e di bellezza!","{{TAG:0003:0025:}}Ach, ich will mal nicht so pingelig
sein. {{TAG:0007:0000:0A000000}}Gib mir einfach die Sternis,
die du dabeihast.","{{TAG:0003:0025:}}Peki{{TAG:0007:0000:0A000000}}, yanında ne varsa ona razıyım!"
49,050,"Well{{TAG:0007:0000:08000000}}.{{TAG:0007:0000:08000000}}.{{TAG:0007:0000:08000000}}.{{TAG:0007:0000:14000000}}{{TAG:0003:0025:}}I'll go ahead and give it to you
for free! {{TAG:0007:0001:}}Consider it a reward for
going to the trouble of delivering it!{{TAG:0003:0026:}}","¿Sabes qué? {{TAG:0007:0000:14000000}}{{TAG:0003:0025:}}¡Es gratis!{{TAG:0003:0026:}}
¡Por el trabajo de traer
el paquete hasta aquí!","{{TAG:0007:0000:08000000}}.{{TAG:0007:0000:08000000}}.{{TAG:0007:0000:08000000}}.{{TAG:0007:0000:14000000}}{{TAG:0003:0025:}} Ce n'est pas grave, je te l'offre !{{TAG:0007:0001:}}
Cadeau de la maison pour te
remercier de la livraison !{{TAG:0003:0026:}}","Beh{{TAG:0007:0000:08000000}}.{{TAG:0007:0000:08000000}}.{{TAG:0007:0000:08000000}}.{{TAG:0007:0000:14000000}}{{TAG:0003:0025:}} Lasciamo stare i soldi!
{{TAG:0007:0001:}}Consideralo un regalo per
il tuo disturbo!{{TAG:0003:0026:}}","Ach{{TAG:0007:0000:08000000}}.{{TAG:0007:0000:08000000}}.{{TAG:0007:0000:08000000}}.{{TAG:0007:0000:14000000}}{{TAG:0003:0025:}} Ich will mal nicht so sein.{{TAG:0000:0004:}}Sieh's als Geschenk, schließlich
hattest du die ganzen Umstände
damit!{{TAG:0003:0026:}}","Şey{{TAG:0007:0000:08000000}}.{{TAG:0007:0000:08000000}}.{{TAG:0007:0000:08000000}}.{{TAG:0007:0000:14000000}}{{TAG:0003:0025:}} O kadar uğraşıp getirdin.
Bu kez{{TAG:0007:0001:}} ücretsiz senin olsun!
Teslimat emeğinin ödülü say.{{TAG:0003:0026:}}"
50,051,"{{TAG:0003:000B:}}Gosh. {{TAG:0007:0000:14000000}}{{TAG:0003:0009:}}I'd like to be able to give it
to you for nothing, but{{TAG:0007:0000:08000000}}.{{TAG:0007:0000:08000000}}.{{TAG:0007:0000:08000000}}.{{TAG:0007:0000:08000000}}I just can't.{{TAG:0000:0004:}}{{TAG:0003:000D:}}I know you're interested in taking it,
{{TAG:0007:0000:08000000}}so I'm really sorry, {{TAG:0007:0000:08000000}}{{TAG:0005:0007:}}.","{{TAG:0003:000B:}}Ay... {{TAG:0007:0000:1E000000}}{{TAG:0003:0009:}}Me gustaría darte esto gratis{{TAG:0007:0000:08000000}}.{{TAG:0007:0000:08000000}}.{{TAG:0007:0000:08000000}}.
{{TAG:0007:0000:14000000}}pero no puedo.{{TAG:0000:0004:}}{{TAG:0003:000D:}}Lo siento mucho, {{TAG:0007:0000:0F000000}}{{TAG:0005:0007:}}.","{{TAG:0003:000B:}}Zut alors ! {{TAG:0007:0000:1E000000}}{{TAG:0003:0009:}}J'aimerais pouvoir te
l'offrir, mais malheureusement...{{TAG:0000:0004:}}{{TAG:0003:000D:}}Ça me fend le cœur, mais il faudra
que tu t'en passes, {{TAG:0007:0000:0F000000}}{{TAG:0005:0007:}}.","{{TAG:0003:000B:}}Ops! {{TAG:0007:0000:1E000000}}{{TAG:0003:0009:}}Vorrei tanto poterti fare
un regalo{{TAG:0007:0000:08000000}}.{{TAG:0007:0000:08000000}}.{{TAG:0007:0000:08000000}}.{{TAG:0007:0000:08000000}} ma questa volta
non mi è possibile, scusami!
{{TAG:0003:000D:}}So che ti piaceva {{TAG:0007:0000:0F000000}}e per questo
mi dispiaccio ancora di più,
{{TAG:0007:0000:0F000000}}{{TAG:0005:0007:}}.","{{TAG:0003:000B:}}Ach, schade. {{TAG:0007:0000:1E000000}}{{TAG:0003:0009:}}Ich würde ja ein
Geschenk daraus machen,
aber{{TAG:0007:0000:08000000}}.{{TAG:0007:0000:08000000}}.{{TAG:0007:0000:08000000}}.{{TAG:0007:0000:08000000}} Das geht leider nicht!
{{TAG:0003:000D:}}Du hast zwar gesagt, dass du
Interesse hast, aber...{{TAG:0007:0000:14000000}}{{TAG:0007:0000:0F000000}} Tut mir
echt leid, {{TAG:0007:0000:0F000000}}{{TAG:0005:0007:}}.","{{TAG:0003:000B:}}Keşke{{TAG:0007:0000:14000000}}{{TAG:0003:0009:}} bedavaya verebilsem ama...
bunu yapamam{{TAG:0007:0000:08000000}}.{{TAG:0007:0000:08000000}}{{TAG:0007:0000:08000000}}{{TAG:0007:0000:08000000}} İlgini{{TAG:0000:0004:}}{{TAG:0003:000D:}} çektiğini
biliyorum, o yüzden{{TAG:0007:0000:08000000}} gerçekten
üzgünüm, {{TAG:0007:0000:08000000}}{{TAG:0005:0007:}}."
51,052,"{{TAG:0003:0010:}}Oh! {{TAG:0007:0000:14000000}}You don't have any money
with you.",{{TAG:0003:0010:}}¡Eh! {{TAG:0007:0000:14000000}}¡No tienes ni una baya!,"{{TAG:0003:0010:}}Oh ! {{TAG:0007:0000:14000000}}Pas de clochettes, pas de
transaction. Je regrette.",{{TAG:0003:0010:}}Oh! {{TAG:0007:0000:14000000}}Non hai nemmeno una stellina!,{{TAG:0003:000F:}}Oh! {{TAG:0007:0000:14000000}}Du hast gar keine Sternis!,{{TAG:0003:0010:}}Aa!{{TAG:0007:0000:14000000}} Yanında hiç para yokmuş.
52,053,"{{TAG:0003:0025:}}OK, {{TAG:0007:0000:08000000}}how about we do it next time,{{TAG:0007:0000:08000000}}
{{TAG:0005:0007:}}?","{{TAG:0003:0025:}}Quizá en otra ocasión,
{{TAG:0007:0000:0F000000}}{{TAG:0005:0007:}}.","{{TAG:0003:0025:}}OK, {{TAG:0007:0000:0A000000}}ce sera pour une prochaine fois,
{{TAG:0005:0007:}} !","{{TAG:0003:0025:}}Va bene, {{TAG:0007:0000:0A000000}}forse è meglio se
rimandiamo a un'altra volta,
{{TAG:0007:0000:0F000000}}{{TAG:0005:0007:}}?","{{TAG:0003:0025:}}Hmmm, {{TAG:0007:0000:0A000000}}vielleicht nächstes Mal,{{TAG:0007:0000:0F000000}}
{{TAG:0005:0007:}}, ja?","{{TAG:0003:0025:}}Peki{{TAG:0007:0000:08000000}}, bunu bir dahaki sefere
yapalım,{{TAG:0007:0000:08000000}} {{TAG:0005:0007:}}."
53,054,"{{TAG:0003:000B:}}Well{{TAG:0007:0000:08000000}}.{{TAG:0007:0000:08000000}}.{{TAG:0007:0000:08000000}}.{{TAG:0007:0000:1E000000}} {{TAG:0003:0025:}}In that case, here. {{TAG:0007:0000:0A000000}}Take it for
free!{{TAG:0003:0026:}}{{TAG:0007:0001:}} {{TAG:0003:0015:}}Consider it my way of saying
thanks for the delivery.{{TAG:0003:0025:}}","{{TAG:0003:000B:}}Pues en ese caso{{TAG:0007:0000:08000000}}.{{TAG:0007:0000:08000000}}.{{TAG:0007:0000:08000000}}.{{TAG:0007:0000:1E000000}} {{TAG:0003:0025:}}¡Es gratis!
{{TAG:0003:0026:}}{{TAG:0007:0001:}}{{TAG:0003:0015:}}Como agradecimiento por traer
el paquete, bichín.{{TAG:0003:0025:}}","{{TAG:0003:000B:}}Je vois{{TAG:0007:0000:08000000}}.{{TAG:0007:0000:08000000}}.{{TAG:0007:0000:08000000}}.{{TAG:0007:0000:1E000000}}{{TAG:0003:0025:}} Ce n'est pas grave, je te
l'offre ! {{TAG:0003:0026:}}{{TAG:0007:0001:}}{{TAG:0003:0015:}}Tu as de la chance d'avoir
une amie aussi cool !","{{TAG:0003:000B:}}Beh{{TAG:0007:0000:08000000}}.{{TAG:0007:0000:08000000}}.{{TAG:0007:0000:08000000}}.{{TAG:0007:0000:1E000000}} {{TAG:0003:0025:}}Sai che ti dico? {{TAG:0007:0000:0A000000}}È gratis!
{{TAG:0003:0026:}}{{TAG:0007:0001:}}{{TAG:0003:0015:}}Consideralo come un regalo per
avermi consegnato il pacco.{{TAG:0003:0025:}}","{{TAG:0003:000B:}}Ach{{TAG:0007:0000:08000000}}.{{TAG:0007:0000:08000000}}.{{TAG:0007:0000:08000000}}.{{TAG:0007:0000:1E000000}} {{TAG:0003:0025:}}Eigentlich kannst du das
gute Stück auch einfach umsonst
haben. {{TAG:0003:0026:}}{{TAG:0000:0004:}}{{TAG:0003:0015:}}Sieh es als Dankeschön an,
für die Umstände, die du dir
deswegen gemacht hast.{{TAG:0003:0025:}}","{{TAG:0003:000B:}}Şey{{TAG:0007:0000:08000000}}.{{TAG:0007:0000:08000000}}{{TAG:0007:0000:08000000}}.{{TAG:0007:0000:1E000000}}.{{TAG:0003:0025:}} O hâlde al,{{TAG:0007:0000:0A000000}} ücretsiz
senin{{TAG:0003:0026:}}{{TAG:0007:0001:}}{{TAG:0003:0015:}} olsun! Teslimat için
teşekkürüm say.{{TAG:0003:0025:}}"
54,055,{{TAG:0003:0025:}}Thank you so much!,{{TAG:0003:0025:}}¡Muchas gracias!,{{TAG:0003:0025:}}Merci beaucoup !,"{{TAG:0003:0025:}}Merci, merci, merci!",{{TAG:0003:0025:}}Vielen Dank!,{{TAG:0003:0025:}}Çok teşekkür ederim!
55,056,{{TAG:0003:0017:}}What could it be?,{{TAG:0003:0017:}}¿Qué será?,{{TAG:0003:0017:}}Je me demande ce que c'est...,{{TAG:0003:0017:}}Che cosa sarà?,{{TAG:0003:0017:}}Was das wohl ist?,{{TAG:0003:0017:}}Acaba ne olabilir?
56,057,{{TAG:0003:0005:}}Oh!{{TAG:0007:0000:14000000}} My {{TAG:0011:0003:0000}}!,{{TAG:0003:0005:}}¡Oh!{{TAG:0007:0000:14000000}} ¡Mi {{TAG:0011:0003:0000}}!,{{TAG:0003:0005:}} {{TAG:000E:0003:}}{{TAG:000E:0002:}}{{TAG:0011:0003:0000}} !,{{TAG:0003:0005:}}Oh!{{TAG:0007:0000:14000000}} {{TAG:000E:0008:00CD0C0049006C0020006D0069006F000C004C00610020006D00690061000000}} {{TAG:0011:0003:0000}}!,{{TAG:0003:0005:}}Oh!{{TAG:0007:0000:14000000}} {{TAG:000E:0003:}}{{TAG:000E:0008:00CD08006D00650069006E000A006D00650069006E00650008006D00650069006E00}} {{TAG:0011:0003:0000}}!,{{TAG:0003:0005:}}Aa!{{TAG:0007:0000:14000000}} Benim {{TAG:0011:0003:0000}}!
57,058,"{{TAG:0003:0010:}}Oh{{TAG:0007:0000:08000000}}.{{TAG:0007:0000:08000000}}.{{TAG:0007:0000:08000000}}.{{TAG:0007:0000:08000000}}come to think of it, {{TAG:0007:0000:0A000000}}I DID ask
{{TAG:0011:0001:0100}} about this!{{TAG:0000:0004:}}{{TAG:0003:0012:}}Drat. {{TAG:0007:0000:14000000}}I totally forgot that{{TAG:0007:0000:0A000000}} {{TAG:0003:0029:}}and just
bought myself a new one!{{TAG:0000:0004:}}{{TAG:0003:0027:}}Well,{{TAG:0007:0000:08000000}} are you curious about what's
inside the package, {{TAG:0005:0008:}}?{{TAG:0000:0004:}}{{TAG:0007:000D:}}{{TAG:0003:0025:}}What would you say about buying it
wrapped for {{TAG:0000:0003:0200}}{{TAG:0004:000A:0000}} Bells{{TAG:0000:0003:FFFF}}?{{TAG:0000:0004:}}{{TAG:0003:0025:}}It's brand new, {{TAG:0007:0000:0A000000}}and I honestly think
you'd really like it, {{TAG:0007:0000:05000000}}{{TAG:0005:0008:}}!{{TAG:000D:0008:02CD}}{{TAG:000F:0005:15002800}}
Why not!
No, thanks.","{{TAG:0003:0010:}}Huy, es verdad{{TAG:0007:0000:08000000}}.{{TAG:0007:0000:08000000}}.{{TAG:0007:0000:08000000}}.{{TAG:0007:0000:08000000}}
¡Si esto se lo pedí yo!{{TAG:0000:0004:}}{{TAG:0003:0012:}}No me acordaba.{{TAG:0007:0000:0A000000}}{{TAG:0003:0029:}} ¡Resulta que
ya me compré uno para mí!{{TAG:0000:0004:}}{{TAG:0003:0027:}}Oye, {{TAG:0007:0000:14000000}}{{TAG:0005:0008:}}. {{TAG:0007:0000:0F000000}}¿No tienes
curiosidad por saber qué hay
dentro del paquete?
{{TAG:0007:000D:}}{{TAG:0003:000D:}}¿Qué te parecería comprarlo
por {{TAG:0000:0003:0200}}{{TAG:0004:000A:0000}} bayas{{TAG:0000:0003:FFFF}}?{{TAG:0000:0004:}}{{TAG:0003:0025:}}¡El objeto del interior es nuevo,{{TAG:0007:0000:0A000000}}
y estoy convencidita de que
te gustará, sol!{{TAG:000D:0008:02CD}}{{TAG:000F:0005:00002800}}
¡Compro!
No, paso","{{TAG:0003:0010:}}Oh, ça me revient maintenant !
C'est moi qui lui ai demandé de
m'envoyer ça !
{{TAG:0003:0029:}}Dire que je viens d'acheter la même
chose... {{TAG:0007:0000:0A000000}}{{TAG:0003:0012:}}Ça m'était complètement
sorti de la tête, nom d'un gyroïde !
{{TAG:0003:0027:}}Bref, nous disions{{TAG:0007:0000:08000000}}.{{TAG:0007:0000:08000000}}.{{TAG:0007:0000:08000000}}.{{TAG:0007:0000:08000000}} Je suis sûre que
tu meurs d'envie de savoir ce que
c'est, {{TAG:0005:0008:}} !
{{TAG:0007:000D:}}{{TAG:0000:0003:0200}}{{TAG:0004:000A:0000}} clochettes {{TAG:0000:0003:FFFF}}et c'est à toi !
Qu'est-ce que tu en dis ?{{TAG:0000:0004:}}Ça n'a jamais servi, et je suis prête
à parier que tu vas adorer !{{TAG:000D:0008:02CD}}{{TAG:000F:0005:15002800}}
Tu m'as convainc{{TAG:000E:0006:02007500040075006500}}.
À d'autres !","{{TAG:0003:0010:}}Oh{{TAG:0007:0000:08000000}}.{{TAG:0007:0000:08000000}}.{{TAG:0007:0000:08000000}}.{{TAG:0007:0000:08000000}} Ora che ci penso, {{TAG:0007:0000:0A000000}}ero stata io
a dire a {{TAG:0011:0001:0100}} che volevo
una cosa così. L'avevo dimenticato!{{TAG:0007:0000:0A000000}}
{{TAG:0003:0029:}}A dire la verità, ce l'ho già!
{{TAG:0003:0027:}}Sei curios{{TAG:000E:0006:02006F0002006100}} di sapere cosa c'è
nel pacco, {{TAG:0005:0008:}}?{{TAG:0000:0004:}}{{TAG:0007:000D:}}{{TAG:0003:0025:}}Ti va di fare un acquisto a scatola
chiusa? Facciamo {{TAG:0000:0003:0200}}{{TAG:0004:000A:0000}} stelline{{TAG:0000:0003:FFFF}}?{{TAG:0000:0004:}}{{TAG:0003:0025:}}È un oggetto nuovissimo {{TAG:0007:0000:0A000000}}e sono
certa che lo adoreraaai, {{TAG:0007:0000:05000000}}{{TAG:0005:0008:}}!{{TAG:000D:0008:02CD}}{{TAG:000F:0005:15002800}}
Ma sì, perché no?!
No, grazie.","{{TAG:0003:000F:}}Huch!{{TAG:0007:0000:14000000}} Ach ja{{TAG:0007:0000:08000000}}.{{TAG:0007:0000:08000000}}.{{TAG:0007:0000:08000000}}.{{TAG:0007:0000:08000000}} Ich hatte {{TAG:0011:0001:0000}}
mal gesagt, dass {{TAG:000E:0008:00CD0400650072000600730069006500040065007300}} mir so was
besorgen soll!
Tja. {{TAG:0007:0000:14000000}}Und dann hab ich's völlig
vergessen{{TAG:0007:0000:0A000000}}{{TAG:0003:0029:}} und mir selbst eins
gekauft!
{{TAG:0003:0027:}}Jetzt bist du sicher neugierig,
was da drin ist. {{TAG:0007:0000:14000000}}Stimmt's?{{TAG:0000:0004:}}{{TAG:0007:000D:}}{{TAG:0003:0025:}}Wie wäre es, wenn ich es dir für
nur {{TAG:0000:0003:0200}}{{TAG:0004:000A:0000}} Sternis {{TAG:0000:0003:FFFF}}verkaufe?{{TAG:0000:0004:}}{{TAG:0003:0025:}}Es ist auch ganz neu, {{TAG:0007:0000:0A000000}}und ich bin
mir auch recht sicher, dass es
dir gefallen würde.{{TAG:000D:0008:02CD}}{{TAG:000F:0005:15002800}}
Ja, wieso nicht?
Kein Interesse.","{{TAG:0003:0010:}}Aa{{TAG:0007:0000:08000000}}{{TAG:0007:0000:08000000}}.{{TAG:0007:0000:08000000}}.{{TAG:0007:0000:08000000}}. şimdi hatırladım{{TAG:0007:0000:0A000000}}, bunu {{TAG:0011:0001:0100}}
sormuştum{{TAG:0000:0004:}}{{TAG:0003:0012:}}! Tüh{{TAG:0007:0000:14000000}}. Tamamen unutup{{TAG:0007:0000:0A000000}}{{TAG:0003:0029:}}
kendime yenisini aldım!{{TAG:0000:0004:}}{{TAG:0003:0027:}} Paketin{{TAG:0007:0000:08000000}}
içinde ne olduğunu merak ediyor
musun, {{TAG:0005:0008:}}{{TAG:0000:0004:}}{{TAG:0007:000D:}}{{TAG:0003:0025:}}? Açılmamış hâliyle {{TAG:0000:0003:0200}}{{TAG:0004:000A:0000}} Bell{{TAG:0000:0003:FFFF}}{{TAG:0000:0004:}}{{TAG:0003:0025:}}
karşılığında almak{{TAG:0007:0000:0A000000}} ister misin?
Yepyeni ve bence çok hoşuna
gider, {{TAG:0007:0000:05000000}}{{TAG:0005:0008:}}!{{TAG:000D:0008:02CD}}{{TAG:000F:0005:15002800}}
Neden olmasın!
Yok, sağ ol."
58,059,"{{TAG:0003:0009:}}Oh, {{TAG:0007:0000:14000000}}OK. {{TAG:0007:0000:14000000}}It has {{TAG:000E:0002:}}
{{TAG:0011:0003:0000}} inside, {{TAG:0007:0000:0A000000}}
by the way{{TAG:0007:0000:08000000}}.{{TAG:0007:0000:08000000}}.{{TAG:0007:0000:08000000}}.{{TAG:0007:0000:08000000}}
{{TAG:0003:0025:}}Anyway, {{TAG:0007:0000:0A000000}}it was nice of you to
deliver it! {{TAG:0007:0000:14000000}}Thank you.","{{TAG:0003:0009:}}Como quieras. {{TAG:0007:0000:14000000}}Dentro había
{{TAG:000E:0002:}}{{TAG:0011:0003:0000}},
por cierto{{TAG:0007:0000:08000000}}.{{TAG:0007:0000:08000000}}.{{TAG:0007:0000:08000000}}.{{TAG:0007:0000:08000000}}
{{TAG:0003:0025:}}¡Bueno, gracias de todos modos
por traerme el paquete, cariño!","{{TAG:0003:0009:}}Soit. {{TAG:0007:0000:14000000}}Comme tu ne sais pas ce que
tu perds, je vais te le dire : c'était
{{TAG:000E:0002:}}{{TAG:0011:0003:0000}} !
{{TAG:0003:0025:}}Enfin, merci quand même de me
l'avoir apport{{TAG:000E:0008:00CD0200E9000400E900650002003000}}.","{{TAG:0003:0009:}}Oh, {{TAG:0007:0000:14000000}}va bene. {{TAG:0007:0000:14000000}}Dentro c'è
{{TAG:000E:0002:}}{{TAG:0011:0003:0000}}{{TAG:0007:0000:0A000000}}{{TAG:0007:0000:08000000}}.{{TAG:0007:0000:08000000}}.{{TAG:0007:0000:08000000}}.{{TAG:0007:0000:08000000}}{{TAG:0000:0004:}}{{TAG:0003:0025:}}Comunque, {{TAG:0007:0000:0A000000}}sei stat{{TAG:000E:0006:02006F0002006100}} molto gentile
a consegnarmi il pacco! {{TAG:0007:0000:14000000}}Merci!","{{TAG:0003:0009:}}Oh, {{TAG:0007:0000:14000000}}also gut. {{TAG:0007:0000:14000000}}Da ist übrigens
{{TAG:000E:0002:}}{{TAG:0011:0003:0000}} drin.{{TAG:0000:0004:}}{{TAG:0003:0025:}}Danke jedenfalls, dass du dir
die Mühe gemacht hast und {{TAG:000E:0008:00CD0600690068006E000600730069006500040065007300}}
hergebracht hast!","{{TAG:0003:0009:}}Aa, peki{{TAG:0007:0000:14000000}}. Bu{{TAG:0007:0000:14000000}} arada içinde {{TAG:000E:0002:}} {{TAG:0011:0003:0000}}
varmış{{TAG:0007:0000:0A000000}}... Yine{{TAG:0007:0000:08000000}}{{TAG:0007:0000:08000000}} de{{TAG:0007:0000:08000000}}{{TAG:0007:0000:08000000}}{{TAG:0003:0025:}} getirme{{TAG:0007:0000:0A000000}}
inceliğin için teşekkür{{TAG:0007:0000:14000000}} ederim!"
59,060,{{TAG:0003:0025:}}Great!{{TAG:0007:0000:14000000}} {{TAG:0003:0005:}}Thank you!,"{{TAG:0003:0025:}}¡Genial! {{TAG:0007:0000:14000000}}{{TAG:0003:0005:}}¡Gracias, calabacín!",{{TAG:0003:0025:}}Super !{{TAG:0007:0000:14000000}} {{TAG:0003:0005:}}Merci !,{{TAG:0003:0025:}}Fantastico!{{TAG:0007:0000:14000000}} {{TAG:0003:0005:}}Merci!,{{TAG:0003:0025:}}Prima!{{TAG:0007:0000:14000000}} {{TAG:0003:0005:}}Danke schön!,{{TAG:0003:0025:}}Harika!{{TAG:0007:0000:14000000}}{{TAG:0003:0005:}} Teşekkür ederim!
60,061,"{{TAG:0003:0005:}}It'll be a nice surprise to discover
what's inside!{{TAG:0007:0001:}} {{TAG:0003:0025:}}Anyway,{{TAG:0007:0000:08000000}} please give
my regards to {{TAG:0011:0001:0100}}!","{{TAG:0003:0005:}}¡Al final te has ganado un regalito!{{TAG:0007:0001:}}
{{TAG:0003:0025:}}Dale las gracias a {{TAG:0011:0001:0100}}
de mi parte, ¿vale?","{{TAG:0003:0005:}}Ce paquet te réserve une jolie
surprise, tu verras !{{TAG:0000:0004:}}{{TAG:0003:0025:}}Et n'oublie pas de passer le
bonjour à {{TAG:0011:0001:0100}} de ma part !","{{TAG:0003:0005:}}Non vedrai l'ora di sapere cosa
c'è dentro!{{TAG:0007:0001:}} {{TAG:0003:0025:}}Beh,{{TAG:0007:0000:0A000000}} ringrazia tanto
anche {{TAG:0011:0001:0100}} da parte mia!","{{TAG:0003:0005:}}Das wird eine nette Überraschung,
wenn du herausfindest, was es ist!{{TAG:0000:0004:}}{{TAG:0003:0025:}}Grüß {{TAG:0011:0001:0100}} recht herzlich,
wenn ihr euch mal wieder trefft!","{{TAG:0003:0005:}}İçinden ne çıkacağını görmek
güzel bir{{TAG:0007:0001:}}{{TAG:0003:0025:}} sürpriz{{TAG:0007:0000:08000000}} olacak! Neyse,
{{TAG:0011:0001:0100}} için de selamlarımı ilet lütfen!"
61,062,"{{TAG:0003:0010:}}Oh!{{TAG:0007:0000:1E000000}} It looks like you don't have
enough money.","{{TAG:0003:0010:}}¡Ay! {{TAG:0007:0000:1E000000}}No tienes bayas suficientes,
corazón.","{{TAG:0003:0010:}}Eh !{{TAG:0007:0000:1E000000}} Ta bouche dit « oui », mais
ton porte-monnaie dit « non » !","{{TAG:0003:0010:}}Oh!{{TAG:0007:0000:1E000000}} Ho l'impressione che tu non
abbia abbastanza stelline.","{{TAG:0003:000F:}}Oh, Moment!{{TAG:0007:0000:1E000000}} Du hast doch gar
nicht genug Sternis dabei.",{{TAG:0003:0010:}}Aa{{TAG:0007:0000:1E000000}}! Görünüşe göre paran yetmiyor.
62,063,"{{TAG:0003:0001:}}Well,{{TAG:0007:0000:05000000}} as thanks for bringing it here,{{TAG:0007:0000:0A000000}}
I'll give it to you for however much
you have on you,{{TAG:0007:0000:08000000}} {{TAG:0005:0007:}}.","{{TAG:0003:0001:}}Hagamos una cosa:{{TAG:0007:0000:0A000000}} ya que te has
molestado en traerlo hasta aquí,
te lo doy gratis, {{TAG:0007:0000:0F000000}}{{TAG:0005:0007:}}.","{{TAG:0003:0001:}}Enfin, {{TAG:0007:0000:05000000}}donne ce que tu as, {{TAG:0007:0000:05000000}}ce sera
mieux que rien, {{TAG:0007:0000:0F000000}}{{TAG:0005:0007:}}.","{{TAG:0003:0001:}}Beh,{{TAG:0007:0000:05000000}} per dimostrarti la mia
riconoscenza,{{TAG:0007:0000:0A000000}} accetterò qualsiasi
cifra tu abbia,{{TAG:0007:0000:0F000000}} {{TAG:0005:0007:}}.","{{TAG:0003:0001:}}Ach,{{TAG:0007:0000:05000000}} nachdem du so viel Mühe damit
hattest, {{TAG:0007:0000:0A000000}}bekommst du es eben für
die Sternis, die du dabeihast.","{{TAG:0003:0001:}}Bunu{{TAG:0007:0000:05000000}} buraya kadar getirdiğin
için{{TAG:0007:0000:0A000000}} teşekkür olarak, yanında ne
kadar varsa ona vereyim,{{TAG:0007:0000:08000000}} {{TAG:0005:0007:}}."
63,064,"{{TAG:0003:000B:}}I see{{TAG:0007:0000:08000000}}.{{TAG:0007:0000:08000000}}.{{TAG:0007:0000:08000000}}. {{TAG:0007:0000:1E000000}}{{TAG:0003:0025:}}Well, how about I just give it
to you for free?{{TAG:0007:0000:14000000}} {{TAG:0003:0005:}}That's my thank-
you for the delivery!","{{TAG:0003:000B:}}Pues{{TAG:0007:0000:08000000}}.{{TAG:0007:0000:08000000}}.{{TAG:0007:0000:08000000}}. {{TAG:0007:0000:1E000000}}{{TAG:0003:0025:}}¡Te lo doy gratis!{{TAG:0007:0000:14000000}}
{{TAG:0003:0005:}}Como agradecimiento por
traerme el paquetito.","{{TAG:0003:000B:}}{{TAG:0007:0000:08000000}}.{{TAG:0007:0000:08000000}}.{{TAG:0007:0000:08000000}}. {{TAG:0007:0000:1E000000}}{{TAG:0003:0005:}}Dans ce cas, c'est cadeau, pour
te remercier d'avoir fait la
commission !","{{TAG:0003:000B:}}Capisco{{TAG:0007:0000:08000000}}.{{TAG:0007:0000:08000000}}.{{TAG:0007:0000:08000000}}. {{TAG:0007:0000:1E000000}}{{TAG:0003:0025:}}Va bene, allora è gratis!{{TAG:0007:0000:14000000}}
{{TAG:0003:0005:}}È il mio modo per dirti merci!","{{TAG:0003:000B:}}Hmmm{{TAG:0007:0000:08000000}}.{{TAG:0007:0000:08000000}}.{{TAG:0007:0000:08000000}}. {{TAG:0007:0000:1E000000}}{{TAG:0003:0025:}}Wie wär's, wenn ich es dir
einfach umsonst gebe?{{TAG:0007:0000:14000000}} {{TAG:0003:0005:}}Zum Dank,
dass du es hergebracht hast!","{{TAG:0003:000B:}}Anlıyorum{{TAG:0007:0000:08000000}}{{TAG:0007:0000:08000000}}{{TAG:0007:0000:08000000}}{{TAG:0007:0000:1E000000}}{{TAG:0003:0025:}}... O zaman ücretsiz
vereyim.{{TAG:0007:0000:14000000}}{{TAG:0003:0005:}} Teslimat için
teşekkürüm olsun!"
64,065,"{{TAG:0003:0024:}}OK,{{TAG:0007:0000:08000000}} well,{{TAG:0007:0000:05000000}} we'll just forget about it
then!{{TAG:0007:0001:}} {{TAG:0003:0025:}}Thank you for the delivery,
{{TAG:0005:0008:}}!","{{TAG:0003:0024:}}Es una penita...{{TAG:0000:0004:}}{{TAG:0003:0025:}}¡Bueno, {{TAG:0005:0008:}}, {{TAG:0007:0000:0A000000}}{{TAG:0003:0020:}}gracias
por todo!","{{TAG:0003:0024:}}Bah, n'en parlons plus...{{TAG:0007:0001:}} {{TAG:0003:0025:}}Merci quand
même d'avoir fait la commission,
{{TAG:0005:0008:}} !","{{TAG:0003:0024:}}Va bene,{{TAG:0007:0000:0A000000}} non importa, lasciamo
stare!{{TAG:0007:0001:}} {{TAG:0003:0025:}}Merci per la consegna,
{{TAG:0005:0008:}}!","{{TAG:0003:0024:}}Na ja,{{TAG:0007:0000:0A000000}} dann würde ich sagen, wir
lassen es einfach. {{TAG:0007:0000:14000000}}{{TAG:0003:0025:}}Danke fürs
Vorbeibringen, {{TAG:0005:0008:}}!","{{TAG:0003:0024:}}Peki{{TAG:0007:0000:08000000}}, o{{TAG:0007:0000:05000000}} zaman bu meseleyi
unutalım! Teslimat{{TAG:0007:0001:}}{{TAG:0003:0025:}} için teşekkür
ederim, {{TAG:0005:0008:}}!"
65,066,"{{TAG:0003:0010:}}Yikes!{{TAG:0007:0000:14000000}} You don't have a single Bell,{{TAG:0007:0000:0A000000}}{{TAG:0003:0009:}}
you poor thing!","{{TAG:0003:0010:}}¡¿Cómo es que no tienes
ni una baya?!","{{TAG:0003:0010:}}Eh !{{TAG:0007:0000:14000000}} Tu n'as pas la moindre
clochette !","{{TAG:0003:0010:}}Oh!{{TAG:0007:0000:14000000}} Nemmeno una stellina!
Una sola?!","{{TAG:0003:000F:}}Huch!{{TAG:0007:0000:14000000}} Du hast überhaupt keine
Sternis!","{{TAG:0003:0010:}}Aman!{{TAG:0007:0000:14000000}} Bir tane bile Bell yok mu?{{TAG:0007:0000:0A000000}}{{TAG:0003:0009:}}
Kıyamam sana!"
66,067,"{{TAG:0003:0025:}}OK, {{TAG:0007:0000:0A000000}}don't worry about money this
time.{{TAG:0007:0000:14000000}} {{TAG:0003:0005:}}Consider this a reward for a
job well done!","{{TAG:0003:0025:}}Tranqui, {{TAG:0007:0000:0A000000}}no te preocupes por
el dinero.{{TAG:0007:0000:14000000}}{{TAG:0003:0005:}} ¡Considéralo un regalito
especial, cariño!","{{TAG:0003:0025:}}Bah,{{TAG:0007:0000:0A000000}} il n'y a pas que les clochettes
dans la vie.{{TAG:0007:0000:14000000}}{{TAG:0003:0005:}} Tiens, c'est cadeau !","{{TAG:0003:0025:}}Va bene, {{TAG:0007:0000:0A000000}}basta parlare di soldi.{{TAG:0007:0000:14000000}}
{{TAG:0003:0005:}}Consideralo un regalo speciale
da parte mia!","{{TAG:0003:0025:}}Ach, {{TAG:0007:0000:0A000000}}weißt du, was?{{TAG:0007:0000:14000000}} {{TAG:0003:0005:}}Ich überlasse
es dir einfach als Geschenk.","{{TAG:0003:0025:}}Peki{{TAG:0007:0000:0A000000}}, bu kez parayı dert etme.{{TAG:0007:0000:14000000}}{{TAG:0003:0005:}}
İyi iş çıkardığın için ödülün olsun!"
67,068,"{{TAG:0003:0009:}}This is hard for me, {{TAG:0007:0000:0A000000}}but I can't just
give it to you. {{TAG:0003:000D:}}I'm on a strict
budget these days,{{TAG:0007:0000:05000000}} you see.","{{TAG:0003:0009:}}Siento mucho no poder dártelo
gratis. {{TAG:0007:0000:0A000000}}{{TAG:0003:000D:}}Últimamente voy un poco
escasa de fondos, ¿sabes?","{{TAG:0003:0009:}}Désolée,{{TAG:0007:0000:0A000000}} mais je ne peux pas te
l'offrir... {{TAG:0007:0000:0A000000}}{{TAG:0003:000D:}}Je ne roule pas sur l'or en
ce moment, tu sais...","{{TAG:0003:0009:}}Sono desolata, {{TAG:0007:0000:0A000000}}ma non posso farti
un regalo.{{TAG:0007:0000:0A000000}} {{TAG:0003:000D:}}È imbarazzante, ma
anch'io sono un po' al verde...","{{TAG:0003:0009:}}Das tut mir wirklich leid, {{TAG:0007:0000:0A000000}}aber ich
kann es dir doch nicht einfach
umsonst geben.
{{TAG:0003:000D:}}Ich bin schließlich auch nicht
aus Sternis gemacht!","{{TAG:0003:0009:}}Bunu söylemek zor{{TAG:0007:0000:0A000000}} ama bedavaya
veremem. Son{{TAG:0003:000D:}} zamanlarda bütçemi
çok sıkı{{TAG:0007:0000:05000000}} tutuyorum."
68,069,"{{TAG:0003:0025:}}OK, {{TAG:0007:0000:0A000000}}thank you! {{TAG:0007:0000:14000000}}Please give my 
regards to {{TAG:0011:0001:0100}}!","{{TAG:0003:0025:}}¡Dale las gracias a {{TAG:0011:0001:0100}}
de mi parte, porfa!","{{TAG:0003:0025:}}Bon, eh bien merci !{{TAG:0007:0000:14000000}} Passe le
bonjour à {{TAG:0011:0001:0100}} de ma part !","{{TAG:0003:0025:}}Va bene, {{TAG:0007:0000:0A000000}}merci! {{TAG:0007:0000:14000000}}Ringrazia tanto
{{TAG:0011:0001:0100}} da parte mia!","{{TAG:0003:0025:}}So, {{TAG:0007:0000:0A000000}}danke! {{TAG:0007:0000:14000000}}Grüße mir {{TAG:0011:0001:0100}}
recht herzlich, wenn ihr euch
mal wieder seht!","{{TAG:0003:0025:}}Peki{{TAG:0007:0000:0A000000}},{{TAG:0007:0000:14000000}} teşekkür ederim! {{TAG:0011:0001:0100}} için de
selamlarımı ilet lütfen!"
69,070,"{{TAG:0003:0025:}}I actually ordered this with the plan
to give it to you, {{TAG:0007:0000:0A000000}}{{TAG:0005:0008:}}!{{TAG:0000:0004:}}{{TAG:0003:0005:}}Sorry you had to fetch your own
present!","{{TAG:0003:0025:}}Tenía muchas ganas de darte
este regalito, {{TAG:0007:0000:0A000000}}{{TAG:0005:0008:}}.{{TAG:0007:0001:}}
¡Sí, es para ti!{{TAG:0000:0004:}}{{TAG:0003:0009:}}Aunque me sabe mal que hayas
tenido que traer tu propio
regalo, je, je.","{{TAG:0003:0025:}}Tu sais, {{TAG:0005:0008:}}, si j'ai
commandé ça, {{TAG:0007:0000:0A000000}}c'était pour
t'en faire cadeau !
{{TAG:0003:0005:}}Eh oui, surprise !{{TAG:0007:0000:0A000000}} Je te l'offre !{{TAG:0007:0000:0A000000}} Au
moins, tu ne seras pas ven{{TAG:000E:0006:02007500040075006500}} pour
rien !","{{TAG:0003:0025:}}Sai, avevo ordinato questa cosa
per te, {{TAG:0007:0000:0A000000}}{{TAG:0005:0008:}}!{{TAG:0000:0004:}}{{TAG:0003:0005:}}Mi dispiace tu sia venut{{TAG:000E:0006:02006F0002006100}} fin qua
per portarmela,{{TAG:0007:0000:0A000000}} ma in realtà è
un regalino per te!","{{TAG:0003:0025:}}Hihi, das habe ich doch für dich
bestellt, {{TAG:0007:0000:0A000000}}{{TAG:0005:0008:}}!{{TAG:0000:0004:}}{{TAG:0003:0005:}}Tut mir leid, dass du deswegen
jetzt rumrennen musstest, {{TAG:0007:0000:0A000000}}aber
es ist ein Geschenk für dich!","{{TAG:0003:0025:}}Aslında bunu sana vermek için
sipariş etmiştim, {{TAG:0007:0000:0A000000}}{{TAG:0005:0008:}}!{{TAG:0000:0004:}}{{TAG:0003:0005:}} Kendi
hediyeni gidip almak zorunda
kaldığın için özür dilerim!"
70,071,"Do you want to open it now?{{TAG:000F:0005:00000000}}
Yes, yes!
I'll do it later.","¿Quieres abrir el regalo?{{TAG:000F:0005:15002800}}
¡Sí, sí!
No, luego","Tu veux l'ouvrir ?{{TAG:000F:0005:00000000}}
Bien sûr !
Pas tout de suite.","Vuoi aprirlo?{{TAG:000F:0005:00000000}}
Sì, sì, presto!
Lo faccio dopo.","Na, willst du's nicht aufmachen?{{TAG:000F:0005:00000000}}
Doch, sofort!
Mach ich später.","Şimdi açmak ister misin?{{TAG:000F:0005:00000000}}
Evet, evet!
Sonra açarım."
71,072,"{{TAG:0003:0025:}}Yeah, {{TAG:0007:0000:08000000}}sometimes it's more fun to
wait and enjoy the anticipation!{{TAG:0007:0001:}} {{TAG:0003:0005:}}You
can just open it when you get home!","{{TAG:0003:0025:}}Prefieres mantener el misterio
para que luego la sorpresa sea
mayor, ¿eh?
{{TAG:0003:0005:}}¡Me parece genial! Ábrelo luego
en casa tranquilamente.","{{TAG:0003:0025:}}Tu as raison : parfois, l'attente fait
partie du plaisir !{{TAG:0007:0001:}} {{TAG:0003:0005:}}Allez, emporte ça
chez toi, tu l'ouvriras à la maison !","{{TAG:0003:0025:}}Certo, {{TAG:0007:0000:0A000000}}a volte l'attesa è più dolce
della sorpresa.{{TAG:0007:0001:}} {{TAG:0003:0005:}}Aprilo pure con
calma quando arrivi a casa!","{{TAG:0003:0025:}}Stimmt schon, {{TAG:0007:0000:0A000000}}manchmal ist es
schön, wenn man etwas wartet,
dann hält die Vorfreude länger an.
{{TAG:0003:0005:}}Mach es einfach auf, wenn du
wieder zu Hause bist!","{{TAG:0003:0025:}}Evet,{{TAG:0007:0000:08000000}} bazen beklemek ve merakını
biraz sürdürmek daha{{TAG:0007:0001:}}{{TAG:0003:0005:}} eğlenceli!
Eve gidince açarsın."
72,073,"{{TAG:0003:0001:}}I thought you'd look really good in
{{TAG:000E:0002:}}{{TAG:0011:0003:0000}}.{{TAG:0007:0001:}}
Enjoy your new clothes, {{TAG:0005:0008:}}!","{{TAG:0003:0001:}}¿Ves? {{TAG:0007:0000:14000000}}¡Sabía que te encantaría
est{{TAG:000E:0008:00CD02006500020061000000}} {{TAG:0011:0003:0000}},
{{TAG:0005:0008:}}!
{{TAG:0003:0025:}}¡Pruébatel{{TAG:000E:0008:00CD02006F00020061000000}} y me dices!","{{TAG:0003:0001:}}{{TAG:000E:0003:}}{{TAG:000E:0002:}}{{TAG:0011:0003:0000}}, je
savais que c'était le cadeau idéal
pour toi, {{TAG:0005:0008:}} !
Essaie-{{TAG:000E:0008:00CD04006C00650004006C00610002003000}}, je suis sûre que tu en
meurs d'envie ! {{TAG:0007:0001:}}{{TAG:0003:0025:}}Ou tu peux l'essayer
chez toi si tu es trop timide, hi hi !","{{TAG:0003:0001:}}Sì, {{TAG:000E:0008:00CD0C00710075006500730074006F000C007100750065007300740061000000}} {{TAG:0011:0003:0000}}
è l'ideale. Lo sapevo, lo sapevo!{{TAG:0007:0001:}}
{{TAG:0003:0025:}}Poi dimmi come ti sta, {{TAG:0005:0008:}}!","{{TAG:0003:0001:}}Ich wusste sofort, als ich {{TAG:000E:0008:00CD0C00640069006500730065006E000A00640069006500730065000C00640069006500730065007300}}
{{TAG:0011:0003:0000}} sah, dass
{{TAG:000E:0008:00CD0400650072000600730069006500040065007300}} genau zu dir passt!
{{TAG:0003:0025:}}Probier {{TAG:000E:0008:00CD0600690068006E000600730069006500040065007300}} doch mal an,
{{TAG:0005:0008:}}!","{{TAG:0003:0001:}}{{TAG:000E:0002:}}{{TAG:0011:0003:0000}}{{TAG:0007:0001:}} sana çok yakışır diye düşündüm.
Yeni kıyafetinin tadını çıkar, {{TAG:0005:0008:}}!"
73,074,"{{TAG:0003:0025:}}It's {{TAG:000E:0002:}}{{TAG:0011:0003:0000}}!{{TAG:0007:0001:}}
I hope you like it!","{{TAG:0003:0025:}}¡Tachán!{{TAG:0007:0000:14000000}}
¡{{TAG:000E:0003:}}{{TAG:000E:0002:}}{{TAG:0011:0003:0000}}!","{{TAG:0003:0025:}}Oui, {{TAG:000E:0002:}}{{TAG:0011:0003:0000}} !
{{TAG:0007:0001:}}J'espère que ça te fait plaisir !","{{TAG:0003:0025:}}È {{TAG:000E:0002:}}{{TAG:0011:0003:0000}}!{{TAG:0007:0001:}}
Spero che ti piaccia!","{{TAG:0003:0025:}}Ja, {{TAG:000E:0002:}}{{TAG:0011:0003:0000}}!{{TAG:0007:0000:1E000000}}
Ich hoffe, du freust dich.",{{TAG:0003:0025:}}Bu {{TAG:000E:0002:}}{{TAG:0011:0003:0000}}!{{TAG:0007:0001:}} Umarım hoşuna gider!
74,075,"{{TAG:0003:0025:}}I bought this because I thought it
would be perfect for you,{{TAG:0007:0000:05000000}}
{{TAG:0005:0008:}}!","{{TAG:0003:0025:}}¡Cuando vi esto en la tienda,
enseguida pensé en ti, {{TAG:0005:0008:}}!","{{TAG:0003:0025:}}Quand j'ai vu ça, je me suis dit :
« c'est pour {{TAG:0005:0008:}} » !","{{TAG:0003:0025:}}Ho pensato che avrebbe fatto
al caso tuo, {{TAG:0005:0008:}}!
Ho fatto la scelta giusta?","{{TAG:0003:0025:}}Das habe ich gekauft, weil ich
gedacht habe, es passt gut zu
dir, {{TAG:0005:0008:}}!","{{TAG:0003:0025:}}Bunun tam sana göre olduğunu
düşündüğüm için aldım,{{TAG:0007:0000:05000000}} {{TAG:0005:0008:}}!"
75,076,"{{TAG:0003:0025:}}When I visited your house, {{TAG:0007:0000:0F000000}}I realized
this would fit right in,{{TAG:0007:0000:08000000}} {{TAG:0005:0008:}}!
{{TAG:0003:0005:}}I hope you find a good place for it.","{{TAG:0003:0025:}}¡Tu casa es tan acogedora!
¡Seguro que este mueble quedará
genial con la decoración!
{{TAG:0003:0005:}}¡Búscale un buen sitio!","{{TAG:0003:0025:}}J'ai repensé à cette merveille le
jour où tu m'as invitée, et j'ai
pensé que ça irait bien chez toi...
{{TAG:0003:0005:}}À toi de lui trouver une bonne place,
maintenant, {{TAG:0005:0008:}} !","{{TAG:0003:0025:}}Quando sono venuta a casa tua,{{TAG:0007:0000:0A000000}}
ho pensato che una cosa così
ci sarebbe stata bene, {{TAG:0005:0008:}}!
{{TAG:0003:0005:}}Spero che si intoni col resto
dell'arredamento!","{{TAG:0003:0025:}}Als ich dich besucht habe, {{TAG:0007:0000:0A000000}}habe
ich mir gedacht, das könntest du
noch brauchen, {{TAG:0005:0008:}}!
{{TAG:0003:0005:}}Ich hoffe, du findest ein schönes
Plätzchen dafür.","{{TAG:0003:0025:}}Evini ziyaret ettiğimde{{TAG:0007:0000:0F000000}} bunun
tam uyacağını fark ettim,{{TAG:0007:0000:08000000}} {{TAG:0005:0008:}}!{{TAG:0003:0005:}}
Umarım güzel bir yer bulursun."
76,077,"{{TAG:0003:0025:}}I thought this would look great on
your floor,{{TAG:0007:0000:05000000}} {{TAG:0005:0008:}}!{{TAG:0007:0001:}} {{TAG:0003:0005:}}I hope you
like it!","{{TAG:0003:0025:}}¿Te gusta? {{TAG:0007:0001:}}{{TAG:0003:0005:}}¡Creo que quedará
muy bien en el suelo de tu casita,
{{TAG:0005:0008:}}!","{{TAG:0003:0025:}}En voyant ça, je me suis tout de
suite dit que c'était fait pour ton
parquet, {{TAG:0005:0008:}} !
{{TAG:0003:0005:}}J'espère que ça te plaît !","{{TAG:0003:0025:}}Ho pensato che avrebbe fatto
un figurone sul tuo pavimento,
{{TAG:0005:0008:}}!{{TAG:0007:0001:}} {{TAG:0003:0005:}}Spero che ti piaccia!","{{TAG:0003:0025:}}Ich habe mir gedacht, dass der
wirklich gut auf deinen Boden
passen würde, {{TAG:0005:0008:}}!{{TAG:0000:0004:}}{{TAG:0003:0005:}}Ich hoffe, er gefällt dir!","{{TAG:0003:0025:}}Bu zeminde çok güzel durur diye
düşündüm,{{TAG:0007:0000:05000000}} {{TAG:0005:0008:}}!{{TAG:0007:0001:}}{{TAG:0003:0005:}} Umarım beğenirsin."
77,078,"{{TAG:0003:0025:}}I bought this because I thought it
would look great on your walls.{{TAG:0007:0000:14000000}}
{{TAG:0003:0005:}}I hope you can use it!","{{TAG:0003:0025:}}Siempre digo que una obra de arte
es el mejor regalito que uno puede
hacer, {{TAG:0005:0008:}}.
{{TAG:0003:0005:}}¡Ya verás como alegrará
las paredes de tu casita!","{{TAG:0003:0025:}}J'ai acheté ça en me disant que ça
ferait un effet bœuf sur tes murs !{{TAG:0007:0000:14000000}}
{{TAG:0003:0005:}}C'est joli, non ?","{{TAG:0003:0025:}}Ho pensato che questa carta da
parati sarebbe stata una favola
sulle pareti di casa tua!{{TAG:0007:0000:14000000}}
{{TAG:0003:0005:}}Spero di non essermi sbagliata!","{{TAG:0003:0025:}}Ich habe mir gedacht, dass das
wirklich gut an deiner Wand
aussehen würde.{{TAG:0000:0004:}}{{TAG:0003:0005:}}Hoffentlich gefällt's dir!","{{TAG:0003:0025:}}Bunu duvarlarında çok güzel
durur diye aldım.{{TAG:0007:0000:14000000}} Umarım{{TAG:0003:0005:}} kullanırsın!"
78,079,"{{TAG:0003:0025:}}Actually, {{TAG:0007:0000:08000000}}I ordered this with the
intention of giving it to you as a
present, {{TAG:0005:0008:}}{{TAG:0007:0000:08000000}}.{{TAG:0007:0000:08000000}}.{{TAG:0007:0000:08000000}}.{{TAG:0007:0000:08000000}}
{{TAG:0003:0002:}}I never imagined that {{TAG:0011:0001:0100}}
would ask you to bring it to me, {{TAG:0007:0000:0A000000}}
{{TAG:0005:0007:}}!{{TAG:0007:0000:0A000000}}{{TAG:0003:0025:}}{{TAG:0000:0004:}}Anyway, {{TAG:0007:0000:05000000}}that's the story. {{TAG:0007:0000:14000000}}It's all
yours now.","{{TAG:0003:0025:}}En realidad, esto se lo pedí
para ti, {{TAG:0005:0008:}}{{TAG:0007:0000:08000000}}.{{TAG:0007:0000:08000000}}.{{TAG:0007:0000:08000000}}.{{TAG:0007:0000:08000000}}
¡Quería hacerte un regalito!
{{TAG:0003:0002:}}¡Cómo imaginar que {{TAG:0011:0001:0100}}
te pediría a ti que me lo trajeras,
{{TAG:0007:0000:0A000000}}{{TAG:0005:0007:}}!{{TAG:0007:0000:0A000000}}{{TAG:0003:0025:}}{{TAG:0000:0004:}}No es como lo había planeado,
pero... ¡Sorpresa, bichín!","{{TAG:0003:0025:}}En fait, à la base, j'avais prévu de
te l'offrir, {{TAG:0005:0008:}}{{TAG:0007:0000:08000000}}.{{TAG:0007:0000:08000000}}.{{TAG:0007:0000:08000000}}.{{TAG:0007:0000:08000000}}{{TAG:0000:0004:}}{{TAG:0003:0002:}}Je ne pouvais pas deviner que {{TAG:000E:0008:01CD0400630065000A006300650074007400650002003000}}
{{TAG:000E:0008:01CD0E00660061007200630065007500720010006600610072006300650075007300650002003000}} {{TAG:000E:000A:0600640065002000040064002700}}{{TAG:0011:0001:0100}} allait te
demander de me l'apporter !
{{TAG:0003:0025:}}Voilà, tu sais tout ! J'espère que ça
te fait plaisir, {{TAG:0005:0007:}} !","{{TAG:0003:0025:}}Beh, {{TAG:0007:0000:0A000000}}questo l'avevo ordinato per
te, {{TAG:0005:0008:}}{{TAG:0007:0000:08000000}}.{{TAG:0007:0000:08000000}}.{{TAG:0007:0000:08000000}}.{{TAG:0007:0000:08000000}} Doveva essere
una sorpresa!
{{TAG:0003:0002:}}Non avrei mai immaginato che
{{TAG:0011:0001:0100}} ti avrebbe chiesto di
portarmi il pacco, {{TAG:0007:0000:0A000000}}{{TAG:0005:0007:}}!{{TAG:0007:0000:0A000000}}{{TAG:0003:0025:}}{{TAG:0000:0004:}}Beh, {{TAG:0007:0000:05000000}}le cose non sono andate come
speravo, {{TAG:0007:0000:0A000000}}ma prendilo, è un regalo
per te!","{{TAG:0003:0025:}}Hihi, weißt du, {{TAG:0005:0008:}}{{TAG:0007:0000:08000000}}.{{TAG:0007:0000:08000000}}.{{TAG:0007:0000:08000000}}.{{TAG:0007:0000:08000000}}{{TAG:0007:0000:0A000000}}
Ich hab das bestellt, weil ich es
dir als Geschenk geben wollte.
{{TAG:0003:0002:}}Ich hätte doch nie gedacht,
dass {{TAG:0011:0001:0100}} dich schickt,
um es mir zu bringen, {{TAG:0007:0000:0A000000}}{{TAG:0005:0007:}}!{{TAG:0003:0025:}}
Das ist schon ein komischer Zufall.{{TAG:0007:0000:0A000000}}
Also los, nimm es, es gehört dir!","{{TAG:0003:0025:}}Aslında{{TAG:0007:0000:08000000}} bunu sana hediye etmek
için sipariş etmiştim, {{TAG:0005:0008:}}{{TAG:0007:0000:08000000}}{{TAG:0007:0000:08000000}}{{TAG:0007:0000:08000000}}{{TAG:0007:0000:08000000}}.{{TAG:0003:0002:}}.. {{TAG:0011:0001:0100}} bunu
bana senin getirmeni
isteyeceğini hiç düşünmemiştim{{TAG:0007:0000:0A000000}},
{{TAG:0005:0007:}}!{{TAG:0007:0000:0A000000}}{{TAG:0003:0025:}}{{TAG:0000:0004:}} Neyse,{{TAG:0007:0000:05000000}} hikâye böyle.{{TAG:0007:0000:14000000}} Artık
tamamen senin."
79,080,"{{TAG:0003:0005:}}Yay!{{TAG:0007:0000:14000000}} OK, let me open it!",{{TAG:0003:0005:}}¡Voy a abrirlo!,{{TAG:0003:0005:}}Super !{{TAG:0007:0000:14000000}} Je l'ouvre tout de suite !,{{TAG:0003:0005:}}Sììì!{{TAG:0007:0000:14000000}} Ora lo apro!,"{{TAG:0003:0005:}}Hihi, wie schön!{{TAG:0007:0000:14000000}}
Ich mach es gleich mal auf!","{{TAG:0003:0005:}}Yaşasın{{TAG:0007:0000:14000000}}! Tamam, açıyorum!"
80,081,"{{TAG:0003:0025:}}It's the {{TAG:0011:0003:0000}}
I had my eye on!","{{TAG:0003:0025:}}¡Ajá, {{TAG:0007:0000:0A000000}}{{TAG:000E:0001:}}{{TAG:0011:0003:0000}}!","{{TAG:0003:0025:}}C'est {{TAG:000E:0001:}}{{TAG:0011:0003:0000}}
que j'avais repér{{TAG:000E:0008:00CD0200E9000400E900650002003000}} !","{{TAG:0003:0025:}}Oh! {{TAG:0007:0000:0A000000}}È {{TAG:000E:0001:}}{{TAG:0011:0003:0000}}
che volevo!","{{TAG:0003:0025:}}Das ist {{TAG:000E:0008:00CD060064006500720006006400690065000600640061007300}} {{TAG:0011:0003:0000}},
auf {{TAG:000E:0008:00CD0600640065006E0006006400690065000600640061007300}} ich ein Auge geworfen
hatte!",{{TAG:0003:0025:}}Gözüme kestirdiğim {{TAG:0011:0003:0000}}!
81,082,"{{TAG:0003:0025:}}It's really something {{TAG:0003:0004:}}to see it in
person!","{{TAG:0003:0004:}}¡Por fin! ¡Sabía que la foto
no le hacía justicia!","{{TAG:0003:0025:}}Oooh, super !{{TAG:0003:0004:}} Quel merveilleux
cadeau !","{{TAG:0003:0025:}}Evviva! Lo sapevo che la foto
{{TAG:0003:0004:}}non gli rendeva giustizia!","{{TAG:0003:0025:}}Uiii, wie schön!{{TAG:0007:0000:14000000}}
{{TAG:0003:0004:}}Das ist ein tolles Geschenk!",{{TAG:0003:0025:}}Bunu yakından görmek{{TAG:0003:0004:}} gerçekten bambaşka!
82,083,"{{TAG:0003:0015:}}It's nice to finally get a good look
at it!","{{TAG:0003:0015:}}¡Qué contenta estoy de tener
esto al fin!","{{TAG:0003:0015:}}Enfin, je peux poser les mains
dessus !","{{TAG:0003:0015:}}Sono molto soddisfatta del mio
acquisto!","{{TAG:0003:0015:}}Das ist schon spannend, wenn man
es dann aus der Nähe sieht...",{{TAG:0003:0015:}}Sonunda iyice inceleyebilmek ne güzel!
83,084,{{TAG:0003:0025:}}It's so great to see it up close!,"{{TAG:0003:0025:}}¡Mi horóscopo decía que iba
a ser mi objeto de la suerte!","{{TAG:0003:0025:}}Quelle joie de l'avoir enfin sous
les yeux !","{{TAG:0003:0025:}}È un oggetto così bello che
varrebbe la pena incorniciarlo!","{{TAG:0003:0025:}}Hihi, jetzt kann ich mich den
ganzen Tag lang daran erfreuen.",{{TAG:0003:0025:}}Bunu yakından görebilmek harika!
84,085,"{{TAG:0003:0001:}}Hee hee!{{TAG:0007:0000:14000000}} {{TAG:0003:0005:}}There's nothing like new
clothes for an instant mood boost!","{{TAG:0003:0001:}}¡Je, je, je! {{TAG:0007:0000:14000000}}{{TAG:0003:0005:}}Ponerse ropa nueva
siempre anima, ¿no crees?","{{TAG:0003:0001:}}Youpi !{{TAG:0007:0000:14000000}} {{TAG:0003:0005:}}Rien de tel qu'un nouveau
vêtement pour retrouver le sourire !","{{TAG:0003:0001:}}Evviva, evviva!{{TAG:0007:0000:14000000}} {{TAG:0003:0005:}}Non c'è niente
di meglio che un vestito nuovo
per ritrovare il buon umore!","{{TAG:0003:0001:}}Hihihi!{{TAG:0007:0000:14000000}} {{TAG:0003:0005:}}Man braucht nur schöne
neue Klamotten, und schon fühlt
man sich viel besser!","{{TAG:0003:0001:}}Hi hi!{{TAG:0007:0000:14000000}} Yeni{{TAG:0003:0005:}} kıyafet gibisi yok;
insanın moralini anında yükseltiyor!"
85,086,"{{TAG:0003:0027:}}How does it look?{{TAG:000F:0006:000000000000}}
Looks great!
Looks OK.
Um...","{{TAG:0003:0027:}}¿Cómo me queda?{{TAG:0007:0000:08000000}}.{{TAG:0007:0000:08000000}}.{{TAG:0007:0000:08000000}}.{{TAG:0007:0000:08000000}}{{TAG:000F:0006:000000000000}}
¡Muy bien!
Bastante bien
Pues...","{{TAG:0003:0027:}}Alors, qu'est-ce que t'en dis ?{{TAG:000F:0006:000000000000}}
T'es magnifique !
C'est pas mal.
Mouais...","{{TAG:0003:0027:}}Come mi sta?{{TAG:000F:0006:000000000000}}
Benissimo!
Così così.
No comment.","{{TAG:0003:0027:}}Hmmm, wie findest du's?{{TAG:000F:0006:000000000000}}
Sieht gut aus!
Ja, geht so.
Oh weh...","{{TAG:0003:0027:}}Nasıl olmuş?{{TAG:000F:0006:000000000000}}
Çok güzel!
Fena değil.
Şey..."
86,087,"{{TAG:0003:0025:}}Thank you!{{TAG:0007:0000:14000000}} {{TAG:0003:001A:}}It's so nice getting
compliments like that!{{TAG:0007:0000:1E000000}}{{TAG:0003:0025:}}","{{TAG:0003:0025:}}¡Ay, gracias! {{TAG:0007:0000:14000000}}{{TAG:0003:001A:}}¡No me mires así,
que me da vergüenza!{{TAG:0007:0000:1E000000}}{{TAG:0003:0025:}}","{{TAG:0003:0025:}}Merci !{{TAG:0007:0000:14000000}} {{TAG:0003:001A:}}Les compliments, je ne m'en
lasse jamais !{{TAG:0007:0000:1E000000}}{{TAG:0003:0025:}}","{{TAG:0003:0025:}}Merci!{{TAG:0007:0000:14000000}} {{TAG:0003:001A:}}I complimenti mi riempiono
di gioia!{{TAG:0007:0000:1E000000}}{{TAG:0003:0025:}}","{{TAG:0003:0025:}}Danke schön!{{TAG:0007:0000:14000000}} {{TAG:0003:001A:}}Hihi, wie schön,
so ein nettes Kompliment zu
bekommen!{{TAG:0007:0000:1E000000}}{{TAG:0003:0025:}}","{{TAG:0003:0025:}}Teşekkür{{TAG:0007:0000:14000000}}{{TAG:0003:001A:}} ederim! Böyle
iltifatlar duymak ne hoş!{{TAG:0007:0000:1E000000}}{{TAG:0003:0025:}}"
87,088,"{{TAG:0003:0010:}}Oh,{{TAG:0007:0000:14000000}} that's right!{{TAG:0007:0000:14000000}} {{TAG:0003:0025:}}I'd like to thank
you by giving you something.{{TAG:0007:0000:14000000}} How
about what I was just wearing?","{{TAG:0003:0010:}}¡Oh,{{TAG:0007:0000:0A000000}} por cierto!{{TAG:0007:0000:14000000}} {{TAG:0003:0025:}}Me gustaría darte
las gracias regalándote la ropita
que llevaba puesta.","{{TAG:0003:0010:}}C'est bien mon avis. {{TAG:0007:0000:14000000}}{{TAG:0003:0025:}}Tiens, prends
mes autres vêtements, c'est ma
façon de te dire « merci » !","{{TAG:0003:0010:}}Oh,{{TAG:0007:0000:14000000}} aspetta!{{TAG:0007:0000:14000000}} {{TAG:0003:0025:}}Vorrei ringraziarti
regalandoti quello che avevo
addosso. Penso che ti starà bene!","{{TAG:0003:0010:}}Oh,{{TAG:0007:0000:14000000}} ach ja!{{TAG:0007:0000:14000000}} {{TAG:0003:0025:}}Du kannst gerne meine
alten Sachen haben. {{TAG:0007:0000:14000000}}Klamotten aus
zweiter Hand sind zurzeit total in!","{{TAG:0003:0010:}}Aa,{{TAG:0007:0000:14000000}} doğru! Sana{{TAG:0007:0000:14000000}}{{TAG:0003:0025:}} bir teşekkür
hediyesi vermek istiyorum{{TAG:0007:0000:14000000}}. Az
önce giydiğim şey nasıl?"
88,089,"It's {{TAG:000E:0002:}}{{TAG:0011:0003:0100}}.{{TAG:0007:0001:}}
{{TAG:0003:0005:}}Thank you so much for the delivery!","Toma mi {{TAG:0011:0003:0100}}.{{TAG:0007:0001:}}
{{TAG:0003:0005:}}Muchas gracias por traerme
el paquete, guap{{TAG:000E:0006:02006F0002006100}}.","C'est {{TAG:000E:0002:}}{{TAG:0011:0003:0100}},{{TAG:0007:0001:}}
et merci encore de m'avoir apporté
ça, {{TAG:0005:0008:}} !","È {{TAG:000E:0002:}}{{TAG:0011:0003:0100}}.{{TAG:0007:0001:}}
{{TAG:0003:0005:}}Merci per aver fatto tutta questa
strada per consegnarmi il pacco!","{{TAG:000E:0003:}}{{TAG:000E:0008:01CD08006D00650069006E000A006D00650069006E00650008006D00650069006E00}} {{TAG:0011:0003:0100}}.{{TAG:0007:0000:14000000}}
Viel Spaß damit!{{TAG:0000:0004:}}{{TAG:0003:0005:}}Danke für die Lieferung, {{TAG:0005:0008:}}!","Bu {{TAG:000E:0002:}}{{TAG:0011:0003:0100}}.{{TAG:0007:0001:}}{{TAG:0003:0005:}} Teslimat için gerçekten çok
teşekkür ederim!"
89,090,"{{TAG:0003:000B:}}Oh{{TAG:0007:0000:08000000}}.{{TAG:0007:0000:08000000}}.{{TAG:0007:0000:08000000}}.{{TAG:0007:0000:08000000}} Just OK, huh?",{{TAG:0003:000B:}}Bueno{{TAG:0007:0000:08000000}}.{{TAG:0007:0000:08000000}}.{{TAG:0007:0000:08000000}}.{{TAG:0007:0000:08000000}} algo es algo.,{{TAG:0003:000B:}}Oh{{TAG:0007:0000:08000000}}.{{TAG:0007:0000:08000000}}.{{TAG:0007:0000:08000000}}.{{TAG:0007:0000:08000000}} Seulement « pas mal »...,"{{TAG:0003:000B:}}Oh{{TAG:0007:0000:08000000}}.{{TAG:0007:0000:08000000}}.{{TAG:0007:0000:08000000}}.{{TAG:0007:0000:08000000}} Così così, eh?","{{TAG:0003:000B:}}Oh{{TAG:0007:0000:08000000}}.{{TAG:0007:0000:08000000}}.{{TAG:0007:0000:08000000}}.{{TAG:0007:0000:08000000}} „Geht so“, was?{{TAG:0007:0000:0A000000}}
Hmmm.","{{TAG:0003:000B:}}Aa.{{TAG:0007:0000:08000000}}..{{TAG:0007:0000:08000000}}{{TAG:0007:0000:08000000}} Sadece{{TAG:0007:0000:08000000}} fena değil, öyle mi?"
90,091,"{{TAG:0003:0010:}}Oh,{{TAG:0007:0000:28000000}} that bad,{{TAG:0007:0000:08000000}} huh?",{{TAG:0003:0010:}}Ya veo{{TAG:0007:0000:08000000}}.{{TAG:0007:0000:08000000}}.{{TAG:0007:0000:08000000}}.{{TAG:0007:0000:08000000}},"{{TAG:0003:0010:}}Oh, à ce point-là ?","{{TAG:0003:0010:}}Oh,{{TAG:0007:0000:14000000}} mi sta cooosì male?","{{TAG:0003:000F:}}Oh,{{TAG:0007:0000:14000000}} so schlimm also?","{{TAG:0003:0010:}}Aa,{{TAG:0007:0000:28000000}} o kadar mı{{TAG:0007:0000:08000000}} kötü?"
91,092,"{{TAG:0003:0027:}}I'm going to have to study fashion
trends{{TAG:0007:0000:08000000}}{{TAG:0003:001A:}} so you'll have nicer things
to say next time.{{TAG:0007:0000:14000000}}{{TAG:0003:0025:}}","{{TAG:0003:0027:}}Voy a darle una oportunidad.{{TAG:0007:0000:0A000000}}
{{TAG:0003:0015:}}Al fin y al cabo es un regalito.","{{TAG:0003:0027:}}Je vais soigner mon look davantage,
{{TAG:0007:0000:14000000}}{{TAG:0003:0015:}}ça te donnera l'occasion de me dire
des choses un peu plus sympas...","{{TAG:0003:0027:}}Allora mi impegnerò di più,{{TAG:0007:0000:0A000000}} {{TAG:0003:0015:}}così
la prossima volta potrai dirmi
qualcosa di più carino!","{{TAG:0003:0027:}}Tja, ich muss noch so einiges über
Mode lernen. {{TAG:0007:0000:14000000}}{{TAG:0003:0015:}}Du bist ganz schön
schwierig zu beeindrucken!","{{TAG:0003:0027:}}Bir dahaki sefere daha güzel
şeyler söylemen{{TAG:0007:0000:08000000}}{{TAG:0003:001A:}} için moda
trendlerini biraz çalışmam
gerekecek.{{TAG:0007:0000:14000000}}{{TAG:0003:0025:}}"
92,093,"{{TAG:0003:0025:}}I know I was just wearing this,{{TAG:0007:0000:0F000000}} but
I'd like you to have it, {{TAG:0005:0008:}}!{{TAG:0003:0026:}}","{{TAG:0003:0025:}}Quédate con la ropa que
llevaba. {{TAG:0007:0000:0F000000}}¡Seguro que tú sabrás
aprovecharla, {{TAG:0005:0008:}}!{{TAG:0003:0026:}}","{{TAG:0003:0025:}}C'est ce que je portais, mais ça
me fait plaisir de te l'offrir,
{{TAG:0005:0008:}} !{{TAG:0003:0026:}}","{{TAG:0003:0025:}}Mi piacerebbe regalarti{{TAG:0007:0000:0F000000}} quello che
avevo indosso prima, {{TAG:0005:0008:}}!
{{TAG:0003:0026:}}Ti starà benissimissimo!","{{TAG:0003:0025:}}Hier,{{TAG:0007:0000:0A000000}} das hatte ich zwar eben
an,{{TAG:0007:0000:0F000000}} aber ich möchte, dass du
es nimmst, {{TAG:0005:0008:}}!{{TAG:0003:0026:}}","{{TAG:0003:0025:}}Bunu az önce giymiş olsam{{TAG:0007:0000:0F000000}} da
sana vermek istiyorum, {{TAG:0005:0008:}}!{{TAG:0003:0026:}}"
93,094,"It's {{TAG:000E:0002:}}{{TAG:0011:0003:0100}}.{{TAG:0007:0001:}}
{{TAG:0003:0025:}}I really appreciate the delivery.{{TAG:0007:0000:14000000}}{{TAG:0003:0020:}}
Thank you!","Toma mi {{TAG:0011:0003:0100}}.{{TAG:0007:0001:}}
{{TAG:0003:0020:}}¡Gracias por la ayuda, cielo!{{TAG:0007:0000:14000000}}","C'est {{TAG:000E:0002:}}{{TAG:0011:0003:0100}}.
{{TAG:0007:0001:}}{{TAG:0003:0025:}}J'ai adoré le colis que tu m'as
apporté. {{TAG:0007:0000:14000000}}{{TAG:0003:0020:}}Merci encore !","È {{TAG:000E:0002:}}{{TAG:0011:0003:0100}}.{{TAG:0007:0001:}}
{{TAG:0003:0025:}}Sei stat{{TAG:000E:0006:02006F0002006100}} un tesoro a portarmi
il pacco!{{TAG:0007:0000:14000000}}{{TAG:0003:0020:}} Merci!","{{TAG:000E:0003:}}{{TAG:000E:0008:01CD08006D00650069006E000A006D00650069006E00650008006D00650069006E00}} {{TAG:0011:0003:0100}}.{{TAG:0000:0004:}}{{TAG:0003:0025:}}Es ist wirklich nett von dir,
dass du vorbeigekommen bist.{{TAG:0007:0000:14000000}}{{TAG:0003:0020:}}
Vielen Dank!","Bu {{TAG:000E:0002:}}{{TAG:0011:0003:0100}}.{{TAG:0007:0001:}}{{TAG:0003:0025:}} Teslimat için gerçekten
minnettarım.{{TAG:0007:0000:14000000}}{{TAG:0003:0020:}} Teşekkür ederim!"
94,095,"{{TAG:0003:0009:}}Hmm{{TAG:0007:0000:08000000}}.{{TAG:0007:0000:08000000}}.{{TAG:0007:0000:08000000}}.{{TAG:0007:0000:14000000}} Maybe I shouldn't wear it
then.","{{TAG:0003:0009:}}Vaya{{TAG:0007:0000:08000000}}.{{TAG:0007:0000:08000000}}.{{TAG:0007:0000:08000000}}.{{TAG:0007:0000:14000000}} Quizá no sea buena idea
dejármela puesta.","{{TAG:0003:0009:}}Oh{{TAG:0007:0000:08000000}}.{{TAG:0007:0000:08000000}}.{{TAG:0007:0000:08000000}}.{{TAG:0007:0000:14000000}} Je ferais peut-être mieux de
m'abstenir, alors...","{{TAG:0003:0009:}}Mmmh{{TAG:0007:0000:08000000}}.{{TAG:0007:0000:08000000}}.{{TAG:0007:0000:08000000}}.{{TAG:0007:0000:14000000}} Mi sa che è meglio
lasciar perdere.","{{TAG:0003:0009:}}Hmmm{{TAG:0007:0000:08000000}}.{{TAG:0007:0000:08000000}}.{{TAG:0007:0000:08000000}}.{{TAG:0007:0000:14000000}} Na gut, dann sollte ich
das wohl lieber nicht tragen.","{{TAG:0003:0009:}}Hımm{{TAG:0007:0000:08000000}}.{{TAG:0007:0000:08000000}}.{{TAG:0007:0000:08000000}}.{{TAG:0007:0000:14000000}} O zaman bunu giymesem
daha iyi olabilir."
95,096,"{{TAG:0003:0024:}}I guess you never know until you
try it on!","{{TAG:0003:0024:}}¡Con la ropa nunca se sabe hasta
que te la pruebas!","{{TAG:0003:0024:}}On ne peut pas savoir avant
d'avoir essayé !","{{TAG:0003:0024:}}L'unico modo per sapere come
ti sta un vestito è... provarlo!","{{TAG:0003:0024:}}So was weiß man eben auch erst,
wenn man es mal anprobiert hat!",{{TAG:0003:0024:}}Denemeden insan gerçekten bilemiyor!
96,097,"Actually, {{TAG:0007:0000:0F000000}}you might look better in
this, {{TAG:0005:0008:}}.{{TAG:0007:0001:}} Please try it on!","Oye, puede que a ti te quede
mucho mejor, {{TAG:0005:0008:}}.{{TAG:0007:0001:}}
¿Por qué no te la quedas?","Je me demande si ça ne t'irait pas
mieux qu'à moi, {{TAG:0005:0008:}}. Tu ne
veux pas l'essayer ?","Sai, {{TAG:0007:0000:0A000000}}credo che starebbe molto
meglio a te che a me, {{TAG:0005:0008:}}.{{TAG:0007:0001:}}
Perché non proviamo?","Oh, weißt du, {{TAG:0007:0000:0A000000}}{{TAG:0005:0008:}},{{TAG:0007:0000:0A000000}}
vielleicht steht dir das ja viel
besser als mir.
Probier es doch mal an!","Aslında bu{{TAG:0007:0000:0F000000}} sana daha çok
yakışabilir, {{TAG:0005:0008:}}.{{TAG:0007:0001:}} Lütfen bir dene!"
97,098,"{{TAG:0003:0025:}}I'm a little disappointed,{{TAG:0007:0000:0A000000}} {{TAG:0003:0001:}}but thank
you so much for bringing it to me!","{{TAG:0003:0025:}}Ha sido una pena el regalito, {{TAG:0007:0000:0A000000}}{{TAG:0003:0005:}}pero
tú has sido {{TAG:000E:0006:040075006E00060075006E006100}} gran mensajer{{TAG:000E:0006:02006F0002006100}}.","{{TAG:0003:0025:}}J'avoue que je m'attendais à mieux,{{TAG:0007:0000:0A000000}}{{TAG:0003:0005:}}
mais merci quand même !","{{TAG:0003:0025:}}Sì, sono un po' abbattuta,{{TAG:0007:0000:0A000000}} {{TAG:0003:0005:}}ad ogni
modo merci per avermi
consegnato il pacco!","{{TAG:0003:0025:}}Das ist schon etwas enttäuschend,{{TAG:0007:0000:0A000000}}
{{TAG:0003:0005:}}aber trotzdem vielen Dank fürs
Vorbeibringen!","{{TAG:0003:0025:}}Biraz hayal kırıklığına uğradım{{TAG:0007:0000:0A000000}}{{TAG:0003:0001:}}
ama bunu bana getirdiğin için
çok teşekkür ederim!"
98,099,"{{TAG:0003:0025:}}I don't know if it's to your taste,{{TAG:0007:0000:0A000000}}
{{TAG:0003:0005:}}but I wanted you to have a chance
to try it,{{TAG:0007:0000:05000000}} {{TAG:0005:0008:}}.","{{TAG:0003:0025:}}No sé si te gustará,{{TAG:0007:0000:0A000000}} {{TAG:0003:0005:}}pero quiero
que lo pruebes, {{TAG:0007:0000:0A000000}}{{TAG:0005:0008:}}.
¡A mí me encanta, {{TAG:0007:0000:0F000000}}{{TAG:0005:0007:}}!","{{TAG:0003:0025:}}Je ne sais pas si ça te plaira,{{TAG:0007:0000:0A000000}}{{TAG:0003:0005:}} mais
je voulais te donner l'occasion de
l'essayer, {{TAG:0005:0008:}}.","{{TAG:0003:0025:}}Non so se ti piace,{{TAG:0007:0000:0A000000}} {{TAG:0003:0005:}}ma forse puoi
assaggiarne un po',{{TAG:0007:0000:0A000000}} {{TAG:0005:0008:}}.
Io ne vado matta, {{TAG:0007:0000:0F000000}}{{TAG:0005:0007:}}!","{{TAG:0003:0025:}}Ich weiß nicht, ob dir so was
schmeckt,{{TAG:0007:0000:0A000000}} {{TAG:0003:0005:}}aber probier es
doch einfach mal,{{TAG:0007:0000:0A000000}} {{TAG:0005:0008:}}.","{{TAG:0003:0025:}}Zevkine uyup uymadığını
bilmiyorum{{TAG:0007:0000:0A000000}}{{TAG:0003:0005:}} ama bir tadına
bakmanı istedim,{{TAG:0007:0000:05000000}} {{TAG:0005:0008:}}."
