entry,label,EN,ES,FR,IT,DE,TRANSLATION
0,001,{{TAG:0003:0017:}}A delivery? For me?,{{TAG:0003:0017:}}¿Me traes algo?,{{TAG:0003:0017:}}Une livraison ? Pour moi ?,{{TAG:0003:0017:}}Una consegna? ... Per me?,{{TAG:0003:0017:}}Für mich?,{{TAG:0003:0017:}}Teslimat mı? Bana mı?
1,002,{{TAG:0003:0012:}}Wait—so there's nothing for me?!,"{{TAG:0003:0012:}}¿O sea, que no me traes nada?","{{TAG:0003:0012:}}C'est ça, mon colis ? Rien ?","{{TAG:0003:0012:}}Ma come... Quindi non mi hai
portato niente?!","{{TAG:0003:0007:}}Was, jetzt doch nicht?","{{TAG:0003:0012:}}Dur bakalım... Bana hiçbir şey
yok mu yani?!"
2,003,"{{TAG:0003:000F:}}Huh?!{{TAG:0007:0000:1E000000}} {{TAG:0011:0001:0100}} really sent me
something? {{TAG:0003:000B:}}Wonder why{{TAG:0007:0000:08000000}}.{{TAG:0007:0000:08000000}}.{{TAG:0007:0000:08000000}}.{{TAG:0007:0000:08000000}}","{{TAG:0003:000F:}}¡Huy!{{TAG:0007:0000:1E000000}} ¿{{TAG:000E:0003:}}{{TAG:0011:0001:0100}} me manda algo?{{TAG:0007:0000:14000000}}
{{TAG:0003:000B:}}No se me ocurre por qué{{TAG:0007:0000:08000000}}.{{TAG:0007:0000:08000000}}.{{TAG:0007:0000:08000000}}.","{{TAG:0003:000F:}}Hmm ?{{TAG:0007:0000:1E000000}} {{TAG:0011:0001:0100}} m'envoie
quelque chose ? {{TAG:0003:000B:}}Je me demande
bien pourquoi{{TAG:0007:0000:08000000}}.{{TAG:0007:0000:08000000}}.{{TAG:0007:0000:08000000}}.{{TAG:0007:0000:08000000}}","{{TAG:0003:000F:}}Che dici?!{{TAG:0007:0000:1E000000}} {{TAG:0011:0001:0100}} mi ha
mandato qualcosa? {{TAG:0003:000B:}}Chissà perché{{TAG:0007:0000:08000000}}.{{TAG:0007:0000:08000000}}.{{TAG:0007:0000:08000000}}.{{TAG:0007:0000:08000000}}","{{TAG:0003:000F:}}Hä?{{TAG:0007:0000:1E000000}} {{TAG:0011:0001:0100}} schickt mir was?{{TAG:0007:0000:14000000}}
{{TAG:0003:000B:}}Aber warum? {{TAG:0007:0000:08000000}}Als Tribut?","{{TAG:0003:000F:}}Ha?!{{TAG:0007:0000:1E000000}} {{TAG:0011:0001:0100}} gerçekten bana bir şey mi
göndermiş{{TAG:0003:000B:}}? Niye acaba{{TAG:0007:0000:08000000}}{{TAG:0007:0000:08000000}}..{{TAG:0007:0000:08000000}}.{{TAG:0007:0000:08000000}}"
3,004,"{{TAG:0003:000F:}}What?!{{TAG:0007:0000:1E000000}} Why would {{TAG:0011:0001:0100}} send
me something{{TAG:0007:0000:08000000}}.{{TAG:0007:0000:08000000}}.{{TAG:0007:0000:08000000}}.{{TAG:0007:0000:08000000}}?","{{TAG:0003:000F:}}¿Qué?{{TAG:0007:0000:1E000000}} ¿Pero por qué se
ha molestado {{TAG:0011:0001:0100}}?","{{TAG:0003:000F:}}Une minute !{{TAG:0007:0000:1E000000}} Pourquoi {{TAG:0011:0001:0100}}
m'enverrait-{{TAG:000E:0008:01CD040069006C00080065006C006C0065000000}} quelque chose{{TAG:0007:0000:08000000}}.{{TAG:0007:0000:08000000}}.{{TAG:0007:0000:08000000}}.{{TAG:0007:0000:08000000}}?","{{TAG:0003:000F:}}Cosa?!{{TAG:0007:0000:1E000000}} E perché {{TAG:0011:0001:0100}}
mi avrebbe mandato qualcosa{{TAG:0007:0000:08000000}}.{{TAG:0007:0000:08000000}}.{{TAG:0007:0000:08000000}}.{{TAG:0007:0000:08000000}}?","{{TAG:0003:000F:}}Was?{{TAG:0007:0000:1E000000}} Warum ausgerechnet von
{{TAG:0011:0001:0100}}?","{{TAG:0003:000F:}}Ne{{TAG:0007:0000:1E000000}}?! {{TAG:0011:0001:0100}} niye bana bir şey
göndersin{{TAG:0007:0000:08000000}} ki{{TAG:0007:0000:08000000}}.{{TAG:0007:0000:08000000}}.{{TAG:0007:0000:08000000}}.?"
4,005,"{{TAG:0003:0010:}}Ahh!{{TAG:0007:0000:14000000}} {{TAG:0003:0025:}}Maybe it's that thing I lent to
{{TAG:0011:0001:0100}} a while ago!","{{TAG:0003:0010:}}¡Ah!{{TAG:0007:0000:14000000}} {{TAG:0003:0025:}}¡Debe de ser aquello que le
presté a {{TAG:0011:0001:0100}} hace tiempo!","{{TAG:0003:0010:}}Ah !{{TAG:0007:0000:14000000}} {{TAG:0003:0025:}}C'est le truc que j'avais prêté
à {{TAG:0011:0001:0100}} il y a un moment.","{{TAG:0003:0010:}}Aaah!{{TAG:0007:0000:14000000}} {{TAG:0003:0025:}}Forse è quella cosa che
avevo prestato {{TAG:000E:0010:}} {{TAG:0011:0001:0100}}
tempo fa!","{{TAG:0003:0010:}}Ah!{{TAG:0007:0000:14000000}} {{TAG:0003:0007:}}Vielleicht hat sich {{TAG:0011:0001:0100}}
ja mal erinnert, dass ich {{TAG:000E:0008:01CD0600690068006D0006006900680072000600690068006D00}} vor
einiger Zeit was ausgeliehen habe!","{{TAG:0003:0010:}}Aha{{TAG:0007:0000:14000000}}{{TAG:0003:0025:}}! Bir süre önce {{TAG:0011:0001:0100}} ödünç
verdiğim şey bu olabilir!"
5,006,"{{TAG:0003:000F:}}Huh?{{TAG:0007:0000:1E000000}} It's something I left over at
{{TAG:0011:0001:0100}}'s place?","{{TAG:0003:000F:}}¿Cómo?{{TAG:0007:0000:1E000000}} ¿Traes algo que me dejé
en casa de {{TAG:0011:0001:0100}}?","{{TAG:0003:000F:}}Hein ?{{TAG:0007:0000:1E000000}} J'avais oublié quelque chose
chez {{TAG:0011:0001:0100}} ?","{{TAG:0003:000F:}}Sul serio?{{TAG:0007:0000:1E000000}} Davvero ho lasciato
qualcosa a casa di {{TAG:0011:0001:0100}}?","{{TAG:0003:000F:}}Huch?{{TAG:0007:0000:1E000000}} Ich habe was bei {{TAG:0011:0001:0100}}
liegen lassen?",{{TAG:0003:000F:}}{{TAG:0007:0000:1E000000}}Ha? {{TAG:0011:0001:0100}} evinde unuttuğum bir şey miymiş?
6,007,"{{TAG:0003:000F:}}Huh?!{{TAG:0007:0000:1E000000}} {{TAG:0003:0017:}}A package for me was sent to
{{TAG:0011:0001:0100}} by mistake?! Why?!","{{TAG:0003:000F:}}¡Anda!{{TAG:0007:0000:1E000000}} {{TAG:0003:0017:}}¿Un envío para mí le llegó
a {{TAG:0011:0001:0100}} por error? ¡Qué cosas!","{{TAG:0003:000F:}}Hein ?{{TAG:0007:0000:1E000000}} {{TAG:0003:0017:}}Un paquet qui m'était destiné
a été remis à {{TAG:0011:0001:0100}} par
erreur ? Ah, bah bravo !","{{TAG:0003:000F:}}Che?!{{TAG:0007:0000:1E000000}} {{TAG:0003:0017:}}Un pacco indirizzato a me
è stato recapitato {{TAG:000E:0010:}} {{TAG:0011:0001:0100}}
per errore? Com'è successo?!","{{TAG:0003:000F:}}Wie?{{TAG:0007:0000:1E000000}} {{TAG:0003:0017:}}Ein Paket für mich ist bei
{{TAG:0011:0001:0100}} gelandet? {{TAG:0007:0000:14000000}}Wieso das
denn?","{{TAG:0003:000F:}}Ha?!{{TAG:0007:0000:1E000000}}{{TAG:0003:0017:}} Benim paket yanlışlıkla {{TAG:0011:0001:0100}}
adresine mi gönderilmiş?! Niye ki?!"
7,008,"{{TAG:0003:0010:}}Ahh!{{TAG:0007:0000:1E000000}} {{TAG:0003:0024:}}Now that you mention it,{{TAG:0007:0000:14000000}} I DID
ask {{TAG:0011:0001:0100}} to get it for me!","{{TAG:0003:0010:}}¡Ah!{{TAG:0007:0000:1E000000}} {{TAG:0003:0024:}}Ahora que lo mencionas,
es verdad que le pedí a {{TAG:0011:0001:0100}}
que me consiguiera una cosa.","{{TAG:0003:0010:}}Ah !{{TAG:0007:0000:1E000000}} {{TAG:0003:0024:}}Je me souviens maintenant,{{TAG:0007:0000:14000000}}
j'avais demandé à {{TAG:0011:0001:0100}} de me
trouver ça, en effet.","{{TAG:0003:0010:}}Ah!{{TAG:0007:0000:1E000000}} {{TAG:0003:0024:}}Ora che ci penso,{{TAG:0007:0000:14000000}} è vero...
Avevo chiesto {{TAG:000E:0010:}} {{TAG:0011:0001:0100}}
di prendermi una certa cosa!","{{TAG:0003:0010:}}Stimmt ja!{{TAG:0007:0000:1E000000}} {{TAG:0003:0015:}}{{TAG:000E:0003:}}{{TAG:0011:0001:0100}} sollte was
für mich besorgen!","{{TAG:0003:0010:}}Aha{{TAG:0007:0000:1E000000}}!{{TAG:0003:0024:}} Şimdi söyleyince{{TAG:0007:0000:14000000}}
hatırladım; {{TAG:0011:0001:0100}} bunu benim için
bulmasını istemiştim!"
8,009,"{{TAG:0003:0017:}}I wonder what it is.{{TAG:0007:0000:28000000}} {{TAG:0003:0006:}}Only one way
to find out{{TAG:0007:0000:08000000}}.{{TAG:0007:0000:08000000}}.{{TAG:0007:0000:08000000}}.{{TAG:0007:0000:08000000}} {{TAG:0003:0026:}}Let's open it up!","{{TAG:0003:0017:}}A ver qué es.{{TAG:0007:0000:28000000}} {{TAG:0003:0006:}}No lo sabré
hasta que lo abra.","{{TAG:0003:0017:}}Je me demande ce que ça peut être.{{TAG:0007:0000:28000000}}
{{TAG:0003:0006:}}Enfin, il n'y a qu'une manière de le
savoir{{TAG:0007:0000:08000000}}.{{TAG:0007:0000:08000000}}.{{TAG:0007:0000:08000000}}. l'ouvrir !","{{TAG:0003:0017:}}Tu sai cos'è?{{TAG:0007:0000:28000000}} {{TAG:0003:0001:}}Non vedo l'ora
di scoprirlo{{TAG:0007:0000:08000000}}.{{TAG:0007:0000:08000000}}.{{TAG:0007:0000:08000000}}. Dai, apriamolo!","{{TAG:0003:0017:}}Was das wohl ist?{{TAG:0007:0000:28000000}}
{{TAG:0003:0006:}}Gleich mal auspacken!","{{TAG:0003:0017:}}Acaba neymiş.{{TAG:0007:0000:28000000}}{{TAG:0003:0006:}} Öğrenmenin tek
yolu{{TAG:0007:0000:08000000}} var{{TAG:0007:0000:08000000}}{{TAG:0007:0000:08000000}}.{{TAG:0007:0000:08000000}}.{{TAG:0003:0026:}}. Aç bakalım!"
9,010,"{{TAG:0003:0015:}}Mm,{{TAG:0007:0000:14000000}} {{TAG:000E:0002:}}{{TAG:0011:0003:0000}}{{TAG:0007:0000:08000000}}.{{TAG:0007:0000:08000000}}.{{TAG:0007:0000:08000000}}.{{TAG:0007:0001:}}
{{TAG:0003:0000:}}Hey, that's not bad at all.{{TAG:0007:0000:14000000}}","{{TAG:0003:0015:}}Ah,{{TAG:0007:0000:0A000000}} {{TAG:000E:0002:}}{{TAG:0011:0003:0000}}{{TAG:0007:0000:08000000}}.{{TAG:0007:0000:08000000}}.{{TAG:0007:0000:08000000}}.{{TAG:0007:0001:}}
{{TAG:0003:0000:}}Pues qué bien.","{{TAG:0003:0015:}}Oh,{{TAG:0007:0000:14000000}} {{TAG:000E:0002:}}{{TAG:0011:0003:0000}}{{TAG:0007:0000:08000000}}.{{TAG:0007:0000:08000000}}.{{TAG:0007:0000:08000000}}.{{TAG:0007:0001:}}
{{TAG:0003:0000:}}C'est pas aussi nul que ce que je 
pensais.{{TAG:0007:0000:14000000}}","{{TAG:0003:0015:}}Ah,{{TAG:0007:0000:14000000}} {{TAG:000E:0002:}}{{TAG:0011:0003:0000}}{{TAG:0007:0000:08000000}}.{{TAG:0007:0000:08000000}}.{{TAG:0007:0000:08000000}}.{{TAG:0007:0001:}}
{{TAG:0003:0000:}}Poteva andare peggio.{{TAG:0007:0000:14000000}}","{{TAG:0003:0015:}}{{TAG:000E:0003:}}{{TAG:000E:0002:}}{{TAG:0011:0003:0000}}...{{TAG:0007:0001:}}
{{TAG:0003:0000:}}Na ja...","{{TAG:0003:0015:}}Hımm{{TAG:0007:0000:14000000}}, {{TAG:000E:0002:}}{{TAG:0011:0003:0000}}{{TAG:0007:0000:08000000}}.{{TAG:0007:0000:08000000}}.{{TAG:0007:0000:08000000}}.{{TAG:0007:0001:}}{{TAG:0003:0000:}} Hey, hiç de fena
değil.{{TAG:0007:0000:14000000}}"
10,011,"{{TAG:0003:0026:}}Oh!{{TAG:0007:0000:14000000}} {{TAG:000E:0003:}}{{TAG:000E:0002:}}{{TAG:0011:0003:0000}}!{{TAG:0007:0000:28000000}}
{{TAG:0003:0005:}}Snaps! The color is awesome!","{{TAG:0003:0026:}}¡Oh,{{TAG:0007:0000:0A000000}} {{TAG:000E:0002:}}{{TAG:0011:0003:0000}}!{{TAG:0007:0000:28000000}}
{{TAG:0003:0005:}}¡Cáspita, qué color tan bonico!","{{TAG:0003:0026:}}Oh !{{TAG:0007:0000:14000000}} {{TAG:000E:0003:}}{{TAG:000E:0002:}}{{TAG:0011:0003:0000}} !{{TAG:0007:0000:28000000}}
{{TAG:0003:0005:}}Et c'est ma couleur préférée... C'est
presque trop beau pour être vrai.","{{TAG:0003:0026:}}Oh!{{TAG:0007:0000:14000000}} {{TAG:000E:0003:}}{{TAG:000E:0002:}}{{TAG:0011:0003:0000}}!{{TAG:0007:0000:28000000}}
{{TAG:0003:0005:}}Mitico! E il colore è troppo bello!","{{TAG:0003:0026:}}Oh!{{TAG:0007:0000:14000000}} {{TAG:000E:0003:}}{{TAG:000E:0002:}}{{TAG:0011:0003:0000}}!{{TAG:0007:0000:28000000}}
{{TAG:0003:0023:}}Die Farbe gefällt mir...","{{TAG:0003:0026:}}Oo!{{TAG:0007:0000:14000000}} {{TAG:000E:0003:}}{{TAG:000E:0002:}}{{TAG:0011:0003:0000}}!{{TAG:0007:0000:28000000}}{{TAG:0003:0005:}} Vay be, rengi de şahane!"
11,012,,,,,,
12,013,"{{TAG:0003:0010:}}Oh!{{TAG:0007:0000:14000000}} {{TAG:000E:0003:}}{{TAG:000E:0002:}}{{TAG:0011:0003:0000}}!{{TAG:0007:0000:28000000}}
{{TAG:0003:0001:}}I can totally get behind stuff like
this right here!","{{TAG:0003:0010:}}¡Oh!{{TAG:0007:0000:14000000}} ¡{{TAG:000E:0003:}}{{TAG:000E:0002:}}{{TAG:0011:0003:0000}}!{{TAG:0007:0000:28000000}}
{{TAG:0003:0001:}}¡Me encanta tener cosas de estas
en casa!","{{TAG:0003:0010:}}Oh !{{TAG:0007:0000:14000000}} {{TAG:000E:0003:}}{{TAG:000E:0002:}}{{TAG:0011:0003:0000}} !{{TAG:0007:0000:28000000}}
{{TAG:0003:0001:}}Ça me convient parfaitement ! Bon,
rien n'est parfait, mais quand même.","{{TAG:0003:0010:}}Ah!{{TAG:0007:0000:14000000}} {{TAG:000E:0003:}}{{TAG:000E:0002:}}{{TAG:0011:0003:0000}}!{{TAG:0007:0000:28000000}}
{{TAG:0003:0001:}}Che storia! È il mio tipo di mobile
preferito!","{{TAG:0003:0010:}}Oh!{{TAG:0007:0000:14000000}} {{TAG:000E:0003:}}{{TAG:000E:0002:}}{{TAG:0011:0003:0000}}!{{TAG:0007:0000:28000000}}
{{TAG:0003:0023:}}Na, das ist doch mal was!",{{TAG:0003:0010:}}Oo!{{TAG:0007:0000:14000000}} {{TAG:000E:0003:}}{{TAG:000E:0002:}}{{TAG:0011:0003:0000}}!{{TAG:0007:0000:28000000}}{{TAG:0003:0001:}} İşte böyle şeylere tamam derim!
13,014,"{{TAG:0003:0024:}}That's pretty good for {{TAG:0011:0001:0100}}!{{TAG:0007:0001:}}
{{TAG:0003:0023:}}Man, this might just change my
opinion of {{TAG:000E:0007:0600680069006D000600680065007200}}.","{{TAG:0003:0024:}}¡Qué amable por su parte!{{TAG:0007:0001:}}
{{TAG:0003:0023:}}Mi aprecio por {{TAG:0011:0001:0100}}
se acaba de disparar.","{{TAG:0003:0024:}}Sacr{{TAG:000E:0008:01CD0200E9000400E90065000000}} {{TAG:0011:0001:0100}} !{{TAG:0007:0001:}} {{TAG:0003:0023:}}{{TAG:000E:0008:01CD040049006C00080045006C006C00650002003000}} saura
toujours me surprendre.","{{TAG:0003:0024:}}{{TAG:0011:0001:0100}}... che forte!{{TAG:0007:0001:}}
{{TAG:0003:0023:}}Mi ha sorpreso in positivo,
per una volta.{{TAG:0007:0000:0F000000}}{{TAG:0003:0002:}} AHAHAH!{{TAG:0003:0001:}}","{{TAG:0003:0021:}}Nicht übel für {{TAG:0011:0001:0100}}!
{{TAG:0003:0006:}}Mann, Mann, Mann, {{TAG:0007:0000:08000000}}am Ende muss
ich meine Meinung über {{TAG:000E:0008:01CD0600690068006E000600730069006500040065007300}} ändern...","{{TAG:0003:0024:}}{{TAG:0011:0001:0100}}{{TAG:0007:0001:}}{{TAG:0003:0023:}} için bayağı iyi seçim! Vay be, {{TAG:000E:0007:0600680069006D000600680065007200}}
hakkındaki fikrim değişebilir."
14,015,"{{TAG:0003:0025:}}Maybe it was unintentional,{{TAG:0007:0000:14000000}} but it
always feels nice to get something
you really like,{{TAG:0007:0000:14000000}} {{TAG:0005:0007:}}.","{{TAG:0003:0025:}}Igual ha sido casualidad,{{TAG:0007:0000:08000000}} pero sigue
siendo agradable recibir algo que
de verdad te gusta,{{TAG:0007:0000:0C000000}} {{TAG:0005:0007:}}.","{{TAG:0003:0025:}}C'était sans doute pas voulu,{{TAG:0007:0000:14000000}} mais
ça me fait vraiment plaisir. Enfin, je
crois,{{TAG:0007:0000:14000000}} {{TAG:0005:0007:}}.","{{TAG:0003:0025:}}Forse è stata una coincidenza,{{TAG:0007:0000:14000000}}
ma fa sempre piacere ricevere
un regalo decente,{{TAG:0007:0000:14000000}} {{TAG:0005:0007:}}.","{{TAG:0003:0021:}}Also ich krieg ja schon gern
Geschenke, die mir gefallen,
{{TAG:0007:0000:14000000}}{{TAG:0005:0007:}}!","{{TAG:0003:0025:}}Belki tesadüfen tutturdu{{TAG:0007:0000:14000000}} ama
sevdiğin bir şey gelince insanın
hoşuna gidiyor,{{TAG:0007:0000:14000000}} {{TAG:0005:0007:}}."
15,016,"{{TAG:0003:0024:}}Heh!{{TAG:0007:0000:14000000}} Turns out {{TAG:0011:0001:0100}} knows
me pretty well!{{TAG:0007:0000:14000000}} {{TAG:000E:0003:}}{{TAG:0005:0007:}}!","{{TAG:0003:0024:}}¡Je!{{TAG:0007:0000:14000000}} Ha resultado que {{TAG:0011:0001:0100}}
me conoce mejor de lo que yo
pensaba,{{TAG:0007:0000:0C000000}} {{TAG:0005:0007:}}.","{{TAG:0003:0024:}}Hé !{{TAG:0007:0000:14000000}} {{TAG:0011:0001:0100}} me connaît pas si
mal que ça, en fin de compte.
{{TAG:000E:0003:}}{{TAG:0005:0007:}} !","{{TAG:0003:0024:}}Visto?{{TAG:0007:0000:14000000}} A quanto pare, {{TAG:0011:0001:0100}}
mi conosce bene!{{TAG:0007:0000:14000000}} {{TAG:000E:0003:}}{{TAG:0005:0007:}}!","{{TAG:0003:0023:}}Sieht aus, als würde {{TAG:0011:0001:0100}}
meinen Geschmack verdächtig gut
kennen,{{TAG:0007:0000:14000000}} {{TAG:0005:0007:}}!","{{TAG:0003:0024:}}Heh{{TAG:0007:0000:14000000}}! Demek {{TAG:0011:0001:0100}} beni iyi tanıyormuş!{{TAG:0007:0000:14000000}}
{{TAG:000E:0003:}}{{TAG:0005:0007:}}!"
16,017,"{{TAG:0003:0016:}}{{TAG:0007:0000:10000000}}Hey,{{TAG:0007:0000:14000000}} {{TAG:0005:0008:}}!{{TAG:0007:0000:14000000}} I've got an idea!{{TAG:0000:0004:}}{{TAG:0007:0000:14000000}}{{TAG:0003:0017:}}Can you guess what's inside this
box?{{TAG:0007:0001:}} {{TAG:0003:0023:}}If you guess right, {{TAG:0007:0000:08000000}}I'll give you
something nice!","{{TAG:0003:0016:}}{{TAG:0007:0000:10000000}}Oye,{{TAG:0007:0000:0C000000}} {{TAG:0005:0008:}},{{TAG:0007:0000:0C000000}} se me ha ocurrido
un juego.{{TAG:0000:0004:}}A ver si adivinas {{TAG:0003:0017:}}qué hay dentro
de la caja.{{TAG:0007:0001:}} {{TAG:0003:0024:}}Si lo aciertas, {{TAG:0007:0000:08000000}}te doy
un regalo.","{{TAG:0003:0016:}}{{TAG:0007:0000:10000000}}Hé,{{TAG:0007:0000:14000000}} {{TAG:0005:0008:}} !{{TAG:0007:0000:14000000}} J'ai une idée !{{TAG:0000:0004:}}{{TAG:0007:0000:14000000}}{{TAG:0003:0017:}}Tu peux deviner ce qu'il y a dans la
boîte ?{{TAG:0007:0001:}} {{TAG:0003:0024:}}Si c'est juste, {{TAG:0007:0000:08000000}}je te ferai un
petit cadeau.","{{TAG:0003:0016:}}{{TAG:0007:0000:10000000}}Ehi,{{TAG:0007:0000:14000000}} {{TAG:0005:0008:}}!{{TAG:0007:0000:14000000}} Ho un'ideona!{{TAG:0000:0004:}}{{TAG:0007:0000:14000000}}{{TAG:0003:0017:}}Facciamo un gioco? Indovina cosa
c'è nel pacco.{{TAG:0007:0001:}} {{TAG:0003:0024:}}Se vinci, {{TAG:0007:0000:08000000}}ti darò
un superpremio!","{{TAG:0003:0016:}}{{TAG:0007:0000:10000000}}{{TAG:000E:0003:}}{{TAG:0005:0008:}}, {{TAG:0007:0000:08000000}}wie wär's damit?{{TAG:0000:0004:}}{{TAG:0003:0017:}}Kannst du erraten, was in dem
Paket ist?{{TAG:0007:0001:}} {{TAG:0003:0023:}}Wenn ja, gibt's einen
Preis!{{TAG:0007:0000:14000000}} Und ja, {{TAG:0007:0000:08000000}}mir ist langweilig!","{{TAG:0003:0016:}}{{TAG:0007:0000:10000000}}Hey,{{TAG:0007:0000:14000000}} {{TAG:0005:0008:}}!{{TAG:0007:0000:14000000}} Aklıma bir şey{{TAG:0000:0004:}}{{TAG:0007:0000:14000000}}{{TAG:0003:0017:}} geldi!
Kutuda ne olduğunu tahmin
edebilir{{TAG:0007:0001:}}{{TAG:0003:0023:}} misin? Doğru bilirsen{{TAG:0007:0000:08000000}}
sana güzel bir şey var!"
17,018,"{{TAG:0003:0015:}}So{{TAG:0007:0000:14000000}} your guess is something along
the lines of {{TAG:000E:0002:}}{{TAG:0012:0000:00CD}}, right?{{TAG:0007:0000:28000000}}
{{TAG:0003:0006:}}Well, let's open it and find out{{TAG:0007:0000:08000000}}.{{TAG:0007:0000:08000000}}.{{TAG:0007:0000:08000000}}.","{{TAG:0003:0015:}}{{TAG:000E:0003:}}{{TAG:000E:0002:}}{{TAG:0012:0000:00CD}}, ¿verdad?{{TAG:0007:0000:14000000}}
¿Eso crees?{{TAG:0007:0000:14000000}} {{TAG:0003:0006:}}Bueno, vamos a abrirlo
para averiguarlo{{TAG:0007:0000:08000000}}.{{TAG:0007:0000:08000000}}.{{TAG:0007:0000:08000000}}.","{{TAG:0003:0015:}}{{TAG:000E:0003:}}{{TAG:000E:0002:}}{{TAG:0012:0000:00CD}}, dis-tu ?{{TAG:0007:0000:28000000}} {{TAG:0003:0006:}}Bon, il
ne nous reste plus qu'à ouvrir pour
vérifier ça{{TAG:0007:0000:08000000}}.{{TAG:0007:0000:08000000}}.{{TAG:0007:0000:08000000}}.","{{TAG:0003:0015:}}Allora,{{TAG:0007:0000:14000000}} pensi che sia
{{TAG:0012:0000:00CD}}, giusto?{{TAG:0007:0000:28000000}}
{{TAG:0003:0006:}}Beh, apriamo e vediamo cos'è{{TAG:0007:0000:08000000}}.{{TAG:0007:0000:08000000}}.{{TAG:0007:0000:08000000}}.","{{TAG:0003:0015:}}Du sagst also {{TAG:000E:0002:}}{{TAG:0012:0000:00CD}}
oder so?{{TAG:0007:0000:28000000}}
{{TAG:0003:0006:}}Dann finden wir's raus!","{{TAG:0003:0015:}}{{TAG:0007:0000:14000000}}Yani {{TAG:000E:0002:}}{{TAG:0012:0000:00CD}} gibi bir{{TAG:0007:0000:28000000}}{{TAG:0003:0006:}} şey diyorsun, ha?
Pekâlâ, açıp görelim{{TAG:0007:0000:08000000}}.{{TAG:0007:0000:08000000}}.{{TAG:0007:0000:08000000}}."
18,019,"{{TAG:0003:0026:}}You got it!{{TAG:0007:0000:28000000}} It's {{TAG:000E:0002:}}{{TAG:0012:0000:01CD}}!{{TAG:0000:0004:}}{{TAG:0003:0001:}}As I promised,{{TAG:0007:0000:08000000}} you get a prize!","{{TAG:0003:0026:}}¡Has acertado!{{TAG:0007:0000:1E000000}}
¡Es {{TAG:000E:0002:}}{{TAG:0012:0000:01CD}}!{{TAG:0000:0004:}}{{TAG:0003:0001:}}¡Ea!{{TAG:0007:0000:14000000}} Un premio para ti,{{TAG:0007:0000:08000000}}
como te había prometido.","{{TAG:0003:0026:}}{{TAG:000E:0003:}}{{TAG:000E:0002:}}{{TAG:0012:0000:01CD}}, tout juste !{{TAG:0000:0004:}}{{TAG:0003:0001:}}Comme promis,{{TAG:0007:0000:08000000}} voici ton prix !","{{TAG:0003:0026:}}Hai indovinato!{{TAG:0007:0000:28000000}}
È {{TAG:0012:0000:01CD}}!{{TAG:0000:0004:}}{{TAG:0003:0001:}}Come promesso,{{TAG:0007:0000:08000000}} vinci un premio!","{{TAG:0003:0012:}}Richtig! {{TAG:000E:0003:}}{{TAG:000E:0002:}}{{TAG:0012:0000:01CD}}!{{TAG:0000:0004:}}{{TAG:0003:0023:}}Wie versprochen, {{TAG:0007:0000:08000000}}hier ist dein Preis!{{TAG:0007:0000:14000000}}
Was tut man nicht alles aus
Langeweile...","{{TAG:0003:0026:}}Bildin!{{TAG:0007:0000:28000000}} Bu {{TAG:000E:0002:}}{{TAG:0012:0000:01CD}}!{{TAG:0000:0004:}}{{TAG:0003:0001:}} Söz verdiğim{{TAG:0007:0000:08000000}} gibi
ödül senin!"
19,020,"{{TAG:0003:0026:}}That's incorrect!{{TAG:0007:0000:28000000}} {{TAG:000E:0003:}}{{TAG:000E:0002:}}{{TAG:0012:0000:01CD}}
is the correct answer!{{TAG:0007:0000:3C000000}} {{TAG:0003:0024:}}Well, too
bad{{TAG:0007:0000:08000000}}.{{TAG:0007:0000:08000000}}.{{TAG:0007:0000:08000000}}.{{TAG:0007:0000:08000000}}{{TAG:0003:0026:}}for YOU!{{TAG:0007:0000:14000000}}{{TAG:0003:0002:}} GAHAHA!{{TAG:0007:0000:1E000000}}{{TAG:0003:0001:}}","{{TAG:0003:0026:}}¡Incorrecto!{{TAG:0007:0000:28000000}} La respuesta correcta
era ""{{TAG:0012:0000:01CD}}"".{{TAG:0007:0000:3C000000}} {{TAG:0003:0024:}}¡Mala suerte!{{TAG:0007:0000:14000000}}
¡Se siente!{{TAG:0007:0000:14000000}} {{TAG:0003:0002:}}¡Ja, ja, ja!{{TAG:0007:0000:1E000000}}{{TAG:0003:0001:}}","{{TAG:0003:0026:}}C'est incorrect !{{TAG:0007:0000:28000000}} La bonne réponse
était : « {{TAG:0012:0000:01CD}} » !{{TAG:0007:0000:3C000000}}
{{TAG:0003:0024:}}Dommage{{TAG:0007:0000:08000000}}.{{TAG:0007:0000:08000000}}.{{TAG:0007:0000:08000000}}. pour toi,{{TAG:0007:0000:14000000}}{{TAG:0003:0002:}} HA HA HA !{{TAG:0007:0000:1E000000}}{{TAG:0003:0001:}}","{{TAG:0003:0026:}}Non hai indovinato!{{TAG:0007:0000:28000000}}
È {{TAG:0012:0000:01CD}}!{{TAG:0007:0000:3C000000}}
{{TAG:0003:0024:}}Ma che peccato!{{TAG:0007:0000:14000000}}{{TAG:0003:0002:}} AHAHAH!{{TAG:0007:0000:1E000000}}{{TAG:0003:0001:}}","{{TAG:0003:0026:}}Nein,{{TAG:0007:0000:08000000}} es ist {{TAG:000E:0002:}}{{TAG:0012:0000:01CD}}!{{TAG:0007:0000:14000000}}
{{TAG:0003:0021:}}Tja, {{TAG:0007:0000:08000000}}im Gegensatz zu mir gehst
du damit leer aus!{{TAG:0007:0000:14000000}} {{TAG:0003:0002:}}Bwa ha ha!{{TAG:0007:0000:1E000000}}{{TAG:0003:0001:}}","{{TAG:0003:0026:}}Yanlış! Doğru cevap{{TAG:0007:0000:28000000}} {{TAG:000E:0003:}}{{TAG:000E:0002:}}{{TAG:0012:0000:01CD}}! Yazık
oldu{{TAG:0007:0000:3C000000}}{{TAG:0003:0024:}}... SANA{{TAG:0007:0000:08000000}}{{TAG:0007:0000:08000000}}{{TAG:0007:0000:08000000}}!{{TAG:0007:0000:08000000}}{{TAG:0003:0026:}} GAHAHA{{TAG:0007:0000:14000000}}{{TAG:0003:0002:}}!{{TAG:0007:0000:1E000000}}{{TAG:0003:0001:}}"
20,021,"{{TAG:0003:0020:}}Well, {{TAG:0005:0008:}},{{TAG:0007:0000:1E000000}} thanks for taking
the time to come find me!","{{TAG:0003:0020:}}Gracias, {{TAG:0005:0008:}},{{TAG:0007:0000:0C000000}} por venir
a buscarme.","{{TAG:0003:0020:}}Bien, {{TAG:0005:0008:}},{{TAG:0007:0000:1E000000}} merci d'être
ven{{TAG:000E:0006:02007500040075006500}}.","{{TAG:0003:0020:}}Beh, {{TAG:0005:0008:}},{{TAG:0007:0000:1E000000}} grazie per esserti
occupat{{TAG:000E:0006:02006F0002006100}} della consegna!","{{TAG:0003:0020:}}Du kannst mir ruhig öfter Sachen
bringen,{{TAG:0007:0000:08000000}} {{TAG:0005:0008:}}!","{{TAG:0003:0020:}}Pekâlâ {{TAG:0005:0008:}},{{TAG:0007:0000:1E000000}} beni bulmak için
uğraştığın için sağ ol!"
21,022,"{{TAG:0003:0024:}}I'm surprised {{TAG:0011:0001:0100}} is really
still thinking about our fight.{{TAG:0007:0000:14000000}}{{TAG:0000:0004:}}{{TAG:0003:0006:}}I'm not the type to complain about
something forever.{{TAG:0007:0000:08000000}}{{TAG:0007:0001:}} {{TAG:0003:0027:}}Well,{{TAG:0007:0000:14000000}} I'd better
go and apologize too{{TAG:0007:0000:08000000}}.{{TAG:0007:0000:08000000}}.{{TAG:0007:0000:08000000}}.{{TAG:0000:0004:}}{{TAG:0003:0025:}}Sorry for the trouble,{{TAG:0007:0000:1E000000}} but thanks a
lot for your help!","{{TAG:0003:0024:}}Me sorprende que {{TAG:0011:0001:0100}}
todavía se acuerde de la discusión.{{TAG:0000:0004:}}{{TAG:0003:0006:}}Yo no soy muy de guardarle rencor
a la gente.{{TAG:0007:0000:14000000}} Casi me había olvidado.{{TAG:0007:0001:}}
{{TAG:0003:0027:}}Será mejor que vaya a disculparme.
{{TAG:0003:0025:}}Perdona las molestias,{{TAG:0007:0000:0A000000}}
¡y gracias por la ayuda!","{{TAG:0003:0024:}}{{TAG:0011:0001:0100}} se souvient encore de
notre dispute, je suis surpris.{{TAG:0007:0000:14000000}}{{TAG:0000:0004:}}{{TAG:0003:0006:}}C'est pas mon genre de garder
rancune.{{TAG:0007:0000:08000000}}{{TAG:0007:0001:}} {{TAG:0003:0027:}}Bon,{{TAG:0007:0000:14000000}} je devrais aller
m'excuser{{TAG:0007:0000:08000000}}.{{TAG:0007:0000:08000000}}.{{TAG:0007:0000:08000000}}.{{TAG:0000:0004:}}{{TAG:0003:0025:}}Désolé du dérangement,{{TAG:0007:0000:1E000000}} et merci
pour ton aide !","{{TAG:0003:0024:}}Che storia... Non credevo
che {{TAG:0011:0001:0100}} stesse ancora
pensando al nostro litigio.{{TAG:0007:0000:14000000}}{{TAG:0000:0004:}}{{TAG:0003:0006:}}Io me n'ero proprio dimenticato.
Per me è acqua passata.{{TAG:0007:0000:08000000}}{{TAG:0007:0001:}} {{TAG:0003:0027:}}Beh,{{TAG:0007:0000:14000000}}
ora dovrò andare a scusarmi{{TAG:0007:0000:08000000}}.{{TAG:0007:0000:08000000}}.{{TAG:0007:0000:08000000}}.{{TAG:0000:0004:}}{{TAG:0003:0025:}}Scusa per il disturbo!{{TAG:0007:0000:1E000000}} E grazie!","{{TAG:0003:0012:}}Aber dass {{TAG:0011:0001:0100}} sich solche
Gedanken wegen unseres Streits
macht...
{{TAG:0003:0021:}}Wenn ich mir bei jedem Streit so
viele Gedanken machen würde, hätte
ich keine Zeit mehr zum Streiten!{{TAG:0007:0000:1E000000}}
{{TAG:0003:0023:}}Aber ich muss sagen, du hast deine
tragende Rolle gut erfüllt!
{{TAG:0007:0000:14000000}}{{TAG:0003:0002:}}Bwa ha ha!{{TAG:0007:0000:1E000000}}{{TAG:0003:0001:}}","{{TAG:0003:0024:}}{{TAG:0011:0001:0100}} şu kavgayı hâlâ düşünüyor
demek. Ben{{TAG:0007:0000:14000000}}{{TAG:0000:0004:}}{{TAG:0003:0006:}} bir şeye sonsuza dek
söylenen tiplerden değilim{{TAG:0007:0000:08000000}}{{TAG:0007:0001:}}{{TAG:0003:0027:}}.{{TAG:0007:0000:14000000}}
Neyse, ben de gidip özür
dileyeyim{{TAG:0007:0000:08000000}}{{TAG:0007:0000:08000000}}{{TAG:0007:0000:08000000}}{{TAG:0000:0004:}}{{TAG:0003:0025:}}... Seni uğraştırdık{{TAG:0007:0000:1E000000}}
ama yardımın için sağ ol!"
22,023,"{{TAG:0003:0025:}}I know you just brought me the
{{TAG:0011:0003:0000}}, but you
can consider it a gift!
{{TAG:0003:0024:}}I don't need it anymore.{{TAG:0007:0000:14000000}} {{TAG:0003:0002:}}GAHAHA!{{TAG:0007:0000:1E000000}}{{TAG:0003:0001:}}
{{TAG:0003:0020:}}Anyway, {{TAG:0005:0008:}},{{TAG:0007:0000:1E000000}} thanks for
finding me!","{{TAG:0003:0025:}}Sé que {{TAG:000E:0012:100004006C006F0004006C0061000000}} acabas de traer, pero
llévate {{TAG:000E:0001:}}{{TAG:0011:0003:0000}}
si {{TAG:000E:0012:100004006C006F0004006C0061000000}} quieres.
{{TAG:0003:0024:}}Ya no {{TAG:000E:0012:100004006C006F0004006C0061000000}} necesito.{{TAG:0007:0000:14000000}} {{TAG:0003:0002:}}¡Ja, ja, ja!{{TAG:0007:0000:1E000000}}{{TAG:0003:0001:}}
{{TAG:0003:0020:}}Y gracias por venir a traérme{{TAG:000E:0012:100004006C006F0004006C0061000000}},
{{TAG:0005:0008:}}.","{{TAG:0003:0025:}}Tu peux garder
{{TAG:000E:0001:}}{{TAG:0011:0003:0000}},
si tu veux.
{{TAG:0003:0024:}}Je n'en ai plus besoin.{{TAG:0007:0000:14000000}} {{TAG:0003:0002:}}HA HA HA !{{TAG:0007:0000:1E000000}}{{TAG:0003:0001:}}
{{TAG:0003:0020:}}Bref, {{TAG:0005:0008:}},{{TAG:0007:0000:1E000000}} merci.","{{TAG:0003:0025:}}Sai {{TAG:000E:0001:}}{{TAG:0011:0003:0000}}
che mi hai appena portato? Ora
è roba tua.{{TAG:0003:0024:}} A me non serve più!
Ho fatto presto, eh?{{TAG:0007:0000:0F000000}} {{TAG:0003:0002:}}AHAHAH!{{TAG:0003:0001:}}
{{TAG:0003:0020:}}Ci vediamo, {{TAG:0005:0008:}},{{TAG:0007:0000:1E000000}} e grazie
per essere venut{{TAG:000E:0006:02006F0002006100}} a cercarmi!","{{TAG:0003:0023:}}Und Überraschung, {{TAG:0007:0000:08000000}}dein Preis ist
{{TAG:000E:0002:}}{{TAG:0011:0003:0000}}!{{TAG:0000:0004:}}Ich brauche {{TAG:000E:0008:00CD0600690068006E000600730069006500040065007300}} nicht mehr, {{TAG:0007:0000:08000000}}also
nimm schon! {{TAG:0007:0000:14000000}}Und komm gern vorbei,
wenn du wieder was für mich hast!","{{TAG:0003:0025:}}Daha yeni {{TAG:0011:0003:0000}} getirdin ama bunu
hediye say!{{TAG:0003:0024:}} Artık ihtiyacım yok.{{TAG:0007:0000:14000000}}{{TAG:0003:0002:}}
GAHAHA{{TAG:0007:0000:1E000000}}{{TAG:0003:0001:}}!{{TAG:0003:0020:}} Neyse {{TAG:0005:0008:}},{{TAG:0007:0000:1E000000}} beni bulduğun
için sağ ol!"
23,024,"Well,{{TAG:0007:0000:14000000}} aside from that,{{TAG:0007:0000:14000000}} {{TAG:0003:0025:}}thanks for
making the delivery!","Juegos aparte,{{TAG:0007:0000:0C000000}} {{TAG:0003:0025:}}gracias
por traerme el paquete.","Sinon,{{TAG:0007:0000:14000000}} à part ça,{{TAG:0007:0000:14000000}} {{TAG:0003:0025:}}merci pour la
livraison.","Beh,{{TAG:0007:0000:14000000}} ad ogni modo,{{TAG:0007:0000:14000000}} {{TAG:0003:0025:}}grazie
per la consegna!","{{TAG:0003:0021:}}Na ja, {{TAG:0007:0000:08000000}}das war ja trotzdem ganz
unterhaltsam. {{TAG:0007:0000:14000000}}Darfst mir gern
wieder was bringen!","Neyse{{TAG:0007:0000:14000000}}, onu bir kenara{{TAG:0007:0000:14000000}}{{TAG:0003:0025:}} bırakırsak
teslimat için sağ ol!"
24,025,"Despite that,{{TAG:0007:0000:14000000}} {{TAG:0003:0026:}}thanks for making the
delivery, {{TAG:0005:0008:}}!{{TAG:0000:0004:}}{{TAG:0003:0001:}}Thanks to you,{{TAG:0007:0000:14000000}} I feel like {{TAG:0011:0001:0100}}
and I can finally patch things up!","Jueguecicos aparte,{{TAG:0007:0000:0A000000}} {{TAG:0003:0026:}}muchas gracias
por hacer la entrega,{{TAG:0007:0000:08000000}} {{TAG:0005:0008:}}.{{TAG:0000:0004:}}{{TAG:0003:0001:}}Creo que, gracias a ti,{{TAG:0007:0000:0C000000}} {{TAG:0011:0001:0100}}
y yo podremos hacer las paces
por fin.","Enfin,{{TAG:0007:0000:14000000}} {{TAG:0003:0026:}}merci pour tes efforts,
{{TAG:0005:0008:}}.{{TAG:0000:0004:}}{{TAG:0003:0001:}}Grâce à toi,{{TAG:0007:0000:14000000}} je pense qu'on va 
redevenir bons amis, {{TAG:0011:0001:0100}} et
moi.","Comunque...{{TAG:0007:0000:14000000}} {{TAG:0003:0026:}}grazie per la consegna,
{{TAG:0005:0008:}}!{{TAG:0000:0004:}}{{TAG:0003:0001:}}Grazie a te,{{TAG:0007:0000:14000000}} io {{TAG:000E:0011:}} {{TAG:0011:0001:0100}}
potremo finalmente fare pace!","{{TAG:0003:0023:}}Aber immerhin ist dank dir zwischen
mir und {{TAG:0011:0001:0100}} wieder alles im
Lot,{{TAG:0007:0000:08000000}} {{TAG:0005:0008:}}!","Her şeye{{TAG:0007:0000:14000000}} rağmen{{TAG:0003:0026:}} teslimat için
sağ ol, {{TAG:0005:0008:}}!{{TAG:0000:0004:}}{{TAG:0003:0001:}} Senin{{TAG:0007:0000:14000000}} sayende {{TAG:0011:0001:0100}} ile
arayı sonunda düzeltebiliriz!"
25,026,"{{TAG:0003:0024:}}Man, {{TAG:0011:0001:0100}} didn't really need
to be so polite and wrap this up.{{TAG:0007:0000:1E000000}}
She's so considerate sometimes!","{{TAG:0003:0024:}}No hacía falta que {{TAG:0011:0001:0100}} se
molestara en envolverlo y todo.{{TAG:0007:0000:1E000000}}
¡A veces se pasa de considerad{{TAG:000E:0007:02006F0002006100}}!","{{TAG:0003:0024:}}Un emballage parfait... {{TAG:0011:0001:0100}} a
poussé la politesse un peu loin !{{TAG:0007:0000:1E000000}}
Ah, ça me fait plaisir, quand même.","{{TAG:0003:0024:}}Capperi, {{TAG:0011:0001:0100}} ha fatto
le cose per bene.{{TAG:0007:0000:1E000000}} Guarda che
pacchetto... coi fiocchi!{{TAG:0007:0000:0F000000}}{{TAG:0003:0002:}} AHAHAH!{{TAG:0003:0001:}}","{{TAG:0003:0023:}}Na, aber extra noch einpacken hätte
{{TAG:0011:0001:0100}} es nicht müssen! {{TAG:0007:0000:14000000}}Wie
putzig!","{{TAG:0003:0024:}}Vay be, {{TAG:0011:0001:0100}} bunu paketlemek zorunda
değildi. Bazen ne{{TAG:0007:0000:1E000000}} kadar
düşünceli olabiliyor!"
26,027,"{{TAG:0003:0024:}}Wow, I never expected {{TAG:0011:0001:0100}}
to ever return anything.{{TAG:0007:0000:1E000000}}{{TAG:0007:0001:}} {{TAG:0003:0001:}}Guess pigs
will start flying now!{{TAG:0007:0000:14000000}}{{TAG:0003:0002:}} GAHAHA!{{TAG:0007:0000:1E000000}}{{TAG:0003:0001:}}","{{TAG:0003:0024:}}Vaya, a estas alturas ya no esperaba
que {{TAG:0011:0001:0100}} me devolviera nada.{{TAG:0000:0004:}}{{TAG:0003:0001:}}¿Qué será lo siguiente?{{TAG:0007:0000:14000000}}
¿Cerdos volando?{{TAG:0007:0000:14000000}} {{TAG:0003:0002:}}¡Ja, ja, ja!{{TAG:0007:0000:1E000000}}{{TAG:0003:0001:}}","{{TAG:0003:0024:}}Donc {{TAG:0011:0001:0100}} rend ce qu'{{TAG:000E:0008:01CD040069006C00080065006C006C0065000000}}
emprunte, parfois.{{TAG:0007:0000:1E000000}}{{TAG:0007:0001:}} {{TAG:0003:0001:}}Les poules vont
bientôt avoir des dents,{{TAG:0007:0000:14000000}}{{TAG:0003:0002:}} HA HA HA !{{TAG:0007:0000:1E000000}}{{TAG:0003:0001:}}","{{TAG:0003:0024:}}{{TAG:0011:0001:0100}} che si ricorda di
restituire qualcosa...{{TAG:0007:0000:1E000000}}{{TAG:0007:0001:}} {{TAG:0003:0001:}}Questa va
segnata sul calendario!{{TAG:0007:0000:14000000}}{{TAG:0003:0002:}} AHAHAH!{{TAG:0007:0000:1E000000}}{{TAG:0003:0001:}}","{{TAG:0003:0012:}}{{TAG:0011:0001:0100}} hat dran gedacht, mir
meinen Kram zurückzugeben...{{TAG:0007:0000:1E000000}}
{{TAG:0003:0021:}}Sachen gibt's!{{TAG:0007:0000:14000000}}{{TAG:0003:0002:}} Bwa ha ha!{{TAG:0007:0000:1E000000}}{{TAG:0003:0001:}}","{{TAG:0003:0024:}}Vay, {{TAG:0011:0001:0100}} bir şeyi geri verecek günü{{TAG:0007:0000:1E000000}}{{TAG:0007:0001:}}
göreceğimi{{TAG:0003:0001:}} sanmazdım. Şimdi
gökten domuz da yağar{{TAG:0007:0000:14000000}}{{TAG:0003:0002:}}! GAHAHA!{{TAG:0007:0000:1E000000}}{{TAG:0003:0001:}}"
27,028,"{{TAG:0003:0001:}}It's so nice of {{TAG:0011:0001:0100}} to wrap
something up before returning it!{{TAG:0007:0000:14000000}}{{TAG:0007:0001:}}
{{TAG:0003:0015:}}That's what makes her so special!","{{TAG:0003:0001:}}{{TAG:0011:0001:0100}} siempre lo hace todo
con mucha clase.{{TAG:0007:0000:14000000}} {{TAG:0003:0015:}}¡Solo ella podría
haber envuelto el regalo así de bien!","{{TAG:0003:0001:}}{{TAG:0011:0001:0100}} a fait un très beau
paquet.{{TAG:0007:0000:14000000}}{{TAG:0007:0001:}} {{TAG:0003:0015:}}Elle est un peu excentrique.
J'aime.","{{TAG:0003:0001:}}Si vede che questo pacchetto
è stato preparato da {{TAG:0011:0001:0100}}!{{TAG:0007:0000:14000000}}{{TAG:0007:0001:}}
{{TAG:0003:0015:}}In queste cose è imbattibile!","{{TAG:0003:0023:}}Das Ganze vor dem Zurückgeben
noch schön zu verpacken ist
typisch {{TAG:0011:0001:0100}}!","{{TAG:0003:0001:}}{{TAG:0011:0001:0100}} geri verirken paketlemeyi bile
düşünmüş{{TAG:0007:0000:14000000}}{{TAG:0007:0001:}}{{TAG:0003:0015:}}! Onu özel yapan da bu işte!"
28,029,"{{TAG:0003:0024:}}So {{TAG:0011:0001:0100}} still remembered?{{TAG:0007:0000:28000000}}
Good for her, because I totally
forgot!{{TAG:0007:0001:}} {{TAG:0003:0015:}}That's pretty impressive!","{{TAG:0003:0024:}}¿{{TAG:0011:0001:0100}} todavía se acordaba?{{TAG:0007:0000:28000000}}
No me lo esperaba de ella,
con lo cabeza loca que es.
{{TAG:0003:0015:}}¡Hasta yo me había olvidado!","{{TAG:0003:0024:}}Alors {{TAG:0011:0001:0100}} s'en souvenait ?{{TAG:0007:0000:28000000}}
Elle a de la mémoire, pas comme
moi.{{TAG:0007:0001:}} {{TAG:0003:0015:}}Je suis impressionné !","{{TAG:0003:0024:}}Come faceva {{TAG:0011:0001:0100}}
a ricordarsi?{{TAG:0007:0000:28000000}} Io non ci
pensavo più!{{TAG:0007:0001:}} {{TAG:0003:0015:}}Che storia...","{{TAG:0003:0021:}}{{TAG:0011:0001:0100}} hat sich also doch noch
erinnert! {{TAG:0007:0000:14000000}}Tja, {{TAG:0007:0000:08000000}}da gratuliere ich!
{{TAG:0007:0000:14000000}}{{TAG:0003:0002:}}Bwa ha ha!{{TAG:0007:0000:1E000000}}{{TAG:0003:0001:}}","{{TAG:0003:0024:}}Demek {{TAG:0011:0001:0100}} hâlâ hatırlıyordu{{TAG:0007:0000:28000000}}? İyi
olmuş, çünkü ben tamamen{{TAG:0007:0001:}}{{TAG:0003:0015:}}
unutmuştum! Fena değil!"
29,030,"{{TAG:0003:0009:}}Man,{{TAG:0007:0000:08000000}} {{TAG:0011:0001:0100}} definitely took his
sweet time returning this to me!{{TAG:0007:0000:28000000}}
{{TAG:0003:0024:}}I was certain he'd forgot!","{{TAG:0003:0009:}}Es típico de {{TAG:0011:0001:0100}} tardar
tanto en devolver las cosas.{{TAG:0007:0000:1E000000}}
{{TAG:0003:0024:}}¡Con lo perezoso que es!","{{TAG:0003:0024:}}D'habitude, {{TAG:0011:0001:0100}} est lent à la
détente, un retour aussi rapide est
inespéré,{{TAG:0007:0000:14000000}} {{TAG:0003:0002:}}HA HA HA !{{TAG:0007:0000:1E000000}}{{TAG:0003:0001:}}","{{TAG:0003:0009:}}Cavoli,{{TAG:0007:0000:08000000}} {{TAG:0011:0001:0100}} se l'è presa
comoda, eh?!{{TAG:0007:0000:28000000}} {{TAG:0003:0024:}}Ci mette sempre
una vita per restituirmi le cose!","{{TAG:0003:0006:}}Da hat sich {{TAG:0011:0001:0100}} aber mal
schön Zeit gelassen!{{TAG:0007:0000:28000000}} Ich hatte es
selbst schon fast vergessen!","{{TAG:0003:0009:}}Vay be{{TAG:0007:0000:08000000}}, {{TAG:0011:0001:0100}} geri vermek için
keyfinin gelmesini bayağı
beklemiş{{TAG:0007:0000:28000000}}{{TAG:0003:0024:}}! Unuttuğuna emindim!"
30,031,"{{TAG:0003:0024:}}Considering that {{TAG:0011:0001:0100}}'s the
one who borrowed it,{{TAG:0007:0000:14000000}} it came back
fairly quickly. {{TAG:0003:0002:}}GAHAHA!{{TAG:0007:0000:1E000000}}{{TAG:0003:0001:}}","{{TAG:0003:0024:}}Me sorprende haber recuperado
esto tan pronto,{{TAG:0007:0000:08000000}} sabiendo a quién
se lo había prestado.{{TAG:0007:0000:14000000}} {{TAG:0003:0002:}}¡Ja, ja, ja!{{TAG:0007:0000:1E000000}}{{TAG:0003:0001:}}","{{TAG:0003:0009:}}Pfff, {{TAG:0011:0001:0100}} a pris tout son
temps pour me rendre ça.{{TAG:0007:0000:28000000}}{{TAG:0003:0024:}} Ça a bien
pris 135 ans !","{{TAG:0003:0024:}}Di solito {{TAG:0011:0001:0100}} ci mette
molto più tempo a restituire
le cose.{{TAG:0007:0000:14000000}} Chissà cosa gli è preso...","{{TAG:0003:0021:}}Untypisch für {{TAG:0011:0001:0100}}, mir mein
Zeug so fix zurückzugeben! {{TAG:0007:0000:14000000}}{{TAG:0003:0002:}}Bwa ha!{{TAG:0007:0000:1E000000}}{{TAG:0003:0001:}}","{{TAG:0003:0024:}}Bunu ödünç alan {{TAG:0011:0001:0100}} olduğuna göre{{TAG:0007:0000:14000000}}
beklediğimden hızlı geldi.{{TAG:0003:0002:}}
GAHAHA!{{TAG:0007:0000:1E000000}}{{TAG:0003:0001:}}"
31,032,"{{TAG:0003:0010:}}Wow,{{TAG:0007:0000:1E000000}} {{TAG:0011:0001:0100}} even wrapped it
up all nice!{{TAG:0007:0001:}} {{TAG:0003:0024:}}Hmm, yes. Good guy,
that {{TAG:0011:0001:0100}}!{{TAG:0007:0000:14000000}} {{TAG:0003:0002:}}GAHAHA!{{TAG:0007:0000:1E000000}}{{TAG:0003:0001:}}","{{TAG:0003:0010:}}Es un gruñoncete{{TAG:0007:0000:08000000}} ese {{TAG:0011:0001:0100}},{{TAG:0007:0000:08000000}}
pero mira,{{TAG:0007:0000:08000000}} se ha molestado en
envolverlo y todo.
¡En el fondo es buen tipo!{{TAG:0007:0000:14000000}}
{{TAG:0003:0002:}}¡Ja, ja, ja!{{TAG:0007:0000:1E000000}}{{TAG:0003:0001:}}","{{TAG:0003:0010:}}Waouh,{{TAG:0007:0000:1E000000}} {{TAG:0011:0001:0100}} a fait un très
beau paquet...{{TAG:0007:0001:}} {{TAG:0003:0024:}}Quel joyeux luron, 
celui-là !{{TAG:0007:0000:14000000}} {{TAG:0003:0002:}}HA HA HA !{{TAG:0007:0000:1E000000}}{{TAG:0003:0001:}}","{{TAG:0003:0010:}}Cavoli,{{TAG:0007:0000:1E000000}} guarda che bella carta
da regalo che ha usato {{TAG:0011:0001:0100}}.{{TAG:0007:0001:}}
{{TAG:0003:0024:}}Che bravo ragazzo!{{TAG:0007:0000:14000000}} {{TAG:0003:0002:}}AHAHAH!{{TAG:0007:0000:1E000000}}{{TAG:0003:0001:}}","{{TAG:0003:0010:}}Oho,{{TAG:0007:0000:1E000000}} {{TAG:0011:0001:0100}} hat das Ganze noch
nett verpackt!{{TAG:0007:0000:14000000}} {{TAG:0003:0023:}}Ganz nach meinem
Geschmack, {{TAG:0007:0000:08000000}}dieser {{TAG:0011:0001:0100}}!","{{TAG:0003:0010:}}Vay,{{TAG:0007:0000:1E000000}} {{TAG:0011:0001:0100}} bir de güzelce paketlemiş!{{TAG:0007:0001:}}{{TAG:0003:0024:}}
Hımm, evet. İyi adam şu {{TAG:0011:0001:0100}}!{{TAG:0007:0000:14000000}}{{TAG:0003:0002:}}
GAHAHA!{{TAG:0007:0000:1E000000}}{{TAG:0003:0001:}}"
32,033,"{{TAG:0003:0024:}}I'd tell him that if he had the time
to wrap it, he could've returned it
sooner.{{TAG:0007:0000:10000000}} {{TAG:0003:0026:}}But that's why I like him!","{{TAG:0003:0024:}}Digo yo que si le sobraba tiempo
para envolverlo,{{TAG:0007:0000:08000000}} lo podía haber
devuelto antes.
Pero en fin,{{TAG:0007:0000:08000000}} ¡ya conocemos todos
sus manías!{{TAG:0007:0000:14000000}} {{TAG:0003:0002:}}¡Ja, ja, ja!{{TAG:0007:0000:1E000000}}{{TAG:0003:0001:}}","{{TAG:0003:0024:}}S'il a eu le temps de l'emballer, il
aurait pu me rendre ce truc bien
plus tôt. C'est pour ça que je l'aime.","{{TAG:0003:0024:}}Invece di perdere tempo a fare
il pacchetto, {{TAG:0007:0000:0F000000}}{{TAG:0003:0006:}}avrebbe potuto ridarmi
prima quello che non è suo!","{{TAG:0003:0006:}}Ohne das Verpackungsgedöns hätte
ich mein Zeug schneller wieder
zurückbekommen!{{TAG:0007:0000:14000000}}{{TAG:0003:0023:}} So ist er eben!","{{TAG:0003:0024:}}Paketleyecek vakti varsa daha
erken geri verebilirdi derdim.
Ama işte onu{{TAG:0007:0000:10000000}}{{TAG:0003:0026:}} da bu yüzden seviyorum!"
33,034,"So then,{{TAG:0007:0000:1E000000}} {{TAG:0003:0017:}}what do you think's inside?{{TAG:0007:0001:}}
{{TAG:0003:0025:}}If you can guess right, {{TAG:0007:0000:0F000000}}I'll give you
something nice!","{{TAG:0003:0017:}}¿Tú qué crees que habrá dentro?{{TAG:0007:0001:}}
{{TAG:0003:0025:}}¡Si lo aciertas,{{TAG:0007:0000:0F000000}} te regalo algo!","Alors,{{TAG:0007:0000:1E000000}} {{TAG:0003:0017:}}que crois-tu qu'il y ait à
l'intérieur ?{{TAG:0007:0001:}}{{TAG:0003:0025:}} Si tu devines, {{TAG:0007:0000:0F000000}}je te ferai
un petit cadeau.","Dai,{{TAG:0007:0000:1E000000}} {{TAG:0003:0017:}}vuoi indovinare il contenuto?{{TAG:0007:0001:}}
{{TAG:0003:0025:}}Se vinci, {{TAG:0007:0000:0F000000}}ti darò un premio da paura!","Und,{{TAG:0007:0000:1E000000}} {{TAG:0003:0017:}}was denkst du ist drin?{{TAG:0007:0000:14000000}}
{{TAG:0003:0023:}}Wenn du's errätst, geb ich dir was!","Ee,{{TAG:0007:0000:1E000000}} sence{{TAG:0003:0017:}} içinde ne var? Doğru{{TAG:0007:0001:}}{{TAG:0003:0025:}}
tahmin edersen sana{{TAG:0007:0000:0F000000}} güzel bir
şey veririm!"
34,035,"{{TAG:0003:0001:}}Thanks for bringing this to me!{{TAG:0007:0000:1E000000}}
Make sure you thank {{TAG:0011:0001:0100}}
for me as well!{{TAG:0000:0004:}}{{TAG:0007:0000:05000000}}.{{TAG:0007:0000:05000000}}.{{TAG:0007:0000:05000000}}.{{TAG:0007:0000:0A000000}}{{TAG:0003:000F:}}{{TAG:0007:0000:0F000000}}Oh!{{TAG:0007:0000:14000000}} {{TAG:0003:0000:}}And to thank you,{{TAG:0007:0000:0A000000}} I'd like to
give you...{{TAG:0003:0023:}}{{TAG:0007:0000:05000000}}this!{{TAG:0007:0000:08000000}} {{TAG:000E:0003:}}{{TAG:0005:0007:}}!","{{TAG:0003:0001:}}¡Gracias por hacer la entrega!{{TAG:0007:0000:1E000000}}
Y dale las gracias también
a {{TAG:0011:0001:0100}} de mi parte.{{TAG:0000:0004:}}{{TAG:0003:000F:}}¡Ah!{{TAG:0007:0000:14000000}} {{TAG:0003:0000:}}Mejor todavía,{{TAG:0007:0000:0A000000}}
como agradecimiento...{{TAG:0003:0023:}}
{{TAG:0007:0000:05000000}}¡esto es para ti,{{TAG:0007:0000:08000000}} {{TAG:0005:0007:}}!","{{TAG:0003:0001:}}Merci de m'avoir apporté ça !{{TAG:0007:0000:1E000000}}
Et remercie aussi {{TAG:0011:0001:0100}} de ma
part.
{{TAG:0007:0000:05000000}}.{{TAG:0007:0000:05000000}}.{{TAG:0007:0000:05000000}}.{{TAG:0007:0000:0A000000}}{{TAG:0003:000F:}}{{TAG:0007:0000:0F000000}} Oh,{{TAG:0007:0000:14000000}} {{TAG:0003:0000:}}et puis,{{TAG:0007:0000:0A000000}} prends aussi...{{TAG:0003:0023:}}{{TAG:0007:0000:05000000}} ceci.{{TAG:0007:0000:08000000}}
{{TAG:000E:0003:}}{{TAG:0005:0007:}} !","{{TAG:0003:0001:}}Grazie per la consegna!{{TAG:0007:0000:1E000000}}
E ringrazia anche {{TAG:0011:0001:0100}}
da parte mia!{{TAG:0000:0004:}}{{TAG:0007:0000:05000000}}.{{TAG:0007:0000:05000000}}.{{TAG:0007:0000:05000000}}.{{TAG:0007:0000:0A000000}}{{TAG:0003:000F:}}{{TAG:0007:0000:0F000000}} Ah!{{TAG:0007:0000:14000000}} {{TAG:0003:0000:}}Prima che te ne vada,{{TAG:0007:0000:0A000000}} prendi
{{TAG:0003:0023:}}questo regalo...{{TAG:0007:0000:08000000}} {{TAG:000E:0003:}}{{TAG:0005:0007:}}!","{{TAG:0003:0023:}}Machst dich ja ganz gut als Kurier!{{TAG:0007:0000:14000000}}
{{TAG:0011:0001:0100}} darf dich gern wieder
schicken!
Ach ja, {{TAG:0007:0000:08000000}}hier hab ich was, das du
für dich selbst herumtragen kannst,{{TAG:0007:0000:0A000000}}
{{TAG:0005:0007:}}!","{{TAG:0003:0001:}}Bunu bana getirdiğin{{TAG:0007:0000:1E000000}} için sağ
ol! {{TAG:0011:0001:0100}} için de benden{{TAG:0000:0004:}}{{TAG:0007:0000:05000000}}{{TAG:0007:0000:05000000}} teşekkür{{TAG:0007:0000:05000000}}{{TAG:0007:0000:0A000000}}{{TAG:0003:000F:}}{{TAG:0007:0000:0F000000}}{{TAG:0007:0000:14000000}} et{{TAG:0003:0000:}}!
...Aa! Sana teşekkür{{TAG:0007:0000:0A000000}} etmek için
de bunu{{TAG:0003:0023:}}{{TAG:0007:0000:05000000}} vereyim!{{TAG:0007:0000:08000000}} {{TAG:000E:0003:}}{{TAG:0005:0007:}}!"
35,036,"{{TAG:0003:0010:}}Oh,{{TAG:0007:0000:08000000}}{{TAG:0007:0000:14000000}} my {{TAG:0011:0003:0000}}!{{TAG:0007:0001:}}
{{TAG:0003:0009:}}I thought I'd lost this for good!{{TAG:0007:0000:1E000000}}
{{TAG:0003:0005:}}Man, that's awesome! I'm so happy!","{{TAG:0003:0010:}}¡Anda,{{TAG:0007:0000:08000000}}{{TAG:0007:0000:14000000}} mi {{TAG:0011:0003:0000}}!{{TAG:0007:0001:}}
{{TAG:0003:0009:}}¡Ya l{{TAG:000E:0012:100002006F00020061000000}} daba por perdid{{TAG:000E:0012:100002006F00020061000000}}!{{TAG:0007:0000:1E000000}}
{{TAG:0003:0005:}}¡Qué bien, qué alegría!","{{TAG:0003:0010:}}Oh,{{TAG:0007:0000:08000000}}{{TAG:0007:0000:14000000}} {{TAG:000E:0001:}}{{TAG:0011:0003:0000}}
que {{TAG:0003:0009:}}je croyais avoir perdu{{TAG:000E:0008:00CD00000200650002003000}} !{{TAG:0007:0001:}} {{TAG:0003:0005:}}Je
crois que c'est ça, le bonheur.","{{TAG:0003:0010:}}Oh,{{TAG:0007:0000:14000000}} {{TAG:000E:0008:00CD0C0069006C0020006D0069006F000C006C00610020006D006900610002003000}} {{TAG:0011:0003:0000}}!{{TAG:0007:0001:}}
{{TAG:0003:0009:}}Ne avevo perso le tracce!{{TAG:0007:0000:1E000000}}
{{TAG:0003:0005:}}Evvai! Troppo bello!","{{TAG:0003:0010:}}{{TAG:000E:0008:00CD08004D00650069006E000A004D00650069006E00650008004D00650069006E00}} {{TAG:0011:0003:0000}}!{{TAG:0007:0000:14000000}} {{TAG:0003:0006:}}Ich
hatte mich schon damit abgefunden,
dass {{TAG:000E:0008:00CD0400650072000600730069006500040065007300}} weg ist!{{TAG:0007:0000:14000000}} {{TAG:0003:0007:}}Gefühlschaos!","{{TAG:0003:0010:}}Oo,{{TAG:0007:0000:08000000}}{{TAG:0007:0000:14000000}} benim {{TAG:0011:0003:0000}}!{{TAG:0007:0001:}}{{TAG:0003:0009:}} Tamamen kaybettim
sanıyordum{{TAG:0007:0000:1E000000}}!{{TAG:0003:0005:}} Vay be, süper! Çok sevindim!"
36,037,"{{TAG:0003:0010:}}Ah,{{TAG:0007:0000:14000000}} my {{TAG:0011:0003:0000}}!{{TAG:0007:0001:}}
{{TAG:0003:0009:}}I thought I'd lost it for good,{{TAG:0007:0000:08000000}} so I
just bought a new one!","{{TAG:0003:0010:}}¡Si es mi {{TAG:0011:0003:0000}}!{{TAG:0007:0001:}}
{{TAG:0003:0009:}}Creía que l{{TAG:000E:0012:100002006F00020061000000}} había perdido{{TAG:0007:0000:04000000}}.{{TAG:0007:0000:04000000}}.{{TAG:0007:0000:04000000}}.{{TAG:0007:0000:04000000}}
y me acabo de comprar otr{{TAG:000E:0012:100002006F00020061000000}}.","{{TAG:0003:0010:}}Ah,{{TAG:0007:0000:14000000}} {{TAG:000E:0001:}}{{TAG:0011:0003:0000}}
que je croyais avoir perdu{{TAG:000E:0008:00CD00000200650002003000}} !{{TAG:0007:0001:}} {{TAG:0003:0009:}}J'en
avais déjà racheté {{TAG:000E:0008:00CD140075006E0020006E006F0075007600650061007500180075006E00650020006E006F007500760065006C006C0065000000}}...","{{TAG:0003:0010:}}Ah,{{TAG:0007:0000:14000000}} {{TAG:000E:0008:00CD0C0069006C0020006D0069006F000C006C00610020006D006900610002003000}} {{TAG:0011:0003:0000}}!{{TAG:0007:0001:}}
{{TAG:0003:0009:}}Ne avevo perso le tracce,{{TAG:0007:0000:08000000}} quindi
avevo già ricomprato la stessa cosa!","{{TAG:0003:0010:}}{{TAG:000E:0008:00CD08004D00650069006E000A004D00650069006E00650008004D00650069006E00}} {{TAG:0011:0003:0000}}!{{TAG:0007:0000:14000000}}
{{TAG:0003:0007:}}Wieder typisch! {{TAG:0007:0000:14000000}}Gerade habe ich
mir {{TAG:000E:0008:00CD1600650069006E0065006E0020006E006500750065006E001200650069006E00650020006E006500750065001200650069006E0020006E006500750065007300}} gekauft!","{{TAG:0003:0010:}}Aha,{{TAG:0007:0000:14000000}} benim {{TAG:0011:0003:0000}}!{{TAG:0007:0001:}}{{TAG:0003:0009:}} Tamamen kayıp sanıp{{TAG:0007:0000:08000000}}
yenisini almıştım!"
37,038,"{{TAG:0003:0027:}}Hey, {{TAG:0007:0000:0F000000}}{{TAG:0005:0008:}},{{TAG:0007:0000:1E000000}} you can just have
this for free. {{TAG:0007:0000:0F000000}}Do you want it?{{TAG:000F:0005:15002800}}
I want it!
I don't want it.","{{TAG:0003:0027:}}Oye, {{TAG:0007:0000:0C000000}}{{TAG:0005:0008:}},{{TAG:0007:0000:0A000000}} si quieres esto,{{TAG:0007:0000:08000000}}
te lo puedes quedar. {{TAG:0007:0000:0F000000}}¿Te interesa?{{TAG:000F:0005:15002800}}
¡Para mí!
No me hace falta...","{{TAG:0003:0027:}}Hé, {{TAG:0007:0000:0F000000}}{{TAG:0005:0008:}},{{TAG:0007:0000:1E000000}} je te donne ça si tu
veux. C'est gratuit. {{TAG:0007:0000:0F000000}}Qu'est-ce 
que t'en dis ?{{TAG:000F:0005:15002800}}
Donne !
Non, merci.","{{TAG:0003:0027:}}Ehi, {{TAG:0007:0000:0F000000}}{{TAG:0005:0008:}},{{TAG:0007:0000:1E000000}} se vuoi puoi tenerti
uno dei due oggetti. Non devi
pagare niente! {{TAG:0007:0000:0F000000}}Ti interessa?{{TAG:000F:0005:15002800}}
Perché no...
No, grazie.","{{TAG:0003:0006:}}Jetzt kann ich das Ding
wegschmeißen! {{TAG:0007:0000:1E000000}}{{TAG:0003:000F:}}Oder hast du
irgendwie Verwendung für so was?{{TAG:000F:0005:15002800}}
Klar, immer!
Nein, lass mal...","{{TAG:0003:0027:}}Hey {{TAG:0007:0000:0F000000}}{{TAG:0005:0008:}},{{TAG:0007:0000:1E000000}} bunu bedavaya sen al.{{TAG:0007:0000:0F000000}}
İster misin?{{TAG:000F:0005:15002800}}
İsterim!
İstemem."
38,039,"{{TAG:0003:0025:}}Oh,{{TAG:0007:0000:14000000}} you don't want it?!{{TAG:0007:0001:}} {{TAG:0003:000B:}}{{TAG:0007:0000:10000000}}I guess{{TAG:0007:0000:14000000}} I'll
find someone else who does{{TAG:0007:0000:08000000}}.{{TAG:0007:0000:08000000}}.{{TAG:0007:0000:08000000}}.{{TAG:0000:0004:}}{{TAG:0003:0025:}}Anyway,{{TAG:0007:0000:08000000}} thanks for bringing this to
me, {{TAG:0005:0007:}}!","{{TAG:0003:0025:}}Ah,{{TAG:0007:0000:0A000000}} ¿no te interesa esto?{{TAG:0007:0001:}}
{{TAG:0003:000B:}}{{TAG:0007:0000:10000000}}Tendré que dárselo a otra
persona{{TAG:0007:0000:08000000}}.{{TAG:0007:0000:08000000}}.{{TAG:0007:0000:08000000}}.{{TAG:0000:0004:}}{{TAG:0003:0025:}}Gracias de todas formas
por traerlo, {{TAG:0005:0007:}}.","{{TAG:0003:0025:}}Oh,{{TAG:0007:0000:14000000}} t'en veux pas ?!{{TAG:0007:0001:}} {{TAG:0003:000B:}}{{TAG:0007:0000:10000000}}Très bien, je
trouverai quelqu'un qui s'en
satisfera{{TAG:0007:0000:08000000}}.{{TAG:0007:0000:08000000}}.{{TAG:0007:0000:08000000}}.{{TAG:0000:0004:}}{{TAG:0003:0025:}}Merci quand même, {{TAG:0005:0007:}} !","{{TAG:0003:0025:}}Ah,{{TAG:0007:0000:14000000}} non ti interessa?!{{TAG:0007:0001:}} {{TAG:0003:000B:}}{{TAG:0007:0000:10000000}}Beh,{{TAG:0007:0000:14000000}} sono
sicuro che troverò qualcun altro{{TAG:0007:0000:08000000}}.{{TAG:0007:0000:08000000}}.{{TAG:0007:0000:08000000}}.{{TAG:0000:0004:}}{{TAG:0003:0025:}}Comunque,{{TAG:0007:0000:08000000}} grazie per la consegna,
{{TAG:0005:0007:}}!","{{TAG:0003:000F:}}Was, {{TAG:0007:0000:08000000}}nicht?{{TAG:0007:0000:14000000}} {{TAG:0003:0023:}}Irgendjemand anders
wird mich schon davon befreien!{{TAG:0000:0004:}}Du hättest als Dank fürs Bringen
nur Vorrang gehabt,{{TAG:0007:0000:14000000}} {{TAG:0005:0007:}}!","{{TAG:0003:0025:}}Oo,{{TAG:0007:0000:14000000}} istemiyor musun?{{TAG:0007:0001:}}!{{TAG:0003:000B:}}{{TAG:0007:0000:10000000}} O zaman{{TAG:0007:0000:14000000}}
isteyen birini bulurum...{{TAG:0007:0000:08000000}}{{TAG:0007:0000:08000000}}{{TAG:0007:0000:08000000}}{{TAG:0000:0004:}}{{TAG:0003:0025:}} Neyse,{{TAG:0007:0000:08000000}}
bana getirdiğin için sağ ol, {{TAG:0005:0007:}}!"
39,040,{{TAG:0003:000F:}}Really?!{{TAG:0007:0000:1E000000}} {{TAG:0003:0025:}}Here.{{TAG:0007:0000:14000000}} It's all yours!,"{{TAG:0003:000F:}}¿En serio?{{TAG:0007:0000:1E000000}} {{TAG:0003:0025:}}Pues aquí lo tienes,{{TAG:0007:0000:08000000}}
¡todo tuyo!",{{TAG:0003:000F:}}Ah oui ?!{{TAG:0007:0000:1E000000}} {{TAG:0003:0025:}}Bien.{{TAG:0007:0000:14000000}} C'est à toi !,"{{TAG:0003:000F:}}Davvero?!{{TAG:0007:0000:1E000000}} {{TAG:0003:0025:}}Allora tieni.{{TAG:0007:0000:14000000}}
Ora è roba tua!",{{TAG:0003:000F:}}Ja?{{TAG:0007:0000:1E000000}} {{TAG:0003:0023:}}Dann nimm!,"{{TAG:0003:000F:}}Gerçekten{{TAG:0007:0000:1E000000}}{{TAG:0003:0025:}} mi?!{{TAG:0007:0000:14000000}} Al, tamamen senin!"
40,041,"{{TAG:0003:0020:}}Well then,{{TAG:0007:0000:08000000}} I'll see you later!
{{TAG:0007:0000:14000000}}{{TAG:000E:0003:}}{{TAG:0005:0007:}}!","{{TAG:0003:0020:}}Asunto resuelto,{{TAG:0007:0000:08000000}} ¡nos vemos luego!{{TAG:0007:0000:14000000}}
¡{{TAG:000E:0003:}}{{TAG:0005:0007:}}!","{{TAG:0003:0020:}}Bon,{{TAG:0007:0000:08000000}} on se voit plus tard !
{{TAG:0007:0000:14000000}}{{TAG:000E:0003:}}{{TAG:0005:0007:}} !","{{TAG:0003:0020:}}Dai,{{TAG:0007:0000:08000000}} ci vediamo in giro!
{{TAG:0007:0000:14000000}}{{TAG:000E:0003:}}{{TAG:0005:0007:}}!","{{TAG:0003:0020:}}Bis dann,{{TAG:0007:0000:14000000}} {{TAG:0005:0007:}}!","{{TAG:0003:0020:}}Pekâlâ,{{TAG:0007:0000:08000000}} sonra görüşürüz! {{TAG:0007:0000:14000000}}{{TAG:000E:0003:}}{{TAG:0005:0007:}}!"
41,042,"{{TAG:0003:0009:}}I guess I have no choice.{{TAG:0007:0000:1E000000}} I'll take it
to a store and see if I can sell it.{{TAG:0000:0004:}}{{TAG:0003:0025:}}Anyway,{{TAG:0007:0000:08000000}} thanks for making this
delivery. I appreciate it!","{{TAG:0003:0009:}}Iré a la tienda a ver si puedo
vender esto.{{TAG:0007:0000:1E000000}} ¡Qué pocas ganas!{{TAG:0000:0004:}}{{TAG:0003:0025:}}Gracias de todas formas por venir
a dármelo en mano.","{{TAG:0003:0009:}}J'ai pas le choix,{{TAG:0007:0000:1E000000}} je vais essayer de
vendre ce truc dans un magasin.{{TAG:0000:0004:}}{{TAG:0003:0025:}}Bon,{{TAG:0007:0000:08000000}} merci d'avoir fait l'effort de 
me le ramener, en tout cas.","{{TAG:0003:0009:}}Beh,{{TAG:0007:0000:1E000000}} dovrò portare uno dei due
oggetti al negozio per cercare
di venderlo.{{TAG:0007:0000:1E000000}}
{{TAG:0003:0025:}}Comunque...{{TAG:0007:0000:08000000}} Grazie per essere
venut{{TAG:000E:0006:02006F0002006100}} a cercarmi!","{{TAG:0003:001B:}}Jetzt muss ich einen Laden finden,
der mir ein gutes Angebot dafür
macht...
{{TAG:0003:0000:}}Danke jedenfalls fürs Bringen...","{{TAG:0003:0009:}}Başka çare yok. Bir{{TAG:0007:0000:1E000000}} dükkâna
götürüp satmayı denerim.{{TAG:0000:0004:}}{{TAG:0003:0025:}} Neyse,{{TAG:0007:0000:08000000}}
teslimat için sağ ol. Makbule geçti!"
42,043,"{{TAG:0003:0009:}}Fine, fine.{{TAG:0007:0000:1E000000}} I'll just take it to {{TAG:0000:0003:0200}}Re-Tail{{TAG:0000:0003:FFFF}}
and sell it for a few Bells, maybe.{{TAG:0007:0000:10000000}}
{{TAG:0003:0025:}}Well, thanks for the help!","{{TAG:0003:0009:}}Pues no me queda otra que llevar
esto a la tienda a ver qué me dan.{{TAG:0000:0004:}}{{TAG:0003:0025:}}En fin,{{TAG:0007:0000:08000000}} ¡gracias por darte el paseo!","{{TAG:0003:0009:}}J'ai pas le choix,{{TAG:0007:0000:1E000000}} je vais essayer de
vendre ce truc dans un magasin.{{TAG:0000:0004:}}{{TAG:0003:0025:}}Et puis merci,{{TAG:0007:0000:0F000000}} ça a dû être difficile
de venir jusqu'ici pour me le donner.
Ou pas !","{{TAG:0003:0009:}}Beh,{{TAG:0007:0000:1E000000}} dovrò portare uno dei due
oggetti al negozio per cercare
di venderlo.{{TAG:0007:0000:1E000000}}
{{TAG:0003:0025:}}Comunque...{{TAG:0007:0000:08000000}} Grazie per essere
venut{{TAG:000E:0006:02006F0002006100}} a cercarmi!","{{TAG:0003:001B:}}Jetzt muss ich einen Laden finden,
der mir ein gutes Angebot dafür
macht...
{{TAG:0003:0000:}}Danke jedenfalls fürs Bringen...","{{TAG:0003:0009:}}Tamam tamam{{TAG:0007:0000:1E000000}}. Re-Tail'a götürüp{{TAG:0000:0003:0200}}{{TAG:0000:0003:FFFF}}
birkaç Bell'e satarım artık.
Neyse{{TAG:0007:0000:10000000}}{{TAG:0003:0025:}}, yardım için sağ ol!"
43,044,"{{TAG:0003:0027:}}{{TAG:0007:000D:}}Hey,{{TAG:0007:0000:14000000}} would you buy this from me
for {{TAG:0000:0003:0200}}{{TAG:0004:000A:0000}} Bells{{TAG:0000:0003:FFFF}}?{{TAG:0007:0000:05000000}}{{TAG:000D:0008:02CD}}{{TAG:000F:0005:15002800}}
I'll take it!
I don't want it.","{{TAG:0003:0027:}}{{TAG:0007:000D:}}Oye,{{TAG:0007:0000:0A000000}} ¿a ti esto te interesaría por,
digamos, {{TAG:0000:0003:0200}}{{TAG:0004:000A:0000}} bayas{{TAG:0000:0003:FFFF}}?{{TAG:0007:0000:05000000}}{{TAG:000D:0008:02CD}}{{TAG:000F:0005:15002800}}
¡Claro!
No lo quiero...","{{TAG:0003:0027:}}{{TAG:0007:000D:}}Hé,{{TAG:0007:0000:14000000}} tu voudrais pas me l'acheter
pour {{TAG:0000:0003:0200}}{{TAG:0004:000A:0000}} clochettes {{TAG:0000:0003:FFFF}}?{{TAG:0007:0000:05000000}}{{TAG:000D:0008:02CD}}{{TAG:000F:0005:15002800}}
Je prends !
Ça m'intéresse pas.","{{TAG:0003:0027:}}{{TAG:0007:000D:}}Ehi,{{TAG:0007:0000:14000000}} ti vendo questo oggetto
per {{TAG:0000:0003:0200}}{{TAG:0004:000A:0000}} stelline{{TAG:0000:0003:FFFF}}. Lo vuoi?{{TAG:0007:0000:05000000}}{{TAG:000D:0008:02CD}}{{TAG:000F:0005:15002800}}
Sì, dai!
No, grazie.","{{TAG:0003:0027:}}{{TAG:0007:000D:}}Was sagst du,{{TAG:0007:0000:08000000}} würdest du mir dafür
{{TAG:0000:0003:0200}}{{TAG:0004:000A:0000}} Sternis{{TAG:0000:0003:FFFF}} geben?{{TAG:000D:0008:02CD}}{{TAG:000F:0005:15002800}}
Na klar!
Brauch ich nicht...","{{TAG:0003:0027:}}{{TAG:0007:000D:}}Hey{{TAG:0007:0000:14000000}}, bunu benden {{TAG:0000:0003:0200}}{{TAG:0004:000A:0000}} Bell'e alır
mısın{{TAG:0000:0003:FFFF}}?{{TAG:0007:0000:05000000}}{{TAG:000D:0008:02CD}}{{TAG:000F:0005:15002800}}
Alırım!
İstemem."
44,045,"{{TAG:0003:000B:}}{{TAG:0007:0000:10000000}}Hmm.{{TAG:0007:0000:14000000}} So you don't want it{{TAG:0007:0000:08000000}}.{{TAG:0007:0000:08000000}}.{{TAG:0007:0000:08000000}}.{{TAG:0000:0004:}}{{TAG:0003:0006:}}Fine.{{TAG:0007:0000:1E000000}} I'll try to sell it to somebody
else then!{{TAG:0007:0000:28000000}} {{TAG:0003:0002:}}GAHAHA!{{TAG:0007:0000:14000000}} {{TAG:000E:0003:}}{{TAG:0005:0007:}}!{{TAG:0007:0000:1E000000}}{{TAG:0003:0001:}}","{{TAG:0003:000B:}}{{TAG:0007:0000:10000000}}Ajá,{{TAG:0007:0000:0C000000}} pues si no lo quieres{{TAG:0007:0000:08000000}}.{{TAG:0007:0000:08000000}}.{{TAG:0007:0000:08000000}}.{{TAG:0000:0004:}}{{TAG:0003:0006:}}No pasa nada,{{TAG:0007:0000:08000000}} ¡ya se lo acabaré
vendiendo a alguien!{{TAG:0007:0000:28000000}} {{TAG:0003:0002:}}¡Ja, ja, ja!{{TAG:0007:0000:14000000}}
¡{{TAG:000E:0003:}}{{TAG:0005:0007:}}!{{TAG:0007:0000:1E000000}}{{TAG:0003:0001:}}","{{TAG:0003:000B:}}{{TAG:0007:0000:10000000}}Hmm,{{TAG:0007:0000:14000000}} alors t'en veux pas{{TAG:0007:0000:08000000}}.{{TAG:0007:0000:08000000}}.{{TAG:0007:0000:08000000}}.{{TAG:0000:0004:}}{{TAG:0003:0006:}}Très bien.{{TAG:0007:0000:1E000000}} Je vais vendre ce machin
à quelqu'un d'autre.{{TAG:0007:0000:28000000}} {{TAG:0003:0002:}}HA HA HA !{{TAG:0007:0000:14000000}}
{{TAG:000E:0003:}}{{TAG:0005:0007:}} !{{TAG:0007:0000:1E000000}}{{TAG:0003:0001:}}","{{TAG:0003:000B:}}{{TAG:0007:0000:10000000}}Ah.{{TAG:0007:0000:14000000}} Non ti interessa{{TAG:0007:0000:08000000}}.{{TAG:0007:0000:08000000}}.{{TAG:0007:0000:08000000}}.{{TAG:0000:0004:}}{{TAG:0003:0006:}}OK.{{TAG:0007:0000:1E000000}} Vedrai che qualcun altro me lo
comprerà.{{TAG:0007:0000:28000000}} {{TAG:0003:0002:}}AHAHAH!{{TAG:0007:0000:14000000}} {{TAG:000E:0003:}}{{TAG:0005:0007:}}!{{TAG:0007:0000:1E000000}}{{TAG:0003:0001:}}","{{TAG:0003:000B:}}{{TAG:0007:0000:10000000}}Hmm...{{TAG:0000:0004:}}{{TAG:0003:0006:}}Tja, wenn du nicht willst,{{TAG:0007:0000:08000000}} ich finde
schon einen anderen Käufer dafür,
{{TAG:0007:0000:14000000}}{{TAG:0005:0007:}}!","{{TAG:0003:000B:}}{{TAG:0007:0000:10000000}}Hımm{{TAG:0007:0000:14000000}}. İstemiyorsun{{TAG:0007:0000:08000000}} yani{{TAG:0007:0000:08000000}}{{TAG:0007:0000:08000000}}{{TAG:0000:0004:}}{{TAG:0003:0006:}}...{{TAG:0007:0000:1E000000}} Peki.
Başkasına satmayı denerim!{{TAG:0007:0000:28000000}}{{TAG:0003:0002:}}
GAHAHA!{{TAG:0007:0000:14000000}} {{TAG:000E:0003:}}{{TAG:0005:0007:}}!{{TAG:0007:0000:1E000000}}{{TAG:0003:0001:}}"
45,046,"{{TAG:0003:000F:}}Oh?{{TAG:0007:0000:14000000}} Are you sure?{{TAG:0007:0000:28000000}} {{TAG:0003:0024:}}Well,{{TAG:0007:0000:14000000}} good!{{TAG:0007:0000:08000000}}","{{TAG:0003:000F:}}¿Sí?{{TAG:0007:0000:14000000}} ¿Seguro?{{TAG:0007:0000:28000000}}
{{TAG:0003:0024:}}¡Pues perfecto!","{{TAG:0003:000F:}}Oh ?{{TAG:0007:0000:14000000}} T'es sû{{TAG:000E:0006:02007200040072006500}} ?{{TAG:0007:0000:28000000}} {{TAG:0003:0024:}}Bon,{{TAG:0007:0000:14000000}} très bien !{{TAG:0007:0000:08000000}}","{{TAG:0003:000F:}}Ah!{{TAG:0007:0000:14000000}} Sicur{{TAG:000E:0006:02006F0002006100}}?{{TAG:0007:0000:28000000}} {{TAG:0003:0024:}}Beh,{{TAG:0007:0000:14000000}} meglio così!{{TAG:0007:0000:08000000}}",{{TAG:0003:001C:}}Abgemacht!,{{TAG:0003:000F:}}Oo?{{TAG:0007:0000:14000000}} Emin misin?{{TAG:0007:0000:28000000}}{{TAG:0003:0024:}} İyi o{{TAG:0007:0000:14000000}} zaman!{{TAG:0007:0000:08000000}}
46,047,"{{TAG:0003:0025:}}Thanks for the help!{{TAG:0007:0000:28000000}} {{TAG:0003:0026:}}And say hi to
{{TAG:0011:0001:0100}} for me!{{TAG:0007:0000:14000000}} {{TAG:000E:0003:}}{{TAG:0005:0007:}}!","{{TAG:0003:0025:}}¡Gracias por todo!{{TAG:0007:0000:28000000}} {{TAG:0003:0026:}}Y saluda
a {{TAG:0011:0001:0100}} de mi parte.{{TAG:0007:0000:14000000}}
¡{{TAG:000E:0003:}}{{TAG:0005:0007:}}!","{{TAG:0003:0025:}}Merci de ton aide. {{TAG:0003:0026:}}Et passe le
bonjour à {{TAG:0011:0001:0100}} de ma part.{{TAG:0007:0000:14000000}}
{{TAG:000E:0003:}}{{TAG:0005:0007:}} !","{{TAG:0003:0025:}}Grazie!{{TAG:0007:0000:28000000}} {{TAG:0003:0026:}}E salutami {{TAG:0011:0001:0100}}!{{TAG:0007:0000:14000000}}
{{TAG:000E:0003:}}{{TAG:0005:0007:}}!","{{TAG:0003:0021:}}Tja,{{TAG:0007:0000:08000000}} da bin ja doch ganz gut dabei
weggekommen!{{TAG:0007:0000:28000000}} Und grüß mir
{{TAG:0011:0001:0100}},{{TAG:0007:0000:14000000}} {{TAG:0005:0007:}}!","{{TAG:0003:0025:}}Yardım için{{TAG:0007:0000:28000000}}{{TAG:0003:0026:}} sağ ol! {{TAG:0011:0001:0100}} için de
benden selam söyle{{TAG:0007:0000:14000000}}! {{TAG:000E:0003:}}{{TAG:0005:0007:}}!"
47,048,".{{TAG:0007:0000:08000000}}.{{TAG:0007:0000:08000000}}.{{TAG:0007:0000:08000000}}.{{TAG:0007:0000:08000000}}.{{TAG:0007:0000:08000000}}.{{TAG:0007:0000:08000000}}{{TAG:0003:0007:}}Wait.{{TAG:0007:0000:0F000000}} You don't have enough
money on you right now!","Anda{{TAG:0007:0000:08000000}}.{{TAG:0007:0000:08000000}}.{{TAG:0007:0000:08000000}}.{{TAG:0007:0000:08000000}} {{TAG:0003:0007:}}¿No llevas
suficiente encima?",".{{TAG:0007:0000:08000000}}.{{TAG:0007:0000:08000000}}.{{TAG:0007:0000:08000000}}{{TAG:0003:0007:}} Mais attends...{{TAG:0007:0000:0F000000}} Tu n'as pas assez
d'argent !",".{{TAG:0007:0000:08000000}}.{{TAG:0007:0000:08000000}}.{{TAG:0007:0000:08000000}}{{TAG:0003:0007:}} Aspetta un attimo.{{TAG:0007:0000:0F000000}}
Non hai abbastanza stelline!","{{TAG:0003:0007:}}Halt, {{TAG:0007:0000:08000000}}du hast gar nicht genug Geld!",".{{TAG:0007:0000:08000000}}{{TAG:0007:0000:08000000}}.{{TAG:0007:0000:08000000}}.{{TAG:0007:0000:08000000}}{{TAG:0007:0000:08000000}}.{{TAG:0007:0000:08000000}}{{TAG:0003:0007:}}.{{TAG:0007:0000:0F000000}}.Dur. Üstünde yeterince
para yok!"
48,049,"{{TAG:0003:0024:}}Well,{{TAG:0007:0000:14000000}} what can I do?{{TAG:0007:0000:1E000000}} You came all
this way to make the delivery!{{TAG:0000:0004:}}{{TAG:0003:0025:}}I'll make a deal—you can have it
for whatever you've got on you!","{{TAG:0003:0024:}}En fin,{{TAG:0007:0000:0A000000}} qué se le va a hacer{{TAG:0007:0000:08000000}}.{{TAG:0007:0000:08000000}}.{{TAG:0007:0000:08000000}}.{{TAG:0007:0000:08000000}}
Después de que te has dado
el paseo, seré bueno{{TAG:0007:0000:08000000}}.{{TAG:0007:0000:08000000}}.{{TAG:0007:0000:08000000}}.{{TAG:0007:0000:08000000}}
{{TAG:0003:0025:}}¡Te cobraré solo lo que
lleves encima!","{{TAG:0003:0024:}}Bon,{{TAG:0007:0000:14000000}} tu as fait du chemin{{TAG:0007:0000:1E000000}} pour venir
me donner mon paquet...{{TAG:0000:0004:}}{{TAG:0003:0025:}}Je te propose un marché.
Donne-moi l'argent que tu as et
c'est à toi.","{{TAG:0003:0024:}}Beh,{{TAG:0007:0000:14000000}} e ora che faccio?{{TAG:0007:0000:1E000000}} Sei pure
venut{{TAG:000E:0006:02006F0002006100}} fin qui per la consegna...{{TAG:0000:0004:}}{{TAG:0003:0025:}}Facciamo così: il prezzo è qualsiasi
somma di stelline che hai in tasca!","{{TAG:0003:001B:}}Ach, auch egal...{{TAG:0007:0000:14000000}} {{TAG:0003:000B:}}Hauptsache, ich bin
den Plunder los...{{TAG:0007:0000:14000000}} {{TAG:0003:0023:}}Gib mir einfach so
viel, wie du gerade dabei hast!","{{TAG:0003:0024:}}E ne{{TAG:0007:0000:14000000}} yapalım?{{TAG:0007:0000:1E000000}} Teslimat için
buraya kadar{{TAG:0000:0004:}}{{TAG:0003:0025:}} geldin! Anlaştık:
üstünde ne varsa ona senin!"
49,050,"{{TAG:0003:0026:}}Never mind!{{TAG:0007:0000:1E000000}} I'll just give it to you
for free!{{TAG:0007:0000:28000000}} {{TAG:0003:0025:}}That should serve as my
little thank-you gift quite nicely!","{{TAG:0003:0026:}}Mira, ¡da igual!{{TAG:0007:0000:14000000}} ¡Te lo regalo!{{TAG:0007:0000:1E000000}}
¡A tomar viento!{{TAG:0007:0000:14000000}} {{TAG:0003:0025:}}Por las molestias
de venir a traerlo y todo eso.","{{TAG:0003:0026:}}Bon, tant pis.{{TAG:0007:0000:1E000000}} Même si je devrais
pas, je te le donne pour rien.{{TAG:0007:0000:28000000}} {{TAG:0003:0025:}}En te
remerciant !","{{TAG:0003:0026:}}Facciamo così:{{TAG:0007:0000:1E000000}} non devi pagare
niente!{{TAG:0007:0000:28000000}} {{TAG:0003:0025:}}Dopotutto, volevo farti
un regalo per ringraziarti...","{{TAG:0003:001B:}}Ach, auch egal...{{TAG:0007:0000:14000000}} {{TAG:0003:000B:}}Hauptsache, ich bin
den Plunder los...{{TAG:0007:0000:14000000}} {{TAG:0003:0023:}}Nimm einfach, als
Lohn für die Lieferung...","{{TAG:0003:0026:}}Boş ver{{TAG:0007:0000:1E000000}}! Bedavaya vereceğim{{TAG:0007:0000:28000000}}!{{TAG:0003:0025:}}
Küçük bir teşekkür hediyesi olsun!"
50,051,"{{TAG:0003:0024:}}This might sound like I'm cheap,{{TAG:0007:0000:14000000}}
but I'm sort of broke myself, so I
can't sell it for less than that{{TAG:0007:0000:08000000}}.{{TAG:0007:0000:08000000}}.{{TAG:0007:0000:08000000}}.
{{TAG:0003:0025:}}Maybe next time!{{TAG:0007:0000:14000000}} {{TAG:000E:0003:}}{{TAG:0005:0007:}}!","{{TAG:0003:0024:}}No quiero parecer un rata,{{TAG:0007:0000:08000000}} pero
últimamente ando un poco tieso.{{TAG:0007:0000:14000000}}
No puedo bajar más el precio.
{{TAG:0003:0025:}}¡Quizá la próxima vez!{{TAG:0007:0000:14000000}}
¡{{TAG:000E:0003:}}{{TAG:0005:0007:}}!","{{TAG:0003:0024:}}Je veux pas avoir l'air avare, mais{{TAG:0007:0000:14000000}}
je suis fauché comme les blés, donc
je peux pas baisser le prix{{TAG:0007:0000:08000000}}.{{TAG:0007:0000:08000000}}.{{TAG:0007:0000:08000000}}.
{{TAG:0003:0025:}}Une autre fois, peut-être !{{TAG:0007:0000:14000000}}
{{TAG:000E:0003:}}{{TAG:0005:0007:}} !","{{TAG:0003:0024:}}Scusa se insisto,{{TAG:0007:0000:14000000}} ma non è che
abbia tanti soldi nemmeno io
al momento...
{{TAG:0007:0000:08000000}}.{{TAG:0007:0000:08000000}}.{{TAG:0007:0000:08000000}}. quindi non posso abbassare
il prezzo! {{TAG:0003:0025:}}Magari la prossima
volta!{{TAG:0007:0000:14000000}} {{TAG:000E:0003:}}{{TAG:0005:0007:}}!","{{TAG:0003:000D:}}Runtergehen kann ich mit dem Preis
absolut nicht mehr, {{TAG:0007:0000:08000000}}der ist schon
hart an der Schmerzgrenze!
{{TAG:0003:0000:}}Aber dann vielleicht nächstes Mal,
{{TAG:0007:0000:14000000}}{{TAG:0005:0007:}}!","{{TAG:0003:0024:}}Cimrilik gibi gelecek ama{{TAG:0007:0000:14000000}} benim
de cebim delik, daha ucuza
veremem... Belki{{TAG:0007:0000:08000000}}{{TAG:0007:0000:08000000}}{{TAG:0007:0000:08000000}}{{TAG:0003:0025:}} başka zaman!{{TAG:0007:0000:14000000}} {{TAG:000E:0003:}}{{TAG:0005:0007:}}!"
51,052,".{{TAG:0007:0000:08000000}}.{{TAG:0007:0000:08000000}}.{{TAG:0007:0000:08000000}}.{{TAG:0007:0000:08000000}}.{{TAG:0007:0000:08000000}}.{{TAG:0007:0000:08000000}}{{TAG:0003:0012:}}Wait—{{TAG:0007:0000:14000000}}you don't even have ONE
Bell to your name!","Pero{{TAG:0007:0000:08000000}}.{{TAG:0007:0000:08000000}}.{{TAG:0007:0000:08000000}}.{{TAG:0007:0000:08000000}} Pero{{TAG:0007:0000:08000000}}.{{TAG:0007:0000:08000000}}.{{TAG:0007:0000:08000000}}.{{TAG:0007:0000:08000000}} {{TAG:0003:0012:}}¡Pero si no llevas
encima ni una triste baya!",".{{TAG:0007:0000:08000000}}.{{TAG:0007:0000:08000000}}.{{TAG:0007:0000:08000000}}{{TAG:0003:0012:}} Attends, {{TAG:0007:0000:14000000}}tu n'as même pas une
clochette !",".{{TAG:0007:0000:08000000}}.{{TAG:0007:0000:08000000}}.{{TAG:0007:0000:08000000}}{{TAG:0003:0012:}} Ehi!{{TAG:0007:0000:14000000}} Ma se non hai il becco
di una stellina...!","{{TAG:0003:0012:}}Du hast nicht mal einen einzigen,
mickrigen Sterni?",".{{TAG:0007:0000:08000000}}.{{TAG:0007:0000:08000000}}.{{TAG:0007:0000:08000000}}{{TAG:0007:0000:08000000}}.{{TAG:0007:0000:08000000}}.{{TAG:0007:0000:08000000}}{{TAG:0003:0012:}}.Dur{{TAG:0007:0000:14000000}}, adında bir tane bile
Bell yok mu?!"
52,053,"{{TAG:0003:0009:}}Sorry, but things aren't so easy for
me either.{{TAG:0007:0000:14000000}} I can't go any lower on
the price{{TAG:0007:0000:08000000}}.{{TAG:0007:0000:08000000}}.{{TAG:0007:0000:08000000}}.
{{TAG:0003:0025:}}Well,{{TAG:0007:0000:08000000}} maybe next time!","{{TAG:0003:0009:}}Lo siento,{{TAG:0007:0000:08000000}} pero yo también estoy
pasando estrecheces.{{TAG:0007:0000:14000000}} No te puedo
bajar más el precio{{TAG:0007:0000:08000000}}.{{TAG:0007:0000:08000000}}.{{TAG:0007:0000:08000000}}.
{{TAG:0003:0025:}}¡Otra vez será!","{{TAG:0003:0009:}}Désolé, mais je suis dans le besoin{{TAG:0007:0000:14000000}},
je peux pas baisser le prix{{TAG:0007:0000:08000000}}.{{TAG:0007:0000:08000000}}.{{TAG:0007:0000:08000000}}.{{TAG:0000:0004:}}{{TAG:0003:0025:}}Peut-être une autre fois !","{{TAG:0003:0009:}}Scusa, anch'io sono un po' al verde.{{TAG:0007:0000:14000000}}
Quindi non posso abbassare
il prezzo{{TAG:0007:0000:08000000}}.{{TAG:0007:0000:08000000}}.{{TAG:0007:0000:08000000}}.
{{TAG:0003:0025:}}Dai,{{TAG:0007:0000:08000000}} la prossima volta spero
di poterti venire incontro!","{{TAG:0003:000D:}}Einfach verschenken geht auf keinen
Fall, das wäre mein Ruin!{{TAG:0000:0004:}}{{TAG:0003:0000:}}Aber dann vielleicht nächstes Mal,
{{TAG:0007:0000:14000000}}{{TAG:0005:0007:}}!","{{TAG:0003:0009:}}Kusura bakma ama benim işler de
kolay{{TAG:0007:0000:14000000}} değil. Fiyatı daha
düşüremem.{{TAG:0007:0000:08000000}}{{TAG:0007:0000:08000000}}.{{TAG:0007:0000:08000000}}.{{TAG:0003:0025:}} Belki{{TAG:0007:0000:08000000}} başka zaman!"
53,054,"{{TAG:0003:0005:}}All right,{{TAG:0007:0000:14000000}} here's a special deal!{{TAG:0007:0000:1E000000}}
{{TAG:0003:0023:}}I'm giving this to you for free!{{TAG:0007:0000:28000000}}
{{TAG:0003:0001:}}Yeah, I'm just that nice!","Venga,{{TAG:0007:0000:08000000}} {{TAG:0003:0005:}}te haré un trato de amigo.{{TAG:0007:0000:1E000000}}
{{TAG:0003:0023:}}¡Te lo doy de gorra!{{TAG:0007:0000:28000000}}
{{TAG:0003:0001:}}Porque soy así de generoso.","{{TAG:0003:0005:}}D'accord,{{TAG:0007:0000:14000000}} offre spéciale !{{TAG:0007:0000:1E000000}} C'est
offert par la maison{{TAG:0003:0023:}} !{{TAG:0007:0000:28000000}} {{TAG:0003:0001:}}Ouais, je sais,
je suis trop sympa.","{{TAG:0003:0005:}}Senti,{{TAG:0007:0000:14000000}} facciamo così...{{TAG:0007:0000:1E000000}}
{{TAG:0003:0023:}}Non devi pagarmi niente!{{TAG:0007:0000:28000000}}
{{TAG:0003:0001:}}Quanto sono buono, eh? {{TAG:0007:0000:0F000000}}{{TAG:0003:0002:}}AHAHAH!{{TAG:0003:0001:}}","{{TAG:0003:0023:}}Na gut, {{TAG:0007:0000:08000000}}das wird dann meine gute
Tat für die nächste Zeit...{{TAG:0007:0000:14000000}}
Du kriegst das gute Stück umsonst!","{{TAG:0003:0005:}}Pekâlâ,{{TAG:0007:0000:14000000}} sana özel fırsat!{{TAG:0007:0000:1E000000}}{{TAG:0003:0023:}}
Bedavaya veriyorum! Evet, bu{{TAG:0007:0000:28000000}}{{TAG:0003:0001:}}
kadar iyi adamım işte!"
54,055,"{{TAG:0003:0020:}}Well,{{TAG:0007:0000:08000000}} thanks again!{{TAG:0007:0000:1E000000}} {{TAG:0003:0025:}}And say hi to
{{TAG:0011:0001:0100}} for me!","{{TAG:0003:0020:}}Listo,{{TAG:0007:0000:08000000}} ¡gracias otra vez!{{TAG:0007:0000:1E000000}}
{{TAG:0003:0025:}}¡Y saluda a {{TAG:0011:0001:0100}} de mi parte!","{{TAG:0003:0020:}}Hmm, merci bien !{{TAG:0007:0000:1E000000}} {{TAG:0003:0025:}}Et passe le
bonjour à {{TAG:0011:0001:0100}} !","{{TAG:0003:0020:}}Ehi,{{TAG:0007:0000:08000000}} grazie ancora!{{TAG:0007:0000:1E000000}} {{TAG:0003:0025:}}E salutami
quella vecchia volpe di {{TAG:0011:0001:0100}}!","{{TAG:0003:0020:}}Richte {{TAG:0011:0001:0100}} einen schönen
Gruß von mir aus. {{TAG:0007:0000:14000000}}Oder auch nicht...","{{TAG:0003:0020:}}Pekâlâ{{TAG:0007:0000:08000000}}, tekrar{{TAG:0007:0000:1E000000}}{{TAG:0003:0025:}} sağ ol! {{TAG:0011:0001:0100}} için de
benden selam söyle!"
55,056,{{TAG:0003:0017:}}Huh?{{TAG:0007:0000:1E000000}} I wonder what it is{{TAG:0007:0000:08000000}}.{{TAG:0007:0000:08000000}}.{{TAG:0007:0000:08000000}}.,{{TAG:0003:0017:}}¿Y esto?{{TAG:0007:0000:1E000000}} ¿Qué será?,"{{TAG:0003:0017:}}Hmm ?{{TAG:0007:0000:1E000000}} Je me demande bien ce que
c'est{{TAG:0007:0000:08000000}}.{{TAG:0007:0000:08000000}}.{{TAG:0007:0000:08000000}}.",{{TAG:0003:0017:}}Mmmh...{{TAG:0007:0000:1E000000}} Chissà cos'è{{TAG:0007:0000:08000000}}.{{TAG:0007:0000:08000000}}.{{TAG:0007:0000:08000000}}.,{{TAG:0003:0017:}}Was das wohl ist?,{{TAG:0003:0017:}}Ha?{{TAG:0007:0000:1E000000}} Acaba neymiş.{{TAG:0007:0000:08000000}}.{{TAG:0007:0000:08000000}}{{TAG:0007:0000:08000000}}.
56,057,"{{TAG:0003:0010:}}Ahh!{{TAG:0007:0000:14000000}} I see!{{TAG:0007:0000:28000000}} That's so cool!
{{TAG:000E:0003:}}{{TAG:000E:0002:}}{{TAG:0011:0003:0000}}!","{{TAG:0003:0010:}}¡Anda,{{TAG:0007:0000:08000000}} mira!{{TAG:0007:0000:28000000}}
¡Es {{TAG:000E:0002:}}{{TAG:0011:0003:0000}}!","{{TAG:0003:0010:}}Ah !{{TAG:0007:0000:14000000}} Je sais !{{TAG:0007:0000:28000000}} C'est {{TAG:000E:0002:}}
{{TAG:0011:0003:0000}} !","{{TAG:0003:0010:}}Aaah!{{TAG:0007:0000:14000000}} Che storia!{{TAG:0007:0000:28000000}}
È {{TAG:000E:0002:}}{{TAG:0011:0003:0000}}!",{{TAG:0003:0010:}}Ah!{{TAG:0007:0000:14000000}} {{TAG:000E:0003:}}{{TAG:000E:0002:}}{{TAG:0011:0003:0000}}!,{{TAG:0003:0010:}}Aha{{TAG:0007:0000:14000000}}! Anladım{{TAG:0007:0000:28000000}}! Güzelmiş! {{TAG:000E:0003:}}{{TAG:000E:0002:}}{{TAG:0011:0003:0000}}!
57,058,"{{TAG:0003:000F:}}Whoa,{{TAG:0007:0000:08000000}} I remember now!{{TAG:0007:0000:08000000}} It's THAT!{{TAG:0007:0001:}}
{{TAG:0003:0000:}}.{{TAG:0007:0000:08000000}}.{{TAG:0007:0000:08000000}}.{{TAG:0007:0000:08000000}}{{TAG:0003:0012:}}Oops,{{TAG:0007:0000:14000000}} I forgot I even ordered it.
{{TAG:0007:0000:14000000}}I've already bought another one{{TAG:0007:0000:08000000}}.{{TAG:0007:0000:08000000}}.{{TAG:0007:0000:08000000}}.
{{TAG:0003:0016:}}{{TAG:0007:0000:10000000}}Ah!{{TAG:0007:0000:14000000}} I have an idea!{{TAG:0007:0000:28000000}} {{TAG:0003:0000:}}Would you like to
buy this without knowing what's
inside? Like a surprise?
{{TAG:0003:0024:}}{{TAG:0007:000D:}}Think of it as a lucky grab bag!{{TAG:0007:0000:28000000}}
How about {{TAG:0000:0003:0200}}{{TAG:0004:000A:0000}} Bells {{TAG:0000:0003:FFFF}}for it?{{TAG:000D:0008:02CD}}{{TAG:000F:0005:15002800}}
I'll buy it!
I don't want it.","{{TAG:0003:000F:}}¡Ahora me acuerdo!{{TAG:0007:0000:08000000}} ¡Es AQUELLO!{{TAG:0007:0001:}}
{{TAG:0003:0000:}}{{TAG:0003:0012:}}Se me olvidó que ya había pedido
uno...{{TAG:0007:0000:14000000}} ¡y me compré otro igual!
{{TAG:0003:0016:}}{{TAG:0007:0000:10000000}}¡Se me ocurre una idea curiosa!{{TAG:0007:0000:28000000}}
{{TAG:0003:0000:}}¿Quieres comprarlo sin saber lo
que hay dentro,{{TAG:0007:0000:08000000}} en plan sorpresa?{{TAG:0000:0004:}}{{TAG:0003:0024:}}{{TAG:0007:000D:}}¡Es el cofre secreto del tesoro!{{TAG:0007:0000:28000000}}
¿Pagarías {{TAG:0000:0003:0200}}{{TAG:0004:000A:0000}} bayas {{TAG:0000:0003:FFFF}}por él?{{TAG:000D:0008:02CD}}{{TAG:000F:0005:15002800}}
¡Es mío!
Menuda estafa...","{{TAG:0003:000F:}}Ça y est,{{TAG:0007:0000:08000000}} je me souviens !{{TAG:0007:0000:08000000}} C'est ça !{{TAG:0007:0001:}}
{{TAG:0003:0000:}}{{TAG:0003:0012:}}Oups,{{TAG:0007:0000:14000000}} j'avais complètement oublié
ce truc alors je l'ai racheté{{TAG:0007:0000:08000000}}.{{TAG:0007:0000:08000000}}.{{TAG:0007:0000:08000000}}.{{TAG:0000:0004:}}{{TAG:0003:0016:}}{{TAG:0007:0000:10000000}}Ah,{{TAG:0007:0000:14000000}} j'ai une idée !{{TAG:0007:0000:28000000}} {{TAG:0003:0000:}}Tu voudrais pas
acheter le paquet sans savoir ce
qu'il y a à l'intérieur ?
{{TAG:0003:0024:}}{{TAG:0007:000D:}}Ce serait comme une pochette
surprise !{{TAG:0007:0000:28000000}} Allez, {{TAG:0000:0003:0200}}{{TAG:0004:000A:0000}} clochettes
{{TAG:0000:0003:FFFF}}seulement !{{TAG:000D:0008:02CD}}{{TAG:000F:0005:15002800}}
J'achète !
J'en veux pas.","{{TAG:0003:000F:}}Aspetta,{{TAG:0007:0000:08000000}} ora ricordo!{{TAG:0007:0000:08000000}} È QUELLA
cosa che avevo ordinato tempo
fa!{{TAG:0003:0000:}}{{TAG:0000:0004:}}{{TAG:0003:0012:}}Me ne ero del tutto dimenticato!
{{TAG:0003:0006:}}Pensa che nel frattempo ne ho
già comprata un'altra uguale!{{TAG:0007:0001:}}
{{TAG:0003:0016:}}{{TAG:0007:0000:10000000}}Ho un'idea!{{TAG:0007:0000:28000000}} {{TAG:0003:0000:}}Ti va di comprare
questo pacco senza sapere cosa
c'è dentro?{{TAG:0000:0004:}}{{TAG:0003:0024:}}{{TAG:0007:000D:}}Emozionante, no?{{TAG:0007:0000:28000000}} Ti costerebbe
{{TAG:0000:0003:0200}}{{TAG:0004:000A:0000}} stelline{{TAG:0000:0003:FFFF}}!{{TAG:000D:0008:02CD}}{{TAG:000F:0005:15002800}}
Lo compro!
Non mi interessa.","{{TAG:0003:000F:}}Ah,{{TAG:0007:0000:08000000}} ich weiß wieder, was es ist!{{TAG:0000:0004:}}{{TAG:0003:0006:}}Ganz vergessen, dass {{TAG:0011:0001:0100}}
das besorgen sollte. {{TAG:0007:0000:14000000}}Und jetzt habe
ich zwei davon...
{{TAG:0003:0016:}}{{TAG:0007:0000:10000000}}Ha! {{TAG:0007:0000:08000000}}Das ist es!{{TAG:0007:0000:28000000}} {{TAG:0003:001C:}}Willst du mir das
Paket nicht abkaufen und dich vom
Inhalt überraschen lassen?
Wie klingen {{TAG:0000:0003:0200}}{{TAG:0004:000A:0000}} Sternis{{TAG:0000:0003:FFFF}}?{{TAG:000D:0008:02CD}}{{TAG:000F:0005:15002800}}
Wie ein Schnäppchen!
Nein, lieber nicht...","{{TAG:0003:000F:}}Vay,{{TAG:0007:0000:08000000}} şimdi hatırladım{{TAG:0007:0000:08000000}}! O ŞEY{{TAG:0007:0001:}}{{TAG:0003:0000:}}{{TAG:0007:0000:08000000}} bu{{TAG:0007:0000:08000000}}{{TAG:0007:0000:08000000}}{{TAG:0003:0012:}}!
..{{TAG:0007:0000:14000000}}.Tüh, sipariş verdiğimi{{TAG:0007:0000:14000000}} bile
unutmuşum. Bir tane daha{{TAG:0007:0000:08000000}}{{TAG:0007:0000:08000000}}{{TAG:0007:0000:08000000}}{{TAG:0003:0016:}}{{TAG:0007:0000:10000000}}
aldım{{TAG:0007:0000:14000000}}... Aha!{{TAG:0007:0000:28000000}} Fikrim{{TAG:0003:0000:}} var! İçinde
ne olduğunu bilmeden satın almak
ister misin?{{TAG:0003:0024:}}{{TAG:0007:000D:}} Sürpriz paket gibi!
Şans torbası{{TAG:0007:0000:28000000}} say. {{TAG:0000:0003:0200}}{{TAG:0004:000A:0000}} Bell'e ne{{TAG:0000:0003:FFFF}}
dersin?{{TAG:000D:0008:02CD}}{{TAG:000F:0005:15002800}}
Alırım!
İstemem."
58,059,"{{TAG:0003:0009:}}Hmm.{{TAG:0007:0000:14000000}} That's too bad!{{TAG:0000:0004:}}{{TAG:0003:0024:}}Too scared to take the risk?{{TAG:0007:0000:1E000000}}
{{TAG:000E:0003:}}{{TAG:000E:0002:}}{{TAG:0011:0003:0000}}.
That's what the package contained.
.{{TAG:0007:0000:08000000}}.{{TAG:0007:0000:08000000}}.{{TAG:0007:0000:08000000}}{{TAG:0003:0025:}}I guess it doesn't matter anymore.{{TAG:0007:0000:14000000}}
Well, thanks for the delivery!{{TAG:0007:0000:28000000}}
{{TAG:0003:0020:}}Say hi to {{TAG:0011:0001:0100}} for me!","{{TAG:0003:0009:}}Vaya,{{TAG:0007:0000:0A000000}} pues nada.{{TAG:0000:0004:}}{{TAG:0003:0024:}}Supongo que es prudente no gastar
las bayas a lo loco.{{TAG:0000:0004:}}Pues resulta que en la caja había
{{TAG:000E:0002:}}{{TAG:0011:0003:0000}}.{{TAG:0007:0000:14000000}}
{{TAG:0003:0025:}}Aunque ya da igual.
¡Gracias por la entrega!{{TAG:0007:0000:28000000}}
{{TAG:0003:0020:}}Y saluda a {{TAG:0011:0001:0100}} de mi parte.","{{TAG:0003:0009:}}Hmm.{{TAG:0007:0000:14000000}} C'est bien dommage.{{TAG:0000:0004:}}{{TAG:0003:0024:}}Tu n'es pas très joueu{{TAG:000E:0006:02007200040073006500}}, je vois.{{TAG:0007:0000:1E000000}}
{{TAG:000E:0003:}}{{TAG:000E:0002:}}{{TAG:0011:0003:0000}}, voilà
ce qu'il y avait dans le paquet.
.{{TAG:0007:0000:08000000}}.{{TAG:0007:0000:08000000}}.{{TAG:0007:0000:08000000}} {{TAG:0003:0025:}}Mais cela n'a plus d'importance.{{TAG:0007:0000:14000000}}
Merci, en tout cas.{{TAG:0007:0000:28000000}} {{TAG:0003:0020:}}Passe le bonjour
à {{TAG:0011:0001:0100}} !","{{TAG:0003:0009:}}Nooo...{{TAG:0007:0000:14000000}} Che pizza!{{TAG:0000:0004:}}{{TAG:0003:0024:}}Ma sai che sei proprio noios{{TAG:000E:0006:02006F0002006100}}?{{TAG:0007:0000:1E000000}}
{{TAG:000E:0003:}}{{TAG:000E:0002:}}{{TAG:0011:0003:0000}}!{{TAG:0007:0000:0F000000}}
Ecco cosa ti sei pers{{TAG:000E:0006:02006F0002006100}}!
.{{TAG:0007:0000:08000000}}.{{TAG:0007:0000:08000000}}.{{TAG:0007:0000:08000000}}{{TAG:0003:0025:}} Ma ormai non importa più.{{TAG:0007:0000:14000000}}
Beh, grazie per la consegna!{{TAG:0007:0000:28000000}}
{{TAG:0003:0020:}}E salutami {{TAG:0011:0001:0100}}!","{{TAG:0003:0009:}}Wirklich schade!{{TAG:0000:0004:}}{{TAG:0003:0023:}}Nervenkitzel ist nicht so dein Ding,
was?{{TAG:0007:0000:1E000000}} In dem Paket wäre {{TAG:000E:0002:}}
{{TAG:0011:0003:0000}} gewesen.
{{TAG:0003:0000:}}Na, auch egal. {{TAG:0007:0000:14000000}}Mal sehen, was ich
jetzt damit mache.{{TAG:0007:0000:14000000}} {{TAG:0003:0020:}}Gruß an
{{TAG:0011:0001:0100}}!","{{TAG:0003:0009:}}Hımm{{TAG:0007:0000:14000000}}. Yazık oldu!{{TAG:0000:0004:}}{{TAG:0003:0024:}} Risk almaya mı
korktun?{{TAG:0007:0000:1E000000}} {{TAG:000E:0003:}}{{TAG:000E:0002:}}{{TAG:0011:0003:0000}}. Paketin içinde bu
vardı{{TAG:0007:0000:08000000}}.{{TAG:0007:0000:08000000}} {{TAG:0007:0000:08000000}}{{TAG:0003:0025:}}...Artık fark etmez.{{TAG:0007:0000:14000000}}
Neyse, teslimat için{{TAG:0007:0000:28000000}}{{TAG:0003:0020:}} sağ ol! {{TAG:0011:0001:0100}}
için de benden selam söyle!"
59,060,"{{TAG:0003:000F:}}Oh!{{TAG:0007:0000:14000000}} You wanna buy it?!{{TAG:0007:0000:28000000}} {{TAG:0003:0026:}}Yeah, that's
the spirit!","{{TAG:0003:000F:}}Ah,{{TAG:0007:0000:08000000}} ¿te atreves a comprarlo?{{TAG:0007:0000:1E000000}}
{{TAG:0003:0026:}}¡Así me gusta!","{{TAG:0003:000F:}}Oh !{{TAG:0007:0000:14000000}} Tu l'achètes ?{{TAG:0007:0000:28000000}} {{TAG:0003:0026:}}Ouais, c'est ce 
que je voulais entendre.","{{TAG:0003:000F:}}Oh!{{TAG:0007:0000:14000000}} Vuoi comprarlo?!{{TAG:0007:0000:28000000}}
{{TAG:0003:0026:}}Evvai, così mi piaci!","{{TAG:0003:0023:}}So gefällt mir das! {{TAG:0007:0000:14000000}}Immer schön auf
Risiko gehen!","{{TAG:0003:000F:}}Oo!{{TAG:0007:0000:14000000}} Satın mı alacaksın{{TAG:0007:0000:28000000}}{{TAG:0003:0026:}}?! İşte
ruh budur!"
60,061,"{{TAG:0003:0024:}}I hope you enjoy what's inside!{{TAG:0007:0001:}}
{{TAG:0003:0025:}}Well, thanks again!{{TAG:0007:0000:28000000}} Say hi to 
{{TAG:0011:0001:0100}} for me,{{TAG:0007:0000:14000000}} {{TAG:0005:0007:}}!","{{TAG:0003:0024:}}Disfruta tu compra,{{TAG:0007:0000:0C000000}} {{TAG:0003:0025:}}¡y gracias!
{{TAG:0007:0000:28000000}}Saluda a {{TAG:0011:0001:0100}} de mi parte,{{TAG:0007:0000:0C000000}}
{{TAG:0007:0000:14000000}}{{TAG:0005:0007:}}.","{{TAG:0003:0024:}}J'espère que ce qu'il y a à l'intérieur
va te plaire.{{TAG:0007:0001:}} {{TAG:0003:0025:}}Merci bien,{{TAG:0007:0000:28000000}} et passe le
bonjour à {{TAG:0011:0001:0100}},{{TAG:0007:0000:14000000}} {{TAG:0005:0007:}}.","{{TAG:0003:0024:}}Spero che ti piaccia la sorpresa
che ci troverai dentro!{{TAG:0007:0001:}} {{TAG:0003:0025:}}Grazie e...{{TAG:0007:0000:28000000}}
salutami {{TAG:0011:0001:0100}},{{TAG:0007:0000:14000000}} {{TAG:0005:0007:}}!","{{TAG:0003:0023:}}Viel Spaß damit! {{TAG:0007:0000:14000000}}Richte {{TAG:0011:0001:0100}}
schöne Grüße aus,{{TAG:0007:0000:14000000}} {{TAG:0005:0007:}}!","{{TAG:0003:0024:}}Umarım içindekini seversin{{TAG:0007:0001:}}{{TAG:0003:0025:}}!
Neyse, tekrar{{TAG:0007:0000:28000000}} sağ ol! {{TAG:0011:0001:0100}} için de
selam söyle{{TAG:0007:0000:14000000}}, {{TAG:0005:0007:}}!"
61,062,".{{TAG:0007:0000:08000000}}.{{TAG:0007:0000:08000000}}.{{TAG:0007:0000:08000000}}.{{TAG:0007:0000:08000000}}.{{TAG:0007:0000:08000000}}.{{TAG:0007:0000:08000000}}{{TAG:0003:0007:}}But{{TAG:0007:0000:0F000000}} you don't have enough
money on you!","Pero{{TAG:0007:0000:08000000}}.{{TAG:0007:0000:08000000}}.{{TAG:0007:0000:08000000}}.{{TAG:0007:0000:08000000}} Pero{{TAG:0007:0000:08000000}}.{{TAG:0007:0000:08000000}}.{{TAG:0007:0000:08000000}}.{{TAG:0007:0000:08000000}}
{{TAG:0003:0007:}}¡Si no llevas bastante!",.{{TAG:0007:0000:08000000}}.{{TAG:0007:0000:08000000}}.{{TAG:0007:0000:08000000}}{{TAG:0003:0007:}} Mais{{TAG:0007:0000:0F000000}} tu n'as pas assez d'argent !,".{{TAG:0007:0000:08000000}}.{{TAG:0007:0000:08000000}}.{{TAG:0007:0000:08000000}}{{TAG:0003:0007:}} Ehi,{{TAG:0007:0000:0F000000}} ma sei totalmente al verde!",{{TAG:0003:0007:}}Du hast ja gar nicht genug Geld!,.{{TAG:0007:0000:08000000}}.{{TAG:0007:0000:08000000}}{{TAG:0007:0000:08000000}}.{{TAG:0007:0000:08000000}}.{{TAG:0007:0000:08000000}}.{{TAG:0007:0000:08000000}}{{TAG:0003:0007:}}{{TAG:0007:0000:0F000000}}.Ama üstünde yeterince para yok!
62,063,"{{TAG:0003:0024:}}Well,{{TAG:0007:0000:14000000}} I feel bad now.{{TAG:0007:0000:1E000000}} You came all
this way to make the delivery!{{TAG:0000:0004:}}{{TAG:0003:0025:}}Tell you what. You can have this for
however much you've got on you!","{{TAG:0003:0024:}}Ahora me sabe mal que hayas
venido solo para esto.{{TAG:0000:0004:}}{{TAG:0003:0025:}}Anda,{{TAG:0007:0000:08000000}} toma,{{TAG:0007:0000:08000000}} te lo doy
por lo que lleves.","{{TAG:0003:0024:}}Hé,{{TAG:0007:0000:14000000}} tu me fais me sentir coupable,{{TAG:0007:0000:1E000000}}
puisque tu as fait l'effort de venir
me donner le paquet...{{TAG:0000:0004:}}{{TAG:0003:0025:}}Allez, je te le laisse en échange de
l'argent que tu as sur toi.","{{TAG:0003:0024:}}Uffa!{{TAG:0007:0000:14000000}} E ora cosa faccio?{{TAG:0007:0000:1E000000}} Sei pure
venut{{TAG:000E:0006:02006F0002006100}} a cercarmi fin qui!{{TAG:0000:0004:}}{{TAG:0003:0025:}}Sai cosa? Ho deciso! Il prezzo
è la somma delle stelline
che hai in tasca!","{{TAG:0003:001B:}}Ach, {{TAG:0007:0000:08000000}}bevor ich das Paket jetzt groß
durch die Gegend schleppe, um es
loszuwerden...
Dann bezahl einfach, was du kannst!","{{TAG:0003:0024:}}Şimdi{{TAG:0007:0000:14000000}} kötü hissettim{{TAG:0007:0000:1E000000}}. Teslimat
için buraya kadar{{TAG:0000:0004:}}{{TAG:0003:0025:}} geldin! Şöyle
yapalım: üstünde ne varsa ona senin!"
63,064,"{{TAG:0003:0026:}}Meh, never mind!{{TAG:0007:0000:1E000000}} I'll give it to you
for free!{{TAG:0007:0000:28000000}} {{TAG:0003:0025:}}It's a sign of my gratitude!
I mean, you DID come to help me.","{{TAG:0003:0026:}}¡Bah, da igual!{{TAG:0007:0000:14000000}} ¡Te lo regalo!{{TAG:0007:0000:1E000000}}
{{TAG:0003:0025:}}Después de que te has dado
el paseo{{TAG:0007:0000:08000000}}.{{TAG:0007:0000:08000000}}.{{TAG:0007:0000:08000000}}.","{{TAG:0003:0026:}}Bon, je vais regretter...{{TAG:0007:0000:1E000000}} Je te
l'offre !{{TAG:0007:0000:28000000}} {{TAG:0003:0025:}}Prends ça comme un gage
d'amitié.","{{TAG:0003:000B:}}Mmmh... Senti, facciamo così!{{TAG:0007:0000:1E000000}} {{TAG:0003:0026:}}Non
devi pagarmi niente!{{TAG:0007:0000:28000000}} {{TAG:0003:0025:}}Del resto,
sono io che sono in debito con te!","{{TAG:0003:0021:}}Na gut, {{TAG:0007:0000:08000000}}ich weiß ja, was drin ist,{{TAG:0007:0000:08000000}}
das kannst du auch umsonst haben...","{{TAG:0003:0026:}}Eh, boş ver!{{TAG:0007:0000:1E000000}} Bedavaya vereyim!
Minnetimin{{TAG:0007:0000:28000000}}{{TAG:0003:0025:}} işareti olsun.
Sonuçta bana yardım etmeye geldin."
64,065,"{{TAG:0003:0024:}}This might sound like I'm cheap,{{TAG:0007:0000:14000000}} but
I'm kinda struggling with money,{{TAG:0007:0000:1E000000}} so
I can't sell it for a lower price{{TAG:0007:0000:08000000}}.{{TAG:0007:0000:08000000}}.{{TAG:0007:0000:08000000}}.{{TAG:0000:0004:}}{{TAG:0003:0025:}}Sorry, but maybe next time!{{TAG:0007:0000:14000000}}
{{TAG:000E:0003:}}{{TAG:0005:0007:}}!","{{TAG:0003:0024:}}No quiero parecer roñoso,{{TAG:0007:0000:08000000}} pero
tengo que mirar por mi bolsillo.{{TAG:0000:0004:}}Tampoco te lo voy a dar
por cuatro bayas{{TAG:0007:0000:08000000}}.{{TAG:0007:0000:08000000}}.{{TAG:0007:0000:08000000}}.{{TAG:0000:0004:}}{{TAG:0003:0025:}}Lo siento,{{TAG:0007:0000:08000000}} ¡otra vez será!{{TAG:0007:0000:14000000}}
¡{{TAG:000E:0003:}}{{TAG:0005:0007:}}!","{{TAG:0003:0024:}}Je peux pas te vendre ce truc à un
prix trop bas,{{TAG:0007:0000:14000000}} j'ai besoin d'argent,
comme tout le monde.{{TAG:0007:0000:08000000}}.{{TAG:0007:0000:08000000}}.
{{TAG:0003:0025:}}Désolé, peut-être une autre fois...{{TAG:0007:0000:14000000}}
{{TAG:000E:0003:}}{{TAG:0005:0007:}} !","{{TAG:0003:0024:}}Scusa la tirchieria,{{TAG:0007:0000:14000000}} ma anch'io
ultimamente non ho molti soldi.{{TAG:0007:0000:1E000000}}
Non posso abbassare il prezzo{{TAG:0007:0000:08000000}}.{{TAG:0007:0000:08000000}}.{{TAG:0007:0000:08000000}}.{{TAG:0000:0004:}}{{TAG:0003:0025:}}Scusa! Spero di poterti venire
incontro la prossima volta!{{TAG:0007:0000:14000000}}
{{TAG:000E:0003:}}{{TAG:0005:0007:}}!","{{TAG:0003:000D:}}Runtergehen kann ich mit dem Preis
absolut nicht mehr, {{TAG:0007:0000:08000000}}der ist schon
hart an der Schmerzgrenze!
{{TAG:0003:0000:}}Aber dann vielleicht nächstes Mal,
{{TAG:0007:0000:14000000}}{{TAG:0005:0007:}}!","{{TAG:0003:0024:}}Cimrilik gibi gelecek ama{{TAG:0007:0000:14000000}} benim
de para sıkıntım var,{{TAG:0007:0000:1E000000}} daha ucuza
veremem... Kusura{{TAG:0007:0000:08000000}}{{TAG:0007:0000:08000000}} bakma{{TAG:0007:0000:08000000}}{{TAG:0000:0004:}}{{TAG:0003:0025:}}, belki
başka zaman!{{TAG:0007:0000:14000000}} {{TAG:000E:0003:}}{{TAG:0005:0007:}}!"
65,066,".{{TAG:0007:0000:08000000}}.{{TAG:0007:0000:08000000}}.{{TAG:0007:0000:08000000}}.{{TAG:0007:0000:08000000}}.{{TAG:0007:0000:08000000}}.{{TAG:0007:0000:08000000}}{{TAG:0003:0012:}}Wait—{{TAG:0007:0000:14000000}}you don't even have a
single Bell on you!{{TAG:0007:0000:08000000}} You're flat-
stinkin' BROKE!{{TAG:0007:0000:10000000}} {{TAG:0003:0002:}}GAHAHA!{{TAG:0003:0000:}}","{{TAG:0003:0012:}}¡Anda la osa!{{TAG:0007:0000:14000000}} ¡Pero si vas pelad{{TAG:000E:0006:02006F0002006100}}!{{TAG:0007:0000:14000000}}
¡No llevas ni una triste baya encima!",".{{TAG:0007:0000:08000000}}.{{TAG:0007:0000:08000000}}.{{TAG:0007:0000:08000000}}{{TAG:0003:0012:}} Mais tu n'as{{TAG:0007:0000:14000000}} pas la moindre
clochette sur toi !",".{{TAG:0007:0000:08000000}}.{{TAG:0007:0000:08000000}}.{{TAG:0007:0000:08000000}}{{TAG:0003:0012:}} Aspetta un po'!{{TAG:0007:0000:14000000}} Ma se non hai
il becco di una stellina!","{{TAG:0003:000F:}}Du gehst ohne auch nur einen
einzigen Sterni in der Tasche
aus dem Haus?",".{{TAG:0007:0000:08000000}}.{{TAG:0007:0000:08000000}}{{TAG:0007:0000:08000000}}.{{TAG:0007:0000:08000000}}.{{TAG:0007:0000:08000000}}.{{TAG:0007:0000:08000000}}{{TAG:0003:0012:}}.Dur{{TAG:0007:0000:14000000}}, üstünde bir tane bile
Bell yok{{TAG:0007:0000:08000000}} mu! Beş parasızsın!{{TAG:0007:0000:10000000}}{{TAG:0003:0002:}}
GAHAHA!{{TAG:0003:0000:}}"
66,067,"{{TAG:0003:0005:}}All right,{{TAG:0007:0000:14000000}} how about this?{{TAG:0007:0000:1E000000}} {{TAG:0003:0023:}}I'll just
give this to you for free!{{TAG:0007:0000:28000000}} {{TAG:0003:0001:}}It's my
way of saying thanks for the help!","Pues no se hable más, {{TAG:0003:0005:}}¡te lo regalo!{{TAG:0007:0000:1E000000}}
¡Por tomarte tantas molestias!{{TAG:0007:0000:1E000000}}
{{TAG:0003:0023:}}¡Es de bien nacido ser agradecido!","{{TAG:0003:0005:}}OK,{{TAG:0007:0000:14000000}} que dis-tu de ceci :{{TAG:0007:0000:1E000000}} {{TAG:0003:0023:}}je te
l'offre, comme ça, pour rien !{{TAG:0007:0000:28000000}} {{TAG:0003:0001:}}C'est
ma manière de te remercier.","{{TAG:0003:0005:}}Dunque,{{TAG:0007:0000:14000000}} te lo dico io come si fa!{{TAG:0007:0000:1E000000}}
{{TAG:0003:0023:}}Non mi devi pagare un bel niente!{{TAG:0007:0000:28000000}}
{{TAG:0003:0001:}}È un regalo e basta!","{{TAG:0003:0006:}}Was soll's, {{TAG:0007:0000:08000000}}Hauptsache, das Paket
ist weg...{{TAG:0007:0000:14000000}} Du kannst es umsonst
haben.","{{TAG:0003:0005:}}Pekâlâ,{{TAG:0007:0000:14000000}} şöyle yapalım{{TAG:0007:0000:1E000000}}{{TAG:0003:0023:}}: bunu
bedavaya vereceğim{{TAG:0007:0000:28000000}}{{TAG:0003:0001:}}! Yardımına
teşekkürüm olsun!"
67,068,"{{TAG:0003:0009:}}Sorry, but money ain't so great with
me either,{{TAG:0007:0000:14000000}} so I can't lower the price
for you right now{{TAG:0007:0000:08000000}}.{{TAG:0007:0000:08000000}}.{{TAG:0007:0000:08000000}}.
{{TAG:0003:0025:}}Well,{{TAG:0007:0000:08000000}} maybe next time!","{{TAG:0003:0009:}}Mira, ya no puedo bajar más
el precio.{{TAG:0007:0000:14000000}} Uno también tiene
que comer{{TAG:0007:0000:08000000}}.{{TAG:0007:0000:08000000}}.{{TAG:0007:0000:08000000}}.
{{TAG:0003:0025:}}¡Oooootra vez será!","{{TAG:0003:0009:}}Désolé,{{TAG:0007:0000:14000000}} j'ai quelques problèmes
d'argent ces derniers temps{{TAG:0007:0000:08000000}}.{{TAG:0007:0000:08000000}}.{{TAG:0007:0000:08000000}}. {{TAG:0003:0025:}}Une
autre fois,{{TAG:0007:0000:08000000}} peut-être !","{{TAG:0003:0009:}}Scusami tanto,{{TAG:0007:0000:14000000}} ma anch'io in questi
giorni sono povero in canna{{TAG:0007:0000:08000000}}.{{TAG:0007:0000:08000000}}.{{TAG:0007:0000:08000000}}.
{{TAG:0003:0025:}}Dai,{{TAG:0007:0000:08000000}} non sarà sempre così!","{{TAG:0003:000D:}}Einfach verschenken geht auf keinen
Fall, {{TAG:0007:0000:08000000}}das wäre mein Ruin!{{TAG:0000:0004:}}{{TAG:0003:0000:}}Aber dann vielleicht nächstes Mal,
{{TAG:0007:0000:14000000}}{{TAG:0005:0007:}}!","{{TAG:0003:0009:}}Kusura bakma, bende de para
durumu{{TAG:0007:0000:14000000}} iyi değil. Şu an indirim
yapamam..{{TAG:0007:0000:08000000}}.{{TAG:0007:0000:08000000}}{{TAG:0007:0000:08000000}}{{TAG:0003:0025:}} Belki{{TAG:0007:0000:08000000}} başka zaman!"
68,069,"{{TAG:0003:0020:}}Well,{{TAG:0007:0000:08000000}} thanks again!{{TAG:0007:0000:1E000000}} {{TAG:0003:0025:}}And say hi to
{{TAG:0011:0001:0100}} for me!","Lo dicho:{{TAG:0007:0000:08000000}} {{TAG:0003:0020:}}¡gracias!{{TAG:0007:0000:1E000000}} {{TAG:0003:0025:}}Y saluda
a {{TAG:0011:0001:0100}} de mi parte.","{{TAG:0003:0020:}}Bon,{{TAG:0007:0000:08000000}} eh bien merci.{{TAG:0007:0000:1E000000}} {{TAG:0003:0025:}}Et passe le
bonjour à {{TAG:0011:0001:0100}} de ma part !","{{TAG:0003:0020:}}Ehi,{{TAG:0007:0000:08000000}} grazie!{{TAG:0007:0000:1E000000}} {{TAG:0003:0025:}}E salutami {{TAG:0011:0001:0100}}!","{{TAG:0003:0020:}}Richte {{TAG:0011:0001:0100}} einen schönen
Gruß von mir aus. {{TAG:0007:0000:14000000}}Oder auch nicht...","{{TAG:0003:0020:}}Pekâlâ{{TAG:0007:0000:08000000}}, tekrar{{TAG:0007:0000:1E000000}}{{TAG:0003:0025:}} sağ ol! {{TAG:0011:0001:0100}} için de
selam söyle!"
69,070,"{{TAG:0003:0010:}}Ahh!{{TAG:0007:0000:14000000}} It's THAT thing!{{TAG:0007:0000:28000000}} {{TAG:0003:0000:}}I ordered it
thinking I could give it to you!{{TAG:0000:0004:}}{{TAG:0003:0024:}}You're the one who delivered it to
me,{{TAG:0007:0000:08000000}} so it's kind of silly,{{TAG:0007:0000:14000000}} but here you
go,{{TAG:0007:0000:14000000}} {{TAG:0005:0007:}}!","{{TAG:0003:0010:}}¡Ya sé lo que es!{{TAG:0007:0000:28000000}} {{TAG:0003:0000:}}¡Precisamente
es una cosa que encargué para ti!{{TAG:0000:0004:}}{{TAG:0003:0024:}}Esto queda un poco raro porque
me lo has traído tú,{{TAG:0007:0000:08000000}} pero toma,{{TAG:0007:0000:08000000}}
¡para ti,{{TAG:0007:0000:0C000000}} {{TAG:0005:0007:}}!","{{TAG:0003:0010:}}Ah !{{TAG:0007:0000:14000000}} ÇA !{{TAG:0007:0000:28000000}} {{TAG:0003:0000:}}J'avais commandé ce
truc en pensant te l'offrir.{{TAG:0000:0004:}}{{TAG:0003:0024:}}Et c'est toi qui viens me le donner.{{TAG:0007:0000:08000000}}
C'est ballot,{{TAG:0007:0000:14000000}} mais tiens, prends-le,{{TAG:0007:0000:14000000}}
{{TAG:0005:0007:}} !","{{TAG:0003:0010:}}Aaaah!{{TAG:0007:0000:14000000}} È QUELLA cosa!{{TAG:0007:0000:28000000}} {{TAG:0003:0000:}}L'avevo
richiesta perché la volevo regalare
proprio a te!{{TAG:0000:0004:}}{{TAG:0003:0024:}}Alla fine sei stat{{TAG:000E:0006:02006F0002006100}} tu a portarmela.{{TAG:0007:0000:08000000}}
Che storia!{{TAG:0007:0000:14000000}} Beh, ora è roba tua,{{TAG:0007:0000:14000000}}
{{TAG:0005:0007:}}!","{{TAG:0003:0007:}}Das hat ja jetzt toll geklappt!{{TAG:0007:0000:14000000}}
Ich hab das doch für dich bestellt{{TAG:0007:0000:08000000}}
und dann darfst du's herschleppen!{{TAG:0000:0004:}}{{TAG:0003:001B:}}Na, auch egal.{{TAG:0007:0000:14000000}}
{{TAG:0003:0000:}}Für dich,{{TAG:0007:0000:08000000}} {{TAG:0005:0007:}}!","{{TAG:0003:0010:}}Aha{{TAG:0007:0000:14000000}}! O ŞEY bu! Sana{{TAG:0007:0000:28000000}}{{TAG:0003:0000:}} hediye
edeyim diye sipariş etmiştim!{{TAG:0000:0004:}}{{TAG:0003:0024:}}
Bunu bana getiren de sen oldun;{{TAG:0007:0000:08000000}}
biraz saçma oldu{{TAG:0007:0000:14000000}} ama al bakalım,{{TAG:0007:0000:14000000}}
{{TAG:0005:0007:}}!"
70,071,".{{TAG:0007:0000:08000000}}.{{TAG:0007:0000:08000000}}.{{TAG:0007:0000:08000000}}Will you open it now?{{TAG:000F:0005:00000000}}
Yeah, I'll open it!
Later.","¿Qué hacemos?{{TAG:0007:0000:08000000}} ¿Lo abrimos?{{TAG:000F:0005:00000000}}
¡Claro!
Mejor luego...",".{{TAG:0007:0000:08000000}}.{{TAG:0007:0000:08000000}}.{{TAG:0007:0000:08000000}} Ouvrir maintenant ?{{TAG:000F:0005:00000000}}
Oui, oui !
Plus tard.",".{{TAG:0007:0000:08000000}}.{{TAG:0007:0000:08000000}}.{{TAG:0007:0000:08000000}} Che facciamo, {{TAG:0007:0000:08000000}}l'apriamo?{{TAG:000F:0005:00000000}}
Apriamo, dai!
Magari più tardi.","Jetzt aufmachen?{{TAG:000F:0005:00000000}}
Ja!
Nein...",".{{TAG:0007:0000:08000000}}.{{TAG:0007:0000:08000000}}{{TAG:0007:0000:08000000}}.Şimdi açacak mısın?{{TAG:000F:0005:00000000}}
Evet, açarım!
Sonra."
71,072,"{{TAG:0003:0025:}}Well,{{TAG:0007:0000:14000000}} it's nothing fancy,{{TAG:0007:0000:14000000}} so you can
open it after going home!","{{TAG:0003:0025:}}Vale,{{TAG:0007:0000:08000000}} no es nada del otro mundo.{{TAG:0007:0000:14000000}}
Ábrelo cuando llegues a casa.","{{TAG:0003:0025:}}Bon,{{TAG:0007:0000:14000000}} c'est rien de spécial,{{TAG:0007:0000:14000000}} donc tu
peux l'ouvrir plus tard.","{{TAG:0003:0025:}}Beh,{{TAG:0007:0000:14000000}} non è niente di speciale.{{TAG:0007:0000:14000000}}
Puoi aprire il pacco anche più tardi.","{{TAG:0003:0023:}}Ist nix Tolles, {{TAG:0007:0000:08000000}}mach's ruhig erst
bei dir zu Hause auf!","{{TAG:0003:0025:}}Pek{{TAG:0007:0000:14000000}} süslü bir şey{{TAG:0007:0000:14000000}} değil, eve
gidince açarsın!"
72,073,"{{TAG:0003:0024:}}Heh!{{TAG:0007:0000:14000000}} {{TAG:0003:0023:}}{{TAG:000E:0003:}}{{TAG:000E:0002:}}{{TAG:0011:0003:0000}}!{{TAG:0000:0004:}}{{TAG:0003:0025:}}I thought you could use some more
clothes!{{TAG:0007:0000:28000000}} Feel free to wear my style
with pride!","{{TAG:0003:0024:}}{{TAG:0003:0023:}}¡Es {{TAG:000E:0002:}}{{TAG:0011:0003:0000}}!{{TAG:0007:0000:14000000}}
¡Je!{{TAG:0000:0004:}}{{TAG:0003:0025:}}Pensé que te quedaría bien.{{TAG:0007:0000:28000000}}
¡Espero que sea de tu talla!","{{TAG:0003:0024:}}Ho !{{TAG:0007:0000:14000000}} {{TAG:0003:0023:}}{{TAG:000E:0003:}}{{TAG:000E:0002:}}{{TAG:0011:0003:0000}} !{{TAG:0000:0004:}}{{TAG:0003:0025:}}Je pensais que ça t'irait bien.{{TAG:0007:0000:28000000}}
Porte-{{TAG:000E:0008:00CD04006C00650004006C0061000000}} avec arrogance et
désinvolture.","{{TAG:0003:0024:}}È...{{TAG:0007:0000:14000000}} {{TAG:000E:0002:}}{{TAG:0011:0003:0000}}!{{TAG:0000:0004:}}{{TAG:0003:0025:}}Pensavo che potrebbe starti bene!{{TAG:0007:0000:28000000}}
Spero che ti piaccia almeno un po'!","{{TAG:0003:0023:}}{{TAG:000E:0003:}}{{TAG:000E:0002:}}{{TAG:0011:0003:0000}}!{{TAG:0007:0000:14000000}}
{{TAG:000E:0008:00CD060044006500720006004400690065000600440061007300}} sah mir wie etwas aus, das du
tragen würdest...","{{TAG:0003:0024:}}Heh!{{TAG:0007:0000:14000000}} {{TAG:0003:0023:}}{{TAG:000E:0003:}}{{TAG:000E:0002:}}{{TAG:0011:0003:0000}}!{{TAG:0000:0004:}}{{TAG:0003:0025:}} Biraz daha kıyafete
ihtiyacın var diye{{TAG:0007:0000:28000000}} düşündüm!
Benim tarzımı gururla taşı!"
73,074,{{TAG:0003:0005:}}Heh!{{TAG:0007:0000:14000000}} {{TAG:000E:0003:}}{{TAG:000E:0002:}}{{TAG:0011:0003:0000}}!,{{TAG:0003:0005:}}¡Je!{{TAG:0007:0000:14000000}} ¡{{TAG:000E:0003:}}{{TAG:000E:0002:}}{{TAG:0011:0003:0000}}!,{{TAG:0003:0005:}}{{TAG:000E:0003:}}{{TAG:000E:0002:}}{{TAG:0011:0003:0000}} !,{{TAG:0003:0005:}}È...{{TAG:0007:0000:14000000}} {{TAG:000E:0002:}}{{TAG:0011:0003:0000}}!,{{TAG:0003:0023:}}{{TAG:000E:0003:}}{{TAG:000E:0002:}}{{TAG:0011:0003:0000}}!,{{TAG:0003:0005:}}Heh!{{TAG:0007:0000:14000000}} {{TAG:000E:0003:}}{{TAG:000E:0002:}}{{TAG:0011:0003:0000}}!
74,075,"{{TAG:0003:0024:}}For some reason,{{TAG:0007:0000:14000000}} I just thought this
would be perfect for you!{{TAG:0007:0001:}} {{TAG:0003:0025:}}I hope
you really like it!","{{TAG:0003:0024:}}No sé por qué,{{TAG:0007:0000:08000000}} pero pensé en ti
nada más ver esto.{{TAG:0007:0000:14000000}} ¡Ya me dirás
si te gusta!","{{TAG:0003:0024:}}Sans savoir pourquoi,{{TAG:0007:0000:14000000}} je me suis dit
que ce truc serait parfait pour toi.{{TAG:0007:0001:}}
{{TAG:0003:0025:}}J'espère que tu aimes.","{{TAG:0003:0024:}}Non so perché,{{TAG:0007:0000:14000000}} ma ho sempre
pensato che sarebbe stato
{{TAG:0003:0025:}}il regalo perfetto per un{{TAG:000E:0006:02006F0002006100}} come te!","{{TAG:0003:0023:}}Irgendwie hatte ich das Gefühl, dass
dir so was gefällt.{{TAG:0007:0000:14000000}} {{TAG:0003:0021:}}Außerdem war's
billig...","{{TAG:0003:0024:}}Nedense bunun{{TAG:0007:0000:14000000}} sana tam uyacağını
düşündüm! Umarım{{TAG:0007:0001:}}{{TAG:0003:0025:}} gerçekten seversin!"
75,076,"{{TAG:0003:0000:}}I felt like this would be a good fit
for you after seeing your house.{{TAG:0007:0001:}}
{{TAG:0003:0025:}}I hope you really like it!","Se me ocurrió que iría bien
con la decoración de tu casa.{{TAG:0007:0001:}}
{{TAG:0003:0025:}}¡Espero que te guste!","Après avoir vu ta maison, je me suis
dit que ça irait bien dedans.{{TAG:0007:0001:}} {{TAG:0003:0025:}}Tu
aimes, non ?","Dopo aver visto casa tua, SAPEVO
di doverti regalare qualcosa
del genere.{{TAG:0007:0001:}} {{TAG:0003:0025:}}Spero che ti piaccia!","Das schien mir ganz gut zu dem
anderen Krempel in deiner Bude
zu passen...","{{TAG:0003:0000:}}Evini gördükten sonra bunun sana
uyacağını düşündüm. Umarım{{TAG:0007:0001:}}{{TAG:0003:0025:}}
gerçekten seversin!"
76,077,"{{TAG:0003:0000:}}When I went to your place,{{TAG:0007:0000:08000000}} I thought
this carpet would match everything!{{TAG:0007:0000:14000000}}{{TAG:0007:0001:}}
{{TAG:0003:0025:}}I hope you like it!","Después de ver tu casa,{{TAG:0007:0000:08000000}} se me
ocurrió que esto quedaría bien
en tu suelo.{{TAG:0007:0000:14000000}} {{TAG:0003:0025:}}¡Espero que te guste!","Quand je suis allé chez toi,{{TAG:0007:0000:08000000}} j'ai
pensé qu'il ne te manquait plus que
ce tapis.{{TAG:0007:0000:14000000}}{{TAG:0007:0001:}}{{TAG:0003:0025:}} T'y essuie pas les pieds !","Ho visto casa tua,{{TAG:0007:0000:08000000}} e quindi sono
strasicuro che ci farà un figurone!{{TAG:0007:0000:14000000}}{{TAG:0007:0001:}}
{{TAG:0003:0025:}}Ti piace, no?","{{TAG:0003:0021:}}Dieser Teppich passt jedenfalls zu
allem, {{TAG:0007:0000:08000000}}auch zu deiner Einrichtung...","{{TAG:0003:0000:}}Evine gittiğimde bu{{TAG:0007:0000:08000000}} halının her
şeye uyacağını düşündüm!{{TAG:0007:0000:14000000}}{{TAG:0007:0001:}} Umarım{{TAG:0003:0025:}} beğenirsin!"
77,078,"{{TAG:0003:0000:}}When I visited your place, {{TAG:0007:0000:08000000}}I thought
this wallpaper{{TAG:0007:0000:14000000}} would look perfect!{{TAG:0007:0000:08000000}}{{TAG:0007:0001:}}
{{TAG:0003:0025:}}I hope you use it soon!","¿No es perfecto para tu casa{{TAG:0007:0000:08000000}}
este papel de pared?{{TAG:0007:0000:14000000}}
{{TAG:0003:0025:}}¡Ya me dirás si lo pones!","Quand je suis passé chez toi, {{TAG:0007:0000:08000000}}j'ai
pensé qu'il te manquait un joli{{TAG:0007:0000:14000000}}
papier peint.{{TAG:0007:0000:08000000}}{{TAG:0007:0001:}}{{TAG:0003:0025:}} Et le voilà !","Quando ho visto casa tua, {{TAG:0007:0000:08000000}}ho subito
immaginato questa carta da parati
sui muri!{{TAG:0007:0000:08000000}}{{TAG:0007:0001:}} {{TAG:0003:0025:}}Troppo bella, no?","{{TAG:0003:0021:}}Diese Tapete passt ganz gut in
dein Haus, {{TAG:0007:0000:08000000}}die dürfte etwas vom
Rest ablenken...{{TAG:0007:0000:14000000}} {{TAG:0003:0002:}}Bwa ha ha!{{TAG:0007:0000:1E000000}}{{TAG:0003:0001:}}","{{TAG:0003:0000:}}Evine geldiğimde bu{{TAG:0007:0000:08000000}} duvar kâğıdı
kusursuz{{TAG:0007:0000:14000000}} olur dedim! Umarım{{TAG:0007:0000:08000000}}{{TAG:0007:0001:}}{{TAG:0003:0025:}}
hemen kullanırsın!"
78,079,"{{TAG:0003:0009:}}To tell you the truth,{{TAG:0007:0000:14000000}} I ordered this
intending to give it to YOU!{{TAG:0000:0004:}}{{TAG:0003:0024:}}Of anyone,{{TAG:0007:0000:14000000}} {{TAG:0011:0001:0100}} asked you
to take care of it! Weird!{{TAG:0003:0025:}} Well,{{TAG:0007:0000:14000000}} now
you know the story,{{TAG:0007:0000:14000000}} so it's yours!","{{TAG:0003:0009:}}¡La verdad es que esto lo había
pedido para ti!{{TAG:0000:0004:}}{{TAG:0003:0024:}}Y como no hay gente en el pueblo,{{TAG:0007:0000:08000000}}
{{TAG:0011:0001:0100}} te pide precisamente a
ti que lo traigas.{{TAG:0007:0000:14000000}} ¡Qué cosas pasan!
{{TAG:0003:0025:}}En fin,{{TAG:0007:0000:08000000}} ya conoces la historia.{{TAG:0007:0000:14000000}}
¡Ahora es tuyo!","{{TAG:0003:0009:}}Pour être honnête,{{TAG:0007:0000:14000000}} j'avais
l'intention de te l'offrir.{{TAG:0000:0004:}}{{TAG:0003:0024:}}Et {{TAG:0011:0001:0100}} qui te demande de
me l'apporter...{{TAG:0003:0025:}} Bon,{{TAG:0007:0000:14000000}} maintenant
tu connais toute l'histoire,{{TAG:0007:0000:14000000}} prends !","{{TAG:0003:0009:}}In realtà,{{TAG:0007:0000:14000000}} ho ordinato questo
oggetto perché te lo volevo
regalare da tanto tempo!{{TAG:0000:0004:}}{{TAG:0003:0024:}}E poi{{TAG:0007:0000:14000000}} {{TAG:0011:0001:0100}} lo fa consegnare...
{{TAG:0007:0000:14000000}}proprio a te! Che storia!{{TAG:0003:0025:}}
Beh,{{TAG:0007:0000:14000000}} comunque da oggi{{TAG:0007:0000:14000000}} è roba tua!","{{TAG:0003:001A:}}Also,{{TAG:0007:0000:08000000}} äh, {{TAG:0007:0000:08000000}}das hier habe ich für dich
bestellt...{{TAG:0007:0000:1E000000}} {{TAG:0003:0007:}}Mir war einfach danach,{{TAG:0007:0000:08000000}}
klar?
{{TAG:0003:001B:}}{{TAG:0011:0001:0100}} musste ja unbedingt dich
damit schicken!{{TAG:0007:0000:14000000}} {{TAG:0003:0000:}}Na, jedenfalls
gehört es dir.","{{TAG:0003:0009:}}Doğrusunu söyleyeyim,{{TAG:0007:0000:14000000}} bunu SANA
vermek için sipariş etmiştim!{{TAG:0000:0004:}}{{TAG:0003:0024:}}
İçlerinden{{TAG:0007:0000:14000000}} {{TAG:0011:0001:0100}} bunu sana getirtmiş!
Tuhaf!{{TAG:0003:0025:}} Artık{{TAG:0007:0000:14000000}} hikâyeyi
biliyorsun;{{TAG:0007:0000:14000000}} senin olsun!"
79,080,"{{TAG:0003:0027:}}Let's see{{TAG:0007:0000:08000000}}.{{TAG:0007:0000:08000000}}.{{TAG:0007:0000:08000000}}.{{TAG:0007:0000:14000000}} I should probably open it
right away!","{{TAG:0003:0027:}}No sé{{TAG:0007:0000:08000000}}.{{TAG:0007:0000:08000000}}.{{TAG:0007:0000:08000000}}.{{TAG:0007:0000:14000000}} Supongo que es mejor
abrirlo ya.","{{TAG:0003:0027:}}Voyons{{TAG:0007:0000:08000000}}.{{TAG:0007:0000:08000000}}.{{TAG:0007:0000:08000000}}.{{TAG:0007:0000:14000000}} Je devrais probablement
l'ouvrir immédiatement.","{{TAG:0003:0027:}}Mmmmh{{TAG:0007:0000:08000000}}.{{TAG:0007:0000:08000000}}.{{TAG:0007:0000:08000000}}.{{TAG:0007:0000:14000000}} Suppongo di doverlo
aprire subito...","{{TAG:0003:0027:}}Dann mach ich's wohl besser gleich
auf...",{{TAG:0003:0027:}}Bakalım{{TAG:0007:0000:08000000}}.{{TAG:0007:0000:08000000}}.{{TAG:0007:0000:08000000}}{{TAG:0007:0000:14000000}}. Bunu hemen açsam iyi olacak!
80,081,"{{TAG:0003:0015:}}Oh yeah,{{TAG:0007:0000:08000000}} I've been waiting for this!{{TAG:0007:0000:14000000}}
It's {{TAG:000E:0002:}}{{TAG:0011:0003:0000}}!","{{TAG:0003:0015:}}¡Ah,{{TAG:0007:0000:08000000}} qué ganas tenía de recibir esto!{{TAG:0007:0000:14000000}}
Es {{TAG:000E:0002:}}{{TAG:0011:0003:0000}}.","{{TAG:0003:0015:}}Oh oui,{{TAG:0007:0000:08000000}} j'ai attendu ce moment
pendant si longtemps.{{TAG:0007:0000:14000000}} Enfin
{{TAG:000E:0002:}}{{TAG:0011:0003:0000}} !","{{TAG:0003:0026:}}Evvai,{{TAG:0007:0000:08000000}} finalmente!{{TAG:0007:0000:14000000}}
È {{TAG:000E:0002:}}{{TAG:0011:0003:0000}}!","{{TAG:0003:0015:}}Oh, darauf habe ich schon gewartet!{{TAG:0007:0000:14000000}}
{{TAG:000E:0008:00CD08004D00650069006E000A004D00650069006E00650008004D00650069006E00}} {{TAG:0011:0003:0000}}!","{{TAG:0003:0015:}}Oo evet{{TAG:0007:0000:08000000}}, bunu bekliyordum!{{TAG:0007:0000:14000000}} Bu {{TAG:000E:0002:}}{{TAG:0011:0003:0000}}!"
81,082,"{{TAG:0003:0026:}}It's so nice to have the actual thing
in my hands!",{{TAG:0003:0026:}}¡Por fin cae en mis manos!,"{{TAG:0003:0026:}}C'est si bon de l'avoir entre mes
mains !","{{TAG:0003:0026:}}Non ci posso credere! Dopo aver
aspettato tutto questo tempo!",{{TAG:0003:0006:}}Wurde aber auch langsam mal Zeit!,{{TAG:0003:0026:}}Gerçeğini elimde tutmak ne güzel!
82,083,"{{TAG:0003:0004:}}{{TAG:0007:0000:10000000}}Ahh, {{TAG:0007:0000:08000000}}my judgment was as perfect as
always!{{TAG:0007:0000:28000000}} This is definitely a work of
art if ever any existed!",{{TAG:0003:0004:}}{{TAG:0007:0000:10000000}}¿Verdad que es una maravilla?,"{{TAG:0003:0004:}}{{TAG:0007:0000:10000000}}Ah, {{TAG:0007:0000:08000000}}j'ai l'œil, décidément.{{TAG:0007:0000:28000000}} C'est une
pure merveille, une œuvre d'art !","{{TAG:0003:0004:}}{{TAG:0007:0000:10000000}}Aaah, {{TAG:0007:0000:08000000}}sapevo di aver scelto la cosa
giusta!{{TAG:0007:0000:28000000}} Che opera d'arte!",{{TAG:0003:0004:}}Geradezu ein Kunstwerk!,"{{TAG:0003:0004:}}{{TAG:0007:0000:10000000}}Aha,{{TAG:0007:0000:08000000}} kararım yine kusursuzmuş!{{TAG:0007:0000:28000000}}
Sanat eseri diye bir şey varsa
işte bu!"
83,084,"{{TAG:0003:0015:}}This is AMAZING!{{TAG:0007:0000:28000000}} {{TAG:0003:0001:}}I'm totally happy
with it!","{{TAG:0003:0015:}}¡Esto es sencillamente fantástico!{{TAG:0007:0000:28000000}} {{TAG:0003:0001:}}
Creo que es la mejor adquisición
que he hecho en mi vida.","{{TAG:0003:0015:}}Magnifique...{{TAG:0007:0000:28000000}} {{TAG:0003:0001:}}C'est encore mieux
que ce à quoi je m'attendais.","{{TAG:0003:0026:}}Mitico!{{TAG:0007:0000:28000000}} {{TAG:0003:0001:}}Sono troppo soddisfatto
della mia scelta!",{{TAG:0003:0021:}}Nicht schlecht!{{TAG:0007:0000:14000000}} Gar nicht schlecht!,{{TAG:0003:0015:}}Bu İNANILMAZ{{TAG:0007:0000:28000000}}!{{TAG:0003:0001:}} Tam istediğim gibi!
84,085,"{{TAG:0003:0026:}}Heh heh!{{TAG:0007:0000:14000000}} Brand-new stuff always
puts me in a good mood!","{{TAG:0003:0026:}}¡Je!{{TAG:0007:0000:14000000}} Estrenar cosas siempre
me pone de buen humor.","{{TAG:0003:0026:}}Hé hé !{{TAG:0007:0000:14000000}} Les choses neuves, ça me
met de bonne humeur. {{TAG:0003:0027:}}Super.","{{TAG:0003:0026:}}Ah,{{TAG:0007:0000:14000000}} il profumo delle cose nuove
è troppo buono!","{{TAG:0003:0023:}}Ah, der Geruch einer Neuerwerbung!","{{TAG:0003:0026:}}Heh heh!{{TAG:0007:0000:14000000}} Yepyeni şeyler insanın
keyfini yerine getiriyor!"
85,086,"{{TAG:0003:0021:}}How is it?{{TAG:0007:0000:1E000000}} Do I look good?!{{TAG:000F:0001:000000000000}}
You look great!
It's all right.
It looks pretty lame.","{{TAG:0003:0021:}}¿Qué tal?{{TAG:0007:0000:1E000000}} ¿Me queda bien?{{TAG:000F:0001:000000000000}}
¡Te sienta genial!
Está bien
Psé...","{{TAG:0003:0021:}}Alors ?{{TAG:0007:0000:1E000000}} De quoi j'ai l'air ?{{TAG:000F:0001:000000000000}}
Ça te va trop bien !
C'est pas mal.
C'est pas terrible.","{{TAG:0003:0021:}}Come mi sta?{{TAG:0007:0000:1E000000}} Sono un figurino?!{{TAG:000F:0001:000000000000}}
Stai benissimo!
Non è male.
Guarda... cambiati.","{{TAG:0003:0021:}}Na, {{TAG:0007:0000:08000000}}steht mir, oder?{{TAG:000F:0001:000000000000}}
Ja, siehst toll aus!
Na ja, geht so...
Absolut nicht!","{{TAG:0003:0021:}}Nasıl?{{TAG:0007:0000:1E000000}} Yakışmış mı?!{{TAG:000F:0001:000000000000}}
Çok yakışmış!
Fena değil.
Bayağı kötü."
86,087,"{{TAG:0003:0015:}}I know, right?!{{TAG:0007:0000:1E000000}} {{TAG:0003:0024:}}It's almost like this
was made just for me!","{{TAG:0003:0015:}}¿A que sí?{{TAG:0007:0000:1E000000}} {{TAG:0003:0024:}}¡Parece que hubieran
hecho esta prenda especialmente
para mí!","{{TAG:0003:0015:}}C'est ce que je me disais !{{TAG:0007:0000:1E000000}} {{TAG:0003:0024:}}Je crois
que ça a été fait pour moi.",{{TAG:0003:0015:}}Sono d'accordo!{{TAG:0007:0000:1E000000}} {{TAG:0003:0024:}}Mi sta a pennello!,"{{TAG:0003:0021:}}War eine rhetorische Frage.{{TAG:0007:0000:14000000}} An mir
sieht alles gut aus!{{TAG:0007:0000:14000000}} {{TAG:0003:0002:}}Bwa ha ha!{{TAG:0007:0000:1E000000}}{{TAG:0003:0001:}}","{{TAG:0003:0015:}}Biliyordum!{{TAG:0007:0000:1E000000}}{{TAG:0003:0024:}} Neredeyse benim için
yapılmış gibi!"
87,088,"{{TAG:0003:0025:}}I don't need those old clothes
anymore,{{TAG:0007:0000:14000000}} so you can just have them
if you'd like!{{TAG:0007:0000:28000000}}
{{TAG:0003:0024:}}It's {{TAG:000E:0002:}}{{TAG:0011:0003:0100}}!{{TAG:0007:0000:0F000000}}
And it's still warm too.{{TAG:0007:0000:14000000}}{{TAG:0003:0002:}} GAHAHA!{{TAG:0007:0000:1E000000}}{{TAG:0003:0001:}}","{{TAG:0003:0025:}}Pues ya no me voy a poner
lo que llevaba antes,{{TAG:0007:0000:0A000000}}
así que si lo quieres...{{TAG:0000:0004:}}{{TAG:0003:0024:}}Es {{TAG:000E:0002:}}{{TAG:0011:0003:0100}}.{{TAG:0007:0000:0F000000}}
Y huele a mí.{{TAG:0007:0000:0A000000}}{{TAG:0003:0002:}} ¡Ja, ja, ja!{{TAG:0007:0000:1E000000}}{{TAG:0003:0001:}}","{{TAG:0003:0025:}}J'ai plus besoin de cette vieillerie,{{TAG:0007:0000:14000000}}
tu peux l'avoir si tu veux.{{TAG:0000:0004:}}{{TAG:0003:0024:}}C'est {{TAG:000E:0002:}}{{TAG:0011:0003:0100}}.{{TAG:0007:0000:0F000000}}
Il est encore tout chaud.{{TAG:0007:0000:14000000}}
{{TAG:0003:0002:}}HA HA HA !{{TAG:0007:0000:1E000000}}{{TAG:0003:0001:}}","{{TAG:0003:0025:}}Ora che ho un nuovo look,{{TAG:0007:0000:14000000}} posso
sbarazzarmi di quello che avevo
indosso prima!{{TAG:0007:0000:28000000}}
{{TAG:0003:0024:}}Ho {{TAG:000E:0002:}}{{TAG:0011:0003:0100}}
a disposizione per te. Ti interessa?
{{TAG:0007:0000:0F000000}}Senti, è ancora cald{{TAG:000E:0008:01CD02006F000200610002003000}}.{{TAG:0007:0000:14000000}}{{TAG:0003:0002:}} AHAHAH!{{TAG:0007:0000:1E000000}}{{TAG:0003:0001:}}","{{TAG:0003:0023:}}Das alte Zeug brauch ich nicht
mehr, das kannst du haben!{{TAG:0000:0004:}}{{TAG:000E:0003:}}{{TAG:000E:0002:}}{{TAG:0011:0003:0100}}!{{TAG:0007:0000:0F000000}}
Sogar angewärmt!{{TAG:0007:0000:14000000}} {{TAG:0003:0002:}}Bwa ha ha!{{TAG:0007:0000:1E000000}}{{TAG:0003:0001:}}","{{TAG:0003:0025:}}Eski kıyafetlere ihtiyacım{{TAG:0007:0000:14000000}}
kalmadı, istersen sen al!{{TAG:0007:0000:28000000}}{{TAG:0003:0024:}} Bu {{TAG:000E:0002:}}{{TAG:0011:0003:0100}}!{{TAG:0007:0000:0F000000}}
Hem hâlâ sıcak.{{TAG:0007:0000:14000000}}{{TAG:0003:0002:}} GAHAHA!{{TAG:0007:0000:1E000000}}{{TAG:0003:0001:}}"
88,089,"{{TAG:0003:0001:}}Well, anyway,{{TAG:0007:0000:14000000}} thanks for coming all
this way to make the delivery!
{{TAG:0007:0000:14000000}}{{TAG:000E:0003:}}{{TAG:0005:0007:}}!","{{TAG:0003:0001:}}En fin,{{TAG:0007:0000:08000000}} muchas gracias por hacerte
cargo de la entrega,{{TAG:0007:0000:0C000000}} {{TAG:0005:0007:}}.","{{TAG:0003:0001:}}En tout cas,{{TAG:0007:0000:14000000}} merci d'avoir fait le
déplacement exprès, {{TAG:0007:0000:14000000}}{{TAG:0005:0007:}}.","{{TAG:0003:0001:}}Beh,{{TAG:0007:0000:14000000}} grazie per aver effettuato
la consegna! {{TAG:0007:0000:14000000}}{{TAG:000E:0003:}}{{TAG:0005:0007:}}!","{{TAG:0003:0023:}}Danke dann auch fürs Schleppen,
{{TAG:0007:0000:14000000}}{{TAG:0005:0007:}}!","{{TAG:0003:0001:}}Neyse, buraya{{TAG:0007:0000:14000000}} kadar gelip
teslimat yaptığın için sağ ol! {{TAG:0007:0000:14000000}}{{TAG:000E:0003:}}{{TAG:0005:0007:}}!"
89,090,{{TAG:0003:000F:}}What?{{TAG:0007:0000:1E000000}} Is that what you think?!,"{{TAG:0003:000F:}}¿Ya está?{{TAG:0007:0000:1E000000}} ¿Eso es todo lo que
tienes que decir?",{{TAG:0003:000F:}}Quoi ?{{TAG:0007:0000:1E000000}} C'est ce que tu penses ?!,{{TAG:0003:000F:}}Cheee?{{TAG:0007:0000:1E000000}} Dici sul serio?,{{TAG:0003:000F:}}Was?{{TAG:0007:0000:1E000000}} Meinst du das ernst?,{{TAG:0003:000F:}}Ne?{{TAG:0007:0000:1E000000}} Gerçekten böyle mi düşünüyorsun?!
90,091,{{TAG:0003:000F:}}Huh?{{TAG:0007:0000:14000000}} Are you SERIOUS?!,"{{TAG:0003:000F:}}¿Qué?{{TAG:0007:0000:14000000}} Estás de broma, ¿no?",{{TAG:0003:000F:}}Hein ?{{TAG:0007:0000:14000000}} T'es {{TAG:000E:0006:0E005300C9005200490045005500580010005300C900520049004500550053004500}} ?!,{{TAG:0003:000F:}}Cooosa?{{TAG:0007:0000:14000000}} Ma stai scherzando...?,"{{TAG:0003:000F:}}Was? {{TAG:0007:0000:14000000}}Das ist nur witzig, wenn ich
es sage!",{{TAG:0003:000F:}}Ha?{{TAG:0007:0000:14000000}} CİDDİ misin?!
91,092,".{{TAG:0007:0000:08000000}}.{{TAG:0007:0000:08000000}}.{{TAG:0007:0000:08000000}}{{TAG:0003:0009:}}You know,{{TAG:0007:0000:14000000}} that's fine!{{TAG:0007:0000:28000000}} {{TAG:0003:0006:}}You'll get
used to it as I keep wearing it.{{TAG:0007:0000:08000000}}
{{TAG:0003:0021:}}Eventually you'll come around!","Mira{{TAG:0007:0000:08000000}}.{{TAG:0007:0000:08000000}}.{{TAG:0007:0000:08000000}}.{{TAG:0007:0000:08000000}} {{TAG:0003:0009:}}No voy a discutir contigo.{{TAG:0007:0000:14000000}}
A mí me gusta.{{TAG:0007:0000:28000000}} {{TAG:0003:0006:}}Ya te acostumbrarás
o algo.{{TAG:0007:0000:08000000}} {{TAG:0003:0021:}}¡{{TAG:000E:0003:}}{{TAG:0005:0007:}}!",".{{TAG:0007:0000:08000000}}.{{TAG:0007:0000:08000000}}.{{TAG:0007:0000:08000000}} {{TAG:0003:0009:}}Tu sais,{{TAG:0007:0000:14000000}} c'est pas grave.{{TAG:0007:0000:28000000}} {{TAG:0003:0006:}}Tu vas
t'y habituer, à force de me voir
avec.{{TAG:0007:0000:08000000}} {{TAG:0003:0021:}}Et tu vas finir par adorer.",".{{TAG:0007:0000:08000000}}.{{TAG:0007:0000:08000000}}.{{TAG:0007:0000:08000000}}{{TAG:0003:0009:}} Sai cosa?{{TAG:0007:0000:14000000}} Io non mi cambio!{{TAG:0007:0000:28000000}}
{{TAG:0003:0006:}}Dovrai farci l'abitudine!","{{TAG:0003:0021:}}Tja, Pech für dich! {{TAG:0007:0000:14000000}}Du wirst dich
daran gewöhnen müssen!",".{{TAG:0007:0000:08000000}}.{{TAG:0007:0000:08000000}}{{TAG:0007:0000:08000000}}{{TAG:0003:0009:}}.Neyse,{{TAG:0007:0000:14000000}} sorun değil{{TAG:0007:0000:28000000}}{{TAG:0003:0006:}}! Ben
giydikçe gözün alışır.{{TAG:0007:0000:08000000}}{{TAG:0003:0021:}} Sonunda
sen de beğenirsin!"
92,093,"{{TAG:0003:0024:}}{{TAG:0007:0000:14000000}}Hmm. I suppose I really don't need
this {{TAG:0011:0003:0100}}
anymore,{{TAG:0007:0000:0F000000}} so you can have it!","{{TAG:0003:0024:}}{{TAG:0007:0000:14000000}}Por cierto,{{TAG:0007:0000:08000000}} no creo que me vuelva a
poner est{{TAG:000E:0012:100102006500020061000000}} {{TAG:0011:0003:0100}}
nunca más,{{TAG:0007:0000:08000000}} así que si l{{TAG:000E:0012:100102006F00020061000000}} quieres{{TAG:0007:0000:08000000}}.{{TAG:0007:0000:08000000}}.{{TAG:0007:0000:08000000}}.","{{TAG:0003:0024:}}{{TAG:0007:0000:14000000}}Hmm. J'ai plus vraiment besoin
d'{{TAG:000E:0002:}}{{TAG:0011:0003:0100}}{{TAG:0007:0000:0F000000}},
tu peux l'avoir.","{{TAG:0003:0024:}}{{TAG:0007:0000:14000000}}Ora non ho più bisogno di quest{{TAG:000E:0008:01CD02006F000200610002003000}}
{{TAG:0011:0003:0100}}.
Ecco,{{TAG:0007:0000:0F000000}} tieni!","{{TAG:0003:0023:}}Du brauchst wohl Nachhilfe in
Sachen Mode! {{TAG:0007:0000:14000000}}Nimm für den Anfang
{{TAG:000E:0008:01CD0C006D00650069006E0065006E000A006D00650069006E00650008006D00650069006E00}} {{TAG:0011:0003:0100}}.","{{TAG:0003:0024:}}{{TAG:0007:0000:14000000}}Hımm. Sanırım bu {{TAG:0011:0003:0100}} artık{{TAG:0007:0000:0F000000}}
gerçekten lazım değil. Sen al!"
93,094,"{{TAG:0003:0025:}}Anyway,{{TAG:0007:0000:1E000000}} thanks for coming all this
way to deliver it to me!{{TAG:0007:0000:14000000}}
{{TAG:000E:0003:}}{{TAG:0005:0007:}}!","{{TAG:0003:0025:}}Pues nada,{{TAG:0007:0000:0C000000}} muchas gracias
por buscarme y todo eso.{{TAG:0007:0000:14000000}}
¡{{TAG:000E:0003:}}{{TAG:0005:0007:}}!","{{TAG:0003:0025:}}Bref,{{TAG:0007:0000:1E000000}} merci d'être ven{{TAG:000E:0006:02007500040075006500}}.{{TAG:0007:0000:14000000}}
{{TAG:000E:0003:}}{{TAG:0005:0007:}} !","{{TAG:0003:0025:}}Senti,{{TAG:0007:0000:1E000000}} volevo dirti grazie
per avermi portato il pacco!{{TAG:0007:0000:14000000}}
{{TAG:000E:0003:}}{{TAG:0005:0007:}}!","{{TAG:0003:0023:}}Danke dann auch fürs Schleppen,
{{TAG:0007:0000:14000000}}{{TAG:0005:0007:}}!","{{TAG:0003:0025:}}Neyse,{{TAG:0007:0000:1E000000}} buraya kadar gelip bana
teslim ettiğin için sağ ol!{{TAG:0007:0000:14000000}} {{TAG:000E:0003:}}{{TAG:0005:0007:}}!"
94,095,"{{TAG:0003:0009:}}If you say so,{{TAG:0007:0000:14000000}} I guess I'd better stop
wearing it{{TAG:0007:0000:08000000}}.{{TAG:0007:0000:08000000}}.{{TAG:0007:0000:08000000}}.","{{TAG:0003:0009:}}Con ese entusiasmo,{{TAG:0007:0000:0C000000}} creo que será
mejor que me lo quite{{TAG:0007:0000:08000000}}.{{TAG:0007:0000:08000000}}.{{TAG:0007:0000:08000000}}.","{{TAG:0003:0009:}}Si tu le dis,{{TAG:0007:0000:14000000}} vaudrait mieux que
j'arrête de porter ce machin{{TAG:0007:0000:08000000}}.{{TAG:0007:0000:08000000}}.{{TAG:0007:0000:08000000}}. Je
me fais du mal, je crois.","{{TAG:0003:0009:}}Beh,{{TAG:0007:0000:14000000}} se mi dici così, mi sa che
mi cambio subito{{TAG:0007:0000:08000000}}.{{TAG:0007:0000:08000000}}.{{TAG:0007:0000:08000000}}.","{{TAG:0003:0013:}}Na, wenn du das sagst...","{{TAG:0003:0009:}}Madem öyle{{TAG:0007:0000:14000000}} diyorsun, sanırım
giymeyi bırakmalıyım{{TAG:0007:0000:08000000}}.{{TAG:0007:0000:08000000}}.{{TAG:0007:0000:08000000}}."
95,096,"{{TAG:0003:0024:}}I guess when I get clothes,{{TAG:0007:0000:14000000}} I should
always try them on first{{TAG:0007:0000:08000000}}.{{TAG:0007:0000:08000000}}.{{TAG:0007:0000:08000000}}.","{{TAG:0003:0024:}}Supongo que hacerse con ropa sin
probársela antes no es buena idea{{TAG:0007:0000:08000000}}.{{TAG:0007:0000:08000000}}.{{TAG:0007:0000:08000000}}.","{{TAG:0003:0024:}}C'est le problème avec les habits,{{TAG:0007:0000:14000000}}
sans essayer, on peut jamais être
sûr du résultat{{TAG:0007:0000:08000000}}.{{TAG:0007:0000:08000000}}.{{TAG:0007:0000:08000000}}.","{{TAG:0003:0024:}}La prossima volta dovrei provarmi
i vestiti che mi piacciono{{TAG:0007:0000:14000000}} prima
di procurarmeli{{TAG:0007:0000:08000000}}.{{TAG:0007:0000:08000000}}.{{TAG:0007:0000:08000000}}.","{{TAG:0003:0007:}}Ach ja?{{TAG:0007:0000:14000000}} Schön. {{TAG:0007:0000:14000000}}Dann zieh ich den
Krempel eben wieder aus!","{{TAG:0003:0024:}}Galiba kıyafet alırken{{TAG:0007:0000:14000000}} önce
mutlaka denemek gerek.{{TAG:0007:0000:08000000}}{{TAG:0007:0000:08000000}}.{{TAG:0007:0000:08000000}}."
96,097,"{{TAG:0003:0001:}}To be honest,{{TAG:0007:0000:08000000}} I feel like you would
look better in this,{{TAG:0007:0000:14000000}} so you can have
it.{{TAG:0007:0000:08000000}} I don't want it anymore!","{{TAG:0003:0001:}}La verdad es que me da
la impresión de que a ti
te quedaría mejor.{{TAG:0007:0000:14000000}}
Si lo quieres...","{{TAG:0003:0001:}}Je crois que ça t'irait mieux à toi
qu'à moi,{{TAG:0007:0000:14000000}} alors je te l'offre.{{TAG:0007:0000:08000000}} J'en
veux plus !","{{TAG:0003:0001:}}Guarda,{{TAG:0007:0000:08000000}} secondo me questa roba
sta meglio addosso a te.{{TAG:0007:0000:14000000}} Ecco, tieni!","{{TAG:0003:0006:}}Vielleicht siehst du damit besser
aus. {{TAG:0007:0000:14000000}}Oder auch nicht, {{TAG:0007:0000:08000000}}aber egal,{{TAG:0007:0000:08000000}}
ich will's jedenfalls nicht mehr!","{{TAG:0003:0001:}}Doğrusunu{{TAG:0007:0000:08000000}} söyleyeyim, bunun
sende daha iyi duracağını{{TAG:0007:0000:14000000}}
düşünüyorum. Al, senin{{TAG:0007:0000:08000000}}! Ben
istemiyorum artık!"
97,098,"{{TAG:0003:0009:}}Things didn't turn out so well,{{TAG:0007:0000:14000000}} but
{{TAG:0003:0001:}}thanks for making the delivery!","{{TAG:0003:0009:}}Pues esto ha salido regular,{{TAG:0007:0000:0C000000}}
{{TAG:0003:0001:}}pero no es culpa tuya.{{TAG:0007:0000:14000000}} Gracias
por traer el paquete.","{{TAG:0003:0009:}}Ça s'est pas très bien terminé tout
ça,{{TAG:0007:0000:14000000}} mais{{TAG:0003:0001:}} merci d'être ven{{TAG:000E:0006:02007500040075006500}}.","{{TAG:0003:0009:}}Beh, poteva andare meglio.{{TAG:0007:0000:14000000}}
{{TAG:0003:0001:}}Grazie comunque per la consegna!","{{TAG:0003:0023:}}Danke jedenfalls fürs Schleppen,
{{TAG:0007:0000:14000000}}{{TAG:0005:0007:}}!","{{TAG:0003:0009:}}İşler pek iyi gitmedi{{TAG:0007:0000:14000000}} ama{{TAG:0003:0001:}}
teslimat için sağ ol!"
98,099,"{{TAG:0003:0015:}}I ordered this the other day and
thought it was pretty tasty,{{TAG:0007:0000:1E000000}} {{TAG:0003:0023:}}so I
wanted you to try it as well!","{{TAG:0003:0015:}}El otro día pedí una cosa de estas
y me pareció deliciosa.{{TAG:0007:0000:1E000000}} {{TAG:0003:0023:}}¡Pedí otra
para que la probaras tú!","{{TAG:0003:0015:}}L'autre jour j'ai goûté ce truc,{{TAG:0007:0000:1E000000}} {{TAG:0003:0023:}}et
c'était délicieux... Je me suis dit que
tu aimerais goûter aussi.","{{TAG:0003:0015:}}Ho ordinato un po' di questa
roba l'altro giorno.{{TAG:0007:0000:1E000000}} {{TAG:0003:0023:}}Magari
piace anche a te!","{{TAG:0003:001C:}}Find ich ganz lecker, probier doch
mal!","{{TAG:0003:0015:}}Geçen gün bunu sipariş ettim,
bayağı lezzetliydi{{TAG:0007:0000:1E000000}}.{{TAG:0003:0023:}} Senin de
denemeni istedim!"
