entry,label,EN,ES,FR,IT,DE,TRANSLATION
0,001,"{{TAG:0002:0008:}}Hey!{{TAG:0007:0000:08000000}} Excuse me!{{TAG:0007:0000:1E000000}} I'm from the
Reset Surveillance Center,{{TAG:0007:0000:0F000000}} and I
need a few minutes of your time.
{{TAG:0003:0000:}}Here's the deal.{{TAG:0007:0000:08000000}} Last time you
played, {{TAG:0007:0000:0F000000}}{{TAG:0002:0002:}}you quit without savin'.{{TAG:0007:0000:08000000}}
{{TAG:0002:0008:}}How'd that happen?{{TAG:000F:0001:000000002800}}
I wanted to reset.
My batteries died.
I don't remember.","{{TAG:0002:0008:}}¡Oye!{{TAG:0007:0000:08000000}} ¡Perdona!{{TAG:0007:0000:1E000000}} Trabajo en el
Centro de Vigilancia de Reseteos{{TAG:0007:0000:0F000000}}
y me gustaría preguntarte algo.
{{TAG:0003:0000:}}Veamos...{{TAG:0007:0000:08000000}} La última vez que jugaste,{{TAG:0007:0000:0F000000}}
{{TAG:0002:0002:}}no guardaste la partida al terminar.{{TAG:0007:0000:08000000}}
{{TAG:0002:0008:}}¿Por qué razón ocurrió esto?{{TAG:000F:0001:000000002800}}
Quería resetear
Se acabó la batería
No me acuerdo...","{{TAG:0002:0008:}}Hé !{{TAG:0007:0000:08000000}} Youhou !{{TAG:0007:0000:1E000000}} Je suis Resetti, du
centre de surveillance Resetti,{{TAG:0007:0000:0F000000}} et
j'aurais besoin de ton attention.
{{TAG:0003:0000:}}Dis-moi,{{TAG:0007:0000:08000000}} tu n'aurais pas quitté sans
sauvegarder, {{TAG:0007:0000:0F000000}}{{TAG:0002:0002:}}la dernière fois que tu
{{TAG:0002:0008:}}as joué ? Un problème ?{{TAG:000F:0001:000000002800}}
Je voulais réinitialiser.
Ma batterie est morte.
Je sais plus.","{{TAG:0002:0008:}}Ehi!{{TAG:0007:0000:08000000}} Scusa, dico a te!{{TAG:0007:0000:1E000000}} Sono
del Centro Sorveglianza Resetti.{{TAG:0007:0000:0F000000}}
Dobbiamo fare due chiacchiere.
{{TAG:0003:0000:}}Senti un po',{{TAG:0007:0000:08000000}} l'ultima volta che hai
giocato, {{TAG:0007:0000:0F000000}}{{TAG:0002:0002:}}hai spento senza salvare!{{TAG:0007:0000:08000000}}
{{TAG:0002:0008:}}Mi spieghi cos'è successo?{{TAG:000F:0001:000000002800}}
Volevo resettare.
È finita la batteria.
Non me lo ricordo.","{{TAG:0002:0008:}}Huhu!{{TAG:0007:0000:08000000}} 'tschuldigung!{{TAG:0007:0000:1E000000}} Ich bin vom
Büro für Unerlaubtes Ausschalten
und müsste was mit dir bereden.
{{TAG:0003:0000:}}Also,{{TAG:0007:0000:08000000}} bei deinem letzten Spiel{{TAG:0007:0000:0F000000}} {{TAG:0002:0002:}}hast
du aufgehört, ohne zu speichern!{{TAG:0007:0000:08000000}}
{{TAG:0002:0008:}}Wie ist denn das passiert?{{TAG:000F:0001:000000002800}}
Neuanfang war fällig!
Batterie war leer!
Weiß nicht mehr...","{{TAG:0002:0008:}}Hey!{{TAG:0007:0000:08000000}} Affedersin!{{TAG:0007:0000:1E000000}} Reset Gözetim
Merkezi'nden geliyorum,{{TAG:0007:0000:0F000000}} birkaç
dakikanı almam lazım.{{TAG:0003:0000:}}Mesele şu.{{TAG:0007:0000:08000000}} Son
oynayışında {{TAG:0007:0000:0F000000}}{{TAG:0002:0002:}}kaydetmeden çıkmışsın.{{TAG:0007:0000:08000000}}{{TAG:0002:0008:}}Nasıl oldu?{{TAG:000F:0001:000000002800}}
Sıfırlamak istedim.
Pilim bitti.
Hatırlamıyorum."
1,002,"OK, I got it.{{TAG:0007:0000:0F000000}} {{TAG:0002:0005:}}Yeah,{{TAG:0007:0000:04000000}} I figured
that might be the case.{{TAG:0007:0000:08000000}}{{TAG:0002:0008:}}{{TAG:0000:0004:}}{{TAG:0003:0000:}}Know what gave it away?{{TAG:0007:0000:0C000000}}
Your face, that's what.{{TAG:0000:0004:}}{{TAG:0003:0000:}}I've been at this job for years, kid,{{TAG:0007:0000:0F000000}}
{{TAG:0002:0002:}}and I can see right through ya!","Entiendo...{{TAG:0007:0000:0F000000}} {{TAG:0002:0005:}}Sí,{{TAG:0007:0000:04000000}} ya me imaginaba
que podría ser por eso.{{TAG:0007:0000:08000000}}{{TAG:0002:0008:}}{{TAG:0000:0004:}}{{TAG:0003:0000:}}¿Sabes cómo lo he adivinado?{{TAG:0007:0000:0C000000}}
Porque solo hay que verte la cara.{{TAG:0000:0004:}}{{TAG:0003:0000:}}Llevo muchos años en este trabajo,
jovencit{{TAG:000E:0006:02006F0002006100}}.{{TAG:0007:0000:0F000000}}{{TAG:0002:0002:}} ¡No se me escapan esos
detalles así como así!","OK, pigé.{{TAG:0007:0000:0F000000}} {{TAG:0002:0005:}}Je me disais bien
que ça devait être ça.{{TAG:0007:0000:08000000}}{{TAG:0002:0008:}}{{TAG:0000:0004:}}{{TAG:0003:0000:}}Et tu sais comment je le sais ?{{TAG:0007:0000:0C000000}}
C'est ton expression de culpabilité
qui t'a trahi{{TAG:000E:0006:000002006500}}.{{TAG:0000:0004:}}{{TAG:0003:0000:}}C'est pas à une vieille taupe qu'on{{TAG:0007:0000:0F000000}}
{{TAG:0002:0002:}}apprend à faire des grimaces,
petit{{TAG:000E:0006:0E00200066007200690070006F006E0014006500200066007200690070006F006E006E006500}} !","OK, ho capito.{{TAG:0007:0000:0F000000}} {{TAG:0002:0005:}}Sì,{{TAG:0007:0000:04000000}} immaginavo
fosse successo qualcosa del genere.{{TAG:0007:0000:08000000}}{{TAG:0002:0008:}}{{TAG:0000:0004:}}{{TAG:0003:0000:}}Sai da cosa l'ho capito?{{TAG:0007:0000:0C000000}}
Dalla tua espressione.{{TAG:0000:0004:}}{{TAG:0003:0000:}}Ragazz{{TAG:000E:0006:02006F0002006100}}, devi sapere che faccio
questo mestiere da anni ormai{{TAG:0007:0000:0F000000}}
{{TAG:0002:0002:}}e a me non la si fa!","Alles klar.{{TAG:0007:0000:0F000000}} {{TAG:0002:0005:}}Hab mir so was schon
gedacht.{{TAG:0007:0000:08000000}}{{TAG:0002:0008:}}{{TAG:0000:0004:}}{{TAG:0003:0000:}}Willste wissen, woran ich das
gemerkt hab?{{TAG:0007:0000:0C000000}} An deinem Gesicht.{{TAG:0000:0004:}}{{TAG:0003:0000:}}Ich mach diesen Job schon 'ne
Weile,{{TAG:0007:0000:0F000000}} {{TAG:0002:0002:}}ich durchschau dich!","Tamam, anladım.{{TAG:0007:0000:0F000000}}{{TAG:0002:0005:}}Evet,{{TAG:0007:0000:04000000}} ben de öyle
olabileceğini düşündüm.{{TAG:0007:0000:08000000}}{{TAG:0002:0008:}}{{TAG:0000:0004:}}{{TAG:0003:0000:}}Nereden
mi anladım?{{TAG:0007:0000:0C000000}} Suratından.{{TAG:0000:0004:}}{{TAG:0003:0000:}}Yıllardır bu
işi yapıyorum evlat,{{TAG:0007:0000:0F000000}}{{TAG:0002:0002:}}seni şıp diye çözerim!"
2,003,"{{TAG:0002:0008:}}Before ya start with the questions,{{TAG:0007:0000:08000000}}
lemme explain a few things to ya.{{TAG:0000:0004:}}{{TAG:0003:0000:}}Somebody resets and lights start
flashin' all over the Reset Center.{{TAG:0007:0000:0F000000}}
{{TAG:0002:0002:}}We always know. ALWAYS!
{{TAG:0002:0005:}}The system works, pal.{{TAG:0007:0000:04000000}} Trust me.{{TAG:0007:0000:08000000}}
{{TAG:0002:0002:}}And there ain't no reason for you
to be testin' it!","{{TAG:0002:0008:}}Me imagino que tendrás muchas
preguntas,{{TAG:0007:0000:08000000}} así que te explicaré
algo para ir adelantando.{{TAG:0000:0004:}}{{TAG:0003:0000:}}Cuando alguien resetea, en nuestro
centro se encienden de inmediato
todas las alarmas.{{TAG:0007:0000:0F000000}}
{{TAG:0002:0002:}}Siempre nos enteramos. ¡Siempre!
{{TAG:0002:0005:}}Nuestro sistema es infalible.{{TAG:0007:0000:04000000}} ¿Está
claro?{{TAG:0007:0000:08000000}} {{TAG:0002:0002:}}¡No nos pongas a prueba!","{{TAG:0002:0008:}}Avant que tu n'essayes de te
justifier,{{TAG:0007:0000:08000000}} laisse-moi t'expliquer un
peu ma vie.{{TAG:0000:0004:}}{{TAG:0003:0000:}}Quand un petit malin réinitialise,
l'alarme se déclenche chez moi.{{TAG:0007:0000:0F000000}}
{{TAG:0002:0002:}}IMPOSSIBLE d'y échapper !
{{TAG:0002:0005:}}Le système est infaillible.{{TAG:0007:0000:04000000}} Crois-moi.{{TAG:0007:0000:08000000}}
{{TAG:0002:0002:}}Alors tiens-toi à carreau !","{{TAG:0002:0008:}}Prima che tu cominci con
le tue domande,{{TAG:0007:0000:08000000}} lascia che
ti spieghi un paio di cosette.{{TAG:0000:0004:}}{{TAG:0003:0000:}}Quando qualcuno resetta, al Centro
Sorveglianza Resetti partono mille
sirene.{{TAG:0007:0000:0F000000}} {{TAG:0002:0002:}}Lo veniamo subito a sapere!
{{TAG:0002:0005:}}Ti assicuro che non è possibile
farla franca, ragazz{{TAG:000E:0006:02006F0002006100}}.{{TAG:0007:0000:04000000}} Fidati.{{TAG:0007:0000:08000000}}
{{TAG:0002:0002:}}Non provarci nemmeno!","{{TAG:0002:0008:}}Bevor du mir Löcher in den Bauch
fragst, erklär ich dir, wie's läuft.{{TAG:0000:0004:}}{{TAG:0003:0000:}}Wenn jemand das Spiel beendet,
ohne zu speichern, {{TAG:0007:0000:08000000}}dann geht bei
uns im BUA ein Alarm los.{{TAG:0007:0000:0F000000}}
{{TAG:0002:0002:}}Wir wissen immer Bescheid! {{TAG:0007:0000:14000000}}IMMER!{{TAG:0007:0000:14000000}}
{{TAG:0002:0005:}}Is' so.{{TAG:0007:0000:14000000}} Kannste mir glauben.{{TAG:0000:0004:}}{{TAG:0002:0002:}}Gibt also keinen Grund, uns auf die
Probe zu stellen!","{{TAG:0002:0008:}}Sorulara başlamadan önce{{TAG:0007:0000:08000000}} birkaç
şeyi açıklayayım.{{TAG:0000:0004:}}{{TAG:0003:0000:}}Biri sıfırlayınca
Reset Merkezi'nde ışıklar çatır çatır
yanar.{{TAG:0007:0000:0F000000}}
{{TAG:0002:0002:}}Biz hep biliriz. HEP!{{TAG:0002:0005:}}Sistem
çalışıyor, dostum.{{TAG:0007:0000:04000000}} İnan bana.{{TAG:0007:0000:08000000}}{{TAG:0002:0002:}}Senin de
sistemi denemene hiç gerek yok!"
3,004,"{{TAG:0003:0000:}}Just stop with the resettin' already.{{TAG:0007:0000:28000000}}
When you're done playin' your game,{{TAG:0007:0000:0F000000}}
{{TAG:0002:0002:}}make sure you {{TAG:0000:0003:0200}}save{{TAG:0000:0003:FFFF}} and THEN quit!
{{TAG:0002:0002:}}You got it?{{TAG:0007:0000:1E000000}} Is this all clear?","{{TAG:0003:0000:}}¡Ya está bien de resetear por las
buenas!{{TAG:0007:0000:28000000}} Cuando termines de jugar,{{TAG:0007:0000:0F000000}}
{{TAG:0002:0002:}}asegúrate de {{TAG:0000:0003:0200}}guardar{{TAG:0000:0003:FFFF}} tu progreso.
{{TAG:0002:0002:}}¿Me oyes?{{TAG:0007:0000:1E000000}} ¿Entiendes lo que digo?","{{TAG:0003:0000:}}Si tu veux qu'on soit amis, tu vas
arrêter de réinitialiser, d'accord ?{{TAG:0000:0004:}}{{TAG:0007:0000:28000000}}Quand tu termines une partie,{{TAG:0007:0000:0F000000}} sois
sympa et {{TAG:0002:0002:}}{{TAG:0000:0003:0200}}SAUVEGARDE{{TAG:0000:0003:FFFF}} avant de
quitter !
{{TAG:0002:0002:}}Tu as bien enregistré ?
{{TAG:0007:0000:1E000000}}Attention, y'aura une interro !","{{TAG:0003:0000:}}Quindi, non resettare mai più.{{TAG:0007:0000:28000000}}
Quando finisci di giocare,{{TAG:0007:0000:0F000000}} {{TAG:0002:0002:}}vedi
di {{TAG:0000:0003:0200}}salvare{{TAG:0000:0003:FFFF}} prima di spegnere!
{{TAG:0002:0002:}}Mi sono spiegato?{{TAG:0007:0000:1E000000}}
Hai capito la lezione?","{{TAG:0003:0000:}}Also hör auf, das Speichern zu
„vergessen“.{{TAG:0007:0000:28000000}} Wenn du fertig bist,{{TAG:0007:0000:0F000000}}
{{TAG:0002:0002:}}{{TAG:0000:0003:0200}}speichere{{TAG:0000:0003:FFFF}} ab und hör dann erst auf!
{{TAG:0002:0002:}}Capisci?{{TAG:0007:0000:1E000000}} Hast du das in deinem
Kopf abgespeichert?","{{TAG:0003:0000:}}Şu sıfırlama işini artık bırak.{{TAG:0007:0000:28000000}}
Oyunun bitince{{TAG:0007:0000:0F000000}}{{TAG:0002:0002:}}önce mutlaka{{TAG:0000:0003:0200}}kaydet{{TAG:0000:0003:FFFF}}, SONRA çık!
{{TAG:0002:0002:}}Anladın mı?{{TAG:0007:0000:1E000000}} Gayet açık mı?"
4,005,"{{TAG:0002:0008:}}Oh, yeah, {{TAG:0007:0000:08000000}}one last thing...{{TAG:0000:0004:}}{{TAG:0003:0000:}}People don't drink ""expresso.""{{TAG:0007:0000:0F000000}} It's
""espresso.""{{TAG:0007:0001:}} {{TAG:0002:0002:}}{{TAG:000D:0000:00CD}}""Expresso"" ain't even a
thing! {{TAG:0007:0000:04000000}}Don't ya forget it!

{{TAG:0003:0000:}}     {{TAG:000D:0009:}}{{TAG:0000:0002:C800}}NOW SCRAM!{{TAG:0000:0002:6400}}{{TAG:000D:000A:}}{{TAG:0007:0009:1E000000}}","{{TAG:0002:0008:}}Ah, sí...{{TAG:0007:0000:08000000}} Una cosa más...{{TAG:0000:0004:}}{{TAG:0003:0000:}}No se dice ""me se olvidó"".{{TAG:0007:0000:0F000000}}
Lo correcto es ""se me olvidó"".{{TAG:0007:0001:}}
{{TAG:0002:0002:}}{{TAG:000D:0000:00CD}}¡Procura no olvidarlo!{{TAG:0000:0004:}}{{TAG:0003:0000:}}             {{TAG:000D:0009:}}{{TAG:0000:0002:C800}}¡Lárgate!{{TAG:0000:0002:6400}}{{TAG:000D:000A:}}{{TAG:0007:0009:1E000000}}","{{TAG:0002:0008:}}Ah, {{TAG:0007:0000:08000000}}encore une chose...{{TAG:0000:0004:}}{{TAG:0003:0000:}}Personne ne boit d'« expresso ».{{TAG:0007:0000:0F000000}}
La prononciation correcte, c'est
« espresso ».{{TAG:0007:0001:}}{{TAG:0002:0002:}}{{TAG:000D:0000:00CD}} Tâche de pas oublier !

{{TAG:0003:0000:}}{{TAG:000D:0009:}}{{TAG:0000:0002:C800}}ALLEZ, FILE !{{TAG:0000:0002:6400}}{{TAG:000D:000A:}}{{TAG:0007:0009:1E000000}}","{{TAG:0002:0008:}}Ah, dimenticavo, scusa... {{TAG:0007:0000:08000000}}
Un'ultima cosa...{{TAG:0000:0004:}}{{TAG:0003:0000:}}Non sopporto quando la gente dice
""un attimino"".{{TAG:0007:0000:0F000000}} Se è un tempo breve,
è un ""attimo"", capito?{{TAG:0000:0004:}}{{TAG:0002:0002:}}{{TAG:000D:0000:00CD}}""Attimino"" non è nemmeno sul
vocabolario! {{TAG:0007:0000:04000000}}Quindi non lo dire mai!{{TAG:0000:0004:}}
{{TAG:0003:0000:}} {{TAG:000D:0009:}}{{TAG:0000:0002:C800}}ORA PUSSA VIA!{{TAG:0000:0002:6400}}{{TAG:000D:000A:}}{{TAG:0007:0009:1E000000}}","{{TAG:0002:0008:}}Ach ja, eine Sache noch...{{TAG:0000:0004:}}{{TAG:0003:0000:}}Man trinkt keinen „Expresso“,{{TAG:0007:0000:0F000000}}
sondern „Espresso“. Also mit „S“,
wie in „Speichern“!
{{TAG:0002:0002:}}{{TAG:000D:0000:00CD}}Es macht mich irre, wenn Leute das
falsch sagen!{{TAG:0000:0004:}}
{{TAG:0003:0000:}}  {{TAG:000D:0009:}}{{TAG:0000:0002:C800}}Jetzt zieh Leine!{{TAG:0000:0002:6400}}{{TAG:000D:000A:}}{{TAG:0007:0009:1E000000}}","{{TAG:0002:0008:}}Ha,{{TAG:0007:0000:08000000}}son bir şey...{{TAG:0000:0004:}}{{TAG:0003:0000:}}""Yanlız""
yazılmaz.{{TAG:0007:0000:0F000000}}
Doğrusu ""yalnız"".{{TAG:0007:0001:}}{{TAG:0002:0002:}}{{TAG:000D:0000:00CD}}""Yanlız"" diye
bir şey
yok!{{TAG:0007:0000:04000000}}Aklına kazı!

{{TAG:0003:0000:}}{{TAG:000D:0009:}}{{TAG:0000:0002:C800}}ŞİMDİ TÜY!{{TAG:0000:0002:6400}}{{TAG:000D:000A:}}{{TAG:0007:0009:1E000000}}"
5,006,,,,,,
6,007,,,,,,
7,008,,,,,,
8,009,,,,,,
9,010,,,,,,
10,011,Hey! Excuse me!,¡Oye! ¡Alto ahí!,Hey ! Youhou !,Ehi tu! Dico a te!,Hey! {{TAG:0007:0000:14000000}}'tschuldigung!,Hey! Affedersin!
11,012,"{{TAG:0002:0008:}}I'm from the, uh, {{TAG:0007:0000:0F000000}}Reset Surveillance
Center. {{TAG:0007:0000:08000000}}{{TAG:0003:0000:}}Name's Resetti.{{TAG:0000:0004:}}You can call me {{TAG:0002:0008:}}{{TAG:0000:0003:0400}}Mr. Resetti{{TAG:0000:0003:FFFF}}. {{TAG:0007:0000:08000000}}
'Cause that's my name.{{TAG:0007:0000:14000000}} Not my full
name, but you ain't my ma, so...
{{TAG:0002:0005:}}Anyway,{{TAG:0007:0000:04000000}} nice to meetcha.","{{TAG:0002:0008:}}Me llamo {{TAG:0000:0003:0400}}Rese T. Ado{{TAG:0000:0003:FFFF}}{{TAG:0007:0000:0F000000}} y trabajo en
el Centro de Vigilancia de Reseteos.{{TAG:0000:0004:}}{{TAG:0003:0000:}}También hay quien me llama
{{TAG:0000:0003:0400}}Rese T.{{TAG:0000:0003:FFFF}}{{TAG:0007:0000:08000000}} {{TAG:0002:0008:}}cuando hay confianza...{{TAG:0000:0004:}}{{TAG:0002:0005:}}Encantado de conocerte,{{TAG:0007:0000:04000000}} jovencit{{TAG:000E:0006:02006F0002006100}}.","{{TAG:0002:0008:}}Je suis Resetti,{{TAG:0007:0000:14000000}} {{TAG:0000:0003:0400}}M. Resetti{{TAG:0000:0003:FFFF}}{{TAG:0007:0000:0F000000}}. Je ne te
donne pas mon prénom, {{TAG:0007:0000:08000000}}{{TAG:0003:0000:}}on n'a pas
gardé les cochons ensemble.
Je suis responsable du{{TAG:0002:0008:}} centre de
surveillance Resetti. {{TAG:0007:0000:08000000}}C'est logique,{{TAG:0007:0000:14000000}}
tu vas me dire...
{{TAG:0002:0005:}}Enfin,{{TAG:0007:0000:04000000}} je suis enchanté de faire ta
connaissance.","{{TAG:0002:0008:}}Io sono del {{TAG:0007:0000:0F000000}}Centro Sorveglianza
Resetti. {{TAG:0007:0000:08000000}}{{TAG:0003:0000:}}Resetti è il mio nome.{{TAG:0000:0004:}}Tu puoi chiamarmi {{TAG:0002:0008:}}{{TAG:0000:0003:0400}}signor Resetti{{TAG:0000:0003:FFFF}}. {{TAG:0007:0000:08000000}}
Suona bene, no?{{TAG:0007:0000:14000000}} Sì, direi che
puoi chiamarmi così.
{{TAG:0002:0005:}}Comunque,{{TAG:0007:0000:04000000}} ora basta
con le presentazioni.","{{TAG:0002:0008:}}Ich bin vom Büro für Unerlaubtes
Ausschalten. {{TAG:0007:0000:14000000}}{{TAG:0003:0000:}}Resetti der Name.{{TAG:0000:0004:}}Aber du darfst mich {{TAG:0002:0008:}}{{TAG:0000:0003:0400}}Signor Resetti{{TAG:0000:0003:FFFF}}
nennen.{{TAG:0000:0004:}}{{TAG:0002:0005:}}Na ja,{{TAG:0007:0000:08000000}} jedenfalls nett, dich mal
kennenzulernen.","{{TAG:0002:0008:}}Ben şey,{{TAG:0007:0000:0F000000}}Reset Gözetim Merkezi'ndenim.
{{TAG:0007:0000:08000000}}{{TAG:0003:0000:}}Adım Resetti.{{TAG:0000:0004:}} Bana{{TAG:0002:0008:}}{{TAG:0000:0003:0400}}Bay Resetti{{TAG:0000:0003:FFFF}}
diyebilirsin.{{TAG:0007:0000:08000000}}Çünkü adım o.{{TAG:0007:0000:14000000}} Tam
adım değil ama sen de annem değilsin, yani...
{{TAG:0002:0005:}}Neyse,{{TAG:0007:0000:04000000}} tanıştığımıza memnun oldum."
12,013,"{{TAG:0002:0008:}}By the way,{{TAG:0007:0000:0F000000}} last time ya played,
{{TAG:0007:0000:08000000}}maybe ya forgot to save before
ya quit?","{{TAG:0002:0008:}}A propósito...{{TAG:0007:0000:0F000000}} ¿Por casualidad,
cuando jugaste por última vez,{{TAG:0007:0000:08000000}}
olvidaste guardar la partida?","{{TAG:0002:0008:}}Dis-moi,{{TAG:0007:0000:0F000000}} tu n'aurais pas quitté {{TAG:0007:0000:08000000}}sans
sauvegarder la dernière fois que tu
as joué, par hasard ?","{{TAG:0002:0008:}}Senti,{{TAG:0007:0000:0F000000}} l'ultima volta che hai giocato,{{TAG:0007:0000:08000000}}
non è che per caso hai dimenticato
di salvare prima di spegnere?","{{TAG:0002:0008:}}Übrigens, {{TAG:0007:0000:08000000}}kann's sein, dass du bei
deinem letzten Spiel vergessen hast,
vor dem Beenden zu speichern?","{{TAG:0002:0008:}}Bu arada,{{TAG:0007:0000:0F000000}} son oynayışında{{TAG:0007:0000:08000000}}
çıkmadan önce kaydetmeyi unutmuş olabilir misin?"
13,014,"{{TAG:0002:0008:}}Now I know when things don't go
the way you want 'em to,{{TAG:0007:0000:08000000}} you can
reset and try your luck again.
{{TAG:0002:0002:}}Yeah, I guess that's one way to
play{{TAG:0007:0000:08000000}}.{{TAG:0007:0000:08000000}}.{{TAG:0007:0000:08000000}}.{{TAG:0000:0004:}}{{TAG:0003:0000:}}But {{TAG:0007:0000:04000000}}takin' what life gives ya
and rollin' with the punches?{{TAG:0007:0000:08000000}}
{{TAG:0002:0005:}}That's a better ride in my book.
{{TAG:0002:0008:}}That's how this mole suggests you
play the game. My suggestion.","{{TAG:0002:0008:}}Eso que hacen algunos listillos de
resetear el juego{{TAG:0007:0000:08000000}} para repetir alguna
parte que no les había salido bien...
{{TAG:0002:0002:}}Puedes pensar que es una forma
de jugar como otra cualquiera{{TAG:0007:0000:08000000}}.{{TAG:0007:0000:08000000}}.{{TAG:0007:0000:08000000}}.{{TAG:0000:0004:}}{{TAG:0003:0000:}}A mí, desde luego,{{TAG:0007:0000:04000000}} me parece más
limpio y bonito aceptar los errores{{TAG:0007:0000:08000000}}
{{TAG:0002:0005:}}y pelear por seguir avanzando.
{{TAG:0002:0008:}}Ese es el consejo que este viejo
topo le da a todo el mundo. Juego
limpio ante todo.","{{TAG:0002:0008:}}Tu sais, parfois quand on joue, tout
ne se passe pas comme on veut...{{TAG:0000:0004:}}{{TAG:0007:0000:08000000}}... et certains polissons profitent de
pouvoir réinitialiser pour retenter
leur chance.
{{TAG:0002:0002:}}Ouais, on peut dire que c'est une
manière comme une autre de jouer{{TAG:0007:0000:08000000}}.{{TAG:0007:0000:08000000}}.{{TAG:0007:0000:08000000}}.{{TAG:0000:0004:}}{{TAG:0003:0000:}}Mais moi, {{TAG:0007:0000:04000000}}je dis que dans la vie, il
faut savoir encaisser les coups et
faire avec ce qu'on a ! Pas vrai ?{{TAG:0007:0000:08000000}}
{{TAG:0002:0005:}}ÇA, c'est la vraie vie. {{TAG:0002:0008:}}Et en tant que
taupe officielle de ce jeu, je te
conseille de m'écouter.","{{TAG:0002:0008:}}Guarda, lo so anch'io che quando
le cose non vanno come vuoi, {{TAG:0007:0000:08000000}}viene
voglia di resettare e riprovarci.
{{TAG:0002:0002:}}Ma quello non è il modo giusto
di giocare!{{TAG:0000:0004:}}{{TAG:0003:0000:}}Bisogna {{TAG:0007:0000:04000000}}prendersi la responsabilità
delle proprie azioni e andare avanti
con quello che la vita ti porta!
{{TAG:0002:0005:}}Così sì che si gioca veramente!
{{TAG:0002:0008:}}Non sei d'accordo? Io ti consiglio
di giocare in questo modo, ecco.","{{TAG:0002:0008:}}Schon klar,{{TAG:0007:0000:08000000}} wenn mal was nicht gut
läuft, macht man das Spiel einfach
aus und probiert's eben noch mal.
{{TAG:0002:0002:}}So kann man's natürlich machen...{{TAG:0000:0004:}}{{TAG:0003:0000:}}Aber warum nicht das Auf und Ab
des Lebens hinnehmen und ihm
ins Gesicht lachen?
{{TAG:0002:0005:}}Damit fährt man langfristig besser,
würd ich mal sagen.{{TAG:0000:0004:}}{{TAG:0002:0008:}}Das ist jedenfalls, wie ich die Sache
handhaben würde.","{{TAG:0002:0008:}}İşler istediğin gibi gitmeyince{{TAG:0007:0000:08000000}}
sıfırlayıp şansını yeniden
deneyebilirsin, biliyorum.{{TAG:0002:0002:}}Evet, o da bir oyun
tarzı{{TAG:0007:0000:08000000}}.{{TAG:0007:0000:08000000}}.{{TAG:0007:0000:08000000}}.{{TAG:0000:0004:}}{{TAG:0003:0000:}}
Ama{{TAG:0007:0000:04000000}}hayat ne verirse onu alıp
devam etmek?{{TAG:0007:0000:08000000}}
{{TAG:0002:0005:}}Bence yolculuk öyle daha güzel.{{TAG:0002:0008:}}
Bu köstebek
oyunu böyle oynamanı öneriyor.
Önerim bu."
14,015,"What I'm tellin' ya is the mayor of
this burg set up the Reset Center
for a reason.
{{TAG:0002:0008:}}Resettin's frowned upon here in
{{TAG:0005:0005:}}, and it's my job to see
people follow the rules. Got it?
When you're finished playin',{{TAG:0007:0000:0F000000}}
{{TAG:0002:0002:}}ya gotta {{TAG:0000:0003:0200}}save{{TAG:0000:0003:FFFF}}!{{TAG:0007:0000:1E000000}} We clear here?
I hope so! Don't need no stress!","Por algo la alcaldía decidió 
que hacía falta un Centro de
Vigilancia en el pueblo,{{TAG:0007:0000:0F000000}} digo yo...
{{TAG:0002:0008:}}Resetear no está bien visto aquí en
{{TAG:000E:0003:}}{{TAG:0005:0005:}}. Y yo me encargo de
que se sigan las reglas. ¿Entiendes?
¡Cuando quieras dejar de jugar,{{TAG:0007:0000:0F000000}} {{TAG:0002:0002:}}has
de {{TAG:0000:0003:0200}}guardar{{TAG:0000:0003:FFFF}} la partida!{{TAG:0007:0000:1E000000}} ¿Estamos?
Más te vale. ¡No quiero problemas!","Ce que je te dis, c'est que le centre
de surveillance Resetti n'a pas été
créé pour les chiens... {{TAG:0007:0000:14000000}}Hm, si, aussi.
{{TAG:0002:0008:}}On n'aime pas trop les petits
réinitialisateurs à {{TAG:0005:0005:}}... et
moi, je dois faire mon boulot !
Alors c'est simple, avant de quitter
le jeu,{{TAG:0007:0000:0F000000}} {{TAG:0002:0002:}}on {{TAG:0000:0003:0200}}sauvegarde {{TAG:0000:0003:FFFF}}!{{TAG:0007:0000:1E000000}} Pigé ?
Y'a intérêt ! Me fais pas enrager !","Voglio dire, c'è una ragione
per cui il sindaco ha fondato
il Centro Sorveglianza Resetti, no?
{{TAG:0002:0008:}}Qui {{TAG:000E:0010:}} {{TAG:0005:0005:}} non ci piace
chi resetta senza salvare.{{TAG:0000:0004:}}Il mio lavoro consiste nel far sì
che la gente segua le regole, capito?{{TAG:0000:0004:}}Quando finisci di giocare,{{TAG:0007:0000:0F000000}}
{{TAG:0002:0002:}}devi {{TAG:0000:0003:0200}}salvare{{TAG:0000:0003:FFFF}},{{TAG:0007:0000:1E000000}} intesi? Spero di
essere stato abbastanza chiaro.","Es gibt 'nen guten Grund, dass
unsere Bürgermeisterlichkeit das
BUA eingerichtet hat.
{{TAG:0002:0008:}}Hier in {{TAG:0005:0005:}} mögen wir's
nicht, wenn Leute nicht speichern.{{TAG:0007:0000:14000000}}
Ich klopf ihnen dann auf die Finger.
Bevor du mit dem Spielen aufhörst,{{TAG:0007:0000:0F000000}}
{{TAG:0002:0002:}}musst du {{TAG:0000:0003:0200}}speichern{{TAG:0000:0003:FFFF}}!{{TAG:0007:0000:1E000000}} Alles klar?{{TAG:0007:0000:14000000}}
Dann gibt's für niemanden Stress!","Demek istediğim şu: Bu kasabanın
başkanı Reset Merkezi'ni boşuna kurmadı.
{{TAG:0002:0008:}}{{TAG:0005:0005:}}'da sıfırlamaya hoş bakılmaz ve
kurallara uyulmasını sağlamak benim işim.
Anladın mı?
Oyun bittiğinde{{TAG:0007:0000:0F000000}}{{TAG:0002:0002:}}mutlaka{{TAG:0000:0003:0200}}kaydet{{TAG:0000:0003:FFFF}}!{{TAG:0007:0000:1E000000}}
Anlaştık mı? İnşallah. Bana
stres lazım değil!"
15,016,"{{TAG:0002:0008:}}Oh, yeah, {{TAG:0007:0000:08000000}}one last thing...{{TAG:0000:0004:}}{{TAG:0003:0000:}}It ain't ""bob wire.""{{TAG:0007:0000:0F000000}} It's ""barbed wire.""
{{TAG:0007:0000:08000000}}It's got barbs.{{TAG:0007:0001:}} {{TAG:0002:0002:}}{{TAG:000D:0000:00CD}}It ain't got bobs!
NO BOBS!

{{TAG:0003:0000:}}     {{TAG:000D:0009:}}{{TAG:0000:0002:C800}}NOW SCRAM!{{TAG:0000:0002:6400}}{{TAG:000D:000A:}}{{TAG:0007:0009:1E000000}}","{{TAG:0002:0008:}}Por cierto, {{TAG:0007:0000:08000000}}un último comentario...{{TAG:0000:0004:}}{{TAG:0003:0000:}}No se dice ""cocretas"",{{TAG:0007:0000:0F000000}} sino
""croquetas"".{{TAG:0007:0001:}} {{TAG:0002:0002:}}{{TAG:000D:0000:00CD}}¡No quedes como
{{TAG:000E:0006:040075006E00060075006E006100}} catet{{TAG:000E:0006:02006F0002006100}} cuando hables!
{{TAG:0003:0000:}}             {{TAG:000D:0009:}}{{TAG:0000:0002:C800}}¡Lárgate!{{TAG:0000:0002:6400}}{{TAG:000D:000A:}}{{TAG:0007:0009:1E000000}}","{{TAG:0002:0008:}}Ah, ouais, {{TAG:0007:0000:08000000}}une dernière chose...{{TAG:0000:0004:}}{{TAG:0003:0000:}}La forêt avec les lianes, tout ça,{{TAG:0007:0000:0F000000}}
ça s'appelle « la jungle » et pas
{{TAG:0007:0000:08000000}}« la jongle ».{{TAG:0007:0001:}} {{TAG:0002:0002:}}{{TAG:000D:0000:00CD}} C'est PAS un cirque !
Maintenant...
{{TAG:0003:0000:}}　　　　{{TAG:000D:0009:}}{{TAG:0000:0002:C800}}FILE !{{TAG:0000:0002:6400}}{{TAG:000D:000A:}}{{TAG:0007:0009:1E000000}}","{{TAG:0002:0008:}}Ah, dimenticavo, scusa... {{TAG:0007:0000:08000000}}
Un'ultima cosa...{{TAG:0000:0004:}}{{TAG:0003:0000:}}Non si dice ""penso che è bello""!{{TAG:0000:0004:}}{{TAG:0007:0000:0F000000}}Non dirlo mai, capito?{{TAG:0007:0001:}}
Si dice ""penso che sia bello"".
{{TAG:0002:0002:}}{{TAG:000D:0000:00CD}}Un po' di rispetto per il congiuntivo!

{{TAG:0003:0000:}} {{TAG:000D:0009:}}{{TAG:0000:0002:C800}}ORA PUSSA VIA!{{TAG:0000:0002:6400}}{{TAG:000D:000A:}}{{TAG:0007:0009:1E000000}}","{{TAG:0002:0008:}}Ach ja, {{TAG:0007:0000:08000000}}eine Sache noch...{{TAG:0000:0004:}}{{TAG:0003:0000:}}Es heißt nicht „Gelantine“, es heißt
„Gelatine“.{{TAG:0007:0001:}}{{TAG:0002:0002:}}{{TAG:000D:0000:00CD}} Das kann man sich doch
echt merken!
{{TAG:0002:0008:}}Aber wenn das zu viel wird und du
dir heute nur noch eines merken
kannst...
{{TAG:0002:0001:}}Dann merk dir lieber, dass man
gefälligst immer schön ordentlich
speichert!{{TAG:0000:0004:}}
{{TAG:0003:0000:}}  {{TAG:000D:0009:}}{{TAG:0000:0002:C800}}Jetzt zieh Leine!{{TAG:0000:0002:6400}}{{TAG:000D:000A:}}{{TAG:0007:0009:1E000000}}","{{TAG:0002:0008:}}Ha,{{TAG:0007:0000:08000000}}son bir şey...{{TAG:0000:0004:}}{{TAG:0003:0000:}}""Herkez"" değil,{{TAG:0007:0000:0F000000}}
""herkes"".{{TAG:0007:0000:08000000}} İçinde ""kez"" var diye
herkez olmaz.{{TAG:0007:0001:}}
{{TAG:0002:0002:}}{{TAG:000D:0000:00CD}}HER-KE-S! Sonu S!

{{TAG:0003:0000:}}{{TAG:000D:0009:}}{{TAG:0000:0002:C800}}ŞİMDİ TÜY!{{TAG:0000:0002:6400}}{{TAG:000D:000A:}}{{TAG:0007:0009:1E000000}}"
16,017,,,,,,
17,018,,,,,,
18,019,,,,,,
19,020,,,,,,
20,021,"{{TAG:0002:0008:}}Hey, how ya doin'?{{TAG:0007:0000:1E000000}} I'm with the
Reset Surveillance Center.{{TAG:0007:0000:0F000000}} I need
a few minutes of your time.
{{TAG:0003:0000:}}Yeah, so,{{TAG:0007:0000:08000000}} last time ya played,{{TAG:0007:0000:0F000000}}
{{TAG:0002:0002:}}looks like you quit without savin'.{{TAG:0007:0000:08000000}}
{{TAG:0002:0008:}}How'd that happen?{{TAG:000F:0001:000000002800}}
I wanted to reset.
My batteries died.
I don't remember.","{{TAG:0002:0008:}}Hola, buenas.{{TAG:0007:0000:1E000000}} Soy del Centro de
Vigilancia de Reseteos. {{TAG:0007:0000:0F000000}}¿Puedo
hacerte una pregunta rápida?
{{TAG:0003:0000:}}Hum...{{TAG:0007:0000:08000000}} Veo que la última vez que
jugaste{{TAG:0007:0000:0F000000}} {{TAG:0002:0002:}}te largaste sin guardar la
partida.{{TAG:0007:0000:08000000}} {{TAG:0002:0008:}}¿Por qué razón?{{TAG:000F:0001:000000002800}}
Es que quise resetear...
La batería se acabó
Se me olvidó","{{TAG:0002:0008:}}Salut, ça roule ?{{TAG:0007:0000:1E000000}} Je suis en charge
du centre de surveillance Resetti.{{TAG:0007:0000:0F000000}}
Tu aurais deux minutes ?
{{TAG:0003:0000:}}Bon, on va dire que oui.{{TAG:0007:0000:08000000}} Dis, à la fin{{TAG:0007:0000:0F000000}}
de ta dernière partie,{{TAG:0002:0002:}} tu as{{TAG:0007:0000:08000000}} quitté
sans sauvegarder !{{TAG:0002:0008:}} Un problème ?{{TAG:000F:0001:000000002800}}
Je voulais réinitialiser.
Ma batterie est morte.
Je me rappelle plus.","{{TAG:0002:0008:}}Ciao, come andiamo?{{TAG:0007:0000:1E000000}} Senti, io sono
del Centro Sorveglianza Resetti.{{TAG:0007:0000:0F000000}}
Io e te dobbiamo parlare.
{{TAG:0003:0000:}}Vedi,{{TAG:0007:0000:08000000}} l'ultima volta che hai giocato,{{TAG:0007:0000:0F000000}}
{{TAG:0002:0002:}}a quanto pare hai spento senza
salvare.{{TAG:0007:0000:08000000}} {{TAG:0002:0008:}}Come mai?{{TAG:000F:0001:000000002800}}
Volevo resettare.
È finita la batteria.
Non me lo ricordo.","{{TAG:0002:0008:}}Na, wie geht's?{{TAG:0007:0000:14000000}} Ich komme vom
Büro für Unerlaubtes Ausschalten.{{TAG:0007:0000:0F000000}}
Haste mal 'ne Minute?
{{TAG:0003:0000:}}Es sieht nämlich so aus, als hättest
du dein letztes Spiel beendet,{{TAG:0007:0000:0F000000}} {{TAG:0002:0002:}}ohne
zu speichern.{{TAG:0007:0000:14000000}} {{TAG:0002:0008:}}Kannste das erklären?{{TAG:000F:0001:000000002800}}
Neuanfang war fällig!
Batterie war leer!
Weiß nicht mehr...","{{TAG:0002:0008:}}Hey, nasılsın?{{TAG:0007:0000:1E000000}} Reset Gözetim
Merkezi'ndenim.{{TAG:0007:0000:0F000000}}
Birkaç dakikanı alacağım.{{TAG:0003:0000:}}Şey,{{TAG:0007:0000:08000000}}
son oynayışında{{TAG:0007:0000:0F000000}}{{TAG:0002:0002:}}kaydetmeden çıkmışsın
gibi.{{TAG:0007:0000:08000000}}
{{TAG:0002:0008:}}Nasıl oldu?{{TAG:000F:0001:000000002800}}
Sıfırlamak istedim.
Pilim bitti.
Hatırlamıyorum."
21,022,"{{TAG:0002:0005:}}And here we go.{{TAG:0007:0000:08000000}} ""I wanted to reset""
ain't the answer I'm lookin' for{{TAG:0007:0000:08000000}}.{{TAG:0007:0000:08000000}}.{{TAG:0007:0000:08000000}}.{{TAG:0007:0000:14000000}}
{{TAG:0002:0002:}}C'mon, it ain't that hard!
{{TAG:0003:0000:}}Listen up.{{TAG:0007:0000:08000000}} I'm gonna lead ya to
water one more time, and you're
gonna drink!
{{TAG:0002:0008:}}Ya ready for this? {{TAG:0007:0000:08000000}}You're playing
{{TAG:0000:0003:0300}}Animal Crossing: New Leaf{{TAG:0000:0003:FFFF}} and
havin' yourself a grand ol' time.
{{TAG:0002:0005:}}It's about time to call it a day{{TAG:0007:0000:08000000}}.{{TAG:0007:0000:08000000}}.{{TAG:0007:0000:08000000}}.{{TAG:0007:0000:0F000000}}
{{TAG:0002:0004:}}So{{TAG:0007:0001:}} {{TAG:0003:0000:}}what's your next move?{{TAG:0000:0004:}}{{TAG:0002:0008:}}Huh? {{TAG:0007:0000:08000000}}What was that? {{TAG:0007:0001:}}{{TAG:0003:0000:}}Ya press
{{TAG:0000:0003:0200}}START {{TAG:0000:0003:FFFF}}{{TAG:0007:0000:0A000000}}and choose {{TAG:0000:0003:0200}}Save and Quit{{TAG:0000:0003:FFFF}}?
{{TAG:0002:0004:}}Winner, winner, earthworm dinner!{{TAG:0007:0000:14000000}}","{{TAG:0002:0005:}}Madre mía.{{TAG:0007:0000:08000000}} ""Quise resetear""...
¿Qué clase de respuesta es esa?{{TAG:0007:0000:14000000}}
{{TAG:0002:0002:}}Lo tuyo es de juzgado de guardia...
{{TAG:0003:0000:}}Escucha.{{TAG:0007:0000:08000000}} Voy a explicártelo una
vez más,{{TAG:0007:0000:08000000}} a ver si se queda de
una vez en esa cabecita tuya.
{{TAG:0002:0008:}}Supongamos lo siguiente: {{TAG:0007:0000:08000000}}te lo
estás pasando en grande jugando
a {{TAG:0000:0003:0300}}Animal Crossing: New Leaf{{TAG:0000:0003:FFFF}}.
{{TAG:0002:0005:}}Se acerca la hora de dejarlo por
hoy, {{TAG:0002:0004:}}así que,{{TAG:0007:0001:}} {{TAG:0003:0000:}}¿qué debes hacer?{{TAG:0000:0004:}}{{TAG:0002:0008:}}¿Eh? {{TAG:0007:0000:08000000}}¿Cómo dices? {{TAG:0007:0001:}}{{TAG:0003:0000:}}Pulsar {{TAG:0000:0003:0200}}START
{{TAG:0000:0003:FFFF}}{{TAG:0007:0000:0A000000}}y luego elegir {{TAG:0000:0003:0200}}Guardar y salir{{TAG:0000:0003:FFFF}}.
{{TAG:0002:0004:}}¡Exacto, veo que te lo sabes!{{TAG:0007:0000:14000000}}","{{TAG:0002:0005:}}Tu le fais exprès, hein{{TAG:0007:0000:08000000}}.{{TAG:0007:0000:08000000}}.{{TAG:0007:0000:08000000}}.{{TAG:0007:0000:08000000}} Mauvaise
réponse ! {{TAG:0002:0002:}}Tu me fais suer, tu sais ?!{{TAG:0007:0000:14000000}}{{TAG:0000:0004:}}{{TAG:0003:0000:}}Ouvre tes feuilles de chou.{{TAG:0007:0000:08000000}} Je vais
avoir l'extrême bonté de te répéter
les règles, alors écoute !
{{TAG:0002:0008:}}C'est bon, tu es prêt{{TAG:000E:0006:000002006500}} ? {{TAG:0007:0000:08000000}}Tu joues à
{{TAG:0000:0003:0300}}Animal Crossing: New Leaf{{TAG:0000:0003:FFFF}}, la vie
est belle et le soleil brille.
{{TAG:0002:0005:}}Et là, soudain, une urgence, et tu
dois quitter la partie{{TAG:0007:0000:08000000}}.{{TAG:0007:0000:08000000}}.{{TAG:0007:0000:08000000}}.{{TAG:0007:0000:0F000000}}
{{TAG:0002:0004:}}Alors,{{TAG:0007:0001:}} {{TAG:0003:0000:}}qu'est-ce que tu fais ?
{{TAG:0002:0008:}}Hein ? {{TAG:0007:0000:08000000}}Quoi ? {{TAG:0007:0001:}}{{TAG:0003:0000:}}Tu appuies sur
{{TAG:0000:0003:0200}}START {{TAG:0000:0003:FFFF}}{{TAG:0007:0000:0A000000}}et tu choisis {{TAG:0000:0003:0200}}Sauvegarder
et quitter {{TAG:0000:0003:FFFF}}?{{TAG:0002:0004:}} Bien vu, choupinet{{TAG:000E:0006:0000040074006500}} !{{TAG:0007:0000:14000000}}","{{TAG:0002:0005:}}Ecco, appunto.{{TAG:0007:0000:08000000}} ""Volevo resettare""
non è la risposta che voglio sentire{{TAG:0007:0000:08000000}}.{{TAG:0007:0000:08000000}}.{{TAG:0007:0000:08000000}}.{{TAG:0000:0004:}}{{TAG:0002:0002:}}Sei proprio un bel tipo, lo sai?!
{{TAG:0003:0000:}}Apri bene le orecchie!{{TAG:0007:0000:08000000}} Te lo dico per
l'ultima volta, quindi ascolta bene!
{{TAG:0002:0008:}}Allora...{{TAG:0007:0000:08000000}} tu sei lì che giochi
ad {{TAG:0000:0003:0300}}Animal Crossing: New Leaf
{{TAG:0000:0003:FFFF}}tutt{{TAG:000E:0006:02006F0002006100}} content{{TAG:000E:0006:02006F0002006100}} e spensierat{{TAG:000E:0006:02006F0002006100}}...
{{TAG:0002:0005:}}Hai deciso che è ora di spegnere{{TAG:0007:0000:08000000}}.{{TAG:0007:0000:08000000}}.{{TAG:0007:0000:08000000}}.{{TAG:0007:0000:0F000000}}
{{TAG:0002:0004:}}Quindi,{{TAG:0007:0001:}} {{TAG:0003:0000:}}cos'è che devi fare?{{TAG:0000:0004:}}{{TAG:0002:0008:}}Come come? {{TAG:0007:0000:08000000}}Cos'hai detto?{{TAG:0007:0001:}}{{TAG:0003:0000:}}
Premere {{TAG:0000:0003:0200}}START {{TAG:0000:0003:FFFF}}{{TAG:0007:0000:0A000000}}e selezionare
{{TAG:0000:0003:0200}}Salva ed esci{{TAG:0000:0003:FFFF}}? {{TAG:0002:0004:}}Risposta esatta!{{TAG:0007:0000:14000000}}","{{TAG:0002:0005:}}Da haben wir's ja schon.{{TAG:0007:0000:14000000}}
„Neuanfang“, {{TAG:0007:0000:08000000}}pah! {{TAG:0007:0000:14000000}}{{TAG:0002:0002:}}Du machst mir
meinen Job nicht gerade leichter!
{{TAG:0003:0000:}}Also gut, {{TAG:0007:0000:08000000}}stell die Öhrchen auf
Empfang und richte dein Leben nach
dem aus, was ich dir jetzt sage.
{{TAG:0002:0008:}}Biste bereit? {{TAG:0007:0000:08000000}}Du spielst also
{{TAG:0000:0003:0300}}Animal Crossing: New Leaf{{TAG:0000:0003:FFFF}} 
und es macht echt Spaß!
{{TAG:0002:0005:}}„Oh nein, {{TAG:0007:0000:08000000}}wird Zeit, aufzuhören...“{{TAG:0007:0000:0F000000}}
{{TAG:0002:0004:}}So!{{TAG:0007:0001:}} {{TAG:0003:0000:}}Und was machste jetzt als
{{TAG:000E:0006:3E0076006500720061006E00740077006F007200740075006E0067007300620065007700750073007300740065007200200053007000690065006C0065007200400076006500720061006E00740077006F007200740075006E006700730062006500770075007300730074006500200053007000690065006C006500720069006E00}}?
{{TAG:0002:0008:}}Na? {{TAG:0007:0000:14000000}}Komm schon, du weißt es! {{TAG:0007:0001:}}
{{TAG:0003:0000:}}Du drückst {{TAG:0000:0003:0200}}START {{TAG:0000:0003:FFFF}}und wählst
{{TAG:0000:0003:0200}}Speichern und beenden{{TAG:0000:0003:FFFF}}!","{{TAG:0002:0005:}}İşte yine başladık.{{TAG:0007:0000:08000000}} ""Sıfırlamak
istedim"" benim aradığım cevap değil{{TAG:0007:0000:08000000}}.{{TAG:0007:0000:08000000}}.{{TAG:0007:0000:08000000}}.{{TAG:0007:0000:14000000}}{{TAG:0002:0002:}}
Hadi ama,
bu kadar zor değil!{{TAG:0003:0000:}}İyi dinle.{{TAG:0007:0000:08000000}}
Bir kez daha
anlatacağım; bu kez anlayacaksın!
{{TAG:0002:0008:}}Hazır mısın?{{TAG:0007:0000:08000000}}{{TAG:0000:0003:0300}}Animal Crossing: New
Leaf{{TAG:0000:0003:FFFF}}
oynuyorsun, keyfin yerinde.{{TAG:0002:0005:}}Artık
günü kapatma vakti geldi{{TAG:0007:0000:08000000}}.{{TAG:0007:0000:08000000}}.{{TAG:0007:0000:08000000}}.{{TAG:0007:0000:0F000000}}{{TAG:0002:0004:}}Peki{{TAG:0007:0001:}}{{TAG:0003:0000:}}
sonraki hamlen ne?{{TAG:0000:0004:}}{{TAG:0002:0008:}}Hı?{{TAG:0007:0000:08000000}}Ne dedin?{{TAG:0007:0001:}}{{TAG:0003:0000:}}{{TAG:0000:0003:0200}}START{{TAG:0000:0003:FFFF}}{{TAG:0007:0000:0A000000}}'a
basıp{{TAG:0000:0003:0200}}Kaydet ve Çık{{TAG:0000:0003:FFFF}} mı seçiyorsun?
{{TAG:0002:0004:}}İşte budur! Solucan ziyafeti
benden!{{TAG:0007:0000:14000000}}"
22,023,"{{TAG:0002:0008:}}Ya do that,{{TAG:0007:0000:0F000000}} and all the stuff ya done
in the day gets remembered, see?{{TAG:0000:0004:}}{{TAG:0002:0002:}}But if ya forget{{TAG:0007:0000:08000000}}.{{TAG:0007:0000:08000000}}.{{TAG:0007:0000:08000000}}. {{TAG:0007:0000:14000000}}{{TAG:0003:0000:}}Them fish ya
caught?{{TAG:0007:0000:08000000}} The furniture ya finally
got?{{TAG:0007:0000:08000000}} Them memories ya made?{{TAG:0007:0000:08000000}}
{{TAG:0002:0003:}}POOF! All gone in an instant!{{TAG:0007:0000:0F000000}}
{{TAG:0003:0000:}}Nobody wants to see that. So
don't forget to save properly!
{{TAG:0002:0002:}}And I know all 'bout them cheatin'
types who reset on purpose too!{{TAG:0000:0004:}}{{TAG:0003:0000:}}Somethin' didn't go their way.{{TAG:0007:0000:08000000}}
Their shoes was too tight or
their ma was mean or whatever{{TAG:0007:0000:08000000}}.{{TAG:0007:0000:08000000}}.{{TAG:0007:0000:08000000}}.
{{TAG:0002:0005:}}So they just quit without savin'.{{TAG:0007:0000:08000000}}
They erase it from ever happenin'.{{TAG:0007:0001:}}
{{TAG:0002:0002:}}They're using reset for do-overs!","{{TAG:0002:0008:}}Es fácil.{{TAG:0007:0000:0F000000}} Y así todos los progresos
que has hecho ese día quedan a
salvo. ¿Entiendes?{{TAG:0000:0004:}}{{TAG:0002:0002:}}Si no lo haces{{TAG:0007:0000:08000000}}.{{TAG:0007:0000:08000000}}.{{TAG:0007:0000:08000000}}. {{TAG:0007:0000:14000000}}{{TAG:0003:0000:}}los peces que
habías pescado...{{TAG:0007:0000:08000000}} tus preciados
muebles...{{TAG:0007:0000:08000000}} todos tus recuerdos...{{TAG:0007:0000:08000000}}
{{TAG:0002:0003:}}¡Zas! ¡Visto y no visto!{{TAG:0007:0000:0F000000}} {{TAG:0003:0000:}}A nadie le
gusta perder todos sus avances,
¡así que guarda la partida!
{{TAG:0002:0002:}}Un tema aparte son los granujas
que resetean a propósito. ¡A esos
también los tengo controlados!{{TAG:0000:0004:}}{{TAG:0003:0000:}}Cuando algo les sale mal,{{TAG:0007:0000:08000000}} les aprieta
un zapato{{TAG:0007:0000:08000000}} o simplemente han tenido
un mal día.{{TAG:0007:0000:08000000}}.{{TAG:0007:0000:08000000}}.
{{TAG:0002:0005:}}interrumpen la partida sin guardar{{TAG:0007:0000:08000000}}
y como si no hubiera ocurrido nada.{{TAG:0007:0001:}}
{{TAG:0002:0002:}}¡Resetean para empezar de nuevo!","{{TAG:0002:0008:}}Tu comprends,{{TAG:0007:0000:0F000000}} c'est comme ça que
tout ce que tu as fait dans le jeu ne
disparaît pas.
{{TAG:0002:0002:}}Mais si tu ne le fais pas{{TAG:0007:0000:08000000}}.{{TAG:0007:0000:08000000}}.{{TAG:0007:0000:08000000}}. {{TAG:0007:0000:14000000}}{{TAG:0003:0000:}}Tes
poissons fraîchement pêchés ?{{TAG:0007:0000:08000000}} Tes
nouveaux meubles ?{{TAG:0007:0000:08000000}} Tes souvenirs ?{{TAG:0007:0000:08000000}}
{{TAG:0002:0003:}}POUF ! Adieu ! Disparus !{{TAG:0007:0000:0F000000}}
{{TAG:0003:0000:}}Ce serait dommage, non ? Alors,
c'est facile, tu sauvegardes !
{{TAG:0002:0002:}}Et ne me fais pas le même coup
que toutes ces petites canailles
qui réinitialisent pour tricher !
{{TAG:0003:0000:}}Par exemple,{{TAG:0007:0000:08000000}} quand leur maman les
envoie au lit sans dessert ou qu'ils
se font courser par un chihuahua{{TAG:0007:0000:08000000}}.{{TAG:0007:0000:08000000}}.{{TAG:0007:0000:08000000}}.
{{TAG:0002:0005:}}... ça les traumatise,{{TAG:0007:0000:08000000}} alors ils
quittent sans sauvegarder, et
tout est oublié.
{{TAG:0002:0002:}}Eh ouais, ils réinitialisent pour avoir
une nouvelle chance !","{{TAG:0002:0008:}}In questo modo,{{TAG:0007:0000:0F000000}} tutte le cose
che hai fatto non vengono perse.{{TAG:0000:0004:}}{{TAG:0002:0002:}}Se non lo fai, invece{{TAG:0007:0000:08000000}}.{{TAG:0007:0000:08000000}}.{{TAG:0007:0000:08000000}}. {{TAG:0007:0000:14000000}}{{TAG:0003:0000:}}i pesci
che hai pescato...{{TAG:0007:0000:08000000}} i mobili che hai
comprato...{{TAG:0007:0000:08000000}} tutto, proprio tutto...
{{TAG:0002:0003:}}PUF! Perso per sempre!{{TAG:0007:0000:0F000000}}
{{TAG:0003:0000:}}Non è bello, no? Quindi non
dimenticarti mai di salvare!
{{TAG:0002:0002:}}Per non parlare di quei piccoli
imbroglioni che resettano apposta
senza salvare!
{{TAG:0003:0000:}}Appena qualcosa non va
come vogliono loro{{TAG:0007:0000:08000000}}.{{TAG:0007:0000:08000000}}.{{TAG:0007:0000:08000000}}.
{{TAG:0002:0005:}}spengono senza salvare!{{TAG:0007:0000:08000000}}
E fanno finta che non sia mai
successo!{{TAG:0007:0001:}} {{TAG:0002:0002:}}Non si gioca così!","{{TAG:0002:0008:}}Wenn du das machst, werden deine
Heldentaten für dich selbst und die
Nachwelt festgehalten.
{{TAG:0002:0002:}}Aber wenn du's vergisst...{{TAG:0007:0000:14000000}}
{{TAG:0003:0000:}}Die Fische, die du gefangen hast?{{TAG:0007:0000:14000000}}
Das seltene Möbelstück?
{{TAG:0002:0003:}}ALLES WEG!{{TAG:0007:0000:08000000}} FÜR IMMER!{{TAG:0007:0000:14000000}}
{{TAG:0003:0000:}}Und das will doch keiner! {{TAG:0007:0000:14000000}}Also
denk daran, zu speichern!
{{TAG:0002:0002:}}Klar, {{TAG:0007:0000:08000000}}dann gibt's natürlich die
Halunken, die das mit Absicht
machen...
{{TAG:0003:0000:}}Irgendwas ist anders abgelaufen, als
sie sich das vorgestellt haben.{{TAG:0000:0004:}}Loch falsch gegraben,{{TAG:0007:0000:08000000}} am Strand
war 'ne Muschel zu wenig...{{TAG:0007:0000:14000000}}
Was weiß ich!
{{TAG:0002:0005:}}Also hören sie ohne zu speichern
auf.{{TAG:0007:0000:14000000}} Damit das nie passiert ist.{{TAG:0007:0001:}}
{{TAG:0002:0002:}}Um's noch mal zu versuchen!","{{TAG:0002:0008:}}Bunu yaparsan{{TAG:0007:0000:0F000000}} gün içinde
yaptıkların hatırlanır, tamam mı?{{TAG:0000:0004:}}{{TAG:0002:0002:}}Ama
unutursan{{TAG:0007:0000:08000000}}.{{TAG:0007:0000:08000000}}.{{TAG:0007:0000:08000000}}.
{{TAG:0007:0000:14000000}}{{TAG:0003:0000:}}Tuttuğun balıklar?{{TAG:0007:0000:08000000}} Sonunda
aldığın mobilya?{{TAG:0007:0000:08000000}} Biriktirdiğin anılar?{{TAG:0007:0000:08000000}}{{TAG:0002:0003:}}
PUF!
Hepsi bir anda gider!{{TAG:0007:0000:0F000000}}{{TAG:0003:0000:}}Kimse bunu istemez.
O yüzden düzgün kaydetmeyi unutma!
{{TAG:0002:0002:}}Bir de bilerek sıfırlayan
uyanıkları çok iyi
bilirim!{{TAG:0000:0004:}}{{TAG:0003:0000:}}Bir şey istedikleri gibi
gitmez.{{TAG:0007:0000:08000000}}
Ayakkabısı sıkar, annesi kızar,
neyse ne{{TAG:0007:0000:08000000}}.{{TAG:0007:0000:08000000}}.{{TAG:0007:0000:08000000}}.
{{TAG:0002:0005:}}Kaydetmeden çıkarlar.{{TAG:0007:0000:08000000}} Olanı
yaşanmamış yaparlar.{{TAG:0007:0001:}}{{TAG:0002:0002:}}Sıfırlamayı geri alma
tuşu sanarlar!"
23,024,"{{TAG:0002:0008:}}Findin' them resettin' cheaters and
readin' 'em the riot act is what the
Reset Center {{TAG:0003:0000:}}pays me for.{{TAG:0007:0000:08000000}} Get it?
{{TAG:0002:0008:}}Maybe you've heard the old wives'
tale about moles never gettin' angry
for anything?{{TAG:0007:0000:14000000}} Yeah?
{{TAG:0002:0002:}}Well them wives were off their
rockers, 'cause this mole ain't
puttin' up with no rule-breakers!
{{TAG:0003:0000:}}Next time you see me, I'll be
wearin' my ANGRY hat.{{TAG:0007:0000:0F000000}}
{{TAG:0002:0002:}}You've been warned!","{{TAG:0002:0008:}}Yo estoy aquí para controlar todos
esos problemas{{TAG:0007:0000:08000000}} desde el Centro de
Vigilancia de Reseteos.
{{TAG:0002:0008:}}¿Has oído alguna vez eso de{{TAG:0007:0000:08000000}}
""la paciencia tiene un límite""?{{TAG:0007:0000:14000000}}
{{TAG:0002:0002:}}Pues la mía tiene bien poquito.{{TAG:0000:0004:}}{{TAG:0003:0000:}}Si volvemos a vernos, será que algo
habrás hecho para perturbarme.{{TAG:0007:0000:0F000000}}
{{TAG:0002:0002:}}¡Prepárate entonces para oírme!","{{TAG:0002:0008:}}Mais moi, je traque ces chafouins
et crois-moi, ils ont droit au
sermon !{{TAG:0003:0000:}} C'est mon boulot.{{TAG:0007:0000:08000000}} Pigé ?
{{TAG:0002:0008:}}Tu connais le célèbre dicton{{TAG:0007:0000:08000000}} « Ne
réveillez pas la taupe qui dort ! »{{TAG:0007:0000:14000000}}
Le message passe ?
{{TAG:0002:0002:}}Eh bien la taupe du dicton, c'est
moi !{{TAG:0000:0004:}}{{TAG:0003:0000:}}Et si jamais tu me fais ressortir de
mon trou, je te ferai la tête au
carré.{{TAG:0007:0000:0F000000}} {{TAG:0002:0002:}}Alors tiens-toi à carreau !","{{TAG:0002:0008:}}Il Centro Sorveglianza Resetti
mi paga per trovare i furbetti che
resettano senza salvare.{{TAG:0003:0000:}}{{TAG:0007:0000:08000000}} Capito?
{{TAG:0002:0008:}}Hai mai sentito dire{{TAG:0007:0000:08000000}} ""Talpa che
abbaia non morde""?{{TAG:0007:0000:14000000}} No, eh? {{TAG:0002:0002:}}
Perché non è così! Mordo eccome!{{TAG:0000:0004:}}{{TAG:0003:0000:}}La prossima volta non sarò così
clemente.{{TAG:0007:0000:0F000000}} {{TAG:0002:0002:}}Eccoti un altro proverbio:
""Uomo avvisato, mezzo salvato"".","{{TAG:0002:0008:}}Und genau auf solche Missetäter
setzt mich das BUA dann an, um
denen 'ne Standpauke zu halten!
{{TAG:0002:0008:}}Vielleicht kennste das Sprichwort{{TAG:0007:0000:08000000}}
„Den Letzten beißt der Maulwurf“.{{TAG:0007:0000:14000000}}
Mal gehört?
{{TAG:0002:0002:}}Ich bin dieser Maulwurf!{{TAG:0007:0000:14000000}}
Und Leute, die nicht speichern, sind
für mich das Letzte!
{{TAG:0003:0000:}}Wenn wir uns das nächste Mal
sehen, trag ich mein bestes Gebiss!{{TAG:0007:0000:0F000000}}
{{TAG:0002:0002:}}Du bist gewarnt!","{{TAG:0002:0008:}}Böyle bilerek sıfırlayanları
bulup ağızlarının payını vermek Reset
Merkezi'nin {{TAG:0003:0000:}}bana para verdiği iş.{{TAG:0007:0000:08000000}} Anladın mı?
{{TAG:0002:0008:}}""Köstebekler hiç öfkelenmez""
diye eski bir
laf duymuş olabilirsin.{{TAG:0007:0000:14000000}} Ha?{{TAG:0002:0002:}}O
lafı edenler
saçmalamış; bu köstebek kural
bozana göz yummaz!
{{TAG:0003:0000:}}Bir daha karşıma çıkarsan ÖFKE
şapkamı takmış olurum.{{TAG:0007:0000:0F000000}}{{TAG:0002:0002:}}Uyarıldın!"
24,025,"{{TAG:0002:0008:}}Oh yeah. {{TAG:0007:0000:08000000}}One last thing...{{TAG:0000:0004:}}{{TAG:0003:0000:}}They call it ""cole"" slaw, {{TAG:0007:0000:0F000000}}not ""cold""
slaw. {{TAG:0007:0000:08000000}}I don't really see the big
deal, but...{{TAG:0007:0000:1E000000}}
{{TAG:000D:0000:00CD}}""Gee, Ma,"" I says. ""Give a mole a
break. It ain't like I said HOT slaw.""{{TAG:0007:0000:1E000000}}{{TAG:000D:0004:02CD}}
Hey! Are you even listenin'?!?{{TAG:000D:0005:}}{{TAG:0000:0004:}}
{{TAG:0003:0000:}}            {{TAG:000D:0009:}}{{TAG:0000:0002:C800}}NOW SCRAM!{{TAG:0000:0002:6400}}{{TAG:000D:000A:}}{{TAG:0007:0009:1E000000}}","{{TAG:0002:0008:}}Oye, {{TAG:0007:0000:08000000}}una cosa para terminar...{{TAG:0000:0004:}}{{TAG:0003:0000:}}Lo que tienes dentro de la cabecita
no se llama ""celebro"",{{TAG:0007:0000:0F000000}} sino ""cerebro"".{{TAG:0007:0000:1E000000}}
Celebraría que lo recordaras.{{TAG:0000:0004:}}{{TAG:000D:0000:00CD}}No te lo digo por nada en particular.{{TAG:0007:0000:0F000000}}
Me imagino que ya lo sabrás, pero...
{{TAG:000D:0004:02CD}}Oye, ¿me estás escuchando?{{TAG:000D:0005:}}{{TAG:0000:0004:}}
{{TAG:0003:0000:}}             {{TAG:000D:0009:}}{{TAG:0000:0002:C800}}¡Lárgate!{{TAG:0000:0002:6400}}{{TAG:000D:000A:}}{{TAG:0007:0009:1E000000}}","{{TAG:0002:0008:}}Ah ouais, {{TAG:0007:0000:08000000}}encore un truc...{{TAG:0000:0004:}}Il paraît que les nouilles et les pâtes,{{TAG:0007:0000:08000000}}
c'est pas la même chose.{{TAG:0000:0004:}}{{TAG:000D:0000:00CD}}Et pourtant...{{TAG:0007:0000:0F000000}}{{TAG:000D:0004:02CD}}{{TAG:000D:0000:00CD}} les grenouilles ont
des pattes !{{TAG:000D:0005:}}{{TAG:0000:0004:}}
{{TAG:0003:0000:}}{{TAG:000D:0009:}}{{TAG:0000:0002:C800}}ALLEZ, FILE !{{TAG:0000:0002:6400}}{{TAG:000D:000A:}}{{TAG:0007:0009:1E000000}}","{{TAG:0002:0008:}}Ah, dimenticavo, scusa... {{TAG:0007:0000:08000000}}
Un'ultima cosa...{{TAG:0000:0004:}}{{TAG:0003:0000:}}Non si mangia con la bocca aperta!{{TAG:0000:0004:}}Almeno, così diceva sempre la mia
mamma...{{TAG:0007:0000:0F000000}} Io non ci vedo niente di
male, ma...{{TAG:0007:0001:}} {{TAG:0002:0002:}}{{TAG:000D:0000:00CD}}Ehi, che hai da guardare?

{{TAG:0003:0000:}}        {{TAG:000D:0009:}}{{TAG:0000:0002:C800}}PUSSA VIA!{{TAG:0000:0002:6400}}{{TAG:000D:000A:}}{{TAG:0007:0009:1E000000}}","{{TAG:0002:0008:}}Ach ja, eine Sache noch...{{TAG:0000:0004:}}{{TAG:0003:0000:}}Ich bin auf meinem Gebiet eine
„Koryphäe“, keine „Konifere“!{{TAG:0000:0004:}}{{TAG:000D:0000:00CD}}Auch, wenn ich mir manchmal
Nadeln am ganzen Körper wünsche,
um Missetäter zu pieken!{{TAG:0007:0000:1E000000}}
Dann wüssten die mal, wie sich's
für mich anfühlt, wenn sie nicht
speichern!
{{TAG:000D:0004:02CD}}So, das war's!{{TAG:000D:0005:}}{{TAG:0000:0004:}}
{{TAG:0003:0000:}}  {{TAG:000D:0009:}}{{TAG:0000:0002:C800}}Jetzt zieh Leine!{{TAG:0000:0002:6400}}{{TAG:000D:000A:}}{{TAG:0007:0009:1E000000}}","{{TAG:0002:0008:}}Ha,{{TAG:0007:0000:08000000}}son bir şey...{{TAG:0000:0004:}}{{TAG:0003:0000:}}""Birşey"" diye
bitişik yazılmaz,{{TAG:0007:0000:0F000000}} ""bir şey"" ayrı
yazılır.{{TAG:0007:0000:08000000}}
Büyük mesele mi? Bence de değil
ama{{TAG:0007:0000:1E000000}}...
{{TAG:000D:0000:00CD}}""Anne,"" dedim, ""köstebeğe biraz
nefes ver!
'Her şey'i de mi bitişik yazdım
sanki?""{{TAG:0007:0000:1E000000}}{{TAG:000D:0004:02CD}}
Hey! Dinliyor musun sen?!{{TAG:000D:0005:}}{{TAG:0000:0004:}}
{{TAG:0003:0000:}}{{TAG:000D:0009:}}{{TAG:0000:0002:C800}}ŞİMDİ TÜY!{{TAG:0000:0002:6400}}{{TAG:000D:000A:}}{{TAG:0007:0009:1E000000}}"
25,026,,,,,,
26,027,,,,,,
27,028,,,,,,
28,029,,,,,,
29,030,,,,,,
30,031,"{{TAG:0002:0008:}}Hey! Hey, you! {{TAG:0007:0000:1E000000}}I'm with the Reset
Center. {{TAG:0007:0000:0F000000}}I need a few minutes of
your time.
{{TAG:0003:0000:}}Here's the deal. {{TAG:0007:0000:08000000}}Last time ya played
your game,{{TAG:0007:0000:0F000000}} {{TAG:0002:0002:}}ya quit without savin'.{{TAG:0007:0000:08000000}}{{TAG:0000:0004:}}{{TAG:0002:0008:}}Ya wanna tell me how that could
have happened?{{TAG:000F:0001:000000002800}}
I wanted to reset.
My batteries died.
I don't remember.","{{TAG:0002:0008:}}¡Hola, hola! {{TAG:0007:0000:1E000000}}Soy del Centro de
Vigilancia de Reseteos. {{TAG:0007:0000:0F000000}}¿Tienes
un momento para responderme?
{{TAG:0003:0000:}}Resulta que... {{TAG:0007:0000:08000000}}cuando jugaste por
última vez,{{TAG:0007:0000:0F000000}} {{TAG:0002:0002:}}no guardaste la partida.{{TAG:0007:0000:08000000}}{{TAG:0000:0004:}}{{TAG:0002:0008:}}¿Me podrías explicar por qué
razón sucedió esto?{{TAG:000F:0001:000000002800}}
Pretendía resetear y...
Se agotó la batería
No me acuerdo ahora...","{{TAG:0002:0008:}}Hé, toi, là ! {{TAG:0007:0000:1E000000}}Ici Resetti, du centre de
surveillance Resetti. {{TAG:0007:0000:0F000000}}J'ai quelques
questions à te poser.
{{TAG:0003:0000:}}Je vais être bref. {{TAG:0007:0000:08000000}}La dernière fois
que tu as joué,{{TAG:0007:0000:0F000000}} {{TAG:0002:0002:}}tu as quitté sans
sauvegarder.{{TAG:0000:0004:}}{{TAG:0002:0008:}}Tu pourrais raconter à tonton
Resetti ce qui s'est passé ?{{TAG:000F:0001:000000002800}}
Je voulais réinitialiser.
Ma batterie est morte.
J'ai tout oublié.","{{TAG:0002:0008:}}Ehi tu! Dico a te! {{TAG:0007:0000:1E000000}}Vengo
dal Centro Sorveglianza Resetti
{{TAG:0007:0000:0F000000}}e devo farti qualche domanda.
{{TAG:0003:0000:}}Dunque...{{TAG:0007:0000:08000000}} L'ultima volta
che hai giocato...{{TAG:0007:0000:0F000000}} {{TAG:0002:0002:}}hai spento
senza salvare...{{TAG:0007:0000:08000000}}{{TAG:0000:0004:}}{{TAG:0002:0008:}}Saresti così gentile da spiegarmi
cos'è successo?{{TAG:000F:0001:000000002800}}
Volevo resettare.
È finita la batteria.
Non me lo ricordo.","{{TAG:0002:0008:}}Du da! {{TAG:0007:0000:1E000000}}Ich komme vom Büro für
Unerlaubtes Ausschalten. {{TAG:0007:0000:14000000}}Ich muss
mit dir reden!
{{TAG:0003:0000:}}Es ist folgendermaßen: {{TAG:0007:0000:14000000}}Du hast dein
letztes Spiel beendet, {{TAG:0002:0002:}}ohne zu
speichern.{{TAG:0007:0000:08000000}}
{{TAG:0002:0008:}}Willst du mich erleuchten, wie das
passieren konnte?{{TAG:000F:0001:000000002800}}
Neuanfang war fällig!
Batterie war leer!
Weiß nicht mehr...","{{TAG:0002:0008:}}Hey! Hey, sen!{{TAG:0007:0000:1E000000}}Reset
Merkezi'ndenim.{{TAG:0007:0000:0F000000}}
Birkaç dakikanı alacağım.{{TAG:0003:0000:}}Mesele
şu.{{TAG:0007:0000:08000000}}Son
oynayışında{{TAG:0007:0000:0F000000}}{{TAG:0002:0002:}}kaydetmeden
çıkmışsın.{{TAG:0007:0000:08000000}}{{TAG:0000:0004:}}{{TAG:0002:0008:}}
Bunun nasıl olduğunu anlatmak
ister misin?{{TAG:000F:0001:000000002800}}
Sıfırlamak istedim.
Pilim bitti.
Hatırlamıyorum."
31,032,"{{TAG:0002:0008:}}Huh.{{TAG:0007:0000:08000000}} That so?{{TAG:0007:0000:1E000000}}{{TAG:0000:0004:}}{{TAG:0003:0000:}}Gimme a sec, will ya?{{TAG:0007:0000:08000000}} I gotta 
switch gears.{{TAG:0007:0000:1E000000}} Ahem.{{TAG:0007:0001:}}
{{TAG:0002:0002:}}LET'S DO THIS!","{{TAG:0002:0008:}}Hum.{{TAG:0007:0000:08000000}} ¿Es eso cierto?{{TAG:0007:0000:1E000000}}{{TAG:0000:0004:}}{{TAG:0003:0000:}}Dame un minuto, ¿de acuerdo?{{TAG:0007:0000:08000000}}
Voy a encargarme de algo y
enseguida estoy contigo.","{{TAG:0002:0008:}}Ah.{{TAG:0007:0000:08000000}} C'est comme ça.{{TAG:0007:0000:1E000000}}{{TAG:0000:0004:}}{{TAG:0003:0000:}}Donne-moi un instant, veux-tu ?{{TAG:0007:0000:08000000}} Je
dois m'échauffer. Ahem. Hem. HEM.
{{TAG:0002:0002:}}ÇA VA SAIGNER !","{{TAG:0002:0008:}}Ah.{{TAG:0007:0000:08000000}} È così, eh?{{TAG:0007:0000:1E000000}}{{TAG:0000:0004:}}{{TAG:0003:0000:}}Scusami un secondo, per favore.{{TAG:0007:0000:08000000}}
Devo concentrarmi...
{{TAG:0002:0002:}}OK! SONO PRONTO!","{{TAG:0002:0008:}}Aha.{{TAG:0007:0000:14000000}} Interessant...{{TAG:0000:0004:}}{{TAG:0003:0000:}}Sekunde, ich muss noch kurz Luft
holen...{{TAG:0007:0000:28000000}} {{TAG:0002:0002:}}LOS GEHT'S!{{TAG:0007:0008:1E000000}}","{{TAG:0002:0008:}}Hıh.{{TAG:0007:0000:08000000}} Öyle mi?{{TAG:0007:0000:1E000000}}{{TAG:0000:0004:}}{{TAG:0003:0000:}}Bir saniye ver.{{TAG:0007:0000:08000000}}
Vitesi değiştirmem lazım.{{TAG:0007:0000:1E000000}} Öhö
öhö.{{TAG:0007:0001:}}
{{TAG:0002:0002:}}HADİ BAŞLAYALIM!"
32,033,"
{{TAG:0007:000C:}}{{TAG:000D:0000:01CD}}{{TAG:0002:0007:}}{{TAG:0000:0002:C800}}GRAAAH!{{TAG:0007:0009:3C000000}}{{TAG:0000:0002:6400}}{{TAG:0000:0004:}}{{TAG:0000:0002:C800}}{{TAG:0000:0002:6400}}
{{TAG:0007:000C:}}{{TAG:000D:0000:01CD}}{{TAG:0002:0007:}}{{TAG:0000:0002:9600}}I SAID{{TAG:0007:0000:08000000}} {{TAG:0000:0002:6400}}{{TAG:0007:000C:}}{{TAG:000D:0000:01CD}}{{TAG:0000:0002:9600}}NO RESETTIN'!{{TAG:0000:0002:6400}}{{TAG:0007:0009:1E000000}}{{TAG:0000:0004:}}{{TAG:0007:000C:}}{{TAG:000D:0000:01CD}}{{TAG:0000:0002:9600}}WHAT DON'T YOU
GET?!{{TAG:0000:0002:6400}}{{TAG:0007:0000:0F000000}}{{TAG:0002:0006:}}{{TAG:0007:0009:3C000000}}{{TAG:0000:0004:}}{{TAG:0007:000C:}}{{TAG:000D:0000:01CD}}{{TAG:0000:0002:9600}}THE ""NO"" OR THE
""RESETTIN'"" PART?!{{TAG:0000:0002:6400}}{{TAG:0007:0000:0F000000}}{{TAG:0002:0006:}}{{TAG:0007:0009:3C000000}}{{TAG:0000:0004:}}.{{TAG:0007:0000:08000000}}.{{TAG:0007:0000:08000000}}.{{TAG:0007:0000:08000000}}.{{TAG:0007:0000:08000000}}.{{TAG:0007:0000:08000000}}.{{TAG:0007:0000:08000000}}{{TAG:0003:0000:}}Phew{{TAG:0007:0000:08000000}}.{{TAG:0007:0000:08000000}}.{{TAG:0007:0000:08000000}}.{{TAG:0007:0000:08000000}}.{{TAG:0007:0000:08000000}}.{{TAG:0007:0000:08000000}}.{{TAG:0000:0004:}}{{TAG:0002:0005:}}Ain't had to yell like that for ages.{{TAG:0007:0000:1E000000}}
{{TAG:0002:0002:}}I'm seeing spots over here.","
{{TAG:0007:000C:}}{{TAG:000D:0000:01CD}}{{TAG:0002:0007:}}{{TAG:0000:0002:C800}}¡Aaarg!{{TAG:0007:0009:3C000000}}{{TAG:0000:0002:6400}}

{{TAG:0007:000C:}}{{TAG:000D:0000:01CD}}{{TAG:0002:0007:}}{{TAG:0000:0002:9600}}Recuerda:{{TAG:0007:0000:08000000}} 
{{TAG:0000:0002:6400}}{{TAG:0007:000C:}}{{TAG:000D:0000:01CD}}{{TAG:0000:0002:9600}}¡n{{TAG:0000:0002:9600}}ada de reseteos!{{TAG:0000:0002:9600}}{{TAG:0000:0002:6400}}{{TAG:0007:0009:1E000000}}

{{TAG:0007:000C:}}{{TAG:000D:0000:01CD}}{{TAG:0000:0002:9600}}¿Hay algo que todavía
no hayas entendido?{{TAG:0000:0002:6400}}{{TAG:0007:0000:0F000000}}{{TAG:0002:0006:}}
{{TAG:0007:0009:3C000000}}
{{TAG:0007:000C:}}{{TAG:000D:0000:01CD}}{{TAG:0000:0002:9600}}¿No has comprendido el
""nada"" o el ""reseteos""?{{TAG:0000:0002:6400}}{{TAG:0007:0000:0F000000}}{{TAG:0002:0006:}}
{{TAG:0007:0009:3C000000}}
{{TAG:0003:0000:}}Bufff{{TAG:0007:0000:08000000}}.{{TAG:0007:0000:08000000}}.{{TAG:0007:0000:08000000}}.{{TAG:0000:0004:}}{{TAG:0002:0005:}}Hacía tiempo que no gritaba de
esta forma.{{TAG:0007:0000:1E000000}} {{TAG:0002:0002:}}La cabeza me da
vueltas...","
{{TAG:0007:000C:}}{{TAG:000D:0000:01CD}}{{TAG:0002:0007:}}{{TAG:0000:0002:C800}}RHAAAA !{{TAG:0007:0009:3C000000}}{{TAG:0000:0004:}}{{TAG:0000:0002:6400}}{{TAG:0007:000C:}}{{TAG:000D:0000:01CD}}{{TAG:0002:0007:}}{{TAG:0000:0002:9600}}J'AI DIT :{{TAG:0007:0000:08000000}} {{TAG:0000:0002:6400}}{{TAG:0007:000C:}}{{TAG:000D:0000:01CD}}{{TAG:0000:0002:9600}}ON NE
     RÉINITIALISE PAS !{{TAG:0000:0002:6400}}{{TAG:0007:0009:1E000000}}{{TAG:0000:0004:}}{{TAG:0007:000C:}}{{TAG:000D:0000:01CD}}{{TAG:0000:0002:9600}}T'ES COMPLÈTEMENT
BOUCHÉ{{TAG:000E:0006:000002004500}} OU QUOI ?!{{TAG:0000:0002:6400}}{{TAG:0007:0000:0F000000}}{{TAG:0002:0006:}}{{TAG:0007:0009:3C000000}}{{TAG:0000:0004:}}{{TAG:0007:000C:}}{{TAG:000D:0000:01CD}}{{TAG:0000:0002:9600}}LES OREILLES, ÇA SE
LAVE, TU SAIS ?!{{TAG:0000:0002:6400}}{{TAG:0007:0000:0F000000}}{{TAG:0002:0006:}}{{TAG:0007:0009:3C000000}}{{TAG:0000:0004:}}.{{TAG:0007:0000:08000000}}.{{TAG:0007:0000:08000000}}.{{TAG:0007:0000:08000000}}
{{TAG:0003:0000:}}Pfiou{{TAG:0007:0000:08000000}}.{{TAG:0007:0000:08000000}}.{{TAG:0007:0000:08000000}}.{{TAG:0000:0004:}}{{TAG:0002:0005:}}Ça faisait longtemps que je m'étais
pas autant énervé.{{TAG:0007:0000:1E000000}} {{TAG:0002:0002:}}Tu vas me ruiner
mon brushing !","
{{TAG:0007:000C:}}{{TAG:000D:0000:01CD}}{{TAG:0002:0007:}}{{TAG:0000:0002:C800}}ARRRGGGH!{{TAG:0007:0009:3C000000}}{{TAG:0000:0002:6400}}

{{TAG:0007:000C:}}{{TAG:000D:0000:01CD}}{{TAG:0002:0007:}}{{TAG:0000:0002:9600}}TI HO DETTO{{TAG:0007:0000:08000000}}{{TAG:0000:0002:6400}}{{TAG:0007:000C:}}{{TAG:000D:0000:01CD}}
{{TAG:0000:0002:9600}}DI NON RESETTARE!{{TAG:0000:0002:6400}}
{{TAG:0007:0009:1E000000}}

{{TAG:0007:000C:}}{{TAG:000D:0000:01CD}}{{TAG:0000:0002:9600}}HAI CAPITO?!{{TAG:0000:0002:6400}}{{TAG:0007:0000:0F000000}}{{TAG:0002:0006:}}
{{TAG:0007:0009:3C000000}}
{{TAG:0007:000C:}}{{TAG:000D:0000:01CD}}{{TAG:0000:0002:9600}}E ALLORA NON
RESETTARE, NO?!{{TAG:0000:0002:6400}}{{TAG:0007:0000:0F000000}}{{TAG:0002:0006:}}
{{TAG:0007:0009:3C000000}}
{{TAG:0007:0000:08000000}}.{{TAG:0007:0000:08000000}}.{{TAG:0007:0000:08000000}}.
{{TAG:0003:0000:}}Pant{{TAG:0007:0000:08000000}}.{{TAG:0007:0000:08000000}}.{{TAG:0007:0000:08000000}}.{{TAG:0000:0004:}}{{TAG:0002:0005:}}Era da un po' che non urlavo così.{{TAG:0007:0000:1E000000}}
{{TAG:0002:0002:}}Spero di non aver perso la voce!","
{{TAG:0007:000C:}}{{TAG:000D:0000:01CD}}{{TAG:0002:0007:}}{{TAG:0000:0002:C800}}GRAAAH!{{TAG:0000:0002:6400}}{{TAG:0007:0009:3C000000}}

{{TAG:0007:000C:}}{{TAG:000D:0000:01CD}}{{TAG:0002:0007:}}{{TAG:0000:0002:9600}}NICHT AUFHÖREN,
{{TAG:0000:0002:6400}}{{TAG:0007:000C:}}{{TAG:000D:0000:01CD}}{{TAG:0000:0002:9600}}OHNE ZU SPEICHERN!{{TAG:0000:0002:6400}}
{{TAG:0007:0009:1E000000}}
{{TAG:0007:000C:}}{{TAG:000D:0000:01CD}}{{TAG:0000:0002:9600}}WO LIEGT DENN DAS
PROBLEM?{{TAG:0000:0002:6400}}{{TAG:0007:0000:0F000000}}{{TAG:0002:0006:}}
{{TAG:0007:0009:3C000000}}
{{TAG:0007:000C:}}{{TAG:000D:0000:01CD}}{{TAG:0000:0002:9600}}WAS VERSTEHST DU
DARAN NICHT, {{TAG:0007:0000:08000000}}HÄ?{{TAG:0000:0002:6400}}{{TAG:0007:0000:0F000000}}{{TAG:0002:0006:}}
{{TAG:0007:0009:3C000000}}
.{{TAG:0007:0000:08000000}}.{{TAG:0007:0000:08000000}}.{{TAG:0007:0000:08000000}}
{{TAG:0003:0000:}}Puh{{TAG:0007:0000:08000000}}.{{TAG:0007:0000:08000000}}.{{TAG:0007:0000:08000000}}.{{TAG:0000:0004:}}{{TAG:0002:0005:}}Mann, {{TAG:0007:0000:08000000}}ich hab seit Ewigkeiten nicht
mehr so rumschreien müssen.{{TAG:0007:0000:1E000000}} {{TAG:0002:0002:}}Ich
sehe schon Sternchen.","{{TAG:0007:000C:}}{{TAG:000D:0000:01CD}}{{TAG:0002:0007:}}{{TAG:0000:0002:C800}}GRAAAH!{{TAG:0007:0009:3C000000}}{{TAG:0000:0002:6400}}{{TAG:0000:0004:}}{{TAG:0000:0002:C800}}{{TAG:0000:0002:6400}}
{{TAG:0007:000C:}}{{TAG:000D:0000:01CD}}{{TAG:0002:0007:}}{{TAG:0000:0002:9600}}DEDİM Kİ{{TAG:0007:0000:08000000}}{{TAG:0000:0002:6400}}{{TAG:0007:000C:}}{{TAG:000D:0000:01CD}}{{TAG:0000:0002:9600}}SIFIRLAMA YOK!{{TAG:0000:0002:6400}}{{TAG:0007:0009:1E000000}}{{TAG:0000:0004:}}{{TAG:0007:000C:}}{{TAG:000D:0000:01CD}}{{TAG:0000:0002:9600}}
NEYİNİ ANLAMIYORSUN?!{{TAG:0000:0002:6400}}{{TAG:0007:0000:0F000000}}{{TAG:0002:0006:}}{{TAG:0007:0009:3C000000}}{{TAG:0000:0004:}}{{TAG:0007:000C:}}{{TAG:000D:0000:01CD}}{{TAG:0000:0002:9600}}
""YOK"" KISMINI MI, ""SIFIRLAMA""
KISMINI MI?!{{TAG:0000:0002:6400}}{{TAG:0007:0000:0F000000}}{{TAG:0002:0006:}}{{TAG:0007:0009:3C000000}}{{TAG:0000:0004:}}.{{TAG:0007:0000:08000000}}.{{TAG:0007:0000:08000000}}.{{TAG:0007:0000:08000000}}.{{TAG:0007:0000:08000000}}.{{TAG:0007:0000:08000000}}.{{TAG:0007:0000:08000000}}
{{TAG:0003:0000:}}Offf{{TAG:0007:0000:08000000}}.{{TAG:0007:0000:08000000}}.{{TAG:0007:0000:08000000}}.{{TAG:0007:0000:08000000}}.{{TAG:0007:0000:08000000}}.{{TAG:0007:0000:08000000}}.{{TAG:0000:0004:}}{{TAG:0002:0005:}}Uzun zamandır böyle
bağırmamıştım.{{TAG:0007:0000:1E000000}}{{TAG:0002:0002:}}Gözümün önünde
yıldızlar uçuşuyor."
33,034,"{{TAG:0002:0008:}}Know what I think?{{TAG:0007:0000:04000000}} I think ya need
to rethink your thinkin'.{{TAG:0000:0004:}}{{TAG:0007:0000:0F000000}}{{TAG:0002:0002:}}Answer me this, kid: {{TAG:0003:0000:}}Is there a reset
button in real life?{{TAG:0000:0004:}}{{TAG:0002:0002:}}If ya tank a test,{{TAG:0007:0000:08000000}} {{TAG:0002:0005:}}can ya hit rewind
and take it again?{{TAG:0007:0000:08000000}}{{TAG:0000:0004:}}{{TAG:0002:0008:}}{{TAG:0007:0000:08000000}}How 'bout if ya{{TAG:0007:0000:08000000}} {{TAG:0002:0002:}}oversleep? {{TAG:0007:0000:08000000}}{{TAG:0002:0005:}}Can ya
rewind time and get your lazy bones
outta bed?{{TAG:0007:0000:08000000}}{{TAG:0002:0008:}}{{TAG:0007:0000:08000000}} Huh?{{TAG:0007:0000:08000000}}{{TAG:0000:0004:}}{{TAG:0002:0002:}}Course ya can't! Ya know what
that is? {{TAG:0007:0000:08000000}}It's called life!{{TAG:0000:0004:}}{{TAG:0002:0008:}}Look,{{TAG:0007:0000:08000000}} in a game, OK, ya can reset
and try the same thing over and
over again.
{{TAG:0003:0000:}}But ya know what, {{TAG:0005:0000:}}?{{TAG:0007:0000:14000000}}
{{TAG:0002:0002:}}The time ya spent playin'?{{TAG:0007:0000:08000000}} It's gone,
and ya ain't gettin' it back.
{{TAG:0003:0000:}}If this thing or that thing don't go
your way, who cares?{{TAG:0007:0000:08000000}} {{TAG:0002:0002:}}What's the
big deal? {{TAG:0003:0000:}}It's just a game{{TAG:0007:0000:08000000}}.{{TAG:0007:0000:08000000}}.{{TAG:0007:0000:08000000}}.{{TAG:0007:0000:08000000}}
{{TAG:0002:0002:}}.{{TAG:0007:0000:08000000}}.{{TAG:0007:0000:08000000}}.{{TAG:0007:0000:08000000}}.{{TAG:0007:0000:08000000}}.{{TAG:0007:0000:08000000}}{{TAG:0002:0003:}}.{{TAG:0007:0000:08000000}}
Pshhh{{TAG:0007:0000:08000000}}.{{TAG:0007:0000:08000000}}.{{TAG:0007:0000:08000000}}.","{{TAG:0002:0008:}}Me da la impresión{{TAG:0007:0000:04000000}} de que eres
un pelín dur{{TAG:000E:0006:02006F0002006100}} de mollera, ¿no?{{TAG:0000:0004:}}{{TAG:0002:0002:}}No es tan difícil de entender.
{{TAG:0003:0000:}}¿Acaso se puede hacer un
reseteo en la vida real?{{TAG:0000:0004:}}{{TAG:0002:0002:}}¿Puedes volver atrás{{TAG:0007:0000:08000000}} {{TAG:0002:0005:}}cuando metes
la pata hasta el fondo?{{TAG:0007:0000:08000000}} {{TAG:0002:0002:}}¿Cuando tu
madre te ha echado la bronca?
{{TAG:0002:0002:}}¡Por supuesto que no! ¡Por algo
la llamamos vida real! {{TAG:0007:0000:08000000}}¡Es así!{{TAG:0000:0004:}}{{TAG:0002:0008:}}Ya sé, ya sé.{{TAG:0007:0000:08000000}} Esto es un juego y
puedes intentar lo mismo una y
otra vez{{TAG:0007:0000:08000000}} haciendo un reseteo.
{{TAG:0003:0000:}}Pero piensa una cosa, {{TAG:0005:0000:}}.{{TAG:0007:0000:14000000}}
{{TAG:0002:0002:}}¿Y todo el tiempo que llevas
jugando?{{TAG:0007:0000:08000000}} ¡Si reseteas lo pierdes!
{{TAG:0003:0000:}}¿Qué importa que algún detalle
no haya quedado perfecto?{{TAG:0007:0000:08000000}} {{TAG:0003:0000:}}Esto no
es más que un juego{{TAG:0007:0000:08000000}}.{{TAG:0007:0000:08000000}}.{{TAG:0007:0000:08000000}}.{{TAG:0007:0000:08000000}}
{{TAG:0002:0002:}}Pufff{{TAG:0007:0000:08000000}}.{{TAG:0007:0000:08000000}}.{{TAG:0007:0000:08000000}}.","{{TAG:0002:0008:}}Tu sais ce que je crois ?{{TAG:0007:0000:04000000}} Que tu es
plus borné{{TAG:000E:0006:000002006500}} qu'une vieille mule !{{TAG:0000:0004:}}{{TAG:0007:0000:0F000000}}{{TAG:0002:0002:}}Dis-moi, gamin{{TAG:000E:0006:000002006500}} : {{TAG:0003:0000:}}dans la vraie vie,
est-ce que tu peux réinitialiser ?{{TAG:0000:0004:}}{{TAG:0002:0002:}}Quand tu foires une interro,{{TAG:0007:0000:08000000}} {{TAG:0002:0005:}}est-ce
que tu peux remonter le temps et
la repasser ?{{TAG:0007:0000:08000000}}{{TAG:0000:0004:}}{{TAG:0002:0008:}}{{TAG:0007:0000:08000000}}Quand tu rates ton train,{{TAG:0007:0000:08000000}} {{TAG:0002:0002:}}tu crois
que tu peux rembobiner{{TAG:0007:0000:08000000}}{{TAG:0002:0005:}} et te 
pointer à l'heure ?{{TAG:0007:0000:08000000}}
{{TAG:0002:0008:}}{{TAG:0007:0000:08000000}}Hein ? Dis ?{{TAG:0007:0000:08000000}}{{TAG:0000:0004:}}{{TAG:0002:0002:}}Bien sûr que non, tête de pioche !
Et tu sais pourquoi ? {{TAG:0007:0000:08000000}}Parce que
C'EST LA VIE !{{TAG:0000:0004:}}{{TAG:0002:0008:}}OK,{{TAG:0007:0000:08000000}} d'accord, dans un jeu personne
ne peut t'empêcher de réinitialiser
et de retenter ta chance.
{{TAG:0003:0000:}}Mais, tu ne trouves pas ça
dommage ?{{TAG:0007:0000:14000000}} {{TAG:0002:0002:}}Tout le temps passé à
jouer, perdu à jamais ! Envolé !
{{TAG:0003:0000:}}Tu as vraiment besoin de contrôler
le moindre détail ?{{TAG:0007:0000:08000000}} {{TAG:0002:0002:}}Relax, Max !
{{TAG:0003:0000:}}C'est juste un jeu{{TAG:0007:0000:08000000}}.{{TAG:0007:0000:08000000}}.{{TAG:0007:0000:08000000}}.{{TAG:0007:0000:08000000}}
{{TAG:0002:0002:}}.{{TAG:0007:0000:08000000}}.{{TAG:0007:0000:08000000}}.{{TAG:0007:0000:08000000}}
{{TAG:0002:0003:}}Brrr{{TAG:0007:0000:08000000}}.{{TAG:0007:0000:08000000}}.{{TAG:0007:0000:08000000}}.","{{TAG:0002:0008:}}Sai cosa penso?{{TAG:0007:0000:04000000}} Che devi avere
la testa più dura di una cassaforte.{{TAG:0000:0004:}}{{TAG:0007:0000:0F000000}}{{TAG:0002:0002:}}Dimmi un po' ragazz{{TAG:000E:0006:02006F0002006100}}: {{TAG:0003:0000:}}ti sembra
che nella vita si possa resettare?{{TAG:0000:0004:}}{{TAG:0002:0002:}}Se sbagli un compito in classe,{{TAG:0007:0000:08000000}}{{TAG:0002:0005:}}
ti pare che si possa tornare
indietro nel tempo e rifarlo?{{TAG:0000:0004:}}{{TAG:0002:0008:}}{{TAG:0007:0000:08000000}}Oppure, diciamo che{{TAG:0007:0000:08000000}} {{TAG:0002:0002:}}non senti la
sveglia!{{TAG:0007:0000:08000000}}{{TAG:0002:0005:}} Puoi forse andare indietro
nel tempo e svegliarti prima?
{{TAG:0002:0008:}}Eh?{{TAG:0000:0004:}}{{TAG:0002:0002:}}Certo che non puoi!
{{TAG:0007:0000:08000000}}Il mondo non funziona mica così!{{TAG:0000:0004:}}{{TAG:0002:0008:}}Vedi,{{TAG:0007:0000:08000000}} di solito nei giochi si può
resettare e riprovare da capo.
{{TAG:0003:0000:}}Ma pensaci bene, {{TAG:0005:0000:}}.
{{TAG:0002:0002:}}Tutto il tempo che hai passato
a giocare prima di spegnere?{{TAG:0007:0000:08000000}}
Quello lo perdi per sempre, no?
{{TAG:0003:0000:}}Anche se qualcosina non è andata
esattamente come volevi tu...{{TAG:0007:0000:08000000}}
{{TAG:0002:0002:}}Chi se ne importa! {{TAG:0003:0000:}}È solo un gioco{{TAG:0007:0000:08000000}}.{{TAG:0007:0000:08000000}}.{{TAG:0007:0000:08000000}}.{{TAG:0007:0000:08000000}}
{{TAG:0002:0002:}}{{TAG:0007:0000:08000000}}.{{TAG:0007:0000:08000000}}.{{TAG:0007:0000:08000000}}{{TAG:0002:0003:}}.{{TAG:0007:0000:08000000}}
Bah{{TAG:0007:0000:08000000}}.{{TAG:0007:0000:08000000}}.{{TAG:0007:0000:08000000}}.","{{TAG:0002:0008:}}Weißte, was ich glaube?{{TAG:0007:0000:14000000}} Ich glaube,
jemand so Unbelehrbares wie dich
habe ich mein Lebtag nicht gesehen.
{{TAG:0007:0000:0F000000}}{{TAG:0002:0002:}}Kurze Frage: {{TAG:0007:0000:08000000}}{{TAG:0003:0000:}}Kann man im echten
Leben auch einfach neu starten,
wenn einem was nicht passt?
{{TAG:0002:0008:}}{{TAG:0007:0000:08000000}}Wenn du zum Beispiel{{TAG:0007:0000:08000000}} {{TAG:0002:0002:}}verschläfst...
{{TAG:0007:0000:08000000}}{{TAG:0002:0005:}}Kannste dann die Zeit zurückdrehen
und rechtzeitig aufstehen?{{TAG:0007:0000:08000000}}{{TAG:0002:0008:}}{{TAG:0007:0000:08000000}} Na?{{TAG:0000:0004:}}{{TAG:0002:0002:}}Natürlich nicht! {{TAG:0007:0000:14000000}}Weißt du, was das
ist? {{TAG:0007:0000:14000000}}Das Leben!{{TAG:0000:0004:}}{{TAG:0002:0008:}}Ja,{{TAG:0007:0000:08000000}} in 'nem Spiel kann man dieselbe
Sache immer wieder versuchen, bis
es dann mal läuft wie gewünscht...
{{TAG:0003:0000:}}Aber hör mal, {{TAG:0007:0000:08000000}}{{TAG:0005:0000:}}.{{TAG:0007:0000:14000000}}
{{TAG:0002:0002:}}Die Zeit, die du beim Spielen
verbraten hast?{{TAG:0007:0000:14000000}} Die ist weg!
{{TAG:0003:0000:}}Wenn mal was nicht klappt, {{TAG:0007:0000:08000000}}na
und?{{TAG:0007:0000:14000000}} {{TAG:0002:0002:}}Wen juckt's?{{TAG:0007:0000:14000000}} {{TAG:0003:0000:}}Es ist nur ein
Spiel...
{{TAG:0002:0002:}}.{{TAG:0007:0000:08000000}}.{{TAG:0002:0003:}}.{{TAG:0007:0000:08000000}}
Pah...","{{TAG:0002:0008:}}Ben ne düşünüyorum biliyor
musun?{{TAG:0007:0000:04000000}}
Düşünme şeklini yeniden
düşünmelisin.{{TAG:0000:0004:}}{{TAG:0007:0000:0F000000}}{{TAG:0002:0002:}}
Şunu cevapla evlat:{{TAG:0003:0000:}}Gerçek
hayatta sıfırlama
tuşu var mı?{{TAG:0000:0004:}}{{TAG:0002:0002:}}Sınavı batırırsan{{TAG:0007:0000:08000000}}{{TAG:0002:0005:}}
geri sarıp
yeniden girebilir misin?{{TAG:0007:0000:08000000}}{{TAG:0000:0004:}}{{TAG:0002:0008:}}{{TAG:0007:0000:08000000}}Ya{{TAG:0007:0000:08000000}}{{TAG:0002:0002:}}
uyuyakalınca?{{TAG:0007:0000:08000000}}{{TAG:0002:0005:}}
Zamanı geri sarıp tembel
kemiklerini yataktan çıkarabilir misin?{{TAG:0007:0000:08000000}}{{TAG:0002:0008:}}{{TAG:0007:0000:08000000}} Hı?{{TAG:0007:0000:08000000}}{{TAG:0000:0004:}}{{TAG:0002:0002:}}
Tabii ki hayır! Buna ne denir
biliyor musun?
{{TAG:0007:0000:08000000}}Hayat!{{TAG:0000:0004:}}{{TAG:0002:0008:}}Bak,{{TAG:0007:0000:08000000}} oyunda aynı şeyi
tekrar tekrar
denemek için sıfırlayabilirsin.{{TAG:0003:0000:}}
Ama biliyor
musun,{{TAG:0005:0000:}}?{{TAG:0007:0000:14000000}}{{TAG:0002:0002:}}Oynarken harcadığın
zaman?{{TAG:0007:0000:08000000}}
Gitti. Geri gelmez.{{TAG:0003:0000:}}Bir şey
istediğin gibi
gitmedi diye ne olmuş?{{TAG:0007:0000:08000000}}{{TAG:0002:0002:}}Ne büyük mesele?
{{TAG:0003:0000:}}Sonuçta oyun{{TAG:0007:0000:08000000}}.{{TAG:0007:0000:08000000}}.{{TAG:0007:0000:08000000}}.{{TAG:0007:0000:08000000}}{{TAG:0002:0002:}}.{{TAG:0007:0000:08000000}}.{{TAG:0007:0000:08000000}}.{{TAG:0007:0000:08000000}}.{{TAG:0007:0000:08000000}}.{{TAG:0007:0000:08000000}}{{TAG:0002:0003:}}.{{TAG:0007:0000:08000000}}
Pöff{{TAG:0007:0000:08000000}}.{{TAG:0007:0000:08000000}}.{{TAG:0007:0000:08000000}}."
34,035,"""What's up with this mole?{{TAG:0007:0000:08000000}}
{{TAG:0002:0002:}}How long's he gonna yell at me?""{{TAG:0007:0000:08000000}}
{{TAG:0002:0005:}}Yeah, that's the face you're makin'.
{{TAG:0003:0000:}}All right. Whatever.{{TAG:0007:0000:14000000}} Maybe I overdid
it a bit. All this yappin's got me real
worn out.
{{TAG:0002:0008:}}Bet you're tired of it too, huh?{{TAG:0007:0000:08000000}}
Let's call it a day, all right?{{TAG:0007:0000:1E000000}} {{TAG:0002:0002:}}But ya
gotta promise me!
{{TAG:0003:0000:}}When you're done playin',{{TAG:0007:0000:08000000}} {{TAG:0002:0002:}}ya gotta
SAVE before ya quit!
{{TAG:0003:0000:}}.{{TAG:0007:0000:08000000}}.{{TAG:0007:0000:08000000}}.{{TAG:0007:0000:08000000}}{{TAG:0002:0002:}}We clear?!","Imagino lo que estarás pensando.{{TAG:0007:0000:08000000}}
{{TAG:0002:0002:}}""¿Es que este topo pesado no va
a parar nunca de darme la brasa?""{{TAG:0007:0000:08000000}}
{{TAG:0002:0005:}}Se te nota en la cara. {{TAG:0003:0000:}}Bueno, ejem...{{TAG:0007:0000:14000000}}
Quizá me he pasado un poco.{{TAG:0007:0000:08000000}} Estas
cosas me ponen muy nervioso.
{{TAG:0002:0008:}}Supongo que tú también estarás
cansad{{TAG:000E:0006:02006F0002006100}} de oírme, ¿no?{{TAG:0007:0000:08000000}} Dejémoslo
estar.{{TAG:0007:0000:1E000000}} {{TAG:0002:0002:}}¡Pero prométeme algo!
{{TAG:0003:0000:}}Cuando dejes de jugar,{{TAG:0007:0000:08000000}} {{TAG:0002:0002:}}¡guarda
la partida!{{TAG:0007:0000:14000000}} Si no{{TAG:0003:0000:}}.{{TAG:0007:0000:08000000}}.{{TAG:0007:0000:08000000}}.{{TAG:0007:0000:08000000}} {{TAG:0002:0002:}}¡ya sabes la
que te espera conmigo!","« Qu'est-ce qu'il a celui-là ?{{TAG:0007:0000:08000000}} {{TAG:0002:0002:}}Il va
continuer son sermon longtemps ? »{{TAG:0007:0000:08000000}}
{{TAG:0002:0005:}}C'est ce que je lis sur ton visage.
{{TAG:0003:0000:}}D'accord. OK.{{TAG:0007:0000:14000000}} J'en ai peut-être fait
un peu trop. Ça m'épuise de me
mettre dans des états pareils.
{{TAG:0002:0008:}}Ça ne te fatigue pas, toi ?{{TAG:0007:0000:08000000}} Bon, on
va arrêter pour aujourd'hui, OK ?{{TAG:0007:0000:1E000000}}
{{TAG:0002:0002:}}Mais ! Tu dois me promettre...
{{TAG:0003:0000:}}Avant de quitter le jeu,{{TAG:0007:0000:08000000}} {{TAG:0002:0002:}}tu
SAUVEGARDES bien sagement !{{TAG:0000:0004:}}{{TAG:0007:0000:14000000}}{{TAG:0003:0000:}}.{{TAG:0007:0000:08000000}}.{{TAG:0007:0000:08000000}}.{{TAG:0007:0000:08000000}}{{TAG:0002:0002:}} Sinon, tu vas avoir affaire à moi,
c'est bien compris ?!","""Ma che vuole questa talpa da me?{{TAG:0007:0000:08000000}}
{{TAG:0002:0002:}}Quand'è che mi lascerà in pace?""{{TAG:0000:0004:}}{{TAG:0002:0005:}}So benissimo che stai pensando
qualcosa del genere!{{TAG:0000:0004:}}{{TAG:0003:0000:}}OK, OK. Non hai tutti i torti.{{TAG:0007:0000:14000000}}
Diciamo che potrei aver esagerato
un pochino...
{{TAG:0002:0008:}}Sono sicuro che ne hai avuto
abbastanza.{{TAG:0007:0000:08000000}} Facciamo la pace,
dai.{{TAG:0007:0000:1E000000}} {{TAG:0002:0002:}}Ma devi promettermi una cosa!
{{TAG:0003:0000:}}Quando smetti di giocare,{{TAG:0007:0000:08000000}} {{TAG:0002:0002:}}devi
assolutamente salvare!{{TAG:0007:0000:14000000}} Intesi?
{{TAG:0003:0000:}}.{{TAG:0007:0000:08000000}}.{{TAG:0007:0000:08000000}}.{{TAG:0007:0000:08000000}}{{TAG:0002:0002:}} Hai capito bene?","„Was will dieser Maulwurf von mir?{{TAG:0007:0000:14000000}}
{{TAG:0002:0002:}}Wie lang will der noch labern?“{{TAG:0007:0000:14000000}}
{{TAG:0002:0005:}}Ich weiß, dass du das denkst.
{{TAG:0003:0000:}}Na gut.{{TAG:0007:0000:14000000}} Vielleicht hab ich es
übertrieben.{{TAG:0007:0000:14000000}} Langsam werde ich
selbst müde.
{{TAG:0002:0008:}}Du wahrscheinlich auch, {{TAG:0007:0000:08000000}}was?{{TAG:0007:0000:14000000}}
Machen wir Schluss,{{TAG:0007:0000:08000000}} ja?{{TAG:0007:0000:1E000000}} {{TAG:0002:0002:}}Aber
versprich mir was!
{{TAG:0003:0000:}}Bevor du aufhörst zu spielen,
{{TAG:0002:0002:}}SPEICHERST du ordentlich das
Spiel!{{TAG:0007:0000:14000000}} Sonst komme ich wieder!
{{TAG:0002:0002:}}Alles klar?","""Bu köstebeğin derdi ne?{{TAG:0007:0000:08000000}}
{{TAG:0002:0002:}}Daha ne kadar bağıracak?""{{TAG:0007:0000:08000000}}{{TAG:0002:0005:}}Evet,
suratındaki ifade tam bu.{{TAG:0003:0000:}}Tamam,
tamam.{{TAG:0007:0000:14000000}}
Belki biraz abarttım. Bu kadar
konuşmak beni
yordu.{{TAG:0002:0008:}}Sen de bıktın, değil mi?{{TAG:0007:0000:08000000}}
Bugünlük kapatalım.{{TAG:0007:0000:1E000000}}{{TAG:0002:0002:}}Ama bana söz ver!
{{TAG:0003:0000:}}Oyun bittiğinde{{TAG:0007:0000:08000000}}{{TAG:0002:0002:}}çıkmadan ÖNCE KAYDET!
{{TAG:0003:0000:}}.{{TAG:0007:0000:08000000}}.{{TAG:0007:0000:08000000}}.{{TAG:0007:0000:08000000}}{{TAG:0002:0002:}}Anlaştık mı?!"
35,036,"{{TAG:0002:0008:}}Oh, yeah, {{TAG:0007:0000:08000000}}one last thing...{{TAG:0000:0004:}}{{TAG:0003:0000:}}Ya know how sometimes you get to
a point in a conversation where the
whole thing's a ""mute"" point?
{{TAG:0002:0002:}}Well it ain't on mute!{{TAG:0007:0000:08000000}} The point's
""moot""!{{TAG:0007:0000:08000000}} ""MOOT""!{{TAG:0007:0000:08000000}} Like a cow!{{TAG:0007:0000:08000000}} Ya
can't mute a cow!
{{TAG:0007:0000:04000000}}{{TAG:0003:0000:}}That's my language tip of the day.
{{TAG:0002:0005:}}Whaddya want? I'm a cultured mole.{{TAG:0000:0004:}}
{{TAG:0003:0000:}}     {{TAG:000D:0009:}}{{TAG:0000:0002:C800}}NOW SCRAM!{{TAG:0000:0002:6400}}{{TAG:000D:000A:}}{{TAG:0007:0009:1E000000}}","{{TAG:0002:0008:}}¡Ah, sí!{{TAG:0007:0000:08000000}} Una última cosa...{{TAG:0000:0004:}}{{TAG:0003:0000:}}Esa salsa blanca con la que están
tan ricos los espárragos...{{TAG:0007:0000:0F000000}} no se
llama {{TAG:0007:0000:08000000}}""bayonesa"".
¡Se llama ""mayonesa"", {{TAG:0007:0000:1E000000}}{{TAG:0007:0001:}}{{TAG:0002:0002:}}con ""m""!
{{TAG:0007:0000:04000000}}{{TAG:0003:0000:}}Sí, me importa que se hable bien.
{{TAG:0003:001B:}}¡Soy un topo con estudios!

{{TAG:0003:0000:}}            {{TAG:000D:0009:}}{{TAG:0000:0002:C800}}¡Lárgate!{{TAG:0000:0002:6400}}{{TAG:000D:000A:}}{{TAG:0007:0009:1E000000}}","{{TAG:0002:0008:}}Ah ouais, {{TAG:0007:0000:08000000}}encore un truc...{{TAG:0000:0004:}}{{TAG:0003:0000:}}Tu savais que le couscous n'est
pas seulement un délicieux plat
exotique ?{{TAG:0007:0000:0F000000}} C'est aussi un marsupial !
{{TAG:0002:0002:}}NON, il ne se mange pas !
{{TAG:0007:0000:04000000}}{{TAG:0003:0000:}}C'était la minute éducative du jour.
{{TAG:0002:0005:}}C'est que je suis culturé, moi !

{{TAG:0003:0000:}}{{TAG:000D:0009:}}{{TAG:0000:0002:C800}}ALLEZ, FILE !{{TAG:0000:0002:6400}}{{TAG:000D:000A:}}{{TAG:0007:0009:1E000000}}","{{TAG:0002:0008:}}Ah, dimenticavo, scusa... {{TAG:0007:0000:08000000}}
Un'ultima cosa...{{TAG:0000:0004:}}{{TAG:0003:0000:}}Non si mette l'apostrofo quando si
scrive ""qual è"", capito? Anche se non
ti sembra grave...{{TAG:0007:0001:}} {{TAG:0002:0002:}}{{TAG:000D:0000:00CD}}Non mettercelo!

{{TAG:0003:0000:}} {{TAG:000D:0009:}}{{TAG:0000:0002:C800}}ORA PUSSA VIA!{{TAG:0000:0002:6400}}{{TAG:000D:000A:}}{{TAG:0007:0009:1E000000}}","{{TAG:0002:0008:}}Ach ja, eine Sache noch...{{TAG:0000:0004:}}{{TAG:0002:0002:}}Ich versteh nicht, warum die Leute
„Stalagmiten“ und „Stalaktiten“
verwechseln.
{{TAG:0003:001B:}}An Stalaktiten stößt man sich den
Kopf, Stalagmiten piken einen ins
Gesäß! {{TAG:0007:0000:14000000}}„K“ wie Kopf, {{TAG:0007:0000:08000000}}„g“ wie Gesäß!
{{TAG:0002:0002:}}Ich führe Buch darüber, was mich
wohin pikt, wenn ich zu jemandem
rase, der nicht gespeichert hat!

{{TAG:0003:0000:}}{{TAG:000D:0009:}}{{TAG:0000:0002:B400}}JETZT ZIEH LEINE!{{TAG:0000:0002:6400}}{{TAG:000D:000A:}}{{TAG:0007:0009:1E000000}}","{{TAG:0002:0008:}}Ha,{{TAG:0007:0000:08000000}}son bir şey...{{TAG:0000:0004:}}{{TAG:0003:0000:}}Bazen insanlar
""malesef"" yazıyor ya?{{TAG:0002:0002:}}Doğrusu
""maalesef""!{{TAG:0007:0000:08000000}}
İki A!{{TAG:0007:0000:08000000}} ""MAALESEF""!{{TAG:0007:0000:08000000}}{{TAG:0007:0000:08000000}}Üzücü diye
harfini de
üzmeyin!{{TAG:0007:0000:04000000}}{{TAG:0003:0000:}}Bugünün dil dersi bu.{{TAG:0002:0005:}}Ne var?
Kültürlü köstebeğim ben.{{TAG:0000:0004:}}
{{TAG:0003:0000:}}{{TAG:000D:0009:}}{{TAG:0000:0002:C800}}ŞİMDİ TÜY!{{TAG:0000:0002:6400}}{{TAG:000D:000A:}}{{TAG:0007:0009:1E000000}}"
36,037,,,,,,
37,038,,,,,,
38,039,,,,,,
39,040,,,,,,
40,041,"{{TAG:0002:0008:}}Hey,{{TAG:0007:0000:0F000000}} I'm with the Reset Cen.{{TAG:0007:0000:08000000}}.{{TAG:0007:0000:08000000}}.{{TAG:0007:0000:0F000000}}
{{TAG:0002:0005:}}Huh?","{{TAG:0002:0008:}}Hola,{{TAG:0007:0000:0F000000}} soy del Centro de Vigilanc.{{TAG:0007:0000:08000000}}.{{TAG:0007:0000:08000000}}.{{TAG:0007:0000:0F000000}}
{{TAG:0002:0005:}}¿Eh?","{{TAG:0002:0008:}}Bonjour !{{TAG:0007:0000:0F000000}} Resetti, du centre de
surv.{{TAG:0007:0000:08000000}}.{{TAG:0007:0000:08000000}}.{{TAG:0007:0000:0F000000}}
{{TAG:0002:0005:}}Mais ?!","{{TAG:0002:0008:}}Ciao,{{TAG:0007:0000:0F000000}} senti, io vengo dal Centro
Sorveglianza Res.{{TAG:0007:0000:08000000}}.{{TAG:0007:0000:08000000}}.{{TAG:0007:0000:0F000000}} {{TAG:0002:0005:}}Eh?","{{TAG:0002:0008:}}Huhu!{{TAG:0007:0000:0F000000}} Ich komme vom Büro für...{{TAG:0007:0000:0F000000}}
{{TAG:0002:0005:}}Hä?","{{TAG:0002:0008:}}Hey,{{TAG:0007:0000:0F000000}} Reset Merke{{TAG:0007:0000:08000000}}.{{TAG:0007:0000:08000000}}.{{TAG:0007:0000:0F000000}}
{{TAG:0002:0005:}}Hı?"
41,042,"{{TAG:0002:0002:}}Oh, here you are{{TAG:0007:0000:08000000}}.{{TAG:0007:0000:08000000}}.{{TAG:0007:0000:08000000}}.{{TAG:0007:0000:1E000000}}{{TAG:0000:0004:}}{{TAG:0002:0008:}}Hey,{{TAG:0007:0000:0F000000}} it's me from the Reset Center.{{TAG:0007:0000:0F000000}}
Can I get a few minutes of your
time? Thanks.
{{TAG:0003:0000:}}So, uh,{{TAG:0007:0000:08000000}} last time ya played,{{TAG:0007:0000:0F000000}}
{{TAG:0002:0002:}}looks like ya quit without savin'.{{TAG:0007:0000:08000000}}
{{TAG:0002:0008:}}How'd that happen?{{TAG:000F:0001:000000002800}}
I wanted to reset.
My batteries died.
I don't remember.","{{TAG:0002:0002:}}Ah, estás aquí{{TAG:0007:0000:08000000}}.{{TAG:0007:0000:08000000}}.{{TAG:0007:0000:08000000}}.{{TAG:0007:0000:1E000000}}{{TAG:0000:0004:}}{{TAG:0002:0008:}}Soy yo,{{TAG:0007:0000:0F000000}} del Centro de Vigilancia
de Reseteos.{{TAG:0007:0000:0F000000}} ¿Puedes atenderme
un momento? Gracias.
{{TAG:0003:0000:}}Así que{{TAG:0007:0000:08000000}} la última vez que jugaste{{TAG:0007:0000:0F000000}}
{{TAG:0002:0002:}}olvidaste guardar la partida antes
de salir.{{TAG:0007:0000:08000000}} {{TAG:0002:0008:}}¿Y eso por qué?{{TAG:000F:0001:000000002800}}
Para hacer un reseteo
Me quedé sin batería
No me acuerdo ahora","{{TAG:0002:0002:}}Aaah, tiens donc{{TAG:0007:0000:08000000}}.{{TAG:0007:0000:08000000}}.{{TAG:0007:0000:08000000}}.{{TAG:0007:0000:1E000000}}{{TAG:0000:0004:}}{{TAG:0002:0008:}}Ouais,{{TAG:0007:0000:0F000000}} c'est moi, Resetti, du centre{{TAG:0007:0000:0F000000}}
de surveillance Resetti. Tu aurais
deux minutes ? Merci d'avance.
{{TAG:0003:0000:}}Alors, euh,{{TAG:0007:0000:08000000}} la dernière fois que tu as{{TAG:0007:0000:0F000000}}
joué,{{TAG:0002:0002:}} tu as quitté sans sauvegarder,
{{TAG:0002:0008:}}hein ? Un problème ?{{TAG:000F:0001:000000002800}}
Je voulais réinitialiser.
Ma batterie est morte.
Je me souviens pas.","{{TAG:0002:0002:}}Ah, eccoti qui{{TAG:0007:0000:08000000}}.{{TAG:0007:0000:08000000}}.{{TAG:0007:0000:08000000}}.{{TAG:0007:0000:1E000000}}{{TAG:0000:0004:}}{{TAG:0002:0008:}}Dunque,{{TAG:0007:0000:0F000000}} mi manda il Centro
Sorveglianza Resetti.{{TAG:0007:0000:0F000000}} Ho bisogno
di chiederti una cosa.{{TAG:0000:0004:}}{{TAG:0003:0000:}}Ecco, vedi,{{TAG:0007:0000:08000000}} l'ultima volta che hai
giocato,{{TAG:0007:0000:0F000000}} {{TAG:0002:0002:}}hai spento senza salvare.{{TAG:0007:0000:08000000}}
{{TAG:0002:0008:}}Cos'è successo?{{TAG:000F:0001:000000002800}}
Volevo resettare.
È finita la batteria.
Non me lo ricordo.","{{TAG:0002:0002:}}Ach, da biste ja...{{TAG:0000:0004:}}{{TAG:0002:0008:}}Jedenfalls bin ich vom Büro für{{TAG:0007:0000:14000000}}
Unerlaubtes Ausschalten.{{TAG:0007:0000:14000000}} Dauert
nicht lang...
{{TAG:0003:0000:}}Die Sache ist die, {{TAG:0007:0000:08000000}}du hast dein
letztes Spiel beendet,{{TAG:0007:0000:08000000}} {{TAG:0002:0002:}}ohne zu
speichern. {{TAG:0007:0000:14000000}}{{TAG:0002:0008:}}Was war da denn los?{{TAG:000F:0001:000000002800}}
Neuanfang war fällig!
Batterie war leer!
Weiß nicht mehr...","{{TAG:0002:0002:}}Aa, buradasın{{TAG:0007:0000:08000000}}.{{TAG:0007:0000:08000000}}.{{TAG:0007:0000:08000000}}.{{TAG:0007:0000:1E000000}}{{TAG:0000:0004:}}{{TAG:0002:0008:}}Hey,{{TAG:0007:0000:0F000000}} Reset
Merkezi'nden ben.{{TAG:0007:0000:0F000000}} Birkaç
dakikanı alabilir
miyim? Sağ ol.{{TAG:0003:0000:}}Şey,{{TAG:0007:0000:08000000}} son
oynayışında{{TAG:0007:0000:0F000000}}
{{TAG:0002:0002:}}kaydetmeden çıkmışsın gibi.{{TAG:0007:0000:08000000}}{{TAG:0002:0008:}}Nasıl oldu?{{TAG:000F:0001:000000002800}}
Sıfırlamak istedim.
Pilim bitti.
Hatırlamıyorum."
42,043,"{{TAG:0002:0008:}}What's that?{{TAG:0007:0000:08000000}} Really?{{TAG:0007:0000:1E000000}}{{TAG:0000:0004:}}{{TAG:0003:0000:}}In that case,{{TAG:0007:0000:08000000}} gimme just one
second, will ya?{{TAG:0007:0000:1E000000}} Kaff kaff!{{TAG:0007:0001:}}
{{TAG:0002:0002:}}{{TAG:000D:0000:00CD}}HERE WE GO!","{{TAG:0002:0008:}}No me digas.{{TAG:0007:0000:08000000}} ¿En serio?{{TAG:0007:0000:1E000000}}{{TAG:0000:0004:}}{{TAG:0003:0000:}}En ese caso,{{TAG:0007:0000:08000000}} espera un segundo
y estoy contigo, ¿vale? ¡Cof, cof!{{TAG:0007:0000:1E000000}}
{{TAG:0002:0002:}}{{TAG:000D:0000:00CD}}¡Allá vamos!","{{TAG:0002:0008:}}Ah oui ?{{TAG:0007:0000:08000000}} C'est vrai ?{{TAG:0007:0000:1E000000}}{{TAG:0000:0004:}}{{TAG:0003:0000:}}Dans ce cas,{{TAG:0007:0000:08000000}} donne-moi juste une
seconde, je prends mes pastilles
pour la gorge. Merci de patienter.{{TAG:0007:0000:1E000000}}
{{TAG:0002:0002:}}{{TAG:000D:0000:00CD}}3-2-1, C'EST PARTI MON KIKI !","{{TAG:0002:0008:}}Ah sì, eh?{{TAG:0007:0000:08000000}} Dici davvero?{{TAG:0007:0000:1E000000}}{{TAG:0000:0004:}}{{TAG:0003:0000:}}Bene bene. In tal caso,{{TAG:0007:0000:08000000}} dammi solo
un minuto, scusa... Ahem...{{TAG:0007:0000:1E000000}}
{{TAG:0002:0002:}}{{TAG:000D:0000:00CD}}OK! SONO PRONTO!","{{TAG:0002:0008:}}Oh nein!{{TAG:0007:0000:08000000}} Wirklich?{{TAG:0000:0004:}}{{TAG:0003:0000:}}Jetzt muss ich mich erst mal ein
bisschen sammeln...{{TAG:0007:0000:1E000000}}
{{TAG:0002:0002:}}{{TAG:000D:0000:00CD}}LOS GEHT'S!{{TAG:0007:0008:1E000000}}","{{TAG:0002:0008:}}Ne dedin?{{TAG:0007:0000:08000000}} Cidden mi?{{TAG:0007:0000:1E000000}}{{TAG:0000:0004:}}{{TAG:0003:0000:}}Öyleyse{{TAG:0007:0000:08000000}} bir
saniye ver.{{TAG:0007:0000:1E000000}} Öhö öhö!{{TAG:0007:0001:}}{{TAG:0002:0002:}}{{TAG:000D:0000:00CD}}BAŞLIYORUZ!"
43,044,"
{{TAG:0007:000C:}}{{TAG:000D:0000:01CD}}{{TAG:0002:0007:}}{{TAG:0000:0002:C800}}GRAAAH!{{TAG:0007:0009:3C000000}}{{TAG:0000:0002:6400}}{{TAG:0000:0004:}}
{{TAG:0000:0002:C800}}{{TAG:0000:0002:6400}}{{TAG:0007:000C:}}{{TAG:000D:0000:01CD}}{{TAG:0002:0007:}}{{TAG:0000:0002:9600}}IT'S YOU AGAIN!{{TAG:0007:0000:08000000}}{{TAG:0000:0002:6400}}{{TAG:0007:0009:1E000000}}{{TAG:0000:0004:}}{{TAG:0007:000C:}}{{TAG:000D:0000:01CD}}{{TAG:0000:0002:9600}}HOW MANY TIMES WE
GOTTA DO THIS?{{TAG:0000:0002:6400}}{{TAG:0007:0009:32000000}}","
{{TAG:0007:000C:}}{{TAG:000D:0000:01CD}}{{TAG:0002:0007:}}{{TAG:0000:0002:C800}}¡Aaarg!{{TAG:0007:0009:3C000000}}{{TAG:0000:0002:6400}}


{{TAG:0007:000C:}}{{TAG:000D:0000:01CD}}{{TAG:0002:0007:}}{{TAG:0000:0002:9600}}¡Otra vez tú!{{TAG:0007:0000:08000000}}{{TAG:0000:0002:6400}}
{{TAG:0007:0009:1E000000}}
{{TAG:0007:000C:}}{{TAG:000D:0000:01CD}}{{TAG:0000:0002:9600}}¡¿Cuántas veces tendré
que repetir esto?!{{TAG:0000:0002:6400}}{{TAG:0007:0009:32000000}}","
{{TAG:0007:000C:}}{{TAG:000D:0000:01CD}}{{TAG:0002:0007:}}{{TAG:0000:0002:C800}}{{TAG:0000:0002:C800}}RHAAAA {{TAG:0000:0002:C800}}!{{TAG:0007:0009:3C000000}}{{TAG:0000:0002:6400}}


{{TAG:0007:000C:}}{{TAG:000D:0000:01CD}}{{TAG:0002:0007:}}{{TAG:0000:0002:9600}}TOI, TOI,
            ENCORE TOI !{{TAG:0007:0000:08000000}}{{TAG:0000:0002:6400}}
{{TAG:0007:0009:1E000000}}
{{TAG:0007:000C:}}{{TAG:000D:0000:01CD}}{{TAG:0000:0002:9600}}POURQUOI,
             POURQUOI ?!{{TAG:0000:0002:6400}}{{TAG:0007:0009:32000000}}","
{{TAG:0007:000C:}}{{TAG:000D:0000:01CD}}{{TAG:0002:0007:}}{{TAG:0000:0002:C800}}AAARRRGGGH!{{TAG:0007:0009:3C000000}}{{TAG:0000:0002:6400}}


{{TAG:0007:000C:}}{{TAG:000D:0000:01CD}}{{TAG:0002:0007:}}{{TAG:0000:0002:9600}}DI NUOVO TU!{{TAG:0007:0000:08000000}}{{TAG:0000:0002:6400}}
{{TAG:0007:0009:1E000000}}
{{TAG:0007:000C:}}{{TAG:000D:0000:01CD}}{{TAG:0000:0002:9600}}QUANTE VOLTE
TE LO DEVO DIRE?{{TAG:0000:0002:6400}}{{TAG:0007:0009:32000000}}","
{{TAG:0007:000C:}}{{TAG:000D:0000:01CD}}{{TAG:0002:0007:}}{{TAG:0000:0002:C800}}GRAAAH!{{TAG:0007:0009:3C000000}}{{TAG:0000:0002:6400}}


{{TAG:0007:000C:}}{{TAG:000D:0000:01CD}}{{TAG:0002:0007:}}{{TAG:0000:0002:9600}}DU WIEDER!{{TAG:0007:0000:08000000}}{{TAG:0000:0002:6400}}
{{TAG:0007:0009:1E000000}}
{{TAG:0007:000C:}}{{TAG:000D:0000:01CD}}{{TAG:0000:0002:9600}}WIE OFT MÜSSEN WIR
DAS DENN NOCH
DURCHKAUEN?{{TAG:0000:0002:6400}}{{TAG:0007:0009:32000000}}","{{TAG:0007:000C:}}{{TAG:000D:0000:01CD}}{{TAG:0002:0007:}}{{TAG:0000:0002:C800}}GRAAAH!{{TAG:0007:0009:3C000000}}{{TAG:0000:0002:6400}}{{TAG:0000:0004:}}
{{TAG:0000:0002:C800}}{{TAG:0000:0002:6400}}{{TAG:0007:000C:}}{{TAG:000D:0000:01CD}}{{TAG:0002:0007:}}{{TAG:0000:0002:9600}}YİNE SEN!{{TAG:0007:0000:08000000}}{{TAG:0000:0002:6400}}{{TAG:0007:0009:1E000000}}{{TAG:0000:0004:}}{{TAG:0007:000C:}}{{TAG:000D:0000:01CD}}{{TAG:0000:0002:9600}}
BUNU DAHA KAÇ KEZ YAPACAĞIZ?!{{TAG:0000:0002:6400}}{{TAG:0007:0009:32000000}}"
44,045,"{{TAG:0002:0006:}}Haaa, {{TAG:0007:0000:08000000}}haaa.{{TAG:0007:0000:08000000}}.{{TAG:0007:0000:08000000}}.{{TAG:0007:0000:1E000000}} {{TAG:0002:0002:}}I'm just gettin' over
bein' sick. {{TAG:0007:0000:08000000}}I ain't ready for this yet!{{TAG:0000:0004:}}{{TAG:0002:0008:}}But you! You don't seem to have
gotten the message yet.{{TAG:0007:0001:}} {{TAG:0002:0002:}}Grrr!
{{TAG:0007:0000:0F000000}}Let's do this one more time.
{{TAG:0002:0008:}}Here goes{{TAG:0007:0000:08000000}}.{{TAG:0007:0000:08000000}}.{{TAG:0007:0000:08000000}}.{{TAG:0007:0000:14000000}} Let's forget about
other games for a minute,{{TAG:0007:0000:08000000}} OK?{{TAG:0000:0004:}}{{TAG:0003:0000:}}This here is {{TAG:0000:0003:0300}}Animal Crossing:
New Leaf{{TAG:0000:0003:FFFF}}. It's a special case.{{TAG:0000:0004:}}{{TAG:0002:0008:}}What I'm suggestin' to ya, ya little{{TAG:0007:0000:08000000}}.{{TAG:0007:0000:08000000}}.{{TAG:0007:0000:08000000}}.{{TAG:0007:0000:08000000}}
mole agitator, is that ya try playin'
this game {{TAG:0003:0000:}}WITHOUT resettin'.
{{TAG:0002:0002:}}Look at it this way:{{TAG:0007:0000:08000000}} There's no
resettin' in real life, is there?
No, course not. That'd be crazy.
Look, I know you're thinkin', {{TAG:0002:0002:}}""This is
a game!{{TAG:0007:0000:08000000}} Leave me alone already!""{{TAG:0007:0000:14000000}}{{TAG:0003:0000:}}
I hear ya, but{{TAG:0007:0000:08000000}}.{{TAG:0007:0000:08000000}}.{{TAG:0007:0000:08000000}}.
{{TAG:0002:0002:}}It ain't happenin'!{{TAG:0007:0000:08000000}} The Reset Center
is here to enforce the rules, and ya
gotta make your peace with that!","{{TAG:0002:0006:}}Aaah, {{TAG:0007:0000:08000000}}aaah.{{TAG:0007:0000:08000000}}.{{TAG:0007:0000:08000000}}.{{TAG:0007:0000:1E000000}} {{TAG:0002:0002:}}Todavía me estoy
recuperando de una enfermedad.{{TAG:0007:0000:08000000}}
¡No debería trabajar aún!{{TAG:0000:0004:}}{{TAG:0002:0008:}}¡Y tú! Veo que nunca haces caso.{{TAG:0007:0001:}}
{{TAG:0002:0002:}}¡Grrr! Vuelta a empezar, como
siempre...
{{TAG:0002:0008:}}En fin{{TAG:0007:0000:08000000}}.{{TAG:0007:0000:08000000}}.{{TAG:0007:0000:08000000}}.{{TAG:0007:0000:14000000}} Concéntrate en este juego
por un momento,{{TAG:0007:0000:08000000}} ¿de acuerdo?{{TAG:0000:0004:}}{{TAG:0003:0000:}}Estás jugando a {{TAG:0000:0003:0300}}Animal Crossing:
New Leaf{{TAG:0000:0003:FFFF}}. No se trata de un juego
cualquiera.{{TAG:0000:0004:}}{{TAG:0002:0008:}}Lo que trato de decirte con mis
consejos es que sería mejor que
jugaras {{TAG:0003:0000:}}SIN resetear.
{{TAG:0002:0002:}}Párate a pensar lo siguiente:{{TAG:0007:0000:08000000}}
en la vida real no hay posibilidad
de hacer un reseteo, ¿verdad?
Claro que no. Vaya tontería. Y tú
ahora me dirás: {{TAG:0002:0002:}}""¡Pero esto es un
juego!{{TAG:0007:0000:08000000}} ¡Déjame en paz!"".{{TAG:0007:0000:14000000}}{{TAG:0003:0000:}}
Lo siento, pero{{TAG:0007:0000:08000000}}.{{TAG:0007:0000:08000000}}.{{TAG:0007:0000:08000000}}. {{TAG:0002:0002:}}¡es lo que hay!{{TAG:0007:0000:08000000}}
Es la labor del Centro de Vigilancia,
por mucho que te aburra.","{{TAG:0002:0006:}}Haaa, {{TAG:0007:0000:08000000}}haaa.{{TAG:0007:0000:08000000}}.{{TAG:0007:0000:08000000}}.{{TAG:0007:0000:1E000000}} {{TAG:0002:0002:}}J'en peux plus... Je suis
trop vieux pour subir ça. {{TAG:0007:0000:08000000}}Je dois
me ménager !
{{TAG:0002:0008:}}Mais toi ! Toi ! Tu es le genre de
personne qui se fiche de tout !{{TAG:0007:0001:}}
{{TAG:0002:0002:}}Grrr !{{TAG:0007:0000:0F000000}} ALLEZ ! ON RECOMMENCE !
{{TAG:0002:0008:}}Alors{{TAG:0007:0000:08000000}}.{{TAG:0007:0000:08000000}}.{{TAG:0007:0000:08000000}}.{{TAG:0007:0000:14000000}} Concentre-toi sur ce jeu,
OK ?{{TAG:0007:0000:08000000}} Oublie qu'il en existe d'autres.{{TAG:0000:0004:}}{{TAG:0003:0000:}}Ce jeu, {{TAG:0000:0003:0300}}Animal Crossing: New Leaf{{TAG:0000:0003:FFFF}},
n'est pas un jeu comme les autres.{{TAG:0000:0004:}}{{TAG:0002:0008:}}C'est pourquoi je te conseille
fortement{{TAG:0003:0000:}} d'y jouer SANS
RÉINITIALISER, petite crapule.
{{TAG:0002:0002:}}Dans la vraie vie,{{TAG:0007:0000:08000000}} il est possible de
réinitialiser ? Non, bien sûr que non.
Ce serait le chaos.
Ouais ouais, je sais ce que tu
penses : {{TAG:0002:0002:}}« Quel relou celui-là ! C'est
mon jeu !{{TAG:0007:0000:08000000}} Lâche-moi la grappe ! »{{TAG:0007:0000:14000000}}{{TAG:0003:0000:}}
{{TAG:0002:0002:}}Tu peux râler, pester{{TAG:0007:0000:08000000}}.{{TAG:0007:0000:08000000}}.{{TAG:0007:0000:08000000}}. Mais moi, je
dois faire mon boulot !{{TAG:0007:0000:08000000}} Mets-toi ça
dans la cervelle, si tu en as une !","{{TAG:0002:0006:}}Coff, {{TAG:0007:0000:08000000}}coff.{{TAG:0007:0000:08000000}}.{{TAG:0007:0000:08000000}}.{{TAG:0007:0000:1E000000}} {{TAG:0002:0002:}}Non mi è ancora
passata la tosse... {{TAG:0007:0000:08000000}}Non penso
di poter urlare più di così...{{TAG:0000:0004:}}{{TAG:0002:0008:}}Comunque, devo dire che sei
un bel tipo, eh?{{TAG:0007:0001:}} {{TAG:0002:0002:}}Non ascolti
proprio, eh? {{TAG:0007:0000:0F000000}}Ora te lo ridico...
{{TAG:0002:0008:}}Ascoltami bene{{TAG:0007:0000:08000000}}.{{TAG:0007:0000:08000000}}.{{TAG:0007:0000:08000000}}.{{TAG:0007:0000:14000000}} Facciamo finta
per un attimo che gli altri giochi
non esistano,{{TAG:0007:0000:08000000}} va bene?{{TAG:0000:0004:}}{{TAG:0003:0000:}}Parliamo semplicemente di {{TAG:0000:0003:0300}}Animal
Crossing: New Leaf{{TAG:0000:0003:FFFF}}. Il nostro gioco.{{TAG:0000:0004:}}{{TAG:0002:0008:}}Quello che vorrei che ti ficcassi
in testa è che devi giocare
{{TAG:0003:0000:}}senza resettare! Capito?
{{TAG:0002:0002:}}Prova a vederla così:{{TAG:0007:0000:08000000}} nella vita
non è che uno può resettare
quando vuole, no? Certo che no!
Ora, probabilmente stai pensando
{{TAG:0002:0002:}}""Questo è solo un gioco!{{TAG:0007:0000:08000000}} Lasciami
in pace!""{{TAG:0007:0000:14000000}}{{TAG:0003:0000:}} o qualcosa del genere{{TAG:0007:0000:08000000}}.{{TAG:0007:0000:08000000}}.{{TAG:0007:0000:08000000}}.
{{TAG:0002:0002:}}Ma non m'importa!{{TAG:0000:0004:}}{{TAG:0007:0000:08000000}}Il Centro Sorveglianza Resetti
è qui per insegnare a quelli come te
che bisogna seguire le regole!","{{TAG:0002:0006:}}Uff, {{TAG:0007:0000:08000000}}uff...{{TAG:0007:0000:1E000000}} {{TAG:0002:0002:}}Ich bin noch nicht wieder
voll da...{{TAG:0000:0004:}}{{TAG:0002:0008:}}Und du!{{TAG:0007:0000:14000000}} Du willst einfach nicht
hören.{{TAG:0007:0001:}} {{TAG:0002:0002:}}Grrr!
{{TAG:0007:0000:14000000}}Also noch mal...
{{TAG:0002:0008:}}Vergiss zuerst mal, wie das bei
anderen Spielen läuft,{{TAG:0007:0000:08000000}} ja?{{TAG:0000:0004:}}{{TAG:0003:0000:}}{{TAG:0000:0003:0300}}Animal Crossing: New Leaf{{TAG:0000:0003:FFFF}} ist
nämlich was Besonderes.{{TAG:0000:0004:}}{{TAG:0002:0008:}}Hier sollte man die Dinge nehmen,
wie sie kommen, {{TAG:0007:0000:08000000}}ohne so lange neu
zu starten, bis alles passt.
{{TAG:0002:0002:}}Ich meine, {{TAG:0007:0000:08000000}}kann man denn im echten
Leben bei jeder Kleinigkeit neu
starten?
Ja, {{TAG:0007:0000:08000000}}schon klar! {{TAG:0002:0002:}}„Aber es ist doch nur
ein Spiel!{{TAG:0007:0000:14000000}} Lass mich doch in Ruhe!“{{TAG:0007:0000:14000000}}{{TAG:0003:0000:}}
Irgendwie verständlich...
{{TAG:0002:0002:}}Aber das kannste knicken!{{TAG:0007:0000:08000000}} Das BUA
wacht mit Maulwurfsaugen darüber,
dass ordentlich gespeichert wird!
{{TAG:0002:0007:}}Und je eher du das in deinen
Schädel kriegst, desto besser für
alle Beteiligten!","{{TAG:0002:0006:}}Haaa,{{TAG:0007:0000:08000000}}haaa.{{TAG:0007:0000:08000000}}.{{TAG:0007:0000:08000000}}.{{TAG:0007:0000:1E000000}}{{TAG:0002:0002:}}Hastalıktan yeni
kalkıyorum.{{TAG:0007:0000:08000000}}Buna hazır değilim
daha!{{TAG:0000:0004:}}{{TAG:0002:0008:}}Ama
sen! Mesajı hâlâ almamışsın.{{TAG:0007:0001:}}{{TAG:0002:0002:}}
Grrr!
{{TAG:0007:0000:0F000000}}Bir kez daha yapalım.{{TAG:0002:0008:}}Başlıyoruz{{TAG:0007:0000:08000000}}.{{TAG:0007:0000:08000000}}
.{{TAG:0007:0000:08000000}}.{{TAG:0007:0000:14000000}}
Bir dakika diğer oyunları unut,{{TAG:0007:0000:08000000}}
tamam mı?{{TAG:0000:0004:}}{{TAG:0003:0000:}}
Bu{{TAG:0000:0003:0300}}Animal Crossing: New Leaf{{TAG:0000:0003:FFFF}}.
Özel bir
durum.{{TAG:0000:0004:}}{{TAG:0002:0008:}}Sana önerim, seni küçük{{TAG:0007:0000:08000000}}.{{TAG:0007:0000:08000000}}.{{TAG:0007:0000:08000000}}.{{TAG:0007:0000:08000000}}
köstebek sinir bozucusu, bu
oyunu{{TAG:0003:0000:}}SIFIRLAMADAN
denemen.{{TAG:0002:0002:}}Şöyle düşün:{{TAG:0007:0000:08000000}} Gerçek
hayatta sıfırlama yok, değil mi? Tabii
yok. Delilik olur.
Bak, ne düşündüğünü biliyorum:{{TAG:0002:0002:}}
""Bu bir oyun!{{TAG:0007:0000:08000000}}
Artık rahat bırak beni!""{{TAG:0007:0000:14000000}}{{TAG:0003:0000:}}
Duyuyorum ama{{TAG:0007:0000:08000000}}.{{TAG:0007:0000:08000000}}.{{TAG:0007:0000:08000000}}.
{{TAG:0002:0002:}}Olmaz!{{TAG:0007:0000:08000000}} Reset Merkezi kuralları
uygulatmak için var. Buna alışman gerekecek!"
45,046,"Think YOU got it rough? {{TAG:0007:0000:1E000000}}When the
reset alarm goes off,{{TAG:0007:0000:0F000000}} {{TAG:0002:0002:}}it don't really
matter if I'm eatin' {{TAG:0003:0000:}}or takin' a bath.
{{TAG:0007:0000:14000000}}{{TAG:0002:0002:}}I could be dreamin' of chocolate-
flavored earthworms{{TAG:0007:0000:08000000}}{{TAG:0003:0000:}}.{{TAG:0007:0000:08000000}}.{{TAG:0007:0000:08000000}}. {{TAG:0002:0002:}}{{TAG:000D:0004:02CD}}IT DON'T
MATTER!{{TAG:0007:0000:08000000}}{{TAG:000D:0005:}} I gotta dig.{{TAG:0007:0000:14000000}} End of story.
{{TAG:0003:0000:}}You can't see from up there,{{TAG:0007:0000:14000000}} {{TAG:0002:0002:}}but I
{{TAG:000D:0004:02CD}}didn't have time to put on my socks
and shoes!{{TAG:0007:0000:08000000}} GAAH!{{TAG:000D:0005:}}{{TAG:0007:0000:14000000}} {{TAG:0002:0008:}}Now then.{{TAG:0007:0000:08000000}}.{{TAG:0007:0000:08000000}}.{{TAG:0007:0000:08000000}}
{{TAG:0003:0000:}}I'm tired of yappin'.{{TAG:0007:0000:0F000000}} How 'bout we
call it a day? {{TAG:0002:0002:}}But listen to me!{{TAG:0007:0000:0F000000}}
No more resettin'!{{TAG:0007:0000:14000000}} We clear?","¿Lo entiendes ya? {{TAG:0007:0000:1E000000}}Si la alarma del
centro se activa,{{TAG:0007:0000:0F000000}} {{TAG:0002:0002:}}da igual si estoy
comiendo, en la ducha{{TAG:0003:0000:}} o durmiendo.
{{TAG:0007:0000:14000000}}{{TAG:0002:0002:}}Aunque estuviera soñando con
lombrices garrapiñadas{{TAG:0007:0000:08000000}}{{TAG:0003:0000:}}.{{TAG:0007:0000:08000000}}.{{TAG:0007:0000:08000000}}. {{TAG:0002:0002:}}{{TAG:000D:0004:02CD}}¡Da lo
mismo!{{TAG:0007:0000:08000000}}{{TAG:000D:0005:}} ¡Es mi obligación!{{TAG:0007:0000:14000000}} Punto.
{{TAG:0003:0000:}}No sé si te habrás fijado,{{TAG:0007:0000:14000000}} {{TAG:0002:0002:}}¡pero llevo
{{TAG:000D:0004:02CD}}los zapatos cambiados de pie!{{TAG:0007:0000:08000000}} ¡Arg!{{TAG:000D:0005:}}{{TAG:0000:0004:}}{{TAG:0002:0008:}}En fin.{{TAG:0007:0000:08000000}}.{{TAG:0007:0000:08000000}}.{{TAG:0007:0000:08000000}}{{TAG:0007:0001:}} {{TAG:0003:0000:}}Estoy cansado de repetir
lo mismo una y otra vez.{{TAG:0007:0000:0F000000}} Dejémoslo.
{{TAG:0002:0002:}}¡Y nada de reseteos!{{TAG:0007:0000:0F000000}} ¿De acuerdo?","Tu trouves que c'est injuste ? {{TAG:0007:0000:1E000000}}Tu
imagines ce que tu me fais subir ?
Quand l'alarme retentit...
{{TAG:0007:0000:0F000000}}{{TAG:0002:0002:}}... peu importe si je me peigne les
moustaches {{TAG:0003:0000:}}ou si je fais des bulles
dans mon bain.
{{TAG:0007:0000:14000000}}{{TAG:0002:0002:}}Peu importe si je rêve d'un bon
plat d'asticots au caramel{{TAG:0007:0000:08000000}}{{TAG:0003:0000:}}.{{TAG:0007:0000:08000000}}.{{TAG:0007:0000:08000000}}. {{TAG:0002:0002:}}{{TAG:000D:0004:02CD}}BOUM !
{{TAG:0007:0000:08000000}}{{TAG:000D:0005:}}Je dois tout lâcher et creuser.
{{TAG:0003:0000:}}Tu ne le vois pas d'ici,{{TAG:0007:0000:14000000}} {{TAG:0002:0002:}}mais je suis
sorti {{TAG:000D:0004:02CD}}sans chaussettes !{{TAG:0007:0000:08000000}} RAAH !{{TAG:000D:0005:}}
{{TAG:0002:0008:}}Bon.{{TAG:0007:0000:08000000}}.{{TAG:0007:0000:08000000}}.{{TAG:0007:0000:08000000}}
{{TAG:0003:0000:}}J'en ai marre de glapir.{{TAG:0007:0000:0F000000}} Je te laisse
tranquille, mais... {{TAG:0002:0002:}}Fini les bêtises !{{TAG:0007:0000:0F000000}}
Interdit de réinitialiser !{{TAG:0007:0000:14000000}} Pigé ?","E non credere di andarci di mezzo
solo tu!{{TAG:0007:0000:1E000000}} Guarda che quando partono
gli allarmi,{{TAG:0007:0000:0F000000}}{{TAG:0002:0002:}} io devo scattare subito!
Anche se sto mangiando, {{TAG:0003:0000:}}facendo
la doccia{{TAG:0007:0000:14000000}}{{TAG:0002:0002:}}, o sognando di scavare
nel cioccolato{{TAG:0007:0000:08000000}}{{TAG:0003:0000:}}.{{TAG:0007:0000:08000000}}.{{TAG:0007:0000:08000000}}. {{TAG:0002:0002:}}{{TAG:000D:0004:02CD}}non importa!
{{TAG:000D:0005:}}Devo prendere e partire subito!{{TAG:0007:0000:14000000}}
{{TAG:0003:0000:}}Da lì non si vede,{{TAG:0007:0000:14000000}} {{TAG:0002:0002:}}ma...{{TAG:0000:0004:}}... non ho avuto nemmeno il tempo {{TAG:000D:0004:02CD}}
di mettermi le calze e le scarpe!{{TAG:0007:0000:08000000}}
BAH!{{TAG:000D:0005:}}
{{TAG:0002:0008:}}Senti.{{TAG:0007:0000:08000000}}.{{TAG:0007:0000:08000000}}.{{TAG:0007:0000:08000000}}{{TAG:0007:0001:}}
{{TAG:0003:0000:}}Sono stufo di sgridarti.{{TAG:0007:0000:0F000000}} Direi che
può bastare così. {{TAG:0002:0002:}}Ma ascolta bene!{{TAG:0007:0000:0F000000}}
Basta resettare!{{TAG:0007:0000:14000000}} Ci siamo capiti?","Glaubste, du bist hier das Opfer?{{TAG:0007:0000:1E000000}}
Wenn der Alarm losgeht, muss ich
raus!
{{TAG:0002:0002:}}Egal, ob ich gerade esse, ein Bad
nehme oder mir die Krallen poliere.{{TAG:0000:0004:}}{{TAG:0002:0002:}}Ich könnte gerade von saftigen
Regenwürmern träumen...{{TAG:0007:0000:14000000}} {{TAG:0002:0002:}}{{TAG:000D:0004:02CD}}VÖLLIG
EGAL!{{TAG:0007:0000:14000000}}{{TAG:000D:0005:}} Ich muss raus!{{TAG:0007:0000:14000000}} Punkt!
{{TAG:0002:0008:}}So...{{TAG:0007:0001:}} {{TAG:0003:0000:}}Mir reicht's.{{TAG:0007:0000:14000000}} Belassen wir's
für heute dabei? {{TAG:0002:0002:}}Aber pass ja auf!{{TAG:0007:0000:0F000000}}
Immer schön speichern!{{TAG:0007:0000:14000000}} Klar?","SENİN işin mi zor?{{TAG:0007:0000:1E000000}}Reset alarmı
çalınca{{TAG:0007:0000:0F000000}}
{{TAG:0002:0002:}}yemek yiyor olmamın{{TAG:0003:0000:}} ya da
banyoda olmamın
önemi yok.{{TAG:0007:0000:14000000}}{{TAG:0002:0002:}}Çikolata aromalı
solucanların rüyasını görüyor olabilirim{{TAG:0007:0000:08000000}}{{TAG:0003:0000:}}.{{TAG:0007:0000:08000000}}.{{TAG:0007:0000:08000000}}.{{TAG:0002:0002:}}{{TAG:000D:0004:02CD}}
HİÇ FARK ETMEZ!{{TAG:0007:0000:08000000}}{{TAG:000D:0005:}}
Kazmak zorundayım.{{TAG:0007:0000:14000000}} Bitti.{{TAG:0003:0000:}}Sen
yukarıdan göremezsin{{TAG:0007:0000:14000000}}{{TAG:0002:0002:}}ama{{TAG:000D:0004:02CD}}çoraplarımı,
ayakkabımı bile giymeye vaktim olmadı!{{TAG:0007:0000:08000000}}
GAAH!{{TAG:000D:0005:}}{{TAG:0007:0000:14000000}}
{{TAG:0002:0008:}}Neyse.{{TAG:0007:0000:08000000}}.{{TAG:0007:0000:08000000}}.{{TAG:0007:0000:08000000}}{{TAG:0003:0000:}}Konuşmaktan bıktım.{{TAG:0007:0000:0F000000}}
Bugünlük kapatalım mı?{{TAG:0002:0002:}}Ama beni dinle!{{TAG:0007:0000:0F000000}}
Sıfırlama yok!{{TAG:0007:0000:14000000}} Anlaştık mı?"
46,047,"{{TAG:0002:0008:}}Oh, yeah, {{TAG:0007:0000:08000000}}one last thing...{{TAG:0000:0004:}}Ya know when ya say somethin'
happened {{TAG:0007:0000:08000000}}'cause some other thing
caused it?{{TAG:0000:0004:}}Like ""I chalked up his resettin' ways{{TAG:0007:0000:08000000}}
to not knowin' the rules""{{TAG:0007:0000:08000000}}.{{TAG:0007:0000:08000000}}.{{TAG:0007:0000:08000000}}.{{TAG:0007:0000:08000000}} Ya ever
hear that one before?
{{TAG:0003:0000:}}Notice I said ""chalk,""{{TAG:0007:0000:0F000000}} not ""chuck.""
{{TAG:0007:0000:08000000}}That's 'cause I ain't throwin'
nothin'. {{TAG:0007:0000:1E000000}}{{TAG:0007:0001:}}{{TAG:0002:0002:}}""Chuck"" {{TAG:0007:0000:0F000000}}{{TAG:000D:0004:02CD}}means ""throw.""{{TAG:000D:0005:}}{{TAG:0007:0000:14000000}}
Don't throw things. {{TAG:0007:0000:08000000}}Ya could put an
eye out. It's all fun and games until
a mole loses an eye.

{{TAG:0003:0000:}}     {{TAG:000D:0009:}}{{TAG:0000:0002:C800}}NOW SCRAM!{{TAG:0000:0002:6400}}{{TAG:000D:000A:}}{{TAG:0007:0009:1E000000}}","{{TAG:0002:0008:}}Ah, {{TAG:0007:0000:08000000}}me olvidaba de una cosa...{{TAG:0000:0004:}}Ya sabes que no me gustan las
excusas{{TAG:0007:0000:08000000}} cuando alguien trata de
justificar un reseteo.{{TAG:0000:0004:}}Pero si encima sales con algo
como ""me se acabó la batería""{{TAG:0007:0000:08000000}}.{{TAG:0007:0000:08000000}}.{{TAG:0007:0000:08000000}}.{{TAG:0007:0000:08000000}}
por ahí sí que ya no paso.
{{TAG:0003:0000:}}¡Se dice ""se me acabó""{{TAG:0007:0000:0F000000}}, no ""me se
acabó""!{{TAG:0007:0000:1E000000}}{{TAG:0007:0001:}}{{TAG:0002:0002:}} Recuerda: ¡las ""SEmanas""{{TAG:0007:0000:0F000000}}{{TAG:000D:0004:02CD}}
van antes que los ""MEses""!

{{TAG:0003:0000:}}            {{TAG:000D:0009:}}{{TAG:0000:0002:C800}}¡Lárgate!{{TAG:0000:0002:6400}}{{TAG:000D:000A:}}{{TAG:0007:0009:1E000000}}","{{TAG:0002:0008:}}Ah ouais, {{TAG:0007:0000:08000000}}encore un truc...{{TAG:0000:0004:}}Je sais que la langue évolue parfois
un peu trop rapidement, et qu'il faut
quand{{TAG:0007:0000:08000000}} même l'accepter...
Mais tu remarqueras que j'ai dit
« quand{{TAG:0007:0000:08000000}} même » !{{TAG:0007:0000:08000000}} Et non pas
« comme même » !
{{TAG:0003:0000:}}« Comme même »,{{TAG:0007:0000:0F000000}} ça n'existe pas !
{{TAG:0007:0000:08000000}}{{TAG:0002:0002:}}Ce n'est pas une évolution,{{TAG:0007:0001:}} {{TAG:000D:0004:02CD}}c'est une
aberration !{{TAG:000D:0005:}}{{TAG:0007:0000:14000000}}
Dans un monde parfait, {{TAG:0007:0000:08000000}}on me
laisserait aussi m'occuper des
petits voyous de l'orthographe !
Maintenant...
{{TAG:0003:0000:}}                    {{TAG:000D:0009:}}{{TAG:0000:0002:C800}}FILE !{{TAG:0000:0002:6400}}{{TAG:000D:000A:}}{{TAG:0007:0009:1E000000}}","{{TAG:0002:0008:}}Ah, dimenticavo, scusa... {{TAG:0007:0000:08000000}}
Un'ultima cosa...{{TAG:0000:0004:}}{{TAG:0003:0000:}}Non è bello dire continuamente
""nel senso"". Nel senso di che?{{TAG:0000:0004:}}E non dire nemmeno ""cioè"" ogni
due parole, capito? Farai la figura
{{TAG:000E:0006:1A00640065006C006C006F0020007300740075007000690064006F001A00640065006C006C00610020007300740075007000690064006100}}!{{TAG:0007:0001:}} {{TAG:0002:0002:}}{{TAG:000D:0000:00CD}}Mi sono spiegato?

{{TAG:0003:0000:}} {{TAG:000D:0009:}}{{TAG:0000:0002:C800}}ORA PUSSA VIA!{{TAG:0000:0002:6400}}{{TAG:000D:000A:}}{{TAG:0007:0009:1E000000}}","{{TAG:0002:0008:}}Ach ja,{{TAG:0007:0000:08000000}} eine Sache noch...{{TAG:0000:0004:}}Es nervt mich unheimlich, wenn
Leute Kamele und Dromedare
verwechseln!
Dromedare haben einen Höcker,
Kamele zwei.{{TAG:0007:0000:14000000}} Und darin speichern
sie kein Wasser, sondern Fett!
{{TAG:0002:0002:}}Anders als gewisse Leute, {{TAG:0007:0000:0F000000}}{{TAG:000D:0004:02CD}}die gar
nichts speichern.{{TAG:000D:0005:}}{{TAG:0000:0004:}}Also, nimm dir ein Beispiel an den
Kamelen!{{TAG:0007:0000:14000000}} Das war's von meiner
Seite.

{{TAG:0003:0000:}}{{TAG:000D:0009:}}{{TAG:0000:0002:B400}}JETZT ZIEH LEINE!{{TAG:0000:0002:6400}}{{TAG:000D:000A:}}{{TAG:0007:0009:1E000000}}","{{TAG:0002:0008:}}Ha,{{TAG:0007:0000:08000000}}son bir şey...{{TAG:0000:0004:}}Bir şeyin başka
bir şeyden kaynaklandığını
anlatırken{{TAG:0007:0000:08000000}} bir söz
kullanırsın ya?{{TAG:0000:0004:}} Mesela ""Onun
sıfırlamasını kuralları bilmemesine{{TAG:0007:0000:08000000}}bağladım""{{TAG:0007:0000:08000000}}.{{TAG:0007:0000:08000000}}.{{TAG:0007:0000:08000000}}
.{{TAG:0007:0000:08000000}}
{{TAG:0003:0000:}}""Bağladım"" dedim,{{TAG:0007:0000:0F000000}} ""bağırdım"" değil.
{{TAG:0007:0000:08000000}}Çünkü kimseye bağırmıyorum.{{TAG:0007:0000:1E000000}}{{TAG:0007:0001:}}{{TAG:0002:0002:}}
Bağırmak{{TAG:0007:0000:0F000000}}{{TAG:000D:0004:02CD}}
sesi yükseltmektir.{{TAG:000D:0005:}}{{TAG:0007:0000:14000000}}{{TAG:0007:0000:08000000}}Boş yere bağırmayın.
Boğazınız gider. Oyun eğlencedir
ama bir
köstebek sesini kaybedince iş biter.
{{TAG:0003:0000:}}{{TAG:000D:0009:}}{{TAG:0000:0002:C800}}ŞİMDİ TÜY!{{TAG:0000:0002:6400}}{{TAG:000D:000A:}}{{TAG:0007:0009:1E000000}}"
47,048,,,,,,
48,049,,,,,,
49,050,,,,,,
50,051,"{{TAG:0002:0008:}}Hey there. How's it goin'?{{TAG:0000:0004:}}{{TAG:0003:0000:}}Yeah... {{TAG:0007:0000:14000000}}Last time you played,{{TAG:0007:0000:08000000}} looks
like you kinda quit without savin'.
What's the deal?{{TAG:000F:0001:000000002800}}
I wanted to reset.
My batteries died.
I don't remember.","{{TAG:0002:0008:}}¿Cómo estamos?{{TAG:0000:0004:}}{{TAG:0003:0000:}}Ejem... {{TAG:0007:0000:14000000}}Parece que la última vez
que jugaste{{TAG:0007:0000:08000000}} desapareciste sin haber
guardado la partida.{{TAG:0007:0000:08000000}} ¿Por qué?{{TAG:000F:0001:000000002800}}
Quería resetear y...
Me quedé sin batería
Me falla la memoria...","{{TAG:0002:0008:}}Bonjour ! Ça roule ?{{TAG:0000:0004:}}{{TAG:0003:0000:}}Tu sais... {{TAG:0007:0000:14000000}}La dernière fois que tu as
joué,{{TAG:0007:0000:08000000}} tu sembles avoir quitté sans
sauvegarder. Un problème ?{{TAG:000F:0001:000000002800}}
Je voulais réinitialiser.
Ma batterie est morte.
Je ne sais plus.","{{TAG:0002:0008:}}Ciao. Come va?{{TAG:0000:0004:}}{{TAG:0003:0000:}}Senti... {{TAG:0007:0000:14000000}}L'ultima volta che hai
giocato,{{TAG:0007:0000:08000000}} mi pare che tu abbia spento
senza salvare. Che è successo?{{TAG:000F:0001:000000002800}}
Volevo resettare.
È finita la batteria.
Non me lo ricordo.","{{TAG:0002:0008:}}Hallo! {{TAG:0007:0000:14000000}}Wie geht's?{{TAG:0000:0004:}}{{TAG:0003:0000:}}Also... {{TAG:0007:0000:14000000}}Bei deinem letzten Spiel hast
du ohne zu speichern aufgehört.{{TAG:0007:0000:14000000}}
Was war denn da los, {{TAG:0007:0000:08000000}}hä?{{TAG:000F:0001:000000002800}}
Neuanfang war fällig!
Batterie war leer!
Weiß nicht mehr...","{{TAG:0002:0008:}}Hey, nasılsın?{{TAG:0000:0004:}}{{TAG:0003:0000:}}Evet...{{TAG:0007:0000:14000000}}Son
oynayışında{{TAG:0007:0000:08000000}}
galiba kaydetmeden çıkmışsın.
Mesele ne?{{TAG:000F:0001:000000002800}}
Sıfırlamak istedim.
Pilim bitti.
Hatırlamıyorum."
51,052,"{{TAG:0002:0008:}}AHA!{{TAG:0007:0000:08000000}} Guilty as charged!{{TAG:0007:0000:0F000000}}
Uh-huh! UH-HUH!{{TAG:0003:0000:}}{{TAG:0000:0004:}}Alrighty then.{{TAG:0007:0000:08000000}} Don't you move!{{TAG:0007:0000:1E000000}}
{{TAG:0002:0002:}}{{TAG:000D:0000:00CD}}I'll be right with ya!","{{TAG:0002:0008:}}¡Ajá!{{TAG:0007:0000:08000000}} ¡Tenemos {{TAG:000E:0006:040075006E00060075006E006100}} culpable!{{TAG:0007:0000:0F000000}}
¡Mmm, mmm! ¡Ejem, ejem!{{TAG:0003:0000:}}

Espera.{{TAG:0007:0000:08000000}} ¡No te muevas!{{TAG:0007:0000:1E000000}}
{{TAG:0002:0002:}}{{TAG:000D:0000:00CD}}¡Estoy contigo en un momento!","{{TAG:0002:0008:}}A-HA !{{TAG:0007:0000:08000000}} J'en étais sûr !{{TAG:0007:0000:0F000000}}
Hu-huh ! UH-HUH !{{TAG:0003:0000:}}{{TAG:0000:0004:}}Très bien.{{TAG:0007:0000:08000000}} Ne bouge pas !{{TAG:0007:0000:1E000000}}
{{TAG:0002:0002:}}{{TAG:000D:0000:00CD}}Je me prépare !","{{TAG:0002:0008:}}AHA!{{TAG:0007:0000:08000000}} Lo dicevo io!{{TAG:0007:0000:0F000000}}
Eh sì! Eh già!{{TAG:0003:0000:}}

OK.{{TAG:0007:0000:08000000}} Ora, aspetta un momento, eh?{{TAG:0007:0000:1E000000}}
{{TAG:0002:0002:}}{{TAG:000D:0000:00CD}}Sono subito da te!","{{TAG:0002:0008:}}AHA!{{TAG:0007:0000:14000000}} Schuldig im Sinne der Anklage!{{TAG:0007:0000:0F000000}}
Oh ja!{{TAG:0003:0000:}}{{TAG:0000:0004:}}Alles klar!{{TAG:0007:0000:14000000}} Beweg dich nicht vom
Fleck!{{TAG:0007:0000:1E000000}} {{TAG:0002:0002:}}{{TAG:000D:0000:00CD}}Bin gleich so weit!{{TAG:0007:0008:3C000000}}","{{TAG:0002:0008:}}AHA!{{TAG:0007:0000:08000000}} Suçüstü!{{TAG:0007:0000:0F000000}} Hı hı! HI HI!{{TAG:0003:0000:}}{{TAG:0000:0004:}}
Tamamdır.{{TAG:0007:0000:08000000}}
Sakın kımıldama!{{TAG:0007:0000:1E000000}}{{TAG:0002:0002:}}{{TAG:000D:0000:00CD}}Hemen geliyorum!"
52,053,"
{{TAG:0007:000C:}}{{TAG:000D:0000:01CD}}{{TAG:0002:0007:}}{{TAG:0000:0002:C800}}GRAAAH!{{TAG:0007:0009:3C000000}}{{TAG:0000:0002:6400}}{{TAG:0000:0004:}}{{TAG:0000:0002:C800}}{{TAG:0000:0002:6400}}{{TAG:0007:000C:}}{{TAG:000D:0000:01CD}}{{TAG:0002:0007:}}{{TAG:0000:0002:9600}}I DON'T GET IT!
WHAT'S YOUR DEAL?{{TAG:0007:0000:08000000}}{{TAG:0000:0002:6400}}{{TAG:0007:0009:1E000000}}{{TAG:0000:0004:}}{{TAG:0007:000B:}}{{TAG:000D:0000:01CD}}{{TAG:0000:0002:9600}}I TALK AND I TALK,
{{TAG:0007:000C:}}BUT I GET NOWHERE!{{TAG:0000:0002:6400}}{{TAG:0007:0009:3C000000}}{{TAG:0000:0004:}}{{TAG:0002:0002:}}.{{TAG:0007:0000:08000000}}.{{TAG:0007:0000:08000000}}.{{TAG:0007:0000:08000000}}All right! {{TAG:0007:0000:1E000000}}Let's run through this
one more time. {{TAG:0007:0000:08000000}}All you gotta do is
stand there and listen. {{TAG:0007:0000:0F000000}}Clear?!{{TAG:0007:0009:3C000000}}
AHEM! {{TAG:0007:0000:08000000}}{{TAG:0003:0000:}}I know there's a lot of other
games out there with strange rules,
{{TAG:0002:0002:}}but we ain't talkin' 'bout them!{{TAG:0007:0000:08000000}}
{{TAG:0007:0009:3C000000}}This here's {{TAG:0007:0000:08000000}}{{TAG:0000:0003:0300}}Animal Crossing:
New Leaf{{TAG:0000:0003:FFFF}}. Emphasis on that
""new"" part there.{{TAG:0003:0000:}}{{TAG:0007:0009:3C000000}}
We strongly...{{TAG:0007:0000:08000000}}STRONGLY suggest{{TAG:0007:0000:1E000000}}
you play this game without none'a
that resettin'.{{TAG:0007:0009:3C000000}}
{{TAG:0002:0008:}}{{TAG:000D:0004:01CD}}""It's my game! {{TAG:0007:0000:0F000000}}I can do what I want!""{{TAG:000D:0005:}}
{{TAG:0007:0000:1E000000}}{{TAG:0002:0005:}}Sure, I know what you're thinkin'!{{TAG:0007:0000:32000000}}
And I get it. {{TAG:0007:0000:08000000}}Really, I do.{{TAG:0007:0009:3C000000}}
{{TAG:0002:0002:}}But rules is rules. {{TAG:0007:0000:0F000000}}Sooner you get
on board the Resetti bus and accept
'em,{{TAG:0007:0000:08000000}} the better off we'll all be!{{TAG:0007:0000:08000000}}{{TAG:0007:0009:3C000000}}
{{TAG:0003:0000:}}Ya get what I'm yappin' about,
right? {{TAG:0007:0000:32000000}}Now let's see... {{TAG:0007:0000:08000000}}What else
was I gonna tell ya. {{TAG:0007:0000:08000000}}Uh...{{TAG:0007:0009:3C000000}}
Yeah, that's it. {{TAG:0007:0000:0F000000}}Ain't no reset
button in real life{{TAG:0007:0000:14000000}}.{{TAG:0007:0000:08000000}}.{{TAG:0007:0000:08000000}}.{{TAG:0007:0000:08000000}} There ain't
no do-overs, {{TAG:0002:0005:}}yada, yada...{{TAG:0007:0000:0F000000}}
{{TAG:0003:0000:}}Lemme skip to the end{{TAG:0007:0000:08000000}}.{{TAG:0007:0000:08000000}}.{{TAG:0007:0000:08000000}}.{{TAG:0007:0000:08000000}} Ya gotta
play the cards life deals ya. If ya
don't...{{TAG:0002:0002:}}YA LOSE, BIG TIME!{{TAG:0007:0009:1E000000}}","
{{TAG:0007:000C:}}{{TAG:000D:0000:01CD}}{{TAG:0002:0007:}}{{TAG:0000:0002:C800}}¡AAARGG!{{TAG:0007:0009:3C000000}}{{TAG:0000:0002:6400}}

{{TAG:0007:000C:}}{{TAG:000D:0000:01CD}}{{TAG:0002:0007:}}{{TAG:0000:0002:9600}}¿Pero se puede saber
a qué estás jugando?{{TAG:0007:0000:08000000}}{{TAG:0000:0002:6400}}{{TAG:0007:0009:1E000000}}{{TAG:0000:0004:}}{{TAG:0007:000B:}}{{TAG:000D:0000:01CD}}{{TAG:0000:0002:9600}}¡Repetírtelo mil veces
{{TAG:0007:000C:}}sirve de poco! ¿Eh?{{TAG:0000:0002:6400}}{{TAG:0007:0009:3C000000}}{{TAG:0000:0004:}}{{TAG:0002:0002:}}¡Escúchame! {{TAG:0007:0000:1E000000}}Te lo voy a volver a
explicar,{{TAG:0007:0000:08000000}} pero procura entenderlo
esta vez.{{TAG:0007:0000:0F000000}} ¿De acuerdo?{{TAG:0007:0009:3C000000}}
¡A ver! {{TAG:0007:0000:08000000}}{{TAG:0003:0000:}}Quizá en otros juegos que
conozcas funcione de esa forma,
{{TAG:0002:0002:}}¡pero en este es diferente!{{TAG:0007:0000:08000000}}
{{TAG:0007:0009:3C000000}}Ahora estás jugando a {{TAG:0007:0000:08000000}}{{TAG:0000:0003:0300}}Animal
Crossing: New Leaf{{TAG:0000:0003:FFFF}}, no a ningún
otro juego.{{TAG:0003:0000:}}{{TAG:0007:0009:3C000000}}
Te estamos pidiendo{{TAG:0007:0000:08000000}} POR FAVOR{{TAG:0007:0000:1E000000}}
que no resetees mientras estés
jugando. Esa es nuestra norma.{{TAG:0007:0009:3C000000}}
{{TAG:0002:0005:}}Seguramente estarás pensando{{TAG:0007:0000:32000000}}
{{TAG:0002:0008:}}{{TAG:000D:0004:01CD}}""¡es mi juego {{TAG:0007:0000:0F000000}}y hago lo que
quiero con él!"".{{TAG:000D:0005:}}{{TAG:0007:0000:1E000000}} ¿Me equivoco?
Y lo entiendo. {{TAG:0007:0000:08000000}}Créeme que sí.{{TAG:0007:0009:3C000000}}
{{TAG:0002:0002:}}Pero son las reglas. {{TAG:0007:0000:0F000000}}¡Acéptalas{{TAG:0007:0000:08000000}}
y así será mejor para todos!{{TAG:0007:0000:08000000}}{{TAG:0007:0009:3C000000}}
{{TAG:0003:0000:}}Piensa una cosa: {{TAG:0007:0000:0F000000}}en la vida real no
hay reseteo que valga{{TAG:0007:0000:14000000}}.{{TAG:0007:0000:08000000}}.{{TAG:0007:0000:08000000}}.{{TAG:0007:0000:08000000}} No puedes
deshacer tus pifias, {{TAG:0002:0005:}}¿verdad?{{TAG:0007:0000:0F000000}}
{{TAG:0003:0000:}}Pues resumiendo:{{TAG:0007:0000:0F000000}} procura aceptar
las cosas tal como van ocurriendo.
Si no... {{TAG:0002:0002:}}¡PEOR PARA TI!{{TAG:0007:0009:1E000000}}","
{{TAG:0007:000C:}}{{TAG:000D:0000:01CD}}{{TAG:0002:0007:}}{{TAG:0000:0002:C800}}RAAAH !{{TAG:0007:0009:3C000000}}{{TAG:0000:0002:6400}}

{{TAG:0007:000C:}}{{TAG:000D:0000:01CD}}{{TAG:0002:0007:}}{{TAG:0000:0002:9600}}J'EN PEUX PLUS ! TU
ME RENDS DINGUE !{{TAG:0007:0000:08000000}}{{TAG:0000:0002:6400}}{{TAG:0007:0009:1E000000}}{{TAG:0000:0004:}}{{TAG:0007:000B:}}{{TAG:000D:0000:01CD}}{{TAG:0000:0002:9600}}JE PARLE, JE PARLE,
{{TAG:0007:000C:}}MAIS EN VAIN !{{TAG:0000:0002:6400}}{{TAG:0007:0009:3C000000}}{{TAG:0000:0004:}}{{TAG:0002:0002:}}.{{TAG:0007:0000:08000000}}.{{TAG:0007:0000:08000000}}.{{TAG:0007:0000:08000000}} TRÈS BIEN ! {{TAG:0007:0000:1E000000}}Allez, c'est reparti
pour un tour. {{TAG:0007:0000:08000000}}Toi, tu restes là, tu te
tais et tu écoutes. {{TAG:0007:0000:0F000000}}Entendu ?!{{TAG:0007:0009:3C000000}}
A-HEM ! {{TAG:0007:0000:08000000}}Tu sais qu'il y a d'autres
jeux que celui-ci ? Eh bien,
oublie-les un instant, OK ?{{TAG:0007:0000:08000000}}
{{TAG:0007:0009:3C000000}}Nous sommes ici dans
{{TAG:0007:0000:08000000}}{{TAG:0000:0003:0300}}Animal Crossing: New Leaf{{TAG:0000:0003:FFFF}}. Oublie
toutes tes autres références.{{TAG:0007:0009:3C000000}}
Nous te recommandons...{{TAG:0007:0000:08000000}} TRÈS
AMICALEMENT{{TAG:0007:0000:1E000000}} de jouer sans
réinitialiser intempestivement.{{TAG:0007:0009:3C000000}}
Je te vois venir.{{TAG:0007:0000:0F000000}} « C'est MON jeu, je
fais ce que je veux ! »{{TAG:0007:0000:1E000000}} Ouais, ton
expression ne laisse aucun doute.
{{TAG:0002:0002:}}Mais les règles, c'est les règles. 
Alors tu ne fais pas la tête de
pioche et tu fais ce que je te dis !{{TAG:0007:0000:08000000}}{{TAG:0007:0009:3C000000}}
{{TAG:0003:0000:}}On parle la même langue ? Tu
comprends le message ? {{TAG:0007:0000:32000000}}Bon...{{TAG:0007:0000:08000000}}
Voilà que j'ai perdu le fil...{{TAG:0007:0009:3C000000}}
Ah, ça y est. {{TAG:0007:0000:0F000000}}Dans la vraie vie, il n'y
a pas de bouton de réinitialisation,
pas de deuxième chance, {{TAG:0002:0005:}}blablabla...{{TAG:0007:0000:0F000000}}
{{TAG:0003:0000:}}En gros : dans la vie, on joue avec
les cartes qu'on reçoit. Sinon{{TAG:0007:0000:08000000}}.{{TAG:0007:0000:08000000}}.{{TAG:0007:0000:08000000}}.{{TAG:0007:0000:08000000}} tu
perdras GROS, je te le PROMETS !{{TAG:0007:0009:1E000000}}","
{{TAG:0007:000C:}}{{TAG:000D:0000:01CD}}{{TAG:0002:0007:}}{{TAG:0000:0002:C800}}AAARGH!{{TAG:0007:0009:3C000000}}{{TAG:0000:0002:6400}}

{{TAG:0007:000C:}}{{TAG:000D:0000:01CD}}{{TAG:0002:0007:}}{{TAG:0000:0002:9600}}NON TI CAPISCO!
COSA TI PRENDE?{{TAG:0007:0000:08000000}}{{TAG:0000:0002:6400}}{{TAG:0007:0009:1E000000}}

{{TAG:0007:000B:}}{{TAG:000D:0000:01CD}}{{TAG:0000:0002:9600}}IO PARLO E PARLO,
{{TAG:0007:000C:}}MA TU NON ASCOLTI!{{TAG:0000:0002:6400}}{{TAG:0007:0009:3C000000}}{{TAG:0000:0004:}}{{TAG:0002:0002:}}.{{TAG:0007:0000:08000000}}.{{TAG:0007:0000:08000000}}.{{TAG:0007:0000:08000000}} Allora! {{TAG:0007:0000:1E000000}}Ricominciamo! {{TAG:0007:0000:08000000}}Ma questa
volta vedi di aprire bene le orecchie!
{{TAG:0007:0000:0F000000}}Non fare soltanto finta, capito?!?{{TAG:0007:0009:3C000000}}
AHEM! {{TAG:0007:0000:08000000}}{{TAG:0003:0000:}}Vedi, io lo so che ci sono
tanti giochi là fuori che hanno regole
diverse... {{TAG:0002:0002:}}e non me ne importa nulla!{{TAG:0007:0000:08000000}}
{{TAG:0007:0009:3C000000}}Questo gioco è {{TAG:0007:0000:08000000}}{{TAG:0000:0003:0300}}Animal Crossing:
New Leaf{{TAG:0000:0003:FFFF}}. Tutti gli altri giochi
non mi interessano!{{TAG:0003:0000:}}{{TAG:0007:0009:3C000000}}
Noi consigliamo...{{TAG:0007:0000:08000000}} MOLTO
caldamente{{TAG:0007:0000:1E000000}} di giocare salvando
sempre prima di spegnere.{{TAG:0007:0009:3C000000}}
{{TAG:0002:0008:}}{{TAG:000D:0004:01CD}}""Ma il gioco è mio! {{TAG:0007:0000:0F000000}}Ci faccio quello
che mi pare!""{{TAG:000D:0005:}} {{TAG:0007:0000:1E000000}}{{TAG:0002:0005:}}Certo, potresti
pensarla anche così,{{TAG:0007:0000:32000000}} se credi.{{TAG:0007:0009:3C000000}}
{{TAG:0002:0002:}}Ma le regole sono regole! {{TAG:0007:0000:0F000000}}
Quando deciderai di accettarle
{{TAG:0007:0000:08000000}}saremo tutti più contenti!{{TAG:0007:0000:08000000}}{{TAG:0007:0009:3C000000}}
{{TAG:0003:0000:}}Capisci adesso perché mi scaldo
tanto? {{TAG:0007:0000:32000000}}Ora... {{TAG:0007:0000:08000000}}Cos'altro volevo
dirti...{{TAG:0007:0000:08000000}} Ehmmm...{{TAG:0007:0009:3C000000}}
Ah, ecco! {{TAG:0007:0000:0F000000}}Nella vita reale non si
può resettare senza salvare{{TAG:0007:0000:14000000}}.{{TAG:0007:0000:08000000}}.{{TAG:0007:0000:08000000}}.{{TAG:0007:0000:08000000}}
Non si può imbrogliare {{TAG:0002:0005:}}bla bla bla...{{TAG:0007:0000:0F000000}}
{{TAG:0003:0000:}}Insomma, andiamo al punto{{TAG:0007:0000:08000000}}.{{TAG:0007:0000:08000000}}.{{TAG:0007:0000:08000000}}.{{TAG:0007:0000:08000000}}
Devi accettare quello che il destino
ti riserva, ecco. Altrimenti...
{{TAG:0002:0002:}}NON ANDRAI MAI
DA NESSUNA PARTE!{{TAG:0007:0009:1E000000}}","
{{TAG:0007:000C:}}{{TAG:000D:0000:01CD}}{{TAG:0002:0007:}}{{TAG:0000:0002:C800}}GRAAAH!{{TAG:0007:0009:3C000000}}{{TAG:0000:0002:6400}}

{{TAG:0007:000C:}}{{TAG:000D:0000:01CD}}{{TAG:0002:0007:}}{{TAG:0000:0002:9600}}ICH BEGREIF'S NICHT!
WAS IST MIT DIR LOS?{{TAG:0007:0000:08000000}}{{TAG:0000:0002:6400}}
{{TAG:0007:0009:1E000000}}
{{TAG:0007:000B:}}{{TAG:000D:0000:01CD}}{{TAG:0000:0002:9600}}ICH ERKLÄRE UND
REDE, {{TAG:0007:0000:08000000}}{{TAG:0007:000C:}}ABER NIX!
{{TAG:0000:0002:6400}}{{TAG:0007:0009:3C000000}}
{{TAG:0002:0002:}}Wie du willst! {{TAG:0007:0000:1E000000}}Ich erklär's dir noch
mal. {{TAG:0007:0000:14000000}}Hör einfach nur zu! {{TAG:0007:0000:14000000}}Schaffste
das?
ALSO! {{TAG:0007:0000:14000000}}{{TAG:0003:0000:}}Ja, {{TAG:0007:0000:08000000}}es gibt da draußen wohl
noch andere Spiele mit anderen
Regeln, {{TAG:0007:0000:08000000}}{{TAG:0002:0002:}}aber das interessiert nicht!{{TAG:0007:0000:08000000}}
{{TAG:0007:0009:3C000000}}Wir sprechen hier ausschließlich von
{{TAG:0000:0003:0300}}Animal Crossing: New Leaf{{TAG:0000:0003:FFFF}}.{{TAG:0003:0000:}}{{TAG:0007:0009:3C000000}}{{TAG:0000:0004:}}Ich lege dir AUSDRÜCKLICHST ans
Herz, bei diesem Spiel nicht immer
neu zu starten, weil's dir so passt.
{{TAG:0002:0008:}}{{TAG:000D:0004:01CD}}„Aber es ist mein Spiel! {{TAG:0007:0000:0F000000}}Ich kann
machen, was ich will!“{{TAG:000D:0005:}} {{TAG:0007:0000:1E000000}}{{TAG:0002:0005:}}In Ordnung!{{TAG:0007:0000:32000000}}
Versteh ich. {{TAG:0007:0000:14000000}}Sogar gut.{{TAG:0007:0009:3C000000}}
{{TAG:0002:0002:}}Aber so sind nun mal die Regeln!{{TAG:0007:0000:14000000}}
Akzeptier sie einfach, und wir alle
können in Frieden leben!{{TAG:0007:0009:3C000000}}
{{TAG:0003:0000:}}Du verstehst, was ich dir sagen will,{{TAG:0007:0000:08000000}}
oder? {{TAG:0007:0000:32000000}}So, {{TAG:0007:0000:08000000}}was noch... {{TAG:0007:0000:08000000}}Was wollte
ich noch sagen? {{TAG:0007:0000:14000000}}Öh...{{TAG:0007:0009:3C000000}}
Ach ja, stimmt. {{TAG:0007:0000:14000000}}Im echten Leben
kann man auch nicht einfach neu
starten{{TAG:0007:0000:08000000}}{{TAG:0002:0005:}} und so weiter und so fort...
{{TAG:0003:0000:}}Ich komme gleich zum Punkt.{{TAG:0000:0004:}}Nimm es, wie's kommt und mach
das Beste daraus...{{TAG:0007:0000:14000000}}
{{TAG:0002:0002:}}Sonst wirst du nicht glücklich!{{TAG:0007:0009:1E000000}}","{{TAG:0007:000C:}}{{TAG:000D:0000:01CD}}{{TAG:0002:0007:}}{{TAG:0000:0002:C800}}GRAAAH!{{TAG:0007:0009:3C000000}}{{TAG:0000:0002:6400}}{{TAG:0000:0004:}}{{TAG:0000:0002:C800}}{{TAG:0000:0002:6400}}{{TAG:0007:000C:}}{{TAG:000D:0000:01CD}}{{TAG:0002:0007:}}{{TAG:0000:0002:9600}}
ANLAMIYORUM! SENİN DERDİN NE?!{{TAG:0007:0000:08000000}}{{TAG:0000:0002:6400}}{{TAG:0007:0009:1E000000}}{{TAG:0000:0004:}}{{TAG:0007:000B:}}{{TAG:000D:0000:01CD}}{{TAG:0000:0002:9600}}
KONUŞUYORUM, KONUŞUYORUM,{{TAG:0007:000C:}} AMA
HİÇBİR YERE
VARAMIYORUZ!{{TAG:0000:0002:6400}}{{TAG:0007:0009:3C000000}}{{TAG:0000:0004:}}{{TAG:0002:0002:}}.{{TAG:0007:0000:08000000}}.{{TAG:0007:0000:08000000}}.{{TAG:0007:0000:08000000}}Tamam!{{TAG:0007:0000:1E000000}}Bir kez
daha baştan geçiyoruz.{{TAG:0007:0000:08000000}}Senin yapacağın
tek şey
orada durup dinlemek.{{TAG:0007:0000:0F000000}}AÇIK MI?!{{TAG:0007:0009:3C000000}}
ÖHÖ!{{TAG:0007:0000:08000000}}{{TAG:0003:0000:}}Garip kuralları olan başka
oyunlar çok,
{{TAG:0002:0002:}}ama biz onları konuşmuyoruz!{{TAG:0007:0000:08000000}}{{TAG:0007:0009:3C000000}}Bu
oyun {{TAG:0007:0000:08000000}}{{TAG:0000:0003:0300}}Animal Crossing: New Leaf{{TAG:0000:0003:FFFF}}. ""New""
kısmına dikkat.{{TAG:0003:0000:}}{{TAG:0007:0009:3C000000}} Sana şiddetle...{{TAG:0007:0000:08000000}}ŞİDDETLE
öneriyoruz{{TAG:0007:0000:1E000000}}:
Bu oyunda sıfırlama işine girme.{{TAG:0007:0009:3C000000}}{{TAG:0002:0008:}}{{TAG:000D:0004:01CD}}
""Benim oyunum!
{{TAG:0007:0000:0F000000}}İstediğim gibi oynarım!""{{TAG:000D:0005:}}{{TAG:0007:0000:1E000000}}{{TAG:0002:0005:}}Evet, ne
düşündüğünü biliyorum!{{TAG:0007:0000:32000000}} Anlıyorum da.{{TAG:0007:0000:08000000}} Cidden.{{TAG:0007:0009:3C000000}}{{TAG:0002:0002:}}
Ama kural kuraldır.{{TAG:0007:0000:0F000000}}
Resetti otobüsüne ne kadar çabuk
binip bunu
kabul edersen{{TAG:0007:0000:08000000}} hepimiz o kadar
rahat ederiz!{{TAG:0007:0000:08000000}}{{TAG:0007:0009:3C000000}}
{{TAG:0003:0000:}}Ne dediğimi anladın, değil mi?{{TAG:0007:0000:32000000}}
Bakalım...
{{TAG:0007:0000:08000000}}Başka ne vardı?{{TAG:0007:0000:08000000}}Şey...{{TAG:0007:0009:3C000000}} Evet!{{TAG:0007:0000:0F000000}}
Gerçek hayatta
sıfırlama tuşu yok{{TAG:0007:0000:14000000}}.{{TAG:0007:0000:08000000}}.{{TAG:0007:0000:08000000}}.{{TAG:0007:0000:08000000}} Yeniden
deneme de yok,
{{TAG:0002:0005:}}falan filan...{{TAG:0007:0000:0F000000}}{{TAG:0003:0000:}}Sonuna geçiyorum{{TAG:0007:0000:08000000}}.{{TAG:0007:0000:08000000}}.{{TAG:0007:0000:08000000}}
.{{TAG:0007:0000:08000000}}
Hayat hangi kartı verirse onunla oynarsın.
Yoksa...{{TAG:0002:0002:}}FENA KAYBEDERSİN!{{TAG:0007:0009:1E000000}}"
53,054,"Yo{{TAG:0007:0000:08000000}}.{{TAG:0007:0000:08000000}}.{{TAG:0007:0000:08000000}}. {{TAG:0002:0005:}}{{TAG:0007:0000:08000000}}You awake over there?{{TAG:0007:0001:}} {{TAG:0002:0008:}}You
been so quiet,{{TAG:0007:0000:08000000}} I was worried ya
might have drifted off on me.
{{TAG:0003:0000:}}So really? Ya been listenin' the
whole time? {{TAG:0007:0000:08000000}}No quick catnaps?{{TAG:0007:0000:1E000000}}
{{TAG:0002:0008:}}Perfect. {{TAG:0007:0000:08000000}}I like that.
{{TAG:0003:0000:}}Looks like ya learned your lesson,{{TAG:0007:0000:1E000000}}
{{TAG:0002:0008:}}so let's call it a day.{{TAG:0007:0001:}} {{TAG:0002:0002:}}But listen!
{{TAG:0007:0000:08000000}}Don't make me come back here!
{{TAG:0002:0002:}}AND DON'T THINK I WON'T!","Oye{{TAG:0007:0000:08000000}}.{{TAG:0007:0000:08000000}}.{{TAG:0007:0000:08000000}}. {{TAG:0002:0005:}}{{TAG:0007:0000:08000000}}¿Estás despiert{{TAG:000E:0006:02006F0002006100}}?{{TAG:0007:0001:}} {{TAG:0002:0008:}}Estás tan
calladit{{TAG:000E:0006:02006F0002006100}}{{TAG:0007:0000:08000000}} que ya me preguntaba
si no te me habrías dormido.
{{TAG:0003:0000:}}¿Entonces? ¿Has escuchado todo
lo que te decía? {{TAG:0007:0000:08000000}}¿No has dado
ninguna cabezada?{{TAG:0007:0000:1E000000}} {{TAG:0002:0008:}}Eso está bien.
{{TAG:0003:0000:}}Parece que te has quedado con la
copla,{{TAG:0007:0000:1E000000}} {{TAG:0002:0008:}}así que dejémoslo por hoy.{{TAG:0000:0004:}}{{TAG:0002:0002:}}¡Pero ojo! {{TAG:0007:0000:08000000}}¡Procura no obligarme
a aparecer otra vez por aquí!{{TAG:0007:0000:1E000000}}
{{TAG:0002:0002:}}¡SABES QUE LO HARÉ!","Hé{{TAG:0007:0000:08000000}}.{{TAG:0007:0000:08000000}}.{{TAG:0007:0000:08000000}}. {{TAG:0002:0005:}}{{TAG:0007:0000:08000000}}Tu dors, meuni{{TAG:000E:0006:0400650072000600E80072006500}} ?{{TAG:0007:0001:}} {{TAG:0002:0008:}}Tu es
bien silencieu{{TAG:000E:0006:02007800040073006500}},{{TAG:0007:0000:08000000}} j'avais l'impression
que tu t'étais endormi{{TAG:000E:0006:000002006500}}.
{{TAG:0003:0000:}}Tu as vraiment écouté tout ce que
je t'ai dit ? {{TAG:0007:0000:08000000}}T'as pas fait semblant ?{{TAG:0007:0000:1E000000}}
{{TAG:0002:0008:}}C'est bien. {{TAG:0007:0000:08000000}}Brave petit{{TAG:000E:0006:000002006500}}.
{{TAG:0003:0000:}}Tu as l'air d'avoir compris la leçon,{{TAG:0007:0000:1E000000}}
{{TAG:0002:0008:}}alors je vais te laisser tranquille.{{TAG:0007:0001:}}
{{TAG:0002:0002:}}Mais attention !{{TAG:0007:0000:08000000}} Je t'ai à l'œil !
{{TAG:0002:0002:}}ET RIEN N'ÉCHAPPE À RESETTI !","Ehi{{TAG:0007:0000:08000000}}.{{TAG:0007:0000:08000000}}.{{TAG:0007:0000:08000000}}. {{TAG:0002:0005:}}{{TAG:0007:0000:08000000}}Sei ancora svegli{{TAG:000E:0006:02006F0002006100}}?{{TAG:0007:0001:}} {{TAG:0002:0008:}}Visto
che non dici niente,{{TAG:0007:0000:08000000}} per un attimo
ho pensato ti fossi addormentat{{TAG:000E:0006:02006F0002006100}}.
{{TAG:0003:0000:}}Allora, hai ascoltato tutto?
{{TAG:0007:0000:08000000}}Per filo e per segno?{{TAG:0007:0000:1E000000}}
{{TAG:0002:0008:}}Brav{{TAG:000E:0006:02006F0002006100}}. {{TAG:0007:0000:08000000}}Così mi piaci.
{{TAG:0003:0000:}}Spero che tu abbia imparato
la lezione.{{TAG:0007:0000:1E000000}} {{TAG:0002:0008:}}Per oggi basta così.{{TAG:0007:0001:}} {{TAG:0002:0002:}}
Ora non costringermi a tornare!
{{TAG:0002:0002:}}O LA PROSSIMA VOLTA
SARÀ PEGGIO!","Huhu{{TAG:0007:0000:08000000}}.{{TAG:0007:0000:08000000}}.{{TAG:0007:0000:08000000}}. {{TAG:0002:0005:}}{{TAG:0007:0000:08000000}}Bist du wach?{{TAG:0007:0001:}} {{TAG:0002:0008:}}Du bist so
still,{{TAG:0007:0000:08000000}} ich dachte schon, du wärst
mir hier weggeratzt!
{{TAG:0003:0000:}}Du hast mir also echt die ganze Zeit
zugehört? {{TAG:0007:0000:08000000}}Kein Nickerchen mal so
zwischendurch?{{TAG:0007:0000:1E000000}} {{TAG:0002:0008:}}So ist's brav!
{{TAG:0003:0000:}}Ich glaube, du hast deine Lektion
gelernt,{{TAG:0007:0000:1E000000}} {{TAG:0002:0008:}}also würde ich sagen, das
war's jetzt erst mal.{{TAG:0007:0001:}} {{TAG:0002:0002:}}Aber pass auf!
Zwing mich bloß nicht, noch mal
herzukommen!{{TAG:0007:0000:14000000}}
{{TAG:0002:0002:}}DENN DANN IST WAS LOS!","Yo{{TAG:0007:0000:08000000}}.{{TAG:0007:0000:08000000}}.{{TAG:0007:0000:08000000}}.{{TAG:0002:0005:}}{{TAG:0007:0000:08000000}}Orada uyanık mısın?{{TAG:0007:0001:}}{{TAG:0002:0008:}}Öyle
sessizdin ki{{TAG:0007:0000:08000000}} uyuyakaldın sandım.{{TAG:0003:0000:}}
Cidden bütün
zaman dinledin mi?{{TAG:0007:0000:08000000}}Kısa bir
şekerleme bile yok?{{TAG:0007:0000:1E000000}}
{{TAG:0002:0008:}}Harika.{{TAG:0007:0000:08000000}}Bunu sevdim.{{TAG:0003:0000:}}Dersini almış
gibisin,{{TAG:0007:0000:1E000000}}
{{TAG:0002:0008:}}bugünlük bitirelim.{{TAG:0007:0001:}}{{TAG:0002:0002:}}Ama dinle!{{TAG:0007:0000:08000000}}
Beni bir daha
buraya getirme!{{TAG:0002:0002:}}GETİRMEYECEĞİMİ SANMA!"
54,055,"{{TAG:0002:0002:}}What's with that look?{{TAG:0007:0000:14000000}}
{{TAG:0003:0000:}}Hm? {{TAG:0007:0000:08000000}}Ya listenin'? {{TAG:0007:0000:08000000}}Not listenin'?{{TAG:0000:0004:}}{{TAG:0002:0002:}}How's a mole to know? Do I look
like I'm a mind reader or a people
person?{{TAG:0007:0000:08000000}} {{TAG:0002:0005:}}Not so much.
{{TAG:0003:0000:}}That look ya got on your face right
now, that makes me lose all will {{TAG:0002:0005:}}to
do my job with any gusto{{TAG:0007:0000:08000000}}.{{TAG:0007:0000:08000000}}.{{TAG:0007:0000:08000000}}.{{TAG:0000:0004:}}{{TAG:0003:0000:}}Know what? {{TAG:0007:0000:08000000}}I've had enough of this
for one day. {{TAG:0007:0000:1E000000}}{{TAG:0002:0008:}}I'm headin' for home.{{TAG:0007:0001:}}
{{TAG:0002:0002:}}No more resettin'! {{TAG:0007:0000:08000000}}Ya got it?!","{{TAG:0002:0002:}}¿Por qué pones esa cara?{{TAG:0007:0000:14000000}} {{TAG:0003:0000:}}¿Qué
significa? {{TAG:0007:0000:08000000}}¿Que me entiendes? {{TAG:0007:0000:08000000}}
¿Que no me entiendes?{{TAG:0000:0004:}}{{TAG:0003:0000:}}Desde luego, me desconciertas de
tal forma{{TAG:0002:0005:}} que se me quitan las
ganas de hacer este trabajo{{TAG:0007:0000:08000000}}.{{TAG:0007:0000:08000000}}.{{TAG:0007:0000:08000000}}.{{TAG:0000:0004:}}{{TAG:0003:0000:}}¿Sabes lo que te digo? {{TAG:0007:0000:08000000}}He tenido
bastante por hoy. {{TAG:0007:0000:1E000000}}{{TAG:0002:0008:}}Me largo a casa.{{TAG:0007:0001:}}
{{TAG:0002:0002:}}¡Deja de resetear! {{TAG:0007:0000:08000000}}¡Y punto!","{{TAG:0002:0002:}}T'en fais une drôle de tête...{{TAG:0007:0000:14000000}} {{TAG:0003:0000:}}Allo ?{{TAG:0007:0000:08000000}}
Ici la Terre !{{TAG:0007:0000:08000000}} Tu me reçois ?{{TAG:0000:0004:}}{{TAG:0002:0002:}}Hé, j'ai besoin d'une réaction de ta
part.{{TAG:0007:0000:08000000}} {{TAG:0002:0005:}}Je ne lis pas dans les pensées,
moi.
{{TAG:0003:0000:}}Ne fais pas des yeux de merlan frit,
tu me décourages...{{TAG:0002:0005:}} Impossible de
bosser dans ces conditions{{TAG:0007:0000:08000000}}.{{TAG:0007:0000:08000000}}.{{TAG:0007:0000:08000000}}.{{TAG:0000:0004:}}{{TAG:0003:0000:}}Tu sais quoi ? {{TAG:0007:0000:08000000}}Je rentre chez moi.
{{TAG:0002:0008:}}La journée a été longue.{{TAG:0007:0001:}} {{TAG:0002:0002:}}Et que je
te prenne pas à réinitialiser !{{TAG:0007:0000:08000000}} Pigé ?","{{TAG:0002:0002:}}Ehi, che ti prende?{{TAG:0007:0000:14000000}}
{{TAG:0003:0000:}}Ci sei ancora? {{TAG:0007:0000:08000000}}O ti stai
facendo un sonnellino?{{TAG:0000:0004:}}{{TAG:0002:0002:}}Non farmi arrabbiare di nuovo, eh?
Lo sai quanta pazienza mi rimane?{{TAG:0007:0000:08000000}}
{{TAG:0002:0005:}}Nemmeno un po'!
{{TAG:0003:0000:}}Quell'espressione sulla tua faccia
{{TAG:0002:0005:}}mi fa perdere tutta la voglia di
fare il mio lavoro come si deve{{TAG:0007:0000:08000000}}.{{TAG:0007:0000:08000000}}.{{TAG:0007:0000:08000000}}.{{TAG:0000:0004:}}{{TAG:0003:0000:}}Sai che ti dico? {{TAG:0007:0000:08000000}}Per oggi ne ho
avuto abbastanza. {{TAG:0007:0000:1E000000}}{{TAG:0002:0008:}}Me ne vado a
casa.{{TAG:0007:0001:}}{{TAG:0002:0002:}} E tu basta resettare, {{TAG:0007:0000:08000000}}capito?","{{TAG:0002:0002:}}Was soll mir jetzt dieser
Gesichtsausdruck sagen?{{TAG:0007:0000:14000000}} {{TAG:0003:0000:}}Hm?{{TAG:0007:0000:08000000}}
Hörst du zu? {{TAG:0007:0000:08000000}}Hörst du nicht zu?
Wie soll ich das wissen, hä?{{TAG:0000:0004:}}{{TAG:0002:0002:}}Glaubst du, ich kann Gedanken
lesen,{{TAG:0007:0000:08000000}} oder dass ich besonders
einfühlsam bin?{{TAG:0007:0000:08000000}} {{TAG:0002:0005:}}Seh ich so aus, hä?
{{TAG:0003:0000:}}Wenn ich diesen Ausdruck auf
deinem Gesicht sehe, dann verliere
{{TAG:0002:0005:}}ich glatt die Lust an meiner Arbeit...
{{TAG:0003:0000:}}Weißte was? {{TAG:0007:0000:08000000}}Mir reicht's heute!{{TAG:0007:0000:1E000000}}
{{TAG:0002:0008:}}Ich geh jetzt nach Hause.{{TAG:0007:0001:}}
{{TAG:0002:0002:}}Immer schön speichern! {{TAG:0007:0000:08000000}}Klaro?","{{TAG:0002:0002:}}O surat ne?{{TAG:0007:0000:14000000}}{{TAG:0003:0000:}}Hı?{{TAG:0007:0000:08000000}}Dinliyor musun?{{TAG:0007:0000:08000000}}
Dinlemiyor musun?{{TAG:0000:0004:}}{{TAG:0002:0002:}}Köstebek nereden bilsin?
Ben zihin okur ya
da insan sarrafı mıyım?{{TAG:0007:0000:08000000}}{{TAG:0002:0005:}}Pek
değil.{{TAG:0003:0000:}}Şu anki o
ifaden var ya, işimi hevesle
yapma isteğimi{{TAG:0002:0005:}}
yok ediyor{{TAG:0007:0000:08000000}}.{{TAG:0007:0000:08000000}}.{{TAG:0007:0000:08000000}}.{{TAG:0000:0004:}}{{TAG:0003:0000:}}Biliyor musun?{{TAG:0007:0000:08000000}}
Bugünlük yeter.
{{TAG:0007:0000:1E000000}}{{TAG:0002:0008:}}Eve gidiyorum.{{TAG:0007:0001:}}{{TAG:0002:0002:}}Sıfırlama yok!{{TAG:0007:0000:08000000}}
Anladın mı?!"
55,056,"
{{TAG:0007:000C:}}{{TAG:000D:0000:01CD}}{{TAG:0002:0007:}}{{TAG:0000:0002:C800}}GRAAAH!{{TAG:0000:0002:6400}}{{TAG:0000:0004:}}{{TAG:0000:0002:C800}}{{TAG:0000:0002:6400}}
{{TAG:0007:000C:}}{{TAG:000D:0000:01CD}}{{TAG:0002:0007:}}{{TAG:0000:0002:C800}}""TAP TAP TAP!""{{TAG:0000:0002:C800}}{{TAG:0007:0009:3C000000}}{{TAG:0000:0002:C800}}{{TAG:0000:0002:6400}}{{TAG:0000:0004:}}{{TAG:0000:0002:C800}}
{{TAG:0007:000C:}}{{TAG:000D:0000:01CD}}{{TAG:0002:0007:}}""TAP TAP TAP!""{{TAG:0000:0002:C800}}{{TAG:0007:0009:14000000}}{{TAG:0000:0002:6400}}{{TAG:0000:0004:}}{{TAG:0000:0002:C800}}{{TAG:0000:0002:C800}}
{{TAG:0007:000C:}}{{TAG:000D:0000:01CD}}{{TAG:0002:0007:}}ENOUGH!{{TAG:0000:0002:C800}}{{TAG:0007:0009:28000000}}{{TAG:0000:0002:6400}}{{TAG:0000:0004:}}
{{TAG:0000:0002:C800}}{{TAG:0000:0002:C800}}{{TAG:0007:000C:}}{{TAG:000D:0000:01CD}}{{TAG:0002:0007:}}{{TAG:0000:0002:9600}}IT'S {{TAG:0000:0002:C800}}{{TAG:0000:0002:9600}}DRIVIN' ME NUTS!{{TAG:0000:0002:C800}}{{TAG:0000:0002:9600}}{{TAG:0007:0009:3C000000}}{{TAG:0000:0002:C800}}{{TAG:0000:0002:6400}}{{TAG:0000:0004:}}{{TAG:0000:0002:C800}}{{TAG:0000:0002:6400}}{{TAG:0002:0001:}}{{TAG:0000:0002:9600}}You tryin' to break your
buttons or somethin'?{{TAG:0000:0002:6400}}{{TAG:0000:0004:}}{{TAG:0000:0002:9600}}{{TAG:0000:0002:6400}}{{TAG:0002:0002:}}I counted {{TAG:0004:0008:0000}} mashes!{{TAG:0000:0004:}}{{TAG:0002:0008:}}{{TAG:000D:0000:00CD}}Give it a rest, will ya?{{TAG:0007:0000:1E000000}} {{TAG:0002:0002:}}This ain't no
button-pressin' contest! Who do you
think you are, Buttons McGee?!
I doubt you even know who that is,
or even if that's a real person.{{TAG:0000:0004:}}
{{TAG:0000:0002:C800}}{{TAG:0007:000C:}}{{TAG:000D:0000:01CD}}{{TAG:0000:0002:6400}}{{TAG:0002:0007:}}{{TAG:0000:0002:C800}}WELL, IT AIN'T!{{TAG:0000:0002:6400}}{{TAG:0000:0002:C800}}{{TAG:0000:0002:9600}}{{TAG:0007:0009:1E000000}}{{TAG:0000:0002:C800}}{{TAG:0000:0002:6400}}{{TAG:0000:0004:}}{{TAG:0000:0002:C800}}{{TAG:0000:0002:6400}}{{TAG:0003:0000:}}All right,{{TAG:0007:0000:08000000}} that's it. I give.{{TAG:0007:0000:1E000000}}
{{TAG:0002:0008:}}This mole's done for the day.{{TAG:0007:0000:14000000}}
I'm cuttin' ya free, button masher!
{{TAG:0000:0002:9600}}{{TAG:0000:0002:6400}}{{TAG:0002:0002:}}But, please, for the love of all that
is good and filled with dirt,{{TAG:0007:0000:08000000}} no more
resettin'! Got that?!","
{{TAG:0007:000C:}}{{TAG:000D:0000:01CD}}{{TAG:0002:0007:}}{{TAG:0000:0002:C800}}¡ARGGG!{{TAG:0000:0002:6400}}{{TAG:0000:0004:}}{{TAG:0000:0002:C800}}{{TAG:0000:0002:6400}}
{{TAG:0007:000C:}}{{TAG:000D:0000:01CD}}{{TAG:0002:0007:}}{{TAG:0000:0002:C800}}""¡TIC-TIC-TIC!""{{TAG:0000:0002:C800}}{{TAG:0007:0009:3C000000}}{{TAG:0000:0002:C800}}{{TAG:0000:0002:6400}}{{TAG:0000:0004:}}{{TAG:0000:0002:C800}}
{{TAG:0007:000C:}}{{TAG:000D:0000:01CD}}{{TAG:0002:0007:}}""¡TIC-TIC-TIC!""{{TAG:0000:0002:C800}}{{TAG:0007:0009:14000000}}{{TAG:0000:0002:6400}}{{TAG:0000:0004:}}{{TAG:0000:0002:C800}}{{TAG:0000:0002:C800}}
{{TAG:0007:000C:}}{{TAG:000D:0000:01CD}}{{TAG:0002:0007:}}¡BASTA!{{TAG:0000:0002:C800}}{{TAG:0007:0009:28000000}}{{TAG:0000:0002:6400}}{{TAG:0000:0004:}}
{{TAG:0000:0002:C800}}{{TAG:0000:0002:C800}}{{TAG:0007:000C:}}{{TAG:000D:0000:01CD}}{{TAG:0002:0007:}}{{TAG:0000:0002:9600}}¡Me desesperaaas{{TAG:0000:0002:C800}}{{TAG:0000:0002:9600}}!{{TAG:0000:0002:C800}}{{TAG:0000:0002:9600}}{{TAG:0007:0009:3C000000}}{{TAG:0000:0002:C800}}{{TAG:0000:0002:6400}}{{TAG:0000:0004:}}{{TAG:0000:0002:C800}}{{TAG:0000:0002:6400}}{{TAG:0002:0001:}}{{TAG:0000:0002:7D00}}¡Vas a gastar los botones
de tanto pulsarlos!{{TAG:0000:0002:6400}}{{TAG:0000:0004:}}{{TAG:0000:0002:7D00}}{{TAG:0000:0002:6400}}{{TAG:0002:0002:}}¡Les has dado ya {{TAG:0004:0008:0000}} veces!{{TAG:0000:0004:}}{{TAG:0002:0008:}}{{TAG:000D:0000:00CD}}¡Para un rato!{{TAG:0007:0000:1E000000}} {{TAG:0002:0002:}}¡Que no estás en un
concurso! ¿Intentas batir el récord
mundial de reseteos o qué?
{{TAG:0003:0000:}}Arf, arf,{{TAG:0007:0000:08000000}} no puedo más. Me rindo.{{TAG:0007:0000:1E000000}}
{{TAG:0002:0008:}}Este topo está muy mayor ya para
esto.{{TAG:0007:0000:14000000}} Te dejo en paz por hoy.
{{TAG:0000:0002:7D00}}{{TAG:0000:0002:6400}}{{TAG:0002:0002:}}Pero por favor te lo pido,
te lo suplico, te lo imploro...{{TAG:0007:0000:08000000}}
¡No más reseteos! ¡Apiádate de mí!","
{{TAG:0007:000C:}}{{TAG:000D:0000:01CD}}{{TAG:0002:0007:}}{{TAG:0000:0002:C800}}RAAAH !{{TAG:0000:0002:6400}}{{TAG:0000:0004:}}{{TAG:0000:0002:C800}}{{TAG:0000:0002:6400}}
{{TAG:0007:000C:}}{{TAG:000D:0000:01CD}}{{TAG:0002:0007:}}{{TAG:0000:0002:C800}}TAP TAP TAP !{{TAG:0000:0002:C800}}{{TAG:0007:0009:3C000000}}{{TAG:0000:0002:C800}}{{TAG:0000:0002:6400}}{{TAG:0000:0004:}}{{TAG:0000:0002:C800}}
{{TAG:0007:000C:}}{{TAG:000D:0000:01CD}}{{TAG:0002:0007:}}TAP TAP TAP !{{TAG:0000:0002:C800}}{{TAG:0007:0009:14000000}}{{TAG:0000:0002:6400}}{{TAG:0000:0004:}}{{TAG:0000:0002:C800}}{{TAG:0000:0002:C800}}
{{TAG:0007:000C:}}{{TAG:000D:0000:01CD}}{{TAG:0002:0007:}}ASSEEEEZ !{{TAG:0000:0002:C800}}{{TAG:0007:0009:28000000}}{{TAG:0000:0002:6400}}{{TAG:0000:0004:}}
{{TAG:0000:0002:C800}}{{TAG:0000:0002:C800}}{{TAG:0007:000C:}}{{TAG:000D:0000:01CD}}{{TAG:0002:0007:}}{{TAG:0000:0002:9600}}JE CRAQUE {{TAG:0000:0002:C800}}{{TAG:0000:0002:9600}}!{{TAG:0000:0002:C800}}{{TAG:0000:0002:9600}}{{TAG:0007:0009:3C000000}}{{TAG:0000:0002:C800}}{{TAG:0000:0002:6400}}{{TAG:0000:0004:}}{{TAG:0000:0002:C800}}{{TAG:0000:0002:6400}}{{TAG:0002:0001:}}{{TAG:0000:0002:9600}}T'essayes quoi,
d'exploser les boutons
de ta console ?
{{TAG:0000:0002:6400}}{{TAG:0002:0002:}}Tu as appuyé dessus {{TAG:0004:0008:0000}} fois !
J'AI COMPTÉ !{{TAG:0000:0004:}}{{TAG:0002:0008:}}{{TAG:000D:0000:00CD}}Arrête ! Stop !{{TAG:0007:0000:1E000000}} {{TAG:0002:0002:}}Tu t'entraînes pour
la guerre des boutons, ou quoi ?! Tu
es enragé{{TAG:000E:0006:000002006500}} ?!
Tu sais que la rage est une maladie
mortelle ?{{TAG:0000:0004:}}
{{TAG:0000:0002:C800}}{{TAG:0007:000C:}}{{TAG:000D:0000:01CD}}{{TAG:0000:0002:6400}}{{TAG:0002:0007:}}{{TAG:0000:0002:C800}}Alors CALMOS !{{TAG:0000:0002:6400}}{{TAG:0000:0002:C800}}{{TAG:0000:0002:9600}}{{TAG:0007:0009:1E000000}}{{TAG:0000:0002:C800}}{{TAG:0000:0002:6400}}{{TAG:0000:0004:}}{{TAG:0000:0002:C800}}{{TAG:0000:0002:6400}}{{TAG:0003:0000:}}J'en...{{TAG:0007:0000:08000000}} J'en peux plus. J'abandonne.
{{TAG:0002:0008:}}Fini pour aujourd'hui.{{TAG:0007:0000:14000000}} Je vais me
coucher. {{TAG:0000:0002:6400}}{{TAG:0007:0000:08000000}}Bonne nuit, {{TAG:000E:0006:0A0074007900720061006E000A0066007500720069006500}}.{{TAG:0000:0002:6400}}
{{TAG:0000:0002:9600}}{{TAG:0000:0002:6400}}{{TAG:0002:0002:}}Mais si je te reprends à réinitialiser,
{{TAG:0007:0000:08000000}}ça va chauffer pour ton matricule !
On se comprend ?!","
{{TAG:0007:000C:}}{{TAG:000D:0000:01CD}}{{TAG:0002:0007:}}{{TAG:0000:0002:C800}}AAARGH!{{TAG:0000:0002:6400}}{{TAG:0000:0004:}}{{TAG:0000:0002:C800}}{{TAG:0000:0002:6400}}
{{TAG:0007:000C:}}{{TAG:000D:0000:01CD}}{{TAG:0002:0007:}}{{TAG:0000:0002:C800}}BASTA{{TAG:0000:0002:C800}}{{TAG:0007:0009:3C000000}}{{TAG:0000:0002:C800}}{{TAG:0000:0002:6400}}{{TAG:0000:0004:}}{{TAG:0000:0002:C800}}
{{TAG:0007:000C:}}{{TAG:000D:0000:01CD}}{{TAG:0002:0007:}}PREMERE{{TAG:0000:0002:C800}}{{TAG:0007:0009:14000000}}{{TAG:0000:0002:6400}}{{TAG:0000:0004:}}{{TAG:0000:0002:C800}}{{TAG:0000:0002:C800}}
{{TAG:0007:000C:}}{{TAG:000D:0000:01CD}}{{TAG:0002:0007:}}PULSANTI!{{TAG:0000:0002:C800}}{{TAG:0007:0009:28000000}}{{TAG:0000:0002:6400}}{{TAG:0000:0004:}}
{{TAG:0000:0002:C800}}{{TAG:0000:0002:C800}}{{TAG:0007:000C:}}{{TAG:000D:0000:01CD}}{{TAG:0002:0007:}}{{TAG:0000:0002:9600}}NON NE POSSO PIÙ!{{TAG:0000:0002:C800}}{{TAG:0000:0002:9600}}{{TAG:0007:0009:3C000000}}{{TAG:0000:0002:C800}}{{TAG:0000:0002:6400}}{{TAG:0000:0004:}}{{TAG:0000:0002:C800}}{{TAG:0000:0002:6400}}{{TAG:0002:0001:}}{{TAG:0000:0002:9600}}Stai cercando di
battere un record?{{TAG:0000:0002:6400}}{{TAG:0000:0004:}}{{TAG:0000:0002:9600}}{{TAG:0000:0002:6400}}{{TAG:0002:0002:}}Hai premuto qualche pulsante
ben {{TAG:0004:0008:0000}} volte!{{TAG:0000:0004:}}{{TAG:0002:0008:}}{{TAG:000D:0000:00CD}}Vedi di darci un taglio!{{TAG:0007:0000:1E000000}} {{TAG:0002:0002:}}Non è mica
una gara a chi preme di più! E tu
non sei certo ""SuperPulsante{{TAG:000E:0006:06004D0061006E0008004700690072006C00}}""!
Ora ti starai chiedendo se questo
supereroe esiste davvero...{{TAG:0000:0004:}}
{{TAG:0000:0002:C800}}{{TAG:0007:000C:}}{{TAG:000D:0000:01CD}}{{TAG:0000:0002:6400}}{{TAG:0002:0007:}}{{TAG:0000:0002:9600}}LA RISPOSTA
È NO!{{TAG:0000:0002:6400}}{{TAG:0000:0002:C800}}{{TAG:0000:0002:9600}}{{TAG:0007:0009:1E000000}}{{TAG:0000:0002:C800}}{{TAG:0000:0002:6400}}{{TAG:0000:0004:}}{{TAG:0000:0002:C800}}{{TAG:0000:0002:6400}}{{TAG:0003:0000:}}Beh,{{TAG:0007:0000:08000000}} per oggi mi sono stufato.{{TAG:0007:0000:1E000000}}
{{TAG:0002:0008:}}Puoi andare, piccol{{TAG:000E:0006:02006F0002006100}} furbett{{TAG:000E:0006:02006F0002006100}}.{{TAG:0000:0004:}}{{TAG:0000:0002:9600}}{{TAG:0000:0002:6400}}{{TAG:0002:0002:}}Ma basta resettare senza salvare,{{TAG:0007:0000:08000000}}
capito? La prossima volta non
sarò così carino e gentile!","
{{TAG:0007:000C:}}{{TAG:000D:0000:01CD}}{{TAG:0002:0007:}}{{TAG:0000:0002:C800}}GRAAAH!{{TAG:0000:0002:6400}}{{TAG:0007:0009:3C000000}}{{TAG:0000:0004:}}
{{TAG:0007:000C:}}{{TAG:000D:0000:01CD}}{{TAG:0002:0007:}}{{TAG:0000:0002:B400}}„TIPP TIPP TIPP!“{{TAG:0000:0002:6400}}{{TAG:0007:0009:3C000000}}{{TAG:0000:0004:}}
{{TAG:0007:000C:}}{{TAG:000D:0000:01CD}}{{TAG:0002:0007:}}{{TAG:0000:0002:B400}}„TIPP TIPP TIPP!“{{TAG:0000:0002:6400}}{{TAG:0007:0009:14000000}}{{TAG:0000:0004:}}
{{TAG:0007:000C:}}{{TAG:000D:0000:01CD}}{{TAG:0002:0007:}}{{TAG:0000:0002:B400}}ES REICHT!{{TAG:0000:0002:6400}}{{TAG:0007:0009:28000000}}{{TAG:0000:0004:}}
{{TAG:0007:000C:}}{{TAG:000D:0000:01CD}}{{TAG:0002:0007:}}{{TAG:0000:0002:9600}}ICH WERD BEKLOPPT!{{TAG:0000:0002:6400}}{{TAG:0007:0009:3C000000}}{{TAG:0000:0004:}}{{TAG:0002:0001:}}{{TAG:0000:0002:9600}}Willst du deine Knöpfe
kaputtmachen, hä?{{TAG:0000:0004:}}{{TAG:0000:0002:6400}}{{TAG:0002:0002:}}Du hast satte {{TAG:0004:0008:0000}}-mal gedrückt!{{TAG:0000:0004:}}{{TAG:0002:0008:}}{{TAG:000D:0000:00CD}}Jetzt ist aber mal gut!{{TAG:0007:0000:1E000000}} {{TAG:0002:0002:}}Das hier ist
kein Wettbewerb!{{TAG:0000:0004:}}{{TAG:0000:0002:C800}}{{TAG:0007:000C:}}{{TAG:000D:0000:01CD}}{{TAG:0000:0002:6400}}{{TAG:0002:0007:}}{{TAG:0000:0002:9600}}WÄRE JA AUCH
NOCH SCHÖNER!{{TAG:0000:0002:6400}}{{TAG:0000:0004:}}{{TAG:0003:0000:}}So, das muss reichen.{{TAG:0007:0000:1E000000}} {{TAG:0002:0008:}}Meine Arbeit
hier dürfte getan sein.{{TAG:0007:0000:14000000}} Ich lass dich
vom Haken, {{TAG:000E:0006:0E004B006C00650069006E00650072000C004B006C00650069006E006500}}!
{{TAG:0002:0002:}}Aber bei allem, was durchtunnelt
ist, {{TAG:0007:0000:08000000}}beende das Spiel nie mehr ohne
zu speichern!{{TAG:0007:0000:14000000}} Verstehen wir uns?","{{TAG:0007:000C:}}{{TAG:000D:0000:01CD}}{{TAG:0002:0007:}}{{TAG:0000:0002:C800}}GRAAAH!{{TAG:0000:0002:6400}}{{TAG:0000:0004:}}{{TAG:0000:0002:C800}}{{TAG:0000:0002:6400}}
{{TAG:0007:000C:}}{{TAG:000D:0000:01CD}}{{TAG:0002:0007:}}{{TAG:0000:0002:C800}}""TAK TAK TAK!""{{TAG:0000:0002:C800}}{{TAG:0007:0009:3C000000}}{{TAG:0000:0002:C800}}{{TAG:0000:0002:6400}}{{TAG:0000:0004:}}{{TAG:0000:0002:C800}}
{{TAG:0007:000C:}}{{TAG:000D:0000:01CD}}{{TAG:0002:0007:}}""TAK TAK TAK!""{{TAG:0000:0002:C800}}{{TAG:0007:0009:14000000}}{{TAG:0000:0002:6400}}{{TAG:0000:0004:}}{{TAG:0000:0002:C800}}{{TAG:0000:0002:C800}}
{{TAG:0007:000C:}}{{TAG:000D:0000:01CD}}{{TAG:0002:0007:}}YETER!{{TAG:0000:0002:C800}}{{TAG:0007:0009:28000000}}{{TAG:0000:0002:6400}}{{TAG:0000:0004:}}
{{TAG:0000:0002:C800}}{{TAG:0000:0002:C800}}{{TAG:0007:000C:}}{{TAG:000D:0000:01CD}}{{TAG:0002:0007:}}{{TAG:0000:0002:9600}}BENİ{{TAG:0000:0002:C800}}{{TAG:0000:0002:9600}} ÇILDIRTIYOR!{{TAG:0000:0002:C800}}{{TAG:0000:0002:9600}}{{TAG:0007:0009:3C000000}}{{TAG:0000:0002:C800}}{{TAG:0000:0002:6400}}{{TAG:0000:0004:}}{{TAG:0000:0002:C800}}{{TAG:0000:0002:6400}}{{TAG:0002:0001:}}{{TAG:0000:0002:9600}}
Tuşlarını kırmaya mı
çalışıyorsun?!{{TAG:0000:0002:6400}}{{TAG:0000:0004:}}{{TAG:0000:0002:9600}}{{TAG:0000:0002:6400}}{{TAG:0002:0002:}}
{{TAG:0004:0008:0000}}kez bastığını saydım!{{TAG:0000:0004:}}{{TAG:0002:0008:}}{{TAG:000D:0000:00CD}}Biraz
dinlendir şu
parmakları!{{TAG:0007:0000:1E000000}}{{TAG:0002:0002:}}Bu tuşa basma
yarışması değil! Sen
kimsin, Tuşçu Turgut mu?! Böyle
biri var mı onu bile
bilmiyorum.{{TAG:0000:0004:}}{{TAG:0000:0002:C800}}{{TAG:0007:000C:}}{{TAG:000D:0000:01CD}}{{TAG:0000:0002:6400}}{{TAG:0002:0007:}}{{TAG:0000:0002:C800}}YOK ZATEN!{{TAG:0000:0002:6400}}{{TAG:0000:0002:C800}}{{TAG:0000:0002:9600}}{{TAG:0007:0009:1E000000}}{{TAG:0000:0002:C800}}{{TAG:0000:0002:6400}}{{TAG:0000:0004:}}{{TAG:0000:0002:C800}}{{TAG:0000:0002:6400}}{{TAG:0003:0000:}}
Tamam,{{TAG:0007:0000:08000000}} pes ediyorum.{{TAG:0007:0000:1E000000}}{{TAG:0002:0008:}}Bu
köstebeğin bugünlük işi
bitti.{{TAG:0007:0000:14000000}} Git artık, tuş ezici!{{TAG:0000:0002:9600}}{{TAG:0000:0002:6400}}{{TAG:0002:0002:}}Ama
toprağın aşkına,
{{TAG:0007:0000:08000000}}bir daha sıfırlama! Anlaşıldı mı?!"
56,057,"{{TAG:0002:0008:}}Oh, yeah,{{TAG:0007:0000:08000000}} one last thing.{{TAG:0000:0004:}}{{TAG:0003:0000:}}Ya don't get a ""new leash on life.""{{TAG:0007:0000:0F000000}}
Ya get a ""new lease.""{{TAG:0007:0000:08000000}} A ""new lease""
means you're excited 'bout livin'.
{{TAG:0002:0002:}}{{TAG:000D:0004:02CD}}New leash?{{TAG:0007:0000:08000000}} {{TAG:000D:0000:00CD}}That means ya got a
new pet or somethin'!{{TAG:000D:0005:}}{{TAG:0000:0004:}}
{{TAG:0003:0000:}}     {{TAG:000D:0009:}}{{TAG:0000:0002:C800}}NOW SCRAM!{{TAG:0000:0002:6400}}{{TAG:000D:000A:}}{{TAG:0007:0009:1E000000}}","{{TAG:0002:0008:}}Por cierto,{{TAG:0007:0000:08000000}} una última cosita...{{TAG:0000:0004:}}{{TAG:0003:0000:}}Cuando uno se pierde y no sabe
dónde está,{{TAG:0007:0000:0F000000}} no dice que ""está
desorbitado"",{{TAG:0007:0000:08000000}} sino ""desorientado"".
{{TAG:0002:0002:}}{{TAG:000D:0004:02CD}}¿O quizá es que te gustaría que te
pusieran en órbita?{{TAG:0007:0000:08000000}} {{TAG:000D:0000:00CD}}¡A veces puede
que sea eso lo que te mereces!{{TAG:000D:0005:}}{{TAG:0000:0004:}}
{{TAG:0003:0000:}}      {{TAG:000D:0009:}}{{TAG:0000:0002:C800}}¡Lárgate ya!{{TAG:0000:0002:6400}}{{TAG:000D:000A:}}{{TAG:0007:0009:1E000000}}","{{TAG:0002:0008:}}Ah, au fait,{{TAG:0007:0000:08000000}} un dernier truc.{{TAG:0000:0004:}}{{TAG:0003:0000:}}Tu connais l'expression {{TAG:0007:0000:0F000000}}« de fil en
anguille » ? Bien sûr que non ! On
dit « de fil en aiguille » !
Ça veut dire qu'une chose découle
d'une autre.{{TAG:0000:0004:}}{{TAG:0002:0002:}}{{TAG:000D:0004:02CD}}« De fil en anguille » ?{{TAG:0007:0000:08000000}} {{TAG:000D:0000:00CD}}Ça aurait
plutôt rapport avec la pêche !{{TAG:000D:0005:}}{{TAG:0000:0004:}}Et maintenant...
{{TAG:0003:0000:}}                  {{TAG:000D:0009:}}{{TAG:0000:0002:C800}}FILE !{{TAG:0000:0002:6400}}{{TAG:000D:000A:}}{{TAG:0007:0009:1E000000}}","{{TAG:0002:0008:}}Ah, giusto,{{TAG:0007:0000:08000000}} un'ultima cosa...{{TAG:0000:0004:}}{{TAG:0003:0000:}}Non si dice{{TAG:0007:0000:0F000000}} ""bella calligrafia""!
La calligrafia è già bella di suo!{{TAG:0007:0000:08000000}}
Si dice ""bella grafia""!
{{TAG:0002:0002:}}{{TAG:000D:0004:02CD}}""Bella calligrafia""...{{TAG:0007:0000:08000000}} {{TAG:000D:0000:00CD}}Ma lo sapete
almeno cosa vuol dire ""calligrafia""?{{TAG:000D:0005:}}{{TAG:0000:0004:}}
{{TAG:0003:0000:}}{{TAG:000D:0009:}}{{TAG:0000:0002:C800}}ORA PUSSA VIA!{{TAG:0000:0002:6400}}{{TAG:000D:000A:}}{{TAG:0007:0009:1E000000}}","{{TAG:0002:0008:}}Ach ja, eine Sache noch...{{TAG:0000:0004:}}{{TAG:0003:0000:}}Wenn man ein Buch oder so was
bewertet, dann schreibt man eine
„Rezension“. {{TAG:0007:0000:14000000}}Keine „Rezession“!
Bei 'ner Rezession geht's mit der
Wirtschaft bergab, und die Leute
können sich weniger leisten.
{{TAG:0002:0002:}}{{TAG:000D:0004:02CD}}Aber weißte, was man sich nie
leisten kann?{{TAG:0007:0000:08000000}} {{TAG:000D:0000:00CD}}Das Spiel einfach
auszumachen, ohne zu speichern!{{TAG:000D:0005:}}

{{TAG:0003:0000:}}{{TAG:000D:0009:}}{{TAG:0000:0002:B400}}JETZT ZIEH LEINE!{{TAG:0000:0002:6400}}{{TAG:000D:000A:}}{{TAG:0007:0009:1E000000}}","{{TAG:0002:0008:}}Ha,{{TAG:0007:0000:08000000}} son bir şey.{{TAG:0000:0004:}}{{TAG:0003:0000:}}""Yalnış"" diye
bir kelime yok.{{TAG:0007:0000:0F000000}}
Doğrusu ""yanlış"".{{TAG:0007:0000:08000000}} Yanlış yazınca
doğru olmuyor.
{{TAG:0002:0002:}}{{TAG:000D:0004:02CD}}""Yalnış"" mı?{{TAG:0007:0000:08000000}}{{TAG:000D:0000:00CD}}O da bizzat yanlış
işte!{{TAG:000D:0005:}}{{TAG:0000:0004:}}
{{TAG:0003:0000:}}{{TAG:000D:0009:}}{{TAG:0000:0002:C800}}ŞİMDİ TÜY!{{TAG:0000:0002:6400}}{{TAG:000D:000A:}}{{TAG:0007:0009:1E000000}}"
57,058,,,,,,
58,059,,,,,,
59,060,,,,,,
60,061,"Hey, you.{{TAG:0007:0000:0F000000}} {{TAG:0002:0008:}}Ya lookin' for me? Then
why is it you're seein' me today?{{TAG:000F:0001:000000002800}}
I wanted to reset.
My batteries died.
I don't remember.","Ya estamos.{{TAG:0007:0000:0F000000}} {{TAG:0002:0008:}}¿Me buscabas?
¿Te aburrías mucho sin verme?{{TAG:000F:0001:000000002800}}
He tenido que resetear
Se me acabó la batería
No sé qué ha pasado...","Hé, toi, là.{{TAG:0007:0000:0F000000}} {{TAG:0002:0008:}}C'est moi que tu
cherches ? Tu voulais me dire
quelque chose ?{{TAG:000F:0001:000000002800}}
Je voulais réinitialiser.
Ma batterie est morte.
Je sais plus.","Ehi tu.{{TAG:0007:0000:0F000000}} {{TAG:0002:0008:}}Mi stavi cercando? No, eh?
E allora perché mi hai fatto
apparire qui da te?{{TAG:000F:0001:000000002800}}
Volevo resettare.
È finita la batteria.
Non me lo ricordo.","Na, du?{{TAG:0007:0000:0F000000}} {{TAG:0002:0008:}}Suchst du nach mir?{{TAG:0007:0000:14000000}} Nein?{{TAG:0007:0000:14000000}}
Und warum bin ich dann hier, hm?{{TAG:000F:0001:000000002800}}
Neuanfang war fällig!
Batterie war leer!
Weiß nicht mehr...","Hey, sen.{{TAG:0007:0000:0F000000}}{{TAG:0002:0008:}}Beni mi aradın? O zaman
niye bugün
karşında olduğumu anlat bakalım.{{TAG:000F:0001:000000002800}}
Sıfırlamak istedim.
Pilim bitti.
Hatırlamıyorum."
61,062,"{{TAG:0002:0008:}}Really?{{TAG:0007:0000:0F000000}} That's how it is?{{TAG:0007:0000:08000000}}
That's how ya wanna play it?{{TAG:0000:0004:}}{{TAG:0003:0000:}}Alrighty then.{{TAG:0007:0000:08000000}} Ya got my back
against the tunnel. Stay there.{{TAG:0007:0000:1E000000}}
{{TAG:0002:0002:}}{{TAG:000D:0000:00CD}}I'll be right with ya!{{TAG:0007:0008:3C000000}}","{{TAG:0002:0008:}}¿En serio?{{TAG:0007:0000:0F000000}} ¿No tenías opción?{{TAG:0007:0000:08000000}}
¿Esa era la única solución?{{TAG:0000:0004:}}{{TAG:0003:0000:}}Está bien.{{TAG:0007:0000:08000000}} Pues espérame aquí
un momentito.{{TAG:0007:0000:1E000000}} {{TAG:0002:0002:}}{{TAG:000D:0000:00CD}}¡Ahora mismito
me encargo de lo tuyo!{{TAG:0007:0008:3C000000}}","{{TAG:0002:0008:}}Vraiment ?{{TAG:0007:0000:0F000000}} Tu es sûr{{TAG:000E:0006:000002006500}} ?{{TAG:0007:0000:08000000}} Tu veux
jouer avec moi, comme ça ?{{TAG:0000:0004:}}{{TAG:0003:0000:}}Je te demande une seconde.{{TAG:0007:0000:08000000}} Je me
repoudre le nez.{{TAG:0007:0000:1E000000}} {{TAG:0002:0002:}}{{TAG:000D:0000:00CD}}Je suis à toi dans 
un instant !{{TAG:0007:0008:3C000000}}","{{TAG:0002:0008:}}Ah sì?{{TAG:0007:0000:0F000000}} Bene, bene.{{TAG:0007:0000:08000000}}
Me lo dici così tutt{{TAG:000E:0006:02006F0002006100}} tranquill{{TAG:000E:0006:02006F0002006100}}, eh?{{TAG:0000:0004:}}{{TAG:0003:0000:}}Va bene.{{TAG:0007:0000:08000000}} Ho capito tutto.{{TAG:0007:0000:1E000000}}
{{TAG:0002:0002:}}{{TAG:000D:0000:00CD}}Sarò subito da te!{{TAG:0007:0008:3C000000}}","{{TAG:0002:0008:}}Wirklich?{{TAG:0007:0000:14000000}} Hm, ich verstehe.{{TAG:0007:0000:14000000}} Du
weißt, wie das jetzt läuft, ja?{{TAG:0000:0004:}}{{TAG:0003:0000:}}Du lässt mir keine andere Wahl,
jetzt gibt's kein Zurück mehr!{{TAG:0007:0000:1E000000}}
{{TAG:0002:0002:}}{{TAG:000D:0000:00CD}}Warte kurz, bin gleich bei dir!{{TAG:0007:0008:3C000000}}","{{TAG:0002:0008:}}Cidden mi?{{TAG:0007:0000:0F000000}} Böyle mi olacak?{{TAG:0007:0000:08000000}}
Böyle mi oynayacağız?{{TAG:0000:0004:}}{{TAG:0003:0000:}}
Tamamdır.{{TAG:0007:0000:08000000}} Beni tünelin duvarına
dayadın. Orada kal.{{TAG:0007:0000:1E000000}}
{{TAG:0002:0002:}}{{TAG:000D:0000:00CD}}Hemen geliyorum!{{TAG:0007:0008:3C000000}}"
62,063,"
{{TAG:0007:000C:}}{{TAG:000D:0000:01CD}}{{TAG:0002:0007:}}{{TAG:0000:0002:C800}}GRAAAH!{{TAG:0007:0009:3C000000}}{{TAG:0000:0002:6400}}{{TAG:0000:0004:}}{{TAG:0000:0002:C800}}{{TAG:0000:0002:6400}}{{TAG:0007:000C:}}{{TAG:000D:0000:01CD}}{{TAG:0002:0007:}}{{TAG:0000:0002:9600}}SERIOUSLY?!{{TAG:0000:0002:9600}}{{TAG:0007:0000:08000000}}{{TAG:0000:0002:9600}}
YOU AGAIN?!{{TAG:0007:0000:08000000}}{{TAG:0000:0002:6400}}{{TAG:0007:0009:1E000000}}{{TAG:0000:0004:}}{{TAG:0007:000B:}}{{TAG:000D:0000:01CD}}{{TAG:0000:0002:9600}}WAS I NOT CLEAR?!
{{TAG:0007:000C:}}WERE YA SLEEPIN'?!{{TAG:0000:0002:6400}}{{TAG:0007:0009:3C000000}}{{TAG:0000:0004:}}{{TAG:0002:0002:}}.{{TAG:0007:0000:08000000}}.{{TAG:0007:0000:08000000}}.{{TAG:0007:0000:08000000}}Fine! {{TAG:0007:0000:1E000000}}I'm gonna walk ya through
this one more time.{{TAG:0007:0000:08000000}} Listen up, and
listen good!{{TAG:0007:0009:3C000000}}
AHEM! {{TAG:0007:0000:08000000}}Forget about all the other
games ya play. {{TAG:0007:0000:08000000}}This ain't got nuthin'
to do with them.{{TAG:0007:0009:3C000000}}
This here's {{TAG:0007:0000:08000000}}{{TAG:0000:0003:0300}}Animal Crossing:
New Leaf{{TAG:0000:0003:FFFF}}. Ya notice I didn't
mention any other games, right?{{TAG:0007:0009:3C000000}}
We strongly...STRONGLY suggest
ya skip all the resettin' business
when you're playin' this here game.{{TAG:0007:0009:3C000000}}
{{TAG:000D:0004:05CD}}""But this is my game! {{TAG:0007:0000:0F000000}}I can play
any way I want!""{{TAG:000D:0005:}} {{TAG:0007:0000:1E000000}}Yeah, I know what
you're thinkin'. {{TAG:0007:0000:08000000}}Believe you me!{{TAG:0007:0009:3C000000}}
But them's the rules, pal. {{TAG:0007:0000:0F000000}}Stop
bangin' your head against the rules.{{TAG:0007:0000:08000000}}
You're gonna concuss yourself.{{TAG:0007:0009:3C000000}}
Great. Glad that's clear. {{TAG:0007:0000:32000000}}Now,
what's next? Uhh...{{TAG:0007:0000:08000000}}yeah...{{TAG:0007:0009:3C000000}}{{TAG:0000:0004:}}Ah! Got it! {{TAG:0007:0000:0F000000}}There ain't no such thing
as a reset button in real life, right?
Course not{{TAG:0007:0000:08000000}}.{{TAG:0007:0000:08000000}}.{{TAG:0007:0000:08000000}}.{{TAG:0007:0000:08000000}}{{TAG:0007:0009:3C000000}}
Nobody gets no do-overs.{{TAG:0007:0000:0F000000}} That's
life{{TAG:0007:0000:08000000}}.{{TAG:0007:0000:08000000}}.{{TAG:0007:0000:08000000}}{{TAG:0007:0000:08000000}}.{{TAG:0007:0000:08000000}} {{TAG:0002:0002:}}Sometimes it ain't fair!{{TAG:0007:0009:1E000000}}","
{{TAG:0007:000C:}}{{TAG:000D:0000:01CD}}{{TAG:0002:0007:}}{{TAG:0000:0002:C800}}¡ARGGG!{{TAG:0007:0009:3C000000}}{{TAG:0000:0002:6400}}{{TAG:0000:0004:}}{{TAG:0000:0002:C800}}{{TAG:0000:0002:6400}}{{TAG:0007:000C:}}{{TAG:000D:0000:01CD}}{{TAG:0002:0007:}}{{TAG:0000:0002:9600}}¡¿Será posible?! ¡¿Pero
cuál es tu problema?!{{TAG:0007:0000:08000000}}{{TAG:0000:0002:6400}}{{TAG:0007:0009:1E000000}}{{TAG:0000:0004:}}{{TAG:0007:000B:}}{{TAG:000D:0000:01CD}}{{TAG:0000:0002:9600}}¡¿Aún no te ha quedado
claro?! {{TAG:0007:000C:}}¡¿Me ignoras?!{{TAG:0000:0002:6400}}{{TAG:0007:0009:3C000000}}{{TAG:0000:0004:}}{{TAG:0002:0002:}}¡Ejem! {{TAG:0007:0000:1E000000}}Pues aquí va el mismo rollo
una vez más.{{TAG:0007:0000:08000000}} ¡Límpiate bien esas
orejitas y escúchame con atención!{{TAG:0007:0009:3C000000}}
A ver. {{TAG:0007:0000:08000000}}Quizá estés acostumbrad{{TAG:000E:0006:02006F0002006100}} a
otros juegos, pero olvídalos ahora.{{TAG:0007:0000:08000000}}
Este no es como ninguno de ellos.{{TAG:0007:0009:3C000000}}
Estás jugando a {{TAG:0007:0000:08000000}}{{TAG:0000:0003:0300}}Animal Crossing:
New Leaf{{TAG:0000:0003:FFFF}}. ¿Has leído por algún
sitio que se diga otra cosa?{{TAG:0007:0009:3C000000}}
En este juego recomendamos y
promovemos que se debe jugar
sin hacer reseteos.{{TAG:0007:0009:3C000000}}
Y tú dirás: {{TAG:000D:0004:05CD}}""¡Pero el juego es mío!{{TAG:0007:0000:0F000000}}
¡Dejadme hacer lo que yo quiera!"".{{TAG:000D:0005:}}{{TAG:0007:0000:1E000000}}
Es lógico.{{TAG:0007:0000:08000000}} Es comprensible.{{TAG:0007:0009:3C000000}}
Pero todo juego tiene sus reglas,
amig{{TAG:000E:0006:02006F0002006100}}.{{TAG:0007:0000:0F000000}} Es inútil ir contra ellas,{{TAG:0007:0000:08000000}}
porque solo perderás tu tiempo.{{TAG:0007:0009:3C000000}}
¿Entiendes? Bien, me alegro.{{TAG:0007:0000:32000000}}
Déjame decirte algo más.{{TAG:0007:0009:3C000000}}{{TAG:0000:0004:}}¡Fíjate! {{TAG:0007:0000:0F000000}}¿Has visto alguna vez un
botón para resetear en la vida real?
¿Verdad que no existe tal cosa?{{TAG:0007:0009:3C000000}}
No hay repeticiones en la vida.{{TAG:0007:0000:0F000000}}
Si algo sale mal, sale mal{{TAG:0007:0000:08000000}}.{{TAG:0007:0000:08000000}}.{{TAG:0007:0000:08000000}}{{TAG:0007:0000:08000000}}.{{TAG:0007:0000:08000000}} {{TAG:0002:0002:}}Quizá no
sea justo, ¡pero así son las cosas!{{TAG:0007:0009:1E000000}}","
{{TAG:0007:000C:}}{{TAG:000D:0000:01CD}}{{TAG:0002:0007:}}{{TAG:0000:0002:C800}}RAAAH !{{TAG:0007:0009:3C000000}}{{TAG:0000:0002:6400}}{{TAG:0000:0004:}}{{TAG:0000:0002:C800}}{{TAG:0000:0002:6400}}{{TAG:0007:000C:}}{{TAG:000D:0000:01CD}}{{TAG:0002:0007:}}{{TAG:0000:0002:9600}}ÇA N'EN FINIRA DONC
JAMAIS ?!{{TAG:0007:0000:08000000}}{{TAG:0000:0002:6400}}{{TAG:0007:0009:1E000000}}{{TAG:0000:0004:}}{{TAG:0007:000B:}}{{TAG:000D:0000:01CD}}{{TAG:0000:0002:9600}}TU LE FAIS EXPRÈS ?!
{{TAG:0007:000C:}}TU ME DÉTESTES ?!{{TAG:0000:0002:6400}}{{TAG:0007:0009:3C000000}}{{TAG:0000:0004:}}{{TAG:0002:0002:}}.{{TAG:0007:0000:08000000}}.{{TAG:0007:0000:08000000}}.{{TAG:0007:0000:08000000}} BON ! {{TAG:0007:0000:1E000000}}C'est reparti pour un tour !
{{TAG:0007:0000:08000000}}Allez, on ouvre grand ses oreilles !{{TAG:0007:0009:3C000000}}{{TAG:0000:0004:}}A-HEM. {{TAG:0007:0000:08000000}}Tu joues à {{TAG:0000:0003:0300}}Animal Crossing:
New Leaf{{TAG:0000:0003:FFFF}}. {{TAG:0007:0000:08000000}}Animal Crossing. Tu
enregistres ? ANIMAL CROSSING !{{TAG:0007:0009:3C000000}}
Alors dans Animal Crossing, {{TAG:0007:0000:08000000}}tu suis
les règles d'Animal Crossing. Je dois
encore répéter le titre, ou ça va ?{{TAG:0007:0009:3C000000}}
Je te conseille... FORTEMENT de
cesser de réinitialiser à tout va
quand tu joues à CE jeu.{{TAG:0007:0009:3C000000}}
{{TAG:000D:0004:05CD}}Je t'entends déjà geindre « Mais
c'est MON jeu !{{TAG:0007:0000:0F000000}} Je fais ce que je
veux ! »{{TAG:000D:0005:}} {{TAG:0007:0000:1E000000}}Ouais, ouais, ouais.{{TAG:0007:0009:3C000000}}
Mais les règles, c'est les règles. {{TAG:0007:0000:0F000000}}
Alors t'es sympa, et tu les suis.{{TAG:0007:0000:08000000}}
On va devenir quoi, sinon ?!{{TAG:0007:0009:3C000000}}
Bon. Ça, c'est dit. {{TAG:0007:0000:32000000}}Qu'est-ce que je
voulais encore ajouter...{{TAG:0007:0000:08000000}} Ah...{{TAG:0007:0009:3C000000}}{{TAG:0000:0004:}}HA ! {{TAG:0007:0000:0F000000}}Dans la vraie vie, tu as déjà vu
un bouton de réinitialisation ? Non,
hein ?{{TAG:0007:0009:3C000000}}
Pas de seconde chance.{{TAG:0007:0000:0F000000}} C'est ça, la
vie{{TAG:0007:0000:08000000}}.{{TAG:0007:0000:08000000}}.{{TAG:0007:0000:08000000}}{{TAG:0007:0000:08000000}}.{{TAG:0007:0000:08000000}} {{TAG:0002:0002:}}Parfois elle est injuste !{{TAG:0007:0009:1E000000}}","
{{TAG:0007:000C:}}{{TAG:000D:0000:01CD}}{{TAG:0002:0007:}}{{TAG:0000:0002:C800}}AAARGH!{{TAG:0007:0009:3C000000}}{{TAG:0000:0002:6400}}{{TAG:0000:0004:}}{{TAG:0000:0002:C800}}{{TAG:0000:0002:6400}}{{TAG:0007:000C:}}{{TAG:000D:0000:01CD}}{{TAG:0002:0007:}}{{TAG:0000:0002:9600}}SI PUÒ SAPERE
CHE TI PRENDE?!{{TAG:0007:0000:08000000}}{{TAG:0000:0002:6400}}{{TAG:0007:0009:1E000000}}{{TAG:0000:0004:}}{{TAG:0007:000B:}}{{TAG:000D:0000:01CD}}{{TAG:0000:0002:9600}}NON MI SONO
SPIEGATO BENE?!
{{TAG:0007:000C:}}TE LO DEVO RIDIRE?!{{TAG:0000:0002:6400}}{{TAG:0007:0009:3C000000}}{{TAG:0000:0004:}}{{TAG:0002:0002:}}.{{TAG:0007:0000:08000000}}.{{TAG:0007:0000:08000000}}.{{TAG:0007:0000:08000000}} D'accordo! {{TAG:0007:0000:1E000000}}Te lo dirò ancora
una volta.{{TAG:0007:0000:08000000}} Apri bene quelle
orecchie e ascolta!{{TAG:0007:0009:3C000000}}
AHEM! {{TAG:0007:0000:08000000}}Come prima cosa, lascia
perdere gli altri giochi. {{TAG:0007:0000:08000000}}Questo
gioco qui è diverso dagli altri.{{TAG:0007:0009:3C000000}}
Questo è {{TAG:0007:0000:08000000}}{{TAG:0000:0003:0300}}Animal Crossing:
New Leaf{{TAG:0000:0003:FFFF}}. Funziona in modo
diverso dagli altri giochi.{{TAG:0007:0009:3C000000}}
Non si deve spegnere senza salvare!
Tutto lì. Quando giochi agli altri
giochi, fai come ti pare, ma qui no!{{TAG:0007:0009:3C000000}}
{{TAG:000D:0004:05CD}}""Ma questo gioco è mio! {{TAG:0007:0000:0F000000}}Voglio
giocare come pare a me!""{{TAG:000D:0005:}} {{TAG:0007:0000:1E000000}}Certo,
certo, {{TAG:0007:0000:08000000}}so che la pensi così!{{TAG:0007:0009:3C000000}}
Ma le regole sono regole, cicci{{TAG:000E:0006:02006F0002006100}}.
{{TAG:0007:0000:0F000000}}Smettila di sbatterci la testa
contro{{TAG:0007:0000:08000000}} o ti farai male sul serio.{{TAG:0007:0009:3C000000}}
Bene. Quella parte è andata. {{TAG:0007:0000:32000000}}Ora,
cosa mi manca? Vediamo...{{TAG:0007:0000:08000000}} ah sì!{{TAG:0007:0009:3C000000}}{{TAG:0000:0004:}}Ecco cosa dovevo dirti, ancora! {{TAG:0007:0000:0F000000}}
Nella vita reale non si può spegnere
e ricominciare, no? Certo che no{{TAG:0007:0000:08000000}}.{{TAG:0007:0000:08000000}}.{{TAG:0007:0000:08000000}}.{{TAG:0007:0000:08000000}}{{TAG:0007:0009:3C000000}}
Non si può fare e basta.{{TAG:0007:0000:0F000000}}
La vita è così{{TAG:0007:0000:08000000}}.{{TAG:0007:0000:08000000}}.{{TAG:0007:0000:08000000}}{{TAG:0007:0000:08000000}}.{{TAG:0007:0000:08000000}} {{TAG:0002:0002:}}A volte è
ingiusta, ecco, ma è così!{{TAG:0007:0009:1E000000}}","
{{TAG:0007:000C:}}{{TAG:000D:0000:01CD}}{{TAG:0002:0007:}}{{TAG:0000:0002:C800}}GRAAAH!{{TAG:0007:0009:3C000000}}{{TAG:0000:0002:6400}}{{TAG:0000:0004:}}{{TAG:0007:000C:}}{{TAG:000D:0000:01CD}}{{TAG:0002:0007:}}{{TAG:0000:0002:9600}}WAS IST DENN NUR
LOS MIT DIR?{{TAG:0007:0000:08000000}}{{TAG:0000:0002:6400}}{{TAG:0007:0009:1E000000}}{{TAG:0000:0004:}}{{TAG:0007:000B:}}{{TAG:000D:0000:01CD}}{{TAG:0000:0002:9600}}REDE ICH ZU KLEIN?
{{TAG:0007:000C:}}HÖRST DU NICHT ZU?{{TAG:0000:0002:6400}}{{TAG:0007:0009:3C000000}}{{TAG:0000:0004:}}{{TAG:0002:0002:}}.{{TAG:0007:0000:08000000}}.{{TAG:0007:0000:08000000}}.{{TAG:0007:0000:08000000}}Bitte sehr! {{TAG:0007:0000:1E000000}}Dann erkläre ich's dir
eben noch mal!{{TAG:0007:0000:14000000}} Pul dir das Schmalz
aus den Ohren und hör zu!{{TAG:0007:0009:3C000000}}
ALSO! {{TAG:0007:0000:14000000}}Vergiss zuerst alle anderen
Spiele. {{TAG:0007:0000:14000000}}Die sind jetzt mal komplett
unwichtig.{{TAG:0007:0009:3C000000}}
Wir haben hier {{TAG:0000:0003:0300}}Animal Crossing:
New Leaf{{TAG:0000:0003:FFFF}}. {{TAG:0007:0000:14000000}}Ist dir aufgefallen, dass
ich nur von diesem einen Spiel rede?{{TAG:0007:0009:3C000000}}
Und in diesem Spiel empfehlen wir
auf das ALLERHERZLICHSTE, nicht
ohne Speichern auszuschalten!{{TAG:0007:0009:3C000000}}
{{TAG:000D:0004:05CD}}„Wähä, aber das ist mein Spiel! {{TAG:0007:0000:0F000000}}Ich
kann machen, was ich will!“{{TAG:000D:0005:}} {{TAG:0007:0000:1E000000}}Ja, ich
weiß, was du denkst.{{TAG:0007:0000:14000000}} Glaub's ruhig!{{TAG:0007:0009:3C000000}}
Aber so sind die Regeln.{{TAG:0007:0000:14000000}} Man muss
auch mal einsehen, dass manche
Regeln durchaus sinnvoll sind.{{TAG:0007:0009:3C000000}}
Gut, das wäre also geklärt. {{TAG:0007:0000:32000000}}Hm, was
wollte ich noch? {{TAG:0007:0000:14000000}}Äh...{{TAG:0007:0009:3C000000}}{{TAG:0000:0004:}}Ah, genau! {{TAG:0007:0000:0F000000}}Im wirklichen Leben
kann man schließlich auch nicht
einfach neu starten!{{TAG:0007:0009:3C000000}}
Man kann nicht alles so oft
versuchen, bis es klappt.{{TAG:0007:0000:0F000000}} So ist das
Leben.{{TAG:0007:0000:08000000}}.{{TAG:0007:0000:08000000}}.{{TAG:0007:0000:08000000}} {{TAG:0002:0002:}}Und manchmal ist es unfair!{{TAG:0007:0009:1E000000}}","{{TAG:0007:000C:}}{{TAG:000D:0000:01CD}}{{TAG:0002:0007:}}{{TAG:0000:0002:C800}}GRAAAH!{{TAG:0007:0009:3C000000}}{{TAG:0000:0002:6400}}{{TAG:0000:0004:}}{{TAG:0000:0002:C800}}{{TAG:0000:0002:6400}}{{TAG:0007:000C:}}{{TAG:000D:0000:01CD}}{{TAG:0002:0007:}}{{TAG:0000:0002:9600}}
CİDDİ MİSİN?!{{TAG:0000:0002:9600}}{{TAG:0007:0000:08000000}}{{TAG:0000:0002:9600}} YİNE SEN?!{{TAG:0007:0000:08000000}}{{TAG:0000:0002:6400}}{{TAG:0007:0009:1E000000}}{{TAG:0000:0004:}}{{TAG:0007:000B:}}{{TAG:000D:0000:01CD}}{{TAG:0000:0002:9600}}
YETERİNCE AÇIK DEĞİL MİYDİM?!{{TAG:0007:000C:}}
UYUYOR MUYDUN?!{{TAG:0000:0002:6400}}{{TAG:0007:0009:3C000000}}{{TAG:0000:0004:}}{{TAG:0002:0002:}}.{{TAG:0007:0000:08000000}}.{{TAG:0007:0000:08000000}}.{{TAG:0007:0000:08000000}}
Peki!{{TAG:0007:0000:1E000000}}Bir kez daha adım adım
anlatacağım.{{TAG:0007:0000:08000000}} İyi dinle!{{TAG:0007:0009:3C000000}}
ÖHÖ!{{TAG:0007:0000:08000000}}Diğer oyunları unut.{{TAG:0007:0000:08000000}}Onlarla
işimiz yok.{{TAG:0007:0009:3C000000}}
Bu{{TAG:0007:0000:08000000}}{{TAG:0000:0003:0300}}Animal Crossing: New Leaf{{TAG:0000:0003:FFFF}}.
Başka oyun adı
söylemediğimi fark ettin, değil
mi?{{TAG:0007:0009:3C000000}} Senden şiddetle...
ŞİDDETLE bu oyunda sıfırlama
işine girmemeni istiyoruz.{{TAG:0007:0009:3C000000}}
{{TAG:000D:0004:05CD}}""Ama bu benim oyunum!{{TAG:0007:0000:0F000000}}İstediğim
gibi oynarım!""{{TAG:000D:0005:}}
{{TAG:0007:0000:1E000000}}Evet, ne düşündüğünü biliyorum.{{TAG:0007:0000:08000000}}
İnan bana!{{TAG:0007:0009:3C000000}}
Ama kurallar böyle dostum.{{TAG:0007:0000:0F000000}}Kurala
kafa atmayı bırak.{{TAG:0007:0000:08000000}}
Beynini sarsacaksın.{{TAG:0007:0009:3C000000}} Güzel.
Burası net.{{TAG:0007:0000:32000000}}Sırada ne var?
Şey...{{TAG:0007:0000:08000000}}evet...{{TAG:0007:0009:3C000000}}{{TAG:0000:0004:}}Aa!{{TAG:0007:0000:0F000000}}Gerçek hayatta
sıfırlama tuşu
yok, değil mi? Tabii yok{{TAG:0007:0000:08000000}}.{{TAG:0007:0000:08000000}}.{{TAG:0007:0000:08000000}}.{{TAG:0007:0000:08000000}}{{TAG:0007:0009:3C000000}}
Kimseye yeniden deneme
yok.{{TAG:0007:0000:0F000000}} Hayat bu{{TAG:0007:0000:08000000}}.{{TAG:0007:0000:08000000}}.{{TAG:0007:0000:08000000}}{{TAG:0007:0000:08000000}}.{{TAG:0007:0000:08000000}}{{TAG:0002:0002:}}Bazen haksızdır!{{TAG:0007:0009:1E000000}}"
63,064,"Yo{{TAG:0007:0000:08000000}}.{{TAG:0007:0000:08000000}}.{{TAG:0007:0000:08000000}}.{{TAG:0002:0005:}} {{TAG:0007:0000:08000000}}You awake? {{TAG:0002:0008:}}OK, all right.
{{TAG:0007:0000:08000000}}Ya been so quiet, {{TAG:0007:0000:08000000}}I thought you
was catchin' some z's.{{TAG:0007:0000:08000000}}
OK, looks like I was wrong.{{TAG:0007:0000:1E000000}} {{TAG:0002:0008:}}Good
thing{{TAG:0007:0000:08000000}} too, 'cause I woulda been
really peeved!{{TAG:0000:0004:}}{{TAG:0003:0000:}}All right, {{TAG:0007:0000:08000000}}I guess you've learned
your lesson for the day.{{TAG:0000:0004:}}{{TAG:0002:0008:}}I'm lettin' ya go for now.{{TAG:0007:0001:}} But I'm
beggin' ya—{{TAG:0007:0000:08000000}}{{TAG:0002:0002:}}enough of this resettin'
business! Got that?!","Oye, tú{{TAG:0007:0000:08000000}}.{{TAG:0007:0000:08000000}}.{{TAG:0007:0000:08000000}}.{{TAG:0002:0005:}} {{TAG:0007:0000:08000000}}¿Te has dormido? {{TAG:0002:0008:}}Ah.
{{TAG:0007:0000:08000000}}Te veía tan callad{{TAG:000E:0006:02006F0002006100}} {{TAG:0007:0000:08000000}}que ya dudaba
que me estuvieras escuchando.{{TAG:0007:0000:08000000}}
Veo que me equivoco.{{TAG:0007:0000:1E000000}} {{TAG:0002:0008:}}Me alegro
entonces,{{TAG:0007:0000:08000000}} porque si hay algo que
odio es que me ignoren.{{TAG:0000:0004:}}{{TAG:0003:0000:}}Bien, {{TAG:0007:0000:08000000}}aquí termina la lección
del día para ti.{{TAG:0000:0004:}}{{TAG:0002:0008:}}Dejo de echarte sermones,{{TAG:0007:0001:}}
pero te lo pido por última vez:{{TAG:0007:0000:08000000}}
{{TAG:0002:0002:}}¡deja de resetear! ¡Hazme caso!","Hé{{TAG:0007:0000:08000000}}.{{TAG:0007:0000:08000000}}.{{TAG:0007:0000:08000000}}.{{TAG:0002:0005:}} {{TAG:0007:0000:08000000}}Tu dors, frère Jacques ? {{TAG:0002:0008:}}
{{TAG:0007:0000:08000000}}Tu es tellement silencieu{{TAG:000E:0006:02007800040073006500}} que
j'entends les mouches voler.{{TAG:0007:0000:08000000}}
Ah non, tiens, tu as les yeux ouverts.{{TAG:0007:0000:1E000000}}
{{TAG:0002:0008:}}Si tu dormais les yeux ouverts,{{TAG:0007:0000:08000000}}
j'aurais les chocottes !{{TAG:0000:0004:}}{{TAG:0003:0000:}}Bon, {{TAG:0007:0000:08000000}}je pense que tu as retenu la
leçon.{{TAG:0000:0004:}}{{TAG:0002:0008:}}Tu peux retourner gambader.{{TAG:0007:0001:}}
Mais s'il te plaît...{{TAG:0007:0000:08000000}}{{TAG:0002:0002:}} Arrête, arrête...
DE RÉINITIALISER ! OK ?!","Ehi{{TAG:0007:0000:08000000}}.{{TAG:0007:0000:08000000}}.{{TAG:0007:0000:08000000}}.{{TAG:0002:0005:}} {{TAG:0007:0000:08000000}}Stai dormendo? {{TAG:0002:0008:}}No? Ah,
bene. {{TAG:0007:0000:08000000}}Stavi lì senza dire niente{{TAG:0007:0000:08000000}} e ho
pensato stessi facendo un riposino.{{TAG:0007:0000:08000000}}
Meno male che mi sono sbagliato.{{TAG:0007:0000:1E000000}} {{TAG:0002:0008:}}
Altrimenti,{{TAG:0007:0000:08000000}} non te la saresti
cavata con così poco!{{TAG:0000:0004:}}{{TAG:0003:0000:}}Bene, {{TAG:0007:0000:08000000}}immagino che tu abbia
imparato la lezione.{{TAG:0000:0004:}}{{TAG:0002:0008:}}Per oggi basta così.{{TAG:0007:0001:}}
Mi raccomando, però,{{TAG:0007:0000:08000000}} {{TAG:0002:0002:}}basta con
questo vizio di resettare, intesi?","Halt mal{{TAG:0007:0000:08000000}}.{{TAG:0007:0000:08000000}}.{{TAG:0007:0000:08000000}}.{{TAG:0002:0005:}} {{TAG:0007:0000:08000000}}Bist du noch wach?
{{TAG:0002:0008:}}Gut. {{TAG:0007:0000:08000000}}Dachte schon, du wärst im
Land der resettilosen Träume.{{TAG:0007:0000:08000000}}
Aber da lag ich falsch.{{TAG:0007:0000:1E000000}} {{TAG:0002:0008:}}Ist auch
besser so, {{TAG:0007:0000:08000000}}denn andernfalls wäre
es hier RICHTIG hässlich geworden.
{{TAG:0003:0000:}}Ich würde sagen, das muss für
heute reichen.{{TAG:0007:0000:14000000}} {{TAG:0002:0008:}}Du darfst gehen.{{TAG:0007:0001:}}
Aber bitte...
{{TAG:0002:0002:}}Nie wieder das Spiel beenden,
ohne zu speichern, {{TAG:0007:0000:08000000}}klar?","Yo{{TAG:0007:0000:08000000}}.{{TAG:0007:0000:08000000}}.{{TAG:0007:0000:08000000}}.{{TAG:0002:0005:}}{{TAG:0007:0000:08000000}}Uyanık mısın?{{TAG:0002:0008:}} Tamam.{{TAG:0007:0000:08000000}}Öyle
sessizdin ki{{TAG:0007:0000:08000000}}
uyukluyorsun sandım.{{TAG:0007:0000:08000000}} Yanılmışım.{{TAG:0007:0000:1E000000}}{{TAG:0002:0008:}}
İyi ki de{{TAG:0007:0000:08000000}},
yoksa çok kızardım!{{TAG:0000:0004:}}{{TAG:0003:0000:}}Peki,{{TAG:0007:0000:08000000}}bugünlük
dersini aldın
sanırım.{{TAG:0000:0004:}}{{TAG:0002:0008:}}Şimdilik bırakıyorum.{{TAG:0007:0001:}}
Ama yalvarıyorum,
{{TAG:0007:0000:08000000}}{{TAG:0002:0002:}}şu sıfırlama işine artık son!
Anladın mı?!"
64,065,"{{TAG:0002:0002:}}Ya kiddin' me?{{TAG:0007:0000:14000000}} {{TAG:0003:0000:}}What's with that
{{TAG:0007:0000:08000000}}""I might be listenin',{{TAG:0007:0000:08000000}} but I might not
be"" face?{{TAG:0007:0000:08000000}} {{TAG:0002:0002:}}I don't like that face!
{{TAG:0003:0000:}}I see that face, and {{TAG:0002:0005:}}I wanna pack up
my pickaxe and tunnel for home{{TAG:0007:0000:08000000}}.{{TAG:0007:0000:08000000}}.{{TAG:0007:0000:08000000}}.{{TAG:0000:0004:}}{{TAG:0003:0000:}}Ah,{{TAG:0007:0000:08000000}} whatever! {{TAG:0002:0008:}}I've had enough'a
this mess! {{TAG:0007:0001:}}But I'm warnin' ya—{{TAG:0007:0000:08000000}}{{TAG:0002:0002:}}no
more resettin'! Ya got that?!","{{TAG:0002:0002:}}¿Me tomas por tonto?{{TAG:0007:0000:14000000}} {{TAG:0003:0000:}}¿""Puede que
sí,{{TAG:0007:0000:08000000}} puede que no""?{{TAG:0007:0000:08000000}} ¿Qué clase de
respuesta es esa?{{TAG:0007:0000:08000000}} {{TAG:0002:0002:}}¿Y esa cara?
{{TAG:0003:0000:}}Cada vez que te veo {{TAG:0002:0005:}}me dan ganas
de recoger mis bártulos y agarrar
el túnel de vuelta a mi casa{{TAG:0007:0000:08000000}}.{{TAG:0007:0000:08000000}}.{{TAG:0007:0000:08000000}}.{{TAG:0000:0004:}}{{TAG:0003:0000:}}Vale,{{TAG:0007:0000:08000000}} dejémoslo. {{TAG:0002:0008:}}Estoy cansado de
esto.{{TAG:0007:0001:}} Pero te lo advierto:{{TAG:0007:0000:08000000}} {{TAG:0002:0002:}}no más
reseteos. ¿De acuerdo?","{{TAG:0002:0002:}}Dis donc, toi.{{TAG:0007:0000:14000000}} {{TAG:0003:0000:}}Tu m'écoutes, tu
m'écoutes pas ?{{TAG:0007:0000:08000000}} J'arrive pas à
savoir.{{TAG:0007:0000:08000000}} {{TAG:0002:0002:}}Et ça ne me plaît pas, ça !
{{TAG:0003:0000:}}Quand je te vois, j'ai envie de faire
demi-tour{{TAG:0002:0005:}} et de me terrer dans mon
trou avec un chocolat chaud{{TAG:0007:0000:08000000}}.{{TAG:0007:0000:08000000}}.{{TAG:0007:0000:08000000}}.
{{TAG:0003:0000:}}Ça me donne des idées, tiens. {{TAG:0002:0008:}}J'ai
suffisamment perdu de temps ici !{{TAG:0007:0001:}}
Toi. {{TAG:0002:0002:}}Cesse de réinitialiser ! Pigé ?","{{TAG:0002:0002:}}Ehi, ma che fai?{{TAG:0007:0000:14000000}} {{TAG:0003:0000:}}Cosa sarebbe quella
faccia tipo {{TAG:0007:0000:08000000}}""forse ti ascolto,{{TAG:0007:0000:08000000}} forse
no""?{{TAG:0007:0000:08000000}} {{TAG:0002:0002:}}Non mi piace per niente!
{{TAG:0003:0000:}}Mi fai venire voglia {{TAG:0002:0005:}}di prendere e
mollare tutto! Ne ho abbastanza
dei furbetti come te{{TAG:0007:0000:08000000}}.{{TAG:0007:0000:08000000}}.{{TAG:0007:0000:08000000}}.{{TAG:0000:0004:}}{{TAG:0003:0000:}}Ah,{{TAG:0007:0000:08000000}} ora basta! {{TAG:0002:0008:}}Per oggi direi che
abbiamo finito! {{TAG:0007:0001:}}Ma ti avverto,{{TAG:0007:0000:08000000}} {{TAG:0002:0002:}}basta
resettare senza salvare! Capito?!","{{TAG:0002:0002:}}Ja, seh ich richtig!{{TAG:0007:0000:14000000}} {{TAG:0003:0000:}}Was soll dieser
gleichgültige Gesichtsausdruck?{{TAG:0000:0004:}}Für meinen Geschmack zeigt dieser
Ausdruck viel zu wenig Interesse.{{TAG:0007:0000:14000000}}
{{TAG:0002:0002:}}Das gefällt mir gar nicht!
{{TAG:0003:0000:}}Nä, {{TAG:0007:0000:08000000}}bei so einem Gesichtsausdruck
{{TAG:0002:0005:}}möchte ich mich auf der Stelle
direkt nach Hause buddeln{{TAG:0007:0000:08000000}}.{{TAG:0007:0000:08000000}}.{{TAG:0007:0000:08000000}}.{{TAG:0000:0004:}}{{TAG:0003:0000:}}Ach, was soll's! {{TAG:0007:0000:14000000}}{{TAG:0002:0008:}}Ich hab genug!{{TAG:0007:0001:}}
Aber noch mal...{{TAG:0007:0000:08000000}}{{TAG:0002:0002:}} Lass das mit dem
Ausschalten ohne zu speichern!","{{TAG:0002:0002:}}Şaka mı yapıyorsun?{{TAG:0007:0000:14000000}}{{TAG:0003:0000:}}Şu{{TAG:0007:0000:08000000}}""dinliyor
olabilirim,{{TAG:0007:0000:08000000}}
ama dinlemiyor da olabilirim""
surat ne?{{TAG:0007:0000:08000000}}{{TAG:0002:0002:}}Sevmiyorum
o suratı!{{TAG:0003:0000:}}Onu görünce{{TAG:0002:0005:}}kazmayı
toplayıp eve tünel
kazmak istiyorum{{TAG:0007:0000:08000000}}.{{TAG:0007:0000:08000000}}.{{TAG:0007:0000:08000000}}.{{TAG:0000:0004:}}{{TAG:0003:0000:}}Ah,{{TAG:0007:0000:08000000}} neyse!{{TAG:0002:0008:}}Bu
karmaşadan bıktım!{{TAG:0007:0001:}}Ama uyarıyorum,{{TAG:0007:0000:08000000}}{{TAG:0002:0002:}}sıfırlama
yok! Anladın mı?!"
65,066,"
{{TAG:0007:000C:}}{{TAG:000D:0000:01CD}}{{TAG:0002:0007:}}{{TAG:0000:0002:C800}}GRAAAH!{{TAG:0007:0009:3C000000}}{{TAG:0000:0002:6400}}{{TAG:0000:0004:}}{{TAG:0000:0002:C800}}{{TAG:0000:0002:6400}}
{{TAG:0007:000C:}}{{TAG:000D:0000:01CD}}{{TAG:0002:0007:}}{{TAG:0000:0002:C800}}KNOCK IT OFF!{{TAG:0000:0002:C800}}{{TAG:0007:0009:3C000000}}{{TAG:0000:0002:6400}}{{TAG:0000:0004:}}{{TAG:0000:0002:C800}}{{TAG:0000:0002:C800}}
{{TAG:0007:000C:}}{{TAG:000D:0000:01CD}}{{TAG:0002:0007:}}""TAP TAP TAP!""{{TAG:0000:0002:C800}}{{TAG:0007:0009:14000000}}{{TAG:0000:0002:6400}}{{TAG:0000:0004:}}{{TAG:0000:0002:C800}}{{TAG:0000:0002:C800}}
{{TAG:0007:000C:}}{{TAG:000D:0000:01CD}}{{TAG:0002:0007:}}""TAP TAP TAP!""{{TAG:0000:0002:C800}}{{TAG:0007:0009:28000000}}{{TAG:0000:0002:6400}}{{TAG:0000:0004:}}{{TAG:0000:0002:C800}}{{TAG:0000:0002:C800}}
{{TAG:0007:000C:}}{{TAG:000D:0000:01CD}}{{TAG:0002:0007:}}THAT SOUND!{{TAG:0000:0002:C800}}{{TAG:0007:0009:3C000000}}{{TAG:0000:0002:6400}}{{TAG:0000:0004:}}{{TAG:0000:0002:C800}}{{TAG:0000:0002:C800}}{{TAG:0000:0002:6400}}{{TAG:0002:0001:}}{{TAG:0000:0002:9600}}Enough with the button
mashin' already!{{TAG:0000:0002:6400}}{{TAG:0000:0004:}}{{TAG:0000:0002:9600}}You're gonna break
somethin' vital!{{TAG:0000:0002:6400}}{{TAG:0000:0002:9600}}{{TAG:0000:0002:6400}}{{TAG:0000:0002:C800}}{{TAG:0007:0009:3C000000}}{{TAG:0000:0002:6400}}{{TAG:0000:0004:}}{{TAG:0000:0002:C800}}{{TAG:0000:0002:6400}}{{TAG:0002:0002:}}Ya wanna know the number?!
Yeah, {{TAG:0004:0008:0000}} times! {{TAG:0007:0000:08000000}}That's how
many button mashes I counted!
{{TAG:0002:0008:}}{{TAG:000D:0000:00CD}}Ya goin' for a world record or
somethin'?{{TAG:0007:0000:1E000000}} {{TAG:0002:0002:}}Get ahold of yourself!{{TAG:0000:0004:}}{{TAG:0003:0000:}}Hah...{{TAG:0007:0000:08000000}} I'm done.{{TAG:0007:0000:1E000000}} {{TAG:0002:0008:}}I got nothin' left in
the tank. {{TAG:0007:0000:14000000}}I'm done with ya, ya silly,
button-pressin' timewaster.
{{TAG:0000:0002:9600}}{{TAG:0000:0002:6400}}Just do me a solid, will ya?{{TAG:0007:0000:08000000}}
{{TAG:0002:0001:}}Straighten up, fly right,{{TAG:0007:0000:08000000}}{{TAG:0002:0002:}} and
stop resettin'!","
{{TAG:0007:000C:}}{{TAG:000D:0000:01CD}}{{TAG:0002:0007:}}{{TAG:0000:0002:C800}}¡ARRRGGG!{{TAG:0007:0009:3C000000}}{{TAG:0000:0002:6400}}{{TAG:0000:0004:}}{{TAG:0000:0002:C800}}{{TAG:0000:0002:6400}}
{{TAG:0007:000C:}}{{TAG:000D:0000:01CD}}{{TAG:0002:0007:}}{{TAG:0000:0002:C800}}¡DÉJALO YA!{{TAG:0000:0002:C800}}{{TAG:0007:0009:3C000000}}{{TAG:0000:0002:6400}}{{TAG:0000:0004:}}{{TAG:0000:0002:C800}}{{TAG:0000:0002:C800}}
{{TAG:0007:000C:}}{{TAG:000D:0000:01CD}}{{TAG:0002:0007:}}""¡TIC-TIC-TIC!""{{TAG:0000:0002:C800}}{{TAG:0007:0009:14000000}}{{TAG:0000:0002:6400}}{{TAG:0000:0004:}}{{TAG:0000:0002:C800}}{{TAG:0000:0002:C800}}
{{TAG:0007:000C:}}{{TAG:000D:0000:01CD}}{{TAG:0002:0007:}}""¡TIC-TIC-TIC!""{{TAG:0000:0002:C800}}{{TAG:0007:0009:28000000}}{{TAG:0000:0002:6400}}{{TAG:0000:0004:}}{{TAG:0000:0002:C800}}{{TAG:0000:0002:C800}}
{{TAG:0007:000C:}}{{TAG:000D:0000:01CD}}{{TAG:0002:0007:}}¡ESE RUIDITO!{{TAG:0000:0002:C800}}{{TAG:0007:0009:3C000000}}{{TAG:0000:0002:6400}}{{TAG:0000:0004:}}{{TAG:0000:0002:C800}}{{TAG:0000:0002:C800}}{{TAG:0000:0002:6400}}{{TAG:0002:0001:}}{{TAG:0000:0002:9600}}¡Ya has machacado los
botones lo suficiente!{{TAG:0000:0002:6400}}{{TAG:0000:0004:}}{{TAG:0000:0002:9600}}¡Te los vas a cargar!{{TAG:0000:0002:6400}}{{TAG:0000:0002:9600}}{{TAG:0000:0002:6400}}{{TAG:0000:0002:C800}}{{TAG:0007:0009:3C000000}}{{TAG:0000:0002:6400}}{{TAG:0000:0004:}}{{TAG:0000:0002:C800}}{{TAG:0000:0002:6400}}{{TAG:0002:0002:}}¿Sabes cuántas veces llevas?
Sí, nada menos que {{TAG:0004:0008:0000}} veces
los has pulsado ya.
{{TAG:0002:0008:}}{{TAG:000D:0000:00CD}}¿Quieres demostrarte algo a ti
mism{{TAG:000E:0006:02006F0002006100}} o qué?{{TAG:0007:0000:1E000000}} {{TAG:0002:0002:}}¡Para un poco!{{TAG:0000:0004:}}{{TAG:0003:0000:}}Arf...{{TAG:0007:0000:08000000}} Me tienes agotado.{{TAG:0007:0000:1E000000}} {{TAG:0002:0008:}}No me
queda energía ni en el tanque de
reserva. {{TAG:0007:0000:14000000}}No puedo más...
{{TAG:0000:0002:9600}}{{TAG:0000:0002:6400}}Prométeme solo una cosa,
¿quieres?{{TAG:0007:0000:08000000}} {{TAG:0002:0002:}}¡Madura un poco 
y deja de resetear de una vez!","
{{TAG:0007:000C:}}{{TAG:000D:0000:01CD}}{{TAG:0002:0007:}}{{TAG:0000:0002:C800}}RAAAH !{{TAG:0007:0009:3C000000}}{{TAG:0000:0002:6400}}{{TAG:0000:0004:}}{{TAG:0000:0002:C800}}{{TAG:0000:0002:6400}}
{{TAG:0007:000C:}}{{TAG:000D:0000:01CD}}{{TAG:0002:0007:}}{{TAG:0000:0002:C800}}ÇA SUFFIIIIT !{{TAG:0000:0002:C800}}{{TAG:0007:0009:3C000000}}{{TAG:0000:0002:6400}}{{TAG:0000:0004:}}{{TAG:0000:0002:C800}}{{TAG:0000:0002:C800}}
{{TAG:0007:000C:}}{{TAG:000D:0000:01CD}}{{TAG:0002:0007:}}TAP TAP TAP !{{TAG:0000:0002:C800}}{{TAG:0007:0009:14000000}}{{TAG:0000:0002:6400}}{{TAG:0000:0004:}}{{TAG:0000:0002:C800}}{{TAG:0000:0002:C800}}
{{TAG:0007:000C:}}{{TAG:000D:0000:01CD}}{{TAG:0002:0007:}}TAP TAP TAP !{{TAG:0000:0002:C800}}{{TAG:0007:0009:28000000}}{{TAG:0000:0002:6400}}{{TAG:0000:0004:}}{{TAG:0000:0002:C800}}{{TAG:0000:0002:C800}}
{{TAG:0007:000C:}}{{TAG:000D:0000:01CD}}{{TAG:0002:0007:}}CE SON ! AAAH !{{TAG:0000:0002:C800}}{{TAG:0007:0009:3C000000}}{{TAG:0000:0002:6400}}{{TAG:0000:0004:}}{{TAG:0000:0002:C800}}{{TAG:0000:0002:C800}}{{TAG:0000:0002:6400}}{{TAG:0002:0001:}}{{TAG:0000:0002:9600}}Tu vas réduire ces
boutons en bouillie !{{TAG:0000:0002:6400}}{{TAG:0000:0004:}}{{TAG:0000:0002:9600}}Tu vas te fracturer les
phalanges !{{TAG:0000:0002:6400}}{{TAG:0000:0002:9600}}{{TAG:0000:0002:6400}}{{TAG:0000:0002:C800}}{{TAG:0007:0009:3C000000}}{{TAG:0000:0002:6400}}{{TAG:0000:0004:}}{{TAG:0000:0002:C800}}{{TAG:0000:0002:6400}}{{TAG:0002:0002:}}Parlons statistiques. Ouais, tu as
enfoncé ces pauvres boutons
{{TAG:0004:0008:0000}} fois ! {{TAG:0007:0000:08000000}}Ça tourne à l'obsession !
{{TAG:0002:0008:}}{{TAG:000D:0000:00CD}}Tu as l'intention de battre le record
du monde, ou quoi ?{{TAG:0007:0000:1E000000}} {{TAG:0002:0002:}}Contrôle tes
pulsions !{{TAG:0000:0004:}}{{TAG:0003:0000:}}Hah...{{TAG:0007:0000:08000000}} J'en peux plus.{{TAG:0007:0000:1E000000}} {{TAG:0002:0008:}}J'ai épuisé
toute mon énergie à te sermonner.{{TAG:0007:0000:14000000}}
Espèce de pousse-bouton infernal{{TAG:000E:0006:000002006500}}.
{{TAG:0000:0002:9600}}{{TAG:0000:0002:6400}}On deviendra potes quand tu
{{TAG:0002:0002:}}arrêteras de réinitialiser, compris ?!","
{{TAG:0007:000C:}}{{TAG:000D:0000:01CD}}{{TAG:0002:0007:}}{{TAG:0000:0002:C800}}AAARGH!{{TAG:0007:0009:3C000000}}{{TAG:0000:0002:6400}}{{TAG:0000:0004:}}{{TAG:0000:0002:C800}}{{TAG:0000:0002:6400}}
{{TAG:0007:000C:}}{{TAG:000D:0000:01CD}}{{TAG:0002:0007:}}{{TAG:0000:0002:C800}}FINISCILA!{{TAG:0000:0002:C800}}{{TAG:0007:0009:3C000000}}{{TAG:0000:0002:6400}}{{TAG:0000:0004:}}{{TAG:0000:0002:C800}}{{TAG:0000:0002:C800}}
{{TAG:0007:000C:}}{{TAG:000D:0000:01CD}}{{TAG:0002:0007:}}BASTA{{TAG:0000:0002:C800}}{{TAG:0007:0009:14000000}}{{TAG:0000:0002:6400}}{{TAG:0000:0004:}}{{TAG:0000:0002:C800}}{{TAG:0000:0002:C800}}
{{TAG:0007:000C:}}{{TAG:000D:0000:01CD}}{{TAG:0002:0007:}}SCHIACCIARE{{TAG:0000:0002:C800}}{{TAG:0007:0009:28000000}}{{TAG:0000:0002:6400}}{{TAG:0000:0004:}}{{TAG:0000:0002:C800}}{{TAG:0000:0002:C800}}
{{TAG:0007:000C:}}{{TAG:000D:0000:01CD}}{{TAG:0002:0007:}}PULSANTI!{{TAG:0000:0002:C800}}{{TAG:0007:0009:3C000000}}{{TAG:0000:0002:6400}}{{TAG:0000:0004:}}{{TAG:0000:0002:C800}}{{TAG:0000:0002:C800}}{{TAG:0000:0002:6400}}{{TAG:0002:0001:}}{{TAG:0000:0002:9600}}La vuoi smettere di
premere pulsanti
a casaccio?{{TAG:0000:0002:6400}}{{TAG:0000:0004:}}{{TAG:0000:0002:9600}}Romperai la console
prima o poi!{{TAG:0000:0002:6400}}{{TAG:0000:0002:9600}}{{TAG:0000:0002:6400}}{{TAG:0000:0002:C800}}{{TAG:0007:0009:3C000000}}{{TAG:0000:0002:6400}}{{TAG:0000:0004:}}{{TAG:0000:0002:C800}}{{TAG:0000:0002:6400}}{{TAG:0002:0002:}}Vuoi sapere quante volte
hai premuto dei pulsanti?
{{TAG:0004:0008:0000}} volte! {{TAG:0007:0000:08000000}}Ecco quante!
{{TAG:0002:0008:}}{{TAG:000D:0000:00CD}}Stai cercando di vincere la coppa
del mondo?{{TAG:0007:0000:1E000000}} {{TAG:0002:0002:}}Vedi di darci un taglio!{{TAG:0000:0004:}}{{TAG:0003:0000:}}Bah...{{TAG:0007:0000:08000000}} Per ora basta così.{{TAG:0007:0000:1E000000}} {{TAG:0002:0008:}}Non ho
più fiato da sprecare con te, {{TAG:0007:0000:14000000}}piccol{{TAG:000E:0006:02006F0002006100}}
impudente schiacciapulsanti!
Però devi farmi un favore{{TAG:0000:0002:9600}}{{TAG:0000:0002:6400}}{{TAG:0007:0000:08000000}}
{{TAG:0002:0002:}}e smetterla di resettare
senza salvare! Capito?","
{{TAG:0007:000C:}}{{TAG:000D:0000:01CD}}{{TAG:0002:0007:}}{{TAG:0000:0002:C800}}GRAAAH!{{TAG:0000:0002:6400}}{{TAG:0007:0009:3C000000}}{{TAG:0000:0004:}}
{{TAG:0007:000C:}}{{TAG:000D:0000:01CD}}{{TAG:0002:0007:}}{{TAG:0000:0002:C800}}HÖR AUF!{{TAG:0000:0002:6400}}{{TAG:0007:0009:3C000000}}{{TAG:0000:0004:}}
{{TAG:0007:000C:}}{{TAG:000D:0000:01CD}}{{TAG:0002:0007:}}{{TAG:0000:0002:B400}}„TIPP TIPP TIPP!“{{TAG:0000:0002:6400}}{{TAG:0007:0009:14000000}}{{TAG:0000:0004:}}
{{TAG:0007:000C:}}{{TAG:000D:0000:01CD}}{{TAG:0002:0007:}}{{TAG:0000:0002:B400}}„TIPP TIPP TIPP!“{{TAG:0000:0002:6400}}{{TAG:0007:0009:28000000}}{{TAG:0000:0004:}}
{{TAG:0007:000C:}}{{TAG:000D:0000:01CD}}{{TAG:0002:0007:}}{{TAG:0000:0002:AA00}}DIESES GERÄUSCH!{{TAG:0000:0002:6400}}{{TAG:0007:0009:3C000000}}{{TAG:0000:0004:}}{{TAG:0002:0001:}}{{TAG:0000:0002:8C00}}Lass die Knöpfe in Ruhe!{{TAG:0000:0004:}}{{TAG:0000:0002:6400}}{{TAG:0000:0002:9600}}Du machst noch was
kaputt!{{TAG:0000:0002:6400}}{{TAG:0007:0009:3C000000}}{{TAG:0000:0004:}}{{TAG:0002:0002:}}{{TAG:0004:0008:0000}}-mal! {{TAG:0007:0000:14000000}}So oft hast du jetzt
mit irgendwelchen Knöpfen
herumgespielt!
{{TAG:0002:0008:}}{{TAG:000D:0000:00CD}}Willst du 'nen Rekord aufstellen
oder was?{{TAG:0007:0000:1E000000}} {{TAG:0002:0002:}}Reiß dich mal zusammen!{{TAG:0000:0004:}}{{TAG:0003:0000:}}Pah...{{TAG:0007:0000:08000000}} Ich bin fix und alle.{{TAG:0007:0000:1E000000}} {{TAG:0002:0008:}}Ich hab
keine Kraft mehr. {{TAG:0007:0000:14000000}}Ich bin fertig mit
dir, {{TAG:0007:0000:08000000}}du knopfdrückende Nervensäge!
Tu mir nur einen Gefallen, ja?{{TAG:0007:0000:14000000}} {{TAG:0002:0002:}}Werd
erwachsen und hör damit auf, das
Spiel ohne zu speichern zu beenden!","{{TAG:0007:000C:}}{{TAG:000D:0000:01CD}}{{TAG:0002:0007:}}{{TAG:0000:0002:C800}}GRAAAH!{{TAG:0007:0009:3C000000}}{{TAG:0000:0002:6400}}{{TAG:0000:0004:}}{{TAG:0000:0002:C800}}{{TAG:0000:0002:6400}}
{{TAG:0007:000C:}}{{TAG:000D:0000:01CD}}{{TAG:0002:0007:}}{{TAG:0000:0002:C800}}KES ŞUNU!{{TAG:0000:0002:C800}}{{TAG:0007:0009:3C000000}}{{TAG:0000:0002:6400}}{{TAG:0000:0004:}}{{TAG:0000:0002:C800}}{{TAG:0000:0002:C800}}
{{TAG:0007:000C:}}{{TAG:000D:0000:01CD}}{{TAG:0002:0007:}}""TAK TAK TAK!""{{TAG:0000:0002:C800}}{{TAG:0007:0009:14000000}}{{TAG:0000:0002:6400}}{{TAG:0000:0004:}}{{TAG:0000:0002:C800}}{{TAG:0000:0002:C800}}
{{TAG:0007:000C:}}{{TAG:000D:0000:01CD}}{{TAG:0002:0007:}}""TAK TAK TAK!""{{TAG:0000:0002:C800}}{{TAG:0007:0009:28000000}}{{TAG:0000:0002:6400}}{{TAG:0000:0004:}}{{TAG:0000:0002:C800}}{{TAG:0000:0002:C800}}
{{TAG:0007:000C:}}{{TAG:000D:0000:01CD}}{{TAG:0002:0007:}}ŞU SES!{{TAG:0000:0002:C800}}{{TAG:0007:0009:3C000000}}{{TAG:0000:0002:6400}}{{TAG:0000:0004:}}{{TAG:0000:0002:C800}}{{TAG:0000:0002:C800}}{{TAG:0000:0002:6400}}{{TAG:0002:0001:}}{{TAG:0000:0002:9600}}
Tuşlara abanmayı bırak artık!{{TAG:0000:0002:6400}}{{TAG:0000:0004:}}{{TAG:0000:0002:9600}}
Hayati bir şeyi
kıracaksın!{{TAG:0000:0002:6400}}{{TAG:0000:0002:9600}}{{TAG:0000:0002:6400}}{{TAG:0000:0002:C800}}{{TAG:0007:0009:3C000000}}{{TAG:0000:0002:6400}}{{TAG:0000:0004:}}{{TAG:0000:0002:C800}}{{TAG:0000:0002:6400}}{{TAG:0002:0002:}}Sayıyı mı istiyorsun?!
Evet,{{TAG:0004:0008:0000}} kez!{{TAG:0007:0000:08000000}}O kadar tuşa basış saydım!
{{TAG:0002:0008:}}{{TAG:000D:0000:00CD}}Dünya rekoruna mı koşuyorsun?{{TAG:0007:0000:1E000000}}{{TAG:0002:0002:}}
Kendine gel!{{TAG:0000:0004:}}{{TAG:0003:0000:}}
Hah...{{TAG:0007:0000:08000000}} bittim.{{TAG:0007:0000:1E000000}}{{TAG:0002:0008:}}Depoda damla
enerji kalmadı.{{TAG:0007:0000:14000000}}
Seninle işim bitti, tuşlara
basıp vaktimi yiyen sersem.
{{TAG:0000:0002:9600}}{{TAG:0000:0002:6400}}Bir iyilik yap bana.{{TAG:0007:0000:08000000}}{{TAG:0002:0001:}}Aklını
başına al{{TAG:0007:0000:08000000}}{{TAG:0002:0002:}} ve
sıfırlamayı bırak!"
66,067,"{{TAG:0002:0008:}}Oh, yeah,{{TAG:0007:0000:08000000}} and one last thing.{{TAG:0000:0004:}}{{TAG:0003:0000:}}When ya don't care 'bout somethin',{{TAG:0007:0000:0F000000}}
ya ""couldn't care less."" {{TAG:0007:0000:08000000}}If ya ""could
care less,"" that means ya still care.
{{TAG:0002:0008:}}It ain't that tough. {{TAG:0007:0000:08000000}}""Couldn't care""
means ya don't care. {{TAG:0007:0000:1E000000}}{{TAG:0002:0002:}}{{TAG:000D:0004:02CD}}Stop carin'
'bout stuff ya don't care 'bout!{{TAG:000D:0005:}}

{{TAG:0003:0000:}}     {{TAG:000D:0009:}}{{TAG:0000:0002:C800}}NOW SCRAM!{{TAG:0000:0002:6400}}{{TAG:000D:000A:}}{{TAG:0007:0009:1E000000}}","{{TAG:0002:0008:}}Una cosita{{TAG:0007:0000:08000000}} antes de terminar...{{TAG:0000:0004:}}{{TAG:0003:0000:}}Si dices ""por poco no se me olvida"",{{TAG:0007:0000:0F000000}}
eso significa en realidad que casi no
se te olvida.{{TAG:0007:0000:08000000}} O sea, ¿te olvidaste?
{{TAG:0002:0008:}}No me líes...{{TAG:0007:0000:08000000}} Si no te olvidaste, lo
correcto sería decir ""por poco se
me olvida"". {{TAG:0007:0000:1E000000}}{{TAG:0002:0002:}}{{TAG:000D:0004:02CD}}¡No lo olvides!{{TAG:000D:0005:}}

{{TAG:0003:0000:}}     {{TAG:000D:0009:}}{{TAG:0000:0002:C800}}¡Y lárgate ya!{{TAG:0000:0002:6400}}{{TAG:000D:000A:}}{{TAG:0007:0009:1E000000}}","{{TAG:0002:0008:}}Ah,{{TAG:0007:0000:08000000}} encore une chose.{{TAG:0000:0004:}}{{TAG:0003:0000:}}Quand on a la trouille,{{TAG:0007:0000:0F000000}} on a parfois
« la chair de poule ». Et non pas
« la chair de poulpe » !
{{TAG:0002:0008:}}Bon, je sais, la poule et le poulpe
se ressemblent, mais...{{TAG:0007:0000:1E000000}}{{TAG:0002:0002:}}{{TAG:000D:0004:02CD}} Comment ça,
parce que j'y vois rien ?! Grrr !{{TAG:000D:0005:}}
Et maintenant...
{{TAG:0003:0000:}}                  {{TAG:000D:0009:}}{{TAG:0000:0002:C800}}FILE !{{TAG:0000:0002:6400}}{{TAG:000D:000A:}}{{TAG:0007:0009:1E000000}}","{{TAG:0002:0008:}}Ah,{{TAG:0007:0000:08000000}} dimenticavo...{{TAG:0000:0004:}}{{TAG:0003:0000:}}Quando scrivi ""un po'"" ci vuole
l'apostrofo, non l'accento!{{TAG:0007:0000:0F000000}}
No dico, ma la sai la differenza?{{TAG:0000:0004:}}{{TAG:0002:0008:}}Si mette l'apostrofo {{TAG:0007:0000:08000000}}perché ""po'""
è la versione tronca di ""poco""!{{TAG:0007:0000:1E000000}}{{TAG:0002:0002:}}{{TAG:000D:0004:02CD}}
Ma cosa vi insegnano a scuola?{{TAG:000D:0005:}}

{{TAG:0003:0000:}} {{TAG:000D:0009:}}{{TAG:0000:0002:C800}}ORA PUSSA VIA!{{TAG:0000:0002:6400}}{{TAG:000D:000A:}}{{TAG:0007:0009:1E000000}}","{{TAG:0002:0008:}}Ach ja, {{TAG:0007:0000:08000000}}eine Sache noch...{{TAG:0000:0004:}}{{TAG:0003:0000:}}„Konkav“ nennt man etwas, wenn es
nach innen gewölbt ist. {{TAG:0007:0000:14000000}}Nach außen
gewölbt heißt es „konvex“.
{{TAG:0002:0008:}}Hier noch 'ne kleine Merkregel...{{TAG:0000:0004:}}{{TAG:0002:0002:}}{{TAG:000D:0004:02CD}}Wenn jemand das Spiel beendet,
ohne zu speichern, wird meine
Zornesader konvex!{{TAG:0007:0000:14000000}} Aber wie!{{TAG:000D:0005:}}

{{TAG:0003:0000:}}{{TAG:000D:0009:}}{{TAG:0000:0002:B400}}JETZT ZIEH LEINE!{{TAG:0000:0002:6400}}{{TAG:000D:000A:}}{{TAG:0007:0009:1E000000}}","{{TAG:0002:0008:}}Ha,{{TAG:0007:0000:08000000}} bir de son bir şey.{{TAG:0000:0004:}}{{TAG:0003:0000:}}""Hiç bir""
diye ayrı
yazılmaz.{{TAG:0007:0000:0F000000}} ""Hiçbir"" bitişik.{{TAG:0007:0000:08000000}} Ayrı
yazarsan iki kelime
olur ama doğrusu bir kelime.{{TAG:0002:0008:}}Çok
zor değil.{{TAG:0007:0000:08000000}}""Hiçbir""
demek hiçbir!{{TAG:0007:0000:1E000000}}{{TAG:0002:0002:}}{{TAG:000D:0004:02CD}}Bilmediğin şeyi
bölüp parçalama!{{TAG:000D:0005:}}
{{TAG:0003:0000:}}{{TAG:000D:0009:}}{{TAG:0000:0002:C800}}ŞİMDİ TÜY!{{TAG:0000:0002:6400}}{{TAG:000D:000A:}}{{TAG:0007:0009:1E000000}}"
67,068,,,,,,
68,069,,,,,,
69,070,,,,,,
70,071,"Hey, you! {{TAG:0007:0000:1E000000}}Yeah, it's me again.
{{TAG:0007:0000:0F000000}}{{TAG:0002:0008:}}You wanna tell your ol' pal
{{TAG:0000:0003:0400}}Resetti{{TAG:0000:0003:FFFF}} what happened?{{TAG:000F:0001:000000002800}}
I wanted to reset.
My batteries died.
I don't remember.","¡Buenas! {{TAG:0007:0000:1E000000}}Aquí me tienes otra vez.
{{TAG:0007:0000:0F000000}}{{TAG:0002:0008:}}¿Me quieres contar qué ha pasado?{{TAG:000F:0001:000000002800}}
Que quería resetear
Que se acabó la batería
No me acuerdo","Bonjour !{{TAG:0007:0000:1E000000}} Comme on se retrouve !{{TAG:0007:0000:0F000000}}
{{TAG:0007:0000:0F000000}}{{TAG:0002:0008:}}Tu veux bien dire à tonton {{TAG:0000:0003:0400}}Resetti
{{TAG:0000:0003:FFFF}}pourquoi il est là ?{{TAG:000F:0001:000000002800}}
Je voulais réinitialiser.
Ma batterie est morte.
Je me souviens plus.","Ehi tu! {{TAG:0007:0000:1E000000}}Sì, sono di nuovo io.
{{TAG:0007:0000:0F000000}}{{TAG:0002:0008:}}Vorresti dire al tuo caro amico
{{TAG:0000:0003:0400}}Resetti{{TAG:0000:0003:FFFF}} cos'è successo?{{TAG:000F:0001:000000002800}}
Volevo resettare.
È finita la batteria.
Non me lo ricordo.","So, da wären wir wieder.{{TAG:0007:0000:1E000000}} {{TAG:0002:0008:}}Na, willst
du deinem alten Kumpel {{TAG:0000:0003:0400}}Resetti{{TAG:0000:0003:FFFF}}
erzählen, was los ist?{{TAG:000F:0001:000000002800}}
Neuanfang war fällig!
Batterie war leer!
Weiß nicht mehr...","Hey, sen!{{TAG:0007:0000:1E000000}}Evet, yine benim.{{TAG:0007:0000:0F000000}}{{TAG:0002:0008:}}Eski
dostun {{TAG:0000:0003:0400}}Resetti{{TAG:0000:0003:FFFF}}'ye ne olduğunu anlatmak
ister misin?{{TAG:000F:0001:000000002800}}
Sıfırlamak istedim.
Pilim bitti.
Hatırlamıyorum."
71,072,"{{TAG:0002:0008:}}Aha!{{TAG:0007:0000:08000000}} Ya did, did ya?{{TAG:0007:0000:0F000000}} That's how
this is gonna play out?{{TAG:0000:0004:}}{{TAG:0003:0000:}}It's GO time!{{TAG:0007:0000:08000000}} Don't you move
a single resettin' muscle!{{TAG:0007:0000:1E000000}}
{{TAG:0002:0002:}}{{TAG:000D:0000:00CD}}I'll be right with ya!{{TAG:0007:0008:3C000000}}","{{TAG:0002:0008:}}¡Ajá!{{TAG:0007:0000:08000000}} Así que era eso, ¿no?{{TAG:0007:0000:0F000000}}
Con esos trucos andamos...{{TAG:0000:0004:}}{{TAG:0003:0000:}}¿Me esperas un segundo?{{TAG:0007:0000:08000000}}
No te muevas,{{TAG:0007:0000:1E000000}} {{TAG:0002:0002:}}{{TAG:000D:0000:00CD}}que dentro de
un momento estoy contigo.{{TAG:0007:0008:3C000000}}","{{TAG:0002:0008:}}A-ha !{{TAG:0007:0000:08000000}} Tu parles d'une surprise !
Tu veux jouer à ça ?{{TAG:0000:0004:}}{{TAG:0003:0000:}}C'est reparti pour un tour !{{TAG:0007:0000:08000000}} Ne
bouge pas ! Ne réinitialise pas !{{TAG:0007:0000:1E000000}}
{{TAG:0002:0002:}}{{TAG:000D:0000:00CD}}Je suis à toi tout de suite !{{TAG:0007:0008:3C000000}}","{{TAG:0002:0008:}}Ah!{{TAG:0007:0000:08000000}} È così, eh?{{TAG:0007:0000:0F000000}} Bene, bene.
Ho capito tutto...{{TAG:0000:0004:}}{{TAG:0003:0000:}}Ora tocca a me!{{TAG:0007:0000:08000000}} Ferm{{TAG:000E:0006:02006F0002006100}} lì e non
muovere un muscolo, resettat{{TAG:000E:0006:06006F007200650008007200690063006500}}
folle!{{TAG:0007:0000:1E000000}} {{TAG:0002:0002:}}{{TAG:000D:0000:00CD}}Sarò subito da te!{{TAG:0007:0008:3C000000}}","{{TAG:0002:0008:}}Aha!{{TAG:0007:0000:14000000}} Ist das so, ja?{{TAG:0007:0000:0F000000}} Es soll also
auf diese Weise laufen, seh ich das
richtig?
{{TAG:0003:0000:}}Auf geht's!{{TAG:0007:0000:08000000}} Du rührst jetzt keinen
Muskel!{{TAG:0007:0000:1E000000}} {{TAG:0002:0002:}}{{TAG:000D:0000:00CD}}Ich bin gleich bei dir!{{TAG:0007:0008:3C000000}}","{{TAG:0002:0008:}}Aha!{{TAG:0007:0000:08000000}} Yaptın demek?{{TAG:0007:0000:0F000000}} Böyle mi
oynayacağız?{{TAG:0000:0004:}}{{TAG:0003:0000:}}
HAREKET zamanı!{{TAG:0007:0000:08000000}} Tek bir
sıfırlama kasını bile oynatma!{{TAG:0007:0000:1E000000}}
{{TAG:0002:0002:}}{{TAG:000D:0000:00CD}}Hemen geliyorum!{{TAG:0007:0008:3C000000}}"
72,073,"
{{TAG:0007:000C:}}{{TAG:000D:0000:01CD}}{{TAG:0002:0007:}}{{TAG:0000:0002:C800}}GRAAAH!{{TAG:0007:0009:3C000000}}{{TAG:0000:0002:6400}}{{TAG:0000:0004:}}{{TAG:0000:0002:C800}}{{TAG:0000:0002:6400}}{{TAG:0007:000C:}}{{TAG:000D:0000:01CD}}{{TAG:0002:0007:}}{{TAG:0000:0002:9600}}HOW CAN IT BE YOU
AGAIN?! HOW?!{{TAG:0007:0000:08000000}}{{TAG:0000:0002:6400}}{{TAG:0007:0009:1E000000}}{{TAG:0000:0004:}}{{TAG:0007:000B:}}{{TAG:000D:0000:01CD}}{{TAG:0000:0002:9600}}DO YA EVEN KNOW
{{TAG:0007:000C:}}WHY I'M HERE?!{{TAG:0000:0002:6400}}{{TAG:0007:0009:3C000000}}{{TAG:0000:0004:}}{{TAG:0002:0002:}}.{{TAG:0007:0000:08000000}}.{{TAG:0007:0000:08000000}}.{{TAG:0007:0000:08000000}}Dirt clods! {{TAG:0007:0000:1E000000}}I gotta run through this
all again, don't I?{{TAG:0007:0000:08000000}} Fine!{{TAG:0007:0000:08000000}} Get tuned
in to my frequency and listen up!{{TAG:0007:0009:3C000000}}
Ahem. Testing 1, 2, 3... AHEM!{{TAG:0007:0000:08000000}}
Let's forget about other games,
{{TAG:0007:0000:08000000}}shall we?{{TAG:0007:0000:08000000}} It's hard,{{TAG:0007:0000:08000000}} but just do it.{{TAG:0007:0009:3C000000}}
This here's {{TAG:0007:0000:08000000}}{{TAG:0000:0003:0300}}Animal Crossing: New
Leaf{{TAG:0000:0003:FFFF}}. Notice how that title is still
different from those other games?{{TAG:0007:0009:3C000000}}
One of my duties is to ask that ya
play this game without any of that...
{{TAG:0007:0000:08000000}}guh...{{TAG:0007:0000:14000000}}resettin' nonsense.{{TAG:0007:0009:3C000000}}
{{TAG:0002:0008:}}I know what you're thinkin'.{{TAG:0007:0000:0F000000}} {{TAG:0002:0005:}}{{TAG:000D:0004:04CD}}""I can
play any way I want. It's MY game.""{{TAG:000D:0005:}}{{TAG:0007:0000:1E000000}}
{{TAG:0002:0008:}}And I hear ya,{{TAG:0007:0000:32000000}} believe you me.{{TAG:0007:0000:08000000}}{{TAG:0007:0009:3C000000}}
But here's the deal:{{TAG:0007:0000:0F000000}} this game's got
its own rules.{{TAG:0007:0000:08000000}} Accept that and ya
save us both a mudslide of trouble.{{TAG:0007:0009:3C000000}}
I hope that sunk in.{{TAG:0007:0000:32000000}} {{TAG:0002:0005:}}Let's see...
what's that next part?{{TAG:0007:0000:08000000}} Earthworm
recipes?{{TAG:0007:0000:08000000}} Naw, that ain't right...{{TAG:0007:0009:3C000000}}
{{TAG:0002:0002:}}C'mon, Resetti, think...{{TAG:0007:0000:0F000000}} {{TAG:0002:0004:}}Oh yeah!{{TAG:0007:0000:14000000}}
{{TAG:0002:0002:}}There ain't no reset button in the
real world.{{TAG:0007:0000:14000000}}
.{{TAG:0007:0000:08000000}}.{{TAG:0007:0000:08000000}}.{{TAG:0007:0000:08000000}}{{TAG:0002:0008:}}Good. Got that taken care of.{{TAG:0007:0009:14000000}}{{TAG:0000:0004:}}That means.{{TAG:0007:0000:08000000}}.{{TAG:0007:0000:08000000}}.{{TAG:0007:0000:08000000}} Right, time to tell ya
there ain't no do-overs in life.{{TAG:0007:0009:1E000000}}{{TAG:0000:0004:}}{{TAG:0002:0005:}}Don't get mad at me. I don't got
nuthin' to do with that rule{{TAG:0007:0000:08000000}}.{{TAG:0007:0000:08000000}}.{{TAG:0007:0000:08000000}}.{{TAG:0007:0009:1E000000}}","
{{TAG:0007:000C:}}{{TAG:000D:0000:01CD}}{{TAG:0002:0007:}}{{TAG:0000:0002:C800}}¡AAAARG!{{TAG:0007:0009:3C000000}}{{TAG:0000:0002:6400}}{{TAG:0000:0004:}}{{TAG:0000:0002:C800}}{{TAG:0000:0002:6400}}{{TAG:0007:000C:}}{{TAG:000D:0000:01CD}}{{TAG:0002:0007:}}{{TAG:0000:0002:9600}}¡¿Siempre tienes que
ser tú?! ¿Por qué?{{TAG:0007:0000:08000000}}{{TAG:0000:0002:6400}}{{TAG:0007:0009:1E000000}}{{TAG:0000:0004:}}{{TAG:0007:000B:}}{{TAG:000D:0000:01CD}}{{TAG:0000:0002:9600}}¡¿Todavía no conoces
{{TAG:0007:000C:}}mi cara lo suficiente?!{{TAG:0000:0002:6400}}{{TAG:0007:0009:3C000000}}{{TAG:0000:0004:}}{{TAG:0002:0002:}}¡Terrones! {{TAG:0007:0000:1E000000}}¿Tengo que volver a
explicártelo otra vez?{{TAG:0007:0000:08000000}} ¡Mmm!{{TAG:0007:0000:08000000}}
Espero que lo captes esta vez...{{TAG:0007:0009:3C000000}}
¿Hola? Probando, 1, 2, 3... ¡Ejem!{{TAG:0007:0000:08000000}}
Olvida otros juegos que conozcas,{{TAG:0007:0000:08000000}}
¿de acuerdo?{{TAG:0007:0000:08000000}} No es tan difícil.{{TAG:0007:0009:3C000000}}
Ahora céntrate en este: {{TAG:0007:0000:08000000}}{{TAG:0000:0003:0300}}Animal
Crossing: New Leaf{{TAG:0000:0003:FFFF}}. ¿Te suena?{{TAG:0007:0000:08000000}}
¡Exacto, es este juego! ¡Muy list{{TAG:0000:0002:6400}}{{TAG:000E:0006:02006F0002006100}}{{TAG:0000:0002:6400}}!{{TAG:0007:0009:3C000000}}
Mi tarea aquí es asegurarme de
que la gente no se aproveche de
hacer...{{TAG:0007:0000:14000000}} reseteos, ya sabes...{{TAG:0007:0009:3C000000}}
{{TAG:0002:0008:}}Ahora me dirás:{{TAG:0007:0000:0F000000}} {{TAG:0002:0005:}}{{TAG:000D:0004:04CD}}""¡Es mi juego y
reseteo cuando me da la gana!"".{{TAG:000D:0005:}}{{TAG:0007:0000:1E000000}}
{{TAG:0002:0008:}}¿Tengo razón?{{TAG:0007:0000:32000000}} Lo veo normal.{{TAG:0007:0000:08000000}}{{TAG:0007:0009:3C000000}}
Pero se te olvida algo:{{TAG:0007:0000:0F000000}} las reglas
de este juego no son corrientes,{{TAG:0007:0000:08000000}}
y no te queda otra que aceptarlas.{{TAG:0007:0009:3C000000}}
¿Entendido?{{TAG:0007:0000:32000000}} {{TAG:0002:0005:}}Y te diré algo más...{{TAG:0007:0000:08000000}}
¿Cómo era?{{TAG:0007:0000:08000000}} Lombrices tuertas...{{TAG:0007:0000:08000000}}
¡Lo tengo en la punta de la lengua!{{TAG:0007:0009:3C000000}}
{{TAG:0002:0004:}}¡Ah, sí! Debes pensar en esto:{{TAG:0007:0000:14000000}} 
{{TAG:0002:0002:}}¡en la vida real no hay reseteos!{{TAG:0007:0000:14000000}}
{{TAG:0002:0008:}}¡Uf! Creí que no me acordaría...{{TAG:0007:0009:14000000}}{{TAG:0000:0004:}}Pero bueno.{{TAG:0007:0000:08000000}}.{{TAG:0007:0000:08000000}}.{{TAG:0007:0000:08000000}} ¿Sabes qué significa?{{TAG:0007:0000:14000000}}
Que lo que sale de una forma, bien
o mal, es porque así tenía que salir.{{TAG:0007:0009:1E000000}}{{TAG:0000:0004:}}{{TAG:0002:0005:}}¡No te enfades conmigo!
Yo no tengo la culpa
de que funcione así{{TAG:0007:0000:08000000}}.{{TAG:0007:0000:08000000}}.{{TAG:0007:0000:08000000}}.{{TAG:0007:0009:1E000000}}","
{{TAG:0007:000C:}}{{TAG:000D:0000:01CD}}{{TAG:0002:0007:}}{{TAG:0000:0002:C800}}RAAAH !{{TAG:0007:0009:3C000000}}{{TAG:0000:0002:6400}}{{TAG:0000:0004:}}{{TAG:0000:0002:C800}}{{TAG:0000:0002:6400}}{{TAG:0007:000C:}}{{TAG:000D:0000:01CD}}{{TAG:0002:0007:}}{{TAG:0000:0002:9600}}TOI ! ENCORE TOI !
TOUJOURS TOI !{{TAG:0007:0000:08000000}}{{TAG:0000:0002:6400}}{{TAG:0007:0009:1E000000}}{{TAG:0000:0004:}}{{TAG:0007:000B:}}{{TAG:000D:0000:01CD}}{{TAG:0000:0002:9600}}POURQUOI ?
{{TAG:0007:000C:}}QUEL EST TON BUT ?!{{TAG:0000:0002:6400}}{{TAG:0007:0009:3C000000}}{{TAG:0000:0004:}}{{TAG:0002:0002:}}.{{TAG:0007:0000:08000000}}.{{TAG:0007:0000:08000000}}.{{TAG:0007:0000:08000000}} Incroyable ! {{TAG:0007:0000:1E000000}}Je vais encore devoir
te faire la leçon !{{TAG:0007:0000:08000000}} Bien !{{TAG:0007:0000:08000000}} Ouvre.
Grand. Tes. Oreilles !{{TAG:0007:0009:3C000000}}
A-hem. Test 1-2, 1-2... A-HEM !{{TAG:0007:0000:08000000}}
Oublions un instant les autres jeux.
{{TAG:0007:0000:08000000}}Concentre-toi sur celui-ci.{{TAG:0007:0009:3C000000}}
Tu es dans {{TAG:0007:0000:08000000}}{{TAG:0000:0003:0300}}Animal Crossing: New
Leaf{{TAG:0000:0003:FFFF}}. C'est le titre de ce jeu, et
pas d'un autre. Un titre unique.{{TAG:0007:0009:3C000000}}
Unique, tout comme les règles de
ce jeu. {{TAG:0007:0000:08000000}}Et moi, je suis là pour que
les réinitialisations cessent.{{TAG:0007:0009:3C000000}}
{{TAG:0002:0008:}}Je sais très bien ce que tu penses.{{TAG:0007:0000:0F000000}}
{{TAG:0002:0005:}}{{TAG:000D:0004:04CD}}« C'est MON jeu, je fais comme je
veux ! » {{TAG:000D:0005:}}{{TAG:0007:0000:1E000000}}{{TAG:0002:0008:}}Je te vois venir.{{TAG:0007:0000:1E000000}}{{TAG:0007:0009:3C000000}}
Seulement, {{TAG:0007:0000:0F000000}}le problème, c'est que
dans ce jeu,{{TAG:0007:0000:08000000}} tu fais ce que je te dis.
Sinon tu as affaire à moi.{{TAG:0007:0009:3C000000}}
Tu as enregistré l'info ?{{TAG:0007:0000:32000000}} {{TAG:0002:0005:}}Bien... Que
voulais-je dire ?{{TAG:0007:0000:08000000}} Des recettes à
l'asticot ?{{TAG:0007:0000:08000000}} Hmm, non...{{TAG:0007:0009:3C000000}}
{{TAG:0002:0002:}}Resetti a un trou de mémoire...{{TAG:0007:0000:0F000000}} {{TAG:0002:0004:}}Ah !{{TAG:0007:0000:14000000}}
{{TAG:0002:0002:}}Dans le monde réel, il n'y a pas de
bouton de réinitialisation. Sache-le.{{TAG:0007:0000:14000000}}
.{{TAG:0007:0000:08000000}}.{{TAG:0007:0000:08000000}}.{{TAG:0007:0000:08000000}}{{TAG:0002:0008:}} Bien, ça, c'est fait. Il est temps
que tu apprennes la vie.{{TAG:0007:0009:14000000}}{{TAG:0000:0004:}}Donc. Dans la vie, on a droit qu'à un
essai.{{TAG:0007:0009:1E000000}}{{TAG:0000:0004:}}{{TAG:0002:0005:}}Me regarde pas comme ça, ce n'est
pas moi qui ai inventé ces règles{{TAG:0007:0000:08000000}}.{{TAG:0007:0000:08000000}}.{{TAG:0007:0000:08000000}}.{{TAG:0007:0009:1E000000}}","
{{TAG:0007:000C:}}{{TAG:000D:0000:01CD}}{{TAG:0002:0007:}}{{TAG:0000:0002:C800}}ARRRGH!{{TAG:0007:0009:3C000000}}{{TAG:0000:0002:6400}}{{TAG:0000:0004:}}{{TAG:0000:0002:C800}}{{TAG:0000:0002:6400}}{{TAG:0007:000C:}}{{TAG:000D:0000:01CD}}{{TAG:0002:0007:}}{{TAG:0000:0002:9600}}DI NUOVO TU?
NON È POSSIBILE!{{TAG:0007:0000:08000000}}{{TAG:0000:0002:6400}}{{TAG:0007:0009:1E000000}}{{TAG:0000:0004:}}{{TAG:0007:000B:}}{{TAG:000D:0000:01CD}}{{TAG:0000:0002:9600}}ALLORA PROPRIO
{{TAG:0007:000C:}}NON MI ASCOLTI?!{{TAG:0000:0002:6400}}{{TAG:0007:0009:3C000000}}{{TAG:0000:0004:}}{{TAG:0002:0002:}}.{{TAG:0007:0000:08000000}}.{{TAG:0007:0000:08000000}}.{{TAG:0007:0000:08000000}} Per tutte le talpe! {{TAG:0007:0000:1E000000}}Devo spiegarti
di nuovo tutta la tiritera?{{TAG:0007:0000:08000000}} E va bene!{{TAG:0007:0000:08000000}}
Apri bene le orecchie stavolta!{{TAG:0007:0009:3C000000}}
1, 2, 3, prova... AHEM!{{TAG:0007:0000:08000000}} Pronti!{{TAG:0007:0000:08000000}}
Dunque, cerca per un momento
di non pensare agli altri giochi...{{TAG:0007:0009:3C000000}}
Questo è {{TAG:0007:0000:08000000}}{{TAG:0000:0003:0300}}Animal Crossing: New
Leaf{{TAG:0000:0003:FFFF}}. Avrai notato che già il titolo
è diverso da quello degli altri giochi.{{TAG:0007:0009:3C000000}}
Il mio lavoro consiste nel fare
in modo che giochi senza... {{TAG:0007:0000:08000000}}brrr...{{TAG:0007:0000:14000000}}
senza cercare di resettare!{{TAG:0007:0009:3C000000}}
{{TAG:0002:0008:}}So cosa stai pensando...{{TAG:0007:0000:0F000000}} {{TAG:0002:0005:}}{{TAG:000D:0004:04CD}}""È il mio
gioco e posso fare come mi pare!""{{TAG:000D:0005:}}{{TAG:0007:0000:1E000000}}
{{TAG:0002:0008:}}Guarda, ti capisco, eh.{{TAG:0007:0000:32000000}} Sul serio.{{TAG:0007:0000:08000000}}{{TAG:0007:0009:3C000000}}
Ma le cose stanno così:{{TAG:0007:0000:0F000000}} questo
gioco ha le sue regole.{{TAG:0007:0000:08000000}} Prima
le accetti e meglio sarà per tutti.{{TAG:0007:0009:3C000000}}
Spero che siamo d'accordo.{{TAG:0007:0000:32000000}} {{TAG:0002:0005:}}Ora...
di cos'altro dovevo parlarti?{{TAG:0007:0000:08000000}} Delle
talpe più belle del mondo?{{TAG:0007:0000:08000000}} No, no...{{TAG:0007:0009:3C000000}}
{{TAG:0002:0002:}}Forza Resetti, pensa...{{TAG:0007:0000:0F000000}} {{TAG:0002:0004:}}Ah, ecco!{{TAG:0007:0000:14000000}}
{{TAG:0002:0002:}}Non si può resettare nel mondo
reale! Ecco cosa dovevo dirti.
{{TAG:0002:0008:}}Meno male che mi sono ricordato.{{TAG:0007:0009:14000000}}{{TAG:0000:0004:}}Insomma, capisci no?
Nella vita non si può resettare
e rifare tutto quando si vuole.{{TAG:0007:0009:1E000000}}{{TAG:0000:0004:}}{{TAG:0002:0005:}}Non prendertela con me!
Non le faccio mica io le regole!{{TAG:0007:0009:1E000000}}","
{{TAG:0007:000C:}}{{TAG:000D:0000:01CD}}{{TAG:0002:0007:}}{{TAG:0000:0002:C800}}GRAAAH!{{TAG:0000:0002:6400}}{{TAG:0007:0009:3C000000}}{{TAG:0000:0004:}}{{TAG:0007:000C:}}{{TAG:000D:0000:01CD}}{{TAG:0002:0007:}}{{TAG:0000:0002:9600}}WARUM IMMER DU?
WARUM?{{TAG:0007:0000:08000000}}{{TAG:0000:0002:6400}}{{TAG:0007:0009:1E000000}}{{TAG:0000:0004:}}{{TAG:0007:000B:}}{{TAG:000D:0000:01CD}}{{TAG:0000:0002:9600}}VERSTEHST DU,
{{TAG:0007:000C:}}WARUM ICH HIER BIN?{{TAG:0000:0002:6400}}{{TAG:0007:0009:3C000000}}{{TAG:0000:0004:}}{{TAG:0002:0002:}}Splittriger Spitzhackenstiel!{{TAG:0007:0000:1E000000}}
Ich muss es schon wieder erklären,
oder?{{TAG:0007:0000:14000000}} Dann pass jetzt auf!{{TAG:0007:0009:3C000000}}
Test 1, 2, 3...{{TAG:0007:0000:08000000}}
Vergessen wir mal kurz andere
Spiele, ja? {{TAG:0007:0000:14000000}}Versuchen wir's einfach.{{TAG:0007:0009:3C000000}}
Wir haben hier {{TAG:0000:0003:0300}}Animal Crossing:
New Leaf{{TAG:0000:0003:FFFF}}. {{TAG:0007:0000:14000000}}Über dieses Spiel reden
wir jetzt und über nix anderes.{{TAG:0007:0009:3C000000}}
Meine Aufgabe ist es jetzt, die
Spieler anzuhalten, nicht das
Speichern zu „vergessen“.{{TAG:0007:0009:3C000000}}
{{TAG:0002:0008:}}Ja, ich weiß.{{TAG:0007:0000:0F000000}} {{TAG:0002:0005:}}{{TAG:000D:0004:04CD}}„Ich kann machen, was
ich will. {{TAG:0007:0000:08000000}}Es ist MEIN Spiel!“{{TAG:000D:0005:}}{{TAG:0007:0000:1E000000}} {{TAG:0002:0008:}}Ist ja
alles schön und gut.{{TAG:0007:0009:3C000000}}
Aber dieses Spiel hat seine eigenen
Regeln. {{TAG:0007:0000:14000000}}Es wäre alles viel einfacher,
wenn du das einsehen würdest.{{TAG:0007:0009:3C000000}}
Hoffentlich ist das jetzt mal
durchgedrungen.{{TAG:0007:0000:32000000}} {{TAG:0002:0005:}}Weiter im Text...{{TAG:0007:0000:14000000}}
Was fehlt noch?{{TAG:0007:0009:3C000000}}
{{TAG:0002:0002:}}Denk nach, Resetti...{{TAG:0007:0000:0F000000}} {{TAG:0002:0004:}}Genau!{{TAG:0007:0000:14000000}}
{{TAG:0002:0002:}}Im echten Leben kann man auch
nicht einfach neu starten!{{TAG:0007:0000:14000000}}
{{TAG:0002:0008:}}So, das wäre abgehakt...{{TAG:0007:0009:14000000}}{{TAG:0000:0004:}}Also, wie gesagt...{{TAG:0007:0000:14000000}} Echtes Leben,{{TAG:0007:0000:08000000}}
nicht einfach neu starten und so.{{TAG:0007:0009:1E000000}}{{TAG:0000:0004:}}{{TAG:0002:0005:}}Jetzt schau nicht so!{{TAG:0007:0000:14000000}} Ich habe mir
diese Regelung nicht ausgedacht!{{TAG:0007:0009:1E000000}}","{{TAG:0007:000C:}}{{TAG:000D:0000:01CD}}{{TAG:0002:0007:}}{{TAG:0000:0002:C800}}GRAAAH!{{TAG:0007:0009:3C000000}}{{TAG:0000:0002:6400}}{{TAG:0000:0004:}}{{TAG:0000:0002:C800}}{{TAG:0000:0002:6400}}{{TAG:0007:000C:}}{{TAG:000D:0000:01CD}}{{TAG:0002:0007:}}{{TAG:0000:0002:9600}}
NASIL YİNE SEN OLABİLİRSİN?!
NASIL?!{{TAG:0007:0000:08000000}}{{TAG:0000:0002:6400}}{{TAG:0007:0009:1E000000}}{{TAG:0000:0004:}}{{TAG:0007:000B:}}{{TAG:000D:0000:01CD}}{{TAG:0000:0002:9600}}
NEDEN BURADA OLDUĞUMU{{TAG:0007:000C:}} BİLİYOR
MUSUN?!{{TAG:0000:0002:6400}}{{TAG:0007:0009:3C000000}}{{TAG:0000:0004:}}{{TAG:0002:0002:}}.{{TAG:0007:0000:08000000}}.{{TAG:0007:0000:08000000}}.{{TAG:0007:0000:08000000}}
Toprak topakları!{{TAG:0007:0000:1E000000}}Yine baştan
anlatmam gerekiyor,
değil mi?{{TAG:0007:0000:08000000}} Peki!{{TAG:0007:0000:08000000}} Frekansıma gir
ve iyi dinle!{{TAG:0007:0009:3C000000}}
Öhö. Bir, iki, üç... ÖHÖ!{{TAG:0007:0000:08000000}} Başka
oyunları unutalım,{{TAG:0007:0000:08000000}}
olur mu?{{TAG:0007:0000:08000000}} Zor,{{TAG:0007:0000:08000000}} ama yap.{{TAG:0007:0009:3C000000}} Bu{{TAG:0007:0000:08000000}}{{TAG:0000:0003:0300}}Animal
Crossing: New Leaf{{TAG:0000:0003:FFFF}}.
Adının hâlâ o diğer oyunlardan
farklı olduğunu görüyorsun?{{TAG:0007:0009:3C000000}}
İşimin bir parçası da bu oyunu
şu...{{TAG:0007:0000:08000000}}öff...{{TAG:0007:0000:14000000}}sıfırlama
saçmalığı olmadan oynamanı
istemek.{{TAG:0007:0009:3C000000}}{{TAG:0002:0008:}}Ne düşündüğünü
biliyorum.{{TAG:0007:0000:0F000000}}
{{TAG:0002:0005:}}{{TAG:000D:0004:04CD}}""İstediğim gibi oynarım. BENİM
oyunum.""{{TAG:000D:0005:}}{{TAG:0007:0000:1E000000}}
{{TAG:0002:0008:}}Seni duyuyorum,{{TAG:0007:0000:32000000}} inan bana.{{TAG:0007:0000:08000000}}{{TAG:0007:0009:3C000000}}{{TAG:0007:0000:0F000000}}Ama
mesele şu: Bu
oyunun kendi kuralları var.{{TAG:0007:0000:08000000}}
Kabul et, ikimizi de çamur
seli kadar dertten kurtar.{{TAG:0007:0009:3C000000}}
Umarım kafana girdi.{{TAG:0007:0000:32000000}}{{TAG:0002:0005:}}Bakalım...
Sırada ne vardı?{{TAG:0007:0000:08000000}} Solucan
tarifleri?{{TAG:0007:0000:08000000}} Yok, o değil...{{TAG:0007:0009:3C000000}}
{{TAG:0002:0002:}}Hadi Resetti, düşün...{{TAG:0007:0000:0F000000}}{{TAG:0002:0004:}}Aa evet!{{TAG:0007:0000:14000000}}{{TAG:0002:0002:}}
Gerçek hayatta
sıfırlama tuşu yok.{{TAG:0007:0000:14000000}}{{TAG:0007:0000:08000000}}.{{TAG:0007:0000:08000000}}.{{TAG:0007:0000:08000000}}{{TAG:0002:0008:}}Güzel. Bu
tamam.{{TAG:0007:0009:14000000}}{{TAG:0000:0004:}}
Demek ki{{TAG:0007:0000:08000000}}.{{TAG:0007:0000:08000000}}.{{TAG:0007:0000:08000000}} hayatta yeniden
deneme yok.{{TAG:0007:0009:1E000000}}{{TAG:0000:0004:}}{{TAG:0002:0005:}}
Bana kızma. O kuralı ben
koymadım{{TAG:0007:0000:08000000}}.{{TAG:0007:0000:08000000}}.{{TAG:0007:0000:08000000}}.{{TAG:0007:0009:1E000000}}"
73,074,"Yo{{TAG:0007:0000:08000000}}.{{TAG:0007:0000:08000000}}.{{TAG:0007:0000:08000000}}. {{TAG:0002:0005:}}{{TAG:0007:0000:08000000}}Ya better not be sleepin'.
{{TAG:0002:0008:}}Hmm{{TAG:0007:0000:08000000}}.{{TAG:0007:0000:08000000}}.{{TAG:0007:0000:08000000}}.{{TAG:0007:0000:08000000}} Ya been so quiet,{{TAG:0007:0000:08000000}} I was
thinkin' you was in dreamland.
{{TAG:0003:0000:}}But if ya say you've been listenin',{{TAG:0007:0000:08000000}}
I'll take ya at your word. {{TAG:0007:0000:1E000000}}{{TAG:0002:0008:}}Trust—{{TAG:0007:0000:08000000}}it's
a two-way street, ya know?
{{TAG:0003:0000:}}All right,{{TAG:0007:0000:08000000}} I think ya learned your
lesson.{{TAG:0007:0000:1E000000}} {{TAG:0002:0008:}}Go do somethin' fun.{{TAG:0007:0001:}}
{{TAG:0003:0000:}}But, hey!{{TAG:0007:0000:08000000}} {{TAG:0002:0002:}}NO MORE RESETTIN'!","¡Pst!{{TAG:0007:0000:08000000}}.{{TAG:0007:0000:08000000}}.{{TAG:0007:0000:08000000}}. {{TAG:0002:0005:}}{{TAG:0007:0000:08000000}}¿No te habrás dormido?
{{TAG:0002:0008:}}Mmm{{TAG:0007:0000:08000000}}.{{TAG:0007:0000:08000000}}.{{TAG:0007:0000:08000000}}.{{TAG:0007:0000:08000000}} Estás tan callad{{TAG:000E:0006:02006F0002006100}},{{TAG:0007:0000:08000000}} que me
ha empezado a escamar...
{{TAG:0003:0000:}}Bien, si me estabas escuchando, no
digo nada.{{TAG:0007:0000:08000000}} Confío en ti.{{TAG:0007:0000:1E000000}} {{TAG:0002:0008:}}Los topos
confiamos en la palabra de la gente.
{{TAG:0003:0000:}}De acuerdo. Entonces,{{TAG:0007:0000:08000000}} digamos que
has aprendido la lección.{{TAG:0007:0000:1E000000}} {{TAG:0002:0008:}}Pásalo
bien.{{TAG:0007:0001:}}{{TAG:0002:0002:}} ¡Pero SIN RESETEAR!","Hé{{TAG:0007:0000:08000000}}.{{TAG:0007:0000:08000000}}.{{TAG:0007:0000:08000000}}. {{TAG:0002:0005:}}{{TAG:0007:0000:08000000}}Du bateau ! Tu dors ou quoi ?
{{TAG:0002:0008:}}Tu es tellement amorphe que je me
suis demandé si tu avais sombré.
{{TAG:0003:0000:}}Mais si tu me jures d'avoir écouté,{{TAG:0007:0000:08000000}}
je te crois sur parole. {{TAG:0007:0000:1E000000}}{{TAG:0002:0008:}}La confiance,
ça doit être réciproque, pas vrai ?
{{TAG:0003:0000:}}Bien,{{TAG:0007:0000:08000000}} je pense que tu as retenu
la leçon.{{TAG:0007:0000:1E000000}} {{TAG:0002:0008:}}Tu peux aller jouer,
maintenant.{{TAG:0007:0001:}}{{TAG:0003:0000:}}{{TAG:0007:0000:08000000}} {{TAG:0002:0002:}}SANS RÉINITIALISER !","Ehi{{TAG:0007:0000:08000000}}.{{TAG:0007:0000:08000000}}.{{TAG:0007:0000:08000000}}. {{TAG:0002:0005:}}{{TAG:0007:0000:08000000}}Non dirmi che stai dormendo!
{{TAG:0002:0008:}}Mmmh{{TAG:0007:0000:08000000}}.{{TAG:0007:0000:08000000}}.{{TAG:0007:0000:08000000}}.{{TAG:0007:0000:08000000}} Eri così silenzios{{TAG:000E:0006:02006F0002006100}}{{TAG:0007:0000:08000000}} che
per un momento ho pensato male.
{{TAG:0003:0000:}}Ma se dici che stavi ascoltando,{{TAG:0007:0000:08000000}}
voglio crederti. {{TAG:0007:0000:1E000000}}{{TAG:0002:0008:}}Vedi, io mi fido
di te.{{TAG:0007:0000:08000000}} Anche tu devi fidarti di me!
{{TAG:0003:0000:}}Bene,{{TAG:0007:0000:08000000}} direi che hai imparato
la lezione.{{TAG:0007:0000:1E000000}} {{TAG:0002:0008:}}Puoi andare.{{TAG:0007:0001:}}{{TAG:0003:0000:}}
Ma ricorda!{{TAG:0007:0000:08000000}} {{TAG:0002:0002:}}NON RESETTARE!","Hallooo...{{TAG:0007:0000:14000000}} {{TAG:0002:0005:}}{{TAG:0007:0000:08000000}}Schläfst du etwa? {{TAG:0007:0000:14000000}}Wehe,
du schläfst!{{TAG:0007:0000:14000000}} {{TAG:0002:0008:}}Hm,{{TAG:0007:0000:08000000}} sah einen Moment
aus, als würdest du schlafen...
{{TAG:0003:0000:}}Aber wenn du sagst, dass du mir
zugehört hast, wird's wohl stimmen!{{TAG:0007:0000:14000000}}
{{TAG:0002:0008:}}Vertrauen heißt das Zauberwort!
{{TAG:0003:0000:}}Und ich vertraue dann mal darauf,
dass du jetzt Bescheid weißt.{{TAG:0007:0000:1E000000}} {{TAG:0002:0008:}}Jetzt
geh und unternimm was Lustiges.
{{TAG:0002:0002:}}ABER SPEICHERE AB JETZT
GEFÄLLIGST IMMER AB, {{TAG:0007:0000:08000000}}SONST
WERD ICH UNGEMÜTLICH!","Yo{{TAG:0007:0000:08000000}}.{{TAG:0007:0000:08000000}}.{{TAG:0007:0000:08000000}}.{{TAG:0002:0005:}}{{TAG:0007:0000:08000000}}Sakın uyuyor olma.{{TAG:0002:0008:}}Hımm{{TAG:0007:0000:08000000}}.{{TAG:0007:0000:08000000}}.{{TAG:0007:0000:08000000}}.{{TAG:0007:0000:08000000}}
Öyle sessizdin ki{{TAG:0007:0000:08000000}} rüyalara
daldın sandım.{{TAG:0003:0000:}}Ama dinlediğini
söylüyorsan{{TAG:0007:0000:08000000}} sözüne inanırım.{{TAG:0007:0000:1E000000}}{{TAG:0002:0008:}}
Güven{{TAG:0007:0000:08000000}} iki yönlüdür,
biliyorsun.{{TAG:0003:0000:}}Peki,{{TAG:0007:0000:08000000}} dersini aldın
sanırım.{{TAG:0007:0000:1E000000}}{{TAG:0002:0008:}}Git biraz
eğlen.{{TAG:0007:0001:}}{{TAG:0003:0000:}}Ama hey!{{TAG:0007:0000:08000000}}{{TAG:0002:0002:}}BİR DAHA SIFIRLAMA YOK!"
74,075,"{{TAG:0002:0002:}}What's that look? {{TAG:0007:0000:14000000}}{{TAG:0003:0000:}}""I might be
listenin', {{TAG:0007:0000:08000000}}but maybe not."" {{TAG:0007:0000:08000000}}THAT
LOOK! {{TAG:0002:0002:}}Too cool for school, are ya?
{{TAG:0003:0000:}}Ya know somethin'? {{TAG:0007:0000:08000000}}{{TAG:0002:0005:}}That look's like
muddy fur, a cold bath, and a strong
chill all wrapped together{{TAG:0007:0000:08000000}}.{{TAG:0007:0000:08000000}}.{{TAG:0007:0000:08000000}}.
{{TAG:0003:0000:}}Ah,{{TAG:0007:0000:08000000}} I'm outta steam here.{{TAG:0007:0000:1E000000}} {{TAG:0002:0008:}}You're
on your own, pal.{{TAG:0007:0001:}} Get movin', and
remember: {{TAG:0002:0002:}}no more resettin'!","{{TAG:0002:0002:}}¿Y esa mirada? {{TAG:0007:0000:14000000}}{{TAG:0003:0000:}}Pareces decirme
""por una oreja me entra y por la
otra me sale"".{{TAG:0007:0000:08000000}} {{TAG:0002:0002:}}¿No dices nada?
{{TAG:0003:0000:}}¿Sabes? {{TAG:0007:0000:08000000}}{{TAG:0002:0005:}}Esta actitud tuya me
desespera, me desanima, me
desilusiona y me desmotiva{{TAG:0007:0000:08000000}}.{{TAG:0007:0000:08000000}}.{{TAG:0007:0000:08000000}}.
{{TAG:0003:0000:}}Mira,{{TAG:0007:0000:08000000}} hasta aquí hemos llegado.{{TAG:0007:0000:1E000000}} {{TAG:0002:0008:}}Te
dejo a tu aire.{{TAG:0007:0001:}} Haz lo que quieras...
{{TAG:0002:0002:}}¡Pero no resetees más!","{{TAG:0002:0002:}}Qu'est-ce que c'est que ce regard ?
{{TAG:0007:0000:14000000}}{{TAG:0003:0000:}}« Peut-être que j'écoute,{{TAG:0007:0000:08000000}} peut-être
pas ».{{TAG:0007:0000:08000000}} {{TAG:0002:0002:}}Une attitude de polisson{{TAG:000E:0006:000004006E006500}} !
{{TAG:0003:0000:}}Tu sais quoi ? {{TAG:0007:0000:08000000}}{{TAG:0002:0005:}}C'est le genre de
regard qui me rappelle la fourrure
sale. Des chaussettes mouillées{{TAG:0007:0000:08000000}}.{{TAG:0007:0000:08000000}}.{{TAG:0007:0000:08000000}}.
{{TAG:0003:0000:}}Bah,{{TAG:0007:0000:08000000}} j'ai épuisé mon énergie.{{TAG:0007:0000:1E000000}} {{TAG:0002:0008:}}Je vais
te laisser, {{TAG:000E:0006:0E00670061006C006F00700069006E000C00670061006D0069006E006500}}.{{TAG:0007:0001:}} Du vent, et
surtout,{{TAG:0002:0002:}} pas de réinitialisation !","{{TAG:0002:0002:}}Ehi, cos'è quella faccia? {{TAG:0007:0000:14000000}}{{TAG:0003:0000:}}Quella
faccia da ""sì, sì, {{TAG:0007:0000:08000000}}parla parla"". {{TAG:0007:0000:08000000}}
{{TAG:0002:0002:}}NON MI PIACE PER NIENTE!
{{TAG:0003:0000:}}Sai cosa?{{TAG:0007:0000:08000000}}{{TAG:0002:0005:}} Quella faccia è come il
gelato coi broccoli. Come l'insalata
alla liquirizia. Non mi piace!
{{TAG:0003:0000:}}Bah,{{TAG:0007:0000:08000000}} ora sono stanco.{{TAG:0007:0000:1E000000}} {{TAG:0002:0008:}}Me ne vado.
{{TAG:0007:0001:}}Vedi di fare {{TAG:000E:0006:100069006C00200062007200610076006F0010006C006100200062007200610076006100}}, ora, eh?
Mi raccomando:{{TAG:0002:0002:}} basta resettare!","{{TAG:0002:0002:}}Du siehst mich mit diesem Ausdruck
an, bei dem ich nicht weiß, ob du
überhaupt zuhörst!
ICH HASSE DIESEN AUSDRUCK!{{TAG:0000:0004:}}{{TAG:0003:0000:}}Weißte was? {{TAG:0007:0000:14000000}}{{TAG:0002:0005:}}Dieser Ausdruck ist
wie schlammiges Fell, ein kaltes Bad
und Schüttelfrost auf einmal!
{{TAG:0003:0000:}}Puh, hab mich total verausgabt...{{TAG:0007:0000:14000000}}
{{TAG:0002:0008:}}Geh schon, {{TAG:0007:0000:08000000}}husch-husch.{{TAG:0007:0001:}}
{{TAG:0002:0002:}}Und speichere mir bloß ab!","{{TAG:0002:0002:}}O bakış ne?{{TAG:0007:0000:14000000}}{{TAG:0003:0000:}}""Dinliyor olabilirim,{{TAG:0007:0000:08000000}}
belki de değil.""{{TAG:0007:0000:08000000}}
ŞU BAKIŞ!{{TAG:0002:0002:}}Havalara mı girdin?{{TAG:0003:0000:}}
Biliyor musun?{{TAG:0007:0000:08000000}}{{TAG:0002:0005:}}O bakış
çamurlu tüy, soğuk banyo ve buz
gibi rüzgârın hepsinin
karışımı gibi{{TAG:0007:0000:08000000}}.{{TAG:0007:0000:08000000}}.{{TAG:0007:0000:08000000}}.{{TAG:0003:0000:}}Ah,{{TAG:0007:0000:08000000}} buharım
tükendi.{{TAG:0007:0000:1E000000}}{{TAG:0002:0008:}}Artık
kendi başınasın dostum.{{TAG:0007:0001:}} Hadi git
ve unutma:{{TAG:0002:0002:}}sıfırlama yok!"
75,076,"
{{TAG:0007:000C:}}{{TAG:000D:0000:01CD}}{{TAG:0002:0007:}}{{TAG:0000:0002:C800}}GRAAAH!{{TAG:0007:0009:3C000000}}{{TAG:0000:0002:6400}}{{TAG:0000:0004:}}{{TAG:0000:0002:C800}}{{TAG:0000:0002:6400}}
{{TAG:0007:000C:}}{{TAG:000D:0000:01CD}}{{TAG:0002:0007:}}{{TAG:0000:0002:C800}}I CAN'T TAKE IT!{{TAG:0000:0002:C800}}{{TAG:0007:0009:3C000000}}{{TAG:0000:0002:6400}}{{TAG:0000:0004:}}{{TAG:0000:0002:C800}}{{TAG:0000:0002:C800}}
{{TAG:0007:000C:}}{{TAG:000D:0000:01CD}}{{TAG:0002:0007:}}""TAP TAP TAP!""{{TAG:0000:0002:C800}}{{TAG:0007:0009:14000000}}{{TAG:0000:0002:6400}}{{TAG:0000:0004:}}{{TAG:0000:0002:C800}}{{TAG:0000:0002:C800}}
{{TAG:0007:000C:}}{{TAG:000D:0000:01CD}}{{TAG:0002:0007:}}""TAP TAP TAP!""{{TAG:0000:0002:C800}}{{TAG:0007:0009:28000000}}{{TAG:0000:0002:6400}}{{TAG:0000:0004:}}{{TAG:0000:0002:C800}}{{TAG:0000:0002:C800}}
{{TAG:0007:000C:}}{{TAG:000D:0000:01CD}}{{TAG:0002:0007:}}BRAIN...HURTS!{{TAG:0000:0002:C800}}{{TAG:0007:0009:28000000}}{{TAG:0000:0002:6400}}{{TAG:0000:0004:}}{{TAG:0000:0002:C800}}{{TAG:0000:0002:C800}}
{{TAG:0000:0002:6400}}{{TAG:0002:0001:}}{{TAG:0000:0002:9600}}What ya got against
buttons?!{{TAG:0000:0002:C800}}{{TAG:0007:0009:28000000}}{{TAG:0000:0002:9600}}{{TAG:0000:0002:6400}}{{TAG:0000:0004:}}{{TAG:0000:0002:9600}}They didn't reset your
game! YOU DID!{{TAG:0000:0002:6400}}{{TAG:0000:0002:C800}}{{TAG:0007:0009:28000000}}{{TAG:0000:0002:6400}}{{TAG:0000:0004:}}{{TAG:0000:0002:9600}}{{TAG:0000:0002:6400}}{{TAG:0002:0002:}}I counted {{TAG:0004:0008:0000}} button taps! You
know how many times that is?!{{TAG:0007:0000:08000000}}
{{TAG:0002:0007:}}TOO MANY!{{TAG:0007:0000:14000000}}
{{TAG:0002:0008:}}{{TAG:000D:0000:00CD}}You think your thumbs got some
sort of unlimited mashin' powers?!{{TAG:0007:0000:10000000}}
{{TAG:0000:0002:6400}}{{TAG:0002:0002:}}{{TAG:0000:0002:6400}}'Cause they don't!{{TAG:0007:0000:1E000000}} Give 'em a rest!
{{TAG:0003:0000:}}Enough{{TAG:0007:0000:08000000}} is enough. {{TAG:0007:0000:1E000000}}{{TAG:0002:0008:}}I'm all outta get-
up-and-go juice.{{TAG:0007:0000:14000000}} You can hit the
road, pal. Scram already.
{{TAG:0000:0002:9600}}{{TAG:0000:0002:6400}}Just show a little dignity{{TAG:0007:0000:08000000}}
{{TAG:0002:0002:}}and stop resettin'!","
{{TAG:0007:000C:}}{{TAG:000D:0000:01CD}}{{TAG:0002:0007:}}{{TAG:0000:0002:C800}}¡UAAARRG!{{TAG:0007:0009:3C000000}}{{TAG:0000:0002:6400}}{{TAG:0000:0004:}}{{TAG:0000:0002:C800}}{{TAG:0000:0002:6400}}
{{TAG:0007:000C:}}{{TAG:000D:0000:01CD}}{{TAG:0002:0007:}}{{TAG:0000:0002:C800}}¡NO PUEDE SER!{{TAG:0000:0002:C800}}{{TAG:0007:0009:3C000000}}{{TAG:0000:0002:6400}}{{TAG:0000:0004:}}{{TAG:0000:0002:C800}}{{TAG:0000:0002:C800}}
{{TAG:0007:000C:}}{{TAG:000D:0000:01CD}}{{TAG:0002:0007:}}""¡TIC-TIC-TIC!""{{TAG:0000:0002:C800}}{{TAG:0007:0009:14000000}}{{TAG:0000:0002:6400}}{{TAG:0000:0004:}}{{TAG:0000:0002:C800}}{{TAG:0000:0002:C800}}
{{TAG:0007:000C:}}{{TAG:000D:0000:01CD}}{{TAG:0002:0007:}}""¡TIC-TIC-TIC!""{{TAG:0000:0002:C800}}{{TAG:0007:0009:28000000}}{{TAG:0000:0002:6400}}{{TAG:0000:0004:}}{{TAG:0000:0002:C800}}{{TAG:0000:0002:C800}}
{{TAG:0007:000C:}}{{TAG:000D:0000:01CD}}{{TAG:0002:0007:}}¡MI CABEZA!{{TAG:0000:0002:C800}}{{TAG:0007:0009:28000000}}{{TAG:0000:0002:6400}}{{TAG:0000:0004:}}{{TAG:0000:0002:C800}}{{TAG:0000:0002:C800}}
{{TAG:0000:0002:6400}}{{TAG:0002:0001:}}{{TAG:0000:0002:9600}}¡¿Qué te han hecho los
pobres botones?!{{TAG:0000:0002:C800}}{{TAG:0007:0009:28000000}}{{TAG:0000:0002:9600}}{{TAG:0000:0002:6400}}{{TAG:0000:0004:}}{{TAG:0000:0002:9600}}Alguien ha reseteado,
¡y no he sido yo!{{TAG:0000:0002:6400}}{{TAG:0000:0002:C800}}{{TAG:0007:0009:28000000}}{{TAG:0000:0002:6400}}{{TAG:0000:0004:}}{{TAG:0000:0002:9600}}{{TAG:0000:0002:6400}}{{TAG:0002:0002:}}¡Ya van {{TAG:0004:0008:0000}} veces que lo haces!
¿Sabes cuántas veces son esas?{{TAG:0007:0000:08000000}}
¡Muchísimas! ¡Demasiadas!{{TAG:0000:0004:}}{{TAG:0002:0008:}}{{TAG:000D:0000:00CD}}¿Quieres que te salga un callo en
el dedo?{{TAG:0007:0000:1E000000}} {{TAG:0002:0002:}}¡Te va a quedar horrible!{{TAG:0000:0004:}}{{TAG:0003:0000:}}Basta,{{TAG:0007:0000:08000000}} por favor. {{TAG:0007:0000:1E000000}}{{TAG:0002:0008:}}Yo desaparezco
ya de aquí.{{TAG:0007:0000:14000000}} Lárgate tú también si
quieres.{{TAG:0000:0002:9600}}{{TAG:0000:0002:6400}}{{TAG:0007:0000:08000000}} {{TAG:0002:0002:}}¡Pero no resetees más!","
{{TAG:0007:000C:}}{{TAG:000D:0000:01CD}}{{TAG:0002:0007:}}{{TAG:0000:0002:C800}}RAAAH !{{TAG:0007:0009:3C000000}}{{TAG:0000:0002:6400}}{{TAG:0000:0004:}}{{TAG:0000:0002:C800}}{{TAG:0000:0002:6400}}
{{TAG:0007:000C:}}{{TAG:000D:0000:01CD}}{{TAG:0002:0007:}}{{TAG:0000:0002:C800}}C'EST TROOOP !{{TAG:0000:0002:C800}}{{TAG:0007:0009:3C000000}}{{TAG:0000:0002:6400}}{{TAG:0000:0004:}}{{TAG:0000:0002:C800}}{{TAG:0000:0002:C800}}
{{TAG:0007:000C:}}{{TAG:000D:0000:01CD}}{{TAG:0002:0007:}}TAP TAP TAP !{{TAG:0000:0002:C800}}{{TAG:0007:0009:14000000}}{{TAG:0000:0002:6400}}{{TAG:0000:0004:}}{{TAG:0000:0002:C800}}{{TAG:0000:0002:C800}}
{{TAG:0007:000C:}}{{TAG:000D:0000:01CD}}{{TAG:0002:0007:}}TAP TAP TAP !{{TAG:0000:0002:C800}}{{TAG:0007:0009:28000000}}{{TAG:0000:0002:6400}}{{TAG:0000:0004:}}{{TAG:0000:0002:C800}}{{TAG:0000:0002:C800}}
{{TAG:0007:000C:}}{{TAG:000D:0000:01CD}}{{TAG:0002:0007:}}MIGRAINE !{{TAG:0000:0002:C800}}{{TAG:0007:0009:28000000}}{{TAG:0000:0002:6400}}{{TAG:0000:0004:}}{{TAG:0000:0002:C800}}{{TAG:0000:0002:C800}}
{{TAG:0000:0002:6400}}{{TAG:0002:0001:}}{{TAG:0000:0002:9600}}Ils te démangent ces
boutons ?!{{TAG:0000:0002:C800}}{{TAG:0007:0009:28000000}}{{TAG:0000:0002:9600}}{{TAG:0000:0002:6400}}{{TAG:0000:0004:}}{{TAG:0000:0002:9600}}À cause de toi, je vieillis
de dix ans en dix jours !{{TAG:0000:0002:6400}}{{TAG:0000:0002:C800}}{{TAG:0007:0009:28000000}}{{TAG:0000:0002:6400}}{{TAG:0000:0004:}}{{TAG:0000:0002:9600}}{{TAG:0000:0002:6400}}{{TAG:0002:0002:}}Tu as appuyé dessus {{TAG:0004:0008:0000}} fois.
C'est {{TAG:0000:0002:6400}}{{TAG:0004:0008:0000}} fois de trop {{TAG:0000:0002:6400}}! Si tu as
la bougeotte,{{TAG:0000:0002:6400}}{{TAG:0007:0000:08000000}}{{TAG:0000:0002:6400}} fais du sport !
{{TAG:0002:0008:}}{{TAG:000D:0000:00CD}}Tu cherches à te muscler les
pouces ?!{{TAG:0007:0000:10000000}} Parce qu'à ce train-là,
{{TAG:0000:0002:6400}}{{TAG:0002:0002:}}{{TAG:0000:0002:6400}}tu risques surtout le surmenage !
{{TAG:0003:0000:}}Assez...{{TAG:0007:0000:08000000}} Assez. {{TAG:0007:0000:1E000000}}{{TAG:0002:0008:}}Mon médecin m'a
interdit de te revoir.{{TAG:0007:0000:14000000}} Tu vois ce que
tu me fais faire ? Allez, file.
Et s'il te plaît,{{TAG:0000:0002:9600}}{{TAG:0000:0002:6400}}{{TAG:0007:0000:08000000}} aie pitié de moi et
{{TAG:0002:0002:}}ARRÊTE DE RÉINITIALISER !","
{{TAG:0007:000C:}}{{TAG:000D:0000:01CD}}{{TAG:0002:0007:}}{{TAG:0000:0002:C800}}ARRRGH!{{TAG:0007:0009:3C000000}}{{TAG:0000:0002:6400}}{{TAG:0000:0004:}}{{TAG:0000:0002:C800}}{{TAG:0000:0002:6400}}
{{TAG:0007:000C:}}{{TAG:000D:0000:01CD}}{{TAG:0002:0007:}}{{TAG:0000:0002:C800}}{{TAG:0000:0002:C800}}NON NE POSSO{{TAG:0000:0002:C800}}{{TAG:0000:0002:C800}}{{TAG:0007:0009:3C000000}}{{TAG:0000:0002:6400}}{{TAG:0000:0004:}}{{TAG:0000:0002:C800}}{{TAG:0000:0002:C800}}
{{TAG:0007:000C:}}{{TAG:000D:0000:01CD}}{{TAG:0002:0007:}}{{TAG:0000:0002:C800}}PIÙ DI SENTIRTI{{TAG:0000:0002:C800}}{{TAG:0000:0002:C800}}{{TAG:0007:0009:14000000}}{{TAG:0000:0002:6400}}{{TAG:0000:0004:}}{{TAG:0000:0002:C800}}{{TAG:0000:0002:C800}}
{{TAG:0007:000C:}}{{TAG:000D:0000:01CD}}{{TAG:0002:0007:}}{{TAG:0000:0002:C800}}PREMERE{{TAG:0000:0002:C800}}{{TAG:0000:0002:C800}}{{TAG:0007:0009:28000000}}{{TAG:0000:0002:6400}}{{TAG:0000:0004:}}{{TAG:0000:0002:C800}}{{TAG:0000:0002:C800}}
{{TAG:0007:000C:}}{{TAG:000D:0000:01CD}}{{TAG:0002:0007:}}PULSANTI!{{TAG:0000:0002:C800}}{{TAG:0007:0009:28000000}}{{TAG:0000:0002:6400}}{{TAG:0000:0004:}}{{TAG:0000:0002:C800}}{{TAG:0000:0002:C800}}{{TAG:0000:0002:6400}}{{TAG:0002:0001:}}{{TAG:0000:0002:9600}}Ma che ti prende?
La vuoi smettere?!{{TAG:0000:0002:C800}}{{TAG:0007:0009:28000000}}{{TAG:0000:0002:9600}}{{TAG:0000:0002:6400}}{{TAG:0000:0004:}}{{TAG:0000:0002:9600}}Non voglio più sentir
premere alcun pulsante,
capito?{{TAG:0000:0002:6400}}{{TAG:0000:0002:C800}}{{TAG:0007:0009:28000000}}{{TAG:0000:0002:6400}}{{TAG:0000:0004:}}{{TAG:0000:0002:9600}}{{TAG:0000:0002:6400}}{{TAG:0002:0002:}}L'hai fatto per ben {{TAG:0004:0008:0000}}
volte! Lo sai quante volte sono?!{{TAG:0007:0000:08000000}}
Troppe! Ecco quante sono!{{TAG:0000:0004:}}{{TAG:0002:0008:}}{{TAG:000D:0000:00CD}}Pensi che puoi andare avanti quanto
vuoi, tanto non ti si consumano
i pollici?{{TAG:0007:0000:10000000}} {{TAG:0000:0002:6400}}{{TAG:0002:0002:}}Beh, smettila, capito?{{TAG:0000:0002:6400}}
{{TAG:0003:0000:}}OK,{{TAG:0007:0000:08000000}} adesso basta. {{TAG:0007:0000:1E000000}}{{TAG:0002:0008:}}Sono esausto.{{TAG:0007:0000:14000000}}
Sparisci ora. Ma fammi un piccolo
piacere, però:{{TAG:0000:0002:9600}}{{TAG:0000:0002:6400}}{{TAG:0007:0000:08000000}} {{TAG:0002:0002:}}non resettare più!","
{{TAG:0007:000C:}}{{TAG:000D:0000:01CD}}{{TAG:0002:0007:}}{{TAG:0000:0002:C800}}GRAAAH!{{TAG:0000:0002:6400}}{{TAG:0007:0009:3C000000}}{{TAG:0000:0004:}}
{{TAG:0007:000C:}}{{TAG:000D:0000:01CD}}{{TAG:0002:0007:}}{{TAG:0000:0002:C800}}MIR REICHT'S!{{TAG:0000:0002:6400}}{{TAG:0007:0009:3C000000}}{{TAG:0000:0004:}}
{{TAG:0007:000C:}}{{TAG:000D:0000:01CD}}{{TAG:0002:0007:}}{{TAG:0000:0002:B400}}„TIPP TIPP TIPP!“{{TAG:0000:0002:6400}}{{TAG:0007:0009:14000000}}{{TAG:0000:0004:}}
{{TAG:0007:000C:}}{{TAG:000D:0000:01CD}}{{TAG:0002:0007:}}{{TAG:0000:0002:B400}}„TIPP TIPP TIPP!“{{TAG:0000:0002:6400}}{{TAG:0007:0009:28000000}}{{TAG:0000:0004:}}
{{TAG:0007:000C:}}{{TAG:000D:0000:01CD}}{{TAG:0002:0007:}}{{TAG:0000:0002:C800}}MEIN HIRN!{{TAG:0000:0002:6400}}{{TAG:0007:0009:28000000}}{{TAG:0000:0004:}}{{TAG:0002:0001:}}{{TAG:0000:0002:9600}}Was haben die armen
Knöpfe dir denn getan?{{TAG:0000:0002:6400}}{{TAG:0000:0004:}}{{TAG:0002:0002:}}Du hast sie jetzt insgesamt {{TAG:0004:0008:0000}}-mal
malträtiert. {{TAG:0007:0000:14000000}}Und das ist {{TAG:0000:0002:6400}}{{TAG:0004:0008:0000}}-mal zu{{TAG:0000:0002:6400}}
viel!
{{TAG:0002:0008:}}{{TAG:000D:0000:00CD}}Liegt dir deine Gesundheit gar nicht{{TAG:0007:0000:10000000}}
am Herzen?{{TAG:0007:0000:14000000}} {{TAG:0000:0002:6400}}{{TAG:0002:0002:}}{{TAG:0000:0002:6400}}Das kann nämlich nicht
gesund sein!{{TAG:0007:0000:1E000000}} Diese ganze Drückerei!
{{TAG:0003:0000:}}Genug ist genug.{{TAG:0007:0000:1E000000}} {{TAG:0002:0008:}}Gardinenpredigt
beendet, {{TAG:0007:0000:08000000}}du kannst dich vom Acker
machen.
Aber zeig etwas Würde und{{TAG:0002:0002:}} lass das
mit dem Beenden ohne zu speichern!","{{TAG:0007:000C:}}{{TAG:000D:0000:01CD}}{{TAG:0002:0007:}}{{TAG:0000:0002:C800}}GRAAAH!{{TAG:0007:0009:3C000000}}{{TAG:0000:0002:6400}}{{TAG:0000:0004:}}{{TAG:0000:0002:C800}}{{TAG:0000:0002:6400}}
{{TAG:0007:000C:}}{{TAG:000D:0000:01CD}}{{TAG:0002:0007:}}{{TAG:0000:0002:C800}}DAYANAMIYORUM!{{TAG:0000:0002:C800}}{{TAG:0007:0009:3C000000}}{{TAG:0000:0002:6400}}{{TAG:0000:0004:}}{{TAG:0000:0002:C800}}{{TAG:0000:0002:C800}}
{{TAG:0007:000C:}}{{TAG:000D:0000:01CD}}{{TAG:0002:0007:}}""TAK TAK TAK!""{{TAG:0000:0002:C800}}{{TAG:0007:0009:14000000}}{{TAG:0000:0002:6400}}{{TAG:0000:0004:}}{{TAG:0000:0002:C800}}{{TAG:0000:0002:C800}}
{{TAG:0007:000C:}}{{TAG:000D:0000:01CD}}{{TAG:0002:0007:}}""TAK TAK TAK!""{{TAG:0000:0002:C800}}{{TAG:0007:0009:28000000}}{{TAG:0000:0002:6400}}{{TAG:0000:0004:}}{{TAG:0000:0002:C800}}{{TAG:0000:0002:C800}}
{{TAG:0007:000C:}}{{TAG:000D:0000:01CD}}{{TAG:0002:0007:}}BEYNİM... AĞRIYOR!{{TAG:0000:0002:C800}}{{TAG:0007:0009:28000000}}{{TAG:0000:0002:6400}}{{TAG:0000:0004:}}{{TAG:0000:0002:C800}}{{TAG:0000:0002:C800}}
{{TAG:0000:0002:6400}}{{TAG:0002:0001:}}{{TAG:0000:0002:9600}}Tuşlarla derdin ne?!{{TAG:0000:0002:C800}}{{TAG:0007:0009:28000000}}{{TAG:0000:0002:9600}}{{TAG:0000:0002:6400}}{{TAG:0000:0004:}}{{TAG:0000:0002:9600}}Oyunu onlar
sıfırlamadı! SEN yaptın!{{TAG:0000:0002:6400}}{{TAG:0000:0002:C800}}{{TAG:0007:0009:28000000}}{{TAG:0000:0002:6400}}{{TAG:0000:0004:}}{{TAG:0000:0002:9600}}{{TAG:0000:0002:6400}}{{TAG:0002:0002:}}{{TAG:0004:0008:0000}} kez
tuşa basış saydım! Bunun kaç olduğunu
biliyor musun?!{{TAG:0007:0000:08000000}}
{{TAG:0002:0007:}}ÇOK FAZLA!{{TAG:0007:0000:14000000}}{{TAG:0002:0008:}}{{TAG:000D:0000:00CD}}Başparmaklarında
sınırsız basma gücü
mü var sanıyorsun?!{{TAG:0007:0000:10000000}}{{TAG:0000:0002:6400}}{{TAG:0002:0002:}}{{TAG:0000:0002:6400}}Yok işte!{{TAG:0007:0000:1E000000}}
Dinlendir onları!
{{TAG:0003:0000:}}Yeter{{TAG:0007:0000:08000000}} artık.{{TAG:0007:0000:1E000000}}{{TAG:0002:0008:}}Enerjim sıfırlandı.{{TAG:0007:0000:14000000}}
Yolun açık olsun,
dostum. Hadi tüye.{{TAG:0000:0002:9600}}{{TAG:0000:0002:6400}}Biraz onurun
varsa{{TAG:0007:0000:08000000}}{{TAG:0002:0002:}}sıfırlamayı bırak!"
76,077,"{{TAG:0002:0008:}}Oh, yeah,{{TAG:0007:0000:08000000}} one last thing.{{TAG:0000:0004:}}{{TAG:0003:0000:}}A really bad headache is called
a ""migraine,"" {{TAG:0007:0000:08000000}}not a ""mindgrain.""{{TAG:0000:0004:}}{{TAG:0002:0002:}}It's painful, but it ain't some fancy
health food for your noggin!{{TAG:0000:0004:}}{{TAG:000D:0000:00CD}}{{TAG:000D:0004:02CD}}BELIEVE ME; I'D KNOW!{{TAG:000D:0005:}}{{TAG:0000:0004:}}
{{TAG:0003:0000:}}     {{TAG:000D:0009:}}{{TAG:0000:0002:C800}}NOW SCRAM!{{TAG:0000:0002:6400}}{{TAG:000D:000A:}}{{TAG:0007:0009:1E000000}}","{{TAG:0002:0008:}}Ah, un comentario{{TAG:0007:0000:08000000}} antes de irme.{{TAG:0000:0004:}}{{TAG:0003:0000:}}Cuando vayas a la tienda a comprar
pasta de dientes,{{TAG:0007:0000:08000000}} recuerda pedir
""dentífrico"" y no ""dentrífico"".{{TAG:0000:0004:}}{{TAG:0002:0002:}}¡Quizá te parezca lo mismo, pero
hay una pequeña diferencia!{{TAG:0000:0004:}}{{TAG:000D:0000:00CD}}{{TAG:000D:0004:02CD}}¡Créeme! ¡Tu dentadura te lo
agradecerá! ¡Y yo también!{{TAG:000D:0005:}}{{TAG:0000:0004:}}
{{TAG:0003:0000:}}   {{TAG:000D:0009:}}{{TAG:0000:0002:C800}}¡Largo de aquí!{{TAG:0000:0002:6400}}{{TAG:000D:000A:}}{{TAG:0007:0009:1E000000}}","{{TAG:0002:0008:}}Ah ouais,{{TAG:0007:0000:08000000}} encore un truc...{{TAG:0000:0004:}}{{TAG:0003:0000:}}Quand on file, on dit qu'on « prend
la poudre d'escampette ». {{TAG:0007:0000:08000000}}Et non
pas « la poudre des gambettes ».{{TAG:0000:0004:}}{{TAG:0002:0002:}}Crois-moi, j'en ai vu des petits
sacripants détaler en me voyant
arriver !
{{TAG:000D:0000:00CD}}{{TAG:000D:0004:02CD}}ET TU FERAIS BIEN DE FAIRE DE
MÊME !{{TAG:000D:0005:}}{{TAG:0000:0004:}}Alors maintenant...
{{TAG:0003:0000:}}                 {{TAG:000D:0009:}}{{TAG:0000:0002:C800}}FILE !{{TAG:0000:0002:6400}}{{TAG:000D:000A:}}{{TAG:0007:0009:1E000000}}","{{TAG:0002:0008:}}Ah, giusto,{{TAG:0007:0000:08000000}} quasi dimenticavo.{{TAG:0000:0004:}}{{TAG:0003:0000:}}""Ce"" e ""c'è"" sono due cose diverse!{{TAG:0007:0000:08000000}}
Non è che si possono usare
indifferentemente, capito?{{TAG:0000:0004:}}{{TAG:0002:0002:}}Si scrive ""c'è nessuno?"" e ""ce ne
sono molti""! NON si scrive ""ce
nessuno""! Vedi di scriverlo giusto!{{TAG:0000:0004:}}{{TAG:000D:0000:00CD}}{{TAG:000D:0004:02CD}}E VEDI DI NON RESETTARE!{{TAG:000D:0005:}}{{TAG:0000:0004:}}
{{TAG:0003:0000:}} {{TAG:000D:0009:}}{{TAG:0000:0002:C800}}ORA PUSSA VIA!{{TAG:0000:0002:6400}}{{TAG:000D:000A:}}{{TAG:0007:0009:1E000000}}","{{TAG:0002:0008:}}Ach ja, eine Sache noch...{{TAG:0000:0004:}}{{TAG:0003:0000:}}Das könnten sich die Leute auch
mal merken, {{TAG:0007:0000:08000000}}den Unterschied
zwischen „Moräne“ und „Muräne“.
{{TAG:0002:0008:}}Eine Moräne ist das Zeug, was ein
Gletscher so aufsammelt, wenn er
unterwegs ist.
Eine Muräne dagegen ist ein Fisch,
der aussieht wie 'ne Schlange und
den man besser nicht ärgert.
{{TAG:0002:0002:}}{{TAG:000D:0004:02CD}}Zum Beispiel, indem man nicht
speichert!{{TAG:0007:0000:14000000}} Ich sollte hier vielleicht
mal ein Muränenbecken graben...{{TAG:000D:0005:}}{{TAG:0000:0004:}}
{{TAG:0003:0000:}}{{TAG:000D:0009:}}{{TAG:0000:0002:B400}}JETZT ZIEH LEINE!{{TAG:0000:0002:6400}}{{TAG:000D:000A:}}{{TAG:0007:0009:1E000000}}","{{TAG:0002:0008:}}Ha,{{TAG:0007:0000:08000000}} son bir şey.{{TAG:0000:0004:}}{{TAG:0003:0000:}}Çok şiddetli baş
ağrısına ""migren"" denir,{{TAG:0007:0000:08000000}} ""migran"" değil.{{TAG:0000:0004:}}{{TAG:0002:0002:}}
Acıtır ama kafana giren
gizemli bir tahıl değil!{{TAG:0000:0004:}}{{TAG:000D:0000:00CD}}{{TAG:000D:0004:02CD}}İNAN
BANA, BİLİYORUM!{{TAG:000D:0005:}}{{TAG:0000:0004:}}
{{TAG:0003:0000:}}{{TAG:000D:0009:}}{{TAG:0000:0002:C800}}ŞİMDİ TÜY!{{TAG:0000:0002:6400}}{{TAG:000D:000A:}}{{TAG:0007:0009:1E000000}}"
77,078,,,,,,
78,079,,,,,,
79,080,,,,,,
80,081,"{{TAG:0002:0008:}}Really? {{TAG:0007:0000:0F000000}}Batteries?{{TAG:0007:0000:08000000}} They just went
kaput on ya, huh? {{TAG:0007:0000:0F000000}}Mmm{{TAG:0007:0000:08000000}}.{{TAG:0007:0000:08000000}}.{{TAG:0007:0000:08000000}}.{{TAG:0007:0000:08000000}}{{TAG:0000:0004:}}{{TAG:0003:0000:}}Do us both a favor.{{TAG:0007:0000:08000000}} Try to keep
{{TAG:0007:0000:04000000}}'em charged. {{TAG:0007:0000:04000000}}Keep an eye on 'em
at all times, OK?
{{TAG:0002:0008:}}A little request from me to you.{{TAG:0007:0000:1E000000}}
{{TAG:0002:0005:}}Yeah,{{TAG:0007:0000:08000000}} see ya 'round.","{{TAG:0002:0008:}}¿En serio? {{TAG:0007:0000:0F000000}}¿La batería?{{TAG:0007:0000:08000000}} Así que te
la ha vuelto a jugar, ¿no? {{TAG:0007:0000:0F000000}}Hum{{TAG:0007:0000:08000000}}.{{TAG:0007:0000:08000000}}.{{TAG:0007:0000:08000000}}.{{TAG:0007:0000:08000000}}{{TAG:0000:0004:}}{{TAG:0003:0000:}}Pues hazme un favor:{{TAG:0007:0000:08000000}} tenla siempre
cargada{{TAG:0007:0000:04000000}} y así evitaremos disgustos.{{TAG:0007:0000:04000000}}
Vigílala de vez en cuando, ¿vale?
{{TAG:0002:0008:}}Creo que no es mucho pedir.{{TAG:0007:0000:1E000000}}
{{TAG:0002:0005:}}Bueno,{{TAG:0007:0000:08000000}} hasta luego.","{{TAG:0002:0008:}}La batterie ? {{TAG:0007:0000:0F000000}}Vraiment ?{{TAG:0007:0000:08000000}} Elle t'a
{{TAG:000E:0006:0A006C00E20063006800E9000C006C00E20063006800E9006500}} ? {{TAG:0007:0000:0F000000}}Hmm{{TAG:0007:0000:08000000}}.{{TAG:0007:0000:08000000}}.{{TAG:0007:0000:08000000}}.{{TAG:0007:0000:08000000}}{{TAG:0000:0004:}}{{TAG:0003:0000:}}Je vais te croire pour cette fois.{{TAG:0007:0000:08000000}}
{{TAG:0007:0000:04000000}}Mais fais attention, OK ?{{TAG:0007:0000:04000000}} Surveille
ta batterie à l'avenir !
{{TAG:0002:0008:}}C'est juste un petit conseil amical
de ma part.{{TAG:0007:0000:1E000000}} {{TAG:0002:0005:}}Bon,{{TAG:0007:0000:08000000}} à plus.","{{TAG:0002:0008:}}Davvero? {{TAG:0007:0000:0F000000}}La batteria?{{TAG:0007:0000:08000000}}
Ti si è scaricata, così,
mentre giocavi, eh?{{TAG:0007:0000:0F000000}} Mmmh{{TAG:0007:0000:08000000}}.{{TAG:0007:0000:08000000}}.{{TAG:0007:0000:08000000}}.{{TAG:0007:0000:08000000}}{{TAG:0000:0004:}}{{TAG:0003:0000:}}Guarda, fammi un favore.{{TAG:0007:0000:08000000}}
Cerca di non farlo succedere più.{{TAG:0007:0000:04000000}}
Tienila d'occhio, va bene?
{{TAG:0002:0008:}}È un piccolo favore che ti chiedo,
d'accordo?{{TAG:0007:0000:1E000000}} {{TAG:0002:0005:}}Bene,{{TAG:0007:0000:08000000}} ci vediamo.","{{TAG:0002:0008:}}Wirklich? {{TAG:0007:0000:0F000000}}Die Batterie?{{TAG:0007:0000:08000000}} Einfach leer,
was? {{TAG:0007:0000:0F000000}}Mmm{{TAG:0007:0000:08000000}}.{{TAG:0007:0000:08000000}}.{{TAG:0007:0000:08000000}}.{{TAG:0000:0004:}}{{TAG:0003:0000:}}Tu uns beiden einen Gefallen.{{TAG:0007:0000:08000000}} Sorg
dafür, dass sie immer schön geladen
ist, {{TAG:0007:0000:08000000}}in Ordnung?
{{TAG:0002:0008:}}Das kannst du doch für mich tun,
oder?{{TAG:0007:0000:14000000}} {{TAG:0002:0005:}}Na, dann bis irgendwann.","{{TAG:0002:0008:}}Cidden mi?{{TAG:0007:0000:0F000000}}Piller mi?{{TAG:0007:0000:08000000}} Birden
bittiler yani?{{TAG:0007:0000:0F000000}}Hımm{{TAG:0007:0000:08000000}}.{{TAG:0007:0000:08000000}}.{{TAG:0007:0000:08000000}}.{{TAG:0007:0000:08000000}}{{TAG:0000:0004:}}{{TAG:0003:0000:}}
İkimize de iyilik yap.{{TAG:0007:0000:08000000}}{{TAG:0007:0000:04000000}}Şarjlı
tutmaya çalış.{{TAG:0007:0000:04000000}} Her zaman
gözün üzerlerinde olsun, tamam
mı?{{TAG:0002:0008:}}Benden küçük bir rica.{{TAG:0007:0000:1E000000}}
{{TAG:0002:0005:}}Evet,{{TAG:0007:0000:08000000}} görüşürüz."
81,082,"That so? {{TAG:0007:0000:14000000}}Ya really don't remember
a thing? Huh{{TAG:0007:0000:08000000}}.{{TAG:0007:0000:08000000}}.{{TAG:0007:0000:08000000}}.{{TAG:0007:0000:1E000000}}{{TAG:0000:0004:}}{{TAG:0002:0008:}}Well, I got no clues, and I ain't no
detective or nuthin'.{{TAG:0007:0000:0F000000}} Sorry for the
trouble.
{{TAG:0003:0000:}}OK!{{TAG:0007:0000:08000000}} I'm outta here!","No me digas...{{TAG:0007:0000:14000000}} Así que te has
quedado en blanco, ¿no?{{TAG:0007:0000:1E000000}}{{TAG:0000:0004:}}{{TAG:0002:0008:}}Bueno, no es mi trabajo ponerme
a indagar en ese caso.{{TAG:0007:0000:0F000000}} Perdona
si te he molestado.
{{TAG:0003:0000:}}¡Chao!{{TAG:0007:0000:08000000}} ¡Hasta la próxima!","Hein ? {{TAG:0007:0000:14000000}}Tu as un trou noir ? Une
amnésie ? Ah, bien{{TAG:0007:0000:08000000}}.{{TAG:0007:0000:08000000}}.{{TAG:0007:0000:08000000}}.{{TAG:0007:0000:1E000000}}{{TAG:0000:0004:}}{{TAG:0002:0008:}}Écoute, je ne suis pas détective, ni
rien.{{TAG:0007:0000:0F000000}} Alors je ne peux rien dire. Je
vais pas me torturer pour ça.
{{TAG:0003:0000:}}Bon,{{TAG:0007:0000:08000000}} je file !","Ah, è così? {{TAG:0007:0000:14000000}}
Non ricordi niente, eh? Mmmh{{TAG:0007:0000:08000000}}.{{TAG:0007:0000:08000000}}.{{TAG:0007:0000:08000000}}.{{TAG:0007:0000:1E000000}}{{TAG:0000:0004:}}{{TAG:0002:0008:}}Beh, se non lo sai tu, non lo so
nemmeno io.{{TAG:0007:0000:0F000000}} Scusa per il disturbo.
{{TAG:0003:0000:}}OK!{{TAG:0007:0000:08000000}} Ci vediamo!","Wirklich? {{TAG:0007:0000:14000000}}Du weißt gar nix mehr?{{TAG:0007:0000:14000000}}
Na, so was...{{TAG:0000:0004:}}{{TAG:0002:0008:}}Tja, ich bin kein Detektiv, da kann
ich dir nicht helfen.{{TAG:0007:0000:0F000000}} Nix für ungut!{{TAG:0000:0004:}}{{TAG:0003:0000:}}Ich bin dann mal weg!","Öyle mi?{{TAG:0007:0000:14000000}}Gerçekten hiçbir şey
hatırlamıyor musun? Hı{{TAG:0007:0000:08000000}}.{{TAG:0007:0000:08000000}}.{{TAG:0007:0000:08000000}}.{{TAG:0007:0000:1E000000}}{{TAG:0000:0004:}}{{TAG:0002:0008:}}
Benim ipucum yok, dedektif de
değilim.{{TAG:0007:0000:0F000000}} Rahatsız ettim, kusura
bakma.{{TAG:0003:0000:}}Tamam!{{TAG:0007:0000:08000000}} Ben gidiyorum!"
82,083,,,,,,
83,084,,,,,,
84,085,,,,,,
