entry,label,EN,ES,FR,IT,DE,TRANSLATION
0,001,"Currently out of service
for maintenance.","Fuera de servicio
por mantenimiento.","Hors service pour cause
de maintenance.","Fuori servizio
causa manutenzione.","Derzeit aufgrund von
Reparaturarbeiten außer Betrieb.","Bakım nedeniyle şu anda
kullanım dışı."
1,002,"Welcome!{{TAG:0007:0000:14000000}} Please select from
the following options:{{TAG:000D:0008:00CD}}{{TAG:000F:0007:0000000000000000}}
Repay loan.
Deposit.
Withdrawal.
Cancel.","¡Bienvenid{{TAG:000E:0006:02006F0002006100}}!
¿Qué operación deseas realizar?{{TAG:000D:0008:00CD}}{{TAG:000F:0007:0000000000000000}}
Pagar deuda
Ingresar bayas
Retirar bayas
Cancelar","Bienvenue !{{TAG:0007:0000:14000000}}
Sélectionne une option.{{TAG:000D:0008:00CD}}{{TAG:000F:0007:0000000000000000}}
Remboursement du prêt.
Dépôt.
Retrait.
Annuler.","Benvenut{{TAG:000E:0006:02006F0002006100}}!{{TAG:0007:0000:14000000}}
Seleziona una delle seguenti opzioni:{{TAG:000D:0008:00CD}}{{TAG:000F:0007:0000000000000000}}
Restituisci il prestito
Deposita
Preleva
Esci","Willkommen!{{TAG:0007:0000:14000000}}
Bitte wähle eine der folgenden
Optionen:{{TAG:000D:0008:00CD}}{{TAG:000F:0007:0000000000000000}}
Kreditrückzahlung
Einzahlung
Auszahlung
Abbrechen","Hoş geldin!{{TAG:0007:0000:14000000}} Lütfen bir seçenek
seç:{{TAG:000D:0008:00CD}}{{TAG:000F:0007:0000000000000000}}
Borç öde.
Para yatır.
Para çek.
İptal."
2,003,"Welcome!{{TAG:0007:0000:14000000}} Please select from
the following options:{{TAG:000D:0008:00CD}}{{TAG:000F:0006:000000000000}}
Deposit.
Withdrawal.
Cancel.","¡Bienvenid{{TAG:000E:0006:02006F0002006100}}!
¿Qué operación deseas realizar?{{TAG:000D:0008:00CD}}{{TAG:000F:0006:000000000000}}
Ingresar bayas
Retirar bayas
Cancelar","Bienvenue !{{TAG:0007:0000:14000000}}
Sélectionne une option.{{TAG:000D:0008:00CD}}{{TAG:000F:0006:000000000000}}
Dépôt.
Retrait.
Annuler.","Benvenut{{TAG:000E:0006:02006F0002006100}}!{{TAG:0007:0000:14000000}}
Seleziona una delle seguenti opzioni:{{TAG:000D:0008:00CD}}{{TAG:000F:0006:000000000000}}
Deposita
Preleva
Esci","Willkommen!{{TAG:0007:0000:14000000}}
Bitte wähle eine der folgenden
Optionen:{{TAG:000D:0008:00CD}}{{TAG:000F:0006:000000000000}}
Einzahlung
Auszahlung
Abbrechen","Hoş geldin!{{TAG:0007:0000:14000000}} Lütfen bir seçenek
seç:{{TAG:000D:0008:00CD}}{{TAG:000F:0006:000000000000}}
Para yatır.
Para çek.
İptal."
3,004,"Your current balance is
{{TAG:0000:0003:0200}}{{TAG:0004:000C:0000}} {{TAG:0000:0003:0200}}{{TAG:000E:0009:00CD0A00420065006C006C0073000800420065006C006C000A00420065006C006C007300}}{{TAG:0000:0003:0200}}{{TAG:0000:0003:FFFF}}.","Deuda pendiente:
{{TAG:0000:0003:0200}}{{TAG:0004:000C:0000}} {{TAG:0000:0003:0200}}{{TAG:000E:0009:00CD0A0062006100790061007300080062006100790061000A0062006100790061007300}}{{TAG:0000:0003:0200}}{{TAG:0000:0003:FFFF}}.","Il te reste encore {{TAG:0000:0003:0200}}{{TAG:0004:000C:0000}}
{{TAG:0000:0003:0200}}{{TAG:000E:0009:00CD120063006C006F00630068006500740074006500120063006C006F00630068006500740074006500140063006C006F006300680065007400740065007300}}{{TAG:0000:0003:0200}}{{TAG:0000:0003:FFFF}} à rembourser.","Il tuo saldo ammonta a
{{TAG:0000:0003:0200}}{{TAG:0004:000C:0000}} {{TAG:000E:0009:00CD10007300740065006C006C0069006E00650010007300740065006C006C0069006E00610010007300740065006C006C0069006E006500}}{{TAG:0000:0003:FFFF}}.","Derzeit beläuft sich dein Kredit auf
{{TAG:0000:0003:0200}}{{TAG:0004:000C:0000}} {{TAG:000E:0009:00CD0E0053007400650072006E00690073000C0053007400650072006E0069000E0053007400650072006E0069007300}}{{TAG:0000:0003:FFFF}}.","Mevcut bakiyen:
{{TAG:0000:0003:0200}}{{TAG:0004:000C:0000}} {{TAG:0000:0003:0200}}{{TAG:000E:0009:00CD0A00420065006C006C0073000800420065006C006C000A00420065006C006C007300}}{{TAG:0000:0003:0200}}{{TAG:0000:0003:FFFF}}."
4,005,"All loans on this account
have been paid in full.","
No tienes deudas pendientes.","Le prêt lié à ce compte a
été remboursé en totalité.","Non vi sono più prestiti
da restituire.","Dieses Konto ist derzeit nicht
mit einem Kredit belastet.","Bu hesaba ait tüm borçlar
tamamen ödendi."
5,006,"
Thank you, and have a nice day!","
¡Gracias por tu visita!","
Merci et bonne journée !","
Grazie mille e buona giornata!",Vielen Dank und auf Wiedersehen!,"Teşekkürler, iyi günler!"
6,007,"Bell limit has been reached.
No more money can be
deposited to this account.","Has alcanzado el límite de bayas.
No puedes realizar más ingresos.","Le solde maximal a été atteint.
Impossible de déposer plus de
clochettes sur ce compte.","Hai raggiunto il limite massimo
di stelline. Non puoi depositare
altro denaro su questo conto.","Auf dieses Konto können keine
Sternis mehr eingezahlt werden.","Bell sınırına ulaşıldı.
Bu hesaba daha fazla para yatırılamaz."
7,008,"Your current balance is
{{TAG:0000:0003:0200}}{{TAG:0004:0012:}} {{TAG:0000:0003:0200}}{{TAG:000E:0009:00CD0A00420065006C006C0073000800420065006C006C000A00420065006C006C007300}}{{TAG:0000:0003:0200}}{{TAG:0000:0003:FFFF}}.","Saldo:
{{TAG:0000:0003:0200}}{{TAG:0004:0012:}} {{TAG:0000:0003:0200}}{{TAG:000E:0009:00CD0A0062006100790061007300080062006100790061000A0062006100790061007300}}{{TAG:0000:0003:0200}}{{TAG:0000:0003:FFFF}}.","Ton solde actuel est de
{{TAG:0000:0003:0200}}{{TAG:0000:0003:0200}}{{TAG:0004:0012:}}{{TAG:0000:0003:0200}} {{TAG:0000:0003:0200}}{{TAG:000E:0009:00CD120063006C006F00630068006500740074006500120063006C006F00630068006500740074006500140063006C006F006300680065007400740065007300}}{{TAG:0000:0003:0200}}{{TAG:0000:0003:FFFF}}.","Il tuo saldo attuale ammonta a
{{TAG:0000:0003:0200}}{{TAG:0004:0012:}} {{TAG:000E:0009:00CD10007300740065006C006C0069006E00650010007300740065006C006C0069006E00610010007300740065006C006C0069006E006500}}{{TAG:0000:0003:FFFF}}.","Dein aktueller Kontostand beträgt {{TAG:0007:0000:0A000000}}
{{TAG:0000:0003:0200}}{{TAG:0004:0012:}} {{TAG:000E:0009:00CD0E0053007400650072006E00690073000C0053007400650072006E0069000E0053007400650072006E0069007300}}{{TAG:0000:0003:FFFF}}.","Mevcut bakiyen:
{{TAG:0000:0003:0200}}{{TAG:0004:0012:}} {{TAG:0000:0003:0200}}{{TAG:000E:0009:00CD0A00420065006C006C0073000800420065006C006C000A00420065006C006C007300}}{{TAG:0000:0003:0200}}{{TAG:0000:0003:FFFF}}."
8,009,"The balance of your account
is currently zero.","
Tu saldo actual es cero.",Ton solde actuel est de zéro.,"
Il tuo saldo attuale è di zero stelline.","Es befinden sich keine Sternis
auf deinem Konto.",Hesap bakiyen şu anda sıfır.
9,010,"No deposits have been 
made to your account.","
Tu cuenta no tiene fondos.","Aucun dépôt n'a été fait
sur ton compte.","Non hai effettuato nessun
versamento sul tuo conto.","Es wurden keine Einzahlungen auf
dein Konto vorgenommen.",Hesabına henüz para yatırılmamış.
10,011,"Please use Touch
Screen controls.","
Usa la pantalla táctil, por favor.","Merci d'utiliser les commandes
de l'écran tactile.","Usa i comandi sul
touch screen.","Bitte verwende den Touchscreen
zur Eingabe.",Lütfen Dokunmatik Ekranı kullan.
11,013,"Favorite phrase: 
 ""Every face tells a story.""
","Lema:
""Las caras cuentan historias"".","Devise :
« Chaque visage raconte
une histoire. »","Frase preferita: 
 ""Ogni volto racconta una storia.""","Lieblingsspruch:
Jedes Gesicht erzählt
eine Geschichte.","En sevdiği söz:
""Her yüzün bir hikâyesi vardır."""
12,014,"Favorite phrase: 
 ""Hippity-hoppity wish-wash-whoa!""","Lema:
""Tres tristes tigres"".","Devise :
« Yoppeula boinguili
boinguedi oh ! »","Frase preferita: 
 ""La biscia striscia sull'asse liscia.""","Lieblingsspruch:
Das ist kein Reißverschluss!","En sevdiği söz:
""Hopla zıpla, gönlünce yaşa!"""
13,015,"Favorite phrase: 
 ""Sometimes haste makes waste!""","Lema:
""Sin prisa pero sin pausa"".","Devise :
« Renne ne sert de courir,
il faut partir à point. »","Frase preferita: 
 ""Chi fa in fretta fa due volte!""","Lieblingsspruch:
Ich bin ein frohes kleines Rentier!","En sevdiği söz:
""Bazen acele işe şeytan karışır!"""
14,016,"Favorite phrase:
 ""Earthquakes, thunder,
  fires, and fathers.""","Lema:
""Más vale prevenir que curar"".","Devise :
« Enfer et réinitialisation ! »","Frase preferita:
 ""Meglio prevenire che curare.""","Lieblingsspruch:
Speicherst du, ist alles paletti.
Wenn aber nicht, holt dich Resetti!","En sevdiği söz:
""Deprem, gök gürültüsü, yangın
ve baba."""
15,017,"Favorite phrase:
 ""Jasmine oil on a mole's head.""","Lema:
""La paciencia es una virtud"".","Devise :
« Le calme est le frère
de toutes les vertus. »","Frase preferita:
 ""Qui si fa la barba all'asino.""","Lieblingsspruch:
Ruhig Blut tut gut.","En sevdiği söz:
""Köstebeğin başına yasemin yağı."""
16,018,"Favorite phrase:
 ""Life is short and time is swift.""","Lema:
""No valoras lo que tienes
hasta que lo pierdes"".","Devise :
« La vie est courte,
et le monde si vaste. »","Frase preferita:
 ""Finché c'è vita, c'è speranza.""","Lieblingsspruch:
Ich bin klein, die Welt ist groß!","En sevdiği söz:
""Hayat kısa, zaman hızlı."""
17,019,"Favorite phrase:
 ""Nothing shredded, nothing gained.""","Lema:
""Quien no arriesga no gana"".","Devise :
« Ma musique a besoin de liberté ! »","Frase preferita:
 ""Chi non risica, non rosica.""","Lieblingsspruch:
Immer locker bleiben.","En sevdiği söz:
""Rende yoksa kazanç da yok."""
18,021,"
{{TAG:0000:0003:0200}}{{TAG:000E:0003:}}{{TAG:0011:0003:0000}}{{TAG:0000:0003:FFFF}}.","
{{TAG:0000:0003:0200}}{{TAG:000E:0003:}}{{TAG:0011:0003:0000}}{{TAG:0000:0003:FFFF}}.","
{{TAG:0000:0003:0200}}{{TAG:000E:0003:}}{{TAG:0011:0003:0000}}{{TAG:0000:0003:FFFF}}.","
{{TAG:0000:0003:0200}}{{TAG:000E:0003:}}{{TAG:0011:0003:0000}}{{TAG:0000:0003:FFFF}}","
{{TAG:0000:0003:0200}}{{TAG:000E:0003:}}{{TAG:0011:0003:0000}}{{TAG:0000:0003:FFFF}}.",{{TAG:0000:0003:0200}}{{TAG:000E:0003:}}{{TAG:0011:0003:0000}}{{TAG:0000:0003:FFFF}}.
19,022,"{{TAG:000E:0003:}}{{TAG:000E:0002:}}{{TAG:0000:0003:0200}}{{TAG:0011:0003:0100}}
{{TAG:0000:0003:FFFF}}is displayed on top of
{{TAG:000E:0002:}}{{TAG:0000:0003:0200}}{{TAG:0011:0003:0000}}{{TAG:0000:0003:FFFF}}.","Hay {{TAG:0000:0003:0200}}{{TAG:000E:0002:}}{{TAG:0011:0003:0100}}{{TAG:0000:0003:FFFF}}
encima de
{{TAG:0000:0003:0200}}{{TAG:000E:0002:}}{{TAG:0011:0003:0000}}{{TAG:0000:0003:FFFF}}.","{{TAG:0000:0003:0200}}{{TAG:000E:0003:}}{{TAG:0011:0003:0100}}
{{TAG:0000:0003:FFFF}}sur {{TAG:0000:0003:0200}}{{TAG:0011:0003:0000}}{{TAG:0000:0003:FFFF}}.","C'è {{TAG:000E:0002:}}{{TAG:0011:0003:0100}}
che fa bella mostra di sé sopra
{{TAG:000E:0002:}}{{TAG:0011:0003:0000}}.","Da ist {{TAG:000E:0002:}}
{{TAG:0000:0003:0200}}{{TAG:0011:0003:0100}} {{TAG:0000:0003:FFFF}}auf
{{TAG:000E:0008:00CD0A00650069006E0065006D000A00650069006E00650072000A00650069006E0065006D00}} {{TAG:0000:0003:0200}}{{TAG:0011:0003:0000}}{{TAG:0000:0003:FFFF}}.","{{TAG:000E:0003:}}{{TAG:000E:0002:}}{{TAG:0000:0003:0200}}{{TAG:0011:0003:0100}}
{{TAG:0000:0003:FFFF}}, {{TAG:000E:0002:}}{{TAG:0000:0003:0200}}{{TAG:0011:0003:0000}}{{TAG:0000:0003:FFFF}} üzerinde sergileniyor."
20,023,"{{TAG:0000:0003:0200}}{{TAG:000E:0003:}}{{TAG:0011:0003:0100}}{{TAG:0000:0003:FFFF}}
is currently playing from
the {{TAG:0000:0003:0200}}{{TAG:0011:0003:0000}}{{TAG:0000:0003:FFFF}}.","Suena la canción
{{TAG:0000:0003:0200}}{{TAG:0011:0003:0100}}{{TAG:0000:0003:FFFF}}
en {{TAG:000E:0001:}}{{TAG:0000:0003:0200}}{{TAG:0011:0003:0000}}{{TAG:0000:0003:FFFF}}.","{{TAG:0000:0003:0200}}{{TAG:000E:0003:}}{{TAG:0011:0003:0000}}{{TAG:0000:0003:FFFF}}
diffusant {{TAG:0000:0003:0200}}{{TAG:0011:0003:0100}}{{TAG:0000:0003:FFFF}}.","Oh, {{TAG:000E:0002:}}{{TAG:0000:0003:0200}}{{TAG:0011:0003:0000}}{{TAG:0000:0003:FFFF}}!
E questo dovrebbe essere
il brano {{TAG:0000:0003:0200}}{{TAG:0011:0003:0100}}{{TAG:0000:0003:FFFF}}!","Aus {{TAG:000E:0008:00CD0600640065006D0006006400650072000600640065006D00}} {{TAG:0000:0003:0200}}{{TAG:0011:0003:0000}}
{{TAG:0000:0003:FFFF}}erklingt das Lied
{{TAG:0000:0003:0200}}{{TAG:0011:0003:0100}}{{TAG:0000:0003:FFFF}}.","{{TAG:0000:0003:0200}}{{TAG:000E:0003:}}{{TAG:0011:0003:0100}}{{TAG:0000:0003:FFFF}}
şu anda {{TAG:0000:0003:0200}}{{TAG:0011:0003:0000}}{{TAG:0000:0003:FFFF}} üzerinden çalıyor."
21,024,,,,,,
22,025,,,,,,
23,026,,,,,,
24,027,,,,,,
25,028,,,,,,
26,029,"～Timmy & Tommy's
Department-Store Floor Guide～{{TAG:0000:0004:}}Top Floor : GracieGrace
2F : Home Decorating
1F : Daily Necessities & Gardening","～Galerías T&N～{{TAG:0000:0004:}}2.ª planta: La divina Graciela.
1.ª planta: Decoración del hogar.
Planta baja: Utensilios y Jardinería.","
～ Plan des Galeries Mélimélo ～{{TAG:0000:0004:}}2étage : Galeries Carla.
1 étage : Espace maison.
RdC : Vie quotidienne et jardinage.","～Magazzini Marco e Mirco～{{TAG:0000:0004:}}2ºP: Griffe di Griffa
1ºP: Arredamento
PT: Articoli vari e giardinaggio","～Nook & Nooks Einkaufswelt～
Parterre: Gebrauchsgüter & Garten{{TAG:0000:0004:}}1. Stock: Inneneinrichtung
2. Stock: Grazias Grazie","～Timmy ve Tommy
Kat Rehberi～{{TAG:0000:0004:}}Üst Kat: GracieGrace
2. Kat: Ev Dekorasyonu
1. Kat: Günlük İhtiyaç ve Bahçe"
27,031,"
...Weird!{{TAG:0007:0000:14000000}} There's nothing inside...","
¡Anda! No hay nada...","
... Bizarre !{{TAG:0007:0000:14000000}} C'est vide...",Che strano...{{TAG:0007:0000:14000000}} È vuoto...,"Wie seltsam...{{TAG:0007:0000:0A000000}}
Da ist ja gar nichts drin.",...Tuhaf!{{TAG:0007:0000:14000000}} İçinde hiçbir şey yok...
28,032,"
Items Pick-Up Box{{TAG:0000:0004:}}Items checked in on the island
can be picked up here.{{TAG:0000:0004:}}When the basket is full, no more
items can be checked in from
the island.{{TAG:0000:0004:}}Please collect items right away
to avoid item overflow.","
Cesto de recogida{{TAG:0000:0004:}}Aquí puedes recoger los objetos
que has metido en el cesto de
guardado de la isla.{{TAG:0000:0004:}}Si lo llenas, no podrás guardar
nada más cuando estés en la isla.{{TAG:0000:0004:}}Acuérdate de recoger tus objetos
siempre que vuelvas de un viaje
para evitar que se llene.","
- Panier -{{TAG:0000:0004:}}Les objets déposés dans le panier
de l'île peuvent être récupérés ici.{{TAG:0000:0004:}}Lorsqu'il est plein, aucun autre
objet ne peut y être placé.{{TAG:0000:0004:}}Merci de récupérer les
objets au plus vite pour
éviter ce désagrément.","
Cesto ritiro oggetti{{TAG:0000:0004:}}Qui puoi ritirare gli oggetti
depositati nel cesto sull'isola.{{TAG:0000:0004:}}Quando il cesto è pieno, non
potrai depositare altri oggetti.{{TAG:0000:0004:}}Quando torni in città, ricordati
di ritirare i tuoi oggetti per evitare
che si riempia.","
Abholkiste{{TAG:0000:0004:}}Hier wird sämtliches Gepäck, das
am Ausflugschalter abgegeben
wurde, aufbewahrt.
Auf der Insel kann kein Gepäck
abgegeben werden, wenn die
Abholkiste voll ist.
Daher solltest du deine Sachen
schnell mitnehmen, um Platzmangel
zu vermeiden.","Eşya Teslim Alma Kutusu{{TAG:0000:0004:}}Adada
teslim ettiğin eşyaları buradan
alabilirsin.{{TAG:0000:0004:}}Kutu dolarsa adadan
yeni eşya gönderilemez.{{TAG:0000:0004:}}Taşmayı
önlemek için eşyalarını
geciktirmeden al."
29,033,"
Items Pick-Up Box{{TAG:0000:0004:}}Make sure to collect your things
as soon as possible.","
Cesto de recogida{{TAG:0000:0004:}}Acuérdate de recoger
tus cosas cuanto antes.","
- Panier -{{TAG:0000:0004:}}Merci de récupérer les
objets au plus vite pour
éviter tout désagrément.","
Cesto ritiro oggetti{{TAG:0000:0004:}}Ricordati di ritirare i tuoi oggetti
il prima possibile.","
Abholkiste{{TAG:0000:0004:}}Du solltest deine Sachen so bald
wie möglich wieder mitnehmen.","Eşya Teslim Alma
Kutusu{{TAG:0000:0004:}}Eşyalarını en kısa sürede
almayı unutma."
30,034,"
Items Drop-Off Box {{TAG:0000:0004:}}Items checked in here will be
delivered to town upon your return.{{TAG:0000:0004:}}These items can be found in a box
at the town boat dock, so collect
them from there after returning.","
Cesto de guardado{{TAG:0000:0004:}}Los objetos que metas aquí
dentro se enviarán de vuelta
al pueblo cuando te marches.{{TAG:0000:0004:}}Podrás recogerlos al llegar allí
en el cesto que verás en el muelle,
junto al bote.","
- Panier -{{TAG:0000:0004:}}Les objets déposés ici peuvent être
récupérés en ville à ton retour, dans
le panier placé sur le ponton.","
Cesto deposito oggetti{{TAG:0000:0004:}}Gli oggetti che depositi qui
saranno inviati in città appena
parti.{{TAG:0000:0004:}}Potrai poi ritirarli dal cesto
ritiro oggetti sul molo.","
Depotkiste{{TAG:0000:0004:}}Hier abgegebene Gegenstände
werden bei deiner Rückreise in
die Stadt mitgenommen.{{TAG:0000:0004:}}Dort werden sie in einer Kiste am
Bootsanlegeplatz gelagert.{{TAG:0000:0004:}}Hole deine Sachen nach deiner
Rückkehr dort wieder ab.","Eşya Gönderme Kutusu{{TAG:0000:0004:}}Buraya
bıraktığın eşyalar dönüşünde
kasabana gönderilir.{{TAG:0000:0004:}}Kasabadaki
tekne iskelesinde bulunan
kutudan teslim alabilirsin."
31,035,"
Items Drop-Off Box{{TAG:0000:0004:}}Please deposit any island items
you would like to take home.","
Cesto de guardado{{TAG:0000:0004:}}Guarda aquí los objetos que
quieras llevarte de vuelta
al pueblo.","
- Panier -{{TAG:0000:0004:}}Dépose ici tous les objets
que tu souhaites récupérer
à ton retour en ville.","
Cesto deposito oggetti{{TAG:0000:0004:}}Deposita qui tutti gli oggetti
dell'isola che vuoi portare a casa.","
Depotkiste{{TAG:0000:0004:}}Bitte gib hier die Gegenstände ab,
die du bei deiner Rückreise in die
Stadt mitnehmen willst.","Eşya Gönderme Kutusu{{TAG:0000:0004:}}Eve götürmek
istediğin ada eşyalarını buraya bırak."
32,036,"
.{{TAG:0007:0000:05000000}}.{{TAG:0007:0000:05000000}}.{{TAG:0007:0000:05000000}}Huh?{{TAG:0007:0000:14000000}} It's locked and won't open.","¿Eh?
No se abre.",".{{TAG:0007:0000:05000000}}.{{TAG:0007:0000:05000000}}.{{TAG:0007:0000:05000000}} Hein ?{{TAG:0007:0000:14000000}} C'est fermé à clé.
Impossible de l'ouvrir.",".{{TAG:0007:0000:05000000}}.{{TAG:0007:0000:05000000}}.{{TAG:0007:0000:05000000}} Eh?{{TAG:0007:0000:14000000}}
È chiuso... Non riesco ad aprirlo.","Seltsam...{{TAG:0007:0000:0A000000}}
Die Kiste ist abgeschlossen
und lässt sich nicht öffnen.",".{{TAG:0007:0000:05000000}}.{{TAG:0007:0000:05000000}}.{{TAG:0007:0000:05000000}}Ha?{{TAG:0007:0000:14000000}} Kilitli, açılmıyor."
33,037,,,,,,
34,038,,,,,,
35,039,,,,,,
36,041,"
It can't be used right now...","Huy...
Parece que ahora no funciona.","... Oh ?{{TAG:0007:0000:14000000}}
Ça a l'air hors service...","Eh?{{TAG:0007:0000:14000000}}
Non credo di poterla usare ora.","Nanu?{{TAG:0007:0000:0A000000}}
Sieht aus, als könnte ich das
jetzt nicht verwenden.",Şu anda kullanılamıyor...
37,042,"
Take an ID photo for {{TAG:0000:0003:0200}}500 Bells{{TAG:0000:0003:FFFF}}?{{TAG:000D:0008:02CD}}{{TAG:000F:0005:00000000}}
Take it!
Forget it.","¿Quieres sacarte una foto de carné
por {{TAG:0000:0003:0200}}500 bayas{{TAG:0000:0003:FFFF}}? {{TAG:000D:0008:02CD}}{{TAG:000F:0005:00000000}}
¡Sí!
Ahora no","Prendre une photo d'identité
pour {{TAG:0000:0003:0200}}500 clochettes {{TAG:0000:0003:FFFF}}? {{TAG:000D:0008:02CD}}{{TAG:000F:0005:00000000}}
OK !
Non merci.","Vuoi farti una foto formato tessera
per {{TAG:0000:0003:0200}}500 stelline{{TAG:0000:0003:FFFF}}? {{TAG:000D:0008:02CD}}{{TAG:000F:0005:00000000}}
Certo!
Non ci penso proprio.","Foto aufnehmen für {{TAG:0000:0003:0200}}500 Sternis{{TAG:0000:0003:FFFF}}? {{TAG:000D:0008:02CD}}{{TAG:000F:0005:00000000}}
Aufnehmen!
Lieber nicht.","{{TAG:0000:0003:0200}}500 Bell{{TAG:0000:0003:FFFF}} karşılığında kimlik
fotoğrafı çekilsin mi?{{TAG:000D:0008:02CD}}{{TAG:000F:0005:00000000}}
Çekilsin!
Boş ver."
38,043,"
I don't have enough Bells.","No tengo suficientes bayas para
la foto. Quizá en otro momento.","Tu n'as pas assez de clochettes
sur toi... La prochaine fois !","Non ho abbastanza stelline per la
foto. Sarà per la prossima volta!","Ich würde gern ein Foto aufnehmen
lassen, aber ich habe nicht genug
Sternis. {{TAG:0007:0000:0A000000}}Vielleicht nächstes Mal!",Yeterli Bell'im yok.
39,044,"
{{TAG:0007:0004:}}Ready{{TAG:0007:0000:0F000000}}.{{TAG:0007:0000:0F000000}}.{{TAG:0007:0000:0F000000}}.{{TAG:0007:0000:0F000000}}cheese!{{TAG:0007:0005:}}{{TAG:0007:0008:3C000000}}","
{{TAG:0007:0004:}}Di{{TAG:0007:0000:0F000000}}.{{TAG:0007:0000:0F000000}}.{{TAG:0007:0000:0F000000}}.{{TAG:0007:0000:0F000000}} ¡patataaa!{{TAG:0007:0005:}}{{TAG:0007:0008:3C000000}}","
{{TAG:0007:0004:}}Attention{{TAG:0007:0000:0F000000}}.{{TAG:0007:0000:0F000000}}.{{TAG:0007:0000:0F000000}}.{{TAG:0007:0000:0F000000}} Ouistiti !{{TAG:0007:0005:}}{{TAG:0007:0008:3C000000}}","
{{TAG:0007:0004:}}Pront{{TAG:000E:0006:02006F0002006100}}? {{TAG:0007:0000:0F000000}}.{{TAG:0007:0000:0F000000}}.{{TAG:0007:0000:0F000000}}.{{TAG:0007:0000:0F000000}} Sorridi!{{TAG:0007:0005:}}{{TAG:0007:0008:3C000000}}","
{{TAG:0007:0004:}}Auf die Plätze,{{TAG:0007:0000:0F000000}} fertig, {{TAG:0007:0000:0F000000}}lächeln!{{TAG:0007:0005:}}{{TAG:0007:0008:3C000000}}",{{TAG:0007:0004:}}Hazır{{TAG:0007:0000:0F000000}}.{{TAG:0007:0000:0F000000}}.{{TAG:0007:0000:0F000000}}.{{TAG:0007:0000:0F000000}}gülümse!{{TAG:0007:0005:}}{{TAG:0007:0008:3C000000}}
40,045,,,,,,
41,046,,,,,,
42,047,,,,,,
43,048,,,,,,
44,049,,,,,,
45,051,"How should the mannequin
be changed?","¿Qué quieres hacer
con el maniquí?","Que souhaites-tu faire
avec le mannequin ?","... Cosa ci faccio con questo
manichino?","Was möchtest du mit dem
Mannequin tun?",Manken nasıl değiştirilsin?
46,052,,,,,,
47,053,"The mannequin isn't wearing enough
clothing right now, so you can't
change outfits with it!","
¡El maniquí no lleva ropa suficiente!","Le mannequin ne porte
aucun vêtement.","Il manichino non indossa una tenuta
completa, perciò non puoi
scambiare i tuoi abiti con i suoi!","Dieses Mannequin trägt kein
vollständiges Kleidungsset, das
du mit ihm tauschen könntest.","Mankende yeterince kıyafet yok;
onunla kıyafet değiştiremezsin!"
48,054,,,,,,
49,055,,,,,,
50,056,"
Will you stick with those shoes?{{TAG:000F:0000:00000000}}
Yep, I'm good!
No, I'll change 'em.","
¿Y qué haces con tus zapatos?{{TAG:000F:0000:00000000}}
Me los quedo
¡Al maniquí!","
... Tu gardes ces chaussures ?{{TAG:000F:0000:00000000}}
Oui !
Non, je change !","
Vuoi tenere le scarpe?{{TAG:000F:0000:00000000}}
Sì! 
No!","
Was ist mit deinen Schuhen?{{TAG:000F:0000:00000000}}
Anbehalten!
Dem Mannequin geben!","Bu ayakkabılarla devam edecek misin?{{TAG:000F:0000:00000000}}
Evet, böyle iyi!
Hayır, değiştireceğim."
51,057,"
Will you stick with those socks?{{TAG:000F:0000:00000000}}
Yep, I'm good!
No, I'll change 'em.","
¿Y qué haces con tus calcetines?{{TAG:000F:0000:00000000}}
Me los quedo
¡Al maniquí!","
... Tu gardes ces chaussettes ?{{TAG:000F:0000:00000000}}
Oui !
Non, je change !","
Vuoi tenere i calzini?{{TAG:000F:0000:00000000}}
Sì! 
No!","
Was ist mit deinen Socken?{{TAG:000F:0000:00000000}}
Anbehalten!
Dem Mannequin geben!","Bu çoraplarla devam edecek misin?{{TAG:000F:0000:00000000}}
Evet, böyle iyi!
Hayır, değiştireceğim."
52,058,"Your pockets are too full to swap
those items!","No tienes espacio en los bolsillos,
así que no puedes hacer el cambio.","Tu n'as pas assez de place
dans ton inventaire pour
un échange !","Hai le tasche piene
e non puoi scambiare nulla!","In deinen Taschen ist nicht
genügend Platz für alles, was
das Mannequin trägt.","Ceplerin dolu; bu eşyaları
takas edemezsin!"
53,059,"
What will you remove?","
¿Qué quieres quitarle?","
Que veux-tu enlever ?","
Cosa vuoi rimuovere?","
Was soll das Mannequin ablegen?",Neyi çıkaracaksın?
54,060,"Your pockets are full, so you
can't remove anything from it.","No tienes espacio en los bolsillos
para guardar lo que quites.","Ton inventaire est plein, tu
ne peux rien lui enlever.","Hai le tasche piene
e non puoi rimuovere nulla.","In deinen Taschen ist nicht
genügend Platz, daher kann
das Mannequin nichts ablegen.","Ceplerin dolu; içinden hiçbir
şey çıkaramazsın."
55,061,,,,,,
56,063,"Thanks to everyone,{{TAG:0007:0000:0A000000}} we've reached
our goal of {{TAG:0000:0003:0200}}{{TAG:0004:000C:0000}} Bells {{TAG:0000:0003:FFFF}}for the
{{TAG:0011:0006:0000}}!
Please look forward to its eventual
completion!","¡Gracias a la colaboración de todos,
hemos alcanzado nuestro objetivo
de {{TAG:0000:0003:0200}}{{TAG:0004:000C:0000}} bayas{{TAG:0000:0003:FFFF}}!
¡El proyecto estará terminado
muy pronto!","Grâce à la générosité de tous les
habitants,{{TAG:0007:0000:0A000000}} les {{TAG:0000:0003:0200}}{{TAG:0004:000C:0000}} clochettes{{TAG:0000:0003:FFFF}}
nécessaires ont pu être collectées.
{{TAG:000E:0003:}}{{TAG:000E:0001:}}{{TAG:0011:0006:0000}}
va pouvoir voir le jour !{{TAG:0000:0004:}}Vivement que les
travaux soient terminés !","Grazie al vostro aiuto,{{TAG:0007:0000:0A000000}} abbiamo
raccolto ben {{TAG:0000:0003:0200}}{{TAG:0004:000C:0000}} stelline
{{TAG:0000:0003:FFFF}}per {{TAG:000E:0002:}}{{TAG:0011:0006:0000}}!
Aspettiamo trepidanti il suo
completamento!","Das Ziel dieser Spendenaktion
war {{TAG:000E:0002:}}{{TAG:0011:0006:0000}}.{{TAG:0007:0000:14000000}}
Wir benötigten {{TAG:0000:0003:0200}}{{TAG:0004:000C:0000}} Sternis{{TAG:0000:0003:FFFF}}...
Dank Ihrer Hilfe wurde dieses Ziel
erreicht!{{TAG:0007:0000:14000000}} Nun warten wir gespannt
auf die Fertigstellung.","Herkesin desteğiyle{{TAG:0007:0000:0A000000}} gereken
{{TAG:0000:0003:0200}}{{TAG:0004:000C:0000}} Bell {{TAG:0000:0003:FFFF}}hedefine ulaştık:
{{TAG:0011:0006:0000}}!
Tamamlanmasını sabırsızlıkla bekleyin!"
57,064,"This is the planned construction site
for the {{TAG:0011:0006:0000}}!","Este será el futuro emplazamiento
de{{TAG:000E:0008:00CD02006C00060020006C0061000000}} {{TAG:0011:0006:0000}}.","{{TAG:000E:0003:}}{{TAG:000E:0002:}}{{TAG:0011:0006:0000}}
devrait être construit{{TAG:000E:0008:00CD00000200650002003000}} à cet
endroit prochainement !","Qui sorgerà
{{TAG:000E:0001:}}{{TAG:0011:0006:0000}}!","Hier soll einmal {{TAG:000E:0002:}}
{{TAG:0011:0006:0000}} stehen!","Burası {{TAG:0011:0006:0000}} için planlanan
inşaat alanı!"
58,065,"This is the planned construction site
for the {{TAG:0011:0006:0000}}!","Este será el futuro emplazamiento
de{{TAG:000E:0008:00CD02006C00060020006C0061000000}} {{TAG:0011:0006:0000}}.","{{TAG:000E:0003:}}{{TAG:000E:0002:}}{{TAG:0011:0006:0000}}
devrait être placé{{TAG:000E:0008:00CD00000200650002003000}} à cet
endroit prochainement !","Qui sorgerà
{{TAG:000E:0001:}}{{TAG:0011:0006:0000}}!","Hier soll einmal {{TAG:000E:0002:}}
{{TAG:0011:0006:0000}} stehen!","Burası {{TAG:0011:0006:0000}} için planlanan
inşaat alanı!"
59,066,Good morning!,¡Buenos{{TAG:0007:0000:05000000}} días!,Bonjour !,Buongiorno!,Guten Morgen!,Günaydın!
60,067,Good{{TAG:0007:0000:05000000}} afternoon!,¡Buenas{{TAG:0007:0000:05000000}} tardes!,Bonjour !,Buongiorno!,Guten Tag!,İyi{{TAG:0007:0000:05000000}} günler!
61,068,Good {{TAG:0007:0000:05000000}}evening!,¡Buenas{{TAG:0007:0000:05000000}} noches!,Bonsoir !,Buonasera!,Guten Abend!,İyi {{TAG:0007:0000:05000000}}akşamlar!
62,069,"Thanks for stopping by so
late at night!","No recibo muchas visitas
a estas horas.",Merci pour cette visite tardive !,"Grazie per essere passat{{TAG:000E:0006:02006F0002006100}}
a quest'ora!","Herzlichen Dank, dass Sie noch zu
so später Stunde erscheinen!","Bu kadar geç saatte uğradığın
için sağ ol!"
63,070,"Please refrain from donating
during dreams!{{TAG:0000:0004:}}Real-world donations are
certainly welcome, though!","Lamento comunicarle que no
acepto donativos en los sueños.{{TAG:0000:0004:}}¡En el mundo real, sin embargo,
son más que bienvenidos!","Les dons oniriques ne
nous intéressent pas.{{TAG:0000:0004:}}En revanche, n'hésitez pas
à vous montrer {{TAG:000E:0006:10006700E9006E00E900720065007500780012006700E9006E00E90072006500750073006500}}
une fois réveillé{{TAG:000E:0006:000002006500}} !","Si dovrebbe evitare di effettuare
donazioni mentre si dorme...{{TAG:0000:0004:}}... ma si possono benissimo fare
da svegli!","Während eines Traums können Sie
bedauerlicherweise nichts spenden.{{TAG:0000:0004:}}Nach dem Aufwachen sind Ihre
Spenden aber jederzeit willkommen!","Rüya görürken bağış yapmayın!{{TAG:0000:0004:}}
Gerçek dünyadaki bağışlara ise
her zaman açığız!"
64,071,"Hey, contribute to a campaign to
fund {{TAG:000E:0002:}}{{TAG:0011:0006:0000}}!","¿Quiere contribuir al proyecto
de{{TAG:000E:0008:00CD02006C00060020006C0061000000}} {{TAG:0011:0006:0000}}?","Dites, accepteriez-vous de nous
aider à réunir les fonds pour bâtir
{{TAG:000E:0002:}}{{TAG:0011:0006:0000}} ?","Sostieni anche tu la nostra
campagna per finanziare
{{TAG:000E:0002:}}{{TAG:0011:0006:0000}}!","Spenden Sie,{{TAG:0007:0000:08000000}} spenden Sie,{{TAG:0007:0000:08000000}} auf dass
hier {{TAG:000E:0008:00CD0600650069006E000800650069006E0065000600650069006E00}} {{TAG:0011:0006:0000}}
entstehen kann!",{{TAG:000E:0002:}}{{TAG:0011:0006:0000}} için bağış kampanyasına destek ol!
65,072,"Hey, contribute to a campaign to
fund {{TAG:000E:0002:}}{{TAG:0007:0000:0A000000}}{{TAG:0011:0006:0000}}!","¿Quiere contribuir al proyecto
de{{TAG:000E:0008:00CD02006C00060020006C0061000000}} {{TAG:0011:0006:0000}}?","Dites, accepteriez-vous de nous
aider à réunir les fonds pour bâtir
{{TAG:000E:0002:}}{{TAG:0011:0006:0000}} ?","Sostieni anche tu la nostra
campagna per finanziare
{{TAG:000E:0002:}}{{TAG:0007:0000:0A000000}}{{TAG:0011:0006:0000}}!","Spenden Sie,{{TAG:0007:0000:08000000}} spenden Sie!{{TAG:0007:0000:08000000}}
{{TAG:000E:0008:00CD1600450069006E002000730063006800F6006E00650072001600450069006E0065002000730063006800F6006E0065001600450069006E002000730063006800F6006E0065007300}} {{TAG:0011:0006:0000}}
für {{TAG:0005:0005:}}!",{{TAG:000E:0002:}}{{TAG:0007:0000:0A000000}}{{TAG:0011:0006:0000}} için bağış kampanyasına destek ol!
66,073,"Our target fund is {{TAG:0000:0003:0200}}{{TAG:0004:000C:0000}} Bells{{TAG:0000:0003:FFFF}}.{{TAG:0007:0000:0A000000}}
We've collected {{TAG:0000:0003:0200}}{{TAG:0004:000C:0100}} {{TAG:0000:0003:0200}}{{TAG:000E:0009:01CD0A00420065006C006C0073000800420065006C006C000A00420065006C006C007300}}{{TAG:0000:0003:0200}}{{TAG:0000:0003:FFFF}}
so far.
We're only {{TAG:0000:0003:0200}}{{TAG:0004:000C:0200}} {{TAG:0000:0003:0200}}{{TAG:000E:0009:02CD0A00420065006C006C0073000800420065006C006C000A00420065006C006C007300}}{{TAG:0000:0003:0200}} {{TAG:0000:0003:FFFF}}away
from our target.{{TAG:0007:0000:0A000000}} Even 1 Bell will
help—we ask for your cooperation!{{TAG:000F:0005:00000000}}
I'll cooperate!
Next time.","Por ahora hemos recaudado
{{TAG:0000:0003:0200}}{{TAG:0004:000C:0100}} {{TAG:000E:0009:01CD0A0062006100790061007300080062006100790061000A0062006100790061007300}} {{TAG:0000:0003:FFFF}}de un total
de {{TAG:0000:0003:0200}}{{TAG:0004:000C:0000}}{{TAG:0000:0003:FFFF}}.{{TAG:0000:0004:}}Solo nos {{TAG:000E:0009:02CD0C00660061006C00740061006E000A00660061006C00740061000C00660061006C00740061006E00}} {{TAG:0000:0003:0200}}{{TAG:0004:000C:0200}} {{TAG:0000:0003:0200}}{{TAG:000E:0009:02CD0A0062006100790061007300080062006100790061000A0062006100790061007300}}{{TAG:0000:0003:0200}}{{TAG:0000:0003:FFFF}}
para alcanzar nuestro objetivo.{{TAG:0000:0004:}}¡Cualquier contribución es de
agradecer, aunque solo sea de
una baya!{{TAG:000F:0005:00000000}}
Haré un donativo
Ahora no","Notre objectif est de collecter
{{TAG:0000:0003:0200}}{{TAG:0004:000C:0000}} {{TAG:0000:0003:0200}}{{TAG:000E:0009:00CD120063006C006F00630068006500740074006500120063006C006F00630068006500740074006500140063006C006F006300680065007400740065007300}}{{TAG:0000:0003:0200}}{{TAG:0000:0003:FFFF}}.{{TAG:0000:0004:}}Pour l'instant, nous en sommes
à {{TAG:0000:0003:0200}}{{TAG:0004:000C:0100}} {{TAG:0000:0003:0200}}{{TAG:000E:0009:01CD120063006C006F00630068006500740074006500120063006C006F00630068006500740074006500140063006C006F006300680065007400740065007300}}{{TAG:0000:0003:0200}}{{TAG:0000:0003:FFFF}}.{{TAG:0000:0004:}}Il nous reste donc à trouver
{{TAG:0000:0003:0200}}{{TAG:0004:000C:0200}} {{TAG:0000:0003:0200}}{{TAG:0000:0003:0200}}{{TAG:000E:0009:02CD120063006C006F00630068006500740074006500120063006C006F00630068006500740074006500140063006C006F006300680065007400740065007300}}{{TAG:0000:0003:0200}}{{TAG:0000:0003:0200}}{{TAG:0000:0003:FFFF}}.{{TAG:0000:0004:}}Toute aide est la bienvenue,
alors n'hésitez pas à donner
ne serait-ce qu'une clochette !{{TAG:000F:0005:00000000}}
D'accord !
Une autre fois.","Il nostro obiettivo è di raccogliere
{{TAG:0000:0003:0200}}{{TAG:0004:000C:0000}} {{TAG:000E:0009:00CD10007300740065006C006C0069006E00650010007300740065006C006C0069006E00610010007300740065006C006C0069006E006500}}{{TAG:0000:0003:FFFF}}. Finora abbiamo
raccolto{{TAG:0007:0000:0A000000}} {{TAG:0000:0003:0200}}{{TAG:0004:000C:0100}} {{TAG:000E:0009:01CD10007300740065006C006C0069006E00650010007300740065006C006C0069006E00610010007300740065006C006C0069006E006500}}{{TAG:0000:0003:FFFF}}.
Ancora {{TAG:0000:0003:0200}}{{TAG:0004:000C:0200}} {{TAG:000E:0009:02CD10007300740065006C006C0069006E00650010007300740065006C006C0069006E00610010007300740065006C006C0069006E006500}}
{{TAG:0000:0003:FFFF}}ed è fatta!{{TAG:0007:0000:0A000000}} Ogni singola donazione
è importante. Aiutaci anche tu!{{TAG:000F:0005:00000000}}
Certo!
No, ora no.","Wir benötigen insgesamt
{{TAG:0000:0003:0200}}{{TAG:0004:000C:0000}} Sternis{{TAG:0000:0003:FFFF}}.{{TAG:0000:0004:}}Bisher haben wir {{TAG:000E:0009:01CD0C006C00650069006400650072001400670061006E007A002000670065006E0061007500120069006E00730067006500730061006D007400}}
{{TAG:0000:0003:0200}}{{TAG:0004:000C:0100}} {{TAG:000E:0009:01CD0E0053007400650072006E00690073000C0053007400650072006E0069000E0053007400650072006E0069007300}} {{TAG:0000:0003:FFFF}}gesammelt.{{TAG:0000:0004:}}In unserer Bilanz {{TAG:000E:0009:02CD0C006600650068006C0065006E000A006600650068006C0074000C006600650068006C0065006E00}} also
noch {{TAG:0000:0003:0200}}{{TAG:0004:000C:0200}} {{TAG:000E:0009:02CD0E0053007400650072006E00690073000C0053007400650072006E0069000E0053007400650072006E0069007300}}{{TAG:0000:0003:FFFF}}.{{TAG:0000:0004:}}Bitte spenden Sie!{{TAG:0007:0000:14000000}}
Jeder Sterni ist willkommen!{{TAG:000F:0005:00000000}}
Ich bin dabei!
Das nächste Mal.","Hedefimiz {{TAG:0000:0003:0200}}{{TAG:0004:000C:0000}} Bell{{TAG:0000:0003:FFFF}}.{{TAG:0007:0000:0A000000}}
Şu ana kadar {{TAG:0000:0003:0200}}{{TAG:0004:000C:0100}} {{TAG:0000:0003:0200}}{{TAG:000E:0009:01CD0A00420065006C006C0073000800420065006C006C000A00420065006C006C007300}}{{TAG:0000:0003:0200}}{{TAG:0000:0003:FFFF}} toplandı.
Hedefe yalnızca {{TAG:0000:0003:0200}}{{TAG:0004:000C:0200}} {{TAG:0000:0003:0200}}{{TAG:000E:0009:02CD0A00420065006C006C0073000800420065006C006C000A00420065006C006C007300}}{{TAG:0000:0003:0200}} {{TAG:0000:0003:FFFF}} kaldı.{{TAG:0007:0000:0A000000}}
1 Bell bile yardımcı olur;
desteğini bekliyoruz!{{TAG:000F:0005:00000000}}
Bağış yaparım!
Bir dahaki sefere."
67,074,"Thanks to our kind donors, the
fundraising target of {{TAG:0000:0003:0200}}{{TAG:0004:000C:0000}}
Bells {{TAG:0000:0003:FFFF}}has been reached!
Please look forward to the
project's completion!","¡Gracias a los donativos, hemos
conseguido las {{TAG:0000:0003:0200}}{{TAG:0004:000C:0000}} bayas{{TAG:0000:0003:FFFF}}
necesarias para el proyecto!
¡Muy pronto estará terminado!","Grâce à nos généreux donateurs,
l'objectif de {{TAG:0000:0003:0200}}{{TAG:0004:000C:0000}} clochettes
{{TAG:0000:0003:FFFF}}a été atteint !
Vous pourrez bientôt
admirer le résultat !","Grazie alle donazioni, abbiamo
raccolto {{TAG:0000:0003:0200}}{{TAG:0004:000C:0000}} stelline{{TAG:0000:0003:FFFF}}!{{TAG:0000:0004:}}Che i lavori abbiano inizio!","Dank all der großzügigen Spenden
konnten wir unser Spendenziel von
{{TAG:0000:0003:0200}}{{TAG:0004:000C:0000}} Sternis {{TAG:0000:0003:FFFF}}erreichen!
Bitte gedulden Sie sich noch etwas,
bis das Projekt fertiggestellt ist.","Cömert bağışçılarımız sayesinde
{{TAG:0000:0003:0200}}{{TAG:0004:000C:0000}} Bell{{TAG:0000:0003:FFFF}} hedefine ulaştık!
Projenin tamamlanmasını
sabırsızlıkla bekleyin!"
68,075,"Well then, we look forward to
your cooperation next time!","Como desee.{{TAG:0007:0000:14000000}} ¡Esperamos poder
contar con su apoyo en otra
ocasión!","Entendu, nous nous réjouissons
à l'avance de votre contribution !","Contiamo sul tuo aiuto
anche in futuro!","Wir zählen auf Ihre zukünftige
Unterstützung!{{TAG:0007:0000:14000000}} Vielen Dank!","O hâlde bir dahaki sefere
desteğini bekleriz!"
69,076,"We look forward to your
cooperation next time!","Como desee.{{TAG:0007:0000:14000000}} ¡Esperamos poder
contar con su apoyo en otra
ocasión!","Nous nous réjouissons à
l'avance de votre contribution !","Nessuna fretta! Contiamo
sul tuo aiuto anche in futuro.","Bedauerlich, bedauerlich.{{TAG:0007:0000:14000000}}
Wir hoffen aber nach wie vor
auf Ihre Unterstützung!",Bir dahaki sefere desteğini bekleriz!
70,077,Thanks for your cooperation!,¡Muchas gracias por su donativo!,Merci pour votre contribution !,Grazie per la tua donazione!,"Vielen Dank für Ihre überaus
geschätzte Mithilfe!",Desteğin için teşekkürler!
71,078,"Thanks to you, the fund-raising
target of {{TAG:0000:0003:0200}}{{TAG:0004:000C:0000}} Bells{{TAG:0000:0003:FFFF}}{{TAG:0007:0000:0A000000}}
has been reached!
Please look forward to
the completed project!","¡Gracias a su generosidad, hemos
conseguido las {{TAG:0000:0003:0200}}{{TAG:0004:000C:0000}} {{TAG:0000:0003:0200}}{{TAG:000E:0009:00CD0A0062006100790061007300080062006100790061000A0062006100790061007300}}{{TAG:0000:0003:0200}}{{TAG:0000:0003:FFFF}}!{{TAG:0000:0004:}}¡El proyecto estará finalizado
muy pronto!","Grâce à vous, notre objectif
de {{TAG:0000:0003:0200}}{{TAG:0004:000C:0000}} clochettes
{{TAG:0000:0003:FFFF}}a été atteint !
Vous pourrez bientôt
admirer le résultat !","Grazie alla tua donazione, abbiamo
raccolto {{TAG:0000:0003:0200}}{{TAG:0004:000C:0000}} stelline{{TAG:0000:0003:FFFF}}!{{TAG:0007:0000:0A000000}}{{TAG:0000:0004:}}Che i lavori abbiano inizio!","Dank Ihrer lobenswerten Hilfe haben
wir hiermit unser Spendenziel von
{{TAG:0000:0003:0200}}{{TAG:0004:000C:0000}} Sternis{{TAG:0000:0003:FFFF}} erreicht!
In Bälde wird dieses Projekt unsere
Stadt verschönern.{{TAG:0007:0000:14000000}} Bitte gedulden
Sie sich noch ein Weilchen!","Sayende {{TAG:0000:0003:0200}}{{TAG:0004:000C:0000}} Bell{{TAG:0000:0003:FFFF}}{{TAG:0007:0000:0A000000}} bağış hedefine ulaştık!
Projenin tamamlanmasını
sabırsızlıkla bekleyin!"
72,079,"I'm sorry to inform you, but
fund-raising has been canceled for
the {{TAG:0011:0006:0000}}.
Thank you anyway for your support!","Siento comunicarle que el proyecto
de{{TAG:000E:0008:00CD02006C00060020006C0061000000}} {{TAG:0011:0006:0000}}
ha sido cancelado.
¡Gracias de todas formas
por su apoyo!","La collecte de fonds pour
{{TAG:000E:0001:}}{{TAG:0011:0006:0000}}
a malheureusement été annulée.
Merci néanmoins pour votre
soutien !","La raccolta fondi per costruire
{{TAG:000E:0001:}}{{TAG:0011:0006:0000}} è
stata annullata.
Grazie per il tuo aiuto!","Hier in {{TAG:0005:0005:}} sollte {{TAG:000E:0008:00CD0600650069006E000800650069006E0065000600650069006E00}}
{{TAG:0011:0006:0000}} entstehen.{{TAG:0000:0004:}}Doch die Spendenaktion wurde
abgebrochen.{{TAG:0007:0000:14000000}} Wir bedanken uns
dennoch für Ihre Unterstützung!","Üzgünüz, {{TAG:0011:0006:0000}} için bağış kampanyası
iptal edildi.
Yine de desteğin için teşekkürler!"
73,081,"{{TAG:0011:0003:0000}}
is currently playing.
","Está sonando la canción
{{TAG:0011:0003:0000}}.","Morceau en cours de diffusion :
{{TAG:0011:0003:0000}}.","Stai ascoltando la canzone:
""{{TAG:0011:0003:0000}}"".","Es läuft gerade
{{TAG:0011:0003:0000}}.","{{TAG:0011:0003:0000}}
şu anda çalıyor."
74,082,"
No music is playing.","
No suena nada.","Aucun morceau n'est
diffusé actuellement.",Nessuna musica.,"
Ich höre überhaupt nichts.",Şu anda müzik çalmıyor.
75,083,,,,,,
76,084,,,,,,
77,085,,,,,,
78,086,,,,,,
79,087,,,,,,
80,088,,,,,,
81,089,,,,,,
82,091,"Shopping with the store catalog
is only available for customers
who live in this town.","El servicio de compra por
catálogo solo está disponible
para los residentes de este pueblo.","Le catalogue est uniquement
accessible aux clients résidant
dans cette ville. ","Solo i clienti che vivono in questa
città possono fare acquisti
tramite catalogo. ","Der Einkaufskatalog steht nur
Kunden zur Verfügung, die in
dieser Stadt wohnen.","Mağaza kataloğundan alışveriş
yalnızca bu kasabada yaşayan müşterilere açıktır."
83,092,"
Welcome!{{TAG:0007:0000:14000000}}{{TAG:0000:0004:}}Please enjoy the
Timmy & Tommy
shopping catalog!","¡Bienvenid{{TAG:000E:0006:02006F0002006100}} al servicio de
compra por catálogo de
Tendo y Nendo!{{TAG:0007:0000:14000000}}","Bienvenue dans le catalogue
des magasins Mélimélo !","Benvenut{{TAG:000E:0006:02006F0002006100}}!{{TAG:0007:0000:14000000}}{{TAG:0000:0004:}}Dai un'occhiata al catalogo acquisti
di Marco e Mirco!","Willkommen!{{TAG:0007:0000:14000000}} Viel Spaß mit dem 
Nook-&-Nook-Einkaufskatalog!","Hoş geldin!{{TAG:0007:0000:14000000}}{{TAG:0000:0004:}}Timmy ve Tommy
alışveriş kataloğunun tadını çıkar!"
84,093,"Thanks for using the
Timmy & Tommy
shopping catalog!","¡Gracias por utilizar
nuestro servicio!","Merci d'avoir utilisé le catalogue
des magasins Mélimélo !","Grazie per aver utilizzato 
il catalogo acquisti
di Marco e Mirco!","Vielen Dank für die Verwendung des
Nook-&-Nook-Einkaufskatalogs.","Timmy ve Tommy alışveriş
kataloğunu kullandığın için teşekkürler!"
85,094,"Thank you for using the store
catalog.{{TAG:0007:0000:14000000}} Purchased items will
be mailed to your home.","Muchas gracias por la compra.{{TAG:0007:0000:14000000}}
Te la enviaremos directamente
a casa.","Merci d'avoir utilisé le catalogue.{{TAG:0007:0000:0F000000}}
Les articles commandés seront
livrés à ton domicile.","Grazie per aver usato il catalogo
del negozio.{{TAG:0007:0000:14000000}} Gli oggetti acquistati
saranno recapitati a casa.","Vielen Dank für die Verwendung des
Nook-&-Nook-Einkaufskatalogs.{{TAG:0000:0004:}}Bestellte Artikel bekommen
unsere Kunden mit der Post
nach Hause geliefert.","Mağaza kataloğunu kullandığın
için teşekkürler.{{TAG:0007:0000:14000000}}
Satın aldığın eşyalar evine postalanacak."
86,095,,,,,,
87,096,,,,,,
88,097,,,,,,
89,098,,,,,,
90,099,,,,,,
91,101,"
{{TAG:000E:0004:}}{{TAG:0005:0005:}} Museum Exhibit Guide","Guía de exposiciones
del museo de {{TAG:000E:0003:}}{{TAG:0005:0005:}}.","
～ Plan du musée {{TAG:000E:000A:0600640065002000040064002700}}{{TAG:0005:0005:}} ～","Guida alle mostre del museo
di {{TAG:0005:0005:}}","Museum von {{TAG:0005:0005:}}
Ausstellungsstücke",{{TAG:000E:0004:}}{{TAG:0005:0005:}} Müze Sergi Rehberi
92,102,"
{{TAG:000E:0004:}}{{TAG:0005:0005:}} Museum Exhibit Guide{{TAG:000F:0006:000000000000}}
Check 1F exhibits.
Check 2F exhibits.
Cancel.","Guía de exposiciones
del museo de {{TAG:000E:0003:}}{{TAG:0005:0005:}}.{{TAG:000F:0006:000000000000}}
Planta baja
1.ª planta
Salir","
～ Plan du musée {{TAG:000E:000A:0600640065002000040064002700}}{{TAG:0005:0005:}} ～{{TAG:000F:0006:000000000000}}
Expos du RdC.
Expos du 1 étage.
Annuler.","Guida alle mostre del museo
di {{TAG:0005:0005:}}{{TAG:000F:0006:000000000000}}
Mostre PT
Mostre 1ºP
Esci","Museum von {{TAG:0005:0005:}}
Ausstellungsstücke{{TAG:000F:0006:000000000000}}
Erdgeschoss
Obergeschoss
Genug gesehen!","{{TAG:000E:0004:}}{{TAG:0005:0005:}} Müze Sergi Rehberi{{TAG:000F:0006:000000000000}}
1. kat sergilerine bak.
2. kat sergilerine bak.
İptal."
93,103,,,,,,
94,104,"There are currently no exhibits on
2F. Please see the 2F staff if you'd
like to set up an exhibit.","Actualmente no hay ninguna
exposición en la primera planta.{{TAG:0000:0004:}}Si quieres montar una exposición,
habla con la encargada de esa
planta.","Il n'y a actuellement aucune
exposition au 1 étage.{{TAG:0000:0004:}}Adresse-toi au personnel du
1 étage si tu souhaites en
organiser une.","Al momento non ci sono mostre
al 1ºP. Parla con il personale
addetto per organizzarne una.","Im Obergeschoss gibt es aktuell
keine Ausstellungen.{{TAG:0000:0004:}}Wende dich an das Museums-
personal im Obergeschoss, wenn
du etwas ausstellen möchtest.","Şu anda 2. katta sergi yok.
Sergi açmak istersen 2. kat
görevlisine danış."
95,105,"The {{TAG:0012:0007:00CD}} exhibit
is currently on display on the 2F of
the museum!
Please stop by!","Actualmente se exhibe la exposición
{{TAG:0012:0007:00CD}}.
¡No te la pierdas!","On trouve actuellement au 1
étage une exposition intitulée
« {{TAG:0012:0007:00CD}} ».
N'hésite pas à y faire un tour !","Al primo piano, è possibile
visitare la mostra:
""{{TAG:0012:0007:00CD}}"".
Ti aspettiamo!","Derzeit findet im Obergeschoss
die Ausstellung
„{{TAG:0012:0007:00CD}}“ statt.
Schau doch mal vorbei!","{{TAG:0012:0007:00CD}} sergisi şu anda müzenin
2. katında açık!
Mutlaka uğra!"
96,106,"The following exhibits are currently
open on 2F of the museum:{{TAG:0000:0004:}} {{TAG:000E:0003:}}{{TAG:0012:0007:00CD}} exhibit.
 {{TAG:000E:0003:}}{{TAG:0012:0007:01CD}} exhibit.{{TAG:0000:0004:}}Please stop by!","En la primera planta, encontrarás
las exposiciones siguientes:{{TAG:0000:0004:}}Exposición {{TAG:0012:0007:00CD}}
Exposición {{TAG:0012:0007:01CD}}
¡No te las pierdas!","On trouve actuellement au 1
étage les expositions suivantes :{{TAG:0000:0004:}}« {{TAG:0012:0007:00CD}} »
« {{TAG:0012:0007:01CD}} »{{TAG:0000:0004:}}N'hésite pas à y faire un tour !","Al primo piano, è possibile
visitare le seguenti mostre:{{TAG:0000:0004:}} ""{{TAG:0012:0007:00CD}}"".
 ""{{TAG:0012:0007:01CD}}"".{{TAG:0000:0004:}}Ti aspettiamo!","Derzeit finden im Obergeschoss
folgende Ausstellungen statt:{{TAG:0000:0004:}}„{{TAG:0012:0007:00CD}}“
„{{TAG:0012:0007:01CD}}“{{TAG:0000:0004:}}Schau doch mal vorbei!","Müzenin 2. katında şu sergiler
açık:{{TAG:0000:0004:}}
{{TAG:000E:0003:}}{{TAG:0012:0007:00CD}} sergisi.
{{TAG:000E:0003:}}{{TAG:0012:0007:01CD}} sergisi.{{TAG:0000:0004:}}
Mutlaka uğra!"
97,107,"The following exhibits are currently
open on 2F of the museum:{{TAG:0000:0004:}} {{TAG:000E:0003:}}{{TAG:0012:0007:00CD}} exhibit.
 {{TAG:000E:0003:}}{{TAG:0012:0007:01CD}} exhibit.
 {{TAG:000E:0003:}}{{TAG:0012:0007:02CD}} exhibit.
Please stop by!","En la primera planta, encontrarás
las exposiciones siguientes:{{TAG:0000:0004:}}Exposición {{TAG:0012:0007:00CD}}
Exposición {{TAG:0012:0007:01CD}}
Exposición {{TAG:0012:0007:02CD}}
¡No te las pierdas!","On trouve actuellement au 1
étage les expositions suivantes :{{TAG:0000:0004:}}« {{TAG:0012:0007:00CD}} »
« {{TAG:0012:0007:01CD}} »
« {{TAG:0012:0007:02CD}} »
N'hésite pas à y faire un tour !","Al primo piano, è possibile
visitare le seguenti mostre:{{TAG:0000:0004:}} ""{{TAG:0012:0007:00CD}}"".
 ""{{TAG:0012:0007:01CD}}"".
 ""{{TAG:0012:0007:02CD}}"".
Ti aspettiamo!","Derzeit finden im Obergeschoss
folgende Ausstellungen statt:{{TAG:0000:0004:}}„{{TAG:0012:0007:00CD}}“
„{{TAG:0012:0007:01CD}}“
„{{TAG:0012:0007:02CD}}“
Schau doch mal vorbei!","Müzenin 2. katında şu sergiler
açık:{{TAG:0000:0004:}}
{{TAG:000E:0003:}}{{TAG:0012:0007:00CD}} sergisi.
{{TAG:000E:0003:}}{{TAG:0012:0007:01CD}} sergisi.
{{TAG:000E:0003:}}{{TAG:0012:0007:02CD}} sergisi.
Mutlaka uğra!"
98,108,"The following exhibits are currently
open on 2F of the museum:{{TAG:0000:0004:}} {{TAG:000E:0003:}}{{TAG:0012:0007:00CD}} exhibit.
 {{TAG:000E:0003:}}{{TAG:0012:0007:01CD}} exhibit.{{TAG:0000:0004:}} {{TAG:000E:0003:}}{{TAG:0012:0007:02CD}} exhibit.
 {{TAG:000E:0003:}}{{TAG:0012:0007:03CD}} exhibit.{{TAG:0000:0004:}}Please stop by!","En la primera planta, encontrarás
las exposiciones siguientes:{{TAG:0000:0004:}}Exposición {{TAG:0012:0007:00CD}}
Exposición {{TAG:0012:0007:01CD}}{{TAG:0000:0004:}}Exposición {{TAG:0012:0007:02CD}}
Exposición {{TAG:0012:0007:03CD}}
¡No te las pierdas!","On trouve actuellement au 1
étage les expositions suivantes :{{TAG:0000:0004:}}« {{TAG:0012:0007:00CD}} »
« {{TAG:0012:0007:01CD}} »{{TAG:0000:0004:}}« {{TAG:0012:0007:02CD}} »
« {{TAG:0012:0007:03CD}} »{{TAG:0000:0004:}}N'hésite pas à y faire un tour !","Al primo piano, è possibile
visitare le seguenti mostre:{{TAG:0000:0004:}} ""{{TAG:0012:0007:00CD}}"".
 ""{{TAG:0012:0007:01CD}}"".{{TAG:0000:0004:}} ""{{TAG:0012:0007:02CD}}"".
 ""{{TAG:0012:0007:03CD}}"".{{TAG:0000:0004:}}Ti aspettiamo!","Derzeit finden im Obergeschoss
folgende Ausstellungen statt:{{TAG:0000:0004:}}„{{TAG:0012:0007:00CD}}“
„{{TAG:0012:0007:01CD}}“{{TAG:0000:0004:}}„{{TAG:0012:0007:02CD}}“
„{{TAG:0012:0007:03CD}}“{{TAG:0000:0004:}}Schau doch mal vorbei!","Müzenin 2. katında şu sergiler
açık:{{TAG:0000:0004:}}
{{TAG:000E:0003:}}{{TAG:0012:0007:00CD}} sergisi.
{{TAG:000E:0003:}}{{TAG:0012:0007:01CD}} sergisi.{{TAG:0000:0004:}}
{{TAG:000E:0003:}}{{TAG:0012:0007:02CD}} sergisi.
{{TAG:000E:0003:}}{{TAG:0012:0007:03CD}} sergisi.{{TAG:0000:0004:}}
Mutlaka uğra!"
99,109,,,,,,
100,111,"
Let's see here{{TAG:0007:0000:05000000}}.{{TAG:0007:0000:05000000}}.{{TAG:0007:0000:05000000}}.","
A ver{{TAG:0007:0000:05000000}}.{{TAG:0007:0000:05000000}}.{{TAG:0007:0000:05000000}}.","
Quel temps va-t-il faire{{TAG:0007:0000:05000000}}.{{TAG:0007:0000:05000000}}.{{TAG:0007:0000:05000000}}.{{TAG:0007:0000:08000000}}?","
Vediamo un po'{{TAG:0007:0000:05000000}}.{{TAG:0007:0000:05000000}}.{{TAG:0007:0000:05000000}}.","
Wie wird das Wetter?",Bir bakalım{{TAG:0007:0000:05000000}}.{{TAG:0007:0000:05000000}}.{{TAG:0007:0000:05000000}}.
101,112,"Looks like the weather's
going to stay nice!","¡Parece que se mantendrá
el buen tiempo!","Le temps va rester au
beau fixe, semble-t-il !","Sembra proprio che oggi
sarà una bella giornata!","Sieht so aus, als würde das
Wetter schön bleiben!",Hava güzel kalacak gibi!
102,113,"By the looks of it, the weather
probably won't change much.","Las nubes nos taparán
un poco el sol.","Apparemment, le temps ne
devrait pas trop changer.","Mmmh... Forse arriverà
qualche nuvola.","Wie es aussieht, wird sich das
Wetter wohl nicht groß ändern.",Görünüşe göre hava pek değişmeyecek.
103,114,"Hmm{{TAG:0007:0000:05000000}}.{{TAG:0007:0000:05000000}}.{{TAG:0007:0000:05000000}}.{{TAG:0007:0000:0A000000}} Slightly downhill?{{TAG:0007:0000:0F000000}} It may
start raining all of a sudden{{TAG:0007:0000:05000000}}.{{TAG:0007:0000:05000000}}.{{TAG:0007:0000:05000000}}.","Mmm{{TAG:0007:0000:05000000}}.{{TAG:0007:0000:05000000}}.{{TAG:0007:0000:05000000}}.{{TAG:0007:0000:0A000000}} Está bajando la presión.
Puede empezar a llover en
cualquier momento{{TAG:0007:0000:05000000}}.{{TAG:0007:0000:05000000}}.{{TAG:0007:0000:05000000}}.","Hmmm{{TAG:0007:0000:05000000}}.{{TAG:0007:0000:05000000}}.{{TAG:0007:0000:05000000}}.{{TAG:0007:0000:0A000000}} Ça va se gâter ?{{TAG:0007:0000:0F000000}}
Il pourrait soudainement
se mettre à pleuvoir{{TAG:0007:0000:05000000}}.{{TAG:0007:0000:05000000}}.{{TAG:0007:0000:05000000}}.","Mmmh{{TAG:0007:0000:05000000}}.{{TAG:0007:0000:05000000}}.{{TAG:0007:0000:05000000}}.{{TAG:0007:0000:0A000000}} Un leggero peggioramento?{{TAG:0007:0000:0F000000}}
Sembra che inizierà a piovere
da un momento all'altro{{TAG:0007:0000:05000000}}.{{TAG:0007:0000:05000000}}.{{TAG:0007:0000:05000000}}.","Hmmm{{TAG:0007:0000:05000000}}.{{TAG:0007:0000:05000000}}.{{TAG:0007:0000:05000000}}.{{TAG:0007:0000:0A000000}} Etwas schlechter?{{TAG:0007:0000:0A000000}}
Es könnte plötzlich anfangen
zu regnen...","Hımm{{TAG:0007:0000:05000000}}.{{TAG:0007:0000:05000000}}.{{TAG:0007:0000:05000000}}.{{TAG:0007:0000:0A000000}} Biraz kötüye mi gidiyor?{{TAG:0007:0000:0F000000}}
Birden yağmur başlayabilir{{TAG:0007:0000:05000000}}.{{TAG:0007:0000:05000000}}.{{TAG:0007:0000:05000000}}."
104,115,"Hmm{{TAG:0007:0000:05000000}}.{{TAG:0007:0000:05000000}}.{{TAG:0007:0000:05000000}}.{{TAG:0007:0000:0A000000}} From the looks of it,
it may start snowing suddenly{{TAG:0007:0000:0A000000}}{{TAG:0007:0000:05000000}}.{{TAG:0007:0000:05000000}}.{{TAG:0007:0000:05000000}}.","Mmm{{TAG:0007:0000:05000000}}.{{TAG:0007:0000:05000000}}.{{TAG:0007:0000:05000000}}.{{TAG:0007:0000:0A000000}} Parece que está a punto
de nevar.","Hmmm{{TAG:0007:0000:05000000}}.{{TAG:0007:0000:05000000}}.{{TAG:0007:0000:05000000}}.{{TAG:0007:0000:0A000000}} On dirait qu'il pourrait
se mettre à neiger sans préavis{{TAG:0007:0000:0A000000}}{{TAG:0007:0000:05000000}}.{{TAG:0007:0000:05000000}}.{{TAG:0007:0000:05000000}}.","Mmmh{{TAG:0007:0000:05000000}}.{{TAG:0007:0000:05000000}}.{{TAG:0007:0000:05000000}}.{{TAG:0007:0000:0A000000}} Sembra che sia in
arrivo una nevicata{{TAG:0007:0000:0A000000}}{{TAG:0007:0000:05000000}}.{{TAG:0007:0000:05000000}}.{{TAG:0007:0000:05000000}}.","Hmmm{{TAG:0007:0000:05000000}}.{{TAG:0007:0000:05000000}}.{{TAG:0007:0000:05000000}}.{{TAG:0007:0000:0A000000}} Es scheint, als könnte es
plötzlich anfangen zu schneien...","Hımm{{TAG:0007:0000:05000000}}.{{TAG:0007:0000:05000000}}.{{TAG:0007:0000:05000000}}.{{TAG:0007:0000:0A000000}} Görünüşe göre birden
kar başlayabilir{{TAG:0007:0000:0A000000}}{{TAG:0007:0000:05000000}}.{{TAG:0007:0000:05000000}}.{{TAG:0007:0000:05000000}}."
105,116,"Looks like the atmospheric pressure
is rising, so it will be sunny out.","La presión atmosférica está
subiendo. ¡Pronto saldrá el sol!","La pression atmosphérique grimpe,
c'est synonyme de temps ensoleillé.","Sta arrivando l'alta pressione,
fra un po' spunterà il sole.","Der Luftdruck steigt und die
Sonne kommt hervor.","Hava basıncı yükseliyor; güneş
açacak gibi."
106,117,"It looks like it's gonna continue
to be cloudy, doesn't it?","Parece que las nubes no tienen
ninguna intención de irse...","Le temps va rester couvert,
à ce qu'il semble.","Sembra che queste nuvole non
abbiano la minima intenzione
di andarsene!","Sieht so aus, als würde es
bewölkt bleiben, oder?","Bulutlu hava devam edecek gibi,
değil mi?"
107,118,"Hmm{{TAG:0007:0000:05000000}}.{{TAG:0007:0000:05000000}}.{{TAG:0007:0000:05000000}}.{{TAG:0007:0000:0F000000}} From the looks of it,{{TAG:0007:0000:0A000000}}
it could rain at any second{{TAG:0007:0000:05000000}}.{{TAG:0007:0000:05000000}}.{{TAG:0007:0000:05000000}}.","Mmm{{TAG:0007:0000:05000000}}.{{TAG:0007:0000:05000000}}.{{TAG:0007:0000:05000000}}.{{TAG:0007:0000:0F000000}} Esas nubes amenazan
lluvia.{{TAG:0007:0000:05000000}}.{{TAG:0007:0000:05000000}}.","Hmmm{{TAG:0007:0000:05000000}}.{{TAG:0007:0000:05000000}}.{{TAG:0007:0000:05000000}}.{{TAG:0007:0000:0F000000}} Apparemment,
il faut s'attendre à une
averse à tout moment{{TAG:0007:0000:05000000}}.{{TAG:0007:0000:05000000}}.{{TAG:0007:0000:05000000}}.","Mmmh{{TAG:0007:0000:05000000}}.{{TAG:0007:0000:05000000}}.{{TAG:0007:0000:05000000}}.{{TAG:0007:0000:0F000000}} Sembra che{{TAG:0007:0000:0A000000}}
fra poco inizierà a piovere{{TAG:0007:0000:05000000}}.{{TAG:0007:0000:05000000}}.{{TAG:0007:0000:05000000}}.",Hmmm{{TAG:0007:0000:05000000}}.{{TAG:0007:0000:05000000}}.{{TAG:0007:0000:05000000}}.{{TAG:0007:0000:0A000000}} Es sieht nach Regen aus...,"Hımm{{TAG:0007:0000:05000000}}.{{TAG:0007:0000:05000000}}.{{TAG:0007:0000:05000000}}.{{TAG:0007:0000:0F000000}} Görünüşe göre{{TAG:0007:0000:0A000000}} her an
yağmur başlayabilir{{TAG:0007:0000:05000000}}.{{TAG:0007:0000:05000000}}.{{TAG:0007:0000:05000000}}."
108,119,"Hmm{{TAG:0007:0000:05000000}}.{{TAG:0007:0000:05000000}}.{{TAG:0007:0000:05000000}}.{{TAG:0007:0000:0F000000}} From the looks of it,{{TAG:0007:0000:0A000000}}
it could start snowing any second{{TAG:0007:0000:05000000}}.{{TAG:0007:0000:05000000}}.{{TAG:0007:0000:05000000}}.","Mmm{{TAG:0007:0000:05000000}}.{{TAG:0007:0000:05000000}}.{{TAG:0007:0000:05000000}}.{{TAG:0007:0000:0F000000}} En cuanto nos despistemos
empezará a nevar{{TAG:0007:0000:05000000}}.{{TAG:0007:0000:05000000}}.{{TAG:0007:0000:05000000}}.","Hmmm{{TAG:0007:0000:05000000}}.{{TAG:0007:0000:05000000}}.{{TAG:0007:0000:05000000}}.{{TAG:0007:0000:0F000000}} Apparemment,
il faut s'attendre à une chute
de neige à tout moment{{TAG:0007:0000:05000000}}.{{TAG:0007:0000:05000000}}.{{TAG:0007:0000:05000000}}.","Mmmh{{TAG:0007:0000:05000000}}.{{TAG:0007:0000:05000000}}.{{TAG:0007:0000:05000000}}.{{TAG:0007:0000:0F000000}} Sembra che fra poco{{TAG:0007:0000:0A000000}}
inizierà a nevicare{{TAG:0007:0000:05000000}}.{{TAG:0007:0000:05000000}}.{{TAG:0007:0000:05000000}}.","Hmmm{{TAG:0007:0000:05000000}}.{{TAG:0007:0000:05000000}}.{{TAG:0007:0000:05000000}}.{{TAG:0007:0000:0A000000}} Es könnte jede Sekunde
anfangen zu schneien...","Hımm{{TAG:0007:0000:05000000}}.{{TAG:0007:0000:05000000}}.{{TAG:0007:0000:05000000}}.{{TAG:0007:0000:0F000000}} Görünüşe göre{{TAG:0007:0000:0A000000}} her an
kar başlayabilir{{TAG:0007:0000:05000000}}.{{TAG:0007:0000:05000000}}.{{TAG:0007:0000:05000000}}."
109,120,"From the looks of it,{{TAG:0007:0000:0A000000}} it may just
stop raining and clear up.","¡El cielo se despejará pronto
y dejará de llover!","La pluie devrait cesser
et le ciel se dégager.","Sembra che fra poco{{TAG:0007:0000:0A000000}} smetterà
di piovere e tornerà il sereno!","Sieht aus, als ob es bald aufhört
zu regnen und aufklart.","Görünüşe göre{{TAG:0007:0000:0A000000}} yağmur kesilip
hava açabilir."
110,121,"From the looks of it,{{TAG:0007:0000:0A000000}} it may just
stop snowing and clear up.","¡El cielo se despejará pronto
y dejará de nevar!","La neige devrait cesser de
tomber et le ciel se dégager.","Sembra che fra poco{{TAG:0007:0000:0A000000}} smetterà
di nevicare e tornerà il sereno.","Sieht aus, als ob es bald aufhört
zu schneien und aufklart.",Görünüşe göre{{TAG:0007:0000:0A000000}} kar kesilip hava açabilir.
111,122,"From the looks of it,{{TAG:0007:0000:0A000000}} it may stop
raining before too long.","Parece que va a parar
de llover pronto...",La pluie devrait bientôt cesser.,"Sembra che{{TAG:0007:0000:0A000000}} stia per smettere
di piovere.","Es sieht aus, als ob es bald
aufhört zu regnen.",Görünüşe göre{{TAG:0007:0000:0A000000}} yağmur birazdan durabilir.
112,123,"From the looks of it,{{TAG:0007:0000:0A000000}} it may stop
snowing before too long.","Parece que va a parar
de nevar pronto...","La neige devrait bientôt
cesser de tomber.","Sembra{{TAG:0007:0000:0A000000}} che stia per smettere
di nevicare.","Es könnte jetzt bald aufhören
zu schneien.",Görünüşe göre{{TAG:0007:0000:0A000000}} kar birazdan durabilir.
113,124,"Hmm{{TAG:0007:0000:05000000}}.{{TAG:0007:0000:05000000}}.{{TAG:0007:0000:05000000}}.{{TAG:0007:0000:0F000000}} It looks like it's going
to keep right on raining.","Mmm{{TAG:0007:0000:05000000}}.{{TAG:0007:0000:05000000}}.{{TAG:0007:0000:05000000}}.{{TAG:0007:0000:0F000000}} Seguirá lloviendo
un buen rato.","Hmmm{{TAG:0007:0000:05000000}}.{{TAG:0007:0000:05000000}}.{{TAG:0007:0000:05000000}}.{{TAG:0007:0000:0F000000}} On dirait qu'il va
continuer de pleuvoir un moment.","Mmmh{{TAG:0007:0000:05000000}}.{{TAG:0007:0000:05000000}}.{{TAG:0007:0000:05000000}}.{{TAG:0007:0000:0F000000}} Sembra proprio che
continuerà a piovere.","Hmmm{{TAG:0007:0000:05000000}}.{{TAG:0007:0000:05000000}}.{{TAG:0007:0000:05000000}}.{{TAG:0007:0000:0A000000}} Sieht so aus, als würde es
weiterhin regnen...",Hımm{{TAG:0007:0000:05000000}}.{{TAG:0007:0000:05000000}}.{{TAG:0007:0000:05000000}}.{{TAG:0007:0000:0F000000}} Yağmur devam edecek gibi.
114,125,"Hmm{{TAG:0007:0000:05000000}}.{{TAG:0007:0000:05000000}}.{{TAG:0007:0000:05000000}}.{{TAG:0007:0000:0F000000}} Doesn't really look like it's
gonna stop snowing anytime soon.","Mmm{{TAG:0007:0000:05000000}}.{{TAG:0007:0000:05000000}}.{{TAG:0007:0000:05000000}}.{{TAG:0007:0000:0F000000}} Seguirá nevando
un buen rato.","Hmmm{{TAG:0007:0000:05000000}}.{{TAG:0007:0000:05000000}}.{{TAG:0007:0000:05000000}}.{{TAG:0007:0000:0F000000}} On dirait qu'il va
continuer de neiger un moment.","Mmmh{{TAG:0007:0000:05000000}}.{{TAG:0007:0000:05000000}}.{{TAG:0007:0000:05000000}}.{{TAG:0007:0000:0F000000}} Non sembra che
smetterà di nevicare...","Hmmm{{TAG:0007:0000:05000000}}.{{TAG:0007:0000:05000000}}.{{TAG:0007:0000:05000000}}.{{TAG:0007:0000:0A000000}}
Sieht nicht so aus, als würde es
bald aufhören zu schneien...","Hımm{{TAG:0007:0000:05000000}}.{{TAG:0007:0000:05000000}}.{{TAG:0007:0000:05000000}}.{{TAG:0007:0000:0F000000}} Kar pek yakında duracak
gibi değil."
115,126,"Oops!{{TAG:0007:0000:14000000}}
You can't open it from this side!","¡Huy!
¡No se abre desde este lado!","Raté !{{TAG:0007:0000:14000000}} Ça ne s'ouvre
pas de ce côté !","Ooops!{{TAG:0007:0000:14000000}}
Non si apre da questo lato!","Hoppla!{{TAG:0007:0000:14000000}}
Von dieser Seite kannst du es nicht
öffnen!","Amanın!{{TAG:0007:0000:14000000}}
Bu taraftan açılmıyor!"
116,127,,,,,,
117,128,,,,,,
118,129,,,,,,
119,131,"{{TAG:0012:0020:}}. Town: {{TAG:000E:0003:}}{{TAG:0011:0002:0000}}.
Residence of {{TAG:000E:0003:}}{{TAG:0011:0000:0000}}.
Updated on {{TAG:0004:000E:00CD}} {{TAG:0004:000F:00CD}}, {{TAG:0004:000D:00CD}}.","Casa de {{TAG:0011:0000:0000}}, de {{TAG:000E:0003:}}{{TAG:0011:0002:0000}}
Zona {{TAG:0012:0020:}}
{{TAG:0004:000F:00CD}} de {{TAG:0004:000E:00CD}} de {{TAG:0004:000D:00CD}}","{{TAG:0012:0020:}}. Ville : {{TAG:000E:0003:}}{{TAG:0011:0002:0000}}.
Résidence {{TAG:000E:000A:0600640065002000040064002700}}{{TAG:0011:0000:0000}}.
Mise à jour le {{TAG:0004:000F:00CD}} {{TAG:0004:000E:00CD}} {{TAG:0004:000D:00CD}}.","Casa {{TAG:0012:0020:}} {{TAG:000E:0010:}} {{TAG:0011:0002:0000}}
Residenza di {{TAG:0011:0000:0000}}
Ristrutturata: {{TAG:0004:000F:00CD}} {{TAG:0004:000E:00CD}} {{TAG:0004:000D:00CD}}","Standort: {{TAG:0011:0002:0000}}, {{TAG:0012:0020:}}
Wohnsitz von: {{TAG:0011:0000:0000}}
Umgebaut am: {{TAG:0004:000F:00CD}} {{TAG:0004:000E:00CD}} {{TAG:0004:000D:00CD}}","{{TAG:0012:0020:}} Kasabası: {{TAG:000E:0003:}}{{TAG:0011:0002:0000}}.
{{TAG:000E:0003:}}{{TAG:0011:0000:0000}} adlı kişinin evi.
Güncelleme: {{TAG:0004:000E:00CD}} {{TAG:0004:000F:00CD}}, {{TAG:0004:000D:00CD}}."
120,132,,,,,,
121,133,,,,,,
122,134,,,,,,
123,135,"To save a new custom design,
please choose the design you'd
like to overwrite.","Para guardar un nuevo diseño
personalizado, elige el diseño
que quieras sobrescribir.","Pour sauvegarder un nouveau motif
personnalisé, tu dois choisir un
motif qui sera écrasé.","Per salvare un nuovo modello
personalizzato, scegli il modello
che intendi sovrascrivere.","Um ein neues Design zu speichern,
wähle bitte das Design aus, das du
überschreiben möchtest.","Yeni bir özel desen kaydetmek
için üzerine yazılacak deseni seç."
124,136,"
[{{TAG:0000:0003:0200}}{{TAG:000E:0003:}}{{TAG:0011:0005:}}{{TAG:0000:0003:FFFF}}]","
{{TAG:0000:0003:0200}}{{TAG:000E:0003:}}{{TAG:0011:0005:}}{{TAG:0000:0003:FFFF}}","
[{{TAG:0000:0003:0200}}{{TAG:000E:0003:}}{{TAG:0011:0005:}}{{TAG:0000:0003:FFFF}}]","
[{{TAG:0000:0003:0200}}{{TAG:0011:0005:}}{{TAG:0000:0003:FFFF}}]","
{{TAG:0000:0003:0200}}{{TAG:0000:0003:0200}}{{TAG:000E:0003:}}{{TAG:0000:0003:0200}}{{TAG:0011:0005:}}{{TAG:0000:0003:FFFF}}",[{{TAG:0000:0003:0200}}{{TAG:000E:0003:}}{{TAG:0011:0005:}}{{TAG:0000:0003:FFFF}}]
125,137,"Should there be a new design on
this standee?{{TAG:000F:0005:00000000}}
Yes!
Nope.","¿Quieres poner un diseño
nuevo en el panel?{{TAG:000F:0005:00000000}}
¡Sí!
No","Remplacer le motif du panneau
motif perso ?{{TAG:000F:0005:00000000}}
Oui !
Non.","Vuoi usare un altro disegno
sulla sagoma?{{TAG:000F:0005:00000000}}
Sì!
No.","Möchtest du das Schild mit einem
neuen Design ausstatten?{{TAG:000F:0005:00000000}}
Ja.
Nein.","Bu panoya yeni bir desen
eklensin mi?{{TAG:000F:0005:00000000}}
Evet!
Hayır."
126,138,"Should this standee's design be
changed?{{TAG:000F:0006:000000000000}}
Add a design!
Redraw one!
Nope.","¿Qué quieres hacer con el diseño
del panel?{{TAG:000F:0006:000000000000}}
¡Poner uno nuevo!
Editarlo
Nada","Changer le motif du panneau
motif perso ?{{TAG:000F:0006:000000000000}}
Le remplacer !
Le modifier !
Non.","Vuoi cambiare il modello
sulla sagoma?{{TAG:000F:0006:000000000000}}
Certo, lo cambio!
Modifico questo.
No, va bene così.","Möchtest du das Design der
Fotowand ändern? {{TAG:000F:0006:000000000000}}
Anderes Design.
Design bearbeiten.
Nichts tun.","Bu panonun deseni değiştirilsin mi?{{TAG:000F:0006:000000000000}}
Desen ekle!
Yeniden çiz!
Hayır."
127,140,"Thank you for helping
our museum grow.","Gracias por contribuir al
crecimiento de nuestro museo.","Toute donation à notre
musée est la bienvenue.","Ogni donazione contribuirà a far
crescere il nostro museo. Grazie.","Bitte helfen Sie mit, unsere
Sammlung zu vergrößern.
Vielen Dank!","Müzemizin gelişmesine katkın
için teşekkürler."
128,141,"[{{TAG:000E:0004:}}{{TAG:0011:0003:0000}}]
{{TAG:0004:000E:00CD}} {{TAG:0004:000F:00CD}}, {{TAG:0004:000D:00CD}}
Donation by {{TAG:000E:0003:}}{{TAG:0011:0000:0000}}","{{TAG:000E:0003:}}{{TAG:0011:0003:0000}}
Donad{{TAG:000E:0008:00CD02006F000200610002003000}} por {{TAG:0011:0000:0000}}
el {{TAG:0004:000F:00CD}} de {{TAG:0004:000E:00CD}} de {{TAG:0004:000D:00CD}}","[{{TAG:000E:0003:}}{{TAG:0011:0003:0000}}]
{{TAG:0004:000F:00CD}} {{TAG:0004:000E:00CD}} {{TAG:0004:000D:00CD}}
Donation {{TAG:000E:000A:0600640065002000040064002700}}{{TAG:0011:0000:0000}}.","{{TAG:000E:0003:}}{{TAG:0011:0003:0000}}
{{TAG:0004:000F:00CD}} {{TAG:0004:000E:00CD}} {{TAG:0004:000D:00CD}}
Donatore: {{TAG:0011:0000:0000}}","{{TAG:0011:0003:0000}}
{{TAG:0004:000F:00CD}} {{TAG:0004:000E:00CD}} {{TAG:0004:000D:00CD}}
Gespendet von {{TAG:0011:0000:0000}}","[{{TAG:000E:0004:}}{{TAG:0011:0003:0000}}]
{{TAG:0004:000E:00CD}} {{TAG:0004:000F:00CD}}, {{TAG:0004:000D:00CD}}
Bağışlayan: {{TAG:000E:0003:}}{{TAG:0011:0000:0000}}"
129,142,"[{{TAG:000E:0004:}}{{TAG:0011:0003:0000}}]
{{TAG:0004:000E:00CD}} {{TAG:0004:000F:00CD}}, {{TAG:0004:000D:00CD}}
Anonymous Donation","{{TAG:000E:0003:}}{{TAG:0011:0003:0000}}
Donad{{TAG:000E:0008:00CD02006F000200610002003000}} por un desconocido
el {{TAG:0004:000F:00CD}} de {{TAG:0004:000E:00CD}} de {{TAG:0004:000D:00CD}}","[{{TAG:000E:0003:}}{{TAG:0011:0003:0000}}]
{{TAG:0004:000F:00CD}} {{TAG:0004:000E:00CD}} {{TAG:0004:000D:00CD}}
Donateur anonyme.","{{TAG:000E:0003:}}{{TAG:0011:0003:0000}}
{{TAG:0004:000F:00CD}} {{TAG:0004:000E:00CD}} {{TAG:0004:000D:00CD}}
Donatore: sconosciuto","{{TAG:0011:0003:0000}}
{{TAG:0004:000F:00CD}} {{TAG:0004:000E:00CD}} {{TAG:0004:000D:00CD}}
Spender: Unbekannt","[{{TAG:000E:0004:}}{{TAG:0011:0003:0000}}]
{{TAG:0004:000E:00CD}} {{TAG:0004:000F:00CD}}, {{TAG:0004:000D:00CD}}
Anonim Bağış"
130,143,"
[{{TAG:0000:0003:0200}}{{TAG:0012:000C:00CD}}{{TAG:0000:0003:FFFF}}]{{TAG:0000:0004:}}Please donate missing parts when
excavated. Thank you for helping
our museum grow.","{{TAG:0000:0003:0200}}{{TAG:000E:0003:}}{{TAG:0000:0003:FFFF}}{{TAG:0000:0003:0200}}{{TAG:0012:000C:00CD}}{{TAG:0000:0003:FFFF}}{{TAG:0000:0004:}}El museo agradece cualquier ayuda
para completar este espécimen.","
[{{TAG:0000:0003:0200}}{{TAG:000E:0003:}}{{TAG:0012:000C:00CD}}{{TAG:0000:0003:FFFF}}]{{TAG:0000:0004:}}Merci de nous aider à
compléter ce squelette.","{{TAG:0000:0003:0200}}{{TAG:000E:0003:}}{{TAG:0012:000C:00CD}}{{TAG:0000:0003:FFFF}}{{TAG:0000:0004:}}Aiutateci a completare questo
esemplare con le parti mancanti.
Grazie per l'aiuto. Il museo.","
{{TAG:0000:0003:0200}}{{TAG:0012:000C:00CD}}{{TAG:0000:0003:FFFF}}{{TAG:0000:0004:}}Wir bitten um Spenden noch
fehlender Teile.
Danke für Ihre Mithilfe!","[{{TAG:0000:0003:0200}}{{TAG:0012:000C:00CD}}{{TAG:0000:0003:FFFF}}]{{TAG:0000:0004:}}Eksik parçaları kazıp
bulduğunuzda lütfen bağışlayın. Müzedeki
katkınız için teşekkürler."
131,144,"
[{{TAG:0000:0003:0200}}{{TAG:0012:000C:00CD}}{{TAG:0000:0003:FFFF}}]",{{TAG:0000:0003:0200}}{{TAG:000E:0003:}}{{TAG:0012:000C:00CD}}{{TAG:0000:0003:FFFF}},"
[{{TAG:0000:0003:0200}}{{TAG:000E:0003:}}{{TAG:0012:000C:00CD}}{{TAG:0000:0003:FFFF}}]",{{TAG:0000:0003:0200}}{{TAG:000E:0003:}}{{TAG:0012:000C:00CD}}{{TAG:0000:0003:FFFF}},"
{{TAG:0000:0003:0200}}{{TAG:0012:000C:00CD}}{{TAG:0000:0003:FFFF}}",[{{TAG:0000:0003:0200}}{{TAG:0012:000C:00CD}}{{TAG:0000:0003:FFFF}}]
132,146,"Now seeking exhibitors!
～Please see 2F staff if interested～","¿Quieres montar una exposición?
¡Habla con la encargada de esta
planta!","Salles d'exposition disponibles !
S'adresser au personnel
du 1 étage.","Vuoi organizzare una mostra?
Contatta il personale del 1ºP!","Ausstellungsräume zu vermieten!
～Interessenten wenden sich bitte
an das Personal im Obergeschoss～","Sergici aranıyor!
～İlgilenenler 2. kat görevlisine
başvursun～"
133,147,"{{TAG:0000:0003:0200}}{{TAG:000E:0004:}}{{TAG:0012:0007:00CD}} {{TAG:0000:0003:FFFF}}exhibit
                  by {{TAG:000E:0003:}}{{TAG:0011:0000:0000}}","Exposición {{TAG:0000:0003:0200}}{{TAG:0012:0007:00CD}}{{TAG:0000:0003:FFFF}}
Organizada por {{TAG:0011:0000:0000}}","～ {{TAG:0000:0003:0200}}{{TAG:000E:0003:}}{{TAG:0012:0007:00CD}}{{TAG:0000:0003:FFFF}} ～
Une exposition {{TAG:000E:000A:0600640065002000040064002700}}{{TAG:0011:0000:0000}}.","Mostra: ""{{TAG:0000:0003:0200}}{{TAG:0012:0007:00CD}}{{TAG:0000:0003:FFFF}}""
Organizzata da: {{TAG:0011:0000:0000}}","Ausstellung
{{TAG:0000:0003:0200}}{{TAG:0012:0007:00CD}}{{TAG:0000:0003:FFFF}}
                  von {{TAG:0011:0000:0000}}","{{TAG:0000:0003:0200}}{{TAG:000E:0004:}}{{TAG:0012:0007:00CD}} {{TAG:0000:0003:FFFF}}sergisi
{{TAG:000E:0003:}}{{TAG:0011:0000:0000}} tarafından"
134,148,"How shall the exhibit poster be
changed?{{TAG:000F:0006:000000000000}}
Change the exhibit title!
Change the poster!
Keep it as is.","¿Qué quieres hacer con el cartel
de la exposición?{{TAG:000F:0006:000000000000}}
Cambiar título
Cambiar diseño
Nada","Modifier l'affiche de l'exposition ?{{TAG:000F:0006:000000000000}}
Changer le titre !
Changer l'affiche !
Annuler.","Vuoi modificare qualcosa
del poster?{{TAG:000F:0006:000000000000}}
Il titolo.
Il poster.
Va bene così.","Möchtest du das Ausstellungsschild
ändern? {{TAG:000F:0006:000000000000}}
Titel ändern.
Design ändern.
So lassen.","Sergi posteri nasıl değiştirilsin?{{TAG:000F:0006:000000000000}}
Sergi başlığını değiştir!
Posteri değiştir!
Olduğu gibi bırak."
135,149,,,,,,
136,151,"
{{TAG:000E:0003:}}{{TAG:0011:0001:0000}}'s picture.","
Fotografía de {{TAG:0011:0001:0000}}.","
Photo {{TAG:000E:000A:0600640065002000040064002700}}{{TAG:0011:0001:0000}}.","
Fotografia di {{TAG:0011:0001:0000}}.","
Foto von {{TAG:0011:0001:0000}}.",{{TAG:000E:0003:}}{{TAG:0011:0001:0000}} adlı kişinin fotoğrafı.
137,152,"...{{TAG:0007:0000:05000000}}Huh?{{TAG:0007:0000:14000000}} There's a message written
in small letters on the back of the
photograph...","¿Mmm?{{TAG:0007:0000:14000000}} Detrás de la foto hay
un mensaje escrito en letra
pequeña...","...{{TAG:0007:0000:05000000}} Tiens ?{{TAG:0007:0000:14000000}} Il y a un message
griffonné au verso de la photo...","Eh?{{TAG:0007:0000:14000000}} C'è un messaggio scritto
con lettere piccolissime sul retro
della fotografia.","Huch?{{TAG:0007:0000:14000000}}
Auf der Rückseite des Fotos steht
in kleiner Schrift eine Nachricht...","...{{TAG:0007:0000:05000000}}Ha?{{TAG:0007:0000:14000000}} Fotoğrafın arkasında
küçük harflerle
bir mesaj yazıyor..."
138,153,"Born on {{TAG:0004:000E:00CD}} {{TAG:0004:000F:00CD}}
{{TAG:0005:000C:}}{{TAG:0000:0004:}}
Favorite saying is...","Cumpleaños: {{TAG:0004:000F:00CD}} de {{TAG:0004:000E:00CD}}
{{TAG:000E:0003:}}{{TAG:0005:000C:}}{{TAG:0000:0004:}}
Lema...","Date de naissance : {{TAG:0004:000F:00CD}} {{TAG:0004:000E:00CD}}
Signe astrologique : {{TAG:0005:000C:}}{{TAG:0000:0004:}}
Devise...","Compleanno: {{TAG:0004:000F:00CD}} {{TAG:0004:000E:00CD}}.
{{TAG:000E:0003:}}{{TAG:0005:000C:}}{{TAG:0000:0004:}}
Massima preferita...","Geburtstag: {{TAG:0004:000F:00CD}} {{TAG:0004:000E:00CD}}
Sternzeichen: {{TAG:0005:000C:}}{{TAG:0000:0004:}}
Lieblingsspruch...","Doğum günü: {{TAG:0004:000E:00CD}} {{TAG:0004:000F:00CD}}
{{TAG:0005:000C:}}{{TAG:0000:0004:}}
En sevdiği söz..."
139,154,,,,,,
140,156,"～Welcome to Tortimer Island!～
Guide to the Island:{{TAG:000F:0008:00000000000000000000}}
Info about island.
Lobby guide.
Intro to tours.
Club Tortimer.
Stop reading.","¡Bienvenidos a la Isla Tórtimer!
Guía de la isla:{{TAG:000F:0008:00000000000000000000}}
Sobre la isla
Vestíbulo
Tours
Club Tórtimer
Dejar de leer","～ Bienvenue à Tortiland ! ～
Sommaire{{TAG:000F:0008:00000000000000000000}}
Au sujet de l'île.
Au sujet de l'accueil.
Au sujet des excursions.
Club Tortimer.
Quitter.","Benvenuti all'Isola di Tortimer!
Guida sull'isola:{{TAG:000F:0008:00000000000000000000}}
Informazioni sull'isola
Hall
Tour
Club Tortimer
Esci","～Willkommen auf der Törtel-Insel!～
Inselführer{{TAG:000F:0008:00000000000000000000}}
Die Törtel-Insel
Lobby-Info
Ausflüge
Törtel-Club
Genug gelesen!","～Tortimer Adası'na hoş geldin!～
Ada Rehberi:{{TAG:000F:0008:00000000000000000000}}
Ada hakkında.
Lobi rehberi.
Turlara giriş.
Club Tortimer.
Okumayı bırak."
141,157,"This island is a resort where people
from all over the world can enjoy a
paradise of everlasting summer.
We offer a variety of tours,{{TAG:0007:0000:0A000000}}
including solo and group tours.{{TAG:0000:0004:}}Our entire staff are working their
tails off so that you can have the
tour of a lifetime.{{TAG:000F:0005:00000000}}
Continue.
Stop reading.","En esta isla se reúnen viajeros de
todo el mundo para disfrutar del
mar y el clima tropical.
Ofrecemos una gran variedad
de tours{{TAG:0007:0000:0A000000}} en solitario o en grupo.{{TAG:0000:0004:}}Nuestro personal hará todo lo
posible para que tu visita sea
inolvidable.{{TAG:000F:0005:00000000}}
Volver al inicio
Dejar de leer","Cette île est un petit paradis où les
gens du monde entier se rendent
pour profiter de son été permanent.
Nous proposons aux visiteurs des
excursions en solo ou en groupe.{{TAG:0000:0004:}}Toute notre équipe travaille
d'arrache-pied pour t'offrir
un séjour inoubliable.{{TAG:000F:0005:00000000}}
Retour.
Quitter.","Quest'isola è la meta preferita
per coloro che vogliono
godersi l'estate tutto l'anno.
Offriamo diversi tour organizzati,{{TAG:0007:0000:0A000000}}
sia per gruppi che per singoli.{{TAG:0000:0004:}}Il nostro staff è pronto a fare tutto
il possibile per rendere il vostro
soggiorno un'esperienza unica.{{TAG:000F:0005:00000000}}
Continua
Esci","Die Törtel-Insel ist eine weitläufige
Ferieninsel.{{TAG:0000:0004:}}Menschen aus aller Welt kommen
hierher, um ein Paradies ewigen
Sommers zu genießen.
Wir bieten für Gruppen und für
Einzelpersonen eine ganze Reihe
von Ausflügen an.
Unermüdlich arbeiten wir daran,
unseren Besuchern ein perfektes
Freizeiterlebnis zu ermöglichen.{{TAG:000F:0005:00000000}}
Inhaltsverzeichnis
Genug gelesen!","Bu ada, dünyanın dört bir
yanından insanların
sonsuz yaz cennetinin tadını
çıkarabileceği bir tatil yeridir.
Tek başına ve grup turları dâhil
pek çok tur sunuyoruz.{{TAG:0007:0000:0A000000}}{{TAG:0000:0004:}}Tüm
ekibimiz sana unutulmaz bir tur
yaşatmak için
var gücüyle çalışıyor.{{TAG:000F:0005:00000000}}
Devam.
Okumayı bırak."
142,158,"Our lobby offers a variety of
facilities to support your stay
on the island.","En el vestíbulo encontrarás varios
servicios que podrás usar durante
tu estancia.","Tu trouveras ici maints services
destinés à rendre ton séjour
le plus agréable possible.","Nella hall troverete tutti i servizi
messi a disposizione dei nostri
visitatori.","Die vielfältigen Angebote der Lobby
stehen allen Gästen während ihres
Aufenthalts zur Verfügung.","Lobimizde adadaki konaklamanı
kolaylaştıracak çeşitli hizmetler bulunur."
143,159,"Please see the following for
more detailed information:{{TAG:000F:0004:000000000000000000000000}}
Tour counter.
Boat dock.
Souvenir Shop.
Waiting Seats.
Next.
Stop reading.","Elige un servicio para
obtener más información.
                                Página 1{{TAG:000F:0004:000000000000000000000000}}
Mostrador
Muelle
Tienda de recuerdos
Zona de espera
Página siguiente
Dejar de leer","Sélectionne la rubrique qui
t'intéresse pour plus de détails.
                                          Page 1{{TAG:000F:0004:000000000000000000000000}}
Guichet.
Ponton.
Boutique de souvenirs.
Zone d'attente.
Page suivante.
Quitter.","Prego selezionare un'opzione
per ricevere maggiori informazioni:
　　　　　　　　　　　　　　　Pag. 1{{TAG:000F:0004:000000000000000000000000}}
Bancone dei tour
Molo
Negozio dei souvenir
Area d'attesa
Avanti
Esci","Hier findest du Informationen
zu weiteren Themen.
                                  Seite 1{{TAG:000F:0004:000000000000000000000000}}
Ausflugschalter
Hafen
Souvenirladen
Wartebereich
Seite 2
Genug gelesen!","Ayrıntılı bilgi için şunlardan
birini seç:{{TAG:000F:0004:000000000000000000000000}}
Tur gişesi.
Tekne iskelesi.
Hediyelik Dükkânı.
Bekleme Koltukları.
Sonraki.
Okumayı bırak."
144,160,"Please see the following for
more detailed information.
                                              P2{{TAG:000F:0004:000000000000000000000000}}
Beach area.
Items Drop Off Box.
Bellpoint.
Previous.
Table of Contents.
Stop reading.","Elige un servicio para
obtener más información.
                                Página 2{{TAG:000F:0004:000000000000000000000000}}
Playa
Cesto de guardado
Bayero automático
Página anterior
Volver al inicio
Dejar de leer","Sélectionne la rubrique qui
t'intéresse pour plus de détails.
                                          Page 2{{TAG:000F:0004:000000000000000000000000}}
Plage.
Panier.
DAC.
Page précédente.
Revenir au sommaire.
Quitter.","Prego selezionare un'opzione
per ricevere maggiori informazioni:
　　　　　　　　　　　　　　　Pag. 2{{TAG:000F:0004:000000000000000000000000}}
Spiaggia
Cesto deposito oggetti
Stellomat
Indietro
Indice
Esci","Hier findest du Informationen
zu weiteren Themen.
                                   Seite 2{{TAG:000F:0004:000000000000000000000000}}
Strand
Depotkiste
Bankautomat
Seite 1
Inhaltsverzeichnis
Genug gelesen!","Ayrıntılı bilgi için şunlardan
birini seç.
S2{{TAG:000F:0004:000000000000000000000000}}
Sahil alanı.
Eşya Gönderme Kutusu.
Bellpoint.
Önceki.
İçindekiler.
Okumayı bırak."
145,161,"The counter where you are reading
this is where you can register for
tours or arrange to head home.
For a detailed explanation of tours,
please see the {{TAG:0000:0003:0200}}Intro to tours {{TAG:0000:0003:FFFF}}page.{{TAG:000F:0006:000000000000}}
Previous page.
Table of contents.
Stop reading.","En el mostrador podrás apuntarte
a los {{TAG:0000:0003:0200}}tours {{TAG:0000:0003:FFFF}}y solicitar el bote que
te llevará de vuelta a tu pueblo.
Si quieres más información,
elige la opción {{TAG:0000:0003:0200}}Tours{{TAG:0000:0003:FFFF}} en la
página de inicio.{{TAG:000F:0006:000000000000}}
Elegir otro servicio
Volver al inicio
Dejar de leer","Des dépliants détaillant les
{{TAG:0000:0003:0200}}excursions{{TAG:0000:0003:FFFF}} que nous offrons
sont à ta disposition au guichet.
C'est également au guichet que
tu dois t'adresser pour rentrer
chez toi.
Pour plus de détails concernant
les excursions, consulte la rubrique
{{TAG:0000:0003:0200}}Au sujet des excursions{{TAG:0000:0003:FFFF}}.{{TAG:000F:0006:000000000000}}
Lire une autre rubrique.
Revenir au sommaire.
Quitter.","Al bancone troverete le informazioni
utili per partecipare a un {{TAG:0000:0003:0200}}tour {{TAG:0000:0003:FFFF}}e
organizzare il viaggio di ritorno.
Le escursioni sono dettagliatamente
spiegate nella sezione sui {{TAG:0000:0003:0200}}tour{{TAG:0000:0003:FFFF}}.{{TAG:000F:0006:000000000000}}
Hall
Indice
Esci","Am Schalter kannst du Broschüren
über die verschiedenen {{TAG:0000:0003:0200}}Ausflüge{{TAG:0000:0003:FFFF}}
lesen oder deine Rückfahrt planen.
Nähere Informationen zu den
Ausflügen findest du unter
{{TAG:0000:0003:0200}}Ausflüge{{TAG:0000:0003:FFFF}}. {{TAG:000F:0006:000000000000}}
Lobby-Info
Inhaltsverzeichnis
Genug gelesen!","Şu anda okuduğun bu gişeden
turlara kayıt olabilir
ya da eve dönüşünü ayarlayabilirsin.
Turların ayrıntıları için
{{TAG:0000:0003:0200}}Turlara giriş{{TAG:0000:0003:FFFF}} sayfasına bak.{{TAG:000F:0006:000000000000}}
Önceki sayfa.
İçindekiler.
Okumayı bırak."
146,162,"The boat dock is just beyond the
northern gate of this lobby. Please
be careful. Entry is prohibited.
Please sign up at the tour counter
if you'd like to board the boat.{{TAG:000F:0006:000000000000}}
Previous page.
Table of contents.
Stop reading.","El muelle se encuentra en la salida
norte del vestíbulo,{{TAG:0007:0000:14000000}} pero está
prohibido el paso a turistas.
Para subirte a un bote de vuelta
a tu pueblo, habla con la encargada
del mostrador.{{TAG:000F:0006:000000000000}}
Elegir otro servicio
Volver al inicio
Dejar de leer","La porte au nord de l'accueil
mène au ponton, mais l'entrée
est réservée au personnel.
Adresse-toi au guichet si
tu souhaites embarquer
sur le bateau.{{TAG:000F:0006:000000000000}}
Lire une autre rubrique.
Revenir au sommaire.
Quitter.","Il molo si trova oltre il cancello
settentrionale della hall, ma
l'ingresso è vietato.
Per imbarcarvi, vi preghiamo
di lasciare il vostro nominativo
al bancone dei tour.{{TAG:000F:0006:000000000000}}
Hall
Indice
Esci","Der Hafen liegt hinter dem
nördlichen Tor dieser Lobby.
Der Zutritt ist nicht gestattet. {{TAG:0000:0004:}}Melde dich am Ausflugschalter
an, wenn du mit dem Boot fahren
möchtest.{{TAG:000F:0006:000000000000}}
Lobby-Info
Inhaltsverzeichnis
Genug gelesen!","Tekne iskelesi lobinin kuzey
kapısının hemen ötesinde.
Dikkat: doğrudan giriş yasaktır.
Tekneye binmek için
tur gişesinden kayıt yaptır.{{TAG:000F:0006:000000000000}}
Önceki sayfa.
İçindekiler.
Okumayı bırak."
147,163,"Next to the tour counter in our
lobby is the {{TAG:0000:0003:0200}}Souvenir Shop{{TAG:0000:0003:FFFF}}.{{TAG:0000:0004:}}Here you will find rare items only
found on this island, so please get
something to remember the trip by.{{TAG:0000:0004:}}Be aware that souvenirs cannot
be purchased with Bells, but they
can be traded for {{TAG:0000:0003:0200}}medals{{TAG:0000:0003:FFFF}}. {{TAG:0000:0004:}}{{TAG:0000:0003:0200}}Medals {{TAG:0000:0003:FFFF}}are acquired by participating
in {{TAG:0000:0003:0200}}tours {{TAG:0000:0003:FFFF}}and are given out according
to how well you do.
Please participate in as many
tours as possible!{{TAG:000F:0006:000000000000}}
Lobby Information.
Continue.
Stop reading.","En la parte derecha del vestíbulo
verás nuestra {{TAG:0000:0003:0200}}tienda de recuerdos{{TAG:0000:0003:FFFF}}.{{TAG:0000:0004:}}Vendemos objetos únicos que
solo encontrarás en esta isla.{{TAG:0000:0004:}}Debes saber que aquí no aceptamos
bayas.{{TAG:0007:0000:14000000}} Si quieres un objeto, tendrás
que adquirirlo con {{TAG:0000:0003:0200}}medallas{{TAG:0000:0003:FFFF}}.
Participa en los {{TAG:0000:0003:0200}}tours {{TAG:0000:0003:FFFF}}y ganarás
{{TAG:0000:0003:0200}}medallas {{TAG:0000:0003:FFFF}}en función de lo bien
que lo hagas.
¡Únete a muchos tours y enseguida
tendrás un montón de medallas!{{TAG:000F:0006:000000000000}}
Elegir otro servicio
Volver al inicio
Dejar de leer","À droite du guichet de l'accueil
se trouve la {{TAG:0000:0003:0200}}boutique de souvenirs{{TAG:0000:0003:FFFF}}.{{TAG:0000:0004:}}Tu y trouveras des objets rares
provenant de cette île, alors
n'hésite pas à y faire un tour.{{TAG:0000:0004:}}Sache cependant que les
règlements ne se font pas en
clochettes, mais en {{TAG:0000:0003:0200}}médailles{{TAG:0000:0003:FFFF}}. {{TAG:0000:0004:}}Celles-ci peuvent être obtenues en
participant à des {{TAG:0000:0003:0200}}excursions{{TAG:0000:0003:FFFF}}, et leur
nombre dépend de tes exploits.
Alors essaie de prendre part à un
maximum d'excursions !{{TAG:000F:0006:000000000000}}
Lire une autre rubrique.
Revenir au sommaire.
Quitter.","Il {{TAG:0000:0003:0200}}negozio dei souvenir {{TAG:0000:0003:FFFF}}si trova
vicino al bancone nella hall.{{TAG:0000:0004:}}Lì potrete acquistare oggetti unici
che non troverete altrove. Una meta
obbligata prima di partire!{{TAG:0000:0004:}}Ricordatevi però che il negozio non
accetta pagamenti in stelline, ma
baratta i souvenir con le {{TAG:0000:0003:0200}}medaglie{{TAG:0000:0003:FFFF}}.{{TAG:0000:0004:}}Per vincere le {{TAG:0000:0003:0200}}medaglie{{TAG:0000:0003:FFFF}},
vi basterà partecipare ai {{TAG:0000:0003:0200}}tour
{{TAG:0000:0003:FFFF}}e dare il meglio di voi.
Vi consigliamo di partecipare
a più tour possibili!{{TAG:000F:0006:000000000000}}
Hall
Indice
Esci","Neben dem Ausflugschalter in
unserer Lobby befindet sich der
{{TAG:0000:0003:0200}}Souvenirladen{{TAG:0000:0003:FFFF}}.
Hier findest du seltene
Gegenstände, die es nur
auf dieser Insel gibt.
Du kannst diese Andenken nicht mit
Sternis erwerben, sondern erhältst
sie im Tausch gegen {{TAG:0000:0003:0200}}Medaillen{{TAG:0000:0003:FFFF}}.
Nimm an {{TAG:0000:0003:0200}}Ausflügen {{TAG:0000:0003:FFFF}}teil, um
{{TAG:0000:0003:0200}}Medaillen {{TAG:0000:0003:FFFF}}zu erhalten.{{TAG:0000:0004:}}Die Anzahl der Medaillen, die du
gewinnen kannst, richtet sich
danach, wie erfolgreich du bist!{{TAG:000F:0006:000000000000}}
Lobby-Info
Inhaltsverzeichnis
Genug gelesen!","Lobide tur gişesinin yanında
{{TAG:0000:0003:0200}}Hediyelik Dükkânı{{TAG:0000:0003:FFFF}} var.{{TAG:0000:0004:}}
Burada yalnızca adada bulunan
nadir eşyalar satılır;
gezi hatırası almayı
unutma.{{TAG:0000:0004:}}Hediyelikler Bell ile
alınmaz; {{TAG:0000:0003:0200}}madalyalar{{TAG:0000:0003:FFFF}} ile takas
edilir.{{TAG:0000:0004:}}{{TAG:0000:0003:0200}}{{TAG:0000:0003:FFFF}}Madalyaları{{TAG:0000:0003:0200}} turlara{{TAG:0000:0003:FFFF}}
katılarak, başarına göre kazanırsın.
Bol bol tura katıl!{{TAG:000F:0006:000000000000}}
Lobi bilgileri.
Devam.
Okumayı bırak."
148,164,"There is a waiting area for group
tours in front of the tour counter.{{TAG:0000:0004:}}Please see {{TAG:0000:0003:0200}}Intro to tours {{TAG:0000:0003:FFFF}}for
detailed information about the
various island tours.{{TAG:000F:0006:000000000000}}
Previous page.
Table of contents.
Stop reading.","Hay una zona de espera para los
tours en grupo delante mismo del
mostrador.{{TAG:0000:0004:}}Ve a la página {{TAG:0000:0003:0200}}Tours{{TAG:0000:0003:FFFF}} si quieres
información más detallada sobre
los tours de esta isla.{{TAG:000F:0006:000000000000}}
Elegir otro servicio
Volver al inicio
Dejar de leer","Nous disposons d'une zone
d'attente réservée aux excursions
en groupe.
Elle se trouve en face du
guichet de l'accueil.{{TAG:0000:0004:}}Pour plus de détails concernant
les excursions, consulte la section
{{TAG:0000:0003:0200}}Au sujet des excursions{{TAG:0000:0003:FFFF}}.{{TAG:000F:0006:000000000000}}
Lire une autre rubrique.
Revenir au sommaire.
Quitter.","L'area d'attesa situata davanti
al bancone dei tour è usata
per i tour di gruppo.{{TAG:0000:0004:}}Per maggiori informazioni sui tour
a disposizione sull'isola, consultate
la sezione relativa ai {{TAG:0000:0003:0200}}tour{{TAG:0000:0003:FFFF}}.{{TAG:000F:0006:000000000000}}
Hall
Indice
Esci","Vor dem Ausflugschalter
befindet sich ein Wartebereich
für Gruppenausflüge.
Nähere Informationen zu den
Ausflügen findest du unter
{{TAG:0000:0003:0200}}Ausflüge{{TAG:0000:0003:FFFF}}.{{TAG:000F:0006:000000000000}}
Lobby-Info
Inhaltsverzeichnis
Genug gelesen!","Tur gişesinin önünde grup
turları için bekleme alanı
vardır.{{TAG:0000:0004:}}
Ada turları hakkında ayrıntı
için {{TAG:0000:0003:0200}}Turlara giriş{{TAG:0000:0003:FFFF}} bölümüne bak.{{TAG:000F:0006:000000000000}}
Önceki sayfa.
İçindekiler.
Okumayı bırak."
149,165,"There's a beach area beyond the
southern gate of the lobby where
you can relax as you please.
You can catch bugs and fish, swim
in the ocean, and of course pick
fruit that you can then take home.
All the tools you need for the beach
area are rented out by {{TAG:0000:0003:0400}}Lloid{{TAG:0000:0003:FFFF}} the
Gyroid, so please see him for help.{{TAG:000F:0006:000000000000}}
Previous page.
Table of contents.
Stop reading.","Sal por la puerta sur del vestíbulo
y llegarás a la playa, donde podrás
relajarte como te plazca.{{TAG:0000:0004:}}Caza bichos, pesca, nada en el
océano, recoge fruta, ¡y luego
llévate lo que quieras a casa!
Si necesitas herramientas, el {{TAG:0000:0003:0400}}giroide{{TAG:0000:0003:FFFF}}
estará encantado de prestarte
todo lo que haga falta.{{TAG:000F:0006:000000000000}}
Elegir otro servicio
Volver al inicio
Dejar de leer","La porte au sud de l'accueil
mène à la plage. Tu es libre
d'aller t'y promener à ta guise.
Tu peux y attraper des insectes et
des poissons, nager dans l'océan, et
ramasser des fruits à emporter.
Si tu as besoin d'un outil ou
de quoi que ce soit, demande
à {{TAG:0000:0003:0400}}Gyroïde{{TAG:0000:0003:FFFF}}, sur la plage.{{TAG:000F:0006:000000000000}}
Lire une autre rubrique.
Revenir au sommaire.
Quitter.","La spiaggia è situata oltre
il cancello meridionale della hall.
È un luogo ideale per rilassarsi.
Lì potrete catturare insetti e pesci,
nuotare nell'oceano e raccogliere
frutta da portare a casa.
{{TAG:0000:0003:0400}}Gironio{{TAG:0000:0003:FFFF}} il giroide vi presterà tutte
le attrezzature che vi potranno
servire. Rivolgetevi a lui.{{TAG:000F:0006:000000000000}}
Hall
Indice
Esci","Hinter dem südlichen Tor der Lobby
gibt es einen Strand, an dem du dich
in Ruhe entspannen kannst.
Fang Insekten oder geh angeln,
schwimme im Meer oder sammle
Früchte für zu Hause. 
Wende dich an den {{TAG:0000:0003:0400}}Gyroiden{{TAG:0000:0003:FFFF}}, um
die Ausrüstung zu erhalten, die du
am Strand brauchst.{{TAG:000F:0006:000000000000}}
Lobby-Info
Inhaltsverzeichnis
Genug gelesen!","Lobinin güney kapısının ötesinde
dilediğince dinlenebileceğin
bir sahil alanı var. Böcek ve
balık yakalayabilir, yüzebilir
ve meyve toplayıp eve götürebilirsin.
Sahil için gereken tüm araçları
Gyroid {{TAG:0000:0003:0400}}Lloid{{TAG:0000:0003:FFFF}} ödünç verir;
yardıma ihtiyacın olursa ona danış.{{TAG:000F:0006:000000000000}}
Önceki sayfa.
İçindekiler.
Okumayı bırak."
150,166,"Please use the {{TAG:0000:0003:0200}}Items Drop-Off Box
{{TAG:0000:0003:FFFF}}next to the tour counter for any
items you'd like to take home.
When you return home, only items
checked in the {{TAG:0000:0003:0200}}Items Drop-Off Box
{{TAG:0000:0003:FFFF}}will be sent to your town.
All belongings will be transferred
to an {{TAG:0000:0003:0200}}Items Pick-Up Box {{TAG:0000:0003:FFFF}}on the
boat dock in your town.
When you return to your town,
please don't forget to grab your
things as soon as possible.{{TAG:000F:0006:000000000000}}
Previous page.
Table of contents.
Stop reading.","En el {{TAG:0000:0003:0200}}cesto de guardado {{TAG:0000:0003:FFFF}}puedes
meter los objetos que quieras
llevarte de vuelta a casa.
Cuando te vayas de la isla,
enviaremos a tu pueblo todo
lo que haya dentro.
Podrás recoger tus cosas en el
{{TAG:0000:0003:0200}}cesto de recogida {{TAG:0000:0003:FFFF}}del muelle
cuando llegues allí.{{TAG:0000:0004:}}No olvides cogerlo todo
cuanto antes.{{TAG:000F:0006:000000000000}}
Elegir otro servicio
Volver al inicio
Dejar de leer","Dépose les objets que tu souhaites
ramener chez toi dans le {{TAG:0000:0003:0200}}panier
{{TAG:0000:0003:FFFF}}situé à côté du guichet.{{TAG:0000:0004:}}Une fois de retour en ville, tu ne
peux récupérer que les objets
que tu as placés dans ce panier.
Tu les trouveras dans le {{TAG:0000:0003:0200}}panier {{TAG:0000:0003:FFFF}}posé
sur le ponton de ta ville.{{TAG:0000:0004:}}Pense à les récupérer
dès ton arrivée, surtout.{{TAG:000F:0006:000000000000}}
Lire une autre rubrique.
Revenir au sommaire.
Quitter.","Il {{TAG:0000:0003:0200}}cesto deposito oggetti {{TAG:0000:0003:FFFF}}al bancone
dei tour vi servirà per depositare gli
oggetti che volete portarvi a casa.{{TAG:0000:0004:}}Solo gli oggetti messi nel {{TAG:0000:0003:0200}}cesto
deposito oggetti{{TAG:0000:0003:FFFF}} saranno spediti
nella vostra città.
Al vostro ritorno li troverete
nel {{TAG:0000:0003:0200}}cesto ritiro oggetti {{TAG:0000:0003:FFFF}}al molo.{{TAG:0000:0004:}}Ricordatevi di ritirarli appena
ne avrete la possibilità!{{TAG:000F:0006:000000000000}}
Hall
Indice
Esci","Lagere in der {{TAG:0000:0003:0200}}Depotkiste {{TAG:0000:0003:FFFF}}neben dem
Ausflugschalter alles, was du mit
nach Hause nehmen möchtest.
Kehrst du nach Hause zurück, wird
nur das Gepäck in der {{TAG:0000:0003:0200}}Depotkiste
{{TAG:0000:0003:FFFF}}mit in die Stadt genommen.
Anschließend werden all diese
Gegenstände in die {{TAG:0000:0003:0200}}Abholkiste
{{TAG:0000:0003:FFFF}}am Bootssteg transferiert.
Vergiss nicht, nach deiner Rückkehr
dort nachzusehen.{{TAG:000F:0006:000000000000}}
Lobby-Info
Inhaltsverzeichnis
Genug gelesen!","Eve götürmek istediğin eşyaları
tur gişesinin yanındaki
{{TAG:0000:0003:0200}}Eşya Gönderme Kutusuna{{TAG:0000:0003:FFFF}} bırak.
Kasabana yalnızca {{TAG:0000:0003:0200}}Eşya Gönderme
Kutusuna{{TAG:0000:0003:FFFF}} bıraktıkların gider.
Eşyalar kasabandaki iskelede
bulunan {{TAG:0000:0003:0200}}Eşya Teslim Alma
Kutusuna{{TAG:0000:0003:FFFF}} aktarılır.
Dönünce eşyalarını geciktirmeden
almayı unutma.{{TAG:000F:0006:000000000000}}
Önceki sayfa.
İçindekiler.
Okumayı bırak."
151,167,"There is also a postal savings
{{TAG:0000:0003:0200}}Bellpoint{{TAG:0000:0003:FFFF}} in the lobby.{{TAG:0000:0004:}}Bells are not used on the island.
Please use this to store any extra
cash you may be carrying around.{{TAG:000F:0006:000000000000}}
Return to initial page.
Continue.
Stop reading.","En el vestíbulo también encontrarás
un {{TAG:0000:0003:0200}}bayero automático{{TAG:0000:0003:FFFF}}.{{TAG:0000:0004:}}Como aquí no aceptamos bayas,
úsalo para guardar las que te
sobren.{{TAG:000F:0006:000000000000}}
Elegir otro servicio
Volver al inicio
Dejar de leer","Un {{TAG:0000:0003:0200}}Distributeur Automatique de
Clochettes{{TAG:0000:0003:FFFF}} est à ta disposition
à l'accueil.
Tu peux l'utiliser pour déposer ton
argent, mais note que les clochettes
ne sont pas utilisées sur l'île.{{TAG:000F:0006:000000000000}}
Lire une autre rubrique.
Revenir au sommaire.
Quitter.","Nella hall troverete anche
uno {{TAG:0000:0003:0200}}Stellomat{{TAG:0000:0003:FFFF}} per depositare
tutto il vostro denaro.{{TAG:0000:0004:}}Ricordate: qui sull'isola, non usiamo
le stelline.{{TAG:000F:0006:000000000000}}
Torna all'inizio
Continua
Esci","In der Lobby gibt es auch einen
{{TAG:0000:0003:0200}}Bankautomaten{{TAG:0000:0003:FFFF}}.{{TAG:0000:0004:}}Dort kannst du Sternis auf dein
Konto einzahlen. Auf der Insel kann
mit Sternis nicht bezahlt werden.{{TAG:000F:0006:000000000000}}
Lobby-Info
Inhaltsverzeichnis
Genug gelesen!","Lobide bir posta tasarruf
{{TAG:0000:0003:0200}}Bellpoint'i{{TAG:0000:0003:FFFF}} de bulunur.{{TAG:0000:0004:}}
Adada Bell kullanılmaz.
Yanındaki fazla parayı burada saklayabilirsin.{{TAG:000F:0006:000000000000}}
İlk sayfaya dön.
Devam.
Okumayı bırak."
152,168,"Please participate in our wide
variety of island tours!{{TAG:0000:0004:}}Tours will take you to
outlying islands nearby.{{TAG:0000:0004:}}Once you arrive, your tour guide
will give you further instructions.","¡La atracción principal de esta
isla son los tours!{{TAG:0000:0004:}}En los tours visitarás varias islas
vecinas y participarás en juegos
muy divertidos.","Profite de ton séjour sur l'île
pour participer à l'une de nos
merveilleuses excursions !
Celles-ci te permettront de visiter
les îles alentours et de prendre part
à des activités très amusantes.","Vi invitiamo a partecipare ai tour
organizzati, mentre vi trovate
sull'isola.{{TAG:0000:0004:}}Con ogni tour visiterete un'isola
vicina e potrete prendere parte
a diversi giochi.","Wann immer du auf der Insel bist,
solltest du unbedingt an unseren
Ausflügen teilnehmen.
Auf Ausflügen kannst du die
umliegenden Inseln erkunden.{{TAG:0000:0004:}}Dort werden den Besuchern viele
spannende Spiele angeboten.","Çeşit çeşit ada turumuza katıl!{{TAG:0000:0004:}}
Turlar seni yakındaki dış
adalara götürür.{{TAG:0000:0004:}}
Varınca tur rehberin ayrıntılı
talimat verir."
153,169,"Please see the following for more
detailed information about tours:{{TAG:000F:0009:000000000000000000000000}}
To participate...
Luggage warning.
Intro to activities.
About medals.
Table of contents.
Stop reading.","Elige una opción de la lista
para obtener más información.{{TAG:000F:0009:000000000000000000000000}}
Unirse a un tour
Sobre el equipaje
Actividades
Las medallas
Volver al inicio
Dejar de leer","Sélectionne la rubrique qui
t'intéresse pour plus de
détails sur les excursions.{{TAG:000F:0009:000000000000000000000000}}
Comment s'inscrire ?
Note sur les bagages.
Au sujet des activités.
Au sujet des médailles.
Revenir au sommaire.
Quitter.","Prego selezionare l'aspetto dei
tour che si desidera approfondire:{{TAG:000F:0009:000000000000000000000000}}
Come partecipare
Bagagli
Attività
Medaglie
Indice
Esci","Hier findest du detailliertere
Informationen zu Ausflügen.{{TAG:000F:0009:000000000000000000000000}}
Teilnehmen
Gepäck
Aktivitäten
Medaillen
Inhaltsverzeichnis
Genug gelesen!","Turlar hakkında ayrıntılı bilgi:{{TAG:000F:0009:000000000000000000000000}}
Nasıl katılınır...
Eşya uyarısı.
Etkinliklere giriş.
Madalyalar hakkında.
İçindekiler.
Okumayı bırak."
154,170,"Go to the {{TAG:0000:0003:0200}}tour counter {{TAG:0000:0003:FFFF}}to
sign up for a tour.{{TAG:0000:0004:}}No participation fees are necessary,
so feel free to play at your leisure!{{TAG:0000:0004:}}After applying for a tour and once
all preparations are made, have a
seat in the waiting area.
When traveling with friends, the
boat will not depart for the tour
until all members are present.{{TAG:000F:0006:000000000000}}
Previous page.
Table of contents.
Stop reading.","Puedes apuntarte a los tours
en el {{TAG:0000:0003:0200}}mostrador {{TAG:0000:0003:FFFF}}del vestíbulo.{{TAG:0000:0004:}}Participar en un tour es gratis,
¡así que apúntate a todos los que
quieras!{{TAG:0000:0004:}}Cuando esté todo listo, siéntate
en la zona de espera para empezar
el tour.
Cuando vayas en grupo, el tour
no comenzará hasta que todos
estéis sentados.{{TAG:000F:0006:000000000000}}
Volver a la lista
Volver al inicio
Dejar de leer","Pour t'inscrire à une excursion,
adresse-toi au {{TAG:0000:0003:0200}}guichet{{TAG:0000:0003:FFFF}}.{{TAG:0000:0004:}}La participation est gratuite,
alors amuse-toi autant que
tu le souhaites !
Une fois que tu t'es inscrit{{TAG:000E:0006:000002006500}} et que
tu es prêt{{TAG:000E:0006:000002006500}} à partir, prends place
sur une chaise de la zone d'attente.
Si tu as prévu de partir avec des
amis, tu devras attendre qu'ils
soient tous assis pour embarquer.{{TAG:000F:0006:000000000000}}
Lire une autre rubrique.
Revenir au sommaire.
Quitter.","Rivolgetevi al {{TAG:0000:0003:0200}}bancone dei tour
{{TAG:0000:0003:FFFF}}per iscrivervi a un tour.{{TAG:0000:0004:}}Non ci sono quote di iscrizione da
pagare, quindi partecipate tutte
le volte che volete!{{TAG:0000:0004:}}Completata l'iscrizione, non vi
rimane che aspettare
nell'area d'attesa.{{TAG:0000:0004:}}Se vi trovate in viaggio con amici,
la barca partirà solo quando tutti
i partecipanti si saranno seduti.{{TAG:000F:0006:000000000000}}
Pagina precedente
Indice
Esci","Am {{TAG:0000:0003:0200}}Ausflugschalter {{TAG:0000:0003:FFFF}}kannst du
dich für einen Ausflug anmelden. {{TAG:0000:0004:}}Teilnahmegebühren gibt es keine,
also mach einfach mit!{{TAG:0000:0004:}}Nimm im Wartebereich Platz,
wenn du dich für einen Ausflug
angemeldet hast und bereit bist.
Wenn du mit Freunden unterwegs
bist, fährt das Boot nicht ab, bis
alle Freunde da sind.{{TAG:000F:0006:000000000000}}
Ausflüge
Inhaltsverzeichnis
Genug gelesen!","Tura yazılmak için {{TAG:0000:0003:0200}}tur gişesine{{TAG:0000:0003:FFFF}}
git.{{TAG:0000:0004:}}
Katılım ücreti yok; dilediğince
oynayabilirsin!{{TAG:0000:0004:}}
Kaydolup hazırlık bitince
bekleme alanına otur.
Arkadaşlarınla gidiyorsan herkes
gelmeden tekne kalkmaz.{{TAG:000F:0006:000000000000}}
Önceki sayfa.
İçindekiler.
Okumayı bırak."
155,171,"To keep the playing field level for
all game participants, you cannot
take handheld luggage on tours.
After taking a seat in the waiting
area, anything in your pockets will
be exchanged for Bells.
Please be aware that the island rate
will differ greatly from the standard
town rate.
These Bells will then be deposited
in your postal savings account.{{TAG:0000:0004:}}Please put all belongings you'd like
to take back to town into the
{{TAG:0000:0003:0200}}Items Drop-Off Box{{TAG:0000:0003:FFFF}}.{{TAG:000F:0006:000000000000}}
Previous page.
Table of contents.
Stop reading.","Para asegurarnos de que nadie
juega con ventaja, está prohibido
llevar objetos a los tours.
Antes de zarpar, te cambiaremos
por bayas todo lo que lleves en los
bolsillos.
Nuestros precios de compra son
distintos a los de tu pueblo y puede
que recibas menos bayas.
Además, te ingresaremos las bayas
directamente a tu cuenta.{{TAG:0000:0004:}}Asegúrate de guardar en el {{TAG:0000:0003:0200}}cesto
de guardado {{TAG:0000:0003:FFFF}}todo lo que quieras
llevarte de vuelta a casa.{{TAG:000F:0006:000000000000}}
Volver a la lista
Volver al inicio
Dejar de leer","Afin d'assurer à tous les joueurs
des conditions de jeu identiques...{{TAG:0000:0004:}}... les objets personnels ne sont
pas autorisés lors des excursions.{{TAG:0000:0004:}}Une fois que tu te seras assis{{TAG:000E:0006:000002006500}}
pour attendre l'embarquement...{{TAG:0000:0004:}}... tes objets te seront retirés et
échangés contre des clochettes qui
seront déposées sur ton compte.
Note au passage que les prix
pratiqués alors sont moins
avantageux pour toi qu'en ville.
Ainsi, pense à placer tous les
objets que tu souhaites ramener
chez toi dans le {{TAG:0000:0003:0200}}panier{{TAG:0000:0003:FFFF}}.{{TAG:000F:0006:000000000000}}
Lire une autre rubrique.
Revenir au sommaire.
Quitter.","Per evitare vantaggi di qualsiasi
tipo non è consentito portare
alcun bagaglio in tour.
Perderete perciò il contenuto
delle vostre tasche non appena
vi siederete nell'area d'attesa.
Verrete risarciti in stelline tramite
un versamento sul vostro conto
di risparmio postale.
Attenzione: il valore delle stelline
sull'isola è molto diverso da quello
normalmente usato in città.
Ricordatevi di depositare gli oggetti
che volete riportare in città
nel {{TAG:0000:0003:0200}}cesto deposito oggetti{{TAG:0000:0003:FFFF}}.{{TAG:000F:0006:000000000000}}
Pagina precedente
Indice
Esci","Damit alle die gleichen Chancen
haben, kannst du zu einem Ausflug
kein Handgepäck mitbringen.
Wenn du im Wartebereich Platz
nimmst, wird dein Handgepäck
automatisch verkauft.
Das Guthaben wird auf dein Konto
überwiesen.{{TAG:0000:0004:}}Aber denk daran: Auf der Insel wer-
den dir für deine Sachen niedrigere
Preise gezahlt als in der Stadt.
Achte daher darauf, alle Dinge, die
du mit in die Stadt nehmen willst,
in die {{TAG:0000:0003:0200}}Depotkiste {{TAG:0000:0003:FFFF}}zu legen.{{TAG:000F:0006:000000000000}}
Ausflüge
Inhaltsverzeichnis
Genug gelesen!","Tüm katılımcılar için şartları
eşitlemek amacıyla turlara
el bagajı götürülemez. Bekleme
alanına oturunca cebindekiler
Bell'e çevrilir.
Adadaki kurun kasabadakinden çok
farklı olduğunu unutma.
Bu Belller posta tasarruf
hesabına yatırılır.{{TAG:0000:0004:}}Kasabaya
götürmek istediğin her şeyi {{TAG:0000:0003:0200}}Eşya
Gönderme Kutusuna{{TAG:0000:0003:FFFF}} koy.{{TAG:000F:0006:000000000000}}
Önceki sayfa.
İçindekiler.
Okumayı bırak."
156,172,"We offer various tours with
activities for you to enjoy.{{TAG:0000:0004:}}～Examples of Activities～
Fishing competition, bug-catching
competition, diving competition...
mazes, balloon popping, ore
hunting, robot whacking, etc.{{TAG:0000:0004:}}The availability of tours changes
regularly, so please check with
the tour counter.
For a detailed explanation of the
rules, please talk to your tour guide
during each specific tour.{{TAG:000F:0006:000000000000}}
Previous page.
Table of contents.
Stop reading.","No todos los tours son iguales,{{TAG:0007:0000:14000000}}
en cada uno podrás realizar
una actividad distinta.{{TAG:0000:0004:}}Ejemplos de actividades:
competiciones de pesca,
de caza de bichos, de buceo,...
correr por laberintos, reventar
globos, buscar piedras preciosas,
etcétera.{{TAG:0000:0004:}}La oferta de tours cambia a
menudo. Consulta en el mostrador
cuáles están disponibles.
Si no sabes qué hacer durante un
tour, habla con el guía para que
te dé más instrucciones.{{TAG:000F:0006:000000000000}}
Volver a la lista
Volver al inicio
Dejar de leer","Nous offrons de nombreuses
excursions et activités pour
le plaisir de chacun.{{TAG:0000:0004:}}～ Exemples d'activités ～{{TAG:0000:0004:}}Concours de pêche et de plongée,
chasse aux insectes et aux cristaux,
labyrinthes, tir aux ballons, etc.
Pour plus de détails sur les règles
de chaque activité, adresse-toi à
l'animateur lors de l'excursion.
Enfin, les excursions disponibles
changent régulièrement, alors
renseigne-toi au guichet.{{TAG:000F:0006:000000000000}}
Lire une autre rubrique.
Revenir au sommaire.
Quitter.","Ci sono diverse attività alle
quali potete partecipare.{{TAG:0000:0004:}}Potrete fare gare di pesca,
di immersione o di caccia
agli insetti...{{TAG:0000:0004:}}O ancora potrete perdervi nei
labirinti, far esplodere palloncini,
cacciare minerali, colpire robot...{{TAG:0000:0004:}}I tour cambiano ogni volta. Chiedete
al bancone dei tour quali sono
disponibili in quel momento.
Le regole vi saranno spiegate
dalla guida durante il tour.{{TAG:000F:0006:000000000000}}
Pagina precedente
Indice
Esci","Wir bieten die verschiedensten
Ausflüge mit spannenden
Aktivitäten an!
Fange Fische oder Insekten, tauche
oder erkunde Labyrinthe – und es
gibt noch vieles mehr zu entdecken!
Es werden immer andere Ausflüge
angeboten, also informiere dich am
Ausflugschalter. 
Genaueres zu den jeweiligen
Spielregeln erfährst du während
des Ausflugs vom Reiseleiter. {{TAG:000F:0006:000000000000}}
Ausflüge
Inhaltsverzeichnis
Genug gelesen!","Eğlenmen için farklı
etkinliklere sahip pek çok tur
sunuyoruz.{{TAG:0000:0004:}}
～Etkinlik Örnekleri～
Balık, böcek ve dalış
yarışmaları; labirent, balon
patlatma, cevher avı, robot vurma ve daha
fazlası.{{TAG:0000:0004:}}
Tur seçenekleri düzenli değişir;
gişeye göz at.
Kuralları her turda rehberinden öğrenebilirsin.{{TAG:000F:0006:000000000000}}
Önceki sayfa.
İçindekiler.
Okumayı bırak."
157,173,"All tour participants will receive
commemorative medals.{{TAG:0000:0004:}}You can exchange the medals you
collect for items in the Souvenir
Shop.{{TAG:0000:0004:}}The better your score on a tour,
the more medals you'll be awarded,
so show us what you've got!{{TAG:000F:0006:000000000000}}
Previous page.
Table of contents.
Stop reading.","Al final de cada tour, todos los
participantes recibiréis medallas.{{TAG:0000:0004:}}Puedes cambiar las medallas
por objetos en la tienda de
recuerdos.{{TAG:0000:0004:}}El número de medallas que recibas
dependerá de la puntuación que
obtengas. ¡Esfuérzate al máximo!{{TAG:000F:0006:000000000000}}
Volver a la lista
Volver al inicio
Dejar de leer","Les participants aux excursions
peuvent recevoir des médailles.{{TAG:0000:0004:}}Celles-ci sont échangeables
contre des articles de la
boutique de souvenirs.{{TAG:0000:0004:}}Le nombre de médailles reçues
lors d'une excursion dépend de tes
résultats, alors donne-toi à fond !{{TAG:000F:0006:000000000000}}
Lire une autre rubrique.
Revenir au sommaire.
Quitter.","Ai partecipanti verranno consegnate
delle medaglie di partecipazione,
a seconda delle condizioni.{{TAG:0000:0004:}}Potrete barattare le medaglie
raccolte durante i tour nel negozio
dei souvenir in cambio di oggetti.{{TAG:0000:0004:}}Migliore sarà il vostro punteggio
nel tour, più medaglie guadagnerete!{{TAG:000F:0006:000000000000}}
Pagina precedente
Indice
Esci","Alle Ausflugteilnehmer erhalten
Medaillen für ihre erfolgreiche
Teilnahme.
Im Souvenirladen kannst du deine
gesammelten Medaillen gegen
Insel-Souvenirs eintauschen.
Je besser du bei einem Ausflug
abschneidest, desto mehr Medaillen
erhältst du. Gib also dein Bestes!{{TAG:000F:0006:000000000000}}
Ausflüge
Inhaltsverzeichnis
Genug gelesen!","Tüm tur katılımcıları hatıra
madalyaları kazanır.{{TAG:0000:0004:}}
Madalyaları Hediyelik Dükkânında
eşyalarla takas edebilirsin.{{TAG:0000:0004:}}
Puanın ne kadar yüksekse o kadar
çok madalya kazanırsın;
elinden geleni göster!{{TAG:000F:0006:000000000000}}
Önceki sayfa.
İçindekiler.
Okumayı bırak."
158,174,"We are currently accepting
applications for {{TAG:0000:0003:0200}}Club Tortimer{{TAG:0000:0003:FFFF}}.{{TAG:0000:0004:}}{{TAG:0000:0003:0200}}Club Tortimer{{TAG:0000:0003:FFFF}} is a membership
program for all Tortimer Island
visitors.","Los miembros del {{TAG:0000:0003:0200}}Club Tórtimer{{TAG:0000:0003:FFFF}}
reciben un servicio especial en
la Isla Tórtimer.
¡Cualquiera que visite la isla puede
hacerse miembro!","Le {{TAG:0000:0003:0200}}Club Tortimer{{TAG:0000:0003:FFFF}} recrute !{{TAG:0000:0004:}}Tous les visiteurs de Tortiland
peuvent en devenir membre.","Stiamo attualmente accettando
nuovi membri nel {{TAG:0000:0003:0200}}Club Tortimer{{TAG:0000:0003:FFFF}}.{{TAG:0000:0004:}}Il {{TAG:0000:0003:0200}}Club Tortimer{{TAG:0000:0003:FFFF}} è un club
aperto a tutti i visitatori
dell'Isola di Tortimer.","Bewirb dich jetzt jetzt als Mitglied
im {{TAG:0000:0003:0200}}Törtel-Club{{TAG:0000:0003:FFFF}}! Exklusiv für
Besucher der Törtel-Insel!","Şu anda {{TAG:0000:0003:0200}}Club Tortimer{{TAG:0000:0003:FFFF}} üyelik
başvuruları açık.{{TAG:0000:0004:}}{{TAG:0000:0003:0200}}Club Tortimer{{TAG:0000:0003:FFFF}},
Tortimer Adası ziyaretçilerine
özel bir üyelik programıdır."
159,175,"For more detailed information
about {{TAG:0000:0003:0200}}Club Tortimer{{TAG:0000:0003:FFFF}}, please refer
to the following:{{TAG:000F:0009:000000000000000000000000}}
Club Tortimer.
Becoming a member.
Tours for members.
Request for members.
Table of contents.
Stop reading.","Elige una opción de la lista
para obtener más información.{{TAG:000F:0009:000000000000000000000000}}
Club Tórtimer
Hacerse miembro
Tours en grupo
Normas del club
Volver al inicio
Dejar de leer","Sélectionne la rubrique qui
t'intéresse pour plus de détails
sur le Club Tortimer.{{TAG:000F:0009:000000000000000000000000}}
Club Tortimer.
Devenir membre.
Excursions membres.
Note aux membres.
Revenir au sommaire.
Quitter.","Prego selezionare un'opzione
per ricevere maggiori informazioni:{{TAG:000F:0009:000000000000000000000000}}
Cos'è il Club Tortimer
Diventare soci
Tour per i soci
Doveri dei soci
Indice
Esci","Weitere Informationen zum
Törtel-Club findest du hier:{{TAG:000F:0009:000000000000000000000000}}
Über den Törtel-Club
Mitglied werden
Ausflüge für Mitglieder
Wichtige Hinweise
Inhaltsverzeichnis
Genug gelesen!","{{TAG:0000:0003:0200}}Club Tortimer{{TAG:0000:0003:FFFF}} hakkında ayrıntılı
bilgi:{{TAG:000F:0009:000000000000000000000000}}
Club Tortimer.
Nasıl üye olunur.
Üyelere özel turlar.
Üyelerden ricamız.
İçindekiler.
Okumayı bırak."
160,176,"Club Tortimer is a club-member
service for people who want even
more extraordinary experiences.
When you become a member, you
can meet other club members on
an island through {{TAG:0000:0003:0200}}random matching{{TAG:0000:0003:FFFF}}.
When you meet on the island, you
can chat and go on tours.{{TAG:000F:0006:000000000000}}
Previous page.
Table of contents.
Stop reading.","El Club Tórtimer es un club muy
exclusivo para viajeros que quieran
vivir nuevas experiencias.
Si te unes al club, podrás reunirte
con otros miembros de{{TAG:0000:0003:0200}} forma
aleatoria {{TAG:0000:0003:FFFF}}en el vestíbulo de la isla.
Aprovecha la oportunidad para
charlar e irte de tour con ellos.{{TAG:000F:0006:000000000000}}
Volver a la lista
Volver al inicio
Dejar de leer","Le Club Tortimer s'adresse
à toute personne en quête
d'expériences enrichissantes.
En t'inscrivant, tu peux croiser
d'autres membres sur l'île grâce
aux {{TAG:0000:0003:0200}}rencontres aléatoires{{TAG:0000:0003:FFFF}}.
Tu peux alors discuter avec eux et
participer aux mêmes excursions.{{TAG:000F:0006:000000000000}}
Lire une autre rubrique.
Revenir au sommaire.
Quitter.","Il Club Tortimer è riservato
alle persone che vogliono vivere
esperienze davvero straordinarie.
I soci ammessi nel club possono
riunirsi nella hall dell'isola grazie
a degli {{TAG:0000:0003:0200}}incontri casuali{{TAG:0000:0003:FFFF}}...{{TAG:0000:0004:}}... e possono chiacchierare
o partecipare insieme a un tour.{{TAG:000F:0006:000000000000}}
Pagina precedente
Indice
Esci","Der Törtel-Club ist ein exklusiver
Service für all diejenigen, die ein
außergewöhnliches Erlebnis suchen.
Als Mitglied kannst du auf der Insel
weitere Mitglieder treffen, die
{{TAG:0000:0003:0200}}zufällig ausgewählt {{TAG:0000:0003:FFFF}}wurden. 
Triffst du jemanden auf der Insel,
könnt ihr euch unterhalten und
gemeinsam Ausflüge unternehmen. {{TAG:000F:0006:000000000000}}
Törtel-Club
Inhaltsverzeichnis
Genug gelesen!","Club Tortimer, daha sıra dışı
deneyimler isteyenlere özel bir hizmettir.
Üye olunca {{TAG:0000:0003:0200}}rastgele eşleştirme{{TAG:0000:0003:FFFF}}
ile adada başka üyelerle buluşabilirsin.
Adada sohbet edebilir ve
birlikte turlara katılabilirsiniz.{{TAG:000F:0006:000000000000}}
Önceki sayfa.
İçindekiler.
Okumayı bırak."
161,177,"If you're interested in becoming
a Club Tortimer member, please
apply at the Souvenir Shop.
However, please keep the following
three things in mind when applying
for club membership:
{{TAG:0000:0003:0200}}（1）Random Internet connection
matching among club members is
done online.
（2）Online Interaction in
Parental Controls cannot
be set as restricted.
（3）Sharing Images / Audio /
Video / Long Text Data in
Parental Controls...
cannot be set as restricted.{{TAG:0000:0004:}}{{TAG:0000:0003:FFFF}}If you are unable to connect to
the Internet or have the above-
mentioned restrictions...
you will be unable to take advantage
of Club Tortimer.{{TAG:0000:0004:}}Thank you for your cooperation!{{TAG:000F:0006:000000000000}}
Previous page.
Table of contents.
Stop reading.","Si te interesa unirte al Club
Tórtimer, habla con la dependienta
de la tienda de recuerdos.
Antes de hacerte miembro, ten en
cuenta la siguiente información:{{TAG:0000:0004:}}{{TAG:0000:0003:0200}}1) Los encuentros aleatorios
entre socios del club requieren
una conexión a internet.
2) La comunicación en línea con
otros usuarios no debe estar
restringida por el control parental.
3) El control parental tampoco debe
restringir el intercambio de audio,
imágenes, vídeo y texto.
{{TAG:0000:0003:FFFF}}Si no cumples estas condiciones,
no podrás usar este servicio.
¡Gracias por tu comprensión!{{TAG:000F:0006:000000000000}}
Volver a la lista
Volver al inicio
Dejar de leer","Pour faire partie du Club Tortimer,
procure-toi un bulletin d'adhésion
à la boutique de souvenirs.
Cependant, assure-toi que ces trois
conditions soient remplies avant
l'inscription :
{{TAG:0000:0003:0200}}1. Tu disposes d'une connexion
Internet, laquelle est nécessaire
pour les rencontres aléatoires.
2. Les interactions en ligne avec
les autres utilisateurs ne sont pas
restreintes par le contrôle parental.
3. L'échange de fichiers audio ou
vidéo, images et messages n'est pas
restreint par le contrôle parental.{{TAG:0000:0003:FFFF}}
Si l'une de ces conditions n'est
pas remplie, le service ne sera
pas disponible.{{TAG:000F:0006:000000000000}}
Lire une autre rubrique.
Revenir au sommaire.
Quitter.","Se volete diventare soci del Club
Tortimer, parlate con la commessa
al negozio dei souvenir.
La vostra richiesta verrà accettata
solo se soddisferete i tre requisiti
descritti di seguito.{{TAG:0000:0004:}}{{TAG:0000:0003:0200}}（1）Gli incontri casuali fra i soci
sono effettuati utilizzando
la connessione Internet.
（2）L'interazione online con
gli altri utenti non è limitata
dal filtro famiglia.
（3）L'invio e la ricezione di foto,
suoni, video e messaggi testuali non
sono limitati dal filtro famiglia.{{TAG:0000:0004:}}{{TAG:0000:0003:FFFF}}Il servizio sarà disponibile solo se
queste condizioni sono rispettate.
Grazie della vostra collaborazione!{{TAG:000F:0006:000000000000}}
Pagina precedente
Indice
Esci","Melde dich beim Souvenirladen an,
wenn du an einer Mitgliedschaft
im Törtel-Club interessiert bist.
Dabei solltest du die folgenden
drei Dinge beachten:{{TAG:0000:0004:}}{{TAG:0000:0003:0200}}(1) Um mit anderen Clubmitgliedern
spielen zu können, benötigst du eine
Internetverbindung.
(2) Interaktionen mit anderen über
das Internet müssen in den Alters-
beschränkungen zugelassen sein.
(3) Der Austausch von Dateien über
das Internet muss in den Alters-
beschränkungen zugelassen sein.{{TAG:0000:0004:}}{{TAG:0000:0003:FFFF}}Wenn diese Bedingungen nicht
erfüllt sind, kannst du diese
Funktion nicht nutzen.{{TAG:000F:0006:000000000000}}
Törtel-Club
Inhaltsverzeichnis
Genug gelesen!","Club Tortimer üyesi olmak
istersen Hediyelik Dükkânından başvur.
Başvururken şu üç noktayı
unutma: {{TAG:0000:0003:0200}}(1) Üyeler arası rastgele
internet eşleştirmesi çevrim içidir.
(2) Ebeveyn Denetimindeki Çevrim
İçi Etkileşim kısıtlı olmamalıdır.
(3) Görüntü/Ses/Video/Uzun Metin
Paylaşımı da kısıtlı
olmamalıdır.{{TAG:0000:0004:}}{{TAG:0000:0003:FFFF}}İnternete
bağlanamıyorsan veya bu
kısıtlamalar açıksa
Club Tortimer'dan
yararlanamazsın.{{TAG:0000:0004:}}Anlayışın için teşekkürler!{{TAG:000F:0006:000000000000}}
Önceki sayfa.
İçindekiler.
Okumayı bırak."
162,178,"While club members are staying on
the island, there's a possibility that
other members will visit or leave.
Conversely, it's also possible that
you could find yourself alone when
you get to the island.
While waiting for other guests to
arrive, please feel free to relax in
the beach area or the lobby.
It is up to each individual club
member to decide to participate
in a tour with another member.
Even if all members are not seated
in the waiting area...{{TAG:0000:0004:}}the tour will start immediately once
the main representative sits down in
the waiting area.
When waiting for someone, the
representative should sit down
after everyone else.{{TAG:000F:0006:000000000000}}
Previous page.
Table of contents.
Stop reading.","Mientras un socio esté en la isla,
es posible que otros lleguen o
se vayan.
También es posible que no haya
nadie cuando llegues a la isla.{{TAG:0000:0004:}}Mientras esperas a otros miembros,
aprovecha para relajarte en
el vestíbulo o en la playa.
Queda a tu elección participar
o no en un tour con otros socios.{{TAG:0000:0004:}}El tour empezará cuando
el socio que lo haya elegido
se siente en la zona de espera.{{TAG:0000:0004:}}Quien no se haya sentado antes,
se quedará en tierra.{{TAG:000F:0006:000000000000}}
Volver a la lista
Volver al inicio
Dejar de leer","D'autres membres peuvent te
rejoindre sur l'île et la quitter
à tout moment.
En revanche, il peut aussi arriver
que tu t'y retrouves seul{{TAG:000E:0006:000002006500}}.{{TAG:0000:0004:}}Alors, en attendant les autres, fais
un tour sur la plage ou visite la
boutique de souvenirs, par exemple.
Chaque membre est libre de
participer ou non à une excursion
avec un autre membre.
Attention, l'excursion commence
dès que celui qui l'a sélectionnée
s'assoit dans la zone d'attente...{{TAG:0000:0004:}}... et ce, même si d'autres membres
ne sont pas encore assis.{{TAG:0000:0004:}}Une fois l'excursion sélectionnée,
le membre responsable doit veiller
à s'asseoir en dernier.{{TAG:000F:0006:000000000000}}
Lire une autre rubrique.
Revenir au sommaire.
Quitter.","Mentre un socio si trova su un'isola,
è possibile che altri soci arrivino
o partano.
È anche possibile però che
non ci siano altri soci durante
la vostra permanenza sull'isola.
Mentre aspettate l'arrivo degli altri
ospiti, potrete ingannare il tempo
in spiaggia o nella hall.
I soci possono di volta in volta
decidere se partecipare o meno
ai tour in compagnia di altri soci.
Il tour inizia quando il socio che l'ha
scelto si siede nell'area d'attesa.{{TAG:0000:0004:}}Chiunque non si sieda prima di lui,
resterà a terra.{{TAG:0000:0004:}}Il socio che ha scelto il tour
dovrebbe quindi attendere l'arrivo
di tutti prima di sedersi.{{TAG:000F:0006:000000000000}}
Pagina precedente
Indice
Esci","Bist du auf der Insel, kann es sein,
dass andere Clubmitglieder die
Insel besuchen oder verlassen.
Andererseits ist es auch möglich,
dass du dich völlig allein auf der
Insel befindest.
Mach es dir am Strand oder in der
Lobby bequem, während du auf die
Ankunft weiterer Besucher wartest.
Jedes Mitglied kann entscheiden,
ob es am Ausflug eines anderen
Mitglieds teilnehmen möchte. 
Der Ausflug startet, wenn derjenige,
der diesen Ausflug gebucht hat, im
Wartebereich Platz genommen hat.
Das gilt auch, wenn noch nicht
alle anderen Mitglieder Platz
genommen haben.
Hast du einen Ausflug gebucht und
wartest noch auf Teilnehmer?{{TAG:0000:0004:}}Dann solltest du dich erst setzen,
wenn alle anderen bereits Platz
genommen haben.{{TAG:000F:0006:000000000000}}
Törtel-Club
Inhaltsverzeichnis
Genug gelesen!","Üyeler adadayken başka üyeler
gelip gidebilir.
Adaya vardığında yalnız kalman
da mümkündür.
Diğer konukları beklerken
sahilde veya lobide rahatça
vakit geçir.
Bir başkasıyla tura katılmak her
üyenin kendi kararıdır.
Herkes bekleme alanında oturmasa
bile...{{TAG:0000:0004:}}ana temsilci oturduğu
anda tur hemen başlar.
Birini bekliyorsanız temsilci en
son oturmalıdır.{{TAG:000F:0006:000000000000}}
Önceki sayfa.
İçindekiler.
Okumayı bırak."
163,179,"Club Tortimer members should keep
the following in mind when visiting
the island with other club members:
Club members typically do not know
each other and will be meeting for
the first time on the island.
There may be times when members
from different countries who speak
different languages arrive.
Please do not use any offensive
language while on the island.{{TAG:0000:0004:}}Also, please refrain from wearing
designs that may be offensive to
anyone else who may be visiting.
Try your best to make it a pleasant
stay and tour for everyone!{{TAG:000F:0007:0000000000000000}}
What if someone's bad?
Previous page.
Table of contents.
Stop reading.","Ten en cuenta lo siguiente cuando
te encuentres con otros socios
del Club Tórtimer:
Normalmente no conocerás a nadie
y será la primera vez que os
encontréis en la isla.
En algunas ocasiones te cruzarás
con socios de otros países que
hablarán idiomas diferentes.
No uses un lenguaje ofensivo
mientras estés en la isla.{{TAG:0000:0004:}}Evita también cualquier diseño
que pueda ser ofensivo para
los demás socios.
¡Si todos colaboramos, lograremos
que esta sea una experiencia
agradable y divertida!{{TAG:000F:0007:0000000000000000}}
¿Si alguien es ofensivo?
Volver a la lista
Volver al inicio
Dejar de leer","Garde les informations suivantes
à l'esprit lorsque tu te trouves sur
l'île avec d'autres membres :
- en général, les membres ne se
connaissent pas et ils se croisent
sur l'île pour la première fois ;
- des membres issus de différents
pays et parlant différentes langues
peuvent se présenter ;
- les membres se doivent de ne
pas utiliser de langage grossier ;{{TAG:0000:0004:}}- les motifs susceptibles de heurter
la sensibilité des autres membres
sont à proscrire.
Nous comptons sur tous les
membres pour faire de ce lieu
un endroit agréable et convivial !{{TAG:000F:0007:0000000000000000}}
Bloquer un utilisateur.
Lire une autre rubrique.
Revenir au sommaire.
Quitter.","Tenete a mente alcuni punti
fondamentali quando incontrerete
gli altri soci del Club Tortimer.
È probabile che li vedrete sull'isola
per la prima volta.{{TAG:0000:0004:}}Potrete anche conoscere soci
che parlano lingue diverse.{{TAG:0000:0004:}}Vi preghiamo di non usare
un linguaggio offensivo durante
il soggiorno sull'isola...
... e di evitare di indossare capi
con immagini che possono essere
offensive.
Queste poche regole renderanno
il soggiorno più piacevole per tutti!{{TAG:000F:0007:0000000000000000}}
Provvedimenti
Pagina precedente
Indice
Esci","Bitte beachte die folgenden
Hinweise zum Törtel-Club:{{TAG:0000:0004:}}Clubmitglieder auf der Insel kennen
sich wahrscheinlich nicht und
treffen sich dort zum ersten Mal.
Es kann vorkommen, dass sich
Mitglieder aus verschiedenen
Ländern auf der Insel treffen.
In diesem Fall sprecht ihr vielleicht
nicht die gleiche Sprache.{{TAG:0000:0004:}}Verwende bitte keine Wörter,
die andere beleidigen könnten.{{TAG:0000:0004:}}Trage während deines Besuchs keine
Designs, die andere als beleidigend
empfinden könnten.
Hilf mit, den Aufenthalt hier und
die Ausflüge zu einem erfreulichen
Erlebnis für alle zu machen!{{TAG:000F:0007:0000000000000000}}
Andere Nutzer sperren
Törtel-Club
Inhaltsverzeichnis
Genug gelesen!","Club Tortimer'da diğer üyelerle
adayı ziyaret ederken şunları
unutma: Üyeler çoğunlukla birbirini
tanımaz ve ilk kez adada karşılaşır.
Farklı ülkelerden, farklı diller
konuşan kişiler gelebilir.
Lütfen adada kırıcı veya
uygunsuz dil
kullanma.{{TAG:0000:0004:}}Başkalarını rahatsız
edebilecek desenler giymekten de kaçın.
Herkes için keyifli bir ada ve
tur ortamı oluşturmaya çalış!{{TAG:000F:0007:0000000000000000}}
Biri kötü davranırsa?
Önceki sayfa.
İçindekiler.
Okumayı bırak."
164,180,"In the event that a club member
does something offensive, please
use the {{TAG:0000:0003:0200}}blacklist {{TAG:0000:0003:FFFF}}function.
This function will guarantee that
the blacklisted individual will not
be matched with you again.
～Blacklist Registration Procedure～{{TAG:0000:0004:}}(1) While on the island, tap {{TAG:0000:0003:0300}}{{TAG:0000:0003:FFFF}} on
the lower screen and open the list
of people currently on the island.
(2) Select the name of the person
you would like to register to the
blacklist and add them.
Please keep the following points
in mind when registering:{{TAG:0000:0004:}}(1) Both the person registering and
the person being registered must be
on the island at the same time.
(2) Even after registration is
complete, both players remain
on the island until departure.
(3) Once a member is registered to
the list, that member can never be
removed. Please take extra care!{{TAG:000F:0006:000000000000}}
Previous page.
Table of contents.
Stop reading.","Si algún socio del club se
comporta de forma ofensiva,
regístralo en la {{TAG:0000:0003:0200}}lista negra{{TAG:0000:0003:FFFF}}.
De esta forma te asegurarás de
no volverte a encontrar con los
socios que tengas en esa lista.
～Añadir nombres a la lista negra～{{TAG:0000:0004:}}1) En la isla, toca  en la pantalla
táctil para ver la lista de personas
que hay en la isla contigo.
2) Selecciona el nombre de la
persona y añádelo a tu lista negra.{{TAG:0000:0004:}}Ten presente lo siguiente
cuando registres a alguien
en la lista negra:{{TAG:0000:0004:}}1) Tanto tú como la persona
en cuestión debéis estar en
la isla al mismo tiempo.
2) Registrar a alguien en la lista
negra no tendrá efecto hasta que
uno de los dos se vaya de la isla.
3) Si registras a alguien en la lista,
no podrás quitarlo de ella nunca.
¡Piénsatelo bien!{{TAG:000F:0006:000000000000}}
Volver a la lista
Volver al inicio
Dejar de leer","Pour bloquer un utilisateur
indésirable, ajoute-le à la
{{TAG:0000:0003:0200}}liste noire{{TAG:0000:0003:FFFF}}.
Tu seras ainsi assuré{{TAG:000E:0006:000002006500}} de ne plus
croiser cet individu sur l'île.{{TAG:0000:0004:}}～ Procédure de blocage ～{{TAG:0000:0004:}}1. Lorsque tu es sur l'île, touche
 sur l'écran tactile pour afficher
la liste des utilisateurs présents.
2. Sélectionne l'utilisateur à
ajouter à la liste noire puis
l'option correspondante.
Garde les informations suivantes
à l'esprit lorsque tu bloques un
utilisateur :
1. L'utilisateur à bloquer et celui qui
le bloque doivent se trouver tous
deux sur l'île au même moment.
2. Une fois l'utilisateur bloqué,
celui-ci reste sur l'île avec
l'utilisateur qui l'a bloqué...
... jusqu'à ce qu'un membre
décide de partir.{{TAG:0000:0004:}}3. Un membre ajouté à la liste noire
ne peut plus en être retiré alors fais
très attention !{{TAG:000F:0006:000000000000}}
Lire une autre rubrique.
Revenir au sommaire.
Quitter.","Nel caso in cui un socio si comporti
in modo offensivo, registratelo
nella {{TAG:0000:0003:0200}}lista nera{{TAG:0000:0003:FFFF}}.
In questo modo, eviterete
di incontrare quel socio
in futuro.
La procedura di registrazione
è spiegata qui di seguito.{{TAG:0000:0004:}}(1) Mentre vi trovate sull'isola,
toccate  sul touch screen per
vedere l'elenco dei presenti.
(2) Selezionate e aggiungete il nome
della persona che volete registrare
nella lista nera.
Durante la registrazione,
occorre tenere presenti
tre punti fondamentali.
(1) Sia voi che la persona che viene
registrata dovrete trovarvi sull'isola
nello stesso momento.
(2) Il socio registrato non dovrà
subito lasciare l'isola, ma vi resterà
finché non deciderà di andarsene.
(3) Non è possibile cancellare
il nome di un socio dalla lista.
Fate molta attenzione!{{TAG:000F:0006:000000000000}}
Pagina precedente
Indice
Esci","Was tun, wenn ein Clubmitglied
unangemessenes Verhalten an
den Tag legt?
In diesem Fall solltest du die
Funktion zum {{TAG:0000:0003:0200}}Sperren {{TAG:0000:0003:FFFF}}anderer
Nutzer verwenden.
Dadurch stellst du sicher, dass du
diesem Mitglied ab deinem nächsten
Besuch nicht mehr begegnest.
～Andere Mitglieder sperren～{{TAG:0000:0004:}}(1) Berühre  auf dem
Touchscreen, um eine Liste aller
Mitglieder auf der Insel zu öffnen.
(2) Wähle den Namen des Mit-
glieds, das du sperren möchtest,
und bestätige die Auswahl.
Bitte beachte dabei Folgendes:{{TAG:0000:0004:}}(1) Sowohl du selbst als auch das
Mitglied, das du sperren möchtest,
müssen sich auf der Insel befinden.
(2) Auch nach dem Sperren bleiben
beide Spieler auf der Insel, bis einer
von ihnen in die Stadt zurückkehrt.
(3) Ein gesperrtes Mitglied kannst
du nicht wieder von der Liste
gesperrter Mitglieder entfernen.{{TAG:000F:0006:000000000000}}
Törtel-Club
Inhaltsverzeichnis
Genug gelesen!","Bir Club Tortimer üyesi uygunsuz
davranırsa {{TAG:0000:0003:0200}}kara liste{{TAG:0000:0003:FFFF}} işlevini kullan.
Kara listeye aldığın kişi bir
daha seninle eşleştirilmez.
～Kara Listeye Ekleme～{{TAG:0000:0004:}}(1)
Adadayken alt ekrandaki {{TAG:0000:0003:0300}}{{TAG:0000:0003:FFFF}}
simgesine dokunup adadaki
kişileri aç.
(2) Kara listeye eklemek
istediğin kişiyi seçip kaydet.
Şunları unutma:{{TAG:0000:0004:}}(1) İki kişi de
kayıt anında aynı adada olmalı.
(2) Kayıttan sonra iki oyuncu
ayrılana kadar adada kalır.
(3) Listeye eklenen üye bir daha
çıkarılamaz. Çok dikkatli ol!{{TAG:000F:0006:000000000000}}
Önceki sayfa.
İçindekiler.
Okumayı bırak."
165,182,"Guide to using {{TAG:000E:0004:}}{{TAG:0005:0005:}} Station:
～To residents of {{TAG:0005:0005:}}～{{TAG:000F:0009:000000000000000000000000}}
Going on excursions.
Inviting visitors.
Invitation warning.
Guide to lockers.
About best friends.
Stop reading.","Guía de la estación de {{TAG:000E:0003:}}{{TAG:0005:0005:}}
para residentes:{{TAG:000F:0009:000000000000000000000000}}
Visitar otro pueblo
Invitar al pueblo
Consejos
Las taquillas
Mejores amigos
Dejar de leer","Gare {{TAG:000E:000A:0600640065002000040064002700}}{{TAG:0005:0005:}} — Informations
～ À l'attention des habitants ～{{TAG:000F:0009:000000000000000000000000}}
Voyager.
Inviter quelqu'un.
Avertissement.
Consigne.
Meilleurs amis.
Quitter.","Guida della stazione di {{TAG:0005:0005:}}
riservata agli abitanti della città.{{TAG:000F:0009:000000000000000000000000}}
Visitare un'altra città
Invitare visitatori
Avvertenze utili
Armadietti
Migliori amici
Esci","Bahnhof von {{TAG:0005:0005:}}
～Informationen für Einwohner～{{TAG:000F:0009:000000000000000000000000}}
Verreisen
Jemanden einladen
Hinweise zum Einladen
Schließfächer
Beste Freunde
Genug gelesen!","{{TAG:000E:0004:}}{{TAG:0005:0005:}} İstasyonu Kullanım Rehberi:
～{{TAG:0005:0005:}} sakinleri için～{{TAG:000F:0009:000000000000000000000000}}
Geziye çıkmak.
Ziyaretçi çağırmak.
Davet uyarısı.
Dolap rehberi.
En iyi arkadaşlar.
Okumayı bırak."
166,183,"Guide to using {{TAG:000E:0004:}}{{TAG:0005:0005:}} Station:
～To all people visiting {{TAG:0005:0005:}}～{{TAG:000F:0007:0000000000000000}}
Guide to lockers.
Returning home.
About best friends.
Stop reading.","Guía de la estación de {{TAG:000E:0003:}}{{TAG:0005:0005:}}
para visitantes:{{TAG:000F:0007:0000000000000000}}
Las taquillas
Volver a casa
Mejores amigos
Dejar de leer","Gare {{TAG:000E:000A:0600640065002000040064002700}}{{TAG:0005:0005:}} — Informations
～ À l'attention des visiteurs ～{{TAG:000F:0007:0000000000000000}}
Consigne.
Retourner chez soi.
Meilleurs amis.
Quitter.","Guida della stazione di {{TAG:0005:0005:}}
riservata ai visitatori.{{TAG:000F:0007:0000000000000000}}
Armadietti
Tornare a casa
Migliori amici
Esci","Bahnhof von {{TAG:0005:0005:}}
～Informationen für Besucher～{{TAG:000F:0007:0000000000000000}}
Schließfächer
Rückreise
Beste Freunde
Genug gelesen!","{{TAG:000E:0004:}}{{TAG:0005:0005:}} İstasyonu Kullanım Rehberi:
～{{TAG:0005:0005:}} ziyaretçileri için～{{TAG:000F:0007:0000000000000000}}
Dolap rehberi.
Eve dönmek.
En iyi arkadaşlar.
Okumayı bırak."
167,184,"There are two methods for visiting
another town:{{TAG:0000:0004:}}(1) Local wireless.
(2) Online via the Internet.{{TAG:0000:0004:}}Local wireless allows you to visit
the town of another nearby {{TAG:0000:0003:0200}}{{TAG:0000:0003:0300}}Animal
Crossing: New Leaf{{TAG:0000:0003:0200}} {{TAG:0000:0003:FFFF}}player.
Online play lets you visit the towns
of your Nintendo 3DS friends
through the magic of the Internet.
Either way you choose, you can only
visit another player who meets the
following requirements:
(1) His or her ticket gate is open.
(2) He or she is using the same
connection method you are.
{{TAG:0000:0003:0500}}That being local wireless or online.{{TAG:0000:0004:}}{{TAG:0000:0003:FFFF}}Also, you cannot visit someone
else while this town's gate is
open or a visitor is in town.","Puedes visitar los pueblos de otros
jugadores de {{TAG:0000:0003:0300}}Animal Crossing:
New Leaf {{TAG:0000:0003:FFFF}}de dos modos distintos:{{TAG:0000:0004:}}1) Por comunicación local
2) Por comunicación en línea{{TAG:0000:0004:}}Con la comunicación inalámbrica
local puedes visitar el pueblo
de otro jugador que tengas cerca.
Con la comunicación en línea puedes
visitar los pueblos de tus amigos de
la lista de amigos de la consola.
Sea cual sea la manera que elijas,
solo podrás visitar a un jugador que
cumpla los siguientes requisitos:
1) Que abra la puerta de acceso
2) Que use el mismo método de
conexión que tú {{TAG:0000:0003:0500}}(local o en línea){{TAG:0000:0003:FFFF}}
Recuerda que no podrás irte a otro
pueblo si tu puerta de acceso está
abierta y tienes visita.","Il existe deux façons de
visiter une autre ville :{{TAG:0000:0004:}}1. Via le mode sans fil local.
2. Via Internet.{{TAG:0000:0004:}}Le mode sans fil local te permet de
visiter la ville d'un joueur d'{{TAG:0000:0003:0300}}Animal
Crossing: New Leaf{{TAG:0000:0003:FFFF}} à proximité.
Internet te permet de visiter les
villes de tes amis les plus éloignés.{{TAG:0000:0004:}}Quelle que soit la méthode choisie,
tu ne peux visiter la ville d'un autre
utilisateur qu'à ces conditions :
1. Le portillon de la gare située
dans sa ville est ouvert.{{TAG:0000:0004:}}2. Il utilise le même type de
communication que toi {{TAG:0000:0003:0500}}(c'est-à-dire
le mode sans fil local ou Internet).
{{TAG:0000:0003:FFFF}}Enfin, si le portillon de la gare de ta
ville est ouvert ou que tu as de la
visite, tu ne peux pas voyager.","Per visitare una città puoi usare:
(1) comunicazione wireless locale
(2) connessione Internet.{{TAG:0000:0004:}}Se hai vicino a te altri giocatori di
{{TAG:0000:0003:0300}}Animal Crossing: New Leaf{{TAG:0000:0003:FFFF}}, usa la
comunicazione wireless locale...
... per visitare le loro città.{{TAG:0000:0004:}}La connessione Internet ti permette
invece di visitare le città degli amici
registrati sul Nintendo 3DS.
Per visitare una città è necessario
che quella città abbia i cancelli
aperti...
... e che l'altro giocatore usi
lo stesso tipo di connessione
{{TAG:0000:0003:0500}}(modalità wireless o Internet){{TAG:0000:0003:FFFF}}.
Inoltre, non puoi visitare una città
se hai i cancelli aperti e un altro
giocatore è in visita.","Es gibt zwei Möglichkeiten, eine
andere Stadt zu besuchen:{{TAG:0000:0004:}}(1) Lokaler Modus
(2) Online-Modus{{TAG:0000:0004:}}Der lokale Modus ermöglicht es
dir, die Stadt eines anderen Spielers
in deiner Nähe zu besuchen.
Dieser muss dazu ebenfalls
{{TAG:0000:0003:0300}}Animal Crossing: New Leaf {{TAG:0000:0003:FFFF}}spielen.{{TAG:0000:0004:}}Im Online-Modus kannst du die
Städte deiner registrierten Freunde
über das Internet besuchen.
Für beides muss der andere Spieler
seinen Bahnsteig geöffnet haben
und die gleiche Methode verwenden
{{TAG:0000:0003:0500}}(lokaler Modus bzw. Online-Modus){{TAG:0000:0003:FFFF}}.{{TAG:0000:0004:}}Du kannst niemanden besuchen, so-
lange dein eigener Bahnsteig geöff-
net ist oder du selbst Besuch hast.","Başka bir kasabayı ziyaret
etmenin iki yolu vardır:{{TAG:0000:0004:}}
(1) Yerel kablosuz bağlantı.
(2) İnternet üzerinden çevrim
içi.{{TAG:0000:0004:}}
Yerel bağlantıyla yakındaki bir
{{TAG:0000:0003:0200}}{{TAG:0000:0003:0300}}Animal Crossing: New Leaf{{TAG:0000:0003:0200}}
{{TAG:0000:0003:FFFF}}oyuncusunun kasabasına gidebilirsin.
Çevrim içi oyunda Nintendo 3DS
arkadaşlarının kasabalarını
internet üzerinden ziyaret edebilirsin.
Her iki yöntemde de ziyaret
edeceğin kişinin kapısı açık
olmalı ve seninle aynı bağlantı
yöntemini kullanmalı.{{TAG:0000:0003:0500}}Yani ikiniz
de yerel ya da ikiniz de çevrim
içi olmalısınız.{{TAG:0000:0004:}}{{TAG:0000:0003:FFFF}}Ayrıca bu
kasabanın kapısı açıkken veya
burada ziyaretçi varken başka
kasabaya gidemezsin."
168,185,"There are two methods for inviting
players from another town:{{TAG:0000:0004:}}(1) Local wireless.
(2) Online via the Internet.{{TAG:0000:0004:}}Local wireless allows you to invite
a nearby {{TAG:0000:0003:0200}}{{TAG:0000:0003:0300}}Animal Crossing: New Leaf{{TAG:0000:0003:0200}}
{{TAG:0000:0003:FFFF}}player to this town.
Online play lets you invite your
Nintendo 3DS friends to your town
through the magic of the Internet.
The maximum number of visitors
you can have at one time is three.","Puedes invitar a tu pueblo a otros
jugadores de {{TAG:0000:0003:0300}}Animal Crossing:
New Leaf {{TAG:0000:0003:FFFF}}de dos modos distintos:{{TAG:0000:0004:}}1) Por comunicación local
2) Por comunicación en línea{{TAG:0000:0004:}}Con la comunicación inalámbrica
local puedes invitar a otro
jugador que tengas cerca.
Con la comunicación en línea puedes
invitar a los amigos que tengas en
la lista de amigos de la consola.
Solo puedes tener tres visitantes
en el pueblo al mismo tiempo.","Il existe deux façons d'inviter
quelqu'un à visiter ta ville :{{TAG:0000:0004:}}1. Via le mode sans fil local.
2. Via Internet.{{TAG:0000:0004:}}Le mode sans fil local te permet
d'inviter un joueur d'{{TAG:0000:0003:0300}}Animal
Crossing: New Leaf{{TAG:0000:0003:FFFF}} à proximité.
Internet te permet d'inviter tes
amis les plus éloignés.{{TAG:0000:0004:}}Tu ne peux pas accueillir plus de
trois visiteurs à la fois dans ta ville.","Per invitare qualcuno puoi usare:
(1) comunicazione wireless locale
(2) connessione Internet.{{TAG:0000:0004:}}La comunicazione wireless locale
ti permette di invitare un giocatore
vicino nella tua città.
La connessione Internet ti permette
invece di invitare gli amici
registrati sul tuo Nintendo 3DS.
Puoi invitare nella tua città fino
a un massimo di tre persone
contemporaneamente.","Es gibt zwei Möglichkeiten, Spieler
aus einer anderen Stadt einzuladen:{{TAG:0000:0004:}}(1) Lokaler Modus
(2) Online-Modus{{TAG:0000:0004:}}Der lokale Modus ermöglicht es
dir, andere Spieler in deiner Nähe
in deine Stadt einzuladen.
Diese müssen dazu ebenfalls
{{TAG:0000:0003:0300}}Animal Crossing: New Leaf{{TAG:0000:0003:FFFF}} spielen.{{TAG:0000:0004:}}Im Online-Modus kannst du auf
deinem System registrierte
Freunde in deine Stadt einladen.
Bis zu drei Spieler können deine
Stadt gleichzeitig besuchen.","Başka kasabalardan oyuncu davet
etmenin iki yolu vardır:{{TAG:0000:0004:}}
(1) Yerel kablosuz bağlantı.
(2) İnternet üzerinden çevrim
içi.{{TAG:0000:0004:}}
Yerel bağlantıyla yakındaki bir
{{TAG:0000:0003:0200}}{{TAG:0000:0003:0300}}Animal Crossing: New Leaf{{TAG:0000:0003:0200}}
{{TAG:0000:0003:FFFF}}oyuncusunu kasabana çağırabilirsin.
Çevrim içi oyunda Nintendo 3DS
arkadaşlarını internet üzerinden
davet edebilirsin.
Aynı anda en fazla üç ziyaretçin olabilir."
169,186,"Up to three people from other
towns can visit you as long as
your ticket gate is open.
When using local wireless, there is
a possibility you will be visited by
people you do not know.
After invited guests have arrived,
please close the ticket gate in order
to spend your time more safely.
Also, if you press {{TAG:0000:0003:0200}}START {{TAG:0000:0003:FFFF}}while
guests are visiting, you can choose
{{TAG:0000:0003:0200}}End the multiplayer session{{TAG:0000:0003:FFFF}}.
When done, all the visiting guests
will leave at once, the ticket gate
will close, and communication ends.","Mientras tengas la puerta de acceso
de la estación abierta podrán
visitarte hasta tres personas.
Por comunicación local, es posible
que te visiten personas que no
conozcas.
Cuando lleguen tus invitados, cierra
la puerta de acceso para no recibir
visitas inesperadas.
Si pulsas {{TAG:0000:0003:0200}}START{{TAG:0000:0003:FFFF}}, podrás elegir la
opción {{TAG:0000:0003:0200}}Todos a casa {{TAG:0000:0003:FFFF}}y todos tus
invitados se marcharán.{{TAG:0000:0004:}}También se cerrará la puerta de
acceso y la comunicación local
se apagará.","Lorsque le portillon de ta gare
est ouvert, tu peux accueillir trois
visiteurs au maximum dans ta ville.
En mode sans fil local, tu peux
recevoir la visite d'inconnus.{{TAG:0000:0004:}}Ainsi, pense à fermer le portillon
une fois tes invités arrivés, afin
de ne pas être importuné{{TAG:000E:0006:000002006500}}.
Appuie sur {{TAG:0000:0003:0200}}START {{TAG:0000:0003:FFFF}}et choisis{{TAG:0000:0003:0200}}
Fin de la session{{TAG:0000:0003:FFFF}} si jamais tu
veux forcer les visiteurs à partir.
Cela aura pour effet de les
chasser, de fermer le portillon et
d'interrompre la communication.","Se i cancelli della tua città sono
aperti, puoi ricevere la visita
di massimo tre giocatori.
Grazie al wireless locale, potrai
anche ricevere la visita
di persone che non conosci.
Quando arriva l'ospite atteso,
chiudi i cancelli della stazione
per non ricevere visite non gradite.
Inoltre, se premi {{TAG:0000:0003:0200}}START{{TAG:0000:0003:FFFF}}, puoi
cacciare un ospite dalla tua
città toccando {{TAG:0000:0003:0200}}Tutti a casa{{TAG:0000:0003:FFFF}}.
Così facendo allontanerai tutti
i visitatori dalla tua città e chiuderai
i cancelli della stazione.","Wenn dein Bahnsteig geöffnet ist,
können dich bis zu drei Spieler aus
anderen Städten besuchen.
Im lokalen Modus kann es vor-
kommen, dass du von Spielern
besucht wirst, die du nicht kennst.
Schließe daher am besten den
Bahnsteig, sobald die gewünschten
Besucher eingetroffen sind.
Während eines Besuchs hast du die
Möglichkeit, {{TAG:0000:0003:0200}}START {{TAG:0000:0003:FFFF}}zu drücken und
{{TAG:0000:0003:0200}}Besucher heimschicken{{TAG:0000:0003:FFFF}} zu wählen.
Wenn du dies tust, verlassen alle
Besucher sofort deine Stadt und
der Bahnsteig wird geschlossen.
Damit endet auch die
Kommunikation mit
deinen Besuchern.","Bilet kapın açıkken başka
kasabalardan en fazla üç kişi
ziyaret edebilir.
Yerel kablosuz bağlantıda
tanımadığın kişiler de gelebilir.
Konuklar geldikten sonra daha
güvenli vakit geçirmek için
bilet kapısını kapat.
Ziyaretçiler varken {{TAG:0000:0003:0200}}START{{TAG:0000:0003:FFFF}} tuşuna
basıp {{TAG:0000:0003:0200}}Çok oyunculu oturumu bitir{{TAG:0000:0003:FFFF}}
seçeneğini kullanabilirsin.
Böylece tüm konuklar aynı anda
evine döner, kapı kapanır ve
iletişim sona erer."
170,187,"The station lockers are free
for anyone to use.{{TAG:0000:0004:}}Items kept in lockers will appear in
all station lockers and the dressers
or closets you have at home.
This makes storage while traveling
very convenient, so please feel free
to take advantage of it!","Las taquillas de la estación son
de uso gratuito para todo el mundo.{{TAG:0000:0004:}}Podrás acceder a los objetos que
guardes en una taquilla desde
cualquier estación que visites...
¡o desde cualquier mueble de
almacenamiento de tu casa!{{TAG:0000:0004:}}Eso te permitirá viajar liger{{TAG:000E:0006:02006F0002006100}}
de equipaje.","La consigne de la gare est
à la disposition de tous.{{TAG:0000:0004:}}Les objets déposés à la consigne
peuvent être récupérés dans les
autres consignes...
... et même dans tes placards !{{TAG:0000:0004:}}Cela facilite grandement le
transport lors des voyages
alors profite de ce service !","Tutti possono usare gli armadietti
della stazione gratuitamente.{{TAG:0000:0004:}}Gli oggetti depositati possono
essere ritirati dagli armadietti di
qualsiasi altra stazione e anche...
... dagli armadi e dalle cassettiere
che hai in casa! Fantastico, no?{{TAG:0000:0004:}}Questo è un modo davvero pratico
per viaggiare leggeri. Approfittane!","Die Nutzung der Schließfächer
am Bahnhof ist für alle kostenlos.{{TAG:0000:0004:}}Es ist nicht nur möglich,
Gegenstände in Schließfächern
zu lagern.
Sie können auch aus jedem anderen
Schließfach oder Schrank wieder
herausgenommen werden.
Das ist sehr praktisch, wenn man
auf Reisen ist, also mach ruhig
fleißig Gebrauch davon!","İstasyon dolaplarını herkes
ücretsiz kullanabilir.{{TAG:0000:0004:}}
Dolaba koyduğun eşyalar tüm
istasyon dolaplarında ve
evindeki şifonyer/dolaplarda görünür.
Seyahatte depolama için çok
kullanışlıdır; gönül
rahatlığıyla kullan!"
171,188,"Please talk to a station attendant
when you'd like to return to your
own town at any time.
The host player currently has the
{{TAG:0000:0003:0200}}End the multiplayer session {{TAG:0000:0003:FFFF}}option
available for use.
At any time, the host is able to send
visiting players home, so be aware
of this.
Also, you will be unable to save your
game until you return to your home
town. Keep this fact in mind!","Cuando quieras volver a tu pueblo,
habla con el encargado de
la estación.
El jugador anfitrión dispone de
la función {{TAG:0000:0003:0200}}Todos a casa {{TAG:0000:0003:FFFF}}a la que
puede acceder si pulsa {{TAG:0000:0003:0200}}START{{TAG:0000:0003:FFFF}}.
Puede usarla en cualquier momento
para enviar a todos los invitados a
sus respectivas casas de inmediato.
También ten en cuenta que no
podrás guardar la partida hasta
que regreses a tu pueblo.","Dès que tu souhaites rentrer chez
toi, adresse-toi au chef de gare.{{TAG:0000:0004:}}L'hôte de la session dispose de
l'option {{TAG:0000:0003:0200}}Fin de la session{{TAG:0000:0003:FFFF}}.{{TAG:0000:0004:}}Celle-ci lui permet de forcer les
visiteurs à quitter sa ville à tout
moment.
En outre, tu ne peux pas
sauvegarder ta partie tant que tu
n'es pas de retour dans ta ville.","Se desideri tornare nella tua città,
parla con il ferroviere.{{TAG:0000:0004:}}Il giocatore della città ospitante può
sempre premere {{TAG:0000:0003:0200}}START {{TAG:0000:0003:FFFF}}e scegliere
l'opzione {{TAG:0000:0003:0200}}Tutti a casa{{TAG:0000:0003:FFFF}}...
... se desidera che gli altri giocatori
tornino a casa loro.{{TAG:0000:0004:}}Ricorda, inoltre, che potrai salvare
il gioco soltanto quando sarai
di ritorno nella tua città!","Sprich mit dem Bahnhofspersonal,
wenn du in deine eigene Stadt
zurückkehren möchtest.
Der Gastgeber hat jederzeit die
Möglichkeit, dich heimzuschicken.
Sei also gewarnt.
Denke auch immer daran, dass du
nicht speichern kannst, bevor du in
deine eigene Stadt zurückkehrst.","İstediğin zaman kendi kasabana
dönmek için istasyon
görevlisiyle konuş.
Ev sahibi oyuncu {{TAG:0000:0003:0200}}Çok oyunculu
oturumu bitir{{TAG:0000:0003:FFFF}} seçeneğini kullanabilir.
Ev sahibi istediği anda
ziyaretçileri eve gönderebilir;
bunu aklında tut.
Ayrıca kendi kasabana dönene
kadar oyunu kaydedemezsin."
172,189,"When you register someone you are
playing with as your best friend,
you can look at their TPC anytime.
Also, when you open your ticket
gate, you can determine specifically
which people can visit your town.
However, these restrictions can
only be set when you are connected
online via the Internet.
When you set the best-friend
restriction, only best friends will
know when your ticket gate is open.
Furthermore, when you become
each other's best friend, you can
exchange online messages.
You can do this even when you are
located in different towns entirely!","Cuando registras a otro jugador
como mejor amigo, puedes ver
su DRP siempre que quieras.
También puedes abrir la puerta
de acceso de tu pueblo solo para
tus mejores amigos.
Esta opción solo está disponible
en la comunicación en línea.{{TAG:0000:0004:}}Si limitas el acceso a tus mejores
amigos, solo ellos sabrán cuándo
abres la puerta de la estación.
Además, podréis enviaros mensajes
a través de internet aunque no
estéis en el mismo pueblo.","Enregistre un joueur dans la liste de
tes meilleurs amis pour pouvoir
consulter sa CR à tout moment.
De plus, en ouvrant le portillon de
la gare, tu peux choisir de n'inviter
que les joueurs de cette liste.
Cela vaut uniquement pour la
communication via Internet.{{TAG:0000:0004:}}Dans ce cas, seuls tes meilleurs
amis pourront savoir que le
portillon de ta gare est ouvert.
Enregistrer un joueur dans la liste
de tes meilleurs amis...{{TAG:0000:0004:}}... te permet aussi d'échanger des
messages avec lui via Internet...{{TAG:0000:0004:}}... et cela même si vous vous
trouvez chacun dans votre ville !","Se registri un altro giocatore come
tuo miglior amico, potrai guardare
la sua TDC ogni volta che vuoi.
Puoi anche decidere di aprire
i cancelli della tua città solo
per i migliori amici.
Questa opzione è disponibile
solo se si utilizza la connessione
Internet.
Se decidi di aprire i cancelli solo
per i migliori amici, soltanto loro
sapranno che i cancelli sono aperti.
Potrai inoltre usare la connessione
Internet per inviare loro messaggi.{{TAG:0000:0004:}}Lo scambio di messaggi avverrà
anche se non siete nella stessa
città.","Registrierst du einen Mitspieler als
besten Freund, kannst du jederzeit
seinen Bürgerpass ansehen.
Im Online-Modus hast du außerdem
die Möglichkeit, deinen Bahnsteig
nur für beste Freunde zu öffnen.
Wenn du dies tust, erfahren nur
deine besten Freunde, dass der
Bahnsteig geöffnet ist.
Auch kannst du mit deinen besten
Freunden über die drahtlose Ver-
bindung Nachrichten austauschen.
Das funktioniert sogar dann, wenn
ihr euch nicht in derselben Stadt
befindet.","Birlikte oynadığın birini en iyi
arkadaş olarak kaydedersen
TPC'sine istediğin zaman bakabilirsin.
Bilet kapını açarken kasabana
kimlerin gelebileceğini de
belirleyebilirsin; ancak bu
kısıtlama yalnızca internet
üzerinden çevrim içiyken kullanılabilir.
""Yalnızca en iyi arkadaşlar""
ayarında kapının açık olduğunu
sadece en iyi arkadaşların görür.
Karşılıklı en iyi arkadaş
olduğunuzda farklı kasabalarda
olsanız bile çevrim içi mesajlaşabilirsiniz!"
173,190,"To register a best friend, touch
{{TAG:0000:0003:0300}} {{TAG:0000:0003:FFFF}}on the Touch Screen to see
people you're playing with.
Once done, choose people you
would like to register on your
best-friends list.
However, you can only register
people who are already registered
on your Nintendo 3DS friend list.
If they are not registered as a friend
on your Nintendo 3DS, make sure to
do that first!","Para registrar a alguien como mejor
amigo, toca {{TAG:0000:0003:0300}}{{TAG:0000:0003:FFFF}} en la pantalla táctil.{{TAG:0000:0004:}}A continuación, elige los jugadores
que quieras añadir a tu lista de
mejores amigos.
Solo puedes registrar como mejor
amigo a alguien que ya esté en tu
lista de amigos de la consola.
¡Si no está en tu lista de amigos,
asegúrate de añadirlo primero!","Pour enregistrer un joueur dans la
liste de tes meilleurs amis...{{TAG:0000:0004:}}... consulte les noms des joueurs
présents {{TAG:0000:0003:0300}}{{TAG:0000:0003:FFFF}} via l'écran tactile.{{TAG:0000:0004:}}Sélectionne ensuite les joueurs
à ajouter à cette liste.{{TAG:0000:0004:}}Seuls les joueurs faisant déjà partie
de ta liste d'amis Nintendo 3DS
peuvent être enregistrés.
Assure-toi donc d'avoir effectué
cette étape au préalable.","Per registrare un migliore amico,
visualizza prima la lista
dei giocatori sul touch screen.
Scegli quindi la persona che
vorresti registrare.{{TAG:0000:0004:}}Ricorda che solo gli amici già
registrati sul tuo Nintendo 3DS
possono diventare migliori amici.
Assicurati quindi che la lista
di amici sulla tua console sia
aggiornata!","So kannst du einen besten Freund
registrieren:{{TAG:0000:0004:}}Öffne die Liste der Personen, mit
denen du spielst, auf dem
Touchscreen.
Wähle dann die Person aus, die
du als besten Freund registrieren
möchtest.
Das ist nur mit Spielern möglich, die
auf deinem Nintendo 3DS-System
bereits als Freunde registriert sind.
Wenn du den Spieler noch nicht als
Freund registriert hast, musst du
dies zuerst tun.","En iyi arkadaş kaydetmek için
Dokunmatik Ekrandaki {{TAG:0000:0003:0300}}{{TAG:0000:0003:FFFF}}
simgesine dokunup birlikte
oynadığın kişileri aç.
Ardından en iyi arkadaş listene
eklemek istediğin kişiyi seç.
Yalnızca Nintendo 3DS arkadaş
listende kayıtlı kişileri ekleyebilirsin.
Kayıtlı değilse önce Nintendo
3DS üzerinde arkadaş olarak ekle!"
174,191,".{{TAG:0007:0000:05000000}}.{{TAG:0007:0000:05000000}}.{{TAG:0007:0000:05000000}}For more instruction, choose
from the following:{{TAG:000F:0009:000000000000000000000000}}
Going on excursions.
Inviting visitors.
Invitation warning.
Guide to lockers.
About best friends.
Stop reading.","¿Qué más quieres saber?{{TAG:000F:0009:000000000000000000000000}}
Visitar otro pueblo
Invitar al pueblo
Consejos
Las taquillas
Mejores amigos
Dejar de leer","Gare {{TAG:000E:000A:0600640065002000040064002700}}{{TAG:0005:0005:}} — Informations{{TAG:000F:0009:000000000000000000000000}}
Voyager.
Inviter quelqu'un.
Avertissement.
Consigne.
Meilleurs amis.
Quitter.","Cosa vorresti leggere ora?{{TAG:000F:0009:000000000000000000000000}}
Visitare un'altra città
Invitare visitatori
Avvertenze utili
Armadietti
Migliori amici
Smetti di leggere","Weitere Erklärungen lesen? {{TAG:000F:0009:000000000000000000000000}}
Verreisen
Besucher einladen
Hinweise zum Einladen
Schließfächer
Beste Freunde
Genug gelesen!",".{{TAG:0007:0000:05000000}}.{{TAG:0007:0000:05000000}}.{{TAG:0007:0000:05000000}}Daha fazla bilgi için seç:{{TAG:000F:0009:000000000000000000000000}}
Geziye çıkmak.
Ziyaretçi çağırmak.
Davet uyarısı.
Dolap rehberi.
En iyi arkadaşlar.
Okumayı bırak."
175,192,".{{TAG:0007:0000:05000000}}.{{TAG:0007:0000:05000000}}.{{TAG:0007:0000:05000000}}For more instruction, choose
from the following:{{TAG:000F:0007:0000000000000000}}
Guide to lockers.
Returning home.
About best friends.
Stop reading.","¿Qué más quieres saber?{{TAG:000F:0007:0000000000000000}}
Las taquillas
Volver a casa
Mejores amigos
Dejar de leer","Gare {{TAG:000E:000A:0600640065002000040064002700}}{{TAG:0005:0005:}} — Informations{{TAG:000F:0007:0000000000000000}}
Consigne.
Retourner chez soi.
Meilleurs amis.
Quitter.","Cosa vorresti leggere ora?{{TAG:000F:0007:0000000000000000}}
Armadietti
Tornare a casa
Migliori amici
Smetti di leggere","Weitere Erklärungen lesen? {{TAG:000F:0007:0000000000000000}}
Schließfächer
Rückreise
Beste Freunde
Genug gelesen!",".{{TAG:0007:0000:05000000}}.{{TAG:0007:0000:05000000}}.{{TAG:0007:0000:05000000}}Daha fazla bilgi için seç:{{TAG:000F:0007:0000000000000000}}
Dolap rehberi.
Eve dönmek.
En iyi arkadaşlar.
Okumayı bırak."
176,193,"Guide for {{TAG:000E:0004:}}{{TAG:0005:0005:}} Station:{{TAG:0000:0004:}}～To All Dreamers～
If you want to return to the real
world, you cannot use this station.{{TAG:0000:0004:}}Instead, please use the bed located
in the event plaza.","Guía de la estación de {{TAG:000E:0003:}}{{TAG:0005:0005:}}.{{TAG:0000:0004:}}～Queridos soñadores～
No podéis volver al mundo
real en tren.{{TAG:0000:0004:}}¿Por qué no os echáis una siestecita
en la cama de la plaza del pueblo?","Gare {{TAG:000E:000A:0600640065002000040064002700}}{{TAG:0005:0005:}} — Informations
～ À l'attention des rêveurs ～{{TAG:0000:0004:}}Aucun train ne dessert
le monde réel !{{TAG:0000:0004:}}Pour retourner chez toi,
merci d'utiliser le lit situé
sur la place de la ville.","Guida della stazione di {{TAG:0005:0005:}}{{TAG:0000:0004:}}～ A tutti i sognatori ～
Questa stazione non vi riporterà
nel mondo reale.{{TAG:0000:0004:}}Per farlo, dovrete usare il letto
che trovate in piazza.","Bahnhof von {{TAG:0005:0005:}}
～An alle Träumer～{{TAG:0000:0004:}}Über diesen Bahnhof könnt
ihr nicht in die reale Welt
zurückkehren.
Verwendet dazu bitte das
Bett auf dem Festplatz.","{{TAG:000E:0004:}}{{TAG:0005:0005:}} İstasyonu Rehberi:{{TAG:0000:0004:}}～Tüm Rüya
Gezginlerine～ Gerçek dünyaya dönmek için bu
istasyonu kullanamazsın.{{TAG:0000:0004:}}
Bunun yerine etkinlik
meydanındaki yatağı kullan."
