entry,label,EN,ES,FR,IT,DE,TRANSLATION
0,001,"{{TAG:0003:0020:}}Hey,{{TAG:0007:0000:08000000}} {{TAG:0005:0008:}}! {{TAG:0007:0000:10000000}}Can you believe it?{{TAG:0007:0000:10000000}}
I actually followed through and
moved here to {{TAG:0005:0005:}}.
{{TAG:0003:000B:}}So{{TAG:0007:0000:08000000}} everything you told me about
this town{{TAG:0007:0000:08000000}}.{{TAG:0007:0000:08000000}}.{{TAG:0007:0000:08000000}}.{{TAG:0007:0000:08000000}}it's all true, right?{{TAG:0000:0004:}}{{TAG:0003:0023:}}I mean,{{TAG:0007:0000:08000000}} I based this whole move on
our conversation,{{TAG:0007:0000:08000000}} so I hope I'm not
disappointed.
{{TAG:0003:0001:}}Anyway, {{TAG:0007:0000:08000000}}I'll see you around.{{TAG:0007:0000:10000000}}
{{TAG:000E:0003:}}{{TAG:0005:0007:}}!","{{TAG:0003:0020:}}¡Hola, clavelito! {{TAG:0007:0000:10000000}}Estoy encantada
de haberme mudado a {{TAG:000E:0003:}}{{TAG:0005:0005:}}.{{TAG:0000:0004:}}{{TAG:0003:000B:}}Espero que todas las maravillas que
me contaste sobre este pueblo
sean verdad{{TAG:0007:0000:08000000}}.{{TAG:0007:0000:08000000}}.{{TAG:0007:0000:08000000}}.{{TAG:0007:0000:08000000}}
{{TAG:0003:0023:}}Si me decidí a trasladarme fue por
tu amable invitación y porque
confío en ti.
{{TAG:0003:0001:}}¡Estoy ansiosa por salir a explorar
mi nuevo hogar, {{TAG:0005:0007:}}!","{{TAG:0003:0020:}}Et voilà, {{TAG:0005:0008:}} !{{TAG:0007:0000:14000000}} C'est fait !
{{TAG:0007:0000:1E000000}}J'ai emménagé à {{TAG:0005:0005:}}.{{TAG:0000:0004:}}{{TAG:0003:000B:}}J'espère que tu n'as pas exagéré en
me vantant les mérites de cette
ville.{{TAG:0007:0000:1E000000}} J'en attends beaucoup.
{{TAG:0003:0023:}}Et puis,{{TAG:0007:0000:10000000}} si je suis venue ici, {{TAG:0007:0000:10000000}}c'est
parce que tu m'en as dit tant de
bien, {{TAG:0005:0007:}}...","{{TAG:0003:0020:}}Ciao,{{TAG:0007:0000:08000000}} {{TAG:0005:0008:}}! {{TAG:0007:0000:10000000}}Hai visto?{{TAG:0007:0000:10000000}}
Ho mantenuto la parola e mi
sono trasferita qui {{TAG:000E:0010:}} {{TAG:0005:0005:}}.
{{TAG:0003:000B:}}Spero che tutto ciò
che mi hai raccontato
su questa città sia vero.{{TAG:0007:0000:08000000}}.{{TAG:0007:0000:08000000}}.{{TAG:0007:0000:08000000}}
{{TAG:0003:0023:}}Voglio dire,{{TAG:0007:0000:08000000}} mi sono fidata di te
ma non ne so niente.{{TAG:0007:0000:05000000}}.{{TAG:0007:0000:05000000}}.{{TAG:0007:0000:05000000}} {{TAG:0003:000D:}}Spero di
non aver commesso un errore!
{{TAG:0003:0001:}}Ad ogni modo, {{TAG:0007:0000:08000000}}ci vediamo.{{TAG:0007:0000:10000000}}
{{TAG:000E:0003:}}{{TAG:0005:0007:}}!","{{TAG:0003:0020:}}Ich grüße dich,{{TAG:0007:0000:08000000}} {{TAG:0005:0008:}}!{{TAG:0007:0000:28000000}}
Na?{{TAG:0007:0000:14000000}} Überrascht?{{TAG:0007:0000:14000000}} Ich bin tatsächlich
nach {{TAG:0005:0005:}} umgezogen.
{{TAG:0003:000B:}}Also,{{TAG:0007:0000:08000000}} was du mir so über die Stadt
erzählt hast{{TAG:0007:0000:08000000}}.{{TAG:0007:0000:08000000}}.{{TAG:0007:0000:08000000}}.{{TAG:0007:0000:14000000}} Das war hoffentlich
alles wahr,{{TAG:0007:0000:08000000}} oder?
{{TAG:0003:0023:}}Ich bin schließlich nur umgezogen,{{TAG:0007:0000:08000000}}
weil du die Stadt so angepriesen
hast!
{{TAG:0003:0001:}}Nun ja!{{TAG:0007:0000:14000000}} Ich werde es sicher früh
genug herausfinden,{{TAG:0007:0000:08000000}} {{TAG:0005:0007:}}!{{TAG:0007:0000:14000000}}
Wir sprechen uns noch!","{{TAG:0003:0020:}}Merhaba,{{TAG:0007:0000:08000000}} {{TAG:0005:0008:}}! {{TAG:0007:0000:10000000}}İnanabiliyor musun?{{TAG:0007:0000:10000000}}
Gerçekten sözümü tuttum
ve {{TAG:0005:0005:}} kasabasına taşındım.
{{TAG:0003:000B:}}Yani{{TAG:0007:0000:08000000}} bu kasaba hakkında anlattığın her
şey{{TAG:0007:0000:08000000}}.{{TAG:0007:0000:08000000}}.{{TAG:0007:0000:08000000}}.{{TAG:0007:0000:08000000}}doğru, değil mi?{{TAG:0000:0004:}}{{TAG:0003:0023:}}Sonuçta,{{TAG:0007:0000:08000000}} bütün
taşınma kararımı
konuşmamıza göre verdim,{{TAG:0007:0000:08000000}} umarım hayal
kırıklığına uğramam.
{{TAG:0003:0001:}}Neyse, {{TAG:0007:0000:08000000}}görüşürüz.{{TAG:0007:0000:10000000}}
{{TAG:000E:0003:}}{{TAG:0005:0007:}}!"
1,002,"{{TAG:0003:0001:}}How's it going,{{TAG:0007:0000:08000000}} {{TAG:0005:0008:}}?{{TAG:0007:0000:10000000}}
Checking up on me?{{TAG:0000:0004:}}{{TAG:0003:0027:}}I'm still getting unpacked, and the
place is a mess, {{TAG:0007:0000:08000000}}but hopefully by
tomorrow I'll be settled.
{{TAG:0003:0003:}}I just want to say thanks again for
inviting me to move to {{TAG:0005:0005:}}.{{TAG:0000:0004:}}{{TAG:0003:001D:}}I think this is going to be the start
of a great friendship.{{TAG:0007:0000:10000000}}
{{TAG:000E:0003:}}{{TAG:0005:0007:}}!","{{TAG:0003:0001:}}¡Qué sorpresa,{{TAG:0007:0000:08000000}} flor!{{TAG:0007:0000:10000000}} ¿Alguien te
ha dicho que llegaba hoy al pueblo?{{TAG:0000:0004:}}{{TAG:0003:0027:}}Aún estoy desempaquetando, como
puedes ver,{{TAG:0007:0000:14000000}} pero dame unas horas
y dejaré la casa impecable.
{{TAG:0003:0003:}}Aprovecho que has venido para
darte las gracias por invitarme a
vivir aquí, estoy muy contenta.{{TAG:0000:0004:}}{{TAG:0003:001D:}}¡Presiento que será el inicio de
una gran amistad, {{TAG:0005:0007:}}!","{{TAG:0003:0001:}}Tiens,{{TAG:0007:0000:0C000000}} {{TAG:0005:0008:}}...{{TAG:0007:0000:1E000000}} Comment
vas-tu ?{{TAG:0007:0000:1E000000}} Tu viens voir si mon
emménagement se passe bien ?{{TAG:0000:0004:}}{{TAG:0003:0027:}}Je n'ai pas encore déballé tous mes
cartons,{{TAG:0007:0000:14000000}} c'est pour cette raison que
ma maison est un peu en désordre.
{{TAG:0003:0003:}}Il faut que je te remercie de m'avoir
invitée à venir m'installer dans ta
ville.
{{TAG:0003:001D:}}Je suis sûre que cela va nous
rapprocher encore davantage,
{{TAG:0005:0007:}}.","{{TAG:0003:0001:}}Come stai,{{TAG:0007:0000:08000000}} {{TAG:0005:0008:}}?{{TAG:0007:0000:10000000}} Sei venut{{TAG:000E:0006:02006F0002006100}}
a vedere come me la cavo?{{TAG:0000:0004:}}{{TAG:0003:0027:}}La cucina sembra uno sgabuzzino,
piena com'è di scatoloni, {{TAG:0007:0000:08000000}}ma spero
di finire per domani.
{{TAG:0003:0003:}}Voglio ringraziarti ancora una volta
per avermi invitata a vivere
qui {{TAG:000E:0010:}} {{TAG:0005:0005:}}.{{TAG:0000:0004:}}{{TAG:0003:001D:}}Penso proprio che noi due
diventeremo ottim{{TAG:000E:0006:0200690002006500}} amic{{TAG:000E:0006:02006900040068006500}}.{{TAG:0007:0000:10000000}}
{{TAG:000E:0003:}}{{TAG:0005:0007:}}!","{{TAG:0003:0001:}}Wie geht es dir,{{TAG:0007:0000:08000000}} {{TAG:0005:0008:}}?{{TAG:0007:0000:14000000}}
Siehst du mal nach dem Rechten?{{TAG:0007:0000:14000000}}
Ich bin noch beim Auspacken.
Sonst ist es bei mir ordentlicher!{{TAG:0007:0000:14000000}}
Danke noch mal, dass du mich
nach {{TAG:0005:0005:}} eingeladen hast!
Ich hoffe, wir werden uns im Laufe
der Zeit noch besser kennenlernen,{{TAG:0007:0000:08000000}}
{{TAG:0005:0007:}}!","{{TAG:0003:0001:}}Nasıl gidiyor,{{TAG:0007:0000:08000000}} {{TAG:0005:0008:}}?{{TAG:0007:0000:10000000}} Beni kontrol etmeye
mi geldin?{{TAG:0000:0004:}}{{TAG:0003:0027:}}Hâlâ kutuları açıyorum, ev darmadağın,
{{TAG:0007:0000:08000000}}ama umarım yarına yerleşmiş olurum.
{{TAG:0003:0003:}}Beni {{TAG:0005:0005:}} kasabasına davet ettiğin için
tekrar teşekkür etmek istedim.{{TAG:0000:0004:}}{{TAG:0003:001D:}}Bence
bu çok güzel bir dostluğun
başlangıcı olacak.{{TAG:0007:0000:10000000}}
{{TAG:000E:0003:}}{{TAG:0005:0007:}}!"
2,003,"{{TAG:0003:0027:}}Well, {{TAG:0007:0000:08000000}}here I am!{{TAG:0000:0004:}}{{TAG:0003:0017:}}Wait. {{TAG:0007:0000:08000000}}You do remember inviting me
here,{{TAG:0007:0000:08000000}} right?{{TAG:0007:0000:10000000}}{{TAG:0003:000D:}} Back when we were
camping?
{{TAG:0003:0024:}}I hope you weren't exaggerating
when you said {{TAG:0005:0005:}} was
literally the greatest place ever.
{{TAG:0003:0002:}}Just kidding. {{TAG:0007:0000:10000000}}You didn't QUITE go
that far. {{TAG:0007:0000:10000000}}{{TAG:0003:0015:}}But I'm glad to be here.
I should be settled in by tomorrow.","{{TAG:0003:0027:}}¡Hola! ¡Aquí estoy, como prometí!{{TAG:0000:0004:}}{{TAG:0003:0017:}}Recuerdas que me invitaste a vivir
en el pueblo cuando vine de
acampada, ¿verdad?
{{TAG:0003:0004:}}Solo llevo aquí unas horas y ya
estoy enamorada de este lugar.{{TAG:0000:0004:}}{{TAG:0003:0003:}}Los vecinos son encantadores
y hay tanta naturaleza... {{TAG:0007:0000:14000000}}Debí
mudarme mucho antes.","{{TAG:0003:0026:}}Et voilà,{{TAG:0007:0000:0C000000}} c'est fait !
{{TAG:0007:0000:1E000000}}Je viens d'emménager !{{TAG:0000:0004:}}{{TAG:0003:0001:}}Te souviens-tu ? {{TAG:0007:0000:14000000}}C'est toi qui m'as
parlé {{TAG:000E:000A:0600640065002000040064002700}}{{TAG:0005:0005:}} quand nous
nous sommes vu{{TAG:000E:0006:02007300040065007300}} au camping...
{{TAG:0003:0024:}}J'espère que tu n'as pas exagéré en
me disant que cette ville était la
plus belle au monde.
{{TAG:0003:0023:}}Enfin,{{TAG:0007:0000:14000000}} ce n'est pas l'expression que
tu as utilisée, {{TAG:0007:0000:14000000}}mais c'est ce que tu
as laissé entendre...","{{TAG:0003:0027:}}Beh, {{TAG:0007:0000:08000000}}eccomi qua!{{TAG:0000:0004:}}{{TAG:0003:0017:}}Ma come, {{TAG:0007:0000:08000000}}non ti ricordi di avermi
invitata a vivere dalle tue parti?{{TAG:0007:0000:10000000}}{{TAG:0003:000D:}}
Ma sì, dai, eravamo in campeggio!
{{TAG:0003:0024:}}Spero che tu non stessi esagerando
quando dicevi che {{TAG:0005:0005:}}
è la città più bella in assoluto.
{{TAG:0003:0002:}}Dai, scherzo. {{TAG:0007:0000:10000000}}Lo so che
non l'hai mai detto.{{TAG:0000:0004:}}{{TAG:0003:0015:}}Non sai quanto sia felice di essere
qui! Dovrei finire di sistemare
gli scatoloni domani.","So,{{TAG:0007:0000:08000000}} hier bin ich nun also!{{TAG:0007:0000:14000000}}
{{TAG:0003:0017:}}Du weißt doch noch, dass du
mich selbst eingeladen hast, {{TAG:0007:0000:08000000}}oder?
Damals, {{TAG:0007:0000:08000000}}als ich hier campen war!{{TAG:0007:0000:28000000}}
{{TAG:0003:0024:}}Ich hoffe, es war nicht übertrieben,
als du {{TAG:0005:0005:}} so gelobt hast.
{{TAG:0003:0015:}}Ich werde es bald herausfinden.{{TAG:0007:0000:14000000}}
Ich gewöhne mich noch ein und
dann sehen wir weiter.","{{TAG:0003:0027:}}Eh, {{TAG:0007:0000:08000000}}işte geldim!{{TAG:0000:0004:}}{{TAG:0003:0017:}}Bir dakika. {{TAG:0007:0000:08000000}}Beni buraya
davet ettiğini
hatırlıyorsun,{{TAG:0007:0000:08000000}} değil mi?{{TAG:0007:0000:10000000}}{{TAG:0003:000D:}} Kamptayken?
{{TAG:0003:0024:}}Umarım {{TAG:0005:0005:}} için “dünyanın gelmiş geçmiş
en harika yeri” derken abartmıyordun.
{{TAG:0003:0002:}}Şaka yapıyorum. {{TAG:0007:0000:10000000}}O KADAR ileri
gitmemiştin. {{TAG:0007:0000:10000000}}{{TAG:0003:0015:}}Ama burada olduğuma
memnunum. Yarına yerleşmiş olurum."
3,004,"{{TAG:0003:0020:}}Hey,{{TAG:0007:0000:08000000}} {{TAG:0005:0008:}}! {{TAG:0007:0000:10000000}}Can you believe it?{{TAG:0007:0000:10000000}}
I actually followed through and
moved here to {{TAG:0005:0005:}}.
{{TAG:0003:000B:}}So{{TAG:0007:0000:08000000}} everything you told me about
this town{{TAG:0007:0000:08000000}}.{{TAG:0007:0000:08000000}}.{{TAG:0007:0000:08000000}}.{{TAG:0007:0000:08000000}}it's all true, right?{{TAG:0000:0004:}}{{TAG:0003:0023:}}I mean,{{TAG:0007:0000:08000000}} I based this move on our
conversation back in {{TAG:0011:0002:0000}},{{TAG:0007:0000:08000000}} so
I hope I'm not disappointed.
{{TAG:0003:0001:}}Anyway, {{TAG:0007:0000:08000000}}I'll see you around.{{TAG:0007:0000:10000000}}
{{TAG:000E:0003:}}{{TAG:0005:0007:}}!","{{TAG:0003:0020:}}¡Hola,{{TAG:0007:0000:08000000}} {{TAG:0005:0008:}}! {{TAG:0007:0000:10000000}}No me puedo
creer que me haya mudado al fin.
¡Estoy muy emocionada!
{{TAG:0003:0027:}}Ardo en deseos de salir a pasear
y conocer a todos mis nuevos
vecinos de {{TAG:000E:0003:}}{{TAG:0005:0005:}}.
{{TAG:0003:0001:}}¡Ya nos veremos por el pueblo,
{{TAG:0005:0007:}}!","{{TAG:0003:0020:}}Et voilà, {{TAG:0005:0008:}} !{{TAG:0007:0000:14000000}} C'est fait !
{{TAG:0007:0000:1E000000}}J'ai emménagé à {{TAG:0005:0005:}},
{{TAG:0005:0007:}}.
{{TAG:0003:000B:}}J'espère que tu n'as pas exagéré en
me vantant les mérites de cette
ville.{{TAG:0007:0000:1E000000}} J'en attends beaucoup.
{{TAG:0003:0023:}}Et puis,{{TAG:0007:0000:10000000}} si je suis venue ici, {{TAG:0007:0000:10000000}}c'est à
cause de ce que tu m'en as dit
quand je t'ai vu{{TAG:000E:0006:000002006500}} à {{TAG:0011:0002:0000}}.","{{TAG:0003:0020:}}Ciao,{{TAG:0007:0000:08000000}} {{TAG:0005:0008:}}! {{TAG:0007:0000:10000000}}Hai visto?{{TAG:0007:0000:10000000}}
Come promesso, mi sono
trasferita qui {{TAG:000E:0010:}} {{TAG:0005:0005:}}.
{{TAG:0003:000B:}}Spero di non dovermene pentire.{{TAG:0007:0000:08000000}}.{{TAG:0007:0000:08000000}}.{{TAG:0007:0000:08000000}}
{{TAG:0003:0023:}}Insomma,{{TAG:0007:0000:08000000}} mi sono fidata di ciò che
mi hai detto {{TAG:000E:0010:}} {{TAG:0011:0002:0000}}.{{TAG:0007:0000:05000000}}.{{TAG:0007:0000:05000000}}.{{TAG:0007:0000:05000000}}
{{TAG:0003:0001:}}Ad ogni modo, {{TAG:0007:0000:08000000}}ci vediamo.{{TAG:0007:0000:10000000}}
{{TAG:000E:0003:}}{{TAG:0005:0007:}}!","{{TAG:0003:0020:}}Ich grüße dich,{{TAG:0007:0000:08000000}} {{TAG:0005:0008:}}!{{TAG:0007:0000:14000000}}
Ich kann es selbst noch kaum fassen,
dass ich wirklich hergezogen bin!
{{TAG:0003:000B:}}Was du mir über {{TAG:0005:0005:}} erzählt
hattest, klang wirklich gut.{{TAG:0007:0000:28000000}} Das hat
doch alles gestimmt, {{TAG:0007:0000:08000000}}oder?
{{TAG:0003:0023:}}Ich bin schließlich nur hergezogen,
weil du in {{TAG:0011:0002:0000}} so von
{{TAG:0005:0005:}} geschwärmt hast.
{{TAG:0003:0001:}}Hoffentlich werde ich nicht
enttäuscht!{{TAG:0007:0000:14000000}} Nun,{{TAG:0007:0000:08000000}} wir sehen
uns noch,{{TAG:0007:0000:08000000}} {{TAG:0005:0007:}}!","{{TAG:0003:0020:}}Merhaba,{{TAG:0007:0000:08000000}} {{TAG:0005:0008:}}! {{TAG:0007:0000:10000000}}İnanabiliyor musun?{{TAG:0007:0000:10000000}}
Gerçekten sözümü tuttum
ve {{TAG:0005:0005:}} kasabasına taşındım.
{{TAG:0003:000B:}}Yani{{TAG:0007:0000:08000000}} bu kasaba hakkında anlattığın her
şey{{TAG:0007:0000:08000000}}.{{TAG:0007:0000:08000000}}.{{TAG:0007:0000:08000000}}.{{TAG:0007:0000:08000000}}doğru, değil mi?{{TAG:0000:0004:}}{{TAG:0003:0023:}}Sonuçta,{{TAG:0007:0000:08000000}} {{TAG:0011:0002:0000}}
kasabasında yaptığımız
konuşmaya göre taşınmaya karar verdim,{{TAG:0007:0000:08000000}}
umarım hayal kırıklığına uğramam.
{{TAG:0003:0001:}}Neyse, {{TAG:0007:0000:08000000}}görüşürüz.{{TAG:0007:0000:10000000}}
{{TAG:000E:0003:}}{{TAG:0005:0007:}}!"
4,005,"{{TAG:0003:0001:}}How's it going,{{TAG:0007:0000:08000000}} {{TAG:0005:0008:}}?{{TAG:0007:0000:10000000}}
Checking up on me?{{TAG:0000:0004:}}{{TAG:0003:0027:}}I'm still getting unpacked, and the
place is a mess, {{TAG:0007:0000:08000000}}but hopefully by
tomorrow I'll be settled.
{{TAG:0003:0003:}}I just want to say thanks again for
inviting me to move to {{TAG:0005:0005:}}.{{TAG:0000:0004:}}{{TAG:0003:001D:}}I think this is going to be the start
of a great friendship.{{TAG:0007:0000:10000000}}
{{TAG:000E:0003:}}{{TAG:0005:0007:}}!","{{TAG:0003:0001:}}¡Ay, hola,{{TAG:0007:0000:08000000}} cariñín!{{TAG:0007:0000:10000000}} ¿Has venido a
verme? Eres un encanto.{{TAG:0000:0004:}}{{TAG:0003:0027:}}Estoy algo ocupada con la mudanza,
pero tengo muchas ganas de salir
a descubrir mi nuevo pueblo.
{{TAG:0003:0003:}}Te agradezco mucho que me
invitaras a vivir aquí.{{TAG:0007:0000:10000000}} ¡Va a
ser maravilloso, {{TAG:0005:0007:}}!","{{TAG:0003:0001:}}Tiens,{{TAG:0007:0000:0C000000}} {{TAG:0005:0008:}}...{{TAG:0007:0000:1E000000}} Comment
vas-tu ?{{TAG:0007:0000:1E000000}} Tu viens voir si mon
emménagement se passe bien ?{{TAG:0000:0004:}}{{TAG:0003:0027:}}Je n'ai pas encore déballé tous mes
cartons,{{TAG:0007:0000:14000000}} c'est pour cette raison que
ma maison est un peu en désordre.
{{TAG:0003:0003:}}Il faut que je te remercie de m'avoir
invitée à venir m'installer dans ta
ville.
{{TAG:0003:001D:}}Je suis sûre que cela va nous
rapprocher encore davantage,
{{TAG:0005:0007:}}.","{{TAG:0003:0001:}}Come stai,{{TAG:0007:0000:08000000}} {{TAG:0005:0008:}}?{{TAG:0007:0000:10000000}} Sei venut{{TAG:000E:0006:02006F0002006100}}
a vedere come me la cavo?{{TAG:0000:0004:}}{{TAG:0003:0027:}}La cucina sembra uno sgabuzzino,
piena com'è di scatoloni, {{TAG:0007:0000:08000000}}ma spero
di finire per domani.
{{TAG:0003:0003:}}Voglio ringraziarti ancora una volta
per avermi invitata a vivere
qui {{TAG:000E:0010:}} {{TAG:0005:0005:}}.
{{TAG:0003:001D:}}Penso proprio che noi due
diventeremo ottim{{TAG:000E:0006:0200690002006500}} amic{{TAG:000E:0006:02006900040068006500}}.{{TAG:0007:0000:10000000}}
{{TAG:000E:0003:}}{{TAG:0005:0007:}}!","{{TAG:0003:0001:}}Wie geht's dir,{{TAG:0007:0000:08000000}} {{TAG:0005:0008:}}?{{TAG:0007:0000:14000000}}
Wolltest du mal nach dem
Rechten sehen?
{{TAG:0003:0027:}}Ich bin noch am Auspacken.{{TAG:0007:0000:14000000}}
Daher sieht es hier etwas
chaotisch aus{{TAG:0007:0000:08000000}}.{{TAG:0007:0000:08000000}}.{{TAG:0007:0000:08000000}}.
{{TAG:0003:0001:}}Morgen sollte ich fertig sein.{{TAG:0007:0000:14000000}}
Danke, dass du mir geraten hast,
nach {{TAG:0005:0005:}} umzuziehen!
Ich hoffe, du nimmst dir irgendwann
etwas Zeit, um mir ein wenig die
Stadt zu zeigen, {{TAG:0007:0000:08000000}}{{TAG:0005:0007:}}!","{{TAG:0003:0001:}}Nasıl gidiyor,{{TAG:0007:0000:08000000}} {{TAG:0005:0008:}}?{{TAG:0007:0000:10000000}} Beni kontrol etmeye
mi geldin?{{TAG:0000:0004:}}{{TAG:0003:0027:}}Hâlâ kutuları açıyorum, ev darmadağın,
{{TAG:0007:0000:08000000}}ama umarım yarına yerleşmiş olurum.
{{TAG:0003:0003:}}Beni {{TAG:0005:0005:}} kasabasına davet ettiğin için
tekrar teşekkür etmek istedim.{{TAG:0000:0004:}}{{TAG:0003:001D:}}Bence
bu çok güzel bir dostluğun
başlangıcı olacak.{{TAG:0007:0000:10000000}}
{{TAG:000E:0003:}}{{TAG:0005:0007:}}!"
5,006,"{{TAG:0003:0027:}}Well, {{TAG:0007:0000:08000000}}here I am!{{TAG:0000:0004:}}{{TAG:0003:0017:}}Wait. {{TAG:0007:0000:08000000}}You do remember inviting me
here,{{TAG:0007:0000:08000000}} right?{{TAG:0007:0000:10000000}}{{TAG:0003:000D:}} Back when we were
hanging out in {{TAG:0011:0002:0000}}?
{{TAG:0003:0024:}}I hope you weren't exaggerating
when you said {{TAG:0005:0005:}} was
literally the greatest place ever.
{{TAG:0003:0002:}}Just kidding. {{TAG:0007:0000:10000000}}You didn't QUITE go
that far. {{TAG:0007:0000:10000000}}{{TAG:0003:0015:}}But I'm glad to be here.
I should be settled in by tomorrow.","{{TAG:0003:0027:}}¡Ah, cielín! He tardado un poco,
pero finalmente, ¡aquí estoy!{{TAG:0000:0004:}}{{TAG:0003:0017:}}Recuerdas cuando estábamos en
{{TAG:000E:0003:}}{{TAG:0011:0002:0000}} y me invitaste a vivir
aquí, ¿verdad?
{{TAG:0003:0001:}}Espero que a partir de ahora
podamos pasar más tiempo junt{{TAG:000E:0006:02006F0002006100}}s.","{{TAG:0003:0026:}}Et voilà,{{TAG:0007:0000:0C000000}} c'est fait !
{{TAG:0007:0000:1E000000}}Je viens d'emménager !{{TAG:0000:0004:}}{{TAG:0003:0001:}}Rappelle-toi... {{TAG:0007:0000:1E000000}}C'est toi qui m'as
parlé {{TAG:000E:000A:0600640065002000040064002700}}{{TAG:0005:0005:}} quand nous
nous sommes vu{{TAG:000E:0006:02007300040065007300}} à {{TAG:0011:0002:0000}}...
{{TAG:0003:0024:}}J'espère que tu n'as pas exagéré en
me disant que cette ville était la
plus belle au monde.
{{TAG:0003:0023:}}Enfin,{{TAG:0007:0000:14000000}} ce n'est pas l'expression que
tu as utilisée, {{TAG:0007:0000:14000000}}mais c'est clairement
ce que tu as laissé entendre...
{{TAG:0003:0001:}}J'aurai fini de déballer mes cartons
d'ici demain. {{TAG:0007:0000:1E000000}}Après, {{TAG:0007:0000:0C000000}}je serai plus
disponible, {{TAG:0007:0000:0C000000}}si tu veux parler...","{{TAG:0003:001D:}}Toh, {{TAG:0007:0000:08000000}}guarda chi si rivede!{{TAG:0000:0004:}}{{TAG:0003:0017:}}Ti ricordi quando mi hai invitata
a vivere qui?{{TAG:0007:0000:10000000}}{{TAG:0003:000D:}} Ma sì, dai,
quando eravamo {{TAG:000E:0010:}} {{TAG:0011:0002:0000}}!
{{TAG:0003:0024:}}Spero che tu non stessi esagerando
quando dicevi che {{TAG:0005:0005:}}
è il posto più bello in assoluto.
{{TAG:0003:0002:}}Dai, scherzo.
{{TAG:0007:0000:10000000}}Lo so che è un modo di dire.{{TAG:0000:0004:}}{{TAG:0003:0015:}}Non vedo l'ora di aver finito
di sistemare tutte le mie cosette.
Forse ce la faccio entro domani!","So! {{TAG:0007:0000:14000000}}Hier bin ich!{{TAG:0000:0004:}}{{TAG:0003:0017:}}Ähm{{TAG:0007:0000:08000000}}.{{TAG:0007:0000:08000000}}.{{TAG:0007:0000:08000000}}.{{TAG:0007:0000:14000000}} Du erinnerst dich doch noch
an mich.{{TAG:0007:0000:14000000}} Und dass du mir geraten
hast, nach {{TAG:0005:0005:}} zu ziehen.
{{TAG:0003:0015:}}So oder so habe ich ein gutes
Gefühl bei der Sache und denke,
es wird mir hier gut gefallen!","{{TAG:0003:0027:}}Eh, {{TAG:0007:0000:08000000}}işte geldim!{{TAG:0000:0004:}}{{TAG:0003:0017:}}Bir dakika. {{TAG:0007:0000:08000000}}Beni buraya
davet ettiğini
hatırlıyorsun,{{TAG:0007:0000:08000000}} değil mi?{{TAG:0007:0000:10000000}}{{TAG:0003:000D:}} {{TAG:0011:0002:0000}}
kasabasında takılırken?
{{TAG:0003:0024:}}Umarım {{TAG:0005:0005:}} için “dünyanın gelmiş geçmiş
en harika yeri” derken abartmıyordun.
{{TAG:0003:0002:}}Şaka yapıyorum. {{TAG:0007:0000:10000000}}O KADAR ileri
gitmemiştin. {{TAG:0007:0000:10000000}}{{TAG:0003:0015:}}Ama burada olduğuma
memnunum. Yarına yerleşmiş olurum."
6,007,"{{TAG:0003:0017:}}Hey, {{TAG:0005:0008:}}, {{TAG:0007:0000:08000000}}remember me?{{TAG:0000:0004:}}{{TAG:0003:0015:}}We met when we were camping, {{TAG:0007:0000:08000000}}and
you convinced me to move here
to {{TAG:0005:0005:}}!
Well{{TAG:0007:0000:08000000}}.{{TAG:0007:0000:08000000}}.{{TAG:0007:0000:08000000}}.{{TAG:0007:0000:08000000}}{{TAG:0003:001D:}}I'm finally here!{{TAG:0007:0000:10000000}} {{TAG:0003:0001:}}I hope to see
you around, {{TAG:0007:0000:08000000}}neighbor.{{TAG:0007:0000:10000000}}
{{TAG:000E:0003:}}{{TAG:0005:0007:}}!","{{TAG:0003:0017:}}Ah, hola {{TAG:0005:0008:}}, {{TAG:0007:0000:08000000}}¿te acuerdas
de mí?{{TAG:0000:0004:}}{{TAG:0003:0015:}}Nos conocimos cuando estuve de
acampada y te caí tan bien que
me invitaste a quedarme.
Yo siempre cumplo mis promesas,
¡así que aquí estoy, {{TAG:0005:0007:}}!","{{TAG:0003:0001:}}Hello, {{TAG:0005:0008:}}. {{TAG:0007:0000:1E000000}}Te rappelles-tu
de moi ?{{TAG:0000:0004:}}{{TAG:0003:0015:}}Nous nous sommes rencontré{{TAG:000E:0006:02007300040065007300}} au
camping. {{TAG:0007:0000:1E000000}}C'est toi qui m'as
convaincue de venir vivre ici.
{{TAG:0003:0005:}}Alors voilà !{{TAG:0007:0000:1E000000}} {{TAG:0003:0001:}}J'habite à {{TAG:0005:0005:}}
maintenant, {{TAG:0005:0007:}} ! {{TAG:0007:0000:1E000000}}Nous
allons nous voir souvent, j'espère.","{{TAG:0003:0017:}}Salve, {{TAG:0005:0008:}}, {{TAG:0007:0000:08000000}}ti ricordi di me?{{TAG:0000:0004:}}{{TAG:0003:0015:}}Ci siamo conosciut{{TAG:000E:0006:0200690002006500}} in campeggio
{{TAG:0007:0000:08000000}}e tu mi hai convinta a trasferirmi
qui {{TAG:000E:0010:}} {{TAG:0005:0005:}}!
Beh.{{TAG:0007:0000:08000000}}.{{TAG:0007:0000:08000000}}.{{TAG:0007:0000:08000000}}{{TAG:0003:001D:}} Eccomi qua!{{TAG:0007:0000:10000000}} {{TAG:0003:0001:}}Spero proprio
di vederti spesso, {{TAG:0007:0000:08000000}}vicin{{TAG:000E:0006:02006F0002006100}}.{{TAG:0007:0000:10000000}}
{{TAG:000E:0003:}}{{TAG:0005:0007:}}!","Sei gegrüßt, {{TAG:0007:0000:08000000}}{{TAG:0005:0008:}}!{{TAG:0007:0000:14000000}}
{{TAG:0003:0017:}}Kennst du mich noch?{{TAG:0000:0004:}}{{TAG:0003:0015:}}Du hast mich überzeugt, nach
{{TAG:0005:0005:}} umzuziehen, als wir
uns beim Campen begegnet sind!
{{TAG:0003:0001:}}Und hier bin ich nun,{{TAG:0007:0000:08000000}} {{TAG:0005:0007:}}!{{TAG:0007:0000:28000000}}
Wir sehen uns noch, {{TAG:0007:0000:08000000}}{{TAG:000E:0006:0E004E0061006300680062006100720012004E0061006300680062006100720069006E00}}!","{{TAG:0003:0017:}}Merhaba, {{TAG:0005:0008:}}, {{TAG:0007:0000:08000000}}beni hatırladın
mı?{{TAG:0000:0004:}}{{TAG:0003:0015:}}Kamptayken tanışmıştık, {{TAG:0007:0000:08000000}}sen
de beni {{TAG:0005:0005:}}
kasabasına taşınmaya ikna etmiştin!
Eh{{TAG:0007:0000:08000000}}.{{TAG:0007:0000:08000000}}.{{TAG:0007:0000:08000000}}.{{TAG:0007:0000:08000000}}{{TAG:0003:001D:}}sonunda geldim!{{TAG:0007:0000:10000000}} {{TAG:0003:0001:}}Buralarda sık sık
karşılaşırız umarım, {{TAG:0007:0000:08000000}}komşum.{{TAG:0007:0000:10000000}}
{{TAG:000E:0003:}}{{TAG:0005:0007:}}!"
7,008,"{{TAG:0003:000F:}}Oh! {{TAG:0007:0000:10000000}}It's you!{{TAG:0007:0000:10000000}} {{TAG:0003:0017:}}You remember who I
am, {{TAG:0007:0000:08000000}}right?{{TAG:0000:0004:}}{{TAG:0003:0015:}}That's right. {{TAG:0007:0000:08000000}}You convinced me to
move to {{TAG:0005:0005:}} back when we
were camping.
{{TAG:0003:002A:}}Anyway, {{TAG:0007:0000:08000000}}now I'm all moved in and
ready to start mingling.{{TAG:0007:0000:10000000}} {{TAG:0003:0020:}}I hope to
see you around!","{{TAG:0003:000F:}}¡Ah! {{TAG:0007:0000:10000000}}¡Eres tú!{{TAG:0007:0000:10000000}} {{TAG:0003:0017:}}¿Cómo va todo?
¿Me recuerdas?{{TAG:0000:0004:}}{{TAG:0003:0015:}}Me invitaste a vivir en {{TAG:000E:0003:}}{{TAG:0005:0005:}}
cuando vine de acampada, fuiste
muy amable.
{{TAG:0003:002A:}}Me alegro de tener u{{TAG:000E:0006:02006E0004006E006100}} amig{{TAG:000E:0006:02006F0002006100}} en el
pueblo, empezar de cero siempre
asusta un poco.","{{TAG:0003:0001:}}Oh,{{TAG:0007:0000:14000000}} {{TAG:0005:0008:}} ! {{TAG:0007:0000:1E000000}}Hello !
{{TAG:0007:0000:1E000000}}Te souviens-tu de moi ?{{TAG:0000:0004:}}{{TAG:0003:0015:}}Nous nous sommes rencontré{{TAG:000E:0006:02007300040065007300}} au
camping. {{TAG:0007:0000:1E000000}}C'est toi qui m'as
convaincue de venir vivre ici.
{{TAG:0003:002A:}}Je viens de finir de déballer mes
cartons.{{TAG:0007:0000:1E000000}} {{TAG:0003:0020:}}Je vais pouvoir visiter un
peu la ville. À très bientôt, j'espère.","{{TAG:0003:000F:}}Oh! {{TAG:0007:0000:10000000}}Sei tu!{{TAG:0007:0000:10000000}} {{TAG:0003:0017:}}Non ti sei dimenticat{{TAG:000E:0006:02006F0002006100}}
di me, {{TAG:0007:0000:08000000}}vero?{{TAG:0000:0004:}}{{TAG:0003:0015:}}Brav{{TAG:000E:0006:02006F0002006100}}, {{TAG:0007:0000:08000000}}sono quella che hai convinto
a traslocare {{TAG:000E:0010:}} {{TAG:0005:0005:}}
quando eravamo in campeggio.
{{TAG:0003:002A:}}Mi sono appena sistemata e sono
pronta a conoscere tutto il vicinato.{{TAG:0007:0000:10000000}}
{{TAG:0003:0020:}}Ci vediamo in giro!","{{TAG:0003:000F:}}Oh!{{TAG:0007:0000:28000000}} Du bist es!{{TAG:0007:0000:28000000}}
{{TAG:0003:0017:}}Du kennst mich doch noch, {{TAG:0007:0000:08000000}}oder?{{TAG:0007:0000:14000000}}
Vom Campen damals?
{{TAG:0003:0015:}}Genau,{{TAG:0007:0000:08000000}} du hast mir geraten,
nach {{TAG:0005:0005:}} umzuziehen{{TAG:0007:0000:08000000}}.{{TAG:0007:0000:08000000}}.{{TAG:0007:0000:08000000}}.{{TAG:0007:0000:14000000}}
Und hier bin ich nun!
{{TAG:0003:0025:}}Es würde mich daher auch gar nicht
wundern, wenn wir uns in Zukunft
häufiger begegnen würden!","{{TAG:0003:000F:}}Aa! {{TAG:0007:0000:10000000}}Sensin!{{TAG:0007:0000:10000000}} {{TAG:0003:0017:}}Beni hatırlıyorsun, {{TAG:0007:0000:08000000}}değil
mi?{{TAG:0000:0004:}}{{TAG:0003:0015:}}Evet. {{TAG:0007:0000:08000000}}Kamptayken beni {{TAG:0005:0005:}} kasabasına
taşınmaya ikna etmiştin.
{{TAG:0003:002A:}}Neyse, {{TAG:0007:0000:08000000}}artık tamamen yerleştim ve
sosyalleşmeye hazırım.{{TAG:0007:0000:10000000}} {{TAG:0003:0020:}}Görüşürüz!"
8,009,"Well,{{TAG:0007:0000:08000000}} look who it is.{{TAG:0007:0000:10000000}} {{TAG:0003:0010:}}{{TAG:000E:0003:}}{{TAG:0005:0008:}}!{{TAG:0007:0000:10000000}}
Great to see you!{{TAG:0000:0004:}}{{TAG:0003:0017:}}Remember that day at camp{{TAG:0007:0000:08000000}} when
you told me all about {{TAG:0005:0005:}}?{{TAG:0000:0004:}}{{TAG:0003:001C:}}Well, {{TAG:0007:0000:08000000}}I pulled a few strings,{{TAG:0007:0000:08000000}} and
here I am! {{TAG:0007:0000:10000000}}{{TAG:000E:0003:}}{{TAG:0005:0007:}}!{{TAG:0000:0004:}}{{TAG:0003:0001:}}We're practically neighbors now.{{TAG:0007:0000:10000000}} I'll
see you around {{TAG:0005:0005:}}{{TAG:0007:0000:08000000}}.{{TAG:0007:0000:08000000}}.{{TAG:0007:0000:08000000}}.{{TAG:0007:0000:08000000}}","{{TAG:0003:0010:}}¡Aquí estás, cielín!{{TAG:0007:0000:10000000}}
¡Cuánto me alegro de verte!{{TAG:0000:0004:}}{{TAG:0003:0001:}}Nunca olvidaré el día en que me
invitaste a vivir aquí.{{TAG:0007:0000:14000000}} ¡Ese día
cambió mi vida!
{{TAG:0003:0015:}}Si no hubiese acampado en este
pueblo, a saber dónde estaría
ahora, {{TAG:0005:0007:}}.
{{TAG:0003:0020:}}En fin, ya nos veremos por el
pueblo, vecin{{TAG:000E:0006:02006F0002006100}}.","{{TAG:0003:0001:}}Tiens...{{TAG:0007:0000:1E000000}} {{TAG:0003:0010:}}{{TAG:0005:0008:}}. {{TAG:0007:0000:1E000000}}Quelle belle
surprise !{{TAG:0007:0000:1E000000}} Je suis contente de te
revoir, tu sais.
Te rappelles-tu de la fois où je suis
venue camper ? {{TAG:0007:0000:1E000000}}{{TAG:0003:0015:}}C'est toi qui m'as
convaincue de m'installer ici.
{{TAG:0003:0005:}}Alors voilà !{{TAG:0007:0000:1E000000}} {{TAG:0003:0001:}}J'habite à {{TAG:0005:0005:}}
maintenant, {{TAG:0005:0007:}} ! {{TAG:0007:0000:1E000000}}Nous
allons nous voir souvent, j'espère.","{{TAG:0003:0010:}}{{TAG:000E:0003:}}{{TAG:0005:0008:}}! Cercavo proprio te.{{TAG:0007:0000:10000000}}
Rivederti mi fa un immenso piacere!{{TAG:0000:0004:}}{{TAG:0003:0017:}}Ti ricordi quel giorno in campeggio,{{TAG:0007:0000:08000000}}
quando mi hai raccontato tutto
su {{TAG:0005:0005:}}?
{{TAG:0003:001C:}}Beh, {{TAG:0007:0000:08000000}}sei stat{{TAG:000E:0006:02006F0002006100}} così convincente
che ho mollato tutto {{TAG:0007:0000:08000000}}e mi sono
trasferita! {{TAG:0007:0000:10000000}}{{TAG:000E:0003:}}{{TAG:0005:0007:}}!
{{TAG:0003:0001:}}Sono la tua nuova vicina.{{TAG:0007:0000:10000000}}
Mi auguro di incontrarti spesso
qui {{TAG:000E:0010:}} {{TAG:0005:0005:}}.{{TAG:0007:0000:08000000}}.{{TAG:0007:0000:08000000}}.{{TAG:0007:0000:08000000}}","{{TAG:0003:0010:}}Da sieh mal einer an!{{TAG:0007:0000:14000000}} {{TAG:000E:0003:}}{{TAG:0005:0008:}}!{{TAG:0007:0000:14000000}}
Wie schön, dich zu sehen!{{TAG:0000:0004:}}{{TAG:0003:0017:}}Weißt du noch, wie du mir beim
Campen vorgeschwärmt hast,
wie schön {{TAG:0005:0005:}} ist?
{{TAG:0003:001C:}}Nun,{{TAG:0007:0000:08000000}} ich habe ein paar Räder in
Bewegung gesetzt und nun bin
ich hierher umgesiedelt!
{{TAG:0003:0001:}}Jetzt sind wir endlich Nachbarn,{{TAG:0007:0000:08000000}}
{{TAG:0005:0007:}}!{{TAG:0007:0000:28000000}} Wunderbar, {{TAG:0007:0000:08000000}}oder?","Eh,{{TAG:0007:0000:08000000}} kimleri görüyorum.{{TAG:0007:0000:10000000}} {{TAG:0003:0010:}}{{TAG:000E:0003:}}{{TAG:0005:0008:}}!{{TAG:0007:0000:10000000}} Seni görmek
güzel!{{TAG:0000:0004:}}{{TAG:0003:0017:}}Kampta olduğumuz günü hatırlıyor
musun{{TAG:0007:0000:08000000}}; bana {{TAG:0005:0005:}} kasabasını uzun uzun
anlatmıştın?{{TAG:0000:0004:}}{{TAG:0003:001C:}}Eh, {{TAG:0007:0000:08000000}}birkaç bağlantımı kullandım,{{TAG:0007:0000:08000000}} ve
işte buradayım! {{TAG:0007:0000:10000000}}{{TAG:000E:0003:}}{{TAG:0005:0007:}}!{{TAG:0000:0004:}}{{TAG:0003:0001:}}Artık
neredeyse komşuyuz.{{TAG:0007:0000:10000000}} Buralarda
görüşürüz {{TAG:0005:0005:}}{{TAG:0007:0000:08000000}}.{{TAG:0007:0000:08000000}}.{{TAG:0007:0000:08000000}}.{{TAG:0007:0000:08000000}}"
9,010,"{{TAG:0003:0017:}}Hey, {{TAG:0005:0008:}}, {{TAG:0007:0000:08000000}}remember me?{{TAG:0000:0004:}}{{TAG:0003:0015:}}We met back in {{TAG:0011:0002:0000}}, {{TAG:0007:0000:08000000}}and you
convinced me to move here
to {{TAG:0005:0005:}}!
Well{{TAG:0007:0000:08000000}}.{{TAG:0007:0000:08000000}}.{{TAG:0007:0000:08000000}}.{{TAG:0007:0000:08000000}}{{TAG:0003:001D:}}I'm finally here!{{TAG:0007:0000:10000000}} {{TAG:0003:0001:}}I hope to see
you around, {{TAG:0007:0000:08000000}}neighbor.{{TAG:0007:0000:10000000}}
{{TAG:000E:0003:}}{{TAG:0005:0007:}}!","{{TAG:0003:0017:}}¡Hola, {{TAG:0005:0008:}}! {{TAG:0007:0000:08000000}}Aquí estoy, como
te dije.{{TAG:0007:0000:14000000}} Me recuerdas, ¿no?{{TAG:0000:0004:}}{{TAG:0003:0015:}}Nos conocimos en {{TAG:000E:0003:}}{{TAG:0011:0002:0000}}.{{TAG:0007:0000:14000000}}
Me convenciste de que viniera a
vivir aquí.
{{TAG:0003:001D:}}¡Y no me arrepiento, te lo aseguro!
Este pueblo es maravilloso.","{{TAG:0003:0017:}}Bonjour {{TAG:0005:0008:}} ! {{TAG:0007:0000:08000000}}Te souviens-tu
de moi ?{{TAG:0000:0004:}}Nous nous sommes rencontré{{TAG:000E:0006:02007300040065007300}} à
{{TAG:0011:0002:0000}}. {{TAG:0007:0000:1E000000}}{{TAG:0003:0015:}}C'est toi qui m'as
convaincue de venir ici.
{{TAG:0003:0001:}}Alors voilà,{{TAG:0007:0000:14000000}} c'est fait.{{TAG:0007:0000:19000000}} Je vis à
{{TAG:0005:0005:}}, maintenant. {{TAG:0007:0000:1E000000}}Nous allons
nous revoir souvent, j'imagine.","{{TAG:0003:0017:}}Ciao, {{TAG:0005:0008:}}! {{TAG:0007:0000:08000000}}Ti ricordi di me?{{TAG:0000:0004:}}{{TAG:0003:0015:}}Ci siamo conosciut{{TAG:000E:0006:0200690002006500}} {{TAG:000E:0010:}} {{TAG:0011:0002:0000}}
{{TAG:0007:0000:08000000}}e tu mi hai convinta a venire
a vivere qui {{TAG:000E:0010:}} {{TAG:0005:0005:}}!
Beh.{{TAG:0007:0000:08000000}}.{{TAG:0007:0000:08000000}}.{{TAG:0007:0000:08000000}}{{TAG:0003:001D:}} Sono arrivata!{{TAG:0007:0000:10000000}} {{TAG:0003:0001:}}Uno di questi
giorni ti invito a prendere un tè.{{TAG:0007:0000:10000000}}
{{TAG:000E:0003:}}{{TAG:0005:0007:}}!","Oh,{{TAG:0007:0000:08000000}} {{TAG:0005:0008:}}!{{TAG:0007:0000:14000000}}
{{TAG:0003:0017:}}Erinnerst du dich noch?{{TAG:0000:0004:}}{{TAG:0003:0015:}}Wir haben uns in {{TAG:0011:0002:0000}}
getroffen und du hast mich
überzeugt, hierherzuziehen.
Und hier bin ich nun,{{TAG:0007:0000:08000000}} {{TAG:0005:0007:}}!{{TAG:0007:0000:14000000}}
Auf gute Nachbarschaft!","{{TAG:0003:0017:}}Merhaba, {{TAG:0005:0008:}}, {{TAG:0007:0000:08000000}}beni hatırladın
mı?{{TAG:0000:0004:}}{{TAG:0003:0015:}}{{TAG:0011:0002:0000}} kasabasında tanışmıştık, {{TAG:0007:0000:08000000}}sen de
beni {{TAG:0005:0005:}}
kasabasına taşınmaya ikna etmiştin!
Eh{{TAG:0007:0000:08000000}}.{{TAG:0007:0000:08000000}}.{{TAG:0007:0000:08000000}}.{{TAG:0007:0000:08000000}}{{TAG:0003:001D:}}sonunda geldim!{{TAG:0007:0000:10000000}} {{TAG:0003:0001:}}Buralarda sık sık
karşılaşırız umarım, {{TAG:0007:0000:08000000}}komşum.{{TAG:0007:0000:10000000}}
{{TAG:000E:0003:}}{{TAG:0005:0007:}}!"
10,011,"{{TAG:0003:000F:}}Oh! {{TAG:0007:0000:10000000}}It's you!{{TAG:0007:0000:10000000}} {{TAG:0003:0017:}}You remember who I
am, {{TAG:0007:0000:08000000}}right?{{TAG:0000:0004:}}{{TAG:0003:0015:}}That's right. {{TAG:0007:0000:08000000}}You convinced me to
move to {{TAG:0005:0005:}} back when we
were hanging out in {{TAG:0011:0002:0000}}.
{{TAG:0003:002A:}}Anyway, {{TAG:0007:0000:08000000}}now I'm all moved in and
ready to start mingling.{{TAG:0007:0000:10000000}} {{TAG:0003:0020:}}I hope to
see you around!","{{TAG:0003:000F:}}¡Ay, hola, terroncín! {{TAG:0007:0000:10000000}}{{TAG:0003:0017:}}¿Te acuerdas
de mí?{{TAG:0007:0000:14000000}} ¿Me estabas esperando?{{TAG:0000:0004:}}{{TAG:0003:0015:}}Cuando estabas de turismo por
{{TAG:000E:0003:}}{{TAG:0011:0002:0000}} me convenciste de
que me mudara a este pueblo.
{{TAG:0003:002A:}}¡Y aquí estoy! Espero que quedemos
para charlar de vez en cuando.","{{TAG:0003:0001:}}Tiens...{{TAG:0007:0000:1E000000}} {{TAG:0005:0008:}}. {{TAG:0007:0000:1E000000}}Quelle belle
surprise !{{TAG:0007:0000:1E000000}} Je suis contente de te
revoir, tu sais.
Nous nous sommes rencontré{{TAG:000E:0006:02007300040065007300}} à
{{TAG:0011:0002:0000}}. {{TAG:0007:0000:1E000000}}{{TAG:0003:0015:}}C'est toi qui m'as
convaincue de venir m'installer ici.
{{TAG:0003:0001:}}Alors voilà,{{TAG:0007:0000:14000000}} c'est fait.{{TAG:0007:0000:19000000}} Nous sommes
voisin{{TAG:000E:0006:02007300040065007300}}. {{TAG:0007:0000:19000000}}{{TAG:0003:0020:}}Nous allons être amené{{TAG:000E:0006:02007300040065007300}} à
nous revoir souvent, j'imagine.","{{TAG:0003:000F:}}Oh! {{TAG:0007:0000:10000000}}Ciao!{{TAG:0007:0000:10000000}} {{TAG:0003:0017:}}Ricordi chi sono io, {{TAG:0007:0000:08000000}}vero?{{TAG:0000:0004:}}{{TAG:0003:0015:}}Proprio così: {{TAG:0007:0000:08000000}}eravamo in campeggio
{{TAG:000E:0010:}} {{TAG:0011:0002:0000}} e mi hai convinta
a trasferirmi {{TAG:000E:0010:}} {{TAG:0005:0005:}}.
{{TAG:0003:002A:}}Ho finito di sistemare gli scatoloni
e sono pronta a conoscere tutto
il vicinato.{{TAG:0007:0000:10000000}} {{TAG:0003:0020:}}Ci vediamo in giro!","{{TAG:0003:000F:}}Wen seh ich denn da?!?{{TAG:0007:0000:14000000}}
{{TAG:0003:0017:}}Kennst du mich noch?{{TAG:0000:0004:}}{{TAG:0003:0015:}}Wir haben uns in {{TAG:0011:0002:0000}}
getroffen und du hast mir geraten,
nach {{TAG:0005:0005:}} zu ziehen.
{{TAG:0003:0025:}}Und nun bin ich tatsächlich hier!{{TAG:0007:0000:14000000}}
Wir werden uns von nun an sicher
häufiger begegnen!","{{TAG:0003:000F:}}Aa! {{TAG:0007:0000:10000000}}Sensin!{{TAG:0007:0000:10000000}} {{TAG:0003:0017:}}Beni hatırlıyorsun, {{TAG:0007:0000:08000000}}değil
mi?{{TAG:0000:0004:}}{{TAG:0003:0015:}}Evet. {{TAG:0007:0000:08000000}}{{TAG:0005:0005:}} kasabasındayken beni buraya
taşınmaya ikna etmiştin, {{TAG:0011:0002:0000}}hatırladın mı?
{{TAG:0003:002A:}}Neyse, {{TAG:0007:0000:08000000}}artık tamamen yerleştim ve
sosyalleşmeye hazırım.{{TAG:0007:0000:10000000}} {{TAG:0003:0020:}}Görüşürüz!"
11,012,"Well,{{TAG:0007:0000:08000000}} look who it is.{{TAG:0007:0000:10000000}} {{TAG:0003:0010:}}{{TAG:000E:0003:}}{{TAG:0005:0008:}}!{{TAG:0007:0000:10000000}}
Great to see you!{{TAG:0000:0004:}}{{TAG:0003:0017:}}Remember the day we first met,
{{TAG:0007:0000:08000000}}when you couldn't stop talking
about {{TAG:0005:0005:}}?
{{TAG:0003:001C:}}Well, {{TAG:0007:0000:08000000}}I pulled a few strings,{{TAG:0007:0000:08000000}} and
here I am! {{TAG:0007:0000:10000000}}{{TAG:000E:0003:}}{{TAG:0005:0007:}}!{{TAG:0000:0004:}}{{TAG:0003:0001:}}We're practically neighbors now.{{TAG:0007:0000:10000000}} I'll
see you around {{TAG:0005:0005:}}{{TAG:0007:0000:08000000}}.{{TAG:0007:0000:08000000}}.{{TAG:0007:0000:08000000}}.{{TAG:0007:0000:08000000}}","¡Ay, qué alegría!{{TAG:0007:0000:10000000}} {{TAG:0003:0010:}}¡Hola, {{TAG:0005:0008:}}!{{TAG:0007:0000:10000000}}
¡Tenía muchas ganas de verte!{{TAG:0000:0004:}}{{TAG:0003:0001:}}Quería darte las gracias por
invitarme a vivir en {{TAG:000E:0003:}}{{TAG:0005:0005:}}.{{TAG:0007:0000:14000000}}{{TAG:0003:0027:}}
Estoy tan emocionada...
{{TAG:0003:0020:}}Ahora que somos vecin{{TAG:000E:0006:02006F0002006100}}s podremos
conocernos más a fondo.","{{TAG:0003:0001:}}Tiens...{{TAG:0007:0000:1E000000}} {{TAG:0003:0010:}}{{TAG:0005:0008:}}. {{TAG:0007:0000:1E000000}}Quelle belle
surprise !{{TAG:0007:0000:1E000000}} Je suis contente de te
revoir, tu sais.
{{TAG:0003:0017:}}Te souviens-tu de notre rencontre ?
{{TAG:0007:0000:1E000000}}Tu n'arrêtais pas de parler en bien
de ta ville.
{{TAG:0003:0001:}}C'est toi qui m'as convaincue de
venir ici, tu sais... Alors j'ai vendu
ma maison, et... {{TAG:0005:0007:}}...
{{TAG:0003:0005:}}Voilà !{{TAG:0007:0000:1E000000}} {{TAG:0003:0001:}}J'habite à {{TAG:0005:0005:}} moi
aussi, maintenant ! {{TAG:0007:0000:1E000000}}Nous allons nous
revoir souvent, j'espère.","{{TAG:0003:0010:}}{{TAG:000E:0003:}}{{TAG:0005:0008:}}! Non speravo
di incontrarti così presto.{{TAG:0007:0000:10000000}}
Rivederti mi fa un immenso piacere!
{{TAG:0003:0017:}}Ti ricordi quel giorno in campeggio,{{TAG:0007:0000:08000000}}
quando non facevi altro che parlare
di {{TAG:0005:0005:}}?
{{TAG:0003:001C:}}Beh, {{TAG:0007:0000:08000000}}sei stat{{TAG:000E:0006:02006F0002006100}} così convincente
che ho deciso di cambiare vita
e trasferirmi! {{TAG:0007:0000:10000000}}{{TAG:000E:0003:}}{{TAG:0005:0007:}}!
{{TAG:0003:0001:}}Da oggi in poi saremo vicin{{TAG:000E:0006:0200690002006500}}.{{TAG:0007:0000:10000000}}
Spero che ci incontreremo spesso
qui {{TAG:000E:0010:}} {{TAG:0005:0005:}}.{{TAG:0007:0000:08000000}}.{{TAG:0007:0000:08000000}}.{{TAG:0007:0000:08000000}}","{{TAG:0003:0010:}}Oh!{{TAG:0007:0000:28000000}} {{TAG:000E:0003:}}{{TAG:0005:0008:}}!{{TAG:0007:0000:14000000}}
Wie schön, dich wiederzusehen!{{TAG:0000:0004:}}{{TAG:0003:0017:}}Weißt du noch, als wir uns zum
ersten Mal getroffen haben und
du mir von {{TAG:0005:0005:}} erzählt hast?
{{TAG:0003:001C:}}Nun,{{TAG:0007:0000:08000000}} ich habe ein paar Beziehungen
spielen lassen und nun wohne ich
auch endlich hier.
{{TAG:0003:0001:}}Wir sind somit also Nachbarn!{{TAG:0007:0000:14000000}}
Wir sehen uns nun sicher häufiger!{{TAG:0007:0000:14000000}}
Erfreulich, {{TAG:0007:0000:08000000}}nicht wahr?","Eh,{{TAG:0007:0000:08000000}} kimleri görüyorum.{{TAG:0007:0000:10000000}} {{TAG:0003:0010:}}{{TAG:000E:0003:}}{{TAG:0005:0008:}}!{{TAG:0007:0000:10000000}} Seni görmek
güzel!{{TAG:0000:0004:}}{{TAG:0003:0017:}}İlk tanıştığımız günü hatırlıyor
musun, {{TAG:0007:0000:08000000}}{{TAG:0005:0005:}} hakkında susmak bilmemiştin?
{{TAG:0003:001C:}}Eh, {{TAG:0007:0000:08000000}}birkaç bağlantımı kullandım,{{TAG:0007:0000:08000000}} ve
işte buradayım! {{TAG:0007:0000:10000000}}{{TAG:000E:0003:}}{{TAG:0005:0007:}}!{{TAG:0000:0004:}}{{TAG:0003:0001:}}Artık
neredeyse komşuyuz.{{TAG:0007:0000:10000000}} Buralarda
görüşürüz {{TAG:0005:0005:}}{{TAG:0007:0000:08000000}}.{{TAG:0007:0000:08000000}}.{{TAG:0007:0000:08000000}}.{{TAG:0007:0000:08000000}}"
12,013,"{{TAG:0003:0020:}}Hey!{{TAG:0007:0000:10000000}} {{TAG:000E:0003:}}{{TAG:0005:0008:}}? {{TAG:0007:0000:10000000}}It's me,{{TAG:0007:0000:08000000}}
{{TAG:0005:0001:}}!{{TAG:0000:0004:}}{{TAG:0003:0009:}}I hope you didn't forget{{TAG:0007:0000:08000000}}.{{TAG:0007:0000:08000000}}.{{TAG:0007:0000:08000000}}.{{TAG:0007:0000:08000000}} It's been
over a week. {{TAG:0007:0000:10000000}}{{TAG:0003:0006:}}I was camping,{{TAG:0007:0000:08000000}} and you
invited me to move here for real.
{{TAG:0003:0010:}}You remember? {{TAG:0007:0000:20000000}}{{TAG:0003:001D:}}Oh,{{TAG:0007:0000:08000000}} good! {{TAG:0007:0000:10000000}}Now that
we're practically neighbors, I hope
we can be friends.{{TAG:0007:0000:10000000}} {{TAG:000E:0003:}}{{TAG:0005:0007:}}!","{{TAG:0003:0020:}}¡Ah!{{TAG:0007:0000:10000000}} ¿{{TAG:000E:0003:}}{{TAG:0005:0008:}}? {{TAG:0007:0000:10000000}}¡Soy yo,{{TAG:0007:0000:08000000}}
{{TAG:0005:0001:}}!{{TAG:0000:0004:}}{{TAG:0003:0009:}}Me invitaste a mudarme al pueblo,
¿te acuerdas?{{TAG:0007:0000:14000000}} {{TAG:0003:0001:}}Ya llevo aquí una
semana y estoy encantada.
{{TAG:0003:0027:}}Me gustaría verte más a menudo
y que llegáramos a ser amig{{TAG:000E:0006:02006F0002006100}}s.","{{TAG:0003:0020:}}{{TAG:000E:0003:}}{{TAG:0005:0008:}} ! {{TAG:0007:0000:10000000}}C'est moi,{{TAG:0007:0000:08000000}} {{TAG:0005:0001:}}.
Tu te souviens, {{TAG:0005:0007:}} ?{{TAG:0000:0004:}}{{TAG:0003:0009:}}J'espère que tu ne m'as pas oubliée.{{TAG:0007:0000:1E000000}}
{{TAG:0003:0006:}}Mais si.{{TAG:0007:0000:10000000}} Rappelle-toi !{{TAG:0000:0004:}}{{TAG:0003:0009:}}J'ai campé ici il y a quelque temps.
{{TAG:0007:0000:19000000}}C'est là que tu m'as invitée à
emménager à {{TAG:0005:0005:}} !
{{TAG:0003:001D:}}Ce qu'il y a de magnifique, {{TAG:0007:0000:10000000}}c'est que
comme nous habitons la même ville,{{TAG:0007:0000:10000000}}
nous allons nous voir souvent !","{{TAG:0003:0020:}}Ciao!{{TAG:0007:0000:10000000}} {{TAG:000E:0003:}}{{TAG:0005:0008:}}? {{TAG:0007:0000:10000000}}Sono io,{{TAG:0007:0000:08000000}}
{{TAG:0005:0001:}}!{{TAG:0000:0004:}}{{TAG:0003:0009:}}Non ti sarai mica già dimenticat{{TAG:000E:0006:02006F0002006100}}{{TAG:0007:0000:08000000}}.{{TAG:0007:0000:08000000}}.{{TAG:0007:0000:08000000}}.{{TAG:0007:0000:08000000}}
Circa una settimana fa mi hai
invitata a trasferirmi qui.
{{TAG:0003:0010:}}Adesso ti ricordi? {{TAG:0007:0000:20000000}}{{TAG:0003:001D:}}Oh,{{TAG:0007:0000:08000000}} eccellente!{{TAG:0007:0000:10000000}}
Ora che abitiamo vicin{{TAG:000E:0006:0200690002006500}} {{TAG:0007:0000:0F000000}}possiamo
diventare amic{{TAG:000E:0006:02006900040068006500}}.{{TAG:0007:0000:10000000}} {{TAG:000E:0003:}}{{TAG:0005:0007:}}!","{{TAG:0003:0020:}}Ich grüße dich,{{TAG:0007:0000:08000000}} {{TAG:0005:0008:}}!{{TAG:0007:0000:14000000}}
Ja, {{TAG:0007:0000:08000000}}du siehst richtig!{{TAG:0007:0000:14000000}}
Ich bin es,{{TAG:0007:0000:08000000}} {{TAG:0005:0001:}}!
{{TAG:0003:0009:}}Hast du etwa vergessen, dass du
mich beim Campen eingeladen hast,
nach {{TAG:0005:0005:}} zu ziehen?
{{TAG:0003:0024:}}Ich habe mir das zu Herzen
genommen.{{TAG:0007:0000:14000000}} Und jetzt bin ich hier!{{TAG:0007:0000:14000000}}
Ich hoffe, wir werden gute Freunde!","{{TAG:0003:0020:}}Hey!{{TAG:0007:0000:10000000}} {{TAG:000E:0003:}}{{TAG:0005:0008:}}? {{TAG:0007:0000:10000000}}Benim,{{TAG:0007:0000:08000000}} {{TAG:0005:0001:}}!{{TAG:0000:0004:}}{{TAG:0003:0009:}}Umarım
beni unutmadın{{TAG:0007:0000:08000000}}.{{TAG:0007:0000:08000000}}.{{TAG:0007:0000:08000000}}.{{TAG:0007:0000:08000000}} Üzerinden bir
haftadan fazla geçti. {{TAG:0007:0000:10000000}}{{TAG:0003:0006:}}Kamptaydım,{{TAG:0007:0000:08000000}} sen
de beni gerçekten buraya taşınmaya
davet etmiştin.
{{TAG:0003:0010:}}Hatırladın mı? {{TAG:0007:0000:20000000}}{{TAG:0003:001D:}}Aa,{{TAG:0007:0000:08000000}} güzel! {{TAG:0007:0000:10000000}}Artık
neredeyse komşu olduğumuza göre
arkadaş da olabiliriz.{{TAG:0007:0000:10000000}} {{TAG:000E:0003:}}{{TAG:0005:0007:}}!"
13,014,"{{TAG:0003:0020:}}Hey!{{TAG:0007:0000:10000000}} {{TAG:000E:0003:}}{{TAG:0005:0008:}}? {{TAG:0007:0000:10000000}}It's me,{{TAG:0007:0000:08000000}}
{{TAG:0005:0001:}}!{{TAG:0000:0004:}}{{TAG:0003:000B:}}We were back in {{TAG:0011:0002:0000}},{{TAG:0007:0000:08000000}} and 
you invited me to move to
{{TAG:0005:0005:}},{{TAG:0007:0000:08000000}} remember?
{{TAG:0003:001F:}}Oh, {{TAG:0007:0000:08000000}}good! {{TAG:0007:0000:10000000}}You had me worried for a
second there.{{TAG:0007:0000:10000000}} {{TAG:000E:0003:}}{{TAG:0005:0007:}}!{{TAG:0000:0004:}}{{TAG:0003:0027:}}Now that we're neighbors, {{TAG:0007:0000:08000000}}we
should also be friends, {{TAG:0007:0000:08000000}}don't you
think?","{{TAG:0003:0020:}}¡Hola, {{TAG:0005:0008:}}! {{TAG:0007:0000:10000000}}¿Me recuerdas?{{TAG:0007:0000:08000000}}
¡Soy {{TAG:0005:0001:}}!{{TAG:0000:0004:}}{{TAG:0003:000B:}}¡No sabes cuánto te agradezco que
me invitaras a trasladarme a este
pueblo!
{{TAG:0003:001F:}}De verdad que necesitaba cambiar
de aires.{{TAG:0007:0000:14000000}} Bueno, ya nos veremos
por aquí, {{TAG:0005:0007:}}.","{{TAG:0003:0020:}}Hello {{TAG:0005:0008:}} ! {{TAG:0007:0000:14000000}}C'est moi,{{TAG:0007:0000:08000000}}
{{TAG:0005:0001:}}. {{TAG:0007:0000:14000000}}Tu me reconnais ?{{TAG:0000:0004:}}{{TAG:0003:000B:}}Mais si.{{TAG:0007:0000:14000000}} Souviens-toi. {{TAG:0005:0001:}}...{{TAG:0007:0000:1E000000}}
{{TAG:000E:0003:}}{{TAG:0011:0002:0000}}...{{TAG:0007:0000:1E000000}} Tu m'as invitée à
venir m'installer à {{TAG:0005:0005:}}...
Tu t'en rappelles, maintenant ?{{TAG:0003:001F:}}
Magnifique, {{TAG:0005:0007:}} !{{TAG:0000:0004:}}{{TAG:0003:001D:}}Ce qu'il y a de magnifique, surtout,
{{TAG:0007:0000:10000000}}c'est que comme nous habitons la
même ville,{{TAG:0007:0000:10000000}} on se verra souvent !","{{TAG:0003:0020:}}Salve!{{TAG:0007:0000:10000000}} {{TAG:000E:0003:}}{{TAG:0005:0008:}}? {{TAG:0007:0000:10000000}}Sono io,{{TAG:0007:0000:08000000}}
{{TAG:0005:0001:}}!{{TAG:0000:0004:}}{{TAG:0003:000B:}}Eravamo {{TAG:000E:0010:}} {{TAG:0011:0002:0000}} tempo fa
e mi hai invitata a trasferirmi
{{TAG:000E:0010:}} {{TAG:0005:0005:}},{{TAG:0003:000D:}} ti ricordi?{{TAG:0007:0000:10000000}}
{{TAG:0003:001F:}}Oh, {{TAG:0007:0000:08000000}}bene! {{TAG:0007:0000:10000000}}Temevo che tu l'avessi
già dimenticato.{{TAG:0007:0000:10000000}} {{TAG:000E:0003:}}{{TAG:0005:0007:}}!{{TAG:0000:0004:}}{{TAG:0003:0027:}}Adesso che abitiamo nella stessa
città, {{TAG:0007:0000:08000000}}sono certa che tra noi{{TAG:0007:0000:08000000}}
nascerà una bella amicizia!","{{TAG:0003:0020:}}Sei gegrüßt,{{TAG:0007:0000:08000000}} {{TAG:0005:0008:}}!{{TAG:0007:0000:14000000}}
Ich bin es,{{TAG:0007:0000:08000000}} {{TAG:0005:0001:}}!{{TAG:0000:0004:}}{{TAG:0003:000B:}}Als wir in {{TAG:0011:0002:0000}} waren, hast
du vorgeschlagen, ich könnte
nach {{TAG:0005:0005:}} umziehen{{TAG:0007:0000:08000000}}.{{TAG:0007:0000:08000000}}.{{TAG:0007:0000:08000000}}.
{{TAG:0003:0024:}}Dann hat mich die Abenteuerlust
gepackt und ich habe beschlossen,
deinem Rat zu folgen!
Ich hoffe, dass wir als neue
Nachbarn alsbald auch gute
Freunde werden, {{TAG:0007:0000:08000000}}{{TAG:0005:0007:}}!","{{TAG:0003:0020:}}Hey!{{TAG:0007:0000:10000000}} {{TAG:000E:0003:}}{{TAG:0005:0008:}}? {{TAG:0007:0000:10000000}}Benim,{{TAG:0007:0000:08000000}}
{{TAG:0005:0001:}}!{{TAG:0000:0004:}}{{TAG:0003:000B:}}{{TAG:0011:0002:0000}} kasabasındaydık,{{TAG:0007:0000:08000000}} sen de
beni {{TAG:0005:0005:}}
kasabasına taşınmaya davet etmiştin,{{TAG:0007:0000:08000000}}
hatırladın mı?
{{TAG:0003:001F:}}Aa, {{TAG:0007:0000:08000000}}güzel! {{TAG:0007:0000:10000000}}Bir an beni unuttun sandım.{{TAG:0007:0000:10000000}}
{{TAG:000E:0003:}}{{TAG:0005:0007:}}!{{TAG:0000:0004:}}{{TAG:0003:0027:}}Artık komşu olduğumuza göre, {{TAG:0007:0000:08000000}}arkadaş
da olmalıyız, {{TAG:0007:0000:08000000}}sence de öyle değil mi?"
14,015,"{{TAG:0003:0006:}}Well,{{TAG:0007:0000:08000000}} look who it is.{{TAG:0007:0000:10000000}} {{TAG:000E:0003:}}{{TAG:0005:0008:}},{{TAG:0007:0000:08000000}} we
meet at last.{{TAG:0000:0004:}}{{TAG:0003:0009:}}You know I moved here to
{{TAG:0005:0005:}} because of your
recommendation, {{TAG:0007:0000:08000000}}right?
{{TAG:0003:001B:}}And then I got here and you were
nowhere to be found. {{TAG:0007:0000:10000000}}{{TAG:0003:0028:}}What a way
to welcome someone.
{{TAG:0003:000B:}}Oh well. {{TAG:0007:0000:08000000}}It's all in the past.{{TAG:0007:0000:10000000}}{{TAG:0003:0025:}} Let's
put it behind us and just be friends,{{TAG:0007:0000:08000000}}
OK? {{TAG:0007:0000:10000000}}{{TAG:000E:0003:}}{{TAG:0005:0007:}}!","{{TAG:0003:0006:}}¡Anda, mira!{{TAG:0007:0000:10000000}} Por fin te dignas a
aparecer, {{TAG:0005:0008:}}.{{TAG:0000:0004:}}{{TAG:0003:0009:}}Me vine a vivir a {{TAG:000E:0003:}}{{TAG:0005:0005:}} porque
tú me lo recomendaste, ¿recuerdas?{{TAG:0000:0004:}}{{TAG:0003:001B:}}En todo el tiempo que llevo aquí,
no te había visto el pelo, cielín.{{TAG:0000:0004:}}{{TAG:0003:0015:}}Espero que a partir de ahora te
dejes ver un poco más.{{TAG:0007:0000:14000000}} {{TAG:0003:0025:}}¡Tenemos
tantas cosas de las que hablar!","{{TAG:0003:0006:}}{{TAG:000E:0003:}}{{TAG:0005:0008:}}...
{{TAG:0007:0000:1E000000}}Enfin ! {{TAG:0007:0000:14000000}}C'est pas trop tôt !{{TAG:0000:0004:}}{{TAG:0003:0009:}}Tu sais, {{TAG:0007:0000:10000000}}si je suis venue m'installer
ici, {{TAG:0007:0000:10000000}}c'est un peu parce que tu m'y as
poussée.
{{TAG:0003:001B:}}Alors j'emménage à {{TAG:0005:0005:}}
dans l'espoir de t'y voir souvent...{{TAG:0000:0004:}}Et oh !{{TAG:0007:0000:14000000}} Surprise ! {{TAG:0007:0000:1E000000}}Pas {{TAG:000E:000A:0600640065002000040064002700}}{{TAG:0005:0008:}}
pour me souhaiter la bienvenue !{{TAG:0000:0004:}}Je commençais à croire que tu avais
quitté la ville, {{TAG:0005:0007:}}...{{TAG:0000:0004:}}{{TAG:0003:0025:}}Enfin... {{TAG:0007:0000:1E000000}}Je t'ai retrouvé{{TAG:000E:0006:000002006500}},
maintenant.{{TAG:0007:0000:1E000000}} {{TAG:0003:0001:}}Nous allons pouvoir
passer du temps ensemble.","{{TAG:0003:0006:}}Guarda{{TAG:0007:0000:08000000}} guarda chi si vede.{{TAG:0007:0000:10000000}}
{{TAG:000E:0003:}}{{TAG:0005:0008:}},{{TAG:0007:0000:08000000}} finalmente
ci incontriamo.{{TAG:0000:0004:}}{{TAG:0003:0009:}}Lo sai che mi sono trasferita
{{TAG:000E:0010:}} {{TAG:0005:0005:}} perché me l'hai
consigliato tu, {{TAG:0007:0000:08000000}}vero?
{{TAG:0003:001B:}}E poi arrivo qui e di te neanche
l'ombra. {{TAG:0007:0000:10000000}}{{TAG:0003:0028:}}Grazie tante per
il caloroso benvenuto, eh?!
{{TAG:0003:000B:}}Beh, {{TAG:0007:0000:08000000}}cosa posso farci.{{TAG:0007:0000:10000000}} Farò finta
di niente!{{TAG:0007:0000:08000000}} Tentiamo di diventare
amic{{TAG:000E:0006:02006900040068006500}}, va bene? {{TAG:0007:0000:10000000}}{{TAG:000E:0003:}}{{TAG:0005:0007:}}!","{{TAG:0003:0006:}}Oh!{{TAG:0007:0000:14000000}} {{TAG:000E:0003:}}{{TAG:0005:0008:}}{{TAG:0007:0000:08000000}}.{{TAG:0007:0000:08000000}}.{{TAG:0007:0000:08000000}}.{{TAG:0007:0000:14000000}} Sehen wir uns
also doch noch.{{TAG:0007:0000:14000000}} Damit habe ich
gar nicht mehr gerechnet!
{{TAG:0003:0009:}}Du weißt schon, dass ich nur
deinetwegen nach {{TAG:0005:0005:}}
gezogen bin, {{TAG:0007:0000:08000000}}oder?
{{TAG:0003:001B:}}Und dann wage ich den Schritt und
ziehe tatsächlich um,{{TAG:0007:0000:14000000}} und von dir
bleibt weit und breit keine Spur.
{{TAG:0003:0028:}}Besonders gastfreundlich ist das
nicht gerade.{{TAG:0007:0000:14000000}} {{TAG:0003:000B:}}Aber ich möchte
nicht nachtragend sein{{TAG:0007:0000:08000000}}.{{TAG:0007:0000:08000000}}.{{TAG:0007:0000:08000000}}.
{{TAG:0003:0025:}}Aber lassen wir das hinter uns.{{TAG:0007:0000:14000000}}
Lass uns gute Freunde werden,
{{TAG:0007:0000:08000000}}{{TAG:0005:0007:}}!","{{TAG:0003:0006:}}Eh,{{TAG:0007:0000:08000000}} kimleri görüyorum.{{TAG:0007:0000:10000000}} {{TAG:000E:0003:}}{{TAG:0005:0008:}},{{TAG:0007:0000:08000000}} sonunda
karşılaştık.{{TAG:0000:0004:}}{{TAG:0003:0009:}}Senin tavsiyenle {{TAG:0005:0005:}} kasabasına
taşındığımı biliyorsun, {{TAG:0007:0000:08000000}}değil mi?
{{TAG:0003:001B:}}Sonra geldim, sen ortalarda yoksun.
{{TAG:0007:0000:10000000}}{{TAG:0003:0028:}}İnsan böyle mi karşılanır?
{{TAG:0003:000B:}}Neyse. {{TAG:0007:0000:08000000}}Geçmişte kaldı.{{TAG:0007:0000:10000000}}{{TAG:0003:0025:}} Unutup arkadaş
olalım,{{TAG:0007:0000:08000000}} olur mu? {{TAG:0007:0000:10000000}}{{TAG:000E:0003:}}{{TAG:0005:0007:}}!"
15,016,"{{TAG:0003:0006:}}Well,{{TAG:0007:0000:08000000}} look who it is.{{TAG:0007:0000:10000000}} {{TAG:000E:0003:}}{{TAG:0005:0008:}},{{TAG:0007:0000:08000000}} we
meet at last.{{TAG:0000:0004:}}{{TAG:0003:0009:}}You know I moved here to
{{TAG:0005:0005:}} because of your
recommendation, {{TAG:0007:0000:08000000}}right?
{{TAG:0003:001B:}}And then I got here and you were
nowhere to be found. {{TAG:0007:0000:10000000}}{{TAG:0003:0028:}}What a way
to welcome someone.
{{TAG:0003:000B:}}Oh well. {{TAG:0007:0000:08000000}}It's all in the past.{{TAG:0007:0000:10000000}}{{TAG:0003:0025:}} Let's
put it behind us and just be friends,{{TAG:0007:0000:08000000}}
OK? {{TAG:0007:0000:10000000}}{{TAG:000E:0003:}}{{TAG:0005:0007:}}!","{{TAG:0003:0006:}}¡Vaya!{{TAG:0007:0000:10000000}} Por fin te dignas a aparecer,
{{TAG:0005:0008:}}.{{TAG:0000:0004:}}{{TAG:0003:0009:}}Me vine a vivir a {{TAG:000E:0003:}}{{TAG:0005:0005:}} porque
tú me invitaste, ¿recuerdas?{{TAG:0000:0004:}}{{TAG:0003:001B:}}Ya llevo aquí semanas y aún
no te había visto el pelo, cielín.{{TAG:0000:0004:}}{{TAG:0003:0015:}}Espero que a partir de ahora te
dejes ver un poco más.{{TAG:0007:0000:14000000}} {{TAG:0003:0025:}}¡Tenemos
tantas cosas de las que hablar!","{{TAG:0003:0006:}}{{TAG:000E:0003:}}{{TAG:0005:0008:}}...
{{TAG:0007:0000:1E000000}}Enfin ! {{TAG:0007:0000:14000000}}C'est pas trop tôt !{{TAG:0000:0004:}}{{TAG:0003:0009:}}Tu sais, {{TAG:0007:0000:10000000}}si je suis venue m'installer
ici, {{TAG:0007:0000:10000000}}c'est un peu parce que tu m'y as
poussée.
{{TAG:0003:001B:}}Alors j'emménage à {{TAG:0005:0005:}}
dans l'espoir de t'y voir souvent...{{TAG:0000:0004:}}Et oh !{{TAG:0007:0000:14000000}} Surprise ! {{TAG:0007:0000:1E000000}}Pas {{TAG:000E:000A:0600640065002000040064002700}}{{TAG:0005:0008:}}
pour me souhaiter la bienvenue !{{TAG:0000:0004:}}Je commençais à croire que tu avais
quitté la ville, {{TAG:0005:0007:}}...{{TAG:0000:0004:}}{{TAG:0003:0025:}}Enfin... {{TAG:0007:0000:1E000000}}Je t'ai retrouvé{{TAG:000E:0006:000002006500}},
maintenant.{{TAG:0007:0000:1E000000}} {{TAG:0003:0001:}}Nous allons pouvoir
passer du temps ensemble.","{{TAG:0003:0006:}}Guarda{{TAG:0007:0000:08000000}} guarda chi si vede.{{TAG:0007:0000:10000000}}
{{TAG:000E:0003:}}{{TAG:0005:0008:}},{{TAG:0007:0000:08000000}} finalmente
ci incontriamo.{{TAG:0000:0004:}}{{TAG:0003:0009:}}Lo sai che mi sono trasferita
{{TAG:000E:0010:}} {{TAG:0005:0005:}} perché me l'hai
consigliato tu, {{TAG:0007:0000:08000000}}vero?
{{TAG:0003:001B:}}E poi arrivo qui e di te neanche
l'ombra. {{TAG:0007:0000:10000000}}{{TAG:0003:0028:}}Grazie tante per
il caloroso benvenuto, eh?!
{{TAG:0003:000B:}}Beh, {{TAG:0007:0000:08000000}}cosa posso farci.{{TAG:0007:0000:10000000}}{{TAG:0003:0025:}} Farò finta
di niente!{{TAG:0007:0000:08000000}} Tentiamo di diventare
amic{{TAG:000E:0006:02006900040068006500}}, va bene? {{TAG:0007:0000:10000000}}{{TAG:000E:0003:}}{{TAG:0005:0007:}}!","{{TAG:0003:0006:}}Ach!{{TAG:0007:0000:14000000}} Dass ich das noch erleben
darf{{TAG:0007:0000:08000000}}.{{TAG:0007:0000:08000000}}.{{TAG:0007:0000:08000000}}.{{TAG:0007:0000:14000000}} {{TAG:000E:0003:}}{{TAG:0005:0008:}} ehrt mich mit
einem Besuch!
{{TAG:0003:0009:}}Weißt du eigentlich, dass ich nur
wegen deines Ratschlags nach
{{TAG:0005:0005:}} gezogen bin?
{{TAG:0003:001B:}}Und dann komme ich an{{TAG:0007:0000:08000000}}.{{TAG:0007:0000:08000000}}.{{TAG:0007:0000:08000000}}.{{TAG:0007:0000:14000000}}
und du bist nirgends zu finden!{{TAG:0007:0000:28000000}}
{{TAG:0003:0028:}}Das war sehr enttäuschend!
{{TAG:0003:000B:}}Aber gut!{{TAG:0007:0000:14000000}} Wir alle machen Fehler.{{TAG:0007:0000:28000000}}
{{TAG:0003:0025:}}Vergessen wir die Angelegenheit
und werden gute Freunde, {{TAG:0007:0000:08000000}}ja?","{{TAG:0003:0006:}}Eh,{{TAG:0007:0000:08000000}} kimleri görüyorum.{{TAG:0007:0000:10000000}} {{TAG:000E:0003:}}{{TAG:0005:0008:}},{{TAG:0007:0000:08000000}} sonunda
karşılaştık.{{TAG:0000:0004:}}{{TAG:0003:0009:}}Senin tavsiyenle {{TAG:0005:0005:}} kasabasına
taşındığımı biliyorsun, {{TAG:0007:0000:08000000}}değil mi?
{{TAG:0003:001B:}}Sonra geldim, sen ortalarda yoksun.
{{TAG:0007:0000:10000000}}{{TAG:0003:0028:}}İnsan böyle mi karşılanır?
{{TAG:0003:000B:}}Neyse. {{TAG:0007:0000:08000000}}Geçmişte kaldı.{{TAG:0007:0000:10000000}}{{TAG:0003:0025:}} Unutup arkadaş
olalım,{{TAG:0007:0000:08000000}} olur mu? {{TAG:0007:0000:10000000}}{{TAG:000E:0003:}}{{TAG:0005:0007:}}!"
16,017,"Ah {{TAG:0007:0000:08000000}}ah {{TAG:0007:0000:08000000}}ah{{TAG:0007:0000:08000000}}{{TAG:0003:001E:}}{{TAG:0007:000A:}}ch{{TAG:0007:0000:02000000}}o{{TAG:0007:0000:02000000}}o{{TAG:0007:0000:02000000}}o{{TAG:0007:0000:02000000}}o{{TAG:0007:0000:02000000}}o{{TAG:0007:0000:02000000}}o{{TAG:0007:0000:02000000}}o{{TAG:0007:0000:02000000}}o{{TAG:0007:0000:02000000}}o{{TAG:0007:0000:02000000}}!{{TAG:0000:0004:}}Sorry,{{TAG:0007:0000:08000000}} {{TAG:0005:0008:}}. {{TAG:0007:0000:10000000}}You caught me
at a bad time.{{TAG:0000:0004:}}{{TAG:0003:0027:}}I'm glad I accepted your invite to
move to {{TAG:0005:0005:}},{{TAG:0007:0000:08000000}} but I got a
cold as soon as I arrived.
{{TAG:0003:0009:}}{{TAG:000E:0003:}}{{TAG:0005:0007:}}{{TAG:0007:0000:08000000}}.{{TAG:0007:0000:08000000}}.{{TAG:0007:0000:08000000}}.{{TAG:0007:0000:08000000}}I'm afraid I'm not
the fun old {{TAG:0005:0001:}} you originally
met.
{{TAG:0003:0015:}}But don't worry.{{TAG:0007:0000:10000000}} I'll be back on my
feet in no time. {{TAG:0007:0000:10000000}}{{TAG:0003:001D:}}Then we'll get to
know each other better!","¡A{{TAG:0007:0000:08000000}}a{{TAG:0007:0000:08000000}}aaa{{TAG:0007:0000:08000000}}{{TAG:0003:001E:}}{{TAG:0007:000A:}}ch{{TAG:0007:0000:02000000}}í{{TAG:0007:0000:02000000}}iiiiiiis{{TAG:0007:0000:02000000}}!{{TAG:0000:0004:}}Ay, disculpa,{{TAG:0007:0000:08000000}} flor. {{TAG:0007:0000:10000000}}Hoy no estoy
para charlas.{{TAG:0000:0004:}}{{TAG:0003:0027:}}Nada más llegar a {{TAG:000E:0003:}}{{TAG:0005:0005:}} he
pillado este horrible catarro.{{TAG:0000:0004:}}{{TAG:0003:0009:}}No me arrepiento de haber
aceptado tu invitación, que conste.{{TAG:0007:0000:14000000}}
Me encanta este pueblo.
{{TAG:0003:0015:}}Es solo que no podré disfrutarlo
hasta que me recupere.","Ah-{{TAG:0007:0000:08000000}}Ah-{{TAG:0007:0000:08000000}}Ah-{{TAG:0007:0000:08000000}}{{TAG:0003:001E:}}{{TAG:0007:000A:}}Tch{{TAG:0007:0000:02000000}}o{{TAG:0007:0000:02000000}}o{{TAG:0007:0000:02000000}}o{{TAG:0007:0000:02000000}}o{{TAG:0007:0000:02000000}}u{{TAG:0007:0000:02000000}}u{{TAG:0007:0000:02000000}}u{{TAG:0007:0000:02000000}}u{{TAG:0007:0000:02000000}}m{{TAG:0007:0000:02000000}} !{{TAG:0007:0000:1E000000}}
Excuse-moi,{{TAG:0007:0000:08000000}} {{TAG:0005:0008:}}. {{TAG:0007:0000:1E000000}}Comme tu
le vois,{{TAG:0007:0000:0C000000}} je suis un peu enrhumée...{{TAG:0000:0004:}}{{TAG:0003:0027:}}Je ne regrette pas d'avoir
emménagé à {{TAG:0005:0005:}},{{TAG:0007:0000:0C000000}} mais j'ai
attrapé un rhume dès mon arrivée.
{{TAG:0003:0009:}}Ce n'est pas de chance{{TAG:0007:0000:08000000}}.{{TAG:0007:0000:08000000}}.{{TAG:0007:0000:08000000}}.{{TAG:0007:0000:08000000}} Et de ce
fait, je ne suis pas d'humeur à faire
la conversation...
{{TAG:0003:0001:}}Mais ne t'inquiète pas.{{TAG:0007:0000:08000000}} Dès que je
serai rétablie, nous passerons du
temps ensemble, {{TAG:0005:0007:}}.","E-{{TAG:0007:0000:08000000}}e-{{TAG:0007:0000:08000000}}eee-{{TAG:0007:0000:08000000}}{{TAG:0003:001E:}}{{TAG:0007:000A:}}cc{{TAG:0007:0000:02000000}}i{{TAG:0007:0000:02000000}}ù{{TAG:0007:0000:02000000}}!{{TAG:0000:0004:}}Scusami,{{TAG:0007:0000:08000000}} {{TAG:0005:0008:}}.{{TAG:0007:0000:10000000}}
È un momentaccio per me.{{TAG:0000:0004:}}{{TAG:0003:0027:}}Sono felice di essere {{TAG:000E:0010:}} {{TAG:0005:0005:}}
grazie al tuo invito,{{TAG:0007:0000:08000000}} ma purtroppo
mi sono ammalata appena arrivata...
{{TAG:0003:0009:}}{{TAG:000E:0003:}}{{TAG:0005:0007:}}{{TAG:0007:0000:08000000}}.{{TAG:0007:0000:08000000}}.{{TAG:0007:0000:08000000}}.{{TAG:0007:0000:08000000}} Quando mi hai
conosciuta ero tutta pimpante...
Adesso sono ridotta a uno straccio!
{{TAG:0003:0015:}}Ma non preoccuparti.{{TAG:0007:0000:08000000}} Vedrai che
tornerò presto come nuova. {{TAG:0007:0000:10000000}}{{TAG:0003:001D:}}E poi
dovremo trovarci per parlare!","HA-{{TAG:0007:0000:08000000}}HA-{{TAG:0007:0000:08000000}}HAAA-{{TAG:0007:0000:08000000}}{{TAG:0003:001E:}}{{TAG:0007:000A:}}TSCHI!{{TAG:0000:0004:}}{{TAG:0003:0009:}}Uff!{{TAG:0007:0000:28000000}} Verzeihung,{{TAG:0007:0000:08000000}} {{TAG:0005:0008:}}.{{TAG:0007:0000:14000000}}
Leider bin ich etwas krank{{TAG:0007:0000:08000000}}.{{TAG:0007:0000:08000000}}.{{TAG:0007:0000:08000000}}.{{TAG:0000:0004:}}Ich bin froh, dass ich deinem
Ratschlag gefolgt und nach
{{TAG:0005:0005:}} umgezogen bin!
Aber kaum komme ich an, {{TAG:0007:0000:08000000}}erwischt
mich diese äußerst unerwünschte
Erkältung,{{TAG:0007:0000:08000000}} {{TAG:0005:0007:}}.
Zurzeit bin ich also nicht die gut
gelaunte {{TAG:0005:0001:}} von damals{{TAG:0007:0000:08000000}}.{{TAG:0007:0000:08000000}}.{{TAG:0007:0000:08000000}}.{{TAG:0007:0000:14000000}}
Ich muss erst wieder genesen!
{{TAG:0003:0015:}}Aber bald geht's mir sicher besser.{{TAG:0007:0000:14000000}}
Dann können wir uns gerne wieder
ausführlicher unterhalten!","Ah {{TAG:0007:0000:08000000}}ah {{TAG:0007:0000:08000000}}ah{{TAG:0007:0000:08000000}}{{TAG:0003:001E:}}{{TAG:0007:000A:}}hap{{TAG:0007:0000:02000000}}şu{{TAG:0007:0000:02000000}}u{{TAG:0007:0000:02000000}}u{{TAG:0007:0000:02000000}}u{{TAG:0007:0000:02000000}}u{{TAG:0007:0000:02000000}}u{{TAG:0007:0000:02000000}}u{{TAG:0007:0000:02000000}}u{{TAG:0007:0000:02000000}}u{{TAG:0007:0000:02000000}}!{{TAG:0000:0004:}}Kusura bakma,{{TAG:0007:0000:08000000}}
{{TAG:0005:0008:}}. {{TAG:0007:0000:10000000}}Beni pek iyi bir anda
yakalamadın.{{TAG:0000:0004:}}{{TAG:0003:0027:}}{{TAG:0005:0005:}} kasabasına taşınma
davetini kabul
ettiğime sevindim,{{TAG:0007:0000:08000000}} ama gelir gelmez
soğuk algınlığı kaptım.
{{TAG:0003:0009:}}{{TAG:000E:0003:}}{{TAG:0005:0007:}}{{TAG:0007:0000:08000000}}.{{TAG:0007:0000:08000000}}.{{TAG:0007:0000:08000000}}.{{TAG:0007:0000:08000000}}Korkarım ilk tanıştığın
o neşeli {{TAG:0005:0001:}}
şu an pek ortalarda yok.
{{TAG:0003:0015:}}Ama merak etme.{{TAG:0007:0000:10000000}} Çok geçmeden
toparlanırım. {{TAG:0007:0000:10000000}}{{TAG:0003:001D:}}Sonra birbirimizi daha
iyi tanırız!"
17,018,"Ah {{TAG:0007:0000:08000000}}ah {{TAG:0007:0000:08000000}}ah{{TAG:0007:0000:08000000}}{{TAG:0003:001E:}}{{TAG:0007:000A:}}ch{{TAG:0007:0000:02000000}}o{{TAG:0007:0000:02000000}}o{{TAG:0007:0000:02000000}}o{{TAG:0007:0000:02000000}}o{{TAG:0007:0000:02000000}}o{{TAG:0007:0000:02000000}}o{{TAG:0007:0000:02000000}}o{{TAG:0007:0000:02000000}}o{{TAG:0007:0000:02000000}}o{{TAG:0007:0000:02000000}}!{{TAG:0000:0004:}}Sorry,{{TAG:0007:0000:08000000}} {{TAG:0005:0008:}}. {{TAG:0007:0000:10000000}}You caught me
at a bad time.{{TAG:0000:0004:}}{{TAG:0003:0027:}}I'm glad I accepted your invite to
move to {{TAG:0005:0005:}},{{TAG:0007:0000:08000000}} but I got a
cold as soon as I arrived.
{{TAG:0003:0009:}}{{TAG:000E:0003:}}{{TAG:0005:0007:}}{{TAG:0007:0000:08000000}}.{{TAG:0007:0000:08000000}}.{{TAG:0007:0000:08000000}}.{{TAG:0007:0000:08000000}}I'm afraid I'm not
the fun old {{TAG:0005:0001:}} you originally
met.
{{TAG:0003:0015:}}But don't worry.{{TAG:0007:0000:10000000}} I'll be back on my
feet in no time. {{TAG:0007:0000:10000000}}{{TAG:0003:001D:}}Then we'll get to
know each other better!","¡A{{TAG:0007:0000:08000000}}a{{TAG:0007:0000:08000000}}aaa{{TAG:0007:0000:08000000}}{{TAG:0003:001E:}}{{TAG:0007:000A:}}ch{{TAG:0007:0000:02000000}}í{{TAG:0007:0000:02000000}}iiiiiiis{{TAG:0007:0000:02000000}}!{{TAG:0000:0004:}}Ay, disculpa,{{TAG:0007:0000:08000000}} flor. {{TAG:0007:0000:10000000}}Ya ves que
estoy muy resfriada.{{TAG:0000:0004:}}{{TAG:0003:001B:}}Ha sido terminar la mudanza y
caer enferma, {{TAG:0007:0000:0F000000}}menuda suerte
tengo...
{{TAG:0003:0009:}}Aunque no me arrepiento de haber
aceptado tu invitación, que conste.{{TAG:0007:0000:14000000}}
Me encanta este pueblo.
{{TAG:0003:0015:}}Es solo que no podré disfrutarlo
hasta que me recupere.","Ah-{{TAG:0007:0000:08000000}}Ah-{{TAG:0007:0000:08000000}}Ah-{{TAG:0007:0000:08000000}}{{TAG:0003:001E:}}{{TAG:0007:000A:}}Tch{{TAG:0007:0000:02000000}}o{{TAG:0007:0000:02000000}}o{{TAG:0007:0000:02000000}}o{{TAG:0007:0000:02000000}}o{{TAG:0007:0000:02000000}}u{{TAG:0007:0000:02000000}}u{{TAG:0007:0000:02000000}}u{{TAG:0007:0000:02000000}}u{{TAG:0007:0000:02000000}}m{{TAG:0007:0000:02000000}} !{{TAG:0007:0000:1E000000}}
Excuse-moi,{{TAG:0007:0000:08000000}} {{TAG:0005:0008:}}. {{TAG:0007:0000:1E000000}}Comme tu
le vois,{{TAG:0007:0000:0C000000}} je suis un peu enrhumée...{{TAG:0000:0004:}}{{TAG:0003:0027:}}Je ne regrette pas d'avoir
emménagé à {{TAG:0005:0005:}},{{TAG:0007:0000:0C000000}} mais j'ai
attrapé un rhume dès mon arrivée.
{{TAG:0003:0009:}}Ce n'est pas de chance{{TAG:0007:0000:08000000}}.{{TAG:0007:0000:08000000}}.{{TAG:0007:0000:08000000}}.{{TAG:0007:0000:08000000}} Et de ce
fait, je ne suis pas d'humeur à faire
la conversation...
{{TAG:0003:0001:}}Mais ne t'inquiète pas.{{TAG:0007:0000:08000000}} Dès que je
serai rétablie, nous passerons du
temps ensemble, {{TAG:0005:0007:}}.","E-{{TAG:0007:0000:08000000}}e-{{TAG:0007:0000:08000000}}eee-{{TAG:0007:0000:08000000}}{{TAG:0003:001E:}}{{TAG:0007:000A:}}cc{{TAG:0007:0000:02000000}}i{{TAG:0007:0000:02000000}}ù{{TAG:0007:0000:02000000}}!{{TAG:0000:0004:}}Scusami,{{TAG:0007:0000:08000000}} {{TAG:0005:0008:}}.{{TAG:0007:0000:10000000}}
È un momentaccio per me.{{TAG:0000:0004:}}{{TAG:0003:0027:}}Sono felice di essere {{TAG:000E:0010:}} {{TAG:0005:0005:}}
grazie al tuo invito,{{TAG:0007:0000:08000000}} ma purtroppo
mi sono ammalata appena arrivata...
{{TAG:0003:0009:}}{{TAG:000E:0003:}}{{TAG:0005:0007:}}{{TAG:0007:0000:08000000}}.{{TAG:0007:0000:08000000}}.{{TAG:0007:0000:08000000}}.{{TAG:0007:0000:08000000}} Quando mi hai
conosciuta ero tutta pimpante...
Adesso sono ridotta a uno straccio!
{{TAG:0003:0015:}}Ma non preoccuparti.{{TAG:0007:0000:08000000}} Vedrai che
tornerò presto come nuova. {{TAG:0007:0000:10000000}}{{TAG:0003:001D:}}E poi
dovremo trovarci per parlare!","Ha-{{TAG:0007:0000:08000000}}ha-{{TAG:0007:0000:08000000}}{{TAG:0003:001E:}}{{TAG:0007:000A:}}HATSCHI!{{TAG:0000:0004:}}{{TAG:0003:0009:}}Uiuiui!{{TAG:0007:0000:14000000}} Mich hat es voll erwischt,
{{TAG:0007:0000:08000000}}{{TAG:0005:0008:}}.{{TAG:0007:0000:14000000}} Kaum ziehe ich her,
{{TAG:0007:0000:08000000}}werde ich krank.
Dabei bin ich nur umgezogen,
weil du mich nach {{TAG:0005:0005:}}
eingeladen hast!
Du hättest doch vorher sagen
können:{{TAG:0007:0000:14000000}} „{{TAG:0005:0001:}},{{TAG:0007:0000:08000000}} zieh dich
warm an und bleib gesund!“
{{TAG:0003:0015:}}Aber bald geht's mir sicher besser.{{TAG:0007:0000:14000000}}
Dann können wir ausführlich reden
und uns besser kennenlernen!","Ah {{TAG:0007:0000:08000000}}ah {{TAG:0007:0000:08000000}}ah{{TAG:0007:0000:08000000}}{{TAG:0003:001E:}}{{TAG:0007:000A:}}hap{{TAG:0007:0000:02000000}}şu{{TAG:0007:0000:02000000}}u{{TAG:0007:0000:02000000}}u{{TAG:0007:0000:02000000}}u{{TAG:0007:0000:02000000}}u{{TAG:0007:0000:02000000}}u{{TAG:0007:0000:02000000}}u{{TAG:0007:0000:02000000}}u{{TAG:0007:0000:02000000}}u{{TAG:0007:0000:02000000}}!{{TAG:0000:0004:}}Kusura bakma,{{TAG:0007:0000:08000000}}
{{TAG:0005:0008:}}. {{TAG:0007:0000:10000000}}Beni pek iyi bir anda
yakalamadın.{{TAG:0000:0004:}}{{TAG:0003:0027:}}{{TAG:0005:0005:}} kasabasına taşınma
davetini kabul
ettiğime sevindim,{{TAG:0007:0000:08000000}} ama gelir gelmez
soğuk algınlığı kaptım.
{{TAG:0003:0009:}}{{TAG:000E:0003:}}{{TAG:0005:0007:}}{{TAG:0007:0000:08000000}}.{{TAG:0007:0000:08000000}}.{{TAG:0007:0000:08000000}}.{{TAG:0007:0000:08000000}}Korkarım ilk tanıştığın
o neşeli {{TAG:0005:0001:}}
şu an pek ortalarda yok.
{{TAG:0003:0015:}}Ama merak etme.{{TAG:0007:0000:10000000}} Çok geçmeden
toparlanırım. {{TAG:0007:0000:10000000}}{{TAG:0003:001D:}}Sonra birbirimizi daha
iyi tanırız!"
18,019,"{{TAG:0003:0020:}}Hey there, {{TAG:0007:0000:08000000}}I'm {{TAG:0005:0001:}}!{{TAG:0007:0000:10000000}} It's nice
to meet you.{{TAG:0000:0004:}}{{TAG:0003:0001:}}My friend {{TAG:0011:0000:0000}} convinced me
to move here to {{TAG:0005:0006:}}, {{TAG:0007:0000:08000000}}so here
I am!
{{TAG:0003:002B:}}I guess now that we're practically
neighbors,{{TAG:0007:0000:08000000}} we should get to know
each other. {{TAG:0007:0000:10000000}}{{TAG:0003:0005:}}So{{TAG:0007:0000:08000000}} I'll see you around!","{{TAG:0003:0020:}}¡Hola! {{TAG:0007:0000:08000000}}Me llamo {{TAG:0005:0001:}} y soy
nueva en el pueblo.{{TAG:0007:0000:10000000}} ¡Mucho gusto!{{TAG:0000:0004:}}{{TAG:0003:0001:}}{{TAG:000E:0003:}}{{TAG:0011:0000:0000}} me invitó a mudarme
a {{TAG:000E:0003:}}{{TAG:0005:0006:}} y acepté enseguida.{{TAG:0000:0004:}}{{TAG:0003:002B:}}Espero conocer pronto a todos
los vecinos y hacer muchos amigos.","{{TAG:0003:0020:}}Enchantée, {{TAG:0007:0000:14000000}}je m'appelle {{TAG:0005:0001:}}.{{TAG:0007:0000:1E000000}}
Ravie de faire ta connaissance.{{TAG:0000:0004:}}{{TAG:0003:0001:}}Je suis une amie {{TAG:000E:000A:0600640065002000040064002700}}{{TAG:0011:0000:0000}}.
C'est {{TAG:000E:0008:00CD06006C0075006900080065006C006C0065000000}} qui m'a incitée à venir
m'installer à {{TAG:0005:0006:}}.
{{TAG:0003:0001:}}Nous sommes désormais pour ainsi
dire voisin{{TAG:000E:0006:02007300040065007300}},{{TAG:0007:0000:0C000000}} alors ce serait sympa
d'apprendre à nous connaître.","{{TAG:0003:0020:}}Ma ciao! {{TAG:0007:0000:08000000}}Io sono {{TAG:0005:0001:}}!{{TAG:0007:0000:10000000}}
Che piacere conoscerti!{{TAG:0000:0004:}}{{TAG:0003:0001:}}{{TAG:000E:0003:}}{{TAG:0011:0000:0000}} mi ha convinta
a trasferirmi {{TAG:000E:0010:}} {{TAG:0005:0006:}}.{{TAG:0007:0000:08000000}}
Ecco perché mi trovo qua!
{{TAG:0003:002B:}}Adesso che abitiamo nella stessa
città,{{TAG:0007:0000:08000000}} dovremmo conoscerci un po'
meglio. {{TAG:0007:0000:10000000}}{{TAG:0003:0005:}}Spero di rivederti presto!","{{TAG:0003:0020:}}Ich grüße dich!{{TAG:0007:0000:14000000}} {{TAG:000E:0003:}}{{TAG:0005:0001:}} ist mein
Name und ich freue mich, dich
kennenzulernen!
{{TAG:0003:0001:}}{{TAG:000E:0003:}}{{TAG:0011:0000:0000}} hat mich überredet,
nach {{TAG:0005:0006:}} zu ziehen.{{TAG:0007:0000:14000000}} Das
lasse ich mir nicht zweimal sagen{{TAG:0007:0000:08000000}}.{{TAG:0007:0000:08000000}}.{{TAG:0007:0000:08000000}}.
Vielleicht sehen wir uns in Zukunft
häufiger!{{TAG:0007:0000:14000000}} Es würde mich freuen!","{{TAG:0003:0020:}}Merhaba, {{TAG:0007:0000:08000000}}ben {{TAG:0005:0001:}}!{{TAG:0007:0000:10000000}} Tanıştığımıza
sevindim.{{TAG:0000:0004:}}{{TAG:0003:0001:}}Arkadaşım {{TAG:0011:0000:0000}} beni
{{TAG:0005:0006:}} kasabasına taşınmaya
ikna etti, {{TAG:0007:0000:08000000}}ben de geldim!
{{TAG:0003:002B:}}Artık neredeyse komşu olduğumuza göre,{{TAG:0007:0000:08000000}}
birbirimizi tanısak iyi olur. {{TAG:0007:0000:10000000}}{{TAG:0003:0005:}}O hâlde{{TAG:0007:0000:08000000}} görüşürüz!"
19,020,"{{TAG:0003:0020:}}Hello! {{TAG:0007:0000:10000000}}I don't think we've met
before, {{TAG:0007:0000:08000000}}have we? {{TAG:0007:0000:10000000}}My name's
{{TAG:0005:0001:}}!
{{TAG:0003:002B:}}I was actually just camping here a
while back when I met {{TAG:0011:0000:0000}}.{{TAG:0000:0004:}}{{TAG:0003:0001:}}We hit it off,{{TAG:0007:0000:08000000}} and {{TAG:000E:0005:0400680065000600730068006500}} invited me to
move here. {{TAG:0007:0000:10000000}}So today,{{TAG:0007:0000:08000000}}{{TAG:0003:002C:}} I finally did it!{{TAG:0000:0004:}}{{TAG:0003:0027:}}Let's get together sometime after
I'm finished settling in.{{TAG:0007:0000:10000000}} OK?{{TAG:0003:0026:}}{{TAG:0007:0000:10000000}}
{{TAG:000E:0003:}}{{TAG:0005:0007:}}!","{{TAG:0003:0020:}}¡Hola! {{TAG:0007:0000:10000000}}¿Eres mi nuev{{TAG:000E:0006:02006F0002006100}} vecin{{TAG:000E:0006:02006F0002006100}}? {{TAG:0007:0000:10000000}}
¡Me llamo {{TAG:0005:0001:}}, es un placer!{{TAG:0000:0004:}}{{TAG:0003:002B:}}Conocí a {{TAG:0011:0000:0000}} cuando estuve
de acampada. Fue muy amable y
me invitó a vivir aquí.
¡Hoy por fin es el gran día! Estoy
entusiasmada por empezar una
nueva vida en {{TAG:000E:0003:}}{{TAG:0005:0006:}}.
{{TAG:0003:0027:}}Cuando esté instalada podríamos
quedar un día para charlar, ¿qué
te parece?","{{TAG:0003:0020:}}Hello !{{TAG:0007:0000:20000000}} Il me semble que c'est là
notre première rencontre... {{TAG:0007:0000:20000000}}Mon
nom est {{TAG:0005:0001:}}.{{TAG:0007:0000:20000000}} Enchantée.
{{TAG:0003:0026:}}Je viens tout juste d'emménager à
{{TAG:0005:0005:}}.{{TAG:0007:0000:20000000}} C'est vraiment une ville
charmante, {{TAG:0005:0007:}} !
{{TAG:0003:0001:}}C'est {{TAG:0011:0000:0000}}, {{TAG:0007:0000:0C000000}}que j'ai connu{{TAG:000E:0008:00CD0000020065000000}} en
faisant du camping dans les
environs,{{TAG:0007:0000:0C000000}} qui m'a poussée à venir ici.
{{TAG:0003:0023:}}J'ai plein de cartons à défaire,
aujourd'hui. {{TAG:0007:0000:14000000}}Mais je suis sûre que
nous nous reverrons bientôt.","{{TAG:0003:0020:}}Ciao! {{TAG:0007:0000:10000000}}Ancora non ci conosciamo,{{TAG:0007:0000:08000000}}
vero? {{TAG:0007:0000:10000000}}Io mi chiamo {{TAG:0005:0001:}}!{{TAG:0000:0004:}}{{TAG:0003:002B:}}Tempo fa ero in campeggio,
quando ho conosciuto {{TAG:0011:0000:0000}}.{{TAG:0000:0004:}}{{TAG:0003:0001:}}Siamo andat{{TAG:000E:0005:0200690002006500}} subito d'accordissimo
{{TAG:0007:0000:08000000}}e mi ha perfino invitata a traslocare
qui. {{TAG:0007:0000:10000000}}E oggi{{TAG:0007:0000:08000000}}{{TAG:0003:002C:}} finalmente l'ho fatto!
{{TAG:0003:0027:}}Quando avrò finito di sistemarmi
dobbiamo vederci{{TAG:0007:0000:10000000}} per scambiare
delle ricette. {{TAG:0007:0000:0F000000}}Ti va?{{TAG:0003:0026:}}{{TAG:0007:0000:10000000}} {{TAG:000E:0003:}}{{TAG:0005:0007:}}!","{{TAG:0003:0020:}}Sei gegrüßt!{{TAG:0007:0000:28000000}} Wir kennen uns
noch gar nicht, {{TAG:0007:0000:08000000}}oder?{{TAG:0007:0000:14000000}}
Ich heiße {{TAG:0005:0001:}}!
{{TAG:0003:002B:}}Ich habe beim Campen hier nämlich
{{TAG:0011:0000:0000}} getroffen und wir haben
uns richtig gut verstanden.
{{TAG:0003:0001:}}{{TAG:000E:0012:0D000400450072000600530069006500040045007300}} meinte dann, dass ich doch
hierher umziehen könnte.{{TAG:0007:0000:14000000}} Und wie
du siehst, habe ich es gemacht.
{{TAG:0003:0026:}}Wenn ich mal meinen Hausrat
ausgepackt habe, müssen wir
uns treffen, {{TAG:0007:0000:08000000}}{{TAG:0005:0007:}}!","{{TAG:0003:0020:}}Merhaba! {{TAG:0007:0000:10000000}}Sanırım daha önce tanışmadık,
{{TAG:0007:0000:08000000}}değil mi? {{TAG:0007:0000:10000000}}Benim adım {{TAG:0005:0001:}}!
{{TAG:0003:002B:}}Bir süre önce burada kamp yaparken {{TAG:0011:0000:0000}}
ile tanıştım.{{TAG:0000:0004:}}{{TAG:0003:0001:}}İyi anlaştık,{{TAG:0007:0000:08000000}} {{TAG:000E:0005:0400680065000600730068006500}} da beni buraya
taşınmaya davet etti. {{TAG:0007:0000:10000000}}Bugün de,{{TAG:0007:0000:08000000}}{{TAG:0003:002C:}}
sonunda taşındım!{{TAG:0000:0004:}}{{TAG:0003:0027:}}Yerleşmeyi bitirince bir ara
buluşalım.{{TAG:0007:0000:10000000}} Olur mu?{{TAG:0003:0026:}}{{TAG:0007:0000:10000000}}
{{TAG:000E:0003:}}{{TAG:0005:0007:}}!"
20,021,"{{TAG:0003:0020:}}Welcome to my messy new home.{{TAG:0007:0000:10000000}}
I'm {{TAG:0005:0001:}}! {{TAG:0007:0000:10000000}}Good to meet you.{{TAG:0000:0004:}}{{TAG:0003:0017:}}Do you know {{TAG:0011:0000:0000}}?{{TAG:0007:0000:10000000}} Well,{{TAG:0007:0000:08000000}} {{TAG:0003:002B:}}I
was on a little vacation in this town,{{TAG:0007:0000:08000000}}
and {{TAG:000E:0005:0400680065000600730068006500}} invited me to move here.
Little did {{TAG:000E:0005:0400680065000600730068006500}} know {{TAG:0003:002A:}}I was just wild
enough to take {{TAG:000E:0005:0600680069006D000600680065007200}} up on {{TAG:000E:0005:06006800690073000600680065007200}} offer.{{TAG:0000:0004:}}{{TAG:0003:0027:}}Anyway, {{TAG:0007:0000:08000000}}I'm sure I'll see you around
town{{TAG:0007:0000:08000000}}.{{TAG:0007:0000:08000000}}.{{TAG:0007:0000:08000000}}.{{TAG:0007:0000:08000000}} We're practically neighbors!{{TAG:0007:0000:10000000}}
{{TAG:000E:0003:}}{{TAG:0005:0007:}}!","{{TAG:0003:0020:}}¡Bienvenid{{TAG:000E:0006:02006F0002006100}} a mi nueva casa!{{TAG:0007:0000:10000000}}
Soy {{TAG:0005:0001:}}, {{TAG:0007:0000:10000000}}mucho gusto.{{TAG:0000:0004:}}{{TAG:0003:0017:}}¿Conoces a {{TAG:0011:0000:0000}}?{{TAG:0007:0000:10000000}} Fue {{TAG:000E:0005:0400E9006C00080065006C006C006100}}
quien me invitó a trasladarme a
este pueblo,{{TAG:0007:0000:10000000}} un encanto de {{TAG:000E:0005:0A0063006800690063006F000A0063006800690063006100}}.
Acepté la oferta sin dudarlo,
necesitaba un cambio de aires.{{TAG:0000:0004:}}{{TAG:0003:0027:}}Bueno, ya nos veremos por el
pueblo, cielín. Espero que seamos
buen{{TAG:000E:0006:02006F0002006100}}s amig{{TAG:000E:0006:02006F0002006100}}s, {{TAG:0005:0007:}}.","{{TAG:0003:0020:}}Sois {{TAG:000E:0006:16006C00650020006200690065006E00760065006E00750018006C00610020006200690065006E00760065006E0075006500}} dans mon nouveau
chez-moi tout encombré de cartons.{{TAG:0007:0000:1E000000}}
Je suis {{TAG:0005:0001:}}. {{TAG:0007:0000:14000000}}Enchantée.
{{TAG:0003:0017:}}Connais-tu {{TAG:0011:0000:0000}} ?{{TAG:0007:0000:1E000000}} Nous nous
sommes rencontré{{TAG:000E:0008:00CD020073000400650073000000}} alors que je
campais ici.
{{TAG:0003:0010:}}C'est {{TAG:000E:0008:00CD06006C0075006900080065006C006C0065000000}} qui m'a proposé de venir
m'installer dans cette belle ville,{{TAG:0007:0000:10000000}} et
j'ai accepté, {{TAG:0005:0007:}}.
{{TAG:0003:0023:}}J'ai plein de cartons à défaire,
aujourd'hui. {{TAG:0007:0000:14000000}}Mais je suis sûre que
nous nous reverrons bientôt.","{{TAG:0003:0020:}}Benvenut{{TAG:000E:0006:02006F0002006100}} nella mia nuova casa...{{TAG:0007:0000:10000000}}
Perdona il disordine!{{TAG:0007:0000:0F000000}} Io sono
{{TAG:0005:0001:}}! {{TAG:0007:0000:10000000}}Tanto piacere.{{TAG:0000:0004:}}{{TAG:0003:0017:}}Tu conosci {{TAG:0011:0000:0000}}?
{{TAG:0007:0000:10000000}}Sai,{{TAG:0007:0000:08000000}} {{TAG:0003:002B:}}mi trovavo qui in vacanza
{{TAG:0007:0000:08000000}}e mi ha convinta a traslocare qui.
Credo che non si aspettasse
{{TAG:0003:002A:}}che avrei accettato il suo invito{{TAG:0007:0000:0F000000}}
con così tanto entusiasmo!{{TAG:0000:0004:}}{{TAG:0003:0027:}}Beh, {{TAG:0007:0000:08000000}}adesso che siamo vicin{{TAG:000E:0006:0200690002006500}}{{TAG:0007:0000:08000000}}.{{TAG:0007:0000:08000000}}.{{TAG:0007:0000:08000000}}.{{TAG:0007:0000:08000000}}
dobbiamo vederci ogni tanto per
fare due chiacchiere!{{TAG:0007:0000:10000000}} {{TAG:000E:0003:}}{{TAG:0005:0007:}}!","{{TAG:0003:0020:}}Willkommen in meinem furchtbaren
Durcheinander!{{TAG:0007:0000:14000000}} Ich bin {{TAG:0005:0001:}}.{{TAG:0007:0000:14000000}}
Schön, dich kennenzulernen!
{{TAG:0003:0017:}}Kennst du {{TAG:0011:0000:0000}}?
{{TAG:0007:0000:14000000}}{{TAG:000E:0005:0400450072000600530069006500}} hat mir nämlich den Floh ins Ohr
gesetzt, dass ich umziehen könnte.
{{TAG:0003:002B:}}Ich war eigentlich nur zu Besuch
hier.{{TAG:0007:0000:14000000}} Aber wenn man so nett
eingeladen wird{{TAG:0007:0000:08000000}}.{{TAG:0007:0000:08000000}}.{{TAG:0007:0000:08000000}}. {{TAG:0007:0000:14000000}}{{TAG:0003:001B:}}Warum nicht?
{{TAG:0003:0015:}}Außerdem sind die Nachbarn hier
sehr nett.{{TAG:0007:0000:14000000}} Ich hoffe, wir sehen uns
von jetzt an häufiger, {{TAG:0007:0000:08000000}}{{TAG:0005:0007:}}!","{{TAG:0003:0020:}}Dağınık yeni evime hoş geldin.{{TAG:0007:0000:10000000}} Ben {{TAG:0005:0001:}}!
{{TAG:0007:0000:10000000}}Tanıştığımıza sevindim.{{TAG:0000:0004:}}{{TAG:0003:0017:}}{{TAG:0011:0000:0000}}’ı
tanıyor musun?{{TAG:0007:0000:10000000}} Eh,{{TAG:0007:0000:08000000}} {{TAG:0003:002B:}}bu kasabada kısa
bir tatildeydim,{{TAG:0007:0000:08000000}} {{TAG:000E:0005:0400680065000600730068006500}} da beni buraya
taşınmaya davet etti.
{{TAG:000E:0005:0400680065000600730068006500}}Benim, {{TAG:0003:002A:}} teklifini gerçekten kabul
edecek kadar çılgın olduğumu {{TAG:000E:0005:0600680069006D000600680065007200}} bile {{TAG:000E:0005:06006800690073000600680065007200}}
bilmiyordu.{{TAG:0000:0004:}}{{TAG:0003:0027:}}Neyse, {{TAG:0007:0000:08000000}}kasabada sık sık
karşılaşacağımıza eminim{{TAG:0007:0000:08000000}}.{{TAG:0007:0000:08000000}}.{{TAG:0007:0000:08000000}}.{{TAG:0007:0000:08000000}} Artık
neredeyse komşuyuz!{{TAG:0007:0000:10000000}}
{{TAG:000E:0003:}}{{TAG:0005:0007:}}!"
21,022,"{{TAG:0003:0020:}}Hey there, {{TAG:0007:0000:08000000}}I'm {{TAG:0005:0001:}}!{{TAG:0007:0000:10000000}} It's nice
to meet you.{{TAG:0000:0004:}}{{TAG:0003:0001:}}My friend {{TAG:0011:0000:0000}} convinced me
to move here from {{TAG:0011:0002:0000}},{{TAG:0007:0000:08000000}} so
here I am!
{{TAG:0003:002B:}}I guess now that we're practically
neighbors,{{TAG:0007:0000:08000000}} we should get to know
each other. {{TAG:0007:0000:10000000}}{{TAG:0003:0005:}}So{{TAG:0007:0000:08000000}} I'll see you around!","{{TAG:0003:0020:}}¡Oh, tengo visita! {{TAG:0007:0000:08000000}}Soy {{TAG:0005:0001:}},
la nueva residente de {{TAG:000E:0003:}}{{TAG:0005:0005:}}.{{TAG:0000:0004:}}{{TAG:0003:0001:}}Mi amig{{TAG:000E:0012:0D0002006F00020061000000}} {{TAG:0011:0000:0000}} me invitó a
mudarme cuando estuvo haciendo
turismo por {{TAG:000E:0003:}}{{TAG:0011:0002:0000}}.
{{TAG:0003:002B:}}Tú y yo también llegaremos a ser
grandes amig{{TAG:000E:0006:02006F0002006100}}s, lo presiento.","{{TAG:0003:0020:}}Enchantée, {{TAG:0007:0000:14000000}}je m'appelle {{TAG:0005:0001:}}.{{TAG:0007:0000:1E000000}}
Ravie de faire ta connaissance.{{TAG:0007:0000:1E000000}}
Je viens {{TAG:000E:000A:0600640065002000040064002700}}{{TAG:0011:0002:0000}}.
{{TAG:0003:0001:}}Je suis une amie {{TAG:000E:000A:0600640065002000040064002700}}{{TAG:0011:0000:0000}}.
C'est {{TAG:000E:0005:06006C0075006900080065006C006C006500}} qui m'a incitée à venir
m'installer ici, à {{TAG:0005:0006:}}.
{{TAG:0003:0001:}}Nous sommes désormais pour ainsi
dire voisin{{TAG:000E:0006:02007300040065007300}},{{TAG:0007:0000:0C000000}} alors ce serait sympa
d'apprendre à nous connaître.","{{TAG:0003:0020:}}Ciao, {{TAG:0007:0000:08000000}}io sono {{TAG:0005:0001:}}!{{TAG:0007:0000:10000000}}
Piacere di conoscerti, vicin{{TAG:000E:0006:02006F0002006100}}.{{TAG:0000:0004:}}{{TAG:0003:0001:}}{{TAG:000E:0003:}}{{TAG:0011:0000:0000}} mi ha convinta
a lasciare {{TAG:0011:0002:0000}}{{TAG:0007:0000:08000000}} ed è
per questo che ora sono qui!
{{TAG:0003:002B:}}Adesso che abitiamo nella stessa
città,{{TAG:0007:0000:08000000}} dovremmo vederci qualche
volta per parlare. {{TAG:0007:0000:10000000}}{{TAG:0003:0005:}}A presto, spero!","{{TAG:0003:0020:}}Ich grüße dich!{{TAG:0007:0000:14000000}} Ich bin {{TAG:0005:0001:}}.{{TAG:0007:0000:14000000}}
Ich bin eben erst umgezogen!{{TAG:0000:0004:}}{{TAG:0003:0001:}}{{TAG:000E:0003:}}{{TAG:0011:0000:0000}} hat mir dazu geraten,{{TAG:0007:0000:08000000}}
also habe ich {{TAG:0011:0002:0000}} hinter mir
gelassen. {{TAG:0007:0000:28000000}}Und nun bin ich hier!
{{TAG:0003:002B:}}Ich hoffe, wir beide laufen uns noch
häufiger über den Weg!","{{TAG:0003:0020:}}Merhaba, {{TAG:0007:0000:08000000}}ben {{TAG:0005:0001:}}!{{TAG:0007:0000:10000000}} Tanıştığımıza
sevindim.{{TAG:0000:0004:}}{{TAG:0003:0001:}}Arkadaşım {{TAG:0011:0000:0000}} beni
{{TAG:0011:0002:0000}} kasabasından buraya
taşınmaya ikna etti,{{TAG:0007:0000:08000000}} ben de geldim!
{{TAG:0003:002B:}}Artık neredeyse komşu olduğumuza göre,{{TAG:0007:0000:08000000}}
birbirimizi tanısak iyi olur. {{TAG:0007:0000:10000000}}{{TAG:0003:0005:}}O hâlde{{TAG:0007:0000:08000000}} görüşürüz!"
22,023,"{{TAG:0003:0020:}}Hello! {{TAG:0007:0000:10000000}}I don't think we've met
before, {{TAG:0007:0000:08000000}}have we? {{TAG:0007:0000:10000000}}My name's
{{TAG:0005:0001:}}!
{{TAG:0003:002B:}}I used to live in {{TAG:0011:0002:0000}}, but my
friend {{TAG:0011:0000:0000}} invited me to
move here.
{{TAG:0003:0025:}}The next thing I knew, {{TAG:0007:0000:08000000}}I was on my
way. {{TAG:0007:0000:10000000}}{{TAG:0003:001D:}}And I couldn't be happier!{{TAG:0000:0004:}}{{TAG:0003:0027:}}Let's get together sometime after
I'm finished settling in.{{TAG:0007:0000:10000000}} OK?{{TAG:0003:0026:}}{{TAG:0007:0000:10000000}}
{{TAG:000E:0003:}}{{TAG:0005:0007:}}!","{{TAG:0003:0020:}}¡Hola! ¿Te conozco? {{TAG:0007:0000:10000000}}Me llamo
{{TAG:0005:0001:}}, encantada.{{TAG:0000:0004:}}{{TAG:0003:002B:}}Vivía en {{TAG:000E:0003:}}{{TAG:0011:0002:0000}} hasta que
{{TAG:0011:0000:0000}} me invitó a vivir aquí.{{TAG:0007:0000:14000000}}
{{TAG:0003:0001:}}¡No me lo pensé ni un segundo!
{{TAG:0003:0025:}}En cuanto pude, empaqueté mis
cosas y me vine a {{TAG:000E:0003:}}{{TAG:0005:0005:}}.{{TAG:0000:0004:}}{{TAG:0003:0026:}}Ya nos veremos por el pueblo
cuando me haya instalado.","{{TAG:0003:0020:}}Hello !{{TAG:0007:0000:20000000}} Il me semble que c'est là
notre première rencontre... {{TAG:0007:0000:20000000}}Mon
nom est {{TAG:0005:0001:}}.{{TAG:0007:0000:20000000}} Enchantée.
{{TAG:0003:0026:}}Je suis originaire {{TAG:000E:000A:0600640065002000040064002700}}{{TAG:0011:0002:0000}},{{TAG:0007:0000:0C000000}}
mais je viens tout juste de
m'installer à {{TAG:0005:0005:}}.
{{TAG:0003:0001:}}C'est {{TAG:0011:0000:0000}} qui m'a poussée à
venir vivre ici, {{TAG:0005:0007:}}.{{TAG:0007:0000:20000000}}
Que cette ville est jolie !
{{TAG:0003:0023:}}J'ai des cartons à défaire,
aujourd'hui. {{TAG:0007:0000:14000000}}Mais je suis sûre que
nous nous reverrons bientôt.","{{TAG:0003:0020:}}Salve! {{TAG:0007:0000:10000000}}Io e te non ci conosciamo
ancora, {{TAG:0007:0000:08000000}}giusto? {{TAG:0007:0000:10000000}}Io mi chiamo
{{TAG:0005:0001:}}!
{{TAG:0003:002B:}}Prima abitavo {{TAG:000E:0010:}} {{TAG:0011:0002:0000}},
ma poi {{TAG:0011:0000:0000}} mi ha invitata
a trasferirmi qui.
{{TAG:0003:0025:}}E io ho accettato! {{TAG:0007:0000:08000000}}È successo
tutto così in fretta! {{TAG:0007:0000:10000000}}{{TAG:0003:001D:}}Ah, non vedo
l'ora di conoscere tutti quanti!
{{TAG:0003:0027:}}Appena mi sarò sistemata,
vediamoci,{{TAG:0007:0000:10000000}} così mi racconti un po'
di te. Va bene?{{TAG:0003:0026:}}{{TAG:0007:0000:10000000}} {{TAG:000E:0003:}}{{TAG:0005:0007:}}!","{{TAG:0003:0020:}}Ich grüße dich!{{TAG:0007:0000:14000000}} Wir kennen uns noch
gar nicht, {{TAG:0007:0000:08000000}}oder?{{TAG:0007:0000:14000000}} Ich bin {{TAG:0005:0001:}}.{{TAG:0000:0004:}}{{TAG:0003:002B:}}Früher habe ich in {{TAG:0011:0002:0000}}
gewohnt, {{TAG:0007:0000:08000000}}aber {{TAG:0011:0000:0000}} hat
mich hierher eingeladen{{TAG:0007:0000:08000000}}.{{TAG:0007:0000:08000000}}.{{TAG:0007:0000:08000000}}.
{{TAG:0003:0025:}}Und jetzt bin ich hier und bisher
überaus zufrieden mit meiner
Entscheidung!
{{TAG:0003:0026:}}Du musst mich mal besuchen,
wenn ich fertig ausgepackt habe,
{{TAG:0007:0000:08000000}}{{TAG:0005:0007:}}!","{{TAG:0003:0020:}}Merhaba! {{TAG:0007:0000:10000000}}Sanırım daha önce tanışmadık,
{{TAG:0007:0000:08000000}}değil mi? {{TAG:0007:0000:10000000}}Benim adım {{TAG:0005:0001:}}!
{{TAG:0003:002B:}}Eskiden {{TAG:0011:0002:0000}} kasabasında yaşıyordum ama
arkadaşım {{TAG:0011:0000:0000}} beni
buraya taşınmaya davet etti.
{{TAG:0003:0025:}}Bir baktım, {{TAG:0007:0000:08000000}}yola çıkmışım bile. {{TAG:0007:0000:10000000}}{{TAG:0003:001D:}}Daha
mutlu olamazdım!{{TAG:0000:0004:}}{{TAG:0003:0027:}}Yerleşmeyi bitirince bir ara
buluşalım.{{TAG:0007:0000:10000000}} Olur mu?{{TAG:0003:0026:}}{{TAG:0007:0000:10000000}}
{{TAG:000E:0003:}}{{TAG:0005:0007:}}!"
23,024,"{{TAG:0003:0020:}}Welcome to my messy new home.{{TAG:0007:0000:10000000}}
I'm {{TAG:0005:0001:}}! {{TAG:0007:0000:10000000}}Good to meet you.{{TAG:0000:0004:}}{{TAG:0003:0017:}}Do you know {{TAG:0011:0000:0000}}?{{TAG:0007:0000:10000000}} Well, I
was living back in {{TAG:0011:0002:0000}} when
{{TAG:000E:0005:0400680065000600730068006500}} invited me to move here.
Little did {{TAG:000E:0005:0400680065000600730068006500}} know {{TAG:0003:002A:}}I was just wild
enough to take {{TAG:000E:0005:0600680069006D000600680065007200}} up on {{TAG:000E:0005:06006800690073000600680065007200}} offer.{{TAG:0000:0004:}}{{TAG:0003:0027:}}Anyway, {{TAG:0007:0000:08000000}}I'm sure I'll see you around
town{{TAG:0007:0000:08000000}}.{{TAG:0007:0000:08000000}}.{{TAG:0007:0000:08000000}}.{{TAG:0007:0000:08000000}} We're practically neighbors!{{TAG:0007:0000:10000000}}
{{TAG:000E:0003:}}{{TAG:0005:0007:}}!","{{TAG:0003:0020:}}¡Ah, hola, pasa!{{TAG:0007:0000:10000000}} Soy {{TAG:0005:0001:}}, 
acabo de mudarme a {{TAG:000E:0003:}}{{TAG:0005:0005:}}.{{TAG:0000:0004:}}{{TAG:0003:0017:}}¿Eres amig{{TAG:000E:0006:02006F0002006100}} de {{TAG:0011:0000:0000}}?{{TAG:0007:0000:10000000}} Fue
{{TAG:000E:0005:0400E9006C00080065006C006C006100}} quien me invitó a trasladarme
y no pude negarme.
{{TAG:0003:0027:}}La verdad es que estoy encantada
de vivir aquí, todos parecéis muy
agradables.","{{TAG:0003:0020:}}Sois {{TAG:000E:0006:16006C00650020006200690065006E00760065006E00750018006C00610020006200690065006E00760065006E0075006500}} dans mon nouveau
chez-moi tout encombré de cartons.{{TAG:0007:0000:1E000000}}
Je suis {{TAG:0005:0001:}}. {{TAG:0007:0000:14000000}}Enchantée.
{{TAG:0003:0017:}}Connais-tu {{TAG:0011:0000:0000}} ?{{TAG:0007:0000:1E000000}} Nous nous
sommes rencontré{{TAG:000E:0012:0D00020073000400650073000000}} dans la ville où
je vivais avant, à {{TAG:0011:0002:0000}}.
{{TAG:0003:0010:}}C'est {{TAG:000E:0012:0D0006006C0075006900080065006C006C0065000000}} qui m'a proposé de venir
m'installer dans cette belle ville,{{TAG:0007:0000:10000000}} et
j'ai accepté, {{TAG:0005:0007:}}.
{{TAG:0003:0023:}}J'ai plein de cartons à défaire
aujourd'hui. {{TAG:0007:0000:14000000}}Mais je suis sûre que
nous nous reparlerons bientôt.","{{TAG:0003:0020:}}Benvenut{{TAG:000E:0006:02006F0002006100}} nella mia nuova casa...{{TAG:0007:0000:10000000}}
Perdona il disordine!{{TAG:0007:0000:0F000000}} Io sono
{{TAG:0005:0001:}}! {{TAG:0007:0000:10000000}}Tanto piacere.{{TAG:0000:0004:}}{{TAG:0003:0017:}}Tu conosci {{TAG:0011:0000:0000}}?{{TAG:0007:0000:10000000}} Sai,{{TAG:0007:0000:08000000}} {{TAG:0003:002B:}}quando
abitavo {{TAG:000E:0010:}} {{TAG:0011:0002:0000}},{{TAG:0007:0000:08000000}} mi ha
convinta a traslocare qui.
Credo che non si aspettasse
{{TAG:0003:002A:}}che avrei accettato il suo invito{{TAG:0007:0000:0F000000}}
con così tanto entusiasmo!{{TAG:0000:0004:}}{{TAG:0003:0027:}}Beh, {{TAG:0007:0000:08000000}}adesso che siamo vicin{{TAG:000E:0006:0200690002006500}}{{TAG:0007:0000:08000000}}.{{TAG:0007:0000:08000000}}.{{TAG:0007:0000:08000000}}.{{TAG:0007:0000:08000000}}
dobbiamo vederci ogni tanto per
fare due chiacchiere!{{TAG:0007:0000:10000000}} {{TAG:000E:0003:}}{{TAG:0005:0007:}}!","{{TAG:0003:0020:}}Willkommen in meinem,{{TAG:0007:0000:08000000}} äh,{{TAG:0007:0000:08000000}} noch
etwas unaufgeräumten neuen
Zuhause!{{TAG:0007:0000:14000000}} Ich bin {{TAG:0005:0001:}}.
{{TAG:0003:0017:}}Kennst du vielleicht {{TAG:0011:0000:0000}}?{{TAG:0007:0000:14000000}}
Als ich noch in {{TAG:0011:0002:0000}} wohnte,
hat {{TAG:000E:0012:0D000400650072000600730069006500040065007300}} mich hierher eingeladen.
{{TAG:0003:0023:}}Sicher hätte {{TAG:000E:0012:0D000400650072000600730069006500040065007300}} nicht gedacht,
dass ich verrückt genug bin,
tatsächlich umzuziehen!
{{TAG:0003:0025:}}Nun ja!{{TAG:0007:0000:14000000}} Da wir nun Nachbarn sind,
laufen wir uns sicher häufiger über
den Weg, {{TAG:0007:0000:08000000}}{{TAG:0005:0007:}}!","{{TAG:0003:0020:}}Dağınık yeni evime hoş geldin.{{TAG:0007:0000:10000000}} Ben {{TAG:0005:0001:}}!
{{TAG:0007:0000:10000000}}Tanıştığımıza sevindim.{{TAG:0000:0004:}}{{TAG:0003:0017:}}{{TAG:0011:0000:0000}}’ı
tanıyor musun?{{TAG:0007:0000:10000000}} Eh, {{TAG:0011:0002:0000}} kasabasında
yaşarken {{TAG:000E:0005:0400680065000600730068006500}} beni buraya davet etti.
{{TAG:000E:0005:0400680065000600730068006500}}Benim, {{TAG:0003:002A:}} teklifini gerçekten kabul
edecek kadar çılgın olduğumu {{TAG:000E:0005:0600680069006D000600680065007200}} bile {{TAG:000E:0005:06006800690073000600680065007200}}
bilmiyordu.{{TAG:0000:0004:}}{{TAG:0003:0027:}}Neyse, {{TAG:0007:0000:08000000}}kasabada sık sık
karşılaşacağımıza eminim{{TAG:0007:0000:08000000}}.{{TAG:0007:0000:08000000}}.{{TAG:0007:0000:08000000}}.{{TAG:0007:0000:08000000}} Artık
neredeyse komşuyuz!{{TAG:0007:0000:10000000}}
{{TAG:000E:0003:}}{{TAG:0005:0007:}}!"
24,025,"{{TAG:0003:0020:}}Hey there, {{TAG:0007:0000:08000000}}I'm {{TAG:0005:0001:}}!{{TAG:0007:0000:10000000}} It's nice
to meet you.{{TAG:0000:0004:}}{{TAG:0003:0001:}}My friend {{TAG:0011:0000:0000}} convinced me
to move here to {{TAG:0005:0006:}}, {{TAG:0007:0000:08000000}}so here
I am!
{{TAG:0003:002B:}}I guess now that we're practically
neighbors,{{TAG:0007:0000:08000000}} we should get to know
each other. {{TAG:0007:0000:10000000}}{{TAG:0003:0005:}}So{{TAG:0007:0000:08000000}} I'll see you around!","{{TAG:0003:0020:}}¡Ah, hola! {{TAG:0007:0000:08000000}}Es un placer conocerte,
soy {{TAG:0005:0001:}}.{{TAG:0000:0004:}}{{TAG:0003:0001:}}Mi amig{{TAG:000E:0012:0D0002006F00020061000000}} {{TAG:0011:0000:0000}} me invitó a
mudarme a {{TAG:000E:0003:}}{{TAG:0005:0006:}}, {{TAG:0007:0000:08000000}}¡y aquí
estoy!
{{TAG:0003:002B:}}Espero poder charlar más contigo
y conocerte mejor, ahora que
somos vecin{{TAG:000E:0006:02006F0002006100}}s.","{{TAG:0003:0020:}}Enchantée, {{TAG:0007:0000:14000000}}je m'appelle {{TAG:0005:0001:}}.{{TAG:0007:0000:1E000000}}
Ravie de faire ta connaissance.{{TAG:0000:0004:}}{{TAG:0003:0001:}}Je suis une amie {{TAG:000E:000A:0600640065002000040064002700}}{{TAG:0011:0000:0000}}.
C'est {{TAG:000E:0008:00CD06006C0075006900080065006C006C0065000000}} qui m'a incitée à venir
m'installer ici, à {{TAG:0005:0006:}}.
{{TAG:0003:0001:}}Nous sommes désormais pour ainsi
dire voisin{{TAG:000E:0006:02007300040065007300}},{{TAG:0007:0000:0C000000}} alors ce serait sympa
d'apprendre à nous connaître.","{{TAG:0003:0020:}}Ciao, {{TAG:0007:0000:08000000}}io sono {{TAG:0005:0001:}}!{{TAG:0007:0000:10000000}}
Piacere di conoscerti, vicin{{TAG:000E:0006:02006F0002006100}}.{{TAG:0000:0004:}}{{TAG:0003:0001:}}{{TAG:000E:0003:}}{{TAG:0011:0000:0000}} mi ha convinta
a trasferirmi {{TAG:000E:0010:}} {{TAG:0005:0006:}}{{TAG:0007:0000:08000000}} ed è
per questo che ora sono qui!
{{TAG:0003:002B:}}Visto che abitiamo nella stessa
città,{{TAG:0007:0000:08000000}} dovremmo vederci qualche
volta per parlare. {{TAG:0007:0000:10000000}}{{TAG:0003:0005:}}A presto, spero!","{{TAG:0003:0020:}}Ich grüße dich!{{TAG:0007:0000:14000000}} Ich bin {{TAG:0005:0001:}}!{{TAG:0007:0000:14000000}}
Wie schön, dich kennenzulernen!{{TAG:0000:0004:}}{{TAG:0003:0001:}}Ich habe mich von {{TAG:0011:0000:0000}} dazu
überreden lassen, nach {{TAG:0005:0006:}}
zu ziehen,{{TAG:0007:0000:08000000}} weißt du?
Eine gute Entscheidung!{{TAG:0007:0000:14000000}} Ich hoffe,
wir beide werden uns in Zukunft
häufiger sehen!","{{TAG:0003:0020:}}Merhaba, {{TAG:0007:0000:08000000}}ben {{TAG:0005:0001:}}!{{TAG:0007:0000:10000000}} Tanıştığımıza
sevindim.{{TAG:0000:0004:}}{{TAG:0003:0001:}}Arkadaşım {{TAG:0011:0000:0000}} beni
{{TAG:0005:0006:}} kasabasına taşınmaya
ikna etti, {{TAG:0007:0000:08000000}}ben de geldim!
{{TAG:0003:002B:}}Artık neredeyse komşu olduğumuza göre,{{TAG:0007:0000:08000000}}
birbirimizi tanısak iyi olur. {{TAG:0007:0000:10000000}}{{TAG:0003:0005:}}O hâlde{{TAG:0007:0000:08000000}} görüşürüz!"
25,026,"{{TAG:0003:0020:}}Hello! {{TAG:0007:0000:10000000}}I don't think we've met
before, {{TAG:0007:0000:08000000}}have we? {{TAG:0007:0000:10000000}}My name's
{{TAG:0005:0001:}}!
{{TAG:0003:002B:}}I was actually just camping here a
while back when I met {{TAG:0011:0000:0000}}.{{TAG:0000:0004:}}{{TAG:0003:0001:}}We hit it off,{{TAG:0007:0000:08000000}} and {{TAG:000E:0005:0400680065000600730068006500}} invited me to
move here. {{TAG:0007:0000:10000000}}So today{{TAG:0007:0000:08000000}}{{TAG:0003:002C:}} I finally did it!{{TAG:0000:0004:}}{{TAG:0003:0027:}}Let's get together sometime after
I'm finished settling in.{{TAG:0007:0000:10000000}} OK?{{TAG:0003:0026:}}{{TAG:0007:0000:10000000}}
{{TAG:000E:0003:}}{{TAG:0005:0007:}}!","{{TAG:0003:0020:}}¡Hola! Creo que no nos han
presentado,{{TAG:0007:0000:14000000}} soy {{TAG:0005:0001:}}.{{TAG:0000:0004:}}{{TAG:0003:002B:}}Vine de acampada a este pueblo
hace un tiempo.{{TAG:0007:0000:14000000}} Por entonces fue
cuando conocí a {{TAG:0011:0000:0000}}.{{TAG:0000:0004:}}{{TAG:0003:0001:}}Me sorprendió tanto que me
invitara a mudarme aquí que
no pude decirle que no.
{{TAG:0003:0027:}}Aún me estoy adaptando,{{TAG:0007:0000:08000000}}
espero que podamos ser amig{{TAG:000E:0006:02006F0002006100}}s,
{{TAG:0005:0007:}}.","{{TAG:0003:0020:}}Hello !{{TAG:0007:0000:20000000}} Il me semble que c'est là
notre première rencontre... {{TAG:0007:0000:20000000}}Mon
nom est {{TAG:0005:0001:}}.{{TAG:0007:0000:20000000}} Enchantée.
{{TAG:0003:0026:}}Je viens tout juste d'emménager à
{{TAG:0005:0005:}}.{{TAG:0007:0000:20000000}} C'est vraiment une ville
charmante, {{TAG:0005:0007:}} !
{{TAG:0003:0001:}}C'est {{TAG:0011:0000:0000}}, {{TAG:0007:0000:0C000000}}que j'ai connu{{TAG:000E:0008:00CD0000020065000000}} en
faisant du camping dans les
environs,{{TAG:0007:0000:0C000000}} qui m'a poussée à venir ici.
{{TAG:0003:0023:}}J'ai comme l'impression que nous
aurons bientôt l'occasion de nous
reparler.","{{TAG:0003:0020:}}Salve! {{TAG:0007:0000:10000000}}Io e te non ci conosciamo
ancora, {{TAG:0007:0000:08000000}}giusto? {{TAG:0007:0000:10000000}}Io mi chiamo
{{TAG:0005:0001:}}!
{{TAG:0003:002B:}}Tempo fa stavo campeggiando,
quando ho conosciuto {{TAG:0011:0000:0000}}.{{TAG:0000:0004:}}{{TAG:0003:0001:}}Dopo aver parlato un po',{{TAG:0007:0000:08000000}} mi ha
invitata a trasferirmi qui. {{TAG:0007:0000:10000000}}E così,{{TAG:0007:0000:08000000}}{{TAG:0003:002C:}}
eccomi qua!{{TAG:0000:0004:}}{{TAG:0003:0027:}}Appena mi sarò sistemata, dovremo
incontrarci,{{TAG:0007:0000:10000000}} così mi racconti un po'
di te. Va bene?{{TAG:0003:0026:}}{{TAG:0007:0000:10000000}} {{TAG:000E:0003:}}{{TAG:0005:0007:}}!","{{TAG:0003:0020:}}Ich grüße dich!{{TAG:0007:0000:14000000}} Wir kennen uns noch
gar nicht, {{TAG:0007:0000:08000000}}oder?{{TAG:0007:0000:14000000}} Ich bin jedenfalls
{{TAG:0005:0001:}}!
{{TAG:0003:002B:}}Verrückt{{TAG:0007:0000:08000000}}.{{TAG:0007:0000:08000000}}.{{TAG:0007:0000:08000000}}.{{TAG:0007:0000:14000000}} Ich habe beim Campen
{{TAG:0011:0000:0000}} getroffen.{{TAG:0007:0000:14000000}} {{TAG:000E:0012:0D000400450072000600530069006500040045007300}} meinte,
ich könnte doch herziehen.
{{TAG:0003:0026:}}Und jetzt bin ich hier!{{TAG:0007:0000:14000000}} Wir müssen
uns unbedingt mal wieder treffen,
wenn ich mich eingerichtet habe,{{TAG:0007:0000:08000000}} ja?","{{TAG:0003:0020:}}Merhaba! {{TAG:0007:0000:10000000}}Sanırım daha önce tanışmadık,
{{TAG:0007:0000:08000000}}değil mi? {{TAG:0007:0000:10000000}}Benim adım {{TAG:0005:0001:}}!
{{TAG:0003:002B:}}Bir süre önce burada kamp yaparken {{TAG:0011:0000:0000}}
ile tanıştım.{{TAG:0000:0004:}}{{TAG:0003:0001:}}İyi anlaştık,{{TAG:0007:0000:08000000}} {{TAG:000E:0005:0400680065000600730068006500}} da beni buraya
taşınmaya davet etti. {{TAG:0007:0000:10000000}}Bugün{{TAG:0007:0000:08000000}}{{TAG:0003:002C:}} sonunda
taşındım!{{TAG:0000:0004:}}{{TAG:0003:0027:}}Yerleşmeyi bitirince bir ara
buluşalım.{{TAG:0007:0000:10000000}} Olur mu?{{TAG:0003:0026:}}{{TAG:0007:0000:10000000}}
{{TAG:000E:0003:}}{{TAG:0005:0007:}}!"
26,027,"{{TAG:0003:0020:}}Hey, {{TAG:0007:0000:08000000}}nice to meet you! {{TAG:0007:0000:10000000}}I'm
{{TAG:0005:0001:}}!{{TAG:0000:0004:}}{{TAG:0003:0017:}}Do you know {{TAG:0011:0000:0000}}?{{TAG:0007:0000:10000000}} Well,{{TAG:0007:0000:08000000}} {{TAG:0003:002B:}}I
was on a little vacation in this town,{{TAG:0007:0000:08000000}}
and {{TAG:000E:0005:0400680065000600730068006500}} invited me to move here.
Little did {{TAG:000E:0005:0400680065000600730068006500}} know {{TAG:0003:002A:}}I was just wild
enough to take {{TAG:000E:0005:0600680069006D000600680065007200}} up on {{TAG:000E:0005:06006800690073000600680065007200}} offer.{{TAG:0000:0004:}}{{TAG:0003:0027:}}Anyway, {{TAG:0007:0000:08000000}}I'm sure I'll see you around
town{{TAG:0007:0000:08000000}}.{{TAG:0007:0000:08000000}}.{{TAG:0007:0000:08000000}}.{{TAG:0007:0000:08000000}} We're practically neighbors!{{TAG:0007:0000:10000000}}
{{TAG:000E:0003:}}{{TAG:0005:0007:}}!","{{TAG:0003:0020:}}¡Oh, hola! {{TAG:0007:0000:10000000}}Permíteme que me
presente.{{TAG:0007:0000:14000000}} Soy {{TAG:0005:0001:}}, es
un placer.{{TAG:0000:0004:}}{{TAG:0003:0017:}}¿Conoces a {{TAG:0011:0000:0000}}?{{TAG:0007:0000:10000000}} {{TAG:000E:0005:0400C9006C00080045006C006C006100}} tuvo
la idea de invitarme a vivir en este
pueblo, y se lo agradezco mucho.
{{TAG:0003:0026:}}Es un pueblo precioso y los vecinos
son todos muy amables.{{TAG:0007:0000:14000000}} No me
arrepiento de haberme mudado.
{{TAG:0003:0027:}}Perdona, estoy tan emocionada que
no puedo parar de hablar.{{TAG:0007:0000:14000000}} Ya nos
veremos por el pueblo, cielín.","{{TAG:0003:0020:}}Hello ! {{TAG:0007:0000:10000000}}Je m'appelle {{TAG:0005:0001:}}.{{TAG:0000:0004:}}{{TAG:0003:0017:}}Connais-tu {{TAG:0011:0000:0000}} ?{{TAG:0007:0000:1E000000}} Nous nous
sommes rencontré{{TAG:000E:0008:00CD020073000400650073000000}} un jour que je
campais en ville, avant de vivre ici.
{{TAG:0003:0010:}}C'est {{TAG:000E:0008:00CD06006C0075006900080065006C006C0065000000}} qui m'a proposé de venir
m'installer dans cette belle ville,{{TAG:0007:0000:10000000}} et
j'ai accepté.
{{TAG:0003:0023:}}J'ai comme l'impression que nous
aurons bientôt l'occasion de nous
reparler, {{TAG:0005:0007:}}.","{{TAG:0003:0020:}}Noi non ci conosciamo, vero?{{TAG:0007:0000:10000000}}
Io sono {{TAG:0005:0001:}}! {{TAG:0007:0000:10000000}}Tanto piacere.{{TAG:0000:0004:}}{{TAG:0003:0017:}}Tu conosci {{TAG:0011:0000:0000}}?{{TAG:0007:0000:10000000}} Sai,{{TAG:0007:0000:08000000}} {{TAG:0003:002B:}}mi
trovavo in vacanza da queste parti,{{TAG:0007:0000:08000000}}
quando mi ha invitata a traslocare.
Credo che non si aspettasse
{{TAG:0003:002A:}}che avrei accettato il suo invito{{TAG:0007:0000:0F000000}}
con così tanto entusiasmo!{{TAG:0000:0004:}}{{TAG:0003:0027:}}Beh, {{TAG:0007:0000:08000000}}adesso che siamo vicin{{TAG:000E:0006:0200690002006500}}{{TAG:0007:0000:08000000}}.{{TAG:0007:0000:08000000}}.{{TAG:0007:0000:08000000}}.{{TAG:0007:0000:08000000}}
dobbiamo vederci ogni tanto per
fare due chiacchiere!{{TAG:0007:0000:10000000}} {{TAG:000E:0003:}}{{TAG:0005:0007:}}!","{{TAG:0003:0020:}}Hallo, {{TAG:0007:0000:0A000000}}wir sind uns noch nicht
begegnet, {{TAG:0007:0000:0A000000}}oder?{{TAG:0007:0000:28000000}} Ich bin {{TAG:0005:0001:}}.{{TAG:0000:0004:}}{{TAG:0003:0017:}}Kennst du {{TAG:0011:0000:0000}}?{{TAG:0007:0000:14000000}} {{TAG:0003:002B:}}{{TAG:000E:0005:0400450072000600530069006500}} hat mich
eingeladen, hierher umzuziehen,
als ich mal zum Campen hier war.
Und nun bin ich hier.{{TAG:0007:0000:14000000}} {{TAG:0003:0025:}}Verrückt,{{TAG:0007:0000:08000000}}
wie das Leben so spielt!{{TAG:0007:0000:28000000}} Nun ja!{{TAG:0007:0000:14000000}}
Wir sehen uns dann!","{{TAG:0003:0020:}}Merhaba, {{TAG:0007:0000:08000000}}tanıştığımıza sevindim! {{TAG:0007:0000:10000000}}Ben
{{TAG:0005:0001:}}!{{TAG:0000:0004:}}{{TAG:0003:0017:}}{{TAG:0011:0000:0000}}’ı tanıyor musun?{{TAG:0007:0000:10000000}} Eh,{{TAG:0007:0000:08000000}}
{{TAG:0003:002B:}}bu kasabada kısa
bir tatildeydim,{{TAG:0007:0000:08000000}} {{TAG:000E:0005:0400680065000600730068006500}} da beni buraya
taşınmaya davet etti.
{{TAG:000E:0005:0400680065000600730068006500}}Benim, {{TAG:0003:002A:}} teklifini gerçekten kabul
edecek kadar çılgın olduğumu {{TAG:000E:0005:0600680069006D000600680065007200}} bile {{TAG:000E:0005:06006800690073000600680065007200}}
bilmiyordu.{{TAG:0000:0004:}}{{TAG:0003:0027:}}Neyse, {{TAG:0007:0000:08000000}}kasabada sık sık
karşılaşacağımıza eminim{{TAG:0007:0000:08000000}}.{{TAG:0007:0000:08000000}}.{{TAG:0007:0000:08000000}}.{{TAG:0007:0000:08000000}} Artık
neredeyse komşuyuz!{{TAG:0007:0000:10000000}}
{{TAG:000E:0003:}}{{TAG:0005:0007:}}!"
27,028,"{{TAG:0003:0020:}}Hey there, {{TAG:0007:0000:08000000}}I'm {{TAG:0005:0001:}}!{{TAG:0007:0000:10000000}} It's nice
to meet you.{{TAG:0000:0004:}}{{TAG:0003:0001:}}My friend {{TAG:0011:0000:0000}} convinced me
to move here from {{TAG:0011:0002:0000}},{{TAG:0007:0000:08000000}} so
here I am!
{{TAG:0003:002B:}}I guess now that we're practically
neighbors,{{TAG:0007:0000:08000000}} we should get to know
each other. {{TAG:0007:0000:10000000}}{{TAG:0003:0005:}}So{{TAG:0007:0000:08000000}} I'll see you around!","{{TAG:0003:0020:}}¡Ah, hola! {{TAG:0007:0000:08000000}}Es un placer conocerte,
soy {{TAG:0005:0001:}}.{{TAG:0000:0004:}}{{TAG:0003:0001:}}{{TAG:000E:0003:}}{{TAG:0011:0000:0000}} me invitó a mudarme
a {{TAG:000E:0003:}}{{TAG:0005:0006:}}, {{TAG:0007:0000:08000000}}¡y aquí estoy, más
contenta que nunca!
{{TAG:0003:002B:}}¿Te gustaría quedar para charlar
un día de estos? Aún no tengo
muchos amigos...","{{TAG:0003:0020:}}Enchantée, {{TAG:0007:0000:14000000}}je m'appelle {{TAG:0005:0001:}}.{{TAG:0007:0000:1E000000}}
Ravie de faire ta connaissance.{{TAG:0007:0000:1E000000}}
Je viens {{TAG:000E:000A:0600640065002000040064002700}}{{TAG:0011:0002:0000}}.
{{TAG:0003:0001:}}Je suis une amie {{TAG:000E:000A:0600640065002000040064002700}}{{TAG:0011:0000:0000}}.
C'est {{TAG:000E:0005:06006C0075006900080065006C006C006500}} qui m'a incitée à venir
m'installer ici, à {{TAG:0005:0006:}}.
{{TAG:0003:0001:}}Nous sommes désormais pour ainsi
dire voisin{{TAG:000E:0006:02007300040065007300}},{{TAG:0007:0000:0C000000}} alors ce serait sympa
d'apprendre à nous connaître.","{{TAG:0003:0020:}}Ciao, {{TAG:0007:0000:08000000}}io sono {{TAG:0005:0001:}}!{{TAG:0007:0000:10000000}}
Piacere di conoscerti, vicin{{TAG:000E:0006:02006F0002006100}}.{{TAG:0000:0004:}}{{TAG:0003:0001:}}{{TAG:000E:0003:}}{{TAG:0011:0000:0000}} mi ha convinta
a lasciare {{TAG:0011:0002:0000}}{{TAG:0007:0000:08000000}} ed è
per questo che ora sono qui!
{{TAG:0003:002B:}}Adesso che abitiamo nella stessa
città,{{TAG:0007:0000:08000000}} dovremmo vederci qualche
volta per parlare. {{TAG:0007:0000:10000000}}{{TAG:0003:0005:}}A presto, spero!","{{TAG:0003:0020:}}Sei gegrüßt!{{TAG:0007:0000:14000000}} Ich bin {{TAG:0005:0001:}}.{{TAG:0007:0000:14000000}}
Es freut mich, dich kennenzulernen.{{TAG:0000:0004:}}{{TAG:0003:0001:}}{{TAG:000E:0003:}}{{TAG:0011:0000:0000}} hat mich überredet,
aus {{TAG:0011:0002:0000}} hierher umzuziehen.{{TAG:0000:0004:}}{{TAG:0003:001F:}}Tadaa!{{TAG:0007:0000:28000000}} Hier bin ich!{{TAG:0000:0004:}}Da wir jetzt quasi Nachbarn sind,
werden wir uns hoffentlich besser
kennenlernen, {{TAG:0007:0000:08000000}}{{TAG:0005:0007:}}.","{{TAG:0003:0020:}}Merhaba, {{TAG:0007:0000:08000000}}ben {{TAG:0005:0001:}}!{{TAG:0007:0000:10000000}} Tanıştığımıza
sevindim.{{TAG:0000:0004:}}{{TAG:0003:0001:}}Arkadaşım {{TAG:0011:0000:0000}} beni
{{TAG:0011:0002:0000}} kasabasından buraya
taşınmaya ikna etti,{{TAG:0007:0000:08000000}} ben de geldim!
{{TAG:0003:002B:}}Artık neredeyse komşu olduğumuza göre,{{TAG:0007:0000:08000000}}
birbirimizi tanısak iyi olur. {{TAG:0007:0000:10000000}}{{TAG:0003:0005:}}O hâlde{{TAG:0007:0000:08000000}} görüşürüz!"
28,029,"{{TAG:0003:0020:}}Hello! {{TAG:0007:0000:10000000}}I don't think we've met
before, {{TAG:0007:0000:08000000}}have we? {{TAG:0007:0000:10000000}}My name's
{{TAG:0005:0001:}}!
{{TAG:0003:002B:}}I used to live in {{TAG:0011:0002:0000}}, but my
friend {{TAG:0011:0000:0000}} invited me to
move here.
{{TAG:0003:0025:}}The next thing I knew, {{TAG:0007:0000:08000000}}I was on my
way. {{TAG:0007:0000:10000000}}{{TAG:0003:001D:}}And I couldn't be happier!{{TAG:0000:0004:}}{{TAG:0003:0027:}}Let's get together sometime after
I'm finished settling in.{{TAG:0007:0000:10000000}} OK?{{TAG:0003:0026:}}{{TAG:0007:0000:10000000}}
{{TAG:000E:0003:}}{{TAG:0005:0007:}}!","{{TAG:0003:0020:}}¿Qué tal? {{TAG:0007:0000:10000000}}Aún no te conozco.
¿Vives aquí? {{TAG:0007:0000:10000000}}Yo me llamo
{{TAG:0005:0001:}}.
{{TAG:0003:002B:}}Antes vivía en {{TAG:000E:0003:}}{{TAG:0011:0002:0000}}, pero
cuando {{TAG:0011:0000:0000}} me invitó a
trasladarme...
{{TAG:0003:0025:}}¡acepté sin dudarlo!{{TAG:0007:0000:14000000}} No es que no
me gustara mi antiguo pueblo, es
solo que necesitaba un cambio.
{{TAG:0003:0027:}}Bueno, supongo que a partir de
ahora nos veremos más a menudo.
¡Ha sido un placer!","{{TAG:0003:0020:}}Hello !{{TAG:0007:0000:20000000}} Il me semble que c'est là
notre première rencontre...{{TAG:0000:0004:}}Je suis {{TAG:0005:0001:}}, et je suis
enchantée.{{TAG:0007:0000:28000000}} Il y a encore peu de
temps, j'habitais à {{TAG:0011:0002:0000}}.
{{TAG:0003:0001:}}Je suis une amie {{TAG:000E:000A:0600640065002000040064002700}}{{TAG:0011:0000:0000}}.
C'est {{TAG:000E:0005:06006C0075006900080065006C006C006500}} qui m'a incitée à venir
m'installer ici, à {{TAG:0005:0006:}}.
{{TAG:0003:0001:}}Nous sommes désormais presque
voisin{{TAG:000E:0006:02007300040065007300}},{{TAG:0007:0000:0C000000}} alors nous pourrions
apprendre à nous connaître...","{{TAG:0003:0020:}}Salve! {{TAG:0007:0000:10000000}}Io e te non ci conosciamo
ancora, {{TAG:0007:0000:08000000}}giusto? {{TAG:0007:0000:10000000}}Io mi chiamo
{{TAG:0005:0001:}}!
{{TAG:0003:002B:}}Prima abitavo {{TAG:000E:0010:}} {{TAG:0011:0002:0000}},
ma poi {{TAG:0011:0000:0000}} mi ha invitata
a trasferirmi qui.
{{TAG:0003:0025:}}Ed io ho accettato! {{TAG:0007:0000:08000000}}È successo
tutto così in fretta! {{TAG:0007:0000:10000000}}{{TAG:0003:001D:}}Ah, non vedo
l'ora di conoscere tutti quanti!
{{TAG:0003:0027:}}Appena mi sarò sistemata, dovremo
vederci,{{TAG:0007:0000:10000000}} così mi racconti un po'
di te. Va bene?{{TAG:0003:0026:}}{{TAG:0007:0000:10000000}} {{TAG:000E:0003:}}{{TAG:0005:0007:}}!","{{TAG:0003:0020:}}Sei gegrüßt!{{TAG:0007:0000:28000000}} Wenn ich mich nicht
irre, wurden wir uns noch gar nicht
vorgestellt.{{TAG:0007:0000:28000000}} Ich bin {{TAG:0005:0001:}}!
{{TAG:0003:002B:}}Ich habe früher in {{TAG:0011:0002:0000}}
gewohnt, {{TAG:0007:0000:08000000}}aber {{TAG:0011:0000:0000}} hat mich
überredet, hierher umzuziehen.
{{TAG:0003:0025:}}Ich bin sehr gespannt, was der
Wohnortwechsel mit sich bringt.{{TAG:0007:0000:14000000}}
Bisher gefällt es mir hier gut!
{{TAG:0003:0026:}}Vielleicht können wir beide uns
dann ebenfalls besser kennenlernen,
{{TAG:0007:0000:08000000}}{{TAG:0005:0007:}}!","{{TAG:0003:0020:}}Merhaba! {{TAG:0007:0000:10000000}}Sanırım daha önce tanışmadık,
{{TAG:0007:0000:08000000}}değil mi? {{TAG:0007:0000:10000000}}Benim adım {{TAG:0005:0001:}}!
{{TAG:0003:002B:}}Eskiden {{TAG:0011:0002:0000}} kasabasında yaşıyordum ama
arkadaşım {{TAG:0011:0000:0000}} beni
buraya taşınmaya davet etti.
{{TAG:0003:0025:}}Bir baktım, {{TAG:0007:0000:08000000}}yola çıkmışım bile. {{TAG:0007:0000:10000000}}{{TAG:0003:001D:}}Daha
mutlu olamazdım!{{TAG:0000:0004:}}{{TAG:0003:0027:}}Yerleşmeyi bitirince bir ara
buluşalım.{{TAG:0007:0000:10000000}} Olur mu?{{TAG:0003:0026:}}{{TAG:0007:0000:10000000}}
{{TAG:000E:0003:}}{{TAG:0005:0007:}}!"
29,030,"{{TAG:0003:0020:}}Hey, welcome to my home!{{TAG:0007:0000:10000000}} I'm
{{TAG:0005:0001:}}! {{TAG:0007:0000:10000000}}Good to meet you.{{TAG:0000:0004:}}{{TAG:0003:0017:}}Do you know {{TAG:0011:0000:0000}}?{{TAG:0007:0000:10000000}} Well, I
was living back in {{TAG:0011:0002:0000}} when
{{TAG:000E:0005:0400680065000600730068006500}} invited me to move here.
Little did {{TAG:000E:0005:0400680065000600730068006500}} know {{TAG:0003:002A:}}I was just wild
enough to take {{TAG:000E:0005:0600680069006D000600680065007200}} up on {{TAG:000E:0005:06006800690073000600680065007200}} offer.{{TAG:0000:0004:}}{{TAG:0003:0027:}}Anyway, {{TAG:0007:0000:08000000}}I'm sure I'll see you around
town{{TAG:0007:0000:08000000}}.{{TAG:0007:0000:08000000}}.{{TAG:0007:0000:08000000}}.{{TAG:0007:0000:08000000}} We're practically neighbors!{{TAG:0007:0000:10000000}}
{{TAG:000E:0003:}}{{TAG:0005:0007:}}!","{{TAG:0003:0020:}}¡Oh, hola! Soy {{TAG:0005:0001:}},{{TAG:0007:0000:10000000}} tu
nueva vecina.{{TAG:0000:0004:}}{{TAG:0003:0017:}}¿Eres amig{{TAG:000E:0006:02006F0002006100}} de {{TAG:0011:0000:0000}}?{{TAG:0007:0000:10000000}} L{{TAG:000E:0005:02006F0002006100}}
conocí en mi antiguo pueblo, en
{{TAG:000E:0003:}}{{TAG:0011:0002:0000}}.{{TAG:0000:0004:}}{{TAG:0003:0001:}}Empezamos a hablar y no sé cómo
acabó invitándome a vivir aquí.
¡Fue toda una sorpresa!
{{TAG:0003:0027:}}En fin, ya nos veremos por el
pueblo, flor. Espero que lleguemos
a ser amig{{TAG:000E:0006:02006F0002006100}}s.","{{TAG:0003:0020:}}Bienvenue chez moi ! {{TAG:0007:0000:1E000000}}Je suis
{{TAG:0005:0001:}}. {{TAG:0007:0000:14000000}}Ravie de faire ta
connaissance.
{{TAG:0003:0017:}}Connais-tu {{TAG:0011:0000:0000}} ?{{TAG:0007:0000:1E000000}} Nous nous
sommes rencontré{{TAG:000E:0008:00CD020073000400650073000000}} dans la ville où
je vivais avant, à {{TAG:0011:0002:0000}}.
{{TAG:0003:0010:}}C'est {{TAG:000E:0008:00CD06006C0075006900080065006C006C0065000000}} qui m'a proposé de venir
m'installer dans cette belle ville,{{TAG:0007:0000:10000000}} et
j'ai accepté.
{{TAG:0003:0023:}}J'ai comme l'impression que nous
aurons bientôt l'occasion de nous
revoir, {{TAG:0005:0007:}}.","{{TAG:0003:0020:}}Benvenut{{TAG:000E:0006:02006F0002006100}} nella mia nuova casa!{{TAG:0007:0000:10000000}}
Io sono {{TAG:0005:0001:}}! {{TAG:0007:0000:10000000}}Tanto piacere.{{TAG:0000:0004:}}{{TAG:0003:0017:}}Tu conosci {{TAG:0011:0000:0000}}?{{TAG:0007:0000:10000000}} Sai,{{TAG:0007:0000:08000000}} {{TAG:0003:002B:}}abitavo
ancora {{TAG:000E:0010:}} {{TAG:0011:0002:0000}}{{TAG:0007:0000:08000000}} quando mi ha
invitata a traslocare qua.
Credo che non si aspettasse
{{TAG:0003:002A:}}che avrei accettato il suo invito{{TAG:0007:0000:0F000000}}
con così tanto entusiasmo!
{{TAG:0003:0027:}}Beh, {{TAG:0007:0000:08000000}}adesso che siamo vicin{{TAG:000E:0006:0200690002006500}}{{TAG:0007:0000:08000000}}.{{TAG:0007:0000:08000000}}.{{TAG:0007:0000:08000000}}.{{TAG:0007:0000:08000000}}
dobbiamo incontrarci ogni tanto per
fare due chiacchiere!{{TAG:0007:0000:10000000}} {{TAG:000E:0003:}}{{TAG:0005:0007:}}!","{{TAG:0003:0020:}}Willkommen in meinem bescheidenen
Zuhause!{{TAG:0007:0000:14000000}} Ich bin {{TAG:0005:0001:}} und
freue mich, dich kennenzulernen.
{{TAG:0003:0017:}}Ist dir {{TAG:0011:0000:0000}} bekannt?{{TAG:0007:0000:14000000}} Als ich
noch in {{TAG:0011:0002:0000}} gewohnt habe,
hat {{TAG:000E:0012:0D000400650072000600730069006500040065007300}} mich hierher eingeladen.
Und das habe ich mir zu Herzen
genommen!{{TAG:0007:0000:14000000}} Deshalb werden wir
uns sicher auch häufiger sehen!","{{TAG:0003:0020:}}Merhaba, evime hoş geldin!{{TAG:0007:0000:10000000}} Ben {{TAG:0005:0001:}}!
{{TAG:0007:0000:10000000}}Tanıştığımıza sevindim.{{TAG:0000:0004:}}{{TAG:0003:0017:}}{{TAG:0011:0000:0000}}’ı
tanıyor musun?{{TAG:0007:0000:10000000}} Eh, {{TAG:0011:0002:0000}} kasabasında
yaşarken {{TAG:000E:0005:0400680065000600730068006500}} beni buraya davet etti.
{{TAG:000E:0005:0400680065000600730068006500}}Benim, {{TAG:0003:002A:}} teklifini gerçekten kabul
edecek kadar çılgın olduğumu {{TAG:000E:0005:0600680069006D000600680065007200}} bile {{TAG:000E:0005:06006800690073000600680065007200}}
bilmiyordu.{{TAG:0000:0004:}}{{TAG:0003:0027:}}Neyse, {{TAG:0007:0000:08000000}}kasabada sık sık
karşılaşacağımıza eminim{{TAG:0007:0000:08000000}}.{{TAG:0007:0000:08000000}}.{{TAG:0007:0000:08000000}}.{{TAG:0007:0000:08000000}} Artık
neredeyse komşuyuz!{{TAG:0007:0000:10000000}}
{{TAG:000E:0003:}}{{TAG:0005:0007:}}!"
30,031,"{{TAG:0003:0010:}}Oh, {{TAG:0007:0000:08000000}}hi there! {{TAG:0007:0000:10000000}}I'm {{TAG:0005:0001:}}.{{TAG:0007:0000:10000000}} {{TAG:0003:0020:}}It's
good to meet you!{{TAG:0000:0004:}}{{TAG:0003:0024:}}Here's a funny story.{{TAG:0007:0000:10000000}} I was just
camping here when {{TAG:0011:0000:0000}}
invited me to move permanently.
{{TAG:0003:001B:}}OK, {{TAG:0007:0000:08000000}}it's not ""ha{{TAG:0007:0000:08000000}} ha"" funny. {{TAG:0007:0000:10000000}}{{TAG:0003:000B:}}But that
was a while back{{TAG:0007:0000:08000000}}.{{TAG:0007:0000:08000000}}.{{TAG:0007:0000:08000000}}.{{TAG:0007:0000:08000000}} I'm surprised we
haven't already met.
{{TAG:0003:0027:}}Anyway, {{TAG:0007:0000:08000000}}now that I'm a real
{{TAG:0005:0006:}} resident, {{TAG:0007:0000:08000000}}we should hang
out!{{TAG:0007:0000:10000000}} {{TAG:000E:0003:}}{{TAG:0005:0007:}}!","{{TAG:0003:0010:}}¡Anda, hola! {{TAG:0007:0000:10000000}}Soy la nueva residente
de {{TAG:000E:0003:}}{{TAG:0005:0005:}}, {{TAG:0005:0001:}}.{{TAG:0007:0000:10000000}} {{TAG:0003:0020:}}Es un
placer conocerte.
{{TAG:0003:0024:}}Solo vine unos días de acampada
y al final he terminado quedándome,
¡qué cosas!{{TAG:0000:0004:}}En realidad es gracias a {{TAG:0011:0000:0000}}
que fue tan amable de invitarme a
vivir aquí, {{TAG:0005:0007:}}.
{{TAG:0003:0027:}}Si quieres, podríamos salir por ahí
algún día y conocernos mejor.{{TAG:0007:0000:14000000}} A
mí me encantaría.","{{TAG:0003:0010:}}Oh, {{TAG:0007:0000:10000000}}hello ! {{TAG:0007:0000:1E000000}}Je m'appelle {{TAG:0005:0001:}}.{{TAG:0007:0000:1E000000}}
{{TAG:0003:0020:}}Je suis ravie de te rencontrer.{{TAG:0000:0004:}}{{TAG:0003:0017:}}Connais-tu {{TAG:0011:0000:0000}} ?{{TAG:0007:0000:1E000000}} Je l'ai
rencontré{{TAG:000E:0008:00CD0000020065000000}} en campant près d'ici.{{TAG:0000:0004:}}{{TAG:0003:0010:}}C'est {{TAG:000E:0008:00CD06006C0075006900080065006C006C0065000000}} qui m'a proposé de venir
m'installer dans cette belle ville,{{TAG:0007:0000:10000000}} et
j'ai accepté.
{{TAG:0003:0023:}}J'ai comme l'impression que nous
aurons bientôt l'occasion de nous
reparler, {{TAG:0005:0007:}}.","{{TAG:0003:0010:}}Oh, {{TAG:0007:0000:08000000}}ciao! {{TAG:0007:0000:10000000}}Sono {{TAG:0005:0001:}}.{{TAG:0007:0000:10000000}} {{TAG:0003:0020:}}Piacere
di conoscerti!{{TAG:0000:0004:}}{{TAG:0003:0024:}}Ecco una storia divertente.{{TAG:0007:0000:10000000}} Ero qui
in campeggio quando {{TAG:0011:0000:0000}}
mi ha suggerito di trasferirmi qui.
{{TAG:0003:001B:}}Forse non è molto divertente...{{TAG:0007:0000:08000000}} {{TAG:0003:000B:}}Ad
ogni modo, è passato molto tempo{{TAG:0007:0000:08000000}}.{{TAG:0007:0000:08000000}}.{{TAG:0007:0000:08000000}}.{{TAG:0007:0000:08000000}}
Strano che ci conosciamo solo ora.
{{TAG:0003:0027:}}Beh, {{TAG:0007:0000:08000000}}adesso che sono ufficialmente
cittadina di {{TAG:0005:0006:}}, {{TAG:0007:0000:08000000}}ci vedremo
più spesso!{{TAG:0007:0000:10000000}} {{TAG:000E:0003:}}{{TAG:0005:0007:}}!","{{TAG:0003:0010:}}Oh, {{TAG:0007:0000:08000000}}Besuch!{{TAG:0007:0000:28000000}} Ich grüße dich!{{TAG:0007:0000:14000000}}
Ich bin {{TAG:0005:0001:}}.{{TAG:0007:0000:14000000}} Freut mich,
dich kennenzulernen!
{{TAG:0003:0024:}}Es ist schon verrückt, welche Folgen
ein Camping-Urlaub haben kann{{TAG:0007:0000:08000000}}.{{TAG:0007:0000:08000000}}.{{TAG:0007:0000:08000000}}.{{TAG:0000:0004:}}Ich traf {{TAG:0011:0000:0000}}, {{TAG:0007:0000:08000000}}{{TAG:000E:0012:0D00060064006500720006006400690065000600640061007300}} mich dazu
eingeladen hat, hierherzuziehen.{{TAG:0007:0000:14000000}}
Das habe ich dann auch gemacht!
Da ich nun auch in {{TAG:0005:0006:}}
ansässig bin, sollten wir uns
unbedingt besser kennenlernen!","{{TAG:0003:0010:}}Aa, {{TAG:0007:0000:08000000}}merhaba! {{TAG:0007:0000:10000000}}Ben {{TAG:0005:0001:}}.{{TAG:0007:0000:10000000}} {{TAG:0003:0020:}}Tanıştığımıza
sevindim!{{TAG:0000:0004:}}{{TAG:0003:0024:}}Komik bir hikâye var.{{TAG:0007:0000:10000000}} Burada kamp
yaparken {{TAG:0011:0000:0000}} beni kalıcı olarak taşınmaya
davet etti.
{{TAG:0003:001B:}}Tamam, {{TAG:0007:0000:08000000}}“ha{{TAG:0007:0000:08000000}} ha” diye güleceğin kadar
komik değil. {{TAG:0007:0000:10000000}}{{TAG:0003:000B:}}Ama epey zaman geçti{{TAG:0007:0000:08000000}}.{{TAG:0007:0000:08000000}}.{{TAG:0007:0000:08000000}}.{{TAG:0007:0000:08000000}}
Daha önce karşılaşmamış
olmamıza şaşırdım.
{{TAG:0003:0027:}}Neyse, {{TAG:0007:0000:08000000}}artık gerçek bir {{TAG:0005:0006:}} sakini
olduğuma göre, {{TAG:0007:0000:08000000}}bir ara takılalım!{{TAG:0007:0000:10000000}} {{TAG:000E:0003:}}{{TAG:0005:0007:}}!"
31,032,"{{TAG:0003:0010:}}Oh, {{TAG:0007:0000:08000000}}hi there! {{TAG:0007:0000:10000000}}I'm {{TAG:0005:0001:}}.{{TAG:0007:0000:10000000}} {{TAG:0003:0020:}}It's
good to meet you!{{TAG:0000:0004:}}{{TAG:0003:0024:}}Here's a funny story.{{TAG:0007:0000:10000000}} I was living in
{{TAG:0011:0002:0000}} when {{TAG:0011:0000:0000}} invited
me to move here instead.
{{TAG:0003:001B:}}OK, {{TAG:0007:0000:08000000}}it's not ""ha{{TAG:0007:0000:08000000}} ha"" funny. {{TAG:0007:0000:10000000}}{{TAG:0003:000B:}}But that
was a while back{{TAG:0007:0000:08000000}}.{{TAG:0007:0000:08000000}}.{{TAG:0007:0000:08000000}}.{{TAG:0007:0000:08000000}} I'm surprised we
haven't already met.
{{TAG:0003:0027:}}Anyway, {{TAG:0007:0000:08000000}}now that I'm a real
{{TAG:0005:0006:}} resident, {{TAG:0007:0000:08000000}}we should hang
out!{{TAG:0007:0000:10000000}} {{TAG:000E:0003:}}{{TAG:0005:0007:}}!","{{TAG:0003:0010:}}¡Vaya, una cara nueva! {{TAG:0007:0000:10000000}}Hola, soy
{{TAG:0005:0001:}}.{{TAG:0007:0000:10000000}} {{TAG:0003:0020:}}Hace una semana que
vivo en {{TAG:000E:0003:}}{{TAG:0005:0005:}}.
{{TAG:0003:0024:}}La verdad es que si no fuera por
{{TAG:0011:0000:0000}} no estaría aquí. Fue
{{TAG:000E:0005:0400E9006C00080065006C006C006100}} quien me invitó a mudarme.
{{TAG:0003:001B:}}Le estoy muy agradecida, este
pueblo es estupendo. Creo que
seré muy feliz aquí.
{{TAG:0003:0027:}}Y espero que a partir de ahora
hablemos más tú y yo, me
encantaría conocerte mejor.","{{TAG:0003:0010:}}Oh, {{TAG:0007:0000:10000000}}hello ! {{TAG:0007:0000:1E000000}}Je m'appelle {{TAG:0005:0001:}}.{{TAG:0007:0000:1E000000}}
{{TAG:0003:0020:}}Je suis ravie de te rencontrer.{{TAG:0000:0004:}}{{TAG:0003:0017:}}Connais-tu {{TAG:0011:0000:0000}} ?{{TAG:0007:0000:1E000000}} Nous nous
sommes rencontré{{TAG:000E:0008:00CD020073000400650073000000}} dans la ville où
je vivais avant, à {{TAG:0011:0002:0000}}.
{{TAG:0003:0010:}}C'est {{TAG:000E:0008:00CD06006C0075006900080065006C006C0065000000}} qui m'a proposé de venir
m'installer dans cette belle ville,{{TAG:0007:0000:10000000}} et
j'ai accepté.
{{TAG:0003:0023:}}J'ai comme l'impression que nous
aurons bientôt l'occasion de nous
revoir, {{TAG:0005:0007:}}.","{{TAG:0003:0010:}}Oh, {{TAG:0007:0000:08000000}}ciao! {{TAG:0007:0000:10000000}}Sono {{TAG:0005:0001:}}.
{{TAG:0007:0000:10000000}}{{TAG:0003:0020:}}Piacere di conoscerti!{{TAG:0000:0004:}}{{TAG:0003:0024:}}Ecco una storia divertente.{{TAG:0007:0000:10000000}} Abitavo
{{TAG:000E:0010:}} {{TAG:0011:0002:0000}} quando {{TAG:0011:0000:0000}}
mi ha suggerito di trasferirmi qui.
{{TAG:0003:001B:}}Forse non è molto divertente...{{TAG:0007:0000:08000000}} {{TAG:0003:000B:}}Ad
ogni modo, è passato molto tempo{{TAG:0007:0000:08000000}}.{{TAG:0007:0000:08000000}}.{{TAG:0007:0000:08000000}}.{{TAG:0007:0000:08000000}}
Strano che ci conosciamo solo ora.
{{TAG:0003:0027:}}Beh, {{TAG:0007:0000:08000000}}adesso che sono ufficialmente
cittadina di {{TAG:0005:0006:}}, {{TAG:0007:0000:08000000}}ci vedremo
più spesso!{{TAG:0007:0000:10000000}} {{TAG:000E:0003:}}{{TAG:0005:0007:}}!","{{TAG:0003:0010:}}Oh! {{TAG:0007:0000:28000000}}Sei mir gegrüßt!{{TAG:0007:0000:14000000}}
Ich heiße {{TAG:0005:0001:}}.{{TAG:0000:0004:}}{{TAG:0003:0024:}}Ich bin aus {{TAG:0011:0002:0000}} hergezogen,
weil {{TAG:0011:0000:0000}} mich eingeladen hat.{{TAG:0000:0004:}}{{TAG:0003:000B:}}Das ist auch schon wieder eine
Weile her{{TAG:0007:0000:08000000}}.{{TAG:0007:0000:08000000}}.{{TAG:0007:0000:08000000}}.{{TAG:0007:0000:14000000}} Wie die Zeit vergeht!{{TAG:0000:0004:}}Wo wir beide nun Nachbarn sind,
lernen wir uns hoffentlich auch
besser kennen, {{TAG:0007:0000:08000000}}{{TAG:0005:0007:}}!","{{TAG:0003:0010:}}Aa, {{TAG:0007:0000:08000000}}merhaba! {{TAG:0007:0000:10000000}}Ben {{TAG:0005:0001:}}.{{TAG:0007:0000:10000000}} {{TAG:0003:0020:}}Tanıştığımıza
sevindim!{{TAG:0000:0004:}}{{TAG:0003:0024:}}Komik bir hikâye var.{{TAG:0007:0000:10000000}}
{{TAG:0011:0002:0000}} kasabasında
yaşıyordum, {{TAG:0011:0000:0000}} beni buraya taşınmaya
davet etti.
{{TAG:0003:001B:}}Tamam, {{TAG:0007:0000:08000000}}“ha{{TAG:0007:0000:08000000}} ha” diye güleceğin kadar
komik değil. {{TAG:0007:0000:10000000}}{{TAG:0003:000B:}}Ama epey zaman geçti{{TAG:0007:0000:08000000}}.{{TAG:0007:0000:08000000}}.{{TAG:0007:0000:08000000}}.{{TAG:0007:0000:08000000}}
Daha önce karşılaşmamış
olmamıza şaşırdım.
{{TAG:0003:0027:}}Neyse, {{TAG:0007:0000:08000000}}artık gerçek bir {{TAG:0005:0006:}} sakini
olduğuma göre, {{TAG:0007:0000:08000000}}bir ara takılalım!{{TAG:0007:0000:10000000}} {{TAG:000E:0003:}}{{TAG:0005:0007:}}!"
32,033,"{{TAG:0003:0020:}}Hello, {{TAG:0007:0000:08000000}}I'm {{TAG:0005:0001:}}.{{TAG:0007:0000:10000000}} {{TAG:0003:0017:}}We haven't
met before,{{TAG:0007:0000:08000000}} have we?{{TAG:0000:0004:}}{{TAG:0003:000B:}}That's kind of funny{{TAG:0007:0000:08000000}}.{{TAG:0007:0000:08000000}}.{{TAG:0007:0000:08000000}}.{{TAG:0007:0000:08000000}} I've been
living in {{TAG:0005:0006:}} for a few
weeks now{{TAG:0007:0000:08000000}}.{{TAG:0007:0000:08000000}}.{{TAG:0007:0000:08000000}}.{{TAG:0007:0000:08000000}}
{{TAG:0003:0001:}}Anyway, {{TAG:0007:0000:08000000}}I was just here on a visit
when {{TAG:0011:0000:0000}} invited me to
move permanently.
{{TAG:0003:0023:}}Now that we've finally met, {{TAG:0007:0000:08000000}}we
should get to know each other,{{TAG:0007:0000:08000000}}
don't you think?{{TAG:0007:0000:10000000}}{{TAG:0003:0026:}} {{TAG:000E:0003:}}{{TAG:0005:0007:}}?","{{TAG:0003:0020:}}¡Ah, hola! Creía que ya conocía a
todos los vecinos.{{TAG:0007:0000:14000000}} Soy {{TAG:0005:0001:}},
es un placer.
{{TAG:0003:0001:}}Hace unas semanas que vivo aquí
y estoy más que encantada.{{TAG:0007:0000:14000000}} Este
pueblo es fabuloso.
{{TAG:0003:002B:}}Me alegro tanto de que {{TAG:0011:0000:0000}}
me invitara a mudarme... ¡Se ha
convertido en u{{TAG:000E:0005:02006E0004006E006100}} gran amig{{TAG:000E:0005:02006F0002006100}}!
{{TAG:0003:0001:}}Espero que tú y yo también
lleguemos a serlo algún día,
pastelito.","{{TAG:0003:0020:}}Hello...{{TAG:0007:0000:10000000}} Nous n'avons pas encore été
présenté{{TAG:000E:0006:02007300040065007300}}, je crois...{{TAG:0007:0000:1E000000}} Alors
permets-moi de le faire moi-même...
{{TAG:0003:0001:}}Je suis {{TAG:0005:0001:}}. {{TAG:0007:0000:1E000000}}Je suis nouvelle
en ville. {{TAG:0007:0000:14000000}}J'ai emménagé il y a à peine
quelques semaines.
{{TAG:0003:0001:}}J'avais sympathisé avec {{TAG:0011:0000:0000}}
alors que je faisais du camping.{{TAG:0007:0000:1E000000}}
C'est {{TAG:000E:0008:00CD06006C0075006900080065006C006C0065000000}} m'a proposé de venir ici.
{{TAG:0003:0023:}}Maintenant que tu me connais,
j'espère que tu reviendras me
parler, {{TAG:0005:0007:}}...","{{TAG:0003:0020:}}Ciao, {{TAG:0007:0000:08000000}}io sono {{TAG:0005:0001:}}.{{TAG:0007:0000:10000000}} {{TAG:0003:0017:}}Non ci
eravamo ancora parlat{{TAG:000E:0006:0200690002006500}},{{TAG:0007:0000:08000000}} vero?{{TAG:0000:0004:}}{{TAG:0003:000B:}}Che strano{{TAG:0007:0000:08000000}}.{{TAG:0007:0000:08000000}}.{{TAG:0007:0000:08000000}}.{{TAG:0007:0000:08000000}} Abito {{TAG:000E:0010:}} {{TAG:0005:0006:}}
da qualche settimana ormai{{TAG:0007:0000:08000000}}.{{TAG:0007:0000:08000000}}.{{TAG:0007:0000:08000000}}.{{TAG:0007:0000:08000000}}{{TAG:0000:0004:}}{{TAG:0003:0001:}}Ad ogni modo... {{TAG:0007:0000:08000000}}Mi trovavo in città
per una vacanza quando {{TAG:0011:0000:0000}}
mi ha invitata a stabilirmi qui.
{{TAG:0003:0023:}}Adesso che ci conosciamo,{{TAG:0007:0000:08000000}}
dobbiamo incontrarci più spesso,{{TAG:0007:0000:08000000}}
sei d'accordo?{{TAG:0007:0000:10000000}}{{TAG:0003:0026:}} {{TAG:000E:0003:}}{{TAG:0005:0007:}}!","{{TAG:0003:0020:}}Sei gegrüßt!{{TAG:0007:0000:14000000}} Ich bin {{TAG:0005:0001:}}.{{TAG:0007:0000:14000000}}
{{TAG:0003:0017:}}Wir kennen uns noch gar nicht,{{TAG:0007:0000:08000000}}
oder?
{{TAG:0003:000B:}}Seltsam!{{TAG:0007:0000:14000000}} Dabei wohne ich doch
schon eine ganze Weile hier{{TAG:0007:0000:08000000}}.{{TAG:0007:0000:08000000}}.{{TAG:0007:0000:08000000}}.{{TAG:0000:0004:}}{{TAG:0003:0001:}}{{TAG:000E:0003:}}{{TAG:0011:0000:0000}} hat mich damals auf
die Idee gebracht, als ich gerade zu
Besuch hier war.
{{TAG:0003:0023:}}Und jetzt bin ich umgezogen.{{TAG:0007:0000:14000000}}
Hoffentlich lernen wir beide uns
bald besser kennen, {{TAG:0007:0000:08000000}}{{TAG:0005:0007:}}!","{{TAG:0003:0020:}}Merhaba, {{TAG:0007:0000:08000000}}ben {{TAG:0005:0001:}}.{{TAG:0007:0000:10000000}} {{TAG:0003:0017:}}Daha önce tanışmadık,{{TAG:0007:0000:08000000}}
değil mi?{{TAG:0000:0004:}}{{TAG:0003:000B:}}Biraz komik aslında{{TAG:0007:0000:08000000}}.{{TAG:0007:0000:08000000}}.{{TAG:0007:0000:08000000}}.{{TAG:0007:0000:08000000}} Birkaç haftadır
{{TAG:0005:0006:}} kasabasında yaşıyorum{{TAG:0007:0000:08000000}}.{{TAG:0007:0000:08000000}}.{{TAG:0007:0000:08000000}}.{{TAG:0007:0000:08000000}}
{{TAG:0003:0001:}}Neyse, {{TAG:0007:0000:08000000}}burayı ziyarete gelmiştim, {{TAG:0011:0000:0000}}
beni kalıcı olarak
taşınmaya davet etti.
{{TAG:0003:0023:}}Sonunda tanıştığımıza göre,
{{TAG:0007:0000:08000000}}birbirimizi tanısak iyi olur,{{TAG:0007:0000:08000000}} sence de
öyle değil mi?{{TAG:0007:0000:10000000}}{{TAG:0003:0026:}} {{TAG:000E:0003:}}{{TAG:0005:0007:}}?"
33,034,"{{TAG:0003:0020:}}Hello, {{TAG:0007:0000:08000000}}I'm {{TAG:0005:0001:}}.{{TAG:0007:0000:10000000}} {{TAG:0003:0017:}}We haven't
met before,{{TAG:0007:0000:08000000}} have we?{{TAG:0000:0004:}}{{TAG:0003:000B:}}That's kind of funny{{TAG:0007:0000:08000000}}.{{TAG:0007:0000:08000000}}.{{TAG:0007:0000:08000000}}.{{TAG:0007:0000:08000000}} I've been
living here in {{TAG:0005:0006:}} for a few
weeks now{{TAG:0007:0000:08000000}}.{{TAG:0007:0000:08000000}}.{{TAG:0007:0000:08000000}}.{{TAG:0007:0000:08000000}}
{{TAG:0003:0001:}}Anyway, {{TAG:0007:0000:08000000}}I used to live in {{TAG:0011:0002:0000}},{{TAG:0007:0000:08000000}}
but {{TAG:0011:0000:0000}} invited me to move
here.{{TAG:0007:0000:10000000}} {{TAG:0003:002C:}}So I did!
{{TAG:0003:0023:}}Now that we've finally met, {{TAG:0007:0000:08000000}}we
should get to know each other,{{TAG:0007:0000:08000000}}
don't you think?{{TAG:0007:0000:10000000}}{{TAG:0003:0026:}} {{TAG:000E:0003:}}{{TAG:0005:0007:}}?","{{TAG:0003:0020:}}¡Hola! {{TAG:0007:0000:08000000}}Soy {{TAG:0005:0001:}}.{{TAG:0007:0000:10000000}} Aún no nos
habíamos presentado.{{TAG:0000:0004:}}{{TAG:0003:000B:}}Es curioso que lleve varias
semanas aquí y no te haya visto
nunca. ¿Estabas escondid{{TAG:000E:0006:02006F0002006100}}?
{{TAG:0003:0001:}}Yo estoy aquí gracias a {{TAG:0011:0000:0000}},{{TAG:0007:0000:10000000}}
{{TAG:0003:002C:}}{{TAG:000E:0005:0400E9006C00080065006C006C006100}} tuvo la idea de que me mudara
a este pueblo.
{{TAG:0003:0015:}}Acepté enseguida, por supuesto,
necesitaba cambiar de aires.{{TAG:0000:0004:}}{{TAG:0003:0023:}}Bueno, ahora que ya nos conocemos
espero que salgas más a menudo de
tu escondite.","{{TAG:0003:0020:}}Hello...{{TAG:0007:0000:10000000}} Nous n'avons pas encore été
présenté{{TAG:000E:0006:02007300040065007300}}, je crois...{{TAG:0007:0000:1E000000}} Alors
permets-moi de le faire moi-même...
{{TAG:0003:0001:}}Je suis {{TAG:0005:0001:}}. {{TAG:0007:0000:14000000}}J'ai emménagé il
y a quelques semaines.{{TAG:0007:0000:1E000000}} Avant,{{TAG:0007:0000:0C000000}} je
vivais à {{TAG:0011:0002:0000}}...
{{TAG:0003:0021:}}C'est là que j'ai sympathisé avec
{{TAG:0011:0000:0000}}, qui m'a proposé de
venir habiter ici,{{TAG:0007:0000:10000000}} et j'ai accepté.
{{TAG:0003:0023:}}Maintenant que tu me connais,
j'espère que tu reviendras me
parler, {{TAG:0005:0007:}}...","{{TAG:0003:0020:}}Ciao, {{TAG:0007:0000:08000000}}io sono {{TAG:0005:0001:}}.{{TAG:0007:0000:10000000}} {{TAG:0003:0017:}}Non ci
eravamo ancora parlat{{TAG:000E:0006:0200690002006500}},{{TAG:0007:0000:08000000}} vero?{{TAG:0000:0004:}}{{TAG:0003:000B:}}Che strano{{TAG:0007:0000:08000000}}.{{TAG:0007:0000:08000000}}.{{TAG:0007:0000:08000000}}.{{TAG:0007:0000:08000000}} Abito {{TAG:000E:0010:}} {{TAG:0005:0006:}}
da qualche settimana ormai{{TAG:0007:0000:08000000}}.{{TAG:0007:0000:08000000}}.{{TAG:0007:0000:08000000}}.{{TAG:0007:0000:08000000}}{{TAG:0000:0004:}}{{TAG:0003:0001:}}Ad ogni modo... {{TAG:0007:0000:08000000}}Abitavo ancora
{{TAG:000E:0010:}} {{TAG:0011:0002:0000}} quando {{TAG:0011:0000:0000}}
mi ha invitata a traslocare qui.
{{TAG:0003:0023:}}Adesso che ci conosciamo,{{TAG:0007:0000:08000000}}
dobbiamo incontrarci più spesso,{{TAG:0007:0000:08000000}}
sei d'accordo?{{TAG:0007:0000:10000000}}{{TAG:0003:0026:}} {{TAG:000E:0003:}}{{TAG:0005:0007:}}!","{{TAG:0003:0020:}}Ich grüße dich!{{TAG:0007:0000:14000000}} Ich bin {{TAG:0005:0001:}}.{{TAG:0007:0000:14000000}}
{{TAG:0003:000B:}}Wir kennen uns noch gar nicht,{{TAG:0007:0000:08000000}}
oder?
Dabei wohne ich schon seit einiger
Zeit in {{TAG:0005:0006:}}.{{TAG:0007:0000:14000000}}{{TAG:0003:0001:}} Vorher habe ich
in {{TAG:0011:0002:0000}} gewohnt.
Aber dann hat {{TAG:0011:0000:0000}} mich
davon überzeugt, dass mir ein
Tapetenwechsel guttäte.
{{TAG:0003:0023:}}Und hier bin ich nun!{{TAG:0007:0000:28000000}} Wir sollten
uns wirklich besser kennenlernen.{{TAG:0007:0000:14000000}}
Findest du nicht, {{TAG:0007:0000:08000000}}{{TAG:0005:0007:}}?","{{TAG:0003:0020:}}Merhaba, {{TAG:0007:0000:08000000}}ben {{TAG:0005:0001:}}.{{TAG:0007:0000:10000000}} {{TAG:0003:0017:}}Daha önce tanışmadık,{{TAG:0007:0000:08000000}}
değil mi?{{TAG:0000:0004:}}{{TAG:0003:000B:}}Biraz komik aslında{{TAG:0007:0000:08000000}}.{{TAG:0007:0000:08000000}}.{{TAG:0007:0000:08000000}}.{{TAG:0007:0000:08000000}} Birkaç haftadır
{{TAG:0005:0006:}} kasabasında yaşıyorum{{TAG:0007:0000:08000000}}.{{TAG:0007:0000:08000000}}.{{TAG:0007:0000:08000000}}.{{TAG:0007:0000:08000000}}
{{TAG:0003:0001:}}Neyse, {{TAG:0007:0000:08000000}}eskiden {{TAG:0011:0002:0000}} kasabasında
yaşıyordum, {{TAG:0007:0000:08000000}} beni buraya taşınmaya
davet etti.
{{TAG:0011:0000:0000}}Sonunda tanıştığımıza göre,
{{TAG:0007:0000:10000000}}birbirimizi tanısak iyi olur,{{TAG:0003:002C:}} sence de
öyle değil mi?{{TAG:0003:0023:}}{{TAG:0007:0000:08000000}} {{TAG:0007:0000:08000000}}{{TAG:0007:0000:10000000}}{{TAG:0003:0026:}}{{TAG:000E:0003:}}{{TAG:0005:0007:}}?"
34,035,"Ah{{TAG:0007:0000:08000000}}.{{TAG:0007:0000:08000000}}.{{TAG:0007:0000:08000000}}.{{TAG:0007:0000:08000000}}ah{{TAG:0007:0000:08000000}}.{{TAG:0007:0000:08000000}}.{{TAG:0007:0000:08000000}}.{{TAG:0007:0000:08000000}}{{TAG:0003:001E:}}{{TAG:0007:000B:}}ACHOO!{{TAG:0000:0004:}}{{TAG:0003:0028:}}Sorry.{{TAG:0007:0000:08000000}} You caught me at a bad time.{{TAG:0007:0000:10000000}}
{{TAG:0003:0010:}}Wait—{{TAG:0007:0000:08000000}}I don't think we've met
before.{{TAG:0007:0000:10000000}} I'm {{TAG:0005:0001:}}!
{{TAG:0003:002B:}}I was on vacation here when I met
{{TAG:0011:0000:0000}}, {{TAG:0007:0000:08000000}}and {{TAG:000E:0005:0400680065000600730068006500}} invited me to
move to {{TAG:0005:0006:}} permanently.
{{TAG:0003:001B:}}But then I caught a cold as soon as
I arrived. {{TAG:0007:0000:10000000}}Ack!{{TAG:0000:0004:}}{{TAG:0003:0027:}}Anyway, {{TAG:0007:0000:08000000}}we'll have plenty of time
to get to know each other now that
I live here. {{TAG:0007:0000:10000000}}Let's talk soon!","Ah{{TAG:0007:0000:08000000}}.{{TAG:0007:0000:08000000}}.{{TAG:0007:0000:08000000}}.{{TAG:0007:0000:08000000}} Ah{{TAG:0007:0000:08000000}}.{{TAG:0007:0000:08000000}}.{{TAG:0007:0000:08000000}}.{{TAG:0007:0000:08000000}}{{TAG:0003:001E:}}{{TAG:0007:000B:}} ¡AAAACHÍIIIS!{{TAG:0000:0004:}}{{TAG:0003:0009:}}Ay, disculpa, cielín.{{TAG:0007:0000:14000000}} {{TAG:0003:0010:}}Huy, creo que
no te conozco.{{TAG:0007:0000:08000000}} ¿Eres de aquí?{{TAG:0007:0000:14000000}}{{TAG:0003:0001:}}
Me llamo {{TAG:0005:0001:}}, encantada.
{{TAG:0003:002B:}}Estaba de visita por el pueblo
cuando conocí a {{TAG:0011:0000:0000}} y
me invitó a quedarme a vivir.
¡Y ahora este es mi nuevo hogar!{{TAG:0007:0000:14000000}}{{TAG:0003:001B:}} Es
una lástima que lo estrene con un
horrible resfriado, {{TAG:0005:0007:}}.
{{TAG:0003:0027:}}En fin, espero que podamos hablar
más a fondo cuando esté mejor.","Ah-{{TAG:0007:0000:08000000}}Ah-{{TAG:0007:0000:08000000}}Ah-{{TAG:0007:0000:08000000}}{{TAG:0003:001E:}}{{TAG:0007:000A:}}Tch{{TAG:0007:0000:02000000}}o{{TAG:0007:0000:02000000}}o{{TAG:0007:0000:02000000}}o{{TAG:0007:0000:02000000}}o{{TAG:0007:0000:02000000}}u{{TAG:0007:0000:02000000}}u{{TAG:0007:0000:02000000}}u{{TAG:0007:0000:02000000}}u{{TAG:0007:0000:02000000}}m{{TAG:0007:0000:02000000}} !{{TAG:0007:0000:1E000000}}
{{TAG:0003:000C:}}Excuse-moi. {{TAG:0007:0000:1E000000}}Comme tu le vois,{{TAG:0007:0000:0C000000}} je
suis un peu enrhumée...
{{TAG:0003:0001:}}Nous n'avons pas encore été
présenté{{TAG:000E:0006:02007300040065007300}}, je crois... {{TAG:0007:0000:1E000000}}Je suis
{{TAG:0005:0001:}}. {{TAG:0007:0000:1E000000}}Je suis nouvelle en ville.
{{TAG:0003:0001:}}J'avais sympathisé avec {{TAG:0011:0000:0000}},
alors que je faisais du camping dans
les environs.
C'est {{TAG:000E:0008:00CD06006C0075006900080065006C006C0065000000}} qui m'a proposé de venir
ici,{{TAG:0007:0000:10000000}}{{TAG:0003:001B:}} et bien sûr, {{TAG:0007:0000:0C000000}}j'ai attrapé un rhume
dès mon arrivée...
{{TAG:0003:0009:}}Ce n'est pas de chance{{TAG:0007:0000:08000000}}.{{TAG:0007:0000:08000000}}.{{TAG:0007:0000:08000000}}.{{TAG:0007:0000:08000000}} De ce fait,
je ne suis pas d'humeur à faire la
conversation...
{{TAG:0003:0001:}}Mais ne t'inquiète pas.{{TAG:0007:0000:1E000000}} Dès que je
serai rétablie, nous passerons du
temps ensemble, {{TAG:0007:0000:10000000}}promis.","Eee{{TAG:0007:0000:08000000}}.{{TAG:0007:0000:08000000}}.{{TAG:0007:0000:08000000}}.{{TAG:0007:0000:08000000}} eee{{TAG:0007:0000:08000000}}.{{TAG:0007:0000:08000000}}.{{TAG:0007:0000:08000000}}.{{TAG:0007:0000:08000000}}{{TAG:0003:001E:}}{{TAG:0007:000B:}} ECCÌ!{{TAG:0000:0004:}}{{TAG:0003:0028:}}Perdonami,{{TAG:0007:0000:08000000}} sto proprio male.{{TAG:0007:0000:10000000}}
{{TAG:0003:0010:}}Aspetta,{{TAG:0007:0000:08000000}} ma io non ti conosco
ancora.{{TAG:0007:0000:10000000}} Mi chiamo {{TAG:0005:0001:}}!
{{TAG:0003:002B:}}Ero {{TAG:000E:0010:}} {{TAG:0005:0006:}} di passaggio
quando {{TAG:0011:0000:0000}}{{TAG:0007:0000:08000000}} mi ha suggerito
di trasferirmi qui in pianta stabile.
{{TAG:0003:001B:}}Soltanto che poi, non appena sono
arrivata, {{TAG:0007:0000:10000000}}ho preso un raffreddore
terribile!
{{TAG:0003:0027:}}Beh, {{TAG:0007:0000:08000000}}ora che abito qui, avremo
tantissimo tempo per conoscerci
meglio. {{TAG:0007:0000:10000000}}{{TAG:0003:0001:}}A presto!","Ha-{{TAG:0007:0000:08000000}}ha-{{TAG:0007:0000:08000000}}{{TAG:0003:001E:}}{{TAG:0007:000B:}}HATSCHI!{{TAG:0000:0004:}}{{TAG:0003:0028:}}Oje!{{TAG:0007:0000:28000000}} Du erlebst mich nicht gerade
in meiner Sternstunde{{TAG:0007:0000:08000000}}.{{TAG:0007:0000:08000000}}.{{TAG:0007:0000:08000000}}.{{TAG:0007:0000:14000000}}
Ich bin übrigens {{TAG:0005:0001:}}.
{{TAG:0003:002B:}}Ich habe hier einen Urlaub verbracht
und mich von {{TAG:0011:0000:0000}} überreden
lassen, hierher umzuziehen.
{{TAG:0003:001B:}}Aber kaum komme ich in {{TAG:0005:0006:}}
an,{{TAG:0007:0000:08000000}} erwischt mich eine schlimme
Erkältung.
Hoffentlich ist das kein schlechtes
Omen{{TAG:0007:0000:08000000}}.{{TAG:0007:0000:08000000}}.{{TAG:0007:0000:08000000}}.{{TAG:0007:0000:14000000}}{{TAG:0003:0025:}} Nun ja!{{TAG:0007:0000:14000000}} Besuch mich doch
wieder, wenn es mir besser geht!","Ah{{TAG:0007:0000:08000000}}.{{TAG:0007:0000:08000000}}.{{TAG:0007:0000:08000000}}.{{TAG:0007:0000:08000000}}ah{{TAG:0007:0000:08000000}}.{{TAG:0007:0000:08000000}}.{{TAG:0007:0000:08000000}}.{{TAG:0007:0000:08000000}}{{TAG:0003:001E:}}{{TAG:0007:000B:}}HAPŞU!{{TAG:0000:0004:}}{{TAG:0003:0028:}}Kusura bakma.{{TAG:0007:0000:08000000}} Beni pek
iyi bir anda
yakalamadın.{{TAG:0007:0000:10000000}}
{{TAG:0003:0010:}}Bir dakika—{{TAG:0007:0000:08000000}}sanırım daha önce
tanışmadık.{{TAG:0007:0000:10000000}} Ben {{TAG:0005:0001:}}!
{{TAG:0003:002B:}}Burada tatildeyken {{TAG:0011:0000:0000}} ile tanıştım, {{TAG:0007:0000:08000000}}{{TAG:000E:0005:0400680065000600730068006500}} da
beni kalıcı olarak {{TAG:0005:0006:}} kasabasına
taşınmaya davet etti.
{{TAG:0003:001B:}}Ama gelir gelmez soğuk algınlığına
yakalandım. {{TAG:0007:0000:10000000}}Öf!{{TAG:0000:0004:}}{{TAG:0003:0027:}}Neyse, {{TAG:0007:0000:08000000}}artık burada yaşadığıma göre
birbirimizi tanımak için bolca
vaktimiz olacak. {{TAG:0007:0000:10000000}}Yakında konuşalım!"
35,036,"Ah{{TAG:0007:0000:08000000}}.{{TAG:0007:0000:08000000}}.{{TAG:0007:0000:08000000}}.{{TAG:0007:0000:08000000}}ah{{TAG:0007:0000:08000000}}.{{TAG:0007:0000:08000000}}.{{TAG:0007:0000:08000000}}.{{TAG:0007:0000:08000000}}{{TAG:0003:001E:}}{{TAG:0007:000B:}}ACHOO!{{TAG:0000:0004:}}{{TAG:0003:0028:}}Sorry.{{TAG:0007:0000:08000000}} You caught me at a bad time.{{TAG:0007:0000:20000000}}
Wait—{{TAG:0003:0010:}}{{TAG:0007:0000:08000000}}I don't think we've met
before.{{TAG:0007:0000:10000000}} I'm {{TAG:0005:0001:}}!
{{TAG:0003:002B:}}I used to live in {{TAG:0011:0002:0000}}, {{TAG:0007:0000:08000000}}but
{{TAG:0011:0000:0000}} told me I should move
here.{{TAG:0007:0000:10000000}}{{TAG:0003:002C:}} So I did!
{{TAG:0003:001B:}}And then I caught a cold as soon as
I arrived. {{TAG:0007:0000:10000000}}Ack!{{TAG:0000:0004:}}{{TAG:0003:0027:}}Anyway, {{TAG:0007:0000:08000000}}we'll have plenty of time
to get to know each other now that
I live here. {{TAG:0007:0000:10000000}}Let's talk soon!","Ah{{TAG:0007:0000:08000000}}.{{TAG:0007:0000:08000000}}.{{TAG:0007:0000:08000000}}.{{TAG:0007:0000:08000000}} Ah{{TAG:0007:0000:08000000}}.{{TAG:0007:0000:08000000}}.{{TAG:0007:0000:08000000}}.{{TAG:0007:0000:08000000}}{{TAG:0003:001E:}}{{TAG:0007:000B:}} ¡AAAACHÍIIIS!{{TAG:0000:0004:}}{{TAG:0003:0009:}}Menudo catarro he pillado.
{{TAG:0007:0000:14000000}}{{TAG:0003:0010:}}Huy, ¿te conozco?{{TAG:0007:0000:14000000}} Me llamo
{{TAG:0005:0001:}}, encantada.
{{TAG:0003:002B:}}{{TAG:000E:0003:}}{{TAG:0011:0000:0000}} me invitó a vivir aquí
cuando estuve de visita.{{TAG:0007:0000:14000000}} Supongo
que le caí bien.
{{TAG:0003:001B:}}Tenía muchas ganas de explorar mi
nuevo hogar, pero no podré hacerlo
hasta que se me pase este catarro.
{{TAG:0003:0027:}}En fin, espero que podamos hablar
más a fondo cuando esté mejor.","Ah-{{TAG:0007:0000:08000000}}Ah-{{TAG:0007:0000:08000000}}Ah-{{TAG:0007:0000:08000000}}{{TAG:0003:001E:}}{{TAG:0007:000A:}}Tch{{TAG:0007:0000:02000000}}o{{TAG:0007:0000:02000000}}o{{TAG:0007:0000:02000000}}o{{TAG:0007:0000:02000000}}o{{TAG:0007:0000:02000000}}u{{TAG:0007:0000:02000000}}u{{TAG:0007:0000:02000000}}u{{TAG:0007:0000:02000000}}u{{TAG:0007:0000:02000000}}m{{TAG:0007:0000:02000000}} !{{TAG:0007:0000:1E000000}}
{{TAG:0003:000C:}}Excuse-moi. {{TAG:0007:0000:1E000000}}Comme tu le vois,{{TAG:0007:0000:0C000000}} je
suis un peu enrhumée...
{{TAG:0003:0001:}}Nous n'avons pas encore été
présenté{{TAG:000E:0006:02007300040065007300}}, je crois... {{TAG:0007:0000:1E000000}}Je suis
{{TAG:0005:0001:}}. {{TAG:0007:0000:1E000000}}Je suis nouvelle en ville.
Avant,{{TAG:0007:0000:0C000000}} je vivais à {{TAG:0011:0002:0000}}.{{TAG:0007:0000:1E000000}} {{TAG:0003:0021:}}C'est
là que j'ai sympathisé avec
{{TAG:0011:0000:0000}}.
C'est {{TAG:000E:0005:06006C0075006900080065006C006C006500}} qui m'a proposé de venir
ici,{{TAG:0007:0000:10000000}}{{TAG:0003:001B:}} et bien sûr, {{TAG:0007:0000:0C000000}}j'ai attrapé un rhume
dès mon arrivée...
{{TAG:0003:0009:}}Ce n'est pas de chance{{TAG:0007:0000:08000000}}.{{TAG:0007:0000:08000000}}.{{TAG:0007:0000:08000000}}.{{TAG:0007:0000:08000000}} De ce fait,
je ne suis pas d'humeur à faire la
conversation...
{{TAG:0003:0001:}}Mais ne t'inquiète pas.{{TAG:0007:0000:1E000000}} Dès que je
serai rétablie, nous passerons du
temps ensemble, {{TAG:0007:0000:10000000}}promis.","Eee{{TAG:0007:0000:08000000}}.{{TAG:0007:0000:08000000}}.{{TAG:0007:0000:08000000}}.{{TAG:0007:0000:08000000}} eee{{TAG:0007:0000:08000000}}.{{TAG:0007:0000:08000000}}.{{TAG:0007:0000:08000000}}.{{TAG:0007:0000:08000000}}{{TAG:0003:001E:}}{{TAG:0007:000B:}} ECCÌ!{{TAG:0000:0004:}}{{TAG:0003:0028:}}Perdonami,{{TAG:0007:0000:08000000}} sto proprio male.{{TAG:0007:0000:10000000}}
{{TAG:0003:0010:}}Aspetta,{{TAG:0007:0000:08000000}} ma io non ti conosco
ancora.{{TAG:0007:0000:10000000}} Mi chiamo {{TAG:0005:0001:}}!
{{TAG:0003:002B:}}Abitavo ancora {{TAG:000E:0010:}} {{TAG:0011:0002:0000}}
quando {{TAG:0011:0000:0000}}{{TAG:0007:0000:08000000}} mi ha suggerito
di trasferirmi qui in pianta stabile.
{{TAG:0003:001B:}}Soltanto che poi, non appena sono
arrivata, {{TAG:0007:0000:10000000}}ho preso un raffreddore
terribile!{{TAG:0000:0004:}}{{TAG:0003:0027:}}Beh, {{TAG:0007:0000:08000000}}ora che abito qui, avremo
tantissimo tempo per conoscerci
meglio. {{TAG:0007:0000:10000000}}{{TAG:0003:0001:}}A presto!","HAAA{{TAG:0007:0000:14000000}}{{TAG:0003:001E:}}{{TAG:0007:000B:}}TSCHI!{{TAG:0000:0004:}}{{TAG:0003:0028:}}Uff!{{TAG:0007:0000:14000000}} Entschuldige.{{TAG:0007:0000:14000000}} Ich bin gerade
etwas schlapp und krank{{TAG:0007:0000:08000000}}.{{TAG:0007:0000:08000000}}.{{TAG:0007:0000:08000000}}.{{TAG:0007:0000:14000000}}
Wir kennen uns noch nicht, {{TAG:0007:0000:08000000}}oder?
{{TAG:0003:002B:}}Ich bin {{TAG:0005:0001:}} und komme aus
{{TAG:0011:0002:0000}}.{{TAG:0007:0000:14000000}} Aber {{TAG:0011:0000:0000}} hat
mich hierher eingeladen.
Also bin ich umgezogen{{TAG:0007:0000:08000000}}.{{TAG:0007:0000:08000000}}.{{TAG:0007:0000:08000000}}.{{TAG:0007:0000:14000000}}{{TAG:0003:001B:}}
Und hole mir gleich am ersten
Tag eine schlimme Erkältung!
Nun ja!{{TAG:0007:0000:28000000}} Nachdem ich jetzt hier
wohne, haben wir sicher noch viel
Zeit, uns besser kennenzulernen!","Ah{{TAG:0007:0000:08000000}}.{{TAG:0007:0000:08000000}}.{{TAG:0007:0000:08000000}}.{{TAG:0007:0000:08000000}}ah{{TAG:0007:0000:08000000}}.{{TAG:0007:0000:08000000}}.{{TAG:0007:0000:08000000}}.{{TAG:0007:0000:08000000}}{{TAG:0003:001E:}}{{TAG:0007:000B:}}HAPŞU!{{TAG:0000:0004:}}{{TAG:0003:0028:}}Kusura bakma.{{TAG:0007:0000:08000000}} Beni pek
iyi bir anda
yakalamadın.{{TAG:0007:0000:20000000}}
Bir dakika—{{TAG:0003:0010:}}{{TAG:0007:0000:08000000}}sanırım daha önce
tanışmadık.{{TAG:0007:0000:10000000}} Ben {{TAG:0005:0001:}}!
{{TAG:0003:002B:}}Eskiden {{TAG:0011:0002:0000}} kasabasında yaşıyordum,
{{TAG:0007:0000:08000000}}ama {{TAG:0011:0000:0000}}
buraya taşınmam gerektiğini söyledi.{{TAG:0007:0000:10000000}}{{TAG:0003:002C:}}
Ben de taşındım!
{{TAG:0003:001B:}}Sonra gelir gelmez soğuk algınlığına
yakalandım. {{TAG:0007:0000:10000000}}Öf!{{TAG:0000:0004:}}{{TAG:0003:0027:}}Neyse, {{TAG:0007:0000:08000000}}artık burada yaşadığıma göre
birbirimizi tanımak için bolca
vaktimiz olacak. {{TAG:0007:0000:10000000}}Yakında konuşalım!"
36,037,"{{TAG:0003:0010:}}Oh, {{TAG:0007:0000:08000000}}hi there! {{TAG:0007:0000:10000000}}I'm {{TAG:0005:0001:}}.{{TAG:0007:0000:10000000}} {{TAG:0003:0020:}}It's
good to meet you!{{TAG:0000:0004:}}{{TAG:0003:0024:}}Here's a funny story.{{TAG:0007:0000:10000000}} I was just
camping here when someone invited
me to move here permanently.
{{TAG:0003:0006:}}But then that same person, {{TAG:0007:0000:08000000}}who
shall remain nameless, {{TAG:0007:0000:08000000}}up and
moved away. {{TAG:0003:0007:}}{{TAG:0007:0000:10000000}}How rude!
{{TAG:0003:0027:}}Anyway, {{TAG:0007:0000:08000000}}now that I'm a real
{{TAG:0005:0006:}} resident, {{TAG:0007:0000:08000000}}we should hang
out!{{TAG:0007:0000:10000000}} {{TAG:000E:0003:}}{{TAG:0005:0007:}}!","{{TAG:0003:0010:}}¡Oh, hola! {{TAG:0007:0000:10000000}}Me llamo {{TAG:0005:0001:}}.{{TAG:0007:0000:10000000}} {{TAG:0003:0020:}}
Es un placer conocerte.{{TAG:0000:0004:}}{{TAG:0003:0024:}}Me he mudado aquí porque alguien
me invitó cuando vine a este pueblo
de acampada, ¿sabes?
{{TAG:0003:0006:}}¡Qué sorpresa me he llevado hoy
al descubrir que esa persona ya
no vive aquí!
{{TAG:0003:0027:}}Pero bueno, he venido para
quedarme y empezar una nueva
vida, {{TAG:0005:0007:}}.","{{TAG:0003:0001:}}Nous n'avons pas été présenté{{TAG:000E:0006:02007300040065007300}}, je
crois... {{TAG:0007:0000:1E000000}}Je suis {{TAG:0005:0001:}}. {{TAG:0007:0000:1E000000}}Je suis
nouvelle en ville.
{{TAG:0003:0026:}}J'avais sympathisé avec quelqu'un
d'ici alors que je faisais du camping
dans les environs, {{TAG:0005:0007:}}.
{{TAG:0003:0015:}}{{TAG:0007:0000:10000000}}C'est cette personne qui m'a
convaincue de venir habiter à
{{TAG:0005:0005:}}.{{TAG:0007:0000:2D000000}} {{TAG:0003:000A:}}Mais elle a déménagé.
{{TAG:0003:0001:}}Disons que c'est un mal pour un
bien. {{TAG:0007:0000:1E000000}}J'aurai ainsi plus de temps à
consacrer à épanouir notre amitié.","{{TAG:0003:0010:}}Ciao! {{TAG:0007:0000:10000000}}Io sono {{TAG:0005:0001:}}.{{TAG:0007:0000:10000000}} {{TAG:0003:0020:}}Piacere
di conoscerti!{{TAG:0000:0004:}}{{TAG:0003:0024:}}Sai cosa mi è successo?
{{TAG:0007:0000:10000000}}Ero qui in campeggio e qualcuno
mi ha convinta a trasferirmi in città.
{{TAG:0003:0006:}}Solo che questo qualcuno,{{TAG:0007:0000:08000000}}
di cui non voglio fare il nome, {{TAG:0007:0000:08000000}}ha
lasciato la città. {{TAG:0003:0007:}}{{TAG:0007:0000:10000000}}Dico... che modi!!!
{{TAG:0003:0027:}}Beh, {{TAG:0007:0000:08000000}}almeno tu sei rimast{{TAG:000E:0006:02006F0002006100}} qui
{{TAG:000E:0010:}} {{TAG:0005:0006:}}.{{TAG:0007:0000:0F000000}} Dai, {{TAG:0003:0001:}}rivediamoci
presto! {{TAG:0007:0000:0F000000}}{{TAG:000E:0003:}}{{TAG:0005:0007:}}!","{{TAG:0003:0010:}}Oh, {{TAG:0007:0000:08000000}}ich grüße dich!{{TAG:0007:0000:14000000}}
Ich bin {{TAG:0005:0001:}}.{{TAG:0000:0004:}}{{TAG:0003:0024:}}Ich war vor einiger Zeit zum Campen
hier.{{TAG:0007:0000:14000000}} Damals sagte jemand, dass ich
doch gleich hierher umziehen könne.
{{TAG:0003:0006:}}Und als ich mich dann entschließe,{{TAG:0007:0000:08000000}}
ist ebendiese Person selbst schon
woanders hingezogen!{{TAG:0007:0000:28000000}}{{TAG:0003:0007:}} Unfassbar!
{{TAG:0003:0024:}}Aber nun wohne ich in {{TAG:0005:0006:}}
und mache das Beste daraus,
{{TAG:0007:0000:08000000}}{{TAG:0005:0007:}}!","{{TAG:0003:0010:}}Aa, {{TAG:0007:0000:08000000}}merhaba! {{TAG:0007:0000:10000000}}Ben {{TAG:0005:0001:}}.{{TAG:0007:0000:10000000}} {{TAG:0003:0020:}}Tanıştığımıza
sevindim!{{TAG:0000:0004:}}{{TAG:0003:0024:}}Komik bir hikâye var.{{TAG:0007:0000:10000000}} Burada kamp
yaparken biri beni kalıcı olarak
taşınmaya davet etti.
{{TAG:0003:0006:}}Sonra adı lazım değil o kişi, {{TAG:0007:0000:08000000}}bir
güzel {{TAG:0007:0000:08000000}}çekip taşındı. {{TAG:0003:0007:}}{{TAG:0007:0000:10000000}}Ne kabalık!
{{TAG:0003:0027:}}Neyse, {{TAG:0007:0000:08000000}}artık gerçek bir {{TAG:0005:0006:}} sakini
olduğuma göre, {{TAG:0007:0000:08000000}}bir ara takılalım!{{TAG:0007:0000:10000000}} {{TAG:000E:0003:}}{{TAG:0005:0007:}}!"
37,038,"{{TAG:0003:0010:}}Oh, {{TAG:0007:0000:08000000}}hi there! {{TAG:0007:0000:10000000}}I'm {{TAG:0005:0001:}}.{{TAG:0007:0000:10000000}} {{TAG:0003:0020:}}It's
good to meet you!{{TAG:0000:0004:}}{{TAG:0003:0024:}}Here's a funny story.{{TAG:0007:0000:10000000}} I used to live
in a different town, {{TAG:0007:0000:08000000}}but then
someone invited me to move here.
{{TAG:0003:0006:}}And then that same person, {{TAG:0007:0000:08000000}}who
shall remain nameless, {{TAG:0007:0000:08000000}}up and
moved away. {{TAG:0003:0007:}}{{TAG:0007:0000:10000000}}How rude!
{{TAG:0003:0027:}}Anyway, {{TAG:0007:0000:08000000}}now that I'm a real
{{TAG:0005:0006:}} resident, {{TAG:0007:0000:08000000}}we should hang
out!{{TAG:0007:0000:10000000}} {{TAG:000E:0003:}}{{TAG:0005:0007:}}!","{{TAG:0003:0010:}}¡Huy, hola! {{TAG:0007:0000:10000000}}Soy {{TAG:0005:0001:}}.{{TAG:0007:0000:10000000}} {{TAG:0003:0020:}}Acabo
de mudarme a {{TAG:000E:0003:}}{{TAG:0005:0005:}}.{{TAG:0000:0004:}}{{TAG:0003:0024:}}Me invitó una persona que conocí
en mi antiguo pueblo, pero resulta
que ya no vive aquí.
{{TAG:0003:0006:}}¡Menuda falta de respeto no
avisarme de que se mudaba!{{TAG:0000:0004:}}{{TAG:0003:0027:}}En fin, aunque he empezado con mal
pie, estoy segura de aquí seré muy
feliz, {{TAG:0005:0007:}}.","{{TAG:0003:0001:}}Nous n'avons pas été présenté{{TAG:000E:0006:02007300040065007300}}, je
crois... {{TAG:0007:0000:1E000000}}Je suis {{TAG:0005:0001:}}. {{TAG:0007:0000:1E000000}}Je viens
d'emménager, {{TAG:0005:0007:}}.
{{TAG:0003:0026:}}Quand je vivais encore dans la ville
dont je suis originaire, j'ai
sympathisé avec quelqu'un d'ici.
{{TAG:0003:0015:}}{{TAG:0007:0000:10000000}}C'est cette personne qui m'a
convaincue de venir habiter à
{{TAG:0005:0005:}}.{{TAG:0007:0000:2D000000}} {{TAG:0003:000A:}}Mais elle a déménagé.
{{TAG:0003:0001:}}Disons que c'est un mal pour un
bien. {{TAG:0007:0000:1E000000}}J'aurai ainsi plus de temps à
consacrer à épanouir notre amitié.","{{TAG:0003:0010:}}Ciao! {{TAG:0007:0000:10000000}}Io sono {{TAG:0005:0001:}}.{{TAG:0007:0000:10000000}} {{TAG:0003:0020:}}Piacere
di conoscerti!{{TAG:0000:0004:}}{{TAG:0003:0024:}}Sai cosa mi è successo?{{TAG:0007:0000:10000000}} Abitavo
in un'altra città, quando qualcuno
mi ha convinta a trasferirmi qui.
{{TAG:0003:0006:}}Solo che questo qualcuno,{{TAG:0007:0000:08000000}}
di cui non voglio fare il nome, {{TAG:0007:0000:08000000}}ha
lasciato la città. {{TAG:0003:0007:}}{{TAG:0007:0000:10000000}}Dico... che modi!!!
{{TAG:0003:0027:}}Beh, {{TAG:0007:0000:08000000}}almeno tu sei rimast{{TAG:000E:0006:02006F0002006100}} qui
{{TAG:000E:0010:}} {{TAG:0005:0006:}}.{{TAG:0007:0000:0F000000}} Dai, {{TAG:0003:0001:}}rivediamoci
presto! {{TAG:0007:0000:0F000000}}{{TAG:000E:0003:}}{{TAG:0005:0007:}}!","{{TAG:0003:0010:}}Oh,{{TAG:0007:0000:08000000}} ich grüße dich!{{TAG:0007:0000:14000000}}
Ich heiße {{TAG:0005:0001:}}.{{TAG:0007:0000:14000000}}
{{TAG:0003:0020:}}Freut mich, dich kennenzulernen!
{{TAG:0003:0024:}}Ich bin aus einer anderen Stadt
hergezogen, nachdem mich jemand
hierher eingeladen hat.
{{TAG:0003:0006:}}Und als ich ankomme, stelle ich
fest, dass ebenjene Person selbst
schon wieder weggezogen ist!
{{TAG:0003:0007:}}Das ist doch nicht zu fassen!{{TAG:0007:0000:28000000}}
{{TAG:0003:0024:}}Allerdings gefällt es mir natürlich
trotzdem hier.
Ich hoffe, wir beide lernen uns im
Laufe der Zeit auch besser kennen,{{TAG:0007:0000:08000000}}
{{TAG:0005:0007:}}!","{{TAG:0003:0010:}}Aa, {{TAG:0007:0000:08000000}}merhaba! {{TAG:0007:0000:10000000}}Ben {{TAG:0005:0001:}}.{{TAG:0007:0000:10000000}} {{TAG:0003:0020:}}Tanıştığımıza
sevindim!{{TAG:0000:0004:}}{{TAG:0003:0024:}}Komik bir hikâye var.{{TAG:0007:0000:10000000}} Başka bir
kasabada yaşıyordum, {{TAG:0007:0000:08000000}}sonra biri beni
buraya taşınmaya davet etti.
{{TAG:0003:0006:}}Ardından adı lazım değil o kişi, {{TAG:0007:0000:08000000}}bir
güzel {{TAG:0007:0000:08000000}}çekip taşındı. {{TAG:0003:0007:}}{{TAG:0007:0000:10000000}}Ne kabalık!
{{TAG:0003:0027:}}Neyse, {{TAG:0007:0000:08000000}}artık gerçek bir {{TAG:0005:0006:}} sakini
olduğuma göre, {{TAG:0007:0000:08000000}}bir ara takılalım!{{TAG:0007:0000:10000000}} {{TAG:000E:0003:}}{{TAG:0005:0007:}}!"
38,039,"{{TAG:0003:0010:}}Oh, {{TAG:0007:0000:08000000}}hi there! {{TAG:0007:0000:10000000}}I'm {{TAG:0005:0001:}}.{{TAG:0007:0000:10000000}} {{TAG:0003:0020:}}It's
good to meet you!{{TAG:0000:0004:}}{{TAG:0003:0024:}}Here's a funny story.{{TAG:0007:0000:10000000}} I was just
camping here when someone invited
me to move here permanently.
{{TAG:0003:0006:}}But then that same person, {{TAG:0007:0000:08000000}}who
shall remain nameless, {{TAG:0007:0000:08000000}}up and
moved away. {{TAG:0003:0007:}}{{TAG:0007:0000:10000000}}How rude!
{{TAG:0003:0027:}}Anyway, {{TAG:0007:0000:08000000}}now that I'm a real
{{TAG:0005:0006:}} resident, {{TAG:0007:0000:08000000}}we should hang
out!{{TAG:0007:0000:10000000}} {{TAG:000E:0003:}}{{TAG:0005:0007:}}!","{{TAG:0003:0010:}}¡Oh, hola! {{TAG:0007:0000:10000000}}Permíteme que me
presente. Soy {{TAG:0005:0001:}}, mucho
gusto.
{{TAG:0003:0024:}}¿Sabías que me he mudado a este
pueblo porque alguien me invitó
a hacerlo?
{{TAG:0003:0006:}}Pues sí, y nada más llegar me
entero de que esa persona ya
no vive aquí. {{TAG:0003:0007:}}{{TAG:0007:0000:10000000}}¡Qué fastidio!
{{TAG:0003:0027:}}Bueno, espero poder hacer nuevos
amigos en {{TAG:000E:0003:}}{{TAG:0005:0005:}}, empezando
por ti, si quieres...","{{TAG:0003:0001:}}Nous n'avons pas été présenté{{TAG:000E:0006:02007300040065007300}}, je
crois... {{TAG:0007:0000:1E000000}}Je suis {{TAG:0005:0001:}}. {{TAG:0007:0000:1E000000}}Je suis
nouvelle en ville.
{{TAG:0003:0026:}}J'avais sympathisé avec quelqu'un
d'ici alors que je faisais du camping
dans les environs, {{TAG:0005:0007:}}.
{{TAG:0003:0015:}}{{TAG:0007:0000:10000000}}C'est cette personne qui m'a
convaincue de venir habiter à
{{TAG:0005:0005:}}.{{TAG:0007:0000:2D000000}} {{TAG:0003:000A:}}Mais elle a déménagé.
{{TAG:0003:0026:}}Quoi qu'il en soit, {{TAG:0007:0000:10000000}}maintenant que
toi et moi sommes voisin{{TAG:000E:0006:02007300040065007300}},{{TAG:0007:0000:10000000}} nous
pourrions devenir ami{{TAG:000E:0006:02007300040065007300}}...","{{TAG:0003:0010:}}Ciao! {{TAG:0007:0000:10000000}}Io sono {{TAG:0005:0001:}}.{{TAG:0007:0000:10000000}} {{TAG:0003:0020:}}Piacere
di conoscerti!{{TAG:0000:0004:}}{{TAG:0003:0024:}}Sai cosa mi è successo?
{{TAG:0007:0000:10000000}}Ero qui in campeggio e qualcuno
mi ha convinta a trasferirmi in città.
{{TAG:0003:0006:}}Solo che questo qualcuno,{{TAG:0007:0000:08000000}}
di cui non voglio fare il nome, {{TAG:0007:0000:08000000}}ha
lasciato la città. {{TAG:0003:0007:}}{{TAG:0007:0000:10000000}}Dico... che modi!!!
{{TAG:0003:0027:}}Beh, {{TAG:0007:0000:08000000}}almeno tu sei rimast{{TAG:000E:0006:02006F0002006100}} qui
{{TAG:000E:0010:}} {{TAG:0005:0006:}}.{{TAG:0007:0000:0F000000}} Dai, {{TAG:0003:0001:}}rivediamoci
presto! {{TAG:0007:0000:0F000000}}{{TAG:000E:0003:}}{{TAG:0005:0007:}}!","{{TAG:0003:0010:}}Oh!{{TAG:0007:0000:28000000}} Ich grüße dich!{{TAG:0007:0000:14000000}}
Ich bin {{TAG:0005:0001:}}.{{TAG:0007:0000:14000000}}
{{TAG:0003:0020:}}Schön, dich kennenzulernen!
{{TAG:0003:0024:}}Ich bin erst kürzlich hergezogen,
nachdem mir jemand erzählt hat,
wie schön es hier ist.
{{TAG:0003:0006:}}Aber als ich hergekommen bin,
war dieser Jemand schon wieder
weggezogen!
{{TAG:0003:0025:}}Nun ja!{{TAG:0007:0000:14000000}} {{TAG:000E:0003:}}{{TAG:0005:0006:}} gefällt mir aber
ganz gut.{{TAG:0007:0000:14000000}} Und vielleicht können wir
beide uns ja besser kennenlernen!","{{TAG:0003:0010:}}Aa, {{TAG:0007:0000:08000000}}merhaba! {{TAG:0007:0000:10000000}}Ben {{TAG:0005:0001:}}.{{TAG:0007:0000:10000000}} {{TAG:0003:0020:}}Tanıştığımıza
sevindim!{{TAG:0000:0004:}}{{TAG:0003:0024:}}Komik bir hikâye var.{{TAG:0007:0000:10000000}} Burada kamp
yaparken biri beni kalıcı olarak
taşınmaya davet etti.
{{TAG:0003:0006:}}Sonra adı lazım değil o kişi, {{TAG:0007:0000:08000000}}bir
güzel {{TAG:0007:0000:08000000}}çekip taşındı. {{TAG:0003:0007:}}{{TAG:0007:0000:10000000}}Ne kabalık!
{{TAG:0003:0027:}}Neyse, {{TAG:0007:0000:08000000}}artık gerçek bir {{TAG:0005:0006:}} sakini
olduğuma göre, {{TAG:0007:0000:08000000}}bir ara takılalım!{{TAG:0007:0000:10000000}} {{TAG:000E:0003:}}{{TAG:0005:0007:}}!"
39,040,"{{TAG:0003:0010:}}Oh, {{TAG:0007:0000:08000000}}hi there! {{TAG:0007:0000:10000000}}I'm {{TAG:0005:0001:}}.{{TAG:0007:0000:10000000}} {{TAG:0003:0020:}}It's
good to meet you!{{TAG:0000:0004:}}{{TAG:0003:0024:}}Here's a funny story.{{TAG:0007:0000:10000000}} I used to live
in a different town, {{TAG:0007:0000:08000000}}but then
someone invited me to move here.
{{TAG:0003:0006:}}And then that same person, {{TAG:0007:0000:08000000}}who
shall remain nameless, {{TAG:0007:0000:08000000}}up and
moved away. {{TAG:0003:0007:}}{{TAG:0007:0000:10000000}}How rude!
{{TAG:0003:0027:}}Anyway, {{TAG:0007:0000:08000000}}now that I'm a real
{{TAG:0005:0006:}} resident, {{TAG:0007:0000:08000000}}we should hang
out!{{TAG:0007:0000:10000000}} {{TAG:000E:0003:}}{{TAG:0005:0007:}}!","{{TAG:0003:0010:}}¡Huy, tengo visita! {{TAG:0007:0000:10000000}}Hola, me llamo
{{TAG:0005:0001:}}.{{TAG:0007:0000:10000000}} {{TAG:0003:0020:}}Encantada.{{TAG:0000:0004:}}{{TAG:0003:0024:}}Me he mudado a este pueblo porque
alguien me invitó, ¿sabes?{{TAG:0007:0000:14000000}} Me hizo
mucha ilusión.
{{TAG:0003:001B:}}Aunque no me esperaba que al llegar
aquí, esa persona ya no estuviese,
en fin...
{{TAG:0003:0027:}}Espero hacer nuevo amigos aquí.{{TAG:0007:0000:14000000}}
Podríamos quedar para charlar
algún día, si te apetece.","{{TAG:0003:0001:}}Nous n'avons pas été présenté{{TAG:000E:0006:02007300040065007300}}, je
crois... {{TAG:0007:0000:1E000000}}Je suis {{TAG:0005:0001:}}. {{TAG:0007:0000:1E000000}}Je viens
d'emménager, {{TAG:0005:0007:}}.
{{TAG:0003:0026:}}Quand je vivais encore dans la ville
dont je suis originaire, j'ai
sympathisé avec quelqu'un d'ici.
{{TAG:0003:0015:}}{{TAG:0007:0000:10000000}}C'est cette personne qui m'a
convaincue de venir habiter à
{{TAG:0005:0005:}}.{{TAG:0007:0000:2D000000}} {{TAG:0003:000A:}}Mais elle a déménagé.
{{TAG:0003:0026:}}Quoi qu'il en soit, {{TAG:0007:0000:10000000}}maintenant que
toi et moi sommes voisin{{TAG:000E:0006:02007300040065007300}},{{TAG:0007:0000:10000000}} nous
pourrions devenir ami{{TAG:000E:0006:02007300040065007300}}...","{{TAG:0003:0010:}}Ciao! {{TAG:0007:0000:10000000}}Io sono {{TAG:0005:0001:}}.
{{TAG:0007:0000:10000000}}{{TAG:0003:0020:}}Piacere di conoscerti!{{TAG:0000:0004:}}{{TAG:0003:0024:}}Sai cosa mi è successo?{{TAG:0007:0000:10000000}} Abitavo
in un'altra città, quando qualcuno
mi ha convinta a trasferirmi qui.
{{TAG:0003:0006:}}Solo che questo qualcuno,{{TAG:0007:0000:08000000}}
di cui non voglio fare il nome, {{TAG:0007:0000:08000000}}ha
lasciato la città. {{TAG:0003:0007:}}{{TAG:0007:0000:10000000}}Dico... che modi!!!
{{TAG:0003:0027:}}Beh, {{TAG:0007:0000:08000000}}almeno tu sei rimast{{TAG:000E:0006:02006F0002006100}} qui
{{TAG:000E:0010:}} {{TAG:0005:0006:}}.{{TAG:0007:0000:0F000000}} Dai, {{TAG:0003:0001:}}rivediamoci
presto! {{TAG:0007:0000:0F000000}}{{TAG:000E:0003:}}{{TAG:0005:0007:}}!","{{TAG:0003:0010:}}Oh!{{TAG:0007:0000:28000000}} Ich grüße dich!{{TAG:0007:0000:14000000}}
Ich bin {{TAG:0005:0001:}}.{{TAG:0007:0000:14000000}}
{{TAG:0003:0020:}}Angenehm!
{{TAG:0003:0024:}}Weißt du,{{TAG:0007:0000:08000000}} ich habe mir einreden
lassen, nach {{TAG:0005:0006:}} umzuziehen.{{TAG:0000:0004:}}{{TAG:0003:0006:}}Und als ich es dann gemacht habe,
war die Person, die mich überredet
hat, selbst weggezogen!
Wie enttäuschend!{{TAG:0007:0000:28000000}} {{TAG:0003:0025:}}Aber wenigstens
gibt es hier viele nette Leute,
{{TAG:0007:0000:08000000}}{{TAG:0005:0007:}}!","{{TAG:0003:0010:}}Aa, {{TAG:0007:0000:08000000}}merhaba! {{TAG:0007:0000:10000000}}Ben {{TAG:0005:0001:}}.{{TAG:0007:0000:10000000}} {{TAG:0003:0020:}}Tanıştığımıza
sevindim!{{TAG:0000:0004:}}{{TAG:0003:0024:}}Komik bir hikâye var.{{TAG:0007:0000:10000000}} Başka bir
kasabada yaşıyordum, {{TAG:0007:0000:08000000}}sonra biri beni
buraya taşınmaya davet etti.
{{TAG:0003:0006:}}Ardından adı lazım değil o kişi, {{TAG:0007:0000:08000000}}bir
güzel {{TAG:0007:0000:08000000}}çekip taşındı. {{TAG:0003:0007:}}{{TAG:0007:0000:10000000}}Ne kabalık!
{{TAG:0003:0027:}}Neyse, {{TAG:0007:0000:08000000}}artık gerçek bir {{TAG:0005:0006:}} sakini
olduğuma göre, {{TAG:0007:0000:08000000}}bir ara takılalım!{{TAG:0007:0000:10000000}} {{TAG:000E:0003:}}{{TAG:0005:0007:}}!"
40,041,"{{TAG:0003:0020:}}Hello, {{TAG:0007:0000:08000000}}I'm {{TAG:0005:0001:}}.{{TAG:0007:0000:10000000}} {{TAG:0003:0017:}}We haven't
met before,{{TAG:0007:0000:08000000}} have we?{{TAG:0000:0004:}}{{TAG:0003:0024:}}Here's a funny story.{{TAG:0007:0000:10000000}} I was just
camping here when someone invited
me to move here permanently.
{{TAG:0003:0006:}}But then that same person, {{TAG:0007:0000:08000000}}who
shall remain nameless, {{TAG:0007:0000:08000000}}up and
moved away. {{TAG:0003:0007:}}{{TAG:0007:0000:10000000}}How rude!
{{TAG:0003:001B:}}Anyway, {{TAG:0007:0000:08000000}}that's ancient history. {{TAG:0007:0000:10000000}}{{TAG:0003:0001:}}Now
I'm an official {{TAG:0005:0006:}} resident,{{TAG:0007:0000:08000000}}
so we should hang out sometime!","{{TAG:0003:0020:}}Hola, {{TAG:0007:0000:08000000}}soy {{TAG:0005:0001:}}.{{TAG:0007:0000:10000000}} {{TAG:0003:0017:}}No te había
visto antes, ¿verdad?{{TAG:0000:0004:}}{{TAG:0003:0024:}}Hace una semana que vivo aquí.
Decidí trasladarme cuando alguien
me invitó.
{{TAG:0003:0006:}}¡Qué decepción cuando descubrí
al llegar que esa persona ya no
vive en este pueblo!
{{TAG:0003:0015:}}Pero bueno, yo siempre supero
las adversidades. {{TAG:0007:0000:14000000}}Estoy convencida
de que aquí seré muy feliz.","{{TAG:0003:0001:}}Nous n'avons pas été présenté{{TAG:000E:0006:02007300040065007300}}, je
crois... {{TAG:0007:0000:1E000000}}Je suis {{TAG:0005:0001:}}. {{TAG:0007:0000:1E000000}}Ravie de
faire ta connaissance.
{{TAG:0003:0026:}}J'avais sympathisé avec quelqu'un
d'ici alors que je faisais du camping
dans les environs.
{{TAG:0003:0015:}}{{TAG:0007:0000:10000000}}C'est cette personne qui m'a
convaincue de venir habiter à
{{TAG:0005:0005:}}.{{TAG:0007:0000:2D000000}} {{TAG:0003:000A:}}Mais elle a déménagé.
{{TAG:0003:0026:}}Quoi qu'il en soit, {{TAG:0007:0000:10000000}}maintenant que
toi et moi sommes voisin{{TAG:000E:0006:02007300040065007300}},{{TAG:0007:0000:10000000}} nous
pourrions devenir ami{{TAG:000E:0006:02007300040065007300}}...","{{TAG:0003:0010:}}Ciao! {{TAG:0007:0000:10000000}}Io sono {{TAG:0005:0001:}}.
{{TAG:0007:0000:10000000}}{{TAG:0003:0020:}}Piacere di conoscerti!{{TAG:0000:0004:}}{{TAG:0003:0024:}}Sai cosa mi è successo?
{{TAG:0007:0000:10000000}}Ero qui in campeggio e qualcuno
mi ha convinta a trasferirmi in città.
{{TAG:0003:0006:}}Solo che questo qualcuno,{{TAG:0007:0000:08000000}}
di cui non voglio fare il nome, {{TAG:0007:0000:08000000}}ha
lasciato la città. {{TAG:0003:0007:}}{{TAG:0007:0000:10000000}}Dico... che modi!!!
{{TAG:0003:0027:}}Beh, {{TAG:0007:0000:08000000}}ormai è acqua passata. {{TAG:0007:0000:0F000000}}Almeno
tu sei rimast{{TAG:000E:0006:02006F0002006100}} qui {{TAG:000E:0010:}} {{TAG:0005:0006:}}.{{TAG:0007:0000:0F000000}}
{{TAG:0003:0001:}}Rivediamoci presto! {{TAG:0007:0000:0F000000}}{{TAG:000E:0003:}}{{TAG:0005:0007:}}!","{{TAG:0003:0020:}}Ich grüße dich!{{TAG:0007:0000:28000000}} Wir kennen uns noch
gar nicht{{TAG:0007:0000:08000000}}.{{TAG:0007:0000:08000000}}.{{TAG:0007:0000:08000000}}.{{TAG:0007:0000:14000000}} Ich bin {{TAG:0005:0001:}}.{{TAG:0007:0000:14000000}}
Schön, dich kennenzulernen!
{{TAG:0003:0024:}}Ach,{{TAG:0007:0000:08000000}} ich habe mir beim Campen von
jemandem hier einreden lassen,
nach {{TAG:0005:0006:}} umzuziehen.
{{TAG:0003:0006:}}Und als ich dann hier ankam, war
die Person, die mich überredet hat,
selbst weggezogen!
Enttäuschend!{{TAG:0007:0000:14000000}} {{TAG:0003:0025:}}Aber es gibt zum
Glück noch viele andere nette Leute
hier,{{TAG:0007:0000:08000000}} {{TAG:0005:0007:}}!","{{TAG:0003:0020:}}Merhaba, {{TAG:0007:0000:08000000}}ben {{TAG:0005:0001:}}.{{TAG:0007:0000:10000000}} {{TAG:0003:0017:}}Daha önce tanışmadık,{{TAG:0007:0000:08000000}}
değil mi?{{TAG:0000:0004:}}{{TAG:0003:0024:}}Komik bir hikâye var.{{TAG:0007:0000:10000000}} Burada kamp
yaparken biri beni kalıcı olarak
taşınmaya davet etti.
{{TAG:0003:0006:}}Sonra adı lazım değil o kişi, {{TAG:0007:0000:08000000}}bir
güzel {{TAG:0007:0000:08000000}}çekip taşındı. {{TAG:0003:0007:}}{{TAG:0007:0000:10000000}}Ne kabalık!
{{TAG:0003:001B:}}Neyse, {{TAG:0007:0000:08000000}}o artık eski mesele. {{TAG:0007:0000:10000000}}{{TAG:0003:0001:}}Artık
resmen {{TAG:0005:0006:}} sakiniyim,{{TAG:0007:0000:08000000}} bir ara takılalım!"
41,042,"{{TAG:0003:0020:}}Hello, {{TAG:0007:0000:08000000}}I'm {{TAG:0005:0001:}}.{{TAG:0007:0000:10000000}} {{TAG:0003:0017:}}We haven't
met before,{{TAG:0007:0000:08000000}} have we?{{TAG:0000:0004:}}{{TAG:0003:0024:}}Here's a funny story.{{TAG:0007:0000:10000000}} I used to live
in a different town, {{TAG:0007:0000:08000000}}but then
someone invited me to move here.
{{TAG:0003:0006:}}And then that same person, {{TAG:0007:0000:08000000}}who
shall remain nameless, {{TAG:0007:0000:08000000}}up and
moved away. {{TAG:0003:0007:}}{{TAG:0007:0000:10000000}}How rude!
{{TAG:0003:001B:}}Anyway, {{TAG:0007:0000:08000000}}that's ancient history. {{TAG:0007:0000:10000000}}{{TAG:0003:0001:}}Now
I'm an official {{TAG:0005:0006:}} resident,{{TAG:0007:0000:08000000}}
so we should hang out sometime!","{{TAG:0003:0020:}}¡Hola! ¿Nos conocemos?
Soy {{TAG:0005:0001:}},{{TAG:0007:0000:10000000}} encantada.{{TAG:0000:0004:}}{{TAG:0003:0024:}}Me trasladé a este pueblo hace
una semana.{{TAG:0007:0000:14000000}} Alguien me invitó y
no pude negarme.
{{TAG:0003:001B:}}Es una pena que esa persona ya
no esté aquí, {{TAG:0007:0000:08000000}}cosas que pasan.{{TAG:0000:0004:}}{{TAG:0003:0001:}}Bueno, ya nos veremos por el
pueblo, vecin{{TAG:000E:0006:02006F0002006100}}.","{{TAG:0003:0001:}}Nous n'avons pas été présenté{{TAG:000E:0006:02007300040065007300}}, je
crois... {{TAG:0007:0000:1E000000}}Je suis {{TAG:0005:0001:}}. {{TAG:0007:0000:1E000000}}Ravie de
faire ta connaissance.
{{TAG:0003:0026:}}Quand je vivais encore dans la ville
dont je suis originaire, j'ai
sympathisé avec quelqu'un d'ici.
{{TAG:0003:0015:}}{{TAG:0007:0000:10000000}}C'est cette personne qui m'a
convaincue de venir habiter à
{{TAG:0005:0005:}}.{{TAG:0007:0000:2D000000}} {{TAG:0003:000A:}}Mais elle a déménagé.
{{TAG:0003:0026:}}Quoi qu'il en soit, {{TAG:0007:0000:10000000}}maintenant que
toi et moi sommes voisin{{TAG:000E:0006:02007300040065007300}},{{TAG:0007:0000:10000000}} nous
pourrions devenir ami{{TAG:000E:0006:02007300040065007300}}...","{{TAG:0003:0010:}}Ciao! {{TAG:0007:0000:10000000}}Io sono {{TAG:0005:0001:}}.
{{TAG:0007:0000:10000000}}{{TAG:0003:0020:}}Piacere di conoscerti!{{TAG:0000:0004:}}{{TAG:0003:0024:}}Sai cosa mi è successo?{{TAG:0007:0000:10000000}} Abitavo
in un'altra città, quando qualcuno
mi ha convinta a trasferirmi qui.
{{TAG:0003:0006:}}Solo che questo qualcuno,{{TAG:0007:0000:08000000}}
di cui non voglio fare il nome, {{TAG:0007:0000:08000000}}ha
lasciato la città. {{TAG:0003:0007:}}{{TAG:0007:0000:10000000}}Dico... che modi!!!
{{TAG:0003:0027:}}Beh, {{TAG:0007:0000:08000000}}ormai è acqua passata. {{TAG:0007:0000:0F000000}}Almeno
tu sei rimast{{TAG:000E:0006:02006F0002006100}} qui {{TAG:000E:0010:}} {{TAG:0005:0006:}}.{{TAG:0007:0000:0F000000}}
{{TAG:0003:0001:}}Rivediamoci presto! {{TAG:0007:0000:0F000000}}{{TAG:000E:0003:}}{{TAG:0005:0007:}}!","{{TAG:0003:0010:}}Oh! {{TAG:0007:0000:28000000}}Sei gegrüßt!{{TAG:0007:0000:14000000}}
Ich heiße {{TAG:0005:0001:}}.{{TAG:0000:0004:}}{{TAG:0003:0024:}}Weißt du,{{TAG:0007:0000:08000000}} ich habe mir tatsächlich
einreden lassen, nach {{TAG:0005:0006:}}
umzuziehen.
{{TAG:0003:0006:}}Aber die Person, die mich überredet
hat, ist selbst weggezogen!
{{TAG:0007:0000:28000000}}Unfassbar!
{{TAG:0003:0025:}}Aber inzwischen ist das nicht mehr
wichtig.{{TAG:0007:0000:14000000}} Denn ich fühle mich richtig
wohl hier, {{TAG:0007:0000:08000000}}{{TAG:0005:0007:}}!","{{TAG:0003:0020:}}Merhaba, {{TAG:0007:0000:08000000}}ben {{TAG:0005:0001:}}.{{TAG:0007:0000:10000000}} {{TAG:0003:0017:}}Daha önce tanışmadık,{{TAG:0007:0000:08000000}}
değil mi?{{TAG:0000:0004:}}{{TAG:0003:0024:}}Komik bir hikâye var.{{TAG:0007:0000:10000000}} Başka bir
kasabada yaşıyordum, {{TAG:0007:0000:08000000}}sonra biri beni
buraya taşınmaya davet etti.
{{TAG:0003:0006:}}Ardından adı lazım değil o kişi, {{TAG:0007:0000:08000000}}bir
güzel {{TAG:0007:0000:08000000}}çekip taşındı. {{TAG:0003:0007:}}{{TAG:0007:0000:10000000}}Ne kabalık!
{{TAG:0003:001B:}}Neyse, {{TAG:0007:0000:08000000}}o artık eski mesele. {{TAG:0007:0000:10000000}}{{TAG:0003:0001:}}Artık
resmen {{TAG:0005:0006:}} sakiniyim,{{TAG:0007:0000:08000000}} bir ara takılalım!"
42,043,"{{TAG:0003:0020:}}Hello, {{TAG:0007:0000:08000000}}I'm {{TAG:0005:0001:}}.{{TAG:0007:0000:10000000}} {{TAG:0003:0017:}}We haven't
met before,{{TAG:0007:0000:08000000}} have we?{{TAG:0000:0004:}}{{TAG:0003:000B:}}That's kind of funny{{TAG:0007:0000:08000000}}.{{TAG:0007:0000:08000000}}.{{TAG:0007:0000:08000000}}.{{TAG:0007:0000:08000000}} I've been
living here in {{TAG:0005:0006:}} for a few
weeks now{{TAG:0007:0000:08000000}}.{{TAG:0007:0000:08000000}}.{{TAG:0007:0000:08000000}}.{{TAG:0007:0000:08000000}}
{{TAG:0003:0024:}}Anyway,{{TAG:0007:0000:08000000}} I was just camping here
when someone invited me to move
here permanently.
{{TAG:0003:0006:}}And then that same person, {{TAG:0007:0000:08000000}}who
shall remain nameless, {{TAG:0007:0000:08000000}}up and
moved away. {{TAG:0003:0007:}}{{TAG:0007:0000:10000000}}How rude!
{{TAG:0003:001B:}}Well, {{TAG:0007:0000:08000000}}that's ancient history. {{TAG:0007:0000:10000000}}{{TAG:0003:0001:}}Now I'm
an official {{TAG:0005:0006:}} resident,{{TAG:0007:0000:08000000}} so
we should hang out sometime!","{{TAG:0003:0020:}}¡Ay, hola! Aún no nos hemos
presentado, soy {{TAG:0005:0001:}}.{{TAG:0000:0004:}}{{TAG:0003:000B:}}Es curioso, hace dos semanas
que vivo en {{TAG:000E:0003:}}{{TAG:0005:0005:}} y aún no
te había visto{{TAG:0007:0000:08000000}}.{{TAG:0007:0000:08000000}}.{{TAG:0007:0000:08000000}}.{{TAG:0007:0000:08000000}}
{{TAG:0003:0024:}}¿Sabes que me mudé porque un
residente de este pueblo me invitó?
Como lo oyes.
{{TAG:0003:0006:}}Lo malo es que cuando llegué,
me enteré de que esa persona
se había marchado.
{{TAG:0003:001B:}}Pero bueno, haré nuevos amigos.{{TAG:0007:0000:14000000}}
{{TAG:0003:0001:}}Como tú, por ejemplo.{{TAG:0007:0000:14000000}} Pásate a
verme siempre que quieras.","{{TAG:0003:0001:}}Nous n'avons pas été présenté{{TAG:000E:0006:02007300040065007300}}...
{{TAG:0007:0000:1E000000}}Mon nom est {{TAG:0005:0001:}}. {{TAG:0007:0000:1E000000}}J'ai
emménagé il y a quelques semaines.
{{TAG:0003:0026:}}J'avais sympathisé avec quelqu'un
d'ici alors que je faisais du camping
dans les environs.
{{TAG:0003:0015:}}{{TAG:0007:0000:10000000}}C'est cette personne qui m'a
convaincue de venir habiter à
{{TAG:0005:0005:}}.{{TAG:0007:0000:2D000000}} {{TAG:0003:000A:}}Mais elle a déménagé.
{{TAG:0003:0026:}}Quoi qu'il en soit, {{TAG:0007:0000:10000000}}maintenant que
toi et moi sommes voisin{{TAG:000E:0006:02007300040065007300}},{{TAG:0007:0000:10000000}} nous
pourrions devenir ami{{TAG:000E:0006:02007300040065007300}}...","{{TAG:0003:0020:}}Ciao, {{TAG:0007:0000:08000000}}io sono {{TAG:0005:0001:}}.{{TAG:0007:0000:10000000}} {{TAG:0003:0017:}}Non ci
eravamo ancora presentat{{TAG:000E:0006:0200690002006500}}, vero?{{TAG:0000:0004:}}{{TAG:0003:000B:}}Strano{{TAG:0007:0000:08000000}}.{{TAG:0007:0000:08000000}}.{{TAG:0007:0000:08000000}}.{{TAG:0007:0000:08000000}} Ormai abito {{TAG:000E:0010:}} {{TAG:0005:0006:}}
da diverse settimane{{TAG:0007:0000:08000000}}.{{TAG:0007:0000:08000000}}.{{TAG:0007:0000:08000000}}.{{TAG:0007:0000:08000000}}{{TAG:0000:0004:}}{{TAG:0003:0024:}}Ma sai cosa mi è successo?
{{TAG:0007:0000:10000000}}Ero qui in campeggio e qualcuno
mi ha convinta a trasferirmi in città.
{{TAG:0003:0006:}}Solo che questo qualcuno,{{TAG:0007:0000:08000000}}
di cui non voglio fare il nome, {{TAG:0007:0000:08000000}}ha
lasciato la città. {{TAG:0003:0007:}}{{TAG:0007:0000:10000000}}Dico... che modi!!!
{{TAG:0003:0027:}}Beh, {{TAG:0007:0000:08000000}}ormai è acqua passata. {{TAG:0007:0000:0F000000}}Almeno
tu sei rimast{{TAG:000E:0006:02006F0002006100}} qui {{TAG:000E:0010:}} {{TAG:0005:0006:}}.{{TAG:0007:0000:0F000000}}
{{TAG:0003:0001:}}Rivediamoci presto! {{TAG:0007:0000:0F000000}}{{TAG:000E:0003:}}{{TAG:0005:0007:}}!","{{TAG:0003:0020:}}Sei gegrüßt!{{TAG:0007:0000:14000000}} {{TAG:0003:000B:}}Wir kennen uns noch
gar nicht, {{TAG:0007:0000:08000000}}oder?{{TAG:0007:0000:28000000}} Ich bin {{TAG:0005:0001:}}.{{TAG:0000:0004:}}{{TAG:0003:0024:}}Ich wohne jetzt seit einigen Wochen
in {{TAG:0005:0006:}}, nachdem mir jemand
beim Campen dazu geraten hatte.
{{TAG:0003:0006:}}Enttäuschend war, dass dieser
Jemand dann selbst schon
weggezogen war, als ich ankam!
{{TAG:0003:001B:}}Aber gut!{{TAG:0007:0000:28000000}} Das ist jetzt auch nicht
mehr wichtig.{{TAG:0007:0000:14000000}}{{TAG:0003:0001:}} {{TAG:000E:0003:}}{{TAG:0005:0006:}} gefällt
mir auch so sehr gut!","{{TAG:0003:0020:}}Merhaba, {{TAG:0007:0000:08000000}}ben {{TAG:0005:0001:}}.{{TAG:0007:0000:10000000}} {{TAG:0003:0017:}}Daha önce tanışmadık,{{TAG:0007:0000:08000000}}
değil mi?{{TAG:0000:0004:}}{{TAG:0003:000B:}}Biraz komik aslında{{TAG:0007:0000:08000000}}.{{TAG:0007:0000:08000000}}.{{TAG:0007:0000:08000000}}.{{TAG:0007:0000:08000000}} Birkaç haftadır
burada, {{TAG:0005:0006:}} kasabasında yaşıyorum{{TAG:0007:0000:08000000}}.{{TAG:0007:0000:08000000}}.{{TAG:0007:0000:08000000}}.{{TAG:0007:0000:08000000}}
{{TAG:0003:0024:}}Neyse,{{TAG:0007:0000:08000000}} burada kamp yaparken biri beni
kalıcı olarak taşınmaya davet etti.
{{TAG:0003:0006:}}Sonra adı lazım değil o kişi, {{TAG:0007:0000:08000000}}bir
güzel {{TAG:0007:0000:08000000}}çekip taşındı. {{TAG:0003:0007:}}{{TAG:0007:0000:10000000}}Ne kabalık!
{{TAG:0003:001B:}}Eh, {{TAG:0007:0000:08000000}}o artık eski mesele. {{TAG:0007:0000:10000000}}{{TAG:0003:0001:}}Artık resmen {{TAG:0005:0006:}}
sakiniyim,{{TAG:0007:0000:08000000}} bir ara takılalım!"
43,044,"{{TAG:0003:0020:}}Hello, {{TAG:0007:0000:08000000}}I'm {{TAG:0005:0001:}}.{{TAG:0007:0000:10000000}} {{TAG:0003:0017:}}We haven't
met before,{{TAG:0007:0000:08000000}} have we?{{TAG:0000:0004:}}{{TAG:0003:000B:}}That's kind of funny{{TAG:0007:0000:08000000}}.{{TAG:0007:0000:08000000}}.{{TAG:0007:0000:08000000}}.{{TAG:0007:0000:08000000}} I've been
living here in {{TAG:0005:0006:}} for a few
weeks now{{TAG:0007:0000:08000000}}.{{TAG:0007:0000:08000000}}.{{TAG:0007:0000:08000000}}.{{TAG:0007:0000:08000000}}
{{TAG:0003:0024:}}Anyway,{{TAG:0007:0000:08000000}} I used to live in a different
town, {{TAG:0007:0000:08000000}}but then someone invited me
to move here.
{{TAG:0003:0006:}}And then that same person, {{TAG:0007:0000:08000000}}who
shall remain nameless, {{TAG:0007:0000:08000000}}up and
moved away. {{TAG:0003:0007:}}{{TAG:0007:0000:10000000}}How rude!
{{TAG:0003:001B:}}Well, {{TAG:0007:0000:08000000}}that's ancient history. {{TAG:0007:0000:10000000}}{{TAG:0003:0001:}}Now I'm
an official {{TAG:0005:0006:}} resident,{{TAG:0007:0000:08000000}} so
we should hang out sometime!","{{TAG:0003:0020:}}¡Ah, hola! {{TAG:0007:0000:08000000}}¿Vives aquí? Yo soy
{{TAG:0005:0001:}}, la nueva residente.
¡Mucho gusto!
{{TAG:0003:000B:}}Me mudé hace un par de semanas
porque alguien me invitó. Me
pareció una gran idea.
{{TAG:0003:001B:}}Es una pena que esa persona ya no
esté aquí, pero no se puede tener
todo, ¿verdad?
{{TAG:0003:0001:}}Estoy ansiosa por hacer nuevos
amigos.{{TAG:0007:0000:14000000}} Me gustaría charlar más
contigo cuando tengas tiempo.","{{TAG:0003:0001:}}Nous n'avons pas été présenté{{TAG:000E:0006:02007300040065007300}}...
{{TAG:0007:0000:1E000000}}Mon nom est {{TAG:0005:0001:}}. {{TAG:0007:0000:1E000000}}J'ai
emménagé il y a quelques semaines.
{{TAG:0003:0026:}}Quand je vivais encore dans la ville
dont je suis originaire, j'ai
sympathisé avec quelqu'un d'ici.
{{TAG:0003:0015:}}{{TAG:0007:0000:10000000}}C'est cette personne qui m'a
convaincue de venir habiter à
{{TAG:0005:0005:}}.{{TAG:0007:0000:2D000000}} {{TAG:0003:000A:}}Mais elle a déménagé.
{{TAG:0003:0026:}}Quoi qu'il en soit, {{TAG:0007:0000:10000000}}maintenant que
toi et moi sommes voisin{{TAG:000E:0006:02007300040065007300}},{{TAG:0007:0000:10000000}} nous
pourrions devenir ami{{TAG:000E:0006:02007300040065007300}}...","{{TAG:0003:0020:}}Ciao, {{TAG:0007:0000:08000000}}io sono {{TAG:0005:0001:}}.{{TAG:0007:0000:10000000}} {{TAG:0003:0017:}}Non ci
eravamo ancora presentat{{TAG:000E:0006:0200690002006500}}, vero?{{TAG:0000:0004:}}{{TAG:0003:000B:}}Strano{{TAG:0007:0000:08000000}}.{{TAG:0007:0000:08000000}}.{{TAG:0007:0000:08000000}}.{{TAG:0007:0000:08000000}} Ormai abito {{TAG:000E:0010:}} {{TAG:0005:0006:}}
da diverse settimane{{TAG:0007:0000:08000000}}.{{TAG:0007:0000:08000000}}.{{TAG:0007:0000:08000000}}.{{TAG:0007:0000:08000000}}{{TAG:0000:0004:}}{{TAG:0003:0024:}}Ma sai cosa mi è successo?{{TAG:0007:0000:10000000}} Abitavo
in un'altra città, quando qualcuno
mi ha convinta a trasferirmi qui.
{{TAG:0003:0006:}}Solo che questo qualcuno,{{TAG:0007:0000:08000000}}
di cui non voglio fare il nome, {{TAG:0007:0000:08000000}}ha
lasciato la città. {{TAG:0003:0007:}}{{TAG:0007:0000:10000000}}Dico... che modi!!!
{{TAG:0003:0027:}}Beh, {{TAG:0007:0000:08000000}}ormai è acqua passata. {{TAG:0007:0000:0F000000}}Almeno
tu sei rimast{{TAG:000E:0006:02006F0002006100}} qui {{TAG:000E:0010:}} {{TAG:0005:0006:}}.{{TAG:0007:0000:0F000000}}
{{TAG:0003:0001:}}Rivediamoci presto! {{TAG:0007:0000:0F000000}}{{TAG:000E:0003:}}{{TAG:0005:0007:}}!","{{TAG:0003:0020:}}Oh!{{TAG:0007:0000:28000000}} Ich grüße dich!{{TAG:0007:0000:14000000}}
Ich heiße {{TAG:0005:0001:}}.{{TAG:0007:0000:14000000}}
{{TAG:0003:0017:}}Kennen wir uns?
{{TAG:0003:0024:}}Ich wohne erst seit ein paar Wochen
in {{TAG:0005:0006:}}. {{TAG:0007:0000:14000000}}Ich wurde eingeladen,
hierher umzuziehen.
{{TAG:0003:0006:}}Und als ich es dann auch getan habe,
war die Person, die mich eingeladen
hat, selbst schon weggezogen!
{{TAG:0003:001B:}}Aber man sollte sich nicht über die
Missgeschicke von gestern ärgern.{{TAG:0000:0004:}}{{TAG:0003:0001:}}Nun wohne ich eben in {{TAG:0005:0006:}}.
{{TAG:0007:0000:14000000}}Und es freut mich, so viele nette
Nachbarn zu haben!","{{TAG:0003:0020:}}Merhaba, {{TAG:0007:0000:08000000}}ben {{TAG:0005:0001:}}.{{TAG:0007:0000:10000000}} {{TAG:0003:0017:}}Daha önce tanışmadık,{{TAG:0007:0000:08000000}}
değil mi?{{TAG:0000:0004:}}{{TAG:0003:000B:}}Biraz komik aslında{{TAG:0007:0000:08000000}}.{{TAG:0007:0000:08000000}}.{{TAG:0007:0000:08000000}}.{{TAG:0007:0000:08000000}} Birkaç haftadır
burada, {{TAG:0005:0006:}} kasabasında yaşıyorum{{TAG:0007:0000:08000000}}.{{TAG:0007:0000:08000000}}.{{TAG:0007:0000:08000000}}.{{TAG:0007:0000:08000000}}
{{TAG:0003:0024:}}Neyse,{{TAG:0007:0000:08000000}} başka bir kasabada yaşıyordum,
{{TAG:0007:0000:08000000}}sonra biri beni buraya taşınmaya davet etti.
{{TAG:0003:0006:}}Ardından adı lazım değil o kişi, {{TAG:0007:0000:08000000}}bir
güzel {{TAG:0007:0000:08000000}}çekip taşındı. {{TAG:0003:0007:}}{{TAG:0007:0000:10000000}}Ne kabalık!
{{TAG:0003:001B:}}Eh, {{TAG:0007:0000:08000000}}o artık eski mesele. {{TAG:0007:0000:10000000}}{{TAG:0003:0001:}}Artık resmen {{TAG:0005:0006:}}
sakiniyim,{{TAG:0007:0000:08000000}} bir ara takılalım!"
44,045,"Ah{{TAG:0007:0000:08000000}}.{{TAG:0007:0000:08000000}}.{{TAG:0007:0000:08000000}}.{{TAG:0007:0000:08000000}}ah{{TAG:0007:0000:08000000}}.{{TAG:0007:0000:08000000}}.{{TAG:0007:0000:08000000}}.{{TAG:0007:0000:08000000}}{{TAG:0003:001E:}}{{TAG:0007:000B:}}ACHOO!{{TAG:0000:0004:}}{{TAG:0003:0028:}}Sorry,{{TAG:0007:0000:08000000}} but you caught me at a bad
time.{{TAG:0007:0000:10000000}} {{TAG:0003:0010:}}Wait.{{TAG:0007:0000:08000000}} I don't think we've met
before.{{TAG:0007:0000:10000000}} I'm {{TAG:0005:0001:}}!
{{TAG:0003:002B:}}Anyway, I was on vacation here
when I met a certain someone{{TAG:0007:0000:08000000}}.{{TAG:0007:0000:08000000}}.{{TAG:0007:0000:08000000}}.{{TAG:0007:0000:08000000}}who
invited me to move here!
{{TAG:0003:0006:}}And then that same person, {{TAG:0007:0000:08000000}}who
shall remain nameless, {{TAG:0007:0000:08000000}}up and
moved away. {{TAG:0003:0007:}}{{TAG:0007:0000:10000000}}How rude!
{{TAG:0003:000F:}}Plus,{{TAG:0007:0000:08000000}} I caught a cold as soon as I
arrived.{{TAG:0007:0000:10000000}}{{TAG:0003:0014:}} Ugh!{{TAG:0007:0000:10000000}}{{TAG:0000:0004:}}{{TAG:0003:0027:}}Anyway, {{TAG:0007:0000:08000000}}we'll have plenty of time
to get to know each other now that
I live here. {{TAG:0007:0000:10000000}}Let's talk soon!","Ah{{TAG:0007:0000:08000000}}.{{TAG:0007:0000:08000000}}.{{TAG:0007:0000:08000000}}.{{TAG:0007:0000:08000000}} Ah{{TAG:0007:0000:08000000}}.{{TAG:0007:0000:08000000}}.{{TAG:0007:0000:08000000}}.{{TAG:0007:0000:08000000}}{{TAG:0003:001E:}}{{TAG:0007:000B:}} ¡AAACHÍIIIS!{{TAG:0000:0004:}}{{TAG:0003:0028:}}Ay, disculpa. Estoy muy resfriada,
como puedes ver.{{TAG:0007:0000:10000000}} {{TAG:0003:0010:}}¿Te conozco?{{TAG:0007:0000:14000000}}
Me llamo {{TAG:0005:0001:}}.
{{TAG:0003:002B:}}Me mudé a este pueblo porque
alguien me invitó, aunque parece
que esa persona ya no vive aquí.
{{TAG:0003:0006:}}Y encima voy y pillo este horrible
catarro.{{TAG:0007:0000:14000000}} No empiezo mi nueva vida
con muy buen pie...
{{TAG:0003:0001:}}¡Pero no pasa nada! Me meteré en
la cama y todo mejorará.","Ah-{{TAG:0007:0000:08000000}}Ah-{{TAG:0007:0000:08000000}}Ah-{{TAG:0007:0000:08000000}}{{TAG:0003:001E:}}{{TAG:0007:000A:}}Tch{{TAG:0007:0000:02000000}}oouum !{{TAG:0007:0000:1E000000}} {{TAG:0003:000C:}}Excuse-moi.
{{TAG:0007:0000:1E000000}}Comme tu le vois,{{TAG:0007:0000:0C000000}} je suis un peu
enrhumée...
{{TAG:0003:0001:}}Nous n'avons pas été présenté{{TAG:000E:0006:02007300040065007300}}, je
crois... {{TAG:0007:0000:1E000000}}Je suis {{TAG:0005:0001:}}. {{TAG:0007:0000:1E000000}}Je suis
nouvelle en ville.
{{TAG:0003:000A:}}Figure-toi que la personne de ta
ville avec laquelle j'avais sympathisé
et qui m'a convaincue de venir...
{{TAG:0003:001B:}}... vivre ici a déménagé, semble-t-il.{{TAG:0007:0000:1E000000}}
Et bien sûr, {{TAG:0007:0000:0C000000}}j'ai attrapé un rhume
dès mon arrivée...
{{TAG:0003:0009:}}Ce n'est pas de chance{{TAG:0007:0000:08000000}}.{{TAG:0007:0000:08000000}}.{{TAG:0007:0000:08000000}}.{{TAG:0007:0000:08000000}} De ce fait,
je ne suis pas d'humeur à faire la
conversation...
{{TAG:0003:0001:}}Mais ne t'inquiète pas.{{TAG:0007:0000:1E000000}} Dès que je
serai rétablie, nous passerons du
temps ensemble, {{TAG:0007:0000:10000000}}promis.","Eee{{TAG:0007:0000:08000000}}.{{TAG:0007:0000:08000000}}.{{TAG:0007:0000:08000000}}.{{TAG:0007:0000:08000000}} eee{{TAG:0007:0000:08000000}}.{{TAG:0007:0000:08000000}}.{{TAG:0007:0000:08000000}}.{{TAG:0007:0000:08000000}}{{TAG:0003:001E:}}{{TAG:0007:000B:}} ECCÌ!{{TAG:0000:0004:}}{{TAG:0003:0028:}}Perdonami,{{TAG:0007:0000:08000000}} sto proprio male.{{TAG:0007:0000:10000000}}
{{TAG:0003:0010:}}Aspetta,{{TAG:0007:0000:08000000}} ma io non ti conosco
ancora.{{TAG:0007:0000:10000000}} Mi chiamo {{TAG:0005:0001:}}!
{{TAG:0003:0024:}}Sai cosa mi è successo?{{TAG:0007:0000:10000000}} Ero in
vacanza da queste parti e qualcuno
mi ha convinta a trasferirmi qui.
{{TAG:0003:0006:}}Solo che questo qualcuno,{{TAG:0007:0000:08000000}}
di cui non voglio fare il nome, {{TAG:0007:0000:08000000}}ha
lasciato la città. {{TAG:0003:0007:}}{{TAG:0007:0000:10000000}}Dico... che modi!!!
{{TAG:0003:001B:}}E non è finita qui!{{TAG:0007:0000:0F000000}} Non appena sono
arrivata, {{TAG:0007:0000:10000000}}ho preso un raffreddore
terribile!{{TAG:0000:0004:}}{{TAG:0003:0027:}}Beh, {{TAG:0007:0000:08000000}}ora che abito qui, avremo
tantissimo tempo per conoscerci
meglio. {{TAG:0007:0000:10000000}}{{TAG:0003:0001:}}A presto!","HA-{{TAG:0007:0000:08000000}}HAAA{{TAG:0007:0000:08000000}}{{TAG:0003:001E:}}{{TAG:0007:000B:}}TSCHI!{{TAG:0000:0004:}}{{TAG:0003:0028:}}Uff!{{TAG:0007:0000:14000000}} Ich heiße {{TAG:0005:0001:}}.{{TAG:0007:0000:14000000}}
Leider kränkle ich etwas{{TAG:0007:0000:08000000}}.{{TAG:0007:0000:08000000}}.{{TAG:0007:0000:08000000}}.{{TAG:0007:0000:14000000}}
Schnief{{TAG:0007:0000:08000000}}.{{TAG:0007:0000:08000000}}.{{TAG:0007:0000:08000000}}.
{{TAG:0003:002B:}}Ich habe jemanden im Urlaub hier
getroffen, der gesagt hat, ich sollte
unbedingt herziehen.
{{TAG:0003:0006:}}Aber als ich umgezogen war,{{TAG:0007:0000:08000000}}
musste ich feststellen, dass dieser
Jemand längst weggezogen ist!
{{TAG:0003:000F:}}Und als wäre das nicht genug,
habe ich mir noch eine Erkältung
eingefangen,{{TAG:0007:0000:08000000}} schnieeef!{{TAG:0007:0000:14000000}} {{TAG:0003:0014:}}Uff{{TAG:0007:0000:08000000}}.{{TAG:0007:0000:08000000}}.{{TAG:0007:0000:08000000}}.
{{TAG:0003:0009:}}Nun ja,{{TAG:0007:0000:08000000}} wenn es mir wieder besser
geht, müssen wir auf jeden Fall mal
ausführlicher reden, {{TAG:0007:0000:08000000}}{{TAG:0005:0007:}}.","Ah{{TAG:0007:0000:08000000}}.{{TAG:0007:0000:08000000}}.{{TAG:0007:0000:08000000}}.{{TAG:0007:0000:08000000}}ah{{TAG:0007:0000:08000000}}.{{TAG:0007:0000:08000000}}.{{TAG:0007:0000:08000000}}.{{TAG:0007:0000:08000000}}{{TAG:0003:001E:}}{{TAG:0007:000B:}}HAPŞU!{{TAG:0000:0004:}}{{TAG:0003:0028:}}Kusura bakma,{{TAG:0007:0000:08000000}} beni kötü bir anda
yakaladın.{{TAG:0007:0000:10000000}} {{TAG:0003:0010:}}Bir dakika.{{TAG:0007:0000:08000000}} Sanırım daha
önce tanışmadık.{{TAG:0007:0000:10000000}} Ben {{TAG:0005:0001:}}!
{{TAG:0003:002B:}}Burada tatildeyken biriyle
tanıştım{{TAG:0007:0000:08000000}}.{{TAG:0007:0000:08000000}}.{{TAG:0007:0000:08000000}}.{{TAG:0007:0000:08000000}}o da beni buraya taşınmaya
davet etti!
{{TAG:0003:0006:}}Sonra adı lazım değil o kişi, {{TAG:0007:0000:08000000}}bir
güzel {{TAG:0007:0000:08000000}}çekip taşındı. {{TAG:0003:0007:}}{{TAG:0007:0000:10000000}}Ne kabalık!
{{TAG:0003:000F:}}Üstelik{{TAG:0007:0000:08000000}} gelir gelmez soğuk algınlığına
yakalandım.{{TAG:0007:0000:10000000}}{{TAG:0003:0014:}} Öf!{{TAG:0007:0000:10000000}}{{TAG:0000:0004:}}{{TAG:0003:0027:}}Neyse, {{TAG:0007:0000:08000000}}artık burada yaşadığıma göre
birbirimizi tanımak için bol vaktimiz
olacak. {{TAG:0007:0000:10000000}}Yakında konuşalım!"
45,046,"Ah{{TAG:0007:0000:08000000}}.{{TAG:0007:0000:08000000}}.{{TAG:0007:0000:08000000}}.{{TAG:0007:0000:08000000}}ah{{TAG:0007:0000:08000000}}.{{TAG:0007:0000:08000000}}.{{TAG:0007:0000:08000000}}.{{TAG:0007:0000:08000000}}{{TAG:0003:001E:}}{{TAG:0007:000B:}}ACHOO!{{TAG:0000:0004:}}{{TAG:0003:0028:}}Sorry,{{TAG:0007:0000:08000000}} but you caught me at a bad
time.{{TAG:0007:0000:10000000}} {{TAG:0003:0010:}}Wait.{{TAG:0007:0000:08000000}} I don't think we've met
before.{{TAG:0007:0000:10000000}} I'm {{TAG:0005:0001:}}!
{{TAG:0003:002B:}}Anyway, {{TAG:0007:0000:08000000}}I used to live in a different
town, {{TAG:0007:0000:08000000}}but then someone invited me
to move here.
{{TAG:0003:0006:}}And then that same person, {{TAG:0007:0000:08000000}}who
shall remain nameless, {{TAG:0007:0000:08000000}}up and
moved away. {{TAG:0003:0007:}}{{TAG:0007:0000:10000000}}How rude!
{{TAG:0003:000F:}}Plus,{{TAG:0007:0000:08000000}} I caught a cold as soon as I
arrived.{{TAG:0007:0000:10000000}}{{TAG:0003:0014:}} Ugh!{{TAG:0007:0000:10000000}}{{TAG:0000:0004:}}{{TAG:0003:0027:}}Oh well. {{TAG:0007:0000:08000000}}We'll have plenty of time
to get to know each other now that
I live here. {{TAG:0007:0000:10000000}}Let's talk soon!","Ah{{TAG:0007:0000:08000000}}.{{TAG:0007:0000:08000000}}.{{TAG:0007:0000:08000000}}.{{TAG:0007:0000:08000000}} Ah{{TAG:0007:0000:08000000}}.{{TAG:0007:0000:08000000}}.{{TAG:0007:0000:08000000}}.{{TAG:0007:0000:08000000}}{{TAG:0003:001E:}}{{TAG:0007:000B:}} ¡AAACHÍIIIS!{{TAG:0000:0004:}}{{TAG:0003:0009:}}Ay, disculpa.{{TAG:0007:0000:10000000}} ¿Nos conocemos?{{TAG:0007:0000:14000000}}
{{TAG:0003:000B:}}No me suena haberte visto antes...{{TAG:0007:0000:14000000}}
Me llamo {{TAG:0005:0001:}}.
{{TAG:0003:002B:}}Me mudé a este pueblo porque
alguien me invitó, aunque parece
que esa persona ya no vive aquí.
{{TAG:0003:0006:}}Y encima voy y pillo este horrible
catarro.{{TAG:0007:0000:14000000}} No empiezo mi nueva vida
con muy buen pie...
{{TAG:0003:0001:}}¡Pero no pasa nada! En cuanto me
recupere todo se arreglará.","Ah-{{TAG:0007:0000:08000000}}Ah-{{TAG:0007:0000:08000000}}Ah-{{TAG:0007:0000:08000000}}{{TAG:0003:001E:}}{{TAG:0007:000A:}}Tch{{TAG:0007:0000:02000000}}oouum !{{TAG:0007:0000:1E000000}} {{TAG:0003:000C:}}Excuse-moi.
{{TAG:0007:0000:1E000000}}Comme tu le vois,{{TAG:0007:0000:0C000000}} je suis un peu
enrhumée...
{{TAG:0003:0001:}}Nous n'avons pas été présenté{{TAG:000E:0006:02007300040065007300}}, je
crois... {{TAG:0007:0000:1E000000}}Je suis {{TAG:0005:0001:}}. {{TAG:0007:0000:1E000000}}Je suis
nouvelle en ville.
{{TAG:0003:000A:}}Figure-toi que la personne de ta
ville avec laquelle j'avais sympathisé
et qui m'a convaincue de venir...
{{TAG:0003:001B:}}... vivre ici a déménagé, semble-t-il.{{TAG:0007:0000:1E000000}}
Et bien sûr, {{TAG:0007:0000:0C000000}}j'ai attrapé un rhume
dès mon arrivée...
{{TAG:0003:0009:}}Ce n'est pas de chance{{TAG:0007:0000:08000000}}.{{TAG:0007:0000:08000000}}.{{TAG:0007:0000:08000000}}.{{TAG:0007:0000:08000000}} De ce fait,
je ne suis pas d'humeur à faire la
conversation...
{{TAG:0003:0001:}}Mais ne t'inquiète pas.{{TAG:0007:0000:1E000000}} Dès que je
serai rétablie, nous passerons du
temps ensemble, {{TAG:0007:0000:10000000}}promis.","Eee{{TAG:0007:0000:08000000}}.{{TAG:0007:0000:08000000}}.{{TAG:0007:0000:08000000}}.{{TAG:0007:0000:08000000}} eee{{TAG:0007:0000:08000000}}.{{TAG:0007:0000:08000000}}.{{TAG:0007:0000:08000000}}.{{TAG:0007:0000:08000000}}{{TAG:0003:001E:}}{{TAG:0007:000B:}} ECCÌ!{{TAG:0000:0004:}}{{TAG:0003:0028:}}Perdonami,{{TAG:0007:0000:08000000}} sto proprio male.{{TAG:0007:0000:10000000}}
{{TAG:0003:0010:}}Aspetta,{{TAG:0007:0000:08000000}} ma io non ti conosco
ancora.{{TAG:0007:0000:10000000}} Mi chiamo {{TAG:0005:0001:}}!
{{TAG:0003:0024:}}Sai cosa mi è successo?{{TAG:0007:0000:10000000}} Abitavo
in un'altra città, quando qualcuno
mi ha convinta a trasferirmi qui.
{{TAG:0003:0006:}}Solo che questo qualcuno,{{TAG:0007:0000:08000000}}
di cui non voglio fare il nome, {{TAG:0007:0000:08000000}}ha
lasciato la città. {{TAG:0003:0007:}}{{TAG:0007:0000:10000000}}Dico... che modi!!!
{{TAG:0003:001B:}}E non è finita qui!{{TAG:0007:0000:0F000000}} Non appena sono
arrivata, {{TAG:0007:0000:10000000}}ho preso un raffreddore
terribile!{{TAG:0000:0004:}}{{TAG:0003:0027:}}Beh, {{TAG:0007:0000:08000000}}ora che abito qui, avremo
tantissimo tempo per conoscerci
meglio. {{TAG:0007:0000:10000000}}{{TAG:0003:0001:}}A presto!","{{TAG:0003:001E:}}{{TAG:0007:000B:}}Hatschi!{{TAG:0007:0000:14000000}}
{{TAG:0003:001E:}}{{TAG:0007:000B:}}Hatschi!{{TAG:0007:0000:14000000}}
HAAA{{TAG:0007:0000:08000000}}{{TAG:0003:001E:}}{{TAG:0007:000B:}}TSCHI!
{{TAG:0003:0028:}}Oh,{{TAG:0007:0000:08000000}} Verzeihung{{TAG:0007:0000:08000000}}.{{TAG:0007:0000:08000000}}.{{TAG:0007:0000:08000000}}.{{TAG:0007:0000:14000000}}
Ich bin leider etwas erkältet.{{TAG:0007:0000:28000000}}
Ich heiße übrigens {{TAG:0005:0001:}}!
{{TAG:0003:002B:}}Jemand meinte, hier wäre es so
toll, und ich müsste unbedingt
hierher umziehen.
{{TAG:0003:0006:}}Und als ich es tue, ist dieser Jemand
selbst über alle Berge!{{TAG:0000:0004:}}{{TAG:0003:000F:}}Und erkältet habe ich mich dann
auch noch!{{TAG:0007:0000:14000000}} {{TAG:0003:0014:}}Brrr{{TAG:0007:0000:08000000}}.{{TAG:0007:0000:08000000}}.{{TAG:0007:0000:08000000}}.{{TAG:0000:0004:}}{{TAG:0003:0009:}}Wenn es mir irgendwann wieder
besser geht, müssen wir uns mal
ausführlicher unterhalten!","Ah{{TAG:0007:0000:08000000}}.{{TAG:0007:0000:08000000}}.{{TAG:0007:0000:08000000}}.{{TAG:0007:0000:08000000}}ah{{TAG:0007:0000:08000000}}.{{TAG:0007:0000:08000000}}.{{TAG:0007:0000:08000000}}.{{TAG:0007:0000:08000000}}{{TAG:0003:001E:}}{{TAG:0007:000B:}}HAPŞU!{{TAG:0000:0004:}}{{TAG:0003:0028:}}Kusura bakma,{{TAG:0007:0000:08000000}} beni kötü bir anda
yakaladın.{{TAG:0007:0000:10000000}} {{TAG:0003:0010:}}Bir dakika.{{TAG:0007:0000:08000000}} Sanırım daha
önce tanışmadık.{{TAG:0007:0000:10000000}} Ben {{TAG:0005:0001:}}!
{{TAG:0003:002B:}}Neyse, {{TAG:0007:0000:08000000}}başka bir kasabada yaşıyordum,
{{TAG:0007:0000:08000000}}sonra biri beni buraya taşınmaya davet etti.
{{TAG:0003:0006:}}Ardından adı lazım değil o kişi, {{TAG:0007:0000:08000000}}bir
güzel {{TAG:0007:0000:08000000}}çekip taşındı. {{TAG:0003:0007:}}{{TAG:0007:0000:10000000}}Ne kabalık!
{{TAG:0003:000F:}}Üstelik{{TAG:0007:0000:08000000}} gelir gelmez soğuk algınlığına
yakalandım.{{TAG:0007:0000:10000000}}{{TAG:0003:0014:}} Öf!{{TAG:0007:0000:10000000}}{{TAG:0000:0004:}}{{TAG:0003:0027:}}Neyse. {{TAG:0007:0000:08000000}}Artık burada yaşadığıma göre
birbirimizi tanımak için bol vaktimiz
olacak. {{TAG:0007:0000:10000000}}Yakında konuşalım!"
46,047,"{{TAG:0003:0017:}}{{TAG:000E:0003:}}{{TAG:0005:0008:}}? {{TAG:0007:0000:10000000}}Is that you?{{TAG:0007:0000:10000000}} {{TAG:0003:0026:}}It's me,{{TAG:0007:0000:08000000}}
{{TAG:0005:0001:}}!{{TAG:0000:0004:}}{{TAG:0003:002B:}}I was actually just camping here a
while back when I met {{TAG:0011:0000:0000}}.{{TAG:0000:0004:}}{{TAG:0003:0001:}}We hit it off,{{TAG:0007:0000:08000000}} and {{TAG:000E:0005:0400680065000600730068006500}} invited me to
move here. {{TAG:0007:0000:10000000}}So today{{TAG:0007:0000:08000000}}{{TAG:0003:002C:}} I finally did it!{{TAG:0000:0004:}}{{TAG:0003:0027:}}Let's get together sometime after
I'm finished settling in.{{TAG:0007:0000:10000000}} OK?{{TAG:0003:0026:}}{{TAG:0007:0000:10000000}}
{{TAG:000E:0003:}}{{TAG:0005:0007:}}!","{{TAG:0003:0017:}}¿Eres tú, {{TAG:0005:0008:}}? {{TAG:0007:0000:10000000}}{{TAG:0003:0026:}}¡Soy yo, 
{{TAG:0005:0001:}}!{{TAG:0007:0000:14000000}} ¿No me reconoces?{{TAG:0000:0004:}}{{TAG:0003:002B:}}Vine de acampada hace un tiempo
y conocí a {{TAG:0011:0000:0000}}. ¡Qué chic{{TAG:000E:0005:02006F0002006100}}
tan peculiar!{{TAG:0000:0004:}}{{TAG:0003:0001:}}¡Me invitó a vivir aquí de sopetón
y al final acepté! Creo que seré muy
feliz en {{TAG:000E:0003:}}{{TAG:0005:0005:}}.{{TAG:0000:0004:}}{{TAG:0003:0027:}}Ya hablaremos cuando termine
con la mudanza, ¿de acuerdo?{{TAG:0007:0000:10000000}} {{TAG:0003:0026:}}
¡Hasta luego, {{TAG:0005:0007:}}!","{{TAG:0003:0001:}}Quelle belle surprise...{{TAG:0007:0000:1E000000}} {{TAG:0005:0008:}} !{{TAG:0007:0000:1E000000}}
Je suis contente de te revoir, tu
sais. {{TAG:0007:0000:1E000000}}C'est moi, {{TAG:0005:0001:}} !
{{TAG:0003:0001:}}C'est {{TAG:0011:0000:0000}}, {{TAG:0007:0000:0C000000}}que j'ai connu{{TAG:000E:0008:00CD0000020065000000}} en
faisant du camping dans les
environs,{{TAG:0007:0000:0C000000}} qui m'a poussée à venir ici.
{{TAG:0003:0026:}}Je ne regrette pas d'avoir
emménagé, {{TAG:0007:0000:0F000000}}{{TAG:0005:0005:}} est une très
belle ville.
{{TAG:0003:0023:}}J'ai plein de cartons à défaire
aujourd'hui. {{TAG:0007:0000:19000000}}Nous discuterons
bientôt.{{TAG:0007:0000:0C000000}} D'accord, {{TAG:0005:0007:}} ?","{{TAG:0003:0017:}}{{TAG:000E:0003:}}{{TAG:0005:0008:}}? {{TAG:0007:0000:10000000}}Sei tu?{{TAG:0007:0000:10000000}} {{TAG:0003:0026:}}Sono io,{{TAG:0007:0000:08000000}}
{{TAG:0005:0001:}}!{{TAG:0000:0004:}}{{TAG:0003:002B:}}Mi trovavo qui in campeggio tempo
fa quando ho incontrato {{TAG:0011:0000:0000}}.{{TAG:0000:0004:}}{{TAG:0003:0001:}}Dopo un po' che parlavamo,{{TAG:0007:0000:08000000}}
mi ha chiesto se volessi trasferirmi
qui in pianta stabile. {{TAG:0007:0000:10000000}}{{TAG:0003:002C:}}Ed eccomi qua!
{{TAG:0003:0027:}}Quando mi sarò sistemata, dovremo
vederci per {{TAG:000E:0002:}}{{TAG:0005:000E:0000}},{{TAG:0007:0000:10000000}}
o quello che vuoi tu!{{TAG:0003:0026:}}{{TAG:0007:0000:10000000}} {{TAG:000E:0003:}}{{TAG:0005:0007:}}!","{{TAG:0003:0017:}}Oh!{{TAG:0007:0000:28000000}} {{TAG:000E:0003:}}{{TAG:0005:0008:}}?{{TAG:0007:0000:14000000}} Bist du das?{{TAG:0007:0000:14000000}}
{{TAG:0003:0026:}}Ich bin's!{{TAG:0007:0000:14000000}} {{TAG:000E:0003:}}{{TAG:0005:0001:}}!{{TAG:0000:0004:}}{{TAG:0003:002B:}}Ich war hier eigentlich nur campen,{{TAG:0007:0000:08000000}}
da traf ich {{TAG:0011:0000:0000}} und wir
verstanden uns wirklich gut{{TAG:0007:0000:08000000}}.{{TAG:0007:0000:08000000}}.{{TAG:0007:0000:08000000}}.
{{TAG:0003:0001:}}Und als {{TAG:000E:0012:0D000400650072000600730069006500040065007300}} dann vorschlug, dass
ich doch auch herziehen könnte,
nahm ich mir das zu Herzen.
{{TAG:0003:0026:}}Und heute war es dann so weit!{{TAG:0007:0000:14000000}} Ist
das nicht aufregend,{{TAG:0007:0000:08000000}} {{TAG:0005:0007:}}?","{{TAG:0003:0017:}}{{TAG:000E:0003:}}{{TAG:0005:0008:}}? {{TAG:0007:0000:10000000}}Sen misin?{{TAG:0007:0000:10000000}} {{TAG:0003:0026:}}Benim,{{TAG:0007:0000:08000000}}
{{TAG:0005:0001:}}!{{TAG:0000:0004:}}{{TAG:0003:002B:}}Bir süre önce burada kamp
yaparken {{TAG:0011:0000:0000}}
ile tanıştım.{{TAG:0000:0004:}}{{TAG:0003:0001:}}İyi anlaştık,{{TAG:0007:0000:08000000}} {{TAG:000E:0005:0400680065000600730068006500}} da beni buraya
taşınmaya davet etti. {{TAG:0007:0000:10000000}}Bugün{{TAG:0007:0000:08000000}}{{TAG:0003:002C:}} sonunda
taşındım!{{TAG:0000:0004:}}{{TAG:0003:0027:}}Yerleşmeyi bitirince bir ara
buluşalım.{{TAG:0007:0000:10000000}} Olur mu?{{TAG:0003:0026:}}{{TAG:0007:0000:10000000}}
{{TAG:000E:0003:}}{{TAG:0005:0007:}}!"
47,048,"{{TAG:0003:0017:}}{{TAG:000E:0003:}}{{TAG:0005:0008:}}? {{TAG:0007:0000:10000000}}Is that you?{{TAG:0007:0000:10000000}} {{TAG:0003:0026:}}It's me,{{TAG:0007:0000:08000000}}
{{TAG:0005:0001:}}!{{TAG:0000:0004:}}{{TAG:0003:002B:}}I used to live in {{TAG:0011:0002:0000}}, but my
friend {{TAG:0011:0000:0000}} invited me to
move here.
{{TAG:0003:0025:}}The next thing I knew, {{TAG:0007:0000:08000000}}I was on my
way. {{TAG:0007:0000:10000000}}{{TAG:0003:001D:}}And I couldn't be happier!{{TAG:0000:0004:}}{{TAG:0003:0027:}}Let's get together sometime after
I'm finished settling in.{{TAG:0007:0000:10000000}} OK?{{TAG:0003:0026:}}{{TAG:0007:0000:10000000}}
{{TAG:000E:0003:}}{{TAG:0005:0007:}}!","{{TAG:0003:0017:}}¿{{TAG:000E:0003:}}{{TAG:0005:0008:}}? {{TAG:0007:0000:10000000}}¿Eres tú?{{TAG:0007:0000:10000000}} {{TAG:0003:0026:}}¡Casi ni
te reconozco, chiquill{{TAG:000E:0006:02006F0002006100}}! ¡Soy yo,
{{TAG:0005:0001:}}!
{{TAG:0003:002B:}}Mi amig{{TAG:000E:0012:0D0002006F00020061000000}} {{TAG:0011:0000:0000}} me convenció
de que dejara {{TAG:000E:0003:}}{{TAG:0011:0002:0000}} y me
mudara aquí.
{{TAG:0003:0025:}}¡Y no me arrepiento de nada!{{TAG:0007:0000:14000000}}
{{TAG:0003:001D:}}Este pueblo es fantástico.{{TAG:0000:0004:}}{{TAG:0003:0026:}}Pásate otro día, cuando esté
instalada, ¿vale?{{TAG:0007:0000:10000000}} Me apetece
charlar contigo.","{{TAG:0003:0001:}}Quelle belle surprise...{{TAG:0007:0000:1E000000}} {{TAG:0005:0008:}} !{{TAG:0007:0000:1E000000}}
Je suis contente de te revoir, tu
sais. {{TAG:0007:0000:1E000000}}C'est moi, {{TAG:0005:0001:}} !
{{TAG:0003:0001:}}C'est {{TAG:0011:0000:0000}}, {{TAG:0007:0000:0C000000}}que j'ai connu{{TAG:000E:0008:00CD0000020065000000}} à
{{TAG:0011:0002:0000}},{{TAG:0007:0000:0C000000}} qui m'a poussée à venir
m'installer ici.
{{TAG:0003:0026:}}Je ne regrette pas d'avoir
emménagé, {{TAG:0007:0000:0F000000}}{{TAG:0005:0005:}} est une très
belle ville.
{{TAG:0003:0023:}}J'ai encore plein de cartons à
défaire. {{TAG:0007:0000:19000000}}Nous discuterons une autre
fois,{{TAG:0007:0000:0C000000}} d'accord, {{TAG:0005:0007:}} ?","{{TAG:0003:0017:}}{{TAG:000E:0003:}}{{TAG:0005:0008:}}? {{TAG:0007:0000:10000000}}Sei tu?
{{TAG:0007:0000:10000000}}{{TAG:0003:0026:}}Sono io,{{TAG:0007:0000:08000000}} {{TAG:0005:0001:}}!{{TAG:0000:0004:}}{{TAG:0003:002B:}}Abitavo {{TAG:000E:0010:}} {{TAG:0011:0002:0000}}, quando
{{TAG:0011:0000:0000}} mi ha invitata
a trasferirmi da queste parti.{{TAG:0000:0004:}}{{TAG:0003:0025:}}Non me lo sono fatto dire due volte.{{TAG:0007:0000:08000000}}
Ho subito accettato! {{TAG:0007:0000:10000000}}{{TAG:0003:001D:}}E ne sono
felicissima!
{{TAG:0003:0027:}}Quando mi sarò sistemata, dovremo
vederci per {{TAG:000E:0002:}}{{TAG:0005:000E:0000}},{{TAG:0007:0000:10000000}}
o quello che vuoi tu!{{TAG:0003:0026:}}{{TAG:0007:0000:10000000}} {{TAG:000E:0003:}}{{TAG:0005:0007:}}!","{{TAG:0003:0017:}}{{TAG:000E:0003:}}{{TAG:0005:0008:}}?{{TAG:0007:0000:28000000}} Ich grüße dich!{{TAG:0007:0000:14000000}}
{{TAG:0003:0026:}}Ich bin es,{{TAG:0007:0000:08000000}} {{TAG:0005:0001:}}!{{TAG:0000:0004:}}{{TAG:0003:002B:}}Bis vor Kurzem habe ich noch in
{{TAG:0011:0002:0000}} gewohnt, {{TAG:0007:0000:08000000}}aber dann hat
{{TAG:0011:0000:0000}} mich hierher eingeladen.
{{TAG:0003:0025:}}So ein Tapetenwechsel ist doch
manchmal genau das Richtige!{{TAG:0007:0000:14000000}}
Bisher bereue ich nichts!
{{TAG:0003:0026:}}Wenn ich mich etwas eingelebt
habe, müssen wir uns mal länger
treffen, {{TAG:0007:0000:08000000}}{{TAG:0005:0007:}}!","{{TAG:0003:0017:}}{{TAG:000E:0003:}}{{TAG:0005:0008:}}? {{TAG:0007:0000:10000000}}Sen misin?{{TAG:0007:0000:10000000}} {{TAG:0003:0026:}}Benim,{{TAG:0007:0000:08000000}}
{{TAG:0005:0001:}}!{{TAG:0000:0004:}}{{TAG:0003:002B:}}Eskiden {{TAG:0011:0002:0000}} kasabasında
yaşıyordum ama
arkadaşım {{TAG:0011:0000:0000}} beni
buraya taşınmaya davet etti.
{{TAG:0003:0025:}}Bir baktım, {{TAG:0007:0000:08000000}}yola çıkmışım bile. {{TAG:0007:0000:10000000}}{{TAG:0003:001D:}}Daha
mutlu olamazdım!{{TAG:0000:0004:}}{{TAG:0003:0027:}}Yerleşmeyi bitirince bir ara
buluşalım.{{TAG:0007:0000:10000000}} Olur mu?{{TAG:0003:0026:}}{{TAG:0007:0000:10000000}}
{{TAG:000E:0003:}}{{TAG:0005:0007:}}!"
48,049,"{{TAG:0003:0017:}}{{TAG:000E:0003:}}{{TAG:0005:0008:}}? {{TAG:0007:0000:10000000}}Is that you?{{TAG:0007:0000:10000000}} {{TAG:0003:0026:}}It's me,{{TAG:0007:0000:08000000}}
{{TAG:0005:0001:}}!{{TAG:0000:0004:}}{{TAG:0003:002B:}}I was actually just camping here a
while back when I met {{TAG:0011:0000:0000}},
and {{TAG:000E:0005:0400680065000600730068006500}} invited me to move here.{{TAG:0000:0004:}}Little did {{TAG:000E:0005:0400680065000600730068006500}} know {{TAG:0003:002A:}}I was just wild
enough to take {{TAG:000E:0005:0600680069006D000600680065007200}} up on {{TAG:000E:0005:06006800690073000600680065007200}} offer.{{TAG:0000:0004:}}{{TAG:0003:0027:}}Anyway, {{TAG:0007:0000:08000000}}I'm sure I'll see you around
town{{TAG:0007:0000:08000000}}.{{TAG:0007:0000:08000000}}.{{TAG:0007:0000:08000000}}.{{TAG:0007:0000:08000000}} We're practically neighbors!{{TAG:0007:0000:10000000}}
{{TAG:000E:0003:}}{{TAG:0005:0007:}}!","{{TAG:0003:0012:}}¡Anda, pero si eres {{TAG:0005:0008:}}! {{TAG:0007:0000:10000000}}
{{TAG:0003:0026:}}¡Qué alegría volver a verte!{{TAG:0007:0000:08000000}}
¿Me recuerdas? ¡Soy {{TAG:0005:0001:}}!{{TAG:0000:0004:}}{{TAG:0003:002B:}}Conocí a {{TAG:0011:0000:0000}} cuando estuve
de acampada y me invitó a vivir
en {{TAG:000E:0003:}}{{TAG:0005:0005:}}.
No me lo pensé ni un segundo,
este pueblo siempre ha sido uno
de mis preferidos.
{{TAG:0003:0027:}}Ya nos veremos por ahí, cielín.
¡Ahora somos vecin{{TAG:000E:0006:02006F0002006100}}s!","{{TAG:0003:0001:}}Quelle belle surprise...{{TAG:0007:0000:1E000000}} {{TAG:0005:0008:}} !{{TAG:0007:0000:1E000000}}
Je suis contente de te revoir, tu
sais. {{TAG:0007:0000:1E000000}}C'est moi, {{TAG:0005:0001:}} !
{{TAG:0003:0001:}}C'est {{TAG:0011:0000:0000}}, {{TAG:0007:0000:0C000000}}que j'ai connu{{TAG:000E:0008:00CD0000020065000000}} en
faisant du camping dans les
environs,{{TAG:0007:0000:0C000000}} qui m'a poussée à venir ici.
{{TAG:0003:0026:}}Je ne regrette pas d'avoir
emménagé, {{TAG:0007:0000:0F000000}}{{TAG:0005:0005:}} est une très
belle ville, {{TAG:0005:0007:}}.
{{TAG:0003:0026:}}Et maintenant que toi et moi
sommes voisin{{TAG:000E:0006:02007300040065007300}},{{TAG:0007:0000:10000000}} nous allons
pouvoir nous voir plus souvent !","{{TAG:0003:0017:}}{{TAG:000E:0003:}}{{TAG:0005:0008:}}? {{TAG:0007:0000:10000000}}Sei tu?{{TAG:0007:0000:10000000}} {{TAG:0003:0026:}}Sono io,{{TAG:0007:0000:08000000}}
{{TAG:0005:0001:}}!{{TAG:0000:0004:}}{{TAG:0003:002B:}}Ero qui in campeggio tempo fa
quando {{TAG:0011:0000:0000}}{{TAG:0003:0001:}} mi ha invitato
a trasferirmi qui in pianta stabile.
Credo che non si aspettasse
{{TAG:0003:002A:}}che avrei accettato il suo invito{{TAG:0007:0000:0F000000}}
con così tanto entusiasmo!
{{TAG:0003:0027:}}Beh, {{TAG:0007:0000:08000000}}adesso che siamo vicin{{TAG:000E:0006:0200690002006500}}{{TAG:0007:0000:08000000}}.{{TAG:0007:0000:08000000}}.{{TAG:0007:0000:08000000}}.{{TAG:0007:0000:08000000}}
dobbiamo vederci ogni tanto per
fare due chiacchiere!{{TAG:0007:0000:10000000}} {{TAG:000E:0003:}}{{TAG:0005:0007:}}!","{{TAG:0003:0017:}}{{TAG:000E:0003:}}{{TAG:0005:0008:}}? {{TAG:0007:0000:14000000}}Ist das zu fassen?{{TAG:0007:0000:14000000}}
{{TAG:0003:0026:}}Ich bin es,{{TAG:0007:0000:08000000}} {{TAG:0005:0001:}}!{{TAG:0000:0004:}}{{TAG:0003:002B:}}Als ich einmal zum Zelten hier war,
hat {{TAG:0011:0000:0000}} vorgeschlagen, ich
könnte hierher umziehen{{TAG:0007:0000:08000000}}.{{TAG:0007:0000:08000000}}.{{TAG:0007:0000:08000000}}.
{{TAG:0003:0026:}}Und das habe ich mir nicht zweimal
sagen lassen!{{TAG:0007:0000:14000000}} Hier ist es wirklich
schön.{{TAG:0000:0004:}}Ich hoffe, wir sehen uns in Zukunft
häufiger, {{TAG:0007:0000:08000000}}{{TAG:0005:0007:}}!","{{TAG:0003:0017:}}{{TAG:000E:0003:}}{{TAG:0005:0008:}}? {{TAG:0007:0000:10000000}}Sen misin?{{TAG:0007:0000:10000000}} {{TAG:0003:0026:}}Benim,{{TAG:0007:0000:08000000}}
{{TAG:0005:0001:}}!{{TAG:0000:0004:}}{{TAG:0003:002B:}}Bir süre önce burada kamp
yaparken {{TAG:0011:0000:0000}}
ile tanıştım, {{TAG:000E:0005:0400680065000600730068006500}} da beni buraya davet
etti.{{TAG:0000:0004:}}Benim, {{TAG:000E:0005:0400680065000600730068006500}} teklifini kabul edecek kadar
çılgın olduğumu {{TAG:0003:002A:}} bile {{TAG:000E:0005:0600680069006D000600680065007200}} bilmiyordu.{{TAG:000E:0005:06006800690073000600680065007200}}{{TAG:0000:0004:}}Neyse,
{{TAG:0003:0027:}}kasabada sık sık
karşılaşacağımıza eminim{{TAG:0007:0000:08000000}}.{{TAG:0007:0000:08000000}}.{{TAG:0007:0000:08000000}}.{{TAG:0007:0000:08000000}} Artık
neredeyse komşuyuz!{{TAG:0007:0000:08000000}}
{{TAG:0007:0000:10000000}}{{TAG:000E:0003:}}{{TAG:0005:0007:}}!"
49,050,"{{TAG:0003:0017:}}{{TAG:000E:0003:}}{{TAG:0005:0008:}}? {{TAG:0007:0000:10000000}}Is that you?{{TAG:0007:0000:10000000}} {{TAG:0003:0026:}}It's me,{{TAG:0007:0000:08000000}}
{{TAG:0005:0001:}}!{{TAG:0000:0004:}}{{TAG:0003:002B:}}I used to live in {{TAG:0011:0002:0000}}, but my
friend {{TAG:0011:0000:0000}} invited me to
move here.
{{TAG:0003:0025:}}The next thing I knew, {{TAG:0007:0000:08000000}}I was on my
way. {{TAG:0007:0000:10000000}}{{TAG:0003:001D:}}And I couldn't be happier!{{TAG:0000:0004:}}{{TAG:0003:0027:}}Let's get together sometime soon,{{TAG:0007:0000:08000000}}
OK?{{TAG:0003:0026:}}{{TAG:0007:0000:10000000}} {{TAG:000E:0003:}}{{TAG:0005:0007:}}!","{{TAG:0003:0012:}}¡Mira quién es! ¡{{TAG:000E:0003:}}{{TAG:0005:0008:}}! {{TAG:0007:0000:10000000}}{{TAG:0003:0026:}}
Soy {{TAG:0005:0001:}}, ¿te acuerdas?{{TAG:0000:0004:}}{{TAG:0003:002B:}}Solía vivir en {{TAG:000E:0003:}}{{TAG:0011:0002:0000}} hasta que
conocí a {{TAG:0011:0000:0000}} y me invitó a
mudarme aquí.
{{TAG:0003:0025:}}Así que cogí mis cosas y me vine
a {{TAG:000E:0003:}}{{TAG:0005:0005:}}.{{TAG:0007:0000:14000000}}{{TAG:0003:0002:}} Es{{TAG:000E:0005:0200650002006100}} chic{{TAG:000E:0005:02006F0002006100}} puede ser
muy convincente, ja, ja.
{{TAG:0003:0027:}}Ven a visitarme un día de estos,
¿quieres? Me gustaría enseñarte
mi nueva casa.","{{TAG:0003:0001:}}Quelle belle surprise...{{TAG:0007:0000:1E000000}} {{TAG:0005:0008:}} !{{TAG:0007:0000:1E000000}}
Je suis contente de te revoir, tu
sais. {{TAG:0007:0000:1E000000}}C'est moi, {{TAG:0005:0001:}} !
{{TAG:0003:0001:}}C'est {{TAG:0011:0000:0000}}, {{TAG:0007:0000:0C000000}}que j'ai connu{{TAG:000E:0008:00CD0000020065000000}} à
{{TAG:0011:0002:0000}},{{TAG:0007:0000:0C000000}} qui m'a poussée à venir
m'installer ici, {{TAG:0005:0007:}}.
{{TAG:0003:0026:}}Je ne regrette pas d'avoir
emménagé, {{TAG:0007:0000:0F000000}}{{TAG:0005:0005:}} est une très
belle ville.
{{TAG:0003:0026:}}Et maintenant que toi et moi
sommes voisin{{TAG:000E:0006:02007300040065007300}},{{TAG:0007:0000:10000000}} nous allons
pouvoir nous voir plus souvent !","{{TAG:0003:0017:}}{{TAG:000E:0003:}}{{TAG:0005:0008:}}? {{TAG:0007:0000:10000000}}Sei tu?{{TAG:0007:0000:10000000}} {{TAG:0003:0026:}}Sono io,{{TAG:0007:0000:08000000}}
{{TAG:0005:0001:}}!{{TAG:0000:0004:}}{{TAG:0003:002B:}}Abitavo {{TAG:000E:0010:}} {{TAG:0011:0002:0000}}, quando
{{TAG:0011:0000:0000}} mi ha invitata
a trasferirmi da queste parti.{{TAG:0000:0004:}}{{TAG:0003:0025:}}Non me lo sono fatto dire due volte.{{TAG:0007:0000:08000000}}
Ho subito accettato! {{TAG:0007:0000:10000000}}{{TAG:0003:001D:}}E ne sono
felicissima!
{{TAG:0003:0027:}}Dovrò invitarti presto a casa mia,{{TAG:0007:0000:10000000}}
così assaggi la mia cucina!{{TAG:0003:0026:}}{{TAG:0007:0000:10000000}}
{{TAG:000E:0003:}}{{TAG:0005:0007:}}!","{{TAG:0003:0017:}}{{TAG:000E:0003:}}{{TAG:0005:0008:}}? {{TAG:0007:0000:14000000}}Du?{{TAG:0007:0000:14000000}} Hier?!?{{TAG:0007:0000:28000000}}
{{TAG:0003:0026:}}Ich bin es!{{TAG:0007:0000:14000000}} {{TAG:000E:0003:}}{{TAG:0005:0001:}}!{{TAG:0000:0004:}}{{TAG:0003:002B:}}{{TAG:000E:0003:}}{{TAG:0011:0000:0000}} hat mich überredet, aus
{{TAG:0011:0002:0000}} hierherzuziehen.{{TAG:0007:0000:14000000}} {{TAG:0003:0025:}}Und das
habe ich dann auch getan!
{{TAG:0003:0026:}}Wir sollten mal etwas zusammen
unternehmen, {{TAG:0007:0000:08000000}}{{TAG:0005:0007:}}!","{{TAG:0003:0017:}}{{TAG:000E:0003:}}{{TAG:0005:0008:}}? {{TAG:0007:0000:10000000}}Sen misin?{{TAG:0007:0000:10000000}} {{TAG:0003:0026:}}Benim,{{TAG:0007:0000:08000000}}
{{TAG:0005:0001:}}!{{TAG:0000:0004:}}{{TAG:0003:002B:}}Eskiden {{TAG:0011:0002:0000}} kasabasında
yaşıyordum ama
arkadaşım {{TAG:0011:0000:0000}} beni
buraya taşınmaya davet etti.
{{TAG:0003:0025:}}Bir baktım, {{TAG:0007:0000:08000000}}yola çıkmışım bile. {{TAG:0007:0000:10000000}}{{TAG:0003:001D:}}Daha
mutlu olamazdım!{{TAG:0000:0004:}}{{TAG:0003:0027:}}Yakında bir ara
buluşalım,{{TAG:0007:0000:08000000}} olur mu?{{TAG:0003:0026:}}{{TAG:0007:0000:10000000}} {{TAG:000E:0003:}}{{TAG:0005:0007:}}!"
50,051,"{{TAG:0003:0017:}}{{TAG:000E:0003:}}{{TAG:0005:0008:}}? {{TAG:0007:0000:10000000}}Is that you?{{TAG:0007:0000:10000000}} {{TAG:0003:0026:}}It's me,{{TAG:0007:0000:08000000}}
{{TAG:0005:0001:}}!{{TAG:0000:0004:}}{{TAG:0003:0024:}}Here's a funny story.{{TAG:0007:0000:10000000}} I was just
camping here when {{TAG:0011:0000:0000}}
invited me to move permanently.
{{TAG:0003:001B:}}OK, {{TAG:0007:0000:08000000}}it's not ""ha{{TAG:0007:0000:08000000}} ha"" funny. {{TAG:0007:0000:10000000}}{{TAG:0003:000B:}}But that
was a while back{{TAG:0007:0000:08000000}}.{{TAG:0007:0000:08000000}}.{{TAG:0007:0000:08000000}}.{{TAG:0007:0000:08000000}} I'm surprised we
didn't run into each other earlier.
{{TAG:0003:0027:}}Anyway, {{TAG:0007:0000:08000000}}now that I'm a real
{{TAG:0005:0006:}} resident, {{TAG:0007:0000:08000000}}we should hang
out!{{TAG:0007:0000:10000000}} {{TAG:000E:0003:}}{{TAG:0005:0007:}}!","{{TAG:0003:0017:}}¿{{TAG:000E:0003:}}{{TAG:0005:0008:}}? {{TAG:0007:0000:10000000}}¡No puede ser!{{TAG:0007:0000:10000000}} {{TAG:0003:0026:}}
¡Soy yo, {{TAG:0005:0001:}}! Ahora vivo
aquí.{{TAG:0000:0004:}}{{TAG:0003:0024:}}Todo empezó cuando vine de
acampada y conocí a {{TAG:0011:0000:0000}}.
{{TAG:000E:0005:0400C9006C00080045006C006C006100}} me invitó a vivir en {{TAG:000E:0003:}}{{TAG:0005:0005:}}.
{{TAG:0003:001B:}}Me sorprende no haberte visto
antes, hace ya una semana que
me he trasladado.
{{TAG:0003:0027:}}Bueno, a partir de ahora seguro
que nos veremos más, ¿verdad?","{{TAG:0003:0001:}}Quelle belle surprise...{{TAG:0007:0000:1E000000}} {{TAG:0005:0008:}} !{{TAG:0007:0000:1E000000}}
Je suis contente de te revoir, tu
sais. {{TAG:0007:0000:1E000000}}C'est moi, {{TAG:0005:0001:}} !
{{TAG:0003:0001:}}C'est {{TAG:0011:0000:0000}}, {{TAG:0007:0000:0C000000}}que j'ai connu{{TAG:000E:0008:00CD0000020065000000}} en
faisant du camping dans les
environs,{{TAG:0007:0000:0C000000}} qui m'a poussée à venir ici.
{{TAG:0003:0026:}}Je ne regrette pas d'avoir
emménagé, {{TAG:0007:0000:0F000000}}mais je m'étonne de ne
pas t'avoir croisé{{TAG:000E:0006:000002006500}} plus tôt.
{{TAG:0003:0026:}}En tout cas, maintenant que toi et
moi sommes voisin{{TAG:000E:0006:02007300040065007300}},{{TAG:0007:0000:10000000}} nous allons
pouvoir nous voir plus souvent !","{{TAG:0003:0017:}}{{TAG:000E:0003:}}{{TAG:0005:0008:}}? {{TAG:0007:0000:10000000}}Sei tu?
{{TAG:0007:0000:10000000}}{{TAG:0003:0026:}}Sono io,{{TAG:0007:0000:08000000}} {{TAG:0005:0001:}}!{{TAG:0000:0004:}}{{TAG:0003:0024:}}Ecco una storia divertente.{{TAG:0007:0000:10000000}} Ero qui
in campeggio e {{TAG:0011:0000:0000}} mi ha
suggerito di trasferirmi in città.
{{TAG:0003:001B:}}Forse non è molto divertente...{{TAG:0007:0000:08000000}} {{TAG:0003:000B:}}Ad
ogni modo, è passato molto tempo{{TAG:0007:0000:08000000}}.{{TAG:0007:0000:08000000}}.{{TAG:0007:0000:08000000}}.{{TAG:0007:0000:08000000}}
Che strano incontrarsi solo ora!
{{TAG:0003:0027:}}Beh, {{TAG:0007:0000:08000000}}adesso che sono ufficialmente
cittadina di {{TAG:0005:0006:}}, {{TAG:0007:0000:08000000}}ci vedremo
più spesso!{{TAG:0007:0000:10000000}} {{TAG:000E:0003:}}{{TAG:0005:0007:}}!","{{TAG:0003:0017:}}{{TAG:000E:0003:}}{{TAG:0005:0008:}}? {{TAG:0007:0000:14000000}}Bist du es wirklich?{{TAG:0007:0000:14000000}}
{{TAG:0003:0026:}}Ich bin's!{{TAG:0007:0000:14000000}} {{TAG:000E:0003:}}{{TAG:0005:0001:}}!{{TAG:0000:0004:}}{{TAG:0003:0024:}}Ich bin hierher umgezogen, nachdem
{{TAG:0011:0000:0000}} mich sozusagen dazu
angestiftet hat.
{{TAG:0003:0025:}}Wir müssen unbedingt mal
etwas zusammen unternehmen,
{{TAG:0007:0000:08000000}}{{TAG:0005:0007:}}!","{{TAG:0003:0017:}}{{TAG:000E:0003:}}{{TAG:0005:0008:}}? {{TAG:0007:0000:10000000}}Sen misin?{{TAG:0007:0000:10000000}} {{TAG:0003:0026:}}Benim,{{TAG:0007:0000:08000000}}
{{TAG:0005:0001:}}!{{TAG:0000:0004:}}{{TAG:0003:0024:}}Komik bir hikâye
var.{{TAG:0007:0000:10000000}} Burada kamp
yaparken {{TAG:0011:0000:0000}} beni kalıcı olarak taşınmaya
davet etti.
{{TAG:0003:001B:}}Tamam, {{TAG:0007:0000:08000000}}“ha{{TAG:0007:0000:08000000}} ha” diye güleceğin kadar
komik değil. {{TAG:0007:0000:10000000}}{{TAG:0003:000B:}}Ama epey zaman geçti{{TAG:0007:0000:08000000}}.{{TAG:0007:0000:08000000}}.{{TAG:0007:0000:08000000}}.{{TAG:0007:0000:08000000}}
Daha önce karşılaşmamış
olmamıza şaşırdım.
{{TAG:0003:0027:}}Neyse, {{TAG:0007:0000:08000000}}artık gerçek bir {{TAG:0005:0006:}} sakini
olduğuma göre, {{TAG:0007:0000:08000000}}bir ara takılalım!{{TAG:0007:0000:10000000}} {{TAG:000E:0003:}}{{TAG:0005:0007:}}!"
51,052,"{{TAG:0003:0017:}}{{TAG:000E:0003:}}{{TAG:0005:0008:}}? {{TAG:0007:0000:10000000}}Is that you?{{TAG:0007:0000:10000000}} {{TAG:0003:0026:}}It's me,{{TAG:0007:0000:08000000}}
{{TAG:0005:0001:}}!{{TAG:0000:0004:}}{{TAG:0003:0024:}}Here's a funny story.{{TAG:0007:0000:10000000}} I used to live
in {{TAG:0011:0002:0000}}{{TAG:0007:0000:08000000}}.{{TAG:0007:0000:08000000}}.{{TAG:0007:0000:08000000}}.{{TAG:0007:0000:08000000}}until {{TAG:0011:0000:0000}}
convinced me to move here!
{{TAG:0003:001B:}}OK, {{TAG:0007:0000:08000000}}it's not ""ha{{TAG:0007:0000:08000000}} ha"" funny. {{TAG:0007:0000:10000000}}{{TAG:0003:000B:}}But that
was a while back{{TAG:0007:0000:08000000}}.{{TAG:0007:0000:08000000}}.{{TAG:0007:0000:08000000}}.{{TAG:0007:0000:08000000}} I'm surprised we
didn't run into each other earlier.
{{TAG:0003:0027:}}Anyway, {{TAG:0007:0000:08000000}}now that I'm a real
{{TAG:0005:0006:}} resident, {{TAG:0007:0000:08000000}}we should hang
out!{{TAG:0007:0000:10000000}} {{TAG:000E:0003:}}{{TAG:0005:0007:}}!","{{TAG:0003:0012:}}¿Eres {{TAG:0005:0008:}}? {{TAG:0007:0000:10000000}}¡Sí, eres tú!{{TAG:0007:0000:10000000}} {{TAG:0003:0026:}}
¡Soy {{TAG:0005:0001:}}! No sabía que
también vivieras aquí.
{{TAG:0003:0024:}}{{TAG:000E:0003:}}{{TAG:0011:0000:0000}} me convenció de que
dejara {{TAG:000E:0003:}}{{TAG:0011:0002:0000}} y me mudara
a este pueblo.
{{TAG:0003:0001:}}Hace una semana que me mudé,
¿sabes? ¡Y yo que creía que ya
conocía a todos los vecinos!
{{TAG:0003:0027:}}Espero que a partir de ahora
hablemos más a menudo.","{{TAG:0003:0001:}}Quelle belle surprise...{{TAG:0007:0000:1E000000}} {{TAG:0005:0008:}} !{{TAG:0007:0000:1E000000}}
Je suis contente de te revoir, tu
sais. {{TAG:0007:0000:1E000000}}C'est moi, {{TAG:0005:0001:}} !
{{TAG:0003:0001:}}C'est {{TAG:0011:0000:0000}}, {{TAG:0007:0000:0C000000}}que j'ai connu{{TAG:000E:0008:00CD0000020065000000}} à
{{TAG:0011:0002:0000}},{{TAG:0007:0000:0C000000}} qui m'a poussée à venir
m'installer ici, {{TAG:0005:0007:}}.
{{TAG:0003:0026:}}Je ne regrette pas d'avoir
emménagé, {{TAG:0007:0000:0F000000}}mais je m'étonne de ne
pas t'avoir croisé{{TAG:000E:0006:000002006500}} plus tôt.
{{TAG:0003:0026:}}En tout cas, maintenant que toi et
moi sommes voisin{{TAG:000E:0006:02007300040065007300}},{{TAG:0007:0000:10000000}} nous allons
pouvoir nous voir plus souvent !","{{TAG:0003:0017:}}{{TAG:000E:0003:}}{{TAG:0005:0008:}}? {{TAG:0007:0000:10000000}}Sei tu?
{{TAG:0007:0000:10000000}}{{TAG:0003:0026:}}Sono io,{{TAG:0007:0000:08000000}} {{TAG:0005:0001:}}!{{TAG:0000:0004:}}{{TAG:0003:0024:}}Ecco una storia divertente.{{TAG:0007:0000:10000000}} Abitavo
{{TAG:000E:0010:}} {{TAG:0011:0002:0000}} quando {{TAG:0011:0000:0000}}
mi ha invitata a trasferirmi qui.
{{TAG:0003:001B:}}Forse non è molto divertente...{{TAG:0007:0000:08000000}} {{TAG:0003:000B:}}Ad
ogni modo, è passato molto tempo{{TAG:0007:0000:08000000}}.{{TAG:0007:0000:08000000}}.{{TAG:0007:0000:08000000}}.{{TAG:0007:0000:08000000}}
Strano che ci incontriamo solo ora.
{{TAG:0003:0027:}}Beh, {{TAG:0007:0000:08000000}}adesso che sono ufficialmente
cittadina di {{TAG:0005:0006:}}, {{TAG:0007:0000:08000000}}ci vedremo
più spesso!{{TAG:0007:0000:10000000}} {{TAG:000E:0003:}}{{TAG:0005:0007:}}!","{{TAG:0003:0017:}}{{TAG:000E:0003:}}{{TAG:0005:0008:}}? {{TAG:0007:0000:14000000}}Ist das zu glauben?!?{{TAG:0007:0000:14000000}}
{{TAG:0003:0026:}}Ich bin es!{{TAG:0007:0000:14000000}} {{TAG:000E:0003:}}{{TAG:0005:0001:}}!{{TAG:0000:0004:}}{{TAG:0003:0024:}}{{TAG:000E:0003:}}{{TAG:0011:0000:0000}} hat mir eingeredet,
aus {{TAG:0011:0002:0000}} wegzuziehen und
auch nach {{TAG:0005:0006:}} zu kommen.
{{TAG:0003:0026:}}Hier ist es wirklich schön.{{TAG:0007:0000:28000000}}
Wir beide sollten unbedingt mal
etwas zusammen unternehmen!","{{TAG:0003:0017:}}{{TAG:000E:0003:}}{{TAG:0005:0008:}}? {{TAG:0007:0000:10000000}}Sen misin?{{TAG:0007:0000:10000000}} {{TAG:0003:0026:}}Benim,{{TAG:0007:0000:08000000}}
{{TAG:0005:0001:}}!{{TAG:0000:0004:}}{{TAG:0003:0024:}}Komik bir hikâye var.{{TAG:0007:0000:10000000}}
Eskiden {{TAG:0011:0002:0000}}
kasabasında yaşıyordum{{TAG:0007:0000:08000000}}.{{TAG:0007:0000:08000000}}.{{TAG:0007:0000:08000000}}.{{TAG:0007:0000:08000000}}ta ki {{TAG:0011:0000:0000}} beni
buraya taşınmaya ikna edene kadar!
{{TAG:0003:001B:}}Tamam, {{TAG:0007:0000:08000000}}“ha{{TAG:0007:0000:08000000}} ha” diye güleceğin kadar
komik değil. {{TAG:0007:0000:10000000}}{{TAG:0003:000B:}}Ama epey zaman geçti{{TAG:0007:0000:08000000}}.{{TAG:0007:0000:08000000}}.{{TAG:0007:0000:08000000}}.{{TAG:0007:0000:08000000}}
Daha önce karşılaşmamış
olmamıza şaşırdım.
{{TAG:0003:0027:}}Neyse, {{TAG:0007:0000:08000000}}artık gerçek bir {{TAG:0005:0006:}} sakini
olduğuma göre, {{TAG:0007:0000:08000000}}bir ara takılalım!{{TAG:0007:0000:10000000}} {{TAG:000E:0003:}}{{TAG:0005:0007:}}!"
52,053,"{{TAG:0003:0011:}}{{TAG:000E:0003:}}{{TAG:0005:0008:}}?{{TAG:0007:0000:20000000}} {{TAG:0003:001D:}}I finally found you! {{TAG:0007:0000:10000000}}It's
me,{{TAG:0007:0000:08000000}} {{TAG:0005:0001:}}. {{TAG:0007:0000:10000000}}I've been here for
weeks!
{{TAG:0003:002B:}}It's funny, {{TAG:0007:0000:08000000}}I was just camping here
when I met {{TAG:0011:0000:0000}}, and {{TAG:000E:0005:0400680065000600730068006500}}
convinced me to move here for real.
Now I'm a full-time {{TAG:0005:0006:}}
resident, {{TAG:0003:002C:}}and I couldn't be happier!{{TAG:0000:0004:}}{{TAG:0003:0027:}}We should get together sometime
soon and catch up, {{TAG:0007:0000:08000000}}OK?{{TAG:0003:0026:}}{{TAG:0007:0000:10000000}}
{{TAG:000E:0003:}}{{TAG:0005:0007:}}!","{{TAG:0003:0011:}}¿{{TAG:000E:0003:}}{{TAG:0005:0008:}}?{{TAG:0007:0000:20000000}} {{TAG:0003:001D:}}¡Por fin doy contigo! {{TAG:0007:0000:10000000}}
Soy {{TAG:0005:0001:}}. {{TAG:0007:0000:10000000}}Hace semanas que
vivo aquí.
{{TAG:0003:002B:}}Fue {{TAG:0011:0000:0000}} quien me invitó
a vivir en {{TAG:000E:0003:}}{{TAG:0005:0005:}}, ¿sabes?
¡Me hizo mucha ilusión!
{{TAG:0003:0027:}}Tengo tantas cosas que contarte...{{TAG:0007:0000:10000000}}
¡Ven a visitarme algún día!","{{TAG:0003:0011:}}{{TAG:000E:0003:}}{{TAG:0005:0008:}} !{{TAG:0007:0000:0F000000}} {{TAG:0003:001D:}}Je te trouve enfin !
{{TAG:0007:0000:1E000000}}C'est moi,{{TAG:0007:0000:0F000000}} {{TAG:0005:0001:}} ! {{TAG:0007:0000:1E000000}}J'habite ici
depuis quelques semaines, tu sais...
{{TAG:0003:0001:}}C'est {{TAG:0011:0000:0000}}, {{TAG:0007:0000:0C000000}}que j'ai connu{{TAG:000E:0008:00CD0000020065000000}} en
faisant du camping dans les
environs,{{TAG:0007:0000:0C000000}} qui m'a poussée à venir ici.
{{TAG:0003:0026:}}Je ne regrette pas d'avoir
emménagé, {{TAG:0007:0000:0F000000}}mais je m'étonne de ne
pas t'avoir croisé{{TAG:000E:0006:000002006500}} plus tôt.
{{TAG:0003:0026:}}En tout cas, maintenant que toi et
moi sommes voisin{{TAG:000E:0006:02007300040065007300}},{{TAG:0007:0000:10000000}} nous allons
pouvoir nous voir plus souvent !","{{TAG:0003:0011:}}{{TAG:000E:0003:}}{{TAG:0005:0008:}}?{{TAG:0007:0000:20000000}} {{TAG:0003:001D:}}Finalmente ti ho
trovat{{TAG:000E:0006:02006F0002006100}}! {{TAG:0007:0000:10000000}}Sono io,{{TAG:0007:0000:08000000}} {{TAG:0005:0001:}}.{{TAG:0007:0000:10000000}}
Abito qui ormai da settimane!
{{TAG:0003:002B:}}Sai, {{TAG:0007:0000:08000000}}ero qui in campeggio quando
{{TAG:0011:0000:0000}} mi ha suggerito
di trasferirmi in pianta stabile.
Adesso sono cittadina di {{TAG:0005:0006:}}{{TAG:0007:0000:0F000000}}{{TAG:0003:002C:}}
a tutti gli effetti e sono felicissima!{{TAG:0000:0004:}}{{TAG:0003:0027:}}Vediamoci presto per aggiornarci
sugli ultimi pettegolezzi, {{TAG:0007:0000:08000000}}d'accordo?{{TAG:0003:0026:}}{{TAG:0007:0000:10000000}}
{{TAG:000E:0003:}}{{TAG:0005:0007:}}!","{{TAG:0003:0011:}}{{TAG:000E:0003:}}{{TAG:0005:0008:}}?{{TAG:0007:0000:28000000}} {{TAG:0003:001D:}}Da bist du endlich!{{TAG:0007:0000:14000000}}
Ich bin es!{{TAG:0007:0000:14000000}} {{TAG:000E:0003:}}{{TAG:0005:0001:}}!{{TAG:0007:0000:14000000}}
Ich wohne schon seit Wochen hier!
{{TAG:0003:002B:}}Ich war nur zum Zelten da, als mir
{{TAG:0011:0000:0000}} vorschlug, ich könnte
doch umziehen.
{{TAG:0003:0026:}}Und nun wohne ich tatsächlich
permanent in {{TAG:0005:0006:}} und bin
wirklich glücklich darüber!
Wir müssen bei Gelegenheit
etwas zusammen unternehmen, {{TAG:0007:0000:08000000}}ja?{{TAG:0007:0000:14000000}}
Würde mich freuen,{{TAG:0007:0000:08000000}} {{TAG:0005:0007:}}!","{{TAG:0003:0011:}}{{TAG:000E:0003:}}{{TAG:0005:0008:}}?{{TAG:0007:0000:20000000}} {{TAG:0003:001D:}}Sonunda seni buldum! {{TAG:0007:0000:10000000}}Benim,{{TAG:0007:0000:08000000}} {{TAG:0005:0001:}}.
{{TAG:0007:0000:10000000}}Haftalardır buradayım!
{{TAG:0003:002B:}}Komik aslında, {{TAG:0007:0000:08000000}}burada kamp yaparken {{TAG:0011:0000:0000}}
ile tanıştım, {{TAG:000E:0005:0400680065000600730068006500}} da beni gerçekten
buraya taşınmaya ikna etti.
Artık tam zamanlı bir {{TAG:0005:0006:}} sakiniyim, {{TAG:0003:002C:}}ve
daha mutlu olamazdım!{{TAG:0000:0004:}}{{TAG:0003:0027:}}Yakında bir ara
buluşup hasret
giderelim, {{TAG:0007:0000:08000000}}olur mu?{{TAG:0003:0026:}}{{TAG:0007:0000:10000000}}
{{TAG:000E:0003:}}{{TAG:0005:0007:}}!"
53,054,"{{TAG:0003:0011:}}{{TAG:000E:0003:}}{{TAG:0005:0008:}}?{{TAG:0007:0000:20000000}} {{TAG:0003:001D:}}I finally found you! {{TAG:0007:0000:10000000}}It's
me,{{TAG:0007:0000:08000000}} {{TAG:0005:0001:}}. {{TAG:0007:0000:10000000}}I've been here for
weeks!
{{TAG:0003:002B:}}I used to live in {{TAG:0011:0002:0000}}, {{TAG:0007:0000:08000000}}but my
friend {{TAG:0011:0000:0000}} invited me to
move here.
{{TAG:0003:0025:}}The next thing I knew, {{TAG:0007:0000:08000000}}I was on my
way. {{TAG:0007:0000:10000000}}{{TAG:0003:001F:}}And I couldn't be happier!{{TAG:0000:0004:}}{{TAG:0003:0027:}}We should get together sometime
soon and catch up, {{TAG:0007:0000:08000000}}OK?{{TAG:0003:0026:}}{{TAG:0007:0000:10000000}}
{{TAG:000E:0003:}}{{TAG:0005:0007:}}!","{{TAG:0003:0011:}}¡{{TAG:000E:0003:}}{{TAG:0005:0008:}}!{{TAG:0007:0000:20000000}} {{TAG:0003:001D:}}¡Por fin apareces! {{TAG:0007:0000:10000000}}
¿Me recuerdas?{{TAG:0007:0000:08000000}} ¡Soy {{TAG:0005:0001:}},
tu nueva vecina!
{{TAG:0003:002B:}}Vivía en {{TAG:000E:0003:}}{{TAG:0011:0002:0000}} hasta que
conocí a {{TAG:0011:0000:0000}} y me invitó
a mudarme a este pueblo.
{{TAG:0003:0025:}}¡No podría estar más contenta!
Por supuesto, acepté la oferta
encantada, ¡y aquí estoy!
{{TAG:0003:0027:}}Déjate ver un poco más y ven
a visitarme algún día, cielín.
Sería divino.","{{TAG:0003:0011:}}{{TAG:000E:0003:}}{{TAG:0005:0008:}} !{{TAG:0007:0000:0F000000}} {{TAG:0003:001D:}}Je te trouve enfin !
{{TAG:0007:0000:1E000000}}C'est moi,{{TAG:0007:0000:0F000000}} {{TAG:0005:0001:}} ! {{TAG:0007:0000:1E000000}}J'habite ici
depuis quelques semaines, tu sais...
{{TAG:0003:0001:}}C'est {{TAG:0011:0000:0000}}, {{TAG:0007:0000:0C000000}}que j'ai connu{{TAG:000E:0008:00CD0000020065000000}} à
{{TAG:0011:0002:0000}},{{TAG:0007:0000:0C000000}} qui m'a poussée à venir
m'installer ici, {{TAG:0005:0007:}}.
{{TAG:0003:0026:}}Je ne regrette pas d'avoir
emménagé, {{TAG:0007:0000:0F000000}}mais je m'étonne de ne
pas t'avoir croisé{{TAG:000E:0006:000002006500}} plus tôt.
{{TAG:0003:0026:}}En tout cas, maintenant que toi et
moi sommes voisin{{TAG:000E:0006:02007300040065007300}},{{TAG:0007:0000:10000000}} nous allons
pouvoir nous voir plus souvent !","{{TAG:0003:0011:}}{{TAG:000E:0003:}}{{TAG:0005:0008:}}?{{TAG:0007:0000:20000000}} {{TAG:0003:001D:}}Finalmente ti ho
trovat{{TAG:000E:0006:02006F0002006100}}! {{TAG:0007:0000:10000000}}Sono io,{{TAG:0007:0000:08000000}} {{TAG:0005:0001:}}.{{TAG:0007:0000:10000000}}
Abito qui ormai da settimane!
{{TAG:0003:002B:}}Sai, {{TAG:0007:0000:08000000}}abitavo ancora {{TAG:000E:0010:}} {{TAG:0011:0002:0000}}
quando {{TAG:0011:0000:0000}} mi ha suggerito
di trasferirmi in questa città.
Adesso sono cittadina di {{TAG:0005:0006:}}{{TAG:0007:0000:0F000000}}{{TAG:0003:002C:}}
a tutti gli effetti e sono felicissima!{{TAG:0000:0004:}}{{TAG:0003:0027:}}Vediamoci presto per aggiornarci
sugli ultimi pettegolezzi, {{TAG:0007:0000:08000000}}d'accordo?{{TAG:0003:0026:}}{{TAG:0007:0000:10000000}}
{{TAG:000E:0003:}}{{TAG:0005:0007:}}!","{{TAG:0003:0011:}}{{TAG:000E:0003:}}{{TAG:0005:0008:}}?{{TAG:0007:0000:14000000}}{{TAG:0003:001D:}} Da bist du also!{{TAG:0007:0000:14000000}}
Ich bin's!{{TAG:0007:0000:14000000}} {{TAG:000E:0003:}}{{TAG:0005:0001:}}!{{TAG:0007:0000:14000000}} Ich bin schon
vor mehreren Wochen hergezogen!
{{TAG:0003:002B:}}Vorher habe ich in {{TAG:0011:0002:0000}}
gewohnt, {{TAG:0007:0000:08000000}}aber {{TAG:0011:0000:0000}} hat
mich hierher eingeladen.
{{TAG:0003:0025:}}Und ehe ich mich versah,{{TAG:0007:0000:08000000}} hatte
ich schon beschlossen, auf Dauer
hierher umzuziehen!
{{TAG:0003:0026:}}Ich hoffe, wir beide haben bald die
Gelegenheit, etwas zusammen zu
unternehmen, {{TAG:0007:0000:08000000}}{{TAG:0005:0007:}}!","{{TAG:0003:0011:}}{{TAG:000E:0003:}}{{TAG:0005:0008:}}?{{TAG:0007:0000:20000000}} {{TAG:0003:001D:}}Sonunda seni buldum! {{TAG:0007:0000:10000000}}Benim,{{TAG:0007:0000:08000000}} {{TAG:0005:0001:}}.
{{TAG:0007:0000:10000000}}Haftalardır buradayım!
{{TAG:0003:002B:}}Eskiden {{TAG:0011:0002:0000}} kasabasında yaşıyordum, {{TAG:0007:0000:08000000}}ama
arkadaşım {{TAG:0011:0000:0000}} beni
buraya taşınmaya davet etti.
{{TAG:0003:0025:}}Bir baktım, {{TAG:0007:0000:08000000}}yola çıkmışım bile. {{TAG:0007:0000:10000000}}{{TAG:0003:001F:}}Daha
mutlu olamazdım!{{TAG:0000:0004:}}{{TAG:0003:0027:}}Yakında bir ara buluşup hasret
giderelim, {{TAG:0007:0000:08000000}}olur mu?{{TAG:0003:0026:}}{{TAG:0007:0000:10000000}}
{{TAG:000E:0003:}}{{TAG:0005:0007:}}!"
54,055,"{{TAG:0003:0014:}}Cough! {{TAG:0007:0000:08000000}}Cough! {{TAG:0007:0000:10000000}}Ack! {{TAG:0007:0000:10000000}}Sorry.{{TAG:0007:0000:08000000}} I'm not
feeling well. {{TAG:0007:0000:10000000}}{{TAG:0003:000F:}}Wait{{TAG:0007:0000:08000000}}.{{TAG:0007:0000:08000000}}.{{TAG:0007:0000:08000000}}.{{TAG:0007:0000:08000000}} {{TAG:000E:0003:}}{{TAG:0005:0008:}}?{{TAG:0007:0000:10000000}} Is
that you?{{TAG:0007:0000:10000000}} It's me, {{TAG:0007:0000:08000000}}{{TAG:0005:0001:}}!
{{TAG:0003:002B:}}I was on vacation here when I met
{{TAG:0011:0000:0000}}, {{TAG:0007:0000:08000000}}and {{TAG:000E:0005:0400680065000600730068006500}} invited me to
move to {{TAG:0005:0006:}} permanently.
{{TAG:0003:001B:}}But then I caught a cold as soon as I
arrived. {{TAG:0007:0000:10000000}}{{TAG:0003:001E:}}{{TAG:0007:000B:}}ACHOO!{{TAG:0007:0000:10000000}}{{TAG:0000:0004:}}{{TAG:0003:0027:}}Anyway, {{TAG:0007:0000:08000000}}we'll have plenty of time
to get to know each other now that
I live here. {{TAG:0007:0000:10000000}}Let's talk soon!","{{TAG:0003:0014:}}¡Cof, {{TAG:0007:0000:08000000}}cof! {{TAG:0007:0000:10000000}}¡Aaaj! {{TAG:0007:0000:10000000}}Perdona,{{TAG:0007:0000:08000000}} no me
encuentro bien. {{TAG:0007:0000:10000000}}{{TAG:0003:000F:}}Ah{{TAG:0007:0000:08000000}}.{{TAG:0007:0000:08000000}}.{{TAG:0007:0000:08000000}}.{{TAG:0007:0000:08000000}} ¿{{TAG:000E:0003:}}{{TAG:0005:0008:}}?{{TAG:0007:0000:10000000}}
¡Soy yo, {{TAG:0007:0000:08000000}}{{TAG:0005:0001:}}!
{{TAG:0003:002B:}}Conocí a {{TAG:0011:0000:0000}} cuando estuve
aquí de vacaciones y me invitó a
quedarme.
{{TAG:0003:001B:}}Me he mudado muy ilusionada,
pero nada más llegar he pillado
un resfriado. {{TAG:0007:0000:10000000}}{{TAG:0003:001E:}}{{TAG:0007:000B:}}¡AAACHÍS!{{TAG:0007:0000:10000000}}{{TAG:0000:0004:}}{{TAG:0003:0027:}}Ahora que vivo aquí tenemos mucho
tiempo para charlar. Ven a verme
cuando me recupere, por favor.","{{TAG:0003:001E:}}{{TAG:0007:0000:10000000}}{{TAG:0007:000B:}}{{TAG:0007:0000:10000000}}ATCHOOOUUUM !{{TAG:0007:0000:2D000000}} {{TAG:0003:000F:}}{{TAG:000E:0003:}}{{TAG:0005:0008:}} ?{{TAG:0007:0000:1E000000}}
C'est bien toi ?{{TAG:0007:0000:1E000000}} Que je suis contente
de te revoir ! {{TAG:0007:0000:1E000000}}C'est moi, {{TAG:0007:0000:10000000}}{{TAG:0005:0001:}}.
{{TAG:0003:0001:}}J'ai sympathisé avec {{TAG:0011:0000:0000}}
alors que je faisais du camping dans
les environs.
C'est {{TAG:000E:0008:00CD06006C0075006900080065006C006C0065000000}} qui m'a proposé de venir
ici.{{TAG:0007:0000:14000000}}{{TAG:0003:001B:}} Bien sûr, {{TAG:0007:0000:0C000000}}j'ai attrapé un rhume
dès mon arrivée... {{TAG:0003:001E:}}{{TAG:0007:0000:10000000}}{{TAG:0007:000B:}}{{TAG:0007:0000:10000000}}ATCHOOUUM !{{TAG:0007:0000:10000000}}{{TAG:0000:0004:}}{{TAG:0003:0026:}}C'est magnifique ! {{TAG:0007:0000:10000000}}Maintenant que
toi et moi sommes voisin{{TAG:000E:0006:02007300040065007300}},{{TAG:0007:0000:10000000}} nous
allons pouvoir nous voir souvent !","{{TAG:0003:0014:}}Coff, {{TAG:0007:0000:08000000}}coff. {{TAG:0007:0000:10000000}}{{TAG:0007:0000:10000000}}Scusa,{{TAG:0007:0000:08000000}} non mi sento
molto bene. {{TAG:0007:0000:10000000}}{{TAG:0003:000F:}}Aspetta{{TAG:0007:0000:08000000}}.{{TAG:0007:0000:08000000}}.{{TAG:0007:0000:08000000}}.{{TAG:0007:0000:08000000}} {{TAG:000E:0003:}}{{TAG:0005:0008:}}?{{TAG:0007:0000:10000000}}
Sei tu?{{TAG:0007:0000:10000000}} Sono io, {{TAG:0007:0000:08000000}}{{TAG:0005:0001:}}!
{{TAG:0003:002B:}}Ero qui in vacanza quando
{{TAG:0011:0000:0000}}{{TAG:0007:0000:0F000000}} mi ha invitata
a trasferirmi {{TAG:000E:0010:}} {{TAG:0005:0006:}}.
{{TAG:0003:001B:}}Purtroppo, appena arrivata,
mi sono ammalata. {{TAG:0007:0000:10000000}}{{TAG:0003:001E:}}{{TAG:0007:000B:}}ECCÌ!{{TAG:0007:0000:10000000}}{{TAG:0000:0004:}}{{TAG:0003:0027:}}Beh, {{TAG:0007:0000:08000000}}magari ci vediamo un altro
giorno per parlare. {{TAG:0007:0000:10000000}}{{TAG:0003:0001:}}Mi farebbe
molto, ma molto piacere!","{{TAG:0003:0014:}}Öhö!{{TAG:0007:0000:08000000}} Öhö!{{TAG:0007:0000:08000000}} Öhööö!{{TAG:0007:0000:14000000}}
Uff!{{TAG:0007:0000:28000000}} Mir geht es heute nicht so gut{{TAG:0007:0000:08000000}}.{{TAG:0007:0000:08000000}}.{{TAG:0007:0000:08000000}}.{{TAG:0007:0000:14000000}}
{{TAG:0003:000F:}}Bist du das,{{TAG:0007:0000:08000000}} {{TAG:0005:0008:}}?
{{TAG:0003:002B:}}Ich bin nur hierher umgezogen, weil
{{TAG:0011:0000:0000}} es mir vorgeschlagen
hat,{{TAG:0007:0000:08000000}} als ich hier zu Besuch war!
{{TAG:0003:001B:}}Und kaum komme ich nach
{{TAG:0005:0006:}}, werde ich auch
schon krank.
{{TAG:0003:001E:}}{{TAG:0007:000B:}}Hatschi!{{TAG:0007:0000:28000000}} Wenn ich wieder gesund
bin, müssen wir beide uns mal
zusammensetzen,{{TAG:0007:0000:08000000}} ja?","{{TAG:0003:0014:}}Öhö! {{TAG:0007:0000:08000000}}Öhö! {{TAG:0007:0000:10000000}}Ah! {{TAG:0007:0000:10000000}}Kusura bakma.{{TAG:0007:0000:08000000}} Pek iyi
değilim. {{TAG:0007:0000:10000000}}{{TAG:0003:000F:}}Bir dakika{{TAG:0007:0000:08000000}}.{{TAG:0007:0000:08000000}}.{{TAG:0007:0000:08000000}}.{{TAG:0007:0000:08000000}} {{TAG:000E:0003:}}{{TAG:0005:0008:}}?{{TAG:0007:0000:10000000}} Sen misin?{{TAG:0007:0000:10000000}}
Benim, {{TAG:0007:0000:08000000}}{{TAG:0005:0001:}}!
{{TAG:0003:002B:}}Burada tatildeyken {{TAG:0011:0000:0000}} ile tanıştım, {{TAG:0007:0000:08000000}}{{TAG:000E:0005:0400680065000600730068006500}} da
beni kalıcı olarak {{TAG:0005:0006:}} kasabasına
taşınmaya davet etti.
{{TAG:0003:001B:}}Ama gelir gelmez soğuk algınlığına
yakalandım. {{TAG:0007:0000:10000000}}{{TAG:0003:001E:}}{{TAG:0007:000B:}}HAPŞU!{{TAG:0007:0000:10000000}}{{TAG:0000:0004:}}{{TAG:0003:0027:}}Neyse, {{TAG:0007:0000:08000000}}artık burada
yaşadığıma göre
birbirimizi tanımak için bol vaktimiz
olacak. {{TAG:0007:0000:10000000}}Yakında konuşalım!"
55,056,"{{TAG:0003:0014:}}Cough! {{TAG:0007:0000:08000000}}Cough! {{TAG:0007:0000:10000000}}Ack! {{TAG:0007:0000:10000000}}Sorry.{{TAG:0007:0000:08000000}} I'm not
feeling well. {{TAG:0007:0000:10000000}}{{TAG:0003:000F:}}Wait{{TAG:0007:0000:08000000}}.{{TAG:0007:0000:08000000}}.{{TAG:0007:0000:08000000}}.{{TAG:0007:0000:08000000}} {{TAG:000E:0003:}}{{TAG:0005:0008:}}?{{TAG:0007:0000:10000000}} Is
that you?{{TAG:0007:0000:10000000}} It's me, {{TAG:0007:0000:08000000}}{{TAG:0005:0001:}}!
{{TAG:0003:002B:}}I used to live in {{TAG:0011:0002:0000}}, {{TAG:0007:0000:08000000}}but my
friend {{TAG:0011:0000:0000}} invited me to
move here.
The next thing I knew, {{TAG:0007:0000:08000000}}I was on my
way. {{TAG:0007:0000:10000000}}{{TAG:0003:0009:}}But I caught a cold as soon as I
arrived. {{TAG:0007:0000:10000000}}{{TAG:0003:001E:}}{{TAG:0007:000B:}}ACHOO!{{TAG:0007:0000:10000000}}{{TAG:0000:0004:}}{{TAG:0003:0027:}}Anyway, {{TAG:0007:0000:08000000}}we'll have plenty of time
to get to know each other now that
I live here. {{TAG:0007:0000:10000000}}Let's talk soon!","{{TAG:0003:0014:}}¡Cof, {{TAG:0007:0000:08000000}}cof! {{TAG:0007:0000:10000000}}¡Uuuf! {{TAG:0007:0000:10000000}}Disculpa,{{TAG:0007:0000:08000000}} estoy
resfriada. {{TAG:0007:0000:10000000}}{{TAG:0003:000F:}}¿Eh? ¿{{TAG:000E:0003:}}{{TAG:0005:0008:}}?{{TAG:0007:0000:10000000}}
¡Soy yo, {{TAG:0007:0000:08000000}}{{TAG:0005:0001:}}!
{{TAG:0003:002B:}}¿Me recuerdas? ¡De {{TAG:000E:0003:}}{{TAG:0011:0002:0000}}! {{TAG:0007:0000:08000000}}
{{TAG:000E:0003:}}{{TAG:0011:0000:0000}} me convenció para
que me mudara a este pueblo.
Ahora vivo aquí. ¿A que no te
lo esperabas? {{TAG:0007:0000:10000000}}{{TAG:0003:001E:}}{{TAG:0007:000B:}}¡AAACHÍS!{{TAG:0007:0000:10000000}}{{TAG:0000:0004:}}{{TAG:0003:0027:}}Ay... Cuando me haya recuperado
espero verte más a menudo,
terroncín.","{{TAG:0003:001E:}}{{TAG:0007:0000:10000000}}{{TAG:0007:000B:}}{{TAG:0007:0000:10000000}}ATCHOOOUUUM !{{TAG:0007:0000:2D000000}} {{TAG:0003:000F:}}{{TAG:000E:0003:}}{{TAG:0005:0008:}} ?{{TAG:0007:0000:1E000000}}
C'est bien toi ?{{TAG:0007:0000:1E000000}} Que je suis contente
de te revoir ! {{TAG:0007:0000:1E000000}}C'est moi, {{TAG:0007:0000:10000000}}{{TAG:0005:0001:}}.
{{TAG:0003:0001:}}J'ai rencontré {{TAG:0011:0000:0000}} alors que
j'habitais encore à {{TAG:0011:0002:0000}}. C'est
{{TAG:000E:0008:00CD06006C0075006900080065006C006C0065000000}} qui m'a proposé de venir ici.{{TAG:0007:0000:14000000}}{{TAG:0003:001B:}}
Et bien sûr, {{TAG:0007:0000:0C000000}}j'ai attrapé un rhume
dès mon arrivée... {{TAG:0003:001E:}}{{TAG:0007:0000:10000000}}{{TAG:0007:000B:}}{{TAG:0007:0000:10000000}}ATCHOOUUM !{{TAG:0007:0000:10000000}}{{TAG:0000:0004:}}{{TAG:0003:0026:}}C'est magnifique ! {{TAG:0007:0000:10000000}}Maintenant que
toi et moi sommes voisin{{TAG:000E:0006:02007300040065007300}},{{TAG:0007:0000:10000000}} nous
allons pouvoir nous voir souvent !","{{TAG:0003:0014:}}Coff, {{TAG:0007:0000:08000000}}coff. {{TAG:0007:0000:10000000}}{{TAG:0007:0000:10000000}}Scusa,{{TAG:0007:0000:08000000}} non mi sento
molto bene. {{TAG:0007:0000:10000000}}{{TAG:0003:000F:}}Aspetta{{TAG:0007:0000:08000000}}.{{TAG:0007:0000:08000000}}.{{TAG:0007:0000:08000000}}.{{TAG:0007:0000:08000000}} {{TAG:000E:0003:}}{{TAG:0005:0008:}}?{{TAG:0007:0000:10000000}}
Sei tu?{{TAG:0007:0000:10000000}} Sono io, {{TAG:0007:0000:08000000}}{{TAG:0005:0001:}}!
{{TAG:0003:002B:}}Abitavo ancora {{TAG:000E:0010:}} {{TAG:0011:0002:0000}}
quando {{TAG:0011:0000:0000}}{{TAG:0007:0000:0F000000}} mi ha invitata
a trasferirmi da queste parti.
{{TAG:0003:001B:}}Purtroppo, appena arrivata,
mi sono ammalata. {{TAG:0007:0000:10000000}}{{TAG:0003:001E:}}{{TAG:0007:000B:}}ECCÌ!{{TAG:0007:0000:10000000}}{{TAG:0000:0004:}}{{TAG:0003:0027:}}Beh, {{TAG:0007:0000:08000000}}magari ci vediamo un altro
giorno per parlare. {{TAG:0007:0000:10000000}}{{TAG:0003:0001:}}Mi farebbe
molto, ma molto piacere!","{{TAG:0003:0014:}}Öhö!{{TAG:0007:0000:08000000}} Öhö!{{TAG:0007:0000:08000000}} Öhööö!{{TAG:0007:0000:14000000}}
Uff!{{TAG:0007:0000:28000000}} Mir geht es heute nicht so gut{{TAG:0007:0000:08000000}}.{{TAG:0007:0000:08000000}}.{{TAG:0007:0000:08000000}}.{{TAG:0007:0000:14000000}}
{{TAG:0003:000F:}}Bist du das,{{TAG:0007:0000:08000000}} {{TAG:0005:0008:}}?
{{TAG:0003:002B:}}Ich bin nur aus {{TAG:0011:0002:0000}} hierher
umgezogen, weil {{TAG:0011:0000:0000}} es mir
vorgeschlagen hat,{{TAG:0007:0000:08000000}} weißt du?
{{TAG:0003:001B:}}Und kaum bin ich umgezogen,
werde ich auch schon krank.{{TAG:0000:0004:}}{{TAG:0003:001E:}}{{TAG:0007:000B:}}Hatschi!{{TAG:0007:0000:28000000}} Wenn ich wieder gesund
bin, müssen wir beide uns mal
zusammensetzen,{{TAG:0007:0000:08000000}} ja?","{{TAG:0003:0014:}}Öhö! {{TAG:0007:0000:08000000}}Öhö! {{TAG:0007:0000:10000000}}Ah! {{TAG:0007:0000:10000000}}Kusura bakma.{{TAG:0007:0000:08000000}} Pek iyi
değilim. {{TAG:0007:0000:10000000}}{{TAG:0003:000F:}}Bir dakika{{TAG:0007:0000:08000000}}.{{TAG:0007:0000:08000000}}.{{TAG:0007:0000:08000000}}.{{TAG:0007:0000:08000000}} {{TAG:000E:0003:}}{{TAG:0005:0008:}}?{{TAG:0007:0000:10000000}} Sen misin?{{TAG:0007:0000:10000000}}
Benim, {{TAG:0007:0000:08000000}}{{TAG:0005:0001:}}!
{{TAG:0003:002B:}}Eskiden {{TAG:0011:0002:0000}} kasabasında yaşıyordum, {{TAG:0007:0000:08000000}}ama
arkadaşım {{TAG:0011:0000:0000}} beni
buraya taşınmaya davet etti.
Bir baktım, {{TAG:0007:0000:08000000}}yola çıkmışım bile. {{TAG:0007:0000:10000000}}{{TAG:0003:0009:}}Ama
gelir gelmez soğuk algınlığına
yakalandım. {{TAG:0007:0000:10000000}}{{TAG:0003:001E:}}{{TAG:0007:000B:}}HAPŞU!{{TAG:0007:0000:10000000}}{{TAG:0000:0004:}}{{TAG:0003:0027:}}Neyse, {{TAG:0007:0000:08000000}}artık burada
yaşadığıma göre
birbirimizi tanımak için bol vaktimiz
olacak. {{TAG:0007:0000:10000000}}Yakında konuşalım!"
56,057,"{{TAG:0003:0017:}}{{TAG:000E:0003:}}{{TAG:0005:0008:}}? {{TAG:0007:0000:10000000}}Is that you?{{TAG:0007:0000:10000000}} {{TAG:0003:0026:}}It's me,{{TAG:0007:0000:08000000}}
{{TAG:0005:0001:}}!{{TAG:0000:0004:}}{{TAG:0003:0024:}}Here's a funny story.{{TAG:0007:0000:10000000}} I was just
camping here when someone invited
me to move here permanently.
{{TAG:0003:0006:}}But then that same person, {{TAG:0007:0000:08000000}}who
shall remain nameless, {{TAG:0007:0000:08000000}}up and
moved away. {{TAG:0003:0007:}}{{TAG:0007:0000:10000000}}How rude!
{{TAG:0003:0027:}}Anyway, {{TAG:0007:0000:08000000}}now that I'm a real
{{TAG:0005:0006:}} resident, {{TAG:0007:0000:08000000}}we should hang
out!{{TAG:0007:0000:10000000}} {{TAG:000E:0003:}}{{TAG:0005:0007:}}!","{{TAG:0003:0012:}}¿{{TAG:000E:0003:}}{{TAG:0005:0008:}}? {{TAG:0007:0000:10000000}}¡Qué alegría!{{TAG:0007:0000:10000000}} {{TAG:0003:0026:}}¡Soy yo,
{{TAG:0005:0001:}}! ¿Me recuerdas?{{TAG:0000:0004:}}{{TAG:0003:0024:}}Ahora vivo aquí, alguien me invitó
cuando vine de acampada, ¿sabes?{{TAG:0000:0004:}}{{TAG:0003:0006:}}Aunque esa persona, a la que no voy
a nombrar, se ha ido sin decir ni pío.{{TAG:0003:0007:}}{{TAG:0007:0000:10000000}}
¡Menuda falta de educación!
{{TAG:0003:0027:}}En fin, por lo menos te tengo a ti.
En cuanto acabe de instalarme,
hablamos, {{TAG:0005:0007:}}.","{{TAG:0003:0001:}}Quelle belle surprise...{{TAG:0007:0000:1E000000}} {{TAG:0005:0008:}} !{{TAG:0007:0000:1E000000}}
Je suis contente de te revoir, tu
sais. {{TAG:0007:0000:1E000000}}C'est moi, {{TAG:0005:0001:}} !
{{TAG:0003:0026:}}Figure-toi que j'avais sympathisé
avec quelqu'un d'ici alors que je
campais dans les environs.
{{TAG:0003:0015:}}{{TAG:0007:0000:10000000}}C'est cette personne qui m'a
convaincue de venir habiter à
{{TAG:0005:0005:}}.{{TAG:0007:0000:2D000000}} {{TAG:0003:000A:}}Mais elle a déménagé.
{{TAG:0003:0026:}}C'est magnifique ! {{TAG:0007:0000:10000000}}Maintenant que
toi et moi sommes voisin{{TAG:000E:0006:02007300040065007300}},{{TAG:0007:0000:10000000}} nous
allons pouvoir nous voir souvent !","{{TAG:0003:0017:}}{{TAG:000E:0003:}}{{TAG:0005:0008:}}? {{TAG:0007:0000:10000000}}Sei tu?
{{TAG:0007:0000:10000000}}{{TAG:0003:0026:}}Sono io,{{TAG:0007:0000:08000000}} {{TAG:0005:0001:}}!{{TAG:0000:0004:}}{{TAG:0003:0024:}}Sai cosa mi è successo?
{{TAG:0007:0000:10000000}}Ero qui in campeggio e qualcuno
mi ha convinta a trasferirmi in città.
{{TAG:0003:0006:}}Solo che questo qualcuno,{{TAG:0007:0000:08000000}}
di cui non voglio fare il nome, {{TAG:0007:0000:08000000}}ha
lasciato la città. {{TAG:0003:0007:}}{{TAG:0007:0000:10000000}}Dico... che modi!!!
{{TAG:0003:0027:}}Beh, {{TAG:0007:0000:08000000}}almeno tu sei rimast{{TAG:000E:0006:02006F0002006100}} qui
{{TAG:000E:0010:}} {{TAG:0005:0006:}}.{{TAG:0007:0000:0F000000}} Dai, {{TAG:0003:0001:}}rivediamoci
presto! {{TAG:0007:0000:0F000000}}{{TAG:000E:0003:}}{{TAG:0005:0007:}}!","{{TAG:0003:0017:}}{{TAG:000E:0003:}}{{TAG:0005:0008:}}? {{TAG:0007:0000:14000000}}Erinnerst du dich noch
an mich?{{TAG:0007:0000:28000000}} {{TAG:0003:0026:}}Ich bin's!{{TAG:0007:0000:14000000}} {{TAG:000E:0003:}}{{TAG:0005:0001:}}!{{TAG:0000:0004:}}{{TAG:0003:0024:}}Ich bin hierher umgezogen, weil es
mir jemand vorgeschlagen hat, als
ich gerade zum Campen hier war.
Verrückt, {{TAG:0007:0000:08000000}}nicht?{{TAG:0007:0000:28000000}}{{TAG:0003:0006:}} Aber kaum komme
ich hier an, stelle ich fest, dass
dieser Jemand weggezogen ist.
{{TAG:0003:0007:}}Wer schlägt denn eine tolle Stadt
als neuen Wohnort vor, nur um sich
dann woandershin abzusetzen?
{{TAG:0003:0024:}}Wenigstens ist {{TAG:0005:0006:}} wirklich
so, wie damals behauptet.{{TAG:0007:0000:14000000}} Ich fühle
mich richtig wohl hier!","{{TAG:0003:0017:}}{{TAG:000E:0003:}}{{TAG:0005:0008:}}? {{TAG:0007:0000:10000000}}Sen misin?{{TAG:0007:0000:10000000}} {{TAG:0003:0026:}}Benim,{{TAG:0007:0000:08000000}}
{{TAG:0005:0001:}}!{{TAG:0000:0004:}}{{TAG:0003:0024:}}Komik bir hikâye
var.{{TAG:0007:0000:10000000}} Burada kamp
yaparken biri beni kalıcı olarak
taşınmaya davet etti.
{{TAG:0003:0006:}}Sonra adı lazım değil o kişi, {{TAG:0007:0000:08000000}}bir
güzel {{TAG:0007:0000:08000000}}çekip taşındı. {{TAG:0003:0007:}}{{TAG:0007:0000:10000000}}Ne kabalık!
{{TAG:0003:0027:}}Neyse, {{TAG:0007:0000:08000000}}artık gerçek bir {{TAG:0005:0006:}} sakini
olduğuma göre, {{TAG:0007:0000:08000000}}bir ara takılalım!{{TAG:0007:0000:10000000}} {{TAG:000E:0003:}}{{TAG:0005:0007:}}!"
57,058,"{{TAG:0003:0017:}}{{TAG:000E:0003:}}{{TAG:0005:0008:}}? {{TAG:0007:0000:10000000}}Is that you?{{TAG:0007:0000:10000000}} {{TAG:0003:0026:}}It's me,{{TAG:0007:0000:08000000}}
{{TAG:0005:0001:}}!{{TAG:0000:0004:}}{{TAG:0003:0024:}}Here's a funny story.{{TAG:0007:0000:10000000}} I used to live
in {{TAG:0011:0002:0000}},{{TAG:0007:0000:08000000}} until a certain
someone convinced me to relocate.
{{TAG:0003:0006:}}But then that same person, {{TAG:0007:0000:08000000}}who
shall remain nameless, {{TAG:0007:0000:08000000}}up and
moved away. {{TAG:0003:0007:}}{{TAG:0007:0000:10000000}}How rude!
{{TAG:0003:0027:}}Anyway, {{TAG:0007:0000:08000000}}now that I'm a real
{{TAG:0005:0006:}} resident, {{TAG:0007:0000:08000000}}we should hang
out!{{TAG:0007:0000:10000000}} {{TAG:000E:0003:}}{{TAG:0005:0007:}}!","{{TAG:0003:000F:}}¡Anda, {{TAG:0005:0008:}}! {{TAG:0007:0000:14000000}}{{TAG:0003:0026:}}¡Soy yo,{{TAG:0007:0000:08000000}}
{{TAG:0005:0001:}}! ¿Tú también vives
aquí? ¡Qué casualidad!
{{TAG:0003:0024:}}Alguien me convenció para que me
fuera de {{TAG:000E:0003:}}{{TAG:0011:0002:0000}} y me mudara
a este pueblo.
{{TAG:0003:0006:}}Esa persona vivía aquí, pero parece
que se ha ido sin avisarme. ¡Eso no
se hace!
{{TAG:0003:0027:}}En fin, por lo menos sé que puedo
contar contigo. {{TAG:0007:0000:10000000}}Ven a verme cuando
me haya instalado.","{{TAG:0003:0001:}}Quelle belle surprise...{{TAG:0007:0000:1E000000}} {{TAG:0005:0008:}} !{{TAG:0007:0000:1E000000}}
Je suis contente de te revoir, tu
sais. {{TAG:0007:0000:1E000000}}C'est moi, {{TAG:0005:0001:}} !
{{TAG:0003:0026:}}Quand je vivais à {{TAG:0011:0002:0000}}, j'ai
sympathisé avec quelqu'un d'ici.{{TAG:0000:0004:}}{{TAG:0003:0015:}}{{TAG:0007:0000:10000000}}C'est cette personne qui m'a
convaincue de venir habiter à
{{TAG:0005:0005:}}.{{TAG:0007:0000:2D000000}} {{TAG:0003:000A:}}Mais elle a déménagé.
{{TAG:0003:0026:}}C'est magnifique ! {{TAG:0007:0000:10000000}}Maintenant que
toi et moi sommes voisin{{TAG:000E:0006:02007300040065007300}},{{TAG:0007:0000:10000000}} nous
allons pouvoir nous voir souvent !","{{TAG:0003:0017:}}{{TAG:000E:0003:}}{{TAG:0005:0008:}}? {{TAG:0007:0000:10000000}}Sei tu?
{{TAG:0007:0000:10000000}}{{TAG:0003:0026:}}Sono io,{{TAG:0007:0000:08000000}} {{TAG:0005:0001:}}!{{TAG:0000:0004:}}{{TAG:0003:0024:}}Sai cosa mi è successo?{{TAG:0007:0000:10000000}} Abitavo
{{TAG:000E:0010:}} {{TAG:0011:0002:0000}}, quando qualcuno
mi ha convinta a trasferirmi qui.
{{TAG:0003:0006:}}Solo che questo qualcuno,{{TAG:0007:0000:08000000}}
di cui non voglio fare il nome, {{TAG:0007:0000:08000000}}ha
lasciato la città. {{TAG:0003:0007:}}{{TAG:0007:0000:10000000}}Dico... che modi!!!
{{TAG:0003:0027:}}Beh, {{TAG:0007:0000:08000000}}almeno tu sei rimast{{TAG:000E:0006:02006F0002006100}} qui
{{TAG:000E:0010:}} {{TAG:0005:0006:}}.{{TAG:0007:0000:0F000000}} Dai, {{TAG:0003:0001:}}rivediamoci
presto! {{TAG:0007:0000:0F000000}}{{TAG:000E:0003:}}{{TAG:0005:0007:}}!","{{TAG:0003:0017:}}Bist du das etwa,{{TAG:0007:0000:08000000}} {{TAG:0005:0008:}}?{{TAG:0007:0000:28000000}}
{{TAG:0003:0026:}}Ich bin's!{{TAG:0007:0000:14000000}} Deine gute Freundin
{{TAG:0005:0001:}}! {{TAG:0003:0002:}}{{TAG:0007:0000:14000000}}Haha!
{{TAG:0003:0024:}}Ich habe vorher in {{TAG:0011:0002:0000}}
gewohnt, {{TAG:0007:0000:08000000}}aber dann hat mich
jemand zum Umzug bewogen.
{{TAG:0003:0006:}}Als ich dann endlich umgezogen war,
stellte ich fest, dass dieser Jemand
längst das Weite gesucht hat!
{{TAG:0003:0024:}}Ich denke, {{TAG:0007:0000:08000000}}es war trotzdem richtig,
nach {{TAG:0005:0006:}} zu ziehen.{{TAG:0000:0004:}}{{TAG:0003:0024:}}Vielleicht lernen wir beide uns
auch bald etwas besser kennen,
{{TAG:0007:0000:08000000}}{{TAG:0005:0007:}}.","{{TAG:0003:0017:}}{{TAG:000E:0003:}}{{TAG:0005:0008:}}? {{TAG:0007:0000:10000000}}Sen misin?{{TAG:0007:0000:10000000}} {{TAG:0003:0026:}}Benim,{{TAG:0007:0000:08000000}}
{{TAG:0005:0001:}}!{{TAG:0000:0004:}}{{TAG:0003:0024:}}Komik bir hikâye var.{{TAG:0007:0000:10000000}}
Eskiden {{TAG:0011:0002:0000}}
kasabasında yaşıyordum,{{TAG:0007:0000:08000000}} ta ki biri
beni taşınmaya ikna edene kadar.
{{TAG:0003:0006:}}Sonra adı lazım değil o kişi, {{TAG:0007:0000:08000000}}bir
güzel {{TAG:0007:0000:08000000}}çekip taşındı. {{TAG:0003:0007:}}{{TAG:0007:0000:10000000}}Ne kabalık!
{{TAG:0003:0027:}}Neyse, {{TAG:0007:0000:08000000}}artık gerçek bir {{TAG:0005:0006:}} sakini
olduğuma göre, {{TAG:0007:0000:08000000}}bir ara takılalım!{{TAG:0007:0000:10000000}} {{TAG:000E:0003:}}{{TAG:0005:0007:}}!"
58,059,"Well,{{TAG:0007:0000:08000000}} look who it is.{{TAG:0007:0000:10000000}} {{TAG:0003:0010:}}{{TAG:000E:0003:}}{{TAG:0005:0008:}}!{{TAG:0007:0000:10000000}}
Great to see you!{{TAG:0000:0004:}}{{TAG:0003:0024:}}Here's a funny story.{{TAG:0007:0000:10000000}} I was just
camping here when someone invited
me to move here permanently.
{{TAG:0003:0006:}}But then that same person, {{TAG:0007:0000:08000000}}who
shall remain nameless, {{TAG:0007:0000:08000000}}up and
moved away. {{TAG:0003:0007:}}{{TAG:0007:0000:10000000}}How rude!
{{TAG:0003:0027:}}Anyway, {{TAG:0007:0000:08000000}}now that I'm a real
{{TAG:0005:0006:}} resident, {{TAG:0007:0000:08000000}}we should hang
out!{{TAG:0007:0000:10000000}} {{TAG:000E:0003:}}{{TAG:0005:0007:}}!","¡Anda, fíjate!{{TAG:0007:0000:10000000}} {{TAG:0003:0010:}}¡Eres {{TAG:0005:0008:}}!{{TAG:0007:0000:10000000}}
¡Qué alegría volver a verte!{{TAG:0000:0004:}}{{TAG:0003:0024:}}¿Sabes que yo también vivo aquí?
¡Sí! Alguien me invitó cuando estuve
de acampada.
{{TAG:0003:0006:}}Esperaba encontrarme con esa
persona, pero resulta que ya no
está. {{TAG:0003:0007:}}{{TAG:0007:0000:10000000}}¡Se ha ido sin avisar!
{{TAG:0003:0015:}}Es igual, ahora este es mi hogar y
pienso ser muy feliz en él.{{TAG:0007:0000:14000000}} {{TAG:0003:0027:}}Ven a
visitarme algún día, pastelito.","{{TAG:0003:0001:}}Quelle belle surprise...{{TAG:0007:0000:1E000000}} {{TAG:0005:0008:}} !{{TAG:0007:0000:1E000000}}
Je suis contente de te revoir, tu
sais !
{{TAG:0003:0001:}}Figure-toi que j'ai rencontré
quelqu'un de ta ville alors que je
campais tout près d'ici.
{{TAG:0003:0015:}}C'est ce même quelqu'un qui m'a
proposé de venir vivre à {{TAG:0005:0005:}}.{{TAG:0000:0004:}}{{TAG:0003:000A:}}Mais cette personne avec laquelle
j'avais sympathisé a depuis
déménagé, {{TAG:0005:0007:}}.
{{TAG:0003:0001:}}C'est peut-être un mal pour un
bien. {{TAG:0007:0000:1E000000}}J'aurai ainsi plus de temps à
consacrer à épanouir notre amitié !","Guarda,{{TAG:0007:0000:08000000}} guarda chi si vede.{{TAG:0007:0000:10000000}}
{{TAG:0003:0010:}}{{TAG:000E:0003:}}{{TAG:0005:0008:}}!{{TAG:0007:0000:10000000}} Che bello vederti!{{TAG:0000:0004:}}{{TAG:0003:0024:}}Sai cosa mi è successo?
{{TAG:0007:0000:10000000}}Ero qui in campeggio e qualcuno
mi ha convinta a trasferirmi in città.
{{TAG:0003:0006:}}Solo che questo qualcuno,{{TAG:0007:0000:08000000}}
di cui non voglio fare il nome, {{TAG:0007:0000:08000000}}ha
lasciato la città. {{TAG:0003:0007:}}{{TAG:0007:0000:10000000}}Dico... che modi!!!
{{TAG:0003:0027:}}Beh, {{TAG:0007:0000:08000000}}almeno tu sei rimast{{TAG:000E:0006:02006F0002006100}} qui
{{TAG:000E:0010:}} {{TAG:0005:0006:}}.{{TAG:0007:0000:0F000000}} Dai, {{TAG:0003:0001:}}rivediamoci
presto! {{TAG:0007:0000:0F000000}}{{TAG:000E:0003:}}{{TAG:0005:0007:}}!","{{TAG:0003:0010:}}{{TAG:000E:0003:}}{{TAG:0005:0008:}}!{{TAG:0007:0000:14000000}}
Welch freudige Überraschung!{{TAG:0007:0000:14000000}}
Wie schön, dich zu sehen!
{{TAG:0003:0024:}}Als ich hier Campen war, überredete
mich doch tatsächlich jemand dazu,
hierher zu übersiedeln.
{{TAG:0003:0006:}}Als ich natürlich endlich soweit war,
war die betreffende Person schon
wieder umgezogen.{{TAG:0007:0000:14000000}} Typisch!
{{TAG:0003:0024:}}Aber man sollte sein Glück
bekanntlich nicht von anderen
abhängig machen.
{{TAG:000E:0003:}}{{TAG:0005:0006:}} ist schließlich sehr
schön.{{TAG:0007:0000:14000000}} Und ich bereue es nicht,
umgezogen zu sein,{{TAG:0007:0000:08000000}} {{TAG:0005:0007:}}!","Eh,{{TAG:0007:0000:08000000}} kimleri görüyorum.{{TAG:0007:0000:10000000}} {{TAG:0003:0010:}}{{TAG:000E:0003:}}{{TAG:0005:0008:}}!{{TAG:0007:0000:10000000}} Seni görmek
güzel!{{TAG:0000:0004:}}{{TAG:0003:0024:}}Komik bir hikâye var.{{TAG:0007:0000:10000000}} Burada kamp
yaparken biri beni kalıcı olarak
taşınmaya davet etti.
{{TAG:0003:0006:}}Sonra adı lazım değil o kişi, {{TAG:0007:0000:08000000}}bir
güzel {{TAG:0007:0000:08000000}}çekip taşındı. {{TAG:0003:0007:}}{{TAG:0007:0000:10000000}}Ne kabalık!
{{TAG:0003:0027:}}Neyse, {{TAG:0007:0000:08000000}}artık gerçek bir {{TAG:0005:0006:}} sakini
olduğuma göre, {{TAG:0007:0000:08000000}}bir ara takılalım!{{TAG:0007:0000:10000000}} {{TAG:000E:0003:}}{{TAG:0005:0007:}}!"
59,060,"Well,{{TAG:0007:0000:08000000}} look who it is.{{TAG:0007:0000:10000000}} {{TAG:0003:0010:}}{{TAG:000E:0003:}}{{TAG:0005:0008:}}!{{TAG:0007:0000:10000000}}
Great to see you!{{TAG:0000:0004:}}{{TAG:0003:0024:}}Here's a funny story.{{TAG:0007:0000:10000000}} I used to live
in {{TAG:0011:0002:0000}},{{TAG:0007:0000:08000000}} until a certain
someone convinced me to relocate.
{{TAG:0003:0006:}}But then that same person, {{TAG:0007:0000:08000000}}who
shall remain nameless, {{TAG:0007:0000:08000000}}up and
moved away. {{TAG:0003:0007:}}{{TAG:0007:0000:10000000}}How rude!
{{TAG:0003:0027:}}Anyway, {{TAG:0007:0000:08000000}}now that I'm a real
{{TAG:0005:0006:}} resident, {{TAG:0007:0000:08000000}}we should hang
out!{{TAG:0007:0000:10000000}} {{TAG:000E:0003:}}{{TAG:0005:0007:}}!","{{TAG:0003:0010:}}¡Hola, {{TAG:0005:0008:}}!{{TAG:0007:0000:10000000}} ¿Te acuerdas de
mí? ¡Estoy encantada de tenerte
como vecin{{TAG:000E:0006:02006F0002006100}}!
{{TAG:0003:0024:}}Alguien me convenció de que dejara
mi pueblo y viniera a vivir a este.
¿No lo sabías?
{{TAG:0003:0006:}}La gracia era encontrarme aquí con
esa persona, pero me he enterado
de que se ha ido.
{{TAG:0003:0027:}}Bueno, no pasa nada. Enseguida
haré nuevos amigos y además, te
tengo a ti, {{TAG:0005:0007:}}.","{{TAG:0003:0001:}}Quelle belle surprise...{{TAG:0007:0000:1E000000}} {{TAG:0005:0008:}} !{{TAG:0007:0000:1E000000}}
Je suis contente de te revoir, tu
sais !
{{TAG:0003:0001:}}Figure-toi que j'ai rencontré
quelqu'un de ta ville alors que je
vivais encore à {{TAG:0011:0002:0000}}.
{{TAG:0003:0015:}}C'est ce même quelqu'un qui m'a
proposé de venir vivre à {{TAG:0005:0005:}}.{{TAG:0000:0004:}}{{TAG:0003:000A:}}Mais cette personne avec laquelle
j'avais sympathisé a depuis
déménagé, {{TAG:0005:0007:}}.
{{TAG:0003:0001:}}C'est peut-être un mal pour un
bien. {{TAG:0007:0000:1E000000}}J'aurai ainsi plus de temps à
consacrer à épanouir notre amitié !","Guarda{{TAG:0007:0000:08000000}} guarda chi si vede.{{TAG:0007:0000:10000000}}
{{TAG:0003:0010:}}{{TAG:000E:0003:}}{{TAG:0005:0008:}}!{{TAG:0007:0000:10000000}} Che bello incontrarti!{{TAG:0000:0004:}}{{TAG:0003:0024:}}Sai cosa mi è successo?{{TAG:0007:0000:10000000}} Abitavo
{{TAG:000E:0010:}} {{TAG:0011:0002:0000}}, quando qualcuno
mi ha convinta a trasferirmi qui.
{{TAG:0003:0006:}}Solo che questo qualcuno,{{TAG:0007:0000:08000000}}
di cui non voglio fare il nome, {{TAG:0007:0000:08000000}}ha
lasciato la città. {{TAG:0003:0007:}}{{TAG:0007:0000:10000000}}Dico... che modi!!!
{{TAG:0003:0027:}}Beh, {{TAG:0007:0000:08000000}}almeno tu sei rimast{{TAG:000E:0006:02006F0002006100}} qui
{{TAG:000E:0010:}} {{TAG:0005:0006:}}.{{TAG:0007:0000:0F000000}} Dai, {{TAG:0003:0001:}}rivediamoci
presto! {{TAG:0007:0000:0F000000}}{{TAG:000E:0003:}}{{TAG:0005:0007:}}!","{{TAG:0003:0010:}}Du liebe Güte!{{TAG:0007:0000:14000000}} {{TAG:000E:0003:}}{{TAG:0005:0008:}}!{{TAG:0007:0000:14000000}}
Wie schön, dich hier zu treffen!{{TAG:0000:0004:}}{{TAG:0003:0024:}}Ich bin aus {{TAG:0011:0002:0000}} hergezogen,
nachdem mich jemand hartnäckig
dazu überreden wollte.
{{TAG:0003:0006:}}Und als ich mich endlich entschieden
habe, war dieser Jemand schon
selbst wieder umgezogen!
Aber ich mache das Beste daraus.{{TAG:0007:0000:14000000}}
Und {{TAG:0005:0006:}} gefällt mir bisher
auch sehr gut,{{TAG:0007:0000:08000000}} {{TAG:0005:0007:}}!","Eh,{{TAG:0007:0000:08000000}} kimleri görüyorum.{{TAG:0007:0000:10000000}} {{TAG:0003:0010:}}{{TAG:000E:0003:}}{{TAG:0005:0008:}}!{{TAG:0007:0000:10000000}} Seni görmek
güzel!{{TAG:0000:0004:}}{{TAG:0003:0024:}}Komik bir hikâye var.{{TAG:0007:0000:10000000}} Eskiden {{TAG:0011:0002:0000}}
kasabasında yaşıyordum,{{TAG:0007:0000:08000000}} ta ki biri
beni taşınmaya ikna edene kadar.
{{TAG:0003:0006:}}Sonra adı lazım değil o kişi, {{TAG:0007:0000:08000000}}bir
güzel {{TAG:0007:0000:08000000}}çekip taşındı. {{TAG:0003:0007:}}{{TAG:0007:0000:10000000}}Ne kabalık!
{{TAG:0003:0027:}}Neyse, {{TAG:0007:0000:08000000}}artık gerçek bir {{TAG:0005:0006:}} sakini
olduğuma göre, {{TAG:0007:0000:08000000}}bir ara takılalım!{{TAG:0007:0000:10000000}} {{TAG:000E:0003:}}{{TAG:0005:0007:}}!"
60,061,"Well,{{TAG:0007:0000:08000000}} look who it is.{{TAG:0007:0000:10000000}} {{TAG:0003:0010:}}{{TAG:000E:0003:}}{{TAG:0005:0008:}}!{{TAG:0007:0000:10000000}}
Great to see you!{{TAG:0000:0004:}}{{TAG:0003:0024:}}Here's a funny story.{{TAG:0007:0000:10000000}} I was just
camping here when someone invited
me to move here permanently.
{{TAG:0003:0006:}}But then that same person, {{TAG:0007:0000:08000000}}who
shall remain nameless, {{TAG:0007:0000:08000000}}up and
moved away. {{TAG:0003:0007:}}{{TAG:0007:0000:10000000}}How rude!
{{TAG:0003:001B:}}Anyway, {{TAG:0007:0000:08000000}}that's ancient history. {{TAG:0007:0000:10000000}}{{TAG:0003:0001:}}Now
I'm an official {{TAG:0005:0006:}} resident,{{TAG:0007:0000:08000000}}
so we should hang out sometime!","{{TAG:0003:0010:}}¡Anda, {{TAG:0005:0008:}}!{{TAG:0007:0000:10000000}} ¡Eres tú!
¡Qué alegría volver a verte!{{TAG:0000:0004:}}{{TAG:0003:0024:}}Alguien me invitó a vivir aquí
cuando estuve de acampada y
acepté sin dudarlo.
{{TAG:0003:0006:}}Aunque, hace una semana que estoy
en el pueblo y acabo de enterarme
de que esa persona se ha ido.
{{TAG:0003:001B:}}Es una pena, ¡pero al menos me
quedas tú!{{TAG:0007:0000:14000000}} {{TAG:0003:0001:}}¡Vamos a pasarlo
de maravilla junt{{TAG:000E:0006:02006F0002006100}}s!","{{TAG:0003:0001:}}Quelle belle surprise...{{TAG:0007:0000:1E000000}} {{TAG:0005:0008:}} !{{TAG:0007:0000:1E000000}}
Je suis contente de te revoir, tu
sais !
{{TAG:0003:0001:}}Figure-toi que j'ai rencontré
quelqu'un de ta ville alors que je
campais tout près d'ici.
{{TAG:0003:0015:}}C'est ce même quelqu'un qui m'a
proposé de venir vivre à {{TAG:0005:0005:}}.{{TAG:0000:0004:}}{{TAG:0003:000A:}}Mais cette personne avec laquelle
j'avais sympathisé a depuis
déménagé.
{{TAG:0003:0026:}}C'est magnifique ! {{TAG:0007:0000:10000000}}Maintenant que
toi et moi sommes voisin{{TAG:000E:0006:02007300040065007300}},{{TAG:0007:0000:10000000}} nous
allons pouvoir nous voir souvent !","Guarda{{TAG:0007:0000:08000000}} guarda chi si vede.{{TAG:0007:0000:10000000}}
{{TAG:0003:0010:}}{{TAG:000E:0003:}}{{TAG:0005:0008:}}!{{TAG:0007:0000:10000000}} Che bello incontrarti!{{TAG:0000:0004:}}{{TAG:0003:0024:}}Sai cosa mi è successo?
{{TAG:0007:0000:10000000}}Ero qui in campeggio e qualcuno
mi ha convinta a trasferirmi in città.
{{TAG:0003:0006:}}Solo che questo qualcuno,{{TAG:0007:0000:08000000}}
di cui non voglio fare il nome, {{TAG:0007:0000:08000000}}ha
lasciato la città. {{TAG:0003:0007:}}{{TAG:0007:0000:10000000}}Dico... che modi!!!
{{TAG:0003:0027:}}Beh, {{TAG:0007:0000:08000000}}ormai è acqua passata. {{TAG:0007:0000:0F000000}}Almeno
tu sei rimast{{TAG:000E:0006:02006F0002006100}} qui {{TAG:000E:0010:}} {{TAG:0005:0006:}}.{{TAG:0007:0000:0F000000}}
{{TAG:0003:0001:}}Rivediamoci presto! {{TAG:0007:0000:0F000000}}{{TAG:000E:0003:}}{{TAG:0005:0007:}}!","Na sieh mal einer an!{{TAG:0007:0000:14000000}} {{TAG:0003:0010:}}{{TAG:000E:0003:}}{{TAG:0005:0008:}}!{{TAG:0007:0000:14000000}}
Wie schön, dich zu sehen!{{TAG:0000:0004:}}{{TAG:0003:0024:}}Weißt du eigentlich, dass ich erst
nur zum Zelten hergekommen bin?{{TAG:0007:0000:14000000}}
Dann meint jemand:{{TAG:0007:0000:14000000}} „Zieh doch um!“
{{TAG:0003:0006:}}Und als ich dann umziehe, erfahre
ich plötzlich, dass dieser Jemand
auf einmal weggezogen ist!
{{TAG:0003:001B:}}Aber gut!{{TAG:0007:0000:14000000}} Unmögliche Leute gibt es
eben wie Sand am Meer.{{TAG:0007:0000:28000000}}{{TAG:0003:0001:}} Zweifellos
ist {{TAG:0005:0006:}} ein schöner Ort!
Ich fühle mich hier bisher sehr wohl,{{TAG:0007:0000:08000000}}
und natürlich hoffe ich, dass wir
beide uns besser kennenlernen!","Eh,{{TAG:0007:0000:08000000}} kimleri görüyorum.{{TAG:0007:0000:10000000}} {{TAG:0003:0010:}}{{TAG:000E:0003:}}{{TAG:0005:0008:}}!{{TAG:0007:0000:10000000}} Seni görmek
güzel!{{TAG:0000:0004:}}{{TAG:0003:0024:}}Komik bir hikâye var.{{TAG:0007:0000:10000000}} Burada kamp
yaparken biri beni kalıcı olarak
taşınmaya davet etti.
{{TAG:0003:0006:}}Sonra adı lazım değil o kişi, {{TAG:0007:0000:08000000}}bir
güzel {{TAG:0007:0000:08000000}}çekip taşındı. {{TAG:0003:0007:}}{{TAG:0007:0000:10000000}}Ne kabalık!
{{TAG:0003:001B:}}Neyse, {{TAG:0007:0000:08000000}}o artık eski mesele. {{TAG:0007:0000:10000000}}{{TAG:0003:0001:}}Artık
resmen {{TAG:0005:0006:}} sakiniyim,{{TAG:0007:0000:08000000}} bir ara takılalım!"
61,062,"Well,{{TAG:0007:0000:08000000}} look who it is.{{TAG:0007:0000:10000000}} {{TAG:0003:0010:}}{{TAG:000E:0003:}}{{TAG:0005:0008:}}!{{TAG:0007:0000:10000000}}
Great to see you!{{TAG:0000:0004:}}{{TAG:0003:0024:}}Here's a funny story.{{TAG:0007:0000:10000000}} I used to live
in {{TAG:0011:0002:0000}}, {{TAG:0007:0000:08000000}}but then a certain
someone invited me to move here.
{{TAG:0003:0006:}}And then that same person, {{TAG:0007:0000:08000000}}who
shall remain nameless, {{TAG:0007:0000:08000000}}up and
moved away. {{TAG:0003:0007:}}{{TAG:0007:0000:10000000}}How rude!
{{TAG:0003:001B:}}Anyway, {{TAG:0007:0000:08000000}}that's ancient history. {{TAG:0007:0000:10000000}}{{TAG:0003:0001:}}Now
I'm an official {{TAG:0005:0006:}} resident,{{TAG:0007:0000:08000000}}
so we should hang out sometime!","{{TAG:0003:0010:}}¡No puede ser! ¡¿{{TAG:000E:0003:}}{{TAG:0005:0008:}}?!{{TAG:0007:0000:10000000}}
¡Qué alegría verte! Estás genial.{{TAG:0000:0004:}}{{TAG:0003:0024:}}Me mudé a {{TAG:000E:0003:}}{{TAG:0005:0005:}} hace una
semana.{{TAG:0007:0000:14000000}} Alguien me invitó y no
pude negarme.
{{TAG:0003:001B:}}Esperaba que fuéramos vecinos,
pero resulta que esa persona se
ha marchado, y sin avisar.
{{TAG:0003:0001:}}Por suerte estás tú. {{TAG:0007:0000:14000000}}Espero que
a partir de ahora charlemos más
a menudo.","{{TAG:0003:0001:}}Quelle belle surprise...{{TAG:0007:0000:1E000000}} {{TAG:0005:0008:}} !{{TAG:0007:0000:1E000000}}
Je suis contente de te revoir, tu
sais !
{{TAG:0003:0001:}}Figure-toi que j'ai rencontré
quelqu'un de ta ville alors que je
vivais encore à {{TAG:0011:0002:0000}}.
{{TAG:0003:0015:}}C'est ce même quelqu'un qui m'a
proposé de venir vivre à {{TAG:0005:0005:}}.{{TAG:0000:0004:}}{{TAG:0003:000A:}}Mais cette personne avec laquelle
j'avais sympathisé a depuis
déménagé.
{{TAG:0003:0026:}}C'est magnifique ! {{TAG:0007:0000:10000000}}Maintenant que
toi et moi sommes voisin{{TAG:000E:0006:02007300040065007300}},{{TAG:0007:0000:10000000}} nous
allons pouvoir nous voir souvent !","Guarda{{TAG:0007:0000:08000000}} guarda chi si vede.{{TAG:0007:0000:10000000}}
{{TAG:0003:0010:}}{{TAG:000E:0003:}}{{TAG:0005:0008:}}!{{TAG:0007:0000:10000000}} Che bello incontrarti!{{TAG:0000:0004:}}{{TAG:0003:0024:}}Sai cosa mi è successo?{{TAG:0007:0000:10000000}} Abitavo
{{TAG:000E:0010:}} {{TAG:0011:0002:0000}}, quando qualcuno
mi ha convinta a trasferirmi qui.
{{TAG:0003:0006:}}Solo che questo qualcuno,{{TAG:0007:0000:08000000}}
di cui non voglio fare il nome, {{TAG:0007:0000:08000000}}ha
lasciato la città. {{TAG:0003:0007:}}{{TAG:0007:0000:10000000}}Dico... che modi!!!
{{TAG:0003:0027:}}Beh, {{TAG:0007:0000:08000000}}ormai è acqua passata. {{TAG:0007:0000:0F000000}}Almeno
tu sei rimast{{TAG:000E:0006:02006F0002006100}} qui {{TAG:000E:0010:}} {{TAG:0005:0006:}}.{{TAG:0007:0000:0F000000}}
{{TAG:0003:0001:}}Rivediamoci presto! {{TAG:0007:0000:0F000000}}{{TAG:000E:0003:}}{{TAG:0005:0007:}}!","{{TAG:0003:0010:}}{{TAG:000E:0003:}}{{TAG:0005:0008:}}!{{TAG:0007:0000:14000000}} Wie wunderbar,
dir hier zu begegnen!{{TAG:0000:0004:}}{{TAG:0003:0024:}}Ich bin extra aus {{TAG:0011:0002:0000}}
hergezogen, nachdem mich
jemand dazu angestachelt hatte.
{{TAG:0003:0006:}}Und als ich herkomme, muss ich
feststellen, dass dieser Jemand
selbst schon weggezogen ist.
{{TAG:0003:0007:}}Wer solche Freunde hat,
braucht keine Feinde!{{TAG:0000:0004:}}{{TAG:0003:001B:}}Aber lassen wir das.{{TAG:0007:0000:14000000}} Vergeben und
vergessen!{{TAG:0007:0000:14000000}} {{TAG:0003:0001:}}{{TAG:000E:0003:}}{{TAG:0005:0006:}} ist sehr
schön und ich fühle mich hier wohl!","Eh,{{TAG:0007:0000:08000000}} kimleri görüyorum.{{TAG:0007:0000:10000000}} {{TAG:0003:0010:}}{{TAG:000E:0003:}}{{TAG:0005:0008:}}!{{TAG:0007:0000:10000000}} Seni görmek
güzel!{{TAG:0000:0004:}}{{TAG:0003:0024:}}Komik bir hikâye var.{{TAG:0007:0000:10000000}} Eskiden {{TAG:0011:0002:0000}}
kasabasında yaşıyordum, {{TAG:0007:0000:08000000}}sonra biri
beni buraya taşınmaya davet etti.
{{TAG:0003:0006:}}Ardından adı lazım değil o kişi, {{TAG:0007:0000:08000000}}bir
güzel {{TAG:0007:0000:08000000}}çekip taşındı. {{TAG:0003:0007:}}{{TAG:0007:0000:10000000}}Ne kabalık!
{{TAG:0003:001B:}}Neyse, {{TAG:0007:0000:08000000}}o artık eski mesele. {{TAG:0007:0000:10000000}}{{TAG:0003:0001:}}Artık
resmen {{TAG:0005:0006:}} sakiniyim,{{TAG:0007:0000:08000000}} bir ara takılalım!"
62,063,"{{TAG:0003:0011:}}{{TAG:000E:0003:}}{{TAG:0005:0008:}}? {{TAG:0003:001D:}}I finally found you! {{TAG:0007:0000:10000000}}It's
me,{{TAG:0007:0000:08000000}} {{TAG:0005:0001:}}. {{TAG:0007:0000:10000000}}I've been here for
weeks!
{{TAG:0003:0024:}}Here's a funny story.{{TAG:0007:0000:10000000}} I was just
camping here when someone invited
me to move here permanently.
{{TAG:0003:0006:}}But then that same person, {{TAG:0007:0000:08000000}}who
shall remain nameless, {{TAG:0007:0000:08000000}}up and
moved away. {{TAG:0003:0007:}}{{TAG:0007:0000:10000000}}How rude!
{{TAG:0003:001B:}}Anyway, {{TAG:0007:0000:08000000}}that's ancient history. {{TAG:0007:0000:10000000}}{{TAG:0003:0001:}}Now
I'm an official {{TAG:0005:0006:}} resident,{{TAG:0007:0000:08000000}}
so we should hang out sometime!","{{TAG:0003:0011:}}¿{{TAG:000E:0003:}}{{TAG:0005:0008:}}? {{TAG:0003:001D:}}¡Por fin! {{TAG:0007:0000:10000000}}Soy yo,
{{TAG:0007:0000:08000000}}{{TAG:0005:0001:}}. {{TAG:0007:0000:10000000}}Hace semanas que te
busco. Estoy viviendo aquí.
{{TAG:0003:0024:}}¿Te acuerdas de cuando vine de
acampada? Pues alguien me
invitó a quedarme.
{{TAG:0003:0006:}}Aunque ese alguien ya no está, se
fue sin avisar. {{TAG:0003:0007:}}{{TAG:0007:0000:10000000}}¡Hay que ver lo
maleducada que es la gente!
{{TAG:0003:001B:}}Pero no hablemos de eso. {{TAG:0007:0000:14000000}}{{TAG:0003:0001:}}Oye,
ahora que has aparecido espero
verte un poco más, vecin{{TAG:000E:0006:02006F0002006100}}.","{{TAG:0003:0011:}}{{TAG:000E:0003:}}{{TAG:0005:0008:}} !{{TAG:0007:0000:0F000000}} {{TAG:0003:001D:}}Je te trouve enfin !
{{TAG:0007:0000:1E000000}}C'est moi,{{TAG:0007:0000:0F000000}} {{TAG:0005:0001:}} ! {{TAG:0007:0000:1E000000}}J'habite ici
depuis quelques semaines, tu sais...
{{TAG:0003:0001:}}Figure-toi que j'ai rencontré
quelqu'un de ta ville alors que je
campais tout près d'ici.
{{TAG:0003:0015:}}C'est ce même quelqu'un qui m'a
proposé de venir vivre à {{TAG:0005:0005:}}.{{TAG:0000:0004:}}{{TAG:0003:000A:}}Mais cette personne avec laquelle
j'avais sympathisé a depuis
déménagé.
{{TAG:0003:0026:}}Quoi qu'il en soit, {{TAG:0007:0000:10000000}}maintenant que
toi et moi sommes voisin{{TAG:000E:0006:02007300040065007300}},{{TAG:0007:0000:10000000}} nous
allons nous voir plus souvent !","{{TAG:0003:0011:}}{{TAG:000E:0003:}}{{TAG:0005:0008:}}?{{TAG:0007:0000:20000000}} {{TAG:0003:001D:}}Finalmente ti ho
trovat{{TAG:000E:0006:02006F0002006100}}! {{TAG:0007:0000:10000000}}Sono io,{{TAG:0007:0000:08000000}} {{TAG:0005:0001:}}.{{TAG:0007:0000:10000000}}
Abito qui ormai da settimane!
{{TAG:0003:0024:}}Sai cosa mi è successo?
{{TAG:0007:0000:10000000}}Ero qui in campeggio e qualcuno
mi ha convinta a trasferirmi in città.
{{TAG:0003:0006:}}Solo che questo qualcuno,{{TAG:0007:0000:08000000}}
di cui non voglio fare il nome, {{TAG:0007:0000:08000000}}ha
lasciato la città. {{TAG:0003:0007:}}{{TAG:0007:0000:10000000}}Dico... che modi!!!
{{TAG:0003:0027:}}Beh, {{TAG:0007:0000:08000000}}ormai è acqua passata. {{TAG:0007:0000:0F000000}}Almeno
tu sei rimast{{TAG:000E:0006:02006F0002006100}} qui {{TAG:000E:0010:}} {{TAG:0005:0006:}}.{{TAG:0007:0000:0F000000}}
{{TAG:0003:0001:}}Rivediamoci presto! {{TAG:0007:0000:0F000000}}{{TAG:000E:0003:}}{{TAG:0005:0007:}}!","{{TAG:0003:0011:}}{{TAG:000E:0003:}}{{TAG:0005:0008:}}? {{TAG:0003:001D:}}Na endlich!{{TAG:0007:0000:14000000}}
Ich bin es,{{TAG:0007:0000:08000000}} {{TAG:0005:0001:}}!{{TAG:0007:0000:14000000}}
Ich bin schon seit Wochen hier!
{{TAG:0003:0024:}}Ja, ja!{{TAG:0007:0000:14000000}} Ich habe mir von jemandem
einreden lassen, mit meinem ganzen
Kram nach {{TAG:0005:0006:}} umzusiedeln.
{{TAG:0003:0006:}}Und als die Organisation schon
abgeschlossen war, zieht dieser
unverfrorene Jemand weg!
{{TAG:0003:001B:}}Aber gut!{{TAG:0007:0000:14000000}} Ich werde nicht trauern.{{TAG:0007:0000:14000000}}
Hier ist es schön.{{TAG:0007:0000:14000000}} Also mache ich
das Beste daraus!","{{TAG:0003:0011:}}{{TAG:000E:0003:}}{{TAG:0005:0008:}}? {{TAG:0003:001D:}}Sonunda seni buldum! {{TAG:0007:0000:10000000}}Benim,{{TAG:0007:0000:08000000}} {{TAG:0005:0001:}}.
{{TAG:0007:0000:10000000}}Haftalardır buradayım!
{{TAG:0003:0024:}}Komik bir hikâye var.{{TAG:0007:0000:10000000}} Burada kamp
yaparken biri beni kalıcı olarak
taşınmaya davet etti.
{{TAG:0003:0006:}}Sonra adı lazım değil o kişi, {{TAG:0007:0000:08000000}}bir
güzel {{TAG:0007:0000:08000000}}çekip taşındı. {{TAG:0003:0007:}}{{TAG:0007:0000:10000000}}Ne kabalık!
{{TAG:0003:001B:}}Neyse, {{TAG:0007:0000:08000000}}o artık eski mesele. {{TAG:0007:0000:10000000}}{{TAG:0003:0001:}}Artık
resmen {{TAG:0005:0006:}} sakiniyim,{{TAG:0007:0000:08000000}} bir ara takılalım!"
63,064,"{{TAG:0003:0011:}}{{TAG:000E:0003:}}{{TAG:0005:0008:}}? {{TAG:0003:001D:}}I finally found you! {{TAG:0007:0000:10000000}}It's
me,{{TAG:0007:0000:08000000}} {{TAG:0005:0001:}}. {{TAG:0007:0000:10000000}}I've been here for
weeks!
{{TAG:0003:0024:}}Here's a funny story.{{TAG:0007:0000:10000000}} I used to live
in {{TAG:0011:0002:0000}}, {{TAG:0007:0000:08000000}}but then a certain
someone invited me to move here.
{{TAG:0003:0006:}}But then that same person, {{TAG:0007:0000:08000000}}who
shall remain nameless, {{TAG:0007:0000:08000000}}up and
moved away. {{TAG:0003:0007:}}{{TAG:0007:0000:10000000}}How rude!
{{TAG:0003:001B:}}Anyway, {{TAG:0007:0000:08000000}}that's ancient history. {{TAG:0007:0000:10000000}}{{TAG:0003:0001:}}Now
I'm an official {{TAG:0005:0006:}} resident,{{TAG:0007:0000:08000000}}
so we should hang out sometime!","{{TAG:0003:0011:}}¿{{TAG:000E:0003:}}{{TAG:0005:0008:}}? {{TAG:0003:001D:}}¡Ya era hora! {{TAG:0007:0000:10000000}}¡Soy
{{TAG:0005:0001:}}! {{TAG:0007:0000:10000000}}Hace semanas que vivo
en {{TAG:000E:0003:}}{{TAG:0005:0005:}}.
{{TAG:0003:0024:}}Alguien de aquí me convenció para
que me mudara y eso he hecho.{{TAG:0000:0004:}}{{TAG:0003:001B:}}Es una pena que esa persona se
haya marchado, pero así es la
vida.
{{TAG:0003:0001:}}Bueno, prométeme que te dejarás
ver más a menudo, cielín.{{TAG:0007:0000:10000000}} Quiero
hablar contigo de tantas cosas...","{{TAG:0003:0011:}}{{TAG:000E:0003:}}{{TAG:0005:0008:}} !{{TAG:0007:0000:0F000000}} {{TAG:0003:001D:}}Je te trouve enfin !
{{TAG:0007:0000:1E000000}}C'est moi,{{TAG:0007:0000:0F000000}} {{TAG:0005:0001:}} ! {{TAG:0007:0000:1E000000}}J'habite ici
depuis quelques semaines, tu sais...
{{TAG:0003:0001:}}Figure-toi que j'ai rencontré
quelqu'un de ta ville alors que je
vivais encore à {{TAG:0011:0002:0000}}.
{{TAG:0003:0015:}}C'est ce même quelqu'un qui m'a
proposé de venir vivre à {{TAG:0005:0005:}}.{{TAG:0000:0004:}}{{TAG:0003:000A:}}Mais cette personne avec laquelle
j'avais sympathisé a depuis
déménagé.
{{TAG:0003:0026:}}Quoi qu'il en soit, {{TAG:0007:0000:10000000}}maintenant que
toi et moi sommes voisin{{TAG:000E:0006:02007300040065007300}},{{TAG:0007:0000:10000000}} nous
allons nous voir plus souvent !","{{TAG:0003:0011:}}{{TAG:000E:0003:}}{{TAG:0005:0008:}}?{{TAG:0007:0000:20000000}} {{TAG:0003:001D:}}Finalmente ti ho
trovat{{TAG:000E:0006:02006F0002006100}}! {{TAG:0007:0000:10000000}}Sono io,{{TAG:0007:0000:08000000}} {{TAG:0005:0001:}}.{{TAG:0007:0000:10000000}}
Abito qui ormai da settimane!
{{TAG:0003:0024:}}Sai cosa mi è successo?{{TAG:0007:0000:10000000}} Abitavo
{{TAG:000E:0010:}} {{TAG:0011:0002:0000}}, quando qualcuno
mi ha convinta a trasferirmi qui.
{{TAG:0003:0006:}}Solo che questo qualcuno,{{TAG:0007:0000:08000000}}
di cui non voglio fare il nome, {{TAG:0007:0000:08000000}}ha
lasciato la città. {{TAG:0003:0007:}}{{TAG:0007:0000:10000000}}Dico... che modi!!!
{{TAG:0003:0027:}}Beh, {{TAG:0007:0000:08000000}}ormai è acqua passata. {{TAG:0007:0000:0F000000}}Almeno
tu sei rimast{{TAG:000E:0006:02006F0002006100}} qui {{TAG:000E:0010:}} {{TAG:0005:0006:}}.{{TAG:0007:0000:0F000000}}
{{TAG:0003:0001:}}Rivediamoci presto! {{TAG:0007:0000:0F000000}}{{TAG:000E:0003:}}{{TAG:0005:0007:}}!","{{TAG:0003:0011:}}{{TAG:000E:0003:}}{{TAG:0005:0008:}}? {{TAG:0003:001D:}}Endlich sehen wir uns
mal wieder!{{TAG:0007:0000:14000000}} Ich bin es,{{TAG:0007:0000:08000000}} {{TAG:0005:0001:}}!{{TAG:0007:0000:14000000}}
Ich wohne schon einige Zeit hier.
{{TAG:0003:0024:}}Ich habe {{TAG:0011:0002:0000}} hinter mir
gelassen und auf Anraten eines
Freundes hier ein Haus gebaut.
{{TAG:0003:0006:}}Und dann ist besagter Freund
einfach weggezogen!{{TAG:0007:0000:14000000}} Das gehört
sich wirklich nicht!
{{TAG:0003:001B:}}Nun ja!{{TAG:0007:0000:14000000}} Enttäuschungen gehören
eben zum Leben.{{TAG:0007:0000:14000000}} {{TAG:0003:0001:}}Wenigstens ist
{{TAG:0005:0006:}} eine tolle Stadt!","{{TAG:0003:0011:}}{{TAG:000E:0003:}}{{TAG:0005:0008:}}? {{TAG:0003:001D:}}Sonunda seni buldum! {{TAG:0007:0000:10000000}}Benim,{{TAG:0007:0000:08000000}} {{TAG:0005:0001:}}.
{{TAG:0007:0000:10000000}}Haftalardır buradayım!
{{TAG:0003:0024:}}Komik bir hikâye var.{{TAG:0007:0000:10000000}} Eskiden {{TAG:0011:0002:0000}}
kasabasında yaşıyordum, {{TAG:0007:0000:08000000}}sonra biri
beni buraya taşınmaya davet etti.
{{TAG:0003:0006:}}Sonra adı lazım değil o kişi, {{TAG:0007:0000:08000000}}bir
güzel {{TAG:0007:0000:08000000}}çekip taşındı. {{TAG:0003:0007:}}{{TAG:0007:0000:10000000}}Ne kabalık!
{{TAG:0003:001B:}}Neyse, {{TAG:0007:0000:08000000}}o artık eski mesele. {{TAG:0007:0000:10000000}}{{TAG:0003:0001:}}Artık
resmen {{TAG:0005:0006:}} sakiniyim,{{TAG:0007:0000:08000000}} bir ara takılalım!"
64,065,"{{TAG:0003:0014:}}Cough {{TAG:0007:0000:08000000}}cough! {{TAG:0007:0000:10000000}}Ack! {{TAG:0007:0000:10000000}}Sorry,{{TAG:0007:0000:08000000}} but I'm
not feeling well. {{TAG:0007:0000:10000000}}{{TAG:0003:000F:}}Wait{{TAG:0007:0000:08000000}}.{{TAG:0007:0000:08000000}}.{{TAG:0007:0000:08000000}}.{{TAG:0007:0000:08000000}} {{TAG:000E:0003:}}{{TAG:0005:0008:}}?
{{TAG:0007:0000:10000000}}Is that you?{{TAG:0007:0000:10000000}} It's me, {{TAG:0007:0000:08000000}}{{TAG:0005:0001:}}!
{{TAG:0003:0024:}}Here's a funny story.{{TAG:0007:0000:10000000}} I was just
camping here when someone invited
me to move here permanently.
{{TAG:0003:0006:}}But then that same person, {{TAG:0007:0000:08000000}}who
shall remain nameless, {{TAG:0007:0000:08000000}}up and
moved away. {{TAG:0003:0007:}}{{TAG:0007:0000:10000000}}How rude!
{{TAG:0003:001B:}}On top of that, I caught a cold as
soon as I arrived. {{TAG:0007:0000:10000000}}{{TAG:0003:001E:}}{{TAG:0007:000B:}}ACHOO!{{TAG:0007:0000:10000000}}{{TAG:0000:0004:}}{{TAG:0003:0027:}}Anyway, {{TAG:0007:0000:08000000}}we'll have plenty of time
to get to know each other now that
I live here. {{TAG:0007:0000:10000000}}Let's talk soon!","{{TAG:0003:0014:}}¡Cof,{{TAG:0007:0000:08000000}} cof! {{TAG:0007:0000:10000000}}¡Ay! {{TAG:0007:0000:10000000}}Perdona,{{TAG:0007:0000:08000000}} no me
encuentro bien. {{TAG:0007:0000:10000000}}{{TAG:0003:000F:}}Un momento{{TAG:0007:0000:08000000}}.{{TAG:0007:0000:08000000}}.{{TAG:0007:0000:08000000}}.{{TAG:0007:0000:08000000}}
¿{{TAG:000E:0003:}}{{TAG:0005:0008:}}?{{TAG:0007:0000:10000000}} ¡Soy yo, {{TAG:0007:0000:08000000}}{{TAG:0005:0001:}}!
{{TAG:0003:0024:}}¡Ahora vivo en {{TAG:000E:0003:}}{{TAG:0005:0005:}}! Alguien
me invitó a venir a vivir aquí y
acepté encantada.
{{TAG:0003:0006:}}Aunque no esperaba que al llegar
aquí, esa persona se habría ido.{{TAG:0007:0000:14000000}}
¡Y encima voy y me resfrío!
{{TAG:0003:001E:}}{{TAG:0007:000B:}}¡AAACHÍS!{{TAG:0007:0000:10000000}}{{TAG:0000:0004:}}{{TAG:0003:0027:}}Prométeme que cuando me
recupere vendrás a visitarme, flor.","{{TAG:0003:001E:}}{{TAG:0007:0000:10000000}}{{TAG:0007:000B:}}{{TAG:0007:0000:10000000}}ATCHOOOUUUM !{{TAG:0007:0000:2D000000}} {{TAG:0003:000F:}}{{TAG:000E:0003:}}{{TAG:0005:0008:}} ?{{TAG:0007:0000:1E000000}}
C'est bien toi ?{{TAG:0007:0000:1E000000}} Que je suis contente
de te revoir ! {{TAG:0007:0000:1E000000}}C'est moi, {{TAG:0007:0000:10000000}}{{TAG:0005:0001:}}.
{{TAG:0003:0001:}}J'ai rencontré quelqu'un de ta ville
alors que je campais tout près d'ici.{{TAG:0000:0004:}}{{TAG:0003:0015:}}C'est ce même quelqu'un qui m'a
proposé de venir vivre à {{TAG:0005:0005:}}.{{TAG:0007:0000:1E000000}}
{{TAG:0003:001E:}}{{TAG:0007:000B:}}ATCHOOOUUUM !{{TAG:0007:0000:10000000}}
{{TAG:0003:000A:}}Mais figure-toi que cette personne
avec laquelle j'avais sympathisé a
depuis déménagé.{{TAG:0007:0000:1E000000}}
{{TAG:0003:001B:}}Moi,{{TAG:0007:0000:10000000}} sans le savoir,{{TAG:0007:0000:10000000}} j'emménage,{{TAG:0007:0000:10000000}} et
bien sûr, {{TAG:0007:0000:10000000}}j'attrape un rhume dès
mon arrivée...
{{TAG:0003:0001:}}Mais ne t'inquiète pas.{{TAG:0007:0000:1E000000}} Dès que je
serai rétablie, nous passerons du
temps ensemble, {{TAG:0007:0000:10000000}}promis.","{{TAG:0003:0014:}}Coff, {{TAG:0007:0000:08000000}}coff. {{TAG:0007:0000:10000000}}{{TAG:0007:0000:10000000}}Scusa,{{TAG:0007:0000:08000000}} non mi sento
molto bene. {{TAG:0007:0000:10000000}}{{TAG:0003:000F:}}Aspetta{{TAG:0007:0000:08000000}}.{{TAG:0007:0000:08000000}}.{{TAG:0007:0000:08000000}}.{{TAG:0007:0000:08000000}} {{TAG:000E:0003:}}{{TAG:0005:0008:}}?{{TAG:0007:0000:10000000}}
Sei tu?{{TAG:0007:0000:10000000}} Sono io, {{TAG:0007:0000:08000000}}{{TAG:0005:0001:}}!
{{TAG:0003:0024:}}Sai cosa mi è successo?
{{TAG:0007:0000:10000000}}Ero qui in campeggio e qualcuno
mi ha convinta a trasferirmi in città.
{{TAG:0003:0006:}}Solo che questo qualcuno,{{TAG:0007:0000:08000000}}
di cui non voglio fare il nome, {{TAG:0007:0000:08000000}}ha
lasciato la città. {{TAG:0003:0007:}}{{TAG:0007:0000:10000000}}Dico... che modi!!!{{TAG:0003:001B:}}
Oltretutto, appena arrivata,
mi sono ammalata. {{TAG:0007:0000:10000000}}{{TAG:0003:001E:}}{{TAG:0007:000B:}}ECCÌ!{{TAG:0007:0000:10000000}}{{TAG:0000:0004:}}{{TAG:0003:0027:}}Beh, {{TAG:0007:0000:08000000}}magari ci vediamo un altro
giorno per parlare. {{TAG:0007:0000:10000000}}{{TAG:0003:0001:}}Mi farebbe
molto, ma molto piacere!","{{TAG:0003:0014:}}Öhö!{{TAG:0007:0000:08000000}} Öhö!{{TAG:0007:0000:08000000}} Öhööö{{TAG:0007:0000:08000000}}.{{TAG:0007:0000:08000000}}.{{TAG:0007:0000:08000000}}.{{TAG:0007:0000:14000000}} Oh,{{TAG:0007:0000:08000000}} ich fühle
mich so elend{{TAG:0007:0000:08000000}}.{{TAG:0007:0000:08000000}}.{{TAG:0007:0000:08000000}}.{{TAG:0007:0000:14000000}} {{TAG:0003:000F:}}Huch!{{TAG:0007:0000:28000000}} {{TAG:000E:0003:}}{{TAG:0005:0008:}}?{{TAG:0007:0000:14000000}}
{{TAG:0003:0024:}}Bist du's wirklich?
Mir hatte jemand vorgeschlagen:{{TAG:0007:0000:14000000}}
„{{TAG:0005:0001:}}! {{TAG:0007:0000:14000000}}Zieh doch in meine
Stadt,{{TAG:0007:0000:08000000}} {{TAG:0005:0006:}}!“
{{TAG:0003:0006:}}Und als es ich tue, stelle ich fest,
dass dieser Jemand selbst längst
woanders lebt!
{{TAG:0003:001B:}}Und zu allem Überfluss fang ich
mir dann auch noch eine schlimme
Erkältung ein.{{TAG:0007:0000:14000000}} HAAA{{TAG:0007:0000:08000000}}{{TAG:0003:001E:}}{{TAG:0007:000B:}}TSCHI!
{{TAG:0003:0009:}}Zusammenfassend ist zu sagen:{{TAG:0007:0000:14000000}}
Es kann nur besser werden.{{TAG:0007:0000:14000000}}
Wir reden später wieder, {{TAG:0007:0000:08000000}}ja?","{{TAG:0003:0014:}}Öhö {{TAG:0007:0000:08000000}}öhö! {{TAG:0007:0000:10000000}}Ah! {{TAG:0007:0000:10000000}}Kusura bakma,{{TAG:0007:0000:08000000}} pek iyi
değilim. {{TAG:0007:0000:10000000}}{{TAG:0003:000F:}}Bir dakika{{TAG:0007:0000:08000000}}.{{TAG:0007:0000:08000000}}.{{TAG:0007:0000:08000000}}.{{TAG:0007:0000:08000000}} {{TAG:000E:0003:}}{{TAG:0005:0008:}}?
{{TAG:0007:0000:10000000}}Sen misin?{{TAG:0007:0000:10000000}} Benim, {{TAG:0007:0000:08000000}}{{TAG:0005:0001:}}!
{{TAG:0003:0024:}}Komik bir hikâye var.{{TAG:0007:0000:10000000}} Burada kamp
yaparken biri beni kalıcı olarak
taşınmaya davet etti.
{{TAG:0003:0006:}}Sonra adı lazım değil o kişi, {{TAG:0007:0000:08000000}}bir
güzel {{TAG:0007:0000:08000000}}çekip taşındı. {{TAG:0003:0007:}}{{TAG:0007:0000:10000000}}Ne kabalık!
{{TAG:0003:001B:}}Üstüne bir de gelir gelmez soğuk
algınlığına yakalandım. {{TAG:0007:0000:10000000}}{{TAG:0003:001E:}}{{TAG:0007:000B:}}HAPŞU!{{TAG:0007:0000:10000000}}{{TAG:0000:0004:}}{{TAG:0003:0027:}}Neyse,
{{TAG:0007:0000:08000000}}artık burada yaşadığıma göre
birbirimizi tanımak için bol vaktimiz
olacak. {{TAG:0007:0000:10000000}}Yakında konuşalım!"
65,066,"{{TAG:0003:0014:}}Cough {{TAG:0007:0000:08000000}}cough! {{TAG:0007:0000:10000000}}Ack! {{TAG:0007:0000:10000000}}Sorry,{{TAG:0007:0000:08000000}} but I'm
not feeling well. {{TAG:0007:0000:10000000}}{{TAG:0003:000F:}}Wait{{TAG:0007:0000:08000000}}.{{TAG:0007:0000:08000000}}.{{TAG:0007:0000:08000000}}.{{TAG:0007:0000:08000000}} {{TAG:000E:0003:}}{{TAG:0005:0008:}}?
{{TAG:0007:0000:10000000}}Is that you?{{TAG:0007:0000:10000000}} It's me, {{TAG:0007:0000:08000000}}{{TAG:0005:0001:}}!
{{TAG:0003:0024:}}Here's a funny story.{{TAG:0007:0000:10000000}} I used to live
in {{TAG:0011:0002:0000}}, {{TAG:0007:0000:08000000}}but then a certain
someone invited me to move here.
{{TAG:0003:0006:}}But then that same person, {{TAG:0007:0000:08000000}}who
shall remain nameless, {{TAG:0007:0000:08000000}}up and
moved away. {{TAG:0003:0007:}}{{TAG:0007:0000:10000000}}How rude!
{{TAG:0003:001B:}}On top of that, I caught a cold as
soon as I arrived. {{TAG:0007:0000:10000000}}{{TAG:0003:001E:}}{{TAG:0007:000B:}}ACHOO!{{TAG:0007:0000:10000000}}{{TAG:0000:0004:}}{{TAG:0003:0027:}}Anyway, {{TAG:0007:0000:08000000}}we'll have plenty of time
to get to know each other now that
I live here. {{TAG:0007:0000:10000000}}Let's talk soon!","{{TAG:0003:0014:}}¡Cof, {{TAG:0007:0000:08000000}}cof! {{TAG:0007:0000:10000000}}¡Achís! {{TAG:0007:0000:10000000}}Uf,{{TAG:0007:0000:08000000}} disculpa.
{{TAG:0007:0000:10000000}}{{TAG:0003:000F:}}Un momen{{TAG:0007:0000:08000000}}.{{TAG:0007:0000:08000000}}.{{TAG:0007:0000:08000000}}.{{TAG:0007:0000:08000000}} ¿Eres {{TAG:0005:0008:}}?{{TAG:0007:0000:10000000}}
¡Soy {{TAG:0005:0001:}}! ¿Me recuerdas?
{{TAG:0003:0024:}}Me he mudado de {{TAG:000E:0003:}}{{TAG:0011:0002:0000}}.{{TAG:0007:0000:08000000}}
Alguien muy persuasivo me
convenció para que lo hiciera.
{{TAG:0003:0006:}}Yo pensaba que encontraría aquí a
esa persona, ¡pero se ha marchado
sin avisar siquiera!
{{TAG:0003:001B:}}Encima, nada más llegar, cojo un
resfriado de los fuertes. {{TAG:0007:0000:10000000}}{{TAG:0003:001E:}}{{TAG:0007:000B:}}¡AACHÍS!{{TAG:0007:0000:10000000}}{{TAG:0000:0004:}}{{TAG:0003:0027:}}Menos mal que te tengo a ti, cielín.{{TAG:0007:0000:14000000}}
Ya hablaremos cuando esté mejor,
¿de acuerdo?","{{TAG:0003:001E:}}{{TAG:0007:0000:10000000}}{{TAG:0007:000B:}}{{TAG:0007:0000:10000000}}ATCHOOOUUUM !{{TAG:0007:0000:2D000000}} {{TAG:0003:000F:}}{{TAG:000E:0003:}}{{TAG:0005:0008:}} ?{{TAG:0007:0000:1E000000}}
C'est bien toi ?{{TAG:0007:0000:1E000000}} Que je suis contente
de te revoir ! {{TAG:0007:0000:1E000000}}C'est moi, {{TAG:0007:0000:10000000}}{{TAG:0005:0001:}}.
{{TAG:0003:0001:}}J'ai rencontré quelqu'un
{{TAG:000E:000A:0600640065002000040064002700}}{{TAG:0005:0005:}} alors que j'habitais
encore dans ma ville d'origine.
{{TAG:0003:0015:}}C'est ce même quelqu'un qui m'a
proposé de venir vivre ici.{{TAG:0007:0000:1E000000}}
{{TAG:0003:001E:}}{{TAG:0007:000B:}}ATCHOOOUUUM !{{TAG:0007:0000:10000000}}
{{TAG:0003:000A:}}Mais figure-toi que cette personne
avec laquelle j'avais sympathisé a
depuis déménagé.{{TAG:0007:0000:1E000000}}
{{TAG:0003:001B:}}Moi,{{TAG:0007:0000:10000000}} sans le savoir,{{TAG:0007:0000:10000000}} j'emménage,{{TAG:0007:0000:10000000}} et
bien sûr, {{TAG:0007:0000:10000000}}j'attrape un rhume dès
mon arrivée...
{{TAG:0003:0001:}}Mais ne t'inquiète pas.{{TAG:0007:0000:1E000000}} Dès que je
serai rétablie, nous passerons du
temps ensemble, {{TAG:0007:0000:10000000}}promis.","{{TAG:0003:0014:}}Coff, {{TAG:0007:0000:08000000}}coff. {{TAG:0007:0000:10000000}}{{TAG:0007:0000:10000000}}Scusa,{{TAG:0007:0000:08000000}} non mi sento
molto bene. {{TAG:0007:0000:10000000}}{{TAG:0003:000F:}}Aspetta{{TAG:0007:0000:08000000}}.{{TAG:0007:0000:08000000}}.{{TAG:0007:0000:08000000}}.{{TAG:0007:0000:08000000}} {{TAG:000E:0003:}}{{TAG:0005:0008:}}?{{TAG:0007:0000:10000000}}
Sei tu?{{TAG:0007:0000:10000000}} Sono io, {{TAG:0007:0000:08000000}}{{TAG:0005:0001:}}!
{{TAG:0003:0024:}}Sai cosa mi è successo?{{TAG:0007:0000:10000000}} Abitavo
{{TAG:000E:0010:}} {{TAG:0011:0002:0000}}, quando qualcuno
mi ha convinta a trasferirmi qui.
{{TAG:0003:0006:}}Solo che questo qualcuno,{{TAG:0007:0000:08000000}}
di cui non voglio fare il nome, {{TAG:0007:0000:08000000}}ha
lasciato la città. {{TAG:0003:0007:}}{{TAG:0007:0000:10000000}}Dico... che modi!!!{{TAG:0003:001B:}}
Oltretutto, appena arrivata,
mi sono ammalata. {{TAG:0007:0000:10000000}}{{TAG:0003:001E:}}{{TAG:0007:000B:}}ECCÌ!{{TAG:0007:0000:10000000}}{{TAG:0000:0004:}}{{TAG:0003:0027:}}Beh, {{TAG:0007:0000:08000000}}magari ci vediamo un altro
giorno per parlare. {{TAG:0007:0000:10000000}}{{TAG:0003:0001:}}Mi farebbe
molto, ma molto piacere!","{{TAG:0003:0014:}}Öhö!{{TAG:0007:0000:08000000}} Öhö!{{TAG:0007:0000:14000000}}{{TAG:0003:001E:}}{{TAG:0007:000B:}} HATSCHI!{{TAG:0007:0000:28000000}}
Oje!{{TAG:0007:0000:14000000}} Mir geht's schlecht{{TAG:0007:0000:08000000}}.{{TAG:0007:0000:08000000}}.{{TAG:0007:0000:08000000}}.{{TAG:0007:0000:14000000}}
{{TAG:0003:000F:}}Huch!{{TAG:0007:0000:14000000}} {{TAG:000E:0003:}}{{TAG:0005:0008:}}?{{TAG:0007:0000:14000000}} Bist du's?!?
{{TAG:0003:0024:}}Ich bin's!{{TAG:0007:0000:14000000}} {{TAG:000E:0003:}}{{TAG:0005:0001:}}!{{TAG:0007:0000:14000000}} {{TAG:0003:0024:}}Du wirst
nicht glauben, wie es mich von
{{TAG:0011:0002:0000}} hierher verschlagen hat.
Ich wurde eingeladen!{{TAG:0007:0000:14000000}} Oh ja!{{TAG:0007:0000:14000000}} Von
jemandem, der sagte, hier wäre es
ausgesprochen schön!
{{TAG:0003:0006:}}Dieser Jemand wollte mir alles
zeigen und sich um mich kümmern,
bis ich mich allein zurechtfinde.
{{TAG:0003:0007:}}Und dann ziehe ich um und muss
feststellen, dass der Schelm längst
über alle Berge ist!{{TAG:0007:0000:14000000}} FRECHHEIT!
{{TAG:0003:001E:}}{{TAG:0007:000B:}}HATSCHI!{{TAG:0007:0000:14000000}} Ha-{{TAG:0007:0000:08000000}}{{TAG:0003:001E:}}{{TAG:0007:000B:}}HATSCHI!!{{TAG:0007:0000:14000000}}
{{TAG:0003:001B:}}Uff!{{TAG:0007:0000:28000000}} Und dann bin ich auch
gleich noch krank geworden{{TAG:0007:0000:08000000}}.{{TAG:0007:0000:08000000}}.{{TAG:0007:0000:08000000}}.
{{TAG:0003:0009:}}Man hat es nicht leicht{{TAG:0007:0000:08000000}}.{{TAG:0007:0000:08000000}}.{{TAG:0007:0000:08000000}}.{{TAG:0007:0000:14000000}} Hmpf!{{TAG:0007:0000:14000000}}
Besuch mich doch mal wieder,
wenn es mir besser geht, {{TAG:0007:0000:08000000}}ja?
Ich fürchte, momentan bin ich
nicht gerade ein Sonnenschein{{TAG:0007:0000:08000000}}.{{TAG:0007:0000:08000000}}.{{TAG:0007:0000:08000000}}.","{{TAG:0003:0014:}}Öhö {{TAG:0007:0000:08000000}}öhö! {{TAG:0007:0000:10000000}}Ah! {{TAG:0007:0000:10000000}}Kusura bakma,{{TAG:0007:0000:08000000}} pek iyi
değilim. {{TAG:0007:0000:10000000}}{{TAG:0003:000F:}}Bir dakika{{TAG:0007:0000:08000000}}.{{TAG:0007:0000:08000000}}.{{TAG:0007:0000:08000000}}.{{TAG:0007:0000:08000000}} {{TAG:000E:0003:}}{{TAG:0005:0008:}}?
{{TAG:0007:0000:10000000}}Sen misin?{{TAG:0007:0000:10000000}} Benim, {{TAG:0007:0000:08000000}}{{TAG:0005:0001:}}!
{{TAG:0003:0024:}}Komik bir hikâye var.{{TAG:0007:0000:10000000}} Eskiden {{TAG:0011:0002:0000}}
kasabasında yaşıyordum, {{TAG:0007:0000:08000000}}sonra biri
beni buraya taşınmaya davet etti.
{{TAG:0003:0006:}}Sonra adı lazım değil o kişi, {{TAG:0007:0000:08000000}}bir
güzel {{TAG:0007:0000:08000000}}çekip taşındı. {{TAG:0003:0007:}}{{TAG:0007:0000:10000000}}Ne kabalık!
{{TAG:0003:001B:}}Üstüne bir de gelir gelmez soğuk
algınlığına yakalandım. {{TAG:0007:0000:10000000}}{{TAG:0003:001E:}}{{TAG:0007:000B:}}HAPŞU!{{TAG:0007:0000:10000000}}{{TAG:0000:0004:}}{{TAG:0003:0027:}}Neyse,
{{TAG:0007:0000:08000000}}artık burada yaşadığıma göre
birbirimizi tanımak için bol vaktimiz
olacak. {{TAG:0007:0000:10000000}}Yakında konuşalım!"
