entry,label,EN,ES,FR,IT,DE,TRANSLATION
0,001,"Would you like to bet against my
{{TAG:0011:0003:0000}}{{TAG:0007:0000:10000000}} and play
the Flower Card game?
{{TAG:0007:000D:}}{{TAG:0003:0025:}}If you can beat me,{{TAG:0007:0000:10000000}} I can sell you
the {{TAG:0011:0003:0000}} for a
really cheap price,{{TAG:0007:0000:08000000}} {{TAG:0005:0007:}}.{{TAG:0008:0005:0800150002002800}}
Let's play it!
Not right now...","¿Te apetece jugar conmigo al {{TAG:0000:0003:0200}}Juego
de las flores{{TAG:0000:0003:FFFF}}? ¡Te apuesto mi
{{TAG:0011:0003:0000}}{{TAG:0007:0000:10000000}}!
{{TAG:0007:000D:}}{{TAG:0003:0025:}}Si ganas, te l{{TAG:000E:0008:00CD02006F000200610002003000}} venderé a muy buen
precio,{{TAG:0007:0000:08000000}} {{TAG:0005:0007:}}.{{TAG:0008:0005:0800150002002800}}
¡A jugar!
Creo que no...","Que dirais-tu d'une partie de
« trouve la bonne carte » ?{{TAG:0000:0004:}}En jeu : {{TAG:000E:0002:}}
{{TAG:0011:0003:0000}}.{{TAG:0000:0004:}}{{TAG:0007:000D:}}{{TAG:0003:0025:}}Si tu me bats,{{TAG:0007:0000:08000000}} {{TAG:0005:0007:}},{{TAG:0007:0000:10000000}}
j'accepterai de te {{TAG:000E:0008:00CD04006C00650004006C00610002003000}} vendre à un
prix ridicule.{{TAG:0008:0005:0800150002002800}}
Ça marche !
Une autre fois...","Ti va di giocare con me al {{TAG:0000:0003:0200}}gioco
dei tre fiori{{TAG:0000:0003:FFFF}}? Metto in palio
{{TAG:000E:0008:00CD0C0069006C0020006D0069006F000C006C00610020006D00690061000000}} {{TAG:0011:0003:0000}}!
{{TAG:0007:000D:}}{{TAG:0003:0025:}}In base al risultato,{{TAG:0007:0000:10000000}} o ti regalerò
{{TAG:000E:0001:}}{{TAG:0011:0003:0000}} o te
{{TAG:000E:0008:00CD04006C006F0004006C0061000000}} venderò per poco, {{TAG:0007:0000:08000000}}{{TAG:0005:0007:}}.{{TAG:0008:0005:0800150002002800}}
Sì, giochiamo!
No, ora no...","Hast du Lust, eine Runde
„Blumenkarten“ zu spielen?{{TAG:0000:0004:}}{{TAG:0007:000D:}}{{TAG:0003:0025:}}Wenn du gewinnst, verkaufe ich dir
{{TAG:000E:0008:00CD0C006D00650069006E0065006E000A006D00650069006E00650008006D00650069006E00}} {{TAG:0011:0003:0000}} zum
Schnäppchenpreis,{{TAG:0007:0000:08000000}} {{TAG:0005:0007:}}.{{TAG:0008:0005:0800150002002800}}
Gut, spielen wir!
Jetzt nicht...","{{TAG:0011:0003:0000}}{{TAG:0007:0000:10000000}}'im üzerine bahse girip
Çiçek Kartı oynayalım mı?
{{TAG:0007:000D:}}{{TAG:0003:0025:}}Beni yenebilirsen,{{TAG:0007:0000:10000000}} {{TAG:0011:0003:0000}}'i
sana çok ucuza satabilirim,{{TAG:0007:0000:08000000}} {{TAG:0005:0007:}}.{{TAG:0008:0005:0800150002002800}}
Oynayalım!
Şimdi olmaz..."
1,002,"{{TAG:0003:0009:}}That's too bad{{TAG:0007:0000:08000000}}.{{TAG:0007:0000:08000000}}.{{TAG:0007:0000:08000000}}.{{TAG:0007:0000:08000000}} I'll be waiting if
you change your mind for some
reason,{{TAG:0007:0000:08000000}} {{TAG:0005:0007:}}.","{{TAG:0003:0009:}}Jo{{TAG:0007:0000:08000000}}.{{TAG:0007:0000:08000000}}.{{TAG:0007:0000:08000000}}.{{TAG:0007:0000:08000000}} Pues qué pena.{{TAG:0007:0000:0A000000}} Avísame si
cambias de opinión,{{TAG:0007:0000:08000000}} {{TAG:0005:0007:}}.","{{TAG:0003:0009:}}C'est trop bête{{TAG:0007:0000:08000000}}.{{TAG:0007:0000:08000000}}.{{TAG:0007:0000:08000000}}.{{TAG:0007:0000:08000000}} Mais si tu changes
d'avis, hésite pas,{{TAG:0007:0000:08000000}} {{TAG:0005:0007:}}.","{{TAG:0003:0009:}}Ma che peccato{{TAG:0007:0000:08000000}}.{{TAG:0007:0000:08000000}}.{{TAG:0007:0000:08000000}}.{{TAG:0007:0000:08000000}} Allora aspetterò
che ti venga voglia di giocare,
{{TAG:0007:0000:08000000}}{{TAG:0005:0007:}}.","{{TAG:0003:0009:}}Schade...{{TAG:0007:0000:10000000}} Aber vielleicht hast du
ja später Lust zu spielen,{{TAG:0007:0000:08000000}}
{{TAG:0005:0007:}}.","{{TAG:0003:0009:}}Yazık oldu{{TAG:0007:0000:08000000}}.{{TAG:0007:0000:08000000}}.{{TAG:0007:0000:08000000}}.{{TAG:0007:0000:08000000}} Fikrini değiştirirsen
burada seni bekliyor olacağım,{{TAG:0007:0000:08000000}} {{TAG:0005:0007:}}."
2,003,"{{TAG:0003:0024:}}I never expected you to be as
good as you were{{TAG:0007:0000:08000000}}.{{TAG:0007:0000:08000000}}.{{TAG:0007:0000:08000000}}.{{TAG:0007:0000:08000000}}{{TAG:0000:0004:}}{{TAG:0003:0025:}}Well, I made a promise!{{TAG:0007:0000:20000000}} Here's the
{{TAG:0011:0003:0000}}, just as I
said.{{TAG:0007:0000:10000000}} And for free, no less!","{{TAG:0003:0024:}}Nunca me imaginé que se te pudiera
dar así de bien{{TAG:0007:0000:08000000}}.{{TAG:0007:0000:08000000}}.{{TAG:0007:0000:08000000}}.{{TAG:0007:0000:08000000}}{{TAG:0000:0004:}}{{TAG:0003:0025:}}En fin, yo siempre cumplo mi
palabra.{{TAG:0007:0000:20000000}} Hala, aquí tienes mi
{{TAG:0011:0003:0000}}.{{TAG:0007:0000:10000000}} ¡Y gratis!","{{TAG:0003:0024:}}Eh ben, si j'avais su que t'étais aussi
doué{{TAG:000E:0006:000002006500}} à ce jeu{{TAG:0007:0000:08000000}}.{{TAG:0007:0000:08000000}}.{{TAG:0007:0000:08000000}}.{{TAG:0007:0000:08000000}}{{TAG:0000:0004:}}{{TAG:0003:0025:}}Bah, ce qui est dit est dit !{{TAG:0007:0000:20000000}} Voici
{{TAG:000E:0001:}}{{TAG:0011:0003:0000}},
comme convenu.{{TAG:0007:0000:10000000}} Et c'est cadeau !","{{TAG:0003:0024:}}Non mi aspettavo che tu fossi
così brav{{TAG:000E:0006:02006F0002006100}}{{TAG:0007:0000:08000000}}.{{TAG:0007:0000:08000000}}.{{TAG:0007:0000:08000000}}.{{TAG:0007:0000:08000000}}{{TAG:0000:0004:}}{{TAG:0003:0025:}}Beh, ti avevo fatto una promessa!{{TAG:0007:0000:20000000}}
Ecco {{TAG:000E:0001:}}{{TAG:0011:0003:0000}}.
{{TAG:0007:0000:10000000}}È gratis!","{{TAG:0003:0024:}}Das hätte ich dir ehrlich gesagt gar
nicht zugetraut...{{TAG:0000:0004:}}{{TAG:0003:0025:}}Aber ich halte mein Versprechen!{{TAG:0007:0000:20000000}}
Hier, {{TAG:000E:0001:}}{{TAG:0011:0003:0000}}!
{{TAG:0007:0000:10000000}}Du bekommst {{TAG:000E:0008:00CD0600690068006E000600730069006500040065007300}} umsonst!","{{TAG:0003:0024:}}Bu kadar iyi oynayacağını hiç
beklemiyordum{{TAG:0007:0000:08000000}}.{{TAG:0007:0000:08000000}}.{{TAG:0007:0000:08000000}}.{{TAG:0007:0000:08000000}}{{TAG:0000:0004:}}{{TAG:0003:0025:}}Neyse, söz verdim!{{TAG:0007:0000:20000000}} Dediğim gibi
{{TAG:0011:0003:0000}} burada.{{TAG:0007:0000:10000000}} Hem de bedava!"
3,004,"{{TAG:0003:0009:}}That was close!{{TAG:0007:0000:10000000}} You almost had
a perfect game!{{TAG:0000:0004:}}{{TAG:0003:0025:}}But you got 2 roses,{{TAG:0007:0000:10000000}} so I'll sell it
to you for a mere {{TAG:0000:0003:0200}}{{TAG:0004:0009:0000}} Bells{{TAG:0000:0003:FFFF}}.{{TAG:0007:0000:20000000}}
{{TAG:0003:0024:}}Heh heh heh{{TAG:0007:0000:08000000}}.{{TAG:0007:0000:08000000}}.{{TAG:0007:0000:08000000}}.{{TAG:0007:0000:08000000}} That's a special deal!","{{TAG:0003:0009:}}¡Has estado cerca de conseguir
una puntuación perfecta!{{TAG:0000:0004:}}{{TAG:0003:0025:}}Aun así, has logrado dos rosas,{{TAG:0007:0000:10000000}}
así que te venderé mi objeto por
{{TAG:0000:0003:0200}}{{TAG:0004:0009:0000}} bayas{{TAG:0000:0003:FFFF}}.{{TAG:0007:0000:20000000}}{{TAG:0003:0024:}} ¡Precio de saldo!{{TAG:0007:0000:08000000}} ¡Je!","{{TAG:0003:0024:}}T'es passé{{TAG:000E:0006:000002006500}} tout près de l'exploit,
dis-moi !{{TAG:0007:0000:10000000}} T'as presque gagné toutes
les manches, c'est rageant !{{TAG:0000:0004:}}{{TAG:0003:0025:}}Mais bon, comme t'as trouvé deux
fois la bonne carte, je suis prêt à te
vendre l'objet à un très bon prix...
{{TAG:0000:0003:0200}}{{TAG:0004:0009:0000}} clochettes {{TAG:0000:0003:FFFF}}!{{TAG:0007:0000:20000000}} {{TAG:0003:0023:}}Ouais, c'est
vraiment un prix tout riquiqui, je
sais !","{{TAG:0003:0009:}}Ci sei andat{{TAG:000E:0006:02006F0002006100}} vicino!{{TAG:0007:0000:10000000}} Stavi quasi
per fare una tripletta!{{TAG:0000:0004:}}{{TAG:0003:0025:}}Hai trovato la rosa due volte,{{TAG:0007:0000:10000000}} quindi
puoi avere quel gioiellino per {{TAG:0000:0003:0200}}{{TAG:0004:0009:0000}}
stelline{{TAG:0000:0003:FFFF}}.{{TAG:0007:0000:20000000}} {{TAG:0003:0024:}}Eh eh{{TAG:0007:0000:08000000}}.{{TAG:0007:0000:08000000}}.{{TAG:0007:0000:08000000}}.{{TAG:0007:0000:08000000}} Un affarone, eh?!","{{TAG:0003:0009:}}Leider bist du knapp an den drei
Rosen vorbeigeschrammt!{{TAG:0000:0004:}}{{TAG:0003:0025:}}Aber weil du zwei Rosen hattest,
mache ich dir einen Preis von
gerade mal {{TAG:0000:0003:0200}}{{TAG:0004:0009:0000}} Sternis{{TAG:0000:0003:FFFF}}.","{{TAG:0003:0009:}}Ucuz atlattım!{{TAG:0007:0000:10000000}} Neredeyse kusursuz
oynayacaktın!{{TAG:0000:0004:}}{{TAG:0003:0025:}}Ama 2 gül buldun,{{TAG:0007:0000:10000000}} o yüzden sana
yalnızca {{TAG:0000:0003:0200}}{{TAG:0004:0009:0000}} Çan'a{{TAG:0000:0003:FFFF}} satacağım.{{TAG:0007:0000:20000000}}
{{TAG:0003:0024:}}Heh heh heh{{TAG:0007:0000:08000000}}.{{TAG:0007:0000:08000000}}.{{TAG:0007:0000:08000000}}.{{TAG:0007:0000:08000000}} Özel fiyat!"
4,005,"{{TAG:0003:0009:}}That was close!{{TAG:0007:0000:10000000}} You almost had
a perfect game!{{TAG:0000:0004:}}{{TAG:0003:0025:}}But you got 2 roses,{{TAG:0007:0000:10000000}} so I'll sell it
to you for {{TAG:0000:0003:0200}}{{TAG:0004:0009:0100}} Bells{{TAG:0000:0003:FFFF}}.","{{TAG:0003:0009:}}¡Has estado cerca de conseguir
una puntuación perfecta!{{TAG:0000:0004:}}{{TAG:0003:0025:}}Aun así, has logrado dos rosas,{{TAG:0007:0000:10000000}}
así que te venderé mi objeto por
{{TAG:0000:0003:0200}}{{TAG:0004:0009:0100}}{{TAG:0000:0003:FFFF}}{{TAG:0000:0003:0200}} bayas{{TAG:0000:0003:FFFF}}.{{TAG:0007:0000:20000000}} ¡No está nada mal!","{{TAG:0003:0024:}}Ah, on a frôlé le sans-faute !{{TAG:0007:0000:10000000}}
Dommage !{{TAG:0000:0004:}}{{TAG:0003:0025:}}Allez, deux sur trois, c'est pas si
mal.{{TAG:0007:0000:10000000}} J'accepte de te laisser l'objet
pour {{TAG:0000:0003:0200}}{{TAG:0004:0009:0100}} clochettes{{TAG:0000:0003:FFFF}}.","{{TAG:0003:0009:}}Ci sei andat{{TAG:000E:0006:02006F0002006100}} vicino!{{TAG:0007:0000:10000000}} Stavi quasi
per fare una tripletta!{{TAG:0000:0004:}}{{TAG:0003:0025:}}Hai trovato la rosa due volte,
{{TAG:0007:0000:10000000}}quindi puoi avere quel gioiellino
per {{TAG:0000:0003:0200}}{{TAG:0004:0009:0000}} stelline{{TAG:0000:0003:FFFF}}.","{{TAG:0003:0009:}}Fast hättest du drei Rosen gehabt!{{TAG:0000:0004:}}{{TAG:0003:0025:}}Für deine zwei Rosen mache ich dir
einen Preis von nur {{TAG:0000:0003:0200}}{{TAG:0004:0009:0100}} Sternis{{TAG:0000:0003:FFFF}}.{{TAG:0007:0000:10000000}}
{{TAG:0003:001B:}}Ein Spottpreis sozusagen.","{{TAG:0003:0009:}}Ucuz atlattım!{{TAG:0007:0000:10000000}} Neredeyse kusursuz
oynayacaktın!{{TAG:0000:0004:}}{{TAG:0003:0025:}}Ama 2 gül buldun,{{TAG:0007:0000:10000000}} o yüzden sana
{{TAG:0000:0003:0200}}{{TAG:0004:0009:0100}} Çan'a{{TAG:0000:0003:FFFF}} satacağım."
5,006,"{{TAG:0003:000B:}}{{TAG:0007:0000:10000000}}After all,{{TAG:0007:0000:10000000}} you just got 1 rose{{TAG:0007:0000:08000000}}.{{TAG:0007:0000:08000000}}.{{TAG:0007:0000:08000000}}.{{TAG:0007:0000:08000000}}
That will come to {{TAG:0000:0003:0200}}{{TAG:0004:0009:0200}} Bells{{TAG:0000:0003:FFFF}}.{{TAG:0007:0001:}}
{{TAG:0003:0009:}}Sorry about that,{{TAG:0007:0000:08000000}} {{TAG:0005:0007:}}.","{{TAG:0003:000B:}}{{TAG:0007:0000:10000000}}Bueno,{{TAG:0007:0000:10000000}} al fin y al cabo, has logrado
una rosa{{TAG:0007:0000:08000000}}.{{TAG:0007:0000:08000000}}.{{TAG:0007:0000:08000000}}.{{TAG:0007:0000:08000000}}{{TAG:0007:0001:}} Venga, te dejo mi objeto
en {{TAG:0000:0003:0200}}{{TAG:0004:0009:0200}} bayas{{TAG:0000:0003:FFFF}}.
{{TAG:0003:0009:}}Siento no poder hacerte una rebaja
mayor,{{TAG:0007:0000:08000000}} pero un trato es un trato,
{{TAG:0005:0007:}}.","{{TAG:0003:000B:}}{{TAG:0007:0000:10000000}}Aïe,{{TAG:0007:0000:10000000}} t'as trouvé qu'une seule fois la
bonne carte{{TAG:0007:0000:08000000}}.{{TAG:0007:0000:08000000}}.{{TAG:0007:0000:08000000}}.{{TAG:0000:0004:}}{{TAG:0003:001B:}}Dans ces conditions, j'ai pas le
choix :{{TAG:0007:0000:0F000000}} l'objet te coûtera {{TAG:0000:0003:0200}}{{TAG:0004:0009:0200}}
clochettes{{TAG:0000:0003:FFFF}}.{{TAG:0007:0001:}} Navré,{{TAG:0007:0000:08000000}} {{TAG:0005:0007:}}.","{{TAG:0003:000B:}}Dopotutto,{{TAG:0007:0000:10000000}} hai trovato la rosa solo
una volta.{{TAG:0007:0000:08000000}}.{{TAG:0007:0000:08000000}}.{{TAG:0007:0000:08000000}} Direi che fanno {{TAG:0000:0003:0200}}{{TAG:0004:0009:0200}}
stelline{{TAG:0000:0003:FFFF}}.{{TAG:0007:0001:}} {{TAG:0003:0009:}}Mi dispiace,{{TAG:0007:0000:08000000}} {{TAG:0005:0007:}}.","{{TAG:0003:000B:}}{{TAG:0007:0000:08000000}}Du hast eine von drei Rosen{{TAG:0007:0000:08000000}}.{{TAG:0007:0000:08000000}}.{{TAG:0007:0000:08000000}}.{{TAG:0007:0000:08000000}}
Das macht dann {{TAG:0000:0003:0200}}{{TAG:0004:0009:0200}} Sternis{{TAG:0000:0003:FFFF}}.{{TAG:0007:0001:}}
{{TAG:0003:0009:}}Tut mir leid,{{TAG:0007:0000:08000000}} {{TAG:0005:0007:}}.","{{TAG:0003:000B:}}{{TAG:0007:0000:10000000}}Sonuçta{{TAG:0007:0000:10000000}} yalnızca 1 gül buldun{{TAG:0007:0000:08000000}}.{{TAG:0007:0000:08000000}}.{{TAG:0007:0000:08000000}}.{{TAG:0007:0000:08000000}}
Fiyatı {{TAG:0000:0003:0200}}{{TAG:0004:0009:0200}} Çan{{TAG:0000:0003:FFFF}} olacak.{{TAG:0007:0001:}}
{{TAG:0003:0009:}}Kusura bakma,{{TAG:0007:0000:08000000}} {{TAG:0005:0007:}}."
6,007,"{{TAG:0003:0027:}}I know it's a little pricey,{{TAG:0007:0000:10000000}} but{{TAG:0007:0000:08000000}}.{{TAG:0007:0000:08000000}}.{{TAG:0007:0000:08000000}}.{{TAG:0007:0000:08000000}}
you can buy it for {{TAG:0000:0003:0200}}{{TAG:0004:0009:0300}} Bells{{TAG:0000:0003:FFFF}}.{{TAG:0007:0000:10000000}}
{{TAG:000E:0003:}}{{TAG:0005:0007:}}!","{{TAG:0003:0027:}}Ya sé que no es muy asequible,{{TAG:0007:0000:10000000}} pero
te puedo vender mi objeto por{{TAG:0007:0000:08000000}}.{{TAG:0007:0000:08000000}}.{{TAG:0007:0000:08000000}}.{{TAG:0007:0000:08000000}} 
{{TAG:0000:0003:0200}}{{TAG:0004:0009:0300}} bayas{{TAG:0000:0003:FFFF}},{{TAG:0007:0000:10000000}} {{TAG:0005:0007:}}.","{{TAG:0003:0027:}}Bon, ça va te sembler un peu abusé,{{TAG:0007:0000:10000000}}
mais{{TAG:0007:0000:08000000}}.{{TAG:0007:0000:08000000}}.{{TAG:0007:0000:08000000}}.{{TAG:0007:0000:08000000}} je te vends l'objet pour
{{TAG:0000:0003:0200}}{{TAG:0004:0009:0300}} clochettes{{TAG:0000:0003:FFFF}}.{{TAG:0007:0000:10000000}} {{TAG:000E:0003:}}{{TAG:0005:0007:}} !","{{TAG:0003:0027:}}Sì, forse non è proprio economico,
{{TAG:0007:0000:10000000}}ma{{TAG:0007:0000:08000000}}.{{TAG:0007:0000:08000000}}.{{TAG:0007:0000:08000000}}.{{TAG:0007:0000:08000000}} puoi avere quel gioiellino per
{{TAG:0000:0003:0200}}{{TAG:0004:0009:0300}} stelline{{TAG:0000:0003:FFFF}}, {{TAG:0007:0000:10000000}}{{TAG:0005:0007:}}!","{{TAG:0003:0027:}}Das ist vielleicht nicht gerade ein
Schnäppchenpreis,{{TAG:0007:0000:10000000}} aber sagen wir{{TAG:0007:0000:08000000}}.{{TAG:0007:0000:08000000}}.{{TAG:0007:0000:08000000}}.{{TAG:0007:0000:08000000}}
{{TAG:0000:0003:0200}}{{TAG:0004:0009:0300}} Sternis{{TAG:0000:0003:FFFF}},{{TAG:0007:0000:10000000}} {{TAG:0005:0007:}}!","{{TAG:0003:0027:}}Biraz pahalı, biliyorum,{{TAG:0007:0000:10000000}} ama{{TAG:0007:0000:08000000}}.{{TAG:0007:0000:08000000}}.{{TAG:0007:0000:08000000}}.{{TAG:0007:0000:08000000}}
{{TAG:0000:0003:0200}}{{TAG:0004:0009:0300}} Çan'a{{TAG:0000:0003:FFFF}} satın alabilirsin.{{TAG:0007:0000:10000000}}
{{TAG:000E:0003:}}{{TAG:0005:0007:}}!"
7,008,"{{TAG:0003:0026:}}All right,{{TAG:0007:0000:10000000}} would you like me to
explain the rules to you?{{TAG:0008:0005:090015000A002800}}
Yes, please.
I already know them!","{{TAG:0003:0026:}}¡Genial!{{TAG:0007:0000:10000000}} ¿Te explico las reglas?{{TAG:0008:0005:090015000A002800}}
¡Sí, porfa!
No, ¿para qué?","{{TAG:0003:0026:}}Parfait.{{TAG:0007:0000:10000000}} Tu veux que je t'explique
les règles du jeu ?{{TAG:0008:0005:090015000A002800}}
S'il te plaît, oui.
Je les connais !","{{TAG:0003:0026:}}Va bene,{{TAG:0007:0000:10000000}} vuoi che ti spieghi
le regole?{{TAG:0008:0005:090015000A002800}}
Sì, grazie!
No, le so già.","{{TAG:0003:0026:}}In Ordnung!{{TAG:0007:0000:10000000}} Soll ich dir zuerst die
Regeln erklären?{{TAG:0008:0005:090015000A002800}}
Ja bitte.
Ich kenne die Regeln!","{{TAG:0003:0026:}}Pekâlâ,{{TAG:0007:0000:10000000}} kuralları açıklamamı ister misin?{{TAG:0008:0005:090015000A002800}}
Evet, lütfen.
Zaten biliyorum!"
8,009,"{{TAG:0003:0025:}}OK!{{TAG:0007:0000:20000000}} So here are the game's rules.{{TAG:0007:0001:}}
{{TAG:0003:0000:}}There are 3 cards here{{TAG:0007:0000:08000000}}.{{TAG:0007:0000:08000000}}.{{TAG:0007:0000:08000000}}.{{TAG:0007:0000:08000000}}{{TAG:0000:0004:}}Each card has different pictures
on the back—{{TAG:0007:0000:10000000}}roses, cosmos, and
dandelions.{{TAG:0007:0000:10000000}}
I'll shuffle the cards, and then you'll
have to choose one.{{TAG:0007:0001:}} {{TAG:0003:0023:}}You have to
try to find the card with roses{{TAG:0007:0000:08000000}}.{{TAG:0007:0000:08000000}}.{{TAG:0007:0000:08000000}}.{{TAG:0007:0000:08000000}}
{{TAG:0003:0000:}}After every round, you'll return the
card to the deck for me to shuffle
once again{{TAG:0007:0000:08000000}}.{{TAG:0007:0000:08000000}}.{{TAG:0007:0000:08000000}}.{{TAG:0007:0000:20000000}}
We'll go through 3 rounds.
That's 3 and only 3.{{TAG:0000:0004:}}{{TAG:0003:0025:}}If you can draw the roses 3
times,{{TAG:0007:0000:20000000}} I'll just give you the
{{TAG:0011:0003:0000}} for free!
{{TAG:0003:0024:}}Keep in mind that the price will vary{{TAG:0007:0000:10000000}}
depending on the number of correct
answers. So be careful, OK?
{{TAG:0003:0000:}}That should be enough for the rules.{{TAG:0007:0000:10000000}}
Shall we get started then?{{TAG:0007:0000:08000000}}
{{TAG:000E:0003:}}{{TAG:0005:0007:}}?
{{TAG:0007:0000:08000000}}.{{TAG:0007:0000:08000000}}.{{TAG:0007:0000:08000000}}.{{TAG:0007:0000:08000000}}.{{TAG:0007:0000:08000000}}.{{TAG:0007:0000:08000000}}.{{TAG:0007:0000:08000000}}{{TAG:0003:0006:}}All right!{{TAG:0007:0000:20000000}} Please pick a card!{{TAG:0008:0001:0B0000000B0000000B000000}}
The one on the left.
The one in the middle.
The one on the right.","{{TAG:0003:0025:}}¡Vale!{{TAG:0007:0000:20000000}} Son bien sencillas, ¿eh?{{TAG:0007:0001:}}
{{TAG:0003:0000:}}Aquí tengo tres cartas.{{TAG:0007:0000:08000000}}{{TAG:0000:0004:}}Cada una tiene una flor distinta: {{TAG:0007:0000:10000000}}
una rosa, un cosmos o un diente
de león.{{TAG:0007:0000:10000000}}
Barajaré las cartas y luego te pediré
que elijas una.{{TAG:0007:0001:}} {{TAG:0003:0023:}}Tienes que intentar
encontrar la que esconde la rosa.
{{TAG:0003:0000:}}Después de cada ronda, me tienes
que devolver la carta y las barajaré
de nuevo.{{TAG:0007:0000:20000000}}
El juego consta de tres rondas.
Cuando digo tres, son tres.
¡Ni una, ni dos, ni dos y media!{{TAG:0000:0004:}}{{TAG:0003:0025:}}Si eres capaz de encontrar la rosa
en las tres rondas,{{TAG:0007:0000:08000000}} ¡te regalaré mi
{{TAG:0011:0003:0000}}!
{{TAG:0003:0024:}}Si no,{{TAG:0007:0000:0A000000}} su precio dependerá del
número de rosas con las que
logres dar, ¿entendido?
{{TAG:0003:0000:}}En fin, ¿qué te parece si me dejo
de rollos y empezamos ya?{{TAG:0007:0000:1E000000}}
¡Venga! {{TAG:0007:0000:20000000}}¡Elige una carta!{{TAG:0008:0001:0B0000000B0000000B000000}}
La de la izquierda
La del medio
La de la derecha","{{TAG:0003:0025:}}OK !{{TAG:0007:0000:20000000}} Voici le principe...{{TAG:0007:0001:}} {{TAG:0003:0000:}}Je te
présente trois cartes{{TAG:0007:0000:08000000}}.{{TAG:0007:0000:08000000}}.{{TAG:0007:0000:08000000}}.{{TAG:0000:0004:}}Il y a un dessin différent sur
chacune d'elles : {{TAG:0007:0000:10000000}}roses, cosmos et
pissenlits.{{TAG:0007:0000:10000000}}
Je mélange les cartes et tu dois en
choisir une.{{TAG:0007:0001:}} {{TAG:0003:0023:}}Ton but est de trouver
celle avec les roses{{TAG:0007:0000:08000000}}.{{TAG:0007:0000:08000000}}.{{TAG:0007:0000:08000000}}.{{TAG:0007:0000:08000000}}
{{TAG:0003:0000:}}À la fin de chaque tour, on replace
la carte dans le jeu et je mélange à
nouveau{{TAG:0007:0000:08000000}}.{{TAG:0007:0000:08000000}}.{{TAG:0007:0000:08000000}}.
Ça se joue en trois manches. Et pas
une de plus !{{TAG:0000:0004:}}{{TAG:0003:0025:}}Si tu réussis à tirer trois fois la
carte « roses »,{{TAG:0007:0000:20000000}} je te donne {{TAG:000E:0002:}}
{{TAG:0011:0003:0000}} gratis !
{{TAG:0003:0024:}}Sinon, le prix de l'objet dépendra du
nombre de bonnes réponses, {{TAG:0007:0000:0F000000}}alors
reste concentré{{TAG:000E:0006:000002006500}} !
{{TAG:0003:0000:}}Bon, voilà pour les règles.{{TAG:0007:0000:10000000}} Tu te
sens prêt{{TAG:000E:0006:000002006500}} ?{{TAG:0007:0000:08000000}} {{TAG:000E:0003:}}{{TAG:0005:0007:}}{{TAG:0007:0000:08000000}}.{{TAG:0007:0000:08000000}}.{{TAG:0007:0000:08000000}}.{{TAG:0007:0000:08000000}}?
{{TAG:0003:0015:}}Super ! {{TAG:0007:0000:20000000}}Alors choisis une carte !{{TAG:0008:0001:0B0000000B0000000B000000}}
Celle de gauche.
Celle du milieu.
Celle de droite.","{{TAG:0003:0025:}}OK!{{TAG:0007:0000:20000000}} Ecco qua le regole del gioco.{{TAG:0007:0001:}}
{{TAG:0003:0000:}}Io ho tre carte{{TAG:0007:0000:08000000}}.{{TAG:0007:0000:08000000}}.{{TAG:0007:0000:08000000}}.{{TAG:0007:0000:08000000}}{{TAG:0000:0004:}}Ogni carta ha il disegno di un fiore:
{{TAG:0007:0000:10000000}}rosa, cosmea o soffione.{{TAG:0007:0000:10000000}} Io mescolo
le carte e tu ne scegli una.{{TAG:0007:0001:}}
{{TAG:0003:0023:}}Devi indovinare qual è la carta
con la rosa{{TAG:0007:0000:08000000}}.{{TAG:0007:0000:08000000}}.{{TAG:0007:0000:08000000}}.{{TAG:0007:0000:08000000}} {{TAG:0003:0000:}}Dopo ogni mano,
io rimescolo le carte{{TAG:0007:0000:08000000}}.{{TAG:0007:0000:08000000}}.{{TAG:0007:0000:08000000}}.{{TAG:0007:0000:20000000}}
Faremo tre mani, né una di più
né una di meno, intesi?!{{TAG:0000:0004:}}{{TAG:0003:0025:}}Se riesci a trovare per tre volte
la carta con la rosa,{{TAG:0007:0000:20000000}} puoi avere
gratis {{TAG:000E:0001:}}{{TAG:0011:0003:0000}}!
{{TAG:0003:0024:}}Altrimenti, il prezzo varierà
in base al numero delle rose
che hai trovato.
{{TAG:0003:0000:}}Mi sembra non ci sia altro da
aggiungere.{{TAG:0007:0000:10000000}} Cominciamo,{{TAG:0007:0000:08000000}}
{{TAG:0005:0007:}}?
{{TAG:0007:0000:08000000}}.{{TAG:0007:0000:08000000}}.{{TAG:0007:0000:08000000}}. {{TAG:0007:0000:08000000}}.{{TAG:0007:0000:08000000}}.{{TAG:0007:0000:08000000}}.{{TAG:0007:0000:08000000}}{{TAG:0003:0006:}} Va bene! {{TAG:0007:0000:20000000}}Scegli una carta!{{TAG:0008:0001:0B0000000B0000000B000000}}
Quella a sinistra.
Quella al centro.
Quella a destra.","{{TAG:0003:0006:}}Also gut,{{TAG:0007:0000:20000000}} pass auf!{{TAG:0007:0001:}}
{{TAG:0003:0000:}}Ich habe hier drei Karten...{{TAG:0000:0004:}}Jede Karte hat das Bild einer
Blume auf der Rückseite – {{TAG:0007:0000:10000000}}Rose,
Gänseblümchen und Löwenzahn.
Ich mische die Karten und du ziehst
dann eine davon.{{TAG:0007:0001:}} {{TAG:0003:0023:}}Dein Ziel ist es,
die Karte mit der Rose zu finden!
{{TAG:0003:0000:}}Nach jeder Runde gibst du mir die
Karte zurück und ich mische wieder.{{TAG:0007:0000:20000000}}
Insgesamt spielen wir drei Runden.
{{TAG:0003:0024:}}Je öfter du die Rose ziehst, desto
weniger Sternis verlange ich für
{{TAG:000E:0008:00CD0C006D00650069006E0065006E000A006D00650069006E00650008006D00650069006E00}} {{TAG:0011:0003:0000}}.
{{TAG:0003:0025:}}Wenn du dreimal die Rose ziehst,{{TAG:0007:0000:20000000}}
kriegst du {{TAG:000E:0008:00CD0600690068006E000600730069006500040065007300}} sogar umsonst!{{TAG:0000:0004:}}{{TAG:0003:0000:}}Bist du bereit,{{TAG:0007:0000:08000000}} {{TAG:0005:0007:}}?
{{TAG:0007:0000:20000000}}{{TAG:0003:0006:}}Alles klar! {{TAG:0007:0000:10000000}}Zieh irgendeine Karte!{{TAG:0008:0001:0B0000000B0000000B000000}}
Die linke.
Die mittlere.
Die rechte.","{{TAG:0003:0025:}}Tamam!{{TAG:0007:0000:20000000}} Oyunun kuralları şöyle.{{TAG:0007:0001:}}
{{TAG:0003:0000:}}Burada 3 kart var{{TAG:0007:0000:08000000}}.{{TAG:0007:0000:08000000}}.{{TAG:0007:0000:08000000}}.{{TAG:0007:0000:08000000}}{{TAG:0000:0004:}}Her kartın arkasında
farklı bir resim var—{{TAG:0007:0000:10000000}}
güller, kozmoslar ve karahindibalar.{{TAG:0007:0000:10000000}}
Kartları karıştıracağım, sen de birini
seçeceksin.{{TAG:0007:0001:}} {{TAG:0003:0023:}}Gül olan kartı bulmaya
çalışman gerekiyor{{TAG:0007:0000:08000000}}.{{TAG:0007:0000:08000000}}.{{TAG:0007:0000:08000000}}.{{TAG:0007:0000:08000000}}
{{TAG:0003:0000:}}Her turun sonunda kartı desteye geri
vereceksin; ben de yeniden karıştıracağım{{TAG:0007:0000:08000000}}.{{TAG:0007:0000:08000000}}.{{TAG:0007:0000:08000000}}.{{TAG:0007:0000:20000000}}
Toplam 3 tur oynayacağız.
Yalnızca 3, fazlası yok.{{TAG:0000:0004:}}{{TAG:0003:0025:}}Üç kez gülü
çekebilirsen,{{TAG:0007:0000:20000000}} {{TAG:0011:0003:0000}}'i sana bedavaya veririm!
{{TAG:0003:0024:}}Doğru sayına göre fiyatın değişeceğini{{TAG:0007:0000:10000000}}
aklında tut. Dikkatli ol, tamam mı?
{{TAG:0003:0000:}}Kurallar için bu kadarı yeter.{{TAG:0007:0000:10000000}}
Başlayalım mı?{{TAG:0007:0000:08000000}}
{{TAG:000E:0003:}}{{TAG:0005:0007:}}?
{{TAG:0007:0000:08000000}}.{{TAG:0007:0000:08000000}}.{{TAG:0007:0000:08000000}}.{{TAG:0007:0000:08000000}}.{{TAG:0007:0000:08000000}}.{{TAG:0007:0000:08000000}}.{{TAG:0007:0000:08000000}}{{TAG:0003:0006:}}Pekâlâ!{{TAG:0007:0000:20000000}} Bir kart seç!{{TAG:0008:0001:0B0000000B0000000B000000}}
Soldaki.
Ortadaki.
Sağdaki."
9,010,"{{TAG:0003:0025:}}I see,{{TAG:0007:0000:10000000}} so you've played this game
before, huh?{{TAG:0007:0001:}} {{TAG:0003:0000:}}Well then, let's just
get started!
{{TAG:0007:0000:08000000}}.{{TAG:0007:0000:08000000}}.{{TAG:0007:0000:08000000}}.{{TAG:0007:0000:08000000}}.{{TAG:0007:0000:08000000}}.{{TAG:0007:0000:08000000}}.{{TAG:0007:0000:08000000}}{{TAG:0003:0006:}}Alrighty!{{TAG:0007:0000:20000000}} Please choose a card!{{TAG:0008:0001:0B0000000B0000000B000000}}
The one on the left.
The one in the middle.
The one on the right.","{{TAG:0003:0025:}}Por lo que parece ya has jugado
a esto anteriormente, ¿eh?{{TAG:0007:0001:}} {{TAG:0003:0000:}}
¡Pues venga, vamos al lío!
{{TAG:0003:0021:}}Adelante,{{TAG:0007:0000:08000000}} escoge una carta.{{TAG:0008:0001:0B0000000B0000000B000000}}
La de la izquierda
La del medio
La de la derecha","{{TAG:0003:0025:}}Ah d'accord,{{TAG:0007:0000:10000000}} t'y as déjà joué, en
fait.{{TAG:0007:0001:}} {{TAG:0003:0000:}}Très bien, alors commençons !
.{{TAG:0007:0000:08000000}}.{{TAG:0007:0000:08000000}}.{{TAG:0007:0000:08000000}}{{TAG:0003:0006:}} Et hop !{{TAG:0007:0000:20000000}} Choisis une carte !{{TAG:0008:0001:0B0000000B0000000B000000}}
Celle de gauche.
Celle du milieu.
Celle de droite.","{{TAG:0003:0025:}}Capisco,{{TAG:0007:0000:10000000}} ci hai già giocato, eh?!{{TAG:0007:0001:}}
{{TAG:0003:0000:}}Bene, allora cominciamo subito{{TAG:0007:0000:08000000}}.{{TAG:0007:0000:08000000}}.{{TAG:0007:0000:08000000}}.
{{TAG:0003:0006:}}Pront{{TAG:000E:0006:02006F0002006100}}?!{{TAG:0007:0000:20000000}} Scegli una carta!{{TAG:0008:0001:0B0000000B0000000B000000}}
Quella a sinistra.
Quella al centro.
Quella a destra.","{{TAG:0003:0025:}}Du kennst das Spiel also schon?{{TAG:0007:0001:}}
{{TAG:0003:0000:}}Also gut, legen wir los!{{TAG:0007:0000:10000000}}
{{TAG:0003:0015:}}Such dir irgendeine Karte aus!{{TAG:0008:0001:0B0000000B0000000B000000}}
Die linke.
Die mittlere.
Die rechte.","{{TAG:0003:0025:}}Anladım,{{TAG:0007:0000:10000000}} demek bu oyunu daha önce
oynadın, ha?{{TAG:0007:0001:}} {{TAG:0003:0000:}}O zaman hemen başlayalım!
{{TAG:0007:0000:08000000}}.{{TAG:0007:0000:08000000}}.{{TAG:0007:0000:08000000}}.{{TAG:0007:0000:08000000}}.{{TAG:0007:0000:08000000}}.{{TAG:0007:0000:08000000}}.{{TAG:0007:0000:08000000}}{{TAG:0003:0006:}}Pekâlâ!{{TAG:0007:0000:20000000}} Bir kart seç!{{TAG:0008:0001:0B0000000B0000000B000000}}
Soldaki.
Ortadaki.
Sağdaki."
10,011,{{TAG:0009:0003:0C000C000C000D000E00}},{{TAG:0009:0003:0C000C000C000D000E00}},{{TAG:0009:0003:0C000C000C000D000E00}},{{TAG:0009:0003:0C000C000C000D000E00}},{{TAG:0009:0003:0C000C000C000D000E00}},{{TAG:0009:0003:0C000C000C000D000E00}}
11,012,"This one{{TAG:0007:0000:08000000}}.{{TAG:0007:0000:08000000}}.{{TAG:0007:0000:08000000}}.{{TAG:0007:0000:08000000}}is your choice, right?{{TAG:0007:0001:}}
{{TAG:0003:0025:}}Let's see what your first pick is.{{TAG:0000:0004:}}{{TAG:0007:0000:08000000}}.{{TAG:0007:0000:08000000}}.{{TAG:0007:0000:08000000}}.{{TAG:0007:0000:08000000}}.{{TAG:0007:0000:08000000}}.{{TAG:0007:0000:08000000}}.{{TAG:0007:0000:08000000}}{{TAG:0003:0010:}}You got the roses!{{TAG:0000:0004:}}{{TAG:0003:0005:}}Well done!{{TAG:0007:0000:10000000}} You got your first round
right! That's a good way to get the
game going!
{{TAG:0003:0000:}}Let's move on to the second round.{{TAG:0007:0001:}}
{{TAG:0007:0000:08000000}}.{{TAG:0007:0000:08000000}}.{{TAG:0007:0000:08000000}}.{{TAG:0007:0000:08000000}}.{{TAG:0007:0000:08000000}}.{{TAG:0007:0000:08000000}}.{{TAG:0007:0000:08000000}}{{TAG:0003:0006:}}Here you go!{{TAG:0007:0000:10000000}} Please pick a card!{{TAG:0008:0001:0F0000000F0000000F000000}}
The one on the left.
The one in the middle.
The one on the right.","Así que eliges esta, ¿eh?{{TAG:0007:0001:}}
{{TAG:0003:0025:}}Veamos si has acertado{{TAG:0007:0000:08000000}}.{{TAG:0007:0000:08000000}}.{{TAG:0007:0000:08000000}}.{{TAG:0000:0004:}}{{TAG:0003:0010:}}¡Anda! ¡Has dado con la rosa!{{TAG:0000:0004:}}{{TAG:0003:0005:}}¡Enhorabuena!{{TAG:0007:0000:10000000}} Has superado con
éxito la primera ronda.{{TAG:0007:0001:}}{{TAG:0003:0000:}} A eso lo
llamo yo empezar con buen pie.
{{TAG:0003:0025:}}¡Adelante con la segunda ronda!{{TAG:0007:0000:10000000}}
¿Qué carta eliges ahora?{{TAG:0008:0001:0F0000000F0000000F000000}}
La de la izquierda
La del medio
La de la derecha","Celle-ci{{TAG:0007:0000:08000000}}.{{TAG:0007:0000:08000000}}.{{TAG:0007:0000:08000000}}.{{TAG:0007:0000:08000000}}? C'est bien celle que tu
voulais, hein ?{{TAG:0007:0001:}} {{TAG:0003:0025:}}Voyons de quelle
carte il s'agit.
.{{TAG:0007:0000:08000000}}.{{TAG:0007:0000:08000000}}.{{TAG:0007:0000:08000000}}{{TAG:0003:0010:}} La carte « roses » !{{TAG:0000:0004:}}{{TAG:0003:0005:}}Pas mal !{{TAG:0007:0000:10000000}} Tu remportes la première
manche !{{TAG:0007:0001:}} {{TAG:0003:0000:}}Passons à la seconde sans
tarder{{TAG:0007:0000:08000000}}.{{TAG:0007:0000:08000000}}.{{TAG:0007:0000:08000000}}.{{TAG:0000:0004:}}{{TAG:0003:0006:}}Et hop !{{TAG:0007:0000:10000000}} À toi, choisis une carte !{{TAG:0008:0001:0F0000000F0000000F000000}}
Celle de gauche.
Celle du milieu.
Celle de droite.","Questa{{TAG:0007:0000:08000000}}.{{TAG:0007:0000:08000000}}.{{TAG:0007:0000:08000000}}.{{TAG:0007:0000:08000000}} eh?{{TAG:0007:0001:}}
{{TAG:0003:0025:}}Vediamo cosa hai trovato.{{TAG:0000:0004:}}{{TAG:0007:0000:08000000}}.{{TAG:0007:0000:08000000}}.{{TAG:0007:0000:08000000}}. {{TAG:0007:0000:08000000}}.{{TAG:0007:0000:08000000}}.{{TAG:0007:0000:08000000}}.{{TAG:0007:0000:08000000}}{{TAG:0003:0010:}} Oh, la rosa!{{TAG:0000:0004:}}{{TAG:0003:0005:}}Ottimo!{{TAG:0007:0000:10000000}} Hai cominciato alla grande!
Come si dice... ""Chi ben comincia
è a metà dell'opera"", no?!
{{TAG:0003:0000:}}Passiamo alla seconda mano.{{TAG:0007:0001:}}
{{TAG:0007:0000:08000000}}.{{TAG:0007:0000:08000000}}.{{TAG:0007:0000:08000000}}. {{TAG:0007:0000:08000000}}.{{TAG:0007:0000:08000000}}.{{TAG:0007:0000:08000000}}.{{TAG:0007:0000:08000000}}{{TAG:0003:0006:}} Pront{{TAG:000E:0006:02006F0002006100}}?{{TAG:0007:0000:10000000}} Scegli una carta!{{TAG:0008:0001:0F0000000F0000000F000000}}
Quella a sinistra.
Quella al centro.
Quella a destra.","Diese hier, ja?{{TAG:0007:0001:}} {{TAG:0003:0025:}}Dann wollen wir doch
mal sehen, welches Bild auf der
Rückseite ist...
{{TAG:0007:0000:08000000}}.{{TAG:0007:0000:08000000}}.{{TAG:0007:0000:08000000}}.{{TAG:0007:0000:08000000}}{{TAG:0003:0010:}}Eine Rose!{{TAG:0000:0004:}}{{TAG:0003:0005:}}Gut gemacht!{{TAG:0007:0000:10000000}} Gleich in der ersten
Runde ein Treffer!{{TAG:0007:0000:10000000}} Das muss dir
erst mal jemand nachmachen!
{{TAG:0003:0000:}}Auf zur zweiten Runde.{{TAG:0007:0001:}}
{{TAG:0003:0006:}}Hier, zieh eine Karte!{{TAG:0008:0001:0F0000000F0000000F000000}}
Die linke.
Die mittlere.
Die rechte.","Bu{{TAG:0007:0000:08000000}}.{{TAG:0007:0000:08000000}}.{{TAG:0007:0000:08000000}}.{{TAG:0007:0000:08000000}}seçimin, değil mi?{{TAG:0007:0001:}}
{{TAG:0003:0025:}}İlk seçimin neymiş bakalım.{{TAG:0000:0004:}}{{TAG:0007:0000:08000000}}.{{TAG:0007:0000:08000000}}.{{TAG:0007:0000:08000000}}.{{TAG:0007:0000:08000000}}.{{TAG:0007:0000:08000000}}.{{TAG:0007:0000:08000000}}.{{TAG:0007:0000:08000000}}{{TAG:0003:0010:}}Gülleri
buldun!{{TAG:0000:0004:}}{{TAG:0003:0005:}}Aferin!{{TAG:0007:0000:10000000}} İlk turu doğru bildin!
Oyuna iyi başladın!
{{TAG:0003:0000:}}İkinci tura geçelim.{{TAG:0007:0001:}}
{{TAG:0007:0000:08000000}}.{{TAG:0007:0000:08000000}}.{{TAG:0007:0000:08000000}}.{{TAG:0007:0000:08000000}}.{{TAG:0007:0000:08000000}}.{{TAG:0007:0000:08000000}}.{{TAG:0007:0000:08000000}}{{TAG:0003:0006:}}Al bakalım!{{TAG:0007:0000:10000000}} Bir kart seç!{{TAG:0008:0001:0F0000000F0000000F000000}}
Soldaki.
Ortadaki.
Sağdaki."
12,013,"This{{TAG:0007:0000:08000000}}.{{TAG:0007:0000:08000000}}.{{TAG:0007:0000:08000000}}.{{TAG:0007:0000:08000000}}is the card you picked, right?{{TAG:0007:0001:}}
{{TAG:0003:0025:}}Let's see what your first pick is.{{TAG:0000:0004:}}{{TAG:0007:0000:08000000}}.{{TAG:0007:0000:08000000}}.{{TAG:0007:0000:08000000}}.{{TAG:0007:0000:08000000}}.{{TAG:0007:0000:08000000}}.{{TAG:0007:0000:08000000}}.{{TAG:0007:0000:08000000}}{{TAG:0003:0010:}}You got the cosmos!{{TAG:0000:0004:}}{{TAG:0003:0009:}}I'm sorry{{TAG:0007:0000:08000000}}.{{TAG:0007:0000:08000000}}.{{TAG:0007:0000:08000000}}.{{TAG:0007:0000:08000000}} Your first try wasn't the
right card. It's still early, though!{{TAG:0000:0004:}}{{TAG:0003:0000:}}Let's move on to the second round.{{TAG:0007:0001:}}
{{TAG:0007:0000:08000000}}.{{TAG:0007:0000:08000000}}.{{TAG:0007:0000:08000000}}.{{TAG:0007:0000:08000000}}.{{TAG:0007:0000:08000000}}.{{TAG:0007:0000:08000000}}.{{TAG:0007:0000:08000000}}{{TAG:0003:0006:}}OK!{{TAG:0007:0000:10000000}} Please choose a card!{{TAG:0008:0001:100000001000000010000000}}
The one on the left.
The one in the middle.
The one on the right.","Así que eliges esta, ¿eh?{{TAG:0007:0001:}}
{{TAG:0003:0025:}}Veamos si has acertado{{TAG:0007:0000:08000000}}.{{TAG:0007:0000:08000000}}.{{TAG:0007:0000:08000000}}.{{TAG:0000:0004:}}{{TAG:0003:0010:}}¡Anda! ¡Has dado con el cosmos!{{TAG:0000:0004:}}{{TAG:0003:0009:}}Lo siento,{{TAG:0007:0000:10000000}} no has acertado en la
primera ronda.{{TAG:0007:0001:}}{{TAG:0003:0000:}} A ver si tienes más
suerte a partir de ahora.
{{TAG:0003:0025:}}¡Adelante con la segunda ronda!{{TAG:0007:0000:10000000}}
¿Qué carta eliges ahora?{{TAG:0008:0001:100000001000000010000000}}
La de la izquierda
La del medio
La de la derecha","Celle-là{{TAG:0007:0000:08000000}}.{{TAG:0007:0000:08000000}}.{{TAG:0007:0000:08000000}}.{{TAG:0007:0000:08000000}}? T'es bien sûr{{TAG:000E:0006:000002006500}} ?{{TAG:0007:0001:}} {{TAG:0003:0025:}}Alors
découvrons de quelle carte il s'agit.{{TAG:0000:0004:}}.{{TAG:0007:0000:08000000}}.{{TAG:0007:0000:08000000}}.{{TAG:0007:0000:08000000}}{{TAG:0003:0010:}} La carte « cosmos » !{{TAG:0000:0004:}}{{TAG:0003:0024:}}Désolé{{TAG:0007:0000:08000000}}.{{TAG:0007:0000:08000000}}.{{TAG:0007:0000:08000000}}.{{TAG:0007:0000:08000000}} Première tentative,
premier échec. {{TAG:0007:0000:08000000}}{{TAG:0003:0025:}}Mais tu peux encore
te rattraper !
{{TAG:0003:0000:}}Passons à la seconde manche.{{TAG:0007:0000:08000000}}.{{TAG:0007:0000:08000000}}.{{TAG:0007:0000:08000000}}{{TAG:0007:0001:}}
{{TAG:0003:0006:}}Hop !{{TAG:0007:0000:10000000}} Choisis une carte !{{TAG:0008:0001:100000001000000010000000}}
Celle de gauche.
Celle du milieu.
Celle de droite.","Hai scelto questa{{TAG:0007:0000:08000000}}.{{TAG:0007:0000:08000000}}.{{TAG:0007:0000:08000000}}.{{TAG:0007:0000:08000000}} giusto?{{TAG:0007:0001:}}
{{TAG:0003:0025:}}Vediamo cosa hai trovato.{{TAG:0000:0004:}}{{TAG:0007:0000:08000000}}.{{TAG:0007:0000:08000000}}.{{TAG:0007:0000:08000000}}. {{TAG:0007:0000:08000000}}.{{TAG:0007:0000:08000000}}.{{TAG:0007:0000:08000000}}.{{TAG:0007:0000:08000000}}{{TAG:0003:0010:}} Oh, la cosmea!{{TAG:0000:0004:}}{{TAG:0003:0009:}}Mi dispiace{{TAG:0007:0000:08000000}}.{{TAG:0007:0000:08000000}}.{{TAG:0007:0000:08000000}}.{{TAG:0007:0000:08000000}} La prima mano non
è andata un granché, ma c'è tempo!{{TAG:0000:0004:}}{{TAG:0003:0000:}}Passiamo alla seconda.{{TAG:0007:0001:}}
{{TAG:0007:0000:08000000}}.{{TAG:0007:0000:08000000}}.{{TAG:0007:0000:08000000}}. {{TAG:0007:0000:08000000}}.{{TAG:0007:0000:08000000}}.{{TAG:0007:0000:08000000}}.{{TAG:0007:0000:08000000}}{{TAG:0003:0006:}} OK!{{TAG:0007:0000:10000000}} Scegli una carta!{{TAG:0008:0001:100000001000000010000000}}
Quella a sinistra.
Quella al centro.
Quella a destra.","Diese hier, ja?{{TAG:0007:0001:}} {{TAG:0003:0025:}}Dann wollen wir doch
mal sehen, welches Bild auf der
Rückseite ist...
{{TAG:0007:0000:08000000}}.{{TAG:0007:0000:08000000}}.{{TAG:0007:0000:08000000}}.{{TAG:0007:0000:08000000}}{{TAG:0003:0010:}}Du hast das Gänseblümchen
gezogen!{{TAG:0000:0004:}}{{TAG:0003:0009:}}Das war leider nicht die richtige
Karte, aber du hast ja noch zwei
Versuche!
{{TAG:0003:0000:}}Auf zur zweiten Runde.{{TAG:0007:0001:}}
{{TAG:0003:0006:}}Zieh eine Karte!{{TAG:0008:0001:100000001000000010000000}}
Die linke.
Die mittlere.
Die rechte.","Bu{{TAG:0007:0000:08000000}}.{{TAG:0007:0000:08000000}}.{{TAG:0007:0000:08000000}}.{{TAG:0007:0000:08000000}}seçtiğin kart, değil mi?{{TAG:0007:0001:}}
{{TAG:0003:0025:}}İlk seçimin neymiş
bakalım.{{TAG:0000:0004:}}{{TAG:0007:0000:08000000}}.{{TAG:0007:0000:08000000}}.{{TAG:0007:0000:08000000}}.{{TAG:0007:0000:08000000}}.{{TAG:0007:0000:08000000}}.{{TAG:0007:0000:08000000}}.{{TAG:0007:0000:08000000}}{{TAG:0003:0010:}}Kozmosları
buldun!{{TAG:0000:0004:}}{{TAG:0003:0009:}}Üzgünüm{{TAG:0007:0000:08000000}}.{{TAG:0007:0000:08000000}}.{{TAG:0007:0000:08000000}}.{{TAG:0007:0000:08000000}} İlk
denemede doğru kart
gelmedi. Ama daha başındayız!{{TAG:0000:0004:}}{{TAG:0003:0000:}}İkinci tura geçelim.{{TAG:0007:0001:}}
{{TAG:0007:0000:08000000}}.{{TAG:0007:0000:08000000}}.{{TAG:0007:0000:08000000}}.{{TAG:0007:0000:08000000}}.{{TAG:0007:0000:08000000}}.{{TAG:0007:0000:08000000}}.{{TAG:0007:0000:08000000}}{{TAG:0003:0006:}}Tamam!{{TAG:0007:0000:10000000}} Bir kart seç!{{TAG:0008:0001:100000001000000010000000}}
Soldaki.
Ortadaki.
Sağdaki."
13,014,"This{{TAG:0007:0000:08000000}}.{{TAG:0007:0000:08000000}}.{{TAG:0007:0000:08000000}}.{{TAG:0007:0000:08000000}}is the card you picked, right?{{TAG:0007:0001:}}
{{TAG:0003:0025:}}Let's see what your first pick is.{{TAG:0000:0004:}}{{TAG:0007:0000:08000000}}.{{TAG:0007:0000:08000000}}.{{TAG:0007:0000:08000000}}.{{TAG:0007:0000:08000000}}.{{TAG:0007:0000:08000000}}.{{TAG:0007:0000:08000000}}.{{TAG:0007:0000:08000000}}{{TAG:0003:0010:}}You got the dandelions!{{TAG:0000:0004:}}{{TAG:0003:0009:}}That's too bad{{TAG:0007:0000:08000000}}.{{TAG:0007:0000:08000000}}.{{TAG:0007:0000:08000000}}.{{TAG:0007:0000:08000000}} Better luck next
round! Don't get discouraged yet!{{TAG:0000:0004:}}{{TAG:0003:0000:}}Let's move on to the second round.{{TAG:0007:0001:}}
{{TAG:0007:0000:08000000}}.{{TAG:0007:0000:08000000}}.{{TAG:0007:0000:08000000}}.{{TAG:0007:0000:08000000}}.{{TAG:0007:0000:08000000}}.{{TAG:0007:0000:08000000}}.{{TAG:0007:0000:08000000}}{{TAG:0003:0006:}}Here you go!{{TAG:0007:0000:10000000}} Choose a card!{{TAG:0008:0001:100000001000000010000000}}
The one on the left.
The one in the middle.
The one on the right.","Así que eliges esta, ¿eh?{{TAG:0007:0001:}}
{{TAG:0003:0025:}}Veamos si has acertado{{TAG:0007:0000:08000000}}.{{TAG:0007:0000:08000000}}.{{TAG:0007:0000:08000000}}.{{TAG:0000:0004:}}{{TAG:0003:0010:}}¡Has dado con el diente de león!{{TAG:0000:0004:}}{{TAG:0003:0009:}}Lo siento,{{TAG:0007:0000:10000000}} no has acertado en la
primera ronda.{{TAG:0007:0001:}}{{TAG:0003:0000:}} A ver si tienes más
suerte a partir de ahora.
{{TAG:0003:0025:}}¡Adelante con la segunda ronda!{{TAG:0007:0000:10000000}}
¿Qué carta eliges ahora?{{TAG:0008:0001:100000001000000010000000}}
La de la izquierda
La del medio
La de la derecha","Cette carte-ci{{TAG:0007:0000:08000000}}.{{TAG:0007:0000:08000000}}.{{TAG:0007:0000:08000000}}.{{TAG:0007:0000:08000000}} c'est bien ça ?{{TAG:0007:0001:}}
{{TAG:0003:0025:}}Eh bien, regardons-la de plus près.{{TAG:0000:0004:}}.{{TAG:0007:0000:08000000}}.{{TAG:0007:0000:08000000}}.{{TAG:0007:0000:08000000}}{{TAG:0003:0010:}} La carte « pissenlits » !{{TAG:0000:0004:}}{{TAG:0003:0009:}}Quel dommage{{TAG:0007:0000:08000000}}.{{TAG:0007:0000:08000000}}.{{TAG:0007:0000:08000000}}.{{TAG:0007:0000:08000000}} Mais t'auras plus
de chance au prochain coup ! Te
décourage pas !
{{TAG:0003:0000:}}Justement, passons à la deuxième
manche{{TAG:0007:0000:08000000}}.{{TAG:0007:0000:08000000}}.{{TAG:0007:0000:08000000}}.{{TAG:0007:0001:}} {{TAG:0003:0006:}}Très bien,{{TAG:0007:0000:10000000}} choisis une
carte !{{TAG:0008:0001:100000001000000010000000}}
Celle de gauche.
Celle du milieu.
Celle de droite.","Hai scelto{{TAG:0007:0000:08000000}}.{{TAG:0007:0000:08000000}}.{{TAG:0007:0000:08000000}}.{{TAG:0007:0000:08000000}} questa carta qui,
giusto?!{{TAG:0007:0001:}} {{TAG:0003:0025:}}Vediamo cosa hai trovato.{{TAG:0000:0004:}}{{TAG:0007:0000:08000000}}.{{TAG:0007:0000:08000000}}.{{TAG:0007:0000:08000000}}. {{TAG:0007:0000:08000000}}.{{TAG:0007:0000:08000000}}.{{TAG:0007:0000:08000000}}.{{TAG:0007:0000:08000000}}{{TAG:0003:0010:}} Oh, il soffione!{{TAG:0000:0004:}}{{TAG:0003:0009:}}Che peccato{{TAG:0007:0000:08000000}}.{{TAG:0007:0000:08000000}}.{{TAG:0007:0000:08000000}}.{{TAG:0007:0000:08000000}} Andrà meglio
la prossima mano. Non ti abbattere!{{TAG:0000:0004:}}{{TAG:0003:0000:}}Passiamo alla seconda mano.{{TAG:0007:0001:}}
{{TAG:0007:0000:08000000}}.{{TAG:0007:0000:08000000}}.{{TAG:0007:0000:08000000}}. {{TAG:0007:0000:08000000}}.{{TAG:0007:0000:08000000}}.{{TAG:0007:0000:08000000}}.{{TAG:0007:0000:08000000}}{{TAG:0003:0006:}} Pront{{TAG:000E:0006:02006F0002006100}}?{{TAG:0007:0000:10000000}} Scegli una carta!{{TAG:0008:0001:100000001000000010000000}}
Quella a sinistra.
Quella al centro.
Quella a destra.","Diese hier, ja?{{TAG:0007:0001:}} {{TAG:0003:0025:}}Dann wollen wir doch
mal sehen, welches Bild auf der
Rückseite ist...
{{TAG:0007:0000:08000000}}.{{TAG:0007:0000:08000000}}.{{TAG:0007:0000:08000000}}.{{TAG:0007:0000:08000000}}{{TAG:0003:0010:}}Das ist der Löwenzahn!{{TAG:0000:0004:}}{{TAG:0003:0009:}}Schade...{{TAG:0007:0000:10000000}} Aber vielleicht hast du in
der nächsten Runde mehr Glück!{{TAG:0000:0004:}}{{TAG:0003:0000:}}Also gut, auf zur zweiten Runde.{{TAG:0007:0001:}}
{{TAG:0003:0006:}}Zieh eine Karte!{{TAG:0008:0001:100000001000000010000000}}
Die linke.
Die mittlere.
Die rechte.","Bu{{TAG:0007:0000:08000000}}.{{TAG:0007:0000:08000000}}.{{TAG:0007:0000:08000000}}.{{TAG:0007:0000:08000000}}seçtiğin kart, değil mi?{{TAG:0007:0001:}}
{{TAG:0003:0025:}}İlk seçimin neymiş
bakalım.{{TAG:0000:0004:}}{{TAG:0007:0000:08000000}}.{{TAG:0007:0000:08000000}}.{{TAG:0007:0000:08000000}}.{{TAG:0007:0000:08000000}}.{{TAG:0007:0000:08000000}}.{{TAG:0007:0000:08000000}}.{{TAG:0007:0000:08000000}}{{TAG:0003:0010:}}Karahindibaları
buldun!{{TAG:0000:0004:}}{{TAG:0003:0009:}}Yazık oldu{{TAG:0007:0000:08000000}}.{{TAG:0007:0000:08000000}}.{{TAG:0007:0000:08000000}}.{{TAG:0007:0000:08000000}} Bir sonraki
turda bol şans!
Daha moral bozmak yok!{{TAG:0000:0004:}}{{TAG:0003:0000:}}İkinci tura geçelim.{{TAG:0007:0001:}}
{{TAG:0007:0000:08000000}}.{{TAG:0007:0000:08000000}}.{{TAG:0007:0000:08000000}}.{{TAG:0007:0000:08000000}}.{{TAG:0007:0000:08000000}}.{{TAG:0007:0000:08000000}}.{{TAG:0007:0000:08000000}}{{TAG:0003:0006:}}Al bakalım!{{TAG:0007:0000:10000000}} Bir kart seç!{{TAG:0008:0001:100000001000000010000000}}
Soldaki.
Ortadaki.
Sağdaki."
14,015,{{TAG:0009:0002:1100110012001300}},{{TAG:0009:0002:1100110012001300}},{{TAG:0009:0002:1100110012001300}},{{TAG:0009:0002:1100110012001300}},{{TAG:0009:0002:1100110012001300}},{{TAG:0009:0002:1100110012001300}}
15,016,{{TAG:0009:0003:14001400140015001600}},{{TAG:0009:0003:14001400140015001600}},{{TAG:0009:0003:14001400140015001600}},{{TAG:0009:0003:14001400140015001600}},{{TAG:0009:0003:14001400140015001600}},{{TAG:0009:0003:14001400140015001600}}
16,017,"This{{TAG:0007:0000:08000000}}.{{TAG:0007:0000:08000000}}.{{TAG:0007:0000:08000000}}.{{TAG:0007:0000:08000000}}is the one you want, right?{{TAG:0007:0001:}}
{{TAG:0003:0025:}}Let's see what your second pick is.{{TAG:0000:0004:}}{{TAG:0007:0000:08000000}}.{{TAG:0007:0000:08000000}}.{{TAG:0007:0000:08000000}}.{{TAG:0007:0000:08000000}}.{{TAG:0007:0000:08000000}}.{{TAG:0007:0000:08000000}}.{{TAG:0007:0000:08000000}}{{TAG:0003:0010:}}You got the roses!{{TAG:0000:0004:}}{{TAG:0003:0005:}}Woohoo!{{TAG:0007:0000:10000000}} Great job!{{TAG:0007:0000:10000000}} You got 2 in a
row! Can you keep the streak going?{{TAG:0000:0004:}}{{TAG:0003:0000:}}Here comes the last round.{{TAG:0007:0001:}}
{{TAG:0007:0000:08000000}}.{{TAG:0007:0000:08000000}}.{{TAG:0007:0000:08000000}}.{{TAG:0007:0000:08000000}}.{{TAG:0007:0000:08000000}}.{{TAG:0007:0000:08000000}}.{{TAG:0007:0000:08000000}}{{TAG:0003:0006:}}All right!{{TAG:0007:0000:10000000}} Please choose a card!{{TAG:0008:0001:170000001700000017000000}}
The one on the left.
The one in the middle.
The one on the right.","Así que eliges esta, ¿eh?{{TAG:0007:0001:}}
{{TAG:0003:0025:}}Veamos si has acertado{{TAG:0007:0000:08000000}}.{{TAG:0007:0000:08000000}}.{{TAG:0007:0000:08000000}}.{{TAG:0000:0004:}}{{TAG:0003:0010:}}¡Hala! ¡Vuelves a encontrar la rosa!{{TAG:0000:0004:}}{{TAG:0003:0005:}}¡Enhorabuena!{{TAG:0007:0000:10000000}} Has superado con
éxito la segunda ronda.{{TAG:0007:0001:}}{{TAG:0003:0000:}} ¿Serás
capaz de mantener la racha?
{{TAG:0003:0025:}}¡Adelante con la tercera ronda!{{TAG:0007:0000:10000000}}
¿Qué carta eliges ahora?{{TAG:0008:0001:170000001700000017000000}}
La de la izquierda
La del medio
La de la derecha","Cette carte-ci{{TAG:0007:0000:08000000}}.{{TAG:0007:0000:08000000}}.{{TAG:0007:0000:08000000}}.{{TAG:0007:0000:08000000}}? Sans regret ?{{TAG:0007:0001:}}
{{TAG:0003:0025:}}Alors, de quelle carte s'agit-il ?{{TAG:0000:0004:}}.{{TAG:0007:0000:08000000}}.{{TAG:0007:0000:08000000}}.{{TAG:0007:0000:08000000}}{{TAG:0003:0010:}} La carte « roses » !{{TAG:0000:0004:}}{{TAG:0003:0005:}}Yes,{{TAG:0007:0000:10000000}} bien joué !{{TAG:0007:0000:10000000}} Deux victoires
d'affilée ! La chance sera-t-elle de
ton côté jusqu'au bout ?
{{TAG:0003:0000:}}Voici la dernière manche{{TAG:0007:0000:08000000}}.{{TAG:0007:0000:08000000}}.{{TAG:0007:0000:08000000}}.{{TAG:0007:0001:}}{{TAG:0003:0006:}} Hop !{{TAG:0007:0000:10000000}}
Choisis une carte !{{TAG:0008:0001:170000001700000017000000}}
Celle de gauche.
Celle du milieu.
Celle de droite.","Hai scelto questa carta qui{{TAG:0007:0000:08000000}}.{{TAG:0007:0000:08000000}}.{{TAG:0007:0000:08000000}}.{{TAG:0007:0000:08000000}}
giusto?!{{TAG:0007:0001:}} {{TAG:0003:0025:}}Vediamo che cosa
hai trovato.
{{TAG:0007:0000:08000000}}.{{TAG:0007:0000:08000000}}.{{TAG:0007:0000:08000000}}. {{TAG:0007:0000:08000000}}.{{TAG:0007:0000:08000000}}.{{TAG:0007:0000:08000000}}.{{TAG:0007:0000:08000000}}{{TAG:0003:0010:}} Oh, la rosa!{{TAG:0000:0004:}}{{TAG:0003:0005:}}Uaaau,{{TAG:0007:0000:10000000}} Fantastico!{{TAG:0007:0000:10000000}} Hai trovato
la rosa due volte di fila! Ce la farai
a beccare anche la prossima?{{TAG:0000:0004:}}{{TAG:0003:0000:}}Passiamo all'ultima mano.{{TAG:0007:0001:}}
{{TAG:0007:0000:08000000}}.{{TAG:0007:0000:08000000}}.{{TAG:0007:0000:08000000}}. {{TAG:0007:0000:08000000}}.{{TAG:0007:0000:08000000}}.{{TAG:0007:0000:08000000}}.{{TAG:0007:0000:08000000}}{{TAG:0003:0006:}} Pront{{TAG:000E:0006:02006F0002006100}}?{{TAG:0007:0000:10000000}} Scegli una carta!{{TAG:0008:0001:170000001700000017000000}}
Quella a sinistra.
Quella al centro.
Quella a destra.","Diese Karte hier soll's also sein?{{TAG:0007:0001:}}
{{TAG:0003:0025:}}Mal sehen, was auf der Rückseite
ist...
{{TAG:0007:0000:08000000}}.{{TAG:0007:0000:08000000}}.{{TAG:0007:0000:08000000}}.{{TAG:0007:0000:08000000}}{{TAG:0003:0010:}}Schon wieder eine Rose!{{TAG:0000:0004:}}{{TAG:0003:0005:}}Beeindruckend!{{TAG:0007:0000:10000000}} Dann wollen wir mal
sehen, ob deine Glückssträhne
anhält!{{TAG:0000:0004:}}{{TAG:0003:0000:}}Bereit für die letzte Runde?{{TAG:0007:0001:}}
{{TAG:0003:0006:}}Zeit, deine letzte Karte zu ziehen!{{TAG:0008:0001:170000001700000017000000}}
Die linke.
Die mittlere.
Die rechte.","Bu{{TAG:0007:0000:08000000}}.{{TAG:0007:0000:08000000}}.{{TAG:0007:0000:08000000}}.{{TAG:0007:0000:08000000}}istediğin, değil mi?{{TAG:0007:0001:}}
{{TAG:0003:0025:}}İkinci seçimin neymiş
bakalım.{{TAG:0000:0004:}}{{TAG:0007:0000:08000000}}.{{TAG:0007:0000:08000000}}.{{TAG:0007:0000:08000000}}.{{TAG:0007:0000:08000000}}.{{TAG:0007:0000:08000000}}.{{TAG:0007:0000:08000000}}.{{TAG:0007:0000:08000000}}{{TAG:0003:0010:}}Gülleri buldun!{{TAG:0000:0004:}}{{TAG:0003:0005:}}Vuhuu!{{TAG:0007:0000:10000000}}
Harika!{{TAG:0007:0000:10000000}} Üst üste 2 yaptın!
Seriyi sürdürebilecek misin?{{TAG:0000:0004:}}{{TAG:0003:0000:}}Son tur geliyor.{{TAG:0007:0001:}}
{{TAG:0007:0000:08000000}}.{{TAG:0007:0000:08000000}}.{{TAG:0007:0000:08000000}}.{{TAG:0007:0000:08000000}}.{{TAG:0007:0000:08000000}}.{{TAG:0007:0000:08000000}}.{{TAG:0007:0000:08000000}}{{TAG:0003:0006:}}Pekâlâ!{{TAG:0007:0000:10000000}} Bir kart seç!{{TAG:0008:0001:170000001700000017000000}}
Soldaki.
Ortadaki.
Sağdaki."
17,018,"This{{TAG:0007:0000:08000000}}.{{TAG:0007:0000:08000000}}.{{TAG:0007:0000:08000000}}.{{TAG:0007:0000:08000000}}is the one you want, right?{{TAG:0007:0001:}}
{{TAG:0003:0025:}}Let's see what your second pick is.{{TAG:0000:0004:}}{{TAG:0007:0000:08000000}}.{{TAG:0007:0000:08000000}}.{{TAG:0007:0000:08000000}}.{{TAG:0007:0000:08000000}}.{{TAG:0007:0000:08000000}}.{{TAG:0007:0000:08000000}}.{{TAG:0007:0000:08000000}}{{TAG:0003:0010:}}You got the cosmos!{{TAG:0000:0004:}}{{TAG:0003:0009:}}That's too bad{{TAG:0007:0000:08000000}}.{{TAG:0007:0000:08000000}}.{{TAG:0007:0000:08000000}}.{{TAG:0007:0000:08000000}} Not so lucky with
your second choice!{{TAG:0000:0004:}}{{TAG:0003:0000:}}Let's move on to the last round.{{TAG:0007:0001:}}
{{TAG:0007:0000:08000000}}.{{TAG:0007:0000:08000000}}.{{TAG:0007:0000:08000000}}.{{TAG:0007:0000:08000000}}.{{TAG:0007:0000:08000000}}.{{TAG:0007:0000:08000000}}.{{TAG:0007:0000:08000000}}{{TAG:0003:0006:}}OK!{{TAG:0007:0000:10000000}} Please choose a card!{{TAG:0008:0001:180000001800000018000000}}
The one on the left.
The one in the middle.
The one on the right.","Así que eliges esta, ¿eh?{{TAG:0007:0001:}}
{{TAG:0003:0025:}}Veamos si has acertado{{TAG:0007:0000:08000000}}.{{TAG:0007:0000:08000000}}.{{TAG:0007:0000:08000000}}.{{TAG:0000:0004:}}{{TAG:0003:0010:}}¡Anda! ¡Has dado con el cosmos!{{TAG:0000:0004:}}{{TAG:0003:0009:}}Lo siento,{{TAG:0007:0000:10000000}} esta vez no has acertado.{{TAG:0007:0001:}}{{TAG:0003:0000:}}
A ver si tienes mejor suerte en la
última ronda.
{{TAG:0003:0025:}}¡Adelante con la tercera ronda!{{TAG:0007:0000:10000000}}
¿Qué carta eliges ahora?{{TAG:0008:0001:180000001800000018000000}}
La de la izquierda
La del medio
La de la derecha","C'est bien la carte que t'as
choisie{{TAG:0007:0000:08000000}}.{{TAG:0007:0000:08000000}}.{{TAG:0007:0000:08000000}}.{{TAG:0007:0000:08000000}}?{{TAG:0007:0001:}} {{TAG:0003:0025:}}Voyons sur quoi t'es
tombé{{TAG:000E:0006:000002006500}} cette fois.
.{{TAG:0007:0000:08000000}}.{{TAG:0007:0000:08000000}}.{{TAG:0007:0000:08000000}}{{TAG:0003:0010:}} La carte « cosmos » !{{TAG:0000:0004:}}{{TAG:0003:0009:}}Pas de bol{{TAG:0007:0000:08000000}}.{{TAG:0007:0000:08000000}}.{{TAG:0007:0000:08000000}}.{{TAG:0007:0000:08000000}} Cette seconde manche
t'a pas trop réussi !{{TAG:0000:0004:}}{{TAG:0003:0000:}}Passons à la dernière manche{{TAG:0007:0000:08000000}}.{{TAG:0007:0000:08000000}}.{{TAG:0007:0000:08000000}}.{{TAG:0007:0001:}}
{{TAG:0003:0006:}}Hop !{{TAG:0007:0000:10000000}} Choisis une carte !{{TAG:0008:0001:180000001800000018000000}}
Celle de gauche.
Celle du milieu.
Celle de droite.","Vuoi questa carta qui{{TAG:0007:0000:08000000}}.{{TAG:0007:0000:08000000}}.{{TAG:0007:0000:08000000}}.{{TAG:0007:0000:08000000}} giusto?!{{TAG:0007:0001:}}
{{TAG:0003:0025:}}Vediamo cosa nasconde.{{TAG:0000:0004:}}{{TAG:0007:0000:08000000}}.{{TAG:0007:0000:08000000}}.{{TAG:0007:0000:08000000}}. {{TAG:0007:0000:08000000}}.{{TAG:0007:0000:08000000}}.{{TAG:0007:0000:08000000}}.{{TAG:0007:0000:08000000}}{{TAG:0003:0010:}} Oh, la cosmea!{{TAG:0000:0004:}}{{TAG:0003:0009:}}Che disdetta{{TAG:0007:0000:08000000}}.{{TAG:0007:0000:08000000}}.{{TAG:0007:0000:08000000}}.{{TAG:0007:0000:08000000}} Il secondo tentativo
non è andato un granché!{{TAG:0000:0004:}}{{TAG:0003:0000:}}Passiamo alla terza mano.{{TAG:0007:0001:}}
{{TAG:0007:0000:08000000}}.{{TAG:0007:0000:08000000}}.{{TAG:0007:0000:08000000}}. {{TAG:0007:0000:08000000}}.{{TAG:0007:0000:08000000}}.{{TAG:0007:0000:08000000}}.{{TAG:0007:0000:08000000}}{{TAG:0003:0006:}} OK!{{TAG:0007:0000:10000000}} Scegli una carta!{{TAG:0008:0001:180000001800000018000000}}
Quella a sinistra.
Quella al centro.
Quella a destra.","Diese Karte hier soll's also sein?{{TAG:0007:0001:}}
{{TAG:0003:0025:}}Mal sehen, was auf der Rückseite
ist...
{{TAG:0007:0000:08000000}}.{{TAG:0007:0000:08000000}}.{{TAG:0007:0000:08000000}}.{{TAG:0007:0000:08000000}}{{TAG:0003:0010:}}Ein Gänseblümchen!{{TAG:0000:0004:}}{{TAG:0003:0009:}}Diesmal hattest du leider nicht so
viel Glück...{{TAG:0000:0004:}}{{TAG:0003:0000:}}Bereit für die letzte Runde?{{TAG:0007:0001:}}
{{TAG:0003:0006:}}Also gut!{{TAG:0007:0000:10000000}} Zieh deine letzte Karte!{{TAG:0008:0001:180000001800000018000000}}
Die linke.
Die mittlere.
Die rechte.","Bu{{TAG:0007:0000:08000000}}.{{TAG:0007:0000:08000000}}.{{TAG:0007:0000:08000000}}.{{TAG:0007:0000:08000000}}istediğin, değil mi?{{TAG:0007:0001:}}
{{TAG:0003:0025:}}İkinci seçimin neymiş
bakalım.{{TAG:0000:0004:}}{{TAG:0007:0000:08000000}}.{{TAG:0007:0000:08000000}}.{{TAG:0007:0000:08000000}}.{{TAG:0007:0000:08000000}}.{{TAG:0007:0000:08000000}}.{{TAG:0007:0000:08000000}}.{{TAG:0007:0000:08000000}}{{TAG:0003:0010:}}Kozmosları buldun!{{TAG:0000:0004:}}{{TAG:0003:0009:}}Yazık
oldu{{TAG:0007:0000:08000000}}.{{TAG:0007:0000:08000000}}.{{TAG:0007:0000:08000000}}.{{TAG:0007:0000:08000000}} İkinci seçiminde şansın
yaver gitmedi!{{TAG:0000:0004:}}{{TAG:0003:0000:}}Son tura geçelim.{{TAG:0007:0001:}}
{{TAG:0007:0000:08000000}}.{{TAG:0007:0000:08000000}}.{{TAG:0007:0000:08000000}}.{{TAG:0007:0000:08000000}}.{{TAG:0007:0000:08000000}}.{{TAG:0007:0000:08000000}}.{{TAG:0007:0000:08000000}}{{TAG:0003:0006:}}Tamam!{{TAG:0007:0000:10000000}} Bir kart seç!{{TAG:0008:0001:180000001800000018000000}}
Soldaki.
Ortadaki.
Sağdaki."
18,019,"This{{TAG:0007:0000:08000000}}.{{TAG:0007:0000:08000000}}.{{TAG:0007:0000:08000000}}.{{TAG:0007:0000:08000000}}is the one you want, right?{{TAG:0007:0001:}}
{{TAG:0003:0025:}}Let's see what your second pick is.{{TAG:0000:0004:}}{{TAG:0007:0000:08000000}}.{{TAG:0007:0000:08000000}}.{{TAG:0007:0000:08000000}}.{{TAG:0007:0000:08000000}}.{{TAG:0007:0000:08000000}}.{{TAG:0007:0000:08000000}}.{{TAG:0007:0000:08000000}}{{TAG:0003:0010:}}You got the dandelions!{{TAG:0000:0004:}}{{TAG:0003:0009:}}That's too bad{{TAG:0007:0000:08000000}}.{{TAG:0007:0000:08000000}}.{{TAG:0007:0000:08000000}}.{{TAG:0007:0000:08000000}} Not so lucky with
your second choice! Oh well!{{TAG:0000:0004:}}{{TAG:0003:0000:}}The next is our last round.{{TAG:0007:0001:}}
{{TAG:0007:0000:08000000}}.{{TAG:0007:0000:08000000}}.{{TAG:0007:0000:08000000}}.{{TAG:0007:0000:08000000}}.{{TAG:0007:0000:08000000}}.{{TAG:0007:0000:08000000}}.{{TAG:0007:0000:08000000}}{{TAG:0003:0006:}}Alrighty!{{TAG:0007:0000:10000000}} Please pick a card!{{TAG:0008:0001:180000001800000018000000}}
The one on the left.
The one in the middle.
The one on the right.","Así que eliges esta, ¿eh?{{TAG:0007:0001:}}
{{TAG:0003:0025:}}Veamos si has acertado{{TAG:0007:0000:08000000}}.{{TAG:0007:0000:08000000}}.{{TAG:0007:0000:08000000}}.{{TAG:0000:0004:}}{{TAG:0003:0010:}}¡Has dado con el diente de león!{{TAG:0000:0004:}}{{TAG:0003:0009:}}Lo siento,{{TAG:0007:0000:10000000}} esta vez no has acertado.{{TAG:0007:0001:}}{{TAG:0003:0000:}}
A ver si tienes mejor suerte en la
última ronda.
{{TAG:0003:0025:}}¡Adelante con la tercera ronda!{{TAG:0007:0000:10000000}}
¿Qué carta eliges ahora?{{TAG:0008:0001:180000001800000018000000}}
La de la izquierda
La del medio
La de la derecha","Cette carte, ici{{TAG:0007:0000:08000000}}.{{TAG:0007:0000:08000000}}.{{TAG:0007:0000:08000000}}.{{TAG:0007:0000:08000000}}?{{TAG:0007:0001:}} {{TAG:0003:0025:}}Voyons de quoi il
s'agit.{{TAG:0000:0004:}}.{{TAG:0007:0000:08000000}}.{{TAG:0007:0000:08000000}}.{{TAG:0007:0000:08000000}}{{TAG:0003:0010:}} La carte « pissenlits » !{{TAG:0000:0004:}}{{TAG:0003:0009:}}Zut de flûte{{TAG:0007:0000:08000000}}.{{TAG:0007:0000:08000000}}.{{TAG:0007:0000:08000000}}.{{TAG:0007:0000:08000000}} Un deuxième tour à
oublier au plus vite !{{TAG:0000:0004:}}{{TAG:0003:0000:}}Ça y est, c'est la dernière manche{{TAG:0007:0000:08000000}}.{{TAG:0007:0000:08000000}}.{{TAG:0007:0000:08000000}}.{{TAG:0007:0001:}}
{{TAG:0003:0006:}}Vas-y !{{TAG:0007:0000:10000000}} Choisis une carte !{{TAG:0008:0001:180000001800000018000000}}
Celle de gauche.
Celle du milieu.
Celle de droite.","Allora{{TAG:0007:0000:08000000}}.{{TAG:0007:0000:08000000}}.{{TAG:0007:0000:08000000}}.{{TAG:0007:0000:08000000}} vuoi vedere questa, giusto?{{TAG:0007:0001:}}
{{TAG:0003:0025:}}Vediamo cosa hai trovato.{{TAG:0000:0004:}}{{TAG:0007:0000:08000000}}.{{TAG:0007:0000:08000000}}.{{TAG:0007:0000:08000000}}. {{TAG:0007:0000:08000000}}.{{TAG:0007:0000:08000000}}.{{TAG:0007:0000:08000000}}.{{TAG:0007:0000:08000000}}{{TAG:0003:0010:}} Oh, il soffione!{{TAG:0000:0004:}}{{TAG:0003:0009:}}Che disdetta{{TAG:0007:0000:08000000}}.{{TAG:0007:0000:08000000}}.{{TAG:0007:0000:08000000}}.{{TAG:0007:0000:08000000}} Non ti è andata
molto bene! Pazienza!{{TAG:0000:0004:}}{{TAG:0003:0000:}}La prossima è l'ultima mano.{{TAG:0007:0001:}}
{{TAG:0007:0000:08000000}}.{{TAG:0007:0000:08000000}}.{{TAG:0007:0000:08000000}}. {{TAG:0007:0000:08000000}}.{{TAG:0007:0000:08000000}}.{{TAG:0007:0000:08000000}}.{{TAG:0007:0000:08000000}}{{TAG:0003:0006:}} Pront{{TAG:000E:0006:02006F0002006100}}?{{TAG:0007:0000:10000000}} Scegli una carta!{{TAG:0008:0001:180000001800000018000000}}
Quella a sinistra.
Quella al centro.
Quella a destra.","Diese Karte hier soll's also sein?{{TAG:0007:0001:}}
{{TAG:0003:0025:}}Mal sehen, was auf der Rückseite
ist...
{{TAG:0007:0000:08000000}}.{{TAG:0007:0000:08000000}}.{{TAG:0007:0000:08000000}}.{{TAG:0007:0000:08000000}}{{TAG:0003:0010:}}Ein Löwenzahn!{{TAG:0000:0004:}}{{TAG:0003:0009:}}Diesmal hattest du leider nicht so
viel Glück...{{TAG:0000:0004:}}{{TAG:0003:0000:}}Die nächste Runde ist die letzte.{{TAG:0007:0001:}}
{{TAG:0003:0006:}}Alles klar!{{TAG:0007:0000:10000000}} Zieh eine Karte!{{TAG:0008:0001:180000001800000018000000}}
Die linke.
Die mittlere.
Die rechte.","Bu{{TAG:0007:0000:08000000}}.{{TAG:0007:0000:08000000}}.{{TAG:0007:0000:08000000}}.{{TAG:0007:0000:08000000}}istediğin, değil mi?{{TAG:0007:0001:}}
{{TAG:0003:0025:}}İkinci seçimin neymiş
bakalım.{{TAG:0000:0004:}}{{TAG:0007:0000:08000000}}.{{TAG:0007:0000:08000000}}.{{TAG:0007:0000:08000000}}.{{TAG:0007:0000:08000000}}.{{TAG:0007:0000:08000000}}.{{TAG:0007:0000:08000000}}.{{TAG:0007:0000:08000000}}{{TAG:0003:0010:}}Karahindibaları
buldun!{{TAG:0000:0004:}}{{TAG:0003:0009:}}Yazık oldu{{TAG:0007:0000:08000000}}.{{TAG:0007:0000:08000000}}.{{TAG:0007:0000:08000000}}.{{TAG:0007:0000:08000000}} İkinci
seçiminde pek şanslı
değildin! Neyse!{{TAG:0000:0004:}}{{TAG:0003:0000:}}Sıradaki son turumuz.{{TAG:0007:0001:}}
{{TAG:0007:0000:08000000}}.{{TAG:0007:0000:08000000}}.{{TAG:0007:0000:08000000}}.{{TAG:0007:0000:08000000}}.{{TAG:0007:0000:08000000}}.{{TAG:0007:0000:08000000}}.{{TAG:0007:0000:08000000}}{{TAG:0003:0006:}}Pekâlâ!{{TAG:0007:0000:10000000}} Bir kart seç!{{TAG:0008:0001:180000001800000018000000}}
Soldaki.
Ortadaki.
Sağdaki."
19,020,"This{{TAG:0007:0000:08000000}}.{{TAG:0007:0000:08000000}}.{{TAG:0007:0000:08000000}}.{{TAG:0007:0000:08000000}}is the one you want, right?{{TAG:0007:0001:}}
{{TAG:0003:0025:}}Let's see what your second pick is.{{TAG:0000:0004:}}{{TAG:0007:0000:08000000}}.{{TAG:0007:0000:08000000}}.{{TAG:0007:0000:08000000}}.{{TAG:0007:0000:08000000}}.{{TAG:0007:0000:08000000}}.{{TAG:0007:0000:08000000}}.{{TAG:0007:0000:08000000}}{{TAG:0003:0010:}}You got the roses!{{TAG:0000:0004:}}{{TAG:0003:0005:}}Good for you!{{TAG:0007:0000:10000000}} You picked the right
one this time! Excellent!{{TAG:0000:0004:}}{{TAG:0003:0000:}}Let's move on to our last round.{{TAG:0007:0001:}}
{{TAG:0007:0000:08000000}}.{{TAG:0007:0000:08000000}}.{{TAG:0007:0000:08000000}}.{{TAG:0007:0000:08000000}}.{{TAG:0007:0000:08000000}}.{{TAG:0007:0000:08000000}}.{{TAG:0007:0000:08000000}}{{TAG:0003:0006:}}All right!{{TAG:0007:0000:10000000}} Please pick a card!{{TAG:0008:0001:190000001900000019000000}}
The one on the left.
The one in the middle.
The one on the right.","Así que eliges esta, ¿eh?{{TAG:0007:0001:}}
{{TAG:0003:0025:}}Veamos si has acertado{{TAG:0007:0000:08000000}}.{{TAG:0007:0000:08000000}}.{{TAG:0007:0000:08000000}}.{{TAG:0000:0004:}}{{TAG:0003:0010:}}¡Anda! ¡Has dado con la rosa!{{TAG:0000:0004:}}{{TAG:0003:0005:}}¡Enhorabuena!{{TAG:0007:0000:10000000}} Ahora sí que has
elegido bien.{{TAG:0007:0001:}}{{TAG:0003:0000:}} A eso lo llamo yo
remontar el vuelo.
{{TAG:0003:0025:}}¡Pasemos a la tercera ronda!{{TAG:0007:0000:10000000}}
¿Qué carta eliges ahora?{{TAG:0008:0001:190000001900000019000000}}
La de la izquierda
La del medio
La de la derecha","Celle-ci{{TAG:0007:0000:08000000}}.{{TAG:0007:0000:08000000}}.{{TAG:0007:0000:08000000}}.{{TAG:0007:0000:08000000}} c'est bien ça ?{{TAG:0003:0025:}} Curieux de
voir de quelle carte il s'agit.{{TAG:0000:0004:}}.{{TAG:0007:0000:08000000}}.{{TAG:0007:0000:08000000}}.{{TAG:0007:0000:08000000}}{{TAG:0003:0010:}} La carte « roses » !{{TAG:0000:0004:}}{{TAG:0003:0005:}}Très bon choix !{{TAG:0007:0000:10000000}} Ce coup-ci, c'est
gagné ! Excellent !{{TAG:0000:0004:}}{{TAG:0003:0000:}}On passe à la dernière manche{{TAG:0007:0000:08000000}}.{{TAG:0007:0000:08000000}}.{{TAG:0007:0000:08000000}}.{{TAG:0007:0001:}} {{TAG:0003:0006:}}À
toi,{{TAG:0007:0000:10000000}} choisis une carte !{{TAG:0008:0001:190000001900000019000000}}
Celle de gauche.
Celle du milieu.
Celle de droite.","Allora{{TAG:0007:0000:08000000}}.{{TAG:0007:0000:08000000}}.{{TAG:0007:0000:08000000}}.{{TAG:0007:0000:08000000}} hai scelto questa carta?{{TAG:0007:0001:}}
{{TAG:0003:0025:}}Vediamo cosa hai trovato.{{TAG:0000:0004:}}{{TAG:0007:0000:08000000}}.{{TAG:0007:0000:08000000}}.{{TAG:0007:0000:08000000}}. {{TAG:0007:0000:08000000}}.{{TAG:0007:0000:08000000}}.{{TAG:0007:0000:08000000}}.{{TAG:0007:0000:08000000}}{{TAG:0003:0010:}} Oh, la rosa!{{TAG:0000:0004:}}{{TAG:0003:0005:}}Mi fa piacere!{{TAG:0007:0000:10000000}} Hai scelto la carta
giusta! Eccezionale!{{TAG:0000:0004:}}{{TAG:0003:0000:}}E ora passiamo all'ultima mano.{{TAG:0007:0001:}}
{{TAG:0007:0000:08000000}}.{{TAG:0007:0000:08000000}}.{{TAG:0007:0000:08000000}}. {{TAG:0007:0000:08000000}}.{{TAG:0007:0000:08000000}}.{{TAG:0007:0000:08000000}}.{{TAG:0007:0000:08000000}}{{TAG:0003:0006:}} Pront{{TAG:000E:0006:02006F0002006100}}?{{TAG:0007:0000:10000000}} Scegli una carta!{{TAG:0008:0001:190000001900000019000000}}
Quella a sinistra.
Quella al centro.
Quella a destra.","Diese Karte hier soll's also sein?{{TAG:0007:0001:}}
{{TAG:0003:0025:}}Mal sehen, was auf der Rückseite
ist...
{{TAG:0007:0000:08000000}}.{{TAG:0007:0000:08000000}}.{{TAG:0007:0000:08000000}}.{{TAG:0007:0000:08000000}}{{TAG:0003:0010:}}Eine Rose!{{TAG:0000:0004:}}{{TAG:0003:0005:}}Diesmal hast du die richtige Karte
ausgewählt!{{TAG:0000:0004:}}{{TAG:0003:0000:}}Bereit für die letzte Runde?{{TAG:0007:0001:}}
{{TAG:0003:0006:}}Also gut!{{TAG:0007:0000:10000000}} Zieh deine letzte Karte!{{TAG:0008:0001:190000001900000019000000}}
Die linke.
Die mittlere.
Die rechte.","Bu{{TAG:0007:0000:08000000}}.{{TAG:0007:0000:08000000}}.{{TAG:0007:0000:08000000}}.{{TAG:0007:0000:08000000}}istediğin, değil mi?{{TAG:0007:0001:}}
{{TAG:0003:0025:}}İkinci seçimin neymiş
bakalım.{{TAG:0000:0004:}}{{TAG:0007:0000:08000000}}.{{TAG:0007:0000:08000000}}.{{TAG:0007:0000:08000000}}.{{TAG:0007:0000:08000000}}.{{TAG:0007:0000:08000000}}.{{TAG:0007:0000:08000000}}.{{TAG:0007:0000:08000000}}{{TAG:0003:0010:}}Gülleri buldun!{{TAG:0000:0004:}}{{TAG:0003:0005:}}Aferin!{{TAG:0007:0000:10000000}}
Bu kez doğru olanı seçtin! Harika!{{TAG:0000:0004:}}{{TAG:0003:0000:}}Son
turumuza geçelim.{{TAG:0007:0001:}}
{{TAG:0007:0000:08000000}}.{{TAG:0007:0000:08000000}}.{{TAG:0007:0000:08000000}}.{{TAG:0007:0000:08000000}}.{{TAG:0007:0000:08000000}}.{{TAG:0007:0000:08000000}}.{{TAG:0007:0000:08000000}}{{TAG:0003:0006:}}Pekâlâ!{{TAG:0007:0000:10000000}} Bir kart seç!{{TAG:0008:0001:190000001900000019000000}}
Soldaki.
Ortadaki.
Sağdaki."
20,021,"This{{TAG:0007:0000:08000000}}.{{TAG:0007:0000:08000000}}.{{TAG:0007:0000:08000000}}.{{TAG:0007:0000:08000000}}is your choice, right?{{TAG:0007:0001:}}
{{TAG:0003:0025:}}Let's see what your second pick is.{{TAG:0000:0004:}}{{TAG:0007:0000:08000000}}.{{TAG:0007:0000:08000000}}.{{TAG:0007:0000:08000000}}.{{TAG:0007:0000:08000000}}.{{TAG:0007:0000:08000000}}.{{TAG:0007:0000:08000000}}.{{TAG:0007:0000:08000000}}{{TAG:0003:0010:}}You got the cosmos!{{TAG:0000:0004:}}{{TAG:0003:0009:}}That's unfortunate{{TAG:0007:0000:08000000}}.{{TAG:0007:0000:08000000}}.{{TAG:0007:0000:08000000}}.{{TAG:0007:0000:08000000}} You picked
wrong twice in a row. Bummer!{{TAG:0000:0004:}}{{TAG:0003:0000:}}The next is our last round.{{TAG:0007:0001:}}
{{TAG:0007:0000:08000000}}.{{TAG:0007:0000:08000000}}.{{TAG:0007:0000:08000000}}.{{TAG:0007:0000:08000000}}.{{TAG:0007:0000:08000000}}.{{TAG:0007:0000:08000000}}.{{TAG:0007:0000:08000000}}{{TAG:0003:0006:}}All right!{{TAG:0007:0000:10000000}} Please choose a card!{{TAG:0008:0001:1A0000001A0000001A000000}}
The one on the left.
The one in the middle.
The one on the right.","Así que eliges esta, ¿eh?{{TAG:0007:0001:}}
{{TAG:0003:0025:}}Veamos si has acertado{{TAG:0007:0000:08000000}}.{{TAG:0007:0000:08000000}}.{{TAG:0007:0000:08000000}}.{{TAG:0000:0004:}}{{TAG:0003:0010:}}¡Anda! ¡Has dado con el cosmos!{{TAG:0000:0004:}}{{TAG:0003:0009:}}Siento que hayas fallado en dos
rondas seguidas.{{TAG:0007:0001:}}{{TAG:0003:0000:}} A ver si suena
la flauta en tu último intento.
{{TAG:0003:0025:}}¡Pasemos a la tercera ronda!{{TAG:0007:0000:10000000}}
¿Qué carta eliges ahora?{{TAG:0008:0001:1A0000001A0000001A000000}}
La de la izquierda
La del medio
La de la derecha","Cette carte, hein{{TAG:0007:0000:08000000}}.{{TAG:0007:0000:08000000}}.{{TAG:0007:0000:08000000}}.{{TAG:0007:0000:08000000}}?{{TAG:0007:0001:}} {{TAG:0003:0025:}}Voyons voir ça.{{TAG:0000:0004:}}.{{TAG:0007:0000:08000000}}.{{TAG:0007:0000:08000000}}.{{TAG:0007:0000:08000000}}{{TAG:0003:0010:}} La carte « cosmos » !{{TAG:0000:0004:}}{{TAG:0003:0009:}}Patatra{{TAG:0007:0000:08000000}}.{{TAG:0007:0000:08000000}}.{{TAG:0007:0000:08000000}}.{{TAG:0007:0000:08000000}}!{{TAG:0007:0000:0F000000}} Deux échecs de suite.
C'est vraiment ballot !{{TAG:0000:0004:}}{{TAG:0003:0000:}}Pas grave, voici venir la dernière
manche{{TAG:0007:0000:08000000}}.{{TAG:0007:0000:08000000}}.{{TAG:0007:0000:08000000}}.{{TAG:0007:0001:}} {{TAG:0003:0006:}}C'est bon,{{TAG:0007:0000:10000000}} choisis une
carte !{{TAG:0008:0001:1A0000001A0000001A000000}}
Celle de gauche.
Celle du milieu.
Celle de droite.","Va bene{{TAG:0007:0000:08000000}}.{{TAG:0007:0000:08000000}}.{{TAG:0007:0000:08000000}}.{{TAG:0007:0000:08000000}} allora scegli questa,
giusto?{{TAG:0007:0001:}} {{TAG:0003:0025:}}Vediamo cosa hai trovato.{{TAG:0000:0004:}}{{TAG:0007:0000:08000000}}.{{TAG:0007:0000:08000000}}.{{TAG:0007:0000:08000000}}. {{TAG:0007:0000:08000000}}.{{TAG:0007:0000:08000000}}.{{TAG:0007:0000:08000000}}.{{TAG:0007:0000:08000000}}{{TAG:0003:0010:}} Oh, la cosmea!{{TAG:0000:0004:}}{{TAG:0003:0009:}}Che sfortuna{{TAG:0007:0000:08000000}}.{{TAG:0007:0000:08000000}}.{{TAG:0007:0000:08000000}}.{{TAG:0007:0000:08000000}} Due scelte sbagliate
una dopo l'altra. Peccato!{{TAG:0000:0004:}}{{TAG:0003:0000:}}La prossima è l'ultima mano.{{TAG:0007:0001:}}
{{TAG:0007:0000:08000000}}.{{TAG:0007:0000:08000000}}.{{TAG:0007:0000:08000000}}. {{TAG:0007:0000:08000000}}.{{TAG:0007:0000:08000000}}.{{TAG:0007:0000:08000000}}.{{TAG:0007:0000:08000000}}{{TAG:0003:0006:}} Pront{{TAG:000E:0006:02006F0002006100}}?{{TAG:0007:0000:10000000}} Scegli una carta!{{TAG:0008:0001:1A0000001A0000001A000000}}
Quella a sinistra.
Quella al centro.
Quella a destra.","Diese Karte hier soll's also sein?{{TAG:0007:0001:}}
{{TAG:0003:0025:}}Mal sehen, was auf der Rückseite
ist...
{{TAG:0007:0000:08000000}}.{{TAG:0007:0000:08000000}}.{{TAG:0007:0000:08000000}}.{{TAG:0007:0000:08000000}}{{TAG:0003:0010:}}Ein Gänseblümchen!{{TAG:0000:0004:}}{{TAG:0003:0009:}}So ein Pech...{{TAG:0007:0000:14000000}} Schon wieder keine
Rose.{{TAG:0000:0004:}}{{TAG:0003:0000:}}Bereit für die letzte Runde?{{TAG:0007:0001:}}
{{TAG:0003:0006:}}Also gut!{{TAG:0007:0000:10000000}} Zieh deine letzte Karte!{{TAG:0008:0001:1A0000001A0000001A000000}}
Die linke.
Die mittlere.
Die rechte.","Bu{{TAG:0007:0000:08000000}}.{{TAG:0007:0000:08000000}}.{{TAG:0007:0000:08000000}}.{{TAG:0007:0000:08000000}}seçimin, değil mi?{{TAG:0007:0001:}}
{{TAG:0003:0025:}}İkinci seçimin neymiş
bakalım.{{TAG:0000:0004:}}{{TAG:0007:0000:08000000}}.{{TAG:0007:0000:08000000}}.{{TAG:0007:0000:08000000}}.{{TAG:0007:0000:08000000}}.{{TAG:0007:0000:08000000}}.{{TAG:0007:0000:08000000}}.{{TAG:0007:0000:08000000}}{{TAG:0003:0010:}}Kozmosları buldun!{{TAG:0000:0004:}}{{TAG:0003:0009:}}Ne
talihsizlik{{TAG:0007:0000:08000000}}.{{TAG:0007:0000:08000000}}.{{TAG:0007:0000:08000000}}.{{TAG:0007:0000:08000000}} Üst üste iki kez yanlış
seçtin. Tüh!{{TAG:0000:0004:}}{{TAG:0003:0000:}}Sıradaki son turumuz.{{TAG:0007:0001:}}
{{TAG:0007:0000:08000000}}.{{TAG:0007:0000:08000000}}.{{TAG:0007:0000:08000000}}.{{TAG:0007:0000:08000000}}.{{TAG:0007:0000:08000000}}.{{TAG:0007:0000:08000000}}.{{TAG:0007:0000:08000000}}{{TAG:0003:0006:}}Pekâlâ!{{TAG:0007:0000:10000000}} Bir kart seç!{{TAG:0008:0001:1A0000001A0000001A000000}}
Soldaki.
Ortadaki.
Sağdaki."
21,022,"This{{TAG:0007:0000:08000000}}.{{TAG:0007:0000:08000000}}.{{TAG:0007:0000:08000000}}.{{TAG:0007:0000:08000000}}is your choice, right?{{TAG:0007:0001:}}
{{TAG:0003:0025:}}Let's see what your second pick is.{{TAG:0000:0004:}}{{TAG:0007:0000:08000000}}.{{TAG:0007:0000:08000000}}.{{TAG:0007:0000:08000000}}.{{TAG:0007:0000:08000000}}.{{TAG:0007:0000:08000000}}.{{TAG:0007:0000:08000000}}.{{TAG:0007:0000:08000000}}{{TAG:0003:0010:}}You got the dandelions!{{TAG:0000:0004:}}{{TAG:0003:0009:}}That's too bad{{TAG:0007:0000:08000000}}.{{TAG:0007:0000:08000000}}.{{TAG:0007:0000:08000000}}.{{TAG:0007:0000:08000000}} You got it wrong
twice in a row. Hang in there!{{TAG:0000:0004:}}{{TAG:0003:0000:}}The next is our last round.{{TAG:0007:0001:}}
{{TAG:0007:0000:08000000}}.{{TAG:0007:0000:08000000}}.{{TAG:0007:0000:08000000}}.{{TAG:0007:0000:08000000}}.{{TAG:0007:0000:08000000}}.{{TAG:0007:0000:08000000}}.{{TAG:0007:0000:08000000}}{{TAG:0003:0006:}}OK!{{TAG:0007:0000:10000000}} Please choose a card!{{TAG:0008:0001:1A0000001A0000001A000000}}
The one on the left.
The one in the middle.
The one on the right.","Así que eliges esta, ¿eh?{{TAG:0007:0001:}}
{{TAG:0003:0025:}}Veamos si has acertado{{TAG:0007:0000:08000000}}.{{TAG:0007:0000:08000000}}.{{TAG:0007:0000:08000000}}.{{TAG:0000:0004:}}{{TAG:0003:0010:}}¡Has dado con el diente de león!{{TAG:0000:0004:}}{{TAG:0003:0009:}}Siento que hayas fallado en dos
rondas seguidas.{{TAG:0007:0001:}}{{TAG:0003:0000:}} A ver si suena
la flauta en la última ronda.
{{TAG:0003:0025:}}¡Pasemos a la tercera ronda!{{TAG:0007:0000:10000000}}
¿Qué carta eliges ahora?{{TAG:0008:0001:1A0000001A0000001A000000}}
La de la izquierda
La del medio
La de la derecha","C'est bien la carte que t'as
choisie{{TAG:0007:0000:08000000}}.{{TAG:0007:0000:08000000}}.{{TAG:0007:0000:08000000}}.{{TAG:0007:0000:08000000}}?{{TAG:0007:0001:}} {{TAG:0003:0025:}}Mettons fin au suspense
sans plus tarder.
.{{TAG:0007:0000:08000000}}.{{TAG:0007:0000:08000000}}.{{TAG:0007:0000:08000000}}{{TAG:0003:0010:}} La carte « pissenlits » !{{TAG:0000:0004:}}{{TAG:0003:0009:}}Le sort s'acharne{{TAG:0007:0000:08000000}}.{{TAG:0007:0000:08000000}}.{{TAG:0007:0000:08000000}}.{{TAG:0007:0000:08000000}} Deux mauvais
choix de suite. Allez, du cran !{{TAG:0000:0004:}}{{TAG:0003:0000:}}Attention, dernière manche{{TAG:0007:0000:08000000}}.{{TAG:0007:0000:08000000}}.{{TAG:0007:0000:08000000}}.{{TAG:0007:0000:08000000}}!{{TAG:0007:0001:}} {{TAG:0003:0006:}}Hop,{{TAG:0007:0000:10000000}}
choisis une carte !{{TAG:0008:0001:1A0000001A0000001A000000}}
Celle de gauche.
Celle du milieu.
Celle de droite.","Hai scelto{{TAG:0007:0000:08000000}}.{{TAG:0007:0000:08000000}}.{{TAG:0007:0000:08000000}}.{{TAG:0007:0000:08000000}} questa carta, vero?{{TAG:0007:0001:}}
{{TAG:0003:0025:}}Vediamo cosa nasconde.{{TAG:0000:0004:}}{{TAG:0007:0000:08000000}}.{{TAG:0007:0000:08000000}}.{{TAG:0007:0000:08000000}}. {{TAG:0007:0000:08000000}}.{{TAG:0007:0000:08000000}}.{{TAG:0007:0000:08000000}}.{{TAG:0007:0000:08000000}}{{TAG:0003:0010:}} Oh, il soffione!{{TAG:0000:0004:}}{{TAG:0003:0009:}}Peccato{{TAG:0007:0000:08000000}}.{{TAG:0007:0000:08000000}}.{{TAG:0007:0000:08000000}}.{{TAG:0007:0000:08000000}} Due errori di fila,
ma non mollare!{{TAG:0000:0004:}}{{TAG:0003:0000:}}Passiamo all'ultima mano.{{TAG:0007:0001:}}
{{TAG:0007:0000:08000000}}.{{TAG:0007:0000:08000000}}.{{TAG:0007:0000:08000000}}. {{TAG:0007:0000:08000000}}.{{TAG:0007:0000:08000000}}.{{TAG:0007:0000:08000000}}.{{TAG:0007:0000:08000000}}{{TAG:0003:0006:}} Pront{{TAG:000E:0006:02006F0002006100}}?{{TAG:0007:0000:10000000}} Scegli una carta!{{TAG:0008:0001:1A0000001A0000001A000000}}
Quella a sinistra.
Quella al centro.
Quella a destra.","Diese Karte hier soll's also sein?{{TAG:0007:0001:}}
{{TAG:0003:0025:}}Mal sehen, was auf der Rückseite
ist...
{{TAG:0007:0000:08000000}}.{{TAG:0007:0000:08000000}}.{{TAG:0007:0000:08000000}}.{{TAG:0007:0000:08000000}}{{TAG:0003:0010:}}Ein Löwenzahn!{{TAG:0000:0004:}}{{TAG:0003:0009:}}So ein Pech...{{TAG:0007:0000:14000000}} Schon wieder keine
Rose.{{TAG:0000:0004:}}{{TAG:0003:0000:}}Bereit für die letzte Runde?{{TAG:0007:0001:}}
{{TAG:0003:0006:}}Also gut!{{TAG:0007:0000:10000000}} Zieh deine letzte Karte!{{TAG:0008:0001:1A0000001A0000001A000000}}
Die linke.
Die mittlere.
Die rechte.","Bu{{TAG:0007:0000:08000000}}.{{TAG:0007:0000:08000000}}.{{TAG:0007:0000:08000000}}.{{TAG:0007:0000:08000000}}seçimin, değil mi?{{TAG:0007:0001:}}
{{TAG:0003:0025:}}İkinci seçimin neymiş
bakalım.{{TAG:0000:0004:}}{{TAG:0007:0000:08000000}}.{{TAG:0007:0000:08000000}}.{{TAG:0007:0000:08000000}}.{{TAG:0007:0000:08000000}}.{{TAG:0007:0000:08000000}}.{{TAG:0007:0000:08000000}}.{{TAG:0007:0000:08000000}}{{TAG:0003:0010:}}Karahindibaları
buldun!{{TAG:0000:0004:}}{{TAG:0003:0009:}}Yazık oldu{{TAG:0007:0000:08000000}}.{{TAG:0007:0000:08000000}}.{{TAG:0007:0000:08000000}}.{{TAG:0007:0000:08000000}} Üst üste iki kez
yanlış bildin.
Dayan!{{TAG:0000:0004:}}{{TAG:0003:0000:}}Sıradaki son turumuz.{{TAG:0007:0001:}}
{{TAG:0007:0000:08000000}}.{{TAG:0007:0000:08000000}}.{{TAG:0007:0000:08000000}}.{{TAG:0007:0000:08000000}}.{{TAG:0007:0000:08000000}}.{{TAG:0007:0000:08000000}}.{{TAG:0007:0000:08000000}}{{TAG:0003:0006:}}Tamam!{{TAG:0007:0000:10000000}} Bir kart seç!{{TAG:0008:0001:1A0000001A0000001A000000}}
Soldaki.
Ortadaki.
Sağdaki."
22,023,{{TAG:0009:0003:1B001C001C001D001D00}},{{TAG:0009:0003:1B001C001C001D001D00}},{{TAG:0009:0003:1B001C001C001D001D00}},{{TAG:0009:0003:1B001C001C001D001D00}},{{TAG:0009:0003:1B001C001C001D001D00}},{{TAG:0009:0003:1B001C001C001D001D00}}
23,024,{{TAG:0009:0001:1E001F002000}},{{TAG:0009:0001:1E001F002000}},{{TAG:0009:0001:1E001F002000}},{{TAG:0009:0001:1E001F002000}},{{TAG:0009:0001:1E001F002000}},{{TAG:0009:0001:1E001F002000}}
24,025,{{TAG:0009:0001:210022002300}},{{TAG:0009:0001:210022002300}},{{TAG:0009:0001:210022002300}},{{TAG:0009:0001:210022002300}},{{TAG:0009:0001:210022002300}},{{TAG:0009:0001:210022002300}}
25,026,{{TAG:0009:0002:2400240025002600}},{{TAG:0009:0002:2400240025002600}},{{TAG:0009:0002:2400240025002600}},{{TAG:0009:0002:2400240025002600}},{{TAG:0009:0002:2400240025002600}},{{TAG:0009:0002:2400240025002600}}
26,027,"This{{TAG:0007:0000:08000000}}.{{TAG:0007:0000:08000000}}.{{TAG:0007:0000:08000000}}.{{TAG:0007:0000:08000000}}is the one you want, right?{{TAG:0007:0001:}}
{{TAG:0003:0025:}}Let's see what your last card is.{{TAG:0000:0004:}}{{TAG:0007:0000:08000000}}.{{TAG:0007:0000:08000000}}.{{TAG:0007:0000:08000000}}.{{TAG:0007:0000:08000000}}.{{TAG:0007:0000:08000000}}.{{TAG:0007:0000:08000000}}.{{TAG:0007:0000:08000000}}{{TAG:0003:0010:}}You got the roses!{{TAG:0000:0004:}}{{TAG:0003:0003:}}That's amazing!{{TAG:0007:0000:10000000}} You got all of them
entirely correct! {{TAG:0003:0023:}}Did you cheat or
something? Heh heh...","Así que eliges esta, ¿eh?{{TAG:0007:0001:}}
{{TAG:0003:0025:}}Veamos si has acertado{{TAG:0007:0000:08000000}}.{{TAG:0007:0000:08000000}}.{{TAG:0007:0000:08000000}}.{{TAG:0000:0004:}}{{TAG:0003:0010:}}¡Has vuelto a encontrar la rosa!{{TAG:0000:0004:}}{{TAG:0003:0005:}}¡Vaya!{{TAG:0007:0000:10000000}} Has logrado encontrar la
rosa en cada ronda.{{TAG:0007:0000:0A000000}}{{TAG:0003:0023:}} ¡Menudo olfato
gastas para las flores!","C'est bien la carte que t'as
choisie{{TAG:0007:0000:08000000}}.{{TAG:0007:0000:08000000}}.{{TAG:0007:0000:08000000}}.{{TAG:0007:0000:08000000}}?{{TAG:0007:0001:}} {{TAG:0003:0025:}}Voyons de quoi il s'agit.{{TAG:0000:0004:}}.{{TAG:0007:0000:08000000}}.{{TAG:0007:0000:08000000}}.{{TAG:0007:0000:08000000}}{{TAG:0003:0010:}} La carte « roses » !{{TAG:0000:0004:}}{{TAG:0003:0003:}}Hallucinant !{{TAG:0007:0000:10000000}} Trois sur trois ! {{TAG:0003:0023:}}T'as
triché ou quoi ? Hé hé...","Hai detto{{TAG:0007:0000:08000000}}.{{TAG:0007:0000:08000000}}.{{TAG:0007:0000:08000000}}.{{TAG:0007:0000:08000000}} questa carta, giusto?!{{TAG:0007:0001:}}
{{TAG:0003:0025:}}Vediamo cosa nasconde.{{TAG:0000:0004:}}{{TAG:0007:0000:08000000}}.{{TAG:0007:0000:08000000}}.{{TAG:0007:0000:08000000}}. {{TAG:0007:0000:08000000}}.{{TAG:0007:0000:08000000}}.{{TAG:0007:0000:08000000}}.{{TAG:0007:0000:08000000}}{{TAG:0003:0010:}} Oh, la rosa! 
{{TAG:0003:0003:}}Complimenti!{{TAG:0007:0000:10000000}} Non hai mancato
un colpo!
{{TAG:0003:0023:}}Non avrai mica barato? Eh eh eh...","Diese hier soll es also sein, ja?{{TAG:0007:0001:}}
{{TAG:0003:0025:}}Da bin ich mal gespannt, was auf
der Rückseite abgebildet ist...{{TAG:0000:0004:}}.{{TAG:0007:0000:08000000}}.{{TAG:0007:0000:08000000}}.{{TAG:0007:0000:08000000}}{{TAG:0003:0010:}}Das gibt's doch nicht!{{TAG:0007:0000:10000000}}
Schon wieder eine Rose! {{TAG:0000:0004:}}{{TAG:0003:0003:}}Du hast dreimal die Rose gezogen!{{TAG:0007:0000:10000000}}
{{TAG:0003:0023:}}Du hast doch nicht etwa gemogelt?","Bu{{TAG:0007:0000:08000000}}.{{TAG:0007:0000:08000000}}.{{TAG:0007:0000:08000000}}.{{TAG:0007:0000:08000000}}istediğin, değil mi?{{TAG:0007:0001:}}
{{TAG:0003:0025:}}Son kartın neymiş bakalım.{{TAG:0000:0004:}}{{TAG:0007:0000:08000000}}.{{TAG:0007:0000:08000000}}.{{TAG:0007:0000:08000000}}.{{TAG:0007:0000:08000000}}.{{TAG:0007:0000:08000000}}.{{TAG:0007:0000:08000000}}.{{TAG:0007:0000:08000000}}{{TAG:0003:0010:}}Gülleri
buldun!{{TAG:0000:0004:}}{{TAG:0003:0003:}}İnanılmaz!{{TAG:0007:0000:10000000}} Üçünü de tamamen doğru
bildin! {{TAG:0003:0023:}}Hile falan mı yaptın? Heh heh..."
27,028,"This{{TAG:0007:0000:08000000}}.{{TAG:0007:0000:08000000}}.{{TAG:0007:0000:08000000}}.{{TAG:0007:0000:08000000}}is the one you want, right?{{TAG:0007:0001:}}
{{TAG:0003:0025:}}Let's see what your last card is.{{TAG:0000:0004:}}{{TAG:0007:0000:08000000}}.{{TAG:0007:0000:08000000}}.{{TAG:0007:0000:08000000}}.{{TAG:0007:0000:08000000}}.{{TAG:0007:0000:08000000}}.{{TAG:0007:0000:08000000}}.{{TAG:0007:0000:08000000}}{{TAG:0003:0010:}}You got the cosmos!{{TAG:0000:0004:}}{{TAG:0003:0025:}}Oh, and did you know?{{TAG:0007:0000:08000000}} {{TAG:0003:0003:}}Cosmos are
always used to symbolize virtue.{{TAG:0007:0000:08000000}}
{{TAG:0003:0026:}}Isn't that fascinating?","Así que eliges esta, ¿eh?{{TAG:0007:0001:}}
{{TAG:0003:0025:}}Veamos si has acertado{{TAG:0007:0000:08000000}}.{{TAG:0007:0000:08000000}}.{{TAG:0007:0000:08000000}}.{{TAG:0000:0004:}}{{TAG:0003:0010:}}¡Anda! ¡Has dado con el cosmos!{{TAG:0000:0004:}}{{TAG:0003:0009:}}Vaya, por poco aciertas en todas
las rondas.{{TAG:0003:0024:}} Casi consigues ser una
estrella rutilante en el cosmos.{{TAG:0003:0023:}} ¡Je!","C'est bien la carte que t'as
choisie{{TAG:0007:0000:08000000}}.{{TAG:0007:0000:08000000}}.{{TAG:0007:0000:08000000}}.{{TAG:0007:0000:08000000}}?{{TAG:0007:0001:}} {{TAG:0003:0025:}}Voyons de quoi il s'agit.{{TAG:0000:0004:}}.{{TAG:0007:0000:08000000}}.{{TAG:0007:0000:08000000}}.{{TAG:0007:0000:08000000}}{{TAG:0003:0010:}} La carte « cosmos » !{{TAG:0000:0004:}}{{TAG:0003:0024:}}Tiens, au passage,{{TAG:0007:0000:20000000}} en langage des
fleurs, {{TAG:0003:0023:}}le cosmos représente la
pureté.","Hai scelto questa carta{{TAG:0007:0000:08000000}}.{{TAG:0007:0000:08000000}}.{{TAG:0007:0000:08000000}}.{{TAG:0007:0000:08000000}} giusto?!{{TAG:0007:0001:}}
{{TAG:0003:0025:}}Vediamo cosa nasconde.{{TAG:0000:0004:}}{{TAG:0007:0000:08000000}}.{{TAG:0007:0000:08000000}}.{{TAG:0007:0000:08000000}}. {{TAG:0007:0000:08000000}}.{{TAG:0007:0000:08000000}}.{{TAG:0007:0000:08000000}}.{{TAG:0007:0000:08000000}}{{TAG:0003:0010:}} Oh, la cosmea!{{TAG:0000:0004:}}{{TAG:0003:0024:}}A proposito,{{TAG:0007:0000:20000000}} lo sapevi che,
nel linguaggio dei fiori, {{TAG:0003:0023:}}simboleggia
""la gioia di amare e di vivere""?","Diese hier soll es also sein, ja?{{TAG:0007:0001:}}
{{TAG:0003:0025:}}Da bin ich mal gespannt, was auf
der Rückseite abgebildet ist...{{TAG:0000:0004:}}.{{TAG:0007:0000:08000000}}.{{TAG:0007:0000:08000000}}.{{TAG:0007:0000:08000000}}{{TAG:0003:0010:}}Ein Gänseblümchen! {{TAG:0000:0004:}}{{TAG:0003:0015:}}In der Blumensprache steht das
Gänseblümchen übrigens für
Unschuld. {{TAG:0007:0000:14000000}}{{TAG:0003:0024:}}Faszinierend, oder?","Bu{{TAG:0007:0000:08000000}}.{{TAG:0007:0000:08000000}}.{{TAG:0007:0000:08000000}}.{{TAG:0007:0000:08000000}}istediğin, değil mi?{{TAG:0007:0001:}}
{{TAG:0003:0025:}}Son kartın neymiş
bakalım.{{TAG:0000:0004:}}{{TAG:0007:0000:08000000}}.{{TAG:0007:0000:08000000}}.{{TAG:0007:0000:08000000}}.{{TAG:0007:0000:08000000}}.{{TAG:0007:0000:08000000}}.{{TAG:0007:0000:08000000}}.{{TAG:0007:0000:08000000}}{{TAG:0003:0010:}}Kozmosları buldun!{{TAG:0000:0004:}}{{TAG:0003:0025:}}Aa,
biliyor muydun?{{TAG:0007:0000:08000000}} {{TAG:0003:0003:}}Kozmoslar her zaman
erdemi simgeler.{{TAG:0007:0000:08000000}}
{{TAG:0003:0026:}}İlginç, değil mi?"
28,029,"This{{TAG:0007:0000:08000000}}.{{TAG:0007:0000:08000000}}.{{TAG:0007:0000:08000000}}.{{TAG:0007:0000:08000000}}is the one you want, right?{{TAG:0007:0001:}}
{{TAG:0003:0025:}}Let's see what your last card is.{{TAG:0000:0004:}}{{TAG:0007:0000:08000000}}.{{TAG:0007:0000:08000000}}.{{TAG:0007:0000:08000000}}.{{TAG:0007:0000:08000000}}.{{TAG:0007:0000:08000000}}.{{TAG:0007:0000:08000000}}.{{TAG:0007:0000:08000000}}{{TAG:0003:0010:}}You got the dandelions!{{TAG:0000:0004:}}{{TAG:0003:0025:}}Oh, and did you know?{{TAG:0007:0000:08000000}} {{TAG:0003:0003:}}Dandelions
are symbolic of a very outgoing and
friendly person!{{TAG:0007:0000:08000000}} {{TAG:0003:0026:}}Fascinating, huh?","Así que eliges esta, ¿eh?{{TAG:0007:0001:}}
{{TAG:0003:0025:}}Veamos si has acertado{{TAG:0007:0000:08000000}}.{{TAG:0007:0000:08000000}}.{{TAG:0007:0000:08000000}}.{{TAG:0000:0004:}}{{TAG:0003:0010:}}¡Has dado con el diente de león!{{TAG:0000:0004:}}{{TAG:0003:0009:}}Vaya, por poco aciertas en todas
las rondas.{{TAG:0003:0024:}} Te puedes dar con un
canto en los dientes...{{TAG:0007:0000:0A000000}}{{TAG:0003:0023:}} ¡de león!","C'est bien la carte que t'as
choisie{{TAG:0007:0000:08000000}}.{{TAG:0007:0000:08000000}}.{{TAG:0007:0000:08000000}}.{{TAG:0007:0000:08000000}}?{{TAG:0007:0001:}} {{TAG:0003:0025:}}Voyons de quoi il s'agit.{{TAG:0000:0004:}}.{{TAG:0007:0000:08000000}}.{{TAG:0007:0000:08000000}}.{{TAG:0007:0000:08000000}}{{TAG:0003:0010:}} La carte « pissenlits » !{{TAG:0000:0004:}}{{TAG:0003:0024:}}Tiens, au passage,{{TAG:0007:0000:20000000}} en langage des
fleurs, {{TAG:0003:0023:}}le pissenlit est symbole de
coquetterie.","Hai scelto questa carta{{TAG:0007:0000:08000000}}.{{TAG:0007:0000:08000000}}.{{TAG:0007:0000:08000000}}.{{TAG:0007:0000:08000000}} giusto?!{{TAG:0007:0001:}}
{{TAG:0003:0025:}}Vediamo cosa nasconde.{{TAG:0000:0004:}}{{TAG:0007:0000:08000000}}.{{TAG:0007:0000:08000000}}.{{TAG:0007:0000:08000000}}. {{TAG:0007:0000:08000000}}.{{TAG:0007:0000:08000000}}.{{TAG:0007:0000:08000000}}.{{TAG:0007:0000:08000000}}{{TAG:0003:0010:}} Oh, il soffione!{{TAG:0000:0004:}}{{TAG:0003:0024:}}A proposito,{{TAG:0007:0000:20000000}} lo sapevi che,
nel linguaggio dei fiori, {{TAG:0003:0023:}}simboleggia
""la speranza e la fiducia nel futuro""?","Diese hier soll es also sein, ja?{{TAG:0007:0001:}}
{{TAG:0003:0025:}}Da bin ich mal gespannt, was auf
der Rückseite abgebildet ist...{{TAG:0000:0004:}}.{{TAG:0007:0000:08000000}}.{{TAG:0007:0000:08000000}}.{{TAG:0007:0000:08000000}}{{TAG:0003:0010:}}Ein Löwenzahn! {{TAG:0000:0004:}}{{TAG:0003:0015:}}In der Blumensprache steht der
Löwenzahn übrigens für Eitelkeit.{{TAG:0007:0000:14000000}}
{{TAG:0003:0024:}}Interessant, was?","Bu{{TAG:0007:0000:08000000}}.{{TAG:0007:0000:08000000}}.{{TAG:0007:0000:08000000}}.{{TAG:0007:0000:08000000}}istediğin, değil mi?{{TAG:0007:0001:}}
{{TAG:0003:0025:}}Son kartın neymiş
bakalım.{{TAG:0000:0004:}}{{TAG:0007:0000:08000000}}.{{TAG:0007:0000:08000000}}.{{TAG:0007:0000:08000000}}.{{TAG:0007:0000:08000000}}.{{TAG:0007:0000:08000000}}.{{TAG:0007:0000:08000000}}.{{TAG:0007:0000:08000000}}{{TAG:0003:0010:}}Karahindibaları buldun!{{TAG:0000:0004:}}{{TAG:0003:0025:}}Aa,
biliyor muydun?{{TAG:0007:0000:08000000}} {{TAG:0003:0003:}}Karahindiba
çok dışa dönük ve
arkadaş canlısı birini simgelermiş!{{TAG:0007:0000:08000000}}
{{TAG:0003:0026:}}İlginç, ha?"
29,030,"This{{TAG:0007:0000:08000000}}.{{TAG:0007:0000:08000000}}.{{TAG:0007:0000:08000000}}.{{TAG:0007:0000:08000000}}is the one you want, right?{{TAG:0007:0001:}}
{{TAG:0003:0025:}}Let's see what your last card is.{{TAG:0000:0004:}}{{TAG:0007:0000:08000000}}.{{TAG:0007:0000:08000000}}.{{TAG:0007:0000:08000000}}.{{TAG:0007:0000:08000000}}.{{TAG:0007:0000:08000000}}.{{TAG:0007:0000:08000000}}.{{TAG:0007:0000:08000000}}{{TAG:0003:0010:}}You got the roses!{{TAG:0000:0004:}}{{TAG:0003:0025:}}I'm really glad you could bring this
to a successful conclusion!{{TAG:0009:0000:04000500}}","Así que eliges esta, ¿eh?{{TAG:0007:0001:}}
{{TAG:0003:0025:}}Veamos si has acertado{{TAG:0007:0000:08000000}}.{{TAG:0007:0000:08000000}}.{{TAG:0007:0000:08000000}}.{{TAG:0000:0004:}}{{TAG:0003:0010:}}¡Has vuelto a encontrar la rosa!{{TAG:0000:0004:}}{{TAG:0003:0025:}}¡Vaya, me alegro de que hayas
logrado remontar el vuelo en
esta última ronda!{{TAG:0009:0000:04000500}}","C'est bien la carte que t'as
choisie{{TAG:0007:0000:08000000}}.{{TAG:0007:0000:08000000}}.{{TAG:0007:0000:08000000}}.{{TAG:0007:0000:08000000}}?{{TAG:0007:0001:}} {{TAG:0003:0025:}}Voyons de quoi il s'agit.{{TAG:0000:0004:}}.{{TAG:0007:0000:08000000}}.{{TAG:0007:0000:08000000}}.{{TAG:0007:0000:08000000}}{{TAG:0003:0010:}} La carte « roses » !{{TAG:0000:0004:}}{{TAG:0003:0025:}}Ouf, on termine par une réussite !{{TAG:0009:0000:04000500}}","Hai scelto questa{{TAG:0007:0000:08000000}}.{{TAG:0007:0000:08000000}}.{{TAG:0007:0000:08000000}}.{{TAG:0007:0000:08000000}} giusto?!{{TAG:0007:0001:}}
{{TAG:0003:0025:}}Vediamo cosa nasconde l'ultima
carta.
{{TAG:0007:0000:08000000}}.{{TAG:0007:0000:08000000}}.{{TAG:0007:0000:08000000}}. {{TAG:0007:0000:08000000}}.{{TAG:0007:0000:08000000}}.{{TAG:0007:0000:08000000}}.{{TAG:0007:0000:08000000}}{{TAG:0003:0010:}} Oh, la rosa!{{TAG:0000:0004:}}{{TAG:0003:0025:}}Sono contento che tu abbia
indovinato questa mano!{{TAG:0009:0000:04000500}}","Diese hier soll es also sein, ja?{{TAG:0007:0001:}}
{{TAG:0003:0025:}}Da bin ich mal gespannt, was auf
der Rückseite abgebildet ist...{{TAG:0000:0004:}}.{{TAG:0007:0000:08000000}}.{{TAG:0007:0000:08000000}}.{{TAG:0007:0000:08000000}}{{TAG:0003:0010:}}Eine Rose! {{TAG:0000:0004:}}{{TAG:0003:0025:}}Da hast du ja am Ende doch noch
mal Glück gehabt!{{TAG:0009:0000:04000500}}","Bu{{TAG:0007:0000:08000000}}.{{TAG:0007:0000:08000000}}.{{TAG:0007:0000:08000000}}.{{TAG:0007:0000:08000000}}istediğin, değil mi?{{TAG:0007:0001:}}
{{TAG:0003:0025:}}Son kartın neymiş bakalım.{{TAG:0000:0004:}}{{TAG:0007:0000:08000000}}.{{TAG:0007:0000:08000000}}.{{TAG:0007:0000:08000000}}.{{TAG:0007:0000:08000000}}.{{TAG:0007:0000:08000000}}.{{TAG:0007:0000:08000000}}.{{TAG:0007:0000:08000000}}{{TAG:0003:0010:}}Gülleri
buldun!{{TAG:0000:0004:}}{{TAG:0003:0025:}}Bunu başarıyla bitirebildiğine
gerçekten sevindim!{{TAG:0009:0000:04000500}}"
30,031,"This{{TAG:0007:0000:08000000}}.{{TAG:0007:0000:08000000}}.{{TAG:0007:0000:08000000}}.{{TAG:0007:0000:08000000}}is the one you want, right?{{TAG:0007:0001:}}
{{TAG:0003:0025:}}Let's see what your last card is.{{TAG:0000:0004:}}{{TAG:0007:0000:08000000}}.{{TAG:0007:0000:08000000}}.{{TAG:0007:0000:08000000}}.{{TAG:0007:0000:08000000}}.{{TAG:0007:0000:08000000}}.{{TAG:0007:0000:08000000}}.{{TAG:0007:0000:08000000}}{{TAG:0003:0010:}}You got the cosmos!{{TAG:0000:0004:}}{{TAG:0003:0024:}}Heh heh heh.{{TAG:0007:0000:10000000}} You used up all your
luck at the beginning it seems!","Así que eliges esta, ¿eh?{{TAG:0007:0001:}}
{{TAG:0003:0025:}}Veamos si has acertado{{TAG:0007:0000:08000000}}.{{TAG:0007:0000:08000000}}.{{TAG:0007:0000:08000000}}.{{TAG:0000:0004:}}{{TAG:0003:0010:}}¡Has encontrado el cosmos!{{TAG:0000:0004:}}{{TAG:0003:0024:}}Vaya, parece que el universo
ha dejado de estar de tu parte
después de la primera ronda...","C'est bien la carte que t'as
choisie{{TAG:0007:0000:08000000}}.{{TAG:0007:0000:08000000}}.{{TAG:0007:0000:08000000}}.{{TAG:0007:0000:08000000}}?{{TAG:0007:0001:}} {{TAG:0003:0025:}}Voyons de quoi il s'agit.{{TAG:0000:0004:}}.{{TAG:0007:0000:08000000}}.{{TAG:0007:0000:08000000}}.{{TAG:0007:0000:08000000}}{{TAG:0003:0010:}} La carte « cosmos » !{{TAG:0000:0004:}}{{TAG:0003:0024:}}Hé hé,{{TAG:0007:0000:10000000}} la chance t'a abandonné{{TAG:000E:0006:000002006500}}
après le premier tour on dirait !","Hai scelto questa{{TAG:0007:0000:08000000}}.{{TAG:0007:0000:08000000}}.{{TAG:0007:0000:08000000}}.{{TAG:0007:0000:08000000}} giusto?!{{TAG:0007:0001:}}
{{TAG:0003:0025:}}Vediamo cosa nasconde l'ultima
carta.
{{TAG:0007:0000:08000000}}.{{TAG:0007:0000:08000000}}.{{TAG:0007:0000:08000000}}. {{TAG:0007:0000:08000000}}.{{TAG:0007:0000:08000000}}.{{TAG:0007:0000:08000000}}.{{TAG:0007:0000:08000000}}{{TAG:0003:0010:}} Oh, la cosmea!{{TAG:0000:0004:}}{{TAG:0003:0024:}}Eh eh eh!{{TAG:0007:0000:10000000}} A quanto pare,
la fortuna ti ha sorriso all'inizio
e poi... se n'è andata!","Diese hier soll es also sein, ja?{{TAG:0007:0001:}}
{{TAG:0003:0025:}}Da bin ich mal gespannt, was auf
der Rückseite abgebildet ist...{{TAG:0000:0004:}}.{{TAG:0007:0000:08000000}}.{{TAG:0007:0000:08000000}}.{{TAG:0007:0000:08000000}}{{TAG:0003:0010:}}Ein Gänseblümchen! {{TAG:0000:0004:}}{{TAG:0003:0024:}}Ich fürchte, du hast dein ganzes
Glück schon aufgebraucht...","Bu{{TAG:0007:0000:08000000}}.{{TAG:0007:0000:08000000}}.{{TAG:0007:0000:08000000}}.{{TAG:0007:0000:08000000}}istediğin, değil mi?{{TAG:0007:0001:}}
{{TAG:0003:0025:}}Son kartın neymiş
bakalım.{{TAG:0000:0004:}}{{TAG:0007:0000:08000000}}.{{TAG:0007:0000:08000000}}.{{TAG:0007:0000:08000000}}.{{TAG:0007:0000:08000000}}.{{TAG:0007:0000:08000000}}.{{TAG:0007:0000:08000000}}.{{TAG:0007:0000:08000000}}{{TAG:0003:0010:}}Kozmosları buldun!{{TAG:0000:0004:}}{{TAG:0003:0024:}}Heh heh
heh.{{TAG:0007:0000:10000000}} Görünüşe göre bütün şansını
başta harcamışsın!"
31,032,"This{{TAG:0007:0000:08000000}}.{{TAG:0007:0000:08000000}}.{{TAG:0007:0000:08000000}}.{{TAG:0007:0000:08000000}}is the one you want, right?{{TAG:0007:0001:}}
{{TAG:0003:0025:}}Let's see what your last card is.{{TAG:0000:0004:}}{{TAG:0007:0000:08000000}}.{{TAG:0007:0000:08000000}}.{{TAG:0007:0000:08000000}}.{{TAG:0007:0000:08000000}}.{{TAG:0007:0000:08000000}}.{{TAG:0007:0000:08000000}}.{{TAG:0007:0000:08000000}}{{TAG:0003:0010:}}You got the dandelions!{{TAG:0000:0004:}}{{TAG:0003:0024:}}Heh heh heh.{{TAG:0007:0000:10000000}} I think you used up all
your luck at the beginning!","Así que eliges esta, ¿eh?{{TAG:0007:0001:}}
{{TAG:0003:0025:}}Veamos si has acertado{{TAG:0007:0000:08000000}}.{{TAG:0007:0000:08000000}}.{{TAG:0007:0000:08000000}}.{{TAG:0000:0004:}}{{TAG:0003:0010:}}¡Has encontrado el diente de león!{{TAG:0000:0004:}}{{TAG:0003:0024:}}Huy, me temo que la fortuna solo
te ha sonreído al principio...","C'est bien la carte que t'as
choisie{{TAG:0007:0000:08000000}}.{{TAG:0007:0000:08000000}}.{{TAG:0007:0000:08000000}}.{{TAG:0007:0000:08000000}}?{{TAG:0007:0001:}} {{TAG:0003:0025:}}Voyons de quoi il s'agit.{{TAG:0000:0004:}}.{{TAG:0007:0000:08000000}}.{{TAG:0007:0000:08000000}}.{{TAG:0007:0000:08000000}}{{TAG:0003:0010:}} La carte « pissenlits » !{{TAG:0000:0004:}}{{TAG:0003:0024:}}Hé hé,{{TAG:0007:0000:10000000}} t'as juste deviné la première
carte, en fait. La chance du
débutant, sans doute !","Hai scelto questa{{TAG:0007:0000:08000000}}.{{TAG:0007:0000:08000000}}.{{TAG:0007:0000:08000000}}.{{TAG:0007:0000:08000000}} giusto?!{{TAG:0007:0001:}}
{{TAG:0003:0025:}}Vediamo cosa nasconde l'ultima
carta.
{{TAG:0007:0000:08000000}}.{{TAG:0007:0000:08000000}}.{{TAG:0007:0000:08000000}}. {{TAG:0007:0000:08000000}}.{{TAG:0007:0000:08000000}}.{{TAG:0007:0000:08000000}}.{{TAG:0007:0000:08000000}}{{TAG:0003:0010:}} Oh, il soffione!{{TAG:0000:0004:}}{{TAG:0003:0024:}}Eh eh eh!{{TAG:0007:0000:10000000}} A quanto pare,
la fortuna ti ha baciato all'inizio
e poi... se n'è andata!","Diese hier soll es also sein, ja?{{TAG:0007:0001:}}
{{TAG:0003:0025:}}Da bin ich mal gespannt, was auf
der Rückseite abgebildet ist...{{TAG:0000:0004:}}.{{TAG:0007:0000:08000000}}.{{TAG:0007:0000:08000000}}.{{TAG:0007:0000:08000000}}{{TAG:0003:0010:}}Ein Löwenzahn! {{TAG:0000:0004:}}{{TAG:0003:0024:}}Wahrscheinlich hast du dein ganzes
Glück schon in der ersten Runde
verbraucht...","Bu{{TAG:0007:0000:08000000}}.{{TAG:0007:0000:08000000}}.{{TAG:0007:0000:08000000}}.{{TAG:0007:0000:08000000}}istediğin, değil mi?{{TAG:0007:0001:}}
{{TAG:0003:0025:}}Son kartın neymiş
bakalım.{{TAG:0000:0004:}}{{TAG:0007:0000:08000000}}.{{TAG:0007:0000:08000000}}.{{TAG:0007:0000:08000000}}.{{TAG:0007:0000:08000000}}.{{TAG:0007:0000:08000000}}.{{TAG:0007:0000:08000000}}.{{TAG:0007:0000:08000000}}{{TAG:0003:0010:}}Karahindibaları buldun!{{TAG:0000:0004:}}{{TAG:0003:0024:}}Heh
heh heh.{{TAG:0007:0000:10000000}} Bence bütün şansını
başta harcadın!"
32,033,"This{{TAG:0007:0000:08000000}}.{{TAG:0007:0000:08000000}}.{{TAG:0007:0000:08000000}}.{{TAG:0007:0000:08000000}}is the one you want, right?{{TAG:0007:0001:}}
{{TAG:0003:0025:}}Let's see what your last card is.{{TAG:0000:0004:}}{{TAG:0007:0000:08000000}}.{{TAG:0007:0000:08000000}}.{{TAG:0007:0000:08000000}}.{{TAG:0007:0000:08000000}}.{{TAG:0007:0000:08000000}}.{{TAG:0007:0000:08000000}}.{{TAG:0007:0000:08000000}}{{TAG:0003:0010:}}You got the roses!{{TAG:0000:0004:}}{{TAG:0003:0025:}}Your luck really picked up halfway
through the game, huh?{{TAG:0009:0000:04000500}}","Así que eliges esta, ¿eh?{{TAG:0007:0001:}}
{{TAG:0003:0025:}}Veamos si has acertado{{TAG:0007:0000:08000000}}.{{TAG:0007:0000:08000000}}.{{TAG:0007:0000:08000000}}.{{TAG:0000:0004:}}{{TAG:0003:0010:}}¡Has vuelto a encontrar la rosa!{{TAG:0000:0004:}}{{TAG:0003:0025:}}¡Vaya, me alegro de que te hayas
deshecho de las espinas de la
primera ronda!{{TAG:0009:0000:04000500}}","C'est bien la carte que t'as
choisie{{TAG:0007:0000:08000000}}.{{TAG:0007:0000:08000000}}.{{TAG:0007:0000:08000000}}.{{TAG:0007:0000:08000000}}?{{TAG:0007:0001:}} {{TAG:0003:0025:}}Voyons de quoi il s'agit.{{TAG:0000:0004:}}.{{TAG:0007:0000:08000000}}.{{TAG:0007:0000:08000000}}.{{TAG:0007:0000:08000000}}{{TAG:0003:0010:}} La carte « roses » !{{TAG:0000:0004:}}{{TAG:0003:0025:}}Mauvais démarrage, mais après, rien
à redire !{{TAG:0009:0000:04000500}}","Hai scelto questa{{TAG:0007:0000:08000000}}.{{TAG:0007:0000:08000000}}.{{TAG:0007:0000:08000000}}.{{TAG:0007:0000:08000000}} giusto?!{{TAG:0007:0001:}}
{{TAG:0003:0025:}}Vediamo cosa nasconde l'ultima
carta.
{{TAG:0007:0000:08000000}}.{{TAG:0007:0000:08000000}}.{{TAG:0007:0000:08000000}}. {{TAG:0007:0000:08000000}}.{{TAG:0007:0000:08000000}}.{{TAG:0007:0000:08000000}}.{{TAG:0007:0000:08000000}}{{TAG:0003:0010:}} Oh, la rosa!{{TAG:0000:0004:}}{{TAG:0003:0025:}}È andata bene! Se la fortuna fosse
stata con te fin dall'inizio, sarebbe
stato ancora meglio, eh?!{{TAG:0009:0000:04000500}}","Diese hier soll es also sein, ja?{{TAG:0007:0001:}}
{{TAG:0003:0025:}}Da bin ich mal gespannt, was auf
der Rückseite abgebildet ist...{{TAG:0000:0004:}}.{{TAG:0007:0000:08000000}}.{{TAG:0007:0000:08000000}}.{{TAG:0007:0000:08000000}}{{TAG:0003:0010:}}Noch eine Rose! {{TAG:0000:0004:}}{{TAG:0003:0025:}}Da hast du ja am Ende doch noch
eine kleine Serie hingelegt!{{TAG:0009:0000:04000500}}","Bu{{TAG:0007:0000:08000000}}.{{TAG:0007:0000:08000000}}.{{TAG:0007:0000:08000000}}.{{TAG:0007:0000:08000000}}istediğin, değil mi?{{TAG:0007:0001:}}
{{TAG:0003:0025:}}Son kartın neymiş bakalım.{{TAG:0000:0004:}}{{TAG:0007:0000:08000000}}.{{TAG:0007:0000:08000000}}.{{TAG:0007:0000:08000000}}.{{TAG:0007:0000:08000000}}.{{TAG:0007:0000:08000000}}.{{TAG:0007:0000:08000000}}.{{TAG:0007:0000:08000000}}{{TAG:0003:0010:}}Gülleri
buldun!{{TAG:0000:0004:}}{{TAG:0003:0025:}}Şansın oyunun ortasında
bayağı açıldı, ha?{{TAG:0009:0000:04000500}}"
33,034,"This{{TAG:0007:0000:08000000}}.{{TAG:0007:0000:08000000}}.{{TAG:0007:0000:08000000}}.{{TAG:0007:0000:08000000}}is the one you want, right?{{TAG:0007:0001:}}
{{TAG:0003:0025:}}Let's see what your last card is.{{TAG:0000:0004:}}{{TAG:0007:0000:08000000}}.{{TAG:0007:0000:08000000}}.{{TAG:0007:0000:08000000}}.{{TAG:0007:0000:08000000}}.{{TAG:0007:0000:08000000}}.{{TAG:0007:0000:08000000}}.{{TAG:0007:0000:08000000}}{{TAG:0003:0010:}}You got the cosmos!{{TAG:0000:0004:}}{{TAG:0003:0009:}}Hmmm.{{TAG:0007:0000:10000000}} Perhaps this wasn't the
card you expected, huh?","Así que eliges esta, ¿eh?{{TAG:0007:0001:}}
{{TAG:0003:0025:}}Veamos si has acertado{{TAG:0007:0000:08000000}}.{{TAG:0007:0000:08000000}}.{{TAG:0007:0000:08000000}}.{{TAG:0000:0004:}}{{TAG:0003:0010:}}¡Has encontrado el cosmos!{{TAG:0000:0004:}}{{TAG:0003:0024:}}Vaya, parece que el universo
solo ha estado de tu parte
en la segunda ronda...","C'est bien la carte que t'as
choisie{{TAG:0007:0000:08000000}}.{{TAG:0007:0000:08000000}}.{{TAG:0007:0000:08000000}}.{{TAG:0007:0000:08000000}}?{{TAG:0007:0001:}} {{TAG:0003:0025:}}Voyons de quoi il s'agit.{{TAG:0000:0004:}}.{{TAG:0007:0000:08000000}}.{{TAG:0007:0000:08000000}}.{{TAG:0007:0000:08000000}}{{TAG:0003:0010:}} La carte « cosmos » !{{TAG:0000:0004:}}{{TAG:0003:0009:}}Hmmm,{{TAG:0007:0000:10000000}} je lis un peu de dépit dans
ton regard, je me trompe ?","Hai scelto questa{{TAG:0007:0000:08000000}}.{{TAG:0007:0000:08000000}}.{{TAG:0007:0000:08000000}}.{{TAG:0007:0000:08000000}} giusto?!{{TAG:0007:0001:}}
{{TAG:0003:0025:}}Vediamo cosa nasconde l'ultima
carta.
{{TAG:0007:0000:08000000}}.{{TAG:0007:0000:08000000}}.{{TAG:0007:0000:08000000}}. {{TAG:0007:0000:08000000}}.{{TAG:0007:0000:08000000}}.{{TAG:0007:0000:08000000}}.{{TAG:0007:0000:08000000}}{{TAG:0003:0010:}} Oh, la cosmea!{{TAG:0000:0004:}}{{TAG:0003:0009:}}Mmmh,{{TAG:0007:0000:10000000}} immagino che avresti
preferito un'altra carta, vero?!","Diese hier soll es also sein, ja?{{TAG:0007:0001:}}
{{TAG:0003:0025:}}Da bin ich mal gespannt, was auf
der Rückseite abgebildet ist...{{TAG:0000:0004:}}.{{TAG:0007:0000:08000000}}.{{TAG:0007:0000:08000000}}.{{TAG:0007:0000:08000000}}{{TAG:0003:0010:}}Ein Gänseblümchen! {{TAG:0000:0004:}}{{TAG:0003:0009:}}Mit dieser Karte hast du wohl nicht
gerechnet, oder?","Bu{{TAG:0007:0000:08000000}}.{{TAG:0007:0000:08000000}}.{{TAG:0007:0000:08000000}}.{{TAG:0007:0000:08000000}}istediğin, değil mi?{{TAG:0007:0001:}}
{{TAG:0003:0025:}}Son kartın neymiş
bakalım.{{TAG:0000:0004:}}{{TAG:0007:0000:08000000}}.{{TAG:0007:0000:08000000}}.{{TAG:0007:0000:08000000}}.{{TAG:0007:0000:08000000}}.{{TAG:0007:0000:08000000}}.{{TAG:0007:0000:08000000}}.{{TAG:0007:0000:08000000}}{{TAG:0003:0010:}}Kozmosları buldun!{{TAG:0000:0004:}}{{TAG:0003:0009:}}Hımm.{{TAG:0007:0000:10000000}}
Galiba beklediğin kart bu değildi, ha?"
34,035,"This{{TAG:0007:0000:08000000}}.{{TAG:0007:0000:08000000}}.{{TAG:0007:0000:08000000}}.{{TAG:0007:0000:08000000}}is the one you want, right?{{TAG:0007:0001:}}
{{TAG:0003:0025:}}Let's see what your last card is.{{TAG:0000:0004:}}{{TAG:0007:0000:08000000}}.{{TAG:0007:0000:08000000}}.{{TAG:0007:0000:08000000}}.{{TAG:0007:0000:08000000}}.{{TAG:0007:0000:08000000}}.{{TAG:0007:0000:08000000}}.{{TAG:0007:0000:08000000}}{{TAG:0003:0010:}}You got the dandelions!{{TAG:0000:0004:}}{{TAG:0003:0009:}}Hmmm.{{TAG:0007:0000:10000000}} Perhaps you weren't really
expecting this card, huh?","Así que eliges esta, ¿eh?{{TAG:0007:0001:}}
{{TAG:0003:0025:}}Veamos si has acertado{{TAG:0007:0000:08000000}}.{{TAG:0007:0000:08000000}}.{{TAG:0007:0000:08000000}}.{{TAG:0000:0004:}}{{TAG:0003:0010:}}¡Has encontrado el diente de león!{{TAG:0000:0004:}}{{TAG:0003:0024:}}Huy, me temo que la fortuna solo
te ha sonreído en la segunda ronda...","C'est bien la carte que t'as
choisie{{TAG:0007:0000:08000000}}.{{TAG:0007:0000:08000000}}.{{TAG:0007:0000:08000000}}.{{TAG:0007:0000:08000000}}?{{TAG:0007:0001:}} {{TAG:0003:0025:}}Voyons de quoi il s'agit.{{TAG:0000:0004:}}.{{TAG:0007:0000:08000000}}.{{TAG:0007:0000:08000000}}.{{TAG:0007:0000:08000000}}{{TAG:0003:0010:}} La carte « pissenlits » !{{TAG:0000:0004:}}{{TAG:0003:0009:}}Hmmm,{{TAG:0007:0000:10000000}} t'avais pourtant l'air sûr{{TAG:000E:0006:000002006500}}
de ton coup, pas vrai ?","Hai scelto questa{{TAG:0007:0000:08000000}}.{{TAG:0007:0000:08000000}}.{{TAG:0007:0000:08000000}}.{{TAG:0007:0000:08000000}} giusto?!{{TAG:0007:0001:}}
{{TAG:0003:0025:}}Vediamo cosa nasconde l'ultima
carta.
{{TAG:0007:0000:08000000}}.{{TAG:0007:0000:08000000}}.{{TAG:0007:0000:08000000}}. {{TAG:0007:0000:08000000}}.{{TAG:0007:0000:08000000}}.{{TAG:0007:0000:08000000}}.{{TAG:0007:0000:08000000}}{{TAG:0003:0010:}} Oh, il soffione!{{TAG:0000:0004:}}{{TAG:0003:0009:}}Mmmh,{{TAG:0007:0000:10000000}} immagino che avresti
preferito un'altra carta, vero?!","Diese hier soll es also sein, ja?{{TAG:0007:0001:}}
{{TAG:0003:0025:}}Da bin ich mal gespannt, was auf
der Rückseite abgebildet ist...{{TAG:0000:0004:}}.{{TAG:0007:0000:08000000}}.{{TAG:0007:0000:08000000}}.{{TAG:0007:0000:08000000}}{{TAG:0003:0010:}}Ein Löwenzahn! {{TAG:0000:0004:}}{{TAG:0003:0009:}}Mit dieser Karte hast du wohl nicht
gerechnet, oder?","Bu{{TAG:0007:0000:08000000}}.{{TAG:0007:0000:08000000}}.{{TAG:0007:0000:08000000}}.{{TAG:0007:0000:08000000}}istediğin, değil mi?{{TAG:0007:0001:}}
{{TAG:0003:0025:}}Son kartın neymiş
bakalım.{{TAG:0000:0004:}}{{TAG:0007:0000:08000000}}.{{TAG:0007:0000:08000000}}.{{TAG:0007:0000:08000000}}.{{TAG:0007:0000:08000000}}.{{TAG:0007:0000:08000000}}.{{TAG:0007:0000:08000000}}.{{TAG:0007:0000:08000000}}{{TAG:0003:0010:}}Karahindibaları
buldun!{{TAG:0000:0004:}}{{TAG:0003:0009:}}Hımm.{{TAG:0007:0000:10000000}} Herhâlde pek beklediğin
kart değildi, ha?"
35,036,"This{{TAG:0007:0000:08000000}}.{{TAG:0007:0000:08000000}}.{{TAG:0007:0000:08000000}}.{{TAG:0007:0000:08000000}}is the one you want, right?{{TAG:0007:0001:}}
{{TAG:0003:0025:}}Let's see what your last card is.{{TAG:0000:0004:}}{{TAG:0007:0000:08000000}}.{{TAG:0007:0000:08000000}}.{{TAG:0007:0000:08000000}}.{{TAG:0007:0000:08000000}}.{{TAG:0007:0000:08000000}}.{{TAG:0007:0000:08000000}}.{{TAG:0007:0000:08000000}}{{TAG:0003:0010:}}You got the roses!{{TAG:0000:0004:}}{{TAG:0003:0024:}}I'm glad you got the last one
correct! What a way to end!","Así que eliges esta, ¿eh?{{TAG:0007:0001:}}
{{TAG:0003:0025:}}Veamos si has acertado{{TAG:0007:0000:08000000}}.{{TAG:0007:0000:08000000}}.{{TAG:0007:0000:08000000}}.{{TAG:0000:0004:}}{{TAG:0003:0010:}}¡Por fin has encontrado la rosa!{{TAG:0000:0004:}}{{TAG:0003:0025:}}¡Vaya, me alegro de que las espinas 
no te hayan pinchado en esta última
ronda!","C'est bien la carte que t'as
choisie{{TAG:0007:0000:08000000}}.{{TAG:0007:0000:08000000}}.{{TAG:0007:0000:08000000}}.{{TAG:0007:0000:08000000}}?{{TAG:0007:0001:}} {{TAG:0003:0025:}}Voyons de quoi il s'agit.{{TAG:0000:0004:}}.{{TAG:0007:0000:08000000}}.{{TAG:0007:0000:08000000}}.{{TAG:0007:0000:08000000}}{{TAG:0003:0010:}} La carte « roses » !{{TAG:0000:0004:}}{{TAG:0003:0024:}}Ouf, l'honneur est sauf !","Hai scelto questa{{TAG:0007:0000:08000000}}.{{TAG:0007:0000:08000000}}.{{TAG:0007:0000:08000000}}.{{TAG:0007:0000:08000000}} giusto?!{{TAG:0007:0001:}}
{{TAG:0003:0025:}}Vediamo cosa nasconde l'ultima
carta.
{{TAG:0007:0000:08000000}}.{{TAG:0007:0000:08000000}}.{{TAG:0007:0000:08000000}}. {{TAG:0007:0000:08000000}}.{{TAG:0007:0000:08000000}}.{{TAG:0007:0000:08000000}}.{{TAG:0007:0000:08000000}}{{TAG:0003:0010:}} Oh, la rosa!{{TAG:0000:0004:}}{{TAG:0003:0024:}}Per lo meno, l'ultimo tentativo
è andato a segno. Mi fa piacere
per te!","Diese hier soll es also sein, ja?{{TAG:0007:0001:}}
{{TAG:0003:0025:}}Da bin ich mal gespannt, was auf
der Rückseite abgebildet ist...{{TAG:0000:0004:}}.{{TAG:0007:0000:08000000}}.{{TAG:0007:0000:08000000}}.{{TAG:0007:0000:08000000}}{{TAG:0003:0010:}}Eine Rose! {{TAG:0000:0004:}}{{TAG:0003:0025:}}Na also!{{TAG:0007:0000:10000000}} Das ist doch zumindest ein
versöhnlicher Abschluss!","Bu{{TAG:0007:0000:08000000}}.{{TAG:0007:0000:08000000}}.{{TAG:0007:0000:08000000}}.{{TAG:0007:0000:08000000}}istediğin, değil mi?{{TAG:0007:0001:}}
{{TAG:0003:0025:}}Son kartın neymiş bakalım.{{TAG:0000:0004:}}{{TAG:0007:0000:08000000}}.{{TAG:0007:0000:08000000}}.{{TAG:0007:0000:08000000}}.{{TAG:0007:0000:08000000}}.{{TAG:0007:0000:08000000}}.{{TAG:0007:0000:08000000}}.{{TAG:0007:0000:08000000}}{{TAG:0003:0010:}}Gülleri
buldun!{{TAG:0000:0004:}}{{TAG:0003:0024:}}Sonuncuyu doğru bulmana sevindim!
Ne güzel final!"
36,037,"This{{TAG:0007:0000:08000000}}.{{TAG:0007:0000:08000000}}.{{TAG:0007:0000:08000000}}.{{TAG:0007:0000:08000000}}is the one you want, right?{{TAG:0007:0001:}}
{{TAG:0003:0025:}}Let's see what your last card is.{{TAG:0000:0004:}}{{TAG:0007:0000:08000000}}.{{TAG:0007:0000:08000000}}.{{TAG:0007:0000:08000000}}.{{TAG:0007:0000:08000000}}.{{TAG:0007:0000:08000000}}.{{TAG:0007:0000:08000000}}.{{TAG:0007:0000:08000000}}{{TAG:0003:0010:}}You got the cosmos!{{TAG:0000:0004:}}{{TAG:0003:0024:}}Oh boy,{{TAG:0007:0000:08000000}} that's too bad.{{TAG:0007:0000:20000000}} You didn't
win a single round this game{{TAG:0007:0000:08000000}}.{{TAG:0007:0000:08000000}}.{{TAG:0007:0000:08000000}}.{{TAG:0007:0000:08000000}}","Así que eliges esta, ¿eh?{{TAG:0007:0001:}}
{{TAG:0003:0025:}}Veamos si has acertado{{TAG:0007:0000:08000000}}.{{TAG:0007:0000:08000000}}.{{TAG:0007:0000:08000000}}.{{TAG:0000:0004:}}{{TAG:0003:0010:}}¡Has encontrado el cosmos!{{TAG:0000:0004:}}{{TAG:0003:0024:}}Vaya, parece que el universo de las
flores no está de tu parte hoy...","C'est bien la carte que t'as
choisie{{TAG:0007:0000:08000000}}.{{TAG:0007:0000:08000000}}.{{TAG:0007:0000:08000000}}.{{TAG:0007:0000:08000000}}?{{TAG:0007:0001:}} {{TAG:0003:0025:}}Voyons de quoi il s'agit.{{TAG:0000:0004:}}.{{TAG:0007:0000:08000000}}.{{TAG:0007:0000:08000000}}.{{TAG:0007:0000:08000000}}{{TAG:0003:0010:}} La carte « cosmos » !{{TAG:0000:0004:}}{{TAG:0003:0024:}}Eh ben {{TAG:000E:0006:12006D006F006E0020007600690065007500780014006D006100200076006900650069006C006C006500}},{{TAG:0007:0000:08000000}} c'est vraiment
pas de chance.{{TAG:0007:0000:20000000}} T'as pas remporté
la moindre manche{{TAG:0007:0000:08000000}}.{{TAG:0007:0000:08000000}}.{{TAG:0007:0000:08000000}}.","Hai scelto questa{{TAG:0007:0000:08000000}}.{{TAG:0007:0000:08000000}}.{{TAG:0007:0000:08000000}}.{{TAG:0007:0000:08000000}} giusto?!{{TAG:0007:0001:}}
{{TAG:0003:0025:}}Vediamo cosa nasconde l'ultima
carta.
{{TAG:0007:0000:08000000}}.{{TAG:0007:0000:08000000}}.{{TAG:0007:0000:08000000}}. {{TAG:0007:0000:08000000}}.{{TAG:0007:0000:08000000}}.{{TAG:0007:0000:08000000}}.{{TAG:0007:0000:08000000}}{{TAG:0003:0010:}} Oh, la cosmea!{{TAG:0000:0004:}}{{TAG:0003:0024:}}Che disdetta.{{TAG:0007:0000:20000000}} Non ne hai
azzeccata nemmeno una{{TAG:0007:0000:08000000}}.{{TAG:0007:0000:08000000}}.{{TAG:0007:0000:08000000}}.{{TAG:0007:0000:08000000}}","Diese hier soll es also sein, ja?{{TAG:0007:0001:}}
{{TAG:0003:0025:}}Da bin ich mal gespannt, was auf
der Rückseite abgebildet ist...{{TAG:0000:0004:}}.{{TAG:0007:0000:08000000}}.{{TAG:0007:0000:08000000}}.{{TAG:0007:0000:08000000}}{{TAG:0003:0010:}}Ein Gänseblümchen! {{TAG:0000:0004:}}{{TAG:0003:0009:}}Tut mir echt leid, dass du keine
einzige Rose gezogen hast...","Bu{{TAG:0007:0000:08000000}}.{{TAG:0007:0000:08000000}}.{{TAG:0007:0000:08000000}}.{{TAG:0007:0000:08000000}}istediğin, değil mi?{{TAG:0007:0001:}}
{{TAG:0003:0025:}}Son kartın neymiş
bakalım.{{TAG:0000:0004:}}{{TAG:0007:0000:08000000}}.{{TAG:0007:0000:08000000}}.{{TAG:0007:0000:08000000}}.{{TAG:0007:0000:08000000}}.{{TAG:0007:0000:08000000}}.{{TAG:0007:0000:08000000}}.{{TAG:0007:0000:08000000}}{{TAG:0003:0010:}}Kozmosları buldun!{{TAG:0000:0004:}}{{TAG:0003:0024:}}Eyvah,{{TAG:0007:0000:08000000}}
yazık oldu.{{TAG:0007:0000:20000000}} Bu oyunda tek tur bile
kazanamadın{{TAG:0007:0000:08000000}}.{{TAG:0007:0000:08000000}}.{{TAG:0007:0000:08000000}}.{{TAG:0007:0000:08000000}}"
37,038,"This{{TAG:0007:0000:08000000}}.{{TAG:0007:0000:08000000}}.{{TAG:0007:0000:08000000}}.{{TAG:0007:0000:08000000}}is the one you want, right?{{TAG:0007:0001:}}
{{TAG:0003:0025:}}Let's see what your last card is.{{TAG:0000:0004:}}{{TAG:0007:0000:08000000}}.{{TAG:0007:0000:08000000}}.{{TAG:0007:0000:08000000}}.{{TAG:0007:0000:08000000}}.{{TAG:0007:0000:08000000}}.{{TAG:0007:0000:08000000}}.{{TAG:0007:0000:08000000}}{{TAG:0003:0010:}}You got the dandelions!{{TAG:0000:0004:}}{{TAG:0003:0024:}}Oh boy,{{TAG:0007:0000:08000000}} that's too bad.{{TAG:0007:0000:20000000}} You didn't
get the roses even once{{TAG:0007:0000:08000000}}.{{TAG:0007:0000:08000000}}.{{TAG:0007:0000:08000000}}.{{TAG:0007:0000:08000000}}","Así que eliges esta, ¿eh?{{TAG:0007:0001:}}
{{TAG:0003:0025:}}Veamos si has acertado{{TAG:0007:0000:08000000}}.{{TAG:0007:0000:08000000}}.{{TAG:0007:0000:08000000}}.{{TAG:0000:0004:}}{{TAG:0003:0010:}}¡Has encontrado el diente de león!{{TAG:0000:0004:}}{{TAG:0003:0024:}}Huy, me temo que hoy la fortuna
no te ha sonreído...","C'est bien la carte que t'as
choisie{{TAG:0007:0000:08000000}}.{{TAG:0007:0000:08000000}}.{{TAG:0007:0000:08000000}}.{{TAG:0007:0000:08000000}}?{{TAG:0007:0001:}} {{TAG:0003:0025:}}Voyons de quoi il s'agit.{{TAG:0000:0004:}}.{{TAG:0007:0000:08000000}}.{{TAG:0007:0000:08000000}}.{{TAG:0007:0000:08000000}}{{TAG:0003:0010:}} La carte « pissenlits » !{{TAG:0000:0004:}}{{TAG:0003:0024:}}Eh ben {{TAG:000E:0006:12006D006F006E0020007600690065007500780014006D006100200076006900650069006C006C006500}},{{TAG:0007:0000:08000000}} zéro pointé sur
ce coup-là. {{TAG:0007:0000:20000000}}On va dire que c'est la
faute à pas de chance{{TAG:0007:0000:08000000}}.{{TAG:0007:0000:08000000}}.{{TAG:0007:0000:08000000}}.","Hai scelto questa{{TAG:0007:0000:08000000}}.{{TAG:0007:0000:08000000}}.{{TAG:0007:0000:08000000}}.{{TAG:0007:0000:08000000}} giusto?!{{TAG:0007:0001:}}
{{TAG:0003:0025:}}Vediamo cosa nasconde l'ultima
carta.
{{TAG:0007:0000:08000000}}.{{TAG:0007:0000:08000000}}.{{TAG:0007:0000:08000000}}. {{TAG:0007:0000:08000000}}.{{TAG:0007:0000:08000000}}.{{TAG:0007:0000:08000000}}.{{TAG:0007:0000:08000000}}{{TAG:0003:0010:}} Oh, il soffione!{{TAG:0000:0004:}}{{TAG:0003:0024:}}Da non credere.{{TAG:0007:0000:20000000}} Non hai trovato
la rosa nemmeno una volta{{TAG:0007:0000:08000000}}.{{TAG:0007:0000:08000000}}.{{TAG:0007:0000:08000000}}.{{TAG:0007:0000:08000000}}","Diese hier soll es also sein, ja?{{TAG:0007:0001:}}
{{TAG:0003:0025:}}Da bin ich mal gespannt, was auf
der Rückseite abgebildet ist...{{TAG:0000:0004:}}.{{TAG:0007:0000:08000000}}.{{TAG:0007:0000:08000000}}.{{TAG:0007:0000:08000000}}{{TAG:0003:0010:}}Ein Löwenzahn! {{TAG:0000:0004:}}{{TAG:0003:0009:}}Tut mir echt leid, dass du keine
einzige Rose gezogen hast...","Bu{{TAG:0007:0000:08000000}}.{{TAG:0007:0000:08000000}}.{{TAG:0007:0000:08000000}}.{{TAG:0007:0000:08000000}}istediğin, değil mi?{{TAG:0007:0001:}}
{{TAG:0003:0025:}}Son kartın neymiş
bakalım.{{TAG:0000:0004:}}{{TAG:0007:0000:08000000}}.{{TAG:0007:0000:08000000}}.{{TAG:0007:0000:08000000}}.{{TAG:0007:0000:08000000}}.{{TAG:0007:0000:08000000}}.{{TAG:0007:0000:08000000}}.{{TAG:0007:0000:08000000}}{{TAG:0003:0010:}}Karahindibaları
buldun!{{TAG:0000:0004:}}{{TAG:0003:0024:}}Eyvah,{{TAG:0007:0000:08000000}} yazık oldu.{{TAG:0007:0000:20000000}} Gülü
bir kez bile
bulamadın{{TAG:0007:0000:08000000}}.{{TAG:0007:0000:08000000}}.{{TAG:0007:0000:08000000}}.{{TAG:0007:0000:08000000}}"
38,039,"{{TAG:0003:0025:}}Did you know?{{TAG:0007:0000:08000000}} {{TAG:0003:0004:}}Roses always
symbolize the notion of love{{TAG:0007:0000:08000000}}.{{TAG:0007:0000:08000000}}.{{TAG:0007:0000:08000000}}.{{TAG:0007:0000:08000000}}
{{TAG:0003:0026:}}Isn't that exciting?","Por si no lo sabías,{{TAG:0007:0000:08000000}} la rosa es
la flor que triunfa {{TAG:0003:0004:}}el Día de
los Enamorados{{TAG:0007:0000:08000000}}.{{TAG:0007:0000:08000000}}.{{TAG:0007:0000:08000000}}.{{TAG:0007:0000:08000000}}","{{TAG:0003:0006:}}Et en bonus, pour ton édification
personnelle,{{TAG:0007:0000:20000000}} {{TAG:0003:0004:}}la rose représente la
passion en langage des fleurs{{TAG:0007:0000:08000000}}.{{TAG:0007:0000:08000000}}.{{TAG:0007:0000:08000000}}.","{{TAG:0003:0006:}}Beh, forse lo sai,{{TAG:0007:0000:20000000}} ma per sicurezza
ti dico che, nel linguaggio dei fiori,
{{TAG:0003:0004:}}la rosa rossa simboleggia ""l'amore""{{TAG:0007:0000:08000000}}.{{TAG:0007:0000:08000000}}.{{TAG:0007:0000:08000000}}.{{TAG:0007:0000:08000000}}","{{TAG:0003:0006:}}Du weißt das bestimmt schon,
aber...{{TAG:0007:0000:10000000}} {{TAG:0003:0004:}}in der Blumensprache steht
die Rose für die Liebe!","{{TAG:0003:0025:}}Biliyor muydun?{{TAG:0007:0000:08000000}} {{TAG:0003:0004:}}Güller her zaman
aşk fikrini simgeler{{TAG:0007:0000:08000000}}.{{TAG:0007:0000:08000000}}.{{TAG:0007:0000:08000000}}.{{TAG:0007:0000:08000000}}
{{TAG:0003:0026:}}Heyecan verici değil mi?"
39,040,{{TAG:000A:0001:2C002D00}},{{TAG:000A:0001:2C002D00}},{{TAG:000A:0001:2C002D00}},{{TAG:000A:0001:2C002D00}},{{TAG:000A:0001:2C002D00}},{{TAG:000A:0001:2C002D00}}
40,041,"{{TAG:0003:0006:}}I have a feeling that{{TAG:0007:0000:08000000}}.{{TAG:0007:0000:08000000}}.{{TAG:0007:0000:08000000}}.{{TAG:0007:0000:08000000}}three roses
will be matched next time!{{TAG:0007:0000:20000000}} {{TAG:0003:0023:}}That's
just the feeling I get.","{{TAG:0003:0025:}}Tengo la sensación de que la
próxima vez darás con todas
las rosas.{{TAG:0007:0000:20000000}}
{{TAG:0003:0023:}}¡Tengo un sexto sentido
para estas cosas!","{{TAG:0003:0015:}}Je parie que tu nous feras un sans-
faute la prochaine fois{{TAG:0007:0000:08000000}}.{{TAG:0007:0000:08000000}}.{{TAG:0007:0000:08000000}}.{{TAG:0007:0000:20000000}} {{TAG:0003:0023:}}Je le sens
bien.","{{TAG:0003:0006:}}Ho la fortissima sensazione{{TAG:0007:0000:08000000}}.{{TAG:0007:0000:08000000}}.{{TAG:0007:0000:08000000}}.{{TAG:0007:0000:08000000}} che
la prossima volta troverai tre rose!{{TAG:0007:0000:20000000}}
{{TAG:0003:0023:}}Non so perché, ma me lo sento.","{{TAG:0003:0006:}}Beim nächsten Mal ziehst du ganz
bestimmt drei Rosen!{{TAG:0007:0000:20000000}} {{TAG:0003:0023:}}Das sagt mir
zumindest mein Gefühl.","{{TAG:0003:0006:}}İçime doğuyor ki{{TAG:0007:0000:08000000}}.{{TAG:0007:0000:08000000}}.{{TAG:0007:0000:08000000}}.{{TAG:0007:0000:08000000}}bir dahaki sefere
üç gülü de bulacaksın!{{TAG:0007:0000:20000000}} {{TAG:0003:0023:}}Nedense öyle hissediyorum."
41,042,"{{TAG:0003:0025:}}Don't be too sad about this time.{{TAG:0007:0000:10000000}}
Please play again!{{TAG:0007:0000:20000000}} I'll be here
waiting for you,{{TAG:0007:0000:08000000}} {{TAG:0005:0007:}}!","{{TAG:0003:0025:}}No estés triste y vuelve a intentarlo
en otra ocasión.{{TAG:0007:0000:20000000}} Te estaré
esperando,{{TAG:0007:0000:08000000}} {{TAG:0005:0007:}}.","{{TAG:0003:0025:}}Te fais pas de bile pour cette
partie.{{TAG:0007:0000:10000000}} Faut aller de l'avant !{{TAG:0000:0004:}}Si tu veux rejouer, je t'attends,{{TAG:0007:0000:08000000}}
{{TAG:0005:0007:}} !","{{TAG:0003:0025:}}Non te la prendere.{{TAG:0007:0000:10000000}} Possiamo fare
un'altra partita quando vuoi!
{{TAG:0007:0000:20000000}}Fammi un fischio,{{TAG:0007:0000:08000000}} {{TAG:0005:0007:}}!","{{TAG:0003:0025:}}Wenn du willst, können wir gerne
ein andermal wieder spielen,{{TAG:0007:0000:08000000}}
{{TAG:0005:0007:}}!","{{TAG:0003:0025:}}Bu sefer için fazla üzülme.{{TAG:0007:0000:10000000}}
Lütfen yine oyna!{{TAG:0007:0000:20000000}} Burada seni beklerim,
{{TAG:0007:0000:08000000}} {{TAG:0005:0007:}}!"
42,043,"{{TAG:0003:0009:}}Don't feel too bad.{{TAG:0007:0000:20000000}} Playing games
always carries some risk!","{{TAG:0003:0009:}}Espero que no estés deprimid{{TAG:000E:0006:02006F0002006100}}.{{TAG:0007:0000:20000000}} 
¡Era solo un juego! Unas veces
se gana y otras se pierde...","{{TAG:0003:0009:}}Ça va aller, t'en fais pas.{{TAG:0007:0000:20000000}}{{TAG:0003:002C:}} C'est en
perdant qu'on devient un gagnant !{{TAG:0007:0000:0F000000}}
{{TAG:0000:0003:0500}}(N'importe quoi, mais tant pis...){{TAG:0000:0003:FFFF}}","{{TAG:0003:0009:}}Non te la prendere.{{TAG:0007:0000:20000000}} Chi non risica
non rosica, giusto? Quando si gioca,
c'è sempre il rischio di perdere!","{{TAG:0003:0009:}}Mach dir nichts draus.{{TAG:0007:0000:20000000}} Zumindest
hast du es probiert!","{{TAG:0003:0009:}}Kendini fazla kötü hissetme.{{TAG:0007:0000:20000000}} Oyun oynamanın
her zaman biraz riski vardır!"
43,044,"{{TAG:0003:0025:}}Not bad! If only you'd picked all
3 roses, though!{{TAG:0007:0000:10000000}} Oh well. {{TAG:0003:0015:}}I'm sure
you'll get 'em next time!{{TAG:0007:0000:20000000}} {{TAG:0003:0026:}}Hah ha!","{{TAG:0003:0025:}}¡No está nada mal! Te ha faltado
poco para dar con las tres rosas.{{TAG:0000:0004:}}{{TAG:0003:0025:}}Un consejo para el Día de los
Enamorados:{{TAG:0007:0000:10000000}} a las chicas les gustan
las rosas.{{TAG:0007:0000:0A000000}}.{{TAG:0007:0000:0A000000}}.{{TAG:0007:0000:0A000000}} {{TAG:0003:0026:}}¡de tres en tres!{{TAG:0007:0000:0A000000}} ¡Je, je!","{{TAG:0003:0025:}}Pas mal, mais pour en savoir plus
sur le langage des fleurs, trouve la
carte « roses » trois fois !{{TAG:0007:0000:20000000}} {{TAG:0003:0026:}}Hé hé !","{{TAG:0003:0025:}}Quando troverai per tre volte
la rosa,{{TAG:0007:0000:10000000}} ti insegnerò tutto
sul linguaggio dei fiori!{{TAG:0007:0000:20000000}} {{TAG:0003:0026:}}Ah ah ah!","{{TAG:0003:0025:}}Wenn du irgendwann drei Rosen
ziehst, erzähle ich dir was über die
geheime Sprache der Blumen!{{TAG:0007:0000:20000000}} {{TAG:0003:0026:}}Haha!","{{TAG:0003:0025:}}Fena değil! Bir de 3 gülün üçünü
seçebilseydin!{{TAG:0007:0000:10000000}} Neyse. {{TAG:0003:0015:}}Bir dahaki sefere
bulacağına eminim!{{TAG:0007:0000:20000000}} {{TAG:0003:0026:}}Hah ha!"
44,045,"{{TAG:0003:0025:}}It was fun{{TAG:0007:0000:08000000}}.{{TAG:0007:0000:08000000}}.{{TAG:0007:0000:08000000}}.{{TAG:0007:0000:08000000}} Next time,{{TAG:0007:0000:20000000}} maybe you'll
be super lucky!{{TAG:0007:0000:20000000}} {{TAG:0003:0026:}}Hah ha!","{{TAG:0003:0025:}}Ha sido divertido, ¿no? Puede que
la próxima vez consigas un pleno.{{TAG:0007:0000:20000000}} 
{{TAG:0003:0026:}}¡Ánimo, ya verás!","{{TAG:0003:0025:}}On s'est bien amusés{{TAG:0007:0000:08000000}}.{{TAG:0007:0000:08000000}}.{{TAG:0007:0000:08000000}}.{{TAG:0007:0000:08000000}} La prochaine
fois, j'essaierai de corser un peu le
challenge, c'est trop facile pour toi !","{{TAG:0003:0025:}}Mi sono proprio divertito{{TAG:0007:0000:08000000}}.{{TAG:0007:0000:08000000}}.{{TAG:0007:0000:08000000}}.{{TAG:0000:0004:}}{{TAG:0007:0000:08000000}}La prossima volta,{{TAG:0007:0000:20000000}} mettiti
un bel po' di gel e vedrai che...
andrà benissimo!{{TAG:0007:0000:20000000}} {{TAG:0003:0026:}}Ah ah ah!","{{TAG:0003:0025:}}Das hat Spaß gemacht! {{TAG:0007:0000:20000000}}Vielleicht
hast du beim nächsten Mal noch
mehr Glück!{{TAG:0007:0000:20000000}} {{TAG:0003:0026:}}Haha!","{{TAG:0003:0025:}}Eğlenceliydi{{TAG:0007:0000:08000000}}.{{TAG:0007:0000:08000000}}.{{TAG:0007:0000:08000000}}.{{TAG:0007:0000:08000000}} Bir dahaki sefere,{{TAG:0007:0000:20000000}} belki
acayip şanslı olursun!{{TAG:0007:0000:20000000}} {{TAG:0003:0026:}}Hah ha!"
