index,id,en,fr,de,it,es,tr
0,0x00316F88,Elder's Blessing,Pouvoir de l'Ancien,Segen der Ältesten,Il favore degli antichi,Bendición del anciano,Kadimlerin Kutsaması
1,0x004FB19C,Find the second key.,Retrouver la deuxième clef,Finde den zweiten Schlüssel,Trova la seconda chiave,Encuentra la segunda llave,İkinci anahtarı bul.
2,0x0193C8D0,Mind the Gap,Faille qui vaille,"Vorsicht, Stufe!",Attenzione al salto,Cuidado con el hueco,Boşluğa Dikkat
3,0x021082EA,$VALUE of $COMPLETEDVALUE Golden Dragons.,Dragons d'or : $VALUE sur $COMPLETEDVALUE,$VALUE von $COMPLETEDVALUE Goldenen Drachenblumen besorgt,$VALUE di $COMPLETEDVALUE fiori di drago,$VALUE de $COMPLETEDVALUE flores,$VALUE/$COMPLETEDVALUE Altın Ejder çiçeği.
4,0x02F56455,#0xCDC673FF#Vault opened!#PREVIOUS#,#0xCDC673FF#Salle au trésor ouverte !#PREVIOUS#,#0xCDC673FF#Schatzkammer geöffnet!#PREVIOUS#,#0xCDC673FF#Cripta aperta!#PREVIOUS#,#0xCDC673FF#¡Cámara abierta!#PREVIOUS#,#0xCDC673FF#Kasa açıldı!#PREVIOUS#
5,0x034A7946,Defeat the Eldritch Bear,Éliminer l'Ours chimérique,Elbenbären besiegen,Sconfiggi l'orso mistico,Derrota al oso mágico,Tekinsiz Ayı'yı yen
6,0x04BDB1AC,#0xCDC673FF#Returned to Anxious Woman!#PREVIOUS#,#0xCDC673FF#De retour !#PREVIOUS#,#0xCDC673FF#Zur Frau zurückgekehrt!#PREVIOUS#,#0xCDC673FF#Hai fatto ritorno!#PREVIOUS#,#0xCDC673FF#¡Has vuelto con la mujer!#PREVIOUS#,#0xCDC673FF#Endişeli Kadın'a dönüldü!#PREVIOUS#
7,0x04C8AFC7,#0xCDC673FF#$VALUE of $COMPLETEDVALUE projects completed!#PREVIOUS#,#0xCDC673FF#Projets terminés : $VALUE sur $COMPLETEDVALUE !#PREVIOUS#,#0xCDC673FF#$VALUE von $COMPLETEDVALUE Projekten abgeschlossen!#PREVIOUS#,#0xCDC673FF#$VALUE di $COMPLETEDVALUE progetti completati!#PREVIOUS#,#0xCDC673FF#$VALUE de $COMPLETEDVALUE proyectos complet.#PREVIOUS#,#0xCDC673FF#$VALUE/$COMPLETEDVALUE proje tamamlandı!#PREVIOUS#
8,0x0642828E,Defeat Blackfin,Éliminer Lamenoir,Schwarzflosse besiegen,Sconfiggi Pinnanera,Derrota a Aleta Negra,Karayüzgeç’i yen
9,0x0653DDDC,Search the tomb for clues.,Fouiller le tombeau à la recherche d'indices,Suche in dem Grab nach Spuren,Esplora la tomba in cerca di indizi,Busca pistas en la tumba,İpucu bulmak için mezarı ara.
10,0x06BD291B,#0xCDC673FF#News delivered!#PREVIOUS#,#0xCDC673FF#Rapport effectué !#PREVIOUS#,#0xCDC673FF#Neuigkeiten überbracht!#PREVIOUS#,#0xCDC673FF#Notizie comunicate!#PREVIOUS#,#0xCDC673FF#¡Noticias transmitidas!#PREVIOUS#,#0xCDC673FF#Haber ulaştırıldı!#PREVIOUS#
11,0x07548048,#0xCDC673FF#Swamp found!#PREVIOUS#,#0xCDC673FF#Marécages trouvés !#PREVIOUS#,#0xCDC673FF#Sumpf gefunden!#PREVIOUS#,#0xCDC673FF#Palude trovata!#PREVIOUS#,#0xCDC673FF#¡Ciénaga encontrada!#PREVIOUS#,#0xCDC673FF#Bataklık bulundu!#PREVIOUS#
12,0x07658DF3,Defeat the Eldritch Bear to free King Keltas!,Éliminez l'Ours chimérique pour libérer le roi Keltas !,"Besiege den Elbenbären, um König Keltas zu befreien!",Sconfiggi l'orso mistico per liberare Re Keltas!,¡Derrota al oso mágico para liberar al rey Keltas!,Kral Keltas'ı kurtarmak için Tekinsiz Ayı'yı yen!
13,0x07FBB4B2,Capture the hunters in the Frozen North using Elemental Traps.,Capturez les chasseurs du Grand Nord à l'aide des pièges élémentaires.,Fange die Jäger im gefrorenen Norden mit Elementarfallen.,Cattura i cacciatori nel Nord gelato usando delle trappole elementali.,Captura a los cazadores en el Norte Helado con trampas elementales.,Donmuş Kuzey'deki avcıları Element Tuzaklarıyla yakala.
14,0x0821A00C,#0xCDC673FF#Survivor found!#PREVIOUS#,#0xCDC673FF#Naufragée trouvée !#PREVIOUS#,#0xCDC673FF#Überlebende gefunden!#PREVIOUS#,#0xCDC673FF#Superstite trovata!#PREVIOUS#,#0xCDC673FF#¡Pasajera encontrada!#PREVIOUS#,#0xCDC673FF#Kurtulan bulundu!#PREVIOUS#
15,0x084D951C,#0xCDC673FF#Tome found!#PREVIOUS#,#0xCDC673FF#Manuscrit trouvé !#PREVIOUS#,#0xCDC673FF#Foliant gefunden!#PREVIOUS#,#0xCDC673FF#Tomo trovato!#PREVIOUS#,#0xCDC673FF#¡Libro encontrado!#PREVIOUS#,#0xCDC673FF#Kitap bulundu!#PREVIOUS#
16,0x0854E4EA,Kill the skeleton bandit,Tuer le Brigand squelette,Skelett-Banditen töten,Uccidi lo scheletro bandito,Mata al esqueleto bandido,İskelet haydudu öldür
17,0x08C6EB94,Unlock the door,Déverrouiller la porte,Tor öffnen,Apri la porta,Abre la puerta,Kapının kilidini aç
18,0x08CF7957,Ruinscar of the Sea,Faille de la mer,Ruinennarbe des Meeres,Cicatrice del mare,Ruinabrecha del mar,Denizin Yıkım Yarası
19,0x09089C80,"Remove the wards surrounding the Bloodoak in the Tangled Growth, and then, destroy it.","Désactivez le champ de force protégeant le Chêne-de-sang du Dédale luxuriant, puis détruisez-le.",Entferne die Schutzzauber der Bluteiche im Wucherhain und zerstöre sie.,"Elimina le difese che circondano la quercia sanguinaria nella Selva intrecciata, quindi distruggila.",Elimina el sello encantado que protege al roble sangriento en el Vergel Exuberante y luego destrúyelo.,"Dolaşık Çalılık'taki Kan Meşesi'ni koruyan mühürleri kaldır, ardından ağacı yok et."
20,0x0930DDCD,Take a bunch of damage,Prendre une raclée,Ordentlich Schaden erleiden,Subisci dei danni,Deja que te dañen,Bolca hasar al
21,0x0A6BD4D6,Speak with Celdria,S'adresser à Celdria,Mit Celdria reden,Parla con Celdria,Habla con Celdria,Celdria ile konuş
22,0x0AF98BC6,#0xCDC673FF#James spoken to!#PREVIOUS#,#0xCDC673FF#Parlé à James !#PREVIOUS#,#0xCDC673FF#Mit James gesprochen!#PREVIOUS#,#0xCDC673FF#Hai parlato con James!#PREVIOUS#,#0xCDC673FF#¡Hablaste con James!#PREVIOUS#,#0xCDC673FF#James ile konuşuldu!#PREVIOUS#
23,0x0B157CFF,Secure the knight's treasure.,Mettre en sécurité le trésor du chevalier,Schatz des Königs sicherstellen,Prendi il tesoro del cavaliere,Consigue el tesoro del caballero,Şövalyenin hazinesini güvenceye al.
24,0x0B4902E7,#0xCDC673FF#Shelf examined#PREVIOUS#,#0xCDC673FF#Étagère examinée#PREVIOUS#,#0xCDC673FF#Regal durchsucht!#PREVIOUS#,#0xCDC673FF#Scaffale esaminato#PREVIOUS#,#0xCDC673FF#Estante examinado#PREVIOUS#,#0xCDC673FF#Raf incelendi#PREVIOUS#
25,0x0B70C811,Find somewhere safe in Nexus for the brain-in-a-jar.,Trouvez un endroit sûr à Nexus pour le cerveau dans le bocal.,Finde in Nexus einen sicheren Platz für das Gehirn im Glas.,Trova un luogo sicuro a Nexus per il cervello nel vaso.,Busca algún lugar seguro en Nexus para el cerebro en un frasco.,Kavanozdaki beyin için Nexus'ta güvenli bir yer bul.
26,0x0B7A9002,Defeat the spider queen at her lair in the Forsaken Grove to free Celdria.,Terrassez la Reine araignée dans son repaire au Bosquet oublié afin de libérer Celdria.,"Besiege die Spinnenkönigin in ihrem Nest im verlassenen Hain, um Celdria zu befreien.",Sconfiggi la regina ragno nella sua tana nel Boschetto dimenticato per liberare Celdria.,Derrota a la araña reina en su guarida de la Arboleda Maldita para liberar a Celdria.,Celdria'yı kurtarmak için Terk Edilmiş Koruluk'taki ininde Örümcek Kraliçe'yi yen.
27,0x0BECAC91,Activate the crystal,Activer le cristal,Kristall aktivieren,Attiva il cristallo,Activa el cristal,Kristali etkinleştir
28,0x0C3312C1,Meet up with Fironel at the Portal,Rejoindre Fironelle au portail,Triff dich mit Fironel am Portal,Incontra Fironel al portale,Reúnete con Fironel en el portal,Portal'da Fironel ile buluş
29,0x0C524B08,Recover the spellbooks that have been lost in the Heart of the Void. Return to %Name_Tomekeeper% in Nexus.,"Récupérez les grimoires oubliés dans l'Œil du Néant puis rapportez-les à %Name_Tomekeeper%, à Nexus.",Berge die verschollenen Zauberbücher im Herz des Nichts. Danach kehre zu Foliantenhüter Theodor in Nexus zurück.,Recupera i libri magici che sono stati persi nel Cuore del Vuoto e torna da %Name_Tomekeeper% a Nexus.,Recupera los grimorios que se han perdido en el Corazón del Vacío. Llévaselos a  %Name_Tomekeeper% en Nexus.,Boşluğun Kalbi'nde kaybolan büyü kitaplarını bul. Nexus'taki %Name_Tomekeeper%'a dön.
30,0x0CE2E175,The Tome of Ataraxis,Le grimoire d'Ataraxis,Der Foliant von Ataraxis,Il tomo di Ataraxis,El libro de Ataraxis,Ataraxis’in Kitabı
31,0x0CFFA333,Tomb Raider,Pilleur de tombes,Grabräuber,Saccheggiatori,Saqueador de tumbas,Mezar Yağmacısı
32,0x0D2068BB,Rescue Eckhardt.,Libérer Eckhardt,Eckhardt befreien,Salva Eckhardt.,Rescata a Eckhardt,Eckhardt'ı kurtar.
33,0x0DEFF0BE,Destroy the Runes of Command in the tombs within the Tangled Growth.,Détruisez les Runes de domination dans les tombeaux du Dédale luxuriant.,Zerstöre in den Gräbern des Wucherhains die Runen des Kommandos.,Distruggi le rune del comando nelle tombe nella Selva intrecciata.,Destruye las runas de mando en las tumbas del Vergel Exuberante.,Dolaşık Çalılık'taki mezarlarda bulunan Hükmetme Rünlerini yok et.
34,0x0E0A17BC,Collect Krakenspawn tentacles in the Undersprawl for the Brewmaster in Nexus.,Récupérez des tentacules de Krakenards dans les Profondeurs pour le cuisinier de Nexus.,Besorge dem Braumeister in Nexus in den Tiefenstollen einige Krakenbrut-Tentakel.,Raccogli tentacoli di Krakeniano per il mastro birraio di Nexus.,Obtén los tentáculos del krakeniano en el Bajomundo para el cocinero de Nexus.,Nexus'taki Bira Ustası için Derin Dehlizler'den Krakenli dokunaçları topla.
35,0x0E0B1BD3,Find the crystal hidden by Ataraxis,Trouver le cristal caché par Ataraxis,Von Ataraxis versteckten Kristall finden,Trova il cristallo nascosto da Ataraxis,Encuentra el cristal escondido por Ataraxis,Ataraxis'in sakladığı kristali bul
36,0x0E43825D,#0xCDC673FF#Bridge open!#PREVIOUS#,#0xCDC673FF#Pont ouvert !#PREVIOUS#,#0xCDC673FF#Brücke herbeigerufen!#PREVIOUS#,#0xCDC673FF#Ponte abbassato!#PREVIOUS#,#0xCDC673FF#¡Puente abierto!#PREVIOUS#,#0xCDC673FF#Köprü açıldı!#PREVIOUS#
37,0x0EE1D4F0,#0xCDC673FF#Yellow crystal found!#PREVIOUS#,#0xCDC673FF#Cristal jaune trouvé !#PREVIOUS#,#0xCDC673FF#Gelben Kristall gefunden!#PREVIOUS#,#0xCDC673FF#Cristallo giallo trovato!#PREVIOUS#,#0xCDC673FF#¡Cristal amarillo hallado!#PREVIOUS#,#0xCDC673FF#Sarı kristal bulundu!#PREVIOUS#
38,0x0F4350FD,#0xCDC673FF#Skull examined!#PREVIOUS#,#0xCDC673FF#Crâne examiné !#PREVIOUS#,#0xCDC673FF#Schädel untersucht!#PREVIOUS#,#0xCDC673FF#Teschio esaminato!#PREVIOUS#,#0xCDC673FF#¡Calavera examinada!#PREVIOUS#,#0xCDC673FF#Kafatası incelendi!#PREVIOUS#
39,0x0F8E59D6,#0xCDC673FF#Door opened!#PREVIOUS#,#0xCDC673FF#Porte ouverte !#PREVIOUS#,#0xCDC673FF#Tür geöffnet!#PREVIOUS#,#0xCDC673FF#Porta aperta!#PREVIOUS#,#0xCDC673FF#¡Puerta abierta!#PREVIOUS#,#0xCDC673FF#Kapı açıldı!#PREVIOUS#
40,0x0FD0842A,Solve the geyser puzzle,Résoudre l'énigme des geysers,Geysir-Rätsel lösen,Risolvi l'enigma del geyser,Resuelve el puzle del géiser,Gayzer bulmacasını çöz
41,0x0FD6337F,Royal Rescue,Sauvetage royal,Königliche Rettung,Salvataggio reale,Rescate real,Kraliyeti Kurtarmak
42,0x1023B371,Defeat the Archangel,Éliminer l'Archange,Erzengel besiegen,Sconfiggi l'Arcangelo,Derrota al arcángel,Başmeleği yen
43,0x1050ED0C,#0xCDC673FF#Door unlocked!#PREVIOUS#,#0xCDC673FF#Porte ouverte !#PREVIOUS#,#0xCDC673FF#Tor geöffnet!#PREVIOUS#,#0xCDC673FF#Porta aperta!#PREVIOUS#,#0xCDC673FF#¡Puerta abierta!#PREVIOUS#,#0xCDC673FF#Kapının kilidi açıldı!#PREVIOUS#
44,0x10542EEB,Defeat the Chieftain,Éliminer le Chef,Häuptling besiegen,Sconfiggi il capotribù,Derrota al jefe,Reisi yen
45,0x1055214C,Reward: $XPVALUE XP,Récompense : $XPVALUE EXP,Belohnung: $XPVALUE EP,Ricompensa: $XPVALUE PE,Recompensa: $XPVALUE PX,Ödül: $XPVALUE XP
46,0x10AD7E21,#0xCDC673FF#Medic found!#PREVIOUS#,#0xCDC673FF#Médecin trouvé !#PREVIOUS#,#0xCDC673FF#Medicus gefunden!#PREVIOUS#,#0xCDC673FF#Medico trovato!#PREVIOUS#,#0xCDC673FF#¡Médico encontrado!#PREVIOUS#,#0xCDC673FF#Sıhhiyeci bulundu!#PREVIOUS#
47,0x10B97831,#0xCDC673FF#$VALUE of $COMPLETEDVALUE Relics Obtained#PREVIOUS#,#0xCDC673FF#Reliques : $VALUE sur $COMPLETEDVALUE#PREVIOUS#,#0xCDC673FF#$VALUE von $COMPLETEDVALUE Relikten beschafft#PREVIOUS#,#0xCDC673FF#$VALUE di $COMPLETEDVALUE reliquie ottenute#PREVIOUS#,#0xCDC673FF#$VALUE de $COMPLETEDVALUE reliquias obtenidas#PREVIOUS#,#0xCDC673FF#$VALUE/$COMPLETEDVALUE kalıntı elde edildi#PREVIOUS#
48,0x110721CD,#0xCDC673FF#Map found!#PREVIOUS#,#0xCDC673FF#Carte trouvée !#PREVIOUS#,#0xCDC673FF#Karte gefunden!#PREVIOUS#,#0xCDC673FF#Mappa trovata#PREVIOUS#,#0xCDC673FF#¡Mapa encontrado!#PREVIOUS#,#0xCDC673FF#Harita bulundu!#PREVIOUS#
49,0x1112CFE6,Put the man out of his misery then return with your news to the %Name_DistraughtWife% in Nexus.,Abrégez les souffrances de cet homme puis informez son épouse affolée à Nexus.,Erlöse den Mann von seinem Leid und kehre mit deinen Neuigkeiten zur Verzweifelten Ehefrau nach Nexus zurück.,"Metti fine alle sofferenze dell'uomo, quindi porta la notizia alla %Name_DistraughtWife% a Nexus.",Acaba con el sufrimiento del hombre y llévale las noticias a la esposa preocupada en Nexus.,"Adamın acısına son ver, ardından haberi Nexus'taki %Name_DistraughtWife%'a götür."
50,0x11472D0C,Return with your news to the %Name_HappyWife% in Nexus.,Rapportez ces nouvelles à l'épouse heureuse dans la cité de Nexus.,Kehre mit deinen Neuigkeiten zur Glücklichen Ehefrau nach Nexus zurück.,Torna a riferire le notizie alla %Name_HappyWife% a Nexus.,Llévale las noticias a la esposa feliz en Nexus.,Haberi Nexus'taki %Name_HappyWife%'a götür.
51,0x11AE3D14,Destroy the Krakenspawn Lich,Éliminez la Liche krakenard,Krakenbrut-Lich vernichten,Sconfiggi il Lich dei Krakeniani,Destruye al liche krakeniano,Krakenli Lich'i yok et
52,0x11D77F05,Confront the Goblin Chieftain in the Rimefell!,Confrontez le Chef gobelin au Givremont !,Stelle dich dem Goblin-Häuptling in der Reifpassage!,Affronta il capotribù dei Goblin a Vilbrina!,¡Enfréntate al jefe goblin en Rimefell!,Kırağı Tepesi'nde Goblin Reisiyle yüzleş!
53,0x122A7B83,News of Love Lost,Un amour perdu,Neues von einer verlorenen Liebe,Il perduto amor,Noticias de un amor perdido,Yitirilen Aşkın Haberi
54,0x128B3A53,#0xCDC673FF#Gate Keeper defeated!#PREVIOUS#,#0xCDC673FF#Gardien vaincu !#PREVIOUS#,#0xCDC673FF#Torhüter besiegt!#PREVIOUS#,#0xCDC673FF#Custode sconfitto!#PREVIOUS#,#0xCDC673FF#¡Guardián derrotado!#PREVIOUS#,#0xCDC673FF#Kapı Bekçisi yenildi!#PREVIOUS#
55,0x13285E94,Find the missing survivor,Retrouver la naufragée disparue,Verschwundene Überlebende finden,Trova la superstite scomparsa,Encuentra a la superviviente desaparecida,Kayıp kurtulanı bul
56,0x13C5C3C2,#0xCDC673FF#Lair found!#PREVIOUS#,#0xCDC673FF#Repaire trouvé !#PREVIOUS#,#0xCDC673FF#Nest gefunden!#PREVIOUS#,#0xCDC673FF#Tana trovata!#PREVIOUS#,#0xCDC673FF#¡Guarida encontrada!#PREVIOUS#,#0xCDC673FF#İn bulundu!#PREVIOUS#
57,0x148D19A7,#0xCDC673FF#Keltas found!#PREVIOUS#,#0xCDC673FF#Keltas trouvé!#PREVIOUS#,#0xCDC673FF#Keltas gefunden!#PREVIOUS#,#0xCDC673FF#Keltas trovato!#PREVIOUS#,#0xCDC673FF#¡Keltas encontrado!#PREVIOUS#,#0xCDC673FF#Keltas bulundu!#PREVIOUS#
58,0x14BB4D40,Recover rifle,Récupérer le fusil,Gewehr bergen,Recupera il fucile,Recupera el fusil,Tüfeği geri al
59,0x14E75209,#0xCDC673FF#Demon slain!#PREVIOUS#,#0xCDC673FF#Démon éliminé !#PREVIOUS#,#0xCDC673FF#Dämon besiegt!#PREVIOUS#,#0xCDC673FF#Demone sconfitto!#PREVIOUS#,#0xCDC673FF#¡Demonio derrotado!#PREVIOUS#,#0xCDC673FF#İblis öldürüldü!#PREVIOUS#
60,0x15AD6F9A,Defeat the Gate Keeper,Éliminer le Gardien de la porte,Torhüter besiegen,Sconfiggi il custode,Derrota al guardián de la puerta,Kapı Bekçisini yen
61,0x1640DEFD,#0xCDC673FF#Arrived!#PREVIOUS#,#0xCDC673FF#À destination !#PREVIOUS#,#0xCDC673FF#Angekommen!#PREVIOUS#,#0xCDC673FF#Sei a destinazione!#PREVIOUS#,#0xCDC673FF#¡Has llegado!#PREVIOUS#,#0xCDC673FF#Varıldı!#PREVIOUS#
62,0x1697A272,Find Ingredients,Retrouver les ingrédients,Zutaten finden,Trova gli ingredienti,Encuentra los ingredientes,Malzemeleri bul
63,0x16A2D238,Defeat the wolf,Vaincre le Loup,Wolf besiegen,Sconfiggi il lupo,Derrota al lobo,Kurdu yen
64,0x16CDBAB0,#0xCDC673FF#Wolf slain!#PREVIOUS#,#0xCDC673FF#Loup éliminé !#PREVIOUS#,#0xCDC673FF#Wolf besiegt!#PREVIOUS#,#0xCDC673FF#Lupo ucciso!#PREVIOUS#,#0xCDC673FF#¡Lobo derrotado!#PREVIOUS#,#0xCDC673FF#Kurt öldürüldü!#PREVIOUS#
65,0x170B19BD,Find forest Ruinscar.,Trouver la Faille de Ruin de la forêt,Ruinennarbe des Waldes finden,Trova la Cicatrice della rovina della foresta,Encuentra la ruinabrecha del bosque,Ormandaki Yıkım Yarası'nı bul.
66,0x172FFA4A,$VALUE of $COMPLETEDVALUE turtle meat,Morceaux de Tortue : $VALUE sur $COMPLETEDVALUE,$VALUE von $COMPLETEDVALUE Schildkrötenfleisch besorgt,$VALUE di $COMPLETEDVALUE polpa di tartaruga,$VALUE de $COMPLETEDVALUE piezas de carne de tortuga,$VALUE/$COMPLETEDVALUE kaplumbağa eti
67,0x17B1FBF9,$VALUE of $COMPLETEDVALUE Relics Obtained,Reliques obtenues : $VALUE sur $COMPLETEDVALUE,$VALUE von $COMPLETEDVALUE Relikten beschafft,$VALUE di $COMPLETEDVALUE reliquie ottenute,$VALUE de $COMPLETEDVALUE reliquias obtenidas,$VALUE/$COMPLETEDVALUE kalıntı elde edildi
68,0x18EE4229,Heart of the Forest,Au cœur de la forêt,Herz des Waldes,Il cuore della foresta,Corazón del bosque,Ormanın Kalbi
69,0x1924CA88,Get conch horn,Récupérer l'embouchoir de la conque,Muschelhorn beschaffen,Prendi il corno di conchiglia,Consigue la caracola,Deniz kabuğu borusunu al
70,0x193C267D,#0xCDC673FF#Water!#PREVIOUS#,#0xCDC673FF#Eau !#PREVIOUS#,#0xCDC673FF#Wasser!#PREVIOUS#,#0xCDC673FF#Acqua!#PREVIOUS#,#0xCDC673FF#¡Agua!#PREVIOUS#,#0xCDC673FF#Su!#PREVIOUS#
71,0x193CEF28,Open the treasure chest.,Ouvrir le coffre au trésor,Öffne die Schatztruhe,Apri lo scrigno del tesoro,Abre el cofre del tesoro,Hazine sandığını aç.
72,0x19423345,#0xCDC673FF#Crystal infused!#PREVIOUS#,#0xCDC673FF#Cristal chargé !#PREVIOUS#,#0xCDC673FF#Kristall aufgeladen!#PREVIOUS#,#0xCDC673FF#Cristallo infuso!#PREVIOUS#,#0xCDC673FF#¡Cristal imbuido!#PREVIOUS#,#0xCDC673FF#Kristal güçlendirildi!#PREVIOUS#
73,0x195A1556,#0xCDC673FF#$VALUE of $COMPLETEDVALUE crab legs#PREVIOUS#,#0xCDC673FF#Pattes : $VALUE sur $COMPLETEDVALUE#PREVIOUS#,#0xCDC673FF#$VALUE von $COMPLETEDVALUE Beinen besorgt#PREVIOUS#,#0xCDC673FF#$VALUE di $COMPLETEDVALUE chele di granchio#PREVIOUS#,#0xCDC673FF#$VALUE de $COMPLETEDVALUE patas#PREVIOUS#,#0xCDC673FF#$VALUE/$COMPLETEDVALUE yengeç bacağı#PREVIOUS#
74,0x19AB4348,Find a way out,Trouver une sortie,Ausweg finden,Trova una via d'uscita,Encuentra una salida,Bir çıkış yolu bul
75,0x19CBF303,#0xCDC673FF#Data delivered!#PREVIOUS#,#0xCDC673FF#Résultats apportés !#PREVIOUS#,#0xCDC673FF#Daten überbracht!#PREVIOUS#,#0xCDC673FF#Dati consegnati!#PREVIOUS#,#0xCDC673FF#¡Datos entregados!#PREVIOUS#,#0xCDC673FF#Veriler teslim edildi!#PREVIOUS#
76,0x1A0167F1,#0xCDC673FF#Heirloom secured!#PREVIOUS#,#0xCDC673FF#Héritage en sécurité !#PREVIOUS#,#0xCDC673FF#Erbstück gesichert!#PREVIOUS#,#0xCDC673FF#Cimelio recuperato!#PREVIOUS#,#0xCDC673FF#¡Anillo obtenido!#PREVIOUS#,#0xCDC673FF#Aile mirası güvenceye alındı!#PREVIOUS#
77,0x1A05FA57,In Defense of Nexus,Pour Nexus,Verteidigung von Nexus,In difesa di Nexus,En defensa de Nexus,Nexus'u Savunmak
78,0x1A27F45D,A Last Goodbye,Derniers adieux,Ein letzter Abschied,L'ultimo addio,Un último adiós,Son Bir Veda
79,0x1A488852,#0xCDC673FF#Arrived!#PREVIOUS#,#0xCDC673FF#À destination !#PREVIOUS#,#0xCDC673FF#Angekommen!#PREVIOUS#,#0xCDC673FF#Sei a destinazione!#PREVIOUS#,#0xCDC673FF#¡Has llegado!#PREVIOUS#,#0xCDC673FF#Varıldı!#PREVIOUS#
80,0x1A801897,#0xCDC673FF#Wards disabled!#PREVIOUS#,#0xCDC673FF#Champs de force désactivés !#PREVIOUS#,#0xCDC673FF#Vorrichtungen deaktiviert!#PREVIOUS#,#0xCDC673FF#Difese disattivate!#PREVIOUS#,#0xCDC673FF#¡Sellos desactivados!#PREVIOUS#,#0xCDC673FF#Mühürler etkisizleştirildi!#PREVIOUS#
81,0x1A92EE89,Of course.,Bien sûr.,Natürlich.,Ma certo.,Por supuesto.,Elbette.
82,0x1B0635B5,Return the ore,Rapporter le minerai,Erz zurückbringen,Consegna il minerale,Devuelve el mineral,Cevheri geri götür
83,0x1B5162B5,Ataraxis' Workshop,Laboratoire d'Ataraxis,Ataraxis' Werkstatt,Laboratorio di Ataraxis,Taller de Ataraxis,Ataraxis'in Atölyesi
84,0x1C18EC95,A Family Matter,Affaire de famille,Eine Familienangelegenheit,Una questione di famiglia,Un asunto de familia,Aile Meselesi
85,0x1C1FD839,Follow the Elders' instructions to forge a mighty weapon.,Suivez les instructions de l'Ancien pour forger une arme surpuissante.,"Befolge die Anweisungen des Ältesten, um eine mächtige Waffe zu schmieden.",Segui le istruzioni degli antichi per forgiare un'arma possente.,Sigue las instrucciones de los ancianos para forjar un arma poderosa.,Güçlü bir silah dövmek için Kadimlerin talimatlarını izle.
86,0x1C20E53C,#0xCDC673FF#James is alive!#PREVIOUS#,#0xCDC673FF#James est vivant !#PREVIOUS#,#0xCDC673FF#James lebt!#PREVIOUS#,#0xCDC673FF#James è vivo!#PREVIOUS#,#0xCDC673FF#¡James vive!#PREVIOUS#,#0xCDC673FF#James yaşıyor!#PREVIOUS#
87,0x1C36210F,$VALUE of $COMPLETEDVALUE scientists helped.,Scientifiques aidés : $VALUE sur $COMPLETEDVALUE,$VALUE von $COMPLETEDVALUE Wissenschaftlern geholfen,$VALUE di $COMPLETEDVALUE scienziati aiutati,$VALUE de $COMPLETEDVALUE científicos ayudados,$VALUE/$COMPLETEDVALUE bilim insanına yardım edildi.
88,0x1C780E73,Deliver the news,Apporter les nouvelles,Nachrichten überbringen,Porta la notizia,Lleva las noticias,Haberi ulaştır
89,0x1CBFA761,#0xCDC673FF#Arrived!#PREVIOUS#,#0xCDC673FF#À destination !#PREVIOUS#,#0xCDC673FF#Angekommen!#PREVIOUS#,#0xCDC673FF#Sei a destinazione!#PREVIOUS#,#0xCDC673FF#¡Has llegado!#PREVIOUS#,#0xCDC673FF#Varıldı!#PREVIOUS#
90,0x1D9C457D,Summon the Hippode,Faire apparaître l'Hippode,Ruf den Hippoden,Richiama l'ippodonte,Invoca al hippode,Hippode'u çağır
91,0x1DFD2228,#0xCDC673FF#1st key found!#PREVIOUS#,#0xCDC673FF#1ère clef trouvée !#PREVIOUS#,#0xCDC673FF#1. Schlüssel gefunden!#PREVIOUS#,#0xCDC673FF#Prima chiave trovata!#PREVIOUS#,#0xCDC673FF#¡Primera llave!#PREVIOUS#,#0xCDC673FF#1. anahtar bulundu!#PREVIOUS#
92,0x1EB67EE8,#0xCDC673FF#Adrian found!#PREVIOUS#,#0xCDC673FF#Adrian trouvé !#PREVIOUS#,#0xCDC673FF#Adrian gefunden!#PREVIOUS#,#0xCDC673FF#Hai trovato Adrian!#PREVIOUS#,#0xCDC673FF#¡Adrian encontrado!#PREVIOUS#,#0xCDC673FF#Adrian bulundu!#PREVIOUS#
93,0x1EDEED71,Finish Him!,Finissons-en !,Töte ihn!,Finiscilo!,¡Acaba con él!,İşini Bitir!
94,0x1EF7B6FD,Amber Alert,Cœurs de pierre,Bernsteinalarm,Caccia all'ambra,Alerta ámbar,Kehribar Alarmı
95,0x1F5A16A1,Find red crystal,Trouver le cristal rouge,Roten Kristall finden,Trova il cristallo rosso,Busca el cristal rojo,Kırmızı kristali bul
96,0x1F629A86,$VALUE of $COMPLETEDVALUE weapons destroyed,Armes détruites : $VALUE sur $COMPLETEDVALUE,$VALUE von $COMPLETEDVALUE Waffen zerstört,$VALUE di $COMPLETEDVALUE armi distrutte,$VALUE de $COMPLETEDVALUE armas destruidas,$VALUE/$COMPLETEDVALUE silah yok edildi
97,0x207D25CB,Shark Attack,Attaque de requin,Haiangriff,Attacco dello squalo,Ataque de tiburón,Köpekbalığı Saldırısı
98,0x2086D85A,Meet up with Nolan near Taskmaster Rowe in Nexus.,"Rejoindre Nolan à Nexus près de Rowe, le maître des quêtes.",Triff dich mit Nolan bei Aufgabenmeister Rowe in Nexus,"Incontrati con Nolan dal sovrintendente Rowe, a Nexus",Reúnete con Nolan cerca del capataz Rowe en Nexus.,Nexus'ta Görev Ustası Rowe'un yakınındaki Nolan ile buluş.
99,0x211849A7,#0xCDC673FF#Treant destroyed!#PREVIOUS#,#0xCDC673FF#Tréant détruit !#PREVIOUS#,#0xCDC673FF#Treant zerstört!#PREVIOUS#,#0xCDC673FF#Treant distrutto!#PREVIOUS#,#0xCDC673FF#¡Trent destruido!#PREVIOUS#,#0xCDC673FF#Treant yok edildi!#PREVIOUS#
100,0x21E8F494,"In the Heart of the Void, help Mia Moursey defeat the demon she summoned.",Aidez Mia Moursey à éliminer le Démon qu'elle a invoqué dans l'Œil du Néant.,"Hilf Mia Moursey im Herz des Nichts, den Dämonen zu besiegen, den sie gerufen hat.",Aiuta Mia Moursey a sconfiggere il demone che ha evocato nel Cuore del Vuoto.,"En el Corazón del Vacío, ayuda a Mia Moursey a derrotar al demonio que ha invocado.",Boşluğun Kalbi'nde Mia Moursey'ye çağırdığı iblisi yenmesinde yardım et.
101,0x22336F73,A path thought blocked may yet prove open.,Un chemin apparemment bloqué pourrait finalement être ouvert.,Ein vermeintlich blockierter Weg könnte nun frei sein.,"Una via potrebbe essere aperta, anche se non lo sembra.",Un camino que creías bloqueado puede que esté abierto.,Kapalı sanılan bir yol hâlâ açılabilir.
102,0x22495488,Search for evidence of Eckhardt in the Spawning Pools.,Retrouvez des indices de la présence d'Eckhardt dans les Frayères.,Such in den Brutbecken eine Spur von Eckhardt.,Cerca delle tracce di Eckhardt nelle Pozze della procreazione.,Busca pistas de Eckhardt en los Estanques de Reproducción.,Üreme Havuzları'nda Eckhardt'a dair iz ara.
103,0x225C4A86,#0xCDC673FF#Crystal activated!#PREVIOUS#,#0xCDC673FF#Cristal activé !#PREVIOUS#,#0xCDC673FF#Kristall aktiviert!#PREVIOUS#,#0xCDC673FF#Cristallo attivato!#PREVIOUS#,#0xCDC673FF#¡Cristal activado!#PREVIOUS#,#0xCDC673FF#Kristal etkinleştirildi!#PREVIOUS#
104,0x22EB3C1B,#0xCDC673FF#Lab found!#PREVIOUS#,#0xCDC673FF#Laboratoire trouvé !#PREVIOUS#,#0xCDC673FF#Labor gefunden!#PREVIOUS#,#0xCDC673FF#Laboratorio trovato!#PREVIOUS#,#0xCDC673FF#¡Laboratorio encontrado!#PREVIOUS#,#0xCDC673FF#Laboratuvar bulundu!#PREVIOUS#
105,0x22EE5328,$VALUE of $COMPLETEDVALUE flesh scraps,Morceaux de viande : $VALUE sur $COMPLETEDVALUE,$VALUE von $COMPLETEDVALUE Fleischklumpen besorgt,$VALUE di $COMPLETEDVALUE pezzi di carne,$VALUE de $COMPLETEDVALUE restos de carne,$VALUE/$COMPLETEDVALUE et parçası
106,0x2326F98E,#0xCDC673FF#Potions found!#PREVIOUS#,#0xCDC673FF#Potions trouvées !#PREVIOUS#,#0xCDC673FF#Tränke gefunden!#PREVIOUS#,#0xCDC673FF#Pozioni trovate!#PREVIOUS#,#0xCDC673FF#¡Pociones encontradas!#PREVIOUS#,#0xCDC673FF#İksirler bulundu!#PREVIOUS#
107,0x2388C05D,$VALUE of $COMPLETEDVALUE rage cores,Gemmes de rage : $VALUE sur $COMPLETEDVALUE,$VALUE von $COMPLETEDVALUE wütenden Kernen besorgt,$VALUE di $COMPLETEDVALUE nuclei d'ira,$VALUE de $COMPLETEDVALUE núcleos de furia.,$VALUE/$COMPLETEDVALUE öfke çekirdeği
108,0x23AC26D6,#0xCDC673FF#New lead found!#PREVIOUS#,#0xCDC673FF#Piste trouvée !#PREVIOUS#,#0xCDC673FF#Neue Spur gefunden!#PREVIOUS#,#0xCDC673FF#Nuovo indizio trovato!#PREVIOUS#,#0xCDC673FF#¡Nueva pista!#PREVIOUS#,#0xCDC673FF#Yeni ipucu bulundu!#PREVIOUS#
109,0x23FA2A1C,$VALUE of $COMPLETEDVALUE gargoyles,Gargouilles : $VALUE sur $COMPLETEDVALUE,$VALUE von $COMPLETEDVALUE Gargylen besiegt,$VALUE di $COMPLETEDVALUE gargoyle,$VALUE de $COMPLETEDVALUE gárgolas,$VALUE/$COMPLETEDVALUE gargoyle
110,0x24357473,#0xCDC673FF#Ruins found!#PREVIOUS#,#0xCDC673FF#Ruines trouvées !#PREVIOUS#,#0xCDC673FF#Ruinen gefunden!#PREVIOUS#,#0xCDC673FF#Rovine trovate!#PREVIOUS#,#0xCDC673FF#¡Ruinas encontradas!#PREVIOUS#,#0xCDC673FF#Harabeler bulundu!#PREVIOUS#
111,0x245E4406,Find the key to open the locked treasure chest in the Reef of Ruin.,Retrouvez la clef du coffre au trésor verrouillé du Récif de Ruin.,Finde den Schlüssel für die verschlossene Schatztruhe am Riff des Ruins.,Trova la chiave per aprire lo scrigno chiuso che si trova alla Scogliera della rovina.,Busca la llave para abrir el cofre del tesoro cerrado en el Arrecife de Ruina.,Yıkım Resifi'ndeki kilitli hazine sandığını açacak anahtarı bul.
112,0x246CD1DD,Key of Space,Clef de l'espace,Schlüssel des Raums,Chiave dello spazio,Llave del espacio,Uzay Anahtarı
113,0x24E145F2,Find the Elder,Retrouver l'Ancien,Ältesten finden,Trova l'Antico,Busca al anciano,Kadimi bul
114,0x251DCD96,Vision Impaired,Vision troublée,Schlechte Sicht,Visione impedita,Visión impedida,Görüş Bozukluğu
115,0x25719E35,Find the missing man in Shadow's Depths.,Retrouvez l'homme disparu dans les Abîmes de l'ombre.,Finde den verschwundenen Ehemann in den Schattentiefen.,Trova l'uomo disperso negli Abissi dell'ombra.,Encuentra al hombre perdido en las Profundidades Sombrías.,Gölge Derinlikleri'ndeki kayıp adamı bul.
116,0x26025288,"Gather the ingedients in the Spawning Pools, bait the Hippode at its lair and defeat it, and then report to the Tibur Brewmaster in Nexus!","Rassemblez les ingrédients dans les Frayères, faites sortir l'Hippode de son repaire, puis éliminez-le ! Adressez-vous ensuite au maître des ragoûts à Nexus.","Besorge in ""Die Brutbecken"" die Zutaten und locke den Hippoden dann aus seinem Versteck und töte ihn. Danach erstatte dem Braumeister in Nexus Bericht.","Raccogli gli ingredienti nelle Pozze della procreazione, quindi lancia un'esca all'ippodonte vicino alla sua tana e sconfiggilo! Una volta finito, torna dal Mastro birraio a Nexus!","¡Consigue los ingredientes en los Estanques de Reproducción, saca al hippode de su guarida y derrótalo! Después informa al cocinero en Nexus.","Üreme Havuzları'nda malzemeleri topla, Hippode'u ininde yemle ve yen; ardından Nexus'taki Tibur Bira Ustası'na rapor ver!"
117,0x263C13E6,#0xCDC673FF#News delivered!#PREVIOUS#,#0xCDC673FF#Rapport effectué !#PREVIOUS#,#0xCDC673FF#Neuigkeiten überbracht!#PREVIOUS#,#0xCDC673FF#Notizie comunicate!#PREVIOUS#,#0xCDC673FF#¡Noticias transmitidas!#PREVIOUS#,#0xCDC673FF#Haber ulaştırıldı!#PREVIOUS#
118,0x267A6BDD,#0xCDC673FF#Chieftain found!#PREVIOUS#,#0xCDC673FF#Chef trouvé !#PREVIOUS#,#0xCDC673FF#Häuptling gefunden!#PREVIOUS#,#0xCDC673FF#Capotribù trovato!#PREVIOUS#,#0xCDC673FF#¡Jefe encontrado!#PREVIOUS#,#0xCDC673FF#Reis bulundu!#PREVIOUS#
119,0x2695F5BC,#0xCDC673FF#Crystal infused!#PREVIOUS#,#0xCDC673FF#Cristal chargé !#PREVIOUS#,#0xCDC673FF#Kristall aufgeladen!#PREVIOUS#,#0xCDC673FF#Cristallo infuso!#PREVIOUS#,#0xCDC673FF#¡Cristal imbuido!#PREVIOUS#,#0xCDC673FF#Kristal güçlendirildi!#PREVIOUS#
120,0x27386B25,Follow Eckhardt's instructions to summon the Leviathan in the Deep.,Suivez les instructions d'Eckhardt pour invoquer le Léviathan dans les Bas-fonds.,"Befolge Eckhardts Anweisungen, um den Leviathan in der Tiefe zu beschwören.",Segui le istruzioni di Eckhardt per richiamare il leviatano nell'Abisso.,Sigue las instrucciones de Eckhardt para invocar al leviatán de las Profundidades.,Derinlik'te Leviathan'ı çağırmak için Eckhardt'ın talimatlarını izle.
121,0x2774D0D1,#0xCDC673FF#3rd key found!#PREVIOUS#,#0xCDC673FF#3ème clef trouvée !#PREVIOUS#,#0xCDC673FF#3. Schlüssel gefunden!#PREVIOUS#,#0xCDC673FF#Terza chiave trovata!#PREVIOUS#,#0xCDC673FF#¡Tercera llave!#PREVIOUS#,#0xCDC673FF#3. anahtar bulundu!#PREVIOUS#
122,0x27A9EAD3,Defeat the Goblin Colossus at the Ruinscar of the Frozen North.,Éliminez le Colosse gobelin à la Faille de Ruin du Grand Nord,Besiege den Goblin-Koloss an der Ruinennarbe des gefrorenen Nordens.,Sconfiggi il Goblin colosso presso la Cicatrice della rovina nel Nord Gelato.,Derrota al goblin coloso de la Ruinabrecha del Norte Helado.,Donmuş Kuzey'deki Yıkım Yarası'nda Goblin Devi'ni yen.
123,0x27C48B21,The Missing Mage,Le Mage disparu,Der verschwundene Magier,Il mago scomparso,El mago desaparecido,Kayıp Büyücü
124,0x28B12642,#0xCDC673FF#$VALUE of $COMPLETEDVALUE turtle meat#PREVIOUS#,#0xCDC673FF#Morceaux : $VALUE sur $COMPLETEDVALUE#PREVIOUS#,#0xCDC673FF#$VALUE von $COMPLETEDVALUE Fleisch besorgt#PREVIOUS#,#0xCDC673FF#$VALUE di $COMPLETEDVALUE polpa di tartaruga#PREVIOUS#,#0xCDC673FF#$VALUE de $COMPLETEDVALUE piezas#PREVIOUS#,#0xCDC673FF#$VALUE/$COMPLETEDVALUE kaplumbağa eti#PREVIOUS#
125,0x28DE797E,Find Medals,Retrouver les médailles,Medaillen finden,Trova le medaglie,Encuentra las medallas,Madalyaları bul
126,0x2930D5EF,Maximum Security,Sécurité maximale,Maximale Sicherheit,Massima sicurezza,Seguridad máxima,Azami Güvenlik
127,0x297D1FBA,#0xCDC673FF#Gland found!#PREVIOUS#,#0xCDC673FF#Glande trouvée !#PREVIOUS#,#0xCDC673FF#Drüse gefunden!#PREVIOUS#,#0xCDC673FF#Ghiandola trovata!#PREVIOUS#,#0xCDC673FF#¡Glándula encontrada!#PREVIOUS#,#0xCDC673FF#Bez bulundu!#PREVIOUS#
128,0x29FBB044,Chieftain Chase,Chasse au chef,Häuptlingsjagd,Caccia al capotribù,Persecución del jefe,Reisin Peşinde
129,0x2A236F2C,Examine bedside chest,Examiner le coffre,Truhe durchsuchen,Esamina lo scrigno accanto al letto,Examina el cofre junto a la cama,Yatak başındaki sandığı incele
130,0x2BAEA994,#0xCDC673FF#$VALUE of $COMPLETEDVALUE gargoyles#PREVIOUS#,#0xCDC673FF#Gargouilles : $VALUE sur $COMPLETEDVALUE#PREVIOUS#,#0xCDC673FF#$VALUE von $COMPLETEDVALUE Gargylen besiegt#PREVIOUS#,#0xCDC673FF#$VALUE di $COMPLETEDVALUE gargoyle#PREVIOUS#,#0xCDC673FF#$VALUE de $COMPLETEDVALUE gárgolas#PREVIOUS#,#0xCDC673FF#$VALUE/$COMPLETEDVALUE gargoyle#PREVIOUS#
131,0x2BC05DD6,#0xCDC673FF#Temple cleansed!#PREVIOUS#,#0xCDC673FF#Temple purifié !#PREVIOUS#,#0xCDC673FF#Tempel gereinigt!#PREVIOUS#,#0xCDC673FF#Tempio ripulito!#PREVIOUS#,#0xCDC673FF#¡Templo purificado!#PREVIOUS#,#0xCDC673FF#Tapınak arındırıldı!#PREVIOUS#
132,0x2BD1B98E,Use the catalysts to reopen the portal to Nexus.,Utilisez les catalyseurs pour rouvrir le portail vers Nexus.,"Benutze die Katalysatoren, um das Portal nach Nexus wieder zu öffnen.",Usa i catalizzatori per riaprire il portale verso Nexus.,Usa los catalizadores para reabrir el portal a Nexus.,Nexus portalını yeniden açmak için katalizörleri kullan.
133,0x2C0053CC,#0xCDC673FF#Gland placed!#PREVIOUS#,#0xCDC673FF#Glande déposée !#PREVIOUS#,#0xCDC673FF#Drüse platziert!#PREVIOUS#,#0xCDC673FF#Ghiandola posizionata!#PREVIOUS#,#0xCDC673FF#¡Glándula colocada!#PREVIOUS#,#0xCDC673FF#Bez yerleştirildi!#PREVIOUS#
134,0x2C0FBE94,Drift Splint,Attelles de bois flotté,Treibholz,Assi alla deriva,Madera a la deriva,Sürüklenmiş Odun Ateli
135,0x2CDE6C1E,Search for clues in the Forsaken Grove to find out what happened to the missing council members.,Recherchez dans le Bosquet oublié des indices sur ce qui est arrivé aux membres du Conseil disparus.,"Suche im verlassenen Hain Hinweise, was mit den verschwundenen Ratsmitgliedern geschehen ist.",Cerca degli indizi nel Boschetto dimenticato per scoprire cos'è successo ai membri del consiglio scomparsi.,Busca pistas en la Arboleda Maldita y averigua lo que les ocurrió a los miembros del consejo desaparecidos.,Kayıp konsey üyelerine ne olduğunu öğrenmek için Terk Edilmiş Koruluk'ta ipucu ara.
136,0x2D1FB5DA,Make your choice!,Faire votre choix,Entscheide dich!,Fai la tua scelta!,¡Toma una decisión!,Seçimini yap!
137,0x2DBC0974,Lost in the Ebb of Time,Les limbes du temps,Verloren in der Ebbe der Zeit,Nelle pieghe del tempo,En el flujo del tiempo,Zamanın Çekilişinde Kayıp
138,0x2F5C7000,Deliver the captured wolf to the Eccentric Merchant.,Ramener le Loup capturé au marchand excentrique,Gefangenen Wolf exzentrischem Händler bringen,Consegna il lupo catturato al mercante eccentrico,Lleva el lobo capturado al mercader excéntrico,Yakalanan kurdu Eksantrik Tüccar'a götür.
139,0x2F8C7AF4,Return to the shaman,Revenir auprès du shaman,Zum Schamanen zurückkehren,Torna dallo sciamano,Vuelve con el chamán,Şamana dön
140,0x2FBB5F00,#0xCDC673FF#Ruinscar found!#PREVIOUS#,#0xCDC673FF#Emplacement trouvé !#PREVIOUS#,#0xCDC673FF#Ruinennarbe gefunden!#PREVIOUS#,#0xCDC673FF#Cicatrice trovata!#PREVIOUS#,#0xCDC673FF#¡Ruinabrecha hallada!#PREVIOUS#,#0xCDC673FF#Yıkım Yarası bulundu!#PREVIOUS#
141,0x303397C5,Examine skull,Examiner le crâne,Schädel untersuchen,Esamina il teschio,Examina la calavera,Kafatasını incele
142,0x308E5EAD,Meet council member,Rencontrer un membre du Conseil,Mit Ratsmitglied treffen,Incontra il membro del consiglio,Reúnete con un miembro del consejo,Konsey üyesiyle buluş
143,0x30D8796C,Deliver the reclaimed crystal to Nexus.,Rapportez à Nexus le cristal que vous avez récupéré.,Bringe den Kristall nach Nexus zurück.,Porta il cristallo recuperato a Nexus.,Lleva el cristal recuperado a Nexus.,Geri alınan kristali Nexus'a götür.
144,0x30F69D35,Spellcraft,Sorcellerie,Zauberwerk,Arte incantatoria,Hechicería,Büyü İşçiliği
145,0x314FC996,Unlock the door,Déverrouiller la porte,Tor öffnen,Apri la porta,Abre la puerta,Kapının kilidini aç
146,0x316F4184,#0xCDC673FF#Ashura slain!#PREVIOUS#,#0xCDC673FF#Asura éliminé !#PREVIOUS#,#0xCDC673FF#Ashura besiegt!#PREVIOUS#,#0xCDC673FF#Ashura sconfitto!#PREVIOUS#,#0xCDC673FF#¡Ashura derrotado!#PREVIOUS#,#0xCDC673FF#Ashura öldürüldü!#PREVIOUS#
147,0x317F37E2,Defeat the Goblin brigade,Éliminer les gardes gobelins,Goblin-Brigade besiegen,Sconfiggi la brigata dei Goblin,Derrota a la brigada goblin,Goblin birliğini yen
148,0x32A10254,Place gland,Déposer la glande odoriférante,Drüse platzieren,Posiziona la ghiandola,Coloca la glándula,Bezi yerleştir
149,0x333542EC,Lure the Queen.,Débusquer la reine,Königin anlocken,Attira la regina,Haz salir a la reina,Kraliçeyi tuzağa çek.
150,0x33D11759,Defeat Bandit King.,Éliminer le Roi brigand,Banditenkönig besiegen,Sconfiggi il Re dei banditi,Derrota al Rey Bandido,Haydut Kralı yen.
151,0x33DA3FAA,#0xCDC673FF#Earth!#PREVIOUS#,#0xCDC673FF#Terre !#PREVIOUS#,#0xCDC673FF#Erde!#PREVIOUS#,#0xCDC673FF#Terra!#PREVIOUS#,#0xCDC673FF#¡Tierra!#PREVIOUS#,#0xCDC673FF#Toprak!#PREVIOUS#
152,0x33DE0279,Need More Pots,Besoin de potions,Tranknachschub,Servono altre pozioni,Necesitas más pociones,Daha Fazla İksir Lazım
153,0x34BC6BD1,Defeat the demon,Éliminer le Démon,Dämon besiegen,Sconfiggi il demone,Derrota al demonio,İblisi yen
154,0x3578C839,Fight to Ruinscar.,Se frayer un chemin jusqu'à la Faille de Ruin,Um Ruinennarbe kämpfen,Combatti fino alla Cicatrice della rovina,Lucha hasta la ruinabrecha.,Yıkım Yarası'na kadar savaşarak ilerle.
155,0x35972687,Destroy the goblins' creation.,Détruire la création des Gobelins,Kreation der Goblins zerstören,Distruggi la creazione dei Goblin,Destruye la creación de los goblins,Goblinlerin yaratımını yok et.
156,0x361EBCE5,How do we stop her?,Comment pouvons-nous l'arrêter ?,Wie halten wir sie auf?,Come possiamo fermarla?,¿Cómo la detenemos?,Onu nasıl durduracağız?
157,0x374A2E65,#0xCDC673FF#Nexus arrived!#PREVIOUS#,#0xCDC673FF#À Nexus !#PREVIOUS#,#0xCDC673FF#Nexus erreicht!#PREVIOUS#,#0xCDC673FF#Hai raggiunto Nexus!#PREVIOUS#,#0xCDC673FF#¡Has llegado a Nexus!#PREVIOUS#,#0xCDC673FF#Nexus'a varıldı!#PREVIOUS#
158,0x377390FE,#0xCDC673FF#Wind!#PREVIOUS#,#0xCDC673FF#Vent !#PREVIOUS#,#0xCDC673FF#Wind!#PREVIOUS#,#0xCDC673FF#Vento!#PREVIOUS#,#0xCDC673FF#¡Viento!#PREVIOUS#,#0xCDC673FF#Rüzgâr!#PREVIOUS#
159,0x37C8C052,#0xCDC673FF#Swindled by Nolan!#PREVIOUS#,#0xCDC673FF#Nolan a menti !#PREVIOUS#,#0xCDC673FF#Von Nolan belogen!#PREVIOUS#,#0xCDC673FF#Frodato da Nolan!#PREVIOUS#,#0xCDC673FF#¡Timado por Nolan!#PREVIOUS#,#0xCDC673FF#Nolan dolandırdı!#PREVIOUS#
160,0x37DFB3C8,The Archnemesis,L'Ennemi juré,Der Erzfeind,L'arcinemico,El archienemigo,Baş Düşman
161,0x3852B64E,Michadele's Folly,La Folie de Michadèle,Michadeles Torheit,La follia di Michadele,La locura de Michadele,Michadele'nin Budalalığı
162,0x3866A317,Search for evidence,Trouver des preuves,Beweise suchen,Cerca delle prove,Busca pruebas,Kanıt ara
163,0x38AFF8DF,Investigate the strange lights deep in the swamp of the Haunted Woods.,Examinez les étranges lumières présentes au fond des marécages dans les Bois hantés.,Untersuche die seltsamen Lichter tief in den Sümpfen des verwunschenen Waldes.,Investiga sulle strane luci che compaiono nel cuore della palude dei Boschi maledetti.,Investiga las extrañas luces en las profundidades de la ciénaga de la Floresta Embrujada.,Perili Orman'ın bataklığının derinlerindeki tuhaf ışıkları araştır.
164,0x39B3D365,Remove the ward,Désactiver le champ de force,Schutzzauber entfernen,Elimina le difese,Elimina el sello,Mührü kaldır
165,0x39D424F9,Find some way to get into the throne room in Shadow's Depths.,Trouvez un moyen d'accéder à la salle du trône dans les Abîmes de l'ombre.,Finde einen Weg in den Thronsaal der Schattentiefen.,Trova un modo per penetrare nella sala del trono degli Abissi dell'ombra.,Busca un modo de entrar en la sala del trono de las Profundidades Sombrías.,Gölge Derinlikleri'ndeki taht odasına girmenin bir yolunu bul.
166,0x3A1A528E,#0xCDC673FF#Door unlocked!#PREVIOUS#,#0xCDC673FF#Porte ouverte !#PREVIOUS#,#0xCDC673FF#Tor geöffnet!#PREVIOUS#,#0xCDC673FF#Porta aperta!#PREVIOUS#,#0xCDC673FF#¡Puerta abierta!#PREVIOUS#,#0xCDC673FF#Kapının kilidi açıldı!#PREVIOUS#
167,0x3A1EEC16,Quest Complete!,Quête réussie !,Quest beendet!,Missione compiuta!,¡Misión completa!,Görev Tamamlandı!
168,0x3B4E2B12,Find blue crystal,Trouver le cristal bleu,Blauen Kristall finden,Trova il cristallo blu,Busca el cristal azul,Mavi kristali bul
169,0x3BC7A4BF,Crystal Crisis,Cristal très spécial,Kristallkrise,Crisi di cristallo,Crisis de cristal,Kristal Krizi
170,0x3BDE374F,Elementalism 101,Élémentalisme de base,Elementalismus 101,Introduzione all'Elementalismo,Elementalismo básico,Elementalizm 101
171,0x3C126E79,Find the helmet,Retrouver le casque,Helm finden,Trova l'elmo,Encuentra el yelmo,Miğferi bul
172,0x3C549FD5,#0xCDC673FF#Gate Keeper defeated!#PREVIOUS#,#0xCDC673FF#Gardien vaincu !#PREVIOUS#,#0xCDC673FF#Torhüter besiegt!#PREVIOUS#,#0xCDC673FF#Custode sconfitto!#PREVIOUS#,#0xCDC673FF#¡Guardián derrotado!#PREVIOUS#,#0xCDC673FF#Kapı Bekçisi yenildi!#PREVIOUS#
173,0x3C551ED8,Collect ten venom sacs from spiders in the Forsaken Grove for Dr Skalding.,Prélevez dix poches de venin sur les Araignées du Bosquet oublié pour le docteur Skalding.,Sammle im verlassenen Hain zehn Spinnen-Giftsäcke für Dr. Skalding.,Raccogli dieci sacche di veleno dai ragni nel Boschetto dimenticato e portale al dottor Skalding.,Obtén 10 glándulas de veneno de las arañas en la Arboleda Maldita para el Dr. Skalding.,Dr. Skalding için Terk Edilmiş Koruluk'taki örümceklerden on zehir kesesi topla.
174,0x3C608DCE,#0xCDC673FF#Celdria found!#PREVIOUS#,#0xCDC673FF#Celdria trouvée !#PREVIOUS#,#0xCDC673FF#Celdria gefunden!#PREVIOUS#,#0xCDC673FF#Hai trovato Celdria!#PREVIOUS#,#0xCDC673FF#¡Celdria encontrada!#PREVIOUS#,#0xCDC673FF#Celdria bulundu!#PREVIOUS#
175,0x3CAB161A,#0xCDC673FF#Bandit found!#PREVIOUS#,#0xCDC673FF#Brigand trouvé !#PREVIOUS#,#0xCDC673FF#Bandit gefunden!#PREVIOUS#,#0xCDC673FF#Bandito trovato!#PREVIOUS#,#0xCDC673FF#¡Bandido encontrado!#PREVIOUS#,#0xCDC673FF#Haydut bulundu!#PREVIOUS#
176,0x3CBD50F8,Stop Michadele from using the Ruinscar to take control of the Elder Forest.,Empêchez Michadèle d'utiliser la Faille de Ruin pour prendre le contrôle de la Forêt ancestrale.,"Verhindere, dass Michadele die Ruinennarbe benutzt, um den Ältestenwald zu kontrollieren.",Impedisci a Michadele di usare la Cicatrice della rovina per controllare la Foresta degli Antichi.,Impide que Michadele use la ruinabrecha para hacerse con el control del Bosque Antiguo.,Michadele'nin Yıkım Yarası'nı kullanarak Kadim Orman'ı ele geçirmesini engelle.
177,0x3CF1FE57,None Shall Pass,Personne ne passera,Niemand kommt vorbei,Nessuno passerà,No puedes pasar,Kimse Geçemez
178,0x3CF70299,The Ghosts of Salvera,Fantômes de Salvéra,Die Geister von Salvera,I fantasmi di Salvera,Los fantasmas de Salvera,Salvera'nın Hayaletleri
179,0x3D430F10,"Search the workshop in the Permafrost for any remaining clues, then report back to Marcus in Nexus.","Fouillez le laboratoire du Permafrost pour trouver d'éventuels indices. De retour à Nexus, adressez-vous à Marcus.",Durchsuche die Werkstatt im Permafrost nach weiteren Spuren. Danach erstatte Marcus in Nexus Bericht.,"Controlla il laboratorio nel Permagelo per scoprire ogni indizio rimanente, poi torna da Marcus a Nexus.",Busca el taller en la Tundra y encuentra las pistas que te quedan por entregar a Marcus en Nexus.,"Kalıcı Don'daki atölyeyi kalan ipuçları için ara, sonra Nexus'taki Marcus'a dön."
180,0x3E364D9C,Defeat the Gate Keeper,Éliminer le Gardien de la porte,Torhüter besiegen,Sconfiggi il custode,Derrota al guardián de la puerta,Kapı Bekçisini yen
181,0x3E3CBFA0,#0xCDC673FF#$VALUE of $COMPLETEDVALUE flesh scraps#PREVIOUS#,#0xCDC673FF#Morceaux : $VALUE sur $COMPLETEDVALUE#PREVIOUS#,#0xCDC673FF#$VALUE von $COMPLETEDVALUE Fleisch besorgt#PREVIOUS#,#0xCDC673FF#$VALUE di $COMPLETEDVALUE pezzi di carne#PREVIOUS#,#0xCDC673FF#$VALUE de $COMPLETEDVALUE restos de carne#PREVIOUS#,#0xCDC673FF#$VALUE/$COMPLETEDVALUE et parçası#PREVIOUS#
182,0x3E626B75,#0xCDC673FF#Key returned!#PREVIOUS#,#0xCDC673FF#Clef rapportée !#PREVIOUS#,#0xCDC673FF#Schlüssel zurückgebracht!#PREVIOUS#,#0xCDC673FF#Chiave restituita!#PREVIOUS#,#0xCDC673FF#¡Llave devuelta!#PREVIOUS#,#0xCDC673FF#Anahtar geri verildi!#PREVIOUS#
183,0x3E62AB5F,Slay Golems in Frosthome for their precious ores.,Éliminez des Golems à l'Arcticamp pour récupérer leur précieux minerai.,Töte die Golems in Frostheim und erleichtere sie um ihr Erz.,Distruggi i golem a Gelanda per recuperare i loro preziosi minerali.,Destruye a los gólems de Casafría para obtener sus minerales.,Değerli cevherleri için Ayazyurt'taki Golemleri öldür.
184,0x3EF68699,Search for a way to escape the mysterious prison.,Trouvez un moyen de vous échapper de cette mystérieuse prison.,"Finde einen Weg, um aus dem geheimnisvollen Gefängnis zu fliehen.",Trova un modo per fuggire dalla misteriosa prigione.,Busca un modo de escapar de la prisión misteriosa.,Gizemli hapishaneden kaçmanın bir yolunu bul.
185,0x3F2420BB,Find Salveran ruins,Trouver les ruines salvéranes,Salveranische Ruinen finden,Trova le rovine di Salvera,Busca las ruinas de Salvera,Salvera harabelerini bul
186,0x3FDF27C6,Find the path,Trouver le passage,Weg finden,Trova la via,Busca el camino,Yolu bul
187,0x40472EBF,Laid To Rest,Repos éternel,Letzte Ruhe,Riposo eterno,Descansa en paz,Huzura Kavuştu
188,0x408A87DF,#0xCDC673FF#Pearl found!#PREVIOUS#,#0xCDC673FF#Perle trouvée !#PREVIOUS#,#0xCDC673FF#Perle gefunden!#PREVIOUS#,#0xCDC673FF#Perla trovata!#PREVIOUS#,#0xCDC673FF#¡Perla encontrada!#PREVIOUS#,#0xCDC673FF#İnci bulundu!#PREVIOUS#
189,0x40B62613,Rescue sailors being held for ransom in the Deep.,Secourez les marins retenus captifs contre rançon dans les Bas-fonds.,Befreie die in der Tiefe gefangengehaltenen Seeleute.,Salva i marinai tenuti in ostaggio nell'Abisso.,Rescata a los marineros de las Profundidades.,Derinlik'te fidye için tutulan denizcileri kurtar.
190,0x40FA996A,#0xCDC673FF#Ataraxis Revived!#PREVIOUS#,#0xCDC673FF#Ataraxis réveillé !#PREVIOUS#,#0xCDC673FF#Ataraxis wiederbelebt!#PREVIOUS#,#0xCDC673FF#Ataraxis risvegliato!#PREVIOUS#,#0xCDC673FF#¡Ataraxis revivido!#PREVIOUS#,#0xCDC673FF#Ataraxis diriltildi!#PREVIOUS#
191,0x4190FD0D,"Take damage from wolves in the ice cavern of Frosthome, then report to the goblin medic.","Faites-vous attaquer par les Loups de la caverne de glace de l'Arcticamp, puis adressez-vous au médecin gobelin.","Lass dich von den Wölfen in der Eiskaverne in Frostheim verletzen, und melde dich dann beim Goblin-Medicus.","Subisci dei danni dai lupi nella caverna di ghiaccio a Gelanda, quindi recati dal medico dei Goblin.",Recibe daño de los lobos en la caverna de hielo de Casafría; luego informa al goblin médico.,"Ayazyurt'un buz mağarasında kurtlardan hasar al, sonra goblin sıhhiyeciye rapor ver."
192,0x41AA2A85,#0xCDC673FF#Blessing received!#PREVIOUS#,#0xCDC673FF#Bénédiction reçue !#PREVIOUS#,#0xCDC673FF#Segen empfangen!#PREVIOUS#,#0xCDC673FF#Benedizione ricevuta!#PREVIOUS#,#0xCDC673FF#¡Bendición recibida!#PREVIOUS#,#0xCDC673FF#Kutsama alındı!#PREVIOUS#
193,0x41C8F447,#0xCDC673FF#Petals scattered!#PREVIOUS#,#0xCDC673FF#Pétales répandus !#PREVIOUS#,#0xCDC673FF#Blütenblätter verstreut!#PREVIOUS#,#0xCDC673FF#Petali sparsi!#PREVIOUS#,#0xCDC673FF#¡Pétalos echados!#PREVIOUS#,#0xCDC673FF#Yapraklar saçıldı!#PREVIOUS#
194,0x420AC741,Search out the avatar of the Elders in the Tangled Growth to beseech his assistance.,Recherchez l'avatar de l'Ancien dans le Dédale luxuriant pour solliciter son aide.,Suche den Vertreter der Ältesten im Wucherhain und bitte ihn um Hilfe.,Cerca il simulacro degli antichi nella Selva intrecciata per richiedere la sua assistenza.,Busca al avatar de los ancianos en el Vergel Exuberante para rogarle su ayuda.,Dolaşık Çalılık'ta Kadimlerin avatarını bulup yardımını iste.
195,0x4250A125,Raise the living bridge.,Lever le pont vivant,Lebende Brücke herbeirufen,Abbassa il ponte vivente,Alza el puente viviente,Canlı köprüyü yükselt.
196,0x42E81A3E,Recover stolen goods,Retrouver les marchandises volées.,Gestohlene Waren bergen.,Recuperare le merci rubate.,Recuperar los bienes robados.,Çalınan malları geri al
197,0x4351BA13,Return the amber cores to Priscus.,Rapporter les cœurs d'ambre à Priscus,Priscus Bernsteinkerne übergeben,Porta i nuclei d'ambra a Priscus,Lleva los núcleos de ámbar a Priscus,Kehribar çekirdeklerini Priscus'a götür.
198,0x43993E36,#0xCDC673FF#$VALUE of $COMPLETEDVALUE hunters rescued#PREVIOUS#,#0xCDC673FF#Chasseurs : $VALUE sur $COMPLETEDVALUE#PREVIOUS#,#0xCDC673FF#$VALUE von $COMPLETEDVALUE Jägern befreit#PREVIOUS#,#0xCDC673FF#$VALUE di $COMPLETEDVALUE cacciatori in salvo#PREVIOUS#,#0xCDC673FF#$VALUE de $COMPLETEDVALUE cazadores#PREVIOUS#,#0xCDC673FF#$VALUE/$COMPLETEDVALUE avcı kurtarıldı#PREVIOUS#
199,0x4477B263,Find Eckhardt's lab,Retrouver le laboratoire d'Eckhardt,Eckhardts Labor finden,Trova il laboratorio di Eckhardt,Busca el laboratorio de Eckhardt,Eckhardt'ın laboratuvarını bul
200,0x44916627,$VALUE of $COMPLETEDVALUE hunters caught,Chasseurs attrapés : $VALUE sur $COMPLETEDVALUE,$VALUE von $COMPLETEDVALUE Jägern gefangen,$VALUE di $COMPLETEDVALUE cacciatori catturati,$VALUE de $COMPLETEDVALUE cazadores atrapados.,$VALUE/$COMPLETEDVALUE avcı yakalandı
201,0x44A3ACB4,The Prince of Ruin,Le Prince de Ruin,Der Prinz des Ruins,Il principe della rovina,El príncipe de la Ruina,Yıkım Prensi
202,0x44C7426E,Stop the Goblin Chieftain from harvesting the Ruinscar's power in the Frozen North.,Empêchez le Chef gobelin d'exploiter le pouvoir de la Faille de Ruin dans le Grand Nord.,"Verhindere, dass der Goblin-Häuptling die Macht der Ruinennarbe im gefrorenen Norden nutzt.",Impedisci al capotribù Goblin di ottenere il potere della Cicatrice della rovina nel Nord gelato.,Impide que el jefe goblin utilice el poder de la ruinabrecha en el Norte Helado.,Goblin Reisinin Donmuş Kuzey'de Yıkım Yarası'nın gücünü toplamasını engelle.
203,0x451704A1,Capture Alpha Wolf,Capturer le chef de meute,Alphawolf fangen,Cattura il lupo alfa,Captura un lobo alfa,Alfa Kurdu yakala
204,0x4528FFB2,Entrapment,Capture,Fallensteller,In trappola,La caza,Tuzağa Düşürme
205,0x453770B5,#0xCDC673FF#Hippode summoned!#PREVIOUS#,#0xCDC673FF#Hippode débusqué !#PREVIOUS#,#0xCDC673FF#Hippode gerufen!#PREVIOUS#,#0xCDC673FF#Ippodonte richiamato!#PREVIOUS#,#0xCDC673FF#¡Hippode invocado!#PREVIOUS#,#0xCDC673FF#Hippode çağrıldı!#PREVIOUS#
206,0x4615364C,Find and rescue Eckhardt in Marauders' Hideaway!,Retrouvez Eckhardt dans le Repaire du maraudeur et libérez-le !,Finde und befreie Eckhardt aus dem Versteck der Marodeure!,Trova e salva Eckhardt nel Nascondiglio dei predoni!,¡Encuentra y rescata a Eckhardt en el Escondite de los merodeadores!,Yağmacıların Sığınağı'nda Eckhardt'ı bul ve kurtar!
207,0x46D69020,"The crystal thrums with energy. It's taken an incredible amount of work, but the time has come. This is where it ends.","Le cristal vibre, comme s'il peinait à contenir toute cette énergie. Votre quête aura été longue et difficile, mais le moment tant attendu est enfin arrivé. C'est maintenant que tout va se jouer.","Der Kristall beginnt zu surren. Es war unglaublich aufwendig, aber nun ist die Zeit gekommen. Hier endet es.","Il cristallo pulsa di energia. Non è stato per niente facile, ma finalmente è arrivato il momento decisivo.","El cristal vibra con energía. Ha hecho falta una cantidad increíble de esfuerzo, pero ha llegado el momento. Esto acaba aquí.",Kristal enerjiyle uğulduyor. İnanılmaz bir çaba harcandı ama artık vakit geldi. Her şey burada bitecek.
208,0x46EAA58A,Gather Mia's ashes,Rassembler les cendres de Mia,Mias Asche einsammeln,Raccogli le ceneri di Mia,Recoge las cenizas de Mia,Mia'nın küllerini topla
209,0x487D4684,#0xCDC673FF#Spoke to scientist!#PREVIOUS#,#0xCDC673FF#Parlé au scientifique !#PREVIOUS#,#0xCDC673FF#Mit dem Forscher gesprochen!#PREVIOUS#,#0xCDC673FF#Hai parlato con lo scienziato!#PREVIOUS#,#0xCDC673FF#¡Hablaste con el científico!#PREVIOUS#,#0xCDC673FF#Bilim insanıyla konuşuldu!#PREVIOUS#
210,0x487FE46A,#0xCDC673FF#Adrian rescued!#PREVIOUS#,#0xCDC673FF#Adrian sauvé !#PREVIOUS#,#0xCDC673FF#Adrian gerettet!#PREVIOUS#,#0xCDC673FF#Hai salvato Adrian!#PREVIOUS#,#0xCDC673FF#¡Adrian rescatado!#PREVIOUS#,#0xCDC673FF#Adrian kurtarıldı!#PREVIOUS#
211,0x48ACC752,Find a way in,Trouver une entrée,Eingang finden,Trova una via d'accesso,Busca un modo de entrar,İçeri girmenin bir yolunu bul
212,0x48C05114,#0xCDC673FF#2nd key found!#PREVIOUS#,#0xCDC673FF#2ème clef trouvée !#PREVIOUS#,#0xCDC673FF#2. Schlüssel gefunden!#PREVIOUS#,#0xCDC673FF#Seconda chiave trovata!#PREVIOUS#,#0xCDC673FF#¡Segunda llave!#PREVIOUS#,#0xCDC673FF#2. anahtar bulundu!#PREVIOUS#
213,0x49C9AECD,Ruinscar of the Forest,Faille de la forêt,Ruinennarbe des Waldes,Cicatrice della foresta,Ruinabrecha del bosque,Ormanın Yıkım Yarası
214,0x49FE373F,#0xCDC673FF#Creation destroyed!#PREVIOUS#,#0xCDC673FF#Création détruite !#PREVIOUS#,#0xCDC673FF#Kreation zerstört!#PREVIOUS#,#0xCDC673FF#Creazione distrutta!#PREVIOUS#,#0xCDC673FF#¡Creación destruida!#PREVIOUS#,#0xCDC673FF#Yaratım yok edildi!#PREVIOUS#
215,0x4AAEBFE5,Deliver the tome,Remettre le grimoire,Folianten überbringen,Consegna il tomo,Entrega el libro,Kitabı teslim et
216,0x4B222692,Travel to the Deep and put an end to the Leviathan once and for all.,Rendez-vous jusqu'aux Bas-fonds et éliminez le Léviathan une fois pour toutes.,Reise in die Tiefe und mache dem Leviathan ein für alle Mal eine Ende.,Raggiungi l'Abisso e sconfiggi una volta per tutte il leviatano.,Viaja a las Profundidades para acabar con el leviatán de una vez por todas.,Derinlik'e git ve Leviathan'a sonsuza dek son ver.
217,0x4B44B0F6,#0xCDC673FF#Driftwood delivered!#PREVIOUS#,#0xCDC673FF#Bois flotté donné !#PREVIOUS#,#0xCDC673FF#Treibholz abgeliefert!#PREVIOUS#,#0xCDC673FF#Pezzi di legno consegnati!#PREVIOUS#,#0xCDC673FF#¡Tablas entregadas!#PREVIOUS#,#0xCDC673FF#Sürüklenmiş odun teslim edildi!#PREVIOUS#
218,0x4BF79230,Go into Eckhardt's lab in the Spawning Pools and find the lost crate of potions.,Rendez-vous au laboratoire d'Eckhardt dans les Frayères et retrouvez la caisse de potions perdue.,Finde in Eckhardts Labor in den Brutbecken die fehlende Kiste mit Tränken.,"Entra nel laboratorio di Eckhardt, nelle Pozze della procreazione, e trova la cassa di pozioni smarrita.",Ve al laboratorio de Eckhardt en los Estanques de Reproducción y encuentra la caja perdida de pociones.,Üreme Havuzları'ndaki Eckhardt'ın laboratuvarına gir ve kayıp iksir sandığını bul.
219,0x4C177F27,Tactical Withdrawl,Repli tactique,Taktischer Rückzug,Ritirata tattica,Retirada táctica,Taktik Geri Çekilme
220,0x4C25B008,#0xCDC673FF#Crystal activated!#PREVIOUS#,#0xCDC673FF#Cristal activé !#PREVIOUS#,#0xCDC673FF#Kristall aktiviert!#PREVIOUS#,#0xCDC673FF#Cristallo attivato!#PREVIOUS#,#0xCDC673FF#¡Cristal activado!#PREVIOUS#,#0xCDC673FF#Kristal etkinleştirildi!#PREVIOUS#
221,0x4C9AEAA4,#0xCDC673FF#Chest examined#PREVIOUS#,#0xCDC673FF#Coffre examiné#PREVIOUS#,#0xCDC673FF#Truhe durchsucht!#PREVIOUS#,#0xCDC673FF#Scrigno esaminato#PREVIOUS#,#0xCDC673FF#Cofre examinado#PREVIOUS#,#0xCDC673FF#Sandık incelendi#PREVIOUS#
222,0x4CA20D8C,$VALUE Tech found,Équipements technologiques trouvés : $VALUE,$VALUE Technologien gefunden,$VALUE pezzo/i di tecnologia,$VALUE tecnologías encontradas,$VALUE teknoloji bulundu
223,0x4CB4CEF5,#0xCDC673FF#Ears delivered!#PREVIOUS#,#0xCDC673FF#Oreilles données !#PREVIOUS#,#0xCDC673FF#Ohren abgeliefert!#PREVIOUS#,#0xCDC673FF#Orecchie consegnate!#PREVIOUS#,#0xCDC673FF#¡Orejas entregadas!#PREVIOUS#,#0xCDC673FF#Kulaklar teslim edildi!#PREVIOUS#
224,0x4CBE243F,Use the key to unlock the chest,Utiliser la clef pour ouvrir le coffre,"Schlüssel benutzen, um Truhe zu öffnen",Usa la chiave per aprire lo scrigno,Usa la llave para desbloquear el cofre,Sandığı açmak için anahtarı kullan
225,0x4CC026BC,#0xCDC673FF#$VALUE of $COMPLETEDVALUE driftwood#PREVIOUS#,#0xCDC673FF#Bois flotté : $VALUE sur $COMPLETEDVALUE#PREVIOUS#,#0xCDC673FF#$VALUE von $COMPLETEDVALUE Treibholz besorgt#PREVIOUS#,#0xCDC673FF#$VALUE di $COMPLETEDVALUE pezzi di legno#PREVIOUS#,#0xCDC673FF#$VALUE de $COMPLETEDVALUE tablas#PREVIOUS#,#0xCDC673FF#$VALUE/$COMPLETEDVALUE sürüklenmiş odun#PREVIOUS#
226,0x4D1C2E27,#0xCDC673FF#Royals found!#PREVIOUS#,#0xCDC673FF#Famille royale trouvée !#PREVIOUS#,#0xCDC673FF#Königsfamilie gefunden!#PREVIOUS#,#0xCDC673FF#Reali trovati!#PREVIOUS#,#0xCDC673FF#¡Familia real hallada!#PREVIOUS#,#0xCDC673FF#Kraliyet üyeleri bulundu!#PREVIOUS#
227,0x4EA51EBA,Defeat Fironel,Vaincre Fironelle,Fironel besiegen,Sconfiggi Fironel,Derrota a Fironel,Fironel'i yen
228,0x4F1F5F8E,Activate the crystal,Activer le cristal,Kristall aktivieren,Attiva il cristallo,Activa el cristal,Kristali etkinleştir
229,0x4F320AD1,Poison Cure,Antidote,Gegengift,Antidoto,Cura del veneno,Zehir Panzehiri
230,0x4F468D39,Find three relics in the Shadow's Depths for Taskmaster Rowe.,"Trouvez trois reliques dans les Abîmes de l'ombre pour Rowe, le maître des quêtes.",Finde in den Schattentiefen die drei Relikte für Aufseher Rowe.,Trova tre reliquie negli Abissi dell'ombra per conto del sovrintendente Rowe.,Encuentra tres reliquias en las Profundidades Sombrías para el capataz Rowe.,Görev Ustası Rowe için Gölge Derinlikleri'nde üç kalıntı bul.
231,0x4F48C6DB,Powering the Portal,Alimentation du portail,Aktivierung des Portals,Alimentare il portale,Potenciando el portal,Portala Güç Vermek
232,0x4F9D6C6B,Find the Spider Lair.,Trouver le repaire de l'Araignée,Spinnennest finden,Trova la tana del ragno,Busca la guarida de la araña,Örümcek İnini bul.
233,0x4FC84B70,$VALUE of $COMPLETEDVALUE clues found,Indices trouvés : $VALUE sur $COMPLETEDVALUE,$VALUE von $COMPLETEDVALUE Spuren gefunden,$VALUE di $COMPLETEDVALUE indizi trovati,$VALUE de $COMPLETEDVALUE pistas encontradas,$VALUE/$COMPLETEDVALUE ipucu bulundu
234,0x50565988,Use the portal to escape back to Nexus,Utiliser le portail pour fuir vers Nexus,"Portal benutzen, um nach Nexus zu entkommen",Usa il portale per tornare a Nexus,Usa el portal para escapar a Nexus,Nexus'a kaçmak için portalı kullan
235,0x508E604A,Defeat White Eye,Éliminer Pâlœil,Weißauge besiegen,Sconfiggi Occhiobianco,Derrota a Ojo Blanco,Ak Göz’ü yen
236,0x514E86CC,Travel to the Heart of the Void and finish the crystal's empowerment!,Rendez-vous dans l'Œil du Néant et terminez le chargement du cristal !,Reise zum Herz des Nichts und vollende die Aufladung des Kristalls.,Raggiungi il Cuore del Vuoto e porta a piena potenza il cristallo!,¡Viaja al Corazón del Vacío y completa la energización del cristal!,Boşluğun Kalbi'ne git ve kristalin güçlendirilmesini tamamla!
237,0x51590070,Detached Devotion,Amour ou indifférence,Ende einer Liebe,Dedizione distante,Devoción distante,Kopuk Adanmışlık
238,0x51B350B7,#0xCDC673FF#Chieftain met!#PREVIOUS#,#0xCDC673FF#Chef rencontré !#PREVIOUS#,#0xCDC673FF#Häuptling getroffen!#PREVIOUS#,#0xCDC673FF#Capotribù incontrato!#PREVIOUS#,#0xCDC673FF#¡Jefe encontrado!#PREVIOUS#,#0xCDC673FF#Reisle buluşuldu!#PREVIOUS#
239,0x521006DE,Cleanse the temple,Purifier le temple,Tempel reinigen,Ripulisci il tempio,Purifica el templo,Tapınağı arındır
240,0x5218D144,$VALUE of $COMPLETEDVALUE driftwood,Morceaux de bois flotté : $VALUE sur $COMPLETEDVALUE,$VALUE von $COMPLETEDVALUE Treibholz besorgt,$VALUE di $COMPLETEDVALUE pezzi di legno,$VALUE de $COMPLETEDVALUE tablas,$VALUE/$COMPLETEDVALUE sürüklenmiş odun
241,0x52AC4D2E,Examine work bench,Examiner l'établi,Werkbank durchsuchen,Esamina il banco da lavoro,Examina la mesa de trabajo,Çalışma tezgâhını incele
242,0x52EDAD2C,"Search the Beastlands for some trace the council member, Michadele.",Parcourez les Terres sauvages pour retrouver la trace de Michadèle du Conseil salvéran.,Suche in den Bestienlanden nach einer Spur des Ratsmitglieds Michadele.,"Esplora le Terre bestiali in cerca di tracce di Michadele, il membro del consiglio.","Registra Bestialandia y busca una pista sobre Michadele, la miembro del consejo.",Canavar Diyarı'nda konsey üyesi Michadele'den bir iz ara.
243,0x52F22926,General Location,Localisation générale,Ratsmitgliedssuche,Ubicazione ignota,Ubicación general,Genel Konum
244,0x53896DB6,#0xCDC673FF#Potions delivered!#PREVIOUS#,#0xCDC673FF#Potions données !#PREVIOUS#,#0xCDC673FF#Tränke abgeliefert!#PREVIOUS#,#0xCDC673FF#Pozioni consegnate!#PREVIOUS#,#0xCDC673FF#¡Pociones entregadas!#PREVIOUS#,#0xCDC673FF#İksirler teslim edildi!#PREVIOUS#
245,0x53E177FA,Disable the wards surrounding the Heart of the Void,Désactivez les champs de force protégeant l'Œil du Néant.,Deaktiviere die Schutzvorrichtungen um das Herz des Nichts.,Disattiva le difese a protezione del Cuore del Vuoto.,Desactiva los sellos encantados que rodean el Corazón del Vacío.,Boşluğun Kalbi'ni çevreleyen mühürleri devre dışı bırak
246,0x546E0182,#0xCDC673FF#Ashes found!#PREVIOUS#,#0xCDC673FF#Cendres récupérées !#PREVIOUS#,#0xCDC673FF#Asche gefunden!#PREVIOUS#,#0xCDC673FF#Ceneri raccolte!#PREVIOUS#,#0xCDC673FF#¡Cenizas encontradas!#PREVIOUS#,#0xCDC673FF#Küller bulundu!#PREVIOUS#
247,0x54AE67EF,Dust To Dust,Tout redeviendra poussière,Staub zu Staub,Polvere alla polvere,Polvo al polvo,Külden Küle
248,0x54DF779C,Triumph,Victoire,Triumph,Trionfo,Triunfo,Zafer
249,0x550459FB,You Had This Coming,Tel est pris qui croyait prendre,Du wolltest es so,Te la sei cercata,Tú te lo has buscado,Bunu Hak Ettin
250,0x553CA5C5,Travel to Kingdom's Grave,Se rendre jusqu'au Tombeau des rois,Nach Königsgrab reisen,Raggiungi Tomba del Reame,Viaja a la Tumba del Reino,Krallık Mezarı'na git
251,0x55756B61,#0xCDC673FF#Talked to Eckhardt!#PREVIOUS#,#0xCDC673FF#Parlé à Eckhardt !#PREVIOUS#,#0xCDC673FF#Mit Eckhardt geredet!#PREVIOUS#,#0xCDC673FF#Hai parlato con Eckhardt!#PREVIOUS#,#0xCDC673FF#¡Hablaste con Eckhardt!#PREVIOUS#,#0xCDC673FF#Eckhardt ile konuşuldu!#PREVIOUS#
252,0x55AAC8A9,Destroy the Leviathan,Éliminer le Léviathan,Leviathan vernichten,Distruggi il leviatano,Destruye al leviatán,Leviathan'ı yok et
253,0x56DB483E,Defeat the Ashura of Pain in order to use the portal and gain entry into Rigel's lab.,Terrassez l'Asura de la douleur afin d'utiliser le portail et accéder au laboratoire de Rigel.,"Besiege den Ashura des Schmerzes, um das Portal zu benutzen und Rigels Labor zu betreten.",Sconfiggi l'Ashura del dolore per usare il portale ed entrare nel laboratorio di Rigel.,Derrota al ashura del dolor para usar el portal y entrar al laboratorio de Rigel.,Portalı kullanıp Rigel'in laboratuvarına girmek için Acının Ashurası’nı yen.
254,0x576EEEB2,#0xCDC673FF#Fironel defeated!#PREVIOUS#,#0xCDC673FF#Fironelle vaincue !#PREVIOUS#,#0xCDC673FF#Fironel besiegt!#PREVIOUS#,#0xCDC673FF#Fironel sconfitta!#PREVIOUS#,#0xCDC673FF#¡Fironel derrotada!#PREVIOUS#,#0xCDC673FF#Fironel yenildi!#PREVIOUS#
255,0x5783E875,#0xCDC673FF#Reaper slain!#PREVIOUS#,#0xCDC673FF#Faucheur éliminé !#PREVIOUS#,#0xCDC673FF#Schattenschnitter besiegt!#PREVIOUS#,#0xCDC673FF#Mietitore sconfitto!#PREVIOUS#,#0xCDC673FF#¡Segador derrotado!#PREVIOUS#,#0xCDC673FF#Gölge Biçici yenildi!#PREVIOUS#
256,0x57F85D46,$VALUE of $COMPLETEDVALUE hunters saved.,Chasseurs sauvés : $VALUE sur $COMPLETEDVALUE,$VALUE von $COMPLETEDVALUE Jägern gerettet,$VALUE di $COMPLETEDVALUE cacciatori salvati,$VALUE de $COMPLETEDVALUE grupos de cazadores salvados,$VALUE/$COMPLETEDVALUE avcı kurtarıldı.
257,0x5886CE64,#0xCDC673FF#Queen lured!#PREVIOUS#,#0xCDC673FF#Reine débusquée !#PREVIOUS#,#0xCDC673FF#Königin angelockt!#PREVIOUS#,#0xCDC673FF#Regina attirata!#PREVIOUS#,#0xCDC673FF#¡Has hecho salir a la reina!#PREVIOUS#,#0xCDC673FF#Kraliçe tuzağa çekildi!#PREVIOUS#
258,0x58EBCB56,Enter the portal.,Franchir le portail,Portal betreten,Entra nel portale,Entra en el portal,Portala gir.
259,0x58ECBA3E,#0xCDC673FF#$VALUE of $COMPLETEDVALUE hunters saved#PREVIOUS#,#0xCDC673FF#Chasseurs : $VALUE sur $COMPLETEDVALUE#PREVIOUS#,#0xCDC673FF#$VALUE von $COMPLETEDVALUE Jägern gerettet#PREVIOUS#,#0xCDC673FF#$VALUE di $COMPLETEDVALUE cacciatori salvati#PREVIOUS#,#0xCDC673FF#$VALUE de $COMPLETEDVALUE cazadores salvad.#PREVIOUS#,#0xCDC673FF#$VALUE/$COMPLETEDVALUE avcı kurtarıldı#PREVIOUS#
260,0x5A2900D3,#0xCDC673FF#Incantation tested!#PREVIOUS#,#0xCDC673FF#Incantation essayée !#PREVIOUS#,#0xCDC673FF#Zauberformel getestet#PREVIOUS#,#0xCDC673FF#Incantesimo provato!#PREVIOUS#,#0xCDC673FF#¡Hechizo probado!#PREVIOUS#,#0xCDC673FF#Büyü sözü denendi!#PREVIOUS#
261,0x5A416016,Ironfist,Féros,Eisenfaust,Pugno di ferro,Puño de Hierro,Demiryumruk
262,0x5AB04DBB,#0xCDC673FF#$VALUE of $COMPLETEDVALUE Wood Found#PREVIOUS#,#0xCDC673FF#Bois vif : $VALUE sur $COMPLETEDVALUE#PREVIOUS#,#0xCDC673FF#$VALUE von $COMPLETEDVALUE Holz gefunden#PREVIOUS#,#0xCDC673FF#$VALUE di $COMPLETEDVALUE pezzi di legno#PREVIOUS#,#0xCDC673FF#$VALUE de $COMPLETEDVALUE maderas obtenidas#PREVIOUS#,#0xCDC673FF#$VALUE/$COMPLETEDVALUE odun bulundu#PREVIOUS#
263,0x5B52286A,Find the royal family within %Name_VD01%,Retrouvez la famille royale dans les Laboratoires dévastés.,Finde die königliche Familie in den zerschmetterten Laboren.,Trova la famiglia reale nei Laboratori devastati.,Busca a la familia real en %Name_VD01%.,%Name_VD01% içinde kraliyet ailesini bul
264,0x5BD01CB1,Spirit of Madness,Esprit possédé,Geist des Wahnsinns,Spirito folle,Espíritu de la locura,Delilik Ruhu
265,0x5C3F9D2F,Get the jail key,Récupérer la clef de la prison,Gefängnisschlüssel besorgen,Prendi la chiave della prigione,Consigue la llave de la cárcel,Hapishane anahtarını al
266,0x5C67EF83,Light the four pedestals,Activer les quatre plates-formes,Die vier Podeste erleuchten,Illumina i quattro piedistalli,Enciende los cuatro pedestales,Dört kaideyi yak
267,0x5C86AC90,#0xCDC673FF#Fire!#PREVIOUS#,#0xCDC673FF#Feu !#PREVIOUS#,#0xCDC673FF#Feuer!#PREVIOUS#,#0xCDC673FF#Fuoco!#PREVIOUS#,#0xCDC673FF#¡Fuego!#PREVIOUS#,#0xCDC673FF#Ateş!#PREVIOUS#
268,0x5CE9C0BD,Ghostly Herb,Flore spectrale,Geisterhafte Kräuter,Erba spettrale,Hierba fantasmal,Hayalet Otu
269,0x5D063495,Confront Adrian within Ruin's End and retrieve the crystal.,Affrontez Adrian dans l'Oméga et récupérez le cristal.,Stelle dich Adrian in Ruins Ende und nimm den Kristall an dich.,Affronta Adrian nella Fine della rovina e recupera il cristallo.,Enfréntate a Adrian en Fin de la Ruina y recupera el cristal.,Yıkımın Sonu'nda Adrian'la yüzleş ve kristali geri al.
270,0x5E15B76F,Find the royals,Retrouver la famille royale,Königsfamilie finden,Trova i reali,Busca a los miembros de la familia real,Kraliyet ailesini bul
271,0x5E7A855E,#0xCDC673FF#Colossus defeated!#PREVIOUS#,#0xCDC673FF#Colosse vaincu !#PREVIOUS#,#0xCDC673FF#Koloss besiegt!#PREVIOUS#,#0xCDC673FF#Colosso sconfitto!#PREVIOUS#,#0xCDC673FF#¡Coloso derrotado!#PREVIOUS#,#0xCDC673FF#Dev yenildi!#PREVIOUS#
272,0x5E87C2D3,#0xCDC673FF#Attack survived!#PREVIOUS#,#0xCDC673FF#Attaque survécue !#PREVIOUS#,#0xCDC673FF#Angriff überlebt!#PREVIOUS#,#0xCDC673FF#Attacco superato!#PREVIOUS#,#0xCDC673FF#¡Has sobrevivido al ataque!#PREVIOUS#,#0xCDC673FF#Saldırı atlatıldı!#PREVIOUS#
273,0x5F8EE92D,Deliver the ears to Mia,Apporter les oreilles à Mia,Ohren zu Mia bringen,Consegna le orecchie a Mia,Entrégale las orejas a Mia,Kulakları Mia'ya götür
274,0x6058179F,Speak with King Keltas,S'adresser au roi Keltas,Mit König Keltas reden,Parla con Re Keltas,Habla con el rey Keltas,Kral Keltas ile konuş
275,0x6208BEC6,Recover a fallen father's rifle at the cabin on the Crystal Path.,Récupérez le fusil du père disparu de James dans la cabane sur la Voie cristalline.,Birg bei der Hütte am Kristallpfad das Gewehr eines gefallenen Vaters.,Recupera il fucile di un padre morto presso il capanno sul Sentiero di cristallo.,Recupera el fusil perdido del padre en la cabaña en el Camino de Cristal.,Kristal Yolu'ndaki kulübede düşmüş bir babanın tüfeğini geri al.
276,0x62FED1C2,Speak with Celdria,S'adresser à Celdria,Mit Celdria reden,Parla con Celdria,Habla con Celdria,Celdria ile konuş
277,0x631BF1C2,Find gland,Trouver une glande odoriférante,Drüse finden,Trova la ghiandola,Busca una glándula,Bezi bul
278,0x63219BDC,#0xCDC673FF#Chamber activated!#PREVIOUS#,#0xCDC673FF#Chambre activée !#PREVIOUS#,#0xCDC673FF#Kammer aktiviert!#PREVIOUS#,#0xCDC673FF#Camera attivata!#PREVIOUS#,#0xCDC673FF#¡Cámara activada!#PREVIOUS#,#0xCDC673FF#Oda etkinleştirildi!#PREVIOUS#
279,0x638B88B8,Disembodied and Distressed,À corps perdu,Entleibt und betrübt,Né corpo né pace,Sin cuerpo y sin seguridad,Bedensiz ve Perişan
280,0x6407FDE5,#0xCDC673FF#Met with Marliel!#PREVIOUS#,#0xCDC673FF#Marliel rencontré !#PREVIOUS#,#0xCDC673FF#Mit Marliel getroffen!#PREVIOUS#,#0xCDC673FF#Hai incontrato Marliel!#PREVIOUS#,#0xCDC673FF#¡Te has reunido con Marliel!#PREVIOUS#,#0xCDC673FF#Marliel ile buluşuldu!#PREVIOUS#
281,0x641DBC9E,Defeat the Hellmouth in heart of the Spawning Pools!,Éliminez le Dévorace au cœur des Frayères !,Besiege den Höllenmund im Herzen der Brutbecken!,"Sconfiggi la bocca infernale, al centro delle Pozze della procreazione!",¡Derrota a la boca infernal en el centro de los Estanques de Reproducción!,Üreme Havuzları’nın kalbindeki Cehennem Ağzı’nı yen!
282,0x643FBC73,#0xCDC673FF#Eckhardt saved!#PREVIOUS#,#0xCDC673FF#Eckhardt libéré !#PREVIOUS#,#0xCDC673FF#Eckhardt gerettet!#PREVIOUS#,#0xCDC673FF#Eckhardt salvato!#PREVIOUS#,#0xCDC673FF#¡Eckhardt salvado!#PREVIOUS#,#0xCDC673FF#Eckhardt kurtarıldı!#PREVIOUS#
283,0x6445E8E2,#0xCDC673FF#Skeleton slain!#PREVIOUS#,#0xCDC673FF#Squelette éliminé !#PREVIOUS#,#0xCDC673FF#Skelett besiegt!#PREVIOUS#,#0xCDC673FF#Scheletro ucciso!#PREVIOUS#,#0xCDC673FF#¡Esqueleto derrotado!#PREVIOUS#,#0xCDC673FF#İskelet öldürüldü!#PREVIOUS#
284,0x6497779D,Ruinscar of the Mountains,Faille des montagnes,Ruinennarbe der Berge,Cicatrice dei monti,Ruinabrecha de montaña,Dağların Yıkım Yarası
285,0x64BABEE7,Lair of the Spider Queen,Repaire de la Reine,Nest der Spinnenkönigin,Tana della regina ragno,Guarida de la reina araña,Örümcek Kraliçe'nin İni
286,0x64E28FBB,Find and defeat Michadele in the Tangled Growth.,Retrouvez et vainquez Michadèle dans le Dédale luxuriant.,Finde und besiege Michadele im Wucherhain.,Trova e sconfiggi Michadele nella Selva intrecciata.,Busca y derrota a Michadele en el Vergel Exuberante.,Dolaşık Çalılık'ta Michadele'yi bul ve yen.
287,0x652AE07E,#0xCDC673FF#Leviathan Summoned!#PREVIOUS#,#0xCDC673FF#Léviathan invoqué !#PREVIOUS#,#0xCDC673FF#Leviathan beschworen!#PREVIOUS#,#0xCDC673FF#Leviatano richiamato!#PREVIOUS#,#0xCDC673FF#¡Leviatán invocado!#PREVIOUS#,#0xCDC673FF#Leviathan çağrıldı!#PREVIOUS#
288,0x656471EB,#0xCDC673FF#News delivered!#PREVIOUS#,#0xCDC673FF#Rapport effectué !#PREVIOUS#,#0xCDC673FF#Neuigkeiten überbracht!#PREVIOUS#,#0xCDC673FF#Notizie comunicate!#PREVIOUS#,#0xCDC673FF#¡Noticias transmitidas!#PREVIOUS#,#0xCDC673FF#Haber ulaştırıldı!#PREVIOUS#
289,0x673EF10A,#0xCDC673FF#Ashes returned!#PREVIOUS#,#0xCDC673FF#Cendres rapportées !#PREVIOUS#,#0xCDC673FF#Asche übergeben!#PREVIOUS#,#0xCDC673FF#Ceneri consegnate!#PREVIOUS#,#0xCDC673FF#¡Cenizas devueltas!#PREVIOUS#,#0xCDC673FF#Küller geri verildi!#PREVIOUS#
290,0x68237946,Deactivate the gate by activating the four control crystals locked away in the Archmage's Crucible.,Désactivez le portail à l'aide des quatre cristaux de commande conservés dans le Creuset de l'Archimage.,"Deaktiviere das Tor, indem du die vier Steuerkristalle im Schmelztiegel des Erzmagiers aktivierst.","Disattiva la barriera energetica attivando i quattro cristalli del controllo, rinchiusi nel Crogiolo dell'arcimago.",Activa los cuatro cristales de control encerrados en el Crisol del Archimago para desactivar el campo de energía.,Başbüyücünün Potası'nda kilitli dört kontrol kristalini etkinleştirerek geçidi kapat.
291,0x684D8B63,Sunken Treasure,Trésor oublié,Versunkener Schatz,Tesoro sommerso,Tesoro hundido,Batık Hazine
292,0x6859002C,$VALUE of $COMPLETEDVALUE skulls smashed,Crânes brisés : $VALUE sur $COMPLETEDVALUE,$VALUE von $COMPLETEDVALUE Schädeln zerschmettert,$VALUE di $COMPLETEDVALUE teschi distrutti,$VALUE de $COMPLETEDVALUE calaveras rotas,$VALUE/$COMPLETEDVALUE kafatası kırıldı
293,0x6863A3E7,#0xCDC673FF#Found the key!#PREVIOUS#,#0xCDC673FF#Clef trouvée !#PREVIOUS#,#0xCDC673FF#Schlüssel gefunden!#PREVIOUS#,#0xCDC673FF#Hai trovato la chiave!#PREVIOUS#,#0xCDC673FF#¡Has encontrado la llave!#PREVIOUS#,#0xCDC673FF#Anahtar bulundu!#PREVIOUS#
294,0x6894EE65,#0xCDC673FF#Primal guardian slain!#PREVIOUS#,#0xCDC673FF#Gardien vaincu !#PREVIOUS#,#0xCDC673FF#Urwächter besiegt!#PREVIOUS#,#0xCDC673FF#Primeva guardiana sconfitta!#PREVIOUS#,#0xCDC673FF#¡Guardián primario caído!#PREVIOUS#,#0xCDC673FF#Kadim muhafız öldürüldü!#PREVIOUS#
295,0x689CF40B,#0xCDC673FF#Key located!#PREVIOUS#,#0xCDC673FF#Clef trouvée !#PREVIOUS#,#0xCDC673FF#Schlüssel gefunden!#PREVIOUS#,#0xCDC673FF#Chiave trovata!#PREVIOUS#,#0xCDC673FF#¡Llave encontrada!#PREVIOUS#,#0xCDC673FF#Anahtarın yeri belirlendi!#PREVIOUS#
296,0x68BE7D90,Reforging History,Reconversion,Neu geschmiedete Geschichte,Una nuova storia,Rehacer la historia,Tarihi Yeniden Dövmek
297,0x691F52A5,#0xCDC673FF#Fate determined!#PREVIOUS#,#0xCDC673FF#Sort découvert !#PREVIOUS#,#0xCDC673FF#Schicksal enthüllt!#PREVIOUS#,#0xCDC673FF#Destino scoperto!#PREVIOUS#,#0xCDC673FF#¡Destino descubierto!#PREVIOUS#,#0xCDC673FF#Kader belirlendi!#PREVIOUS#
298,0x69827ADB,"Defeat the Jailor in Marauders' Hideaway, and use his key to free Eckhardt.",Éliminez le geôlier dans le Repaire du maraudeur puis utilisez sa clef pour libérer Eckhardt.,Besiege den Kerkermeister im Versteck der Marodeure und befreie mit seinem Schlüssel Eckhardt.,Sconfiggi il carceriere nel Nascondiglio dei predoni e usa la sua chiave per liberare Eckhardt.,Derrota al carcelero en el Escondite de los merodeadores y usa su llave para liberar a Eckhardt.,Yağmacıların Sığınağı'nda Gardiyanı yen ve anahtarıyla Eckhardt'ı özgür bırak.
299,0x699AB6A3,#0xCDC673FF#Chieftain defeated!#PREVIOUS#,#0xCDC673FF#Chef vaincu !#PREVIOUS#,#0xCDC673FF#Häuptling besiegt!#PREVIOUS#,#0xCDC673FF#Capotribù sconfitto!#PREVIOUS#,#0xCDC673FF#¡Jefe derrotado!#PREVIOUS#,#0xCDC673FF#Reis yenildi!#PREVIOUS#
300,0x6ADEE198,Lost,Échappée,Verlaufen,Sopravvissuti,Perdido,Kayıp
301,0x6BC69082,$VALUE of $COMPLETEDVALUE Turrets Destroyed,Tourelles détruites : $VALUE sur $COMPLETEDVALUE,$VALUE von $COMPLETEDVALUE Türmen zerstört,$VALUE di $COMPLETEDVALUE torrette distrutte,$VALUE de $COMPLETEDVALUE torretas destruidas.,$VALUE/$COMPLETEDVALUE kule yok edildi
302,0x6C022199,Unhappy Revelation,Révélation malheureuse,Unerfreuliche Offenbarung,Rivelazione infelice,Revelación desgraciada,Mutsuz Gerçek
303,0x6C533D2C,Destroy Amber Golems in the Forsaken Grove and retrieve five pure amber cores.,Éliminez les Golems d'ambre du Bosquet oublié et rapportez cinq cœurs d'ambre.,Zerstöre die Bernsteingolems im verlassenen Hain und besorge fünf reine Bernsteinkerne.,Distruggi i golem d'ambra nel Boschetto dimenticato e recupera cinque nuclei di ambra pura.,Destruye los gólems de ámbar en la Arboleda Maldita y recupera cinco núcleos de ámbar puros.,Terk Edilmiş Koruluk'taki Kehribar Golemlerini yok et ve beş saf kehribar çekirdeği al.
304,0x6CEE57A4,Find the tome,Trouver le manuscrit,Folianten finden,Trova il tomo,Busca el libro,Kitabı bul
305,0x6CF06C93,#0xCDC673FF#Dagger found!#PREVIOUS#,#0xCDC673FF#Dague trouvée !#PREVIOUS#,#0xCDC673FF#Dolch gefunden!#PREVIOUS#,#0xCDC673FF#Pugnale trovato!#PREVIOUS#,#0xCDC673FF#¡Daga encontrada!#PREVIOUS#,#0xCDC673FF#Hançer bulundu!#PREVIOUS#
306,0x6D787C78,Find yellow crystal,Trouver le cristal jaune,Gelben Kristall finden,Trova il cristallo giallo,Busca el cristal amarillo,Sarı kristali bul
307,0x6E167075,#0xCDC673FF#Cask found!#PREVIOUS#,#0xCDC673FF#Tonneau trouvé !#PREVIOUS#,#0xCDC673FF#Fass gefunden!#PREVIOUS#,#0xCDC673FF#Barilotto trovato!#PREVIOUS#,#0xCDC673FF#¡Barril encontrado!#PREVIOUS#,#0xCDC673FF#Fıçı bulundu!#PREVIOUS#
308,0x6E9B8EBE,Deliver the potions to Silas,Apporter les potions à Silas,Tränke zu Silas bringen,Porta le pozioni a Silas,Entrégale las pociones a Silas,İksirleri Silas'a götür
309,0x6ED53DF0,#0xCDC673FF#Arrived!#PREVIOUS#,#0xCDC673FF#À destination !#PREVIOUS#,#0xCDC673FF#Angekommen!#PREVIOUS#,#0xCDC673FF#Sei a destinazione!#PREVIOUS#,#0xCDC673FF#¡Has llegado!#PREVIOUS#,#0xCDC673FF#Varıldı!#PREVIOUS#
310,0x6F423EE0,#0xCDC673FF#Safety found!#PREVIOUS#,#0xCDC673FF#Cerveau en sécurité !#PREVIOUS#,#0xCDC673FF#Sicheren Platz gefunden!#PREVIOUS#,#0xCDC673FF#Luogo sicuro trovato!#PREVIOUS#,#0xCDC673FF#¡Lugar seguro encontrado!#PREVIOUS#,#0xCDC673FF#Güvenli yere ulaşıldı!#PREVIOUS#
311,0x6FAEBC18,Fire from a Fiend.,Feu d'un Démon,Feuer eines Unholds,Fuoco da uno spirito maligno,Fuego de un demonio,İblisten Gelen Ateş
312,0x6FD2664B,Ancestral Tomb,Tombeau ancestral,Altes Grab,Tomba ancestrale,Tumba ancestral,Ataların Mezarı
313,0x702229F3,Rescue the chieftain's trappers in the Frozen North from the elemental traps.,Libérez de leurs pièges élémentaires les pisteurs du Chef dans le Grand Nord.,Rette die Fallensteller des Häuptlings im gefrorenen Norden aus den Elementarfallen.,"Salva i cacciatori del capotribù, bloccati dalle trappole elementali nel Nord gelato.",Rescata a los tramperos del jefe en el Norte Helado que han caído en las trampas elementales.,Donmuş Kuzey'de element tuzaklarına yakalanan reisin avcılarını kurtar.
314,0x70343DFF,Meet with Chieftain,Rencontrer le Chef gobelin,Triff den Goblin-Häuptling,Incontra il capotribù,Reúnete con el jefe,Reisle buluş
315,0x70D48D58,#0xCDC673FF#Hippode defeated#PREVIOUS#,#0xCDC673FF#Hippode vaincu !#PREVIOUS#,#0xCDC673FF#Hippode besiegt#PREVIOUS#,#0xCDC673FF#Ippodonte sconfitto#PREVIOUS#,#0xCDC673FF#Hippode derrotado#PREVIOUS#,#0xCDC673FF#Hippode yenildi#PREVIOUS#
316,0x71E2FE52,#0xCDC673FF#Arrived!#PREVIOUS#,#0xCDC673FF#À destination !#PREVIOUS#,#0xCDC673FF#Angekommen!#PREVIOUS#,#0xCDC673FF#Sei a destinazione!#PREVIOUS#,#0xCDC673FF#¡Has llegado!#PREVIOUS#,#0xCDC673FF#Varıldı!#PREVIOUS#
317,0x7260F382,You requested I return?,Vous souhaitiez que je revienne ?,"Ihr wolltet, dass ich zurückkomme?",Mi hai chiesto di tornare?,¿Me has pedido que vuelva?,Dönmemi istemiştiniz?
318,0x7286684D,#0xCDC673FF#Eckhardt found!#PREVIOUS#,#0xCDC673FF#Eckhardt trouvé !#PREVIOUS#,#0xCDC673FF#Eckhardt gefunden!#PREVIOUS#,#0xCDC673FF#Eckhardt trovato!#PREVIOUS#,#0xCDC673FF#¡Eckhardt encontrado!#PREVIOUS#,#0xCDC673FF#Eckhardt bulundu!#PREVIOUS#
319,0x729F44A8,Quell the undead in the Beastlands.,Repoussez l'invasion des Morts-vivants dans les Terres sauvages.,Vernichte die Untoten in den Bestienlanden.,Elimina i non morti nelle Terre bestiali.,Derrota a los no muertos de Bestialandia.,Canavar Diyarı'ndaki hortlakları bastır.
320,0x72A3C0A2,Mindless Autonomy,Autonomie incontrôlée,Gedankenlose Autonomie,Autonomia irrazionale,Autonomía descerebrada,Zihinsiz Özerklik
321,0x733ADF5F,Confront Fironel at Predators' Peak.,Confrontez Fironelle à la Cime des prédateurs.,Rede auf der Jägerspitze mit Fironel.,Confrontati con Fironel al Picco del predatore.,Enfréntate con Fironel en el Pico de los Depredadores.,Yırtıcı Zirvesi'nde Fironel ile yüzleş.
322,0x73555C95,Find the map.,Trouver la carte,Karte finden,Trova la mappa,Busca el mapa,Haritayı bul.
323,0x735A3096,Find the potions crate,Retrouver la caisse de potions,Trankkiste finden,Trova la cassa di pozioni,Busca la caja de pociones,İksir sandığını bul
324,0x747EA0DB,Find the dagger,Trouver la dague,Dolch finden,Trova il pugnale,Busca la daga,Hançeri bul
325,0x750F3FD5,Uncover the secret of the ancient researchers in the Spawning Pools.,Découvrez le secret des anciens chercheurs dans les Frayères.,Lüfte das Geheimnis um die Forscher in den Brutbecken.,Scopri i segreti degli antichi ricercatori nelle Pozze della procreazione.,Descubre el secreto de los antiguos investigadores en los Estanques de Reproducción.,Üreme Havuzları'ndaki kadim araştırmacıların sırrını ortaya çıkar.
326,0x7562FB01,Travel to the Archmage's Crucible and put an end to Rigel's plans,Rendez-vous jusqu'au Creuset de l'Archimage et mettez un terme aux machinations de Rigel.,"Reise zum Schmelztiegel des Erzmagiers, um Rigels Pläne zu durchkreuzen.",Raggiungi il Crogiolo dell'arcimago e sventa i piani di Rigel.,Viaja al Crisol del Archimago y pon fin a los planes de Rigel.,Başbüyücünün Potası'na git ve Rigel'in planlarına son ver
327,0x756C0486,Collect flesh scraps from primals in the Beastlands for Mia Moursey.,Prélevez des morceaux de viande sur les Archéens dans les Terres sauvages pour Mia Moursey.,Besorge Mia Moursey in den Bestienlanden Fleisch von Urbestien.,Raccogli dei pezzi di carne delle primeve nelle Terre bestiali per Mia Moursey.,Obtén restos de carne de los primarios en Bestialandia para Mia Moursey.,Mia Moursey için Canavar Diyarı'ndaki kadim yaratıklardan et parçaları topla.
328,0x75708080,Pound of Flesh,Morceaux de viande,Fleischklumpen,Pezzo di carne,Libra de carne,Bir Kilo Et
329,0x75F1A9BA,#0xCDC673FF#Nolan spoken to!#PREVIOUS#,#0xCDC673FF#Parlé à Nolan !#PREVIOUS#,#0xCDC673FF#Mit Nolan gesprochen!#PREVIOUS#,#0xCDC673FF#Hai parlato con Nolan!#PREVIOUS#,#0xCDC673FF#¡Hablaste con Nolan!#PREVIOUS#,#0xCDC673FF#Nolan ile konuşuldu!#PREVIOUS#
330,0x760C1772,Revive Ataraxis,Réveiller Ataraxis,Ataraxis wiederbeleben,Rianima Ataraxis,Revive a Ataraxis,Ataraxis'i dirilt
331,0x7616A653,Find the missing key,Retrouver la clef perdue,Fehlenden Schlüssel finden,Trova la chiave mancante,Busca la llave perdida,Kayıp anahtarı bul
332,0x76645026,#0xCDC673FF#Bench examined#PREVIOUS#,#0xCDC673FF#Établi examiné#PREVIOUS#,#0xCDC673FF#Werkbank durchsucht!#PREVIOUS#,#0xCDC673FF#Banco esaminato#PREVIOUS#,#0xCDC673FF#Mesa examinada#PREVIOUS#,#0xCDC673FF#Tezgâh incelendi#PREVIOUS#
333,0x772AFBC2,Talk to Nolan,Parler à Nolan,Mit Nolan reden,Parla con Nolan,Habla con Nolan,Nolan ile konuş
334,0x7781F125,Find the workshop,Trouver le laboratoire,Werkstatt finden,Trova il laboratorio,Busca el taller,Atölyeyi bul
335,0x7794F11D,#0xCDC673FF#Tome returned!#PREVIOUS#,#0xCDC673FF#Grimoire remis !#PREVIOUS#,#0xCDC673FF#Foliant überbracht!#PREVIOUS#,#0xCDC673FF#Tomo consegnato!#PREVIOUS#,#0xCDC673FF#¡Libro entregado!#PREVIOUS#,#0xCDC673FF#Kitap teslim edildi!#PREVIOUS#
336,0x77A2AF2D,Bring the crystal to Nexus,Apporter le cristal à Nexus,Kristall nach Nexus bringen,Porta il cristallo a Nexus,Lleva el cristal a Nexus,Kristali Nexus'a götür
337,0x77A83D90,Activate the crystal,Activer le cristal,Kristall aktivieren,Attiva il cristallo,Activa el cristal,Kristali etkinleştir
338,0x7827D63E,#0xCDC673FF#Bear defeated!#PREVIOUS#,#0xCDC673FF#Ours éliminé !#PREVIOUS#,#0xCDC673FF#Bär besiegt!#PREVIOUS#,#0xCDC673FF#Orso sconfitto!#PREVIOUS#,#0xCDC673FF#¡Oso derrotado!#PREVIOUS#,#0xCDC673FF#Ayı yenildi!#PREVIOUS#
339,0x78FBCA48,"Find and defeat three infamous Tibur raiders, then return to %Name_CaptainRutgren% in Nexus to claim the reward.","Retrouvez et éliminez trois fameux voleurs tiburiens, puis retournez auprès du capitaine Rutgren à Nexus pour récupérer votre récompense.","Finde und besiege drei berüchtigte Tibur-Banditen und kehre dann zu %Name_CaptainRutgren% nach Nexus zurück, um deine Belohnung einzufordern.","Trova e sconfiggi tre famigerati predoni Tibur, quindi torna da %Name_CaptainRutgren% a Nexus per riscuotere la ricompensa.","Encuentra y derrota a los tres conocidos piratas, luego vuelve con %Name_CaptainRutgren% en Nexus para reclamar la recompensa.","Üç kötü şöhretli Tibur yağmacısını bulup yen, sonra ödülünü almak için Nexus'taki %Name_CaptainRutgren%'e dön."
340,0x78FEF6D9,#0xCDC673FF#Alpha Wolf caught!#PREVIOUS#,#0xCDC673FF#Loup capturé !#PREVIOUS#,#0xCDC673FF#Alphawolf gefangen!#PREVIOUS#,#0xCDC673FF#Lupo alfa catturato!#PREVIOUS#,#0xCDC673FF#¡Lobo alfa atrapado!#PREVIOUS#,#0xCDC673FF#Alfa Kurt yakalandı!#PREVIOUS#
341,0x797E27C0,#0xCDC673FF#Exit found!#PREVIOUS#,#0xCDC673FF#Sortie trouvée !#PREVIOUS#,#0xCDC673FF#Ausgang gefunden!#PREVIOUS#,#0xCDC673FF#Uscita trovata!#PREVIOUS#,#0xCDC673FF#¡Salida encontrada!#PREVIOUS#,#0xCDC673FF#Çıkış bulundu!#PREVIOUS#
342,0x79A5CC79,Power of the Ancestors,Pouvoir des ancêtres,Macht der Ahnen,Il potere degli antenati,Poder de los ancestros,Ataların Gücü
343,0x79FC8428,How can I help?,Que puis-je faire ?,Wie kann ich Euch dienen?,Come posso aiutare?,¿Cómo puedo ayudar?,Nasıl yardım edebilirim?
344,0x7A48DD20,You have died,Vous avez succombé à vos blessures.,Du bist gestorben!,Sei morto,Has muerto,Öldün
345,0x7A4C5686,#0xCDC673FF#Scraps returned!#PREVIOUS#,#0xCDC673FF#Viande donnée !#PREVIOUS#,#0xCDC673FF#Fleischklumpen übergeben!#PREVIOUS#,#0xCDC673FF#Pezzi consegnati!#PREVIOUS#,#0xCDC673FF#¡Restos entregados!#PREVIOUS#,#0xCDC673FF#Et parçaları geri verildi!#PREVIOUS#
346,0x7B56B822,#0xCDC673FF#Puzzle solved!#PREVIOUS#,#0xCDC673FF#Énigme résolue !#PREVIOUS#,#0xCDC673FF#Rätsel gelöst!#PREVIOUS#,#0xCDC673FF#Enigma risolto!#PREVIOUS#,#0xCDC673FF#¡Puzle resuelto!#PREVIOUS#,#0xCDC673FF#Bulmaca çözüldü!#PREVIOUS#
347,0x7BAA694E,#0xCDC673FF#Experiment completed!#PREVIOUS#,#0xCDC673FF#Expérience terminée !#PREVIOUS#,#0xCDC673FF#Experiment abgeschlossen!#PREVIOUS#,#0xCDC673FF#Esperimento completato!#PREVIOUS#,#0xCDC673FF#¡Experimento completado!#PREVIOUS#,#0xCDC673FF#Deney tamamlandı!#PREVIOUS#
348,0x7BD42F88,Travel to Nature's Pulse,Se rendre au Berceau des âges,Nach Naturs Puls reisen,Raggiungi Impulso della natura,Viaja al Pulso de la Naturaleza,Doğanın Nabzı'na git
349,0x7BDF4470,Find Adrian,Retrouver Adrian,Adrian finden,Trova Adrian,Encuentra a Adrian,Adrian'ı bul
350,0x7C70C5F3,#0xCDC673FF#Location found!#PREVIOUS#,#0xCDC673FF#Emplacement trouvé !#PREVIOUS#,#0xCDC673FF#Ruinennarbe gefunden!#PREVIOUS#,#0xCDC673FF#Posizione individuata!#PREVIOUS#,#0xCDC673FF#¡Ubicación encontrada!#PREVIOUS#,#0xCDC673FF#Konum bulundu!#PREVIOUS#
351,0x7CA9DE8C,#0xCDC673FF#Lich slain!#PREVIOUS#,#0xCDC673FF#Liche éliminée !#PREVIOUS#,#0xCDC673FF#Lich besiegt!#PREVIOUS#,#0xCDC673FF#Lich ucciso!#PREVIOUS#,#0xCDC673FF#¡Liche caído!#PREVIOUS#,#0xCDC673FF#Lich öldürüldü!#PREVIOUS#
352,0x7CB336A5,Take the crystal to Eckhardt,Apporter le cristal à Eckhardt,Kristall zu Eckhardt bringen,Porta il cristallo a Eckhardt,Lleva el cristal a Eckhardt,Kristali Eckhardt'a götür
353,0x7CB93A74,Travel to the Permafrost to locate Ataraxis' workshop.,Rendez-vous jusqu'au Permafrost et retrouvez le laboratoire d'Ataraxis.,"Reise zum Permafrost, um Ataraxis' Werkstatt zu finden.",Raggiungi il Permagelo per trovare il laboratorio di Ataraxis.,Viaja a la Tundra para encontrar el taller de Ataraxis.,Ataraxis'in atölyesini bulmak için Kalıcı Don'a git.
354,0x7CC4F2FF,#0xCDC673FF#$VALUE of $COMPLETEDVALUE amber cores#PREVIOUS#,#0xCDC673FF#Cœurs d'ambre : $VALUE sur $COMPLETEDVALUE#PREVIOUS#,#0xCDC673FF#$VALUE von $COMPLETEDVALUE Kernen besorgt#PREVIOUS#,#0xCDC673FF#$VALUE di $COMPLETEDVALUE nuclei d'ambra#PREVIOUS#,#0xCDC673FF#$VALUE de $COMPLETEDVALUE núcleos de ámbar#PREVIOUS#,#0xCDC673FF#$VALUE/$COMPLETEDVALUE kehribar çekirdeği#PREVIOUS#
355,0x7D74E1DD,Rescue Me,À l'aide,Rette mich,Al salvataggio,Rescátame,Beni Kurtar
356,0x7D9C65F0,$VALUE of $COMPLETEDVALUE venom sacs.,Poches de venin : $VALUE sur $COMPLETEDVALUE,$VALUE von $COMPLETEDVALUE Giftsäcken besorgt,$VALUE di $COMPLETEDVALUE sacche di veleno,$VALUE de $COMPLETEDVALUE glándulas veneno,$VALUE/$COMPLETEDVALUE zehir kesesi.
357,0x7DA68792,#0xCDC673FF#Gate Keeper defeated!#PREVIOUS#,#0xCDC673FF#Gardien vaincu !#PREVIOUS#,#0xCDC673FF#Torhüter besiegt!#PREVIOUS#,#0xCDC673FF#Custode sconfitto!#PREVIOUS#,#0xCDC673FF#¡Guardián derrotado!#PREVIOUS#,#0xCDC673FF#Kapı Bekçisi yenildi!#PREVIOUS#
358,0x7E0EBFB1,#0xCDC673FF#Chieftain caught!#PREVIOUS#,#0xCDC673FF#Chef capturé !#PREVIOUS#,#0xCDC673FF#Häuptling gefangen!#PREVIOUS#,#0xCDC673FF#Capotribù raggiunto#PREVIOUS#,#0xCDC673FF#¡Jefe atrapado!#PREVIOUS#,#0xCDC673FF#Reis yakalandı!#PREVIOUS#
359,0x7EDA64A1,Late Fees,Grimoires oubliés,Verzugsgebühren,Consegne in ritardo,Cuotas atrasadas,Gecikme Bedeli
360,0x7F096EA3,#0xCDC673FF#Gateway deactivated!#PREVIOUS#,#0xCDC673FF#Portail désactivé !#PREVIOUS#,#0xCDC673FF#Tor deaktiviert!#PREVIOUS#,#0xCDC673FF#Barriera disattivata!#PREVIOUS#,#0xCDC673FF#¡Portal desactivado!#PREVIOUS#,#0xCDC673FF#Geçit devre dışı bırakıldı!#PREVIOUS#
361,0x7F8DC515,#0xCDC673FF#Horde survived!#PREVIOUS#,#0xCDC673FF#Armée survecue !#PREVIOUS#,#0xCDC673FF#Horde überlebt!#PREVIOUS#,#0xCDC673FF#Orda superata!#PREVIOUS#,#0xCDC673FF#¡Has sobrevivido a la horda!#PREVIOUS#,#0xCDC673FF#Sürü saldırısı atlatıldı!#PREVIOUS#
362,0x7FFBA87B,Survive the ambush,Surmonter l'embuscade,Hinterhalt überleben,Sopravvivi all'imboscata,Sobrevive a la emboscada,Pusudan sağ çık
363,0x8030FB29,Talk to Eckhardt about the Leviathan.,Parler du Léviathan à Eckhardt,Mit Eckhardt über den Leviathan reden,Parla del leviatano con Eckhardt,Habla con Eckhardt acerca del leviatán,Leviathan hakkında Eckhardt'la konuş.
364,0x803C31DD,Survive the undead horde,Survivre à l'armée de Morts-vivants,Untote Horde überleben,Sopravvivi all'orda di non morti,Sobrevive a la horda de no muertos,Hortlak sürüsünden sağ çık
365,0x8062EB61,X Marks The Spot,Chasse au trésor,Das Kreuz markiert die Stelle,La X indica il punto,La X marca el lugar,X İşareti Burada
366,0x80B2DF00,#0xCDC673FF#Horn collected!#PREVIOUS#,#0xCDC673FF#Embouchoir trouvé !#PREVIOUS#,#0xCDC673FF#Horn besorgt!#PREVIOUS#,#0xCDC673FF#Corno trovato!#PREVIOUS#,#0xCDC673FF#¡Caracola obtenida!#PREVIOUS#,#0xCDC673FF#Boynuz alındı!#PREVIOUS#
367,0x80E5DADE,I'll find your friends.,Je retrouverai vos amis.,Ich werde Eure Freunde finden.,Troverò i tuoi amici.,Encontraré a tus amigos.,Arkadaşlarını bulacağım.
368,0x81634531,$VALUE of $COMPLETEDVALUE Ickthid eyes,Yeux de Poissard : $VALUE sur $COMPLETEDVALUE,$VALUE von $COMPLETEDVALUE Ickthid-Augen besorgt,$VALUE di $COMPLETEDVALUE occhi di Ickthide,$VALUE de $COMPLETEDVALUE ojos de ickthid,$VALUE/$COMPLETEDVALUE Ickthid gözü
369,0x8189D6D8,#0xCDC673FF#Guardian slain!#PREVIOUS#,#0xCDC673FF#Gardien éliminé !#PREVIOUS#,#0xCDC673FF#Wächter besiegt!#PREVIOUS#,#0xCDC673FF#Guardiano ucciso!#PREVIOUS#,#0xCDC673FF#¡Guardián caído!#PREVIOUS#,#0xCDC673FF#Koruyucu öldürüldü!#PREVIOUS#
370,0x81A03DD2,#0xCDC673FF#Choice made!#PREVIOUS#,#0xCDC673FF#Décision prise !#PREVIOUS#,#0xCDC673FF#Entscheidung getroffen!#PREVIOUS#,#0xCDC673FF#Scelta fatta!#PREVIOUS#,#0xCDC673FF#¡Decisión tomada!#PREVIOUS#,#0xCDC673FF#Seçim yapıldı!#PREVIOUS#
371,0x81AFDB8A,$VALUE of $COMPLETEDVALUE Pumps Destroyed,Pompes détruites : $VALUE sur $COMPLETEDVALUE,$VALUE von $COMPLETEDVALUE Pumpen zerstört,$VALUE di $COMPLETEDVALUE pompe distrutte,$VALUE de $COMPLETEDVALUE bombas destruidas,$VALUE/$COMPLETEDVALUE pompa yok edildi
372,0x81F0B395,#0xCDC673FF#$VALUE of $COMPLETEDVALUE rage cores#PREVIOUS#,#0xCDC673FF#Gemmes : $VALUE sur $COMPLETEDVALUE#PREVIOUS#,#0xCDC673FF#$VALUE von $COMPLETEDVALUE Kernen besorgt#PREVIOUS#,#0xCDC673FF#$VALUE di $COMPLETEDVALUE nuclei d'ira#PREVIOUS#,#0xCDC673FF#$VALUE de $COMPLETEDVALUE núcleos de furia#PREVIOUS#,#0xCDC673FF#$VALUE/$COMPLETEDVALUE öfke çekirdeği#PREVIOUS#
373,0x82B62196,Disable the barrier,Désactiver le champ de force,Barriere deaktivieren,Disattiva la barriera,Desactiva la barrera,Bariyeri devre dışı bırak
374,0x83670EDF,#0xCDC673FF#$VALUE of $COMPLETEDVALUE hunters caught#PREVIOUS#,#0xCDC673FF#Chasseurs pris : $VALUE of $COMPLETEDVALUE#PREVIOUS#,#0xCDC673FF#$VALUE von $COMPLETEDVALUE Jägern gefangen#PREVIOUS#,#0xCDC673FF#$VALUE di $COMPLETEDVALUE cacciatori catturati#PREVIOUS#,#0xCDC673FF#$VALUE de $COMPLETEDVALUE cazadores#PREVIOUS#,#0xCDC673FF#$VALUE/$COMPLETEDVALUE avcı yakalandı#PREVIOUS#
375,0x8370BF55,Kingdom's Grave,Le Tombeau des rois,Königsgrab,Tomba del Reame,Tumba del Reino,Krallık Mezarı
376,0x8374CDAD,Deliver the cores,Récupérer les gemmes de rage,Kerne abliefern,Consegna i nuclei,Entrega los núcleos,Çekirdekleri teslim et
377,0x8377C471,#0xCDC673FF#Throne room entered!#PREVIOUS#,#0xCDC673FF#Dans la salle du trône !#PREVIOUS#,#0xCDC673FF#Thronsaal betreten!#PREVIOUS#,#0xCDC673FF#Sei nella sala del trono!#PREVIOUS#,#0xCDC673FF#¡Entraste en la sala!#PREVIOUS#,#0xCDC673FF#Taht odasına girildi!#PREVIOUS#
378,0x83A97D1E,Rescue Adrian from the malfunctioning Archangel in the Shattered Labs.,Sauvez Adrian de l'Archange défectueux dans les Laboratoires dévastés.,Rette Adrian vor dem defekten Erzengel in den zerschmetterten Laboren.,Salva Adrian dall'Arcangelo ribelle nei Laboratori devastati.,Rescata a Adrian del arcángel maligno en los laboratorios destruidos.,Parçalanmış Laboratuvarlar'daki arızalı Başmelek'ten Adrian'ı kurtar.
379,0x83D01D5F,Defeat Spider Queen.,Éliminer la Reine araignée,Spinnenkönigin besiegen,Sconfiggi la regina ragno,Derrota a la araña reina,Örümcek Kraliçe'yi yen.
380,0x840E0C42,#0xCDC673FF#White Eye slain!#PREVIOUS#,#0xCDC673FF#Pâlœil vaincu !#PREVIOUS#,#0xCDC673FF#Weißauge besiegt!#PREVIOUS#,#0xCDC673FF#Occhiobianco sconfitto!#PREVIOUS#,#0xCDC673FF#¡Ojo Blanco caído!#PREVIOUS#,#0xCDC673FF#Ak Göz yenildi!#PREVIOUS#
381,0x84242E0A,#0xCDC673FF#Choice learned!#PREVIOUS#,#0xCDC673FF#Choix découvert !#PREVIOUS#,#0xCDC673FF#Wahl herausgefunden!#PREVIOUS#,#0xCDC673FF#Scelta scoperta!#PREVIOUS#,#0xCDC673FF#¡Ya sabes a quién eligió!#PREVIOUS#,#0xCDC673FF#Seçim öğrenildi!#PREVIOUS#
382,0x8476871B,Survive the wisp attack,Survivre à l'attaque des Feux follets,Irrlicht-Angriff überleben,Sopravvivi all'attacco dei fuochi fatui,Sobrevive al ataque de los fatuos,Işık ruhlarının saldırısından sağ çık
383,0x848E32B4,Return the venom sacs to Doctor Skalding.,Rapporter les poches de venin au docteur Skalding,Doktor Skalding Giftsäcke übergeben,Porta le sacche di veleno al dottor Skalding,Lleva las glándulas de veneno al doctor Skalding,Zehir keselerini Doktor Skalding'e götür.
384,0x85710E2B,Ashura of Pain,Asura de la douleur,Ashura des Schmerzes,Ashura del dolore,Ashura del dolor,Acının Ashurası
385,0x85BA201A,Key of Light,Clef de lumière,Schlüssel des Lichts,Chiave della luce,Llave de la luz,Işık Anahtarı
386,0x85DE684C,Return to Nexus,Retourner à Nexus,Nach Nexus zurückkehren,Torna a Nexus,Vuelve a Nexus.,Nexus'a dön
387,0x85E3FF20,Defeat Renald,Vaincre Rénald,Renald besiegen,Sconfiggi Renald,Derrota a Renald,Renald'ı yen
388,0x865A49C8,#0xCDC673FF#Fironel found!#PREVIOUS#,#0xCDC673FF#Fironelle trouvée !#PREVIOUS#,#0xCDC673FF#Fironel gefunden!#PREVIOUS#,#0xCDC673FF#Hai trovato Fironel!#PREVIOUS#,#0xCDC673FF#¡Fironel encontrada!#PREVIOUS#,#0xCDC673FF#Fironel bulundu!#PREVIOUS#
389,0x867B0B5C,Infuse the crystal with the Ruinscar's power within the Elder Forest.,Utilisez le pouvoir de la Faille de Ruin pour charger le cristal dans la Forêt ancestrale.,Lade den Kristall im Ältestenwald mit der Macht der Ruinennarbe auf.,Infondi il potere della Cicatrice della rovina nel cristallo all'interno della Foresta degli Antichi.,Imbuye el cristal con el poder de la ruinabrecha del Bosque Antiguo.,Kadim Orman'daki Yıkım Yarası'nın gücünü kristale aktar.
390,0x8681B629,#0xCDC673FF#Sweet release of death!#PREVIOUS#,#0xCDC673FF#Il repose en paix !#PREVIOUS#,#0xCDC673FF#Süße Erlösung des Todes!#PREVIOUS#,#0xCDC673FF#Il sollievo della morte!#PREVIOUS#,#0xCDC673FF#¡Descansa en paz!#PREVIOUS#,#0xCDC673FF#Ölümün tatlı huzuru!#PREVIOUS#
391,0x86B97959,"In Kingdom's Grave, search for evidence of the outcome of the ancient love triangle.",Fouillez le Tombeau des rois pour trouver un indice sur le dénouement de ce triangle amoureux.,Suche in Königsgrab nach Hinweisen über den Ausgang der Dreiecksbeziehung.,Cerca delle prove dell'esito di un antico triangolo amoroso a Tomba del Reame.,"En Tumba del Reino, busca pruebas del resultado de un antiguo triángulo amoroso.",Krallık Mezarı'nda kadim aşk üçgeninin nasıl sonuçlandığına dair kanıt ara.
392,0x8718FB6C,Gather spectre roots for the Goblin Shaman at Predators' Peak.,Rassemblez des racines spectrales pour le shaman gobelin de la Cime des prédateurs.,Sammle an der Jägerspitze Schemenwurzeln für den Goblin-Schamanen.,Raccogli radici spettrali per il Goblin sciamano al Picco del predatore.,Obtén las raíces espectrales para el chamán goblin en el Pico de los Depredadores.,Yırtıcı Zirvesi'ndeki Goblin Şamanı için hayalet kökleri topla.
393,0x87764BE4,$VALUE of $COMPLETEDVALUE ore collected,Morceaux de minerai récupérés : $VALUE sur $COMPLETEDVALUE,$VALUE von $COMPLETEDVALUE Erz beschafft,$VALUE di $COMPLETEDVALUE minerali raccolti,$VALUE de $COMPLETEDVALUE minerales obtenidos.,$VALUE/$COMPLETEDVALUE cevher toplandı
394,0x87966C0D,Infuse the crystal,Charger le cristal,Kristall aufladen,Infondi il cristallo,Imbuye el cristal,Kristali güçlendir
395,0x87972FC4,Defend James,Défendre James,James verteidigen,Difendi James,Defiende a James,James'i koru
396,0x883DEC48,Follow clues to find the keys to a pirate's treasure chest in the Deep!,Suivez les indices pour retrouver les clefs d'un coffre au trésor pirate dans les Bas-fonds !,"Folge den Hinweisen, um die Schlüssel für eine Schatztruhe in der Tiefe zu finden.","Segui gli indizi per trovare le chiavi di uno scrigno del tesoro dei pirati, nell'Abisso!",¡Sigue las pistas para encontrar las llaves del cofre del tesoro pirata en las Profundidades!,Derinlik'teki bir korsan hazine sandığının anahtarlarını bulmak için ipuçlarını takip et!
397,0x88AAFC99,Find the third key.,Retrouver la troisième clef,Finde den dritten Schlüssel,Trova la terza chiave,Encuentra la tercera llave,Üçüncü anahtarı bul.
398,0x88BCA876,#0xCDC673FF#Medals found!#PREVIOUS#,#0xCDC673FF#Médailles trouvées !#PREVIOUS#,#0xCDC673FF#Medaillen gefunden!#PREVIOUS#,#0xCDC673FF#Medaglie trovate!#PREVIOUS#,#0xCDC673FF#¡Medallas encontradas!#PREVIOUS#,#0xCDC673FF#Madalyalar bulundu!#PREVIOUS#
399,0x8905D23B,Discover the Ruinscar's location,Découvrir l'emplacement de la Faille de Ruin,Ruinennarbe finden,Scopri dove si trova la Cicatrice della rovina,Encuentra la ubicación de la ruinabrecha,Yıkım Yarası'nın yerini keşfet
400,0x892D02DE,Open the vault door,Ouvrir la porte de la grotte,Kavernentür öffnen,Apri la porta della cripta,Abre la puerta de la cámara,Kasa kapısını aç
401,0x89A57714,Lost to the Tide,Disparu en mer,Verloren an die Gezeiten,Disperso nella marea,Perdido en la marea,Gelgitte Kayıp
402,0x89E633ED,$VALUE of $COMPLETEDVALUE Clues Found,Indices trouvés : $VALUE sur $COMPLETEDVALUE,$VALUE von $COMPLETEDVALUE Spuren gefunden,$VALUE di $COMPLETEDVALUE indizi trovati,$VALUE de $COMPLETEDVALUE pistas encontradas,$VALUE/$COMPLETEDVALUE ipucu bulundu
403,0x8A878D65,#0xCDC673FF#Returned!#PREVIOUS#,#0xCDC673FF#Katrina trouvée !#PREVIOUS#,#0xCDC673FF#Zurückgekehrt!#PREVIOUS#,#0xCDC673FF#Hai fatto ritorno!#PREVIOUS#,#0xCDC673FF#¡Has vuelto!#PREVIOUS#,#0xCDC673FF#Geri dönüldü!#PREVIOUS#
404,0x8A949447,Access Denied,Accès interdit,Kein Zutritt,Accesso negato,Acceso denegado,Erişim Reddedildi
405,0x8B517DDF,Disable the wards,Désactiver les champs de force,Schutzvorrichtungen deaktivieren,Disattiva le difese,Desactiva los sellos,Mühürleri devre dışı bırak
406,0x8BA6445B,Lure and defeat the primal guardian in the Beastlands to free Michadele,Débusquez et éliminez le Gardien archéen dans les Terres sauvages pour libérer Michadèle.,"Besiege in den Bestienlanden den Urwächter, um Michadele zu befreien",Attira e sconfiggi la Primeva guardiana nelle Terre bestiali per liberare Michadele.,Haz salir y derrota al guardián primario en Bestialandia para liberar a Michadele.,Michadele'yi kurtarmak için Canavar Diyarı'ndaki kadim muhafızı tuzağa çekip yen
407,0x8BAAC055,Primal Hostility,Hostilité archéenne,Urfeindschaft,Primeva nemica,Hostilidad primaria,Kadim Düşmanlık
408,0x8BDFFE0C,Defeat the Ashura of Pain,Éliminer l'Asura de la douleur,Ashura des Schmerzes besiegen,Sconfiggi l'Ashura del dolore,Derrota al ashura del dolor,Acının Ashurası’nı yen
409,0x8D4A0C33,#0xCDC673FF#Ambush survived!#PREVIOUS#,#0xCDC673FF#Embuscade surmontée !#PREVIOUS#,#0xCDC673FF#Hinterhalt überlebt!#PREVIOUS#,#0xCDC673FF#Imboscata superata!#PREVIOUS#,#0xCDC673FF#¡Emboscada superada!#PREVIOUS#,#0xCDC673FF#Pusudan sağ çıkıldı!#PREVIOUS#
410,0x8D7D858F,Scatter petals on web.,Répandre les pétales sur la toile,Blütenblätter auf das Netz streuen,Spargi i petali sulla ragnatela,Echa los pétalos en la tela de araña,Ağın üzerine yapraklar serp.
411,0x8E59D247,$VALUE of $COMPLETEDVALUE amber cores.,Cœurs d'ambre : $VALUE sur $COMPLETEDVALUE,$VALUE von $COMPLETEDVALUE Bernsteinkernen besorgt,$VALUE di $COMPLETEDVALUE nuclei d'ambra,$VALUE de $COMPLETEDVALUE núcleos de ámbar,$VALUE/$COMPLETEDVALUE kehribar çekirdeği.
412,0x8ED60F2A,Dead Ore Alive,Gare aux Golems,Erzliche Grüße,Vivi o morti,Por un puñado de minerales,Ölü Cevher Canlı
413,0x8F3E27EA,#0xCDC673FF#Elder found!#PREVIOUS#,#0xCDC673FF#Ancien trouvé !#PREVIOUS#,#0xCDC673FF#Ältesten gefunden!#PREVIOUS#,#0xCDC673FF#Antico trovato!#PREVIOUS#,#0xCDC673FF#¡Anciano encontrado!#PREVIOUS#,#0xCDC673FF#Kadim bulundu!#PREVIOUS#
414,0x8FE632ED,#0xCDC673FF#Ore returned!#PREVIOUS#,#0xCDC673FF#Minerai rapporté !#PREVIOUS#,#0xCDC673FF#Erz zurückgebracht!#PREVIOUS#,#0xCDC673FF#Minerale restituito!#PREVIOUS#,#0xCDC673FF#¡Mineral devuelto!#PREVIOUS#,#0xCDC673FF#Cevher geri verildi!#PREVIOUS#
415,0x905204B8,$VALUE of $COMPLETEDVALUE Crystals Activated,Cristaux activés : $VALUE sur $COMPLETEDVALUE,$VALUE von $COMPLETEDVALUE Kristallen aktiviert,$VALUE di $COMPLETEDVALUE cristalli attivati,$VALUE de $COMPLETEDVALUE cristales activados,$VALUE/$COMPLETEDVALUE kristal etkinleştirildi
416,0x90E1DE2E,Speak with Michadele,S'adresser à Michadèle,Mit Michadele reden,Parla con Michadele,Habla con Michadele,Michadele ile konuş
417,0x91D25412,Discover who Lianelle chose,Découvrir sur qui s'est porté le choix de Lianelle,"Herausfinden, für wen sich Lianelle entschieden hat",Scopri chi è stato il prescelto di Lianelle,Averigua a quién eligió Lianelle,Lianelle'in kimi seçtiğini öğren
418,0x92165839,Breach the throne room,Pénétrer dans la salle du trône,In Thronsaal eindringen,Penetra nella sala del trono,Irrumpe en la sala del trono,Taht odasına gir
419,0x921D0B50,Defeat the Spectral Knight.,Éliminer le Chevalier spectral.,Spektralritter besiegen,Sconfiggi il Cavaliere spettrale,Derrota al caballero espectral,Hayalet Şövalye'yi yen.
420,0x9274BA0F,"In the Undersprawl, hunt down the Skeleton Bandit and retrieve his helmet for the Orphan Girl in Nexus.",Traquez le Brigand squelette dans les Profondeurs et récupérez son casque pour la petite orpheline de Nexus.,Stelle in den Tiefenstollen den Skelett-Banditen und bring seinen Helm dem Waisenmädchen in Nexus.,Dai la caccia allo scheletro bandito nel Caos profondo e recupera il suo elmo per l'orfana di Nexus.,"En Bajomundo, dale caza al esqueleto bandido y recupera su yelmo para la huérfana de Nexus.",Derin Dehlizler'de İskelet Haydut'u avla ve miğferini Nexus'taki Yetim Kız için al.
421,0x93CFFB46,Return to Branston,Revenir auprès de Branston,Zu Branston zurückkehren,Torna da Branston,Vuelve con Branston,Branston'a dön
422,0x946869C9,"In the Rimefell, open the goblins' treasure vault.",Ouvrez la salle au trésor des Gobelins du Givremont.,Öffne in der Reifpassage die Schatzkammer der Goblins.,Apri la cripta del tesoro dei Goblin a Vilbrina.,Abre la cámara del tesoro de los goblins en Rimefell.,Kırağı Tepesi'nde goblinlerin hazine kasasını aç.
423,0x946C8895,#0xCDC673FF#Remains destroyed!#PREVIOUS#,#0xCDC673FF#Restes détruits !#PREVIOUS#,#0xCDC673FF#Überreste zerstört!#PREVIOUS#,#0xCDC673FF#Resti distrutti!#PREVIOUS#,#0xCDC673FF#¡Restos destruidos!#PREVIOUS#,#0xCDC673FF#Kalıntılar yok edildi!#PREVIOUS#
424,0x94D768FF,$VALUE of $COMPLETEDVALUE mystic ice,Morceaux de glace mystique : $VALUE sur $COMPLETEDVALUE,$VALUE von $COMPLETEDVALUE mystischem Eis besorgt,$VALUE di $COMPLETEDVALUE ghiaccio mistico,$VALUE de $COMPLETEDVALUE piezas de hielo místico,$VALUE/$COMPLETEDVALUE mistik buz
425,0x95066316,If You Want Something Done,Bons à rien,Wenn etwas erledigt werden muss,Se vuoi che qualcosa sia fatto bene...,Si quieres que se haga algo bien...,İşini Kendin Görmek İstiyorsan
426,0x952EF60E,#0xCDC673FF#Song learned!#PREVIOUS#,#0xCDC673FF#Mélodie apprise !#PREVIOUS#,#0xCDC673FF#Lied gelernt!#PREVIOUS#,#0xCDC673FF#Canzone imparata!#PREVIOUS#,#0xCDC673FF#¡Canción aprendida!#PREVIOUS#,#0xCDC673FF#Şarkı öğrenildi!#PREVIOUS#
427,0x9569B764,Defeat Adrian,Vaincre Adrian,Adrian besiegen,Sconfiggi Adrian,Derrota a Adrian,Adrian'ı yen
428,0x9575D3CC,Deliver a final message to Katrina in Nexus for her father.,Rapportez les dernières paroles de son père à Katrina dans la cité de Nexus.,Überbringe Katrina in Nexus eine letzte Botschaft ihres Vaters.,"Consegna un ultimo messaggio a Katrina, a Nexus, per conto di suo padre.",Llévale el mensaje final a Katrina en Nexus de parte de su padre.,Babası adına Nexus'taki Katrina'ya son bir mesaj ilet.
429,0x9588A5D0,#0xCDC673FF#Labs found!#PREVIOUS#,#0xCDC673FF#Laboratoires trouvés !#PREVIOUS#,#0xCDC673FF#Laboratorien gefunden!#PREVIOUS#,#0xCDC673FF#Laboratori trovati!#PREVIOUS#,#0xCDC673FF#¡Laboratorios hallados!#PREVIOUS#,#0xCDC673FF#Laboratuvarlar bulundu!#PREVIOUS#
430,0x96950E64,Activate the chamber,Activer la chambre,Kammer aktivieren,Attiva la camera,Activa la cámara,Odayı etkinleştir
431,0x96CC151D,I may have something of yours…,Accédez au laboratoire d'Eckhardt et retrouvez la cargaison de potions perdue.,"Ich habe vielleicht etwas, das Euch gehört ...",Potrei avere qualcosa che ti appartiene...,Puede que tenga algo tuyo...,Sana ait bir şey bende olabilir…
432,0x970EACE5,#0xCDC673FF#Cores delivered!#PREVIOUS#,#0xCDC673FF#Gemmes récupérées !#PREVIOUS#,#0xCDC673FF#Kerne abgeliefert!#PREVIOUS#,#0xCDC673FF#Nuclei consegnati!#PREVIOUS#,#0xCDC673FF#¡Núcleos entregados!#PREVIOUS#,#0xCDC673FF#Çekirdekler teslim edildi!#PREVIOUS#
433,0x994EF66A,#0xCDC673FF#$VALUE of $COMPLETEDVALUE elements gathered#PREVIOUS#,#0xCDC673FF#Éléments : $VALUE sur $COMPLETEDVALUE#PREVIOUS#,#0xCDC673FF#$VALUE von $COMPLETEDVALUE Elementen gesammelt#PREVIOUS#,#0xCDC673FF#$VALUE di $COMPLETEDVALUE elementi raccolti#PREVIOUS#,#0xCDC673FF#$VALUE de $COMPLETEDVALUE elementos reunidos#PREVIOUS#,#0xCDC673FF#$VALUE/$COMPLETEDVALUE element toplandı#PREVIOUS#
434,0x99CAA268,Find a safe location in Nexus for the brain,Trouver un endroit sûr pour le cerveau,In Nexus sicheren Platz für das Gehirn finden,Trova un luogo sicuro a Nexus per il cervello,Busca un lugar seguro en Nexus para el cerebro,Beyin için Nexus'ta güvenli bir yer bul
435,0x9A6E6890,Waterlogged Relics,Reliques détrempées,Wasserdurchtränkte Relikte,Reliquie fradice,Reliquias empapadas,Sırılsıklam Kalıntılar
436,0x9A7EE7F9,Save Our Swag,Butin convoité,Beuterettung,Salva le nostre cose,Salva nuestras cosas,Eşyalarımızı Kurtarın
437,0x9A85FCFF,Defeat Fironel and the Wyvern in a duel for Ataraxis' crystal.,Vainquez Fironelle et sa Guivre pour récupérer le cristal d'Ataraxis.,Besiege Fironel und den Wyvern im Duell um Ataraxis' Kristall.,Sconfiggi Fironel e la viverna in un duello per il cristallo di Ataraxis.,Derrota a Fironel y al wivern en un duelo por el cristal de Ataraxis.,Ataraxis'in kristali için Fironel ve Wyvern'i düelloda yen.
438,0x9AEC9F96,#0xCDC673FF#Crate found!#PREVIOUS#,#0xCDC673FF#Caisse trouvée !#PREVIOUS#,#0xCDC673FF#Kiste gefunden!#PREVIOUS#,#0xCDC673FF#Cassa trovata!#PREVIOUS#,#0xCDC673FF#¡Caja encontrada!#PREVIOUS#,#0xCDC673FF#Sandık bulundu!#PREVIOUS#
439,0x9B2B4D21,Hungry Hungry Hippode,Hippode glouton,Hungriger Hippode,Ippodonte affamato,Hippode glotón,Aç Hippode
440,0x9BA16D6C,Damned Bats!,Maudites bestioles,Verdammte Fledermäuse!,Maledetti pipistrelli!,¡Malditos murciélagos!,Lanet Olası Yarasalar!
441,0x9BCF72A1,#0xCDC673FF#Michadele slain!#PREVIOUS#,#0xCDC673FF#Michadèle vaincue !#PREVIOUS#,#0xCDC673FF#Michadele besiegt!#PREVIOUS#,#0xCDC673FF#Michadele sconfitta!#PREVIOUS#,#0xCDC673FF#¡Michadele derrotada!#PREVIOUS#,#0xCDC673FF#Michadele öldürüldü!#PREVIOUS#
442,0x9BF0246C,#0xCDC673FF#Roots returned!#PREVIOUS#,#0xCDC673FF#Racines remises !#PREVIOUS#,#0xCDC673FF#Wurzeln übergeben!#PREVIOUS#,#0xCDC673FF#Radici consegnate!#PREVIOUS#,#0xCDC673FF#¡Raíces entregadas!#PREVIOUS#,#0xCDC673FF#Kökler geri verildi!#PREVIOUS#
443,0x9BF18A83,Read the journal page.,Lire la page du journal,Lies die Tagebuchseite.,Leggi la pagina del diario.,Lee la página del diario.,Günlük sayfasını oku.
444,0x9C0990DE,#0xCDC673FF#Ashes scattered!#PREVIOUS#,#0xCDC673FF#Cendres dispersées !#PREVIOUS#,#0xCDC673FF#Asche verstreut!#PREVIOUS#,#0xCDC673FF#Ceneri disperse!#PREVIOUS#,#0xCDC673FF#¡Cenizas dispersadas!#PREVIOUS#,#0xCDC673FF#Küller saçıldı!#PREVIOUS#
445,0x9C48580F,Find pieces of goblin technology for the Curator in Nexus. Each piece you find will reward you with more gold!,"Retrouvez plusieurs équipements technologiques gobelins pour le conservateur de Nexus. Pour chaque équipement rapporté, vous recevrez une récompense sonnante et trébuchante !","Finde Goblin-Technologien für den Kurator in Nexus. Für jedes Teil, das du findest, bekommst du mehr Gold!",Trova degli esempi di tecnologia goblin per il custode di Nexus. Ogni pezzo che troverai ti frutterà più oro!,Encuentra las piezas de tecnología para el guardián de Nexus. ¡Cada pieza te recompensará con más oro!,Nexus'taki Küratör için goblin teknolojisi parçaları bul. Bulduğun her parça daha fazla altın kazandırır!
446,0x9C79C5E8,#0xCDC673FF#$VALUE of $COMPLETEDVALUE clues found#PREVIOUS#,#0xCDC673FF#Indices trouvés : $VALUE sur $COMPLETEDVALUE#PREVIOUS#,#0xCDC673FF#$VALUE von $COMPLETEDVALUE Spuren gefunden#PREVIOUS#,#0xCDC673FF#$VALUE di $COMPLETEDVALUE indizi trovati#PREVIOUS#,#0xCDC673FF#$VALUE de $COMPLETEDVALUE pistas#PREVIOUS#,#0xCDC673FF#$VALUE/$COMPLETEDVALUE ipucu bulundu#PREVIOUS#
447,0x9C893491,Find a map of ancient ruins in the Sorcerers' Vault and bring it to Nolan Hart in Nexus.,"Trouvez la carte des ruines anciennes dans l'Arche des sorciers, puis revenez à Nexus pour la remettre à Nolan Hart.",Finde im Magiergewölbe eine Karte alter Ruinen und bring sie zu Nolan Hart nach Nexus.,Trova una mappa delle antiche rovine nella Cripta del mago e portala a Nolan Hart a Nexus.,Busca un mapa de las antiguas ruinas en la Cámara de los hechiceros y llévaselo a Nolan Hart en Nexus.,Büyücülerin Kasası'nda kadim harabelerin haritasını bul ve Nexus'taki Nolan Hart'a götür.
448,0x9C9E0DC8,#0xCDC673FF#Knight defeated!#PREVIOUS#,#0xCDC673FF#Chevalier éliminé !#PREVIOUS#,#0xCDC673FF#Ritter besiegt!#PREVIOUS#,#0xCDC673FF#Cavaliere sconfitto!#PREVIOUS#,#0xCDC673FF#¡Caballero derrotado!#PREVIOUS#,#0xCDC673FF#Şövalye yenildi!#PREVIOUS#
449,0x9CD60E66,Infuse the crystal,Charger le cristal,Kristall aufladen,Infondi il cristallo,Imbuye el cristal,Kristali güçlendir
450,0x9D0B5A95,Unlock the door,Déverrouiller la porte,Tor öffnen,Apri la porta,Abre la puerta,Kapının kilidini aç
451,0x9D2EFE23,Price of Admission,Passage,Eintrittspreis,Il prezzo del biglietto,Precio de admisión,Giriş Bedeli
452,0x9D42AD86,#0xCDC673FF#Blackfin slain!#PREVIOUS#,#0xCDC673FF#Lamenoir vaincu !#PREVIOUS#,#0xCDC673FF#Schwarzflosse besiegt!#PREVIOUS#,#0xCDC673FF#Pinnanera sconfitto!#PREVIOUS#,#0xCDC673FF#¡Aleta Negra caído!#PREVIOUS#,#0xCDC673FF#Karayüzgeç yenildi!#PREVIOUS#
453,0x9DB2DBB9,Find a way to harm the knight.,Trouver un moyen de blesser le chevalier,"Finde einen Weg, den Ritter zu verwunden",Trova un modo per ferire il cavaliere,Busca un modo de dañar al caballero,Şövalyeye zarar vermenin bir yolunu bul.
454,0x9E073505,#0xCDC673FF#Damage taken!#PREVIOUS#,#0xCDC673FF#Raclée prise !#PREVIOUS#,#0xCDC673FF#Schaden erlitten!#PREVIOUS#,#0xCDC673FF#Danni subiti!#PREVIOUS#,#0xCDC673FF#¡Daño recibido!#PREVIOUS#,#0xCDC673FF#Hasar alındı!#PREVIOUS#
455,0x9E0B1386,Summon the Leviathan,Invoquer le Léviathan,Leviathan beschwören,Richiama il leviatano,Invoca al leviatán,Leviathan'ı çağır
456,0x9E0E2EE0,Defeat the Hippode,Éliminer l'Hippode,Hippoden besiegen,Sconfiggi l'ippodonte,Derrota al hippode,Hippode'u yen
457,0x9E4234F5,#0xCDC673FF#Ruinscar found!#PREVIOUS#,#0xCDC673FF#Faille de Ruin trouvée !#PREVIOUS#,#0xCDC673FF#Ruinennarbe gefunden!#PREVIOUS#,#0xCDC673FF#Cicatrice della rovina trovata!#PREVIOUS#,#0xCDC673FF#¡Ruinabrecha encontrada!#PREVIOUS#,#0xCDC673FF#Yıkım Yarası bulundu!#PREVIOUS#
458,0x9EC74AB1,#0xCDC673FF#Helmet found!#PREVIOUS#,#0xCDC673FF#Casque trouvé !#PREVIOUS#,#0xCDC673FF#Helm gefunden!#PREVIOUS#,#0xCDC673FF#Elmo trovato!#PREVIOUS#,#0xCDC673FF#¡Yelmo encontrado!#PREVIOUS#,#0xCDC673FF#Miğfer bulundu!#PREVIOUS#
459,0x9ECD8F2A,Find a new crystal for Ataraxis at the Crystal Path.,Trouvez un nouveau cristal pour Ataraxis sur la Voie cristalline.,Finde am Kristallpfad einen neuen Kristall für Ataraxis.,Trova un nuovo cristallo per Ataraxis lungo il Sentiero di cristallo.,Busca un nuevo cristal para Ataraxis en el Camino de Cristal.,Kristal Yolu'nda Ataraxis için yeni bir kristal bul.
460,0x9F0AEC65,#0xCDC673FF#$VALUE of $COMPLETEDVALUE spectre roots#PREVIOUS#,#0xCDC673FF#Racines : $VALUE sur $COMPLETEDVALUE#PREVIOUS#,#0xCDC673FF#$VALUE von $COMPLETEDVALUE Wurzeln gesammelt#PREVIOUS#,#0xCDC673FF#$VALUE di $COMPLETEDVALUE radici spettrali#PREVIOUS#,#0xCDC673FF#$VALUE de $COMPLETEDVALUE raíces espectrales#PREVIOUS#,#0xCDC673FF#$VALUE/$COMPLETEDVALUE hayalet kökü#PREVIOUS#
461,0xA0A888F8,You still need to find the #0x98B7D4FF#key#PREVIOUS# to the chest. Perhaps one of the nearby monsters has scavenged it…,Vous n'avez toujours pas la #0x98B7D4FF#clef#PREVIOUS# du coffre. Peut-être l'un des monstres des environs l'a-t-il volée ?,Ihr müsst noch immer den #0x98B7D4FF#Schlüssel#PREVIOUS# zur Truhe finden. Vielleicht hat ihn eines der Monster in der Nähe ...,Devi ancora trovare la #0x98B7D4FF#chiave#PREVIOUS# della cassa. Forse l'ha presa uno dei mostri nei dintorni...,Sigues necesitando la #0x98B7D4FF#llave#PREVIOUS# del cofre. Quizás uno de los monstruos cercanos la cogió.,Sandığın #0x98B7D4FF#anahtarını#PREVIOUS# hâlâ bulman gerekiyor. Yakındaki yaratıklardan biri onu almış olabilir…
462,0xA0A9795C,#0xCDC673FF#$VALUE of $COMPLETEDVALUE ore collected#PREVIOUS#,#0xCDC673FF#Minerai : $VALUE sur $COMPLETEDVALUE#PREVIOUS#,#0xCDC673FF#$VALUE von $COMPLETEDVALUE Erz beschafft#PREVIOUS#,#0xCDC673FF#$VALUE di $COMPLETEDVALUE minerali raccolti#PREVIOUS#,#0xCDC673FF#$VALUE de $COMPLETEDVALUE minerales obtenidos#PREVIOUS#,#0xCDC673FF#$VALUE/$COMPLETEDVALUE cevher toplandı#PREVIOUS#
463,0xA0BD9B30,Caged and Confused,En proie au désespoir,Eingesperrt und verwirrt,Una situazione difficile,Enjaulado y confuso,Kafeste ve Şaşkın
464,0xA12269C4,Find the missing husband,Retrouver l'homme disparu,Verschwundenen Ehemann finden,Trova il marito scomparso,Encuentra al marido desaparecido,Kayıp kocayı bul
465,0xA17F3B91,#0xCDC673FF#Bandit King slain!#PREVIOUS#,#0xCDC673FF#Roi brigand vaincu !#PREVIOUS#,#0xCDC673FF#Banditenkönig besiegt!#PREVIOUS#,#0xCDC673FF#Re dei banditi sconfitto!#PREVIOUS#,#0xCDC673FF#¡Rey Bandido caído!#PREVIOUS#,#0xCDC673FF#Haydut Kral öldürüldü!#PREVIOUS#
466,0xA1B19E5E,$VALUE of $COMPLETEDVALUE crab legs,Pattes de Crabe : $VALUE sur $COMPLETEDVALUE,$VALUE von $COMPLETEDVALUE Krabbenbeinen besorgt,$VALUE di $COMPLETEDVALUE chele di granchio,$VALUE de $COMPLETEDVALUE patas de cangrejo,$VALUE/$COMPLETEDVALUE yengeç bacağı
467,0xA1B3FBC4,#0xCDC673FF#Map delivered!#PREVIOUS#,#0xCDC673FF#Carte remise !#PREVIOUS#,#0xCDC673FF#Karte überbracht!#PREVIOUS#,#0xCDC673FF#Mappa consegnata!#PREVIOUS#,#0xCDC673FF#¡Mapa entregado!#PREVIOUS#,#0xCDC673FF#Harita teslim edildi!#PREVIOUS#
468,0xA1D3B472,$VALUE of $COMPLETEDVALUE elements gathered,Éléments rassemblés : $VALUE sur $COMPLETEDVALUE,$VALUE von $COMPLETEDVALUE Elementen gesammelt,$VALUE di $COMPLETEDVALUE elementi raccolti,$VALUE de $COMPLETEDVALUE elementos reunidos,$VALUE/$COMPLETEDVALUE element toplandı
469,0xA1FDE86E,#0xCDC673FF#$VALUE of $COMPLETEDVALUE tentacles#PREVIOUS#,#0xCDC673FF#Tentacules : $VALUE sur $COMPLETEDVALUE#PREVIOUS#,#0xCDC673FF#$VALUE von $COMPLETEDVALUE Tentakeln besorgt#PREVIOUS#,#0xCDC673FF#$VALUE di $COMPLETEDVALUE tentacoli#PREVIOUS#,#0xCDC673FF#$VALUE de $COMPLETEDVALUE tentáculos#PREVIOUS#,#0xCDC673FF#$VALUE/$COMPLETEDVALUE dokunaç#PREVIOUS#
470,0xA210E6EB,Deactivate the gateway,Désactiver le portail,Tor deaktivieren,Disattiva la barriera energetica,Desactiva el portal,Geçidi devre dışı bırak
471,0xA2EC5D7C,I'm interested. What do you need me to do?,Cela m'intéresse. De quoi avez-vous besoin ?,Ich bin interessiert. Was soll ich für Euch tun?,Mi interessa. Che cosa devo fare?,Me interesa. ¿Qué quieres que haga?,İlgimi çekti. Ne yapmam gerekiyor?
472,0xA3B65CF2,"Beat on Frosthome gargoyles until they become enraged, then slay them and gather their enraged cores.","Combattez des Gargouilles à l'Arcticamp jusqu'à ce qu'elles deviennent folles de rage, puis éliminez-les pour récupérer leurs gemmes de rage.","Schlage Frostheim-Gargylen bis sie wütend werden, und töte sie dann, um ihre wütenden Kerne an dich zu nehmen.","Colpisci i gargoyle di Gelanda fino a farli infuriare, quindi sconfiggili e raccogli i loro nuclei d'ira.",Ataca a las gárgolas de Casafría hasta que se enfurezcan; luego mátalas para obtener sus núcleos de furia.,"Ayazyurt gargoylelerini öfkelenene kadar döv, sonra öldürüp öfke çekirdeklerini topla."
473,0xA4682272,Rescue Adrian,Secourir Adrian,Adrian retten,Salva Adrian,Rescata a Adrian,Adrian'ı kurtar
474,0xA46F35E4,Deliver Ataraxis's map to Marcus in Nexus.,Retournez à Nexus pour remettre la carte d'Ataraxis à Marcus.,Bringe Ataraxis' Karte zu Marcus nach Nexus.,Consegna la mappa di Ataraxis a Marcus a Nexus.,Entrega el mapa de Ataraxis a Marcus en Nexus.,Ataraxis'in haritasını Nexus'taki Marcus'a götür.
475,0xA49BF0CE,Speak with James,Parler à James,Mit James reden,Parla con James,Habla con James,James ile konuş
476,0xA5359FCD,#0xCDC673FF#Door unlocked!#PREVIOUS#,#0xCDC673FF#Porte ouverte !#PREVIOUS#,#0xCDC673FF#Tor geöffnet!#PREVIOUS#,#0xCDC673FF#Porta aperta!#PREVIOUS#,#0xCDC673FF#¡Puerta abierta!#PREVIOUS#,#0xCDC673FF#Kapının kilidi açıldı!#PREVIOUS#
477,0xA57C1BC4,#0xCDC673FF#Arrived!#PREVIOUS#,#0xCDC673FF#Vous avez rejoint Nexus !#PREVIOUS#,#0xCDC673FF#Angekommen!#PREVIOUS#,#0xCDC673FF#Sei a destinazione!#PREVIOUS#,#0xCDC673FF#¡Has llegado!#PREVIOUS#,#0xCDC673FF#Varıldı!#PREVIOUS#
478,0xA5B14068,#0xCDC673FF#$VALUE of $COMPLETEDVALUE venom sacs#PREVIOUS#,#0xCDC673FF#Poches : $VALUE sur $COMPLETEDVALUE#PREVIOUS#,#0xCDC673FF#$VALUE von $COMPLETEDVALUE Säcken besorgt#PREVIOUS#,#0xCDC673FF#$VALUE di $COMPLETEDVALUE sacche di veleno#PREVIOUS#,#0xCDC673FF#$VALUE de $COMPLETEDVALUE glándulas veneno#PREVIOUS#,#0xCDC673FF#$VALUE/$COMPLETEDVALUE zehir kesesi#PREVIOUS#
479,0xA6D5A868,Speak to Celdria in the Beastlands,Adressez-vous à Celdria dans les Terres sauvages.,In den Bestienlanden mit Celdria reden.,Parla con Celdria nelle Terre bestiali.,Habla con Celdria en Bestialandia.,Canavar Diyarı'nda Celdria ile konuş
480,0xA6DA2462,The Beastlands,Les Terres sauvages,Die Bestienlande,Le Terre bestiali,Bestialandia,Canavar Diyarı
481,0xA734C52A,"In Nature's Pulse, destroy the worldly remains of a powerful specter, then defeat it once and for all, and then report back to the Vengeful Old Man in Nexus.","Détruisez les restes temporels de ce puissant Spectre dans le Berceau des âges, éliminez-le une fois pour toutes, puis retournez voir le vieil homme rancunier à Nexus.",Vernichte in Naturs Puls die sterblichen Überreste eines mächtigen Schemen und besiege diesen dann ein für alle Mal. Danach erstatte dem Rachsüchtigen alten Mann in Nexus Bericht.,"Distruggi i resti mortali di un potente spettro a Impulso della natura, sconfiggendolo definitivamente. Una volta finito, torna dal vecchio vendicativo a Nexus.","En Pulso de la Naturaleza, destruye los restos terrenales de un poderoso espectro y luego derrótalo de una vez por todas. Después, informa de ello al anciano vengativo en Nexus.","Doğanın Nabzı'nda güçlü bir hayaletin dünyevi kalıntılarını yok et, ardından onu sonsuza dek yen ve Nexus'taki İntikamcı Yaşlı Adam'a dön."
482,0xA760CD61,Wanted! For Piracy and Murder,Pirates recherchés,Gesucht! Piraten!,Ricercati!,Se busca a estos piratas,Aranıyor! Korsanlık ve Cinayet
483,0xA76FED14,#0xCDC673FF#Gate Keeper defeated!#PREVIOUS#,#0xCDC673FF#Gardien vaincu !#PREVIOUS#,#0xCDC673FF#Torhüter besiegt!#PREVIOUS#,#0xCDC673FF#Custode sconfitto!#PREVIOUS#,#0xCDC673FF#¡Guardián derrotado!#PREVIOUS#,#0xCDC673FF#Kapı Bekçisi yenildi!#PREVIOUS#
484,0xA7FE39BB,#0xCDC673FF#Trapjaw slain!#PREVIOUS#,#0xCDC673FF#Braco vaincu !#PREVIOUS#,#0xCDC673FF#Klappmaul besiegt!#PREVIOUS#,#0xCDC673FF#Mascella di ferro sconfitto!#PREVIOUS#,#0xCDC673FF#¡Mandíbulas caído!#PREVIOUS#,#0xCDC673FF#Kapançene yenildi!#PREVIOUS#
485,0xA8374D16,Retrieve song from pirate captain,Voler la mélodie du capitaine pirate,Lied vom Piratenkapitän beschaffen,Impara la canzone nel diario del capitano,Róbale la canción al capitán pirata,Korsan kaptandan şarkıyı al
486,0xA8AB430C,Speak with the goblin scientist.,S'adresser au scientifique gobelin,Mit dem Goblin-Forscher reden,Parla con il Goblin scienziato,Habla con el científico goblin,Goblin bilim insanıyla konuş.
487,0xA90E8830,Gather the elements the Elders require to forge the weapon.,Rassemblez les éléments demandés par l'Ancien pour forger l'arme promise.,"Besorge die Elemente, die die Ältesten brauchen, um die Waffe zu schmieden.",Raccogli gli elementi necessari agli antichi per forgiare l'arma.,Obtén los elementos que los ancianos necesitan para forjar el arma.,Kadimlerin silahı dövmek için istediği elementleri topla.
488,0xA9F1DE9B,Defeat the Gate Keeper,Éliminer le Gardien de la porte,Torhüter besiegen,Sconfiggi il custode,Derrota al guardián de la puerta,Kapı Bekçisini yen
489,0xAA02AE1C,#0xCDC673FF#Crystal energized!#PREVIOUS#,#0xCDC673FF#Cristal activé !#PREVIOUS#,#0xCDC673FF#Kristall aufgeladen!#PREVIOUS#,#0xCDC673FF#Cristallo energizzato!#PREVIOUS#,#0xCDC673FF#¡Cristal energizado!#PREVIOUS#,#0xCDC673FF#Kristal enerjiyle dolduruldu!#PREVIOUS#
490,0xAA2E34A1,Return to Vinache,Retourner auprès de Vinache,Zu Vinache zurückkehren,Torna da Vinache,Vuelve con Vinache,Vinache'ye dön
491,0xAB018D87,#0xCDC673FF#Chest unlocked!#PREVIOUS#,#0xCDC673FF#Coffre ouvert !#PREVIOUS#,#0xCDC673FF#Truhe geöffnet!#PREVIOUS#,#0xCDC673FF#Scrigno aperto!#PREVIOUS#,#0xCDC673FF#¡Cofre abierto!#PREVIOUS#,#0xCDC673FF#Sandık açıldı!#PREVIOUS#
492,0xAB33243C,Destroy the Bloodoak,Détruire le Chêne-de-sang,Bluteiche zerstören,Distruggi la quercia sanguinaria,Destruye el roble sangriento,Kan Meşesi'ni yok et
493,0xAB77090F,Sub-Zero,Zéro absolu,Unter Null,Sotto zero,Sub-cero,Sıfırın Altında
494,0xABCEBDE9,Return to the Medic,Revenir auprès du médecin,Zum Medicus zurückkehren,Torna dal medico,Vuelve con el médico,Sıhhiyeciye dön
495,0xACDC5834,Return to the Anxious Woman in Nexus.,Revenir auprès de la femme angoissée à Nexus,Kehre zur besorgten Frau in Nexus zurück,Torna dalla donna ansiosa a Nexus,Vuelve con la mujer inquieta de Nexus,Nexus'taki Endişeli Kadın'a dön.
496,0xADACC792,Infuse the crystal with the Ruinscar's power within the Coral Tombs.,Utilisez le pouvoir de la Faille de Ruin pour charger le cristal au Cimetière de corail.,Lade den Kristall in den Korallengräbern mit der Macht der Ruinennarbe auf.,Infondi il potere della Cicatrice della rovina nel cristallo all'interno delle Tombe di corallo.,Imbuye el cristal con el poder de la ruinabrecha dentro de las Tumbas de Coral.,Mercan Mezarları'ndaki Yıkım Yarası'nın gücünü kristale aktar.
497,0xADC8A651,#0xCDC673FF#Helmet delivered!#PREVIOUS#,#0xCDC673FF#Casque rapporté !#PREVIOUS#,#0xCDC673FF#Helm übergeben!#PREVIOUS#,#0xCDC673FF#Elmo consegnato!#PREVIOUS#,#0xCDC673FF#¡Yelmo entregado!#PREVIOUS#,#0xCDC673FF#Miğfer teslim edildi!#PREVIOUS#
498,0xAE952C14,#0xCDC673FF#$VALUE of $COMPLETEDVALUE spellbooks#PREVIOUS#,#0xCDC673FF#Grimoires : $VALUE sur $COMPLETEDVALUE#PREVIOUS#,#0xCDC673FF#$VALUE von $COMPLETEDVALUE Büchern besorgt#PREVIOUS#,#0xCDC673FF#$VALUE di $COMPLETEDVALUE libri magici#PREVIOUS#,#0xCDC673FF#$VALUE de $COMPLETEDVALUE grimorios#PREVIOUS#,#0xCDC673FF#$VALUE/$COMPLETEDVALUE büyü kitabı#PREVIOUS#
499,0xAEE1B89E,Find Crate,Retrouver la caisse,Kiste finden,Trova la cassa,Encuentra la caja,Sandığı bul
500,0xAF526A9A,Find a way in the Sorcerers' Vault to open the portal into Rigel's lab.,Trouvez un moyen d'accéder à l'Arche des sorciers afin d'ouvrir le portail vers le laboratoire de Rigel.,"Finde einen Weg in das Magiergewölbe, um das Portal in Rigels Labor zu öffnen.","Trova un modo per aprire il portale del laboratorio di Rigel, nella Cripta del mago.",Busca un modo de entrar en la Cámara de los hechiceros para abrir el portal al laboratorio de Rigel.,Büyücülerin Kasası'nda Rigel'in laboratuvarına açılan portalı etkinleştirmenin bir yolunu bul.
501,0xAF6D9803,Defeat Trapjaw,Éliminer Braco,Klappmaul besiegen,Sconfiggi Mascella di ferro,Derrota a Mandíbulas,Kapançene’yi yen
502,0xAFE4CCDD,#0xCDC673FF#$VALUE of $COMPLETEDVALUE imp ears#PREVIOUS#,#0xCDC673FF#Oreilles : $VALUE sur $COMPLETEDVALUE#PREVIOUS#,#0xCDC673FF#$VALUE von $COMPLETEDVALUE Ohren besorgt#PREVIOUS#,#0xCDC673FF#$VALUE di $COMPLETEDVALUE orecchie di folletto#PREVIOUS#,#0xCDC673FF#$VALUE de $COMPLETEDVALUE orejas#PREVIOUS#,#0xCDC673FF#$VALUE/$COMPLETEDVALUE şeytancık kulağı#PREVIOUS#
503,0xB00BA0DE,Goblus Ex Machina,Goblus Ex Machina,Goblus Ex Machina,Goblus Ex Machina,Goblus Ex Machina,Goblus Ex Machina
504,0xB058A05A,Travel to Predators' Peak,Se rendre à la Cime des prédateurs,Zur Jägerspitze reisen,Raggiungi il Picco del predatore,Viaja al Pico de los Depredadores,Yırtıcı Zirvesi'ne git
505,0xB0F175AB,Chains of Command,Domination,Befehlsketten,La catena di comando,Cadenas de mando,Hükmetme Zincirleri
506,0xB1BCAE00,#0xCDC673FF#Escaped to Nexus!#PREVIOUS#,#0xCDC673FF#Enfui vers Nexus !#PREVIOUS#,#0xCDC673FF#Nach Nexus entkommen!#PREVIOUS#,#0xCDC673FF#Sei fuggito a Nexus!#PREVIOUS#,#0xCDC673FF#¡Escapa a Nexus!#PREVIOUS#,#0xCDC673FF#Nexus'a kaçıldı!#PREVIOUS#
507,0xB1FB0E7A,#0xCDC673FF#$VALUE of $COMPLETEDVALUE Turrets Destroyed#PREVIOUS#,#0xCDC673FF#Tourelles détruites : $VALUE sur $COMPLETEDVALUE#PREVIOUS#,#0xCDC673FF#$VALUE von $COMPLETEDVALUE Türmen zerstört#PREVIOUS#,#0xCDC673FF#$VALUE di $COMPLETEDVALUE torrette distrutte#PREVIOUS#,#0xCDC673FF#$VALUE de $COMPLETEDVALUE torretas destruidas#PREVIOUS#,#0xCDC673FF#$VALUE/$COMPLETEDVALUE kule yok edildi#PREVIOUS#
508,0xB1FB9E6D,#0xCDC673FF#Eckhardt found!#PREVIOUS#,#0xCDC673FF#Eckhardt trouvé !#PREVIOUS#,#0xCDC673FF#Eckhardt gefunden!#PREVIOUS#,#0xCDC673FF#Eckhardt trovato!#PREVIOUS#,#0xCDC673FF#¡Eckhardt encontrado!#PREVIOUS#,#0xCDC673FF#Eckhardt bulundu!#PREVIOUS#
509,0xB262E35C,"An old, locked chest is here. Its contents still within. If you could find the key, perhaps you could enjoy its spoils.","Vous trouvez un vieux coffre verrouillé. Il semble bien rempli. Son contenu pourrait vous être utile, mais pour le savoir, vous devrez en retrouver la clef.","Hier steht eine abgeschlossene Truhe. Sie scheint voll zu sein. Wenn du den Schlüssel findest, kannst du sie vielleicht öffnen.","Qui c'è un antico scrigno pieno, chiuso a chiave. Se tu trovassi la sua chiave, tutto ciò che contiene sarebbe tuo.","Aquí hay un viejo cofre cerrado. Su contenido sigue dentro. Si pudieses encontrar la llave, tal vez podrías quedártelo.",Burada kilitli eski bir sandık var. İçindekiler hâlâ duruyor. Anahtarını bulursan ganimeti senin olabilir.
510,0xB39B31A9,#0xCDC673FF#Archangel slain!#PREVIOUS#,#0xCDC673FF#Archange éliminé !#PREVIOUS#,#0xCDC673FF#Erzengel besiegt!#PREVIOUS#,#0xCDC673FF#Arcangelo sconfitto!#PREVIOUS#,#0xCDC673FF#¡Arcángel derrotado!#PREVIOUS#,#0xCDC673FF#Başmelek öldürüldü!#PREVIOUS#
511,0xB3B1D8E1,#0xCDC673FF#Leviathan defeated!#PREVIOUS#,#0xCDC673FF#Léviathan vaincu !#PREVIOUS#,#0xCDC673FF#Leviathan besiegt!#PREVIOUS#,#0xCDC673FF#Leviatano sconfitto!#PREVIOUS#,#0xCDC673FF#¡Leviatán derrotado!#PREVIOUS#,#0xCDC673FF#Leviathan yenildi!#PREVIOUS#
512,0xB4049455,#0xCDC673FF#Rigel defeated!#PREVIOUS#,#0xCDC673FF#Rigel vaincu !#PREVIOUS#,#0xCDC673FF#Rigel besiegt!#PREVIOUS#,#0xCDC673FF#Rigel sconfitto!#PREVIOUS#,#0xCDC673FF#¡Rigel derrotado!#PREVIOUS#,#0xCDC673FF#Rigel yenildi!#PREVIOUS#
513,0xB41C2E6D,Fishy Brew,Ragoût peu ragoûtant,Fischiges Gebräu,Zuppa di pesce,Guiso de pescado,Balık Kokulu Karışım
514,0xB423AD3D,Defeat the Shadow Reaper.,Éliminer le Faucheur macabre,Schattenschnitter besiegen,Sconfiggi il Mietitore dell'ombra,Derrota al Segador Sombrío,Gölge Biçici’yi yen.
515,0xB45A0FDE,Search for other clues,Trouver d'autres indices,Suche nach weiteren Spuren,Cerca altri indizi,Busca otras pistas,Başka ipuçları ara
516,0xB47AED2D,$VALUE of $COMPLETEDVALUE spectre roots,Racines spectrales : $VALUE sur $COMPLETEDVALUE,$VALUE von $COMPLETEDVALUE Schemenwurzeln gesammelt,$VALUE di $COMPLETEDVALUE radici spettrali,$VALUE de $COMPLETEDVALUE raíces espectrales,$VALUE/$COMPLETEDVALUE hayalet kökü
517,0xB63F1F27,Find the pearl,Trouver la perle,Perle finden,Trova la perla,Busca la perla,İnciyi bul
518,0xB6B1E631,Reach the magical font,Accéder à la vasque magique,Magisches Becken erreichen,Raggiungi la fonte magica,Alcanza la fuente mágica,Büyülü kaynağa ulaş
519,0xB6C6F03D,Return to Jailor Brent,Revenir auprès de Brent le geôlier,Zu Kerkermeister Brent zurückkehren,Torna dal carceriere Brent,Vuelve con el carcelero Brent,Gardiyan Brent'e dön
520,0xB71CF18A,Winner Take All,Quitte ou double,Der Gewinner bekommt alles,Chi vince si prende tutto,El ganador se lo queda todo,Kazanan Hepsini Alır
521,0xB740FD47,#0xCDC673FF#Crystal activated!#PREVIOUS#,#0xCDC673FF#Cristal activé !#PREVIOUS#,#0xCDC673FF#Kristall aktiviert!#PREVIOUS#,#0xCDC673FF#Cristallo attivato!#PREVIOUS#,#0xCDC673FF#¡Cristal activado!#PREVIOUS#,#0xCDC673FF#Kristal etkinleştirildi!#PREVIOUS#
522,0xB762EC2C,#0xCDC673FF#Turned in venom sacs!#PREVIOUS#,#0xCDC673FF#Poches données !#PREVIOUS#,#0xCDC673FF#Giftsäcke übergeben!#PREVIOUS#,#0xCDC673FF#Veleno consegnato!#PREVIOUS#,#0xCDC673FF#¡Glándulas entregadas!#PREVIOUS#,#0xCDC673FF#Zehir keseleri teslim edildi!#PREVIOUS#
523,0xB8C28BA5,$VALUE of $COMPLETEDVALUE imp ears,Oreilles de Diablotins : $VALUE sur $COMPLETEDVALUE,$VALUE von $COMPLETEDVALUE Koboldohren besorgt,$VALUE di $COMPLETEDVALUE orecchie di folletto,$VALUE de $COMPLETEDVALUE orejas de diablillo,$VALUE/$COMPLETEDVALUE şeytancık kulağı
524,0xB8F3E36D,Michadele's fate discovered,Découvrir ce qui est advenu de Michadèle,Michadeles Schicksal enthüllen,Scopri cosa è successo a Michadele,Descubre el destino de Michadele,Michadele'nin kaderi öğrenildi
525,0xB940CFB7,#0xCDC673FF#Treasure!#PREVIOUS#,#0xCDC673FF#Le trésor !#PREVIOUS#,#0xCDC673FF#Schatz!#PREVIOUS#,#0xCDC673FF#Tesoro!#PREVIOUS#,#0xCDC673FF#¡Tesoro!#PREVIOUS#,#0xCDC673FF#Hazine!#PREVIOUS#
526,0xB9A3249D,#0xCDC673FF#Ward removed!#PREVIOUS#,#0xCDC673FF#Champ de force désactivé !#PREVIOUS#,#0xCDC673FF#Schutzzauber entfernt!#PREVIOUS#,#0xCDC673FF#Difese eliminate!#PREVIOUS#,#0xCDC673FF#¡Sello eliminado!#PREVIOUS#,#0xCDC673FF#Mühür kaldırıldı!#PREVIOUS#
527,0xBA645948,Unlock prison cage.,Déverrouiller la cage,Gefängniskäfig öffnen,Apri la cella.,Abre la jaula de la prisión,Hapishane kafesinin kilidini aç.
528,0xBA681A46,Defeat Ironfist,Éliminer Féros,Besiege Eisenfaust,Sconfiggi Pugno di ferro,Derrota a Puño de Hierro,Demiryumruk'u yen
529,0xBA774D98,#0xCDC673FF#Renald slain!#PREVIOUS#,#0xCDC673FF#Rénald vaincu !#PREVIOUS#,#0xCDC673FF#Renald besiegt!#PREVIOUS#,#0xCDC673FF#Renald sconfitto!#PREVIOUS#,#0xCDC673FF#¡Renald derrotado!#PREVIOUS#,#0xCDC673FF#Renald öldürüldü!#PREVIOUS#
530,0xBAA05B5B,Key of Darkness,Clef des ténèbres,Schlüssel der Dunkelheit,Chiave delle tenebre,Llave de la oscuridad,Karanlık Anahtarı
531,0xBB452726,Not Without My Daughter,Jamais sans ma fille,Nicht ohne meine Tochter,Non senza mia figlia,No sin mi hija,Kızım Olmadan Asla
532,0xBB82A11D,Open the vault,Ouvrir la salle au trésor,Schatzkammer öffnen,Apri la cripta,Abre la cámara,Kasayı aç
533,0xBBA26B8E,Bring the scraps back to Mia.,Rapporter les morceaux de viande à Mia,Mia Fleischklumpen übergeben,Porta i pezzi a Mia,Lleva los restos de carne a Mia,Et parçalarını Mia'ya götür.
534,0xBBA54D16,Beauty for the Beast,Une belle pour la bête,Die Schöne für das Biest,Bellezza per la bestia,Belleza para la bestia,Canavara Güzellik
535,0xBBCB82EF,Find King Keltas,Trouver le roi Keltas,Finde König Keltas,Trova Re Keltas,Busca al rey Keltas,Kral Keltas'ı bul
536,0xBBE756CE,Living Weapons,Armes vivantes,Lebende Waffen,Armi viventi,Armas vivientes,Canlı Silahlar
537,0xBBF0AB0E,Destroy web cocoons in the Forsaken Grove to rescue the captured hunters.,Détruisez les cocons trouvés dans le Bosquet oublié pour libérer les chasseurs captifs.,"Zerstöre die Netzkokons im verlassenen Hain, um die gefangenen Jäger zu befreien.",Distruggi i bozzoli di ragnatela nel Boschetto dimenticato per salvare i cacciatori catturati.,Destruye los capullos de tela de la Arboleda Maldita para rescatar a los cazadores capturados.,Yakalanan avcıları kurtarmak için Terk Edilmiş Koruluk'taki ağ kozalarını yok et.
538,0xBBF62519,"The key slides in with squealing protest, but turns with ease. The chest creaks and pops open.","Vous insérez la clef avec difficulté, mais la tournez sans mal. Le coffre s'ouvre en laissant échapper un étrange grincement.","Der Schlüssel gleitet quietschend ins Schloss, lässt sich aber mühelos drehen. Knirschend öffnet sich die Truhe.","La chiave stride quando la infili nella serratura, ma gira senza opporre resistenza. Lo scrigno si apre con un cigolio.","La llave se desliza con un débil chirrido, pero gira con facilidad. El cofre cruje y se abre.",Anahtar gıcırdayarak yerine oturuyor ama kolayca dönüyor. Sandık çatırdayıp açılıyor.
539,0xBC27FFBA,#0xCDC673FF#Celdria found!#PREVIOUS#,#0xCDC673FF#Celdria trouvée !#PREVIOUS#,#0xCDC673FF#Celdria gefunden!#PREVIOUS#,#0xCDC673FF#Hai trovato Celdria!#PREVIOUS#,#0xCDC673FF#¡Celdria encontrada!#PREVIOUS#,#0xCDC673FF#Celdria bulundu!#PREVIOUS#
540,0xBC60D25D,#0xCDC673FF#Workshop found!#PREVIOUS#,#0xCDC673FF#Laboratoire trouvé !#PREVIOUS#,#0xCDC673FF#Werkstatt gefunden!#PREVIOUS#,#0xCDC673FF#Laboratorio trovato!#PREVIOUS#,#0xCDC673FF#¡Taller encontrado!#PREVIOUS#,#0xCDC673FF#Atölye bulundu!#PREVIOUS#
541,0xBCC5EDCB,Retrieve the crystal,Récupérer le cristal,Kristall an dich nehmen,Recupera il cristallo,Consigue el cristal,Kristali geri al
542,0xBD05D67A,For Love and Money,Amour et argent,Für die Liebe und Geld,Affetto e denaro,Por amor y por dinero,Aşk ve Para Uğruna
543,0xBD9F5A3E,Use the incantation given to you by Branston to repel the undead in Kingdom's Grave.,Utilisez l'incantation que vous a donnée Branston pour repousser les Morts-vivants dans le Tombeau des rois.,"Benutze Branstons Zauberformel, um die Untoten in Königsgrab zu vertreiben.",Usa l'incantesimo fornito da Branston per respingere i non morti a Tomba del Reame.,Usa el hechizo que te ha dado Branston para expulsar a los no muertos de Tumba del Reino.,Krallık Mezarı'ndaki hortlakları püskürtmek için Branston'ın verdiği büyü sözünü kullan.
544,0xBDE63F2C,#0xCDC673FF#Portal opened!#PREVIOUS#,#0xCDC673FF#Portail ouvert !#PREVIOUS#,#0xCDC673FF#Portal geöffnet!#PREVIOUS#,#0xCDC673FF#Portale aperto!#PREVIOUS#,#0xCDC673FF#¡Portal abierto!#PREVIOUS#,#0xCDC673FF#Portal açıldı!#PREVIOUS#
545,0xBE06450A,#0xCDC673FF#Blue crystal found!#PREVIOUS#,#0xCDC673FF#Cristal bleu trouvé !#PREVIOUS#,#0xCDC673FF#Blauen Kristall gefunden!#PREVIOUS#,#0xCDC673FF#Cristallo blu trovato!#PREVIOUS#,#0xCDC673FF#¡Cristal azul hallado!#PREVIOUS#,#0xCDC673FF#Mavi kristal bulundu!#PREVIOUS#
546,0xBE67DE2D,Examine writing desk,Examiner le bureau,Schreibtisch durchsuchen,Esamina lo scrittoio,Examina el escritorio,Yazı masasını incele
547,0xBEDF5776,$VALUE of $COMPLETEDVALUE tentacles,Tentacules : $VALUE sur $COMPLETEDVALUE,$VALUE von $COMPLETEDVALUE Tentakeln besorgt,$VALUE di $COMPLETEDVALUE tentacoli,$VALUE de $COMPLETEDVALUE tentáculos,$VALUE/$COMPLETEDVALUE dokunaç
548,0xC0983D83,#0xCDC673FF#Crystal received!#PREVIOUS#,#0xCDC673FF#Cristal récupéré !#PREVIOUS#,#0xCDC673FF#Kristall erhalten!#PREVIOUS#,#0xCDC673FF#Cristallo recuperato!#PREVIOUS#,#0xCDC673FF#¡Cristal recibido!#PREVIOUS#,#0xCDC673FF#Kristal alındı!#PREVIOUS#
549,0xC0B32379,Catch the Chieftain,Attraper le Chef,Häuptling fangen,Insegui il capotribù,Atrapa al jefe,Reisi yakala
550,0xC0B84824,Death From Below,La Mort des mers,Tod aus der Tiefe,Morte dal basso,Muerte desde abajo,Aşağıdan Gelen Ölüm
551,0xC0F44315,Locate Eckhardt,Retrouver Eckhardt,Eckhardt finden,Trova Eckhardt,Localiza a Eckhardt,Eckhardt'ın yerini bul
552,0xC1AADED5,#0xCDC673FF#$VALUE of $COMPLETEDVALUE sailors rescued#PREVIOUS#,#0xCDC673FF#Marins secourus : $VALUE sur $COMPLETEDVALUE#PREVIOUS#,#0xCDC673FF#$VALUE von $COMPLETEDVALUE Seeleuten befreit#PREVIOUS#,#0xCDC673FF#$VALUE di $COMPLETEDVALUE marinai in salvo#PREVIOUS#,#0xCDC673FF#$VALUE de $COMPLETEDVALUE marineros#PREVIOUS#,#0xCDC673FF#$VALUE/$COMPLETEDVALUE denizci kurtarıldı#PREVIOUS#
553,0xC21EBC89,#0xCDC673FF#Tyr Rexaur slain!#PREVIOUS#,#0xCDC673FF#Rexaure de Tyr éliminé !#PREVIOUS#,#0xCDC673FF#Tyr Rexaur besiegt!#PREVIOUS#,#0xCDC673FF#Rexauro sconfitto!#PREVIOUS#,#0xCDC673FF#¡Tir rexaurio derrotado!#PREVIOUS#,#0xCDC673FF#Tyr Rexaur öldürüldü!#PREVIOUS#
554,0xC2608EA2,Unlock Eckhardt's lab in the Spawning Pools.,Déverrouillez le laboratoire d'Eckhardt dans les Frayères.,Öffne Eckhardts Labor in den Brutbecken.,"Apri il laboratorio di Eckhardt, nelle Pozze della procreazione.",Abre el laboratorio de Eckhardt en los Estanques de Reproducción.,Üreme Havuzları'ndaki Eckhardt'ın laboratuvarının kilidini aç.
555,0xC2E3FCB0,Recover stolen objects from the Marauders' Hideway and return them to Taskmaster Rowe in Nexus.,"Retrouvez dans le Repaire du maraudeur les marchandises dérobées et rapportez-les à Rowe, le maître des quêtes, à Nexus.",Hole die gestohlenen Gegenstände aus dem Versteck der Marodeure und bring sie zu Aufgabenmeister Rowe nach Nexus.,Recupera gli oggetti rubati nel Nascondiglio dei predoni e riportali al sovrintendente Rowe di Nexus.,Recupera los objetos robados del Escondite de los merodeadores y llévaselos al capataz Rowe en Nexus.,Yağmacıların Sığınağı'ndan çalınan eşyaları geri al ve Nexus'taki Görev Ustası Rowe'a götür.
556,0xC308055B,Cocoon,Cocons,Kokon,Bozzolo,Capullo,Koza
557,0xC3A96A22,Evidence of Betrayal,Trahison,Beweis des Verrats,Prove del tradimento,Prueba de traición,İhanetin Kanıtı
558,0xC3CF55F5,#0xCDC673FF#Katrina saved!#PREVIOUS#,#0xCDC673FF#Katrina sauvée !#PREVIOUS#,#0xCDC673FF#Katrina gerettet!#PREVIOUS#,#0xCDC673FF#Katrina salvata!#PREVIOUS#,#0xCDC673FF#¡Katrina salvada!#PREVIOUS#,#0xCDC673FF#Katrina kurtarıldı!#PREVIOUS#
559,0xC3F2A3E3,Rescue Katrina from the Bandit King in Marauders' Hideaway!,Sauvez Katrina du Roi brigand dans le Repaire du maraudeur !,Befreie Katrina aus der Gewalt des Banditenkönigs im Versteck der Marodeure!,"Salva Katrina dal Re dei banditi, nel Nascondiglio dei predoni!",¡Rescata a Katrina del Rey Bandido en el Escondite de los merodeadores!,Yağmacıların Sığınağı'nda Katrina'yı Haydut Kralın elinden kurtar!
560,0xC3F7DF3B,Find and destroy the four living weapons created by Eckhardt in The Deep.,Retrouvez et détruisez les quatre armes vivantes créées par Eckhardt dans les Bas-fonds.,"Finde und zerstöre die vier, von Eckhardt in der Tiefe erschaffenen, lebenden Waffen.",Trova e distruggi le quattro armi viventi create da Eckhardt nell'Abisso.,Busca y destruye las cuatro armas vivientes creadas por Eckhardt en las Profundidades.,Derinlik'te Eckhardt'ın yarattığı dört canlı silahı bul ve yok et.
561,0xC563CD45,Water from an Imp.,Eau d'un Diablotin,Wasser eines Kobolds,Acqua da un folletto,Agua de un diablillo,Şeytancıktan Su
562,0xC5943897,Unlock the door,Déverrouiller la porte,Tor öffnen,Apri la porta,Abre la puerta,Kapının kilidini aç
563,0xC633EAA5,Find the Chieftain,Retrouver le Chef gobelin,Häuptling finden,Trova il capotribù,Encuentra al jefe,Reisi bul
564,0xC69DD11D,Defeat Rigel,Vaincre Rigel,Rigel besiegen,Sconfiggi Rigel,Derrota a Rigel,Rigel'i yen
565,0xC6BF8325,#0xCDC673FF#$VALUE of $COMPLETEDVALUE Clues Found#PREVIOUS#,#0xCDC673FF#Indices trouvés : $VALUE sur $COMPLETEDVALUE#PREVIOUS#,#0xCDC673FF#$VALUE von $COMPLETEDVALUE Spuren gefunden#PREVIOUS#,#0xCDC673FF#$VALUE di $COMPLETEDVALUE indizi trovati#PREVIOUS#,#0xCDC673FF#$VALUE de $COMPLETEDVALUE pistas encontradas#PREVIOUS#,#0xCDC673FF#$VALUE/$COMPLETEDVALUE ipucu bulundu#PREVIOUS#
566,0xC732C3B0,Unlock the ancient chamber,Déverrouiller l'ancienne chambre,Alte Kammer öffnen,Apri l'antica camera,Abre la cámara antigua,Kadim odanın kilidini aç
567,0xC7B02F2E,The Key to Freedom,La Clef de la liberté,Der Schlüssel zur Freiheit,La chiave della libertà,La llave a la libertad,Özgürlüğün Anahtarı
568,0xC8474257,#0xCDC673FF#Keltas met!#PREVIOUS#,#0xCDC673FF#Keltas rencontré !#PREVIOUS#,#0xCDC673FF#Keltas getroffen!#PREVIOUS#,#0xCDC673FF#Hai incontrato Keltas!#PREVIOUS#,#0xCDC673FF#¡Keltas encontrado!#PREVIOUS#,#0xCDC673FF#Keltas ile buluşuldu!#PREVIOUS#
569,0xC8919BB4,#0xCDC673FF#Bloodoak slain!#PREVIOUS#,#0xCDC673FF#Chêne-de-sang détruit !#PREVIOUS#,#0xCDC673FF#Bluteiche zerstört!#PREVIOUS#,#0xCDC673FF#Quercia distrutta!#PREVIOUS#,#0xCDC673FF#¡Roble sangriento caído!#PREVIOUS#,#0xCDC673FF#Kan Meşesi yok edildi!#PREVIOUS#
570,0xC9138CF3,Summon and slay the undead giant Ironfist at the temple in Frosthome.,"Retrouvez et éliminez Féros, le géant mort-vivant, au temple de l'Arcticamp.",Rufe und töte im Tempel in Frostheim den untoten Riesen Eisenfaust.,Richiama e sconfiggi il gigante non morto Pugno di ferro nel tempio di Gelanda.,Invoca y mata al gigante no muerto Puño de Hierro en el templo de Casafría.,Ayazyurt'taki tapınakta hortlak devi Demiryumruk'u çağır ve öldür.
571,0xC92200EE,Talk to Katrina.,Parler à Katrina,Mit Katrina reden,Parla con Katrina,Habla con Katrina,Katrina ile konuş.
572,0xC968E88C,Infuse the crystal with the Ruinscar's power at the Frost Reaches.,Utilisez le pouvoir de la Faille de Ruin pour charger le cristal dans les Domaines de glace.,Lade den Kristall in den Frostweiten mit der Macht der Ruinennarbe auf.,Infondi il potere della Cicatrice della rovina nel cristallo sulle Vette gelide.,Imbuye el cristal con el poder de la ruinabrecha en la Extensión Helada.,Ayaz Diyarları'ndaki Yıkım Yarası'nın gücünü kristale aktar.
573,0xC9EB7104,#0xCDC673FF#$VALUE Tech found#PREVIOUS#,#0xCDC673FF#Équipements : $VALUE#PREVIOUS#,#0xCDC673FF#$VALUE Technologien gefunden#PREVIOUS#,#0xCDC673FF#Tecnologia x $VALUE#PREVIOUS#,#0xCDC673FF#$VALUE tecnologías encontradas#PREVIOUS#,#0xCDC673FF#$VALUE teknoloji bulundu#PREVIOUS#
574,0xCB4AAA8E,#0xCDC673FF#Barrier disabled!#PREVIOUS#,#0xCDC673FF#Champ de force désactivé !#PREVIOUS#,#0xCDC673FF#Barriere deaktiviert!#PREVIOUS#,#0xCDC673FF#Barriera disattivata!#PREVIOUS#,#0xCDC673FF#¡Barrera desactivada!#PREVIOUS#,#0xCDC673FF#Bariyer devre dışı bırakıldı!#PREVIOUS#
575,0xCCDA3729,Travel to the Beastlands,Se rendre jusqu'aux Terres sauvages,In die Bestienlande reisen,Raggiungi le Terre bestiali,Viaja a Bestialandia,Canavar Diyarı'na git
576,0xCE76BE36,Might Makes Right,La loi du plus fort,Macht geht vor Recht,La legge del più forte,La ley del más fuerte,Güçlü Olan Haklıdır
577,0xCEC588D9,#0xCDC673FF#Red crystal found!#PREVIOUS#,#0xCDC673FF#Cristal rouge trouvé !#PREVIOUS#,#0xCDC673FF#Roten Kristall gefunden!#PREVIOUS#,#0xCDC673FF#Cristallo rosso trovato!#PREVIOUS#,#0xCDC673FF#¡Cristal rojo hallado!#PREVIOUS#,#0xCDC673FF#Kırmızı kristal bulundu!#PREVIOUS#
578,0xCEFF054F,#0xCDC673FF#Door unlocked!#PREVIOUS#,#0xCDC673FF#Porte ouverte !#PREVIOUS#,#0xCDC673FF#Tor geöffnet!#PREVIOUS#,#0xCDC673FF#Porta aperta!#PREVIOUS#,#0xCDC673FF#¡Puerta abierta!#PREVIOUS#,#0xCDC673FF#Kapının kilidi açıldı!#PREVIOUS#
579,0xCF6C7ABD,Rescue Katrina.,Secourir Katrina,Katrina retten,Salva Katrina,Rescata a Katrina,Katrina'yı kurtar.
580,0xCF94AC03,$VALUE of $COMPLETEDVALUE Wood Found,Morceaux de bois vif : $VALUE sur $COMPLETEDVALUE,$VALUE von $COMPLETEDVALUE Holz gefunden,$VALUE di $COMPLETEDVALUE pezzi di legno trovati,$VALUE de $COMPLETEDVALUE maderas obtenidas,$VALUE/$COMPLETEDVALUE odun bulundu
581,0xD049BDC0,#0xCDC673FF#Cage unlocked!#PREVIOUS#,#0xCDC673FF#Cage ouverte !#PREVIOUS#,#0xCDC673FF#Käfig geöffnet!#PREVIOUS#,#0xCDC673FF#Cella aperta!#PREVIOUS#,#0xCDC673FF#¡Jaula abierta!#PREVIOUS#,#0xCDC673FF#Kafesin kilidi açıldı!#PREVIOUS#
582,0xD0641C33,Bring news to Eckhardt,Faire un rapport à Eckhardt,Eckhardt die Neuigkeiten überbringen,Porta le notizie a Eckhardt,Llévale las noticias a Eckhardt,Haberi Eckhardt'a götür
583,0xD162B2EF,Defeat the treant,Éliminer le Tréant,Treant besiegen,Sconfiggi il Treant,Derrota al trent,Treant'ı yen
584,0xD19B1DC6,Defeat the prototype Tibur,Éliminer le prototype tiburien,Tibur-Prototypen besiegen,Sconfiggi il prototipo Tibur,Derrota al tibur prototipo,Tibur prototipini yen
585,0xD1DED331,Fight your way through the Reef of Ruin to find an escape to Nexus!,Frayez-vous un chemin dans le Récif de Ruin et trouvez un moyen de rejoindre Nexus !,"Bahne dir einen Weg durch das Riff des Ruins, um nach Nexus zu fliehen.",Apriti la strada combattendo attraverso la Scogliera della rovina per trovare una via di fuga verso Nexus!,¡Ábrete paso luchando por el Arrecife de Ruina para escapar a Nexus!,Nexus'a kaçış yolu bulmak için Yıkım Resifi'nde savaşarak ilerle!
586,0xD26302F1,$VALUE of $COMPLETEDVALUE runes destroyed,Runes détruites : $VALUE sur $COMPLETEDVALUE,$VALUE von $COMPLETEDVALUE Runen zerstört,$VALUE di $COMPLETEDVALUE rune distrutte,$VALUE de $COMPLETEDVALUE runas destruidas,$VALUE/$COMPLETEDVALUE rün yok edildi
587,0xD27ABC9D,Defeat the Gate Keeper,Éliminer le Gardien de la porte,Torhüter besiegen,Sconfiggi il custode,Derrota al guardián de la puerta,Kapı Bekçisini yen
588,0xD33D5369,#0xCDC673FF#$VALUE of $COMPLETEDVALUE Ickthid eyes#PREVIOUS#,#0xCDC673FF#Yeux : $VALUE sur $COMPLETEDVALUE#PREVIOUS#,#0xCDC673FF#$VALUE von $COMPLETEDVALUE Augen besorgt#PREVIOUS#,#0xCDC673FF#$VALUE di $COMPLETEDVALUE occhi di Ickthide#PREVIOUS#,#0xCDC673FF#$VALUE de $COMPLETEDVALUE ojos#PREVIOUS#,#0xCDC673FF#$VALUE/$COMPLETEDVALUE Ickthid gözü#PREVIOUS#
589,0xD34F451B,Test the incantation,Essayer l'incantation,Zauberformel testen,Prova l'incantesimo,Prueba el hechizo,Büyü sözünü dene
590,0xD36217CB,#0xCDC673FF#Returned amber cores!#PREVIOUS#,#0xCDC673FF#Cœurs donnés !#PREVIOUS#,#0xCDC673FF#Kerne übergeben!#PREVIOUS#,#0xCDC673FF#Nuclei d'ambra consegnati!#PREVIOUS#,#0xCDC673FF#¡Núcleos entregados!#PREVIOUS#,#0xCDC673FF#Kehribar çekirdekleri verildi!#PREVIOUS#
591,0xD3717CDD,Slay gargoyles in the Permafrost for Old Man Miller.,Éliminez des Gargouilles dans le Permafrost pour le vieux meunier.,Töte im Permafrost für den Alten Müller Gargylen.,Uccidi i gargoyle del Permagelo per conto del vecchio Miller.,Mata a las gárgolas en la Tundra para el anciano Miller.,Yaşlı Miller için Kalıcı Don'daki gargoyleleri öldür.
592,0xD3B03BA4,#0xCDC673FF#$VALUE of $COMPLETEDVALUE skulls smashed#PREVIOUS#,#0xCDC673FF#Crânes brisés : $VALUE sur $COMPLETEDVALUE#PREVIOUS#,#0xCDC673FF#$VALUE von $COMPLETEDVALUE zerschmettert#PREVIOUS#,#0xCDC673FF#$VALUE di $COMPLETEDVALUE teschi distrutti#PREVIOUS#,#0xCDC673FF#$VALUE de $COMPLETEDVALUE calaveras rotas#PREVIOUS#,#0xCDC673FF#$VALUE/$COMPLETEDVALUE kafatası kırıldı#PREVIOUS#
593,0xD3F88FF7,Raging Spirit,Esprit rageur,Wütender Geist,Spirito indomito,Espíritu furioso,Öfkeli Ruh
594,0xD4140022,Find Renald the Bandit,Retrouver Rénald le brigand,"Renald, den Banditen finden",Trova Renald il bandito,Busca al bandido Renald,Haydut Renald'ı bul
595,0xD41A132B,"In Frosthome, help the Goblin Chieftain and his scientists complete their latest experiment.",Aidez le Chef gobelin et ses scientifiques à mener à bien leur dernière expérience à l'Arcticamp.,Hilf in Frostheim dem Goblin-Häuptling und seinen Wissenschaftlern bei ihrem neuesten Experiment.,Aiuta il capotribù dei Goblin e i suoi scienziati a completare il loro ultimo esperimento a Gelanda.,"En Casafría, ayuda al jefe goblin y a sus científicos a completar su último experimento.",Ayazyurt'ta Goblin Reisi ve bilim insanlarına son deneylerini tamamlamalarında yardım et.
596,0xD44FDA6E,#0xCDC673FF#$VALUE of $COMPLETEDVALUE Essence Gathered#PREVIOUS#,#0xCDC673FF#Essences : $VALUE sur $COMPLETEDVALUE#PREVIOUS#,#0xCDC673FF#$VALUE von $COMPLETEDVALUE Essenz gesammelt#PREVIOUS#,#0xCDC673FF#$VALUE di $COMPLETEDVALUE essenze raccolte#PREVIOUS#,#0xCDC673FF#$VALUE de $COMPLETEDVALUE esencias obtenidas#PREVIOUS#,#0xCDC673FF#$VALUE/$COMPLETEDVALUE öz toplandı#PREVIOUS#
597,0xD4BC1167,Search Rigel's lab in the Sorcerers' Vault for evidence of his treachery.,Fouillez le laboratoire de Rigel dans l'Arche des sorciers pour trouver des preuves de sa traîtrise.,Suche in Rigels Labor im Magiergewölbe nach Beweisen für seinen Verrat.,"Esplora il laboratorio di Rigel, nella Cripta del mago, per trovare le prove del suo tradimento.",Registra el laboratorio de Rigel en la Cámara de los hechiceros para buscar pruebas de su traición.,Rigel'in ihanetine dair kanıt bulmak için Büyücülerin Kasası'ndaki laboratuvarını ara.
598,0xD5322578,Go to the Heart of the Void,Se rendre dans l'Œil du Néant,Zum Herz des Nichts reisen,Raggiungi il Cuore del Vuoto,Ve al Corazón del Vacío,Boşluğun Kalbi'ne git
599,0xD54A098B,#0xCDC673FF#Crystal found!#PREVIOUS#,#0xCDC673FF#Cristal trouvé !#PREVIOUS#,#0xCDC673FF#Kristall gefunden!#PREVIOUS#,#0xCDC673FF#Cristallo trovato!#PREVIOUS#,#0xCDC673FF#¡Cristal encontrado!#PREVIOUS#,#0xCDC673FF#Kristal bulundu!#PREVIOUS#
600,0xD5A1CB21,Enter %Name_VD01% within the Soul Void.,Pénétrez dans les Laboratoires dévastés au cœur du Néant des âmes.,Betritt die zerschmetterten Labore im Nichts.,Entra nei Laboratori devastati nel Vuoto dell'anima.,Entra en %Name_VD01% en Vacío de las Almas.,Ruh Boşluğu'ndaki %Name_VD01% alanına gir.
601,0xD5EE2261,Find a way to open the cavern at the Crystal Path.,Trouvez un moyen d'accéder à la grotte de la Voie cristalline.,"Finde einen Weg, um die Kaverne am Kristallpfad zu öffnen.",Trova un modo per aprire la caverna lungo il Sentiero di cristallo.,Encuentra un modo de abrir la caverna en el Camino de Cristal.,Kristal Yolu'ndaki mağarayı açmanın bir yolunu bul.
602,0xD6837083,Fight off the Goblin Chieftain's ambush in the Rimefell cavern!,Résistez à l'embuscade du Chef gobelin dans la grotte du Givremont !,Wehre den Hinterhalt des Goblin-Häuptlings in der Reifpassage-Höhle ab!,Respingi l'imboscata del capotribù dei Goblin nella caverna di Vilbrina!,¡Supera la emboscada del jefe goblin en la caverna de Rimefell!,Kırağı Tepesi mağarasında Goblin Reisinin pususunu püskürt!
603,0xD6E0CFCF,#0xCDC673FF#Evidence found!#PREVIOUS#,#0xCDC673FF#Preuves trouvées !#PREVIOUS#,#0xCDC673FF#Beweis gefunden!#PREVIOUS#,#0xCDC673FF#Prova trovata!#PREVIOUS#,#0xCDC673FF#¡Prueba encontrada!#PREVIOUS#,#0xCDC673FF#Kanıt bulundu!#PREVIOUS#
604,0xD6F1EAF6,Ransom Rescue,La rançon,Lösegeldforderung,Salvare gli ostaggi,El rescate,Fidye Kurtarması
605,0xD75E0558,Enter the labs,Pénétrer dans les laboratoires,Laboratorien betreten,Entra nei laboratori,Entra en los laboratorios,Laboratuvarlara gir
606,0xD7FE3471,#0xCDC673FF#Ruinscar stormed!#PREVIOUS#,#0xCDC673FF#Faille de Ruin atteinte !#PREVIOUS#,#0xCDC673FF#Ruinennarbe erstürmt!#PREVIOUS#,#0xCDC673FF#Cicatrice della rovina raggiunta!#PREVIOUS#,#0xCDC673FF#¡Ruinabrecha asaltada!#PREVIOUS#,#0xCDC673FF#Yıkım Yarası ele geçirildi!#PREVIOUS#
607,0xD842AFF4,Collect imp ears for Mia Moursey to use as part of her magic spell.,Récupérez des oreilles de Diablotins pour que Mia Moursey puisse préparer son sort.,Besorge Mia Moursey Koboldohren für ihren Zauber.,Raccogli orecchie di folletto per aiutare Mia Moursey a compiere un incantesimo.,Obtén orejas de diablillo para que Mia Moursey las use en su conjuro.,Mia Moursey'nin büyüsünde kullanması için şeytancık kulakları topla.
608,0xD864E92A,Journey to the Beastlands and track down the fugitive Renald.,"Rendez-vous jusqu'aux Terres sauvages et retrouvez le fugitif, Rénald.","Reise in die Bestienlande und finde Renald, den Banditen.",Raggiungi le Terre bestiali e rintraccia il fuggitivo Renald.,Viaja a Bestialandia y persigue al fugitivo Renald.,Canavar Diyarı'na git ve kaçak Renald'ın izini sür.
609,0xD8696524,What Remains,Ce qui reste,Was bleibt,Ciò che rimane,Lo que queda,Geriye Kalan
610,0xD8A5A292,Find a way to defeat an invincible knight within Nature's Pulse.,Trouvez un moyen d'éliminer un chevalier invincible dans le Berceau des âges.,"Finde einen Weg, einen unbesiegbaren Ritter in Naturs Puls zu bezwingen.",Trova un modo per sconfiggere un cavaliere invincibile a Impulso della natura.,Encuentra un modo de derrotar al caballero invencible en Pulso de la Naturaleza.,Doğanın Nabzı'ndaki yenilmez şövalyeyi alt etmenin bir yolunu bul.
611,0xD965A15D,Final Synthesis,Synthèse finale,Letzte Synthese,Sintesi finale,Síntesis final,Son Sentez
612,0xD969A5FA,Scatter Mia's ashes into the Well of Souls found in the Sorcerers' Vault.,Versez les cendres de Mia dans le Puits aux esprits situé dans l'Arche des sorciers.,Streue Mias Asche in den Seelenquell des Magiergewölbes.,Disperdi le ceneri di Mia nel Pozzo delle anime che si trova nella Cripta del mago.,Dispersa las cenizas de Mia en el Pozo de las Almas que hay en la Cámara de los hechiceros.,Mia'nın küllerini Büyücülerin Kasası'ndaki Ruhlar Kuyusu'na serp.
613,0xDA37BBB7,$VALUE of $COMPLETEDVALUE mystic ice,#0xCDC673FF#Glace mystique : $VALUE sur $COMPLETEDVALUE#PREVIOUS#,#0xCDC673FF#$VALUE von $COMPLETEDVALUE Eis besorgt#PREVIOUS#,#0xCDC673FF#$VALUE di $COMPLETEDVALUE ghiaccio mistico#PREVIOUS#,#0xCDC673FF#$VALUE de $COMPLETEDVALUE piezas hielo#PREVIOUS#,$VALUE/$COMPLETEDVALUE mistik buz
614,0xDAEBC9D4,Travel with Celdria to the Kingdom's Grave.,Accompagnez Celdria au Tombeau des rois.,Reise mit Celdria nach Königsgrab.,Viaggia insieme a Celdria fino a Tomba del Reame.,Viaja con Celdria a Tumba del Reino.,Celdria ile Krallık Mezarı'na git.
615,0xDB545BA0,#0xCDC673FF#Chest unlocked!#PREVIOUS#,#0xCDC673FF#Coffre ouvert !#PREVIOUS#,#0xCDC673FF#Truhe geöffnet!#PREVIOUS#,#0xCDC673FF#Scrigno aperto!#PREVIOUS#,#0xCDC673FF#¡Cofre abierto!#PREVIOUS#,#0xCDC673FF#Sandık açıldı!#PREVIOUS#
616,0xDB92D0AA,Choose Alignment,Choix cornélien,Seitenwahl,Schieramenti,Elige alineamiento,Tarafını Seç
617,0xDBE157F1,Put the man out of his misery,Abréger les souffrances de cet homme,Mann von seinem Leid erlösen,Metti fine alle sofferenze dell'uomo,Acaba con el sufrimiento del hombre,Adamın acısına son ver
618,0xDC13334D,Gather the elements,Rassembler les éléments,Elemente besorgen,Raccogli gli elementi,Obtén los elementos,Elementleri topla
619,0xDCF5D55D,Destroy reaper's remains.,Détruire les restes du Faucheur,Überreste des Schnitters zerstören,Distruggi i resti del Mietitore,Destruye los restos del Segador,Gölge Biçici’nin kalıntılarını yok et.
620,0xDD204DB2,Earth from a Mantid.,Terre d'une Mante,Erde eines Mantiden,Terra da una mantide,Tierra de un mántido,Mantid'den Toprak
621,0xDD22A35E,#0xCDC673FF#Crystal infused!#PREVIOUS#,#0xCDC673FF#Cristal chargé !#PREVIOUS#,#0xCDC673FF#Kristall aufgeladen!#PREVIOUS#,#0xCDC673FF#Cristallo infuso!#PREVIOUS#,#0xCDC673FF#¡Cristal imbuido!#PREVIOUS#,#0xCDC673FF#Kristal güçlendirildi!#PREVIOUS#
622,0xDD9206E2,#0xCDC673FF#$VALUE of $COMPLETEDVALUE Golden Dragons#PREVIOUS#,#0xCDC673FF#Dragons d'or : $VALUE sur $COMPLETEDVALUE#PREVIOUS#,#0xCDC673FF#$VALUE von $COMPLETEDVALUE Blumen besorgt#PREVIOUS#,#0xCDC673FF#$VALUE di $COMPLETEDVALUE fiori di drago#PREVIOUS#,#0xCDC673FF#$VALUE de $COMPLETEDVALUE flores#PREVIOUS#,#0xCDC673FF#$VALUE/$COMPLETEDVALUE Altın Ejder çiçeği#PREVIOUS#
623,0xDDB8353D,Find Cask,Retrouver le tonneau,Fass finden,Trova il barilotto,Encuentra el barril,Fıçıyı bul
624,0xDDE0DF63,Speak with Keltas,S'adresser à Keltas,Mit Keltas reden,Parla con Keltas,Habla con Keltas,Keltas ile konuş
625,0xDE3271AA,Aurora Forealis,Lueurs cloacales,Aurora Forealis,Aurora Forealis,Aurora foreal,Aurora Forealis
626,0xDE61373E,#0xCDC673FF#Ironfist slain!#PREVIOUS#,#0xCDC673FF#Féros vaincu !#PREVIOUS#,#0xCDC673FF#Eisenfaust besiegt!#PREVIOUS#,#0xCDC673FF#Pugno di ferro sconfitto!#PREVIOUS#,#0xCDC673FF#¡Puño de Hierro derrotado!#PREVIOUS#,#0xCDC673FF#Demiryumruk öldürüldü!#PREVIOUS#
627,0xDE6A6D54,#0xCDC673FF#Clue found!#PREVIOUS#,#0xCDC673FF#Indice trouvé !#PREVIOUS#,#0xCDC673FF#Spur gefunden!#PREVIOUS#,#0xCDC673FF#Indizio trovato#PREVIOUS#,#0xCDC673FF#¡Pista encontrada!#PREVIOUS#,#0xCDC673FF#İpucu bulundu!#PREVIOUS#
628,0xDF7AE7A8,The Soul Void,Le Néant des âmes,Das Nichts,Il Vuoto dell'anima,Vacío de las Almas,Ruh Boşluğu
629,0xDFF268A3,Rifle Recovery,Fusil de famille,Gewehrsuche,Recupero del fucile,Recuperación de fusil,Tüfeği Geri Alma
630,0xE0C946BB,Defeat the Hellmouth,Éliminer le Dévorace,Höllenmund besiegen,Sconfiggi la bocca infernale,Derrota a la boca infernal,Cehennem Ağzı’nı yen
631,0xE105C976,$VALUE of $COMPLETEDVALUE Essence Gathered,Essences de Feux follets : $VALUE sur $COMPLETEDVALUE,$VALUE von $COMPLETEDVALUE Essenz gesammelt,$VALUE di $COMPLETEDVALUE essenze raccolte,$VALUE de $COMPLETEDVALUE esencias obtenidas,$VALUE/$COMPLETEDVALUE öz toplandı
632,0xE10A62C9,#0xCDC673FF#Crystal activated!#PREVIOUS#,#0xCDC673FF#Cristal activé !#PREVIOUS#,#0xCDC673FF#Kristall aktiviert!#PREVIOUS#,#0xCDC673FF#Cristallo attivato!#PREVIOUS#,#0xCDC673FF#¡Cristal activado!#PREVIOUS#,#0xCDC673FF#Kristal etkinleştirildi!#PREVIOUS#
633,0xE12B89D7,Find and capture an Alpha Wolf in the Haunted Woods.,Trouvez et attrapez le chef d'une meute de Loups dans les Bois hantés.,Finde und fange in den verwunschenen Wäldern einen Alphawolf.,Trova e cattura un lupo alfa nei Boschi maledetti.,Busca y captura un lobo alfa en la Floresta Embrujada.,Perili Orman'da bir Alfa Kurt bulup yakala.
634,0xE164C7C2,Pursue Michadele into Nature's Pulse.,Suivez Michadèle dans le Berceau des âges.,Folge Michadele nach Naturs Puls.,Insegui Michadele nell'Impulso della natura.,Persigue a Michadele al Pulso de la Naturaleza.,Michadele'nin peşinden Doğanın Nabzı'na git.
635,0xE1769056,Return to the goblin chief.,Revenir auprès du Chef gobelin,Kehre zum Goblin-Häuptling zurück,Torna dal capotribù dei Goblin,Vuelve con el jefe goblin,Goblin reisine dön.
636,0xE17A4D30,#0xCDC673FF#$VALUE of $COMPLETEDVALUE Crystals Activated#PREVIOUS#,#0xCDC673FF#Cristaux activés : $VALUE sur $COMPLETEDVALUE#PREVIOUS#,#0xCDC673FF#$VALUE von $COMPLETEDVALUE Kristallen aktiviert#PREVIOUS#,#0xCDC673FF#$VALUE di $COMPLETEDVALUE cristalli attivati#PREVIOUS#,#0xCDC673FF#$VALUE de $COMPLETEDVALUE cristales activados#PREVIOUS#,#0xCDC673FF#$VALUE/$COMPLETEDVALUE kristal etkinleştirildi#PREVIOUS#
637,0xE17F9D65,#0xCDC673FF#Desk examined#PREVIOUS#,#0xCDC673FF#Bureau examiné#PREVIOUS#,#0xCDC673FF#Schreibtisch durchsucht!#PREVIOUS#,#0xCDC673FF#Scrittoio esaminato#PREVIOUS#,#0xCDC673FF#Escritorio examinado#PREVIOUS#,#0xCDC673FF#Masa incelendi#PREVIOUS#
638,0xE24AE4BE,#0xCDC673FF#Path found!#PREVIOUS#,#0xCDC673FF#Chemin trouvé !#PREVIOUS#,#0xCDC673FF#Weg gefunden!#PREVIOUS#,#0xCDC673FF#Via trovata!#PREVIOUS#,#0xCDC673FF#¡Camino encontrado!#PREVIOUS#,#0xCDC673FF#Yol bulundu!#PREVIOUS#
639,0xE3272E28,#0xCDC673FF#Chamber unlocked!#PREVIOUS#,#0xCDC673FF#Chambre ouverte !#PREVIOUS#,#0xCDC673FF#Kammer geöffnet!#PREVIOUS#,#0xCDC673FF#Camera aperta!#PREVIOUS#,#0xCDC673FF#¡Cámara abierta!#PREVIOUS#,#0xCDC673FF#Odanın kilidi açıldı!#PREVIOUS#
640,0xE340BC6F,Find a way to open the fiendish door and activate the Gate Keeper's crystal that lies beyond.,Trouvez un moyen d'ouvrir la porte diabolique et d'activer le cristal du Gardien qu'elle protège.,"Finde einen Weg, um das teuflische Tor zu öffnen und den Kristall des Torhüters dahinter zu aktivieren.",Trova un modo per aprire la porta demoniaca e attiva il cristallo del custode che si trova oltre di essa.,Encuentra el modo de abrir la puerta diabólica y activa el cristal del guardián de la puerta que hay más allá.,Şeytani kapıyı açmanın bir yolunu bul ve ötesindeki Kapı Bekçisi kristalini etkinleştir.
641,0xE344A129,#0xCDC673FF#$VALUE of $COMPLETEDVALUE runes destroyed#PREVIOUS#,#0xCDC673FF#Runes détruites : $VALUE sur $COMPLETEDVALUE#PREVIOUS#,#0xCDC673FF#$VALUE von $COMPLETEDVALUE Runen zerstört#PREVIOUS#,#0xCDC673FF#$VALUE di $COMPLETEDVALUE rune distrutte#PREVIOUS#,#0xCDC673FF#$VALUE de $COMPLETEDVALUE runas destruidas#PREVIOUS#,#0xCDC673FF#$VALUE/$COMPLETEDVALUE rün yok edildi#PREVIOUS#
642,0xE363CE8F,Activate the crystal,Activer le cristal,Kristall aktivieren,Attiva il cristallo,Activa el cristal,Kristali etkinleştir
643,0xE47860DA,Travel to the Permafrost and retrieve mystic ice. Then return to Mia Moursey in Nexus.,"Récupérez de la glace mystique au Permafrost, puis rapportez-la à Mia Moursey à Nexus.","Reise zum Permafrost, um mystisches Eis für Mia zu besorgen.",Raggiungi il Permagelo e recupera il ghiaccio mistico. Poi torna da Mia a Nexus.,Viaja a la Tundra y consigue el hielo místico. Después llévaselo a Mia en Nexus.,Kalıcı Don'a gidip mistik buz al. Ardından Nexus'taki Mia Moursey'ye dön.
644,0xE4CE1DD0,Find swamp,Trouver les marécages,Sumpf finden,Trova la palude,Busca la ciénaga,Bataklığı bul
645,0xE4F5950E,Find a way to open the fiendish door and activate the Gate Keeper's crystal that lies beyond.,Trouvez un moyen d'ouvrir la porte diabolique et d'activer le cristal du Gardien qu'elle protège.,"Finde einen Weg, um das teuflische Tor zu öffnen und den Kristall des Torhüters dahinter zu aktivieren.",Trova un modo per aprire la porta demoniaca e attiva il cristallo del custode che si trova oltre di essa.,Encuentra el modo de abrir la puerta diabólica y activa el cristal del guardián de la puerta que hay más allá.,Şeytani kapıyı açmanın bir yolunu bul ve ötesindeki Kapı Bekçisi kristalini etkinleştir.
646,0xE4FDFFF3,Collect six Golden Dragon flowers and use them at the spider lair in the Forsaken Grove.,Récupérez six fleurs de dragon d'or et répandez-les dans le repaire de l'Araignée au Bosquet oublié.,Besorge sechs Goldene Drachenblumen und benutze sie am Spinnennest im verlassenen Hain.,Raccogli sei fiori di drago dorato e usali sulla tana del ragno nel Boschetto dimenticato.,Recoge seis flores de dragón dorado y úsalas en la guarida de la araña en la Arboleda Maldita.,Altı Altın Ejder çiçeği topla ve Terk Edilmiş Koruluk'taki örümcek ininde kullan.
647,0xE5CC7651,Defeat the Tyr Rexaur,Éliminer le Rexaure de Tyr,Tyr Rexaur besiegen,Sconfiggi il Rexauro,Derrota al tir rexaurio,Tyr Rexaur'u yen
648,0xE62F7F16,Save the King,Sauver le roi,Rette den König,Salva il re,Salvar al rey,Kralı kurtar
649,0xE654BB9D,$VALUE of $COMPLETEDVALUE sailors rescued,Marins secourus : $VALUE sur $COMPLETEDVALUE,$VALUE von $COMPLETEDVALUE Seeleuten befreit,$VALUE di $COMPLETEDVALUE marinai in salvo,$VALUE de $COMPLETEDVALUE marineros rescatados,$VALUE/$COMPLETEDVALUE denizci kurtarıldı
650,0xE687D860,Defeat the Crystal Guardian,Éliminer le Gardien du cristal,Kristallwächter besiegen,Sconfiggi il guardiano del cristallo,Derrota al guardián de cristal,Kristal Koruyucusu yen
651,0xE6AA6DAD,Find a way to open the fiendish door and activate the Gate Keeper's crystal that lies beyond.,Trouvez un moyen d'ouvrir la porte diabolique et d'activer le cristal du Gardien qu'elle protège.,"Finde einen Weg, um das teuflische Tor zu öffnen und den Kristall des Torhüters dahinter zu aktivieren.",Trova un modo per aprire la porta demoniaca e attiva il cristallo del custode che si trova oltre di essa.,Encuentra el modo de abrir la puerta diabólica y activa el cristal del guardián de la puerta que hay más allá.,Şeytani kapıyı açmanın bir yolunu bul ve ötesindeki Kapı Bekçisi kristalini etkinleştir.
652,0xE6F0BC2F,Examine potion shelf,Examiner l'étagère à potions,Trankregal durchsuchen,Esamina lo scaffale delle pozioni,Examina el estante de pociones,İksir rafını incele
653,0xE6F5B7B0,Find the first key.,Retrouver la première clef,Finde den ersten Schlüssel,Trova la prima chiave,Busca la primera llave,İlk anahtarı bul.
654,0xE7707040,Return to Elder,Revenir auprès de l'Ancien,Zum Ältesten zurückkehren,Torna dall'Antico,Vuelve con el anciano,Kadime dön
655,0xE7970678,#0xCDC673FF#Delivered wolf!#PREVIOUS#,#0xCDC673FF#Loup ramené !#PREVIOUS#,#0xCDC673FF#Wolf abgeliefert!#PREVIOUS#,#0xCDC673FF#Lupo consegnato!#PREVIOUS#,#0xCDC673FF#¡Lobo entregado!#PREVIOUS#,#0xCDC673FF#Kurt teslim edildi!#PREVIOUS#
656,0xE79CE3B4,Bring tome given to you by Keltas to Eckhardt in Nexus.,Rendez-vous à Nexus et apportez à Eckhardt le grimoire que vous a confié Keltas.,Keltas' Folianten zu Eckhardt nach Nexus bringen.,"Porta a Eckhardt, a Nexus, il tomo che ti è stato dato da Keltas.",Lleva el libro que te ha dado Keltas a Eckhardt en Nexus.,Keltas’ın verdiği kitabı Nexus’taki Eckhardt’a götür.
657,0xE7E3D269,Defeat Michadele.,Vaincre Michadèle,Michadele besiegen,Sconfiggi Michadele,Derrota a Michadele,Michadele'yi yen.
658,0xE8316838,Defeat the Krakenspawn Lich and his undead horde within the Undersprawl.,Éliminez la Liche krakenard et son armée de Morts-vivants dans les Profondeurs.,Besiege in den Tiefenstollen den Krakenbrut-Lich und seine untote Horde.,Sconfiggi il Lich dei Krakeniani e la sua orda di non morti nel Caos profondo.,Derrota al liche krakeniano y a su horda de no muertos en el Bajomundo.,Derin Dehlizler'de Krakenli Lich'i ve hortlak sürüsünü yen.
659,0xE85F464C,Find a way to open the fiendish door and activate the Gate Keeper's crystal that lies beyond.,Trouvez un moyen d'ouvrir la porte diabolique et d'activer le cristal du Gardien qu'elle protège.,"Finde einen Weg, um das teuflische Tor zu öffnen und den Kristall des Torhüters dahinter zu aktivieren.",Trova un modo per aprire la porta demoniaca e attiva il cristallo del custode che si trova oltre di essa.,Encuentra el modo de abrir la puerta diabólica y activa el cristal del guardián de la puerta que hay más allá.,Şeytani kapıyı açmanın bir yolunu bul ve ötesindeki Kapı Bekçisi kristalini etkinleştir.
660,0xE8ABCE2D,Return to Katrina,Revenir auprès de Katrina,Zu Katrina zurückkehren,Torna da Katrina,Vuelve con Katrina.,Katrina'ya dön
661,0xE8B97868,Bastion of Isolation,Bastion d'isolation,Bastion der Isolation,Bastione di solitudine,Baluarte de aislamiento,Yalnızlık Burcu
662,0xE94FFCF9,#0xCDC673FF#Fironel Found!#PREVIOUS#,#0xCDC673FF#Fironelle rejointe !#PREVIOUS#,#0xCDC673FF#Fironel gefunden!#PREVIOUS#,#0xCDC673FF#Fironel trovata!#PREVIOUS#,#0xCDC673FF#¡Fironel encontrado!#PREVIOUS#,#0xCDC673FF#Fironel bulundu!#PREVIOUS#
663,0xE9657F3E,$VALUE of $COMPLETEDVALUE hunters rescued.,Chasseurs sauvés : $VALUE sur $COMPLETEDVALUE,$VALUE von $COMPLETEDVALUE Jägern befreit,$VALUE di $COMPLETEDVALUE cacciatori in salvo,$VALUE de $COMPLETEDVALUE cazadores rescatados,$VALUE/$COMPLETEDVALUE avcı kurtarıldı.
664,0xE9CA45B4,Open the portal,Ouvrir le portal,Portal öffnen,Apri il portale,Abre el portal,Portalı aç
665,0xEA5AD545,Secrets of the Sphinx,Les secrets du Sphinx,Geheimnisse der Sphinx,I segreti della sfinge,Secretos de la esfinge,Sfenksin Sırları
666,0xEAABF6B8,#0xCDC673FF#Weapon forged!#PREVIOUS#,#0xCDC673FF#Arme forgée !#PREVIOUS#,#0xCDC673FF#Waffe geschmiedet!#PREVIOUS#,#0xCDC673FF#Arma forgiata!#PREVIOUS#,#0xCDC673FF#¡Arma forjada!#PREVIOUS#,#0xCDC673FF#Silah dövüldü!#PREVIOUS#
667,0xEABCE44E,#0xCDC673FF#Portal entered!#PREVIOUS#,#0xCDC673FF#Portail franchi !#PREVIOUS#,#0xCDC673FF#Portal betreten!#PREVIOUS#,#0xCDC673FF#Sei entrato nel portale!#PREVIOUS#,#0xCDC673FF#¡Has entrado al portal!#PREVIOUS#,#0xCDC673FF#Portala girildi!#PREVIOUS#
668,0xEB1A02BD,The Crystal,Le Cristal,Der Kristall,Il cristallo,El cristal,Kristal
669,0xEC275DDA,#0xCDC673FF#Goblin brigade defeated!#PREVIOUS#,#0xCDC673FF#Gardes gobelins éliminés !#PREVIOUS#,#0xCDC673FF#Goblin-Brigade besiegt!#PREVIOUS#,#0xCDC673FF#Brigata dei Goblin sconfitta!#PREVIOUS#,#0xCDC673FF#¡Brigada goblin derrotada!#PREVIOUS#,#0xCDC673FF#Goblin birliği yenildi!#PREVIOUS#
670,0xEC554328,#0xCDC673FF#Tomb found!#PREVIOUS#,#0xCDC673FF#Tombeau trouvé !#PREVIOUS#,#0xCDC673FF#Grab gefunden!#PREVIOUS#,#0xCDC673FF#Tomba trovata!#PREVIOUS#,#0xCDC673FF#¡Tumba encontrada!#PREVIOUS#,#0xCDC673FF#Mezar bulundu!#PREVIOUS#
671,0xECCF646A,#0xCDC673FF#Ingredients found!#PREVIOUS#,#0xCDC673FF#Ingrédients trouvés !#PREVIOUS#,#0xCDC673FF#Zutaten gefunden!#PREVIOUS#,#0xCDC673FF#Ingredienti trovati!#PREVIOUS#,#0xCDC673FF#¡Ingredientes encontrados!#PREVIOUS#,#0xCDC673FF#Malzemeler bulundu!#PREVIOUS#
672,0xEDA5F87A,Goblin Tech,Technologie gobeline,Goblin-Technologie,Tecnologia goblin,Tecnología goblin,Goblin Teknolojisi
673,0xEDD4D817,#0xCDC673FF#Spider slain!#PREVIOUS#,#0xCDC673FF#Araignée éliminée !#PREVIOUS#,#0xCDC673FF#Spinne getötet!#PREVIOUS#,#0xCDC673FF#Ragno ucciso!#PREVIOUS#,#0xCDC673FF#¡Araña asesinada!#PREVIOUS#,#0xCDC673FF#Örümcek öldürüldü!#PREVIOUS#
674,0xEE2ED14A,#0xCDC673FF#Help found!#PREVIOUS#,#0xCDC673FF#Aide trouvée !#PREVIOUS#,#0xCDC673FF#Hilfe gefunden!#PREVIOUS#,#0xCDC673FF#Aiuto trovato!#PREVIOUS#,#0xCDC673FF#¡Ayuda encontrada!#PREVIOUS#,#0xCDC673FF#Yardım bulundu!#PREVIOUS#
675,0xEE47B9DF,"In the Frozen North, decide to aid either the Chieftain or the Colossus.",Choisissez qui vous souhaitez aider dans le Grand Nord entre le Chef et le Colosse.,Hilf im gefrorenen Norden dem Häuptling oder dem Koloss.,Nel Nord gelato devi decidere se aiutare il capotribù oppure il colosso.,"En el Norte Helado, elije ayudar al jefe o al coloso.",Donmuş Kuzey'de Reis ile Devden hangisine yardım edeceğine karar ver.
676,0xEE8E484C,Deliver the map,Remettre la carte,Karte überbringen,Consegna la mappa,Entrega el mapa,Haritayı teslim et
677,0xEEBCA77E,#0xCDC673FF#$VALUE of $COMPLETEDVALUE weapons destroyed#PREVIOUS#,#0xCDC673FF#Armes détruites : $VALUE sur $COMPLETEDVALUE#PREVIOUS#,#0xCDC673FF#$VALUE von $COMPLETEDVALUE Waffen zerstört#PREVIOUS#,#0xCDC673FF#$VALUE di $COMPLETEDVALUE armi distrutte#PREVIOUS#,#0xCDC673FF#$VALUE de $COMPLETEDVALUE armas#PREVIOUS#,#0xCDC673FF#$VALUE/$COMPLETEDVALUE silah yok edildi#PREVIOUS#
678,0xEF425FE4,Missing in Action,Portée disparue,Vermisst,Scomparsa,Desaparecida en acción,Görevde Kayıp
679,0xEF67B469,#0xCDC673FF#Font found!#PREVIOUS#,#0xCDC673FF#Vasque trouvée !#PREVIOUS#,#0xCDC673FF#Becken gefunden!#PREVIOUS#,#0xCDC673FF#Fonte trovata!#PREVIOUS#,#0xCDC673FF#¡Objeto encontrado!#PREVIOUS#,#0xCDC673FF#Büyülü kaynak bulundu!#PREVIOUS#
680,0xEF6D08A9,#0xCDC673FF#$VALUE of $COMPLETEDVALUE undead defeated#PREVIOUS#,#0xCDC673FF#Revenants tués : $VALUE sur $COMPLETEDVALUE#PREVIOUS#,#0xCDC673FF#$VALUE von $COMPLETEDVALUE Untoten besiegt#PREVIOUS#,#0xCDC673FF#$VALUE di $COMPLETEDVALUE non morti sconfitti#PREVIOUS#,#0xCDC673FF#$VALUE de $COMPLETEDVALUE no muertos#PREVIOUS#,#0xCDC673FF#$VALUE/$COMPLETEDVALUE hortlak yenildi#PREVIOUS#
681,0xEF86969C,Key of Time,Clef du temps,Schlüssel der Zeit,Chiave del tempo,Llave del tiempo,Zaman Anahtarı
682,0xF04D4A88,Find the Ruinscar location,Découvrir l'emplacement de la Faille de Ruin,Finde die Ruinennarbe,Trova la posizione della Cicatrice della rovina,Busca la ruinabrecha,Yıkım Yarası'nın yerini bul
683,0xF085FEB9,#0xCDC673FF#Skull delivered!#PREVIOUS#,#0xCDC673FF#Crâne rapporté !#PREVIOUS#,#0xCDC673FF#Schädel übergeben!#PREVIOUS#,#0xCDC673FF#Teschio consegnato!#PREVIOUS#,#0xCDC673FF#¡Calavera entregada!#PREVIOUS#,#0xCDC673FF#Kafatası teslim edildi!#PREVIOUS#
684,0xF0B393B8,#0xCDC673FF#Rifle found!#PREVIOUS#,#0xCDC673FF#Fusil retrouvé !#PREVIOUS#,#0xCDC673FF#Gewehr gefunden!#PREVIOUS#,#0xCDC673FF#Fucile trovato!#PREVIOUS#,#0xCDC673FF#¡Fusil encontrado!#PREVIOUS#,#0xCDC673FF#Tüfek bulundu!#PREVIOUS#
685,0xF0E066B5,Find some driftwood at the shipwreck in the Reef of Ruin.,Trouvez du bois flotté sur le site du naufrage au Récif de Ruin.,Besorge vom Schiffswrack am Riff des Ruins etwas Treibholz.,Trova dei pezzi di legno al sito del naufragio alla Scogliera della rovina.,Busca tablas en el naufragio del Arrecife de Ruina.,Yıkım Resifi'ndeki gemi enkazında sürüklenmiş odun bul.
686,0xF101576E,Deliver the wood to Doctor Skalding,Apporter le bois au docteur Skalding,Holz zu Doktor Skalding bringen,Porta il legno al dottor Skalding,Dale las tablas al doctor Skalding,Odunu Doktor Skalding'e götür
687,0xF1291A73,#0xCDC673FF#Hellmouth defeated!#PREVIOUS#,#0xCDC673FF#Dévorace vaincu !#PREVIOUS#,#0xCDC673FF#Höllenmund besiegt!#PREVIOUS#,#0xCDC673FF#Bocca infernale sconfitta!#PREVIOUS#,#0xCDC673FF#¡Monstruo derrotado!#PREVIOUS#,#0xCDC673FF#Cehennem Ağzı yenildi!#PREVIOUS#
688,0xF171F33C,Mark of the Wolves,La marque des Loups,Mal der Wölfe,Il marchio dei lupi,Marca de los lobos,Kurtların İşareti
689,0xF2316CAD,Return the finalized crystal to Nexus.,Rapportez le cristal suprême à Nexus.,Kehre mit dem fertigen Kristall nach Nexus zurück.,Riporta il cristallo ultimato a Nexus.,Devuelve el cristal finalizado a Nexus.,Tamamlanan kristali Nexus'a geri götür.
690,0xF269034B,Deliver data,Apporter les résultats,Daten überbringen,Consegna i dati,Entrega los datos,Verileri teslim et
691,0xF269754B,Cruel Angel's Thesis,Archange cruel,These des grausamen Engels,L'angelo crudele,La tesis del ángel cruel,Zalim Meleğin Tezi
692,0xF2BDB782,#0xCDC673FF#$VALUE of $COMPLETEDVALUE Pumps Destroyed#PREVIOUS#,#0xCDC673FF#Pompes détruites : $VALUE sur $COMPLETEDVALUE#PREVIOUS#,#0xCDC673FF#$VALUE von $COMPLETEDVALUE Pumpen zerstört#PREVIOUS#,#0xCDC673FF#$VALUE di $COMPLETEDVALUE pompe distrutte#PREVIOUS#,#0xCDC673FF#$VALUE de $COMPLETEDVALUE bombas destruidas#PREVIOUS#,#0xCDC673FF#$VALUE/$COMPLETEDVALUE pompa yok edildi#PREVIOUS#
693,0xF2C1D712,Bring Mia's ashes to a family member in Nexus,Apporter les cendres de Mia à l'un des membres de sa famille à Nexus,Mias Asche einem Familienmitglied in Nexus bringen,Porta le ceneri di Mia a un suo famigliare a Nexus,Lleva las cenizas de Mia a alguien de su familia en Nexus,Mia'nın küllerini Nexus'taki bir aile ferdine götür
694,0xF3C5E406,Wind from a Devil.,Vent d'un Diable,Wind eines Teufels,Vento da un diavolo,Viento de un diablo,İblis'ten Rüzgâr
695,0xF47F4A71,$VALUE of $COMPLETEDVALUE undead defeated,Revenants vaincus : $VALUE sur $COMPLETEDVALUE,$VALUE von $COMPLETEDVALUE Untoten besiegt,$VALUE di $COMPLETEDVALUE non morti sconfitti,$VALUE de $COMPLETEDVALUE no muertos derrotados,$VALUE/$COMPLETEDVALUE hortlak yenildi
696,0xF4E15ABE,#0xCDC673FF#Tibur defeated!#PREVIOUS#,#0xCDC673FF#Tiburien vaincu !#PREVIOUS#,#0xCDC673FF#Tibur besiegt!#PREVIOUS#,#0xCDC673FF#Tibur sconfitto!#PREVIOUS#,#0xCDC673FF#¡Tibur derrotado!#PREVIOUS#,#0xCDC673FF#Tibur yenildi!#PREVIOUS#
697,0xF4F63219,Deliver the helmet,Rapporter le casque,Helm überbringen,Consegna l'elmo,Entrega el yelmo,Miğferi teslim et
698,0xF5045B2A,Parley,Pourparlers,Verhandlung,La trattativa,El encuentro,Müzakere
699,0xF50A26D9,#0xCDC673FF#Info returned!#PREVIOUS#,#0xCDC673FF#Information rapportée !#PREVIOUS#,#0xCDC673FF#Information überbracht!#PREVIOUS#,#0xCDC673FF#Informazioni comunicate!#PREVIOUS#,#0xCDC673FF#¡Información entregada!#PREVIOUS#,#0xCDC673FF#Bilgi geri getirildi!#PREVIOUS#
700,0xF5166044,Infuse the crystal,Charger le cristal,Kristall aufladen,Infondi il cristallo,Imbuye el cristal,Kristali güçlendir
701,0xF51D0400,#0xCDC673FF#Michadele found!#PREVIOUS#,#0xCDC673FF#Michadèle trouvée !#PREVIOUS#,#0xCDC673FF#Michadele gefunden!#PREVIOUS#,#0xCDC673FF#Michadele trovata!#PREVIOUS#,#0xCDC673FF#¡Encontraste a Michadele!#PREVIOUS#,#0xCDC673FF#Michadele bulundu!#PREVIOUS#
702,0xF54D936B,Get Jailor's key.,Récupérer la clef du geôlier,Schlüssel des Kerkermeisters beschaffen,Prendi la chiave del carceriere,Consigue la llave del carcelero,Gardiyanın anahtarını al.
703,0xF580AC38,The Ruins of Veil,Les Ruines de Veil,Die Ruinen von Veil,Le rovine del Velo,Las ruinas del Velo,Veil Harabeleri
704,0xF5B84750,Meet Fironel,Retrouver Fironelle,Fironel treffen,Incontrati con Fironel,Reúnete con Fironel,Fironel ile buluş
705,0xF5CCFB23,#0xCDC673FF#Key located!#PREVIOUS#,#0xCDC673FF#Clef trouvée !#PREVIOUS#,#0xCDC673FF#Schlüssel gefunden!#PREVIOUS#,#0xCDC673FF#Chiave trovata!#PREVIOUS#,#0xCDC673FF#¡Llave encontrada!#PREVIOUS#,#0xCDC673FF#Anahtarın yeri belirlendi!#PREVIOUS#
706,0xF6BE7066,Defeat the Colossus,Éliminer le Colosse,Besiege den Koloss,Sconfiggi il colosso,Derrota al coloso,Devi yen
707,0xF72C5B65,Discover the fate of the missing shipwreck survivor in the Reef of Ruin.,Découvrez ce qui est arrivé à la naufragée disparue au Récif de Ruin.,"Finde heraus, was aus der verschwundenen Schiffbrüchigen am Riff des Ruins geworden ist.",Scopri il destino della superstite del naufragio scomparsa alla Scogliera della rovina.,Averigua qué ha pasado con la superviviente desaparecida del naufragio en el Arrecife de Ruina.,Yıkım Resifi'ndeki kayıp kazazedenin başına ne geldiğini öğren.
708,0xF72F3C2B,Results May Vary,Résultats aléatoires,Ergebnisse können abweichen,Risultati variabili,Los resultados pueden variar,Sonuçlar Değişebilir
709,0xF818965A,Enter the Sorcerers' Vault,Entrer dans l'Arche des sorciers,Magiergewölbe betreten,Entra nella Cripta del mago,Entra en la Cámara de los hechiceros,Büyücülerin Kasası'na gir
710,0xF821F236,"In the Crystal Path, clear the undead from the temple ruins for Nolan Hart.",Éliminez les Morts-vivants du temple en ruine sur la Voie cristalline pour Nolan Hart.,Vertreibe in Nolan Harts Auftrag am Kristallpfad die Untoten aus den Tempelruinen.,"Lungo il Sentiero di cristallo, elimina i non morti dalle rovine del tempio per conto di Nolan Hart.",Elimina a los no muertos de las ruinas del templo de parte de Nolan Hart en el Camino de Cristal.,Kristal Yolu'nda Nolan Hart için tapınak harabelerini hortlaklardan temizle.
711,0xF85E3037,Predator and Prey,Prédateur et proie,Jäger und Beute,Predatore e preda,Depredador y presa,Yırtıcı ve Av
712,0xF87E8481,Deliver skull to the woodman,Apporter le crâne au garde forestier,Schädel dem Förster bringen,Consegna il teschio al boscaiolo,Lleva la calavera al leñador,Kafatasını oduncuya götür
713,0xF9881E00,Assault the Vault,La salle au trésor,Angriff auf die Schatzkammer,Assalta la cripta,Asalta la cámara,Kasaya Saldırı
714,0xF9AE0E10,Search for ruins within the Haunted Woods and make contact with the Ghost Council of Salvera,Retrouvez les ruines cachées dans les Bois hantés et entrez en contact avec le conseil fantôme de Salvéra.,Such in den verwunschenen Wäldern nach Ruinen und nimm Kontakt mit dem Geisterrat von Salvera auf.,Cerca delle rovine all'interno dei Boschi maledetti per entrare in contatto con il consiglio dei fantasmi di Salvera.,Busca las ruinas dentro de la Floresta Embrujada y ponte en contacto con el consejo fantasmal de Salvera.,Perili Orman'da harabe ara ve Salvera'nın Hayalet Konseyiyle temas kur
715,0xFACDEE86,Wrecking Crew,Équipe de démolition,Abrisstrupp,Distruttori,Equipo de demolición,Yıkım Ekibi
716,0xFB15B0A4,Energize the crystal,Activer le cristal,Kristall aufladen,Dai energia al cristallo,Energiza el cristal,Kristale enerji yükle
717,0xFB9A5BE6,Scatter Mia's ashes.,Verser les cendres de Mia,Mias Asche verstreuen,Disperdi le ceneri di Mia,Dispersa las cenizas de Mia,Mia'nın küllerini serp.
718,0xFB9F4C9C,$VALUE of $COMPLETEDVALUE spellbooks,Grimoires : $VALUE sur $COMPLETEDVALUE,$VALUE von $COMPLETEDVALUE Zauberbüchern besorgt,$VALUE di $COMPLETEDVALUE libri magici,$VALUE de $COMPLETEDVALUE grimorios,$VALUE/$COMPLETEDVALUE büyü kitabı
719,0xFC44D42B,#0xCDC673FF#News given!#PREVIOUS#,#0xCDC673FF#Nouvelles apportées !#PREVIOUS#,#0xCDC673FF#Neuigkeiten überbracht!#PREVIOUS#,#0xCDC673FF#Notizia comunicata!#PREVIOUS#,#0xCDC673FF#¡Noticias entregadas!#PREVIOUS#,#0xCDC673FF#Haber verildi!#PREVIOUS#
720,0xFC9D6F2D,Defeat Michadele,Vaincre Michadèle,Michadele besiegen,Sconfiggi Michadele,Derrota a Michadele,Michadele'yi yen
721,0xFD54D83E,#0xCDC673FF#Info returned!#PREVIOUS#,#0xCDC673FF#Information rapportée !#PREVIOUS#,#0xCDC673FF#Information überbracht!#PREVIOUS#,#0xCDC673FF#Informazioni comunicate!#PREVIOUS#,#0xCDC673FF#¡Información entregada!#PREVIOUS#,#0xCDC673FF#Bilgi geri getirildi!#PREVIOUS#
722,0xFD79A126,#0xCDC673FF#Michadele saved!#PREVIOUS#,#0xCDC673FF#Michadèle sauvée!#PREVIOUS#,#0xCDC673FF#Michadele gerettet!#PREVIOUS#,#0xCDC673FF#Hai salvato Michadele!#PREVIOUS#,#0xCDC673FF#¡Michadele salvada!#PREVIOUS#,#0xCDC673FF#Michadele kurtarıldı!#PREVIOUS#
723,0xFEE218B0,Search the grove,Fouiller le bosquet,Hain durchsuchen,Esplora il boschetto,Registra la arboleda,Koruluğu ara
724,0xFF7004DC,#0xCDC673FF#Adrian defeated!#PREVIOUS#,#0xCDC673FF#Adrian vaincu !#PREVIOUS#,#0xCDC673FF#Adrian besiegt!#PREVIOUS#,#0xCDC673FF#Adrian sconfitto!#PREVIOUS#,#0xCDC673FF#¡Adrian derrotado!#PREVIOUS#,#0xCDC673FF#Adrian yenildi!#PREVIOUS#
725,0xFFC0B13B,#0xCDC673FF#Pedestals lit!#PREVIOUS#,#0xCDC673FF#Plates-formes activées !#PREVIOUS#,#0xCDC673FF#Podeste erleuchtet!#PREVIOUS#,#0xCDC673FF#Piedistalli illuminati#PREVIOUS#,#0xCDC673FF#¡Pedestales encendidos!#PREVIOUS#,#0xCDC673FF#Kaide ateşleri yakıldı!#PREVIOUS#
726,0xFFC59F3C,#0xCDC673FF#Husband found!#PREVIOUS#,#0xCDC673FF#Mari retrouvé !#PREVIOUS#,#0xCDC673FF#Ehemann gefunden!#PREVIOUS#,#0xCDC673FF#Marito trovato!#PREVIOUS#,#0xCDC673FF#¡Marido encontrado!#PREVIOUS#,#0xCDC673FF#Koca bulundu!#PREVIOUS#
