Key,ReferenceIndex,Label,EU_Dutch,EU_English,EU_French,EU_German,EU_Italian,EU_Spanish,US_English,US_French,US_Spanish,TR_Patch
MainMenu_Start,0,MainMenu_Start,,,,,,,,,,
MainMenu_Start_Mes_0,1,MainMenu_Start_Mes_0,We gaan je hersenen eens goed trainen.,Let's train that brain of yours.,"Bien, entraînons votre cerveau.","Lassen Sie uns nun Ihr
Gedächtnis trainieren!",E ora alleniamo il cervello!,"¡Venga, vamos a poner a ejercitar
ese cerebro tuyo!",Let's train your brain!,"Bien, entraînons votre cerveau.",¡Vamos a ejercitar tu cerebro!,Haydi beynini biraz çalıştıralım.
Data_Broken,2,Data_Broken,,,,,,,,,,
Data_Broken_Common,3,Data_Broken_Common,"De opgeslagen gegevens waren
beschadigd en zijn gewist.","The save data was corrupted and
has been reset.","Les données de sauvegarde
étaient corrompues. Elles ont
donc été réinitialisées.","Die Speicherdaten waren
fehlerhaft und mussten
zurückgesetzt werden.","I dati di salvataggio
erano danneggiati
e sono stati ripristinati.","Los datos guardados estaban
dañados y se han tenido que
borrar.","The save data was corrupted,
therefore it was restored to
its original state.","Les données de sauvegarde
étaient corrompues et ont
été réinitialisées.","Los datos guardados estaban
dañados y se han tenido que
borrar.","Kayıt verileri bozuldu ve
sıfırlandı."
Data_Broken_User,4,Data_Broken_User,"De profielgegevens waren
beschadigd en zijn gewist.","The profile data was corrupted
and has been erased.","Les données de profil étaient
corrompues et ont été effacées.","Das Profil war fehlerhaft
und wurde gelöscht.","I dati personali
erano danneggiati e
sono stati cancellati.","El perfil estaba dañado
y se ha tenido que borrar.","The profile was corrupted,
therefore it has been erased.","Les données de profil étaient
corrompues et ont été effacées.","El perfil estaba dañado
y se ha tenido que borrar.","Profil verileri bozuldu
ve silindi."
Data_Broken_Other,5,Data_Broken_Other,"Een deel van de opgeslagen
gegevens was beschadigd
en is daarom gewist.","Part of the save data was
corrupted and has been erased.","Une partie des données de
sauvegarde étaient corrompues
et ont été effacées.","Ein Teil der Speicherdaten war
fehlerhaft und wurde gelöscht.","Alcuni dati di salvataggio
erano danneggiati
e sono stati cancellati.","Una parte de los datos
guardados estaba dañada
y se ha tenido que borrar.","Part of the save data
was corrupted, therefore
it has been erased.","Une partie des données de
sauvegarde étaient corrompues
et ont été effacées.","Una parte de los datos
guardados estaba dañada
y se ha tenido que borrar.","Kayıt verilerinin bir kısmı
bozuldu ve silindi."
Boss_Setting,6,Boss_Setting,,,,,,,,,,
Boss_Setting_Save_Mes_0,7,Boss_Setting_Save_Mes_0,"Een ogenblik geduld...


","Please wait...


","Veuillez patienter...


","Bitte warten...


","Attendi...


","Espera...


","Please Wait...


","Veuillez patienter...


","Espera...


","Lütfen bekleyin...


"
Boss_Setting_Mes_0,8,Boss_Setting_Mes_0,"Wil je SpotPass-gegevens opslaan
op de SD-kaart?","Is it OK to register
SpotPass to the SD
Card?","Souhaitez-vous enregistrer les
paramètres SpotPass de ce
logiciel sur la carte SD ?","Sollen auf der SD Card
SpotPass-Daten gespeichert
werden können?","Vuoi registrare i dati
SpotPass sulla scheda SD?","¿Quieres registrar SpotPass
en la tarjeta SD?","Is it OK to register SpotPass
to the SD Card?","Souhaitez-vous enregistrer les
paramètres SpotPass de ce
logiciel sur la carte SD?","¿Quieres registrar SpotPass
en la tarjeta SD?","SpotPass'ı SD
Karta kaydetmek
için uygun mu?"
Boss_Setting_Mes_1,9,Boss_Setting_Mes_1,"De optie 'Mijn gegevens
versturen' is uitgeschakeld.","The Send Records feature has
been disabled.","L'envoi des résultats n'est pas
activé.","In den Optionen wurde
die Einstellung auf
„Nicht senden“ gesetzt.","L'invio dei risultati
è ora disattivato.","Has desactivado
el envío de datos.","Send Us Your Records settings
have been set to Don't Send.","L'envoi des résultats n'est pas
activé.","Has desactivado
el envío de datos.","Kayıtları Gönder özelliği
devre dışı bırakıldı."
Boss_Setting_Mes_2,10,Boss_Setting_Mes_2,"De SD-kaart is niet
toegankelijk. SpotPass kan
niet worden ingeschakeld.","Could not access the SD Card, so
SpotPass cannot be activated.","Impossible d'accéder à la
carte SD. Les paramètres
SpotPass de ce logiciel n'ont
pas pu être enregistrés.","Es konnte nicht auf die SD Card
zugegriffen werden, daher konnte
SpotPass nicht aktiviert werden.","Impossibile accedere
alla scheda SD.
Impossibile registrare i dati
SpotPass per questo software.","No se ha podido activar
SpotPass porque no se
ha podido acceder a la
tarjeta SD.","The SD Card could not be
accessed. Therefore, SpotPass
could not be set up.","Impossible d'accéder à la
carte SD. Les paramètres
SpotPass de ce logiciel n'ont
pas pu être enregistrés.","No se ha podido activar
SpotPass porque no se
ha podido acceder a la
tarjeta SD.","SD Karta erişilemediği için
SpotPass etkinleştirilemiyor."
Boss_Setting_Mes_2_full,11,Boss_Setting_Mes_2_full,"Er is niet genoeg vrije ruimte op
de SD-kaart. SpotPass kan niet
worden ingeschakeld.","There is not enough free space
on the SD Card, so SpotPass
cannot be activated.","Espace libre insuffisant sur
la carte SD. Les paramètres
SpotPass de ce logiciel n'ont
pas pu être enregistrés.","Es ist nicht genügend freier
Speicherplatz auf der SD Card
vorhanden. Daher konnte
SpotPass nicht aktiviert werden.","Non c'è abbastanza spazio
libero nella scheda SD.
Impossibile registrare i dati
SpotPass per questo software.","No se ha podido activar
SpotPass porque no queda
suficiente espacio libre
en la tarjeta SD.","The SD Card does not have
enough free space. Therefore,
SpotPass could not be set up.","Espace libre insuffisant sur
la carte SD. Les paramètres
SpotPass de ce logiciel n'ont
pas pu être enregistrés.","No se ha podido activar
SpotPass porque no queda
suficiente espacio libre
en la tarjeta SD.","SD Kartta yeterli boş alan
olmadığından SpotPass
etkinleştirilemiyor."
Boss_Setting_Mes_2_lock,12,Boss_Setting_Mes_2_lock,"De SD-kaart is tegen schrijven
beveiligd. SpotPass kan niet
worden ingeschakeld.","The SD Card is write-protected,
so SpotPass cannot be activated.","La carte SD est protégée en
écriture. Les paramètres
SpotPass de ce logiciel n'ont
pas pu être enregistrés.","Die SD Card ist schreibgeschützt,
daher kann SpotPass nicht
aktiviert werden.","La scheda SD è
protetta da scrittura.
Impossibile registrare i dati
SpotPass per questo software.","No se ha podido activar
SpotPass porque la tarjeta SD
está protegida contra escritura.","Could not write to the SD Card.
Therefore, SpotPass could not
be set up.","La carte SD est protégée en
écriture. Les paramètres
SpotPass de ce logiciel n'ont
pas pu être enregistrés.","No se ha podido activar
SpotPass porque la tarjeta SD
está protegida contra escritura.","SD Kart yazma korumalı
olduğundan, SpotPass
etkinleştirilemiyor."
Boss_Setting_Btn_0,13,Boss_Setting_Btn_0,Ja,Yes,Oui,Ja,Sì,¡Sí!,Yes,Oui,¡Sí!,Evet
Boss_Setting_Btn_1,14,Boss_Setting_Btn_1,Nee,No,Non,Nein,No,¡No!,No,Non,¡No!,Hayır
Cec_Setting,15,Cec_Setting,,,,,,,,,,
Cec_Setting_Mes_0,16,Cec_Setting_Mes_0,"StreetPass is niet
ingeschakeld voor deze
software op dit systeem.","This title is not registered for use
with StreetPass on this system.","StreetPass n'est pas activé pour
ce logiciel.","Auf diesem System ist StreetPass
für diese Software nicht aktiviert.","SteetPass non è attivata
per questo software
su questa console.","La función de StreetPass
de este programa no está
activada en esta consola.","This software is not registered
for use with StreetPass
on this system.","StreetPass n'est pas activé pour
ce logiciel.","La función de StreetPass
de este programa no está
activada en esta consola.","Bu oyun, bu sistemde StreetPass ile
kullanım için kayıtlı değil."
Cec_Setting_Mes_1,17,Cec_Setting_Mes_1,StreetPass is uitgeschakeld.,StreetPass has been disabled.,StreetPass n'est pas activé.,"StreetPass wurde in den
Optionen deaktiviert.","La funzione StreetPass
è disattivata.",Se ha desactivado StreetPass.,StreetPass has been deactivated.,StreetPass n'est pas activé.,Se ha desactivado StreetPass.,StreetPass devre dışı bırakıldı.
Save,18,Save,,,,,,,,,,
Save_Short,19,Save_Short,Bezig met opslaan...,Saving...,Sauvegarde...,Speichern...,Salvataggio...,Guardando los datos...,Saving...,Sauvegarde...,Guardando los datos...,Kaydediliyor...
Save_Long,20,Save_Long,"Bezig met voorbereiden...
Zet het systeem niet uit.","Preparing...
Please do not turn off the power.","Préparation...
N'éteignez pas la console.","Vorbereitung...
Bitte das System nicht ausschalten.","Salvataggio in corso.
Non spegnere la console.","Guardando los datos...
No apagues la consola.","Preparing...
Please do not turn off the power.","Préparation...
N'éteignez pas la console.","Guardando los datos...
No apagues la consola.","Hazırlanıyor...
Lütfen cihazı kapatmayın."
Save_Delete,21,Save_Delete,"Je profiel wordt gewist.
Zet het systeem niet uit.","Deleting profile...
Please do not turn off the power.","Effacement des données de profil.
N'éteignez pas la console.","Profil wird gelöscht.
Bitte das System nicht ausschalten.","Eliminazione dati personali in corso.
Non spegnere la console.","Borrando el perfil...
No apagues la consola.","Deleting profile. Please do not
turn off the power.","Effacement des données de profil.
N'éteignez pas la console.","Borrando el perfil...
No apagues la consola.","Profil siliniyor...
Lütfen cihazı kapatmayın."
Save_DeleteAll,22,Save_DeleteAll,"De gegevens worden gewist.
Zet het systeem niet uit.","Deleting data...
Please do not turn off the power.","Effacement des données.
N'éteignez pas la console.","Daten werden gelöscht.
Bitte das System nicht ausschalten.","Eliminazione dati in corso.
Non spegnere la console.","Borrando los datos...
No apagues la consola.","Deleting data.
Please do not turn off the power.","Effacement des données.
N'éteignez pas la console.","Borrando los datos...
No apagues la consola.","Veriler siliniyor...
Lütfen cihazı kapatmayın."
Save_Boss,23,Save_Boss,"SpotPass is ingesteld. Er worden
aanvullende gegevens gecreëerd.","SpotPass has been activated.
Extra data will now be created.","SpotPass configuré. Des données
additionnelles vont être créées.","SpotPass wurde eingerichtet.
Zusatzdaten werden erstellt.","SpotPass verrà attivata.
Creazione dati aggiuntivi in corso.","Se ha configurado SpotPass.
Se crearán datos adicionales.","SpotPass is being set up.
Extra data will be created.","SpotPass configuré. Des données
additionnelles vont être créées.","Se ha configurado SpotPass.
Se crearán datos adicionales.","SpotPass etkinleştirildi.
Artık ek veriler oluşturulacak."
Time_Back,24,Time_Back,,,,,,,,,,
Time_Back_0,25,Time_Back_0,"Wat is dit?
Volgens de klok zijn we terug in
de tijd gereisd!","What's this?
According to the clock
we've travelled back in time.","Tiens ? Il semblerait que nous
ayons remonté le temps.","Oh?
Der Uhr zufolge sind wir
in der Zeit zurück gereist.","Com'è possibile?
L'orologio è indietro.","¡Vaya! Parece que hemos
viajado atrás en el tiempo,
o eso al menos indica mi reloj.","What's this?
According to the clock,
we've traveled back in time.","Tiens! Il semblerait que nous
ayons remonté le temps.","¡Vaya! Parece que hemos
viajado atrás en el tiempo,
o eso indica mi reloj.","Bu da ne?
Saate göre
zamanda geriye gitmişiz."
Time_Back_1,26,Time_Back_1,"Mogelijk zijn de grafieken
en trainingskalender niet
betrouwbaar meer.
Wil je toch verdergaan?","Graphs and attendance records
may no longer be reliable.
Is this OK?","Les informations relatives aux
graphiques et aux jours de
présence pourraient être altérées.","Daher sind Grafiken und
Trainingskalender eventuell
nicht mehr verlässlich.
Trotzdem fortfahren?","Ciò potrebbe causare
problemi al grafico
e al registro delle presenze.
Va bene lo stesso?","Los datos mostrados en
los gráficos y la información
sobre la asistencia podrían
sufrir cambios.
¿Seguro que quieres continuar?","Graphs and attendance records
may no longer be reliable.
Is this OK?","Les informations relatives aux
graphiques et aux jours de
présence pourraient être altérées.","Los datos mostrados en
los gráficos y la información
sobre la asistencia podrían
sufrir cambios.
¿Seguro que quieres continuar?","Grafikler ve katılım kayıtları
artık güvenilir olmayabilir.
Bu uygun mu?"
Time_Back_Btn_0,27,Time_Back_Btn_0,Ja,Yes,OK,Okay,Sì,Sí,Yes,OK,Sí,Evet
Trn_Get_,28,Trn_Get_,,,,,,,,,,
Trn_Get_First_Mes_0,29,Trn_Get_First_Mes_0,Als je blijft trainen...,If you keep up your attendance,"À mesure que vous accumulez les
jours de présence...","Wenn Sie das Training fortsetzen,","Se registri abbastanza
presenze...","Si eres constante y vienes
por aquí con frecuencia,","If you keep up your attendance,","À mesure que vous accumulez les
jours de présence...","Si eres constante y vienes
por aquí con frecuencia,",Katılımını sürdürürsen
Trn_Get_First_Mes_1,30,Trn_Get_First_Mes_1,"worden er meer oefeningen en
activiteiten beschikbaar gesteld.","more training exercises
and activities will become
available.","vous débloquez de nouveaux
exercices et activités.","werden neue Übungen
und Aktivitäten verfügbar.","avrai accesso a nuovi
allenamenti e tanto
altro ancora.","se irán desbloqueando más
actividades y ejercicios.","more training exercises
and activities will become
available.","vous déverrouillez de nouveaux
exercices et activités.","se irán desbloqueando más
actividades y ejercicios.","daha fazla antrenman egzersizi
ve etkinlik
kullanıma açılacak."
Trn_Get_First_Mes_2,31,Trn_Get_First_Mes_2,"Vandaag is je eerste
trainingssessie, dus...","Today is your first
day of training, so...","C'est votre premier jour
aujourd'hui...","Sie haben heute das erste
Mal trainiert!","Oggi è il tuo primo giorno,
quindi...","Como hoy es tu primer día
de entrenamiento, creo que
te mereces una sorpresa...","Today is your first
day of training, so...","C'est votre premier jour
aujourd'hui...","Como hoy es tu primer día
de entrenamiento, creo que
te mereces una sorpresa...","Bugün antrenmandaki
ilk günün, yani..."
Trn_Get_First_Mes_3,32,Trn_Get_First_Mes_3,"er is in [[U+000E]][[U+0000]][[U+0003]][[U+0004]]ÿ[[U+FF00]]Duivelse Training[[U+000E]][[U+0000]][[U+0003]][[U+0004]][[U+0000]][[U+FF00]] een
nieuwe oefening beschikbaar!","A new [[U+000E]][[U+0000]][[U+0003]][[U+0004]]ÿ[[U+FF00]]Devilish Training[[U+000E]][[U+0000]][[U+0003]][[U+0004]][[U+0000]][[U+FF00]]
exercise is available!","Un nouvel exercice est disponible
pour l'[[U+000E]][[U+0000]][[U+0003]][[U+0004]]ÿ[[U+FF00]]entraînement infernal [[U+000E]][[U+0000]][[U+0003]][[U+0004]][[U+0000]][[U+FF00]]!","Unter [[U+000E]][[U+0000]][[U+0003]][[U+0004]]ÿ[[U+FF00]]Diabolisches Training[[U+000E]][[U+0000]][[U+0003]][[U+0004]][[U+0000]][[U+FF00]] ist
eine neue Übung verfügbar!","Hai accesso a un nuovo
[[U+000E]][[U+0000]][[U+0003]][[U+0004]]ÿ[[U+FF00]]Allenamento infernale[[U+000E]][[U+0000]][[U+0003]][[U+0004]][[U+0000]][[U+FF00]]!","¡Nuevo ejercicio de
[[U+000E]][[U+0000]][[U+0003]][[U+0004]]ÿ[[U+FF00]]Práctica infernal [[U+000E]][[U+0000]][[U+0003]][[U+0004]][[U+0000]][[U+FF00]]disponible!","A new [[U+000E]][[U+0000]][[U+0003]][[U+0004]]ÿ[[U+FF00]]Devilish Training[[U+000E]][[U+0000]][[U+0003]][[U+0004]][[U+0000]][[U+FF00]]
exercise is available!","Un nouvel exercice est disponible
pour l'[[U+000E]][[U+0000]][[U+0003]][[U+0004]]ÿ[[U+FF00]]entraînement infernal[[U+000E]][[U+0000]][[U+0003]][[U+0004]][[U+0000]][[U+FF00]]!","¡Nuevo ejercicio de
[[U+000E]][[U+0000]][[U+0003]][[U+0004]]ÿ[[U+FF00]]Práctica infernal [[U+000E]][[U+0000]][[U+0003]][[U+0004]][[U+0000]][[U+FF00]]disponible!","Yeni bir [[U+000E]][[U+0000]][[U+0003]][[U+0004]]ÿ[[U+FF00]]Şeytani Antrenman[[U+000E]][[U+0000]][[U+0003]][[U+0004]][[U+0000]][[U+FF00]]
egzersizi açıldı!"
Trn_Get_First_Mes_4,33,Trn_Get_First_Mes_4,"er is in [[U+000E]][[U+0000]][[U+0003]][[U+0004]]ÿ[[U+FF00]]Aanvullende Training [[U+000E]][[U+0000]][[U+0003]][[U+0004]][[U+0000]][[U+FF00]]een
nieuwe oefening beschikbaar!","A new [[U+000E]][[U+0000]][[U+0003]][[U+0004]]ÿ[[U+FF00]]Training Supplement[[U+000E]][[U+0000]][[U+0003]][[U+0004]][[U+0000]][[U+FF00]] is
available!","Un nouvel exercice est disponible
pour le [[U+000E]][[U+0000]][[U+0003]][[U+0004]]ÿ[[U+FF00]]soutien infernal [[U+000E]][[U+0000]][[U+0003]][[U+0004]][[U+0000]][[U+FF00]]!","Unter [[U+000E]][[U+0000]][[U+0003]][[U+0004]]ÿ[[U+FF00]]Diabolisches Zusatztraining[[U+000E]][[U+0000]][[U+0003]][[U+0004]][[U+0000]][[U+FF00]]
ist eine neue Übung verfügbar!","Hai accesso a un nuovo
[[U+000E]][[U+0000]][[U+0003]][[U+0004]]ÿ[[U+FF00]]Compendio infernale[[U+000E]][[U+0000]][[U+0003]][[U+0004]][[U+0000]][[U+FF00]]!","¡Nuevo ejercicio de
[[U+000E]][[U+0000]][[U+0003]][[U+0004]]ÿ[[U+FF00]]Práctica de apoyo [[U+000E]][[U+0000]][[U+0003]][[U+0004]][[U+0000]][[U+FF00]]disponible!","A new [[U+000E]][[U+0000]][[U+0003]][[U+0004]]ÿ[[U+FF00]]Supplemental Training[[U+000E]][[U+0000]][[U+0003]][[U+0004]][[U+0000]][[U+FF00]]
exercise is available!","Un nouvel exercice est disponible
pour le [[U+000E]][[U+0000]][[U+0003]][[U+0004]]ÿ[[U+FF00]]soutien infernal[[U+000E]][[U+0000]][[U+0003]][[U+0004]][[U+0000]][[U+FF00]]!","¡Nuevo ejercicio de
[[U+000E]][[U+0000]][[U+0003]][[U+0004]]ÿ[[U+FF00]]Práctica de apoyo [[U+000E]][[U+0000]][[U+0003]][[U+0004]][[U+0000]][[U+FF00]]disponible!","Yeni bir [[U+000E]][[U+0000]][[U+0003]][[U+0004]]ÿ[[U+FF00]]Antrenman Takviyesi[[U+000E]][[U+0000]][[U+0003]][[U+0004]][[U+0000]][[U+FF00]] 
kullanıma açıldı!"
Trn_Get_First_Mes_5,34,Trn_Get_First_Mes_5,"er is in [[U+000E]][[U+0000]][[U+0003]][[U+0004]]ÿ[[U+FF00]]Brain Training [[U+000E]][[U+0000]][[U+0003]][[U+0004]][[U+0000]][[U+FF00]]een
nieuwe oefening beschikbaar!","A new [[U+000E]][[U+0000]][[U+0003]][[U+0004]]ÿ[[U+FF00]]Brain Training[[U+000E]][[U+0000]][[U+0003]][[U+0004]][[U+0000]][[U+FF00]]
exercise is available.","Un nouvel exercice est disponible
pour l'[[U+000E]][[U+0000]][[U+0003]][[U+0004]]ÿ[[U+FF00]]entraînement cérébral [[U+000E]][[U+0000]][[U+0003]][[U+0004]][[U+0000]][[U+FF00]]!","Unter [[U+000E]][[U+0000]][[U+0003]][[U+0004]]ÿ[[U+FF00]]Gehirn-Jogging[[U+000E]][[U+0000]][[U+0003]][[U+0004]][[U+0000]][[U+FF00]] ist
eine neue Übung verfügbar!","Hai accesso a un nuovo
[[U+000E]][[U+0000]][[U+0003]][[U+0004]]ÿ[[U+FF00]]Allenamento cerebrale[[U+000E]][[U+0000]][[U+0003]][[U+0004]][[U+0000]][[U+FF00]]!","¡Nuevo ejercicio de
[[U+000E]][[U+0000]][[U+0003]][[U+0004]]ÿ[[U+FF00]]Práctica cerebral[[U+000E]][[U+0000]][[U+0003]][[U+0004]][[U+0000]][[U+FF00]] disponible!","A new [[U+000E]][[U+0000]][[U+0003]][[U+0004]]ÿ[[U+FF00]]Brain Training[[U+000E]][[U+0000]][[U+0003]][[U+0004]][[U+0000]][[U+FF00]]
exercise is available!","Un nouvel exercice est disponible
pour l'[[U+000E]][[U+0000]][[U+0003]][[U+0004]]ÿ[[U+FF00]]entraînement cérébral[[U+000E]][[U+0000]][[U+0003]][[U+0004]][[U+0000]][[U+FF00]]!","¡Nuevo ejercicio de
[[U+000E]][[U+0000]][[U+0003]][[U+0004]]ÿ[[U+FF00]]Práctica cerebral[[U+000E]][[U+0000]][[U+0003]][[U+0004]][[U+0000]][[U+FF00]] disponible!","Yeni bir [[U+000E]][[U+0000]][[U+0003]][[U+0004]]ÿ[[U+FF00]]Beyin Egzersizi[[U+000E]][[U+0000]][[U+0003]][[U+0004]][[U+0000]][[U+FF00]]
açıldı."
Trn_Get_First_Mes_6,35,Trn_Get_First_Mes_6,"er is in [[U+000E]][[U+0000]][[U+0003]][[U+0004]]ÿ[[U+FF00]]Recreatie [[U+000E]][[U+0000]][[U+0003]][[U+0004]][[U+0000]][[U+FF00]]een nieuwe
activiteit beschikbaar!","A new [[U+000E]][[U+0000]][[U+0003]][[U+0004]]ÿ[[U+FF00]]Time Out
[[U+000E]][[U+0000]][[U+0003]][[U+0004]][[U+0000]][[U+FF00]]is available!","Un nouveau programme de
[[U+000E]][[U+0000]][[U+0003]][[U+0004]]ÿ[[U+FF00]]détente [[U+000E]][[U+0000]][[U+0003]][[U+0004]][[U+0000]][[U+FF00]]est disponible !","Unter [[U+000E]][[U+0000]][[U+0003]][[U+0004]]ÿ[[U+FF00]]Entspannung[[U+000E]][[U+0000]][[U+0003]][[U+0004]][[U+0000]][[U+FF00]] ist eine
neue Übung verfügbar!","Hai accesso a una nuova
attività [[U+000E]][[U+0000]][[U+0003]][[U+0004]]ÿ[[U+FF00]]Relax[[U+000E]][[U+0000]][[U+0003]][[U+0004]][[U+0000]][[U+FF00]]!","¡Nuevo juego de
[[U+000E]][[U+0000]][[U+0003]][[U+0004]]ÿ[[U+FF00]]Práctica de relax[[U+000E]][[U+0000]][[U+0003]][[U+0004]][[U+0000]][[U+FF00]] disponible!","A new [[U+000E]][[U+0000]][[U+0003]][[U+0004]]ÿ[[U+FF00]]Relaxation Mode
[[U+000E]][[U+0000]][[U+0003]][[U+0004]][[U+0000]][[U+FF00]]activity is available!","Un nouveau programme de
[[U+000E]][[U+0000]][[U+0003]][[U+0004]]ÿ[[U+FF00]]détente [[U+000E]][[U+0000]][[U+0003]][[U+0004]][[U+0000]][[U+FF00]]est disponible!","¡Nuevo juego de
[[U+000E]][[U+0000]][[U+0003]][[U+0004]]ÿ[[U+FF00]]Práctica de relax[[U+000E]][[U+0000]][[U+0003]][[U+0004]][[U+0000]][[U+FF00]] disponible!","Yeni bir [[U+000E]][[U+0000]][[U+0003]][[U+0004]]ÿ[[U+FF00]]Süre Doldu
[[U+000E]][[U+0000]][[U+0003]][[U+0004]][[U+0000]][[U+FF00]]kullanıma açıldı!"
Trn_Get_First_Mes_7,36,Trn_Get_First_Mes_7,"Nieuwe oefeningen en activiteiten
herken je aan het [[U+000E]][[U+0000]][[U+0003]][[U+0004]]ÿ[[U+FF00]]! [[U+000E]][[U+0000]][[U+0003]][[U+0004]][[U+0000]][[U+FF00]]-teken.","Newly unlocked exercises
and activities are marked
with a [[U+000E]][[U+0000]][[U+0003]][[U+0004]]ÿ[[U+FF00]]! [[U+000E]][[U+0000]][[U+0003]][[U+0004]][[U+0000]][[U+FF00]]symbol.","Les éléments nouveaux sont
indiqués par un [[U+000E]][[U+0000]][[U+0003]][[U+0004]]ÿ[[U+FF00]]« ! »[[U+000E]][[U+0000]][[U+0003]][[U+0004]][[U+0000]][[U+FF00]].","Neue Übungen erkennen Sie
am „[[U+000E]][[U+0000]][[U+0003]][[U+0004]]ÿ[[U+FF00]]![[U+000E]][[U+0000]][[U+0003]][[U+0004]][[U+0000]][[U+FF00]]“.","Il simbolo [[U+000E]][[U+0000]][[U+0003]][[U+0004]]ÿ[[U+FF00]]! [[U+000E]][[U+0000]][[U+0003]][[U+0004]][[U+0000]][[U+FF00]]contrassegnerà
tutte le nuove modalità
disponibili.","Los nuevos ejercicios y juegos
que consigas desbloquear se
marcarán con «[[U+000E]][[U+0000]][[U+0003]][[U+0004]]ÿ[[U+FF00]]![[U+000E]][[U+0000]][[U+0003]][[U+0004]][[U+0000]][[U+FF00]]».","Newly unlocked exercises
and activities are marked
with a [[U+000E]][[U+0000]][[U+0003]][[U+0004]]ÿ[[U+FF00]]! [[U+000E]][[U+0000]][[U+0003]][[U+0004]][[U+0000]][[U+FF00]]symbol.","Les éléments nouveaux sont
indiqués par un [[U+000E]][[U+0000]][[U+0003]][[U+0004]]ÿ[[U+FF00]]« ! »[[U+000E]][[U+0000]][[U+0003]][[U+0004]][[U+0000]][[U+FF00]].","Los nuevos ejercicios y juegos
que consigas desbloquear
se marcarán con ""[[U+000E]][[U+0000]][[U+0003]][[U+0004]]ÿ[[U+FF00]]![[U+000E]][[U+0000]][[U+0003]][[U+0004]][[U+0000]][[U+FF00]]"".","Yeni açılan egzersizler
ve etkinlikler, [[U+000E]][[U+0000]][[U+0003]][[U+0004]]ÿ[[U+FF00]]![[U+000E]][[U+0000]][[U+0003]][[U+0004]][[U+0000]][[U+FF00]] simgesiyle
işaretlenir."
Trn_Get_First_Mes_8,37,Trn_Get_First_Mes_8,Probeer ze maar eens!,Please give them a try!,"Essayez, ça va vous plaire !",Probieren Sie sie doch einmal aus!,"Ricordati di darci
un'occhiata più tardi!",¡Que no se te olvide probarlos!,Please give them a try!,"Essayez, ça va vous plaire!",¡Que no se te olvide probarlos!,Mutlaka dene!
Trn_Get_Normal_Mes_0,38,Trn_Get_Normal_Mes_0,"Je traint al [[U+000E]][[U+0000]][[U+0003]][[U+0004]]ÿ[[U+FF00]]1 dag[[U+000E]][[U+0000]][[U+0003]][[U+0004]][[U+0000]][[U+FF00]], dus...","You've racked up [[U+000E]][[U+0000]][[U+0003]][[U+0004]]ÿ[[U+FF00]]1 [[U+000E]][[U+0000]][[U+0003]][[U+0004]][[U+0000]][[U+FF00]][[U+000E]][[U+0000]][[U+0003]][[U+0004]]ÿ[[U+FF00]]day[[U+000E]][[U+0000]][[U+0003]][[U+0004]][[U+0000]][[U+FF00]]'s
attendance, so...","C'est votre [[U+000E]][[U+0000]][[U+0003]][[U+0004]]ÿ[[U+FF00]]premier jour [[U+000E]][[U+0000]][[U+0003]][[U+0004]][[U+0000]][[U+FF00]]de
présence !",Sie haben [[U+000E]][[U+0000]][[U+0003]][[U+0004]]ÿ[[U+FF00]]1 Tag[[U+000E]][[U+0000]][[U+0003]][[U+0004]][[U+0000]][[U+FF00]] teilgenommen!,"Hai registrato [[U+000E]][[U+0000]][[U+0003]][[U+0004]]ÿ[[U+FF00]]1 presenza[[U+000E]][[U+0000]][[U+0003]][[U+0004]][[U+0000]][[U+FF00]],
quindi...","Has acumulado [[U+000E]][[U+0000]][[U+0003]][[U+0004]]ÿ[[U+FF00]]1 día [[U+000E]][[U+0000]][[U+0003]][[U+0004]][[U+0000]][[U+FF00]]de
asistencia, y como premio...","You've racked up [[U+000E]][[U+0000]][[U+0003]][[U+0004]]ÿ[[U+FF00]]1 [[U+000E]][[U+0000]][[U+0003]][[U+0004]][[U+0000]][[U+FF00]][[U+000E]][[U+0000]][[U+0003]][[U+0004]]ÿ[[U+FF00]]day[[U+000E]][[U+0000]][[U+0003]][[U+0004]][[U+0000]][[U+FF00]]'s
attendance, so...","C'est votre [[U+000E]][[U+0000]][[U+0003]][[U+0004]]ÿ[[U+FF00]]premier jour [[U+000E]][[U+0000]][[U+0003]][[U+0004]][[U+0000]][[U+FF00]]de
présence!","Has acumulado [[U+000E]][[U+0000]][[U+0003]][[U+0004]]ÿ[[U+FF00]]1 día [[U+000E]][[U+0000]][[U+0003]][[U+0004]][[U+0000]][[U+FF00]]de
asistencia, y como premio...","Şu ana kadar [[U+000E]][[U+0000]][[U+0003]][[U+0004]]ÿ[[U+FF00]]1 [[U+000E]][[U+0000]][[U+0003]][[U+0004]][[U+0000]][[U+FF00]][[U+000E]][[U+0000]][[U+0003]][[U+0004]]ÿ[[U+FF00]]gün[[U+000E]][[U+0000]][[U+0003]][[U+0004]][[U+0000]][[U+FF00]]
katılımın var, yani..."
Trn_Get_Normal_Mes_1,39,Trn_Get_Normal_Mes_1,"Je traint al [[U+000E]][[U+0000]][[U+0003]][[U+0004]]ÿ[[U+FF00]]2 dagen[[U+000E]][[U+0000]][[U+0003]][[U+0004]][[U+0000]][[U+FF00]], dus...","You've racked up [[U+000E]][[U+0000]][[U+0003]][[U+0004]]ÿ[[U+FF00]]2[[U+000E]][[U+0000]][[U+0003]][[U+0004]][[U+0000]][[U+FF00]][[U+000E]][[U+0000]][[U+0003]][[U+0004]]ÿ[[U+FF00]] [[U+000E]][[U+0000]][[U+0003]][[U+0004]][[U+0000]][[U+FF00]][[U+000E]][[U+0000]][[U+0003]][[U+0004]]ÿ[[U+FF00]]days[[U+000E]][[U+0000]][[U+0003]][[U+0004]][[U+0000]][[U+FF00]]'
attendance, so...",Déjà [[U+000E]][[U+0000]][[U+0003]][[U+0004]]ÿ[[U+FF00]]2 jours [[U+000E]][[U+0000]][[U+0003]][[U+0004]][[U+0000]][[U+FF00]]de présence !,Sie haben [[U+000E]][[U+0000]][[U+0003]][[U+0004]]ÿ[[U+FF00]]2 Tage[[U+000E]][[U+0000]][[U+0003]][[U+0004]][[U+0000]][[U+FF00]] teilgenommen!,"Hai registrato [[U+000E]][[U+0000]][[U+0003]][[U+0004]]ÿ[[U+FF00]]2 presenze[[U+000E]][[U+0000]][[U+0003]][[U+0004]][[U+0000]][[U+FF00]],
quindi...","Has acumulado [[U+000E]][[U+0000]][[U+0003]][[U+0004]]ÿ[[U+FF00]]2 días [[U+000E]][[U+0000]][[U+0003]][[U+0004]][[U+0000]][[U+FF00]]de
asistencia, y como premio...","You've racked up [[U+000E]][[U+0000]][[U+0003]][[U+0004]]ÿ[[U+FF00]]2[[U+000E]][[U+0000]][[U+0003]][[U+0004]][[U+0000]][[U+FF00]][[U+000E]][[U+0000]][[U+0003]][[U+0004]]ÿ[[U+FF00]] [[U+000E]][[U+0000]][[U+0003]][[U+0004]][[U+0000]][[U+FF00]][[U+000E]][[U+0000]][[U+0003]][[U+0004]]ÿ[[U+FF00]]days[[U+000E]][[U+0000]][[U+0003]][[U+0004]][[U+0000]][[U+FF00]]'
attendance, so...",Déjà [[U+000E]][[U+0000]][[U+0003]][[U+0004]]ÿ[[U+FF00]]2 jours [[U+000E]][[U+0000]][[U+0003]][[U+0004]][[U+0000]][[U+FF00]]de présence!,"Has acumulado [[U+000E]][[U+0000]][[U+0003]][[U+0004]]ÿ[[U+FF00]]2 días [[U+000E]][[U+0000]][[U+0003]][[U+0004]][[U+0000]][[U+FF00]]de
asistencia, y como premio...","Şu ana kadar [[U+000E]][[U+0000]][[U+0003]][[U+0004]]ÿ[[U+FF00]]2[[U+000E]][[U+0000]][[U+0003]][[U+0004]][[U+0000]][[U+FF00]][[U+000E]][[U+0000]][[U+0003]][[U+0004]]ÿ[[U+FF00]] [[U+000E]][[U+0000]][[U+0003]][[U+0004]][[U+0000]][[U+FF00]][[U+000E]][[U+0000]][[U+0003]][[U+0004]]ÿ[[U+FF00]]gün[[U+000E]][[U+0000]][[U+0003]][[U+0004]][[U+0000]][[U+FF00]]
katılımın var, yani..."
Trn_Get_Normal_Mes_2,40,Trn_Get_Normal_Mes_2,"Je traint al [[U+000E]][[U+0000]][[U+0003]][[U+0004]]ÿ[[U+FF00]]3 dagen[[U+000E]][[U+0000]][[U+0003]][[U+0004]][[U+0000]][[U+FF00]], dus...","You've racked up [[U+000E]][[U+0000]][[U+0003]][[U+0004]]ÿ[[U+FF00]]3 [[U+000E]][[U+0000]][[U+0003]][[U+0004]][[U+0000]][[U+FF00]][[U+000E]][[U+0000]][[U+0003]][[U+0004]]ÿ[[U+FF00]]days[[U+000E]][[U+0000]][[U+0003]][[U+0004]][[U+0000]][[U+FF00]]'
attendance, so...",Déjà [[U+000E]][[U+0000]][[U+0003]][[U+0004]]ÿ[[U+FF00]]3 jours [[U+000E]][[U+0000]][[U+0003]][[U+0004]][[U+0000]][[U+FF00]]de présence !,Sie haben [[U+000E]][[U+0000]][[U+0003]][[U+0004]]ÿ[[U+FF00]]3 Tage[[U+000E]][[U+0000]][[U+0003]][[U+0004]][[U+0000]][[U+FF00]] teilgenommen!,"Hai registrato [[U+000E]][[U+0000]][[U+0003]][[U+0004]]ÿ[[U+FF00]]3 presenze[[U+000E]][[U+0000]][[U+0003]][[U+0004]][[U+0000]][[U+FF00]],
quindi...","Has acumulado [[U+000E]][[U+0000]][[U+0003]][[U+0004]]ÿ[[U+FF00]]3 días [[U+000E]][[U+0000]][[U+0003]][[U+0004]][[U+0000]][[U+FF00]]de
asistencia, y como premio...","You've racked up [[U+000E]][[U+0000]][[U+0003]][[U+0004]]ÿ[[U+FF00]]3 [[U+000E]][[U+0000]][[U+0003]][[U+0004]][[U+0000]][[U+FF00]][[U+000E]][[U+0000]][[U+0003]][[U+0004]]ÿ[[U+FF00]]days[[U+000E]][[U+0000]][[U+0003]][[U+0004]][[U+0000]][[U+FF00]]'
attendance, so...",Déjà [[U+000E]][[U+0000]][[U+0003]][[U+0004]]ÿ[[U+FF00]]3 jours [[U+000E]][[U+0000]][[U+0003]][[U+0004]][[U+0000]][[U+FF00]]de présence!,"Has acumulado [[U+000E]][[U+0000]][[U+0003]][[U+0004]]ÿ[[U+FF00]]3 días [[U+000E]][[U+0000]][[U+0003]][[U+0004]][[U+0000]][[U+FF00]]de
asistencia, y como premio...","Şu ana kadar [[U+000E]][[U+0000]][[U+0003]][[U+0004]]ÿ[[U+FF00]]3 [[U+000E]][[U+0000]][[U+0003]][[U+0004]][[U+0000]][[U+FF00]][[U+000E]][[U+0000]][[U+0003]][[U+0004]]ÿ[[U+FF00]]gün[[U+000E]][[U+0000]][[U+0003]][[U+0004]][[U+0000]][[U+FF00]]
katılımın var, yani..."
Trn_Get_Normal_Mes_3,41,Trn_Get_Normal_Mes_3,"Je traint al [[U+000E]][[U+0000]][[U+0003]][[U+0004]]ÿ[[U+FF00]]4 dagen[[U+000E]][[U+0000]][[U+0003]][[U+0004]][[U+0000]][[U+FF00]], dus...","You've racked up [[U+000E]][[U+0000]][[U+0003]][[U+0004]]ÿ[[U+FF00]]4[[U+000E]][[U+0000]][[U+0003]][[U+0004]][[U+0000]][[U+FF00]][[U+000E]][[U+0000]][[U+0003]][[U+0004]]ÿ[[U+FF00]] [[U+000E]][[U+0000]][[U+0003]][[U+0004]][[U+0000]][[U+FF00]][[U+000E]][[U+0000]][[U+0003]][[U+0004]]ÿ[[U+FF00]]days[[U+000E]][[U+0000]][[U+0003]][[U+0004]][[U+0000]][[U+FF00]]'
attendance, so...",Déjà [[U+000E]][[U+0000]][[U+0003]][[U+0004]]ÿ[[U+FF00]]4 jours [[U+000E]][[U+0000]][[U+0003]][[U+0004]][[U+0000]][[U+FF00]]de présence !,Sie haben [[U+000E]][[U+0000]][[U+0003]][[U+0004]]ÿ[[U+FF00]]4 Tage[[U+000E]][[U+0000]][[U+0003]][[U+0004]][[U+0000]][[U+FF00]] teilgenommen!,"Hai registrato [[U+000E]][[U+0000]][[U+0003]][[U+0004]]ÿ[[U+FF00]]4 presenze[[U+000E]][[U+0000]][[U+0003]][[U+0004]][[U+0000]][[U+FF00]],
quindi...","Has acumulado [[U+000E]][[U+0000]][[U+0003]][[U+0004]]ÿ[[U+FF00]]4 días [[U+000E]][[U+0000]][[U+0003]][[U+0004]][[U+0000]][[U+FF00]]de
asistencia, y como premio...","You've racked up [[U+000E]][[U+0000]][[U+0003]][[U+0004]]ÿ[[U+FF00]]4[[U+000E]][[U+0000]][[U+0003]][[U+0004]][[U+0000]][[U+FF00]][[U+000E]][[U+0000]][[U+0003]][[U+0004]]ÿ[[U+FF00]] [[U+000E]][[U+0000]][[U+0003]][[U+0004]][[U+0000]][[U+FF00]][[U+000E]][[U+0000]][[U+0003]][[U+0004]]ÿ[[U+FF00]]days[[U+000E]][[U+0000]][[U+0003]][[U+0004]][[U+0000]][[U+FF00]]'
attendance, so...",Déjà [[U+000E]][[U+0000]][[U+0003]][[U+0004]]ÿ[[U+FF00]]4 jours [[U+000E]][[U+0000]][[U+0003]][[U+0004]][[U+0000]][[U+FF00]]de présence!,"Has acumulado [[U+000E]][[U+0000]][[U+0003]][[U+0004]]ÿ[[U+FF00]]4 días [[U+000E]][[U+0000]][[U+0003]][[U+0004]][[U+0000]][[U+FF00]]de
asistencia, y como premio...","Şu ana kadar [[U+000E]][[U+0000]][[U+0003]][[U+0004]]ÿ[[U+FF00]]4[[U+000E]][[U+0000]][[U+0003]][[U+0004]][[U+0000]][[U+FF00]][[U+000E]][[U+0000]][[U+0003]][[U+0004]]ÿ[[U+FF00]] [[U+000E]][[U+0000]][[U+0003]][[U+0004]][[U+0000]][[U+FF00]][[U+000E]][[U+0000]][[U+0003]][[U+0004]]ÿ[[U+FF00]]gün[[U+000E]][[U+0000]][[U+0003]][[U+0004]][[U+0000]][[U+FF00]]
katılımın var, yani..."
Trn_Get_Normal_Mes_4,42,Trn_Get_Normal_Mes_4,"Je traint al [[U+000E]][[U+0000]][[U+0003]][[U+0004]]ÿ[[U+FF00]]5 dagen[[U+000E]][[U+0000]][[U+0003]][[U+0004]][[U+0000]][[U+FF00]], dus...","You've racked up [[U+000E]][[U+0000]][[U+0003]][[U+0004]]ÿ[[U+FF00]]5[[U+000E]][[U+0000]][[U+0003]][[U+0004]][[U+0000]][[U+FF00]][[U+000E]][[U+0000]][[U+0003]][[U+0004]]ÿ[[U+FF00]] [[U+000E]][[U+0000]][[U+0003]][[U+0004]][[U+0000]][[U+FF00]][[U+000E]][[U+0000]][[U+0003]][[U+0004]]ÿ[[U+FF00]]days[[U+000E]][[U+0000]][[U+0003]][[U+0004]][[U+0000]][[U+FF00]]'
attendance, so...",Déjà [[U+000E]][[U+0000]][[U+0003]][[U+0004]]ÿ[[U+FF00]]5 jours [[U+000E]][[U+0000]][[U+0003]][[U+0004]][[U+0000]][[U+FF00]]de présence !,Sie haben [[U+000E]][[U+0000]][[U+0003]][[U+0004]]ÿ[[U+FF00]]5 Tage[[U+000E]][[U+0000]][[U+0003]][[U+0004]][[U+0000]][[U+FF00]] teilgenommen!,"Hai registrato [[U+000E]][[U+0000]][[U+0003]][[U+0004]]ÿ[[U+FF00]]5 presenze[[U+000E]][[U+0000]][[U+0003]][[U+0004]][[U+0000]][[U+FF00]],
quindi...","Has acumulado [[U+000E]][[U+0000]][[U+0003]][[U+0004]]ÿ[[U+FF00]]5 días [[U+000E]][[U+0000]][[U+0003]][[U+0004]][[U+0000]][[U+FF00]]de
asistencia, y como premio...","You've racked up [[U+000E]][[U+0000]][[U+0003]][[U+0004]]ÿ[[U+FF00]]5[[U+000E]][[U+0000]][[U+0003]][[U+0004]][[U+0000]][[U+FF00]][[U+000E]][[U+0000]][[U+0003]][[U+0004]]ÿ[[U+FF00]] [[U+000E]][[U+0000]][[U+0003]][[U+0004]][[U+0000]][[U+FF00]][[U+000E]][[U+0000]][[U+0003]][[U+0004]]ÿ[[U+FF00]]days[[U+000E]][[U+0000]][[U+0003]][[U+0004]][[U+0000]][[U+FF00]]'
attendance, so...",Déjà [[U+000E]][[U+0000]][[U+0003]][[U+0004]]ÿ[[U+FF00]]5 jours [[U+000E]][[U+0000]][[U+0003]][[U+0004]][[U+0000]][[U+FF00]]de présence!,"Has acumulado [[U+000E]][[U+0000]][[U+0003]][[U+0004]]ÿ[[U+FF00]]5 días [[U+000E]][[U+0000]][[U+0003]][[U+0004]][[U+0000]][[U+FF00]]de
asistencia, y como premio...","Şu ana kadar [[U+000E]][[U+0000]][[U+0003]][[U+0004]]ÿ[[U+FF00]]5[[U+000E]][[U+0000]][[U+0003]][[U+0004]][[U+0000]][[U+FF00]][[U+000E]][[U+0000]][[U+0003]][[U+0004]]ÿ[[U+FF00]] [[U+000E]][[U+0000]][[U+0003]][[U+0004]][[U+0000]][[U+FF00]][[U+000E]][[U+0000]][[U+0003]][[U+0004]]ÿ[[U+FF00]]gün[[U+000E]][[U+0000]][[U+0003]][[U+0004]][[U+0000]][[U+FF00]]
katılımın var, yani..."
Trn_Get_Normal_Mes_5,43,Trn_Get_Normal_Mes_5,"Je traint al [[U+000E]][[U+0000]][[U+0003]][[U+0004]]ÿ[[U+FF00]]6 dagen[[U+000E]][[U+0000]][[U+0003]][[U+0004]][[U+0000]][[U+FF00]], dus...","You've racked up [[U+000E]][[U+0000]][[U+0003]][[U+0004]]ÿ[[U+FF00]]6[[U+000E]][[U+0000]][[U+0003]][[U+0004]][[U+0000]][[U+FF00]][[U+000E]][[U+0000]][[U+0003]][[U+0004]]ÿ[[U+FF00]] [[U+000E]][[U+0000]][[U+0003]][[U+0004]][[U+0000]][[U+FF00]][[U+000E]][[U+0000]][[U+0003]][[U+0004]]ÿ[[U+FF00]]days[[U+000E]][[U+0000]][[U+0003]][[U+0004]][[U+0000]][[U+FF00]]'
attendance, so...",Déjà [[U+000E]][[U+0000]][[U+0003]][[U+0004]]ÿ[[U+FF00]]6 jours [[U+000E]][[U+0000]][[U+0003]][[U+0004]][[U+0000]][[U+FF00]]de présence !,Sie haben [[U+000E]][[U+0000]][[U+0003]][[U+0004]]ÿ[[U+FF00]]6 Tage[[U+000E]][[U+0000]][[U+0003]][[U+0004]][[U+0000]][[U+FF00]] teilgenommen!,"Hai registrato [[U+000E]][[U+0000]][[U+0003]][[U+0004]]ÿ[[U+FF00]]6 presenze[[U+000E]][[U+0000]][[U+0003]][[U+0004]][[U+0000]][[U+FF00]],
quindi...","Has acumulado [[U+000E]][[U+0000]][[U+0003]][[U+0004]]ÿ[[U+FF00]]6 días [[U+000E]][[U+0000]][[U+0003]][[U+0004]][[U+0000]][[U+FF00]]de
asistencia, y como premio...","You've racked up [[U+000E]][[U+0000]][[U+0003]][[U+0004]]ÿ[[U+FF00]]6[[U+000E]][[U+0000]][[U+0003]][[U+0004]][[U+0000]][[U+FF00]][[U+000E]][[U+0000]][[U+0003]][[U+0004]]ÿ[[U+FF00]] [[U+000E]][[U+0000]][[U+0003]][[U+0004]][[U+0000]][[U+FF00]][[U+000E]][[U+0000]][[U+0003]][[U+0004]]ÿ[[U+FF00]]days[[U+000E]][[U+0000]][[U+0003]][[U+0004]][[U+0000]][[U+FF00]]'
attendance, so...",Déjà [[U+000E]][[U+0000]][[U+0003]][[U+0004]]ÿ[[U+FF00]]6 jours [[U+000E]][[U+0000]][[U+0003]][[U+0004]][[U+0000]][[U+FF00]]de présence!,"Has acumulado [[U+000E]][[U+0000]][[U+0003]][[U+0004]]ÿ[[U+FF00]]6 días [[U+000E]][[U+0000]][[U+0003]][[U+0004]][[U+0000]][[U+FF00]]de
asistencia, y como premio...","Şu ana kadar [[U+000E]][[U+0000]][[U+0003]][[U+0004]]ÿ[[U+FF00]]6[[U+000E]][[U+0000]][[U+0003]][[U+0004]][[U+0000]][[U+FF00]][[U+000E]][[U+0000]][[U+0003]][[U+0004]]ÿ[[U+FF00]] [[U+000E]][[U+0000]][[U+0003]][[U+0004]][[U+0000]][[U+FF00]][[U+000E]][[U+0000]][[U+0003]][[U+0004]]ÿ[[U+FF00]]gün[[U+000E]][[U+0000]][[U+0003]][[U+0004]][[U+0000]][[U+FF00]]
katılımın var, yani..."
Trn_Get_Normal_Mes_6,44,Trn_Get_Normal_Mes_6,"Je traint al [[U+000E]][[U+0000]][[U+0003]][[U+0004]]ÿ[[U+FF00]]7 dagen[[U+000E]][[U+0000]][[U+0003]][[U+0004]][[U+0000]][[U+FF00]], dus...","You've racked up [[U+000E]][[U+0000]][[U+0003]][[U+0004]]ÿ[[U+FF00]]7[[U+000E]][[U+0000]][[U+0003]][[U+0004]][[U+0000]][[U+FF00]][[U+000E]][[U+0000]][[U+0003]][[U+0004]]ÿ[[U+FF00]] [[U+000E]][[U+0000]][[U+0003]][[U+0004]][[U+0000]][[U+FF00]][[U+000E]][[U+0000]][[U+0003]][[U+0004]]ÿ[[U+FF00]]days[[U+000E]][[U+0000]][[U+0003]][[U+0004]][[U+0000]][[U+FF00]]'
attendance, so...",Déjà [[U+000E]][[U+0000]][[U+0003]][[U+0004]]ÿ[[U+FF00]]7 jours [[U+000E]][[U+0000]][[U+0003]][[U+0004]][[U+0000]][[U+FF00]]de présence !,Sie haben [[U+000E]][[U+0000]][[U+0003]][[U+0004]]ÿ[[U+FF00]]7 Tage[[U+000E]][[U+0000]][[U+0003]][[U+0004]][[U+0000]][[U+FF00]] teilgenommen!,"Hai registrato [[U+000E]][[U+0000]][[U+0003]][[U+0004]]ÿ[[U+FF00]]7 presenze[[U+000E]][[U+0000]][[U+0003]][[U+0004]][[U+0000]][[U+FF00]],
quindi...","Has acumulado [[U+000E]][[U+0000]][[U+0003]][[U+0004]]ÿ[[U+FF00]]7 días [[U+000E]][[U+0000]][[U+0003]][[U+0004]][[U+0000]][[U+FF00]]de
asistencia, y como premio...","You've racked up [[U+000E]][[U+0000]][[U+0003]][[U+0004]]ÿ[[U+FF00]]7[[U+000E]][[U+0000]][[U+0003]][[U+0004]][[U+0000]][[U+FF00]][[U+000E]][[U+0000]][[U+0003]][[U+0004]]ÿ[[U+FF00]] [[U+000E]][[U+0000]][[U+0003]][[U+0004]][[U+0000]][[U+FF00]][[U+000E]][[U+0000]][[U+0003]][[U+0004]]ÿ[[U+FF00]]days[[U+000E]][[U+0000]][[U+0003]][[U+0004]][[U+0000]][[U+FF00]]'
attendance, so...",Déjà [[U+000E]][[U+0000]][[U+0003]][[U+0004]]ÿ[[U+FF00]]7 jours [[U+000E]][[U+0000]][[U+0003]][[U+0004]][[U+0000]][[U+FF00]]de présence!,"Has acumulado [[U+000E]][[U+0000]][[U+0003]][[U+0004]]ÿ[[U+FF00]]7 días [[U+000E]][[U+0000]][[U+0003]][[U+0004]][[U+0000]][[U+FF00]]de
asistencia, y como premio...","Şu ana kadar [[U+000E]][[U+0000]][[U+0003]][[U+0004]]ÿ[[U+FF00]]7[[U+000E]][[U+0000]][[U+0003]][[U+0004]][[U+0000]][[U+FF00]][[U+000E]][[U+0000]][[U+0003]][[U+0004]]ÿ[[U+FF00]] [[U+000E]][[U+0000]][[U+0003]][[U+0004]][[U+0000]][[U+FF00]][[U+000E]][[U+0000]][[U+0003]][[U+0004]]ÿ[[U+FF00]]gün[[U+000E]][[U+0000]][[U+0003]][[U+0004]][[U+0000]][[U+FF00]]
katılımın var, yani..."
Trn_Get_Normal_Mes_7,45,Trn_Get_Normal_Mes_7,"Je traint al [[U+000E]][[U+0000]][[U+0003]][[U+0004]]ÿ[[U+FF00]]8 dagen[[U+000E]][[U+0000]][[U+0003]][[U+0004]][[U+0000]][[U+FF00]], dus...","You've racked up [[U+000E]][[U+0000]][[U+0003]][[U+0004]]ÿ[[U+FF00]]8[[U+000E]][[U+0000]][[U+0003]][[U+0004]][[U+0000]][[U+FF00]][[U+000E]][[U+0000]][[U+0003]][[U+0004]]ÿ[[U+FF00]] [[U+000E]][[U+0000]][[U+0003]][[U+0004]][[U+0000]][[U+FF00]][[U+000E]][[U+0000]][[U+0003]][[U+0004]]ÿ[[U+FF00]]days[[U+000E]][[U+0000]][[U+0003]][[U+0004]][[U+0000]][[U+FF00]]'
attendance, so...",Déjà [[U+000E]][[U+0000]][[U+0003]][[U+0004]]ÿ[[U+FF00]]8 jours [[U+000E]][[U+0000]][[U+0003]][[U+0004]][[U+0000]][[U+FF00]]de présence !,Sie haben [[U+000E]][[U+0000]][[U+0003]][[U+0004]]ÿ[[U+FF00]]8 Tage[[U+000E]][[U+0000]][[U+0003]][[U+0004]][[U+0000]][[U+FF00]] teilgenommen!,"Hai registrato [[U+000E]][[U+0000]][[U+0003]][[U+0004]]ÿ[[U+FF00]]8 presenze[[U+000E]][[U+0000]][[U+0003]][[U+0004]][[U+0000]][[U+FF00]],
quindi...","Has acumulado [[U+000E]][[U+0000]][[U+0003]][[U+0004]]ÿ[[U+FF00]]8 días [[U+000E]][[U+0000]][[U+0003]][[U+0004]][[U+0000]][[U+FF00]]de
asistencia, y como premio...","You've racked up [[U+000E]][[U+0000]][[U+0003]][[U+0004]]ÿ[[U+FF00]]8[[U+000E]][[U+0000]][[U+0003]][[U+0004]][[U+0000]][[U+FF00]][[U+000E]][[U+0000]][[U+0003]][[U+0004]]ÿ[[U+FF00]] [[U+000E]][[U+0000]][[U+0003]][[U+0004]][[U+0000]][[U+FF00]][[U+000E]][[U+0000]][[U+0003]][[U+0004]]ÿ[[U+FF00]]days[[U+000E]][[U+0000]][[U+0003]][[U+0004]][[U+0000]][[U+FF00]]'
attendance, so...",Déjà [[U+000E]][[U+0000]][[U+0003]][[U+0004]]ÿ[[U+FF00]]8 jours [[U+000E]][[U+0000]][[U+0003]][[U+0004]][[U+0000]][[U+FF00]]de présence!,"Has acumulado [[U+000E]][[U+0000]][[U+0003]][[U+0004]]ÿ[[U+FF00]]8 días [[U+000E]][[U+0000]][[U+0003]][[U+0004]][[U+0000]][[U+FF00]]de
asistencia, y como premio...","Şu ana kadar [[U+000E]][[U+0000]][[U+0003]][[U+0004]]ÿ[[U+FF00]]8[[U+000E]][[U+0000]][[U+0003]][[U+0004]][[U+0000]][[U+FF00]][[U+000E]][[U+0000]][[U+0003]][[U+0004]]ÿ[[U+FF00]] [[U+000E]][[U+0000]][[U+0003]][[U+0004]][[U+0000]][[U+FF00]][[U+000E]][[U+0000]][[U+0003]][[U+0004]]ÿ[[U+FF00]]gün[[U+000E]][[U+0000]][[U+0003]][[U+0004]][[U+0000]][[U+FF00]]
katılımın var, yani..."
Trn_Get_Normal_Mes_8,46,Trn_Get_Normal_Mes_8,"Je traint al [[U+000E]][[U+0000]][[U+0003]][[U+0004]]ÿ[[U+FF00]]9 dagen[[U+000E]][[U+0000]][[U+0003]][[U+0004]][[U+0000]][[U+FF00]], dus...","You've racked up [[U+000E]][[U+0000]][[U+0003]][[U+0004]]ÿ[[U+FF00]]9[[U+000E]][[U+0000]][[U+0003]][[U+0004]][[U+0000]][[U+FF00]][[U+000E]][[U+0000]][[U+0003]][[U+0004]]ÿ[[U+FF00]] [[U+000E]][[U+0000]][[U+0003]][[U+0004]][[U+0000]][[U+FF00]][[U+000E]][[U+0000]][[U+0003]][[U+0004]]ÿ[[U+FF00]]days[[U+000E]][[U+0000]][[U+0003]][[U+0004]][[U+0000]][[U+FF00]]'
attendance, so...",Déjà [[U+000E]][[U+0000]][[U+0003]][[U+0004]]ÿ[[U+FF00]]9 jours [[U+000E]][[U+0000]][[U+0003]][[U+0004]][[U+0000]][[U+FF00]]de présence !,Sie haben [[U+000E]][[U+0000]][[U+0003]][[U+0004]]ÿ[[U+FF00]]9 Tage[[U+000E]][[U+0000]][[U+0003]][[U+0004]][[U+0000]][[U+FF00]] teilgenommen!,"Hai registrato [[U+000E]][[U+0000]][[U+0003]][[U+0004]]ÿ[[U+FF00]]9 presenze[[U+000E]][[U+0000]][[U+0003]][[U+0004]][[U+0000]][[U+FF00]],
quindi...","Has acumulado [[U+000E]][[U+0000]][[U+0003]][[U+0004]]ÿ[[U+FF00]]9 días [[U+000E]][[U+0000]][[U+0003]][[U+0004]][[U+0000]][[U+FF00]]de
asistencia, y como premio...","You've racked up [[U+000E]][[U+0000]][[U+0003]][[U+0004]]ÿ[[U+FF00]]9[[U+000E]][[U+0000]][[U+0003]][[U+0004]][[U+0000]][[U+FF00]][[U+000E]][[U+0000]][[U+0003]][[U+0004]]ÿ[[U+FF00]] [[U+000E]][[U+0000]][[U+0003]][[U+0004]][[U+0000]][[U+FF00]][[U+000E]][[U+0000]][[U+0003]][[U+0004]]ÿ[[U+FF00]]days[[U+000E]][[U+0000]][[U+0003]][[U+0004]][[U+0000]][[U+FF00]]'
attendance, so...",Déjà [[U+000E]][[U+0000]][[U+0003]][[U+0004]]ÿ[[U+FF00]]9 jours [[U+000E]][[U+0000]][[U+0003]][[U+0004]][[U+0000]][[U+FF00]]de présence!,"Has acumulado [[U+000E]][[U+0000]][[U+0003]][[U+0004]]ÿ[[U+FF00]]9 días [[U+000E]][[U+0000]][[U+0003]][[U+0004]][[U+0000]][[U+FF00]]de
asistencia, y como premio...","Şu ana kadar [[U+000E]][[U+0000]][[U+0003]][[U+0004]]ÿ[[U+FF00]]9[[U+000E]][[U+0000]][[U+0003]][[U+0004]][[U+0000]][[U+FF00]][[U+000E]][[U+0000]][[U+0003]][[U+0004]]ÿ[[U+FF00]] [[U+000E]][[U+0000]][[U+0003]][[U+0004]][[U+0000]][[U+FF00]][[U+000E]][[U+0000]][[U+0003]][[U+0004]]ÿ[[U+FF00]]gün[[U+000E]][[U+0000]][[U+0003]][[U+0004]][[U+0000]][[U+FF00]]
katılımın var, yani..."
Trn_Get_Normal_Mes_9,47,Trn_Get_Normal_Mes_9,"Je traint al [[U+000E]][[U+0000]][[U+0003]][[U+0004]]ÿ[[U+FF00]]10 dagen[[U+000E]][[U+0000]][[U+0003]][[U+0004]][[U+0000]][[U+FF00]], dus...","You've racked up [[U+000E]][[U+0000]][[U+0003]][[U+0004]]ÿ[[U+FF00]]10[[U+000E]][[U+0000]][[U+0003]][[U+0004]][[U+0000]][[U+FF00]][[U+000E]][[U+0000]][[U+0003]][[U+0004]]ÿ[[U+FF00]] [[U+000E]][[U+0000]][[U+0003]][[U+0004]][[U+0000]][[U+FF00]][[U+000E]][[U+0000]][[U+0003]][[U+0004]]ÿ[[U+FF00]]days[[U+000E]][[U+0000]][[U+0003]][[U+0004]][[U+0000]][[U+FF00]]'
attendance, so...",Déjà [[U+000E]][[U+0000]][[U+0003]][[U+0004]]ÿ[[U+FF00]]10 jours [[U+000E]][[U+0000]][[U+0003]][[U+0004]][[U+0000]][[U+FF00]]de présence !,Sie haben [[U+000E]][[U+0000]][[U+0003]][[U+0004]]ÿ[[U+FF00]]10 Tage[[U+000E]][[U+0000]][[U+0003]][[U+0004]][[U+0000]][[U+FF00]] teilgenommen!,"Hai registrato [[U+000E]][[U+0000]][[U+0003]][[U+0004]]ÿ[[U+FF00]]10 presenze[[U+000E]][[U+0000]][[U+0003]][[U+0004]][[U+0000]][[U+FF00]],
quindi...","Has acumulado [[U+000E]][[U+0000]][[U+0003]][[U+0004]]ÿ[[U+FF00]]10 días [[U+000E]][[U+0000]][[U+0003]][[U+0004]][[U+0000]][[U+FF00]]de
asistencia, y como premio...","You've racked up [[U+000E]][[U+0000]][[U+0003]][[U+0004]]ÿ[[U+FF00]]10[[U+000E]][[U+0000]][[U+0003]][[U+0004]][[U+0000]][[U+FF00]][[U+000E]][[U+0000]][[U+0003]][[U+0004]]ÿ[[U+FF00]] [[U+000E]][[U+0000]][[U+0003]][[U+0004]][[U+0000]][[U+FF00]][[U+000E]][[U+0000]][[U+0003]][[U+0004]]ÿ[[U+FF00]]days[[U+000E]][[U+0000]][[U+0003]][[U+0004]][[U+0000]][[U+FF00]]'
attendance, so...",Déjà [[U+000E]][[U+0000]][[U+0003]][[U+0004]]ÿ[[U+FF00]]10 jours [[U+000E]][[U+0000]][[U+0003]][[U+0004]][[U+0000]][[U+FF00]]de présence!,"Has acumulado [[U+000E]][[U+0000]][[U+0003]][[U+0004]]ÿ[[U+FF00]]10 días [[U+000E]][[U+0000]][[U+0003]][[U+0004]][[U+0000]][[U+FF00]]de
asistencia, y como premio...","Şu ana kadar [[U+000E]][[U+0000]][[U+0003]][[U+0004]]ÿ[[U+FF00]]10[[U+000E]][[U+0000]][[U+0003]][[U+0004]][[U+0000]][[U+FF00]][[U+000E]][[U+0000]][[U+0003]][[U+0004]]ÿ[[U+FF00]] [[U+000E]][[U+0000]][[U+0003]][[U+0004]][[U+0000]][[U+FF00]][[U+000E]][[U+0000]][[U+0003]][[U+0004]]ÿ[[U+FF00]]gün[[U+000E]][[U+0000]][[U+0003]][[U+0004]][[U+0000]][[U+FF00]]
katılımın var, yani..."
Trn_Get_Normal_Mes_10,48,Trn_Get_Normal_Mes_10,"Je traint al [[U+000E]][[U+0000]][[U+0003]][[U+0004]]ÿ[[U+FF00]]11 dagen[[U+000E]][[U+0000]][[U+0003]][[U+0004]][[U+0000]][[U+FF00]], dus...","You've racked up [[U+000E]][[U+0000]][[U+0003]][[U+0004]]ÿ[[U+FF00]]11[[U+000E]][[U+0000]][[U+0003]][[U+0004]][[U+0000]][[U+FF00]][[U+000E]][[U+0000]][[U+0003]][[U+0004]]ÿ[[U+FF00]] [[U+000E]][[U+0000]][[U+0003]][[U+0004]][[U+0000]][[U+FF00]][[U+000E]][[U+0000]][[U+0003]][[U+0004]]ÿ[[U+FF00]]days[[U+000E]][[U+0000]][[U+0003]][[U+0004]][[U+0000]][[U+FF00]]'
attendance, so...",Déjà [[U+000E]][[U+0000]][[U+0003]][[U+0004]]ÿ[[U+FF00]]11 jours [[U+000E]][[U+0000]][[U+0003]][[U+0004]][[U+0000]][[U+FF00]]de présence !,Sie haben [[U+000E]][[U+0000]][[U+0003]][[U+0004]]ÿ[[U+FF00]]11 Tage[[U+000E]][[U+0000]][[U+0003]][[U+0004]][[U+0000]][[U+FF00]] teilgenommen!,"Hai registrato [[U+000E]][[U+0000]][[U+0003]][[U+0004]]ÿ[[U+FF00]]11 presenze[[U+000E]][[U+0000]][[U+0003]][[U+0004]][[U+0000]][[U+FF00]],
quindi...","Has acumulado [[U+000E]][[U+0000]][[U+0003]][[U+0004]]ÿ[[U+FF00]]11 días [[U+000E]][[U+0000]][[U+0003]][[U+0004]][[U+0000]][[U+FF00]]de
asistencia, y como premio...","You've racked up [[U+000E]][[U+0000]][[U+0003]][[U+0004]]ÿ[[U+FF00]]11[[U+000E]][[U+0000]][[U+0003]][[U+0004]][[U+0000]][[U+FF00]][[U+000E]][[U+0000]][[U+0003]][[U+0004]]ÿ[[U+FF00]] [[U+000E]][[U+0000]][[U+0003]][[U+0004]][[U+0000]][[U+FF00]][[U+000E]][[U+0000]][[U+0003]][[U+0004]]ÿ[[U+FF00]]days[[U+000E]][[U+0000]][[U+0003]][[U+0004]][[U+0000]][[U+FF00]]'
attendance, so...",Déjà [[U+000E]][[U+0000]][[U+0003]][[U+0004]]ÿ[[U+FF00]]11 jours [[U+000E]][[U+0000]][[U+0003]][[U+0004]][[U+0000]][[U+FF00]]de présence!,"Has acumulado [[U+000E]][[U+0000]][[U+0003]][[U+0004]]ÿ[[U+FF00]]11 días [[U+000E]][[U+0000]][[U+0003]][[U+0004]][[U+0000]][[U+FF00]]de
asistencia, y como premio...","Şu ana kadar [[U+000E]][[U+0000]][[U+0003]][[U+0004]]ÿ[[U+FF00]]11[[U+000E]][[U+0000]][[U+0003]][[U+0004]][[U+0000]][[U+FF00]][[U+000E]][[U+0000]][[U+0003]][[U+0004]]ÿ[[U+FF00]] [[U+000E]][[U+0000]][[U+0003]][[U+0004]][[U+0000]][[U+FF00]][[U+000E]][[U+0000]][[U+0003]][[U+0004]]ÿ[[U+FF00]]gün[[U+000E]][[U+0000]][[U+0003]][[U+0004]][[U+0000]][[U+FF00]]
katılımın var, yani..."
Trn_Get_Normal_Mes_11,49,Trn_Get_Normal_Mes_11,"Je traint al [[U+000E]][[U+0000]][[U+0003]][[U+0004]]ÿ[[U+FF00]]12 dagen[[U+000E]][[U+0000]][[U+0003]][[U+0004]][[U+0000]][[U+FF00]], dus...","You've racked up [[U+000E]][[U+0000]][[U+0003]][[U+0004]]ÿ[[U+FF00]]12[[U+000E]][[U+0000]][[U+0003]][[U+0004]][[U+0000]][[U+FF00]][[U+000E]][[U+0000]][[U+0003]][[U+0004]]ÿ[[U+FF00]] [[U+000E]][[U+0000]][[U+0003]][[U+0004]][[U+0000]][[U+FF00]][[U+000E]][[U+0000]][[U+0003]][[U+0004]]ÿ[[U+FF00]]days[[U+000E]][[U+0000]][[U+0003]][[U+0004]][[U+0000]][[U+FF00]]'
attendance, so...",Déjà [[U+000E]][[U+0000]][[U+0003]][[U+0004]]ÿ[[U+FF00]]12 jours [[U+000E]][[U+0000]][[U+0003]][[U+0004]][[U+0000]][[U+FF00]]de présence !,Sie haben [[U+000E]][[U+0000]][[U+0003]][[U+0004]]ÿ[[U+FF00]]12 Tage[[U+000E]][[U+0000]][[U+0003]][[U+0004]][[U+0000]][[U+FF00]] teilgenommen!,"Hai registrato [[U+000E]][[U+0000]][[U+0003]][[U+0004]]ÿ[[U+FF00]]12 presenze[[U+000E]][[U+0000]][[U+0003]][[U+0004]][[U+0000]][[U+FF00]],
quindi...","Has acumulado [[U+000E]][[U+0000]][[U+0003]][[U+0004]]ÿ[[U+FF00]]12 días [[U+000E]][[U+0000]][[U+0003]][[U+0004]][[U+0000]][[U+FF00]]de
asistencia, y como premio...","You've racked up [[U+000E]][[U+0000]][[U+0003]][[U+0004]]ÿ[[U+FF00]]12[[U+000E]][[U+0000]][[U+0003]][[U+0004]][[U+0000]][[U+FF00]][[U+000E]][[U+0000]][[U+0003]][[U+0004]]ÿ[[U+FF00]] [[U+000E]][[U+0000]][[U+0003]][[U+0004]][[U+0000]][[U+FF00]][[U+000E]][[U+0000]][[U+0003]][[U+0004]]ÿ[[U+FF00]]days[[U+000E]][[U+0000]][[U+0003]][[U+0004]][[U+0000]][[U+FF00]]'
attendance, so...",Déjà [[U+000E]][[U+0000]][[U+0003]][[U+0004]]ÿ[[U+FF00]]12 jours [[U+000E]][[U+0000]][[U+0003]][[U+0004]][[U+0000]][[U+FF00]]de présence!,"Has acumulado [[U+000E]][[U+0000]][[U+0003]][[U+0004]]ÿ[[U+FF00]]12 días [[U+000E]][[U+0000]][[U+0003]][[U+0004]][[U+0000]][[U+FF00]]de
asistencia, y como premio...","Şu ana kadar [[U+000E]][[U+0000]][[U+0003]][[U+0004]]ÿ[[U+FF00]]12[[U+000E]][[U+0000]][[U+0003]][[U+0004]][[U+0000]][[U+FF00]][[U+000E]][[U+0000]][[U+0003]][[U+0004]]ÿ[[U+FF00]] [[U+000E]][[U+0000]][[U+0003]][[U+0004]][[U+0000]][[U+FF00]][[U+000E]][[U+0000]][[U+0003]][[U+0004]]ÿ[[U+FF00]]gün[[U+000E]][[U+0000]][[U+0003]][[U+0004]][[U+0000]][[U+FF00]]
katılımın var, yani..."
Trn_Get_Normal_Mes_12,50,Trn_Get_Normal_Mes_12,"Je traint al [[U+000E]][[U+0000]][[U+0003]][[U+0004]]ÿ[[U+FF00]]13 dagen[[U+000E]][[U+0000]][[U+0003]][[U+0004]][[U+0000]][[U+FF00]], dus...","You've racked up [[U+000E]][[U+0000]][[U+0003]][[U+0004]]ÿ[[U+FF00]]13[[U+000E]][[U+0000]][[U+0003]][[U+0004]][[U+0000]][[U+FF00]][[U+000E]][[U+0000]][[U+0003]][[U+0004]]ÿ[[U+FF00]] [[U+000E]][[U+0000]][[U+0003]][[U+0004]][[U+0000]][[U+FF00]][[U+000E]][[U+0000]][[U+0003]][[U+0004]]ÿ[[U+FF00]]days[[U+000E]][[U+0000]][[U+0003]][[U+0004]][[U+0000]][[U+FF00]]'
attendance, so...",Déjà [[U+000E]][[U+0000]][[U+0003]][[U+0004]]ÿ[[U+FF00]]13 jours [[U+000E]][[U+0000]][[U+0003]][[U+0004]][[U+0000]][[U+FF00]]de présence !,Sie haben [[U+000E]][[U+0000]][[U+0003]][[U+0004]]ÿ[[U+FF00]]13 Tage[[U+000E]][[U+0000]][[U+0003]][[U+0004]][[U+0000]][[U+FF00]] teilgenommen!,"Hai registrato [[U+000E]][[U+0000]][[U+0003]][[U+0004]]ÿ[[U+FF00]]13 presenze[[U+000E]][[U+0000]][[U+0003]][[U+0004]][[U+0000]][[U+FF00]],
quindi...","Has acumulado [[U+000E]][[U+0000]][[U+0003]][[U+0004]]ÿ[[U+FF00]]13 días [[U+000E]][[U+0000]][[U+0003]][[U+0004]][[U+0000]][[U+FF00]]de
asistencia, y como premio...","You've racked up [[U+000E]][[U+0000]][[U+0003]][[U+0004]]ÿ[[U+FF00]]13[[U+000E]][[U+0000]][[U+0003]][[U+0004]][[U+0000]][[U+FF00]][[U+000E]][[U+0000]][[U+0003]][[U+0004]]ÿ[[U+FF00]] [[U+000E]][[U+0000]][[U+0003]][[U+0004]][[U+0000]][[U+FF00]][[U+000E]][[U+0000]][[U+0003]][[U+0004]]ÿ[[U+FF00]]days[[U+000E]][[U+0000]][[U+0003]][[U+0004]][[U+0000]][[U+FF00]]'
attendance, so...",Déjà [[U+000E]][[U+0000]][[U+0003]][[U+0004]]ÿ[[U+FF00]]13 jours [[U+000E]][[U+0000]][[U+0003]][[U+0004]][[U+0000]][[U+FF00]]de présence!,"Has acumulado [[U+000E]][[U+0000]][[U+0003]][[U+0004]]ÿ[[U+FF00]]13 días [[U+000E]][[U+0000]][[U+0003]][[U+0004]][[U+0000]][[U+FF00]]de
asistencia, y como premio...","Şu ana kadar [[U+000E]][[U+0000]][[U+0003]][[U+0004]]ÿ[[U+FF00]]13[[U+000E]][[U+0000]][[U+0003]][[U+0004]][[U+0000]][[U+FF00]][[U+000E]][[U+0000]][[U+0003]][[U+0004]]ÿ[[U+FF00]] [[U+000E]][[U+0000]][[U+0003]][[U+0004]][[U+0000]][[U+FF00]][[U+000E]][[U+0000]][[U+0003]][[U+0004]]ÿ[[U+FF00]]gün[[U+000E]][[U+0000]][[U+0003]][[U+0004]][[U+0000]][[U+FF00]]
katılımın var, yani..."
Trn_Get_Normal_Mes_13,51,Trn_Get_Normal_Mes_13,"Je traint al [[U+000E]][[U+0000]][[U+0003]][[U+0004]]ÿ[[U+FF00]]14 dagen[[U+000E]][[U+0000]][[U+0003]][[U+0004]][[U+0000]][[U+FF00]], dus...","You've racked up [[U+000E]][[U+0000]][[U+0003]][[U+0004]]ÿ[[U+FF00]]14[[U+000E]][[U+0000]][[U+0003]][[U+0004]][[U+0000]][[U+FF00]][[U+000E]][[U+0000]][[U+0003]][[U+0004]]ÿ[[U+FF00]] [[U+000E]][[U+0000]][[U+0003]][[U+0004]][[U+0000]][[U+FF00]][[U+000E]][[U+0000]][[U+0003]][[U+0004]]ÿ[[U+FF00]]days[[U+000E]][[U+0000]][[U+0003]][[U+0004]][[U+0000]][[U+FF00]]'
attendance, so...",Déjà [[U+000E]][[U+0000]][[U+0003]][[U+0004]]ÿ[[U+FF00]]14 jours [[U+000E]][[U+0000]][[U+0003]][[U+0004]][[U+0000]][[U+FF00]]de présence !,Sie haben [[U+000E]][[U+0000]][[U+0003]][[U+0004]]ÿ[[U+FF00]]14 Tage[[U+000E]][[U+0000]][[U+0003]][[U+0004]][[U+0000]][[U+FF00]] teilgenommen!,"Hai registrato [[U+000E]][[U+0000]][[U+0003]][[U+0004]]ÿ[[U+FF00]]14 presenze[[U+000E]][[U+0000]][[U+0003]][[U+0004]][[U+0000]][[U+FF00]],
quindi...","Has acumulado [[U+000E]][[U+0000]][[U+0003]][[U+0004]]ÿ[[U+FF00]]14 días [[U+000E]][[U+0000]][[U+0003]][[U+0004]][[U+0000]][[U+FF00]]de
asistencia, y como premio...","You've racked up [[U+000E]][[U+0000]][[U+0003]][[U+0004]]ÿ[[U+FF00]]14[[U+000E]][[U+0000]][[U+0003]][[U+0004]][[U+0000]][[U+FF00]][[U+000E]][[U+0000]][[U+0003]][[U+0004]]ÿ[[U+FF00]] [[U+000E]][[U+0000]][[U+0003]][[U+0004]][[U+0000]][[U+FF00]][[U+000E]][[U+0000]][[U+0003]][[U+0004]]ÿ[[U+FF00]]days[[U+000E]][[U+0000]][[U+0003]][[U+0004]][[U+0000]][[U+FF00]]'
attendance, so...",Déjà [[U+000E]][[U+0000]][[U+0003]][[U+0004]]ÿ[[U+FF00]]14 jours [[U+000E]][[U+0000]][[U+0003]][[U+0004]][[U+0000]][[U+FF00]]de présence!,"Has acumulado [[U+000E]][[U+0000]][[U+0003]][[U+0004]]ÿ[[U+FF00]]14 días [[U+000E]][[U+0000]][[U+0003]][[U+0004]][[U+0000]][[U+FF00]]de
asistencia, y como premio...","Şu ana kadar [[U+000E]][[U+0000]][[U+0003]][[U+0004]]ÿ[[U+FF00]]14[[U+000E]][[U+0000]][[U+0003]][[U+0004]][[U+0000]][[U+FF00]][[U+000E]][[U+0000]][[U+0003]][[U+0004]]ÿ[[U+FF00]] [[U+000E]][[U+0000]][[U+0003]][[U+0004]][[U+0000]][[U+FF00]][[U+000E]][[U+0000]][[U+0003]][[U+0004]]ÿ[[U+FF00]]gün[[U+000E]][[U+0000]][[U+0003]][[U+0004]][[U+0000]][[U+FF00]]
katılımın var, yani..."
Trn_Get_Normal_Mes_14,52,Trn_Get_Normal_Mes_14,"Je traint al [[U+000E]][[U+0000]][[U+0003]][[U+0004]]ÿ[[U+FF00]]15 dagen[[U+000E]][[U+0000]][[U+0003]][[U+0004]][[U+0000]][[U+FF00]], dus...","You've racked up [[U+000E]][[U+0000]][[U+0003]][[U+0004]]ÿ[[U+FF00]]15[[U+000E]][[U+0000]][[U+0003]][[U+0004]][[U+0000]][[U+FF00]][[U+000E]][[U+0000]][[U+0003]][[U+0004]]ÿ[[U+FF00]] [[U+000E]][[U+0000]][[U+0003]][[U+0004]][[U+0000]][[U+FF00]][[U+000E]][[U+0000]][[U+0003]][[U+0004]]ÿ[[U+FF00]]days[[U+000E]][[U+0000]][[U+0003]][[U+0004]][[U+0000]][[U+FF00]]'
attendance, so...",Déjà [[U+000E]][[U+0000]][[U+0003]][[U+0004]]ÿ[[U+FF00]]15 jours [[U+000E]][[U+0000]][[U+0003]][[U+0004]][[U+0000]][[U+FF00]]de présence !,Sie haben [[U+000E]][[U+0000]][[U+0003]][[U+0004]]ÿ[[U+FF00]]15 Tage[[U+000E]][[U+0000]][[U+0003]][[U+0004]][[U+0000]][[U+FF00]] teilgenommen!,"Hai registrato [[U+000E]][[U+0000]][[U+0003]][[U+0004]]ÿ[[U+FF00]]15 presenze[[U+000E]][[U+0000]][[U+0003]][[U+0004]][[U+0000]][[U+FF00]],
quindi...","Has acumulado [[U+000E]][[U+0000]][[U+0003]][[U+0004]]ÿ[[U+FF00]]15 días [[U+000E]][[U+0000]][[U+0003]][[U+0004]][[U+0000]][[U+FF00]]de
asistencia, y como premio...","You've racked up [[U+000E]][[U+0000]][[U+0003]][[U+0004]]ÿ[[U+FF00]]15[[U+000E]][[U+0000]][[U+0003]][[U+0004]][[U+0000]][[U+FF00]][[U+000E]][[U+0000]][[U+0003]][[U+0004]]ÿ[[U+FF00]] [[U+000E]][[U+0000]][[U+0003]][[U+0004]][[U+0000]][[U+FF00]][[U+000E]][[U+0000]][[U+0003]][[U+0004]]ÿ[[U+FF00]]days[[U+000E]][[U+0000]][[U+0003]][[U+0004]][[U+0000]][[U+FF00]]'
attendance, so...",Déjà [[U+000E]][[U+0000]][[U+0003]][[U+0004]]ÿ[[U+FF00]]15 jours [[U+000E]][[U+0000]][[U+0003]][[U+0004]][[U+0000]][[U+FF00]]de présence!,"Has acumulado [[U+000E]][[U+0000]][[U+0003]][[U+0004]]ÿ[[U+FF00]]15 días [[U+000E]][[U+0000]][[U+0003]][[U+0004]][[U+0000]][[U+FF00]]de
asistencia, y como premio...","Şu ana kadar [[U+000E]][[U+0000]][[U+0003]][[U+0004]]ÿ[[U+FF00]]15[[U+000E]][[U+0000]][[U+0003]][[U+0004]][[U+0000]][[U+FF00]][[U+000E]][[U+0000]][[U+0003]][[U+0004]]ÿ[[U+FF00]] [[U+000E]][[U+0000]][[U+0003]][[U+0004]][[U+0000]][[U+FF00]][[U+000E]][[U+0000]][[U+0003]][[U+0004]]ÿ[[U+FF00]]gün[[U+000E]][[U+0000]][[U+0003]][[U+0004]][[U+0000]][[U+FF00]]
katılımın var, yani..."
Trn_Get_Normal_Mes_15,53,Trn_Get_Normal_Mes_15,"Je traint al [[U+000E]][[U+0000]][[U+0003]][[U+0004]]ÿ[[U+FF00]]16 dagen[[U+000E]][[U+0000]][[U+0003]][[U+0004]][[U+0000]][[U+FF00]], dus...","You've racked up [[U+000E]][[U+0000]][[U+0003]][[U+0004]]ÿ[[U+FF00]]16[[U+000E]][[U+0000]][[U+0003]][[U+0004]][[U+0000]][[U+FF00]][[U+000E]][[U+0000]][[U+0003]][[U+0004]]ÿ[[U+FF00]] [[U+000E]][[U+0000]][[U+0003]][[U+0004]][[U+0000]][[U+FF00]][[U+000E]][[U+0000]][[U+0003]][[U+0004]]ÿ[[U+FF00]]days[[U+000E]][[U+0000]][[U+0003]][[U+0004]][[U+0000]][[U+FF00]]'
attendance, so...",Déjà [[U+000E]][[U+0000]][[U+0003]][[U+0004]]ÿ[[U+FF00]]16 jours [[U+000E]][[U+0000]][[U+0003]][[U+0004]][[U+0000]][[U+FF00]]de présence !,Sie haben [[U+000E]][[U+0000]][[U+0003]][[U+0004]]ÿ[[U+FF00]]16 Tage[[U+000E]][[U+0000]][[U+0003]][[U+0004]][[U+0000]][[U+FF00]] teilgenommen!,"Hai registrato [[U+000E]][[U+0000]][[U+0003]][[U+0004]]ÿ[[U+FF00]]16 presenze[[U+000E]][[U+0000]][[U+0003]][[U+0004]][[U+0000]][[U+FF00]],
quindi...","Has acumulado [[U+000E]][[U+0000]][[U+0003]][[U+0004]]ÿ[[U+FF00]]16 días [[U+000E]][[U+0000]][[U+0003]][[U+0004]][[U+0000]][[U+FF00]]de
asistencia, y como premio...","You've racked up [[U+000E]][[U+0000]][[U+0003]][[U+0004]]ÿ[[U+FF00]]16[[U+000E]][[U+0000]][[U+0003]][[U+0004]][[U+0000]][[U+FF00]][[U+000E]][[U+0000]][[U+0003]][[U+0004]]ÿ[[U+FF00]] [[U+000E]][[U+0000]][[U+0003]][[U+0004]][[U+0000]][[U+FF00]][[U+000E]][[U+0000]][[U+0003]][[U+0004]]ÿ[[U+FF00]]days[[U+000E]][[U+0000]][[U+0003]][[U+0004]][[U+0000]][[U+FF00]]'
attendance, so...",Déjà [[U+000E]][[U+0000]][[U+0003]][[U+0004]]ÿ[[U+FF00]]16 jours [[U+000E]][[U+0000]][[U+0003]][[U+0004]][[U+0000]][[U+FF00]]de présence!,"Has acumulado [[U+000E]][[U+0000]][[U+0003]][[U+0004]]ÿ[[U+FF00]]16 días [[U+000E]][[U+0000]][[U+0003]][[U+0004]][[U+0000]][[U+FF00]]de
asistencia, y como premio...","Şu ana kadar [[U+000E]][[U+0000]][[U+0003]][[U+0004]]ÿ[[U+FF00]]16[[U+000E]][[U+0000]][[U+0003]][[U+0004]][[U+0000]][[U+FF00]][[U+000E]][[U+0000]][[U+0003]][[U+0004]]ÿ[[U+FF00]] [[U+000E]][[U+0000]][[U+0003]][[U+0004]][[U+0000]][[U+FF00]][[U+000E]][[U+0000]][[U+0003]][[U+0004]]ÿ[[U+FF00]]gün[[U+000E]][[U+0000]][[U+0003]][[U+0004]][[U+0000]][[U+FF00]]
katılımın var, yani..."
Trn_Get_Normal_Mes_16,54,Trn_Get_Normal_Mes_16,"Je traint al [[U+000E]][[U+0000]][[U+0003]][[U+0004]]ÿ[[U+FF00]]17 dagen[[U+000E]][[U+0000]][[U+0003]][[U+0004]][[U+0000]][[U+FF00]], dus...","You've racked up [[U+000E]][[U+0000]][[U+0003]][[U+0004]]ÿ[[U+FF00]]17[[U+000E]][[U+0000]][[U+0003]][[U+0004]][[U+0000]][[U+FF00]][[U+000E]][[U+0000]][[U+0003]][[U+0004]]ÿ[[U+FF00]] [[U+000E]][[U+0000]][[U+0003]][[U+0004]][[U+0000]][[U+FF00]][[U+000E]][[U+0000]][[U+0003]][[U+0004]]ÿ[[U+FF00]]days[[U+000E]][[U+0000]][[U+0003]][[U+0004]][[U+0000]][[U+FF00]]'
attendance, so...",Déjà [[U+000E]][[U+0000]][[U+0003]][[U+0004]]ÿ[[U+FF00]]17 jours [[U+000E]][[U+0000]][[U+0003]][[U+0004]][[U+0000]][[U+FF00]]de présence !,Sie haben [[U+000E]][[U+0000]][[U+0003]][[U+0004]]ÿ[[U+FF00]]17 Tage[[U+000E]][[U+0000]][[U+0003]][[U+0004]][[U+0000]][[U+FF00]] teilgenommen!,"Hai registrato [[U+000E]][[U+0000]][[U+0003]][[U+0004]]ÿ[[U+FF00]]17 presenze[[U+000E]][[U+0000]][[U+0003]][[U+0004]][[U+0000]][[U+FF00]],
quindi...","Has acumulado [[U+000E]][[U+0000]][[U+0003]][[U+0004]]ÿ[[U+FF00]]17 días [[U+000E]][[U+0000]][[U+0003]][[U+0004]][[U+0000]][[U+FF00]]de
asistencia, y como premio...","You've racked up [[U+000E]][[U+0000]][[U+0003]][[U+0004]]ÿ[[U+FF00]]17[[U+000E]][[U+0000]][[U+0003]][[U+0004]][[U+0000]][[U+FF00]][[U+000E]][[U+0000]][[U+0003]][[U+0004]]ÿ[[U+FF00]] [[U+000E]][[U+0000]][[U+0003]][[U+0004]][[U+0000]][[U+FF00]][[U+000E]][[U+0000]][[U+0003]][[U+0004]]ÿ[[U+FF00]]days[[U+000E]][[U+0000]][[U+0003]][[U+0004]][[U+0000]][[U+FF00]]'
attendance, so...",Déjà [[U+000E]][[U+0000]][[U+0003]][[U+0004]]ÿ[[U+FF00]]17 jours [[U+000E]][[U+0000]][[U+0003]][[U+0004]][[U+0000]][[U+FF00]]de présence!,"Has acumulado [[U+000E]][[U+0000]][[U+0003]][[U+0004]]ÿ[[U+FF00]]17 días [[U+000E]][[U+0000]][[U+0003]][[U+0004]][[U+0000]][[U+FF00]]de
asistencia, y como premio...","Şu ana kadar [[U+000E]][[U+0000]][[U+0003]][[U+0004]]ÿ[[U+FF00]]17[[U+000E]][[U+0000]][[U+0003]][[U+0004]][[U+0000]][[U+FF00]][[U+000E]][[U+0000]][[U+0003]][[U+0004]]ÿ[[U+FF00]] [[U+000E]][[U+0000]][[U+0003]][[U+0004]][[U+0000]][[U+FF00]][[U+000E]][[U+0000]][[U+0003]][[U+0004]]ÿ[[U+FF00]]gün[[U+000E]][[U+0000]][[U+0003]][[U+0004]][[U+0000]][[U+FF00]]
katılımın var, yani..."
Trn_Get_Normal_Mes_17,55,Trn_Get_Normal_Mes_17,"Je traint al [[U+000E]][[U+0000]][[U+0003]][[U+0004]]ÿ[[U+FF00]]18 dagen[[U+000E]][[U+0000]][[U+0003]][[U+0004]][[U+0000]][[U+FF00]], dus...","You've racked up [[U+000E]][[U+0000]][[U+0003]][[U+0004]]ÿ[[U+FF00]]18[[U+000E]][[U+0000]][[U+0003]][[U+0004]][[U+0000]][[U+FF00]][[U+000E]][[U+0000]][[U+0003]][[U+0004]]ÿ[[U+FF00]] [[U+000E]][[U+0000]][[U+0003]][[U+0004]][[U+0000]][[U+FF00]][[U+000E]][[U+0000]][[U+0003]][[U+0004]]ÿ[[U+FF00]]days[[U+000E]][[U+0000]][[U+0003]][[U+0004]][[U+0000]][[U+FF00]]'
attendance, so...",Déjà [[U+000E]][[U+0000]][[U+0003]][[U+0004]]ÿ[[U+FF00]]18 jours [[U+000E]][[U+0000]][[U+0003]][[U+0004]][[U+0000]][[U+FF00]]de présence !,Sie haben [[U+000E]][[U+0000]][[U+0003]][[U+0004]]ÿ[[U+FF00]]18 Tage[[U+000E]][[U+0000]][[U+0003]][[U+0004]][[U+0000]][[U+FF00]] teilgenommen!,"Hai registrato [[U+000E]][[U+0000]][[U+0003]][[U+0004]]ÿ[[U+FF00]]18 presenze[[U+000E]][[U+0000]][[U+0003]][[U+0004]][[U+0000]][[U+FF00]],
quindi...","Has acumulado [[U+000E]][[U+0000]][[U+0003]][[U+0004]]ÿ[[U+FF00]]18 días [[U+000E]][[U+0000]][[U+0003]][[U+0004]][[U+0000]][[U+FF00]]de
asistencia, y como premio...","You've racked up [[U+000E]][[U+0000]][[U+0003]][[U+0004]]ÿ[[U+FF00]]18[[U+000E]][[U+0000]][[U+0003]][[U+0004]][[U+0000]][[U+FF00]][[U+000E]][[U+0000]][[U+0003]][[U+0004]]ÿ[[U+FF00]] [[U+000E]][[U+0000]][[U+0003]][[U+0004]][[U+0000]][[U+FF00]][[U+000E]][[U+0000]][[U+0003]][[U+0004]]ÿ[[U+FF00]]days[[U+000E]][[U+0000]][[U+0003]][[U+0004]][[U+0000]][[U+FF00]]'
attendance, so...",Déjà [[U+000E]][[U+0000]][[U+0003]][[U+0004]]ÿ[[U+FF00]]18 jours [[U+000E]][[U+0000]][[U+0003]][[U+0004]][[U+0000]][[U+FF00]]de présence!,"Has acumulado [[U+000E]][[U+0000]][[U+0003]][[U+0004]]ÿ[[U+FF00]]18 días [[U+000E]][[U+0000]][[U+0003]][[U+0004]][[U+0000]][[U+FF00]]de
asistencia, y como premio...","Şu ana kadar [[U+000E]][[U+0000]][[U+0003]][[U+0004]]ÿ[[U+FF00]]18[[U+000E]][[U+0000]][[U+0003]][[U+0004]][[U+0000]][[U+FF00]][[U+000E]][[U+0000]][[U+0003]][[U+0004]]ÿ[[U+FF00]] [[U+000E]][[U+0000]][[U+0003]][[U+0004]][[U+0000]][[U+FF00]][[U+000E]][[U+0000]][[U+0003]][[U+0004]]ÿ[[U+FF00]]gün[[U+000E]][[U+0000]][[U+0003]][[U+0004]][[U+0000]][[U+FF00]]
katılımın var, yani..."
Trn_Get_Normal_Mes_18,56,Trn_Get_Normal_Mes_18,"Je traint al [[U+000E]][[U+0000]][[U+0003]][[U+0004]]ÿ[[U+FF00]]19 dagen[[U+000E]][[U+0000]][[U+0003]][[U+0004]][[U+0000]][[U+FF00]], dus...","You've racked up [[U+000E]][[U+0000]][[U+0003]][[U+0004]]ÿ[[U+FF00]]19[[U+000E]][[U+0000]][[U+0003]][[U+0004]][[U+0000]][[U+FF00]][[U+000E]][[U+0000]][[U+0003]][[U+0004]]ÿ[[U+FF00]] [[U+000E]][[U+0000]][[U+0003]][[U+0004]][[U+0000]][[U+FF00]][[U+000E]][[U+0000]][[U+0003]][[U+0004]]ÿ[[U+FF00]]days[[U+000E]][[U+0000]][[U+0003]][[U+0004]][[U+0000]][[U+FF00]]'
attendance, so...",Déjà [[U+000E]][[U+0000]][[U+0003]][[U+0004]]ÿ[[U+FF00]]19 jours [[U+000E]][[U+0000]][[U+0003]][[U+0004]][[U+0000]][[U+FF00]]de présence !,Sie haben [[U+000E]][[U+0000]][[U+0003]][[U+0004]]ÿ[[U+FF00]]19 Tage[[U+000E]][[U+0000]][[U+0003]][[U+0004]][[U+0000]][[U+FF00]] teilgenommen!,"Hai registrato [[U+000E]][[U+0000]][[U+0003]][[U+0004]]ÿ[[U+FF00]]19 presenze[[U+000E]][[U+0000]][[U+0003]][[U+0004]][[U+0000]][[U+FF00]],
quindi...","Has acumulado [[U+000E]][[U+0000]][[U+0003]][[U+0004]]ÿ[[U+FF00]]19 días [[U+000E]][[U+0000]][[U+0003]][[U+0004]][[U+0000]][[U+FF00]]de
asistencia, y como premio...","You've racked up [[U+000E]][[U+0000]][[U+0003]][[U+0004]]ÿ[[U+FF00]]19[[U+000E]][[U+0000]][[U+0003]][[U+0004]][[U+0000]][[U+FF00]][[U+000E]][[U+0000]][[U+0003]][[U+0004]]ÿ[[U+FF00]] [[U+000E]][[U+0000]][[U+0003]][[U+0004]][[U+0000]][[U+FF00]][[U+000E]][[U+0000]][[U+0003]][[U+0004]]ÿ[[U+FF00]]days[[U+000E]][[U+0000]][[U+0003]][[U+0004]][[U+0000]][[U+FF00]]'
attendance, so...",Déjà [[U+000E]][[U+0000]][[U+0003]][[U+0004]]ÿ[[U+FF00]]19 jours [[U+000E]][[U+0000]][[U+0003]][[U+0004]][[U+0000]][[U+FF00]]de présence!,"Has acumulado [[U+000E]][[U+0000]][[U+0003]][[U+0004]]ÿ[[U+FF00]]19 días [[U+000E]][[U+0000]][[U+0003]][[U+0004]][[U+0000]][[U+FF00]]de
asistencia, y como premio...","Şu ana kadar [[U+000E]][[U+0000]][[U+0003]][[U+0004]]ÿ[[U+FF00]]19[[U+000E]][[U+0000]][[U+0003]][[U+0004]][[U+0000]][[U+FF00]][[U+000E]][[U+0000]][[U+0003]][[U+0004]]ÿ[[U+FF00]] [[U+000E]][[U+0000]][[U+0003]][[U+0004]][[U+0000]][[U+FF00]][[U+000E]][[U+0000]][[U+0003]][[U+0004]]ÿ[[U+FF00]]gün[[U+000E]][[U+0000]][[U+0003]][[U+0004]][[U+0000]][[U+FF00]]
katılımın var, yani..."
Trn_Get_Normal_Mes_19,57,Trn_Get_Normal_Mes_19,"Je traint al [[U+000E]][[U+0000]][[U+0003]][[U+0004]]ÿ[[U+FF00]]20 dagen[[U+000E]][[U+0000]][[U+0003]][[U+0004]][[U+0000]][[U+FF00]], dus...","You've racked up [[U+000E]][[U+0000]][[U+0003]][[U+0004]]ÿ[[U+FF00]]20[[U+000E]][[U+0000]][[U+0003]][[U+0004]][[U+0000]][[U+FF00]][[U+000E]][[U+0000]][[U+0003]][[U+0004]]ÿ[[U+FF00]] [[U+000E]][[U+0000]][[U+0003]][[U+0004]][[U+0000]][[U+FF00]][[U+000E]][[U+0000]][[U+0003]][[U+0004]]ÿ[[U+FF00]]days[[U+000E]][[U+0000]][[U+0003]][[U+0004]][[U+0000]][[U+FF00]]'
attendance, so...",Déjà [[U+000E]][[U+0000]][[U+0003]][[U+0004]]ÿ[[U+FF00]]20 jours [[U+000E]][[U+0000]][[U+0003]][[U+0004]][[U+0000]][[U+FF00]]de présence !,Sie haben [[U+000E]][[U+0000]][[U+0003]][[U+0004]]ÿ[[U+FF00]]20 Tage[[U+000E]][[U+0000]][[U+0003]][[U+0004]][[U+0000]][[U+FF00]] teilgenommen!,"Hai registrato [[U+000E]][[U+0000]][[U+0003]][[U+0004]]ÿ[[U+FF00]]20 presenze[[U+000E]][[U+0000]][[U+0003]][[U+0004]][[U+0000]][[U+FF00]],
quindi...","Has acumulado [[U+000E]][[U+0000]][[U+0003]][[U+0004]]ÿ[[U+FF00]]20 días [[U+000E]][[U+0000]][[U+0003]][[U+0004]][[U+0000]][[U+FF00]]de
asistencia, y como premio...","You've racked up [[U+000E]][[U+0000]][[U+0003]][[U+0004]]ÿ[[U+FF00]]20[[U+000E]][[U+0000]][[U+0003]][[U+0004]][[U+0000]][[U+FF00]][[U+000E]][[U+0000]][[U+0003]][[U+0004]]ÿ[[U+FF00]] [[U+000E]][[U+0000]][[U+0003]][[U+0004]][[U+0000]][[U+FF00]][[U+000E]][[U+0000]][[U+0003]][[U+0004]]ÿ[[U+FF00]]days[[U+000E]][[U+0000]][[U+0003]][[U+0004]][[U+0000]][[U+FF00]]'
attendance, so...",Déjà [[U+000E]][[U+0000]][[U+0003]][[U+0004]]ÿ[[U+FF00]]20 jours [[U+000E]][[U+0000]][[U+0003]][[U+0004]][[U+0000]][[U+FF00]]de présence!,"Has acumulado [[U+000E]][[U+0000]][[U+0003]][[U+0004]]ÿ[[U+FF00]]20 días [[U+000E]][[U+0000]][[U+0003]][[U+0004]][[U+0000]][[U+FF00]]de
asistencia, y como premio...","Şu ana kadar [[U+000E]][[U+0000]][[U+0003]][[U+0004]]ÿ[[U+FF00]]20[[U+000E]][[U+0000]][[U+0003]][[U+0004]][[U+0000]][[U+FF00]][[U+000E]][[U+0000]][[U+0003]][[U+0004]]ÿ[[U+FF00]] [[U+000E]][[U+0000]][[U+0003]][[U+0004]][[U+0000]][[U+FF00]][[U+000E]][[U+0000]][[U+0003]][[U+0004]]ÿ[[U+FF00]]gün[[U+000E]][[U+0000]][[U+0003]][[U+0004]][[U+0000]][[U+FF00]]
katılımın var, yani..."
Trn_Get_Normal_Mes_20,58,Trn_Get_Normal_Mes_20,"Je traint al [[U+000E]][[U+0000]][[U+0003]][[U+0004]]ÿ[[U+FF00]]21 dagen[[U+000E]][[U+0000]][[U+0003]][[U+0004]][[U+0000]][[U+FF00]], dus...","You've racked up [[U+000E]][[U+0000]][[U+0003]][[U+0004]]ÿ[[U+FF00]]21[[U+000E]][[U+0000]][[U+0003]][[U+0004]][[U+0000]][[U+FF00]][[U+000E]][[U+0000]][[U+0003]][[U+0004]]ÿ[[U+FF00]] [[U+000E]][[U+0000]][[U+0003]][[U+0004]][[U+0000]][[U+FF00]][[U+000E]][[U+0000]][[U+0003]][[U+0004]]ÿ[[U+FF00]]days[[U+000E]][[U+0000]][[U+0003]][[U+0004]][[U+0000]][[U+FF00]]'
attendance, so...",Déjà [[U+000E]][[U+0000]][[U+0003]][[U+0004]]ÿ[[U+FF00]]21 jours [[U+000E]][[U+0000]][[U+0003]][[U+0004]][[U+0000]][[U+FF00]]de présence !,Sie haben [[U+000E]][[U+0000]][[U+0003]][[U+0004]]ÿ[[U+FF00]]21 Tage[[U+000E]][[U+0000]][[U+0003]][[U+0004]][[U+0000]][[U+FF00]] teilgenommen!,"Hai registrato [[U+000E]][[U+0000]][[U+0003]][[U+0004]]ÿ[[U+FF00]]21 presenze[[U+000E]][[U+0000]][[U+0003]][[U+0004]][[U+0000]][[U+FF00]],
quindi...","Has acumulado [[U+000E]][[U+0000]][[U+0003]][[U+0004]]ÿ[[U+FF00]]21 días [[U+000E]][[U+0000]][[U+0003]][[U+0004]][[U+0000]][[U+FF00]]de
asistencia, y como premio...","You've racked up [[U+000E]][[U+0000]][[U+0003]][[U+0004]]ÿ[[U+FF00]]21[[U+000E]][[U+0000]][[U+0003]][[U+0004]][[U+0000]][[U+FF00]][[U+000E]][[U+0000]][[U+0003]][[U+0004]]ÿ[[U+FF00]] [[U+000E]][[U+0000]][[U+0003]][[U+0004]][[U+0000]][[U+FF00]][[U+000E]][[U+0000]][[U+0003]][[U+0004]]ÿ[[U+FF00]]days[[U+000E]][[U+0000]][[U+0003]][[U+0004]][[U+0000]][[U+FF00]]'
attendance, so...",Déjà [[U+000E]][[U+0000]][[U+0003]][[U+0004]]ÿ[[U+FF00]]21 jours [[U+000E]][[U+0000]][[U+0003]][[U+0004]][[U+0000]][[U+FF00]]de présence!,"Has acumulado [[U+000E]][[U+0000]][[U+0003]][[U+0004]]ÿ[[U+FF00]]21 días [[U+000E]][[U+0000]][[U+0003]][[U+0004]][[U+0000]][[U+FF00]]de
asistencia, y como premio...","Şu ana kadar [[U+000E]][[U+0000]][[U+0003]][[U+0004]]ÿ[[U+FF00]]21[[U+000E]][[U+0000]][[U+0003]][[U+0004]][[U+0000]][[U+FF00]][[U+000E]][[U+0000]][[U+0003]][[U+0004]]ÿ[[U+FF00]] [[U+000E]][[U+0000]][[U+0003]][[U+0004]][[U+0000]][[U+FF00]][[U+000E]][[U+0000]][[U+0003]][[U+0004]]ÿ[[U+FF00]]gün[[U+000E]][[U+0000]][[U+0003]][[U+0004]][[U+0000]][[U+FF00]]
katılımın var, yani..."
Trn_Get_Normal_Mes_21,59,Trn_Get_Normal_Mes_21,"Je traint al [[U+000E]][[U+0000]][[U+0003]][[U+0004]]ÿ[[U+FF00]]22 dagen[[U+000E]][[U+0000]][[U+0003]][[U+0004]][[U+0000]][[U+FF00]], dus...","You've racked up [[U+000E]][[U+0000]][[U+0003]][[U+0004]]ÿ[[U+FF00]]22[[U+000E]][[U+0000]][[U+0003]][[U+0004]][[U+0000]][[U+FF00]][[U+000E]][[U+0000]][[U+0003]][[U+0004]]ÿ[[U+FF00]] [[U+000E]][[U+0000]][[U+0003]][[U+0004]][[U+0000]][[U+FF00]][[U+000E]][[U+0000]][[U+0003]][[U+0004]]ÿ[[U+FF00]]days[[U+000E]][[U+0000]][[U+0003]][[U+0004]][[U+0000]][[U+FF00]]'
attendance, so...",Déjà [[U+000E]][[U+0000]][[U+0003]][[U+0004]]ÿ[[U+FF00]]22 jours [[U+000E]][[U+0000]][[U+0003]][[U+0004]][[U+0000]][[U+FF00]]de présence !,Sie haben [[U+000E]][[U+0000]][[U+0003]][[U+0004]]ÿ[[U+FF00]]22 Tage[[U+000E]][[U+0000]][[U+0003]][[U+0004]][[U+0000]][[U+FF00]] teilgenommen!,"Hai registrato [[U+000E]][[U+0000]][[U+0003]][[U+0004]]ÿ[[U+FF00]]22 presenze[[U+000E]][[U+0000]][[U+0003]][[U+0004]][[U+0000]][[U+FF00]],
quindi...","Has acumulado [[U+000E]][[U+0000]][[U+0003]][[U+0004]]ÿ[[U+FF00]]22 días [[U+000E]][[U+0000]][[U+0003]][[U+0004]][[U+0000]][[U+FF00]]de
asistencia, y como premio...","You've racked up [[U+000E]][[U+0000]][[U+0003]][[U+0004]]ÿ[[U+FF00]]22[[U+000E]][[U+0000]][[U+0003]][[U+0004]][[U+0000]][[U+FF00]][[U+000E]][[U+0000]][[U+0003]][[U+0004]]ÿ[[U+FF00]] [[U+000E]][[U+0000]][[U+0003]][[U+0004]][[U+0000]][[U+FF00]][[U+000E]][[U+0000]][[U+0003]][[U+0004]]ÿ[[U+FF00]]days[[U+000E]][[U+0000]][[U+0003]][[U+0004]][[U+0000]][[U+FF00]]'
attendance, so...",Déjà [[U+000E]][[U+0000]][[U+0003]][[U+0004]]ÿ[[U+FF00]]22 jours [[U+000E]][[U+0000]][[U+0003]][[U+0004]][[U+0000]][[U+FF00]]de présence!,"Has acumulado [[U+000E]][[U+0000]][[U+0003]][[U+0004]]ÿ[[U+FF00]]22 días [[U+000E]][[U+0000]][[U+0003]][[U+0004]][[U+0000]][[U+FF00]]de
asistencia, y como premio...","Şu ana kadar [[U+000E]][[U+0000]][[U+0003]][[U+0004]]ÿ[[U+FF00]]22[[U+000E]][[U+0000]][[U+0003]][[U+0004]][[U+0000]][[U+FF00]][[U+000E]][[U+0000]][[U+0003]][[U+0004]]ÿ[[U+FF00]] [[U+000E]][[U+0000]][[U+0003]][[U+0004]][[U+0000]][[U+FF00]][[U+000E]][[U+0000]][[U+0003]][[U+0004]]ÿ[[U+FF00]]gün[[U+000E]][[U+0000]][[U+0003]][[U+0004]][[U+0000]][[U+FF00]]
katılımın var, yani..."
Trn_Get_Normal_Mes_22,60,Trn_Get_Normal_Mes_22,"Je traint al [[U+000E]][[U+0000]][[U+0003]][[U+0004]]ÿ[[U+FF00]]23 dagen[[U+000E]][[U+0000]][[U+0003]][[U+0004]][[U+0000]][[U+FF00]], dus...","You've racked up [[U+000E]][[U+0000]][[U+0003]][[U+0004]]ÿ[[U+FF00]]23[[U+000E]][[U+0000]][[U+0003]][[U+0004]][[U+0000]][[U+FF00]][[U+000E]][[U+0000]][[U+0003]][[U+0004]]ÿ[[U+FF00]] [[U+000E]][[U+0000]][[U+0003]][[U+0004]][[U+0000]][[U+FF00]][[U+000E]][[U+0000]][[U+0003]][[U+0004]]ÿ[[U+FF00]]days[[U+000E]][[U+0000]][[U+0003]][[U+0004]][[U+0000]][[U+FF00]]'
attendance, so...",Déjà [[U+000E]][[U+0000]][[U+0003]][[U+0004]]ÿ[[U+FF00]]23 jours [[U+000E]][[U+0000]][[U+0003]][[U+0004]][[U+0000]][[U+FF00]]de présence !,Sie haben [[U+000E]][[U+0000]][[U+0003]][[U+0004]]ÿ[[U+FF00]]23 Tage[[U+000E]][[U+0000]][[U+0003]][[U+0004]][[U+0000]][[U+FF00]] teilgenommen!,"Hai registrato [[U+000E]][[U+0000]][[U+0003]][[U+0004]]ÿ[[U+FF00]]23 presenze[[U+000E]][[U+0000]][[U+0003]][[U+0004]][[U+0000]][[U+FF00]],
quindi...","Has acumulado [[U+000E]][[U+0000]][[U+0003]][[U+0004]]ÿ[[U+FF00]]23 días [[U+000E]][[U+0000]][[U+0003]][[U+0004]][[U+0000]][[U+FF00]]de
asistencia, y como premio...","You've racked up [[U+000E]][[U+0000]][[U+0003]][[U+0004]]ÿ[[U+FF00]]23[[U+000E]][[U+0000]][[U+0003]][[U+0004]][[U+0000]][[U+FF00]][[U+000E]][[U+0000]][[U+0003]][[U+0004]]ÿ[[U+FF00]] [[U+000E]][[U+0000]][[U+0003]][[U+0004]][[U+0000]][[U+FF00]][[U+000E]][[U+0000]][[U+0003]][[U+0004]]ÿ[[U+FF00]]days[[U+000E]][[U+0000]][[U+0003]][[U+0004]][[U+0000]][[U+FF00]]'
attendance, so...",Déjà [[U+000E]][[U+0000]][[U+0003]][[U+0004]]ÿ[[U+FF00]]23 jours [[U+000E]][[U+0000]][[U+0003]][[U+0004]][[U+0000]][[U+FF00]]de présence!,"Has acumulado [[U+000E]][[U+0000]][[U+0003]][[U+0004]]ÿ[[U+FF00]]23 días [[U+000E]][[U+0000]][[U+0003]][[U+0004]][[U+0000]][[U+FF00]]de
asistencia, y como premio...","Şu ana kadar [[U+000E]][[U+0000]][[U+0003]][[U+0004]]ÿ[[U+FF00]]23[[U+000E]][[U+0000]][[U+0003]][[U+0004]][[U+0000]][[U+FF00]][[U+000E]][[U+0000]][[U+0003]][[U+0004]]ÿ[[U+FF00]] [[U+000E]][[U+0000]][[U+0003]][[U+0004]][[U+0000]][[U+FF00]][[U+000E]][[U+0000]][[U+0003]][[U+0004]]ÿ[[U+FF00]]gün[[U+000E]][[U+0000]][[U+0003]][[U+0004]][[U+0000]][[U+FF00]]
katılımın var, yani..."
Trn_Get_Normal_Mes_23,61,Trn_Get_Normal_Mes_23,"Je traint al [[U+000E]][[U+0000]][[U+0003]][[U+0004]]ÿ[[U+FF00]]24 dagen[[U+000E]][[U+0000]][[U+0003]][[U+0004]][[U+0000]][[U+FF00]], dus...","You've racked up [[U+000E]][[U+0000]][[U+0003]][[U+0004]]ÿ[[U+FF00]]24[[U+000E]][[U+0000]][[U+0003]][[U+0004]][[U+0000]][[U+FF00]][[U+000E]][[U+0000]][[U+0003]][[U+0004]]ÿ[[U+FF00]] [[U+000E]][[U+0000]][[U+0003]][[U+0004]][[U+0000]][[U+FF00]][[U+000E]][[U+0000]][[U+0003]][[U+0004]]ÿ[[U+FF00]]days[[U+000E]][[U+0000]][[U+0003]][[U+0004]][[U+0000]][[U+FF00]]'
attendance, so...",Déjà [[U+000E]][[U+0000]][[U+0003]][[U+0004]]ÿ[[U+FF00]]24 jours [[U+000E]][[U+0000]][[U+0003]][[U+0004]][[U+0000]][[U+FF00]]de présence !,Sie haben [[U+000E]][[U+0000]][[U+0003]][[U+0004]]ÿ[[U+FF00]]24 Tage[[U+000E]][[U+0000]][[U+0003]][[U+0004]][[U+0000]][[U+FF00]] teilgenommen!,"Hai registrato [[U+000E]][[U+0000]][[U+0003]][[U+0004]]ÿ[[U+FF00]]24 presenze[[U+000E]][[U+0000]][[U+0003]][[U+0004]][[U+0000]][[U+FF00]],
quindi...","Has acumulado [[U+000E]][[U+0000]][[U+0003]][[U+0004]]ÿ[[U+FF00]]24 días [[U+000E]][[U+0000]][[U+0003]][[U+0004]][[U+0000]][[U+FF00]]de
asistencia, y como premio...","You've racked up [[U+000E]][[U+0000]][[U+0003]][[U+0004]]ÿ[[U+FF00]]24[[U+000E]][[U+0000]][[U+0003]][[U+0004]][[U+0000]][[U+FF00]][[U+000E]][[U+0000]][[U+0003]][[U+0004]]ÿ[[U+FF00]] [[U+000E]][[U+0000]][[U+0003]][[U+0004]][[U+0000]][[U+FF00]][[U+000E]][[U+0000]][[U+0003]][[U+0004]]ÿ[[U+FF00]]days[[U+000E]][[U+0000]][[U+0003]][[U+0004]][[U+0000]][[U+FF00]]'
attendance, so...",Déjà [[U+000E]][[U+0000]][[U+0003]][[U+0004]]ÿ[[U+FF00]]24 jours [[U+000E]][[U+0000]][[U+0003]][[U+0004]][[U+0000]][[U+FF00]]de présence!,"Has acumulado [[U+000E]][[U+0000]][[U+0003]][[U+0004]]ÿ[[U+FF00]]24 días [[U+000E]][[U+0000]][[U+0003]][[U+0004]][[U+0000]][[U+FF00]]de
asistencia, y como premio...","Şu ana kadar [[U+000E]][[U+0000]][[U+0003]][[U+0004]]ÿ[[U+FF00]]24[[U+000E]][[U+0000]][[U+0003]][[U+0004]][[U+0000]][[U+FF00]][[U+000E]][[U+0000]][[U+0003]][[U+0004]]ÿ[[U+FF00]] [[U+000E]][[U+0000]][[U+0003]][[U+0004]][[U+0000]][[U+FF00]][[U+000E]][[U+0000]][[U+0003]][[U+0004]]ÿ[[U+FF00]]gün[[U+000E]][[U+0000]][[U+0003]][[U+0004]][[U+0000]][[U+FF00]]
katılımın var, yani..."
Trn_Get_Normal_Mes_24,62,Trn_Get_Normal_Mes_24,"Je traint al [[U+000E]][[U+0000]][[U+0003]][[U+0004]]ÿ[[U+FF00]]25 dagen[[U+000E]][[U+0000]][[U+0003]][[U+0004]][[U+0000]][[U+FF00]], dus...","You've racked up [[U+000E]][[U+0000]][[U+0003]][[U+0004]]ÿ[[U+FF00]]25[[U+000E]][[U+0000]][[U+0003]][[U+0004]][[U+0000]][[U+FF00]][[U+000E]][[U+0000]][[U+0003]][[U+0004]]ÿ[[U+FF00]] [[U+000E]][[U+0000]][[U+0003]][[U+0004]][[U+0000]][[U+FF00]][[U+000E]][[U+0000]][[U+0003]][[U+0004]]ÿ[[U+FF00]]days[[U+000E]][[U+0000]][[U+0003]][[U+0004]][[U+0000]][[U+FF00]]'
attendance, so...",Déjà [[U+000E]][[U+0000]][[U+0003]][[U+0004]]ÿ[[U+FF00]]25 jours [[U+000E]][[U+0000]][[U+0003]][[U+0004]][[U+0000]][[U+FF00]]de présence !,Sie haben [[U+000E]][[U+0000]][[U+0003]][[U+0004]]ÿ[[U+FF00]]25 Tage[[U+000E]][[U+0000]][[U+0003]][[U+0004]][[U+0000]][[U+FF00]] teilgenommen!,"Hai registrato [[U+000E]][[U+0000]][[U+0003]][[U+0004]]ÿ[[U+FF00]]25 presenze[[U+000E]][[U+0000]][[U+0003]][[U+0004]][[U+0000]][[U+FF00]],
quindi...","Has acumulado [[U+000E]][[U+0000]][[U+0003]][[U+0004]]ÿ[[U+FF00]]25 días [[U+000E]][[U+0000]][[U+0003]][[U+0004]][[U+0000]][[U+FF00]]de
asistencia, y como premio...","You've racked up [[U+000E]][[U+0000]][[U+0003]][[U+0004]]ÿ[[U+FF00]]25[[U+000E]][[U+0000]][[U+0003]][[U+0004]][[U+0000]][[U+FF00]][[U+000E]][[U+0000]][[U+0003]][[U+0004]]ÿ[[U+FF00]] [[U+000E]][[U+0000]][[U+0003]][[U+0004]][[U+0000]][[U+FF00]][[U+000E]][[U+0000]][[U+0003]][[U+0004]]ÿ[[U+FF00]]days[[U+000E]][[U+0000]][[U+0003]][[U+0004]][[U+0000]][[U+FF00]]'
attendance, so...",Déjà [[U+000E]][[U+0000]][[U+0003]][[U+0004]]ÿ[[U+FF00]]25 jours [[U+000E]][[U+0000]][[U+0003]][[U+0004]][[U+0000]][[U+FF00]]de présence!,"Has acumulado [[U+000E]][[U+0000]][[U+0003]][[U+0004]]ÿ[[U+FF00]]25 días [[U+000E]][[U+0000]][[U+0003]][[U+0004]][[U+0000]][[U+FF00]]de
asistencia, y como premio...","Şu ana kadar [[U+000E]][[U+0000]][[U+0003]][[U+0004]]ÿ[[U+FF00]]25[[U+000E]][[U+0000]][[U+0003]][[U+0004]][[U+0000]][[U+FF00]][[U+000E]][[U+0000]][[U+0003]][[U+0004]]ÿ[[U+FF00]] [[U+000E]][[U+0000]][[U+0003]][[U+0004]][[U+0000]][[U+FF00]][[U+000E]][[U+0000]][[U+0003]][[U+0004]]ÿ[[U+FF00]]gün[[U+000E]][[U+0000]][[U+0003]][[U+0004]][[U+0000]][[U+FF00]]
katılımın var, yani..."
Trn_Get_Normal_Mes_25,63,Trn_Get_Normal_Mes_25,"Je traint al [[U+000E]][[U+0000]][[U+0003]][[U+0004]]ÿ[[U+FF00]]26 dagen[[U+000E]][[U+0000]][[U+0003]][[U+0004]][[U+0000]][[U+FF00]], dus...","You've racked up [[U+000E]][[U+0000]][[U+0003]][[U+0004]]ÿ[[U+FF00]]26[[U+000E]][[U+0000]][[U+0003]][[U+0004]][[U+0000]][[U+FF00]][[U+000E]][[U+0000]][[U+0003]][[U+0004]]ÿ[[U+FF00]] [[U+000E]][[U+0000]][[U+0003]][[U+0004]][[U+0000]][[U+FF00]][[U+000E]][[U+0000]][[U+0003]][[U+0004]]ÿ[[U+FF00]]days[[U+000E]][[U+0000]][[U+0003]][[U+0004]][[U+0000]][[U+FF00]]'
attendance, so...",Déjà [[U+000E]][[U+0000]][[U+0003]][[U+0004]]ÿ[[U+FF00]]26 jours [[U+000E]][[U+0000]][[U+0003]][[U+0004]][[U+0000]][[U+FF00]]de présence !,Sie haben [[U+000E]][[U+0000]][[U+0003]][[U+0004]]ÿ[[U+FF00]]26 Tage[[U+000E]][[U+0000]][[U+0003]][[U+0004]][[U+0000]][[U+FF00]] teilgenommen!,"Hai registrato [[U+000E]][[U+0000]][[U+0003]][[U+0004]]ÿ[[U+FF00]]26 presenze[[U+000E]][[U+0000]][[U+0003]][[U+0004]][[U+0000]][[U+FF00]],
quindi...","Has acumulado [[U+000E]][[U+0000]][[U+0003]][[U+0004]]ÿ[[U+FF00]]26 días [[U+000E]][[U+0000]][[U+0003]][[U+0004]][[U+0000]][[U+FF00]]de
asistencia, y como premio...","You've racked up [[U+000E]][[U+0000]][[U+0003]][[U+0004]]ÿ[[U+FF00]]26[[U+000E]][[U+0000]][[U+0003]][[U+0004]][[U+0000]][[U+FF00]][[U+000E]][[U+0000]][[U+0003]][[U+0004]]ÿ[[U+FF00]] [[U+000E]][[U+0000]][[U+0003]][[U+0004]][[U+0000]][[U+FF00]][[U+000E]][[U+0000]][[U+0003]][[U+0004]]ÿ[[U+FF00]]days[[U+000E]][[U+0000]][[U+0003]][[U+0004]][[U+0000]][[U+FF00]]'
attendance, so...",Déjà [[U+000E]][[U+0000]][[U+0003]][[U+0004]]ÿ[[U+FF00]]26 jours [[U+000E]][[U+0000]][[U+0003]][[U+0004]][[U+0000]][[U+FF00]]de présence!,"Has acumulado [[U+000E]][[U+0000]][[U+0003]][[U+0004]]ÿ[[U+FF00]]26 días [[U+000E]][[U+0000]][[U+0003]][[U+0004]][[U+0000]][[U+FF00]]de
asistencia, y como premio...","Şu ana kadar [[U+000E]][[U+0000]][[U+0003]][[U+0004]]ÿ[[U+FF00]]26[[U+000E]][[U+0000]][[U+0003]][[U+0004]][[U+0000]][[U+FF00]][[U+000E]][[U+0000]][[U+0003]][[U+0004]]ÿ[[U+FF00]] [[U+000E]][[U+0000]][[U+0003]][[U+0004]][[U+0000]][[U+FF00]][[U+000E]][[U+0000]][[U+0003]][[U+0004]]ÿ[[U+FF00]]gün[[U+000E]][[U+0000]][[U+0003]][[U+0004]][[U+0000]][[U+FF00]]
katılımın var, yani..."
Trn_Get_Normal_Mes_26,64,Trn_Get_Normal_Mes_26,"Je traint al [[U+000E]][[U+0000]][[U+0003]][[U+0004]]ÿ[[U+FF00]]27 dagen[[U+000E]][[U+0000]][[U+0003]][[U+0004]][[U+0000]][[U+FF00]], dus...","You've racked up [[U+000E]][[U+0000]][[U+0003]][[U+0004]]ÿ[[U+FF00]]27[[U+000E]][[U+0000]][[U+0003]][[U+0004]][[U+0000]][[U+FF00]][[U+000E]][[U+0000]][[U+0003]][[U+0004]]ÿ[[U+FF00]] [[U+000E]][[U+0000]][[U+0003]][[U+0004]][[U+0000]][[U+FF00]][[U+000E]][[U+0000]][[U+0003]][[U+0004]]ÿ[[U+FF00]]days[[U+000E]][[U+0000]][[U+0003]][[U+0004]][[U+0000]][[U+FF00]]'
attendance, so...",Déjà [[U+000E]][[U+0000]][[U+0003]][[U+0004]]ÿ[[U+FF00]]27 jours [[U+000E]][[U+0000]][[U+0003]][[U+0004]][[U+0000]][[U+FF00]]de présence !,Sie haben [[U+000E]][[U+0000]][[U+0003]][[U+0004]]ÿ[[U+FF00]]27 Tage[[U+000E]][[U+0000]][[U+0003]][[U+0004]][[U+0000]][[U+FF00]] teilgenommen!,"Hai registrato [[U+000E]][[U+0000]][[U+0003]][[U+0004]]ÿ[[U+FF00]]27 presenze[[U+000E]][[U+0000]][[U+0003]][[U+0004]][[U+0000]][[U+FF00]],
quindi...","Has acumulado [[U+000E]][[U+0000]][[U+0003]][[U+0004]]ÿ[[U+FF00]]27 días [[U+000E]][[U+0000]][[U+0003]][[U+0004]][[U+0000]][[U+FF00]]de
asistencia, y como premio...","You've racked up [[U+000E]][[U+0000]][[U+0003]][[U+0004]]ÿ[[U+FF00]]27[[U+000E]][[U+0000]][[U+0003]][[U+0004]][[U+0000]][[U+FF00]][[U+000E]][[U+0000]][[U+0003]][[U+0004]]ÿ[[U+FF00]] [[U+000E]][[U+0000]][[U+0003]][[U+0004]][[U+0000]][[U+FF00]][[U+000E]][[U+0000]][[U+0003]][[U+0004]]ÿ[[U+FF00]]days[[U+000E]][[U+0000]][[U+0003]][[U+0004]][[U+0000]][[U+FF00]]'
attendance, so...",Déjà [[U+000E]][[U+0000]][[U+0003]][[U+0004]]ÿ[[U+FF00]]27 jours [[U+000E]][[U+0000]][[U+0003]][[U+0004]][[U+0000]][[U+FF00]]de présence!,"Has acumulado [[U+000E]][[U+0000]][[U+0003]][[U+0004]]ÿ[[U+FF00]]27 días [[U+000E]][[U+0000]][[U+0003]][[U+0004]][[U+0000]][[U+FF00]]de
asistencia, y como premio...","Şu ana kadar [[U+000E]][[U+0000]][[U+0003]][[U+0004]]ÿ[[U+FF00]]27[[U+000E]][[U+0000]][[U+0003]][[U+0004]][[U+0000]][[U+FF00]][[U+000E]][[U+0000]][[U+0003]][[U+0004]]ÿ[[U+FF00]] [[U+000E]][[U+0000]][[U+0003]][[U+0004]][[U+0000]][[U+FF00]][[U+000E]][[U+0000]][[U+0003]][[U+0004]]ÿ[[U+FF00]]gün[[U+000E]][[U+0000]][[U+0003]][[U+0004]][[U+0000]][[U+FF00]]
katılımın var, yani..."
Trn_Get_Normal_Mes_27,65,Trn_Get_Normal_Mes_27,"Je traint al [[U+000E]][[U+0000]][[U+0003]][[U+0004]]ÿ[[U+FF00]]28 dagen[[U+000E]][[U+0000]][[U+0003]][[U+0004]][[U+0000]][[U+FF00]], dus...","You've racked up [[U+000E]][[U+0000]][[U+0003]][[U+0004]]ÿ[[U+FF00]]28[[U+000E]][[U+0000]][[U+0003]][[U+0004]][[U+0000]][[U+FF00]][[U+000E]][[U+0000]][[U+0003]][[U+0004]]ÿ[[U+FF00]] [[U+000E]][[U+0000]][[U+0003]][[U+0004]][[U+0000]][[U+FF00]][[U+000E]][[U+0000]][[U+0003]][[U+0004]]ÿ[[U+FF00]]days[[U+000E]][[U+0000]][[U+0003]][[U+0004]][[U+0000]][[U+FF00]]'
attendance, so...",Déjà [[U+000E]][[U+0000]][[U+0003]][[U+0004]]ÿ[[U+FF00]]28 jours [[U+000E]][[U+0000]][[U+0003]][[U+0004]][[U+0000]][[U+FF00]]de présence !,Sie haben [[U+000E]][[U+0000]][[U+0003]][[U+0004]]ÿ[[U+FF00]]28 Tage[[U+000E]][[U+0000]][[U+0003]][[U+0004]][[U+0000]][[U+FF00]] teilgenommen!,"Hai registrato [[U+000E]][[U+0000]][[U+0003]][[U+0004]]ÿ[[U+FF00]]28 presenze[[U+000E]][[U+0000]][[U+0003]][[U+0004]][[U+0000]][[U+FF00]],
quindi...","Has acumulado [[U+000E]][[U+0000]][[U+0003]][[U+0004]]ÿ[[U+FF00]]28 días [[U+000E]][[U+0000]][[U+0003]][[U+0004]][[U+0000]][[U+FF00]]de
asistencia, y como premio...","You've racked up [[U+000E]][[U+0000]][[U+0003]][[U+0004]]ÿ[[U+FF00]]28[[U+000E]][[U+0000]][[U+0003]][[U+0004]][[U+0000]][[U+FF00]][[U+000E]][[U+0000]][[U+0003]][[U+0004]]ÿ[[U+FF00]] [[U+000E]][[U+0000]][[U+0003]][[U+0004]][[U+0000]][[U+FF00]][[U+000E]][[U+0000]][[U+0003]][[U+0004]]ÿ[[U+FF00]]days[[U+000E]][[U+0000]][[U+0003]][[U+0004]][[U+0000]][[U+FF00]]'
attendance, so...",Déjà [[U+000E]][[U+0000]][[U+0003]][[U+0004]]ÿ[[U+FF00]]28 jours [[U+000E]][[U+0000]][[U+0003]][[U+0004]][[U+0000]][[U+FF00]]de présence!,"Has acumulado [[U+000E]][[U+0000]][[U+0003]][[U+0004]]ÿ[[U+FF00]]28 días [[U+000E]][[U+0000]][[U+0003]][[U+0004]][[U+0000]][[U+FF00]]de
asistencia, y como premio...","Şu ana kadar [[U+000E]][[U+0000]][[U+0003]][[U+0004]]ÿ[[U+FF00]]28[[U+000E]][[U+0000]][[U+0003]][[U+0004]][[U+0000]][[U+FF00]][[U+000E]][[U+0000]][[U+0003]][[U+0004]]ÿ[[U+FF00]] [[U+000E]][[U+0000]][[U+0003]][[U+0004]][[U+0000]][[U+FF00]][[U+000E]][[U+0000]][[U+0003]][[U+0004]]ÿ[[U+FF00]]gün[[U+000E]][[U+0000]][[U+0003]][[U+0004]][[U+0000]][[U+FF00]]
katılımın var, yani..."
Trn_Get_Normal_Mes_28,66,Trn_Get_Normal_Mes_28,"Je traint al [[U+000E]][[U+0000]][[U+0003]][[U+0004]]ÿ[[U+FF00]]29 dagen[[U+000E]][[U+0000]][[U+0003]][[U+0004]][[U+0000]][[U+FF00]], dus...","You've racked up [[U+000E]][[U+0000]][[U+0003]][[U+0004]]ÿ[[U+FF00]]29[[U+000E]][[U+0000]][[U+0003]][[U+0004]][[U+0000]][[U+FF00]][[U+000E]][[U+0000]][[U+0003]][[U+0004]]ÿ[[U+FF00]] [[U+000E]][[U+0000]][[U+0003]][[U+0004]][[U+0000]][[U+FF00]][[U+000E]][[U+0000]][[U+0003]][[U+0004]]ÿ[[U+FF00]]days[[U+000E]][[U+0000]][[U+0003]][[U+0004]][[U+0000]][[U+FF00]]'
attendance, so...",Déjà [[U+000E]][[U+0000]][[U+0003]][[U+0004]]ÿ[[U+FF00]]29 jours [[U+000E]][[U+0000]][[U+0003]][[U+0004]][[U+0000]][[U+FF00]]de présence !,Sie haben [[U+000E]][[U+0000]][[U+0003]][[U+0004]]ÿ[[U+FF00]]29 Tage[[U+000E]][[U+0000]][[U+0003]][[U+0004]][[U+0000]][[U+FF00]] teilgenommen!,"Hai registrato [[U+000E]][[U+0000]][[U+0003]][[U+0004]]ÿ[[U+FF00]]29 presenze[[U+000E]][[U+0000]][[U+0003]][[U+0004]][[U+0000]][[U+FF00]],
quindi...","Has acumulado [[U+000E]][[U+0000]][[U+0003]][[U+0004]]ÿ[[U+FF00]]29 días [[U+000E]][[U+0000]][[U+0003]][[U+0004]][[U+0000]][[U+FF00]]de
asistencia, y como premio...","You've racked up [[U+000E]][[U+0000]][[U+0003]][[U+0004]]ÿ[[U+FF00]]29[[U+000E]][[U+0000]][[U+0003]][[U+0004]][[U+0000]][[U+FF00]][[U+000E]][[U+0000]][[U+0003]][[U+0004]]ÿ[[U+FF00]] [[U+000E]][[U+0000]][[U+0003]][[U+0004]][[U+0000]][[U+FF00]][[U+000E]][[U+0000]][[U+0003]][[U+0004]]ÿ[[U+FF00]]days[[U+000E]][[U+0000]][[U+0003]][[U+0004]][[U+0000]][[U+FF00]]'
attendance, so...",Déjà [[U+000E]][[U+0000]][[U+0003]][[U+0004]]ÿ[[U+FF00]]29 jours [[U+000E]][[U+0000]][[U+0003]][[U+0004]][[U+0000]][[U+FF00]]de présence!,"Has acumulado [[U+000E]][[U+0000]][[U+0003]][[U+0004]]ÿ[[U+FF00]]29 días [[U+000E]][[U+0000]][[U+0003]][[U+0004]][[U+0000]][[U+FF00]]de
asistencia, y como premio...","Şu ana kadar [[U+000E]][[U+0000]][[U+0003]][[U+0004]]ÿ[[U+FF00]]29[[U+000E]][[U+0000]][[U+0003]][[U+0004]][[U+0000]][[U+FF00]][[U+000E]][[U+0000]][[U+0003]][[U+0004]]ÿ[[U+FF00]] [[U+000E]][[U+0000]][[U+0003]][[U+0004]][[U+0000]][[U+FF00]][[U+000E]][[U+0000]][[U+0003]][[U+0004]]ÿ[[U+FF00]]gün[[U+000E]][[U+0000]][[U+0003]][[U+0004]][[U+0000]][[U+FF00]]
katılımın var, yani..."
Trn_Get_Normal_Mes_29,67,Trn_Get_Normal_Mes_29,"Je traint al [[U+000E]][[U+0000]][[U+0003]][[U+0004]]ÿ[[U+FF00]]30 dagen[[U+000E]][[U+0000]][[U+0003]][[U+0004]][[U+0000]][[U+FF00]], dus...","You've racked up [[U+000E]][[U+0000]][[U+0003]][[U+0004]]ÿ[[U+FF00]]30[[U+000E]][[U+0000]][[U+0003]][[U+0004]][[U+0000]][[U+FF00]][[U+000E]][[U+0000]][[U+0003]][[U+0004]]ÿ[[U+FF00]] [[U+000E]][[U+0000]][[U+0003]][[U+0004]][[U+0000]][[U+FF00]][[U+000E]][[U+0000]][[U+0003]][[U+0004]]ÿ[[U+FF00]]days[[U+000E]][[U+0000]][[U+0003]][[U+0004]][[U+0000]][[U+FF00]]'
attendance, so...",Déjà [[U+000E]][[U+0000]][[U+0003]][[U+0004]]ÿ[[U+FF00]]30 jours [[U+000E]][[U+0000]][[U+0003]][[U+0004]][[U+0000]][[U+FF00]]de présence !,Sie haben [[U+000E]][[U+0000]][[U+0003]][[U+0004]]ÿ[[U+FF00]]30 Tage[[U+000E]][[U+0000]][[U+0003]][[U+0004]][[U+0000]][[U+FF00]] teilgenommen!,"Hai registrato [[U+000E]][[U+0000]][[U+0003]][[U+0004]]ÿ[[U+FF00]]30 presenze[[U+000E]][[U+0000]][[U+0003]][[U+0004]][[U+0000]][[U+FF00]],
quindi...","Has acumulado [[U+000E]][[U+0000]][[U+0003]][[U+0004]]ÿ[[U+FF00]]30 días [[U+000E]][[U+0000]][[U+0003]][[U+0004]][[U+0000]][[U+FF00]]de
asistencia, y como premio...","You've racked up [[U+000E]][[U+0000]][[U+0003]][[U+0004]]ÿ[[U+FF00]]30[[U+000E]][[U+0000]][[U+0003]][[U+0004]][[U+0000]][[U+FF00]][[U+000E]][[U+0000]][[U+0003]][[U+0004]]ÿ[[U+FF00]] [[U+000E]][[U+0000]][[U+0003]][[U+0004]][[U+0000]][[U+FF00]][[U+000E]][[U+0000]][[U+0003]][[U+0004]]ÿ[[U+FF00]]days[[U+000E]][[U+0000]][[U+0003]][[U+0004]][[U+0000]][[U+FF00]]'
attendance, so...",Déjà [[U+000E]][[U+0000]][[U+0003]][[U+0004]]ÿ[[U+FF00]]30 jours [[U+000E]][[U+0000]][[U+0003]][[U+0004]][[U+0000]][[U+FF00]]de présence!,"Has acumulado [[U+000E]][[U+0000]][[U+0003]][[U+0004]]ÿ[[U+FF00]]30 días [[U+000E]][[U+0000]][[U+0003]][[U+0004]][[U+0000]][[U+FF00]]de
asistencia, y como premio...","Şu ana kadar [[U+000E]][[U+0000]][[U+0003]][[U+0004]]ÿ[[U+FF00]]30[[U+000E]][[U+0000]][[U+0003]][[U+0004]][[U+0000]][[U+FF00]][[U+000E]][[U+0000]][[U+0003]][[U+0004]]ÿ[[U+FF00]] [[U+000E]][[U+0000]][[U+0003]][[U+0004]][[U+0000]][[U+FF00]][[U+000E]][[U+0000]][[U+0003]][[U+0004]]ÿ[[U+FF00]]gün[[U+000E]][[U+0000]][[U+0003]][[U+0004]][[U+0000]][[U+FF00]]
katılımın var, yani..."
Trn_Get_Normal_Mes_30,68,Trn_Get_Normal_Mes_30,"Je traint al [[U+000E]][[U+0000]][[U+0003]][[U+0004]]ÿ[[U+FF00]]31 dagen[[U+000E]][[U+0000]][[U+0003]][[U+0004]][[U+0000]][[U+FF00]], dus...","You've racked up [[U+000E]][[U+0000]][[U+0003]][[U+0004]]ÿ[[U+FF00]]31[[U+000E]][[U+0000]][[U+0003]][[U+0004]][[U+0000]][[U+FF00]][[U+000E]][[U+0000]][[U+0003]][[U+0004]]ÿ[[U+FF00]] [[U+000E]][[U+0000]][[U+0003]][[U+0004]][[U+0000]][[U+FF00]][[U+000E]][[U+0000]][[U+0003]][[U+0004]]ÿ[[U+FF00]]days[[U+000E]][[U+0000]][[U+0003]][[U+0004]][[U+0000]][[U+FF00]]'
attendance, so...",Déjà [[U+000E]][[U+0000]][[U+0003]][[U+0004]]ÿ[[U+FF00]]31 jours [[U+000E]][[U+0000]][[U+0003]][[U+0004]][[U+0000]][[U+FF00]]de présence !,Sie haben [[U+000E]][[U+0000]][[U+0003]][[U+0004]]ÿ[[U+FF00]]31 Tage[[U+000E]][[U+0000]][[U+0003]][[U+0004]][[U+0000]][[U+FF00]] teilgenommen!,"Hai registrato [[U+000E]][[U+0000]][[U+0003]][[U+0004]]ÿ[[U+FF00]]31 presenze[[U+000E]][[U+0000]][[U+0003]][[U+0004]][[U+0000]][[U+FF00]],
quindi...","Has acumulado [[U+000E]][[U+0000]][[U+0003]][[U+0004]]ÿ[[U+FF00]]31 días [[U+000E]][[U+0000]][[U+0003]][[U+0004]][[U+0000]][[U+FF00]]de
asistencia, y como premio...","You've racked up [[U+000E]][[U+0000]][[U+0003]][[U+0004]]ÿ[[U+FF00]]31[[U+000E]][[U+0000]][[U+0003]][[U+0004]][[U+0000]][[U+FF00]][[U+000E]][[U+0000]][[U+0003]][[U+0004]]ÿ[[U+FF00]] [[U+000E]][[U+0000]][[U+0003]][[U+0004]][[U+0000]][[U+FF00]][[U+000E]][[U+0000]][[U+0003]][[U+0004]]ÿ[[U+FF00]]days[[U+000E]][[U+0000]][[U+0003]][[U+0004]][[U+0000]][[U+FF00]]'
attendance, so...",Déjà [[U+000E]][[U+0000]][[U+0003]][[U+0004]]ÿ[[U+FF00]]31 jours [[U+000E]][[U+0000]][[U+0003]][[U+0004]][[U+0000]][[U+FF00]]de présence!,"Has acumulado [[U+000E]][[U+0000]][[U+0003]][[U+0004]]ÿ[[U+FF00]]31 días [[U+000E]][[U+0000]][[U+0003]][[U+0004]][[U+0000]][[U+FF00]]de
asistencia, y como premio...","Şu ana kadar [[U+000E]][[U+0000]][[U+0003]][[U+0004]]ÿ[[U+FF00]]31[[U+000E]][[U+0000]][[U+0003]][[U+0004]][[U+0000]][[U+FF00]][[U+000E]][[U+0000]][[U+0003]][[U+0004]]ÿ[[U+FF00]] [[U+000E]][[U+0000]][[U+0003]][[U+0004]][[U+0000]][[U+FF00]][[U+000E]][[U+0000]][[U+0003]][[U+0004]]ÿ[[U+FF00]]gün[[U+000E]][[U+0000]][[U+0003]][[U+0004]][[U+0000]][[U+FF00]]
katılımın var, yani..."
Trn_Get_Normal_Mes_31,69,Trn_Get_Normal_Mes_31,"Je traint al [[U+000E]][[U+0000]][[U+0003]][[U+0004]]ÿ[[U+FF00]]32 dagen[[U+000E]][[U+0000]][[U+0003]][[U+0004]][[U+0000]][[U+FF00]], dus...","You've racked up [[U+000E]][[U+0000]][[U+0003]][[U+0004]]ÿ[[U+FF00]]32[[U+000E]][[U+0000]][[U+0003]][[U+0004]][[U+0000]][[U+FF00]][[U+000E]][[U+0000]][[U+0003]][[U+0004]]ÿ[[U+FF00]] [[U+000E]][[U+0000]][[U+0003]][[U+0004]][[U+0000]][[U+FF00]][[U+000E]][[U+0000]][[U+0003]][[U+0004]]ÿ[[U+FF00]]days[[U+000E]][[U+0000]][[U+0003]][[U+0004]][[U+0000]][[U+FF00]]'
attendance, so...",Déjà [[U+000E]][[U+0000]][[U+0003]][[U+0004]]ÿ[[U+FF00]]32 jours [[U+000E]][[U+0000]][[U+0003]][[U+0004]][[U+0000]][[U+FF00]]de présence !,Sie haben [[U+000E]][[U+0000]][[U+0003]][[U+0004]]ÿ[[U+FF00]]32 Tage[[U+000E]][[U+0000]][[U+0003]][[U+0004]][[U+0000]][[U+FF00]] teilgenommen!,"Hai registrato [[U+000E]][[U+0000]][[U+0003]][[U+0004]]ÿ[[U+FF00]]32 presenze[[U+000E]][[U+0000]][[U+0003]][[U+0004]][[U+0000]][[U+FF00]],
quindi...","Has acumulado [[U+000E]][[U+0000]][[U+0003]][[U+0004]]ÿ[[U+FF00]]32 días [[U+000E]][[U+0000]][[U+0003]][[U+0004]][[U+0000]][[U+FF00]]de
asistencia, y como premio...","You've racked up [[U+000E]][[U+0000]][[U+0003]][[U+0004]]ÿ[[U+FF00]]32[[U+000E]][[U+0000]][[U+0003]][[U+0004]][[U+0000]][[U+FF00]][[U+000E]][[U+0000]][[U+0003]][[U+0004]]ÿ[[U+FF00]] [[U+000E]][[U+0000]][[U+0003]][[U+0004]][[U+0000]][[U+FF00]][[U+000E]][[U+0000]][[U+0003]][[U+0004]]ÿ[[U+FF00]]days[[U+000E]][[U+0000]][[U+0003]][[U+0004]][[U+0000]][[U+FF00]]'
attendance, so...",Déjà [[U+000E]][[U+0000]][[U+0003]][[U+0004]]ÿ[[U+FF00]]32 jours [[U+000E]][[U+0000]][[U+0003]][[U+0004]][[U+0000]][[U+FF00]]de présence!,"Has acumulado [[U+000E]][[U+0000]][[U+0003]][[U+0004]]ÿ[[U+FF00]]32 días [[U+000E]][[U+0000]][[U+0003]][[U+0004]][[U+0000]][[U+FF00]]de
asistencia, y como premio...","Şu ana kadar [[U+000E]][[U+0000]][[U+0003]][[U+0004]]ÿ[[U+FF00]]32[[U+000E]][[U+0000]][[U+0003]][[U+0004]][[U+0000]][[U+FF00]][[U+000E]][[U+0000]][[U+0003]][[U+0004]]ÿ[[U+FF00]] [[U+000E]][[U+0000]][[U+0003]][[U+0004]][[U+0000]][[U+FF00]][[U+000E]][[U+0000]][[U+0003]][[U+0004]]ÿ[[U+FF00]]gün[[U+000E]][[U+0000]][[U+0003]][[U+0004]][[U+0000]][[U+FF00]]
katılımın var, yani..."
Trn_Get_Normal_Mes_32,70,Trn_Get_Normal_Mes_32,"Je traint al [[U+000E]][[U+0000]][[U+0003]][[U+0004]]ÿ[[U+FF00]]33 dagen[[U+000E]][[U+0000]][[U+0003]][[U+0004]][[U+0000]][[U+FF00]], dus...","You've racked up [[U+000E]][[U+0000]][[U+0003]][[U+0004]]ÿ[[U+FF00]]33[[U+000E]][[U+0000]][[U+0003]][[U+0004]][[U+0000]][[U+FF00]][[U+000E]][[U+0000]][[U+0003]][[U+0004]]ÿ[[U+FF00]] [[U+000E]][[U+0000]][[U+0003]][[U+0004]][[U+0000]][[U+FF00]][[U+000E]][[U+0000]][[U+0003]][[U+0004]]ÿ[[U+FF00]]days[[U+000E]][[U+0000]][[U+0003]][[U+0004]][[U+0000]][[U+FF00]]'
attendance, so...",Déjà [[U+000E]][[U+0000]][[U+0003]][[U+0004]]ÿ[[U+FF00]]33 jours [[U+000E]][[U+0000]][[U+0003]][[U+0004]][[U+0000]][[U+FF00]]de présence !,Sie haben [[U+000E]][[U+0000]][[U+0003]][[U+0004]]ÿ[[U+FF00]]33 Tage[[U+000E]][[U+0000]][[U+0003]][[U+0004]][[U+0000]][[U+FF00]] teilgenommen!,"Hai registrato [[U+000E]][[U+0000]][[U+0003]][[U+0004]]ÿ[[U+FF00]]33 presenze[[U+000E]][[U+0000]][[U+0003]][[U+0004]][[U+0000]][[U+FF00]],
quindi...","Has acumulado [[U+000E]][[U+0000]][[U+0003]][[U+0004]]ÿ[[U+FF00]]33 días [[U+000E]][[U+0000]][[U+0003]][[U+0004]][[U+0000]][[U+FF00]]de
asistencia, y como premio...","You've racked up [[U+000E]][[U+0000]][[U+0003]][[U+0004]]ÿ[[U+FF00]]33[[U+000E]][[U+0000]][[U+0003]][[U+0004]][[U+0000]][[U+FF00]][[U+000E]][[U+0000]][[U+0003]][[U+0004]]ÿ[[U+FF00]] [[U+000E]][[U+0000]][[U+0003]][[U+0004]][[U+0000]][[U+FF00]][[U+000E]][[U+0000]][[U+0003]][[U+0004]]ÿ[[U+FF00]]days[[U+000E]][[U+0000]][[U+0003]][[U+0004]][[U+0000]][[U+FF00]]'
attendance, so...",Déjà [[U+000E]][[U+0000]][[U+0003]][[U+0004]]ÿ[[U+FF00]]33 jours [[U+000E]][[U+0000]][[U+0003]][[U+0004]][[U+0000]][[U+FF00]]de présence!,"Has acumulado [[U+000E]][[U+0000]][[U+0003]][[U+0004]]ÿ[[U+FF00]]33 días [[U+000E]][[U+0000]][[U+0003]][[U+0004]][[U+0000]][[U+FF00]]de
asistencia, y como premio...","Şu ana kadar [[U+000E]][[U+0000]][[U+0003]][[U+0004]]ÿ[[U+FF00]]33[[U+000E]][[U+0000]][[U+0003]][[U+0004]][[U+0000]][[U+FF00]][[U+000E]][[U+0000]][[U+0003]][[U+0004]]ÿ[[U+FF00]] [[U+000E]][[U+0000]][[U+0003]][[U+0004]][[U+0000]][[U+FF00]][[U+000E]][[U+0000]][[U+0003]][[U+0004]]ÿ[[U+FF00]]gün[[U+000E]][[U+0000]][[U+0003]][[U+0004]][[U+0000]][[U+FF00]]
katılımın var, yani..."
Trn_Get_Normal_Mes_33,71,Trn_Get_Normal_Mes_33,"Je traint al [[U+000E]][[U+0000]][[U+0003]][[U+0004]]ÿ[[U+FF00]]34 dagen[[U+000E]][[U+0000]][[U+0003]][[U+0004]][[U+0000]][[U+FF00]], dus...","You've racked up [[U+000E]][[U+0000]][[U+0003]][[U+0004]]ÿ[[U+FF00]]34[[U+000E]][[U+0000]][[U+0003]][[U+0004]][[U+0000]][[U+FF00]][[U+000E]][[U+0000]][[U+0003]][[U+0004]]ÿ[[U+FF00]] [[U+000E]][[U+0000]][[U+0003]][[U+0004]][[U+0000]][[U+FF00]][[U+000E]][[U+0000]][[U+0003]][[U+0004]]ÿ[[U+FF00]]days[[U+000E]][[U+0000]][[U+0003]][[U+0004]][[U+0000]][[U+FF00]]'
attendance, so...",Déjà [[U+000E]][[U+0000]][[U+0003]][[U+0004]]ÿ[[U+FF00]]34 jours [[U+000E]][[U+0000]][[U+0003]][[U+0004]][[U+0000]][[U+FF00]]de présence !,Sie haben [[U+000E]][[U+0000]][[U+0003]][[U+0004]]ÿ[[U+FF00]]34 Tage[[U+000E]][[U+0000]][[U+0003]][[U+0004]][[U+0000]][[U+FF00]] teilgenommen!,"Hai registrato [[U+000E]][[U+0000]][[U+0003]][[U+0004]]ÿ[[U+FF00]]34 presenze[[U+000E]][[U+0000]][[U+0003]][[U+0004]][[U+0000]][[U+FF00]],
quindi...","Has acumulado [[U+000E]][[U+0000]][[U+0003]][[U+0004]]ÿ[[U+FF00]]34 días [[U+000E]][[U+0000]][[U+0003]][[U+0004]][[U+0000]][[U+FF00]]de
asistencia, y como premio...","You've racked up [[U+000E]][[U+0000]][[U+0003]][[U+0004]]ÿ[[U+FF00]]34[[U+000E]][[U+0000]][[U+0003]][[U+0004]][[U+0000]][[U+FF00]][[U+000E]][[U+0000]][[U+0003]][[U+0004]]ÿ[[U+FF00]] [[U+000E]][[U+0000]][[U+0003]][[U+0004]][[U+0000]][[U+FF00]][[U+000E]][[U+0000]][[U+0003]][[U+0004]]ÿ[[U+FF00]]days[[U+000E]][[U+0000]][[U+0003]][[U+0004]][[U+0000]][[U+FF00]]'
attendance, so...",Déjà [[U+000E]][[U+0000]][[U+0003]][[U+0004]]ÿ[[U+FF00]]34 jours [[U+000E]][[U+0000]][[U+0003]][[U+0004]][[U+0000]][[U+FF00]]de présence!,"Has acumulado [[U+000E]][[U+0000]][[U+0003]][[U+0004]]ÿ[[U+FF00]]34 días [[U+000E]][[U+0000]][[U+0003]][[U+0004]][[U+0000]][[U+FF00]]de
asistencia, y como premio...","Şu ana kadar [[U+000E]][[U+0000]][[U+0003]][[U+0004]]ÿ[[U+FF00]]34[[U+000E]][[U+0000]][[U+0003]][[U+0004]][[U+0000]][[U+FF00]][[U+000E]][[U+0000]][[U+0003]][[U+0004]]ÿ[[U+FF00]] [[U+000E]][[U+0000]][[U+0003]][[U+0004]][[U+0000]][[U+FF00]][[U+000E]][[U+0000]][[U+0003]][[U+0004]]ÿ[[U+FF00]]gün[[U+000E]][[U+0000]][[U+0003]][[U+0004]][[U+0000]][[U+FF00]]
katılımın var, yani..."
Trn_Get_Normal_Mes_34,72,Trn_Get_Normal_Mes_34,"Je traint al [[U+000E]][[U+0000]][[U+0003]][[U+0004]]ÿ[[U+FF00]]35 dagen[[U+000E]][[U+0000]][[U+0003]][[U+0004]][[U+0000]][[U+FF00]], dus...","You've racked up [[U+000E]][[U+0000]][[U+0003]][[U+0004]]ÿ[[U+FF00]]35[[U+000E]][[U+0000]][[U+0003]][[U+0004]][[U+0000]][[U+FF00]][[U+000E]][[U+0000]][[U+0003]][[U+0004]]ÿ[[U+FF00]] [[U+000E]][[U+0000]][[U+0003]][[U+0004]][[U+0000]][[U+FF00]][[U+000E]][[U+0000]][[U+0003]][[U+0004]]ÿ[[U+FF00]]days[[U+000E]][[U+0000]][[U+0003]][[U+0004]][[U+0000]][[U+FF00]]'
attendance, so...",Déjà [[U+000E]][[U+0000]][[U+0003]][[U+0004]]ÿ[[U+FF00]]35 jours [[U+000E]][[U+0000]][[U+0003]][[U+0004]][[U+0000]][[U+FF00]]de présence !,Sie haben [[U+000E]][[U+0000]][[U+0003]][[U+0004]]ÿ[[U+FF00]]35 Tage[[U+000E]][[U+0000]][[U+0003]][[U+0004]][[U+0000]][[U+FF00]] teilgenommen!,"Hai registrato [[U+000E]][[U+0000]][[U+0003]][[U+0004]]ÿ[[U+FF00]]35 presenze[[U+000E]][[U+0000]][[U+0003]][[U+0004]][[U+0000]][[U+FF00]],
quindi...","Has acumulado [[U+000E]][[U+0000]][[U+0003]][[U+0004]]ÿ[[U+FF00]]35 días [[U+000E]][[U+0000]][[U+0003]][[U+0004]][[U+0000]][[U+FF00]]de
asistencia, y como premio...","You've racked up [[U+000E]][[U+0000]][[U+0003]][[U+0004]]ÿ[[U+FF00]]35[[U+000E]][[U+0000]][[U+0003]][[U+0004]][[U+0000]][[U+FF00]][[U+000E]][[U+0000]][[U+0003]][[U+0004]]ÿ[[U+FF00]] [[U+000E]][[U+0000]][[U+0003]][[U+0004]][[U+0000]][[U+FF00]][[U+000E]][[U+0000]][[U+0003]][[U+0004]]ÿ[[U+FF00]]days[[U+000E]][[U+0000]][[U+0003]][[U+0004]][[U+0000]][[U+FF00]]'
attendance, so...",Déjà [[U+000E]][[U+0000]][[U+0003]][[U+0004]]ÿ[[U+FF00]]35 jours [[U+000E]][[U+0000]][[U+0003]][[U+0004]][[U+0000]][[U+FF00]]de présence!,"Has acumulado [[U+000E]][[U+0000]][[U+0003]][[U+0004]]ÿ[[U+FF00]]35 días [[U+000E]][[U+0000]][[U+0003]][[U+0004]][[U+0000]][[U+FF00]]de
asistencia, y como premio...","Şu ana kadar [[U+000E]][[U+0000]][[U+0003]][[U+0004]]ÿ[[U+FF00]]35[[U+000E]][[U+0000]][[U+0003]][[U+0004]][[U+0000]][[U+FF00]][[U+000E]][[U+0000]][[U+0003]][[U+0004]]ÿ[[U+FF00]] [[U+000E]][[U+0000]][[U+0003]][[U+0004]][[U+0000]][[U+FF00]][[U+000E]][[U+0000]][[U+0003]][[U+0004]]ÿ[[U+FF00]]gün[[U+000E]][[U+0000]][[U+0003]][[U+0004]][[U+0000]][[U+FF00]]
katılımın var, yani..."
Trn_Get_Normal_Mes_35,73,Trn_Get_Normal_Mes_35,"Je traint al [[U+000E]][[U+0000]][[U+0003]][[U+0004]]ÿ[[U+FF00]]36 dagen[[U+000E]][[U+0000]][[U+0003]][[U+0004]][[U+0000]][[U+FF00]], dus...","You've racked up [[U+000E]][[U+0000]][[U+0003]][[U+0004]]ÿ[[U+FF00]]36[[U+000E]][[U+0000]][[U+0003]][[U+0004]][[U+0000]][[U+FF00]][[U+000E]][[U+0000]][[U+0003]][[U+0004]]ÿ[[U+FF00]] [[U+000E]][[U+0000]][[U+0003]][[U+0004]][[U+0000]][[U+FF00]][[U+000E]][[U+0000]][[U+0003]][[U+0004]]ÿ[[U+FF00]]days[[U+000E]][[U+0000]][[U+0003]][[U+0004]][[U+0000]][[U+FF00]]'
attendance, so...",Déjà [[U+000E]][[U+0000]][[U+0003]][[U+0004]]ÿ[[U+FF00]]36 jours [[U+000E]][[U+0000]][[U+0003]][[U+0004]][[U+0000]][[U+FF00]]de présence !,Sie haben [[U+000E]][[U+0000]][[U+0003]][[U+0004]]ÿ[[U+FF00]]36 Tage[[U+000E]][[U+0000]][[U+0003]][[U+0004]][[U+0000]][[U+FF00]] teilgenommen!,"Hai registrato [[U+000E]][[U+0000]][[U+0003]][[U+0004]]ÿ[[U+FF00]]36 presenze[[U+000E]][[U+0000]][[U+0003]][[U+0004]][[U+0000]][[U+FF00]],
quindi...","Has acumulado[[U+000E]][[U+0000]][[U+0003]][[U+0004]]ÿ[[U+FF00]] 36 días [[U+000E]][[U+0000]][[U+0003]][[U+0004]][[U+0000]][[U+FF00]]de
asistencia, y como premio...","You've racked up [[U+000E]][[U+0000]][[U+0003]][[U+0004]]ÿ[[U+FF00]]36[[U+000E]][[U+0000]][[U+0003]][[U+0004]][[U+0000]][[U+FF00]][[U+000E]][[U+0000]][[U+0003]][[U+0004]]ÿ[[U+FF00]] [[U+000E]][[U+0000]][[U+0003]][[U+0004]][[U+0000]][[U+FF00]][[U+000E]][[U+0000]][[U+0003]][[U+0004]]ÿ[[U+FF00]]days[[U+000E]][[U+0000]][[U+0003]][[U+0004]][[U+0000]][[U+FF00]]'
attendance, so...",Déjà [[U+000E]][[U+0000]][[U+0003]][[U+0004]]ÿ[[U+FF00]]36 jours [[U+000E]][[U+0000]][[U+0003]][[U+0004]][[U+0000]][[U+FF00]]de présence!,"Has acumulado[[U+000E]][[U+0000]][[U+0003]][[U+0004]]ÿ[[U+FF00]] 36 días [[U+000E]][[U+0000]][[U+0003]][[U+0004]][[U+0000]][[U+FF00]]de
asistencia, y como premio...","Şu ana kadar [[U+000E]][[U+0000]][[U+0003]][[U+0004]]ÿ[[U+FF00]]36[[U+000E]][[U+0000]][[U+0003]][[U+0004]][[U+0000]][[U+FF00]][[U+000E]][[U+0000]][[U+0003]][[U+0004]]ÿ[[U+FF00]] [[U+000E]][[U+0000]][[U+0003]][[U+0004]][[U+0000]][[U+FF00]][[U+000E]][[U+0000]][[U+0003]][[U+0004]]ÿ[[U+FF00]]gün[[U+000E]][[U+0000]][[U+0003]][[U+0004]][[U+0000]][[U+FF00]]
katılımın var, yani..."
Trn_Get_Normal_Mes_36,74,Trn_Get_Normal_Mes_36,"Je traint al [[U+000E]][[U+0000]][[U+0003]][[U+0004]]ÿ[[U+FF00]]37 dagen[[U+000E]][[U+0000]][[U+0003]][[U+0004]][[U+0000]][[U+FF00]], dus...","You've racked up [[U+000E]][[U+0000]][[U+0003]][[U+0004]]ÿ[[U+FF00]]37[[U+000E]][[U+0000]][[U+0003]][[U+0004]][[U+0000]][[U+FF00]][[U+000E]][[U+0000]][[U+0003]][[U+0004]]ÿ[[U+FF00]] [[U+000E]][[U+0000]][[U+0003]][[U+0004]][[U+0000]][[U+FF00]][[U+000E]][[U+0000]][[U+0003]][[U+0004]]ÿ[[U+FF00]]days[[U+000E]][[U+0000]][[U+0003]][[U+0004]][[U+0000]][[U+FF00]]'
attendance, so...",Déjà [[U+000E]][[U+0000]][[U+0003]][[U+0004]]ÿ[[U+FF00]]37 jours [[U+000E]][[U+0000]][[U+0003]][[U+0004]][[U+0000]][[U+FF00]]de présence !,Sie haben [[U+000E]][[U+0000]][[U+0003]][[U+0004]]ÿ[[U+FF00]]37 Tage[[U+000E]][[U+0000]][[U+0003]][[U+0004]][[U+0000]][[U+FF00]] teilgenommen!,"Hai registrato [[U+000E]][[U+0000]][[U+0003]][[U+0004]]ÿ[[U+FF00]]37 presenze[[U+000E]][[U+0000]][[U+0003]][[U+0004]][[U+0000]][[U+FF00]],
quindi...","Has acumulado [[U+000E]][[U+0000]][[U+0003]][[U+0004]]ÿ[[U+FF00]]37 días [[U+000E]][[U+0000]][[U+0003]][[U+0004]][[U+0000]][[U+FF00]]de
asistencia, y como premio...","You've racked up [[U+000E]][[U+0000]][[U+0003]][[U+0004]]ÿ[[U+FF00]]37[[U+000E]][[U+0000]][[U+0003]][[U+0004]][[U+0000]][[U+FF00]][[U+000E]][[U+0000]][[U+0003]][[U+0004]]ÿ[[U+FF00]] [[U+000E]][[U+0000]][[U+0003]][[U+0004]][[U+0000]][[U+FF00]][[U+000E]][[U+0000]][[U+0003]][[U+0004]]ÿ[[U+FF00]]days[[U+000E]][[U+0000]][[U+0003]][[U+0004]][[U+0000]][[U+FF00]]'
attendance, so...",Déjà [[U+000E]][[U+0000]][[U+0003]][[U+0004]]ÿ[[U+FF00]]37 jours [[U+000E]][[U+0000]][[U+0003]][[U+0004]][[U+0000]][[U+FF00]]de présence!,"Has acumulado [[U+000E]][[U+0000]][[U+0003]][[U+0004]]ÿ[[U+FF00]]37 días [[U+000E]][[U+0000]][[U+0003]][[U+0004]][[U+0000]][[U+FF00]]de
asistencia, y como premio...","Şu ana kadar [[U+000E]][[U+0000]][[U+0003]][[U+0004]]ÿ[[U+FF00]]37[[U+000E]][[U+0000]][[U+0003]][[U+0004]][[U+0000]][[U+FF00]][[U+000E]][[U+0000]][[U+0003]][[U+0004]]ÿ[[U+FF00]] [[U+000E]][[U+0000]][[U+0003]][[U+0004]][[U+0000]][[U+FF00]][[U+000E]][[U+0000]][[U+0003]][[U+0004]]ÿ[[U+FF00]]gün[[U+000E]][[U+0000]][[U+0003]][[U+0004]][[U+0000]][[U+FF00]]
katılımın var, yani..."
Trn_Get_Normal_Mes_37,75,Trn_Get_Normal_Mes_37,"Je traint al [[U+000E]][[U+0000]][[U+0003]][[U+0004]]ÿ[[U+FF00]]38 dagen[[U+000E]][[U+0000]][[U+0003]][[U+0004]][[U+0000]][[U+FF00]], dus...","You've racked up [[U+000E]][[U+0000]][[U+0003]][[U+0004]]ÿ[[U+FF00]]38[[U+000E]][[U+0000]][[U+0003]][[U+0004]][[U+0000]][[U+FF00]][[U+000E]][[U+0000]][[U+0003]][[U+0004]]ÿ[[U+FF00]] [[U+000E]][[U+0000]][[U+0003]][[U+0004]][[U+0000]][[U+FF00]][[U+000E]][[U+0000]][[U+0003]][[U+0004]]ÿ[[U+FF00]]days[[U+000E]][[U+0000]][[U+0003]][[U+0004]][[U+0000]][[U+FF00]]'
attendance, so...",Déjà [[U+000E]][[U+0000]][[U+0003]][[U+0004]]ÿ[[U+FF00]]38 jours [[U+000E]][[U+0000]][[U+0003]][[U+0004]][[U+0000]][[U+FF00]]de présence !,Sie haben [[U+000E]][[U+0000]][[U+0003]][[U+0004]]ÿ[[U+FF00]]38 Tage[[U+000E]][[U+0000]][[U+0003]][[U+0004]][[U+0000]][[U+FF00]] teilgenommen!,"Hai registrato [[U+000E]][[U+0000]][[U+0003]][[U+0004]]ÿ[[U+FF00]]38 presenze[[U+000E]][[U+0000]][[U+0003]][[U+0004]][[U+0000]][[U+FF00]],
quindi...","Has acumulado [[U+000E]][[U+0000]][[U+0003]][[U+0004]]ÿ[[U+FF00]]38 días [[U+000E]][[U+0000]][[U+0003]][[U+0004]][[U+0000]][[U+FF00]]de
asistencia, y como premio...","You've racked up [[U+000E]][[U+0000]][[U+0003]][[U+0004]]ÿ[[U+FF00]]38[[U+000E]][[U+0000]][[U+0003]][[U+0004]][[U+0000]][[U+FF00]][[U+000E]][[U+0000]][[U+0003]][[U+0004]]ÿ[[U+FF00]] [[U+000E]][[U+0000]][[U+0003]][[U+0004]][[U+0000]][[U+FF00]][[U+000E]][[U+0000]][[U+0003]][[U+0004]]ÿ[[U+FF00]]days[[U+000E]][[U+0000]][[U+0003]][[U+0004]][[U+0000]][[U+FF00]]'
attendance, so...",Déjà [[U+000E]][[U+0000]][[U+0003]][[U+0004]]ÿ[[U+FF00]]38 jours [[U+000E]][[U+0000]][[U+0003]][[U+0004]][[U+0000]][[U+FF00]]de présence!,"Has acumulado [[U+000E]][[U+0000]][[U+0003]][[U+0004]]ÿ[[U+FF00]]38 días [[U+000E]][[U+0000]][[U+0003]][[U+0004]][[U+0000]][[U+FF00]]de
asistencia, y como premio...","Şu ana kadar [[U+000E]][[U+0000]][[U+0003]][[U+0004]]ÿ[[U+FF00]]38[[U+000E]][[U+0000]][[U+0003]][[U+0004]][[U+0000]][[U+FF00]][[U+000E]][[U+0000]][[U+0003]][[U+0004]]ÿ[[U+FF00]] [[U+000E]][[U+0000]][[U+0003]][[U+0004]][[U+0000]][[U+FF00]][[U+000E]][[U+0000]][[U+0003]][[U+0004]]ÿ[[U+FF00]]gün[[U+000E]][[U+0000]][[U+0003]][[U+0004]][[U+0000]][[U+FF00]]
katılımın var, yani..."
Trn_Get_Normal_Mes_38,76,Trn_Get_Normal_Mes_38,"Je traint al [[U+000E]][[U+0000]][[U+0003]][[U+0004]]ÿ[[U+FF00]]39 dagen[[U+000E]][[U+0000]][[U+0003]][[U+0004]][[U+0000]][[U+FF00]], dus...","You've racked up [[U+000E]][[U+0000]][[U+0003]][[U+0004]]ÿ[[U+FF00]]39[[U+000E]][[U+0000]][[U+0003]][[U+0004]][[U+0000]][[U+FF00]][[U+000E]][[U+0000]][[U+0003]][[U+0004]]ÿ[[U+FF00]] [[U+000E]][[U+0000]][[U+0003]][[U+0004]][[U+0000]][[U+FF00]][[U+000E]][[U+0000]][[U+0003]][[U+0004]]ÿ[[U+FF00]]days[[U+000E]][[U+0000]][[U+0003]][[U+0004]][[U+0000]][[U+FF00]]'
attendance, so...",Déjà [[U+000E]][[U+0000]][[U+0003]][[U+0004]]ÿ[[U+FF00]]39 jours [[U+000E]][[U+0000]][[U+0003]][[U+0004]][[U+0000]][[U+FF00]]de présence !,Sie haben [[U+000E]][[U+0000]][[U+0003]][[U+0004]]ÿ[[U+FF00]]39 Tage[[U+000E]][[U+0000]][[U+0003]][[U+0004]][[U+0000]][[U+FF00]] teilgenommen!,"Hai registrato [[U+000E]][[U+0000]][[U+0003]][[U+0004]]ÿ[[U+FF00]]39 presenze[[U+000E]][[U+0000]][[U+0003]][[U+0004]][[U+0000]][[U+FF00]],
quindi...","Has acumulado [[U+000E]][[U+0000]][[U+0003]][[U+0004]]ÿ[[U+FF00]]39 días [[U+000E]][[U+0000]][[U+0003]][[U+0004]][[U+0000]][[U+FF00]]de
asistencia, y como premio...","You've racked up [[U+000E]][[U+0000]][[U+0003]][[U+0004]]ÿ[[U+FF00]]39[[U+000E]][[U+0000]][[U+0003]][[U+0004]][[U+0000]][[U+FF00]][[U+000E]][[U+0000]][[U+0003]][[U+0004]]ÿ[[U+FF00]] [[U+000E]][[U+0000]][[U+0003]][[U+0004]][[U+0000]][[U+FF00]][[U+000E]][[U+0000]][[U+0003]][[U+0004]]ÿ[[U+FF00]]days[[U+000E]][[U+0000]][[U+0003]][[U+0004]][[U+0000]][[U+FF00]]'
attendance, so...",Déjà [[U+000E]][[U+0000]][[U+0003]][[U+0004]]ÿ[[U+FF00]]39 jours [[U+000E]][[U+0000]][[U+0003]][[U+0004]][[U+0000]][[U+FF00]]de présence!,"Has acumulado [[U+000E]][[U+0000]][[U+0003]][[U+0004]]ÿ[[U+FF00]]39 días [[U+000E]][[U+0000]][[U+0003]][[U+0004]][[U+0000]][[U+FF00]]de
asistencia, y como premio...","Şu ana kadar [[U+000E]][[U+0000]][[U+0003]][[U+0004]]ÿ[[U+FF00]]39[[U+000E]][[U+0000]][[U+0003]][[U+0004]][[U+0000]][[U+FF00]][[U+000E]][[U+0000]][[U+0003]][[U+0004]]ÿ[[U+FF00]] [[U+000E]][[U+0000]][[U+0003]][[U+0004]][[U+0000]][[U+FF00]][[U+000E]][[U+0000]][[U+0003]][[U+0004]]ÿ[[U+FF00]]gün[[U+000E]][[U+0000]][[U+0003]][[U+0004]][[U+0000]][[U+FF00]]
katılımın var, yani..."
Trn_Get_Normal_Mes_39,77,Trn_Get_Normal_Mes_39,"Je traint al [[U+000E]][[U+0000]][[U+0003]][[U+0004]]ÿ[[U+FF00]]40 dagen[[U+000E]][[U+0000]][[U+0003]][[U+0004]][[U+0000]][[U+FF00]], dus...","You've racked up [[U+000E]][[U+0000]][[U+0003]][[U+0004]]ÿ[[U+FF00]]40[[U+000E]][[U+0000]][[U+0003]][[U+0004]][[U+0000]][[U+FF00]][[U+000E]][[U+0000]][[U+0003]][[U+0004]]ÿ[[U+FF00]] [[U+000E]][[U+0000]][[U+0003]][[U+0004]][[U+0000]][[U+FF00]][[U+000E]][[U+0000]][[U+0003]][[U+0004]]ÿ[[U+FF00]]days[[U+000E]][[U+0000]][[U+0003]][[U+0004]][[U+0000]][[U+FF00]]'
attendance, so...",Déjà [[U+000E]][[U+0000]][[U+0003]][[U+0004]]ÿ[[U+FF00]]40 jours [[U+000E]][[U+0000]][[U+0003]][[U+0004]][[U+0000]][[U+FF00]]de présence !,Sie haben [[U+000E]][[U+0000]][[U+0003]][[U+0004]]ÿ[[U+FF00]]40 Tage[[U+000E]][[U+0000]][[U+0003]][[U+0004]][[U+0000]][[U+FF00]] teilgenommen!,"Hai registrato [[U+000E]][[U+0000]][[U+0003]][[U+0004]]ÿ[[U+FF00]]40 presenze[[U+000E]][[U+0000]][[U+0003]][[U+0004]][[U+0000]][[U+FF00]],
quindi...","Has acumulado[[U+000E]][[U+0000]][[U+0003]][[U+0004]]ÿ[[U+FF00]] 40 días [[U+000E]][[U+0000]][[U+0003]][[U+0004]][[U+0000]][[U+FF00]]de
asistencia, y como premio...","You've racked up [[U+000E]][[U+0000]][[U+0003]][[U+0004]]ÿ[[U+FF00]]40[[U+000E]][[U+0000]][[U+0003]][[U+0004]][[U+0000]][[U+FF00]][[U+000E]][[U+0000]][[U+0003]][[U+0004]]ÿ[[U+FF00]] [[U+000E]][[U+0000]][[U+0003]][[U+0004]][[U+0000]][[U+FF00]][[U+000E]][[U+0000]][[U+0003]][[U+0004]]ÿ[[U+FF00]]days[[U+000E]][[U+0000]][[U+0003]][[U+0004]][[U+0000]][[U+FF00]]'
attendance, so...",Déjà [[U+000E]][[U+0000]][[U+0003]][[U+0004]]ÿ[[U+FF00]]40 jours [[U+000E]][[U+0000]][[U+0003]][[U+0004]][[U+0000]][[U+FF00]]de présence!,"Has acumulado[[U+000E]][[U+0000]][[U+0003]][[U+0004]]ÿ[[U+FF00]] 40 días [[U+000E]][[U+0000]][[U+0003]][[U+0004]][[U+0000]][[U+FF00]]de
asistencia, y como premio...","Şu ana kadar [[U+000E]][[U+0000]][[U+0003]][[U+0004]]ÿ[[U+FF00]]40[[U+000E]][[U+0000]][[U+0003]][[U+0004]][[U+0000]][[U+FF00]][[U+000E]][[U+0000]][[U+0003]][[U+0004]]ÿ[[U+FF00]] [[U+000E]][[U+0000]][[U+0003]][[U+0004]][[U+0000]][[U+FF00]][[U+000E]][[U+0000]][[U+0003]][[U+0004]]ÿ[[U+FF00]]gün[[U+000E]][[U+0000]][[U+0003]][[U+0004]][[U+0000]][[U+FF00]]
katılımın var, yani..."
Trn_Get_Comp_Mes_0,78,Trn_Get_Comp_Mes_0,"Je traint al [[U+000E]][[U+0000]][[U+0003]][[U+0004]]ÿ[[U+FF00]]40 dagen[[U+000E]][[U+0000]][[U+0003]][[U+0004]][[U+0000]][[U+FF00]], dus...","You've racked up [[U+000E]][[U+0000]][[U+0003]][[U+0004]]ÿ[[U+FF00]]40[[U+000E]][[U+0000]][[U+0003]][[U+0004]][[U+0000]][[U+FF00]][[U+000E]][[U+0000]][[U+0003]][[U+0004]]ÿ[[U+FF00]] [[U+000E]][[U+0000]][[U+0003]][[U+0004]][[U+0000]][[U+FF00]][[U+000E]][[U+0000]][[U+0003]][[U+0004]]ÿ[[U+FF00]]days[[U+000E]][[U+0000]][[U+0003]][[U+0004]][[U+0000]][[U+FF00]]'
attendance, so...",Déjà [[U+000E]][[U+0000]][[U+0003]][[U+0004]]ÿ[[U+FF00]]40 jours [[U+000E]][[U+0000]][[U+0003]][[U+0004]][[U+0000]][[U+FF00]]de présence !,Sie haben [[U+000E]][[U+0000]][[U+0003]][[U+0004]]ÿ[[U+FF00]]40 Tage[[U+000E]][[U+0000]][[U+0003]][[U+0004]][[U+0000]][[U+FF00]] teilgenommen!,"Hai registrato [[U+000E]][[U+0000]][[U+0003]][[U+0004]]ÿ[[U+FF00]]40 presenze[[U+000E]][[U+0000]][[U+0003]][[U+0004]][[U+0000]][[U+FF00]],
quindi...","Has acumulado[[U+000E]][[U+0000]][[U+0003]][[U+0004]]ÿ[[U+FF00]] 40 días [[U+000E]][[U+0000]][[U+0003]][[U+0004]][[U+0000]][[U+FF00]]de
asistencia, y como premio...","You've racked up [[U+000E]][[U+0000]][[U+0003]][[U+0004]]ÿ[[U+FF00]]40[[U+000E]][[U+0000]][[U+0003]][[U+0004]][[U+0000]][[U+FF00]][[U+000E]][[U+0000]][[U+0003]][[U+0004]]ÿ[[U+FF00]] [[U+000E]][[U+0000]][[U+0003]][[U+0004]][[U+0000]][[U+FF00]][[U+000E]][[U+0000]][[U+0003]][[U+0004]]ÿ[[U+FF00]]days[[U+000E]][[U+0000]][[U+0003]][[U+0004]][[U+0000]][[U+FF00]]'
attendance, so...",Déjà [[U+000E]][[U+0000]][[U+0003]][[U+0004]]ÿ[[U+FF00]]40 jours [[U+000E]][[U+0000]][[U+0003]][[U+0004]][[U+0000]][[U+FF00]]de présence!,"Has acumulado[[U+000E]][[U+0000]][[U+0003]][[U+0004]]ÿ[[U+FF00]] 40 días [[U+000E]][[U+0000]][[U+0003]][[U+0004]][[U+0000]][[U+FF00]]de
asistencia, y como premio...","Şu ana kadar [[U+000E]][[U+0000]][[U+0003]][[U+0004]]ÿ[[U+FF00]]40[[U+000E]][[U+0000]][[U+0003]][[U+0004]][[U+0000]][[U+FF00]][[U+000E]][[U+0000]][[U+0003]][[U+0004]]ÿ[[U+FF00]] [[U+000E]][[U+0000]][[U+0003]][[U+0004]][[U+0000]][[U+FF00]][[U+000E]][[U+0000]][[U+0003]][[U+0004]]ÿ[[U+FF00]]gün[[U+000E]][[U+0000]][[U+0003]][[U+0004]][[U+0000]][[U+FF00]]
katılımın var, yani..."
Trn_Get_3Days_Mes_0,79,Trn_Get_3Days_Mes_0,Goed...,Now then...,Bien !,Nun...,Bene...,Así que...,Now then...,Bien!,Así que...,Şimdi...
Trn_Get_3Days_Mes_1,80,Trn_Get_3Days_Mes_1,"Vanaf vandaag kun je in
Duivelse Training uit vier
oefeningen kiezen.","From today, you can
select from 4 Devilish
Training exercises.","Vous pouvez désormais choisir
parmi 4 exercices infernaux.","Heute stehen Ihnen bereits
4 Diabolische Übungen zur
Verfügung.","Da oggi puoi accedere
a 4 allenamenti infernali.","Desde este momento puedes
elegir entre cuatro ejercicios
del bloque Práctica infernal.","From today, you can
select from 4 Devilish
Training exercises.","Vous pouvez désormais
choisir parmi 4 exercices
de l'entraînement infernal.","Desde este momento puedes
elegir entre cuatro ejercicios
del bloque Práctica infernal.","Bugünden itibaren 4 Şeytani
Antrenman egzersizinden birini
seçebilirsin."
Trn_Get_3Days_Mes_2,81,Trn_Get_3Days_Mes_2,"Je kunt dus uit veel oefeningen
kiezen, maar...","Even though you've got
lots to choose from","Bien sûr, ce n'est pas parce
que vous avez le choix entre
beaucoup d'exercices...","Da es jetzt bereits so viele sind,
sollten Sie wissen,","Cominciano a essere molti,
ma non preoccuparti!","Pero recuerda que, aunque
dispongas de una gran
variedad de ejercicios,","Even though you've got
lots to choose from,","Bien sûr, ce n'est pas parce
que vous avez le choix entre
beaucoup d'exercices...","Pero recuerda que, aunque
dispongas de una gran
variedad de ejercicios,","Seçeneğin çok
olmasına rağmen"
Trn_Get_3Days_Mes_3,82,Trn_Get_3Days_Mes_3,"dat betekent niet dat je elke dag
van alle oefeningen gebruik hoeft
te maken.","that's not to say you need
to play all of the Devilish Training
exercises every day.","que vous devez tous les pratiquer
tous les jours.","dass es nicht nötig ist, jeden Tag
alle Übungen zu machen.","Questo non vuol dire che
devi per forza farli tutti
ogni giorno!","no significa que tengas
que repasar la sección al
completo todos los días.","that's not to say you need
to do all of the Devilish Training
exercises every day.","que vous devez tous les pratiquer
tous les jours.","eso no significa que tengas
que repasar la sección al
completo todos los días.","bu, her gün tüm Şeytani Antrenman
egzersizlerini oynaman gerektiği
anlamına gelmez."
Trn_Get_3Days_Mes_4,83,Trn_Get_3Days_Mes_4,"Het is prima om het bij één
oefening per dag te laten.","It's OK to do as little as
one exercise per day.",Un exercice par jour suffit !,"Selbst 1 Übung pro Tag reicht
schon aus.","Anche soltanto 1
allenamento al giorno
è sufficiente.","Un ejercicio al día es suficiente
para mantenerte en forma.","It's OK to do as little as
one exercise per day.",Un exercice par jour suffit!,"Un ejercicio al día es suficiente
para mantenerte en forma.","Günde bir egzersiz bile
yapsan yeter."
Trn_Get_3Days_Mes_5,84,Trn_Get_3Days_Mes_5,"Het is belangrijk om dagelijks
te trainen.","Feel free to train a little
bit at a time.",Plus que la durée d'entraînement...,"Beim Diabolischen Training
geht es darum,","La cosa importante
è fare un po' di
allenamento...","¡Diviértete entrenando
un poco cada vez!","Feel free to train a little
bit at a time.",Plus que la durée d'entraînement...,"¡Diviértete entrenando
un poco cada vez!","İstersen az az
antrenman yapabilirsin."
Trn_Get_3Days_Mes_6,85,Trn_Get_3Days_Mes_6,"Zolang je dat doet, hoeft de
training niet lang te zijn.","The key point is that you
keep training every day.",c'est la régularité qui paie.,"möglichst regelmäßig 
zu trainieren und nicht,
möglichst viel zu trainieren.",tutti i giorni con costanza.,"Lo más importante es que
todos los días le dediques
por lo menos unos minutos.","The key point is that you
keep training every day.",c'est la régularité qui paie.,"Lo más importante es que
todos los días le dediques
por lo menos unos minutos.","Önemli olan,
her gün antrenman yapman."
Trn_Get_Comp_Mes_1,86,Trn_Get_Comp_Mes_1,"er is een nieuwe oefening
beschikbaar in [[U+000E]][[U+0000]][[U+0003]][[U+0004]]ÿ[[U+FF00]]Brain Training[[U+000E]][[U+0000]][[U+0003]][[U+0004]][[U+0000]][[U+FF00]]!","A new [[U+000E]][[U+0000]][[U+0003]][[U+0004]]ÿ[[U+FF00]]Brain Training[[U+000E]][[U+0000]][[U+0003]][[U+0004]][[U+0000]][[U+FF00]]
exercise is available.","Un nouvel exercice est disponible
pour l'[[U+000E]][[U+0000]][[U+0003]][[U+0004]]ÿ[[U+FF00]]entraînement cérébral[[U+000E]][[U+0000]][[U+0003]][[U+0004]][[U+0000]][[U+FF00]] !","Eine neue [[U+000E]][[U+0000]][[U+0003]][[U+0004]]ÿ[[U+FF00]]Gehirn-Jogging[[U+000E]][[U+0000]][[U+0003]][[U+0004]][[U+0000]][[U+FF00]]-
Übung ist jetzt verfügbar!","Hai accesso a un nuovo
[[U+000E]][[U+0000]][[U+0003]][[U+0004]]ÿ[[U+FF00]]Allenamento cerebrale[[U+000E]][[U+0000]][[U+0003]][[U+0004]][[U+0000]][[U+FF00]]!","¡Nuevo ejercicio de
[[U+000E]][[U+0000]][[U+0003]][[U+0004]]ÿ[[U+FF00]]Práctica cerebral[[U+000E]][[U+0000]][[U+0003]][[U+0004]][[U+0000]][[U+FF00]] disponible!","A new [[U+000E]][[U+0000]][[U+0003]][[U+0004]]ÿ[[U+FF00]]Brain Training[[U+000E]][[U+0000]][[U+0003]][[U+0004]][[U+0000]][[U+FF00]]
exercise is available!","Un nouvel exercice est disponible
pour l'[[U+000E]][[U+0000]][[U+0003]][[U+0004]]ÿ[[U+FF00]]entraînement cérébral[[U+000E]][[U+0000]][[U+0003]][[U+0004]][[U+0000]][[U+FF00]]!","¡Nuevo ejercicio de
[[U+000E]][[U+0000]][[U+0003]][[U+0004]]ÿ[[U+FF00]]Práctica cerebral[[U+000E]][[U+0000]][[U+0003]][[U+0004]][[U+0000]][[U+FF00]] disponible!","Yeni bir [[U+000E]][[U+0000]][[U+0003]][[U+0004]]ÿ[[U+FF00]]Beyin Egzersizi[[U+000E]][[U+0000]][[U+0003]][[U+0004]][[U+0000]][[U+FF00]]
açıldı."
Trn_Get_Comp_Mes_2,87,Trn_Get_Comp_Mes_2,Gefeliciteerd!,Congratulations!,Félicitations !,Herzlichen Glückwunsch!,Congratulazioni!,¡Enhorabuena!,Congratulations!,Félicitations!,¡Felicidades!,Tebrikler!
Trn_Get_Comp_Mes_3,88,Trn_Get_Comp_Mes_3,"[[U+000E]][[U+0000]][[U+0003]][[U+0004]]ÿ[[U+FF00]]Alle [[U+000E]][[U+0000]][[U+0003]][[U+0004]][[U+0000]][[U+FF00]]oefeningen en activiteiten zijn
nu beschikbaar.","You've unlocked [[U+000E]][[U+0000]][[U+0003]][[U+0004]]ÿ[[U+FF00]]all
[[U+000E]][[U+0000]][[U+0003]][[U+0004]][[U+0000]][[U+FF00]]the training exercises
and activities!","Vous avez débloqué l'[[U+000E]][[U+0000]][[U+0003]][[U+0004]]ÿ[[U+FF00]]intégralité[[U+000E]][[U+0000]][[U+0003]][[U+0004]][[U+0000]][[U+FF00]]
des exercices et activités !","Ab heute sind [[U+000E]][[U+0000]][[U+0003]][[U+0004]]ÿ[[U+FF00]]alle [[U+000E]][[U+0000]][[U+0003]][[U+0004]][[U+0000]][[U+FF00]]Übungen
für Sie verfügbar!","Da oggi hai accesso
a [[U+000E]][[U+0000]][[U+0003]][[U+0004]]ÿ[[U+FF00]]tutti [[U+000E]][[U+0000]][[U+0003]][[U+0004]][[U+0000]][[U+FF00]]gli allenamenti
e le opzioni del menu!","¡Has desbloqueado [[U+000E]][[U+0000]][[U+0003]][[U+0004]]ÿ[[U+FF00]]todos[[U+000E]][[U+0000]][[U+0003]][[U+0004]][[U+0000]][[U+FF00]]
los ejercicios y juegos!","You've unlocked [[U+000E]][[U+0000]][[U+0003]][[U+0004]]ÿ[[U+FF00]]all
[[U+000E]][[U+0000]][[U+0003]][[U+0004]][[U+0000]][[U+FF00]]the training exercises
and activities!","Vous avez déverrouillé l'[[U+000E]][[U+0000]][[U+0003]][[U+0004]]ÿ[[U+FF00]]intégralité[[U+000E]][[U+0000]][[U+0003]][[U+0004]][[U+0000]][[U+FF00]]
des exercices et activités!","¡Has desbloqueado [[U+000E]][[U+0000]][[U+0003]][[U+0004]]ÿ[[U+FF00]]todos[[U+000E]][[U+0000]][[U+0003]][[U+0004]][[U+0000]][[U+FF00]]
los ejercicios y juegos!","[[U+000E]][[U+0000]][[U+0003]][[U+0004]]ÿ[[U+FF00]]Tüm
[[U+000E]][[U+0000]][[U+0003]][[U+0004]][[U+0000]][[U+FF00]]antrenman egzersizlerinin
ve etkinliklerin kilidini açtın!"
Trn_Get_Comp_Mes_4,89,Trn_Get_Comp_Mes_4,"Wat leuk dat je al zo lang traint
met deze software.","Many thanks indeed for
sticking at it so long!","Bravo pour votre assiduité
à toute épreuve !","Schön, dass Sie so lange
dabei geblieben sind!","Il tuo impegno
nell'allenamento mi ha
davvero commosso.
Grazie di cuore!","¡Muchas gracias por tu
constancia y esfuerzo
durante todo este tiempo!","Many thanks indeed for
sticking at it so long!","Bravo pour votre assiduité
à toute épreuve!","¡Muchas gracias por tu
constancia y esfuerzo
durante todo este tiempo!","Bu kadar uzun süre devam ettiğin
için çok teşekkürler!"
Trn_Get_Comp_Mes_5,90,Trn_Get_Comp_Mes_5,"Ik hoop dat je daar nog lang mee
door blijft gaan!","Please keep up your
training in the future!","Continuez à vous entraîner
régulièrement.","Trainieren Sie auch
in Zukunft weiter!","Mi raccomando,
continua ad allenarti!",¡Sigue así y no dejes de entrenar!,"Please keep up your
training in the future!","Continuez à vous entraîner
régulièrement.",¡Sigue así y no dejes de entrenar!,"Bundan sonra da
antrenmana devam et lütfen!"
Trn_Get_Mes_Prize_Type_0,91,Trn_Get_Mes_Prize_Type_0,"er is een nieuwe oefening
beschikbaar in [[U+000E]][[U+0000]][[U+0003]][[U+0004]]ÿ[[U+FF00]]Duivelse Training[[U+000E]][[U+0000]][[U+0003]][[U+0004]][[U+0000]][[U+FF00]]!","A new [[U+000E]][[U+0000]][[U+0003]][[U+0004]]ÿ[[U+FF00]]Devilish Training[[U+000E]][[U+0000]][[U+0003]][[U+0004]][[U+0000]][[U+FF00]]
exercise is available!","Un nouvel [[U+000E]][[U+0000]][[U+0003]][[U+0004]]ÿ[[U+FF00]]exercice infernal
[[U+000E]][[U+0000]][[U+0003]][[U+0004]][[U+0000]][[U+FF00]]est disponible !","Unter [[U+000E]][[U+0000]][[U+0003]][[U+0004]]ÿ[[U+FF00]]Diabolisches Training[[U+000E]][[U+0000]][[U+0003]][[U+0004]][[U+0000]][[U+FF00]]
ist eine neue Übung verfügbar!","Hai accesso a un nuovo
[[U+000E]][[U+0000]][[U+0003]][[U+0004]]ÿ[[U+FF00]]Allenamento infernale[[U+000E]][[U+0000]][[U+0003]][[U+0004]][[U+0000]][[U+FF00]]!","¡Nuevo ejercicio de
[[U+000E]][[U+0000]][[U+0003]][[U+0004]]ÿ[[U+FF00]]Práctica infernal [[U+000E]][[U+0000]][[U+0003]][[U+0004]][[U+0000]][[U+FF00]]disponible!","A new [[U+000E]][[U+0000]][[U+0003]][[U+0004]]ÿ[[U+FF00]]Devilish Training[[U+000E]][[U+0000]][[U+0003]][[U+0004]][[U+0000]][[U+FF00]]
exercise is available!","Un nouvel [[U+000E]][[U+0000]][[U+0003]][[U+0004]]ÿ[[U+FF00]]exercice infernal
[[U+000E]][[U+0000]][[U+0003]][[U+0004]][[U+0000]][[U+FF00]]est disponible!","¡Nuevo ejercicio de
[[U+000E]][[U+0000]][[U+0003]][[U+0004]]ÿ[[U+FF00]]Práctica infernal [[U+000E]][[U+0000]][[U+0003]][[U+0004]][[U+0000]][[U+FF00]]disponible!","Yeni bir [[U+000E]][[U+0000]][[U+0003]][[U+0004]]ÿ[[U+FF00]]Şeytani Antrenman[[U+000E]][[U+0000]][[U+0003]][[U+0004]][[U+0000]][[U+FF00]]
egzersizi açıldı!"
Trn_Get_Mes_Prize_Type_1,92,Trn_Get_Mes_Prize_Type_1,"er is een nieuwe oefening
beschikbaar in
[[U+000E]][[U+0000]][[U+0003]][[U+0004]]ÿ[[U+FF00]]Aanvullende Training[[U+000E]][[U+0000]][[U+0003]][[U+0004]][[U+0000]][[U+FF00]]!","A new [[U+000E]][[U+0000]][[U+0003]][[U+0004]]ÿ[[U+FF00]]Training Supplement
[[U+000E]][[U+0000]][[U+0003]][[U+0004]][[U+0000]][[U+FF00]]is available!","Un nouvel [[U+000E]][[U+0000]][[U+0003]][[U+0004]]ÿ[[U+FF00]]exercice de soutien
[[U+000E]][[U+0000]][[U+0003]][[U+0004]][[U+0000]][[U+FF00]]est disponible !","Unter [[U+000E]][[U+0000]][[U+0003]][[U+0004]]ÿ[[U+FF00]]Diabolisches Zusatztraining[[U+000E]][[U+0000]][[U+0003]][[U+0004]][[U+0000]][[U+FF00]]
ist eine neue Übung verfügbar!","Hai accesso a un nuovo
[[U+000E]][[U+0000]][[U+0003]][[U+0004]]ÿ[[U+FF00]]Compendio infernale[[U+000E]][[U+0000]][[U+0003]][[U+0004]][[U+0000]][[U+FF00]]!","¡Nuevo ejercicio de
[[U+000E]][[U+0000]][[U+0003]][[U+0004]]ÿ[[U+FF00]]Práctica de apoyo[[U+000E]][[U+0000]][[U+0003]][[U+0004]][[U+0000]][[U+FF00]] disponible!","A new [[U+000E]][[U+0000]][[U+0003]][[U+0004]]ÿ[[U+FF00]]Supplemental Training
[[U+000E]][[U+0000]][[U+0003]][[U+0004]][[U+0000]][[U+FF00]]exercise is available!","Un nouvel [[U+000E]][[U+0000]][[U+0003]][[U+0004]]ÿ[[U+FF00]]exercice de soutien
[[U+000E]][[U+0000]][[U+0003]][[U+0004]][[U+0000]][[U+FF00]]est disponible!","¡Nuevo ejercicio de
[[U+000E]][[U+0000]][[U+0003]][[U+0004]]ÿ[[U+FF00]]Práctica de apoyo[[U+000E]][[U+0000]][[U+0003]][[U+0004]][[U+0000]][[U+FF00]] disponible!","Yeni bir [[U+000E]][[U+0000]][[U+0003]][[U+0004]]ÿ[[U+FF00]]Antrenman Takviyesi
[[U+000E]][[U+0000]][[U+0003]][[U+0004]][[U+0000]][[U+FF00]]kullanıma açıldı!"
Trn_Get_Mes_Prize_Type_2,93,Trn_Get_Mes_Prize_Type_2,"er is een nieuwe oefening
beschikbaar in [[U+000E]][[U+0000]][[U+0003]][[U+0004]]ÿ[[U+FF00]]Brain Training[[U+000E]][[U+0000]][[U+0003]][[U+0004]][[U+0000]][[U+FF00]]!","A new [[U+000E]][[U+0000]][[U+0003]][[U+0004]]ÿ[[U+FF00]]Brain Training[[U+000E]][[U+0000]][[U+0003]][[U+0004]][[U+0000]][[U+FF00]]
exercise is available!","Un nouvel [[U+000E]][[U+0000]][[U+0003]][[U+0004]]ÿ[[U+FF00]]exercice cérébral
[[U+000E]][[U+0000]][[U+0003]][[U+0004]][[U+0000]][[U+FF00]]est disponible !","Unter [[U+000E]][[U+0000]][[U+0003]][[U+0004]]ÿ[[U+FF00]]Gehirn-Jogging [[U+000E]][[U+0000]][[U+0003]][[U+0004]][[U+0000]][[U+FF00]]ist
eine neue Übung verfügbar!","Hai accesso a un nuovo
[[U+000E]][[U+0000]][[U+0003]][[U+0004]]ÿ[[U+FF00]]Allenamento cerebrale[[U+000E]][[U+0000]][[U+0003]][[U+0004]][[U+0000]][[U+FF00]]!","¡Nuevo ejercicio de
[[U+000E]][[U+0000]][[U+0003]][[U+0004]]ÿ[[U+FF00]]Práctica cerebral [[U+000E]][[U+0000]][[U+0003]][[U+0004]][[U+0000]][[U+FF00]]disponible!","A new [[U+000E]][[U+0000]][[U+0003]][[U+0004]]ÿ[[U+FF00]]Brain Training[[U+000E]][[U+0000]][[U+0003]][[U+0004]][[U+0000]][[U+FF00]]
exercise is available!","Un nouvel [[U+000E]][[U+0000]][[U+0003]][[U+0004]]ÿ[[U+FF00]]exercice cérébral
[[U+000E]][[U+0000]][[U+0003]][[U+0004]][[U+0000]][[U+FF00]]est disponible!","¡Nuevo ejercicio de
[[U+000E]][[U+0000]][[U+0003]][[U+0004]]ÿ[[U+FF00]]Práctica cerebral [[U+000E]][[U+0000]][[U+0003]][[U+0004]][[U+0000]][[U+FF00]]disponible!","Yeni bir [[U+000E]][[U+0000]][[U+0003]][[U+0004]]ÿ[[U+FF00]]Beyin Egzersizi[[U+000E]][[U+0000]][[U+0003]][[U+0004]][[U+0000]][[U+FF00]]
açıldı!"
Trn_Get_Mes_Prize_Type_3,94,Trn_Get_Mes_Prize_Type_3,"er is een nieuwe activiteit
beschikbaar in [[U+000E]][[U+0000]][[U+0003]][[U+0004]]ÿ[[U+FF00]]Recreatie[[U+000E]][[U+0000]][[U+0003]][[U+0004]][[U+0000]][[U+FF00]]!","A new [[U+000E]][[U+0000]][[U+0003]][[U+0004]]ÿ[[U+FF00]]Time Out
[[U+000E]][[U+0000]][[U+0003]][[U+0004]][[U+0000]][[U+FF00]]is available!","Un nouveau programme de
[[U+000E]][[U+0000]][[U+0003]][[U+0004]]ÿ[[U+FF00]]détente [[U+000E]][[U+0000]][[U+0003]][[U+0004]][[U+0000]][[U+FF00]]est disponible !","Unter [[U+000E]][[U+0000]][[U+0003]][[U+0004]]ÿ[[U+FF00]]Entspannung [[U+000E]][[U+0000]][[U+0003]][[U+0004]][[U+0000]][[U+FF00]]ist
eine neue Übung verfügbar!","Hai accesso a una nuova
attività [[U+000E]][[U+0000]][[U+0003]][[U+0004]]ÿ[[U+FF00]]Relax[[U+000E]][[U+0000]][[U+0003]][[U+0004]][[U+0000]][[U+FF00]]!","¡Nuevo juego de
[[U+000E]][[U+0000]][[U+0003]][[U+0004]]ÿ[[U+FF00]]Práctica de relax[[U+000E]][[U+0000]][[U+0003]][[U+0004]][[U+0000]][[U+FF00]] disponible!","A new [[U+000E]][[U+0000]][[U+0003]][[U+0004]]ÿ[[U+FF00]]Relaxation Mode
[[U+000E]][[U+0000]][[U+0003]][[U+0004]][[U+0000]][[U+FF00]]activity is available!","Un nouveau programme de
[[U+000E]][[U+0000]][[U+0003]][[U+0004]]ÿ[[U+FF00]]détente [[U+000E]][[U+0000]][[U+0003]][[U+0004]][[U+0000]][[U+FF00]]est disponible!","¡Nuevo juego de
[[U+000E]][[U+0000]][[U+0003]][[U+0004]]ÿ[[U+FF00]]Práctica de relax[[U+000E]][[U+0000]][[U+0003]][[U+0004]][[U+0000]][[U+FF00]] disponible!","Yeni bir [[U+000E]][[U+0000]][[U+0003]][[U+0004]]ÿ[[U+FF00]]Süre Doldu
[[U+000E]][[U+0000]][[U+0003]][[U+0004]][[U+0000]][[U+FF00]]kullanıma açıldı!"
Trn_Get_Mes_Prize_Type_4,95,Trn_Get_Mes_Prize_Type_4,"er is een nieuwe optie
beschikbaar in de [[U+000E]][[U+0000]][[U+0003]][[U+0004]]ÿ[[U+FF00]]instellingen[[U+000E]][[U+0000]][[U+0003]][[U+0004]][[U+0000]][[U+FF00]]!","A new [[U+000E]][[U+0000]][[U+0003]][[U+0004]]ÿ[[U+FF00]]Settings[[U+000E]][[U+0000]][[U+0003]][[U+0004]][[U+0000]][[U+FF00]] option
is available!","Une nouvelle [[U+000E]][[U+0000]][[U+0003]][[U+0004]]ÿ[[U+FF00]]option [[U+000E]][[U+0000]][[U+0003]][[U+0004]][[U+0000]][[U+FF00]]est
disponible !",Eine neue [[U+000E]][[U+0000]][[U+0003]][[U+0004]]ÿ[[U+FF00]]Option [[U+000E]][[U+0000]][[U+0003]][[U+0004]][[U+0000]][[U+FF00]]ist verfügbar!,"Hai accesso a una nuova
voce nel menu [[U+000E]][[U+0000]][[U+0003]][[U+0004]]ÿ[[U+FF00]]Imposta[[U+000E]][[U+0000]][[U+0003]][[U+0004]][[U+0000]][[U+FF00]]!","¡Nuevas opciones disponibles
en [[U+000E]][[U+0000]][[U+0003]][[U+0004]]ÿ[[U+FF00]]Ajustes[[U+000E]][[U+0000]][[U+0003]][[U+0004]][[U+0000]][[U+FF00]]!","A new [[U+000E]][[U+0000]][[U+0003]][[U+0004]]ÿ[[U+FF00]]Settings[[U+000E]][[U+0000]][[U+0003]][[U+0004]][[U+0000]][[U+FF00]] option
is available!","Une nouvelle [[U+000E]][[U+0000]][[U+0003]][[U+0004]]ÿ[[U+FF00]]option [[U+000E]][[U+0000]][[U+0003]][[U+0004]][[U+0000]][[U+FF00]]est
disponible!","¡Nuevas opciones disponibles
en [[U+000E]][[U+0000]][[U+0003]][[U+0004]]ÿ[[U+FF00]]Ajustes[[U+000E]][[U+0000]][[U+0003]][[U+0004]][[U+0000]][[U+FF00]]!","Yeni bir [[U+000E]][[U+0000]][[U+0003]][[U+0004]]ÿ[[U+FF00]]Ayarlar[[U+000E]][[U+0000]][[U+0003]][[U+0004]][[U+0000]][[U+FF00]] option
açıldı!"
Trn_Get_Mes_Prize_0,96,Trn_Get_Mes_Prize_0,Duivelse sommen,Devilish Calculations,Calcul infernal,Zahlenmerken,Calcolo infernale,Cálculo infernal,Devilish Calculations,Calcul infernal,Cálculo infernal,Şeytani Hesaplamalar
Trn_Get_Mes_Prize_1,97,Trn_Get_Mes_Prize_1,Duivelse duo's,Devilish Pairs,Cartes infernales,Paarsuche,Coppie infernali,Baraja infernal,Devilish Pairs,Cartes infernales,Baraja infernal,Şeytani Çiftler
Trn_Get_Mes_Prize_2,98,Trn_Get_Mes_Prize_2,Rekenen x 20 ,Calculations x 20,Calcul 20,Rechnen 20,Calcolo 20,Cálculo 20,Calculations x 20,Calcul 20,Cálculo 20,Hesaplamalar x 20
Trn_Get_Mes_Prize_3,99,Trn_Get_Mes_Prize_3,Veldslag,Block Head,Duel de cases,Erobern,Prendi posizione,El rey de la colina,Block Head,Duel de cases,El rey de la colina,Alan Kapmaca
Trn_Get_Mes_Prize_4,100,Trn_Get_Mes_Prize_4,Vetverwijderaar,Blubber Blast,Explosion de lipides,Fett weg!,Esplosione di lipidi,Detonador,Blob Blast,Explosion de lipides,Detonador,Yağ Patlatma
Trn_Get_Mes_Prize_5,101,Trn_Get_Mes_Prize_5,Duivels kat-en-muis,Devilish Mice,Souris infernales,Mäusejagd,Cercatopi infernale,"Escondite
infernal",Devilish Mice,Souris infernales,"Escondite
infernal",Şeytani Fareler
Trn_Get_Mes_Prize_6,102,Trn_Get_Mes_Prize_6,Woorden uitroeien,Word Buster,Mots explosifs,Wortrallye,Parole a scoppio,"Palabras
fugaces",Word Attack,Mots explosifs,"Palabras
fugaces",Kelime Patlatma
Trn_Get_Mes_Prize_7,103,Trn_Get_Mes_Prize_7,Duivels lezen,Devilish Reading,Lecture infernale,Vorlesen,Lettura infernale,Lectura infernal,Devilish Reading,Lecture infernale,Lectura infernal,Şeytani Okuma
Trn_Get_Mes_Prize_8,104,Trn_Get_Mes_Prize_8,Klondike solitaire,Klondike,Patience Klondike,Klondike-Patience,Klondike,"Roja, negra, roja",Klondike,Klondike,"Roja, negra, roja",Klondike
Trn_Get_Mes_Prize_9,105,Trn_Get_Mes_Prize_9,Duivelse symbolen,Devilish Shapes,Symboles infernaux,Symbolemerken,Memosimbolo infernale,"Formas
infernales",Devilish Shapes,Symboles infernaux,"Formas
infernales",Şeytani Şekiller
Trn_Get_Mes_Prize_10,106,Trn_Get_Mes_Prize_10,Twee keer zoeken,Multiple Search,Multiples,Multiplikator,Ricerca multipla,Buscamúltiplo,By the Numbers,Multiples,Buscamúltiplo,Kat Avı
Trn_Get_Mes_Prize_11,107,Trn_Get_Mes_Prize_11,Duivelse blokken,Devilish Blocks,Cubes infernaux,Blöcke,Cubi infernali,"Bloques
infernales",Devilish Blocks,Cubes infernaux,"Bloques
infernales",Şeytani Bloklar
Trn_Get_Mes_Prize_12,108,Trn_Get_Mes_Prize_12,Meesterwerk spelen,Masterpiece Recital,Mélomane,Pianospieler,Melodie,"Recital
musical",Piano Player,Mélomane,Recital musical,Başyapıt Resitali
Trn_Get_Mes_Prize_13,109,Trn_Get_Mes_Prize_13,Duivelse bekers,Devilish Cups,Gobelets infernaux,Hütchenspiel,Bicchieri infernali,"Vasos
infernales",Devilish Cups,Gobelets infernaux,"Vasos
infernales",Şeytani Bardaklar
Trn_Get_Mes_Prize_14,110,Trn_Get_Mes_Prize_14,Sommenstrijd,Addition Battle,Baston d'additions,Abwehrrechnung,Somme all'attacco,"El ataque
de las sumas",Sum Totaled: Battle,Bataille d'additions,"El ataque
de las sumas",Toplama Savaşı
Trn_Get_Mes_Prize_15,111,Trn_Get_Mes_Prize_15,Spider solitaire,Spider Solitaire,Patience Spider,Spider-Patience,Spider,Solitario Spider,Spider Solitaire,Patience Spider,Solitario Spider,Örümcek Pasiyans
Trn_Get_Mes_Prize_16,112,Trn_Get_Mes_Prize_16,Duivels luisteren,Devilish Listening,Calcul infernal dicté,Rechendiktat,"Ascoltacalcolo
infernale","Aritmética
infernal",Devilish Listening,Calcul infernal dicté,"Aritmética
infernal",Şeytani Dinleme
Trn_Get_Mes_Prize_17,113,Trn_Get_Mes_Prize_17,Bacteriën uitroeien,Germ Buster,Bactéricide,Bazillenjagd,Sterminavirus,Bactericida,Germ Buster,Bactéricide,Bactericida,Mikrop Avcısı
Trn_Get_Mes_Prize_18,114,Trn_Get_Mes_Prize_18,Stempel,Stamp Design,Tampon,Stempel,Design timbro,Diseño del marcador,Stamp Design,Tampon,Diseño del marcador,Damga Tasarımı
Trn_Get_Mes_Prize_19,115,Trn_Get_Mes_Prize_19,Woordenstrijd,Words in Space,Mots intersidéraux,Weltraumwörter,Parole nello spazio,Palabras galácticas,Word Attack: Space,Mots intersidéraux,Palabras galácticas,Uzayda Kelimeler
Trn_Get_Mes_Prize_20,116,Trn_Get_Mes_Prize_20,Muzikaal intermezzo,Instrumental Break,Musique,Musik,Pausa musicale,Rincón melódico,Music Appreciation,Musique,Rincón melódico,Enstrümantal Mola
Trn_Get_Mes_Prize_21,117,Trn_Get_Mes_Prize_21,Kleding kiezen,Change Outfit,Vestiaire,Kleidung ändern,Cambia aspetto,Selección de estilo,Change Outfit,Vestiaire,Selección de estilo,Kıyafeti Değiştir
Trn_Get_Mes_Prize_22,118,Trn_Get_Mes_Prize_22,Klassiek solitaire,Peg Solitaire,Solitaire,Solitär,Bastiglia,Uno solo,Peg Solitaire,Solitaire,Uno solo,Çivi Pasiyansı
Trn_Get_Mes_Prize_23,119,Trn_Get_Mes_Prize_23,Wisselgeld,Correct Change,Monnaie,Münzenzähler,Conti e resti,"Cambio
correcto",Change Maker,Monnaie,"Cambio
correcto",Para Üstü
Trn_Get_Mes_Prize_24,120,Trn_Get_Mes_Prize_24,Goede verstaander,Word Blend,Brouhaha,Zuhörer,Alessandro Magno,"Sonidos
mezclados",Word Blend,Brouhaha,"Sonidos
mezclados",Kelime Harmanı
Trn_Get_Mes_Prize_25,121,Trn_Get_Mes_Prize_25,Rekenen x 100,Calculations x 100,Calcul 100,Rechnen 100,Calcolo 100,Cálculo 100,Calculations x 100,Calcul 100,Cálculo 100,Hesaplamalar x 100
Trn_Get_Mes_Prize_26,122,Trn_Get_Mes_Prize_26,Golf solitaire,Golf Solitaire,Patience Golf,Golf-Patience,Golf,"Por arriba
y por abajo",Golf Solitaire,Patience Golf,Por arriba y por abajo,Golf Pasiyansı
Trn_Get_Mes_Prize_27,123,Trn_Get_Mes_Prize_27,Sommen uitroeien,Addition Buster,Addition explosive,Summenrallye,Somme a scoppio,Suma y sigue,Sum Totaled,Addition explosive,Suma y sigue,Toplama Patlatma
Trn_Get_Mes_Prize_28,124,Trn_Get_Mes_Prize_28,Laag naar hoog,Low to High,Mémoire,Merken,Memoria lampo,Retentiva,Low to High,Mémoire,Retentiva,Artan Sıra
Trn_Get_Mes_Prize_29,125,Trn_Get_Mes_Prize_29,Tijd,Time Lapse,Heures,Zeit,Calcola tempo,Temporizador,Time Lapse,Heures,Temporizador,Geçen Süre
Trn_Get_Mes_Prize_30,126,Trn_Get_Mes_Prize_30,Mahjong solitaire,Mahjong Solitaire,Paires de tuiles,Mahjong,Trefiumi,"Solitario
mahjong",Mahjong Solitaire,Patience Mahjong,"Solitario
mahjong",Mahjong Pasiyansı
SeqCommon_,127,SeqCommon_,,,,,,,,,,
SeqCommon_Btn_Next,128,SeqCommon_Btn_Next,Volgende,Next,Suite,Weiter,Avanti,Seguir,Next,Suite,Seguir,İleri
SeqCommon_Btn_Next_Graph,129,SeqCommon_Btn_Next_Graph,Grafieken,Graphs,Graphiques,Grafik,Grafici,Gráficos,Graphs,Graphiques,Gráficos,Grafikler
SeqCommon_Btn_Next_ConcentResult,130,SeqCommon_Btn_Next_ConcentResult,Resultaten,Comments,Commentaires,Kommentare,Commenti,Comentarios,Comments,Commentaires,Comentarios,Yorumlar
SeqCommon_Btn_Next_ConcentEnd,131,SeqCommon_Btn_Next_ConcentEnd,Concentratietest stoppen,End Challenge,Test terminé,Test beenden,Finita!,Salir,End Challenge,Test terminé,Salir,Mücadeleyi Bitir
SeqCommon_Btn_Next_Wmt_0,132,SeqCommon_Btn_Next_Wmt_0,Training stoppen,End Training,Exercice terminé,Training beenden,Finito!,Salir,End Training,Exercice terminé,Salir,Antrenmanı Bitir
SeqCommon_Btn_Next_Wmt_1,133,SeqCommon_Btn_Next_Wmt_1,Training stoppen,End Training,Exercice terminé,Training beenden,Finito!,Salir,End Training,Exercice terminé,Salir,Antrenmanı Bitir
SeqCommon_Btn_Next_Wmt_2,134,SeqCommon_Btn_Next_Wmt_2,Training stoppen,End Training,Exercice terminé,Training beenden,Finito!,Salir,End Training,Exercice terminé,Salir,Antrenmanı Bitir
SeqCommon_Btn_Next_Wmt_3,135,SeqCommon_Btn_Next_Wmt_3,Training stoppen,End Training,Exercice terminé,Training beenden,Finito!,Salir,End Training,Exercice terminé,Salir,Antrenmanı Bitir
SeqCommon_Btn_Next_Wmt_4,136,SeqCommon_Btn_Next_Wmt_4,Training stoppen,End Training,Exercice terminé,Training beenden,Finito!,Salir,End Training,Exercice terminé,Salir,Antrenmanı Bitir
SeqCommon_Btn_Next_Wmt_5,137,SeqCommon_Btn_Next_Wmt_5,Training stoppen,End Training,Exercice terminé,Training beenden,Finito!,Salir,End Training,Exercice terminé,Salir,Antrenmanı Bitir
SeqCommon_Btn_Next_Wmt_6,138,SeqCommon_Btn_Next_Wmt_6,Training stoppen,End Training,Exercice terminé,Training beenden,Finito!,Salir,End Training,Exercice terminé,Salir,Antrenmanı Bitir
SeqCommon_Btn_Next_Wmt_7,139,SeqCommon_Btn_Next_Wmt_7,Training stoppen,End Training,Exercice terminé,Training beenden,Finito!,Salir,End Training,Exercice terminé,Salir,Antrenmanı Bitir
SeqCommon_Btn_Next_Wmt,140,SeqCommon_Btn_Next_Wmt,Training stoppen,End Training,Exercice terminé,Training beenden,Finito!,Salir,End Training,Exercice terminé,Salir,Antrenmanı Bitir
SeqCommon_Btn_Next_Wmh,141,SeqCommon_Btn_Next_Wmh,Training stoppen,End Training,Exercice terminé,Training beenden,Finito!,Salir,End Training,Exercice terminé,Salir,Antrenmanı Bitir
Marathon_,142,Marathon_,,,,,,,,,,
Marathon_Intro_Start,143,Marathon_Intro_Start,,,,,,,,,,
Marathon_Intro_Freq_High_0,144,Marathon_Intro_Freq_High_0,,,,,,,,,,
Marathon_Intro_Freq_High_1,145,Marathon_Intro_Freq_High_1,,,,,,,,,,
Marathon_Intro_Freq_Normal_0,146,Marathon_Intro_Freq_Normal_0,,,,,,,,,,
Marathon_Intro_Freq_Normal_1,147,Marathon_Intro_Freq_Normal_1,,,,,,,,,,
Marathon_Intro_Freq_Low_0,148,Marathon_Intro_Freq_Low_0,,,,,,,,,,
Marathon_Intro_Freq_Low_1,149,Marathon_Intro_Freq_Low_1,,,,,,,,,,
Marathon_Intro_Flip_Category,150,Marathon_Intro_Flip_Category,,,,,,,,,,
Marathon_Intro_Flip_TrnName,151,Marathon_Intro_Flip_TrnName,,,,,,,,,,
Marathon_Intro_Try_0,152,Marathon_Intro_Try_0,,,,,,,,,,
Marathon_Intro_Retire_0,153,Marathon_Intro_Retire_0,,,,,,,,,,
Marathon_Intro_Retire_1,154,Marathon_Intro_Retire_1,,,,,,,,,,
Marathon_Intro_Btn1,155,Marathon_Intro_Btn1,,,,,,,,,,
Marathon_Intro_Btn2,156,Marathon_Intro_Btn2,,,,,,,,,,
Marathon_Result_Rank_0,157,Marathon_Result_Rank_0,,,,,,,,,,
Marathon_Result_Rank_1,158,Marathon_Result_Rank_1,,,,,,,,,,
Marathon_Result_Rank_2,159,Marathon_Result_Rank_2,,,,,,,,,,
Marathon_Result_Rank_3,160,Marathon_Result_Rank_3,,,,,,,,,,
Marathon_Result_Rank_4,161,Marathon_Result_Rank_4,,,,,,,,,,
Marathon_Result_Rank_5,162,Marathon_Result_Rank_5,,,,,,,,,,
Marathon_Result_Rank_6,163,Marathon_Result_Rank_6,,,,,,,,,,
Marathon_Result_Rank_7,164,Marathon_Result_Rank_7,,,,,,,,,,
Marathon_Result_Rank_8,165,Marathon_Result_Rank_8,,,,,,,,,,
Marathon_Graph_Mes_0,166,Marathon_Graph_Mes_0,,,,,,,,,,
Marathon_Graph_Mes_1,167,Marathon_Graph_Mes_1,,,,,,,,,,
Marathon_Graph_Mes_2,168,Marathon_Graph_Mes_2,,,,,,,,,,
Marathon_Graph_Mes_3,169,Marathon_Graph_Mes_3,,,,,,,,,,
Marathon_Graph_Mes_4,170,Marathon_Graph_Mes_4,,,,,,,,,,
Marathon_Graph_Mes_5,171,Marathon_Graph_Mes_5,,,,,,,,,,
Marathon_Graph_Mes_6,172,Marathon_Graph_Mes_6,,,,,,,,,,
Marathon_Graph_Mes_7,173,Marathon_Graph_Mes_7,,,,,,,,,,
Marathon_Graph_Mes_8,174,Marathon_Graph_Mes_8,,,,,,,,,,
Marathon_Graph_Mes_9,175,Marathon_Graph_Mes_9,,,,,,,,,,
Marathon_Graph_Mes_10,176,Marathon_Graph_Mes_10,,,,,,,,,,
Marathon_Graph_Mes_11,177,Marathon_Graph_Mes_11,,,,,,,,,,
Marathon_First10Min_Mes_1,178,Marathon_First10Min_Mes_1,,,,,,,,,,
Marathon_First10Min_Mes_2,179,Marathon_First10Min_Mes_2,,,,,,,,,,
Marathon_First10Min_Mes_3,180,Marathon_First10Min_Mes_3,,,,,,,,,,
Marathon_First10Min_Mes_4,181,Marathon_First10Min_Mes_4,,,,,,,,,,
Marathon_First10Min_Mes_5,182,Marathon_First10Min_Mes_5,,,,,,,,,,
Marathon_To_Nback,183,Marathon_To_Nback,,,,,,,,,,
DNback_,184,DNback_,,,,,,,,,,
DNback_Intro_Mes_A_0,185,DNback_Intro_Mes_A_0,,,,,,,,,,
DNback_Intro_Mes_A_1,186,DNback_Intro_Mes_A_1,,,,,,,,,,
DNback_Intro_Mes_A_2,187,DNback_Intro_Mes_A_2,,,,,,,,,,
DNback_Intro_Mes_B_0,188,DNback_Intro_Mes_B_0,,,,,,,,,,
DNback_Intro_Mes_B_1,189,DNback_Intro_Mes_B_1,,,,,,,,,,
DNback_Intro_Mes_B_2,190,DNback_Intro_Mes_B_2,,,,,,,,,,
DNback_Result_Graph_0,191,DNback_Result_Graph_0,,,,,,,,,,
DNback_Result_Graph_1,192,DNback_Result_Graph_1,,,,,,,,,,
DNback_Result_Graph_2,193,DNback_Result_Graph_2,,,,,,,,,,
Training_,194,Training_,,,,,,,,,,
Training_Result_Graph_0,195,Training_Result_Graph_0,,,,,,,,,,
Training_Result_Graph_1,196,Training_Result_Graph_1,,,,,,,,,,
Training_Result_Graph_2,197,Training_Result_Graph_2,,,,,,,,,,
Training_EndCheck_Mes0_0,198,Training_EndCheck_Mes0_0,,,,,,,,,,
Training_EndCheck_Btn1,199,Training_EndCheck_Btn1,,,,,,,,,,
Training_EndCheck_Btn2,200,Training_EndCheck_Btn2,,,,,,,,,,
Training_EndCheck_Mes1_0,201,Training_EndCheck_Mes1_0,,,,,,,,,,
Training_EndCheck_Mes1_1,202,Training_EndCheck_Mes1_1,,,,,,,,,,
Training_EndCheck_Mes2_0,203,Training_EndCheck_Mes2_0,,,,,,,,,,
Training_Timeover_Mes_0,204,Training_Timeover_Mes_0,,,,,,,,,,
Training_Timeover_Mes_1,205,Training_Timeover_Mes_1,,,,,,,,,,
Training_Numover_Mes_0,206,Training_Numover_Mes_0,,,,,,,,,,
DailyEnd_,207,DailyEnd_,,,,,,,,,,
DailyEnd__Mes0,208,DailyEnd__Mes0,,,,,,,,,,
Flip_,209,Flip_,,,,,,,,,,
Flip_Trn_End,210,Flip_Trn_End,,,,,,,,,,
Flip_WorkingTrn_Onitore,211,Flip_WorkingTrn_Onitore,,,,,,,,,,
Flip_WorkingTrn,212,Flip_WorkingTrn,,,,,,,,,,
Flip_WorkingTrn_Oni,213,Flip_WorkingTrn_Oni,,,,,,,,,,
Flip_WorkingTrn_Title,214,Flip_WorkingTrn_Title,,,,,,,,,,
Flip_WorkingTrn_End_Today,215,Flip_WorkingTrn_End_Today,,,,,,,,,,
Flip_WorkingTrn_End,216,Flip_WorkingTrn_End,,,,,,,,,,
Flip_NB_Title,217,Flip_NB_Title,,,,,,,,,,
Flip_NB_Ruby,218,Flip_NB_Ruby,,,,,,,,,,
Flip_PL_Title,219,Flip_PL_Title,,,,,,,,,,
Flip_PL_Ruby,220,Flip_PL_Ruby,,,,,,,,,,
Flip_RD_Title,221,Flip_RD_Title,,,,,,,,,,
Flip_RD_Ruby,222,Flip_RD_Ruby,,,,,,,,,,
Flip_SM_Title,223,Flip_SM_Title,,,,,,,,,,
Flip_SM_Ruby,224,Flip_SM_Ruby,,,,,,,,,,
Flip_CS_Title,225,Flip_CS_Title,,,,,,,,,,
Flip_CS_Ruby,226,Flip_CS_Ruby,,,,,,,,,,
Flip_AS_Title,227,Flip_AS_Title,,,,,,,,,,
Flip_AS_Ruby,228,Flip_AS_Ruby,,,,,,,,,,
Flip_NL_Title,229,Flip_NL_Title,,,,,,,,,,
Flip_NL_Ruby,230,Flip_NL_Ruby,,,,,,,,,,
Flip_NS_Title,231,Flip_NS_Title,,,,,,,,,,
Flip_NS_Ruby,232,Flip_NS_Ruby,,,,,,,,,,
Flip_NB_Today,233,Flip_NB_Today,Resultaat van vandaag,Today's Result,Record d'aujourd'hui,Heutige Bestleistung,Risultato di oggi,Resultados de hoy,Today's Result,Record d'aujourd'hui,Resultados de hoy,Bugünün Sonucu
Flip_NB_Trial,234,Flip_NB_Trial,Resultaten demoversie,Trial Version Results,Résultat démo,Ergebnisse (Demo),Demo: risultato,Resultados de la demo,Demo Version Results,Résultat démo,Resultados,Deneme Sonuçları
Flip_C_Intro,235,Flip_C_Intro,"[[U+000E]][[U+0000]][[U+0002]][[U+0002]]dDe score van [[U+000E]][[U+0001]][[U+0000]][[U+0000]] bij
de Concentratietest:[[U+000E]][[U+0000]][[U+0002]][[U+0002]]d","[[U+000E]][[U+0000]][[U+0002]][[U+0002]]d[[U+000E]][[U+0001]][[U+0000]][[U+0000]]'s Concentration
Challenge score is[[U+000E]][[U+0000]][[U+0002]][[U+0002]]d","[[U+000E]][[U+0001]][[U+0000]][[U+0000]] peut
se concentrer pendant","Zeit von [[U+000E]][[U+0001]][[U+0000]][[U+0000]]
beim Konzentrationstest:","[[U+000E]][[U+0001]][[U+0000]][[U+0000]], riesci a
mantenere la concentrazione per","El tiempo que [[U+000E]][[U+0001]][[U+0000]][[U+0000]] puede
mantener la concentración es:","[[U+000E]][[U+0000]][[U+0002]][[U+0002]]d[[U+000E]][[U+0001]][[U+0000]][[U+0000]]'s Concentration
Challenge score is[[U+000E]][[U+0000]][[U+0002]][[U+0002]]d","[[U+000E]][[U+0001]][[U+0000]][[U+0000]] peut
se concentrer pendant","El tiempo que [[U+000E]][[U+0001]][[U+0000]][[U+0000]] puede
mantener la concentración es:","[[U+000E]][[U+0000]][[U+0002]][[U+0002]]d[[U+000E]][[U+0001]][[U+0000]][[U+0000]]'ın Konsantrasyon
Mücadelesi skoru:[[U+000E]][[U+0000]][[U+0002]][[U+0002]]d"
Flip_NB_WMI,236,Flip_NB_WMI,,,,,,,,,,
Flip_NB_Best_Of_All,237,Flip_NB_Best_Of_All,Nieuw record!,New Record!,Nouveau record,Neuer Rekord!,Nuovo record,¡Nuevo récord!,New Record!,Nouveau record,¡Nuevo récord!,Yeni Rekor!
Flip_NB_Personal_Best,238,Flip_NB_Personal_Best,,,,,,,,,,
Flip_NB_TodayLevelSpeed,239,Flip_NB_TodayLevelSpeed,Niveau [[U+000E]][[U+0001]][[U+0000]][[U+0000]] - [[U+000E]][[U+0001]][[U+0001]][[U+0000]],Level [[U+000E]][[U+0001]][[U+0000]][[U+0000]]-[[U+000E]][[U+0001]][[U+0001]][[U+0000]],Niveau [[U+000E]][[U+0001]][[U+0000]][[U+0000]]-[[U+000E]][[U+0001]][[U+0001]][[U+0000]],Stufe [[U+000E]][[U+0001]][[U+0000]][[U+0000]] - [[U+000E]][[U+0001]][[U+0001]][[U+0000]],Livello [[U+000E]][[U+0001]][[U+0000]][[U+0000]]-[[U+000E]][[U+0001]][[U+0001]][[U+0000]],Nivel [[U+000E]][[U+0001]][[U+0000]][[U+0000]]-[[U+000E]][[U+0001]][[U+0001]][[U+0000]],Level [[U+000E]][[U+0001]][[U+0000]][[U+0000]]-[[U+000E]][[U+0001]][[U+0001]][[U+0000]],Niveau [[U+000E]][[U+0001]][[U+0000]][[U+0000]]-[[U+000E]][[U+0001]][[U+0001]][[U+0000]],Nivel [[U+000E]][[U+0001]][[U+0000]][[U+0000]]-[[U+000E]][[U+0001]][[U+0001]][[U+0000]],Seviye [[U+000E]][[U+0001]][[U+0000]][[U+0000]]-[[U+000E]][[U+0001]][[U+0001]][[U+0000]]
Flip_NB_TodayLevel,240,Flip_NB_TodayLevel,Niveau [[U+000E]][[U+0001]][[U+0000]][[U+0000]],Level [[U+000E]][[U+0001]][[U+0000]][[U+0000]],Niveau [[U+000E]][[U+0001]][[U+0000]][[U+0000]],Stufe [[U+000E]][[U+0001]][[U+0000]][[U+0000]],Livello [[U+000E]][[U+0001]][[U+0000]][[U+0000]],Nivel [[U+000E]][[U+0001]][[U+0000]][[U+0000]],Level [[U+000E]][[U+0001]][[U+0000]][[U+0000]],Niveau [[U+000E]][[U+0001]][[U+0000]][[U+0000]],Nivel [[U+000E]][[U+0001]][[U+0000]][[U+0000]],Seviye [[U+000E]][[U+0001]][[U+0000]][[U+0000]]
Flip_NB_TodayBack_0,241,Flip_NB_TodayBack_0,Rustig [[U+000E]][[U+0001]][[U+0000]][[U+0000]]-terug,Slow [[U+000E]][[U+0001]][[U+0000]][[U+0000]]-Back,"Lent, [[U+000E]][[U+0001]][[U+0000]][[U+0000]] d'écart",Einsteiger [[U+000E]][[U+0001]][[U+0000]][[U+0000]]-Zurück,Piano [[U+000E]][[U+0001]][[U+0000]][[U+0000]]-Indietro,«[[U+000E]][[U+0001]][[U+0000]][[U+0000]] antes» lento,Slow [[U+000E]][[U+0001]][[U+0000]][[U+0000]]-Back,"Lent, [[U+000E]][[U+0001]][[U+0000]][[U+0000]] d'écart","""[[U+000E]][[U+0001]][[U+0000]][[U+0000]] antes"" lento",Yavaş [[U+000E]][[U+0001]][[U+0000]][[U+0000]]-Geri
Flip_NB_TodayBack_1,242,Flip_NB_TodayBack_1,[[U+000E]][[U+0001]][[U+0000]][[U+0000]]-terug,[[U+000E]][[U+0001]][[U+0000]][[U+0000]]-Back,[[U+000E]][[U+0001]][[U+0000]][[U+0000]] d'écart,[[U+000E]][[U+0001]][[U+0000]][[U+0000]]-Zurück,[[U+000E]][[U+0001]][[U+0000]][[U+0000]]-Indietro,«[[U+000E]][[U+0001]][[U+0000]][[U+0000]] antes»,[[U+000E]][[U+0001]][[U+0000]][[U+0000]]-Back,[[U+000E]][[U+0001]][[U+0000]][[U+0000]] d'écart,"""[[U+000E]][[U+0001]][[U+0000]][[U+0000]] antes""",[[U+000E]][[U+0001]][[U+0000]][[U+0000]]-Geri
Flip_NB_TodayBack_2,243,Flip_NB_TodayBack_2,Snel [[U+000E]][[U+0001]][[U+0000]][[U+0000]]-terug,Fast [[U+000E]][[U+0001]][[U+0000]][[U+0000]]-Back,"Rapide, [[U+000E]][[U+0001]][[U+0000]][[U+0000]] d'écart",Tempo [[U+000E]][[U+0001]][[U+0000]][[U+0000]]-Zurück,Turbo [[U+000E]][[U+0001]][[U+0000]][[U+0000]]-Indietro,«[[U+000E]][[U+0001]][[U+0000]][[U+0000]] antes» rápido,Fast [[U+000E]][[U+0001]][[U+0000]][[U+0000]]-Back,"Rapide, [[U+000E]][[U+0001]][[U+0000]][[U+0000]] d'écart","""[[U+000E]][[U+0001]][[U+0000]][[U+0000]] antes"" rápido",Hızlı [[U+000E]][[U+0001]][[U+0000]][[U+0000]]-Geri
Flip_NB_TodayBack_Trial_Clear3Back,244,Flip_NB_TodayBack_Trial_Clear3Back,3-terug of hoger,"[[U+000E]][[U+0000]][[U+0002]][[U+0002]]d3-Back or
higher[[U+000E]][[U+0000]][[U+0002]][[U+0002]]d",3 d'écart ou plus,"3-Zurück
oder besser",3-Indietro o più,«3 antes» o más,"[[U+000E]][[U+0000]][[U+0002]][[U+0002]]d3-Back or
higher[[U+000E]][[U+0000]][[U+0002]][[U+0002]]d",3 d'écart ou plus,"""3 antes"" o más","[[U+000E]][[U+0000]][[U+0002]][[U+0002]]d3-Geri veya
üzeri[[U+000E]][[U+0000]][[U+0002]][[U+0002]]d"
Flip_NB_TodaySlide_0,245,Flip_NB_TodaySlide_0,Niveau rustig [[U+000E]][[U+0001]][[U+0000]][[U+0000]],Slow [[U+000E]][[U+0001]][[U+0000]][[U+0000]]-Mouse,"Lent, [[U+000E]][[U+0001]][[U+0000]][[U+0000]] souris",Einsteiger [[U+000E]][[U+0001]][[U+0000]][[U+0000]]er-Maus,Piano [[U+000E]][[U+0001]][[U+0000]][[U+0000]]-Cercatopi,Nivel [[U+000E]][[U+0001]][[U+0000]][[U+0000]] lento,Slow [[U+000E]][[U+0001]][[U+0000]][[U+0000]]-Mouse,"Lent, [[U+000E]][[U+0001]][[U+0000]][[U+0000]] souris",Nivel [[U+000E]][[U+0001]][[U+0000]][[U+0000]] lento,Yavaş [[U+000E]][[U+0001]][[U+0000]][[U+0000]]-Fare
Flip_NB_TodaySlide_1,246,Flip_NB_TodaySlide_1,Niveau [[U+000E]][[U+0001]][[U+0000]][[U+0000]],[[U+000E]][[U+0001]][[U+0000]][[U+0000]]-Mouse,[[U+000E]][[U+0001]][[U+0000]][[U+0000]] souris,[[U+000E]][[U+0001]][[U+0000]][[U+0000]]er-Maus,[[U+000E]][[U+0001]][[U+0000]][[U+0000]]-Cercatopi,Nivel [[U+000E]][[U+0001]][[U+0000]][[U+0000]],[[U+000E]][[U+0001]][[U+0000]][[U+0000]]-Mouse,[[U+000E]][[U+0001]][[U+0000]][[U+0000]] souris,Nivel [[U+000E]][[U+0001]][[U+0000]][[U+0000]],[[U+000E]][[U+0001]][[U+0000]][[U+0000]]-Fare
Flip_NB_TodaySlide_2,247,Flip_NB_TodaySlide_2,Niveau snel [[U+000E]][[U+0001]][[U+0000]][[U+0000]],Fast [[U+000E]][[U+0001]][[U+0000]][[U+0000]]-Mouse,"Rapide, [[U+000E]][[U+0001]][[U+0000]][[U+0000]] souris",Tempo [[U+000E]][[U+0001]][[U+0000]][[U+0000]]er-Maus,Turbo [[U+000E]][[U+0001]][[U+0000]][[U+0000]]-Cercatopi,Nivel [[U+000E]][[U+0001]][[U+0000]][[U+0000]] rápido,Fast [[U+000E]][[U+0001]][[U+0000]][[U+0000]]-Mouse,"Rapide, [[U+000E]][[U+0001]][[U+0000]][[U+0000]] souris",Nivel [[U+000E]][[U+0001]][[U+0000]][[U+0000]] rápido,Hızlı [[U+000E]][[U+0001]][[U+0000]][[U+0000]]-Fare
Flip_NB_TodayCup_0,248,Flip_NB_TodayCup_0,Niveau rustig [[U+000E]][[U+0001]][[U+0000]][[U+0000]] ,Slow [[U+000E]][[U+0001]][[U+0000]][[U+0000]]-Cup,"Lent, [[U+000E]][[U+0001]][[U+0000]][[U+0000]] gobelets",Einsteiger [[U+000E]][[U+0001]][[U+0000]][[U+0000]]er-Hütchen,Piano [[U+000E]][[U+0001]][[U+0000]][[U+0000]] bicchieri,«[[U+000E]][[U+0001]][[U+0000]][[U+0000]] vasos» lento,Slow [[U+000E]][[U+0001]][[U+0000]][[U+0000]]-Cup,"Lent, [[U+000E]][[U+0001]][[U+0000]][[U+0000]] gobelets","""[[U+000E]][[U+0001]][[U+0000]][[U+0000]] vasos"" lento",Yavaş [[U+000E]][[U+0001]][[U+0000]][[U+0000]]-Kupa
Flip_NB_TodayCup_1,249,Flip_NB_TodayCup_1,Niveau [[U+000E]][[U+0001]][[U+0000]][[U+0000]],[[U+000E]][[U+0001]][[U+0000]][[U+0000]]-Cup,[[U+000E]][[U+0001]][[U+0000]][[U+0000]] gobelets,[[U+000E]][[U+0001]][[U+0000]][[U+0000]]er-Hütchen,[[U+000E]][[U+0001]][[U+0000]][[U+0000]] bicchieri,«[[U+000E]][[U+0001]][[U+0000]][[U+0000]] vasos»,[[U+000E]][[U+0001]][[U+0000]][[U+0000]]-Cup,[[U+000E]][[U+0001]][[U+0000]][[U+0000]] gobelets,"""[[U+000E]][[U+0001]][[U+0000]][[U+0000]] vasos""",[[U+000E]][[U+0001]][[U+0000]][[U+0000]]-Kupa
Flip_NB_TodayCup_2,250,Flip_NB_TodayCup_2,Niveau snel [[U+000E]][[U+0001]][[U+0000]][[U+0000]] ,Fast [[U+000E]][[U+0001]][[U+0000]][[U+0000]]-Cup,"Rapide, [[U+000E]][[U+0001]][[U+0000]][[U+0000]] gobelets",Tempo [[U+000E]][[U+0001]][[U+0000]][[U+0000]]er-Hütchen,Turbo [[U+000E]][[U+0001]][[U+0000]][[U+0000]] bicchieri,«[[U+000E]][[U+0001]][[U+0000]][[U+0000]] vasos» rápido,Fast [[U+000E]][[U+0001]][[U+0000]][[U+0000]]-Cup,"Rapide, [[U+000E]][[U+0001]][[U+0000]][[U+0000]] gobelets","""[[U+000E]][[U+0001]][[U+0000]][[U+0000]] vasos"" rápido",Hızlı [[U+000E]][[U+0001]][[U+0000]][[U+0000]]-Kupa
Flip_NB_WMI_Capacity,251,Flip_NB_WMI_Capacity,,,,,,,,,,
Flip_NB_WMI_Process,252,Flip_NB_WMI_Process,,,,,,,,,,
Flip_NB_End,253,Flip_NB_End,,,,,,,,,,
Flip_CT_Title,254,Flip_CT_Title,,,,,,,,,,
Flip_CT_Result_Time,255,Flip_CT_Result_Time,,,,,,,,,,
Flip_CT_Result_Title,256,Flip_CT_Result_Title,,,,,,,,,,
Flip_CT_Result_Name,257,Flip_CT_Result_Name,,,,,,,,,,
Flip_CT_Result_Rank_Title,258,Flip_CT_Result_Rank_Title,,,,,,,,,,
Flip_CT_Result_Rank_0,259,Flip_CT_Result_Rank_0,,,,,,,,,,
Flip_CT_Result_Rank_1,260,Flip_CT_Result_Rank_1,,,,,,,,,,
Flip_CT_Result_Rank_2,261,Flip_CT_Result_Rank_2,,,,,,,,,,
Flip_CT_Result_Rank_3,262,Flip_CT_Result_Rank_3,,,,,,,,,,
Flip_CT_Result_Rank_4,263,Flip_CT_Result_Rank_4,,,,,,,,,,
Flip_CT_Result_Rank_5,264,Flip_CT_Result_Rank_5,,,,,,,,,,
Flip_CT_Result_Rank_6,265,Flip_CT_Result_Rank_6,,,,,,,,,,
Flip_CT_Result_Rank_7,266,Flip_CT_Result_Rank_7,,,,,,,,,,
Flip_CT_Result_Rank_8,267,Flip_CT_Result_Rank_8,,,,,,,,,,
Flip_CT_Result_C_Rank_0,268,Flip_CT_Result_C_Rank_0,,,,,,,,,,
Flip_CT_Result_C_Rank_1,269,Flip_CT_Result_C_Rank_1,,,,,,,,,,
Flip_CT_Result_C_Rank_2,270,Flip_CT_Result_C_Rank_2,,,,,,,,,,
Flip_CT_Result_C_Rank_3,271,Flip_CT_Result_C_Rank_3,,,,,,,,,,
Flip_CT_Result_C_Rank_4,272,Flip_CT_Result_C_Rank_4,,,,,,,,,,
Flip_CT_Result_C_Rank_5,273,Flip_CT_Result_C_Rank_5,,,,,,,,,,
Flip_CT_Result_C_Rank_6,274,Flip_CT_Result_C_Rank_6,,,,,,,,,,
Flip_CT_Result_C_Rank_7,275,Flip_CT_Result_C_Rank_7,,,,,,,,,,
Flip_CT_Result_C_Rank_8,276,Flip_CT_Result_C_Rank_8,,,,,,,,,,
Flip_CT_Result_S,277,Flip_CT_Result_S,[[U+000E]][[U+0001]][[U+0000]][[U+0000]] s,[[U+000E]][[U+0001]][[U+0000]][[U+0000]]sec,[[U+000E]][[U+0001]][[U+0000]][[U+0000]] s,[[U+000E]][[U+0001]][[U+0000]][[U+0000]] Sek.,[[U+000E]][[U+0001]][[U+0000]][[U+0000]] s,[[U+000E]][[U+0001]][[U+0000]][[U+0000]] s,[[U+000E]][[U+0001]][[U+0000]][[U+0000]] sec.,[[U+000E]][[U+0001]][[U+0000]][[U+0000]] s,[[U+000E]][[U+0001]][[U+0000]][[U+0000]] s,[[U+000E]][[U+0001]][[U+0000]][[U+0000]]sn
Flip_CT_Result_MS,278,Flip_CT_Result_MS,[[U+000E]][[U+0001]][[U+0001]][[U+0000]] min [[U+000E]][[U+0001]][[U+0000]][[U+0000]] s,[[U+000E]][[U+0001]][[U+0001]][[U+0000]]min [[U+000E]][[U+0001]][[U+0000]][[U+0000]]sec,[[U+000E]][[U+0001]][[U+0001]][[U+0000]] min [[U+000E]][[U+0001]][[U+0000]][[U+0000]] s,[[U+000E]][[U+0001]][[U+0001]][[U+0000]] Min. [[U+000E]][[U+0001]][[U+0000]][[U+0000]] Sek.,[[U+000E]][[U+0001]][[U+0001]][[U+0000]] min [[U+000E]][[U+0001]][[U+0000]][[U+0000]] s,[[U+000E]][[U+0001]][[U+0001]][[U+0000]] min [[U+000E]][[U+0001]][[U+0000]][[U+0000]] s,[[U+000E]][[U+0001]][[U+0001]][[U+0000]] min. [[U+000E]][[U+0001]][[U+0000]][[U+0000]] sec.,[[U+000E]][[U+0001]][[U+0001]][[U+0000]] min [[U+000E]][[U+0001]][[U+0000]][[U+0000]] s,[[U+000E]][[U+0001]][[U+0001]][[U+0000]] min [[U+000E]][[U+0001]][[U+0000]][[U+0000]] s,[[U+000E]][[U+0001]][[U+0001]][[U+0000]]dk [[U+000E]][[U+0001]][[U+0000]][[U+0000]]sn
Flip_CT_Comment_Title,279,Flip_CT_Comment_Title,,,,,,,,,,
Flip_CT_Comment_Boy,280,Flip_CT_Comment_Boy,,,,,,,,,,
Flip_CT_Comment_Girl,281,Flip_CT_Comment_Girl,,,,,,,,,,
Flip_CT_Comment_First_0,282,Flip_CT_Comment_First_0,,,,,,,,,,
Flip_CT_Comment_First_1,283,Flip_CT_Comment_First_1,,,,,,,,,,
Flip_CT_Comment_First_2,284,Flip_CT_Comment_First_2,,,,,,,,,,
Flip_CT_Comment_First_3,285,Flip_CT_Comment_First_3,,,,,,,,,,
Flip_CT_Comment_First_4,286,Flip_CT_Comment_First_4,,,,,,,,,,
Flip_CT_Comment_First_5,287,Flip_CT_Comment_First_5,,,,,,,,,,
Flip_CT_Comment_First_6,288,Flip_CT_Comment_First_6,,,,,,,,,,
Flip_CT_Comment_First_7,289,Flip_CT_Comment_First_7,,,,,,,,,,
Flip_CT_Comment_First_8,290,Flip_CT_Comment_First_8,,,,,,,,,,
Flip_CT_Comment_Same_0,291,Flip_CT_Comment_Same_0,,,,,,,,,,
Flip_CT_Comment_Same_1,292,Flip_CT_Comment_Same_1,,,,,,,,,,
Flip_CT_Comment_Same_2,293,Flip_CT_Comment_Same_2,,,,,,,,,,
Flip_CT_Comment_Same_3,294,Flip_CT_Comment_Same_3,,,,,,,,,,
Flip_CT_Comment_Same_4,295,Flip_CT_Comment_Same_4,,,,,,,,,,
Flip_CT_Comment_Same_5,296,Flip_CT_Comment_Same_5,,,,,,,,,,
Flip_CT_Comment_Same_6,297,Flip_CT_Comment_Same_6,,,,,,,,,,
Flip_CT_Comment_Same_7,298,Flip_CT_Comment_Same_7,,,,,,,,,,
Flip_CT_Comment_Same_8,299,Flip_CT_Comment_Same_8,,,,,,,,,,
Flip_CT_Comment_Up_0,300,Flip_CT_Comment_Up_0,,,,,,,,,,
Flip_CT_Comment_Up_1,301,Flip_CT_Comment_Up_1,,,,,,,,,,
Flip_CT_Comment_Up_2,302,Flip_CT_Comment_Up_2,,,,,,,,,,
Flip_CT_Comment_Up_3,303,Flip_CT_Comment_Up_3,,,,,,,,,,
Flip_CT_Comment_Up_4,304,Flip_CT_Comment_Up_4,,,,,,,,,,
Flip_CT_Comment_Up_5,305,Flip_CT_Comment_Up_5,,,,,,,,,,
Flip_CT_Comment_Up_6,306,Flip_CT_Comment_Up_6,,,,,,,,,,
Flip_CT_Comment_Up_7,307,Flip_CT_Comment_Up_7,,,,,,,,,,
Flip_CT_Comment_Up_8,308,Flip_CT_Comment_Up_8,,,,,,,,,,
Flip_CT_Comment_Down_0,309,Flip_CT_Comment_Down_0,,,,,,,,,,
Flip_CT_Comment_Down_1,310,Flip_CT_Comment_Down_1,,,,,,,,,,
Flip_CT_Comment_Down_2,311,Flip_CT_Comment_Down_2,,,,,,,,,,
Flip_CT_Comment_Down_3,312,Flip_CT_Comment_Down_3,,,,,,,,,,
Flip_CT_Comment_Down_4,313,Flip_CT_Comment_Down_4,,,,,,,,,,
Flip_CT_Comment_Down_5,314,Flip_CT_Comment_Down_5,,,,,,,,,,
Flip_CT_Comment_Down_6,315,Flip_CT_Comment_Down_6,,,,,,,,,,
Flip_CT_Comment_Down_7,316,Flip_CT_Comment_Down_7,,,,,,,,,,
Flip_CT_Comment_Down_8,317,Flip_CT_Comment_Down_8,,,,,,,,,,
Flip_CT_Hanko_0_0,318,Flip_CT_Hanko_0_0,,,,,,,,,,
Flip_CT_Hanko_0_1,319,Flip_CT_Hanko_0_1,,,,,,,,,,
Flip_CT_Hanko_0_2,320,Flip_CT_Hanko_0_2,,,,,,,,,,
Flip_CT_Hanko_1_0,321,Flip_CT_Hanko_1_0,,,,,,,,,,
Flip_CT_Hanko_1_1,322,Flip_CT_Hanko_1_1,,,,,,,,,,
Flip_CT_Hanko_1_2,323,Flip_CT_Hanko_1_2,,,,,,,,,,
Flip_CT_Hanko_2_0,324,Flip_CT_Hanko_2_0,,,,,,,,,,
Flip_CT_Hanko_2_1,325,Flip_CT_Hanko_2_1,,,,,,,,,,
Flip_CT_Hanko_2_2,326,Flip_CT_Hanko_2_2,,,,,,,,,,
Flip_CT_Hanko_3_0,327,Flip_CT_Hanko_3_0,,,,,,,,,,
Flip_CT_Hanko_3_1,328,Flip_CT_Hanko_3_1,,,,,,,,,,
Flip_CT_Hanko_3_2,329,Flip_CT_Hanko_3_2,,,,,,,,,,
Flip_CT_Hanko_4_0,330,Flip_CT_Hanko_4_0,,,,,,,,,,
Flip_CT_Hanko_4_1,331,Flip_CT_Hanko_4_1,,,,,,,,,,
Flip_CT_Hanko_4_2,332,Flip_CT_Hanko_4_2,,,,,,,,,,
Flip_CT_Hanko_5_0,333,Flip_CT_Hanko_5_0,,,,,,,,,,
Flip_CT_Hanko_5_1,334,Flip_CT_Hanko_5_1,,,,,,,,,,
Flip_CT_Hanko_5_2,335,Flip_CT_Hanko_5_2,,,,,,,,,,
Flip_CT_Hanko_6_0,336,Flip_CT_Hanko_6_0,,,,,,,,,,
Flip_CT_Hanko_6_1,337,Flip_CT_Hanko_6_1,,,,,,,,,,
Flip_CT_Hanko_6_2,338,Flip_CT_Hanko_6_2,,,,,,,,,,
Flip_CT_Hanko_7_0,339,Flip_CT_Hanko_7_0,,,,,,,,,,
Flip_CT_Hanko_7_1,340,Flip_CT_Hanko_7_1,,,,,,,,,,
Flip_CT_Hanko_7_2,341,Flip_CT_Hanko_7_2,,,,,,,,,,
Flip_CT_Hanko_8_0,342,Flip_CT_Hanko_8_0,,,,,,,,,,
Flip_CT_Hanko_8_1,343,Flip_CT_Hanko_8_1,,,,,,,,,,
Flip_CT_Hanko_8_2,344,Flip_CT_Hanko_8_2,,,,,,,,,,
Flip_CT_Graph,345,Flip_CT_Graph,,,,,,,,,,
Flip_Graph_TrnName_CCheck,346,Flip_Graph_TrnName_CCheck,Concentratietest,Concentration Challenge,Test de concentration,Konzentrationstest,Sfida alla concentrazione,Prueba de concentración,Concentration Challenge,Test de concentration,Prueba de concentración,Odaklanma Mücadelesi
Flip_Graph_TrnName_Nback,347,Flip_Graph_TrnName_Nback,Duivelse sommen,Devilish Calculations,Calcul infernal,Zahlenmerken,Calcolo infernale,Cálculo infernal,Devilish Calculations,Calcul infernal,Cálculo infernal,Şeytani Hesaplamalar
Flip_Graph_TrnName_SpaceMemory,348,Flip_Graph_TrnName_SpaceMemory,Duivelse blokken,Devilish Blocks,Cubes infernaux,Blöcke,Cubi infernali,Bloques infernales,Devilish Blocks,Cubes infernaux,Bloques infernales,Şeytani Bloklar
Flip_Graph_TrnName_Pelmanism,349,Flip_Graph_TrnName_Pelmanism,Duivelse duo's,Devilish Pairs,Cartes infernales,Paarsuche,Coppie infernali,Baraja infernal,Devilish Pairs,Cartes infernales,Baraja infernal,Şeytani Çiftler
Flip_Graph_TrnName_Reading,350,Flip_Graph_TrnName_Reading,Duivels lezen,Devilish Reading,Lecture infernale,Vorlesen,Lettura infernale,Lectura infernal,Devilish Reading,Lecture infernale,Lectura infernal,Şeytani Okuma
Flip_Graph_TrnName_Slide,351,Flip_Graph_TrnName_Slide,Duivels kat-en-muis,Devilish Mice,Souris infernales,Mäusejagd,Cercatopi infernale,Escondite infernal,Devilish Mice,Souris infernales,Escondite infernal,Şeytani Fareler
Flip_Graph_TrnName_Shuffle,352,Flip_Graph_TrnName_Shuffle,Duivelse bekers,Devilish Cups,Gobelets infernaux,Hütchenspiel,Bicchieri infernali,Vasos infernales,Devilish Cups,Gobelets infernaux,Vasos infernales,Şeytani Bardaklar
Flip_Graph_TrnName_NBListen,353,Flip_Graph_TrnName_NBListen,Duivels luisteren,Devilish Listening,Calcul infernal dicté,Rechendiktat,Ascoltacalcolo infernale,Aritmética infernal,Devilish Listening,Calcul infernal dicté,Aritmética infernal,Şeytani Dinleme
Flip_Graph_TrnName_NBSymbol,354,Flip_Graph_TrnName_NBSymbol,Duivelse symbolen,Devilish Shapes,Symboles infernaux,Symbolemerken,Memosimbolo infernale,Formas infernales,Devilish Shapes,Symboles infernaux,Formas infernales,Şeytani Şekiller
Flip_Graph_TrnName_WMI_Capacity,355,Flip_Graph_TrnName_WMI_Capacity,,,,,,,,,,
Flip_Graph_TrnName_WMI_Process,356,Flip_Graph_TrnName_WMI_Process,,,,,,,,,,
Flip_Graph_Date,357,Flip_Graph_Date,[[U+000E]][[U+0001]][[U+0001]][[U+0000]]-[[U+000E]][[U+0001]][[U+0000]][[U+0000]],[[U+000E]][[U+0001]][[U+0001]][[U+0000]]/[[U+000E]][[U+0001]][[U+0000]][[U+0000]],[[U+000E]][[U+0001]][[U+0001]][[U+0000]]/[[U+000E]][[U+0001]][[U+0000]][[U+0000]],[[U+000E]][[U+0001]][[U+0001]][[U+0000]].[[U+000E]][[U+0001]][[U+0000]][[U+0000]].,[[U+000E]][[U+0001]][[U+0001]][[U+0000]]/[[U+000E]][[U+0001]][[U+0000]][[U+0000]],[[U+000E]][[U+0001]][[U+0001]][[U+0000]]-[[U+000E]][[U+0001]][[U+0000]][[U+0000]],[[U+000E]][[U+0001]][[U+0000]][[U+0000]]/[[U+000E]][[U+0001]][[U+0001]][[U+0000]],[[U+000E]][[U+0001]][[U+0001]][[U+0000]]-[[U+000E]][[U+0001]][[U+0000]][[U+0000]],[[U+000E]][[U+0001]][[U+0001]][[U+0000]]/[[U+000E]][[U+0001]][[U+0000]][[U+0000]],[[U+000E]][[U+0001]][[U+0001]][[U+0000]]/[[U+000E]][[U+0001]][[U+0000]][[U+0000]]
Flip_Graph_Unit_Back,358,Flip_Graph_Unit_Back,,,,,,,,,,
Flip_Graph_Unit_Cup,359,Flip_Graph_Unit_Cup,,,,,,,,,,
Flip_Graph_Unit_Slide,360,Flip_Graph_Unit_Slide,,,,,,,,,,
Flip_Graph_Unit_Level,361,Flip_Graph_Unit_Level,,,,,,,,,,
Flip_Graph_Unit_Sec,362,Flip_Graph_Unit_Sec,s,sec, s,Sek., S, s, sec., s, s,sn
Flip_Graph_Unit_Min,363,Flip_Graph_Unit_Min,min,min, min,Min.,Min,min, min., min,min,dk
Flip_Graph_Unit_WMI,364,Flip_Graph_Unit_WMI, pt.,[[U+000E]][[U+0000]][[U+0002]][[U+0002]]d Pts[[U+000E]][[U+0000]][[U+0002]][[U+0002]]d, p,Pkt., P.,[[U+000E]][[U+0000]][[U+0002]][[U+0002]]dptos.[[U+000E]][[U+0000]][[U+0002]][[U+0002]]d,[[U+000E]][[U+0000]][[U+0002]][[U+0002]]d pts.[[U+000E]][[U+0000]][[U+0002]][[U+0002]]d, p,[[U+000E]][[U+0000]][[U+0002]][[U+0002]]dptos.[[U+000E]][[U+0000]][[U+0002]][[U+0002]]d,[[U+000E]][[U+0000]][[U+0002]][[U+0002]]d Puan[[U+000E]][[U+0000]][[U+0002]][[U+0002]]d
Flip_Graph_SideScore0,365,Flip_Graph_SideScore0,[[U+000E]][[U+0001]][[U+0000]][[U+0000]],[[U+000E]][[U+0001]][[U+0000]][[U+0000]],[[U+000E]][[U+0001]][[U+0000]][[U+0000]],[[U+000E]][[U+0001]][[U+0000]][[U+0000]],[[U+000E]][[U+0001]][[U+0000]][[U+0000]],[[U+000E]][[U+0001]][[U+0000]][[U+0000]],[[U+000E]][[U+0001]][[U+0000]][[U+0000]],[[U+000E]][[U+0001]][[U+0000]][[U+0000]],[[U+000E]][[U+0001]][[U+0000]][[U+0000]],[[U+000E]][[U+0001]][[U+0000]][[U+0000]]
Flip_Graph_SideScore1,366,Flip_Graph_SideScore1,[[U+000E]][[U+0001]][[U+0001]][[U+0000]],[[U+000E]][[U+0001]][[U+0001]][[U+0000]],[[U+000E]][[U+0001]][[U+0001]][[U+0000]],[[U+000E]][[U+0001]][[U+0001]][[U+0000]],[[U+000E]][[U+0001]][[U+0001]][[U+0000]],[[U+000E]][[U+0001]][[U+0001]][[U+0000]],[[U+000E]][[U+0001]][[U+0001]][[U+0000]],[[U+000E]][[U+0001]][[U+0001]][[U+0000]],[[U+000E]][[U+0001]][[U+0001]][[U+0000]],[[U+000E]][[U+0001]][[U+0001]][[U+0000]]
Flip_Graph_SideScore2,367,Flip_Graph_SideScore2,[[U+000E]][[U+0001]][[U+0002]][[U+0000]],[[U+000E]][[U+0001]][[U+0002]][[U+0000]],[[U+000E]][[U+0001]][[U+0002]][[U+0000]],[[U+000E]][[U+0001]][[U+0002]][[U+0000]],[[U+000E]][[U+0001]][[U+0002]][[U+0000]],[[U+000E]][[U+0001]][[U+0002]][[U+0000]],[[U+000E]][[U+0001]][[U+0002]][[U+0000]],[[U+000E]][[U+0001]][[U+0002]][[U+0000]],[[U+000E]][[U+0001]][[U+0002]][[U+0000]],[[U+000E]][[U+0001]][[U+0002]][[U+0000]]
Flip_Graph_SideScore3,368,Flip_Graph_SideScore3,[[U+000E]][[U+0001]][[U+0003]][[U+0000]],[[U+000E]][[U+0001]][[U+0003]][[U+0000]],[[U+000E]][[U+0001]][[U+0003]][[U+0000]],[[U+000E]][[U+0001]][[U+0003]][[U+0000]],[[U+000E]][[U+0001]][[U+0003]][[U+0000]],[[U+000E]][[U+0001]][[U+0003]][[U+0000]],[[U+000E]][[U+0001]][[U+0003]][[U+0000]],[[U+000E]][[U+0001]][[U+0003]][[U+0000]],[[U+000E]][[U+0001]][[U+0003]][[U+0000]],[[U+000E]][[U+0001]][[U+0003]][[U+0000]]
Flip_Graph_SideScore4,369,Flip_Graph_SideScore4,[[U+000E]][[U+0001]][[U+0004]][[U+0000]],[[U+000E]][[U+0001]][[U+0004]][[U+0000]],[[U+000E]][[U+0001]][[U+0004]][[U+0000]],[[U+000E]][[U+0001]][[U+0004]][[U+0000]],[[U+000E]][[U+0001]][[U+0004]][[U+0000]],[[U+000E]][[U+0001]][[U+0004]][[U+0000]],[[U+000E]][[U+0001]][[U+0004]][[U+0000]],[[U+000E]][[U+0001]][[U+0004]][[U+0000]],[[U+000E]][[U+0001]][[U+0004]][[U+0000]],[[U+000E]][[U+0001]][[U+0004]][[U+0000]]
Flip_Graph_SideTime0,370,Flip_Graph_SideTime0,[[U+000E]][[U+0001]][[U+0000]][[U+0000]],[[U+000E]][[U+0001]][[U+0000]][[U+0000]],[[U+000E]][[U+0001]][[U+0000]][[U+0000]],[[U+000E]][[U+0001]][[U+0000]][[U+0000]],[[U+000E]][[U+0001]][[U+0000]][[U+0000]],[[U+000E]][[U+0001]][[U+0000]][[U+0000]],[[U+000E]][[U+0001]][[U+0000]][[U+0000]],[[U+000E]][[U+0001]][[U+0000]][[U+0000]],[[U+000E]][[U+0001]][[U+0000]][[U+0000]],[[U+000E]][[U+0001]][[U+0000]][[U+0000]]
Flip_Graph_SideTime1,371,Flip_Graph_SideTime1,[[U+000E]][[U+0001]][[U+0001]][[U+0000]],[[U+000E]][[U+0001]][[U+0001]][[U+0000]],[[U+000E]][[U+0001]][[U+0001]][[U+0000]],[[U+000E]][[U+0001]][[U+0001]][[U+0000]],[[U+000E]][[U+0001]][[U+0001]][[U+0000]],[[U+000E]][[U+0001]][[U+0001]][[U+0000]],[[U+000E]][[U+0001]][[U+0001]][[U+0000]],[[U+000E]][[U+0001]][[U+0001]][[U+0000]],[[U+000E]][[U+0001]][[U+0001]][[U+0000]],[[U+000E]][[U+0001]][[U+0001]][[U+0000]]
Flip_Graph_SideTime2,372,Flip_Graph_SideTime2,[[U+000E]][[U+0001]][[U+0002]][[U+0000]],[[U+000E]][[U+0001]][[U+0002]][[U+0000]],[[U+000E]][[U+0001]][[U+0002]][[U+0000]],[[U+000E]][[U+0001]][[U+0002]][[U+0000]],[[U+000E]][[U+0001]][[U+0002]][[U+0000]],[[U+000E]][[U+0001]][[U+0002]][[U+0000]],[[U+000E]][[U+0001]][[U+0002]][[U+0000]],[[U+000E]][[U+0001]][[U+0002]][[U+0000]],[[U+000E]][[U+0001]][[U+0002]][[U+0000]],[[U+000E]][[U+0001]][[U+0002]][[U+0000]]
Flip_Graph_SideTime3,373,Flip_Graph_SideTime3,[[U+000E]][[U+0001]][[U+0003]][[U+0000]],[[U+000E]][[U+0001]][[U+0003]][[U+0000]],[[U+000E]][[U+0001]][[U+0003]][[U+0000]],[[U+000E]][[U+0001]][[U+0003]][[U+0000]],[[U+000E]][[U+0001]][[U+0003]][[U+0000]],[[U+000E]][[U+0001]][[U+0003]][[U+0000]],[[U+000E]][[U+0001]][[U+0003]][[U+0000]],[[U+000E]][[U+0001]][[U+0003]][[U+0000]],[[U+000E]][[U+0001]][[U+0003]][[U+0000]],[[U+000E]][[U+0001]][[U+0003]][[U+0000]]
Flip_Graph_SideTime4,374,Flip_Graph_SideTime4,[[U+000E]][[U+0001]][[U+0004]][[U+0000]],[[U+000E]][[U+0001]][[U+0004]][[U+0000]],[[U+000E]][[U+0001]][[U+0004]][[U+0000]],[[U+000E]][[U+0001]][[U+0004]][[U+0000]],[[U+000E]][[U+0001]][[U+0004]][[U+0000]],[[U+000E]][[U+0001]][[U+0004]][[U+0000]],[[U+000E]][[U+0001]][[U+0004]][[U+0000]],[[U+000E]][[U+0001]][[U+0004]][[U+0000]],[[U+000E]][[U+0001]][[U+0004]][[U+0000]],[[U+000E]][[U+0001]][[U+0004]][[U+0000]]
Flip_Falter,375,Flip_Falter,,,,,,,,,,
Flip_Falter_TrnName_Nback,376,Flip_Falter_TrnName_Nback,Duivelse sommen,Devilish Calculations,Calcul infernal,Zahlenmerken,Calcolo infernale,Cálculo infernal,Devilish Calculations,Calcul infernal,Cálculo infernal,Şeytani Hesaplamalar
Flip_Falter_TrnName_SpaceMemory,377,Flip_Falter_TrnName_SpaceMemory,Duivelse blokken,Devilish Blocks,Cubes infernaux,Blöcke,Cubi infernali,Bloques infernales,Devilish Blocks,Cubes infernaux,Bloques infernales,Şeytani Bloklar
Flip_Falter_TrnName_Pelmanism,378,Flip_Falter_TrnName_Pelmanism,Duivelse duo's,Devilish Pairs,Cartes infernales,Paarsuche,Coppie infernali,Baraja infernal,Devilish Pairs,Cartes infernales,Baraja infernal,Şeytani Çiftler
Flip_Falter_TrnName_Reading,379,Flip_Falter_TrnName_Reading,Duivels lezen,Devilish Reading,Lecture infernale,Vorlesen,Lettura infernale,Lectura infernal,Devilish Reading,Lecture infernale,Lectura infernal,Şeytani Okuma
Flip_Falter_TrnName_Slide,380,Flip_Falter_TrnName_Slide,Duivels kat-en-muis,Devilish Mice,Souris infernales,Mäusejagd,Cercatopi infernale,Escondite infernal,Devilish Mice,Souris infernales,Escondite infernal,Şeytani Fareler
Flip_Falter_TrnName_Shuffle,381,Flip_Falter_TrnName_Shuffle,Duivelse bekers,Devilish Cups,Gobelets infernaux,Hütchenspiel,Bicchieri infernali,Vasos infernales,Devilish Cups,Gobelets infernaux,Vasos infernales,Şeytani Bardaklar
Flip_Falter_TrnName_NBListen,382,Flip_Falter_TrnName_NBListen,Duivels luisteren,Devilish Listening,Calcul infernal dicté,Rechendiktat,Ascoltacalcolo infernale,Aritmética infernal,Devilish Listening,Calcul infernal dicté,Aritmética infernal,Şeytani Dinleme
Flip_Falter_TrnName_NBSymbol,383,Flip_Falter_TrnName_NBSymbol,Duivelse symbolen,Devilish Shapes,Symboles infernaux,Symbolemerken,Memosimbolo infernale,Formas infernales,Devilish Shapes,Symboles infernaux,Formas infernales,Şeytani Şekiller
Flip_Falter_RivalMii_Name,384,Flip_Falter_RivalMii_Name,[[U+000E]][[U+0001]][[U+0000]][[U+0000]],[[U+000E]][[U+0001]][[U+0000]][[U+0000]],[[U+000E]][[U+0001]][[U+0000]][[U+0000]],[[U+000E]][[U+0001]][[U+0000]][[U+0000]],[[U+000E]][[U+0001]][[U+0000]][[U+0000]],[[U+000E]][[U+0001]][[U+0000]][[U+0000]],[[U+000E]][[U+0001]][[U+0000]][[U+0000]],[[U+000E]][[U+0001]][[U+0000]][[U+0000]],[[U+000E]][[U+0001]][[U+0000]][[U+0000]],[[U+000E]][[U+0001]][[U+0000]][[U+0000]]
Flip_Falter_RivalMes_Back,385,Flip_Falter_RivalMes_Back,"De overgang van %d-terug
naar %d-terug
duurde %d dagen.","From %d-Back to
%d-Back took
%d days.","Passer de %d d'écart à %d d'écart
m'a pris %d jours.","Von %d-Zurück auf
%d-Zurück in %d Tagen!","Per passare da %d-Indietro
a %d-Indietro ho faticato
%d giorni!","De «%d antes»
a «%d antes»
en %d días.","From %d-Back to
%d-Back took
%d days.","Passer de %d d'écart à %d d'écart
m'a pris %d jours.","De ""%d antes""
a ""%d antes""
en %d días.","%d-Geri'den
%d-Geri'ye çıkmak
%d gün sürdü."
Flip_Falter_RivalMes_Cup,386,Flip_Falter_RivalMes_Cup,"De overgang van niveau %d
naar niveau %d
duurde %d dagen.","From %d-Cup to
%d-Cup took
%d days.","Passer de %d gobelets à %d gobelets
m'a pris %d jours.","Von %der-Hütchen auf
%der-Hütchen in %d Tagen!","Per passare da %d bicchieri
a %d bicchieri ho faticato
%d giorni!","De «%d vasos»
a «%d vasos»
en %d días.","From %d-Cup to
%d-Cup took
%d days.","Passer de %d gobelets à %d gobelets
m'a pris %d jours.","De ""%d vasos""
a ""%d vasos""
en %d días.","%d-Kupa'dan
%d-Kupa'ya çıkmak
%d gün sürdü."
Flip_Falter_RivalMes_Slide,387,Flip_Falter_RivalMes_Slide,"De overgang van niveau %d
naar niveau %d
duurde %d dagen.","From %d-Mouse to
%d-Mouse took
%d days.","Passer de %d souris à %d souris
m'a pris %d jours.","Von %der-Maus auf
%der-Maus in %d Tagen!","Per passare da %d-Cercatopi
a %d-Cercatopi ho faticato
%d giorni!","Del nivel %d
al nivel %d
en %d días.","From %d-Mouse to
%d-Mouse took
%d days.","Passer de %d souris à %d souris
m'a pris %d jours.","Del nivel %d
al nivel %d
en %d días.","%d-Fare'den
%d-Fare'ye çıkmak
%d gün sürdü."
Flip_Falter_RivalMes_Level,388,Flip_Falter_RivalMes_Level,"De overgang van niveau %d
naar niveau %d
duurde %d dagen.","From Level %d to
Level %d took
%d days.","Passer du niveau %d au niveau %d
m'a pris %d jours.","Von Stufe %d auf
Stufe %d in %d Tagen!","Per passare dal livello %d
al livello %d ho faticato
%d giorni!","Del nivel %d
al nivel %d
en %d días.","From Level %d to
Level %d took
%d days.","Passer du niveau %d au niveau %d
m'a pris %d jours.","Del nivel %d
al nivel %d
en %d días.","Seviye %d'den
Seviye %d'ye çıkmak
%d gün sürdü."
WmtMenu_EndCheck,389,WmtMenu_EndCheck,,,,,,,,,,
WmtMenu_EndCheck_Ask,390,WmtMenu_EndCheck_Ask,,,,,,,,,,
WmtMenu_EndCheck_End,391,WmtMenu_EndCheck_End,,,,,,,,,,
WmtMenu_Btn_EndCheck_Cnt,392,WmtMenu_Btn_EndCheck_Cnt,,,,,,,,,,
WmtMenu_Btn_EndCheck_End,393,WmtMenu_Btn_EndCheck_End,,,,,,,,,,
Main_Seq_Greeding,394,Main_Seq_Greeding,,,,,,,,,,
Main_Seq_Greeding_Greed_0,395,Main_Seq_Greeding_Greed_0,Proficiat met je verjaardag!,Happy birthday!,Joyeux anniversaire !,"Herzlichen Glückwunsch
zum Geburtstag!","Tanti auguri di
buon compleanno!",¡Feliz cumpleaños!,Happy birthday!,Bonne fête!,¡Feliz cumpleaños!,Doğum günün kutlu olsun!
Main_Seq_Greeding_Greed_1,396,Main_Seq_Greeding_Greed_1,"Goedemorgen!
Jij bent vroeg op.","Good morning!
You're up early!",Bonjour. Il est encore très tôt.,Guten Morgen! Sie sind ja früh auf!,"Buongiorno!
È molto presto, oggi!","¡Buenos días!
¡Menudo madrugón te has pegado hoy!","Good morning!
You're up early!",Bonjour! Il est encore tôt.,"¡Buenos días!
¡Cuánto has madrugado hoy!","Günaydın!
Erken kalkmışsın!"
Main_Seq_Greeding_Greed_2,397,Main_Seq_Greeding_Greed_2,Goedemorgen!,Good morning!,Bonjour.,Guten Morgen!,Buongiorno!,¡Buenos días!,Good morning!,Bonjour!,¡Buenos días!,Günaydın!
Main_Seq_Greeding_Greed_3,398,Main_Seq_Greeding_Greed_3,Hallo.,Hello there!,Bonjour.,Guten Tag!,Ciao!,¡Hola!,Hello there!,Bonjour!,¡Hola!,Merhaba!
Main_Seq_Greeding_Greed_4,399,Main_Seq_Greeding_Greed_4,Goedenavond.,Good evening!,Bonsoir.,Guten Abend!,Buonasera!,¡Buenas!,Good evening!,Bonsoir!,¡Hola!,İyi akşamlar!
Main_Seq_Greeding_Greed_5,400,Main_Seq_Greeding_Greed_5,"Goedenavond.
O jee, wat is het al laat!","Good evening!
Burning the midnight oil, I see!",Bonsoir ! Ou devrais-je dire bonne nuit ?,Guten Abend! Sie sind ja noch spät auf!,"Buonasera!
Abbiamo fatto tardi, eh!","¡Buenas!
¡Menudas horas!","Good evening!
Burning the midnight oil, eh!",Bonsoir! Ou devrais-je dire bonne nuit?,"¡Hola! ¡Algo me dice que hoy
no tienes mucho sueño!","İyi akşamlar!
Geceyi çalışarak geçiriyorsun, anlaşılan!"
Main_Seq_Greeding_Greed_6,401,Main_Seq_Greeding_Greed_6,Gelukkig nieuwjaar!,Happy New Year!,Bonne et heureuse année !,Frohes Neues Jahr!,Felice anno nuovo!,¡Feliz Año Nuevo!,Happy New Year!,Bonne et heureuse année!,¡Feliz Año Nuevo!,Mutlu Yıllar!
Main_Seq_Greeding_Greed_7,402,Main_Seq_Greeding_Greed_7,Leuk je weer te zien!,How nice to see you again!,Vous revoilà.,Hallo!,Che bello rivederti!,¡Qué alegría volver a verte!,How nice to see you again!,Vous revoilà.,¡Qué alegría volver a verte!,Seni yine görmek ne güzel!
Main_Seq_Greeding_Greed_8,403,Main_Seq_Greeding_Greed_8,Daar ben je weer!,"Ah, we meet again!",Comme on se retrouve !,"Schön, Sie wiederzusehen!",Sono felice di rivederti!,¡Qué bien que volvamos a vernos!,"Ah, we meet again!",Comme on se retrouve!,¡Qué bien que volvamos a vernos!,"Ah, yine karşılaştık!"
Main_Seq_Greeding_Greed_9,404,Main_Seq_Greeding_Greed_9,Hallo!,Hello again!,On se voit souvent aujourd'hui.,"Heute sehen wir uns
ja ganz schön oft!","Ci incontriamo
spesso oggi, eh!",¡Hola otra vez!,Hello again!,On se voit souvent aujourd'hui.,¡Hola otra vez!,Yeniden merhaba!
Main_Seq_Greeding_Greed_10,405,Main_Seq_Greeding_Greed_10,Vrolijk kerstfeest!,Merry Christmas!,Joyeux Noël !,Frohe Feiertage!,Buon Natale!,"¡Jo, jo, jo!
¡Feliz Navidad!",Happy holidays!,Joyeuses fêtes!,¡Felices fiestas!,Mutlu Noeller!
Main_Seq_Greeding_Greed_11,406,Main_Seq_Greeding_Greed_11,Je bent morgen toch jarig?,"It's your birthday tomorrow, isn't it?","Demain, c'est votre anniversaire,
si je ne m'abuse.",Morgen haben Sie ja Geburtstag!,"Domani è il tuo
compleanno!","Mañana cumples años, ¿verdad?","Hey! It's your birthday tomorrow, right?","Demain, c'est votre fête,
si je ne me trompe.","Mañana cumples años, ¿verdad?","Yarın doğum günün, değil mi?"
Main_Seq_Restamp,407,Main_Seq_Restamp,,,,,,,,,,
Main_Seq_Restamp_Select_0,408,Main_Seq_Restamp_Select_0,,,,,,,,,,
Main_Seq_Restamp_Select_1,409,Main_Seq_Restamp_Select_1,,,,,,,,,,
Main_Seq_Restamp_Select_2,410,Main_Seq_Restamp_Select_2,,,,,,,,,,
Main_Seq_Restamp_Btn_0,411,Main_Seq_Restamp_Btn_0,,,,,,,,,,
Main_Seq_Restamp_Btn_1,412,Main_Seq_Restamp_Btn_1,,,,,,,,,,
Main_Seq_Wmt,413,Main_Seq_Wmt,,,,,,,,,,
Main_Seq_Wmt_Nback_Start_0,414,Main_Seq_Wmt_Nback_Start_0,,,,,,,,,,
Main_Seq_Wmt_Nback_Start_0a,415,Main_Seq_Wmt_Nback_Start_0a,,,,,,,,,,
Main_Seq_Wmt_Nback_Start_1,416,Main_Seq_Wmt_Nback_Start_1,,,,,,,,,,
Main_Seq_Wmt_Nback_Start_1a,417,Main_Seq_Wmt_Nback_Start_1a,,,,,,,,,,
Main_Seq_Concent,418,Main_Seq_Concent,,,,,,,,,,
Main_Seq_Concent_Start,419,Main_Seq_Concent_Start,Start!,Go!,C'est parti !,Los!,Iniziamo!,¡Ya!,Go!,C'est parti!,¡Ya!,Başla!
Main_Seq_Concent_Result,420,Main_Seq_Concent_Result,,,,,,,,,,
Main_Seq_Concent_Result_Mes_0,421,Main_Seq_Concent_Result_Mes_0,Goed gedaan.,Good work.,Bon travail.,Gut gemacht!,"Bene, abbiamo finito.",¡Buen trabajo!,Good work.,Bon travail.,¡Buen trabajo!,İyi iş.
Main_Seq_Concent_Result_Mes_1,422,Main_Seq_Concent_Result_Mes_1,Dat is een nieuw record!,That's a new record!,Vous avez établi un nouveau record !,Neuer Rekord!,Hai stabilito un nuovo record!,¡Has logrado un nuevo récord!,That's a new record!,Vous avez établi un nouveau record!,¡Has logrado un nuevo récord!,Bu yeni bir rekor!
Main_Seq_Concent_Result_Graph_0,423,Main_Seq_Concent_Result_Graph_0,"[[U+000E]][[U+0000]][[U+0003]][[U+0004]]￿￿Je kunt de volgende keer het niveau
[[U+000E]][[U+0000]][[U+0003]][[U+0004]]￿[[U+FF00]]Moeilijk [[U+000E]][[U+0000]][[U+0003]][[U+0004]]￿￿proberen.[[U+000E]][[U+0000]][[U+0003]][[U+0004]]￿￿",[[U+000E]][[U+0000]][[U+0003]][[U+0004]]￿￿Why not try it on[[U+000E]][[U+0000]][[U+0003]][[U+0004]]￿￿[[U+000E]][[U+0000]][[U+0003]][[U+0004]]￿[[U+FF00]] Hard[[U+000E]][[U+0000]][[U+0003]][[U+0004]]￿￿[[U+000E]][[U+0000]][[U+0003]][[U+0004]]￿￿ next?[[U+000E]][[U+0000]][[U+0003]][[U+0004]]￿￿,"[[U+000E]][[U+0000]][[U+0003]][[U+0004]]￿￿La prochaine fois, essayez le niveau [[U+000E]][[U+0000]][[U+0003]][[U+0004]]￿[[U+FF00]]difficile[[U+000E]][[U+0000]][[U+0003]][[U+0004]]￿￿.[[U+000E]][[U+0000]][[U+0003]][[U+0004]]￿￿","[[U+000E]][[U+0000]][[U+0003]][[U+0004]]￿￿Probieren Sie es das nächste
Mal doch mit „[[U+000E]][[U+0000]][[U+0003]][[U+0004]]￿[[U+FF00]]Schwierig[[U+000E]][[U+0000]][[U+0003]][[U+0004]]￿￿“![[U+000E]][[U+0000]][[U+0003]][[U+0004]]￿￿","[[U+000E]][[U+0000]][[U+0003]][[U+0004]]￿￿La prossima volta prova
il livello[[U+000E]][[U+0000]][[U+0003]][[U+0004]]￿￿ [[U+000E]][[U+0000]][[U+0003]][[U+0004]]￿[[U+FF00]]difficile[[U+000E]][[U+0000]][[U+0003]][[U+0004]]￿￿[[U+000E]][[U+0000]][[U+0003]][[U+0004]]￿￿![[U+000E]][[U+0000]][[U+0003]][[U+0004]]￿￿","La próxima vez deberías elegir
la opción [[U+000E]][[U+0000]][[U+0003]][[U+0004]]￿[[U+FF00]]Difícil[[U+000E]][[U+0000]][[U+0003]][[U+0004]]￿￿.",[[U+000E]][[U+0000]][[U+0003]][[U+0004]]￿￿Why not try it on[[U+000E]][[U+0000]][[U+0003]][[U+0004]]￿￿[[U+000E]][[U+0000]][[U+0003]][[U+0004]]￿[[U+FF00]] Hard[[U+000E]][[U+0000]][[U+0003]][[U+0004]]￿￿[[U+000E]][[U+0000]][[U+0003]][[U+0004]]￿￿ next?[[U+000E]][[U+0000]][[U+0003]][[U+0004]]￿￿,"[[U+000E]][[U+0000]][[U+0003]][[U+0004]]￿￿La prochaine fois, essayez le niveau [[U+000E]][[U+0000]][[U+0003]][[U+0004]]￿[[U+FF00]]difficile[[U+000E]][[U+0000]][[U+0003]][[U+0004]]￿￿.[[U+000E]][[U+0000]][[U+0003]][[U+0004]]￿￿","La próxima vez deberías elegir
la opción [[U+000E]][[U+0000]][[U+0003]][[U+0004]]￿[[U+FF00]]Difícil[[U+000E]][[U+0000]][[U+0003]][[U+0004]]￿￿.",[[U+000E]][[U+0000]][[U+0003]][[U+0004]]￿￿Bir sonraki sefer[[U+000E]][[U+0000]][[U+0003]][[U+0004]]￿￿[[U+000E]][[U+0000]][[U+0003]][[U+0004]]￿[[U+FF00]] Zor[[U+000E]][[U+0000]][[U+0003]][[U+0004]]￿￿[[U+000E]][[U+0000]][[U+0003]][[U+0004]]￿￿ denemeye ne dersin?[[U+000E]][[U+0000]][[U+0003]][[U+0004]]￿￿
Main_Seq_Concent_Result_Graph_1,424,Main_Seq_Concent_Result_Graph_1,Kon je je goed concentreren?,Were you able to concentrate fully?,"Avez-vous pu focaliser toute
votre concentration ?",Konnten Sie sich gut konzentrieren?,"Com'è andata, hai messo all'opera
la tua concentrazione?","¿Has logrado mantener completamente
la concentración?",Were you able to concentrate fully?,"Avez-vous pu vous concentrer
pleinement?","¿Has logrado mantener completamente
la concentración?",Tam olarak odaklanabildin mi?
Main_Seq_Concent_Result_Graph_2,425,Main_Seq_Concent_Result_Graph_2,Wat een fantastische score!,What an amazing score!,Voilà un record impressionnant !,Das ist ja ein tolles Ergebnis!,Hai dato ottimi risultati!,¡Es un resultado fantástico!,What an amazing score!,Voilà un record impressionnant!,¡Es un resultado fantástico!,Ne muhteşem bir skor!
Main_Seq_Concent_Result_Graph_3,426,Main_Seq_Concent_Result_Graph_3,Probeer je te blijven concentreren!,Try to stay focused!,Ne vous laissez pas distraire.,Geben Sie jetzt nicht auf!,Cerca di non distrarti.,¡Intenta no perder la concentración!,Try to stay focused!,Ne vous laissez pas distraire.,¡Intenta no perder la concentración!,Odaklanmaya çalış!
Main_Seq_Concent_Result_Graph_4,427,Main_Seq_Concent_Result_Graph_4,"Kijk zo nu en dan ook eens
terug naar je resultaten.",Let's check on this from time to time.,Faites ce test de temps en temps.,"Sehen Sie sich doch von Zeit
zu Zeit Ihre Ergebnisse an.","Vieni a sfidare la tua concentrazione
di tanto in tanto!","Deberías hacer esta prueba
cada cierto tiempo.",Let's work on this from time to time.,Faites ce test de temps en temps.,"Deberías hacer esta prueba
cada cierto tiempo.",Bunu ara ara kontrol edelim.
Main_Seq_Concent_Result_Graph_5,428,Main_Seq_Concent_Result_Graph_5,Blijf oefenen met Duivelse Training!,Keep up your Devilish Training!,"Exercez-vous davantage avec
l'entraînement infernal.","Durch das Diabolische Training
können Sie sich sicher noch steigern!","Continua ad allenarti
con l'Allenamento infernale!","¡No abandones el entrenamiento
con Práctica infernal!",Keep up your Devilish Training!,"Exercez-vous davantage avec
l'entraînement infernal.","¡No abandones el entrenamiento
con Práctica infernal!",Şeytani Antrenmana devam et!
Main_Seq_Concent_Result_Graph_6,429,Main_Seq_Concent_Result_Graph_6,"Probeer het de volgende keer nog beter
te doen!",Try to aim even higher next time!,"Essayez de faire encore
mieux la prochaine fois !","Beim nächsten Mal sind Sie
sicher noch etwas besser!","La prossima volta punta
ancora più in alto!",¡Intenta superarte la próxima vez!,Try to aim even higher next time!,"Essayez de faire encore
mieux la prochaine fois!",¡Intenta superarte la próxima vez!,"Bir dahaki sefer daha da yükseği
hedefle!"
Main_Seq_Concent_Result_Graph_7,430,Main_Seq_Concent_Result_Graph_7,"Je hebt je even lang kunnen concentreren
als de vorige keer.","Your concentration span has stayed
consistent!","Vous avez réussi à maintenir
votre temps de concentration.","Ihre Konzentrationsdauer
bleibt konstant!","Vedo che mantieni costante
il tuo tempo di concentrazione.",Sigues obteniendo los mismos resultados.,"Your concentration span has stayed
consistent!","Vous avez réussi à maintenir
votre temps de concentration.",Sigues obteniendo los mismos resultados.,"Odak süren
tutarlı kaldı!"
Main_Seq_Concent_Result_Graph_8,431,Main_Seq_Concent_Result_Graph_8,"Je hebt je langer kunnen concentreren dan
de vorige keer.",Your concentration span is improving!,Votre temps de concentration augmente !,Ihre Konzentrationsdauer nimmt zu!,"Il tuo tempo di concentrazione
sta aumentando!",Hoy has mejorado tu concentración.,Your concentration span is improving!,Votre temps de concentration augmente!,Hoy has mejorado tu concentración.,Odak süren gelişiyor!
Main_Seq_Concent_Result_Graph_9,432,Main_Seq_Concent_Result_Graph_9,Je kon je vandaag beter concentreren.,You managed to focus better today.,"Vous avez réussi à mieux vous
concentrer aujourd'hui !","Heute konnten Sie sich
besser konzentrieren!","Oggi hai mantenuto la concentrazione
più a lungo!",Hoy has mejorado tu concentración.,You managed to focus better today.,"Vous avez réussi à mieux vous
concentrer aujourd'hui!",Hoy has mejorado tu concentración.,Bugün daha iyi odaklanabildin.
Main_Seq_Concent_Result_Graph_10,433,Main_Seq_Concent_Result_Graph_10,Het gaat de laatste tijd niet zo goed.,"You haven't been performing at your best,
recently.","Vous n'avez pas l'air très
en forme ces derniers temps.","In letzter Zeit kommen Sie nicht so
recht in Schwung, nicht wahr?","Mi sembra che ultimamente
tu non riesca a dare il massimo.","Últimamente estás teniendo
alguna que otra dificultad.","You haven't been performing
at your best recently.","Vous n'avez pas l'air très
en forme ces derniers temps.","Últimamente estás teniendo
alguna que otra dificultad.","Son zamanlarda
en iyi performansını sergileyemiyorsun."
Main_Seq_Concent_Result_Graph_11,434,Main_Seq_Concent_Result_Graph_11,Heb je vandaag een slechte dag?,You must be having a bad day.,"Aujourd'hui, c'était un jour sans.",Heute lief es nicht so gut...,"Forse oggi non è
la tua giornata.",Parece que hoy no es tu día.,Maybe you're having an off day.,"Aujourd'hui, c'était une
mauvaise journée.",Parece que hoy no es tu día.,"Bugün kötü bir gün geçiriyor
olmalısın."
Main_Seq_Concent_Result_Graph_12,435,Main_Seq_Concent_Result_Graph_12,Je staat aan de top!,You're overtaking the competition!,Vous avez battu votre rival !,Sie haben einen Rivalen übertroffen!,Ora sei tu in testa!,¡Menuda exhibición!,You're overtaking the competition!,Vous avez battu votre rival!,¡Qué gran exhibición!,Rakiplerini geçiyorsun!
Main_Seq_Concent_Result_Graph_13,436,Main_Seq_Concent_Result_Graph_13,Je concentratie duurde...,You were able to concentrate for,"Le temps pendant lequel vous pouvez
vous concentrer est de...",Ihre Konzentrationsdauer beträgt...,Riesci a mantenere la concentrazione per...,Tu tiempo de concentración actual es...,You were able to concentrate for,"Le temps pendant lequel vous pouvez
vous concentrer est de...",Tu tiempo de concentración actual es...,Şu süre boyunca odaklanabildin:
Main_Seq_Concent_Result_Graph_14,437,Main_Seq_Concent_Result_Graph_14,Interessant om te weten is...,By the way,Pour votre information...,"Ganz nebenbei,",Per inciso...,"Para tu información,","By the way,",Pour votre information...,"Para tu información,",Bu arada
Main_Seq_Concent_Result_Graph_15,438,Main_Seq_Concent_Result_Graph_15,"dat wanneer een twintiger deze uitdaging
voor de eerste keer aangaat...","A person in their 20s
measuring for the first time","Lorsque les personnes qui ont la vingtaine
font le test pour la première fois...","wenn ein etwa 20- bis 30-jähriger den
Test zum ersten Mal machen würde,",il primo risultato di una persona di 20 anni,"si una persona de veintitantos años
afronta este desafío por primera vez,","people in their 20s taking
this challenge for the first time","lorsque les personnes dans la vingtaine
font le test pour la première fois...","si una persona de veintitantos años
afronta este desafío por primera vez,","İlk kez ölçüm yapan
20'li yaşlarda biri"
Main_Seq_Concent_Result_Graph_16,439,Main_Seq_Concent_Result_Graph_16,hij of zij het doorgaans 90 seconden volhoudt.,"should aim for a time of
around 1 minute, 30 seconds.",elles arrivent environ à 1 minute 30.,"sollte er versuchen, ungefähr
90 Sekunden durchzuhalten.",si aggira su 1 minuto e 30 secondi.,"su tiempo debería estar en torno a
1 minuto y 30 segundos.","should aim for a time of
around 1 minute, 30 seconds.",elles arrivent environ à 1 minute 30.,"su tiempo debería estar en torno a
1 minuto y 30 segundos.","yaklaşık 1 dakika, 30 saniye civarında
bir süreyi hedeflemeli."
Main_Seq_Concent_Result_Graph_17,440,Main_Seq_Concent_Result_Graph_17,Interessant om te weten is...,By the way,Pour votre information...,"Ganz nebenbei,",Per inciso...,"Para tu información,","By the way,",Pour votre information...,"Para tu información,",Bu arada
Main_Seq_Concent_Result_Graph_18,441,Main_Seq_Concent_Result_Graph_18,"dat wanneer een dertiger deze uitdaging
voor de eerste keer aangaat...","A person in their 30s
measuring for the first time","Lorsque les personnes qui ont la trentaine
font le test pour la première fois...","wenn ein etwa 30- bis 40-jähriger den
Test zum ersten Mal machen würde,",il primo risultato di una persona di 30 anni,"si una persona de treinta y tantos años
afronta este desafío por primera vez,","people in their 30s taking
this challenge for the first time","lorsque les personnes dans la trentaine
font le test pour la première fois...","si una persona de treinta y tantos años
afronta este desafío por primera vez,","İlk kez ölçüm yapan
30'li yaşlarda biri"
Main_Seq_Concent_Result_Graph_19,442,Main_Seq_Concent_Result_Graph_19,hij of zij het doorgaans 75 seconden volhoudt.,"should aim for a time of
around 1 minute, 15 seconds.",elles arrivent environ à 1 minute 15.,"sollte er versuchen, ungefähr
75 Sekunden durchzuhalten.",si aggira su 1 minuto e 15 secondi.,"su tiempo debería estar en torno a
1 minuto y 15 segundos.","should aim for a time of
around 1 minute, 15 seconds.",elles arrivent environ à 1 minute 15.,"su tiempo debería estar en torno a
1 minuto y 15 segundos.","yaklaşık 1 dakika, 15 saniye civarında
bir süreyi hedeflemeli."
Main_Seq_Concent_Result_Graph_20,443,Main_Seq_Concent_Result_Graph_20,Interessant om te weten is...,By the way,Pour votre information...,"Ganz nebenbei,",Per inciso...,"Para tu información,","By the way,",Pour votre information...,"Para tu información,",Bu arada
Main_Seq_Concent_Result_Graph_21,444,Main_Seq_Concent_Result_Graph_21,"dat wanneer een veertiger deze uitdaging
voor de eerste keer aangaat...","A person in their 40s
measuring for the first time","Lorsque les quadragénaires font
le test pour la première fois...","wenn ein etwa 40- bis 50-jähriger den
Test zum ersten Mal machen würde,",il primo risultato di una persona di 40 anni,"si una persona de cuarenta y tantos años
afronta este desafío por primera vez,","people in their 40s taking
this challenge for the first time","lorsque les quadragénaires font
le test pour la première fois...","si una persona de cuarenta y tantos años
afronta este desafío por primera vez,","İlk kez ölçüm yapan
40'li yaşlarda biri"
Main_Seq_Concent_Result_Graph_22,445,Main_Seq_Concent_Result_Graph_22,hij of zij het doorgaans 60 seconden volhoudt.,"should aim for a time
of around 1 minute.",ils arrivent environ à 1 minute.,"sollte er versuchen, ungefähr
60 Sekunden durchzuhalten.",si aggira su 1 minuto.,"su tiempo debería estar en torno a
1 minuto.","should aim for a time
of around 1 minute.",ils arrivent environ à 1 minute.,"su tiempo debería estar en torno a
1 minuto.","yaklaşık 1 dakika civarında
bir süreyi hedeflemeli."
Main_Seq_Concent_Result_Graph_23,446,Main_Seq_Concent_Result_Graph_23,Interessant om te weten is...,By the way,Pour votre information...,"Ganz nebenbei,",Per inciso...,"Para tu información,","By the way,",Pour votre information...,"Para tu información,",Bu arada
Main_Seq_Concent_Result_Graph_24,447,Main_Seq_Concent_Result_Graph_24,"dat wanneer een vijftiger deze uitdaging
voor de eerste keer aangaat...","A person in their 50s
measuring for the first time","Lorsque les quinquagénaires font
le test pour la première fois...","wenn ein etwa 50- bis 60-jähriger den
Test zum ersten Mal machen würde,",il primo risultato di una persona di 50 anni,"si una persona de cincuenta y tantos años
afronta este desafío por primera vez,","people in their 50s taking
this challenge for the first time","lorsque les quinquagénaires font
le test pour la première fois...","si una persona de cincuenta y tantos años
afronta este desafío por primera vez,","İlk kez ölçüm yapan
50'li yaşlarda biri"
Main_Seq_Concent_Result_Graph_25,448,Main_Seq_Concent_Result_Graph_25,hij of zij het doorgaans 50 seconden volhoudt.,"should aim for a time
of around 50 seconds.",ils arrivent environ à 50 secondes.,"sollte er versuchen, ungefähr
50 Sekunden durchzuhalten.",si aggira sui 50 secondi.,"su tiempo debería estar en torno a
50 segundos.","should aim for a time
of around 50 seconds.",ils arrivent environ à 50 secondes.,"su tiempo debería estar en torno a
50 segundos.","yaklaşık 50 saniye civarında
bir süreyi hedeflemeli."
Main_Seq_Concent_Result_Graph_26,449,Main_Seq_Concent_Result_Graph_26,Interessant om te weten is...,By the way,Pour votre information...,"Ganz nebenbei,",Per inciso...,"Para tu información,","By the way,",Pour votre information...,"Para tu información,",Bu arada
Main_Seq_Concent_Result_Graph_27,450,Main_Seq_Concent_Result_Graph_27,"dat wanneer een zestiger deze uitdaging
voor de eerste keer aangaat...",A person over 60 measuring for the first time,"Lorsque les sexagénaires font
le test pour la première fois...","wenn ein über 60-jähriger den
Test zum ersten Mal machen würde,",il primo risultato di una persona di 60 anni,"si una persona de sesenta y tantos años
afronta este desafío por primera vez,","people over 60 taking this challenge
for the first time","lorsque les sexagénaires font
le test pour la première fois...","si una persona de sesenta y tantos años
afronta este desafío por primera vez,","İlk kez ölçüm yapan
60 yaş üstü biri"
Main_Seq_Concent_Result_Graph_28,451,Main_Seq_Concent_Result_Graph_28,hij of zij het doorgaans 30 seconden volhoudt.,"should aim for a time
of around 30 seconds.",ils arrivent environ à 30 secondes.,"sollte er versuchen, ungefähr
30 Sekunden durchzuhalten.",si aggira sui 30 secondi.,"su tiempo debería estar en torno a
30 segundos.","should aim for a time
of around 30 seconds.",ils arrivent environ à 30 secondes.,"su tiempo debería estar en torno a
30 segundos.","yaklaşık 30 saniye civarında
bir süreyi hedeflemeli."
Main_Seq_EndCheck,452,Main_Seq_EndCheck,,,,,,,,,,
Main_Seq_EndCheck_Check_0,453,Main_Seq_EndCheck_Check_0,De tijd is nog niet om!,You still have some time!,Vous avez encore du temps.,Wir haben noch etwas Zeit!,"Abbiamo ancora un po' di
tempo.",¡Aún te queda algo de tiempo!,You still have some time!,Vous avez encore du temps.,¡Aún te queda algo de tiempo!,Hâlâ biraz zamanın var!
Main_Seq_TimeOver,454,Main_Seq_TimeOver,,,,,,,,,,
Main_Seq_TimeOver_0,455,Main_Seq_TimeOver_0,Dat was het voor vandaag!,That's it for today!,Ça suffit pour aujourd'hui !,Machen wir für heute Schluss.,Per oggi basta così!,¡Eso ha sido todo por hoy!,That's it for today!,Ça suffit pour aujourd'hui!,¡Eso ha sido todo por hoy!,Bugünlük bu kadar!
Main_Seq_End,456,Main_Seq_End,,,,,,,,,,
Main_Seq_End_EndTalk_0,457,Main_Seq_End_EndTalk_0,Bedankt voor het spelen!,Good effort!,Bon travail.,Gut gemacht!,Hai fatto un ottimo lavoro!,¡Buen trabajo!,Good work!,Bon travail.,¡Muchas gracias por jugar!,İyi deneme!
Main_Seq_HandSelect,458,Main_Seq_HandSelect,,,,,,,,,,
Main_Seq_HandSelect_Ask,459,Main_Seq_HandSelect_Ask,Met welke hand schrijf je?,"Tell me, which hand do you write with?","Quelle est votre main
dominante ?","Stellen Sie bitte ein, ob Sie mit
rechts oder links schreiben.",Quale mano usi per scrivere?,"Dime, ¿con qué mano escribes?",Which hand do you write with?,"Quelle est votre main
dominante?","Dime, ¿con qué mano escribes?","Söyle, yazı yazarken hangi elini
kullanırsın?"
Main_Seq_HandSelect_Btn_L,460,Main_Seq_HandSelect_Btn_L,Links,Left,Gauche,Links,Sinistra,Izquierda,Left,Gauche,Izquierda,Sol
Main_Seq_HandSelect_Btn_R,461,Main_Seq_HandSelect_Btn_R,Rechts,Right,Droite,Rechts,Destra,Derecha,Right,Droite,Derecha,Sağ
Main_Seq_HandSelect_Btn_Back,462,Main_Seq_HandSelect_Btn_Back,Terug,Back,Retour,Zurück,Indietro,Atrás,Back,Retour,Atrás,Geri
Main_Seq_Wmt_Result,463,Main_Seq_Wmt_Result,,,,,,,,,,
Main_Seq_Wmt_Result_Graph_0,464,Main_Seq_Wmt_Result_Graph_0,Goed gedaan.,Good work.,Bon travail.,Gut gemacht!,"Bene, abbiamo finito.",¡Buen trabajo!,Good work.,Bon travail.,¡Buen trabajo!,İyi iş.
Main_Seq_Wmt_Result_Graph_1,465,Main_Seq_Wmt_Result_Graph_1,Nu zetten we je score in de grafiek.,Let's put your score on the graph.,"À partir d'aujourd'hui, nous allons
établir un graphique.","Von heute an werden Ihre
Ergebnisse grafisch dargestellt.","Da oggi inseriremo i tuoi
risultati in questo grafico!",Así quedan tus resultados en el gráfico.,Let's put your score on the graph.,"À partir d'aujourd'hui, nous allons
établir un graphique.",Así quedan tus resultados en el gráfico.,Skorunu grafiğe ekleyelim.
Main_Seq_Wmt_Result_Graph_2,466,Main_Seq_Wmt_Result_Graph_2,Dat is een nieuw record!,That's a new record!,Vous avez établi un nouveau record !,Neuer Rekord!,Hai stabilito un nuovo record!,¡Has logrado un nuevo récord!,That's a new record!,Vous avez établi un nouveau record!,¡Has logrado un nuevo récord!,Bu yeni bir rekor!
Main_Seq_Wmt_Result_Graph_3,467,Main_Seq_Wmt_Result_Graph_3,Je hebt je score verbeterd!,You did even better than last time!,C'est mieux que la dernière fois.,Ihr Ergebnis hat sich verbessert!,È andata meglio dell'ultima volta!,Has mejorado con respecto a la última vez.,You did even better than last time!,C'est mieux que la dernière fois.,Has mejorado con respecto a la última vez.,Geçen seferden bile daha iyisin!
Main_Seq_Wmt_Result_Graph_4,468,Main_Seq_Wmt_Result_Graph_4,Je score is gelijk gebleven.,You've matched your last result!,C'est le même résultat que la dernière fois.,"Das gleiche Ergebnis
wie beim letzten Mal.","Hai mantenuto lo stesso risultato
dell'ultima volta!","Has obtenido el mismo resultado
que la última vez.",You've matched your last result!,C'est le même résultat que la dernière fois.,"Has obtenido el mismo resultado
que la última vez.",Geçen seferki sonucunla aynı!
Main_Seq_Wmt_Result_Graph_5_0,469,Main_Seq_Wmt_Result_Graph_5_0,Je krijgt steeds dezelfde score.,"Same result, once again!",Vous obtenez toujours le même résultat.,Sie halten weiterhin das gleiche Ergebnis.,Continui a ottenere lo stesso risultato.,Sigues consiguiendo el mismo resultado.,Same result once again!,Vous obtenez toujours le même résultat.,Sigues consiguiendo el mismo resultado.,Yine aynı sonuç!
Main_Seq_Wmt_Result_Graph_5_1,470,Main_Seq_Wmt_Result_Graph_5_1,Je score is weer hetzelfde gebleven.,"Yet again, you got identical results!",Vous avez encore obtenu le même résultat.,Ihr Ergebnis bleibt immer in etwa gleich.,Ecco un'altra volta lo stesso risultato!,Tu resultado ha sido el mismo.,"Yet again, you got identical results!",Vous avez encore obtenu le même résultat.,Tu resultado ha sido el mismo.,Yine birebir aynı sonucu aldın!
Main_Seq_Wmt_Result_Graph_5_2,471,Main_Seq_Wmt_Result_Graph_5_2,Je score blijft ook vandaag onveranderd.,Today's results are as steady as ever!,"Aujourd'hui encore, votre
résultat reste inchangé.","Auch heute haben Sie einen
ähnlichen Stand wie zuvor.","Anche oggi il risultato
non è cambiato!",Hoy tus resultados siguen igual.,Today's results are as steady as ever!,"Aujourd'hui encore, votre
résultat reste inchangé.",Tus resultados siguen igual hoy.,"Bugünkü sonuçların her zamanki gibi
sağlam!"
Main_Seq_Wmt_Result_Graph_5_3,472,Main_Seq_Wmt_Result_Graph_5_3,Je score is niet veranderd.,Your results haven't wavered!,Vos résultats ne bougent pas.,"Ihre Ergebnisse bleiben in etwa
auf gleichem Niveau.","Il tuo risultato non ha
subito variazioni!",¡Sigues obteniendo los mismos resultados!,Your results haven't wavered!,Vos résultats ne bougent pas.,¡Sigues obteniendo los mismos resultados!,Sonuçların hiç sapmamış!
Main_Seq_Wmt_Result_Graph_5_4,473,Main_Seq_Wmt_Result_Graph_5_4,Je score is stabiel.,You've reached equilibrium!,Vos résultats sont très stables.,"Ihre Ergebnisse haben sich ganz
gut eingependelt, nicht wahr?",Il tuo risultato è stabile!,Tus resultados no varían demasiado.,You've reached equilibrium!,Vos résultats sont très stables.,Tus resultados no varían demasiado.,Dengeyi yakaladın!
Main_Seq_Wmt_Result_Graph_5_5,474,Main_Seq_Wmt_Result_Graph_5_5,"Je hebt vandaag weer dezelfde
score behaald.",Today's results are consistent as ever!,Vous avez réussi à maintenir votre résultat.,"Auch heute konnten Sie
Ihre Ergebnisse halten.","Anche oggi hai mantenuto
lo stesso risultato!","Hoy has vuelto a obtener
los mismos resultados.",Today's results are as consistent as ever!,Vous avez réussi à maintenir votre résultat.,"Hoy has vuelto a obtener
los mismos resultados.",Bugünkü sonuçların her zamanki gibi tutarlı!
Main_Seq_Wmt_Result_Graph_6,475,Main_Seq_Wmt_Result_Graph_6,Je score is vandaag gedaald.,You didn't do as well as last time.,"Aujourd'hui, c'est un peu moins bon.","Heute ist Ihr Ergebnis
etwas niedriger als zuvor.",Oggi è andata un po' meno bene.,"Hoy no lo has hecho tan bien
como la última vez.",You didn't do as well as last time.,"Aujourd'hui, c'est un peu moins bon.","Hoy no lo has hecho tan bien
como la última vez.",Geçen sefer kadar iyi değildin.
Main_Seq_Wmt_Result_Graph_7,476,Main_Seq_Wmt_Result_Graph_7,Je score lijkt gelijk te blijven.,It seems you've reached a plateau!,Vos résultats sont stables.,"Es ist schon schwierig, immer
ein besseres Ergebnis zu erhalten.","Vedo che fatichi
a migliorare.",Te has estancado un poco.,It seems you've reached a plateau!,Vos résultats sont stables.,Te has estancado un poco.,"Görünüşe göre bir platoya
takıldın!"
Main_Seq_Wmt_Result_Graph_8,477,Main_Seq_Wmt_Result_Graph_8,"Laat je motiveren door
je trainingspartners...",Use your Training Partners as motivation...,Essayez de battre vos camarades...,"Setzen Sie das Training fort,","Prendi esempio dai tuoi
Amici di allenamento.","Tener compañeros de práctica
puede servirte de motivación...","Use your Training Partners as motivation,",Essayez de battre vos camarades...,"Tener compañeros de práctica
puede servirte de motivación...","Antrenman Ortaklarını motivasyon olarak
kullan..."
Main_Seq_Wmt_Result_Graph_9,478,Main_Seq_Wmt_Result_Graph_9,en geef niet op!,And persevere through thick and thin!,et n'abandonnez jamais !,"indem Sie sich durch Ihre
Trainingspartner motivieren lassen!","Non arrenderti e
continua ad allenarti!",¡y para seguir adelante sin bajar la guardia!,and persevere through thick and thin!,et n'abandonnez jamais!,¡y para seguir adelante sin bajar la guardia!,Her koşulda azimle devam et!
Main_Seq_Wmt_Result_Graph_10,479,Main_Seq_Wmt_Result_Graph_10,Gefeliciteerd!,Congratulations!,Félicitations !,Herzlichen Glückwunsch!,Congratulazioni!,¡Enhorabuena!,Congratulations!,Félicitations!,¡Felicidades!,Tebrikler!
Main_Seq_Wmt_Result_Graph_11,480,Main_Seq_Wmt_Result_Graph_11,Blijf je best doen!,Try to do even better!,Essayez de faire encore mieux !,"Versuchen Sie, sich noch zu steigern!",Punta sempre più in alto!,¡Sigue progresando así de bien!,Try to do even better!,Essayez de faire encore mieux!,¡Sigue progresando así!,Daha da iyisini yapmaya çalış!
Main_Seq_Wmt_Result_Graph_12,481,Main_Seq_Wmt_Result_Graph_12,"Doe je best bij de andere oefeningen van
Duivelse Training.","Do your best in other Devilish Training
exercises.","Pratiquez aussi les autres
exercices infernaux.","Versuchen Sie es auch noch einmal mit
den anderen Diabolischen Übungen!","Impegnati anche negli altri
allenamenti infernali!","Esfuérzate al máximo en todos los ejercicios
de la sección Práctica infernal.","Do your best in other Devilish Training
exercises.","Pratiquez aussi les autres
exercices infernaux.","Esfuérzate al máximo en todos los ejercicios
de la sección Práctica infernal.","Diğer Şeytani Antrenman
egzersizlerinde de elinden geleni yap."
Main_Seq_Wmt_Result_Grade_00,482,Main_Seq_Wmt_Result_Grade_00,Trainingsrang,Training Grade,Rang infernal,Ihr Trainingsrang...,Grado infernale,Veamos cómo queda tu nivel infernal...,Training Grade,Rang infernal,Veamos cómo queda tu nivel infernal...,Antrenman Derecesi
Main_Seq_Wmt_Result_Grade_Up,483,Main_Seq_Wmt_Result_Grade_Up,,,,,,,,,,
Main_Seq_Wmt_Result_Grade_Up_00,484,Main_Seq_Wmt_Result_Grade_Up_00,[[U+000E]][[U+0000]][[U+0003]][[U+0004]]￿￿Je hebt rang [[U+000E]][[U+0000]][[U+0003]][[U+0004]]￿[[U+FF00]]E [[U+000E]][[U+0000]][[U+0003]][[U+0004]]￿￿bereikt![[U+000E]][[U+0000]][[U+0003]][[U+0004]]￿￿,[[U+000E]][[U+0000]][[U+0003]][[U+0004]]￿￿You've reached [[U+000E]][[U+0000]][[U+0003]][[U+0004]]￿￿[[U+000E]][[U+0000]][[U+0003]][[U+0004]]￿￿Grade [[U+000E]][[U+0000]][[U+0003]][[U+0004]]￿￿[[U+000E]][[U+0000]][[U+0003]][[U+0004]]￿[[U+FF00]]Ｅ[[U+000E]][[U+0000]][[U+0003]][[U+0004]]￿￿[[U+000E]][[U+0000]][[U+0003]][[U+0004]]￿￿![[U+000E]][[U+0000]][[U+0003]][[U+0004]]￿￿,[[U+000E]][[U+0000]][[U+0003]][[U+0004]]￿￿Vous avez atteint le rang[[U+000E]][[U+0000]][[U+0003]][[U+0004]]￿￿ [[U+000E]][[U+0000]][[U+0003]][[U+0004]]￿[[U+FF00]]E[[U+000E]][[U+0000]][[U+0003]][[U+0004]]￿￿ [[U+000E]][[U+0000]][[U+0003]][[U+0004]]￿￿![[U+000E]][[U+0000]][[U+0003]][[U+0004]]￿￿,[[U+000E]][[U+0000]][[U+0003]][[U+0004]]￿￿Sie haben jetzt Rang [[U+000E]][[U+0000]][[U+0003]][[U+0004]]￿[[U+FF00]]E [[U+000E]][[U+0000]][[U+0003]][[U+0004]]￿￿erreicht![[U+000E]][[U+0000]][[U+0003]][[U+0004]]￿￿,[[U+000E]][[U+0000]][[U+0003]][[U+0004]]￿￿Hai raggiunto il grado [[U+000E]][[U+0000]][[U+0003]][[U+0004]]￿￿[[U+000E]][[U+0000]][[U+0003]][[U+0004]]￿[[U+FF00]]E[[U+000E]][[U+0000]][[U+0003]][[U+0004]]￿￿[[U+000E]][[U+0000]][[U+0003]][[U+0004]]￿￿![[U+000E]][[U+0000]][[U+0003]][[U+0004]]￿￿,[[U+000E]][[U+0000]][[U+0003]][[U+0004]]￿￿¡Eres nivel [[U+000E]][[U+0000]][[U+0003]][[U+0004]]￿￿[[U+000E]][[U+0000]][[U+0003]][[U+0004]]￿[[U+FF00]]Ｅ[[U+000E]][[U+0000]][[U+0003]][[U+0004]]￿￿[[U+000E]][[U+0000]][[U+0003]][[U+0004]]￿￿![[U+000E]][[U+0000]][[U+0003]][[U+0004]]￿￿,[[U+000E]][[U+0000]][[U+0003]][[U+0004]]￿￿You've reached [[U+000E]][[U+0000]][[U+0003]][[U+0004]]￿￿[[U+000E]][[U+0000]][[U+0003]][[U+0004]]￿￿Grade [[U+000E]][[U+0000]][[U+0003]][[U+0004]]￿￿[[U+000E]][[U+0000]][[U+0003]][[U+0004]]￿[[U+FF00]]E[[U+000E]][[U+0000]][[U+0003]][[U+0004]]￿￿[[U+000E]][[U+0000]][[U+0003]][[U+0004]]￿￿![[U+000E]][[U+0000]][[U+0003]][[U+0004]]￿￿,[[U+000E]][[U+0000]][[U+0003]][[U+0004]]￿￿Vous avez atteint le rang[[U+000E]][[U+0000]][[U+0003]][[U+0004]]￿￿ [[U+000E]][[U+0000]][[U+0003]][[U+0004]]￿[[U+FF00]]E[[U+000E]][[U+0000]][[U+0003]][[U+0004]]￿￿[[U+000E]][[U+0000]][[U+0003]][[U+0004]]￿￿![[U+000E]][[U+0000]][[U+0003]][[U+0004]]￿￿,[[U+000E]][[U+0000]][[U+0003]][[U+0004]]￿￿¡Has alcanzado el nivel [[U+000E]][[U+0000]][[U+0003]][[U+0004]]￿￿[[U+000E]][[U+0000]][[U+0003]][[U+0004]]￿[[U+FF00]]Ｅ[[U+000E]][[U+0000]][[U+0003]][[U+0004]]￿￿[[U+000E]][[U+0000]][[U+0003]][[U+0004]]￿￿![[U+000E]][[U+0000]][[U+0003]][[U+0004]]￿￿,[[U+000E]][[U+0000]][[U+0003]][[U+0004]]￿￿Ulaştığın [[U+000E]][[U+0000]][[U+0003]][[U+0004]]￿￿[[U+000E]][[U+0000]][[U+0003]][[U+0004]]￿￿rütbe: [[U+000E]][[U+0000]][[U+0003]][[U+0004]]￿￿[[U+000E]][[U+0000]][[U+0003]][[U+0004]]￿[[U+FF00]]E[[U+000E]][[U+0000]][[U+0003]][[U+0004]]￿￿[[U+000E]][[U+0000]][[U+0003]][[U+0004]]￿￿![[U+000E]][[U+0000]][[U+0003]][[U+0004]]￿￿
Main_Seq_Wmt_Result_Grade_Up_01,485,Main_Seq_Wmt_Result_Grade_Up_01,[[U+000E]][[U+0000]][[U+0003]][[U+0004]]￿￿Je hebt rang [[U+000E]][[U+0000]][[U+0003]][[U+0004]]￿[[U+FF00]]D[[U+000E]][[U+0000]][[U+0003]][[U+0004]]￿￿ bereikt![[U+000E]][[U+0000]][[U+0003]][[U+0004]]￿￿,[[U+000E]][[U+0000]][[U+0003]][[U+0004]]￿￿You've reached [[U+000E]][[U+0000]][[U+0003]][[U+0004]]￿￿[[U+000E]][[U+0000]][[U+0003]][[U+0004]]￿￿Grade [[U+000E]][[U+0000]][[U+0003]][[U+0004]]￿￿[[U+000E]][[U+0000]][[U+0003]][[U+0004]]￿[[U+FF00]]D[[U+000E]][[U+0000]][[U+0003]][[U+0004]]￿￿[[U+000E]][[U+0000]][[U+0003]][[U+0004]]￿￿![[U+000E]][[U+0000]][[U+0003]][[U+0004]]￿￿,[[U+000E]][[U+0000]][[U+0003]][[U+0004]]￿￿Vous avez atteint le rang[[U+000E]][[U+0000]][[U+0003]][[U+0004]]￿￿ [[U+000E]][[U+0000]][[U+0003]][[U+0004]]￿[[U+FF00]]D[[U+000E]][[U+0000]][[U+0003]][[U+0004]]￿￿ [[U+000E]][[U+0000]][[U+0003]][[U+0004]]￿￿![[U+000E]][[U+0000]][[U+0003]][[U+0004]]￿￿,[[U+000E]][[U+0000]][[U+0003]][[U+0004]]￿￿Sie haben jetzt Rang [[U+000E]][[U+0000]][[U+0003]][[U+0004]]￿[[U+FF00]]D [[U+000E]][[U+0000]][[U+0003]][[U+0004]]￿￿erreicht![[U+000E]][[U+0000]][[U+0003]][[U+0004]]￿￿,[[U+000E]][[U+0000]][[U+0003]][[U+0004]]￿￿Hai raggiunto il grado [[U+000E]][[U+0000]][[U+0003]][[U+0004]]￿[[U+FF00]]D[[U+000E]][[U+0000]][[U+0003]][[U+0004]]￿￿[[U+000E]][[U+0000]][[U+0003]][[U+0004]]￿￿[[U+000E]][[U+0000]][[U+0003]][[U+0004]]￿￿![[U+000E]][[U+0000]][[U+0003]][[U+0004]]￿￿,[[U+000E]][[U+0000]][[U+0003]][[U+0004]]￿￿¡Eres nivel [[U+000E]][[U+0000]][[U+0003]][[U+0004]]￿￿[[U+000E]][[U+0000]][[U+0003]][[U+0004]]￿[[U+FF00]]D[[U+000E]][[U+0000]][[U+0003]][[U+0004]]￿￿[[U+000E]][[U+0000]][[U+0003]][[U+0004]]￿￿![[U+000E]][[U+0000]][[U+0003]][[U+0004]]￿￿,[[U+000E]][[U+0000]][[U+0003]][[U+0004]]￿￿You've reached [[U+000E]][[U+0000]][[U+0003]][[U+0004]]￿￿[[U+000E]][[U+0000]][[U+0003]][[U+0004]]￿￿Grade [[U+000E]][[U+0000]][[U+0003]][[U+0004]]￿￿[[U+000E]][[U+0000]][[U+0003]][[U+0004]]￿[[U+FF00]]D[[U+000E]][[U+0000]][[U+0003]][[U+0004]]￿￿[[U+000E]][[U+0000]][[U+0003]][[U+0004]]￿￿![[U+000E]][[U+0000]][[U+0003]][[U+0004]]￿￿,[[U+000E]][[U+0000]][[U+0003]][[U+0004]]￿￿Vous avez atteint le rang[[U+000E]][[U+0000]][[U+0003]][[U+0004]]￿￿ [[U+000E]][[U+0000]][[U+0003]][[U+0004]]￿[[U+FF00]]D[[U+000E]][[U+0000]][[U+0003]][[U+0004]]￿￿[[U+000E]][[U+0000]][[U+0003]][[U+0004]]￿￿![[U+000E]][[U+0000]][[U+0003]][[U+0004]]￿￿,[[U+000E]][[U+0000]][[U+0003]][[U+0004]]￿￿[[U+000E]][[U+0000]][[U+0003]][[U+0004]]￿￿¡Has alcanzado el nivel[[U+000E]][[U+0000]][[U+0003]][[U+0004]]￿￿ [[U+000E]][[U+0000]][[U+0003]][[U+0004]]￿￿[[U+000E]][[U+0000]][[U+0003]][[U+0004]]￿[[U+FF00]]D[[U+000E]][[U+0000]][[U+0003]][[U+0004]]￿￿[[U+000E]][[U+0000]][[U+0003]][[U+0004]]￿￿![[U+000E]][[U+0000]][[U+0003]][[U+0004]]￿￿,[[U+000E]][[U+0000]][[U+0003]][[U+0004]]￿￿Ulaştığın [[U+000E]][[U+0000]][[U+0003]][[U+0004]]￿￿[[U+000E]][[U+0000]][[U+0003]][[U+0004]]￿￿rütbe: [[U+000E]][[U+0000]][[U+0003]][[U+0004]]￿￿[[U+000E]][[U+0000]][[U+0003]][[U+0004]]￿[[U+FF00]]D[[U+000E]][[U+0000]][[U+0003]][[U+0004]]￿￿[[U+000E]][[U+0000]][[U+0003]][[U+0004]]￿￿![[U+000E]][[U+0000]][[U+0003]][[U+0004]]￿￿
Main_Seq_Wmt_Result_Grade_Up_02,486,Main_Seq_Wmt_Result_Grade_Up_02,[[U+000E]][[U+0000]][[U+0003]][[U+0004]]￿￿Je hebt rang [[U+000E]][[U+0000]][[U+0003]][[U+0004]]￿[[U+FF00]]C [[U+000E]][[U+0000]][[U+0003]][[U+0004]]￿￿bereikt![[U+000E]][[U+0000]][[U+0003]][[U+0004]]￿￿,[[U+000E]][[U+0000]][[U+0003]][[U+0004]]￿￿You've reached [[U+000E]][[U+0000]][[U+0003]][[U+0004]]￿￿[[U+000E]][[U+0000]][[U+0003]][[U+0004]]￿￿Grade [[U+000E]][[U+0000]][[U+0003]][[U+0004]]￿￿[[U+000E]][[U+0000]][[U+0003]][[U+0004]]￿[[U+FF00]]C[[U+000E]][[U+0000]][[U+0003]][[U+0004]]￿￿[[U+000E]][[U+0000]][[U+0003]][[U+0004]]￿￿![[U+000E]][[U+0000]][[U+0003]][[U+0004]]￿￿,[[U+000E]][[U+0000]][[U+0003]][[U+0004]]￿￿Vous avez atteint le rang[[U+000E]][[U+0000]][[U+0003]][[U+0004]]￿￿ [[U+000E]][[U+0000]][[U+0003]][[U+0004]]￿[[U+FF00]]C[[U+000E]][[U+0000]][[U+0003]][[U+0004]]￿￿ [[U+000E]][[U+0000]][[U+0003]][[U+0004]]￿￿![[U+000E]][[U+0000]][[U+0003]][[U+0004]]￿￿,[[U+000E]][[U+0000]][[U+0003]][[U+0004]]￿￿Sie haben jetzt Rang [[U+000E]][[U+0000]][[U+0003]][[U+0004]]￿[[U+FF00]]C [[U+000E]][[U+0000]][[U+0003]][[U+0004]]￿￿erreicht![[U+000E]][[U+0000]][[U+0003]][[U+0004]]￿￿,[[U+000E]][[U+0000]][[U+0003]][[U+0004]]￿￿Hai raggiunto il grado [[U+000E]][[U+0000]][[U+0003]][[U+0004]]￿￿[[U+000E]][[U+0000]][[U+0003]][[U+0004]]￿[[U+FF00]]C[[U+000E]][[U+0000]][[U+0003]][[U+0004]]￿￿[[U+000E]][[U+0000]][[U+0003]][[U+0004]]￿￿![[U+000E]][[U+0000]][[U+0003]][[U+0004]]￿￿,[[U+000E]][[U+0000]][[U+0003]][[U+0004]]￿￿¡Eres nivel [[U+000E]][[U+0000]][[U+0003]][[U+0004]]￿￿[[U+000E]][[U+0000]][[U+0003]][[U+0004]]￿[[U+FF00]]C[[U+000E]][[U+0000]][[U+0003]][[U+0004]]￿￿[[U+000E]][[U+0000]][[U+0003]][[U+0004]]￿￿![[U+000E]][[U+0000]][[U+0003]][[U+0004]]￿￿,[[U+000E]][[U+0000]][[U+0003]][[U+0004]]￿￿You've reached [[U+000E]][[U+0000]][[U+0003]][[U+0004]]￿￿[[U+000E]][[U+0000]][[U+0003]][[U+0004]]￿￿Grade [[U+000E]][[U+0000]][[U+0003]][[U+0004]]￿￿[[U+000E]][[U+0000]][[U+0003]][[U+0004]]￿[[U+FF00]]C[[U+000E]][[U+0000]][[U+0003]][[U+0004]]￿￿[[U+000E]][[U+0000]][[U+0003]][[U+0004]]￿￿![[U+000E]][[U+0000]][[U+0003]][[U+0004]]￿￿,[[U+000E]][[U+0000]][[U+0003]][[U+0004]]￿￿Vous avez atteint le rang[[U+000E]][[U+0000]][[U+0003]][[U+0004]]￿￿ [[U+000E]][[U+0000]][[U+0003]][[U+0004]]￿[[U+FF00]]C[[U+000E]][[U+0000]][[U+0003]][[U+0004]]￿￿[[U+000E]][[U+0000]][[U+0003]][[U+0004]]￿￿![[U+000E]][[U+0000]][[U+0003]][[U+0004]]￿￿,[[U+000E]][[U+0000]][[U+0003]][[U+0004]]￿￿[[U+000E]][[U+0000]][[U+0003]][[U+0004]]￿￿¡Has alcanzado el nivel[[U+000E]][[U+0000]][[U+0003]][[U+0004]]￿￿ [[U+000E]][[U+0000]][[U+0003]][[U+0004]]￿￿[[U+000E]][[U+0000]][[U+0003]][[U+0004]]￿[[U+FF00]]C[[U+000E]][[U+0000]][[U+0003]][[U+0004]]￿￿[[U+000E]][[U+0000]][[U+0003]][[U+0004]]￿￿![[U+000E]][[U+0000]][[U+0003]][[U+0004]]￿￿,[[U+000E]][[U+0000]][[U+0003]][[U+0004]]￿￿Ulaştığın [[U+000E]][[U+0000]][[U+0003]][[U+0004]]￿￿[[U+000E]][[U+0000]][[U+0003]][[U+0004]]￿￿rütbe: [[U+000E]][[U+0000]][[U+0003]][[U+0004]]￿￿[[U+000E]][[U+0000]][[U+0003]][[U+0004]]￿[[U+FF00]]C[[U+000E]][[U+0000]][[U+0003]][[U+0004]]￿￿[[U+000E]][[U+0000]][[U+0003]][[U+0004]]￿￿![[U+000E]][[U+0000]][[U+0003]][[U+0004]]￿￿
Main_Seq_Wmt_Result_Grade_Up_03,487,Main_Seq_Wmt_Result_Grade_Up_03,[[U+000E]][[U+0000]][[U+0003]][[U+0004]]￿￿Je hebt rang [[U+000E]][[U+0000]][[U+0003]][[U+0004]]￿[[U+FF00]]B [[U+000E]][[U+0000]][[U+0003]][[U+0004]]￿￿bereikt![[U+000E]][[U+0000]][[U+0003]][[U+0004]]￿￿,[[U+000E]][[U+0000]][[U+0003]][[U+0004]]￿￿You've reached [[U+000E]][[U+0000]][[U+0003]][[U+0004]]￿￿[[U+000E]][[U+0000]][[U+0003]][[U+0004]]￿￿Grade [[U+000E]][[U+0000]][[U+0003]][[U+0004]]￿￿[[U+000E]][[U+0000]][[U+0003]][[U+0004]]￿[[U+FF00]]B[[U+000E]][[U+0000]][[U+0003]][[U+0004]]￿￿[[U+000E]][[U+0000]][[U+0003]][[U+0004]]￿￿![[U+000E]][[U+0000]][[U+0003]][[U+0004]]￿￿,[[U+000E]][[U+0000]][[U+0003]][[U+0004]]￿￿Vous avez atteint le rang[[U+000E]][[U+0000]][[U+0003]][[U+0004]]￿￿ [[U+000E]][[U+0000]][[U+0003]][[U+0004]]￿[[U+FF00]]B[[U+000E]][[U+0000]][[U+0003]][[U+0004]]￿￿ [[U+000E]][[U+0000]][[U+0003]][[U+0004]]￿￿![[U+000E]][[U+0000]][[U+0003]][[U+0004]]￿￿,[[U+000E]][[U+0000]][[U+0003]][[U+0004]]￿￿Sie haben jetzt Rang [[U+000E]][[U+0000]][[U+0003]][[U+0004]]￿[[U+FF00]]B [[U+000E]][[U+0000]][[U+0003]][[U+0004]]￿￿erreicht![[U+000E]][[U+0000]][[U+0003]][[U+0004]]￿￿,[[U+000E]][[U+0000]][[U+0003]][[U+0004]]￿￿Hai raggiunto il grado [[U+000E]][[U+0000]][[U+0003]][[U+0004]]￿￿[[U+000E]][[U+0000]][[U+0003]][[U+0004]]￿[[U+FF00]]B[[U+000E]][[U+0000]][[U+0003]][[U+0004]]￿￿[[U+000E]][[U+0000]][[U+0003]][[U+0004]]￿￿![[U+000E]][[U+0000]][[U+0003]][[U+0004]]￿￿,[[U+000E]][[U+0000]][[U+0003]][[U+0004]]￿￿¡Eres nivel [[U+000E]][[U+0000]][[U+0003]][[U+0004]]￿￿[[U+000E]][[U+0000]][[U+0003]][[U+0004]]￿[[U+FF00]]B[[U+000E]][[U+0000]][[U+0003]][[U+0004]]￿￿[[U+000E]][[U+0000]][[U+0003]][[U+0004]]￿￿![[U+000E]][[U+0000]][[U+0003]][[U+0004]]￿￿,[[U+000E]][[U+0000]][[U+0003]][[U+0004]]￿￿You've reached [[U+000E]][[U+0000]][[U+0003]][[U+0004]]￿￿[[U+000E]][[U+0000]][[U+0003]][[U+0004]]￿￿Grade [[U+000E]][[U+0000]][[U+0003]][[U+0004]]￿￿[[U+000E]][[U+0000]][[U+0003]][[U+0004]]￿[[U+FF00]]B[[U+000E]][[U+0000]][[U+0003]][[U+0004]]￿￿[[U+000E]][[U+0000]][[U+0003]][[U+0004]]￿￿![[U+000E]][[U+0000]][[U+0003]][[U+0004]]￿￿,[[U+000E]][[U+0000]][[U+0003]][[U+0004]]￿￿Vous avez atteint le rang[[U+000E]][[U+0000]][[U+0003]][[U+0004]]￿￿ [[U+000E]][[U+0000]][[U+0003]][[U+0004]]￿[[U+FF00]]B[[U+000E]][[U+0000]][[U+0003]][[U+0004]]￿￿[[U+000E]][[U+0000]][[U+0003]][[U+0004]]￿￿![[U+000E]][[U+0000]][[U+0003]][[U+0004]]￿￿,[[U+000E]][[U+0000]][[U+0003]][[U+0004]]￿￿[[U+000E]][[U+0000]][[U+0003]][[U+0004]]￿￿¡Has alcanzado el nivel[[U+000E]][[U+0000]][[U+0003]][[U+0004]]￿￿ [[U+000E]][[U+0000]][[U+0003]][[U+0004]]￿￿[[U+000E]][[U+0000]][[U+0003]][[U+0004]]￿[[U+FF00]]B[[U+000E]][[U+0000]][[U+0003]][[U+0004]]￿￿[[U+000E]][[U+0000]][[U+0003]][[U+0004]]￿￿![[U+000E]][[U+0000]][[U+0003]][[U+0004]]￿￿,[[U+000E]][[U+0000]][[U+0003]][[U+0004]]￿￿Ulaştığın [[U+000E]][[U+0000]][[U+0003]][[U+0004]]￿￿[[U+000E]][[U+0000]][[U+0003]][[U+0004]]￿￿rütbe: [[U+000E]][[U+0000]][[U+0003]][[U+0004]]￿￿[[U+000E]][[U+0000]][[U+0003]][[U+0004]]￿[[U+FF00]]B[[U+000E]][[U+0000]][[U+0003]][[U+0004]]￿￿[[U+000E]][[U+0000]][[U+0003]][[U+0004]]￿￿![[U+000E]][[U+0000]][[U+0003]][[U+0004]]￿￿
Main_Seq_Wmt_Result_Grade_Up_04,488,Main_Seq_Wmt_Result_Grade_Up_04,[[U+000E]][[U+0000]][[U+0003]][[U+0004]]￿￿Je hebt rang [[U+000E]][[U+0000]][[U+0003]][[U+0004]]￿[[U+FF00]]A [[U+000E]][[U+0000]][[U+0003]][[U+0004]]￿￿bereikt![[U+000E]][[U+0000]][[U+0003]][[U+0004]]￿￿,[[U+000E]][[U+0000]][[U+0003]][[U+0004]]￿￿You've reached [[U+000E]][[U+0000]][[U+0003]][[U+0004]]￿￿[[U+000E]][[U+0000]][[U+0003]][[U+0004]]￿￿Grade [[U+000E]][[U+0000]][[U+0003]][[U+0004]]￿￿[[U+000E]][[U+0000]][[U+0003]][[U+0004]]￿[[U+FF00]]A[[U+000E]][[U+0000]][[U+0003]][[U+0004]]￿￿[[U+000E]][[U+0000]][[U+0003]][[U+0004]]￿￿![[U+000E]][[U+0000]][[U+0003]][[U+0004]]￿￿,[[U+000E]][[U+0000]][[U+0003]][[U+0004]]￿￿Vous avez atteint le rang[[U+000E]][[U+0000]][[U+0003]][[U+0004]]￿￿ [[U+000E]][[U+0000]][[U+0003]][[U+0004]]￿[[U+FF00]]A[[U+000E]][[U+0000]][[U+0003]][[U+0004]]￿￿ [[U+000E]][[U+0000]][[U+0003]][[U+0004]]￿￿![[U+000E]][[U+0000]][[U+0003]][[U+0004]]￿￿,[[U+000E]][[U+0000]][[U+0003]][[U+0004]]￿￿Sie haben jetzt Rang [[U+000E]][[U+0000]][[U+0003]][[U+0004]]￿[[U+FF00]]A [[U+000E]][[U+0000]][[U+0003]][[U+0004]]￿￿erreicht![[U+000E]][[U+0000]][[U+0003]][[U+0004]]￿￿,[[U+000E]][[U+0000]][[U+0003]][[U+0004]]￿￿Hai raggiunto il grado [[U+000E]][[U+0000]][[U+0003]][[U+0004]]￿￿[[U+000E]][[U+0000]][[U+0003]][[U+0004]]￿[[U+FF00]]A[[U+000E]][[U+0000]][[U+0003]][[U+0004]]￿￿[[U+000E]][[U+0000]][[U+0003]][[U+0004]]￿￿![[U+000E]][[U+0000]][[U+0003]][[U+0004]]￿￿,[[U+000E]][[U+0000]][[U+0003]][[U+0004]]￿￿¡Eres nivel [[U+000E]][[U+0000]][[U+0003]][[U+0004]]￿￿[[U+000E]][[U+0000]][[U+0003]][[U+0004]]￿[[U+FF00]]A[[U+000E]][[U+0000]][[U+0003]][[U+0004]]￿￿[[U+000E]][[U+0000]][[U+0003]][[U+0004]]￿￿![[U+000E]][[U+0000]][[U+0003]][[U+0004]]￿￿,[[U+000E]][[U+0000]][[U+0003]][[U+0004]]￿￿You've reached [[U+000E]][[U+0000]][[U+0003]][[U+0004]]￿￿[[U+000E]][[U+0000]][[U+0003]][[U+0004]]￿￿Grade [[U+000E]][[U+0000]][[U+0003]][[U+0004]]￿￿[[U+000E]][[U+0000]][[U+0003]][[U+0004]]￿[[U+FF00]]A[[U+000E]][[U+0000]][[U+0003]][[U+0004]]￿￿[[U+000E]][[U+0000]][[U+0003]][[U+0004]]￿￿![[U+000E]][[U+0000]][[U+0003]][[U+0004]]￿￿,[[U+000E]][[U+0000]][[U+0003]][[U+0004]]￿￿Vous avez atteint le rang[[U+000E]][[U+0000]][[U+0003]][[U+0004]]￿￿ [[U+000E]][[U+0000]][[U+0003]][[U+0004]]￿[[U+FF00]]A[[U+000E]][[U+0000]][[U+0003]][[U+0004]]￿￿[[U+000E]][[U+0000]][[U+0003]][[U+0004]]￿￿![[U+000E]][[U+0000]][[U+0003]][[U+0004]]￿￿,[[U+000E]][[U+0000]][[U+0003]][[U+0004]]￿￿[[U+000E]][[U+0000]][[U+0003]][[U+0004]]￿￿¡Has alcanzado el nivel[[U+000E]][[U+0000]][[U+0003]][[U+0004]]￿￿ [[U+000E]][[U+0000]][[U+0003]][[U+0004]]￿￿[[U+000E]][[U+0000]][[U+0003]][[U+0004]]￿[[U+FF00]]A[[U+000E]][[U+0000]][[U+0003]][[U+0004]]￿￿[[U+000E]][[U+0000]][[U+0003]][[U+0004]]￿￿![[U+000E]][[U+0000]][[U+0003]][[U+0004]]￿￿,[[U+000E]][[U+0000]][[U+0003]][[U+0004]]￿￿Ulaştığın [[U+000E]][[U+0000]][[U+0003]][[U+0004]]￿￿[[U+000E]][[U+0000]][[U+0003]][[U+0004]]￿￿rütbe: [[U+000E]][[U+0000]][[U+0003]][[U+0004]]￿￿[[U+000E]][[U+0000]][[U+0003]][[U+0004]]￿[[U+FF00]]A[[U+000E]][[U+0000]][[U+0003]][[U+0004]]￿￿[[U+000E]][[U+0000]][[U+0003]][[U+0004]]￿￿![[U+000E]][[U+0000]][[U+0003]][[U+0004]]￿￿
Main_Seq_Wmt_Result_Grade_Up_05,489,Main_Seq_Wmt_Result_Grade_Up_05,[[U+000E]][[U+0000]][[U+0003]][[U+0004]]￿￿Je hebt rang [[U+000E]][[U+0000]][[U+0003]][[U+0004]]￿[[U+FF00]]AA[[U+000E]][[U+0000]][[U+0003]][[U+0004]]￿￿ bereikt![[U+000E]][[U+0000]][[U+0003]][[U+0004]]￿￿,[[U+000E]][[U+0000]][[U+0003]][[U+0004]]￿￿You've reached [[U+000E]][[U+0000]][[U+0003]][[U+0004]]￿￿[[U+000E]][[U+0000]][[U+0003]][[U+0004]]￿￿Grade [[U+000E]][[U+0000]][[U+0003]][[U+0004]]￿￿[[U+000E]][[U+0000]][[U+0003]][[U+0004]]￿[[U+FF00]]AA[[U+000E]][[U+0000]][[U+0003]][[U+0004]]￿￿[[U+000E]][[U+0000]][[U+0003]][[U+0004]]￿￿![[U+000E]][[U+0000]][[U+0003]][[U+0004]]￿￿,[[U+000E]][[U+0000]][[U+0003]][[U+0004]]￿￿Vous avez atteint le rang [[U+000E]][[U+0000]][[U+0003]][[U+0004]]￿￿[[U+000E]][[U+0000]][[U+0003]][[U+0004]]￿[[U+FF00]]AA[[U+000E]][[U+0000]][[U+0003]][[U+0004]]￿￿ [[U+000E]][[U+0000]][[U+0003]][[U+0004]]￿￿![[U+000E]][[U+0000]][[U+0003]][[U+0004]]￿￿,[[U+000E]][[U+0000]][[U+0003]][[U+0004]]￿￿Sie haben jetzt Rang [[U+000E]][[U+0000]][[U+0003]][[U+0004]]￿[[U+FF00]]AA [[U+000E]][[U+0000]][[U+0003]][[U+0004]]￿￿erreicht![[U+000E]][[U+0000]][[U+0003]][[U+0004]]￿￿,[[U+000E]][[U+0000]][[U+0003]][[U+0004]]￿￿Hai raggiunto il grado [[U+000E]][[U+0000]][[U+0003]][[U+0004]]￿￿[[U+000E]][[U+0000]][[U+0003]][[U+0004]]￿[[U+FF00]]AA[[U+000E]][[U+0000]][[U+0003]][[U+0004]]￿￿[[U+000E]][[U+0000]][[U+0003]][[U+0004]]￿￿![[U+000E]][[U+0000]][[U+0003]][[U+0004]]￿￿,[[U+000E]][[U+0000]][[U+0003]][[U+0004]]￿￿¡Eres nivel [[U+000E]][[U+0000]][[U+0003]][[U+0004]]￿￿[[U+000E]][[U+0000]][[U+0003]][[U+0004]]￿[[U+FF00]]AA[[U+000E]][[U+0000]][[U+0003]][[U+0004]]￿￿[[U+000E]][[U+0000]][[U+0003]][[U+0004]]￿￿![[U+000E]][[U+0000]][[U+0003]][[U+0004]]￿￿,[[U+000E]][[U+0000]][[U+0003]][[U+0004]]￿￿You've reached [[U+000E]][[U+0000]][[U+0003]][[U+0004]]￿￿[[U+000E]][[U+0000]][[U+0003]][[U+0004]]￿￿Grade [[U+000E]][[U+0000]][[U+0003]][[U+0004]]￿￿[[U+000E]][[U+0000]][[U+0003]][[U+0004]]￿[[U+FF00]]AA[[U+000E]][[U+0000]][[U+0003]][[U+0004]]￿￿[[U+000E]][[U+0000]][[U+0003]][[U+0004]]￿￿![[U+000E]][[U+0000]][[U+0003]][[U+0004]]￿￿,[[U+000E]][[U+0000]][[U+0003]][[U+0004]]￿￿Vous avez atteint le rang [[U+000E]][[U+0000]][[U+0003]][[U+0004]]￿￿[[U+000E]][[U+0000]][[U+0003]][[U+0004]]￿[[U+FF00]]AA[[U+000E]][[U+0000]][[U+0003]][[U+0004]]￿￿[[U+000E]][[U+0000]][[U+0003]][[U+0004]]￿￿![[U+000E]][[U+0000]][[U+0003]][[U+0004]]￿￿,[[U+000E]][[U+0000]][[U+0003]][[U+0004]]￿￿[[U+000E]][[U+0000]][[U+0003]][[U+0004]]￿￿¡Has alcanzado el nivel[[U+000E]][[U+0000]][[U+0003]][[U+0004]]￿￿ [[U+000E]][[U+0000]][[U+0003]][[U+0004]]￿￿[[U+000E]][[U+0000]][[U+0003]][[U+0004]]￿[[U+FF00]]AA[[U+000E]][[U+0000]][[U+0003]][[U+0004]]￿￿[[U+000E]][[U+0000]][[U+0003]][[U+0004]]￿￿![[U+000E]][[U+0000]][[U+0003]][[U+0004]]￿￿,[[U+000E]][[U+0000]][[U+0003]][[U+0004]]￿￿Ulaştığın [[U+000E]][[U+0000]][[U+0003]][[U+0004]]￿￿[[U+000E]][[U+0000]][[U+0003]][[U+0004]]￿￿rütbe: [[U+000E]][[U+0000]][[U+0003]][[U+0004]]￿￿[[U+000E]][[U+0000]][[U+0003]][[U+0004]]￿[[U+FF00]]AA[[U+000E]][[U+0000]][[U+0003]][[U+0004]]￿￿[[U+000E]][[U+0000]][[U+0003]][[U+0004]]￿￿![[U+000E]][[U+0000]][[U+0003]][[U+0004]]￿￿
Main_Seq_Wmt_Result_Grade_Up_06,490,Main_Seq_Wmt_Result_Grade_Up_06,[[U+000E]][[U+0000]][[U+0003]][[U+0004]]￿￿Je hebt rang [[U+000E]][[U+0000]][[U+0003]][[U+0004]]￿[[U+FF00]]AAA [[U+000E]][[U+0000]][[U+0003]][[U+0004]]￿￿bereikt![[U+000E]][[U+0000]][[U+0003]][[U+0004]]￿￿,[[U+000E]][[U+0000]][[U+0003]][[U+0004]]￿￿You've reached [[U+000E]][[U+0000]][[U+0003]][[U+0004]]￿￿[[U+000E]][[U+0000]][[U+0003]][[U+0004]]￿￿Grade [[U+000E]][[U+0000]][[U+0003]][[U+0004]]￿￿[[U+000E]][[U+0000]][[U+0003]][[U+0004]]￿[[U+FF00]]AAA[[U+000E]][[U+0000]][[U+0003]][[U+0004]]￿￿[[U+000E]][[U+0000]][[U+0003]][[U+0004]]￿￿![[U+000E]][[U+0000]][[U+0003]][[U+0004]]￿￿,[[U+000E]][[U+0000]][[U+0003]][[U+0004]]￿￿Vous avez atteint le rang[[U+000E]][[U+0000]][[U+0003]][[U+0004]]￿￿ [[U+000E]][[U+0000]][[U+0003]][[U+0004]]￿[[U+FF00]]AAA[[U+000E]][[U+0000]][[U+0003]][[U+0004]]￿￿ [[U+000E]][[U+0000]][[U+0003]][[U+0004]]￿￿![[U+000E]][[U+0000]][[U+0003]][[U+0004]]￿￿,[[U+000E]][[U+0000]][[U+0003]][[U+0004]]￿￿Sie haben jetzt Rang [[U+000E]][[U+0000]][[U+0003]][[U+0004]]￿[[U+FF00]]AAA [[U+000E]][[U+0000]][[U+0003]][[U+0004]]￿￿erreicht![[U+000E]][[U+0000]][[U+0003]][[U+0004]]￿￿,[[U+000E]][[U+0000]][[U+0003]][[U+0004]]￿￿Hai raggiunto il grado [[U+000E]][[U+0000]][[U+0003]][[U+0004]]￿￿[[U+000E]][[U+0000]][[U+0003]][[U+0004]]￿[[U+FF00]]AAA[[U+000E]][[U+0000]][[U+0003]][[U+0004]]￿￿[[U+000E]][[U+0000]][[U+0003]][[U+0004]]￿￿![[U+000E]][[U+0000]][[U+0003]][[U+0004]]￿￿,[[U+000E]][[U+0000]][[U+0003]][[U+0004]]￿￿¡Eres nivel [[U+000E]][[U+0000]][[U+0003]][[U+0004]]￿￿[[U+000E]][[U+0000]][[U+0003]][[U+0004]]￿[[U+FF00]]AAA[[U+000E]][[U+0000]][[U+0003]][[U+0004]]￿￿[[U+000E]][[U+0000]][[U+0003]][[U+0004]]￿￿![[U+000E]][[U+0000]][[U+0003]][[U+0004]]￿￿,[[U+000E]][[U+0000]][[U+0003]][[U+0004]]￿￿You've reached [[U+000E]][[U+0000]][[U+0003]][[U+0004]]￿￿[[U+000E]][[U+0000]][[U+0003]][[U+0004]]￿￿Grade [[U+000E]][[U+0000]][[U+0003]][[U+0004]]￿￿[[U+000E]][[U+0000]][[U+0003]][[U+0004]]￿[[U+FF00]]AAA[[U+000E]][[U+0000]][[U+0003]][[U+0004]]￿￿[[U+000E]][[U+0000]][[U+0003]][[U+0004]]￿￿![[U+000E]][[U+0000]][[U+0003]][[U+0004]]￿￿,[[U+000E]][[U+0000]][[U+0003]][[U+0004]]￿￿Vous avez atteint le rang[[U+000E]][[U+0000]][[U+0003]][[U+0004]]￿￿ [[U+000E]][[U+0000]][[U+0003]][[U+0004]]￿[[U+FF00]]AAA[[U+000E]][[U+0000]][[U+0003]][[U+0004]]￿￿[[U+000E]][[U+0000]][[U+0003]][[U+0004]]￿￿![[U+000E]][[U+0000]][[U+0003]][[U+0004]]￿￿,[[U+000E]][[U+0000]][[U+0003]][[U+0004]]￿￿[[U+000E]][[U+0000]][[U+0003]][[U+0004]]￿￿¡Has alcanzado el nivel[[U+000E]][[U+0000]][[U+0003]][[U+0004]]￿￿ [[U+000E]][[U+0000]][[U+0003]][[U+0004]]￿￿[[U+000E]][[U+0000]][[U+0003]][[U+0004]]￿[[U+FF00]]AAA[[U+000E]][[U+0000]][[U+0003]][[U+0004]]￿￿[[U+000E]][[U+0000]][[U+0003]][[U+0004]]￿￿![[U+000E]][[U+0000]][[U+0003]][[U+0004]]￿￿,[[U+000E]][[U+0000]][[U+0003]][[U+0004]]￿￿Ulaştığın [[U+000E]][[U+0000]][[U+0003]][[U+0004]]￿￿[[U+000E]][[U+0000]][[U+0003]][[U+0004]]￿￿rütbe: [[U+000E]][[U+0000]][[U+0003]][[U+0004]]￿￿[[U+000E]][[U+0000]][[U+0003]][[U+0004]]￿[[U+FF00]]AAA[[U+000E]][[U+0000]][[U+0003]][[U+0004]]￿￿[[U+000E]][[U+0000]][[U+0003]][[U+0004]]￿￿![[U+000E]][[U+0000]][[U+0003]][[U+0004]]￿￿
Main_Seq_Wmt_Result_Grade_Up_07,491,Main_Seq_Wmt_Result_Grade_Up_07,[[U+000E]][[U+0000]][[U+0003]][[U+0004]]￿￿Je hebt rang[[U+000E]][[U+0000]][[U+0003]][[U+0004]]￿[[U+FF00]] ★ [[U+000E]][[U+0000]][[U+0003]][[U+0004]]￿￿bereikt![[U+000E]][[U+0000]][[U+0003]][[U+0004]]￿￿,[[U+000E]][[U+0000]][[U+0003]][[U+0004]]￿￿You've reached Grade [[U+000E]][[U+0000]][[U+0003]][[U+0004]]￿[[U+FF00]]★[[U+000E]][[U+0000]][[U+0003]][[U+0004]]￿￿![[U+000E]][[U+0000]][[U+0003]][[U+0004]]￿￿,[[U+000E]][[U+0000]][[U+0003]][[U+0004]]￿￿Vous avez atteint le rang[[U+000E]][[U+0000]][[U+0003]][[U+0004]]￿￿ [[U+000E]][[U+0000]][[U+0003]][[U+0004]]￿[[U+FF00]]★[[U+000E]][[U+0000]][[U+0003]][[U+0004]]￿￿ [[U+000E]][[U+0000]][[U+0003]][[U+0004]]￿￿![[U+000E]][[U+0000]][[U+0003]][[U+0004]]￿￿,[[U+000E]][[U+0000]][[U+0003]][[U+0004]]￿￿Sie haben jetzt Rang [[U+000E]][[U+0000]][[U+0003]][[U+0004]]￿[[U+FF00]]★[[U+000E]][[U+0000]][[U+0003]][[U+0004]]￿￿ erreicht![[U+000E]][[U+0000]][[U+0003]][[U+0004]]￿￿,[[U+000E]][[U+0000]][[U+0003]][[U+0004]]￿￿Hai raggiunto il grado [[U+000E]][[U+0000]][[U+0003]][[U+0004]]￿￿[[U+000E]][[U+0000]][[U+0003]][[U+0004]]￿[[U+FF00]]★[[U+000E]][[U+0000]][[U+0003]][[U+0004]]￿￿[[U+000E]][[U+0000]][[U+0003]][[U+0004]]￿￿![[U+000E]][[U+0000]][[U+0003]][[U+0004]]￿￿,[[U+000E]][[U+0000]][[U+0003]][[U+0004]]￿￿¡Eres nivel [[U+000E]][[U+0000]][[U+0003]][[U+0004]]￿￿[[U+000E]][[U+0000]][[U+0003]][[U+0004]]￿[[U+FF00]]★[[U+000E]][[U+0000]][[U+0003]][[U+0004]]￿￿[[U+000E]][[U+0000]][[U+0003]][[U+0004]]￿￿![[U+000E]][[U+0000]][[U+0003]][[U+0004]]￿￿,[[U+000E]][[U+0000]][[U+0003]][[U+0004]]￿￿You've reached [[U+000E]][[U+0000]][[U+0003]][[U+0004]]￿￿[[U+000E]][[U+0000]][[U+0003]][[U+0004]]￿￿Grade [[U+000E]][[U+0000]][[U+0003]][[U+0004]]￿￿[[U+000E]][[U+0000]][[U+0003]][[U+0004]]￿[[U+FF00]]★[[U+000E]][[U+0000]][[U+0003]][[U+0004]]￿￿[[U+000E]][[U+0000]][[U+0003]][[U+0004]]￿￿![[U+000E]][[U+0000]][[U+0003]][[U+0004]]￿￿,[[U+000E]][[U+0000]][[U+0003]][[U+0004]]￿￿Vous avez atteint le rang[[U+000E]][[U+0000]][[U+0003]][[U+0004]]￿￿ [[U+000E]][[U+0000]][[U+0003]][[U+0004]]￿[[U+FF00]]★[[U+000E]][[U+0000]][[U+0003]][[U+0004]]￿￿[[U+000E]][[U+0000]][[U+0003]][[U+0004]]￿￿![[U+000E]][[U+0000]][[U+0003]][[U+0004]]￿￿,[[U+000E]][[U+0000]][[U+0003]][[U+0004]]￿￿[[U+000E]][[U+0000]][[U+0003]][[U+0004]]￿￿¡Has alcanzado el nivel[[U+000E]][[U+0000]][[U+0003]][[U+0004]]￿￿ [[U+000E]][[U+0000]][[U+0003]][[U+0004]]￿￿[[U+000E]][[U+0000]][[U+0003]][[U+0004]]￿[[U+FF00]]★[[U+000E]][[U+0000]][[U+0003]][[U+0004]]￿￿[[U+000E]][[U+0000]][[U+0003]][[U+0004]]￿￿![[U+000E]][[U+0000]][[U+0003]][[U+0004]]￿￿,[[U+000E]][[U+0000]][[U+0003]][[U+0004]]￿￿Dereceye ulaştın: [[U+000E]][[U+0000]][[U+0003]][[U+0004]]￿[[U+FF00]]★[[U+000E]][[U+0000]][[U+0003]][[U+0004]]￿￿![[U+000E]][[U+0000]][[U+0003]][[U+0004]]￿￿
Main_Seq_Wmt_Result_Grade_Up_08,492,Main_Seq_Wmt_Result_Grade_Up_08,[[U+000E]][[U+0000]][[U+0003]][[U+0004]]￿￿Je hebt rang [[U+000E]][[U+0000]][[U+0003]][[U+0004]]￿[[U+FF00]]★★ [[U+000E]][[U+0000]][[U+0003]][[U+0004]]￿￿bereikt![[U+000E]][[U+0000]][[U+0003]][[U+0004]]￿￿,[[U+000E]][[U+0000]][[U+0003]][[U+0004]]￿￿You've reached Grade [[U+000E]][[U+0000]][[U+0003]][[U+0004]]￿[[U+FF00]]★★[[U+000E]][[U+0000]][[U+0003]][[U+0004]]￿￿![[U+000E]][[U+0000]][[U+0003]][[U+0004]]￿￿,[[U+000E]][[U+0000]][[U+0003]][[U+0004]]￿￿Vous avez atteint le rang [[U+000E]][[U+0000]][[U+0003]][[U+0004]]￿￿[[U+000E]][[U+0000]][[U+0003]][[U+0004]]￿[[U+FF00]]★★[[U+000E]][[U+0000]][[U+0003]][[U+0004]]￿￿[[U+000E]][[U+0000]][[U+0003]][[U+0004]]￿￿ ![[U+000E]][[U+0000]][[U+0003]][[U+0004]]￿￿,[[U+000E]][[U+0000]][[U+0003]][[U+0004]]￿￿Sie haben jetzt Rang [[U+000E]][[U+0000]][[U+0003]][[U+0004]]￿[[U+FF00]]★★ [[U+000E]][[U+0000]][[U+0003]][[U+0004]]￿￿erreicht![[U+000E]][[U+0000]][[U+0003]][[U+0004]]￿￿,[[U+000E]][[U+0000]][[U+0003]][[U+0004]]￿￿Hai raggiunto il grado [[U+000E]][[U+0000]][[U+0003]][[U+0004]]￿￿[[U+000E]][[U+0000]][[U+0003]][[U+0004]]￿[[U+FF00]]★★[[U+000E]][[U+0000]][[U+0003]][[U+0004]]￿￿[[U+000E]][[U+0000]][[U+0003]][[U+0004]]￿￿![[U+000E]][[U+0000]][[U+0003]][[U+0004]]￿￿,[[U+000E]][[U+0000]][[U+0003]][[U+0004]]￿￿¡Eres nivel [[U+000E]][[U+0000]][[U+0003]][[U+0004]]￿￿[[U+000E]][[U+0000]][[U+0003]][[U+0004]]￿[[U+FF00]]★★[[U+000E]][[U+0000]][[U+0003]][[U+0004]]￿￿[[U+000E]][[U+0000]][[U+0003]][[U+0004]]￿￿![[U+000E]][[U+0000]][[U+0003]][[U+0004]]￿￿,[[U+000E]][[U+0000]][[U+0003]][[U+0004]]￿￿You've reached [[U+000E]][[U+0000]][[U+0003]][[U+0004]]￿￿[[U+000E]][[U+0000]][[U+0003]][[U+0004]]￿￿Grade [[U+000E]][[U+0000]][[U+0003]][[U+0004]]￿[[U+FF00]]★[[U+000E]][[U+0000]][[U+0003]][[U+0004]]￿￿[[U+000E]][[U+0000]][[U+0003]][[U+0004]]￿￿[[U+000E]][[U+0000]][[U+0003]][[U+0004]]￿[[U+FF00]]★[[U+000E]][[U+0000]][[U+0003]][[U+0004]]￿￿[[U+000E]][[U+0000]][[U+0003]][[U+0004]]￿￿![[U+000E]][[U+0000]][[U+0003]][[U+0004]]￿￿,[[U+000E]][[U+0000]][[U+0003]][[U+0004]]￿￿Vous avez atteint le rang [[U+000E]][[U+0000]][[U+0003]][[U+0004]]￿￿[[U+000E]][[U+0000]][[U+0003]][[U+0004]]￿[[U+FF00]]★★[[U+000E]][[U+0000]][[U+0003]][[U+0004]]￿￿[[U+000E]][[U+0000]][[U+0003]][[U+0004]]￿￿![[U+000E]][[U+0000]][[U+0003]][[U+0004]]￿￿,[[U+000E]][[U+0000]][[U+0003]][[U+0004]]￿￿[[U+000E]][[U+0000]][[U+0003]][[U+0004]]￿￿¡Has alcanzado el nivel[[U+000E]][[U+0000]][[U+0003]][[U+0004]]￿￿ [[U+000E]][[U+0000]][[U+0003]][[U+0004]]￿￿[[U+000E]][[U+0000]][[U+0003]][[U+0004]]￿[[U+FF00]]★★[[U+000E]][[U+0000]][[U+0003]][[U+0004]]￿￿[[U+000E]][[U+0000]][[U+0003]][[U+0004]]￿￿![[U+000E]][[U+0000]][[U+0003]][[U+0004]]￿￿,[[U+000E]][[U+0000]][[U+0003]][[U+0004]]￿￿Dereceye ulaştın: [[U+000E]][[U+0000]][[U+0003]][[U+0004]]￿[[U+FF00]]★★[[U+000E]][[U+0000]][[U+0003]][[U+0004]]￿￿![[U+000E]][[U+0000]][[U+0003]][[U+0004]]￿￿
Main_Seq_Wmt_Result_Grade_Up_09,493,Main_Seq_Wmt_Result_Grade_Up_09,[[U+000E]][[U+0000]][[U+0003]][[U+0004]]￿￿Je hebt rang [[U+000E]][[U+0000]][[U+0003]][[U+0004]]￿[[U+FF00]]★★★ [[U+000E]][[U+0000]][[U+0003]][[U+0004]]￿￿bereikt![[U+000E]][[U+0000]][[U+0003]][[U+0004]]￿￿,[[U+000E]][[U+0000]][[U+0003]][[U+0004]]￿￿You've reached [[U+000E]][[U+0000]][[U+0003]][[U+0004]]￿￿[[U+000E]][[U+0000]][[U+0003]][[U+0004]]￿￿Grade [[U+000E]][[U+0000]][[U+0003]][[U+0004]]￿￿[[U+000E]][[U+0000]][[U+0003]][[U+0004]]￿[[U+FF00]]★★★[[U+000E]][[U+0000]][[U+0003]][[U+0004]]￿￿[[U+000E]][[U+0000]][[U+0003]][[U+0004]]￿￿![[U+000E]][[U+0000]][[U+0003]][[U+0004]]￿￿,[[U+000E]][[U+0000]][[U+0003]][[U+0004]]￿￿Vous avez atteint le rang[[U+000E]][[U+0000]][[U+0003]][[U+0004]]￿￿ [[U+000E]][[U+0000]][[U+0003]][[U+0004]]￿[[U+FF00]]★★★[[U+000E]][[U+0000]][[U+0003]][[U+0004]]￿￿ [[U+000E]][[U+0000]][[U+0003]][[U+0004]]￿￿![[U+000E]][[U+0000]][[U+0003]][[U+0004]]￿￿,[[U+000E]][[U+0000]][[U+0003]][[U+0004]]￿￿Sie haben jetzt Rang [[U+000E]][[U+0000]][[U+0003]][[U+0004]]￿[[U+FF00]]★★★ [[U+000E]][[U+0000]][[U+0003]][[U+0004]]￿￿erreicht![[U+000E]][[U+0000]][[U+0003]][[U+0004]]￿￿,[[U+000E]][[U+0000]][[U+0003]][[U+0004]]￿￿Hai raggiunto il grado [[U+000E]][[U+0000]][[U+0003]][[U+0004]]￿￿[[U+000E]][[U+0000]][[U+0003]][[U+0004]]￿[[U+FF00]]★★★[[U+000E]][[U+0000]][[U+0003]][[U+0004]]￿￿[[U+000E]][[U+0000]][[U+0003]][[U+0004]]￿￿![[U+000E]][[U+0000]][[U+0003]][[U+0004]]￿￿,[[U+000E]][[U+0000]][[U+0003]][[U+0004]]￿￿¡Eres nivel [[U+000E]][[U+0000]][[U+0003]][[U+0004]]￿￿[[U+000E]][[U+0000]][[U+0003]][[U+0004]]￿[[U+FF00]]★★★[[U+000E]][[U+0000]][[U+0003]][[U+0004]]￿￿[[U+000E]][[U+0000]][[U+0003]][[U+0004]]￿￿![[U+000E]][[U+0000]][[U+0003]][[U+0004]]￿￿,[[U+000E]][[U+0000]][[U+0003]][[U+0004]]￿￿You've reached [[U+000E]][[U+0000]][[U+0003]][[U+0004]]￿￿[[U+000E]][[U+0000]][[U+0003]][[U+0004]]￿￿Grade [[U+000E]][[U+0000]][[U+0003]][[U+0004]]￿￿[[U+000E]][[U+0000]][[U+0003]][[U+0004]]￿[[U+FF00]]★[[U+000E]][[U+0000]][[U+0003]][[U+0004]]￿￿[[U+000E]][[U+0000]][[U+0003]][[U+0004]]￿[[U+FF00]]★★[[U+000E]][[U+0000]][[U+0003]][[U+0004]]￿￿!,[[U+000E]][[U+0000]][[U+0003]][[U+0004]]￿￿Vous avez atteint le rang[[U+000E]][[U+0000]][[U+0003]][[U+0004]]￿￿ [[U+000E]][[U+0000]][[U+0003]][[U+0004]]￿[[U+FF00]]★★★[[U+000E]][[U+0000]][[U+0003]][[U+0004]]￿￿[[U+000E]][[U+0000]][[U+0003]][[U+0004]]￿￿![[U+000E]][[U+0000]][[U+0003]][[U+0004]]￿￿,[[U+000E]][[U+0000]][[U+0003]][[U+0004]]￿￿¡Has alcanzado el nivel [[U+000E]][[U+0000]][[U+0003]][[U+0004]]￿￿[[U+000E]][[U+0000]][[U+0003]][[U+0004]]￿[[U+FF00]]★★★[[U+000E]][[U+0000]][[U+0003]][[U+0004]]￿￿[[U+000E]][[U+0000]][[U+0003]][[U+0004]]￿￿![[U+000E]][[U+0000]][[U+0003]][[U+0004]]￿￿,[[U+000E]][[U+0000]][[U+0003]][[U+0004]]￿￿Ulaştığın [[U+000E]][[U+0000]][[U+0003]][[U+0004]]￿￿[[U+000E]][[U+0000]][[U+0003]][[U+0004]]￿￿rütbe: [[U+000E]][[U+0000]][[U+0003]][[U+0004]]￿￿[[U+000E]][[U+0000]][[U+0003]][[U+0004]]￿[[U+FF00]]★★★[[U+000E]][[U+0000]][[U+0003]][[U+0004]]￿￿[[U+000E]][[U+0000]][[U+0003]][[U+0004]]￿￿![[U+000E]][[U+0000]][[U+0003]][[U+0004]]￿￿
Main_Seq_Wmt_Result_Grade_Up_Congratulation,494,Main_Seq_Wmt_Result_Grade_Up_Congratulation,Gefeliciteerd!,Congratulations!,Félicitations !,Herzlichen Glückwunsch!,Congratulazioni!,¡Enhorabuena!,Congratulations!,Félicitations!,¡Felicidades!,Tebrikler!
Main_Seq_AppEnd,495,Main_Seq_AppEnd,,,,,,,,,,
Main_Seq_AppEnd_PowerDown,496,Main_Seq_AppEnd_PowerDown,Druk op [[U+000E]][[U+0002]][[U+0003]][[U+0000]][[U+E078]][[U+000F]][[U+0002]][[U+0003]] om te stoppen.,Press [[U+000E]][[U+0002]][[U+0003]][[U+0000]][[U+E078]][[U+000F]][[U+0002]][[U+0003]] to end.,"Appuyez sur [[U+000E]][[U+0002]][[U+0003]][[U+0000]][[U+E078]][[U+000F]][[U+0002]][[U+0003]] pour éteindre la
console.","Drücken Sie zum Beenden
den POWER-Schalter [[U+000E]][[U+0002]][[U+0003]][[U+0000]][[U+E078]][[U+000F]][[U+0002]][[U+0003]].",Premi [[U+000E]][[U+0002]][[U+0003]][[U+0000]][[U+E078]][[U+000F]][[U+0002]][[U+0003]] per uscire.,Pulsa [[U+000E]][[U+0002]][[U+0003]][[U+0000]][[U+E078]][[U+000F]][[U+0002]][[U+0003]] para apagar la consola.,Press [[U+000E]][[U+0002]][[U+0003]][[U+0000]][[U+E078]][[U+000F]][[U+0002]][[U+0003]] to quit.,"Appuyez sur [[U+000E]][[U+0002]][[U+0003]][[U+0000]][[U+E078]][[U+000F]][[U+0002]][[U+0003]] pour éteindre la
console.",Oprime [[U+000E]][[U+0002]][[U+0003]][[U+0000]][[U+E078]][[U+000F]][[U+0002]][[U+0003]] para apagar la consola.,Bitirmek için [[U+000E]][[U+0002]][[U+0003]][[U+0000]][[U+E078]][[U+000F]][[U+0002]][[U+0003]] tuşuna bas.
Main_Seq_AppEnd_Tired,497,Main_Seq_AppEnd_Tired,Bedankt voor het spelen!,Thanks for playing!,Reposez-vous bien !,Danke fürs Spielen!,Hai fatto un ottimo lavoro!,¡Muchísimas gracias por jugar!,Thanks for playing!,Reposez-vous bien!,¡Muchas gracias por jugar!,Oynadığın için teşekkürler!
MainMenu_First_Calendar,498,MainMenu_First_Calendar,,,,,,,,,,
MainMenu_First_Calendar_Talk_0,499,MainMenu_First_Calendar_Talk_0,Leuk je weer te zien!,You're training again today!,"Et une journée de présence de plus,
bienvenue !","Schön, dass Sie auch
heute wieder trainieren!","Registriamo la presenza
di oggi!",¡Anda! ¡Pero si has vuelto a entrenar!,You're training again today!,"Une autre journée d'entraînement,
bienvenue!",¡Vaya! ¡Pero si has vuelto a entrenar!,Bugün yine antrenman yapıyorsun!
MainMenu_First_Calendar_Talk_1,500,MainMenu_First_Calendar_Talk_1,Je traint al 3 achtereenvolgende dagen.,This is your 3rd straight day of training.,"C'est votre troisième jour
de présence consécutif !","Sie trainieren jetzt seit
3 Tagen in Folge!",3 presenze consecutive!,"¡Con este llevarás tres días seguidos
de práctica!",This is your 3rd straight day of training.,"C'est votre troisième jour
d'entraînement consécutif!","¡Con este llevarás tres días seguidos
de práctica!",Antrenmanda üst üste 3. günün.
MainMenu_First_Calendar_Talk_2,501,MainMenu_First_Calendar_Talk_2,Je traint al 4 achtereenvolgende dagen.,This is your 4th straight day of training.,"C'est votre quatrième jour
de présence consécutif !","Sie trainieren jetzt seit
4 Tagen in Folge!",4 presenze consecutive!,"¡Con este llevarás cuatro días seguidos
de práctica!",This is your 4th straight day of training.,"C'est votre quatrième jour
d'entraînement consécutif!","¡Con este llevarás cuatro días seguidos
de práctica!",Antrenmanda üst üste 4. günün.
MainMenu_First_Calendar_Talk_3,502,MainMenu_First_Calendar_Talk_3,Je traint al 5 achtereenvolgende dagen.,This is your 5th straight day of training.,"C'est votre cinquième jour
de présence consécutif !","Sie trainieren jetzt seit
5 Tagen in Folge!",5 presenze consecutive!,"¡Con este llevarás cinco días seguidos
de práctica!",This is your 5th straight day of training.,"C'est votre cinquième jour
d'entraînement consécutif!","¡Con este llevarás cinco días seguidos
de práctica!",Antrenmanda üst üste 5. günün.
MainMenu_First_Calendar_Talk_4,503,MainMenu_First_Calendar_Talk_4,Je hebt al 1 volle week dagelijks getraind.,Today you'll have trained for 1 week straight!,"Cela fait aujourd'hui une semaine que
vous utilisez ce logiciel tous les jours.","Sie trainieren jetzt seit
1 Woche täglich!","1 settimana di presenze
consecutive!","¡Con hoy llevarás una semana seguida
de práctica!","As of today, you've trained for a whole week!","Cela fait aujourd'hui une semaine que
vous utilisez ce logiciel tous les jours.","¡Con hoy llevarás una semana seguida
de práctica!","Bugün üst üste 1 haftadır antrenman yapmış
olacaksın!"
MainMenu_First_Calendar_Talk_5,504,MainMenu_First_Calendar_Talk_5,Je hebt al 2 volle weken dagelijks getraind.,Today you'll have trained for 2 weeks straight!,"Cela fait aujourd'hui deux semaines que
vous utilisez ce logiciel tous les jours.","Sie trainieren jetzt seit
2 Wochen täglich!","2 settimane di presenze
consecutive!","¡Con hoy llevarás dos semanas seguidas
de práctica!","As of today, you've trained for 2 weeks!","Cela fait aujourd'hui deux semaines que
vous utilisez ce logiciel tous les jours.","¡Con hoy llevarás dos semanas seguidas
de práctica!","Bugün üst üste 2 haftadır antrenman yapmış
olacaksın!"
MainMenu_First_Calendar_Talk_6,505,MainMenu_First_Calendar_Talk_6,Je hebt al 3 volle weken dagelijks getraind.,Today you'll have trained for 3 weeks straight!,"Cela fait aujourd'hui trois semaines que
vous utilisez ce logiciel tous les jours.","Sie trainieren jetzt seit
3 Wochen täglich!","3 settimane di presenze
consecutive!","¡Con hoy llevarás tres semanas seguidas
de práctica!","As of today, you've trained for 3 weeks!","Cela fait aujourd'hui trois semaines que
vous utilisez ce logiciel tous les jours.","¡Con hoy llevarás tres semanas seguidas
de práctica!","Bugün üst üste 3 haftadır antrenman yapmış
olacaksın!"
MainMenu_First_Calendar_Talk_7,506,MainMenu_First_Calendar_Talk_7,"Je hebt al een volledige maand
dagelijks getraind!",You've been training for one whole month!,"4 semaines consécutives
de présence !","Sie trainieren jetzt
schon seit 1 Monat!","Wow! 1 mese di
presenze consecutive!",¡Llevas un mes entero entrenando!,You've been training for one whole month!,"4 semaines consécutives
d'entraînement!",¡Llevas un mes entero entrenando!,Tam bir aydır antrenman yapıyorsun!
MainMenu_First_Calendar_Talk_8,507,MainMenu_First_Calendar_Talk_8,Je laatste training was twee dagen geleden.,"It's been about two days
since we last spoke!","Cela faisait deux jours que nous
ne nous étions pas vus.",Ihr letztes Training ist 2 Tage her.,"Sono 2 giorni che
non ci vediamo.","¡Vaya, vaya!
Ya han pasado dos días desde tu última visita.","It's been about two days
since we last spoke!","Cela faisait deux jours que nous
ne nous étions pas vus.","¡Vaya, vaya!
Ya han pasado dos días
desde tu última visita...","En son konuşmamızın üzerinden
yaklaşık iki gün geçti!"
MainMenu_First_Calendar_Talk_9,508,MainMenu_First_Calendar_Talk_9,Je laatste training was drie dagen geleden.,"It's been about three days
since we last spoke!","Cela faisait trois jours que
l'on ne s'était pas vus.","Vor 3 Tagen haben Sie
das letzte Mal trainiert.","Sono 3 giorni che
non ci vediamo.",Hacía tres días que no venías por aquí.,"It's been about three days
since I've seen you!","Cela faisait trois jours que
l'on ne s'était pas vus.",Hacía tres días que no venías por aquí.,"En son konuşmamızın üzerinden
yaklaşık üç gün geçti!"
MainMenu_First_Calendar_Talk_10,509,MainMenu_First_Calendar_Talk_10,Je laatste training was een week geleden.,"I haven't seen you
in a whole week!","Cela faisait une semaine que
l'on ne s'était pas vus.","Vor 1 Woche haben
Sie das letzte Mal trainiert.","È 1 settimana che
non ci vediamo.",¡Llevaba una semana sin verte por aquí!,I haven't seen you in a whole week!,"Cela faisait une semaine que
l'on ne s'était pas vus.",¡Llevaba una semana sin verte por aquí!,"Seni
tam bir haftadır görmedim!"
MainMenu_First_Calendar_Talk_11,510,MainMenu_First_Calendar_Talk_11,Je laatste training was twee weken geleden.,"It's been a full two weeks!
Have you been busy?","Cela faisait deux semaines que
l'on ne s'était pas vus.","Vor 2 Wochen haben
Sie das letzte Mal trainiert.","Sono 2 settimane che
non ci vediamo.","¿Qué te ha pasado?
¡No te he visto en dos semanas!","It's been a full two weeks!
You been busy?","Cela faisait deux semaines que
l'on ne s'était pas vus.","¿Qué te ha pasado?
¡No te he visto en dos semanas!","Tam iki hafta olmuş!
Yoğun muydun?"
MainMenu_First_Calendar_Talk_12,511,MainMenu_First_Calendar_Talk_12,Je laatste training was drie weken geleden.,"It's been three weeks!
What have you been up to?","Cela faisait trois semaines que
l'on ne s'était pas vus.","Vor 3 Wochen haben
Sie das letzte Mal trainiert.","Sono 3 settimane che
non ci vediamo.","¿Dónde te has metido?
¡Hacía tres semanas que no nos veíamos!","It's been three weeks!
What have you been up to?","Cela faisait trois semaines que
l'on ne s'était pas vus.","¿Dónde te has metido?
¡Hacía tres semanas que no nos veíamos!","Üç hafta olmuş!
Neler yaptın?"
MainMenu_First_Calendar_Talk_13,512,MainMenu_First_Calendar_Talk_13,Je hebt al een hele maand niet getraind!,"It's been a whole month since
you last trained!","Cela faisait un mois que
l'on ne s'était pas vus.","Vor 1 Monat haben
Sie das letzte Mal trainiert.","È 1 mese che
non ci vediamo.","¿Sabías que ha pasado un mes
desde la última vez que nos vimos?","It's been an entire month since
you last trained!","Cela faisait un mois que
l'on ne s'était pas vus.","¿Sabías que ha pasado un mes
desde la última vez que nos vimos?","En son antrenman yapmandan beri
tam bir ay olmuş!"
MainMenu_First_Calendar_Talk_14,513,MainMenu_First_Calendar_Talk_14,Lang niet gezien!,Long time no see!,"Cela faisait un moment,
dites donc !","Wir haben uns lange
nicht gesehen!","È un po' che non
ci si vede.",¡Cuánto tiempo!,Long time no see!,"Cela faisait un moment,
dites donc!",¡Cuánto tiempo!,"Uzun zamandır
görüşmedik!"
MainMenu_First_Calendar_Talk_15,514,MainMenu_First_Calendar_Talk_15,Vandaag heeft iedereen getraind!,Everyone's attended training today!,Tout le monde a été présent aujourd'hui !,Heute waren alle zum Training da.,Oggi siete tutti presenti!,¡Hoy ha venido todo el mundo!,Everyone has attended training today!,Tout le monde a été présent aujourd'hui!,¡Hoy ha venido todo el mundo!,Bugün herkes antrenmana katıldı!
MainMenu_First_Calendar_Talk_16,515,MainMenu_First_Calendar_Talk_16,Vandaag heeft weer iedereen getraind!,Everyone's attended training again today!,"Aujourd'hui encore, tout le
monde a été présent !",Heute waren wieder alle zum Training da.,"Anche oggi
siete tutti presenti!",¡Hoy tampoco ha faltado nadie!,Everyone has attended training again today!,"Aujourd'hui encore, tout le
monde a été présent!",¡Hoy tampoco ha faltado nadie!,Bugün de herkes antrenmana katıldı!
MainMenu_First_Calendar_Talk_17,516,MainMenu_First_Calendar_Talk_17,"Doe je uiterste best, zoals altijd!","Give it your all today, as usual!","Tâchons de bien nous
entraîner aujourd'hui.","Strengen Sie sich auch
heute wieder richtig an!","Anche oggi dai
il meglio di te!","¡Esfuérzate al máximo, como de costumbre!","Give it your all today, as usual!","Tâchons de bien nous
entraîner aujourd'hui.","¡Esfuérzate al máximo,
como de costumbre!","Her zamanki gibi bugün de elinden geleni
yap!"
MainMenu_First_Calendar_Talk_18,517,MainMenu_First_Calendar_Talk_18,Laten we beginnen.,Let's begin.,C'est parti !,Lassen Sie uns beginnen.,Iniziamo!,Adelante,Let's begin,C'est parti!,Adelante,Hadi başlayalım.
MainMenu_First_Calendar_Btn,518,MainMenu_First_Calendar_Btn,Ja,Yes,OK,Okay,Sì,¡Sí!,Yes,OK,¡Sí!,Evet
Boss_Event_Start,519,Boss_Event_Start,,,,,,,,,,
Boss_Event_Start_Mes_0,520,Boss_Event_Start_Mes_0,"O, trouwens!",That reminds me...,Mais au fait...,Ganz nebenbei...,"A proposito,",Y ahora que me acuerdo...,That reminds me...,"Mais, au fait...",Y ahora que me acuerdo...,Aklıma geldi de...
Boss_Event_Start_Mes_1,521,Boss_Event_Start_Mes_1,"Er is al minstens een
maand voorbijgegaan...",Since you started your training,Cela fait au moins un mois...,"Seit Sie mit dem
Training begonnen haben,",da quando hai iniziato ad allenarti,"El tiempo no corre, ¡vuela!...",A full month has passed,cela fait au moins un mois...,"El tiempo no corre, ¡vuela!...",Antrenmana başladığından beri
Boss_Event_Start_Mes_2,522,Boss_Event_Start_Mes_2,sinds je met de training bent begonnen!,a full month has passed by.,"que vous avez commencé
votre entraînement.",ist schon ein ganzer Monat vergangen.,è già passato un mese!,"¡Ha pasado al menos un mes
desde que empezaste con el entrenamiento!",since you started your training.,"que vous avez commencé
votre entraînement.","¡Ha pasado al menos un mes
desde que empezaste con el entrenamiento!",tam bir ay geçti.
Boss_Event_Start_Mes_3,523,Boss_Event_Start_Mes_3,"Nu je een maand hebt gehad om aan
de training te wennen, wil ik je wat vragen.","Now you're settled in, I
have a favour to ask you.","J'aurais un petit service à
vous demander.","Und an dieser Stelle
hätte ich eine Bitte an Sie.",Avrei una piccola richiesta.,Me gustaría pedirte un favor.,"Now that you're settled in,
I have a favor to ask you.","J'aurais un petit service à
vous demander.",Me gustaría pedirte un favor.,"Artık alıştığına göre,
senden bir ricam var."
Boss_Event_Start_Mes_4,524,Boss_Event_Start_Mes_4,"Ik zou het erg op prijs stellen als je
je trainingsgegevens...","I'd be grateful if you could
send your records",Accepteriez-vous...,"Würden Sie vielleicht
Ihre Trainingsergebnisse","E cioè, vorrei che mandassi i tuoi
risultati dell'allenamento",Es sobre tus datos de entrenamiento.,"I'd be grateful if you could
send your records",Accepteriez-vous...,Es sobre tus datos de entrenamiento.,"Kayıtlarını gönderebilirsen
minnettar olurum"
Boss_Event_Start_Mes_5,525,Boss_Event_Start_Mes_5,naar mijn laboratorium zou willen sturen.,"to the Kawashima Laboratory at
my university.","d'envoyer vos résultats au laboratoire
universitaire Kawashima ?",zu mir an die Universität schicken?,ai laboratori della mia università.,"Me gustaría que los enviaras
a mi laboratorio de investigación.","to the Kawashima Laboratory
where I do my research.","d'envoyer vos résultats au laboratoire
universitaire Kawashima?","Me gustaría que los enviaras
a mi laboratorio de investigación.","üniversitemdeki Kawashima
Laboratuvarı'na."
Boss_Event_Start_Mes_6,526,Boss_Event_Start_Mes_6,Ik zal je hier wat meer uitleg over geven.,"Let me explain how
you can do this.","Je vais vous expliquer le processus
d'envoi des résultats.","Lassen Sie mich Ihnen erklären,
wie die Übermittlung funktioniert.",Lascia che ti spieghi come fare per inviarli.,"Voy a explicarte lo que debes hacer
para enviar tus datos.",Let me explain how you can participate.,"Je vais vous expliquer le processus
d'envoi des résultats.","Voy a explicarte lo que debes hacer
para enviar tus datos.","Bunu nasıl yapabileceğini
açıklayayım."
Boss_Event_Start_Btn_0,527,Boss_Event_Start_Btn_0,Volgende,Next,Suite,Weiter,Avanti,Continuar,Next,Suite,Continuar,İleri
Boss_Event_Start_Flip_Text_0,528,Boss_Event_Start_Flip_Text_0,"Dr. Kawashima's laboratorium, Japan","The Kawashima Laboratory, Japan","Laboratoire Kawashima, Japon","Kawashima-Labor, Japan","Laboratori del Dr. Kawashima, Giappone","Laboratorio Kawashima, Japón","The Kawashima Laboratory, Japan","Laboratoire Kawashima, Japon","Laboratorio Kawashima, Japón","Japonya, Kawashima Laboratuvarı"
Boss_Event_End,529,Boss_Event_End,,,,,,,,,,
Boss_Event_End_Mes_0,530,Boss_Event_End_Mes_0,Dank je wel!,Thank you very much!,Merci beaucoup !,Das freut mich sehr!,Grazie infinite!,¡Muchísimas gracias!,Thank you very much!,Merci beaucoup!,¡Muchísimas gracias!,Çok teşekkürler!
Boss_Event_End_Mes_1,531,Boss_Event_End_Mes_1,We gebruiken je waardevolle gegevens...,Your precious records,Vos précieux résultats...,"Ihre Daten werden dazu verwendet,",Questi preziosi risultati...,Estos datos tan valiosos...,Your precious records,Vos précieux résultats...,Estos datos tan valiosos...,Değerli kayıtların
Boss_Event_End_Mes_2,532,Boss_Event_End_Mes_2,"om een bijdrage te leveren aan de 'hersen-
wetenschap', ofwel de cognitiewetenschap!",will be used to aid the future of brain science!,"seront très utiles pour l'avenir
des neurosciences !","die Hirnforschung
weiter voran zu bringen.","saranno fondamentali per l'avanzamento
negli studi sul cervello.",ayudarán al avance de la ciencia cognitiva.,"will be used to aid the
future of brain science!","seront très utiles pour l'avenir
des neurosciences!",ayudarán al avance de la ciencia cognitiva.,"beyin biliminin geleceğine katkı sağlamak için
kullanılacak!"
Boss_Event_End_Mes_3,533,Boss_Event_End_Mes_3,Ik wil je alvast belonen met een bedankbrief.,"Forgive me for being so forward, but I'd like to
pass you this letter expressing my gratitude.","Nous vous décernons donc un
certificat pour vous remercier.","Ich habe hier einen kleinen
Dankesbrief für Sie.","Permettimi di consegnarti questo
attestato di ringraziamento.","Me gustaría entregarte una carta
como muestra de mi agradecimiento.","I know I'm getting ahead of myself, but you'll
even get a thank-you letter for doing so.","Nous vous décernons donc un
certificat pour vous remercier.","Me gustaría entregarte una carta
como muestra de mi agradecimiento.","Patavatsızlığımı bağışla.
Bu teşekkür mektubu senin için."
Boss_Event_End_Dlg_Mes_0,534,Boss_Event_End_Dlg_Mes_0,"Deze bedankbrief is te vinden
onder [[U+000E]][[U+0000]][[U+0003]][[U+0004]]ÿ[[U+FF00]]PRIJZEN [[U+000E]][[U+0000]][[U+0003]][[U+0004]][[U+0000]][[U+FF00]]in het archief.","This Thank You Letter will
be proudly displayed under
[[U+000E]][[U+0000]][[U+0003]][[U+0004]]ÿ[[U+FF00]]Awards[[U+000E]][[U+0000]][[U+0003]][[U+0004]][[U+0000]][[U+FF00]], in Archives.","Vous pourrez le trouver dans la
section [[U+000E]][[U+0000]][[U+0003]][[U+0004]]ÿ[[U+FF00]]« certificats » [[U+000E]][[U+0000]][[U+0003]][[U+0004]][[U+0000]][[U+FF00]]du menu
« archives ».","Diesen Brief finden Sie unter
[[U+000E]][[U+0000]][[U+0003]][[U+0004]]ÿ[[U+FF00]]Auszeichnungen[[U+000E]][[U+0000]][[U+0003]][[U+0004]][[U+0000]][[U+FF00]] im Archiv.","L'attestato di ringraziamento
sarà esposto in bella
mostra nella sezione
[[U+000E]][[U+0000]][[U+0003]][[U+0004]]ÿ[[U+FF00]]Attestati [[U+000E]][[U+0000]][[U+0003]][[U+0004]][[U+0000]][[U+FF00]]dell'Archivio[[U+000E]][[U+0000]][[U+0003]][[U+0004]][[U+0000]][[U+FF00]].[[U+000E]][[U+0000]][[U+0003]][[U+0004]][[U+0000]][[U+FF00]]","Esta carta de agradecimiento
se expondrá con orgullo en
[[U+000E]][[U+0000]][[U+0003]][[U+0004]]ÿ[[U+FF00]]Diplomas[[U+000E]][[U+0000]][[U+0003]][[U+0004]][[U+0000]][[U+FF00]], dentro del menú
Progreso.","This Thank-You Letter will
be proudly displayed under
[[U+000E]][[U+0000]][[U+0003]][[U+0004]]ÿ[[U+FF00]]Awards[[U+000E]][[U+0000]][[U+0003]][[U+0004]][[U+0000]][[U+FF00]], in Archives.","Vous pourrez le trouver dans la
section [[U+000E]][[U+0000]][[U+0003]][[U+0004]]ÿ[[U+FF00]]Certificats [[U+000E]][[U+0000]][[U+0003]][[U+0004]][[U+0000]][[U+FF00]]du menu
Archives.","Esta carta de agradecimiento
se expondrá con orgullo en
[[U+000E]][[U+0000]][[U+0003]][[U+0004]]ÿ[[U+FF00]]Diplomas[[U+000E]][[U+0000]][[U+0003]][[U+0004]][[U+0000]][[U+FF00]], dentro del menú
Progreso.","Bu Teşekkür Mektubu
Arşivler'de, [[U+000E]][[U+0000]][[U+0003]][[U+0004]]ÿ[[U+FF00]]Ödüller[[U+000E]][[U+0000]][[U+0003]][[U+0004]][[U+0000]][[U+FF00]], bölümünde
gururla sergilenecek."
Boss_Event_End_Btn_0,535,Boss_Event_End_Btn_0,Volgende,Next,Suite,Weiter,Avanti,Continuar,Next,Suite,Continuar,İleri
Boss_Event_End_Award_Name,536,Boss_Event_End_Award_Name,"Beste [[U+000E]][[U+0001]][[U+0000]][[U+0000]],",Awarded to [[U+000E]][[U+0001]][[U+0000]][[U+0000]],[[U+000E]][[U+0001]][[U+0000]][[U+0000]],[[U+000E]][[U+0001]][[U+0000]][[U+0000]],[[U+000E]][[U+0001]][[U+0000]][[U+0000]],A [[U+000E]][[U+0001]][[U+0000]][[U+0000]]:,"Dear [[U+000E]][[U+0001]][[U+0000]][[U+0000]],",[[U+000E]][[U+0001]][[U+0000]][[U+0000]],A [[U+000E]][[U+0001]][[U+0000]][[U+0000]]:,Verilen: [[U+000E]][[U+0001]][[U+0000]][[U+0000]]
Boss_Event_End_Award_Text_0,537,Boss_Event_End_Award_Text_0,Hartelijk dank!,Thank You Letter,Remerciements,Vielen Dank!,Attestato di ringraziamento,Carta de agradecimiento,Thank-You Letter,Remerciements,Carta de agradecimiento,Teşekkür Mektubu
Boss_Event_End_Award_Text_1,538,Boss_Event_End_Award_Text_1,"Bedankt voor het opsturen van je
trainingsresultaten naar het
laboratorium van dr. Kawashima.","We herein express our gratitude to you
for having sent your training records
to Dr Kawashima's research facility.","Vous avez envoyé vos données
au laboratoire Kawashima,
merci à vous !","Hiermit möchten wir Ihnen dafür
danken, dass Sie Dr. Kawashima
Ihre Daten übermittelt haben.","Un vivo e profondo ringraziamento
per aver inviato i tuoi risultati
ai laboratori del Dr. Kawashima.","Nos gustaría agradecerte
tu interés en colaborar con
el laboratorio Kawashima.","We herein express our gratitude to you
for having sent your training records
to Dr. Kawashima's research facility.","Vous avez envoyé vos données
au laboratoire Kawashima,
merci à vous!","Nos gustaría agradecerte
tu interés en colaborar con
el laboratorio Kawashima.","Antrenman kayıtlarını
Dr Kawashima'nın araştırma tesisine
gönderdiğin için sana teşekkür ederiz."
Boss_Event_End_Award_Text_2,539,Boss_Event_End_Award_Text_2,"Dr. Kawashima's
laboratorium, Japan","[[U+000E]][[U+0000]][[U+0002]][[U+0002]]dThe Kawashima
Laboratory, Japan[[U+000E]][[U+0000]][[U+0002]][[U+0002]]d","Laboratoire Kawashima, Japon","Kawashima-Labor, Japan","Laboratori del
Dr. Kawashima","[[U+000E]][[U+0000]][[U+0002]][[U+0002]]dLaboratorio Kawashima,
Japón[[U+000E]][[U+0000]][[U+0002]][[U+0002]]d","[[U+000E]][[U+0000]][[U+0002]][[U+0002]]dThe Kawashima
Laboratory, Japan[[U+000E]][[U+0000]][[U+0002]][[U+0002]]d","Laboratoire Kawashima, Japon","[[U+000E]][[U+0000]][[U+0002]][[U+0002]]dLaboratorio Kawashima,
Japón[[U+000E]][[U+0000]][[U+0002]][[U+0002]]d","[[U+000E]][[U+0000]][[U+0002]][[U+0002]]dJaponya, Kawashima
Laboratuvarı[[U+000E]][[U+0000]][[U+0002]][[U+0002]]d"
Family_Communication_First,540,Family_Communication_First,,,,,,,,,,
Family_Communication_First_Mes_0,541,Family_Communication_First_Mes_0,,,,,,,,,,
Family_Communication_First_Mes_1,542,Family_Communication_First_Mes_1,,,,,,,,,,
Family_Communication_First_Mes_2,543,Family_Communication_First_Mes_2,,,,,,,,,,
Family_Communication_First_Mes_3,544,Family_Communication_First_Mes_3,,,,,,,,,,
Family_Communication_First_Mes_4,545,Family_Communication_First_Mes_4,,,,,,,,,,
Family_Communication_First_Mes_5,546,Family_Communication_First_Mes_5,,,,,,,,,,
Family_Communication_First_Mes_6,547,Family_Communication_First_Mes_6,,,,,,,,,,
Family_Communication_First_Mes_7,548,Family_Communication_First_Mes_7,,,,,,,,,,
Family_Communication_First_Mes_8,549,Family_Communication_First_Mes_8,,,,,,,,,,
Family_Communication_First_Mes_9,550,Family_Communication_First_Mes_9,,,,,,,,,,
Family_Communication_First_Mes_10,551,Family_Communication_First_Mes_10,,,,,,,,,,
Family_Communication_First_Mes_11,552,Family_Communication_First_Mes_11,,,,,,,,,,
Family_Communication_First_Mes_12,553,Family_Communication_First_Mes_12,,,,,,,,,,
Family_Communication_First_Mes_13,554,Family_Communication_First_Mes_13,,,,,,,,,,
Family_Communication_First_Btn_0,555,Family_Communication_First_Btn_0,,,,,,,,,,
Family_Communication_First_Btn_1,556,Family_Communication_First_Btn_1,,,,,,,,,,
Family_Communication_First_Btn_2,557,Family_Communication_First_Btn_2,,,,,,,,,,
Family_Communication_First_Btn_3,558,Family_Communication_First_Btn_3,,,,,,,,,,
Family_Communication_First_Btn_4,559,Family_Communication_First_Btn_4,,,,,,,,,,
Family_Communication_First_Btn_5,560,Family_Communication_First_Btn_5,,,,,,,,,,
Family_Communication_First_Btn_0_SP4,561,Family_Communication_First_Btn_0_SP4,,,,,,,,,,
Family_Communication_First_Btn_1_SP4,562,Family_Communication_First_Btn_1_SP4,,,,,,,,,,
Family_Communication_First_Btn_2_SP4,563,Family_Communication_First_Btn_2_SP4,,,,,,,,,,
Family_Communication_First_Btn_3_SP4,564,Family_Communication_First_Btn_3_SP4,,,,,,,,,,
Family_Communication_First_Btn_4_SP4,565,Family_Communication_First_Btn_4_SP4,,,,,,,,,,
Family_Communication_First_Btn_5_SP4,566,Family_Communication_First_Btn_5_SP4,,,,,,,,,,
Family_Communication,567,Family_Communication,,,,,,,,,,
Family_Communication_Mes_0,568,Family_Communication_Mes_0,,,,,,,,,,
Family_Communication_Mes_1,569,Family_Communication_Mes_1,,,,,,,,,,
Family_Communication_Mes_2,570,Family_Communication_Mes_2,,,,,,,,,,
Family_Communication_Mes_3,571,Family_Communication_Mes_3,,,,,,,,,,
Family_Communication_Mes_4,572,Family_Communication_Mes_4,,,,,,,,,,
Family_Communication_Mes_5,573,Family_Communication_Mes_5,,,,,,,,,,
Family_Communication_Mes_6,574,Family_Communication_Mes_6,,,,,,,,,,
Family_Communication_Btn_0,575,Family_Communication_Btn_0,,,,,,,,,,
Family_Communication_Btn_1,576,Family_Communication_Btn_1,,,,,,,,,,
Family_Communication_Btn_2,577,Family_Communication_Btn_2,,,,,,,,,,
Family_Communication_Btn_3,578,Family_Communication_Btn_3,,,,,,,,,,
Family_Communication_Btn_4,579,Family_Communication_Btn_4,,,,,,,,,,
Family_Communication_Btn_Next,580,Family_Communication_Btn_Next,,,,,,,,,,
Family_Communication_Btn_0_SP4,581,Family_Communication_Btn_0_SP4,,,,,,,,,,
Family_Communication_Btn_1_SP4,582,Family_Communication_Btn_1_SP4,,,,,,,,,,
Family_Communication_Btn_2_SP4,583,Family_Communication_Btn_2_SP4,,,,,,,,,,
Family_Communication_Btn_3_SP4,584,Family_Communication_Btn_3_SP4,,,,,,,,,,
Family_Communication_Btn_4_SP4,585,Family_Communication_Btn_4_SP4,,,,,,,,,,
Family_Communication_Btn_Next_SP4,586,Family_Communication_Btn_Next_SP4,,,,,,,,,,
Family_Communication_Get,587,Family_Communication_Get,,,,,,,,,,
Family_Communication_Get_Mes_0,588,Family_Communication_Get_Mes_0,,,,,,,,,,
Family_Communication_Get_Mes_1,589,Family_Communication_Get_Mes_1,,,,,,,,,,
Family_Communication_Get_Mes_2,590,Family_Communication_Get_Mes_2,,,,,,,,,,
Family_Communication_Get_Mes_3,591,Family_Communication_Get_Mes_3,,,,,,,,,,
Family_Communication_Get_Btn_0,592,Family_Communication_Get_Btn_0,,,,,,,,,,
Family_Communication_Get_Btn_1,593,Family_Communication_Get_Btn_1,,,,,,,,,,
Family_Communication_Get_Btn_2,594,Family_Communication_Get_Btn_2,,,,,,,,,,
Family_Communication_Get_Btn_Next,595,Family_Communication_Get_Btn_Next,,,,,,,,,,
Family_Communication_Get_Btn_0_SP4,596,Family_Communication_Get_Btn_0_SP4,,,,,,,,,,
Family_Communication_Get_Btn_1_SP4,597,Family_Communication_Get_Btn_1_SP4,,,,,,,,,,
Family_Communication_Get_Btn_2_SP4,598,Family_Communication_Get_Btn_2_SP4,,,,,,,,,,
Family_Communication_Get_Btn_Next_SP4,599,Family_Communication_Get_Btn_Next_SP4,,,,,,,,,,
Family_Communication_Theme,600,Family_Communication_Theme,,,,,,,,,,
Family_Communication_Theme_Mes_1,601,Family_Communication_Theme_Mes_1,,,,,,,,,,
Family_Communication_Theme_Mes_2,602,Family_Communication_Theme_Mes_2,,,,,,,,,,
Family_Communication_Theme_Mes_3,603,Family_Communication_Theme_Mes_3,,,,,,,,,,
Family_Communication_Theme_Mes_4,604,Family_Communication_Theme_Mes_4,,,,,,,,,,
Family_Communication_Theme_Mes_5,605,Family_Communication_Theme_Mes_5,,,,,,,,,,
Family_Communication_Theme_Mes_6,606,Family_Communication_Theme_Mes_6,,,,,,,,,,
Family_Communication_Theme_Mes_7,607,Family_Communication_Theme_Mes_7,,,,,,,,,,
Family_Communication_Theme_Mes_8,608,Family_Communication_Theme_Mes_8,,,,,,,,,,
Family_Communication_Theme_Mes_9,609,Family_Communication_Theme_Mes_9,,,,,,,,,,
Family_Communication_Theme_Mes_10,610,Family_Communication_Theme_Mes_10,,,,,,,,,,
Family_Communication_Theme_Mes_11,611,Family_Communication_Theme_Mes_11,,,,,,,,,,
Family_Communication_Theme_Mes_12,612,Family_Communication_Theme_Mes_12,,,,,,,,,,
Family_Communication_Theme_Mes_13,613,Family_Communication_Theme_Mes_13,,,,,,,,,,
Family_Communication_Theme_Mes_14,614,Family_Communication_Theme_Mes_14,,,,,,,,,,
Family_Communication_Theme_Mes_15,615,Family_Communication_Theme_Mes_15,,,,,,,,,,
Family_Communication_Theme_Mes_16,616,Family_Communication_Theme_Mes_16,,,,,,,,,,
Family_Communication_Theme_Mes_17,617,Family_Communication_Theme_Mes_17,,,,,,,,,,
Family_Communication_Theme_Mes_18,618,Family_Communication_Theme_Mes_18,,,,,,,,,,
Family_Communication_Answer,619,Family_Communication_Answer,,,,,,,,,,
Family_Communication_Answer_1,620,Family_Communication_Answer_1,,,,,,,,,,
Family_Communication_Answer_2,621,Family_Communication_Answer_2,,,,,,,,,,
Family_Communication_Answer_3,622,Family_Communication_Answer_3,,,,,,,,,,
Family_Communication_Answer_4,623,Family_Communication_Answer_4,,,,,,,,,,
Family_Communication_Answer_5,624,Family_Communication_Answer_5,,,,,,,,,,
Family_Communication_Answer_6,625,Family_Communication_Answer_6,,,,,,,,,,
Family_Communication_Answer_7,626,Family_Communication_Answer_7,,,,,,,,,,
Family_Communication_Answer_8,627,Family_Communication_Answer_8,,,,,,,,,,
Family_Communication_Answer_9,628,Family_Communication_Answer_9,,,,,,,,,,
Family_Communication_Answer_10,629,Family_Communication_Answer_10,,,,,,,,,,
Family_Communication_Answer_11,630,Family_Communication_Answer_11,,,,,,,,,,
Family_Communication_Answer_12,631,Family_Communication_Answer_12,,,,,,,,,,
Family_Communication_Answer_13,632,Family_Communication_Answer_13,,,,,,,,,,
Family_Communication_Answer_14,633,Family_Communication_Answer_14,,,,,,,,,,
Family_Communication_Answer_15,634,Family_Communication_Answer_15,,,,,,,,,,
Family_Communication_Answer_16,635,Family_Communication_Answer_16,,,,,,,,,,
Family_Communication_Answer_17,636,Family_Communication_Answer_17,,,,,,,,,,
Family_Communication_Answer_18,637,Family_Communication_Answer_18,,,,,,,,,,
Family_Communication_Answer_Prof,638,Family_Communication_Answer_Prof,,,,,,,,,,
EraseAll,639,EraseAll,,,,,,,,,,
EraseAll_Dlg_Mes_0,640,EraseAll_Dlg_Mes_0,"Wil je [[U+000E]][[U+0000]][[U+0003]][[U+0004]]ÿ[[U+FF00]]alle [[U+000E]][[U+0000]][[U+0003]][[U+0004]][[U+0000]][[U+FF00]]opgeslagen
gegevens wissen?","Would you like to
delete [[U+000E]][[U+0000]][[U+0003]][[U+0004]]ÿ[[U+FF00]]all[[U+000E]][[U+0000]][[U+0003]][[U+0004]][[U+0000]][[U+FF00]] save data?","Souhaitez-vous effacer [[U+000E]][[U+0000]][[U+0003]][[U+0004]]ÿ[[U+FF00]]toutes [[U+000E]][[U+0000]][[U+0003]][[U+0004]][[U+0000]][[U+FF00]]les
données de sauvegarde ?","Möchten Sie [[U+000E]][[U+0000]][[U+0003]][[U+0004]]ÿ[[U+FF00]]alle [[U+000E]][[U+0000]][[U+0003]][[U+0004]][[U+0000]][[U+FF00]]Ihre
gespeicherten Daten löschen?","Vuoi eliminare [[U+000E]][[U+0000]][[U+0003]][[U+0004]]ÿ[[U+FF00]]tutti
[[U+000E]][[U+0000]][[U+0003]][[U+0004]][[U+0000]][[U+FF00]][[U+000E]][[U+0000]][[U+0003]][[U+0004]][[U+0000]][[U+FF00]]i dati salvati?[[U+000E]][[U+0000]][[U+0003]][[U+0004]][[U+0000]][[U+FF00]]","¿Quieres borrar [[U+000E]][[U+0000]][[U+0003]][[U+0004]]ÿ[[U+FF00]]todos
[[U+000E]][[U+0000]][[U+0003]][[U+0004]][[U+0000]][[U+FF00]]los datos guardados?","Would you like to
delete [[U+000E]][[U+0000]][[U+0003]][[U+0004]]ÿ[[U+FF00]]all[[U+000E]][[U+0000]][[U+0003]][[U+0004]][[U+0000]][[U+FF00]] save data?","Souhaitez-vous effacer [[U+000E]][[U+0000]][[U+0003]][[U+0004]]ÿ[[U+FF00]]toutes [[U+000E]][[U+0000]][[U+0003]][[U+0004]][[U+0000]][[U+FF00]]les
données de sauvegarde?","¿Quieres borrar [[U+000E]][[U+0000]][[U+0003]][[U+0004]]ÿ[[U+FF00]]todos
[[U+000E]][[U+0000]][[U+0003]][[U+0004]][[U+0000]][[U+FF00]]los datos guardados?","[[U+000E]][[U+0000]][[U+0003]][[U+0004]]ÿ[[U+FF00]]tüm[[U+000E]][[U+0000]][[U+0003]][[U+0004]][[U+0000]][[U+FF00]] kayıt verilerini
silmek ister misin?"
EraseAll_Dlg_Mes_1,641,EraseAll_Dlg_Mes_1,"Weet je zeker dat je [[U+000E]][[U+0000]][[U+0003]][[U+0004]]ÿ[[U+FF00]]alle[[U+000E]][[U+0000]][[U+0003]][[U+0004]][[U+0000]][[U+FF00]]
opgeslagen gegevens wilt wissen?","Let me check one more time.
Are you sure you want to
delete [[U+000E]][[U+0000]][[U+0003]][[U+0004]]ÿ[[U+FF00]]all[[U+000E]][[U+0000]][[U+0003]][[U+0004]][[U+0000]][[U+FF00]] save data?","Voulez-vous vraiment effacer
[[U+000E]][[U+0000]][[U+0003]][[U+0004]]ÿ[[U+FF00]]toutes [[U+000E]][[U+0000]][[U+0003]][[U+0004]][[U+0000]][[U+FF00]]les données de
sauvegarde ?","Nur zur Sicherheit:
Möchten Sie wirklich
[[U+000E]][[U+0000]][[U+0003]][[U+0004]]ÿ[[U+FF00]]alle [[U+000E]][[U+0000]][[U+0003]][[U+0004]][[U+0000]][[U+FF00]]Daten löschen?","Te lo richiedo per sicurezza.
Vuoi davvero cancellare [[U+000E]][[U+0000]][[U+0003]][[U+0004]][[U+0000]][[U+FF00]][[U+000E]][[U+0000]][[U+0003]][[U+0004]]ÿ[[U+FF00]]tutto[[U+000E]][[U+0000]][[U+0003]][[U+0004]][[U+0000]][[U+FF00]][[U+000E]][[U+0000]][[U+0003]][[U+0004]][[U+0000]][[U+FF00]]?[[U+000E]][[U+0000]][[U+0003]][[U+0004]][[U+0000]][[U+FF00]][[U+000E]][[U+0000]][[U+0003]][[U+0004]][[U+0000]][[U+FF00]]","¿Seguro que quieres borrar
[[U+000E]][[U+0000]][[U+0003]][[U+0004]]ÿ[[U+FF00]]todos[[U+000E]][[U+0000]][[U+0003]][[U+0004]][[U+0000]][[U+FF00]] los datos guardados?","Let me check one more time.
Are you sure you want to
delete [[U+000E]][[U+0000]][[U+0003]][[U+0004]]ÿ[[U+FF00]]all[[U+000E]][[U+0000]][[U+0003]][[U+0004]][[U+0000]][[U+FF00]] save data?","Voulez-vous vraiment effacer
[[U+000E]][[U+0000]][[U+0003]][[U+0004]]ÿ[[U+FF00]]toutes [[U+000E]][[U+0000]][[U+0003]][[U+0004]][[U+0000]][[U+FF00]]les données de
sauvegarde?","¿Seguro que quieres borrar
[[U+000E]][[U+0000]][[U+0003]][[U+0004]]ÿ[[U+FF00]]todos[[U+000E]][[U+0000]][[U+0003]][[U+0004]][[U+0000]][[U+FF00]] los datos guardados?","Bir kez daha sorayım.
[[U+000E]][[U+0000]][[U+0003]][[U+0004]]ÿ[[U+FF00]]tüm[[U+000E]][[U+0000]][[U+0003]][[U+0004]][[U+0000]][[U+FF00]] kayıt verilerini
silmek istediğine emin misin?"
EraseAll_Dlg_Mes_2,642,EraseAll_Dlg_Mes_2,,,,,,,,,,
EraseAll_Dlg_Btn_0,643,EraseAll_Dlg_Btn_0,Ja,Delete,Effacer,Löschen,Cancella,Borrar,Delete,Effacer,Borrar,Sil
EraseAll_Dlg_Btn_1,644,EraseAll_Dlg_Btn_1,Nee,Don't delete,Ne pas effacer,Nicht löschen,Non cancellare,No borrar,Don't delete,Ne pas effacer,No borrar,Silme
EraseAll_Dlg_Btn_2,645,EraseAll_Dlg_Btn_2,Ja,Really delete,Effacer,Wirklich löschen,"Sì, cancella tutto",Borrar todo,Really delete,Effacer,Borrar todo,Gerçekten sil
EraseAll_Dlg_Btn_3,646,EraseAll_Dlg_Btn_3,Nee,Don't delete,Ne pas effacer,Nicht löschen,"No, ci ho ripensato",No borrar,Don't delete,Ne pas effacer,No borrar,Silme
Cec_Re_Set,647,Cec_Re_Set,,,,,,,,,,
Cec_Re_Set_Mes_0,648,Cec_Re_Set_Mes_0,"Ik zie dat je StreetPass hebt
uitgeschakeld, maar...","I realise you've disabled
StreetPass, but...","Je sais que vous avez désactivé
StreetPass...","StreetPass wurde in den
Optionen deaktiviert, aber...","La funzione StreetPass
ora è disattivata, comunque...","Sé que has decidido
desactivar StreetPass,","I realize you've deactivated
StreetPass, but...","Je sais que vous avez désactivé
StreetPass...","Sé que has decidido
desactivar StreetPass,","StreetPass'ı devre dışı
bıraktığını biliyorum ama..."
Cec_Re_Set_Mes_1,649,Cec_Re_Set_Mes_1,"weet je zeker dat je StreetPass
niet wilt inschakelen?","Are you sure you wouldn't
like to try StreetPass one
more time?","mais ne voulez-vous pas essayer
encore une fois ?","Möchten Sie StreetPass
nicht doch einmal aktivieren?","vuoi riprovare
ad attivarla?","pero ¿no te gustaría darle
otra oportunidad?","are you sure you wouldn't
like to try StreetPass one
more time?","mais ne voulez-vous pas essayer
encore une fois?","pero ¿no te gustaría darle
otra oportunidad?","StreetPass'ı
bir kez daha denemek
istemediğine emin misin?"
Cec_Re_Set_Btn_0,650,Cec_Re_Set_Btn_0,Inschakelen,Activate,Si,Aktivieren,Sì,Activar,Activate,Oui,Activar,Etkinleştir
Cec_Re_Set_Btn_1,651,Cec_Re_Set_Btn_1,Niet inschakelen,Deactivate,Non,Nicht aktivieren,No,Desactivar,Deactivate,Non,Desactivar,Devre dışı bırak
Cec_ParentControl,652,Cec_ParentControl,,,,,,,,,,
Cec_ParentControl_Mes_0,653,Cec_ParentControl_Mes_0,"[[U+000E]][[U+0000]][[U+0003]][[U+0004]]ÿ[[U+FF00]]StreetPass [[U+000E]][[U+0000]][[U+0003]][[U+0004]][[U+0000]][[U+FF00]]wordt beperkt
door het ouderlijk toezicht.","The use of [[U+000E]][[U+0000]][[U+0003]][[U+0004]]ÿ[[U+FF00]]StreetPass [[U+000E]][[U+0000]][[U+0003]][[U+0004]][[U+0000]][[U+FF00]]is
restricted by Parental Controls.","Les paramètres de contrôle
parental ne vous permettent pas
d'utiliser [[U+000E]][[U+0000]][[U+0003]][[U+0004]]ÿ[[U+FF00]]StreetPass[[U+000E]][[U+0000]][[U+0003]][[U+0004]][[U+0000]][[U+FF00]].","[[U+000E]][[U+0000]][[U+0003]][[U+0004]]ÿ[[U+FF00]]StreetPass [[U+000E]][[U+0000]][[U+0003]][[U+0004]][[U+0000]][[U+FF00]]wurde in den
Altersbeschränkungen
eingeschränkt.","Il filtro famiglia è attivato:
[[U+000E]][[U+0000]][[U+0003]][[U+0004]]ÿ[[U+FF00]]la funzione StreetPass
[[U+000E]][[U+0000]][[U+0003]][[U+0004]][[U+0000]][[U+FF00]]è soggetta a limitazioni.","Se ha restringido el uso de
[[U+000E]][[U+0000]][[U+0003]][[U+0004]]ÿ[[U+FF00]]StreetPass[[U+000E]][[U+0000]][[U+0003]][[U+0004]][[U+0000]][[U+FF00]] mediante el control
parental.","Parental Controls have been 
enabled to restrict the use of
[[U+000E]][[U+0000]][[U+0003]][[U+0004]]ÿ[[U+FF00]]StreetPass with other users[[U+000E]][[U+0000]][[U+0003]][[U+0004]][[U+0000]][[U+FF00]].[[U+000E]][[U+0000]][[U+0003]][[U+0004]]ÿ[[U+FF00]][[U+000E]][[U+0000]][[U+0003]][[U+0004]][[U+0000]][[U+FF00]]","Les paramètres de contrôle
parental ne vous permettent pas
d'utiliser [[U+000E]][[U+0000]][[U+0003]][[U+0004]]ÿ[[U+FF00]]StreetPass[[U+000E]][[U+0000]][[U+0003]][[U+0004]][[U+0000]][[U+FF00]].","Se ha restringido el uso de
[[U+000E]][[U+0000]][[U+0003]][[U+0004]]ÿ[[U+FF00]]StreetPass[[U+000E]][[U+0000]][[U+0003]][[U+0004]][[U+0000]][[U+FF00]] mediante el control
parental.","[[U+000E]][[U+0000]][[U+0003]][[U+0004]]ÿ[[U+FF00]]StreetPass[[U+000E]][[U+0000]][[U+0003]][[U+0004]][[U+0000]][[U+FF00]] kullanımı
Ebeveyn Denetimleri tarafından
kısıtlanmıştır."
Cec_ParentControl_Mes_1,654,Cec_ParentControl_Mes_1,"[[U+000E]][[U+0000]][[U+0003]][[U+0004]]ÿ[[U+FF00]]Het delen van foto's,
(video)beelden, audio en
tekst [[U+000E]][[U+0000]][[U+0003]][[U+0004]][[U+0000]][[U+FF00]]wordt beperkt door
het ouderlijk toezicht.","[[U+000E]][[U+0000]][[U+0003]][[U+0004]]ÿ[[U+FF00]]Sharing Images / Audio / Video /
Long Text Data [[U+000E]][[U+0000]][[U+0003]][[U+0004]][[U+0000]][[U+FF00]]is restricted by
Parental Controls.[[U+000E]][[U+0000]][[U+0003]][[U+0004]]ÿ[[U+FF00]][[U+000E]][[U+0000]][[U+0003]][[U+0004]][[U+0000]][[U+FF00]]","Les paramètres de contrôle
parental ne permettent pas
l'[[U+000E]][[U+0000]][[U+0003]][[U+0004]]ÿ[[U+FF00]]échange de fichiers audio/
vidéo, images, messages[[U+000E]][[U+0000]][[U+0003]][[U+0004]][[U+0000]][[U+FF00]].","Der [[U+000E]][[U+0000]][[U+0003]][[U+0004]]ÿ[[U+FF00]]Austausch von Bild-, Audio-,
Video- und Textdateien[[U+000E]][[U+0000]][[U+0003]][[U+0004]][[U+0000]][[U+FF00]] wurde
in den Altersbeschränkungen
eingeschränkt.","Il filtro famiglia è attivato:
[[U+000E]][[U+0000]][[U+0003]][[U+0004]]ÿ[[U+FF00]]lo scambio di immagini,
registrazioni, filmati e testi[[U+000E]][[U+0000]][[U+0003]][[U+0004]][[U+0000]][[U+FF00]]
è soggetto a limitazioni.","Se ha restringido [[U+000E]][[U+0000]][[U+0003]][[U+0004]]ÿ[[U+FF00]]el intercambio
de audio, imágenes, vídeo y texto
[[U+000E]][[U+0000]][[U+0003]][[U+0004]][[U+0000]][[U+FF00]]mediante el control parental.","Parental Controls have been
enabled to restrict the [[U+000E]][[U+0000]][[U+0003]][[U+0004]]ÿ[[U+FF00]]sending
and receiving of photos, images,
voices, videos, and text[[U+000E]][[U+0000]][[U+0003]][[U+0004]][[U+0000]][[U+FF00]].[[U+000E]][[U+0000]][[U+0003]][[U+0004]]ÿ[[U+FF00]][[U+000E]][[U+0000]][[U+0003]][[U+0004]][[U+0000]][[U+FF00]]","Les paramètres de contrôle
parental ne permettent pas
l'[[U+000E]][[U+0000]][[U+0003]][[U+0004]]ÿ[[U+FF00]]échange de fichiers audio/
vidéo, images, messages[[U+000E]][[U+0000]][[U+0003]][[U+0004]][[U+0000]][[U+FF00]].","Se ha restringido [[U+000E]][[U+0000]][[U+0003]][[U+0004]]ÿ[[U+FF00]]el intercambio
de audio, imágenes, video y texto
[[U+000E]][[U+0000]][[U+0003]][[U+0004]][[U+0000]][[U+FF00]]mediante el control parental.","[[U+000E]][[U+0000]][[U+0003]][[U+0004]]ÿ[[U+FF00]]Resim / Ses / Video /
Uzun Metin Verisi Paylaşımı [[U+000E]][[U+0000]][[U+0003]][[U+0004]][[U+0000]][[U+FF00]]
Ebeveyn Denetimleri tarafından
kısıtlanmıştır.[[U+000E]][[U+0000]][[U+0003]][[U+0004]]ÿ[[U+FF00]][[U+000E]][[U+0000]][[U+0003]][[U+0004]][[U+0000]][[U+FF00]]"
Cec_ParentControl_Mes_2,655,Cec_ParentControl_Mes_2,"StreetPass wordt voor
alle gebruikers van deze
software uitgeschakeld.","StreetPass will be deactivated for
all profiles.","StreetPass est désactivé pour
tous les profils.","StreetPass wird für die Profile
aller Spieler deaktiviert.","La funzione StreetPass
è disattivata per
tutti i profili.","StreetPass está desactivado
para todos los perfiles.","StreetPass will be deactivated
for all profiles.","StreetPass est désactivé pour
tous les profils.","StreetPass está desactivado
para todos los perfiles.","StreetPass tüm profiller için
devre dışı bırakılacak."
Cec_ParentControl_Btn_0,656,Cec_ParentControl_Btn_0,Oké,OK,OK,Okay,OK,De acuerdo,OK,OK,De acuerdo,Tamam
Cec_ExistBox_,657,Cec_ExistBox_,,,,,,,,,,
Cec_ExistBox_Mes_0,658,Cec_ExistBox_Mes_0,"Ik zie dat je StreetPass hebt
uitgeschakeld in de instellingen.","I realise you've deactivated
StreetPass, but...","Je sais que vous avez désactivé
StreetPass...","StreetPass wurde in den
Optionen deaktiviert, aber...","La funzione StreetPass
ora è disattivata, comunque...","Sé que has decidido
desactivar StreetPass,","I realize you've deactivated
StreetPass, but...","Je sais que vous avez désactivé
StreetPass...","Sé que has decidido
desactivar StreetPass,","StreetPass'ı kapattığını
biliyorum ama..."
Cec_ExistBox_Mes_1,659,Cec_ExistBox_Mes_1,"Weet je zeker dat je StreetPass
niet wilt inschakelen?","Are you sure you wouldn't
like to try StreetPass one
more time?","mais ne voulez-vous pas essayer
encore une fois ?","Möchten Sie StreetPass
nicht doch einmal aktivieren?","vuoi riprovare
ad attivarla?","pero ¿no te gustaría darle
otra oportunidad?","are you sure you wouldn't
like to try StreetPass one
more time?","mais ne voulez-vous pas essayer
encore une fois?","pero ¿no te gustaría darle
otra oportunidad?","StreetPass'ı
bir kez daha denemek
istemediğine emin misin?"
Cec_ExistBox_Mes_2_0,660,Cec_ExistBox_Mes_2_0,StreetPass is ingeschakeld.,"StreetPass has
been activated.",StreetPass est activé !,StreetPass ist aktiviert.,"La funzione StreetPass
è attivata.",Se ha activado StreetPass.,"StreetPass has
been activated.",StreetPass est activé!,Se ha activado StreetPass.,"StreetPass
etkinleştirildi."
Cec_ExistBox_Mes_2_1,661,Cec_ExistBox_Mes_2_1,StreetPass is uitgeschakeld.,"StreetPass has
been deactivated.",StreetPass est désactivé.,StreetPass ist deaktiviert.,"La funzione StreetPass
è disattivata.",Se ha desactivado StreetPass.,"StreetPass has
been deactivated.",StreetPass est désactivé.,Se ha desactivado StreetPass.,"StreetPass
devre dışı bırakıldı."
Cec_ExistBox_Btn_0,662,Cec_ExistBox_Btn_0,Inschakelen,Activate,Si,Aktivieren,Sì,Activar,Activate,Oui,Activar,Etkinleştir
Cec_ExistBox_Btn_1,663,Cec_ExistBox_Btn_1,Niet inschakelen,Deactivate,Non,Nicht aktivieren,No,Desactivar,Deactivate,Non,Desactivar,Devre dışı bırak
Cec_WifiOff_,664,Cec_WifiOff_,,,,,,,,,,
Cec_WifiOff_Mes_0,665,Cec_WifiOff_Mes_0,"Wat is dit nou?
De draadloze communicatie
is uitgeschakeld.","What's this? Wireless 
communication is disabled.","La communication sans
fil est désactivée.","Oh?
Die drahtlose Verbindung
wurde deaktiviert.","Eh?
La comunicazione wireless
è disattivata.","¡Qué cosa más rara!
La comunicación inalámbrica
está desactivada.","What's this?
Wireless communications
have been disabled.","La communication sans
fil est désactivée.","¡Qué raro!
La comunicación inalámbrica
está desactivada.","Bu da ne? Kablosuz
iletişim devre dışı."
Cec_WifiOff_Mes_1,666,Cec_WifiOff_Mes_1,"Om gebruik te maken van
StreetPass of SpotPass...","In order to use StreetPass
or SpotPass,","Pour utiliser StreetPass
ou SpotPass...","Wenn Sie StreetPass oder
SpotPass verwenden möchten,","Per usare StreetPass
e SpotPass...","Si en algún momento
quieres utilizar StreetPass
o SpotPass,","In order to use StreetPass,",Pour utiliser StreetPass...,"Si en algún momento
quieres utilizar StreetPass,","StreetPass ya da SpotPass
kullanmak için,"
Cec_WifiOff_Mes_2,667,Cec_WifiOff_Mes_2,"schuif je de draadloosschakelaar
kort omhoog om de draadloze
communicatie in te schakelen.","push the wireless switch
to activate wireless
communication.","veuillez pousser le bouton de
communication sans fil afin
d'activer la communication
sans fil.","betätigen Sie den
WLAN-Schalter,
um die drahtlose
Verbindung zu aktivieren.","attiva la comunicazione wireless
spingendo l'interruttore
wireless verso l'alto.","recuerda deslizar el interruptor
de la conexión inalámbrica
para activarla.","push the wireless switch
to enable wireless
communication.","veuillez pousser le bouton de
communication sans fil afin
d'activer la communication
sans fil.","recuerda deslizar el interruptor
de la conexión inalámbrica
para activarla.","Kablosuz iletişimi
etkinleştirmek için
kablosuz anahtarını aç."
Cfl_Error_,668,Cfl_Error_,,,,,,,,,,
Cfl_Error_Mes_0,669,Cfl_Error_Mes_0,"De opgeslagen gegevens van
Mii-maker waren beschadigd
en zijn hersteld.","The Mii Maker save data was
corrupted. It has been reverted
to its original state.","Les données de sauvegarde de
l'éditeur Mii étaient corrompues
et ont été réinitialisées.","Da die Speicherdaten von
Mii-Maker fehlerhaft sind,
werden sie zurückgesetzt.","I dati di salvataggio del
Centro di creazione Mii
erano danneggiati e
sono stati ripristinati.","Los datos guardados del
editor de Mii estaban dañados
y se han tenido que borrar.","The Mii Maker save data was
corrupted, therefore it was
restored to its original state.","Les données de sauvegarde de
l'éditeur Mii étaient corrompues
et ont été réinitialisées.","Los datos guardados del
editor de Mii estaban dañados
y se han tenido que borrar.","Mii Maker kayıt verileri
bozuldu. Orijinal hâline
döndürüldü."
Cfl_Error_Btn_0,670,Cfl_Error_Btn_0,Volgende,Next,Suite,Weiter,Avanti,Seguir,Next,Suite,Seguir,İleri
Eula_Error,671,Eula_Error,,,,,,,,,,
Eula_Error_Mes_0,672,Eula_Error_Mes_0,"Je bent niet akkoord gegaan
met de nieuwste versie van de
gebruikersovereenkomst voor
Nintendo 3DS-diensten en
het privacybeleid...","You have not agreed to the
Nintendo 3DS Service User
Agreement and Privacy Policy,","Vous n'avez pas accepté les
termes du contrat d'utilisation des
services Nintendo 3DS et de la
politique de confidentialité.","Sie haben dem Vertrag zur
Nutzung der Nintendo 3DS-
Services und der Datenschutz-
richtlinie nicht zugestimmt.","Purtroppo se non hai accettato
la versione più recente
dell'Accordo per l'utilizzo
dei servizi Nintendo 3DS
e policy sulla privacy...","Todavía no has aceptado la
última versión del Contrato de
Uso y la Política de Privacidad
de los Servicios de Nintendo 3DS.","You have not agreed to the
most recent Nintendo 3DS
Service User Agreement.","Vous n'avez pas accepté les
termes du contrat d'utilisation des
services Nintendo 3DS et de la
politique de confidentialité.","Todavía no has aceptado la
última versión del Contrato
de Uso de los Servicios de
Nintendo 3DS.","Nintendo 3DS Hizmet Kullanıcı
Sözleşmesi ve Gizlilik
Politikası'nı kabul etmedin,"
Eula_Error_Mes_1_0,673,Eula_Error_Mes_1_0,"dus je kunt StreetPass
niet gebruiken.",so you cannot use StreetPass.,"Vous ne pouvez donc pas activer
StreetPass.","StreetPass kann nicht
verwendet werden.","non puoi attivare la
funzione StreetPass.","Hasta que no los aceptes,
no podrás utilizar StreetPass.","Therefore you cannot
use StreetPass.","Vous ne pouvez donc pas activer
StreetPass.","Hasta que no los aceptes,
no podrás utilizar StreetPass.","bu yüzden StreetPass
kullanamazsın."
Eula_Error_Mes_1_1,674,Eula_Error_Mes_1_1,"Je trainingsresultaten worden
niet verstuurd.",Training Records will not be sent.,"Vous ne pouvez pas envoyer vos
données via SpotPass.","Ihre Trainingsdaten
werden nicht gesendet.","Impossibile inviare
i risultati dell'allenamento.","No se enviarán los datos
de entrenamiento.",Training Records will not be sent.,"Vous ne pouvez pas envoyer vos
données via SpotPass.","No se enviarán los datos
de entrenamiento.","Antrenman Kayıtları
gönderilmeyecek."
Eula_Error_Mes_2_0,675,Eula_Error_Mes_2_0,"StreetPass wordt voor alle
gebruikers van deze
software uitgeschakeld.","StreetPass will be deactivated
for all profiles.","StreetPass est désactivé pour
tous les profils.","StreetPass wird für die Profile
sämtlicher Spieler deaktiviert.","La funzione StreetPass
è disattivata per
tutti i profili.","StreetPass está desactivado
para todos los perfiles.","StreetPass will be deactivated
for all profiles.","StreetPass est désactivé pour
tous les profils.","StreetPass está desactivado
para todos los perfiles.","StreetPass tüm profiller için
devre dışı bırakılacak."
Eula_Error_Mes_2_1,676,Eula_Error_Mes_2_1,"De optie 'Mijn gegevens
versturen' is voor alle
profielen uitgeschakeld.","The Send Records feature has
been disabled for all profiles.","SpotPass est désactivé pour tous
les profils. Aucune donnée ne sera
envoyée.","Die Option „Aufzeichnungen
senden“ wurde für die Profile
aller Spieler deaktiviert.","L'invio dei risultati
è disattivato
per tutti i profili.","Se desactivará el envío
de datos para todos los
perfiles de la consola.","Send Us Your Records settings
will be set to Don't Send
for all profiles.","Ceci est désactivé pour tous
les profils. Aucune donnée ne sera
envoyée.","Se desactivará el envío
de datos para todos los
perfiles de la consola.","Kayıtları Gönder özelliği tüm
profiller için devre dışı
bırakıldı."
Eula_Error_Btn_0,677,Eula_Error_Btn_0,Oké,OK,OK,Okay,OK,De acuerdo,OK,OK,De acuerdo,Tamam
Main_OniGrade_Explain,678,Main_OniGrade_Explain,,,,,,,,,,
Main_OniGrade_Explain_Title,679,Main_OniGrade_Explain_Title,Trainingsrang,Training Grade,Rang infernal,Trainingsrang,Grado infernale,Nivel infernal,Training Grade,Rang infernal,Nivel infernal,Antrenman Notu
Main_OniGrade_Explain_00,680,Main_OniGrade_Explain_00,Je [[U+000E]][[U+0000]][[U+0003]][[U+0004]]ÿ[[U+FF00]]trainingsrang [[U+000E]][[U+0000]][[U+0003]][[U+0004]][[U+0000]][[U+FF00]]is...,Your [[U+000E]][[U+0000]][[U+0003]][[U+0004]]ÿ[[U+FF00]]Training Grade [[U+000E]][[U+0000]][[U+0003]][[U+0004]][[U+0000]][[U+FF00]]is,Le [[U+000E]][[U+0000]][[U+0003]][[U+0004]]ÿ[[U+FF00]]rang infernal[[U+000E]][[U+0000]][[U+0003]][[U+0004]][[U+0000]][[U+FF00]]...,"Ihr [[U+000E]][[U+0000]][[U+0003]][[U+0004]]ÿ[[U+FF00]]Trainingsrang beim
Diabolischen Training [[U+000E]][[U+0000]][[U+0003]][[U+0004]][[U+0000]][[U+FF00]]ist",Il [[U+000E]][[U+0000]][[U+0003]][[U+0004]]ÿ[[U+FF00]]grado infernale[[U+000E]][[U+0000]][[U+0003]][[U+0004]][[U+0000]][[U+FF00]]...,El [[U+000E]][[U+0000]][[U+0003]][[U+0004]]ÿ[[U+FF00]]nivel infernal[[U+000E]][[U+0000]][[U+0003]][[U+0004]][[U+0000]][[U+FF00]] es...,Your [[U+000E]][[U+0000]][[U+0003]][[U+0004]]ÿ[[U+FF00]]Training Grade[[U+000E]][[U+0000]][[U+0003]][[U+0004]][[U+0000]][[U+FF00]],Le [[U+000E]][[U+0000]][[U+0003]][[U+0004]]ÿ[[U+FF00]]rang infernal[[U+000E]][[U+0000]][[U+0003]][[U+0004]][[U+0000]][[U+FF00]]...,El [[U+000E]][[U+0000]][[U+0003]][[U+0004]]ÿ[[U+FF00]]nivel infernal[[U+000E]][[U+0000]][[U+0003]][[U+0004]][[U+0000]][[U+FF00]] es...,"Senin [[U+000E]][[U+0000]][[U+0003]][[U+0004]]ÿ[[U+FF00]]Antrenman Derecen[[U+000E]][[U+0000]][[U+0003]][[U+0004]][[U+0000]][[U+FF00]],"
Main_OniGrade_Explain_01,681,Main_OniGrade_Explain_01,"een [[U+000E]][[U+0000]][[U+0003]][[U+0004]]ÿ[[U+FF00]]beoordeling [[U+000E]][[U+0000]][[U+0003]][[U+0004]][[U+0000]][[U+FF00]]van je
vooruitgang in Duivelse Training.","an[[U+000E]][[U+0000]][[U+0003]][[U+0004]]ÿ[[U+FF00]] overall evaluation [[U+000E]][[U+0000]][[U+0003]][[U+0004]][[U+0000]][[U+FF00]]of your
progress in Devilish Training.","reflète votre [[U+000E]][[U+0000]][[U+0003]][[U+0004]]ÿ[[U+FF00]]niveau global [[U+000E]][[U+0000]][[U+0003]][[U+0004]][[U+0000]][[U+FF00]]à
l'entraînement infernal.","eine [[U+000E]][[U+0000]][[U+0003]][[U+0004]]ÿ[[U+FF00]]Bewertung des gesamten
[[U+000E]][[U+0000]][[U+0003]][[U+0004]][[U+0000]][[U+FF00]]Diabolischen Trainings.","è la [[U+000E]][[U+0000]][[U+0003]][[U+0004]]ÿ[[U+FF00]]valutazione complessiva
[[U+000E]][[U+0000]][[U+0003]][[U+0004]][[U+0000]][[U+FF00]]del tuo andamento
nell'Allenamento infernale.","una [[U+000E]][[U+0000]][[U+0003]][[U+0004]]ÿ[[U+FF00]]valoración global [[U+000E]][[U+0000]][[U+0003]][[U+0004]][[U+0000]][[U+FF00]]de
tu progreso en la sección
Práctica infernal.","is an[[U+000E]][[U+0000]][[U+0003]][[U+0004]]ÿ[[U+FF00]] overall evaluation [[U+000E]][[U+0000]][[U+0003]][[U+0004]][[U+0000]][[U+FF00]]of your
progress in Devilish Training.","reflète votre [[U+000E]][[U+0000]][[U+0003]][[U+0004]]ÿ[[U+FF00]]niveau global [[U+000E]][[U+0000]][[U+0003]][[U+0004]][[U+0000]][[U+FF00]]à
l'entraînement infernal.","una [[U+000E]][[U+0000]][[U+0003]][[U+0004]]ÿ[[U+FF00]]valoración global [[U+000E]][[U+0000]][[U+0003]][[U+0004]][[U+0000]][[U+FF00]]de
tu progreso en la sección
Práctica infernal.","Şeytani Antrenmandaki
ilerleyişinin[[U+000E]][[U+0000]][[U+0003]][[U+0004]]ÿ[[U+FF00]] genel
değerlendirmesidir [[U+000E]][[U+0000]][[U+0003]][[U+0004]][[U+0000]][[U+FF00]]"
Main_OniGrade_Explain_02,682,Main_OniGrade_Explain_02,"Je beoordeling is op basis van [[U+000E]][[U+0000]][[U+0003]][[U+0004]]ÿ[[U+FF00]]al
je resultaten in Duivelse Training[[U+000E]][[U+0000]][[U+0003]][[U+0004]][[U+0000]][[U+FF00]].","It's calculated by combining [[U+000E]][[U+0000]][[U+0003]][[U+0004]]ÿ[[U+FF00]]all of
your Devilish Training records[[U+000E]][[U+0000]][[U+0003]][[U+0004]][[U+0000]][[U+FF00]].","Il est déterminé par l'[[U+000E]][[U+0000]][[U+0003]][[U+0004]]ÿ[[U+FF00]]ensemble
de vos résultats [[U+000E]][[U+0000]][[U+0003]][[U+0004]][[U+0000]][[U+FF00]]aux [[U+000E]][[U+0000]][[U+0003]][[U+0004]]ÿ[[U+FF00]]exercices
infernaux[[U+000E]][[U+0000]][[U+0003]][[U+0004]][[U+0000]][[U+FF00]].","Sie ergibt sich aus [[U+000E]][[U+0000]][[U+0003]][[U+0004]]ÿ[[U+FF00]]all
Ihren Aufzeichnungen des
Diabolischen Trainings[[U+000E]][[U+0000]][[U+0003]][[U+0004]][[U+0000]][[U+FF00]].","È calcolato in base ai [[U+000E]][[U+0000]][[U+0003]][[U+0004]]ÿ[[U+FF00]]risultati
che ottieni in ogni singolo
Allenamento infernale[[U+000E]][[U+0000]][[U+0003]][[U+0004]][[U+0000]][[U+FF00]].","Se calcula combinando [[U+000E]][[U+0000]][[U+0003]][[U+0004]]ÿ[[U+FF00]]los
resultados [[U+000E]][[U+0000]][[U+0003]][[U+0004]][[U+0000]][[U+FF00]][[U+000E]][[U+0000]][[U+0003]][[U+0004]]ÿ[[U+FF00]]de todos los
ejercicios de Práctica infernal[[U+000E]][[U+0000]][[U+0003]][[U+0004]][[U+0000]][[U+FF00]].","It's calculated by combining [[U+000E]][[U+0000]][[U+0003]][[U+0004]]ÿ[[U+FF00]]all of
your Devilish Training records[[U+000E]][[U+0000]][[U+0003]][[U+0004]][[U+0000]][[U+FF00]].","Il est déterminé par l'[[U+000E]][[U+0000]][[U+0003]][[U+0004]]ÿ[[U+FF00]]ensemble
de vos résultats [[U+000E]][[U+0000]][[U+0003]][[U+0004]][[U+0000]][[U+FF00]]aux [[U+000E]][[U+0000]][[U+0003]][[U+0004]]ÿ[[U+FF00]]exercices
infernaux[[U+000E]][[U+0000]][[U+0003]][[U+0004]][[U+0000]][[U+FF00]].","Se calcula combinando [[U+000E]][[U+0000]][[U+0003]][[U+0004]]ÿ[[U+FF00]]los
resultados [[U+000E]][[U+0000]][[U+0003]][[U+0004]][[U+0000]][[U+FF00]][[U+000E]][[U+0000]][[U+0003]][[U+0004]]ÿ[[U+FF00]]de todos los
ejercicios de Práctica infernal[[U+000E]][[U+0000]][[U+0003]][[U+0004]][[U+0000]][[U+FF00]].","[[U+000E]][[U+0000]][[U+0003]][[U+0004]]ÿ[[U+FF00]]Tüm Şeytani Antrenman kayıtların[[U+000E]][[U+0000]][[U+0003]][[U+0004]][[U+0000]][[U+FF00]]
birleştirilmesiyle hesaplanır."
Main_OniGrade_Explain_03,683,Main_OniGrade_Explain_03,"Naarmate je resultaten in
Duivelse Training verbeteren,
vult de balk zich.","As your Devilish Training results
improve, the bar will fill up","La jauge se remplit à mesure que
vous améliorez vos résultats.","Verbessern sich Ihre
Trainingsdaten, füllt
sich der Balken.","Con il migliorare dei tuoi
risultati nell'Allenamento
infernale, l'indicatore
si riempirà sempre più...","A medida que mejores tus
marcas en Práctica infernal,
la barra se irá llenando.","As your Devilish Training results
improve, the bar will fill up,","La jauge se remplit à mesure que
vous améliorez vos résultats.","A medida que mejores tus
marcas en Práctica infernal,
la barra se irá llenando.","Şeytani Antrenman sonuçların
geliştikçe, çubuk dolar"
Main_OniGrade_Explain_04,684,Main_OniGrade_Explain_04,"Zodra de balk vol is, [[U+000E]][[U+0000]][[U+0003]][[U+0004]]ÿ[[U+FF00]]ga je een
rang omhoog[[U+000E]][[U+0000]][[U+0003]][[U+0004]][[U+0000]][[U+FF00]]!","and once it's full, you'll [[U+000E]][[U+0000]][[U+0003]][[U+0004]]ÿ[[U+FF00]]go up
a grade[[U+000E]][[U+0000]][[U+0003]][[U+0004]][[U+0000]][[U+FF00]]!","Une fois qu'elle est pleine, vous
atteignez le [[U+000E]][[U+0000]][[U+0003]][[U+0004]]ÿ[[U+FF00]]rang supérieur[[U+000E]][[U+0000]][[U+0003]][[U+0004]][[U+0000]][[U+FF00]].","Ist der Balken vollständig
grün, [[U+000E]][[U+0000]][[U+0003]][[U+0004]]ÿ[[U+FF00]]steigen Sie zum
nächsten Rang auf[[U+000E]][[U+0000]][[U+0003]][[U+0004]][[U+0000]][[U+FF00]].","e quando sarà completo
passerai al [[U+000E]][[U+0000]][[U+0003]][[U+0004]]ÿ[[U+FF00]]grado superiore[[U+000E]][[U+0000]][[U+0003]][[U+0004]][[U+0000]][[U+FF00]]!","Cuando hayas aprendido
lo suficiente y la completes,
¡[[U+000E]][[U+0000]][[U+0003]][[U+0004]]ÿ[[U+FF00]]subirás de nivel[[U+000E]][[U+0000]][[U+0003]][[U+0004]][[U+0000]][[U+FF00]]!","and once it's full, you'll [[U+000E]][[U+0000]][[U+0003]][[U+0004]]ÿ[[U+FF00]]go up
a grade[[U+000E]][[U+0000]][[U+0003]][[U+0004]][[U+0000]][[U+FF00]]!","Une fois qu'elle est pleine, vous
atteignez le [[U+000E]][[U+0000]][[U+0003]][[U+0004]]ÿ[[U+FF00]]rang supérieur[[U+000E]][[U+0000]][[U+0003]][[U+0004]][[U+0000]][[U+FF00]].","Cuando hayas aprendido
lo suficiente y la completes,
¡[[U+000E]][[U+0000]][[U+0003]][[U+0004]]ÿ[[U+FF00]]subirás de nivel[[U+000E]][[U+0000]][[U+0003]][[U+0004]][[U+0000]][[U+FF00]]!","ve dolunca, [[U+000E]][[U+0000]][[U+0003]][[U+0004]]ÿ[[U+FF00]]bir
derece yükselirsin[[U+000E]][[U+0000]][[U+0003]][[U+0004]][[U+0000]][[U+FF00]]!"
Main_OniGrade_Explain_05,685,Main_OniGrade_Explain_05,"Dus blijf trainen en probeer
je trainingsrang omhoog
te krijgen!","Train hard and improve your
Training Grade!","Alors essayez d'atteindre le plus
haut rang possible !","Also trainieren Sie weiter
und versuchen Sie, Ihren
Trainingsrang zu erhöhen!","Datti da fare per
raggiungere un grado
sempre più alto!","¡Esfuérzate al máximo para
mejorar tu nivel infernal!","Train hard and improve your
Training Grade!","Alors essayez d'atteindre le plus
haut rang possible!","¡Esfuérzate al máximo para
mejorar tu nivel infernal!","Sıkı çalış ve
Antrenman Dereceni yükselt!"
