Key,ReferenceIndex,Label,EU_Dutch,EU_English,EU_French,EU_German,EU_Italian,EU_Spanish,US_English,US_French,US_Spanish,TR_Patch
Nou_Common,0,Nou_Common,,,,,,,,,,
Nou_Common_button_decide,1,Nou_Common_button_decide,Oké,Select,OK,Okay,OK,Confirmar,Select,OK,Confirmar,Seç
Nou_Common_button_return,2,Nou_Common_button_return,Terug,Back,Retour,Zurück,Indietro,Atrás,Back,Retour,Atrás,Geri
Nou_ExplainClassic,3,Nou_ExplainClassic,,,,,,,,,,
Nou_ExplainClassic_Btn_Back,4,Nou_ExplainClassic_Btn_Back,Vorige,Previous,Retour,Zurück,Precedente,Anterior,Previous,Retour,Anterior,Önceki
Nou_ExplainClassic_Btn_Exit,5,Nou_ExplainClassic_Btn_Exit,Terug,Back,Retour,Abbrechen,Indietro,Salir,Back,Retour,Salir,Geri
Nou_ExplainClassic_Btn_Next,6,Nou_ExplainClassic_Btn_Next,Volgende,Next,Suite,Weiter,Avanti,Seguir,Next,Suite,Seguir,Sonraki
Nou_ExplainClassic_Btn_TrnStart,7,Nou_ExplainClassic_Btn_TrnStart,Begin training,Begin Training,"Commencer
l'exercice",Training Start,"Allenamento
VIA!",Empezar ejercicio,Begin Training,"Commencer
l'exercice",Empezar ejercicio,Antrenmana Başla
Nou_ExplainClassic_Btn_TrnCancel,8,Nou_ExplainClassic_Btn_TrnCancel,,,,,,,,,,
Nou_ExplainClassic_Num_1,9,Nou_ExplainClassic_Num_1,,,,,,,,,,
Nou_ExplainClassic_Num_2,10,Nou_ExplainClassic_Num_2,,,,,,,,,,
Nou_ExplainClassic_StroopSerifu1,11,Nou_ExplainClassic_StroopSerifu1,,,,,,,,,,
Nou_ExplainClassic_StroopSerifu2,12,Nou_ExplainClassic_StroopSerifu2,,,,,,,,,,
Nou_ExplainClassic_StroopSerifu3,13,Nou_ExplainClassic_StroopSerifu3,,,,,,,,,,
Nou_ExplainClassic_StroopColor1,14,Nou_ExplainClassic_StroopColor1,,,,,,,,,,
Nou_ExplainClassic_StroopColor2,15,Nou_ExplainClassic_StroopColor2,,,,,,,,,,
Nou_ExplainClassic_StroopColor3,16,Nou_ExplainClassic_StroopColor3,,,,,,,,,,
Nou_ExplainClassic_StroopColor4,17,Nou_ExplainClassic_StroopColor4,,,,,,,,,,
Nou_ExplainClassic_Frame_CalcU1,18,Nou_ExplainClassic_Frame_CalcU1,,,,,,,,,,
Nou_ExplainClassic_Frame_CalcD1,19,Nou_ExplainClassic_Frame_CalcD1,,,,,,,,,,
Nou_ExplainClassic_Frame_MoneyU1,20,Nou_ExplainClassic_Frame_MoneyU1,,,,,,,,,,
Nou_ExplainClassic_Frame_MoneyU2,21,Nou_ExplainClassic_Frame_MoneyU2,,,,,,,,,,
Nou_ExplainClassic_Frame_MoneyD1,22,Nou_ExplainClassic_Frame_MoneyD1,,,,,,,,,,
Nou_ExplainClassic_Frame_MoneyD2,23,Nou_ExplainClassic_Frame_MoneyD2,,,,,,,,,,
Nou_ExplainClassic_Frame_PachiPachiU1,24,Nou_ExplainClassic_Frame_PachiPachiU1,,,,,,,,,,
Nou_ExplainClassic_Frame_PachiPachiD1,25,Nou_ExplainClassic_Frame_PachiPachiD1,,,,,,,,,,
Nou_ExplainClassic_Frame_KakitoriU1,26,Nou_ExplainClassic_Frame_KakitoriU1,,,,,,,,,,
Nou_ExplainClassic_Frame_KakitoriD1,27,Nou_ExplainClassic_Frame_KakitoriD1,,,,,,,,,,
Nou_ExplainClassic_Frame_KakitoriD2,28,Nou_ExplainClassic_Frame_KakitoriD2,,,,,,,,,,
Nou_ExplainClassic_Frame_StroopU1,29,Nou_ExplainClassic_Frame_StroopU1,,,,,,,,,,
Nou_ExplainClassic_Frame_PianoU1,30,Nou_ExplainClassic_Frame_PianoU1,,,,,,,,,,
Nou_ExplainClassic_Frame_PianoU2,31,Nou_ExplainClassic_Frame_PianoU2,,,,,,,,,,
Nou_ExplainClassic_Frame_PianoD1,32,Nou_ExplainClassic_Frame_PianoD1,,,,,,,,,,
Nou_ExplainClassic_Frame_PianoD2,33,Nou_ExplainClassic_Frame_PianoD2,,,,,,,,,,
Nou_ExplainClassic_Frame_ShotokuU1,34,Nou_ExplainClassic_Frame_ShotokuU1,,,,,,,,,,
Nou_ExplainClassic_Frame_ShotokuU2,35,Nou_ExplainClassic_Frame_ShotokuU2,,,,,,,,,,
Nou_ExplainClassic_Frame_ShotokuD1,36,Nou_ExplainClassic_Frame_ShotokuD1,,,,,,,,,,
Nou_ExplainClassic_Frame_ShotokuD2,37,Nou_ExplainClassic_Frame_ShotokuD2,,,,,,,,,,
Nou_ExplainClassic_Frame_ShotokuD3,38,Nou_ExplainClassic_Frame_ShotokuD3,,,,,,,,,,
Nou_ExplainClassic_Frame_ShotokuD4,39,Nou_ExplainClassic_Frame_ShotokuD4,,,,,,,,,,
Nou_ExplainClassic_Frame_KasanHakaiU1,40,Nou_ExplainClassic_Frame_KasanHakaiU1,,,,,,,,,,
Nou_ExplainClassic_Frame_KasanHakaiD1,41,Nou_ExplainClassic_Frame_KasanHakaiD1,,,,,,,,,,
Nou_ExplainClassic_Frame_KanjiHakaiU1,42,Nou_ExplainClassic_Frame_KanjiHakaiU1,,,,,,,,,,
Nou_ExplainClassic_Frame_KanjiHakaiD1,43,Nou_ExplainClassic_Frame_KanjiHakaiD1,,,,,,,,,,
Nou_ExplainClassic_Frame_WatchU1,44,Nou_ExplainClassic_Frame_WatchU1,,,,,,,,,,
Nou_ExplainClassic_Frame_WatchD1,45,Nou_ExplainClassic_Frame_WatchD1,,,,,,,,,,
Nou_ExplainClassic_Start,46,Nou_ExplainClassic_Start,Ben je er klaar voor?,Are you ready?,"Bien, commençons !","Also, fangen wir an!",Iniziamo!,¿Todo listo?,Are you ready?,"Bien, commençons!",¿Todo listo?,Hazır mısın?
Nou_ExplainClassic_Calc1,47,Nou_ExplainClassic_Calc1,"Kijk naar de [[U+000E]][[U+0000]][[U+0003]][[U+0004]]ÿ[[U+FF00]]sommen[[U+000E]][[U+0000]][[U+0003]][[U+0004]][[U+0000]][[U+FF00]] op het
3D-scherm en schrijf [[U+000E]][[U+0000]][[U+0003]][[U+0004]]ÿ[[U+FF00]]zo snel
je kunt[[U+000E]][[U+0000]][[U+0003]][[U+0004]][[U+0000]][[U+FF00]] de antwoorden op
het touchscreen.","Look at the [[U+000E]][[U+0000]][[U+0003]][[U+0004]]ÿ[[U+FF00]]problems[[U+000E]][[U+0000]][[U+0003]][[U+0004]][[U+0000]][[U+FF00]] that appear
on the 3D Screen and write the
answers on the Touch Screen
[[U+000E]][[U+0000]][[U+0003]][[U+0004]]ÿ[[U+FF00]]as fast as you can[[U+000E]][[U+0000]][[U+0003]][[U+0004]][[U+0000]][[U+FF00]].","Écrivez sur l'écran tactile les
réponses aux [[U+000E]][[U+0000]][[U+0003]][[U+0004]]ÿ[[U+FF00]]opérations [[U+000E]][[U+0000]][[U+0003]][[U+0004]][[U+0000]][[U+FF00]]posées.
Soyez [[U+000E]][[U+0000]][[U+0003]][[U+0004]]ÿ[[U+FF00]]rapide [[U+000E]][[U+0000]][[U+0003]][[U+0004]][[U+0000]][[U+FF00]]!","Auf dem 3D-Bildschirm
werden [[U+000E]][[U+0000]][[U+0003]][[U+0004]]ÿ[[U+FF00]]Rechenaufgaben[[U+000E]][[U+0000]][[U+0003]][[U+0004]][[U+0000]][[U+FF00]]
angezeigt. Schreiben Sie die
Antworten [[U+000E]][[U+0000]][[U+0003]][[U+0004]]ÿ[[U+FF00]]so schnell wie möglich
[[U+000E]][[U+0000]][[U+0003]][[U+0004]][[U+0000]][[U+FF00]]auf den Touchscreen.","Risolvi i [[U+000E]][[U+0000]][[U+0003]][[U+0004]]ÿ[[U+FF00]]calcoli [[U+000E]][[U+0000]][[U+0003]][[U+0004]][[U+0000]][[U+FF00]]che appaiono
sullo schermo 3D e
scrivi [[U+000E]][[U+0000]][[U+0003]][[U+0004]]ÿ[[U+FF00]][[U+000E]][[U+0000]][[U+0003]][[U+0004]]ÿ[[U+FF00]]velocemente [[U+000E]][[U+0000]][[U+0003]][[U+0004]]ÿ[[U+FF00]][[U+000E]][[U+0000]][[U+0003]][[U+0004]][[U+0000]][[U+FF00]]i risultati
sul touch screen.[[U+000E]][[U+0000]][[U+0003]][[U+0004]]ÿ[[U+FF00]][[U+000E]][[U+0000]][[U+0003]][[U+0004]][[U+0000]][[U+FF00]]","Observa las [[U+000E]][[U+0000]][[U+0003]][[U+0004]]ÿ[[U+FF00]]operaciones [[U+000E]][[U+0000]][[U+0003]][[U+0004]][[U+0000]][[U+FF00]]en
la pantalla 3D y escribe
tus soluciones [[U+000E]][[U+0000]][[U+0003]][[U+0004]]ÿ[[U+FF00]]rápidamente
[[U+000E]][[U+0000]][[U+0003]][[U+0004]][[U+0000]][[U+FF00]]en la pantalla táctil.","Look at the [[U+000E]][[U+0000]][[U+0003]][[U+0004]]ÿ[[U+FF00]]problems[[U+000E]][[U+0000]][[U+0003]][[U+0004]][[U+0000]][[U+FF00]] that appear
on the 3D Screen, and write the
answers on the Touch Screen
[[U+000E]][[U+0000]][[U+0003]][[U+0004]]ÿ[[U+FF00]]as fast as you can[[U+000E]][[U+0000]][[U+0003]][[U+0004]][[U+0000]][[U+FF00]].","Écrivez sur l'écran tactile les
réponses aux [[U+000E]][[U+0000]][[U+0003]][[U+0004]]ÿ[[U+FF00]]opérations [[U+000E]][[U+0000]][[U+0003]][[U+0004]][[U+0000]][[U+FF00]]posées.
Soyez [[U+000E]][[U+0000]][[U+0003]][[U+0004]]ÿ[[U+FF00]]rapide[[U+000E]][[U+0000]][[U+0003]][[U+0004]][[U+0000]][[U+FF00]]!","Observa las [[U+000E]][[U+0000]][[U+0003]][[U+0004]]ÿ[[U+FF00]]operaciones [[U+000E]][[U+0000]][[U+0003]][[U+0004]][[U+0000]][[U+FF00]]en
la pantalla 3D y escribe
tus soluciones [[U+000E]][[U+0000]][[U+0003]][[U+0004]]ÿ[[U+FF00]]rápidamente
[[U+000E]][[U+0000]][[U+0003]][[U+0004]][[U+0000]][[U+FF00]]en la pantalla táctil.","3D Ekran'da çıkan [[U+000E]][[U+0000]][[U+0003]][[U+0004]]ÿ[[U+FF00]]problemlere[[U+000E]][[U+0000]][[U+0003]][[U+0004]][[U+0000]][[U+FF00]]
bak ve cevapları Dokunmatik
Ekran'a yaz. [[U+000E]][[U+0000]][[U+0003]][[U+0004]]ÿ[[U+FF00]]Mümkün olduğunca
hızlı[[U+000E]][[U+0000]][[U+0003]][[U+0004]][[U+0000]][[U+FF00]] ol!"
Nou_ExplainClassic_Calc2,48,Nou_ExplainClassic_Calc2,,,,,,,,,,
Nou_ExplainClassic_Stroop1,49,Nou_ExplainClassic_Stroop1,,,,,,,,,,
Nou_ExplainClassic_Stroop2,50,Nou_ExplainClassic_Stroop2,,,,,,,,,,
Nou_ExplainClassic_Stroop3,51,Nou_ExplainClassic_Stroop3,,,,,,,,,,
Nou_ExplainClassic_Stroop4,52,Nou_ExplainClassic_Stroop4,,,,,,,,,,
Nou_ExplainClassic_Stroop5,53,Nou_ExplainClassic_Stroop5,,,,,,,,,,
Nou_ExplainClassic_Stroop6,54,Nou_ExplainClassic_Stroop6,,,,,,,,,,
Nou_ExplainClassic_StroopDistStr,55,Nou_ExplainClassic_StroopDistStr,,,,,,,,,,
Nou_ExplainClassic_StroopDist1,56,Nou_ExplainClassic_StroopDist1,,,,,,,,,,
Nou_ExplainClassic_StroopTwice1,57,Nou_ExplainClassic_StroopTwice1,,,,,,,,,,
Nou_ExplainClassic_StroopTwice2,58,Nou_ExplainClassic_StroopTwice2,,,,,,,,,,
Nou_ExplainClassic_Kakitori1,59,Nou_ExplainClassic_Kakitori1,"De getallen verschijnen [[U+000E]][[U+0000]][[U+0003]][[U+0004]]ÿ[[U+FF00]]kort [[U+000E]][[U+0000]][[U+0003]][[U+0004]][[U+0000]][[U+FF00]]op
het 3D-scherm.","Numbers will appear [[U+000E]][[U+0000]][[U+0003]][[U+0004]]ÿ[[U+FF00]]briefly[[U+000E]][[U+0000]][[U+0003]][[U+0004]][[U+0000]][[U+FF00]] on the
3D Screen.","Des nombres apparaissent
[[U+000E]][[U+0000]][[U+0003]][[U+0004]]ÿ[[U+FF00]]brièvement[[U+000E]][[U+0000]][[U+0003]][[U+0004]][[U+0000]][[U+FF00]] sur l'écran 3D.","Auf dem 3D-Bildschirm
[[U+000E]][[U+0000]][[U+0003]][[U+0004]]ÿ[[U+FF00]]erscheinen[[U+000E]][[U+0000]][[U+0003]][[U+0004]][[U+0000]][[U+FF00]] Zahlen und
[[U+000E]][[U+0000]][[U+0003]][[U+0004]]ÿ[[U+FF00]]verschwinden[[U+000E]][[U+0000]][[U+0003]][[U+0004]][[U+0000]][[U+FF00]] wieder.","Dei numeri appaiono
per [[U+000E]][[U+0000]][[U+0003]][[U+0004]]ÿ[[U+FF00]]un istante [[U+000E]][[U+0000]][[U+0003]][[U+0004]][[U+0000]][[U+FF00]]sullo
schermo 3D.","Los números se mostrarán
[[U+000E]][[U+0000]][[U+0003]][[U+0004]]ÿ[[U+FF00]]brevemente[[U+000E]][[U+0000]][[U+0003]][[U+0004]][[U+0000]][[U+FF00]] en la pantalla 3D.","Numbers will appear [[U+000E]][[U+0000]][[U+0003]][[U+0004]]ÿ[[U+FF00]]briefly[[U+000E]][[U+0000]][[U+0003]][[U+0004]][[U+0000]][[U+FF00]] on the
3D Screen.","Des nombres apparaissent
[[U+000E]][[U+0000]][[U+0003]][[U+0004]]ÿ[[U+FF00]]brièvement[[U+000E]][[U+0000]][[U+0003]][[U+0004]][[U+0000]][[U+FF00]] sur l'écran 3D.","Los números se mostrarán
[[U+000E]][[U+0000]][[U+0003]][[U+0004]]ÿ[[U+FF00]]brevemente[[U+000E]][[U+0000]][[U+0003]][[U+0004]][[U+0000]][[U+FF00]] en la pantalla 3D.","Sayılar 3D Ekran'da
[[U+000E]][[U+0000]][[U+0003]][[U+0004]]ÿ[[U+FF00]]kısa süreliğine[[U+000E]][[U+0000]][[U+0003]][[U+0004]][[U+0000]][[U+FF00]] görünecek."
Nou_ExplainClassic_Kakitori2,60,Nou_ExplainClassic_Kakitori2,"Raak op het touchscreen de
vakjes aan op volgorde [[U+000E]][[U+0000]][[U+0003]][[U+0004]]ÿ[[U+FF00]]van laag
naar hoog[[U+000E]][[U+0000]][[U+0003]][[U+0004]][[U+0000]][[U+FF00]]. De getallen verdwijnen,
dus vergeet niet waar ze stonden!","Tap the boxes on the Touch
Screen in order [[U+000E]][[U+0000]][[U+0003]][[U+0004]]ÿ[[U+FF00]]from lowest to
highest[[U+000E]][[U+0000]][[U+0003]][[U+0004]][[U+0000]][[U+FF00]]. The numbers will vanish,
so you must remember where
they were!","Des carrés s'affichent ensuite à
l'identique sur l'écran tactile.
Touchez ces carrés dans l'[[U+000E]][[U+0000]][[U+0003]][[U+0004]]ÿ[[U+FF00]]ordre
croissant[[U+000E]][[U+0000]][[U+0003]][[U+0004]][[U+0000]][[U+FF00]] des nombres contenus.","Berühren Sie die entsprechenden
Kästchen auf dem Touchscreen
in der richtigen Reihenfolge!
[[U+000E]][[U+0000]][[U+0003]][[U+0004]]ÿ[[U+FF00]]Die niedrigste Zahl zuerst[[U+000E]][[U+0000]][[U+0003]][[U+0004]][[U+0000]][[U+FF00]]!","Sul touch screen appare
un riquadro uguale.
Tocca su questo i punti
corrispondenti ai numeri,
in [[U+000E]][[U+0000]][[U+0003]][[U+0004]]ÿ[[U+FF00]]ordine crescente[[U+000E]][[U+0000]][[U+0003]][[U+0004]][[U+0000]][[U+FF00]].","Toca las cajas en la pantalla
táctil por orden, [[U+000E]][[U+0000]][[U+0003]][[U+0004]]ÿ[[U+FF00]]de menor
a mayor[[U+000E]][[U+0000]][[U+0003]][[U+0004]][[U+0000]][[U+FF00]].
Los números desaparecen,
¡así que fíjate en dónde están!","Tap the boxes on the Touch
Screen in order [[U+000E]][[U+0000]][[U+0003]][[U+0004]]ÿ[[U+FF00]]from lowest to
highest[[U+000E]][[U+0000]][[U+0003]][[U+0004]][[U+0000]][[U+FF00]]. The numbers will vanish,
so you must remember where
they were!","Des carrés s'affichent ensuite à
l'identique sur l'écran tactile.
Touchez ces carrés dans l'[[U+000E]][[U+0000]][[U+0003]][[U+0004]]ÿ[[U+FF00]]ordre
croissant[[U+000E]][[U+0000]][[U+0003]][[U+0004]][[U+0000]][[U+FF00]] des nombres contenus.","Toca las cajas en la pantalla
táctil por orden, [[U+000E]][[U+0000]][[U+0003]][[U+0004]]ÿ[[U+FF00]]de menor
a mayor[[U+000E]][[U+0000]][[U+0003]][[U+0004]][[U+0000]][[U+FF00]].
Los números desaparecen,
¡así que fíjate en dónde están!","Dokunmatik Ekran'daki kutulara, [[U+000E]][[U+0000]][[U+0003]][[U+0004]]ÿ[[U+FF00]]en
küçükten en büyüğe[[U+000E]][[U+0000]][[U+0003]][[U+0004]][[U+0000]][[U+FF00]] sırayla dokun.
Sayılar kaybolacak; bu yüzden
nerede olduklarını hatırlamalısın!"
Nou_ExplainClassic_Kakitori3,61,Nou_ExplainClassic_Kakitori3,,,,,,,,,,
Nou_ExplainClassic_Kakitori4,62,Nou_ExplainClassic_Kakitori4,,,,,,,,,,
Nou_ExplainClassic_Kakitori5,63,Nou_ExplainClassic_Kakitori5,,,,,,,,,,
Nou_ExplainClassic_Kakitori6,64,Nou_ExplainClassic_Kakitori6,,,,,,,,,,
Nou_ExplainClassic_Piano1,65,Nou_ExplainClassic_Piano1,"Volg de muzieknoten
op het 3D-scherm...","Follow the musical notes on
the 3D Screen","Suivez la partition qui s'affiche
sur l'écran 3D...","Lesen Sie die Noten auf
dem 3D-Bildschirm.","Segui lo spartito
che appare sullo
schermo 3D e...","Guíate por las notas que
aparecen en la pantalla 3D","Follow the musical notes on
the 3D Screen,","Suivez la partition qui s'affiche
sur l'écran 3D...","Guíate por las notas que
aparecen en la pantalla 3D","3D Ekran'daki müzik
notalarını takip et"
Nou_ExplainClassic_Piano2,66,Nou_ExplainClassic_Piano2,"[[U+000E]][[U+0000]][[U+0003]][[U+0004]][[U+0000]][[U+FF00]]en [[U+000E]][[U+0000]][[U+0003]][[U+0004]]ÿ[[U+FF00]]raak [[U+000E]][[U+0000]][[U+0003]][[U+0004]][[U+0000]][[U+FF00]][[U+000E]][[U+0000]][[U+0003]][[U+0004]][[U+0000]][[U+FF00]]op het touchscreen [[U+000E]][[U+0000]][[U+0003]][[U+0004]][[U+0000]][[U+FF00]]de
juiste [[U+000E]][[U+0000]][[U+0003]][[U+0004]]ÿ[[U+FF00]]toetsen [[U+000E]][[U+0000]][[U+0003]][[U+0004]][[U+0000]][[U+FF00]][[U+000E]][[U+0000]][[U+0003]][[U+0004]]ÿ[[U+FF00]]aan [[U+000E]][[U+0000]][[U+0003]][[U+0004]][[U+0000]][[U+FF00]][[U+000E]][[U+0000]][[U+0003]][[U+0004]][[U+0000]][[U+FF00]][[U+000E]][[U+0000]][[U+0003]][[U+0004]][[U+0000]][[U+FF00]]om de muziek
te spelen.[[U+000E]][[U+0000]][[U+0003]][[U+0004]][[U+0000]][[U+FF00]]","[[U+000E]][[U+0000]][[U+0003]][[U+0004]][[U+0000]][[U+FF00]]and [[U+000E]][[U+0000]][[U+0003]][[U+0004]]ÿ[[U+FF00]]touch[[U+000E]][[U+0000]][[U+0003]][[U+0004]][[U+0000]][[U+FF00]] the corresponding
[[U+000E]][[U+0000]][[U+0003]][[U+0004]]ÿ[[U+FF00]]keys [[U+000E]][[U+0000]][[U+0003]][[U+0004]][[U+0000]][[U+FF00]]on the Touch Screen.[[U+000E]][[U+0000]][[U+0003]][[U+0004]][[U+0000]][[U+FF00]]","et [[U+000E]][[U+0000]][[U+0003]][[U+0004]]ÿ[[U+FF00]]touchez [[U+000E]][[U+0000]][[U+0003]][[U+0004]][[U+0000]][[U+FF00]]les [[U+000E]][[U+0000]][[U+0003]][[U+0004]]ÿ[[U+FF00]]touches du clavier[[U+000E]][[U+0000]][[U+0003]][[U+0004]][[U+0000]][[U+FF00]]
correspondantes sur l'écran
tactile.","[[U+000E]][[U+0000]][[U+0003]][[U+0004]]ÿ[[U+FF00]]Berühren[[U+000E]][[U+0000]][[U+0003]][[U+0004]][[U+0000]][[U+FF00]] Sie die [[U+000E]][[U+0000]][[U+0003]][[U+0004]]ÿ[[U+FF00]]Tasten[[U+000E]][[U+0000]][[U+0003]][[U+0004]][[U+0000]][[U+FF00]] des
Pianos auf dem Touchscreen.","[[U+000E]][[U+0000]][[U+0003]][[U+0004]]ÿ[[U+FF00]]tocca[[U+000E]][[U+0000]][[U+0003]][[U+0004]][[U+0000]][[U+FF00]] i tasti, corrispondenti
alle note, della [[U+000E]][[U+0000]][[U+0003]][[U+0004]]ÿ[[U+FF00]]tastiera[[U+000E]][[U+0000]][[U+0003]][[U+0004]][[U+0000]][[U+FF00]]
visualizzata sul touch screen.","y[[U+000E]][[U+0000]][[U+0003]][[U+0004]][[U+0000]][[U+FF00]] [[U+000E]][[U+0000]][[U+0003]][[U+0004]]ÿ[[U+FF00]][[U+000E]][[U+0000]][[U+0003]][[U+0004]][[U+0000]][[U+FF00]]ve[[U+000E]][[U+0000]][[U+0003]][[U+0004]]ÿ[[U+FF00]] tocando[[U+000E]][[U+0000]][[U+0003]][[U+0004]][[U+0000]][[U+FF00]] las [[U+000E]][[U+0000]][[U+0003]][[U+0004]]ÿ[[U+FF00]]teclas
[[U+000E]][[U+0000]][[U+0003]][[U+0004]][[U+0000]][[U+FF00]]correspondientes en la
pantalla táctil.[[U+000E]][[U+0000]][[U+0003]][[U+0004]][[U+0000]][[U+FF00]]","[[U+000E]][[U+0000]][[U+0003]][[U+0004]][[U+0000]][[U+FF00]]and [[U+000E]][[U+0000]][[U+0003]][[U+0004]]ÿ[[U+FF00]]tap[[U+000E]][[U+0000]][[U+0003]][[U+0004]][[U+0000]][[U+FF00]] the corresponding
[[U+000E]][[U+0000]][[U+0003]][[U+0004]]ÿ[[U+FF00]]keys [[U+000E]][[U+0000]][[U+0003]][[U+0004]][[U+0000]][[U+FF00]]on the Touch Screen.[[U+000E]][[U+0000]][[U+0003]][[U+0004]][[U+0000]][[U+FF00]]","et [[U+000E]][[U+0000]][[U+0003]][[U+0004]]ÿ[[U+FF00]]touchez [[U+000E]][[U+0000]][[U+0003]][[U+0004]][[U+0000]][[U+FF00]]les [[U+000E]][[U+0000]][[U+0003]][[U+0004]]ÿ[[U+FF00]]touches du clavier[[U+000E]][[U+0000]][[U+0003]][[U+0004]][[U+0000]][[U+FF00]]
correspondantes sur l'écran
tactile.","y[[U+000E]][[U+0000]][[U+0003]][[U+0004]][[U+0000]][[U+FF00]] [[U+000E]][[U+0000]][[U+0003]][[U+0004]]ÿ[[U+FF00]][[U+000E]][[U+0000]][[U+0003]][[U+0004]][[U+0000]][[U+FF00]]ve[[U+000E]][[U+0000]][[U+0003]][[U+0004]]ÿ[[U+FF00]] tocando[[U+000E]][[U+0000]][[U+0003]][[U+0004]][[U+0000]][[U+FF00]] las [[U+000E]][[U+0000]][[U+0003]][[U+0004]]ÿ[[U+FF00]]teclas
[[U+000E]][[U+0000]][[U+0003]][[U+0004]][[U+0000]][[U+FF00]]correspondientes en la
pantalla táctil.[[U+000E]][[U+0000]][[U+0003]][[U+0004]][[U+0000]][[U+FF00]]","[[U+000E]][[U+0000]][[U+0003]][[U+0004]][[U+0000]][[U+FF00]]ve [[U+000E]][[U+0000]][[U+0003]][[U+0004]]ÿ[[U+FF00]]Dokunmatik[[U+000E]][[U+0000]][[U+0003]][[U+0004]][[U+0000]][[U+FF00]] Ekran'daki
[[U+000E]][[U+0000]][[U+0003]][[U+0004]]ÿ[[U+FF00]]karşılık [[U+000E]][[U+0000]][[U+0003]][[U+0004]][[U+0000]][[U+FF00]]gelen tuşlara 
dokun.[[U+000E]][[U+0000]][[U+0003]][[U+0004]][[U+0000]][[U+FF00]]"
Nou_ExplainClassic_Piano3,67,Nou_ExplainClassic_Piano3,"Als het je lukt om nauwkeurig
het ritme te volgen, haal je een
[[U+000E]][[U+0000]][[U+0003]][[U+0004]]ÿ[[U+FF00]]hogere score[[U+000E]][[U+0000]][[U+0003]][[U+0004]][[U+0000]][[U+FF00]].","Following the rhythm and tempo
will earn you [[U+000E]][[U+0000]][[U+0003]][[U+0004]]ÿ[[U+FF00]]more points[[U+000E]][[U+0000]][[U+0003]][[U+0004]][[U+0000]][[U+FF00]].","Pour cet exercice, n'oubliez pas
d'ajuster le [[U+000E]][[U+0000]][[U+0003]][[U+0004]]ÿ[[U+FF00]]volume sonore [[U+000E]][[U+0000]][[U+0003]][[U+0004]][[U+0000]][[U+FF00]]de
votre console.","Passen Sie für diese
Übung die Lautstärke Ihres
Nintendo 3DS-Systems den
Erfordernissen des Spiels
und Ihrer Umgebung an.","Per questo esercizio è
necessario [[U+000E]][[U+0000]][[U+0003]][[U+0004]]ÿ[[U+FF00]]regolare
il volume [[U+000E]][[U+0000]][[U+0003]][[U+0004]][[U+0000]][[U+FF00]]della console.","Si logras seguir el ritmo y tempo
correctos, conseguirás [[U+000E]][[U+0000]][[U+0003]][[U+0004]]ÿ[[U+FF00]]una
puntuación mayor[[U+000E]][[U+0000]][[U+0003]][[U+0004]][[U+0000]][[U+FF00]].","Following the rhythm and tempo
will earn you [[U+000E]][[U+0000]][[U+0003]][[U+0004]]ÿ[[U+FF00]]more points[[U+000E]][[U+0000]][[U+0003]][[U+0004]][[U+0000]][[U+FF00]].","Pour cet exercice, n'oubliez pas
d'ajuster le [[U+000E]][[U+0000]][[U+0003]][[U+0004]]ÿ[[U+FF00]]volume sonore [[U+000E]][[U+0000]][[U+0003]][[U+0004]][[U+0000]][[U+FF00]]de
votre console.","Si logras seguir el ritmo y tempo
correctos, conseguirás [[U+000E]][[U+0000]][[U+0003]][[U+0004]]ÿ[[U+FF00]]una
puntuación mayor[[U+000E]][[U+0000]][[U+0003]][[U+0004]][[U+0000]][[U+FF00]].","Ritmi ve tempoyu takip etmek
sana [[U+000E]][[U+0000]][[U+0003]][[U+0004]]ÿ[[U+FF00]]daha fazla puan[[U+000E]][[U+0000]][[U+0003]][[U+0004]][[U+0000]][[U+FF00]] kazandırır."
Nou_ExplainClassic_Piano4,68,Nou_ExplainClassic_Piano4,"Bij deze oefening moet je [[U+000E]][[U+0000]][[U+0003]][[U+0004]]ÿ[[U+FF00]]het
geluid aan hebben staan[[U+000E]][[U+0000]][[U+0003]][[U+0004]][[U+0000]][[U+FF00]].","[[U+000E]][[U+0000]][[U+0003]][[U+0004]]ÿ[[U+FF00]]Adjust the volume [[U+000E]][[U+0000]][[U+0003]][[U+0004]][[U+0000]][[U+FF00]]to a level you
are comfortable with.","Si vous respectez le rythme
imposé, vous ferez un [[U+000E]][[U+0000]][[U+0003]][[U+0004]]ÿ[[U+FF00]]plus gros
score[[U+000E]][[U+0000]][[U+0003]][[U+0004]][[U+0000]][[U+FF00]].","Wenn Sie Tempo und Rhythmus
halten können, [[U+000E]][[U+0000]][[U+0003]][[U+0004]]ÿ[[U+FF00]]erhöht sich Ihre
Punktzahl[[U+000E]][[U+0000]][[U+0003]][[U+0004]][[U+0000]][[U+FF00]].","Cerca di seguire il
ritmo per ottenere
un [[U+000E]][[U+0000]][[U+0003]][[U+0004]]ÿ[[U+FF00]]punteggio migliore[[U+000E]][[U+0000]][[U+0003]][[U+0004]][[U+0000]][[U+FF00]].","No dudes en [[U+000E]][[U+0000]][[U+0003]][[U+0004]]ÿ[[U+FF00]]subir el volumen
[[U+000E]][[U+0000]][[U+0003]][[U+0004]][[U+0000]][[U+FF00]]si así lo prefieres.","[[U+000E]][[U+0000]][[U+0003]][[U+0004]]ÿ[[U+FF00]]Adjust the volume [[U+000E]][[U+0000]][[U+0003]][[U+0004]][[U+0000]][[U+FF00]]to a level you
are comfortable with.","Si vous respectez le rythme
imposé, vous ferez un [[U+000E]][[U+0000]][[U+0003]][[U+0004]]ÿ[[U+FF00]]plus
gros pointage[[U+000E]][[U+0000]][[U+0003]][[U+0004]][[U+0000]][[U+FF00]].","No dudes en [[U+000E]][[U+0000]][[U+0003]][[U+0004]]ÿ[[U+FF00]]subir el volumen
[[U+000E]][[U+0000]][[U+0003]][[U+0004]][[U+0000]][[U+FF00]]si lo prefieres.","[[U+000E]][[U+0000]][[U+0003]][[U+0004]]ÿ[[U+FF00]]Ses düzeyini ayarla [[U+000E]][[U+0000]][[U+0003]][[U+0004]][[U+0000]][[U+FF00]]kendini
rahat hissedeceğin bir seviyeye
getir."
Nou_ExplainClassic_Piano5,69,Nou_ExplainClassic_Piano5,We beginnen met dit lied.,And here's your song!,Voici le morceau d'aujourd'hui !,Das heutige Stück klingt so...,"Oggi suonerai
questa melodia!",¡Y aquí llega tu canción!,And here's your song!,Voici le morceau d'aujourd'hui!,¡Y aquí llega tu canción!,İşte şarkın!
Nou_ExplainClassic_Money1,70,Nou_ExplainClassic_Money1,"Kijk op het 3D-scherm en [[U+000E]][[U+0000]][[U+0003]][[U+0004]]ÿ[[U+FF00]]reken
uit [[U+000E]][[U+0000]][[U+0003]][[U+0004]][[U+0000]][[U+FF00]]hoeveel [[U+000E]][[U+0000]][[U+0003]][[U+0004]]ÿ[[U+FF00]]wisselgeld[[U+000E]][[U+0000]][[U+0003]][[U+0004]][[U+0000]][[U+FF00]] er nodig is.","Look at the 3D Screen and 
[[U+000E]][[U+0000]][[U+0003]][[U+0004]]ÿ[[U+FF00]]determine[[U+000E]][[U+0000]][[U+0003]][[U+0004]][[U+0000]][[U+FF00]] how much [[U+000E]][[U+0000]][[U+0003]][[U+0004]]ÿ[[U+FF00]]change
[[U+000E]][[U+0000]][[U+0003]][[U+0004]][[U+0000]][[U+FF00]]is needed.","L'écran 3D affiche le prix à payer
et la somme donnée pour payer.","Prüfen Sie auf dem 3D-Bildschirm
Preis und erhaltenen Geldbetrag.
[[U+000E]][[U+0000]][[U+0003]][[U+0004]]ÿ[[U+FF00]]Berechnen[[U+000E]][[U+0000]][[U+0003]][[U+0004]][[U+0000]][[U+FF00]] Sie dann das
[[U+000E]][[U+0000]][[U+0003]][[U+0004]]ÿ[[U+FF00]]Wechselgeld[[U+000E]][[U+0000]][[U+0003]][[U+0004]][[U+0000]][[U+FF00]].","Guarda lo schermo 3D
e [[U+000E]][[U+0000]][[U+0003]][[U+0004]]ÿ[[U+FF00]]calcola [[U+000E]][[U+0000]][[U+0003]][[U+0004]][[U+0000]][[U+FF00]]il [[U+000E]][[U+0000]][[U+0003]][[U+0004]]ÿ[[U+FF00]]resto
[[U+000E]][[U+0000]][[U+0003]][[U+0004]][[U+0000]][[U+FF00]]della somma presente.","Observa la pantalla 3D para
[[U+000E]][[U+0000]][[U+0003]][[U+0004]]ÿ[[U+FF00]]calcular [[U+000E]][[U+0000]][[U+0003]][[U+0004]][[U+0000]][[U+FF00]]cuánto [[U+000E]][[U+0000]][[U+0003]][[U+0004]]ÿ[[U+FF00]]cambio
[[U+000E]][[U+0000]][[U+0003]][[U+0004]][[U+0000]][[U+FF00]]necesitas.","Look at the 3D Screen and 
[[U+000E]][[U+0000]][[U+0003]][[U+0004]]ÿ[[U+FF00]]determine[[U+000E]][[U+0000]][[U+0003]][[U+0004]][[U+0000]][[U+FF00]] how much [[U+000E]][[U+0000]][[U+0003]][[U+0004]]ÿ[[U+FF00]]change
[[U+000E]][[U+0000]][[U+0003]][[U+0004]][[U+0000]][[U+FF00]]is needed.","Regardez l'écran 3D et [[U+000E]][[U+0000]][[U+0003]][[U+0004]]ÿ[[U+FF00]]calculez[[U+000E]][[U+0000]][[U+0003]][[U+0004]][[U+0000]][[U+FF00]]
la [[U+000E]][[U+0000]][[U+0003]][[U+0004]]ÿ[[U+FF00]]monnaie[[U+000E]][[U+0000]][[U+0003]][[U+0004]][[U+0000]][[U+FF00]] nécessaire.","Observa la pantalla 3D para
[[U+000E]][[U+0000]][[U+0003]][[U+0004]]ÿ[[U+FF00]]calcular [[U+000E]][[U+0000]][[U+0003]][[U+0004]][[U+0000]][[U+FF00]]cuánto [[U+000E]][[U+0000]][[U+0003]][[U+0004]]ÿ[[U+FF00]]cambio
[[U+000E]][[U+0000]][[U+0003]][[U+0004]][[U+0000]][[U+FF00]]necesitas.","3D Ekran'a bak ve ne kadar
[[U+000E]][[U+0000]][[U+0003]][[U+0004]]ÿ[[U+FF00]]para üstü[[U+000E]][[U+0000]][[U+0003]][[U+0004]][[U+0000]][[U+FF00]] gerektiğini
[[U+000E]][[U+0000]][[U+0003]][[U+0004]]ÿ[[U+FF00]]belirle[[U+000E]][[U+0000]][[U+0003]][[U+0004]][[U+0000]][[U+FF00]]."
Nou_ExplainClassic_Money2,71,Nou_ExplainClassic_Money2,"Probeer het [[U+000E]][[U+0000]][[U+0003]][[U+0004]]ÿ[[U+FF00]]juiste wisselgeld
[[U+000E]][[U+0000]][[U+0003]][[U+0004]][[U+0000]][[U+FF00]]te geven.",Try to give the correct [[U+000E]][[U+0000]][[U+0003]][[U+0004]]ÿ[[U+FF00]]change[[U+000E]][[U+0000]][[U+0003]][[U+0004]][[U+0000]][[U+FF00]].,"Rendez la [[U+000E]][[U+0000]][[U+0003]][[U+0004]]ÿ[[U+FF00]]monnaie[[U+000E]][[U+0000]][[U+0003]][[U+0004]][[U+0000]][[U+FF00]] sans vous
tromper.","Zählen Sie nun das Geld
ab und geben Sie den
[[U+000E]][[U+0000]][[U+0003]][[U+0004]]ÿ[[U+FF00]]passenden Betrag[[U+000E]][[U+0000]][[U+0003]][[U+0004]][[U+0000]][[U+FF00]] heraus.","Devi dare il [[U+000E]][[U+0000]][[U+0003]][[U+0004]]ÿ[[U+FF00]]resto[[U+000E]][[U+0000]][[U+0003]][[U+0004]][[U+0000]][[U+FF00]]
corretto.","Intenta devolver el [[U+000E]][[U+0000]][[U+0003]][[U+0004]]ÿ[[U+FF00]]cambio
[[U+000E]][[U+0000]][[U+0003]][[U+0004]][[U+0000]][[U+FF00]]correcto.",Try to give the correct [[U+000E]][[U+0000]][[U+0003]][[U+0004]]ÿ[[U+FF00]]change[[U+000E]][[U+0000]][[U+0003]][[U+0004]][[U+0000]][[U+FF00]].,"Rendez la [[U+000E]][[U+0000]][[U+0003]][[U+0004]]ÿ[[U+FF00]]monnaie[[U+000E]][[U+0000]][[U+0003]][[U+0004]][[U+0000]][[U+FF00]] sans vous
tromper.","Intenta devolver el [[U+000E]][[U+0000]][[U+0003]][[U+0004]]ÿ[[U+FF00]]cambio
[[U+000E]][[U+0000]][[U+0003]][[U+0004]][[U+0000]][[U+FF00]]correcto.","Doğru [[U+000E]][[U+0000]][[U+0003]][[U+0004]]ÿ[[U+FF00]]para üstünü[[U+000E]][[U+0000]][[U+0003]][[U+0004]][[U+0000]][[U+FF00]] vermeye
çalış."
Nou_ExplainClassic_Money3,72,Nou_ExplainClassic_Money3,"[[U+000E]][[U+0000]][[U+0003]][[U+0004]]ÿ[[U+FF00]]Raak[[U+000E]][[U+0000]][[U+0003]][[U+0004]][[U+0000]][[U+FF00]] de munten op het onderste
scherm [[U+000E]][[U+0000]][[U+0003]][[U+0004]]ÿ[[U+FF00]]aan [[U+000E]][[U+0000]][[U+0003]][[U+0004]][[U+0000]][[U+FF00]]om het [[U+000E]][[U+0000]][[U+0003]][[U+0004]]ÿ[[U+FF00]]bedrag[[U+000E]][[U+0000]][[U+0003]][[U+0004]][[U+0000]][[U+FF00]] te
verhogen of te verlagen.","[[U+000E]][[U+0000]][[U+0003]][[U+0004]]ÿ[[U+FF00]]Touch[[U+000E]][[U+0000]][[U+0003]][[U+0004]][[U+0000]][[U+FF00]] the coins on the Touch
Screen to increase or reduce
the [[U+000E]][[U+0000]][[U+0003]][[U+0004]]ÿ[[U+FF00]]amount[[U+000E]][[U+0000]][[U+0003]][[U+0004]][[U+0000]][[U+FF00]].","[[U+000E]][[U+0000]][[U+0003]][[U+0004]]ÿ[[U+FF00]]Touchez [[U+000E]][[U+0000]][[U+0003]][[U+0004]][[U+0000]][[U+FF00]]les [[U+000E]][[U+0000]][[U+0003]][[U+0004]]ÿ[[U+FF00]]pièces [[U+000E]][[U+0000]][[U+0003]][[U+0004]][[U+0000]][[U+FF00]]sur l'écran
tactile pour les ajouter ou les
retirer du total.","[[U+000E]][[U+0000]][[U+0003]][[U+0004]]ÿ[[U+FF00]]Berühren[[U+000E]][[U+0000]][[U+0003]][[U+0004]][[U+0000]][[U+FF00]] Sie die Münzen auf dem
Touchscreen, um ihre Anzahl zu
verändern.","[[U+000E]][[U+0000]][[U+0003]][[U+0004]]ÿ[[U+FF00]]Tocca [[U+000E]][[U+0000]][[U+0003]][[U+0004]][[U+0000]][[U+FF00]]le monete
del touch screen per
aggiungerle oppure
toglierle dal [[U+000E]][[U+0000]][[U+0003]][[U+0004]]ÿ[[U+FF00]]resto[[U+000E]][[U+0000]][[U+0003]][[U+0004]][[U+0000]][[U+FF00]].","[[U+000E]][[U+0000]][[U+0003]][[U+0004]]ÿ[[U+FF00]]Toca [[U+000E]][[U+0000]][[U+0003]][[U+0004]][[U+0000]][[U+FF00]]las monedas en la pantalla
táctil para aumentar o reducir
su [[U+000E]][[U+0000]][[U+0003]][[U+0004]]ÿ[[U+FF00]]cantidad[[U+000E]][[U+0000]][[U+0003]][[U+0004]][[U+0000]][[U+FF00]].","[[U+000E]][[U+0000]][[U+0003]][[U+0004]]ÿ[[U+FF00]]Tap[[U+000E]][[U+0000]][[U+0003]][[U+0004]][[U+0000]][[U+FF00]] the coins on the Touch
Screen to increase or reduce
the [[U+000E]][[U+0000]][[U+0003]][[U+0004]]ÿ[[U+FF00]]amount[[U+000E]][[U+0000]][[U+0003]][[U+0004]][[U+0000]][[U+FF00]].","[[U+000E]][[U+0000]][[U+0003]][[U+0004]]ÿ[[U+FF00]]Touchez [[U+000E]][[U+0000]][[U+0003]][[U+0004]][[U+0000]][[U+FF00]]les [[U+000E]][[U+0000]][[U+0003]][[U+0004]]ÿ[[U+FF00]]pièces [[U+000E]][[U+0000]][[U+0003]][[U+0004]][[U+0000]][[U+FF00]]sur l'écran
tactile pour les ajouter ou les
retirer du total.","[[U+000E]][[U+0000]][[U+0003]][[U+0004]]ÿ[[U+FF00]]Toca [[U+000E]][[U+0000]][[U+0003]][[U+0004]][[U+0000]][[U+FF00]]las monedas en la pantalla
táctil para aumentar o reducir
su [[U+000E]][[U+0000]][[U+0003]][[U+0004]]ÿ[[U+FF00]]cantidad[[U+000E]][[U+0000]][[U+0003]][[U+0004]][[U+0000]][[U+FF00]].","[[U+000E]][[U+0000]][[U+0003]][[U+0004]]ÿ[[U+FF00]]Dokun[[U+000E]][[U+0000]][[U+0003]][[U+0004]][[U+0000]][[U+FF00]]: Dokunmatik Ekran'daki
paralara dokunarak
[[U+000E]][[U+0000]][[U+0003]][[U+0004]]ÿ[[U+FF00]]miktarı[[U+000E]][[U+0000]][[U+0003]][[U+0004]][[U+0000]][[U+FF00]] artırıp azalt."
Nou_ExplainClassic_Money4,73,Nou_ExplainClassic_Money4,"[[U+000E]][[U+0000]][[U+0003]][[U+0004]]ÿ[[U+FF00]]Raak OKÉ aan [[U+000E]][[U+0000]][[U+0003]][[U+0004]][[U+0000]][[U+FF00]]om het wisselgeld
te geven.",[[U+000E]][[U+0000]][[U+0003]][[U+0004]]ÿ[[U+FF00]]Touch[[U+000E]][[U+0000]][[U+0003]][[U+0004]][[U+0000]][[U+FF00]] [[U+000E]][[U+0000]][[U+0003]][[U+0004]]ÿ[[U+FF00]]Select[[U+000E]][[U+0000]][[U+0003]][[U+0004]][[U+0000]][[U+FF00]] to give the change.,"Puis [[U+000E]][[U+0000]][[U+0003]][[U+0004]]ÿ[[U+FF00]]touchez « [[U+000E]][[U+0000]][[U+0003]][[U+0004]][[U+0000]][[U+FF00]][[U+000E]][[U+0000]][[U+0003]][[U+0004]]ÿ[[U+FF00]]OK » [[U+000E]][[U+0000]][[U+0003]][[U+0004]][[U+0000]][[U+FF00]]pour rendre
la monnaie.","[[U+000E]][[U+0000]][[U+0003]][[U+0004]]ÿ[[U+FF00]]Berühren[[U+000E]][[U+0000]][[U+0003]][[U+0004]][[U+0000]][[U+FF00]] Sie dann „[[U+000E]][[U+0000]][[U+0003]][[U+0004]]ÿ[[U+FF00]]Okay[[U+000E]][[U+0000]][[U+0003]][[U+0004]][[U+0000]][[U+FF00]]“,
um das Geld herauszugeben.","Per consegnare
il resto, [[U+000E]][[U+0000]][[U+0003]][[U+0004]]ÿ[[U+FF00]]tocca OK[[U+000E]][[U+0000]][[U+0003]][[U+0004]][[U+0000]][[U+FF00]].","[[U+000E]][[U+0000]][[U+0003]][[U+0004]]ÿ[[U+FF00]]Toca Aceptar [[U+000E]][[U+0000]][[U+0003]][[U+0004]][[U+0000]][[U+FF00]]para dar
el cambio.",[[U+000E]][[U+0000]][[U+0003]][[U+0004]]ÿ[[U+FF00]]Tap[[U+000E]][[U+0000]][[U+0003]][[U+0004]][[U+0000]][[U+FF00]] [[U+000E]][[U+0000]][[U+0003]][[U+0004]]ÿ[[U+FF00]]Select[[U+000E]][[U+0000]][[U+0003]][[U+0004]][[U+0000]][[U+FF00]] to give the change.,"Puis [[U+000E]][[U+0000]][[U+0003]][[U+0004]]ÿ[[U+FF00]]touchez [[U+000E]][[U+0000]][[U+0003]][[U+0004]][[U+0000]][[U+FF00]][[U+000E]][[U+0000]][[U+0003]][[U+0004]]ÿ[[U+FF00]]OK [[U+000E]][[U+0000]][[U+0003]][[U+0004]][[U+0000]][[U+FF00]]pour rendre
la monnaie.","[[U+000E]][[U+0000]][[U+0003]][[U+0004]]ÿ[[U+FF00]]Toca Aceptar [[U+000E]][[U+0000]][[U+0003]][[U+0004]][[U+0000]][[U+FF00]]para dar
el cambio.","Para üstünü vermek için
[[U+000E]][[U+0000]][[U+0003]][[U+0004]]ÿ[[U+FF00]]Seç[[U+000E]][[U+0000]][[U+0003]][[U+0004]][[U+0000]][[U+FF00]] seçeneğine [[U+000E]][[U+0000]][[U+0003]][[U+0004]]ÿ[[U+FF00]]dokun[[U+000E]][[U+0000]][[U+0003]][[U+0004]][[U+0000]][[U+FF00]]."
Nou_ExplainClassic_Shotoku1,74,Nou_ExplainClassic_Shotoku1,"Probeer de woorden te
herkennen die tegelijkertijd
worden uitgesproken.","Identify the [[U+000E]][[U+0000]][[U+0003]][[U+0004]][[U+0000]][[U+FF00]]words [[U+000E]][[U+0000]][[U+0003]][[U+0004]][[U+0000]][[U+FF00]]being spoken
simultaneously.","Identifiez les [[U+000E]][[U+0000]][[U+0003]][[U+0004]]ÿ[[U+FF00]]mots [[U+000E]][[U+0000]][[U+0003]][[U+0004]][[U+0000]][[U+FF00]]prononcés
simultanément.","Unterscheiden Sie die gleichzeitig
gesprochenen Wörter.","Ascolta le [[U+000E]][[U+0000]][[U+0003]][[U+0004]]ÿ[[U+FF00]]parole
[[U+000E]][[U+0000]][[U+0003]][[U+0004]][[U+0000]][[U+FF00]]che verranno dette
in contemporanea...","Trata de identificar las palabras
que se oyen a la vez.","Identify the [[U+000E]][[U+0000]][[U+0003]][[U+0004]][[U+0000]][[U+FF00]]words [[U+000E]][[U+0000]][[U+0003]][[U+0004]][[U+0000]][[U+FF00]]being spoken
simultaneously.","Identifiez les mots prononcés
simultanément.","Trata de identificar las palabras
que se oyen a la vez.","Aynı anda söylenen [[U+000E]][[U+0000]][[U+0003]][[U+0004]][[U+0000]][[U+FF00]]kelimeleri
[[U+000E]][[U+0000]][[U+0003]][[U+0004]][[U+0000]][[U+FF00]]belirle."
Nou_ExplainClassic_Shotoku2,75,Nou_ExplainClassic_Shotoku2,"Schrijf op het touchscreen,
zoals beschreven in de
elektronische handleiding.","Write on the Touch Screen as
indicated in the e-manual.","Écrivez sur l'écran tactile [[U+000E]][[U+0000]][[U+0003]][[U+0004]]ÿ[[U+FF00]]chacun
des mots [[U+000E]][[U+0000]][[U+0003]][[U+0004]][[U+0000]][[U+FF00]]que vous avez entendus.","Schreiben Sie [[U+000E]][[U+0000]][[U+0003]][[U+0004]]ÿ[[U+FF00]]alle [[U+000E]][[U+0000]][[U+0003]][[U+0004]][[U+0000]][[U+FF00]]Antworten
auf den Touchscreen.
Infos zur Handschriften-
erkennung finden Sie unter
[[U+000E]][[U+0000]][[U+0003]][[U+0004]]ÿ[[U+FF00]]Anleitung[[U+000E]][[U+0000]][[U+0003]][[U+0004]][[U+0000]][[U+FF00]] im HOME-Menü.","e scrivile [[U+000E]][[U+0000]][[U+0003]][[U+0004]]ÿ[[U+FF00]]lettera per lettera
[[U+000E]][[U+0000]][[U+0003]][[U+0004]][[U+0000]][[U+FF00]]sul touch screen.","Escribe en la pantalla táctil
tal como se indica en el manual
electrónico.","Write everything that is said
on the Touch Screen.","Écrivez sur l'écran tactile chacun
des mots que vous avez entendus.","Escribe [[U+000E]][[U+0000]][[U+0003]][[U+0004]]ÿ[[U+FF00]]todas las palabras
[[U+000E]][[U+0000]][[U+0003]][[U+0004]][[U+0000]][[U+FF00]]que se oyen en la pantalla
táctil.","Dokunmatik Ekran'a,
e-kılavuzda gösterildiği gibi yaz."
Nou_ExplainClassic_Shotoku3,76,Nou_ExplainClassic_Shotoku3,"Je kunt met [[U+000E]][[U+0000]][[U+0003]][[U+0004]]ÿ[[U+FF00]]OPNIEUW [[U+000E]][[U+0000]][[U+0003]][[U+0004]][[U+0000]][[U+FF00]]maximaal
[[U+000E]][[U+0000]][[U+0003]][[U+0004]]ÿ[[U+FF00]]6 keer[[U+000E]][[U+0000]][[U+0003]][[U+0004]][[U+0000]][[U+FF00]] een opname beluisteren.","You can listen to the same
recording up to [[U+000E]][[U+0000]][[U+0003]][[U+0004]]ÿ[[U+FF00]]6 times [[U+000E]][[U+0000]][[U+0003]][[U+0004]][[U+0000]][[U+FF00]]by
[[U+000E]][[U+0000]][[U+0003]][[U+0004]]ÿ[[U+FF00]]touching[[U+000E]][[U+0000]][[U+0003]][[U+0004]][[U+0000]][[U+FF00]] [[U+000E]][[U+0000]][[U+0003]][[U+0004]]ÿ[[U+FF00]]Try Again[[U+000E]][[U+0000]][[U+0003]][[U+0004]][[U+0000]][[U+FF00]].","Vous pouvez réécouter les voix
[[U+000E]][[U+0000]][[U+0003]][[U+0004]]ÿ[[U+FF00]]jusqu'à 5 fois[[U+000E]][[U+0000]][[U+0003]][[U+0004]][[U+0000]][[U+FF00]] en touchant
[[U+000E]][[U+0000]][[U+0003]][[U+0004]]ÿ[[U+FF00]]« réécouter »[[U+000E]][[U+0000]][[U+0003]][[U+0004]][[U+0000]][[U+FF00]].","Sie können sich eine Aufnahme
mit „[[U+000E]][[U+0000]][[U+0003]][[U+0004]]ÿ[[U+FF00]]Neustart[[U+000E]][[U+0000]][[U+0003]][[U+0004]][[U+0000]][[U+FF00]]“ bis zu [[U+000E]][[U+0000]][[U+0003]][[U+0004]]ÿ[[U+FF00]]6-mal
[[U+000E]][[U+0000]][[U+0003]][[U+0004]][[U+0000]][[U+FF00]]anhören.","Puoi riascoltarle, fino a un
massimo di [[U+000E]][[U+0000]][[U+0003]][[U+0004]]ÿ[[U+FF00]]5 volte[[U+000E]][[U+0000]][[U+0003]][[U+0004]][[U+0000]][[U+FF00]],
[[U+000E]][[U+0000]][[U+0003]][[U+0004]]ÿ[[U+FF00]]toccando Di nuovo[[U+000E]][[U+0000]][[U+0003]][[U+0004]][[U+0000]][[U+FF00]]. ","Puedes escuchar hasta [[U+000E]][[U+0000]][[U+0003]][[U+0004]]ÿ[[U+FF00]]seis
veces [[U+000E]][[U+0000]][[U+0003]][[U+0004]][[U+0000]][[U+FF00]]la misma grabación
si [[U+000E]][[U+0000]][[U+0003]][[U+0004]]ÿ[[U+FF00]]tocas Otra vez[[U+000E]][[U+0000]][[U+0003]][[U+0004]][[U+0000]][[U+FF00]].","You can listen to the same
recording up to [[U+000E]][[U+0000]][[U+0003]][[U+0004]]ÿ[[U+FF00]]6 times [[U+000E]][[U+0000]][[U+0003]][[U+0004]][[U+0000]][[U+FF00]]by
[[U+000E]][[U+0000]][[U+0003]][[U+0004]]ÿ[[U+FF00]]tapping[[U+000E]][[U+0000]][[U+0003]][[U+0004]][[U+0000]][[U+FF00]] [[U+000E]][[U+0000]][[U+0003]][[U+0004]]ÿ[[U+FF00]]Try Again[[U+000E]][[U+0000]][[U+0003]][[U+0004]][[U+0000]][[U+FF00]].","Vous pouvez réécouter les voix
[[U+000E]][[U+0000]][[U+0003]][[U+0004]]ÿ[[U+FF00]]jusqu'à 5 fois[[U+000E]][[U+0000]][[U+0003]][[U+0004]][[U+0000]][[U+FF00]] en touchant
[[U+000E]][[U+0000]][[U+0003]][[U+0004]]ÿ[[U+FF00]]Réécouter[[U+000E]][[U+0000]][[U+0003]][[U+0004]][[U+0000]][[U+FF00]].","Puedes escuchar hasta [[U+000E]][[U+0000]][[U+0003]][[U+0004]]ÿ[[U+FF00]]seis
veces [[U+000E]][[U+0000]][[U+0003]][[U+0004]][[U+0000]][[U+FF00]]la misma grabación
si [[U+000E]][[U+0000]][[U+0003]][[U+0004]]ÿ[[U+FF00]]tocas Otra vez[[U+000E]][[U+0000]][[U+0003]][[U+0004]][[U+0000]][[U+FF00]].","Aynı kaydı, [[U+000E]][[U+0000]][[U+0003]][[U+0004]]ÿ[[U+FF00]]en fazla 6 kez [[U+000E]][[U+0000]][[U+0003]][[U+0004]][[U+0000]][[U+FF00]],
[[U+000E]][[U+0000]][[U+0003]][[U+0004]]ÿ[[U+FF00]]Tekrar Dene[[U+000E]][[U+0000]][[U+0003]][[U+0004]][[U+0000]][[U+FF00]] seçeneğine
[[U+000E]][[U+0000]][[U+0003]][[U+0004]]ÿ[[U+FF00]]dokunarak[[U+000E]][[U+0000]][[U+0003]][[U+0004]][[U+0000]][[U+FF00]] dinleyebilirsin."
Nou_ExplainClassic_Shotoku4,77,Nou_ExplainClassic_Shotoku4,"Als je het antwoord na [[U+000E]][[U+0000]][[U+0003]][[U+0004]]ÿ[[U+FF00]]6 pogingen
[[U+000E]][[U+0000]][[U+0003]][[U+0004]][[U+0000]][[U+FF00]]niet weet...","If you don't know the answer
after [[U+000E]][[U+0000]][[U+0003]][[U+0004]]ÿ[[U+FF00]]6 attempts[[U+000E]][[U+0000]][[U+0003]][[U+0004]][[U+0000]][[U+FF00]]","Si vous n'avez pas trouvé la
réponse au bout de ces [[U+000E]][[U+0000]][[U+0003]][[U+0004]]ÿ[[U+FF00]]cinq
[[U+000E]][[U+0000]][[U+0003]][[U+0004]][[U+0000]][[U+FF00]]répétitions...","Möglicherweise haben Sie
nach [[U+000E]][[U+0000]][[U+0003]][[U+0004]]ÿ[[U+FF00]]6 Versuchen[[U+000E]][[U+0000]][[U+0003]][[U+0004]][[U+0000]][[U+FF00]] noch
keine Lösung gefunden.","Nel caso in cui non riuscissi
a capire le parole dopo
averle riascoltate [[U+000E]][[U+0000]][[U+0003]][[U+0004]]ÿ[[U+FF00]]5 volte[[U+000E]][[U+0000]][[U+0003]][[U+0004]][[U+0000]][[U+FF00]]...","Si tras estos [[U+000E]][[U+0000]][[U+0003]][[U+0004]]ÿ[[U+FF00]]seis intentos
[[U+000E]][[U+0000]][[U+0003]][[U+0004]][[U+0000]][[U+FF00]]no logras adivinar la respuesta,","If you don't know the answer
after [[U+000E]][[U+0000]][[U+0003]][[U+0004]]ÿ[[U+FF00]]6 attempts[[U+000E]][[U+0000]][[U+0003]][[U+0004]][[U+0000]][[U+FF00]],","Si vous n'avez pas trouvé la
réponse au bout de ces [[U+000E]][[U+0000]][[U+0003]][[U+0004]]ÿ[[U+FF00]]cinq
[[U+000E]][[U+0000]][[U+0003]][[U+0004]][[U+0000]][[U+FF00]]répétitions...","Si tras estos [[U+000E]][[U+0000]][[U+0003]][[U+0004]]ÿ[[U+FF00]]seis intentos
[[U+000E]][[U+0000]][[U+0003]][[U+0004]][[U+0000]][[U+FF00]]no logras adivinar la respuesta,","[[U+000E]][[U+0000]][[U+0003]][[U+0004]]ÿ[[U+FF00]]6 denemeden[[U+000E]][[U+0000]][[U+0003]][[U+0004]][[U+0000]][[U+FF00]] sonra da cevabı
bilmiyorsan"
Nou_ExplainClassic_Shotoku5,78,Nou_ExplainClassic_Shotoku5,"raak dan [[U+000E]][[U+0000]][[U+0003]][[U+0004]]ÿ[[U+FF00]]VOLGENDE [[U+000E]][[U+0000]][[U+0003]][[U+0004]][[U+0000]][[U+FF00]]aan en ga
naar de volgende opgave.","touch [[U+000E]][[U+0000]][[U+0003]][[U+0004]]ÿ[[U+FF00]]Pass [[U+000E]][[U+0000]][[U+0003]][[U+0004]][[U+0000]][[U+FF00]]and move on to the
next question.","touchez [[U+000E]][[U+0000]][[U+0003]][[U+0004]]ÿ[[U+FF00]]« passer » [[U+000E]][[U+0000]][[U+0003]][[U+0004]][[U+0000]][[U+FF00]]pour passer
au problème suivant.","Berühren Sie in diesem Fall
„[[U+000E]][[U+0000]][[U+0003]][[U+0004]]ÿ[[U+FF00]]Aufgeben[[U+000E]][[U+0000]][[U+0003]][[U+0004]][[U+0000]][[U+FF00]]“, um mit der nächsten
Aufgabe weiterzumachen.","tocca [[U+000E]][[U+0000]][[U+0003]][[U+0004]]ÿ[[U+FF00]]Passa
[[U+000E]][[U+0000]][[U+0003]][[U+0004]][[U+0000]][[U+FF00]]per andare al
quesito successivo.","toca [[U+000E]][[U+0000]][[U+0003]][[U+0004]]ÿ[[U+FF00]]Saltar [[U+000E]][[U+0000]][[U+0003]][[U+0004]][[U+0000]][[U+FF00]]y pasa a la siguiente
pregunta.","tap [[U+000E]][[U+0000]][[U+0003]][[U+0004]]ÿ[[U+FF00]]Pass [[U+000E]][[U+0000]][[U+0003]][[U+0004]][[U+0000]][[U+FF00]]and move on to the 
next question.","touchez [[U+000E]][[U+0000]][[U+0003]][[U+0004]]ÿ[[U+FF00]]Passer [[U+000E]][[U+0000]][[U+0003]][[U+0004]][[U+0000]][[U+FF00]]pour passer
au problème suivant.","toca [[U+000E]][[U+0000]][[U+0003]][[U+0004]]ÿ[[U+FF00]]Saltar [[U+000E]][[U+0000]][[U+0003]][[U+0004]][[U+0000]][[U+FF00]]y pasa a la siguiente
pregunta.","[[U+000E]][[U+0000]][[U+0003]][[U+0004]]ÿ[[U+FF00]]Geç[[U+000E]][[U+0000]][[U+0003]][[U+0004]][[U+0000]][[U+FF00]] seçeneğine dokun ve
sonraki soruya geç."
Nou_ExplainClassic_Shotoku6,79,Nou_ExplainClassic_Shotoku6,"Zorg er bij deze oefening voor
dat het [[U+000E]][[U+0000]][[U+0003]][[U+0004]]ÿ[[U+FF00]]volume [[U+000E]][[U+0000]][[U+0003]][[U+0004]][[U+0000]][[U+FF00]]niet te laag of
te hoog staat.","You may want to [[U+000E]][[U+0000]][[U+0003]][[U+0004]]ÿ[[U+FF00]]turn the volume
up [[U+000E]][[U+0000]][[U+0003]][[U+0004]][[U+0000]][[U+FF00]]for this training.","N'hésitez pas à [[U+000E]][[U+0000]][[U+0003]][[U+0004]]ÿ[[U+FF00]]ajuster le volume[[U+000E]][[U+0000]][[U+0003]][[U+0004]][[U+0000]][[U+FF00]]
pour réussir cet exercice.","Wählen Sie für diese Übung
eine passende, nicht zu
hohe [[U+000E]][[U+0000]][[U+0003]][[U+0004]]ÿ[[U+FF00]]Lautstärke[[U+000E]][[U+0000]][[U+0003]][[U+0004]][[U+0000]][[U+FF00]].","Per questo esercizio
è necessario [[U+000E]][[U+0000]][[U+0003]][[U+0004]]ÿ[[U+FF00]]regolare
il volume [[U+000E]][[U+0000]][[U+0003]][[U+0004]][[U+0000]][[U+FF00]]della console.","Quizá convenga [[U+000E]][[U+0000]][[U+0003]][[U+0004]]ÿ[[U+FF00]]subir el volumen
[[U+000E]][[U+0000]][[U+0003]][[U+0004]][[U+0000]][[U+FF00]]para este ejercicio.","You may want to [[U+000E]][[U+0000]][[U+0003]][[U+0004]]ÿ[[U+FF00]]turn the volume
up [[U+000E]][[U+0000]][[U+0003]][[U+0004]][[U+0000]][[U+FF00]]for this training.","N'hésitez pas à [[U+000E]][[U+0000]][[U+0003]][[U+0004]]ÿ[[U+FF00]]ajuster le volume[[U+000E]][[U+0000]][[U+0003]][[U+0004]][[U+0000]][[U+FF00]]
pour réussir cet exercice.","Quizá convenga [[U+000E]][[U+0000]][[U+0003]][[U+0004]]ÿ[[U+FF00]]subir el volumen
[[U+000E]][[U+0000]][[U+0003]][[U+0004]][[U+0000]][[U+FF00]]para este ejercicio.","Bu antrenman için sesi
[[U+000E]][[U+0000]][[U+0003]][[U+0004]]ÿ[[U+FF00]]açmak[[U+000E]][[U+0000]][[U+0003]][[U+0004]][[U+0000]][[U+FF00]] isteyebilirsin."
Nou_ExplainClassic_PachiPachi1,80,Nou_ExplainClassic_PachiPachi1,"Lees beide voorwaarden op
het 3D-scherm zorgvuldig.","Read both conditions on the
3D Screen carefully.","Lisez les critères affichés sur
l'écran 3D.","Lesen Sie die Bedingungen
auf dem 3D-Bildschirm.","Leggi bene le [[U+000E]][[U+0000]][[U+0003]][[U+0004]]ÿ[[U+FF00]]due
[[U+000E]][[U+0000]][[U+0003]][[U+0004]][[U+0000]][[U+FF00]]condizioni che appaiono
sullo schermo 3D.","Lee con atención las dos
condiciones que aparecen
en la pantalla 3D.","Read both conditions on the
3D Screen carefully.","Lisez les critères affichés sur
l'écran 3D.","Lee con atención las dos
condiciones que aparecen
en la pantalla 3D.","3D Ekran'daki iki koşulu da
dikkatle oku."
Nou_ExplainClassic_PachiPachi2,81,Nou_ExplainClassic_PachiPachi2,"Als het getal op het scherm aan
een of beide voorwaarden voldoet,
raak dan [[U+000E]][[U+0000]][[U+0003]][[U+0004]]ÿ[[U+FF00]]JA[[U+000E]][[U+0000]][[U+0003]][[U+0004]][[U+0000]][[U+FF00]] aan.","If the number shown matches
either of the conditions, touch
[[U+000E]][[U+0000]][[U+0003]][[U+0004]]ÿ[[U+FF00]]Yes[[U+000E]][[U+0000]][[U+0003]][[U+0004]][[U+0000]][[U+FF00]].","Si le nombre affiché remplit au
moins l'un de ces critères,
touchez [[U+000E]][[U+0000]][[U+0003]][[U+0004]]ÿ[[U+FF00]]« oui »[[U+000E]][[U+0000]][[U+0003]][[U+0004]][[U+0000]][[U+FF00]].","Wenn die Zahl eine der
Bedingungen erfüllt,
berühren Sie „[[U+000E]][[U+0000]][[U+0003]][[U+0004]]ÿ[[U+FF00]]Ja[[U+000E]][[U+0000]][[U+0003]][[U+0004]][[U+0000]][[U+FF00]]“.","Se il numero
soddisfa [[U+000E]][[U+0000]][[U+0003]][[U+0004]]ÿ[[U+FF00]]almeno una[[U+000E]][[U+0000]][[U+0003]][[U+0004]][[U+0000]][[U+FF00]]
delle due condizioni,
tocca [[U+000E]][[U+0000]][[U+0003]][[U+0004]]ÿ[[U+FF00]]Sì[[U+000E]][[U+0000]][[U+0003]][[U+0004]][[U+0000]][[U+FF00]].","Si el número en pantalla cumple
alguna de ellas, toca [[U+000E]][[U+0000]][[U+0003]][[U+0004]]ÿ[[U+FF00]]Sí[[U+000E]][[U+0000]][[U+0003]][[U+0004]][[U+0000]][[U+FF00]].","If the number shown matches
either of the conditions, tap [[U+000E]][[U+0000]][[U+0003]][[U+0004]]ÿ[[U+FF00]]Yes[[U+000E]][[U+0000]][[U+0003]][[U+0004]][[U+0000]][[U+FF00]].","Si le nombre affiché remplit au
moins l'un de ces critères,
touchez [[U+000E]][[U+0000]][[U+0003]][[U+0004]]ÿ[[U+FF00]]Oui[[U+000E]][[U+0000]][[U+0003]][[U+0004]][[U+0000]][[U+FF00]].","Si el número en pantalla cumple
alguna de ellas, toca [[U+000E]][[U+0000]][[U+0003]][[U+0004]]ÿ[[U+FF00]]Sí[[U+000E]][[U+0000]][[U+0003]][[U+0004]][[U+0000]][[U+FF00]].","Gösterilen sayı koşullardan
herhangi birine uyuyorsa
[[U+000E]][[U+0000]][[U+0003]][[U+0004]]ÿ[[U+FF00]]Evet[[U+000E]][[U+0000]][[U+0003]][[U+0004]][[U+0000]][[U+FF00]]'e dokun."
Nou_ExplainClassic_PachiPachi3,82,Nou_ExplainClassic_PachiPachi3,"Als het getal aan geen van beide
voorwaarden voldoet, raak dan
[[U+000E]][[U+0000]][[U+0003]][[U+0004]]ÿ[[U+FF00]]NEE[[U+000E]][[U+0000]][[U+0003]][[U+0004]][[U+0000]][[U+FF00]] aan.","If the number matches neither
of the conditions, touch [[U+000E]][[U+0000]][[U+0003]][[U+0004]]ÿ[[U+FF00]]No[[U+000E]][[U+0000]][[U+0003]][[U+0004]][[U+0000]][[U+FF00]].","Si le nombre ne remplit aucun des
deux critères, touchez [[U+000E]][[U+0000]][[U+0003]][[U+0004]]ÿ[[U+FF00]]« non »[[U+000E]][[U+0000]][[U+0003]][[U+0004]][[U+0000]][[U+FF00]].","Erfüllt die Zahl keine der
Bedingungen, berühren
Sie „[[U+000E]][[U+0000]][[U+0003]][[U+0004]]ÿ[[U+FF00]]Nein[[U+000E]][[U+0000]][[U+0003]][[U+0004]][[U+0000]][[U+FF00]]“.","Se il numero non
soddisfa [[U+000E]][[U+0000]][[U+0003]][[U+0004]]ÿ[[U+FF00]]nessuna
[[U+000E]][[U+0000]][[U+0003]][[U+0004]][[U+0000]][[U+FF00]]delle due condizioni,
tocca [[U+000E]][[U+0000]][[U+0003]][[U+0004]]ÿ[[U+FF00]]No[[U+000E]][[U+0000]][[U+0003]][[U+0004]][[U+0000]][[U+FF00]].","Si por el contrario dicho número
no cumple ninguna de las
condiciones, toca [[U+000E]][[U+0000]][[U+0003]][[U+0004]]ÿ[[U+FF00]]No[[U+000E]][[U+0000]][[U+0003]][[U+0004]][[U+0000]][[U+FF00]].","If the number matches neither
of the conditions, tap [[U+000E]][[U+0000]][[U+0003]][[U+0004]]ÿ[[U+FF00]]No[[U+000E]][[U+0000]][[U+0003]][[U+0004]][[U+0000]][[U+FF00]].","Si le nombre ne remplit aucun des
deux critères, touchez [[U+000E]][[U+0000]][[U+0003]][[U+0004]]ÿ[[U+FF00]]Non[[U+000E]][[U+0000]][[U+0003]][[U+0004]][[U+0000]][[U+FF00]].","Si por el contrario dicho número
no cumple ninguna de las
condiciones, toca [[U+000E]][[U+0000]][[U+0003]][[U+0004]]ÿ[[U+FF00]]No[[U+000E]][[U+0000]][[U+0003]][[U+0004]][[U+0000]][[U+FF00]].","Sayı hiçbir koşula uymuyorsa
[[U+000E]][[U+0000]][[U+0003]][[U+0004]]ÿ[[U+FF00]]Hayır[[U+000E]][[U+0000]][[U+0003]][[U+0004]][[U+0000]][[U+FF00]]'a dokun."
Nou_ExplainClassic_KanjiComp1,83,Nou_ExplainClassic_KanjiComp1,"Je hebt [[U+000E]][[U+0000]][[U+0003]][[U+0004]]ÿ[[U+FF00]]alle [[U+000E]][[U+0000]][[U+0003]][[U+0004]][[U+0000]][[U+FF00]]opgaven in [[U+000E]][[U+0000]][[U+0003]][[U+0004]]ÿ[[U+FF00]]Laag naar
hoog[[U+000E]][[U+0000]][[U+0003]][[U+0004]][[U+0000]][[U+FF00]] voltooid.","You have already completed [[U+000E]][[U+0000]][[U+0003]][[U+0004]]ÿ[[U+FF00]]all
[[U+000E]][[U+0000]][[U+0003]][[U+0004]][[U+0000]][[U+FF00]]the problems in [[U+000E]][[U+0000]][[U+0003]][[U+0004]]ÿ[[U+FF00]]Low to High[[U+000E]][[U+0000]][[U+0003]][[U+0004]][[U+0000]][[U+FF00]].",,"Da Sie bereits [[U+000E]][[U+0000]][[U+0003]][[U+0004]]ÿ[[U+FF00]]alle Aufgaben
[[U+000E]][[U+0000]][[U+0003]][[U+0004]][[U+0000]][[U+FF00]]unter [[U+000E]][[U+0000]][[U+0003]][[U+0004]]ÿ[[U+FF00]]Merken gelöst [[U+000E]][[U+0000]][[U+0003]][[U+0004]][[U+0000]][[U+FF00]]haben,","Hai già [[U+000E]][[U+0000]][[U+0003]][[U+0004]]ÿ[[U+FF00]]completato tutti
i quesiti[[U+000E]][[U+0000]][[U+0003]][[U+0004]][[U+0000]][[U+FF00]] di [[U+000E]][[U+0000]][[U+0003]][[U+0004]]ÿ[[U+FF00]]Memoria lampo[[U+000E]][[U+0000]][[U+0003]][[U+0004]][[U+0000]][[U+FF00]].","Ya has completado [[U+000E]][[U+0000]][[U+0003]][[U+0004]]ÿ[[U+FF00]]todos
[[U+000E]][[U+0000]][[U+0003]][[U+0004]][[U+0000]][[U+FF00]]los problemas de [[U+000E]][[U+0000]][[U+0003]][[U+0004]]ÿ[[U+FF00]]Retentiva[[U+000E]][[U+0000]][[U+0003]][[U+0004]][[U+0000]][[U+FF00]].","You have already completed [[U+000E]][[U+0000]][[U+0003]][[U+0004]]ÿ[[U+FF00]]all
[[U+000E]][[U+0000]][[U+0003]][[U+0004]][[U+0000]][[U+FF00]]the problems in [[U+000E]][[U+0000]][[U+0003]][[U+0004]]ÿ[[U+FF00]]Low to High[[U+000E]][[U+0000]][[U+0003]][[U+0004]][[U+0000]][[U+FF00]].","Vous avez déjà résolu [[U+000E]][[U+0000]][[U+0003]][[U+0004]]ÿ[[U+FF00]]tous [[U+000E]][[U+0000]][[U+0003]][[U+0004]][[U+0000]][[U+FF00]]les
problèmes dans [[U+000E]][[U+0000]][[U+0003]][[U+0004]]ÿ[[U+FF00]]Mémoire[[U+000E]][[U+0000]][[U+0003]][[U+0004]][[U+0000]][[U+FF00]].","Ya has completado [[U+000E]][[U+0000]][[U+0003]][[U+0004]]ÿ[[U+FF00]]todos
[[U+000E]][[U+0000]][[U+0003]][[U+0004]][[U+0000]][[U+FF00]]los problemas de [[U+000E]][[U+0000]][[U+0003]][[U+0004]]ÿ[[U+FF00]]Retentiva[[U+000E]][[U+0000]][[U+0003]][[U+0004]][[U+0000]][[U+FF00]].","[[U+000E]][[U+0000]][[U+0003]][[U+0004]]ÿ[[U+FF00]]Artan Sıra[[U+000E]][[U+0000]][[U+0003]][[U+0004]][[U+0000]][[U+FF00]] oyunundaki [[U+000E]][[U+0000]][[U+0003]][[U+0004]]ÿ[[U+FF00]]tüm
[[U+000E]][[U+0000]][[U+0003]][[U+0004]][[U+0000]][[U+FF00]]problemleri zaten tamamladın."
Nou_ExplainClassic_KanjiComp2,84,Nou_ExplainClassic_KanjiComp2,"Er wordt een opgave gekozen die
je al eerder hebt opgelost.","A previously-answered problem
will be chosen.",,"können Sie nur eine Aufgabe aus
den bereits gelösten wählen.","Ti verrà proposto un
quesito che hai già risolto.","Así que solo podrás
repasar aquellos que
ya hayas solucionado.","A previously answered problem
will be chosen.","Vous pouvez passer en revue
seuls ceux qui ont déjà résolu.","Así que solo podrás
repasar aquellos que
ya hayas solucionado.","Daha önce cevapladığın bir soru
seçilecek."
Nou_ExplainClassic_KasanHakai1,85,Nou_ExplainClassic_KasanHakai1,"Tel alle [[U+000E]][[U+0000]][[U+0003]][[U+0004]]ÿ[[U+FF00]]getallen[[U+000E]][[U+0000]][[U+0003]][[U+0004]][[U+0000]][[U+FF00]] op het
3D-scherm bij elkaar op...","Add up all the [[U+000E]][[U+0000]][[U+0003]][[U+0004]]ÿ[[U+FF00]]numbers[[U+000E]][[U+0000]][[U+0003]][[U+0004]][[U+0000]][[U+FF00]] shown
on the 3D Screen","Additionnez tous les [[U+000E]][[U+0000]][[U+0003]][[U+0004]]ÿ[[U+FF00]]nombres[[U+000E]][[U+0000]][[U+0003]][[U+0004]][[U+0000]][[U+FF00]] qui
apparaissent sur l'écran 3D...","Addieren Sie alle [[U+000E]][[U+0000]][[U+0003]][[U+0004]]ÿ[[U+FF00]]Zahlen[[U+000E]][[U+0000]][[U+0003]][[U+0004]][[U+0000]][[U+FF00]] auf
dem 3D-Bildschirm.","Somma tutti i [[U+000E]][[U+0000]][[U+0003]][[U+0004]]ÿ[[U+FF00]]numeri
[[U+000E]][[U+0000]][[U+0003]][[U+0004]][[U+0000]][[U+FF00]]che appaiono
sullo schermo 3D...","Suma los [[U+000E]][[U+0000]][[U+0003]][[U+0004]]ÿ[[U+FF00]]números [[U+000E]][[U+0000]][[U+0003]][[U+0004]][[U+0000]][[U+FF00]]que aparecen
en la pantalla 3D","Add up all the [[U+000E]][[U+0000]][[U+0003]][[U+0004]]ÿ[[U+FF00]]numbers[[U+000E]][[U+0000]][[U+0003]][[U+0004]][[U+0000]][[U+FF00]] shown
on the 3D Screen,","Additionnez tous les [[U+000E]][[U+0000]][[U+0003]][[U+0004]]ÿ[[U+FF00]]nombres[[U+000E]][[U+0000]][[U+0003]][[U+0004]][[U+0000]][[U+FF00]] qui
apparaissent sur l'écran 3D...","Suma los [[U+000E]][[U+0000]][[U+0003]][[U+0004]]ÿ[[U+FF00]]números [[U+000E]][[U+0000]][[U+0003]][[U+0004]][[U+0000]][[U+FF00]]que aparecen
en la pantalla 3D","3D Ekran'da
görünen tüm [[U+000E]][[U+0000]][[U+0003]][[U+0004]]ÿ[[U+FF00]]sayıları[[U+000E]][[U+0000]][[U+0003]][[U+0004]][[U+0000]][[U+FF00]] topla"
Nou_ExplainClassic_KasanHakai2,86,Nou_ExplainClassic_KasanHakai2,"en [[U+000E]][[U+0000]][[U+0003]][[U+0004]]ÿ[[U+FF00]]schrijf [[U+000E]][[U+0000]][[U+0003]][[U+0004]][[U+0000]][[U+FF00]]het antwoord op
het touchscreen.
","then[[U+000E]][[U+0000]][[U+0003]][[U+0004]]ÿ[[U+FF00]] write [[U+000E]][[U+0000]][[U+0003]][[U+0004]][[U+0000]][[U+FF00]]the answer on
the Touch Screen.","et [[U+000E]][[U+0000]][[U+0003]][[U+0004]]ÿ[[U+FF00]]écrivez[[U+000E]][[U+0000]][[U+0003]][[U+0004]][[U+0000]][[U+FF00]] le résultat sur l'écran
tactile.","[[U+000E]][[U+0000]][[U+0003]][[U+0004]]ÿ[[U+FF00]]Schreiben[[U+000E]][[U+0000]][[U+0003]][[U+0004]][[U+0000]][[U+FF00]] Sie das Ergebnis auf
den Touchscreen.","e poi [[U+000E]][[U+0000]][[U+0003]][[U+0004]]ÿ[[U+FF00]]scrivi
[[U+000E]][[U+0000]][[U+0003]][[U+0004]][[U+0000]][[U+FF00]]il risultato sul
touch screen.","y [[U+000E]][[U+0000]][[U+0003]][[U+0004]]ÿ[[U+FF00]]escribe [[U+000E]][[U+0000]][[U+0003]][[U+0004]][[U+0000]][[U+FF00]]la solución en la
pantalla táctil.","and then[[U+000E]][[U+0000]][[U+0003]][[U+0004]]ÿ[[U+FF00]] write [[U+000E]][[U+0000]][[U+0003]][[U+0004]][[U+0000]][[U+FF00]]the answer on
the Touch Screen.","et [[U+000E]][[U+0000]][[U+0003]][[U+0004]]ÿ[[U+FF00]]écrivez[[U+000E]][[U+0000]][[U+0003]][[U+0004]][[U+0000]][[U+FF00]] le résultat sur l'écran
tactile.","y [[U+000E]][[U+0000]][[U+0003]][[U+0004]]ÿ[[U+FF00]]escribe [[U+000E]][[U+0000]][[U+0003]][[U+0004]][[U+0000]][[U+FF00]]la solución en la
pantalla táctil.","sonra[[U+000E]][[U+0000]][[U+0003]][[U+0004]]ÿ[[U+FF00]] cevabı yaz [[U+000E]][[U+0000]][[U+0003]][[U+0004]][[U+0000]][[U+FF00]]
Dokunmatik Ekran'a."
Nou_ExplainClassic_KasanHakai3,87,Nou_ExplainClassic_KasanHakai3,"Als je antwoord juist is, worden
de [[U+000E]][[U+0000]][[U+0003]][[U+0004]]ÿ[[U+FF00]]getallen vernietigd[[U+000E]][[U+0000]][[U+0003]][[U+0004]][[U+0000]][[U+FF00]].

Je missie: [[U+000E]][[U+0000]][[U+0003]][[U+0004]]ÿ[[U+FF00]]vernietig[[U+000E]][[U+0000]][[U+0003]][[U+0004]][[U+0000]][[U+FF00]] alle [[U+000E]][[U+0000]][[U+0003]][[U+0004]]ÿ[[U+FF00]]getallen[[U+000E]][[U+0000]][[U+0003]][[U+0004]][[U+0000]][[U+FF00]]!","If you answer correctly, the
[[U+000E]][[U+0000]][[U+0003]][[U+0004]]ÿ[[U+FF00]]numbers[[U+000E]][[U+0000]][[U+0003]][[U+0004]][[U+0000]][[U+FF00]] will [[U+000E]][[U+0000]][[U+0003]][[U+0004]]ÿ[[U+FF00]]explode[[U+000E]][[U+0000]][[U+0003]][[U+0004]][[U+0000]][[U+FF00]].

Your mission: to [[U+000E]][[U+0000]][[U+0003]][[U+0004]]ÿ[[U+FF00]]destroy
[[U+000E]][[U+0000]][[U+0003]][[U+0004]][[U+0000]][[U+FF00]]all the [[U+000E]][[U+0000]][[U+0003]][[U+0004]]ÿ[[U+FF00]]numbers[[U+000E]][[U+0000]][[U+0003]][[U+0004]][[U+0000]][[U+FF00]]!","Quand la réponse est correcte,
les [[U+000E]][[U+0000]][[U+0003]][[U+0004]]ÿ[[U+FF00]]nombres explosent [[U+000E]][[U+0000]][[U+0003]][[U+0004]][[U+0000]][[U+FF00]]!
Votre mission : [[U+000E]][[U+0000]][[U+0003]][[U+0004]]ÿ[[U+FF00]]détruire[[U+000E]][[U+0000]][[U+0003]][[U+0004]][[U+0000]][[U+FF00]] tous les
[[U+000E]][[U+0000]][[U+0003]][[U+0004]]ÿ[[U+FF00]]nombres[[U+000E]][[U+0000]][[U+0003]][[U+0004]][[U+0000]][[U+FF00]] !","Ist die Antwort richtig, [[U+000E]][[U+0000]][[U+0003]][[U+0004]]ÿ[[U+FF00]]explodieren
[[U+000E]][[U+0000]][[U+0003]][[U+0004]][[U+0000]][[U+FF00]]die [[U+000E]][[U+0000]][[U+0003]][[U+0004]]ÿ[[U+FF00]]Zahlen[[U+000E]][[U+0000]][[U+0003]][[U+0004]][[U+0000]][[U+FF00]]. Antworten Sie richtig
und [[U+000E]][[U+0000]][[U+0003]][[U+0004]]ÿ[[U+FF00]]sprengen [[U+000E]][[U+0000]][[U+0003]][[U+0004]][[U+0000]][[U+FF00]]Sie alle [[U+000E]][[U+0000]][[U+0003]][[U+0004]]ÿ[[U+FF00]]Zahlen[[U+000E]][[U+0000]][[U+0003]][[U+0004]][[U+0000]][[U+FF00]]!","Se il risultato è giusto,
i [[U+000E]][[U+0000]][[U+0003]][[U+0004]]ÿ[[U+FF00]]numeri scoppieranno[[U+000E]][[U+0000]][[U+0003]][[U+0004]][[U+0000]][[U+FF00]].
La tua missione consiste
nel riuscire a [[U+000E]][[U+0000]][[U+0003]][[U+0004]]ÿ[[U+FF00]]far scoppiare[[U+000E]][[U+0000]][[U+0003]][[U+0004]][[U+0000]][[U+FF00]]
tutti i numeri!","Si tu respuesta es correcta,
los [[U+000E]][[U+0000]][[U+0003]][[U+0004]]ÿ[[U+FF00]]números [[U+000E]][[U+0000]][[U+0003]][[U+0004]][[U+0000]][[U+FF00]][[U+000E]][[U+0000]][[U+0003]][[U+0004]]ÿ[[U+FF00]]explotarán[[U+000E]][[U+0000]][[U+0003]][[U+0004]][[U+0000]][[U+FF00]].

Tu misión:
¡[[U+000E]][[U+0000]][[U+0003]][[U+0004]]ÿ[[U+FF00]]acabar [[U+000E]][[U+0000]][[U+0003]][[U+0004]][[U+0000]][[U+FF00]]con todos los [[U+000E]][[U+0000]][[U+0003]][[U+0004]]ÿ[[U+FF00]]números[[U+000E]][[U+0000]][[U+0003]][[U+0004]][[U+0000]][[U+FF00]]!","If you answer correctly, the
[[U+000E]][[U+0000]][[U+0003]][[U+0004]]ÿ[[U+FF00]]numbers[[U+000E]][[U+0000]][[U+0003]][[U+0004]][[U+0000]][[U+FF00]] will [[U+000E]][[U+0000]][[U+0003]][[U+0004]]ÿ[[U+FF00]]explode[[U+000E]][[U+0000]][[U+0003]][[U+0004]][[U+0000]][[U+FF00]].

Your mission: [[U+000E]][[U+0000]][[U+0003]][[U+0004]]ÿ[[U+FF00]]destroy
[[U+000E]][[U+0000]][[U+0003]][[U+0004]][[U+0000]][[U+FF00]]all the [[U+000E]][[U+0000]][[U+0003]][[U+0004]]ÿ[[U+FF00]]numbers[[U+000E]][[U+0000]][[U+0003]][[U+0004]][[U+0000]][[U+FF00]]!","Si la réponse est correcte,
les [[U+000E]][[U+0000]][[U+0003]][[U+0004]]ÿ[[U+FF00]]nombres explosent[[U+000E]][[U+0000]][[U+0003]][[U+0004]][[U+0000]][[U+FF00]]!
Votre mission : [[U+000E]][[U+0000]][[U+0003]][[U+0004]]ÿ[[U+FF00]]détruire[[U+000E]][[U+0000]][[U+0003]][[U+0004]][[U+0000]][[U+FF00]] tous les
[[U+000E]][[U+0000]][[U+0003]][[U+0004]]ÿ[[U+FF00]]nombres[[U+000E]][[U+0000]][[U+0003]][[U+0004]][[U+0000]][[U+FF00]]!","Si tu respuesta es correcta,
los [[U+000E]][[U+0000]][[U+0003]][[U+0004]]ÿ[[U+FF00]]números [[U+000E]][[U+0000]][[U+0003]][[U+0004]][[U+0000]][[U+FF00]][[U+000E]][[U+0000]][[U+0003]][[U+0004]]ÿ[[U+FF00]]explotarán[[U+000E]][[U+0000]][[U+0003]][[U+0004]][[U+0000]][[U+FF00]].

Tu misión:
¡[[U+000E]][[U+0000]][[U+0003]][[U+0004]]ÿ[[U+FF00]]acabar [[U+000E]][[U+0000]][[U+0003]][[U+0004]][[U+0000]][[U+FF00]]con todos los [[U+000E]][[U+0000]][[U+0003]][[U+0004]]ÿ[[U+FF00]]números[[U+000E]][[U+0000]][[U+0003]][[U+0004]][[U+0000]][[U+FF00]]!","Doğru cevap verirsen,
[[U+000E]][[U+0000]][[U+0003]][[U+0004]]ÿ[[U+FF00]]sayılar[[U+000E]][[U+0000]][[U+0003]][[U+0004]][[U+0000]][[U+FF00]] [[U+000E]][[U+0000]][[U+0003]][[U+0004]]ÿ[[U+FF00]]patlayacak[[U+000E]][[U+0000]][[U+0003]][[U+0004]][[U+0000]][[U+FF00]].

Görevin: tüm [[U+000E]][[U+0000]][[U+0003]][[U+0004]]ÿ[[U+FF00]]sayıları[[U+000E]][[U+0000]][[U+0003]][[U+0004]][[U+0000]][[U+FF00]] [[U+000E]][[U+0000]][[U+0003]][[U+0004]]ÿ[[U+FF00]]yok etmek[[U+000E]][[U+0000]][[U+0003]][[U+0004]][[U+0000]][[U+FF00]]!"
Nou_ExplainClassic_KanjiHakai1,88,Nou_ExplainClassic_KanjiHakai1,"Er verschijnt kort een [[U+000E]][[U+0000]][[U+0003]][[U+0004]]ÿ[[U+FF00]]woord
[[U+000E]][[U+0000]][[U+0003]][[U+0004]][[U+0000]][[U+FF00]]op het 3D-scherm.","[[U+000E]][[U+0000]][[U+0003]][[U+0004]][[U+0000]][[U+FF00]]A [[U+000E]][[U+0000]][[U+0003]][[U+0004]]ÿ[[U+FF00]]word [[U+000E]][[U+0000]][[U+0003]][[U+0004]][[U+0000]][[U+FF00]]will be shown briefly on
the 3D Screen.[[U+000E]][[U+0000]][[U+0003]][[U+0004]][[U+0000]][[U+FF00]]","Un [[U+000E]][[U+0000]][[U+0003]][[U+0004]]ÿ[[U+FF00]]mot[[U+000E]][[U+0000]][[U+0003]][[U+0004]][[U+0000]][[U+FF00]] va être affiché brièvement
sur l'écran 3D.","Schreiben Sie das auf dem
3D-Bildschirm kurz angezeigte
[[U+000E]][[U+0000]][[U+0003]][[U+0004]]ÿ[[U+FF00]]Wort [[U+000E]][[U+0000]][[U+0003]][[U+0004]][[U+0000]][[U+FF00]]Buchstabe für Buchstabe
auf den Touchscreen.","Una parola apparirà
per qualche istante
sullo schermo 3D.","[[U+000E]][[U+0000]][[U+0003]][[U+0004]]ÿ[[U+FF00]]Escribe[[U+000E]][[U+0000]][[U+0003]][[U+0004]][[U+0000]][[U+FF00]] la [[U+000E]][[U+0000]][[U+0003]][[U+0004]]ÿ[[U+FF00]]palabra [[U+000E]][[U+0000]][[U+0003]][[U+0004]][[U+0000]][[U+FF00]]que se
muestra en la pantalla 3D.","[[U+000E]][[U+0000]][[U+0003]][[U+0004]][[U+0000]][[U+FF00]]A [[U+000E]][[U+0000]][[U+0003]][[U+0004]]ÿ[[U+FF00]]word [[U+000E]][[U+0000]][[U+0003]][[U+0004]][[U+0000]][[U+FF00]]will be shown briefly on
the 3D Screen.[[U+000E]][[U+0000]][[U+0003]][[U+0004]][[U+0000]][[U+FF00]]","Un [[U+000E]][[U+0000]][[U+0003]][[U+0004]]ÿ[[U+FF00]]mot[[U+000E]][[U+0000]][[U+0003]][[U+0004]][[U+0000]][[U+FF00]] va être affiché brièvement
sur l'écran 3D.","[[U+000E]][[U+0000]][[U+0003]][[U+0004]]ÿ[[U+FF00]]Escribe[[U+000E]][[U+0000]][[U+0003]][[U+0004]][[U+0000]][[U+FF00]] la [[U+000E]][[U+0000]][[U+0003]][[U+0004]]ÿ[[U+FF00]]palabra [[U+000E]][[U+0000]][[U+0003]][[U+0004]][[U+0000]][[U+FF00]]que se
muestra en la pantalla 3D.","[[U+000E]][[U+0000]][[U+0003]][[U+0004]][[U+0000]][[U+FF00]]3D Ekran'da kısa süreliğine
bir [[U+000E]][[U+0000]][[U+0003]][[U+0004]]ÿ[[U+FF00]]kelime[[U+000E]][[U+0000]][[U+0003]][[U+0004]][[U+0000]][[U+FF00]] görünecek.[[U+000E]][[U+0000]][[U+0003]][[U+0004]][[U+0000]][[U+FF00]]"
Nou_ExplainClassic_KanjiHakai2,89,Nou_ExplainClassic_KanjiHakai2,"Nadat je het woord [[U+000E]][[U+0000]][[U+0003]][[U+0004]]ÿ[[U+FF00]]correct [[U+000E]][[U+0000]][[U+0003]][[U+0004]][[U+0000]][[U+FF00]][[U+000E]][[U+0000]][[U+0003]][[U+0004]]ÿ[[U+FF00]]hebt
opgeschreven[[U+000E]][[U+0000]][[U+0003]][[U+0004]][[U+0000]][[U+FF00]], verschijnt het
volgende. Probeer alle woorden
op te schrijven.","[[U+000E]][[U+0000]][[U+0003]][[U+0004]]ÿ[[U+FF00]]Write[[U+000E]][[U+0000]][[U+0003]][[U+0004]][[U+0000]][[U+FF00]] the word out [[U+000E]][[U+0000]][[U+0003]][[U+0004]]ÿ[[U+FF00]]correctly[[U+000E]][[U+0000]][[U+0003]][[U+0004]][[U+0000]][[U+FF00]] on
the Touch Screen to proceed.","Mémorisez-le, puis [[U+000E]][[U+0000]][[U+0003]][[U+0004]]ÿ[[U+FF00]]écrivez-le
lettre par lettre [[U+000E]][[U+0000]][[U+0003]][[U+0004]][[U+0000]][[U+FF00]]sur l'écran tactile.
Si vous l'écrivez correctement, il
[[U+000E]][[U+0000]][[U+0003]][[U+0004]]ÿ[[U+FF00]]explosera[[U+000E]][[U+0000]][[U+0003]][[U+0004]][[U+0000]][[U+FF00]] !","[[U+000E]][[U+0000]][[U+0003]][[U+0004]]ÿ[[U+FF00]]Schreiben [[U+000E]][[U+0000]][[U+0003]][[U+0004]][[U+0000]][[U+FF00]]Sie [[U+000E]][[U+0000]][[U+0003]][[U+0004]]ÿ[[U+FF00]]korrekt[[U+000E]][[U+0000]][[U+0003]][[U+0004]][[U+0000]][[U+FF00]],
verschwindet es.","Memorizzala e poi [[U+000E]][[U+0000]][[U+0003]][[U+0004]]ÿ[[U+FF00]]scrivila
[[U+000E]][[U+0000]][[U+0003]][[U+0004]][[U+0000]][[U+FF00]]subito sul touch screen.
Se la [[U+000E]][[U+0000]][[U+0003]][[U+0004]]ÿ[[U+FF00]]parola[[U+000E]][[U+0000]][[U+0003]][[U+0004]][[U+0000]][[U+FF00]] che hai
scritto è corretta, [[U+000E]][[U+0000]][[U+0003]][[U+0004]]ÿ[[U+FF00]]esploderà[[U+000E]][[U+0000]][[U+0003]][[U+0004]][[U+0000]][[U+FF00]].","[[U+000E]][[U+0000]][[U+0003]][[U+0004]]ÿ[[U+FF00]]Destruye[[U+000E]][[U+0000]][[U+0003]][[U+0004]][[U+0000]][[U+FF00]] cada palabra
escribiéndola letra por letra
en la pantalla táctil.
¡Trata de [[U+000E]][[U+0000]][[U+0003]][[U+0004]]ÿ[[U+FF00]]acabar[[U+000E]][[U+0000]][[U+0003]][[U+0004]][[U+0000]][[U+FF00]] con [[U+000E]][[U+0000]][[U+0003]][[U+0004]]ÿ[[U+FF00]]todas[[U+000E]][[U+0000]][[U+0003]][[U+0004]][[U+0000]][[U+FF00]]!","[[U+000E]][[U+0000]][[U+0003]][[U+0004]]ÿ[[U+FF00]]Write[[U+000E]][[U+0000]][[U+0003]][[U+0004]][[U+0000]][[U+FF00]] the word out [[U+000E]][[U+0000]][[U+0003]][[U+0004]]ÿ[[U+FF00]]correctly[[U+000E]][[U+0000]][[U+0003]][[U+0004]][[U+0000]][[U+FF00]] on
the Touch Screen to proceed.","Mémorisez-le, puis [[U+000E]][[U+0000]][[U+0003]][[U+0004]]ÿ[[U+FF00]]écrivez-le
lettre par lettre [[U+000E]][[U+0000]][[U+0003]][[U+0004]][[U+0000]][[U+FF00]]sur l'écran tactile.
Si vous l'écrivez correctement, il
[[U+000E]][[U+0000]][[U+0003]][[U+0004]]ÿ[[U+FF00]]explosera[[U+000E]][[U+0000]][[U+0003]][[U+0004]][[U+0000]][[U+FF00]]!","[[U+000E]][[U+0000]][[U+0003]][[U+0004]]ÿ[[U+FF00]]Destruye[[U+000E]][[U+0000]][[U+0003]][[U+0004]][[U+0000]][[U+FF00]] cada palabra
escribiéndola letra por letra
en la pantalla táctil.
¡Trata de [[U+000E]][[U+0000]][[U+0003]][[U+0004]]ÿ[[U+FF00]]acabar[[U+000E]][[U+0000]][[U+0003]][[U+0004]][[U+0000]][[U+FF00]] con [[U+000E]][[U+0000]][[U+0003]][[U+0004]]ÿ[[U+FF00]]todas[[U+000E]][[U+0000]][[U+0003]][[U+0004]][[U+0000]][[U+FF00]]!","Devam etmek için kelimeyi
Dokunmatik Ekran'da
[[U+000E]][[U+0000]][[U+0003]][[U+0004]]ÿ[[U+FF00]]doğru[[U+000E]][[U+0000]][[U+0003]][[U+0004]][[U+0000]][[U+FF00]] şekilde [[U+000E]][[U+0000]][[U+0003]][[U+0004]]ÿ[[U+FF00]]yaz[[U+000E]][[U+0000]][[U+0003]][[U+0004]][[U+0000]][[U+FF00]]."
Nou_ExplainClassic_KanjiHakai3,90,Nou_ExplainClassic_KanjiHakai3,"Raak [[U+000E]][[U+0000]][[U+0003]][[U+0004]]ÿ[[U+FF00]]OPNIEUW [[U+000E]][[U+0000]][[U+0003]][[U+0004]][[U+0000]][[U+FF00]]aan om het woord
nog eens te zien.","Touch [[U+000E]][[U+0000]][[U+0003]][[U+0004]]ÿ[[U+FF00]]Again[[U+000E]][[U+0000]][[U+0003]][[U+0004]][[U+0000]][[U+FF00]] to see the word
again.","Touchez [[U+000E]][[U+0000]][[U+0003]][[U+0004]]ÿ[[U+FF00]]« encore »[[U+000E]][[U+0000]][[U+0003]][[U+0004]][[U+0000]][[U+FF00]] pour revoir le
mot si vous n'avez pas pu le
mémoriser.","Konnten Sie das Wort nicht
schnell genug lesen, berühren
Sie [[U+000E]][[U+0000]][[U+0003]][[U+0004]]ÿ[[U+FF00]]Noch mal[[U+000E]][[U+0000]][[U+0003]][[U+0004]][[U+0000]][[U+FF00]].","Per rivedere l'ultima
parola visualizzata
sullo schermo,
tocca [[U+000E]][[U+0000]][[U+0003]][[U+0004]]ÿ[[U+FF00]]Di nuovo[[U+000E]][[U+0000]][[U+0003]][[U+0004]][[U+0000]][[U+FF00]].","Toca [[U+000E]][[U+0000]][[U+0003]][[U+0004]]ÿ[[U+FF00]]Otra vez [[U+000E]][[U+0000]][[U+0003]][[U+0004]][[U+0000]][[U+FF00]]para
volver a ver la palabra.",Tap [[U+000E]][[U+0000]][[U+0003]][[U+0004]]ÿ[[U+FF00]]Again[[U+000E]][[U+0000]][[U+0003]][[U+0004]][[U+0000]][[U+FF00]] to see the word again.,"Touchez [[U+000E]][[U+0000]][[U+0003]][[U+0004]]ÿ[[U+FF00]]Encore[[U+000E]][[U+0000]][[U+0003]][[U+0004]][[U+0000]][[U+FF00]] pour revoir le
mot si vous n'avez pas pu le
mémoriser.","Toca [[U+000E]][[U+0000]][[U+0003]][[U+0004]]ÿ[[U+FF00]]Otra vez [[U+000E]][[U+0000]][[U+0003]][[U+0004]][[U+0000]][[U+FF00]]para
volver a ver la palabra.","Kelimeyi yeniden görmek için
[[U+000E]][[U+0000]][[U+0003]][[U+0004]]ÿ[[U+FF00]]Tekrar[[U+000E]][[U+0000]][[U+0003]][[U+0004]][[U+0000]][[U+FF00]]'a dokun."
Nou_ExplainClassic_KanjiHakai4,91,Nou_ExplainClassic_KanjiHakai4,"Als je [[U+000E]][[U+0000]][[U+0003]][[U+0004]]ÿ[[U+FF00]]OPNIEUW [[U+000E]][[U+0000]][[U+0003]][[U+0004]][[U+0000]][[U+FF00]][[U+000E]][[U+0000]][[U+0003]][[U+0004]]ÿ[[U+FF00]]vijf keer
[[U+000E]][[U+0000]][[U+0003]][[U+0004]][[U+0000]][[U+FF00]]aanraakt, blijft het woord
op het scherm staan.","If you touch [[U+000E]][[U+0000]][[U+0003]][[U+0004]]ÿ[[U+FF00]]Again five times[[U+000E]][[U+0000]][[U+0003]][[U+0004]][[U+0000]][[U+FF00]], the
word will stay visible.","Si vous touchez [[U+000E]][[U+0000]][[U+0003]][[U+0004]]ÿ[[U+FF00]]« encore » cinq
fois[[U+000E]][[U+0000]][[U+0003]][[U+0004]][[U+0000]][[U+FF00]], le mot restera affiché à
l'écran.","Berühren Sie [[U+000E]][[U+0000]][[U+0003]][[U+0004]]ÿ[[U+FF00]]Noch mal [[U+000E]][[U+0000]][[U+0003]][[U+0004]][[U+0000]][[U+FF00]]zum
[[U+000E]][[U+0000]][[U+0003]][[U+0004]]ÿ[[U+FF00]]5. Mal[[U+000E]][[U+0000]][[U+0003]][[U+0004]][[U+0000]][[U+FF00]], bleibt das Wort auf
dem Bildschirm.","Se tocchi [[U+000E]][[U+0000]][[U+0003]][[U+0004]]ÿ[[U+FF00]]Di nuovo[[U+000E]][[U+0000]][[U+0003]][[U+0004]][[U+0000]][[U+FF00]]
almeno [[U+000E]][[U+0000]][[U+0003]][[U+0004]]ÿ[[U+FF00]]cinque volte[[U+000E]][[U+0000]][[U+0003]][[U+0004]][[U+0000]][[U+FF00]],
la parola rimarrà
sullo schermo.","Si tocas la opción [[U+000E]][[U+0000]][[U+0003]][[U+0004]]ÿ[[U+FF00]]Otra vez
[[U+000E]][[U+0000]][[U+0003]][[U+0004]][[U+0000]][[U+FF00]][[U+000E]][[U+0000]][[U+0003]][[U+0004]]ÿ[[U+FF00]]cinco veces[[U+000E]][[U+0000]][[U+0003]][[U+0004]][[U+0000]][[U+FF00]], la palabra
quedará visible en pantalla.","If you tap [[U+000E]][[U+0000]][[U+0003]][[U+0004]]ÿ[[U+FF00]]Again five times[[U+000E]][[U+0000]][[U+0003]][[U+0004]][[U+0000]][[U+FF00]],
the word will stay visible.","Si vous touchez [[U+000E]][[U+0000]][[U+0003]][[U+0004]]ÿ[[U+FF00]]Encore cinq
fois[[U+000E]][[U+0000]][[U+0003]][[U+0004]][[U+0000]][[U+FF00]], le mot restera affiché à
l'écran.","Si tocas la opción [[U+000E]][[U+0000]][[U+0003]][[U+0004]]ÿ[[U+FF00]]Otra vez
[[U+000E]][[U+0000]][[U+0003]][[U+0004]][[U+0000]][[U+FF00]][[U+000E]][[U+0000]][[U+0003]][[U+0004]]ÿ[[U+FF00]]cinco veces[[U+000E]][[U+0000]][[U+0003]][[U+0004]][[U+0000]][[U+FF00]], la palabra
quedará visible en pantalla.","[[U+000E]][[U+0000]][[U+0003]][[U+0004]]ÿ[[U+FF00]]Tekrar'a beş kez[[U+000E]][[U+0000]][[U+0003]][[U+0004]][[U+0000]][[U+FF00]] dokunursan,
kelime ekranda kalır."
Nou_ExplainClassic_KanjiHakai5,92,Nou_ExplainClassic_KanjiHakai5,,,,,,,,,,
Nou_ExplainClassic_KanjiShooting1,93,Nou_ExplainClassic_KanjiShooting1,"Er verschijnen [[U+000E]][[U+0000]][[U+0003]][[U+0004]]ÿ[[U+FF00]]woorden[[U+000E]][[U+0000]][[U+0003]][[U+0004]][[U+0000]][[U+FF00]]
op het 3D-scherm.","A series of [[U+000E]][[U+0000]][[U+0003]][[U+0004]]ÿ[[U+FF00]]words[[U+000E]][[U+0000]][[U+0003]][[U+0004]][[U+0000]][[U+FF00]] will be shown
briefly on the 3D Screen.","Des [[U+000E]][[U+0000]][[U+0003]][[U+0004]]ÿ[[U+FF00]]mots[[U+000E]][[U+0000]][[U+0003]][[U+0004]][[U+0000]][[U+FF00]] vont être affichés
brièvement sur l'écran 3D.","Schreiben Sie die auf dem
3D-Bildschirm kurz angezeigten
[[U+000E]][[U+0000]][[U+0003]][[U+0004]]ÿ[[U+FF00]]Worte [[U+000E]][[U+0000]][[U+0003]][[U+0004]][[U+0000]][[U+FF00]]Buchstabe für Buchstabe
auf den Touchscreen.","Una o più parole appariranno
per qualche istante
sullo schermo 3D.","[[U+000E]][[U+0000]][[U+0003]][[U+0004]]ÿ[[U+FF00]]Escribe[[U+000E]][[U+0000]][[U+0003]][[U+0004]][[U+0000]][[U+FF00]] las [[U+000E]][[U+0000]][[U+0003]][[U+0004]]ÿ[[U+FF00]]palabras [[U+000E]][[U+0000]][[U+0003]][[U+0004]][[U+0000]][[U+FF00]]que se
muestran en la pantalla 3D.","A series of [[U+000E]][[U+0000]][[U+0003]][[U+0004]]ÿ[[U+FF00]]words[[U+000E]][[U+0000]][[U+0003]][[U+0004]][[U+0000]][[U+FF00]] will be shown
briefly on the 3D Screen.","Des [[U+000E]][[U+0000]][[U+0003]][[U+0004]]ÿ[[U+FF00]]mots[[U+000E]][[U+0000]][[U+0003]][[U+0004]][[U+0000]][[U+FF00]] vont être affichés
brièvement sur l'écran 3D.","[[U+000E]][[U+0000]][[U+0003]][[U+0004]]ÿ[[U+FF00]]Escribe[[U+000E]][[U+0000]][[U+0003]][[U+0004]][[U+0000]][[U+FF00]] las [[U+000E]][[U+0000]][[U+0003]][[U+0004]]ÿ[[U+FF00]]palabras [[U+000E]][[U+0000]][[U+0003]][[U+0004]][[U+0000]][[U+FF00]]que se
muestran en la pantalla 3D.","[[U+000E]][[U+0000]][[U+0003]][[U+0004]]ÿ[[U+FF00]]Kelimeler[[U+000E]][[U+0000]][[U+0003]][[U+0004]][[U+0000]][[U+FF00]]den oluşan bir dizi
3D Ekran'da kısa süreliğine
gösterilecek."
Nou_ExplainClassic_KanjiShooting2,94,Nou_ExplainClassic_KanjiShooting2,"[[U+000E]][[U+0000]][[U+0003]][[U+0004]]ÿ[[U+FF00]]Schrijf [[U+000E]][[U+0000]][[U+0003]][[U+0004]][[U+0000]][[U+FF00]]de woorden [[U+000E]][[U+0000]][[U+0003]][[U+0004]]ÿ[[U+FF00]]correct op[[U+000E]][[U+0000]][[U+0003]][[U+0004]][[U+0000]][[U+FF00]] om
verder te gaan.","[[U+000E]][[U+0000]][[U+0003]][[U+0004]]ÿ[[U+FF00]]Write[[U+000E]][[U+0000]][[U+0003]][[U+0004]][[U+0000]][[U+FF00]] the words out [[U+000E]][[U+0000]][[U+0003]][[U+0004]]ÿ[[U+FF00]]correctly[[U+000E]][[U+0000]][[U+0003]][[U+0004]][[U+0000]][[U+FF00]] on
the Touch Screen to proceed.","Mémorisez-les, puis [[U+000E]][[U+0000]][[U+0003]][[U+0004]]ÿ[[U+FF00]]écrivez-les
lettre par lettre [[U+000E]][[U+0000]][[U+0003]][[U+0004]][[U+0000]][[U+FF00]]sur l'écran tactile.
Si vous les écrivez correctement,
ils [[U+000E]][[U+0000]][[U+0003]][[U+0004]]ÿ[[U+FF00]]exploseront[[U+000E]][[U+0000]][[U+0003]][[U+0004]][[U+0000]][[U+FF00]] !","[[U+000E]][[U+0000]][[U+0003]][[U+0004]]ÿ[[U+FF00]]Schreiben [[U+000E]][[U+0000]][[U+0003]][[U+0004]][[U+0000]][[U+FF00]]Sie sie [[U+000E]][[U+0000]][[U+0003]][[U+0004]]ÿ[[U+FF00]]korrekt[[U+000E]][[U+0000]][[U+0003]][[U+0004]][[U+0000]][[U+FF00]],
verschwinden sie.","Memorizzale e poi [[U+000E]][[U+0000]][[U+0003]][[U+0004]]ÿ[[U+FF00]]scrivile
[[U+000E]][[U+0000]][[U+0003]][[U+0004]][[U+0000]][[U+FF00]]una a una sul touch screen.
Se le [[U+000E]][[U+0000]][[U+0003]][[U+0004]]ÿ[[U+FF00]]parole[[U+000E]][[U+0000]][[U+0003]][[U+0004]][[U+0000]][[U+FF00]] che hai scritto
sono corrette, [[U+000E]][[U+0000]][[U+0003]][[U+0004]]ÿ[[U+FF00]]esploderanno[[U+000E]][[U+0000]][[U+0003]][[U+0004]][[U+0000]][[U+FF00]].","[[U+000E]][[U+0000]][[U+0003]][[U+0004]]ÿ[[U+FF00]]Destruye[[U+000E]][[U+0000]][[U+0003]][[U+0004]][[U+0000]][[U+FF00]] cada palabra
escribiéndola letra por letra
en la pantalla táctil.
¡Trata de [[U+000E]][[U+0000]][[U+0003]][[U+0004]]ÿ[[U+FF00]]acabar[[U+000E]][[U+0000]][[U+0003]][[U+0004]][[U+0000]][[U+FF00]] con [[U+000E]][[U+0000]][[U+0003]][[U+0004]]ÿ[[U+FF00]]todas[[U+000E]][[U+0000]][[U+0003]][[U+0004]][[U+0000]][[U+FF00]]!","[[U+000E]][[U+0000]][[U+0003]][[U+0004]]ÿ[[U+FF00]]Write[[U+000E]][[U+0000]][[U+0003]][[U+0004]][[U+0000]][[U+FF00]] the words out [[U+000E]][[U+0000]][[U+0003]][[U+0004]]ÿ[[U+FF00]]correctly[[U+000E]][[U+0000]][[U+0003]][[U+0004]][[U+0000]][[U+FF00]] on
the Touch Screen to proceed.","Mémorisez-les, puis [[U+000E]][[U+0000]][[U+0003]][[U+0004]]ÿ[[U+FF00]]écrivez-les
lettre par lettre [[U+000E]][[U+0000]][[U+0003]][[U+0004]][[U+0000]][[U+FF00]]sur l'écran tactile.
Si vous les écrivez correctement,
ils [[U+000E]][[U+0000]][[U+0003]][[U+0004]]ÿ[[U+FF00]]exploseront[[U+000E]][[U+0000]][[U+0003]][[U+0004]][[U+0000]][[U+FF00]]!","[[U+000E]][[U+0000]][[U+0003]][[U+0004]]ÿ[[U+FF00]]Destruye[[U+000E]][[U+0000]][[U+0003]][[U+0004]][[U+0000]][[U+FF00]] cada palabra
escribiéndola letra por letra
en la pantalla táctil.
¡Trata de [[U+000E]][[U+0000]][[U+0003]][[U+0004]]ÿ[[U+FF00]]acabar[[U+000E]][[U+0000]][[U+0003]][[U+0004]][[U+0000]][[U+FF00]] con [[U+000E]][[U+0000]][[U+0003]][[U+0004]]ÿ[[U+FF00]]todas[[U+000E]][[U+0000]][[U+0003]][[U+0004]][[U+0000]][[U+FF00]]!","Devam etmek için Dokunmatik
Ekran'da kelimeleri
[[U+000E]][[U+0000]][[U+0003]][[U+0004]]ÿ[[U+FF00]]doğru[[U+000E]][[U+0000]][[U+0003]][[U+0004]][[U+0000]][[U+FF00]] şekilde [[U+000E]][[U+0000]][[U+0003]][[U+0004]]ÿ[[U+FF00]]yaz[[U+000E]][[U+0000]][[U+0003]][[U+0004]][[U+0000]][[U+FF00]]."
Nou_ExplainClassic_KanjiShooting3,95,Nou_ExplainClassic_KanjiShooting3,"[[U+000E]][[U+0000]][[U+0003]][[U+0004]]ÿ[[U+FF00]]Schrijf de letters op [[U+000E]][[U+0000]][[U+0003]][[U+0004]][[U+0000]][[U+FF00]]die je
tegenstanders op je afvuren
om deze te vernietigen.","Write the enemies fire letter
bullets at you, [[U+000E]][[U+0000]][[U+0003]][[U+0004]]ÿ[[U+FF00]]write the letter[[U+000E]][[U+0000]][[U+0003]][[U+0004]][[U+0000]][[U+FF00]]
to destroy them.","Faites attention aux [[U+000E]][[U+0000]][[U+0003]][[U+0004]]ÿ[[U+FF00]]lettres[[U+000E]][[U+0000]][[U+0003]][[U+0004]][[U+0000]][[U+FF00]] que
les ennemis vous envoient :
[[U+000E]][[U+0000]][[U+0003]][[U+0004]]ÿ[[U+FF00]]écrivez-les[[U+000E]][[U+0000]][[U+0003]][[U+0004]][[U+0000]][[U+FF00]] pour les détruire
également !","Buchstabenbomben können
Sie abwehren, indem Sie [[U+000E]][[U+0000]][[U+0003]][[U+0004]]ÿ[[U+FF00]]den
entsprechenden Buchstaben
schreiben[[U+000E]][[U+0000]][[U+0003]][[U+0004]][[U+0000]][[U+FF00]].","Per distruggere le
lettere che il nemico
ti spara, [[U+000E]][[U+0000]][[U+0003]][[U+0004]]ÿ[[U+FF00]]scrivile[[U+000E]][[U+0000]][[U+0003]][[U+0004]][[U+0000]][[U+FF00]] sul
touch screen.","Cuando un enemigo abra fuego
contra ti, escribe [[U+000E]][[U+0000]][[U+0003]][[U+0004]]ÿ[[U+FF00]]las letras que
dispare[[U+000E]][[U+0000]][[U+0003]][[U+0004]][[U+0000]][[U+FF00]].","When the enemies fire letter
bullets at you, [[U+000E]][[U+0000]][[U+0003]][[U+0004]]ÿ[[U+FF00]]write the letter[[U+000E]][[U+0000]][[U+0003]][[U+0004]][[U+0000]][[U+FF00]]
to destroy them.","Faites attention aux [[U+000E]][[U+0000]][[U+0003]][[U+0004]]ÿ[[U+FF00]]lettres[[U+000E]][[U+0000]][[U+0003]][[U+0004]][[U+0000]][[U+FF00]] que
les ennemis vous envoient :
[[U+000E]][[U+0000]][[U+0003]][[U+0004]]ÿ[[U+FF00]]écrivez-les[[U+000E]][[U+0000]][[U+0003]][[U+0004]][[U+0000]][[U+FF00]] pour les détruire
également!","Cuando un enemigo abra fuego
contra ti, escribe [[U+000E]][[U+0000]][[U+0003]][[U+0004]]ÿ[[U+FF00]]las letras que
dispare[[U+000E]][[U+0000]][[U+0003]][[U+0004]][[U+0000]][[U+FF00]].","Düşmanlar sana harf mermileri
ateşlediğinde, onları yok etmek
için [[U+000E]][[U+0000]][[U+0003]][[U+0004]]ÿ[[U+FF00]]harfi yaz[[U+000E]][[U+0000]][[U+0003]][[U+0004]][[U+0000]][[U+FF00]]."
Nou_ExplainClassic_KanjiShooting4,96,Nou_ExplainClassic_KanjiShooting4,,,,,,,,,,
Nou_ExplainClassic_KanjiShooting5,97,Nou_ExplainClassic_KanjiShooting5,"[[U+000E]][[U+0000]][[U+0003]][[U+0004]]ÿ[[U+FF00]]Schrijf de letters op [[U+000E]][[U+0000]][[U+0003]][[U+0004]][[U+0000]][[U+FF00]]die je
tegenstanders op je afvuren
om deze te vernietigen.","When the enemies fire letter
bullets at you, [[U+000E]][[U+0000]][[U+0003]][[U+0004]]ÿ[[U+FF00]]write the letter[[U+000E]][[U+0000]][[U+0003]][[U+0004]][[U+0000]][[U+FF00]]
to destroy them.","Faites attention aux [[U+000E]][[U+0000]][[U+0003]][[U+0004]]ÿ[[U+FF00]]lettres[[U+000E]][[U+0000]][[U+0003]][[U+0004]][[U+0000]][[U+FF00]] que
les ennemis vous envoient :
[[U+000E]][[U+0000]][[U+0003]][[U+0004]]ÿ[[U+FF00]]écrivez-les[[U+000E]][[U+0000]][[U+0003]][[U+0004]][[U+0000]][[U+FF00]] pour les détruire
également !","Buchstabenbomben können
Sie abwehren, indem Sie [[U+000E]][[U+0000]][[U+0003]][[U+0004]]ÿ[[U+FF00]]den
entsprechenden Buchstaben
schreiben[[U+000E]][[U+0000]][[U+0003]][[U+0004]][[U+0000]][[U+FF00]].","Per distruggere le
lettere che il nemico
ti spara, [[U+000E]][[U+0000]][[U+0003]][[U+0004]]ÿ[[U+FF00]]scrivile[[U+000E]][[U+0000]][[U+0003]][[U+0004]][[U+0000]][[U+FF00]] sul
touch screen.","Cuando un enemigo abra fuego
contra ti, escribe [[U+000E]][[U+0000]][[U+0003]][[U+0004]]ÿ[[U+FF00]]las letras que
dispare[[U+000E]][[U+0000]][[U+0003]][[U+0004]][[U+0000]][[U+FF00]].","When the enemies fire letter
bullets at you, [[U+000E]][[U+0000]][[U+0003]][[U+0004]]ÿ[[U+FF00]]write the letter[[U+000E]][[U+0000]][[U+0003]][[U+0004]][[U+0000]][[U+FF00]]
to destroy them.","Faites attention aux [[U+000E]][[U+0000]][[U+0003]][[U+0004]]ÿ[[U+FF00]]lettres[[U+000E]][[U+0000]][[U+0003]][[U+0004]][[U+0000]][[U+FF00]] que
les ennemis vous envoient :
[[U+000E]][[U+0000]][[U+0003]][[U+0004]]ÿ[[U+FF00]]écrivez-les[[U+000E]][[U+0000]][[U+0003]][[U+0004]][[U+0000]][[U+FF00]] pour les détruire
également!","Cuando un enemigo abra fuego
contra ti, escribe [[U+000E]][[U+0000]][[U+0003]][[U+0004]]ÿ[[U+FF00]]las letras que
dispare[[U+000E]][[U+0000]][[U+0003]][[U+0004]][[U+0000]][[U+FF00]].","Düşmanlar sana harf mermileri
ateşlediğinde, onları yok etmek
için [[U+000E]][[U+0000]][[U+0003]][[U+0004]]ÿ[[U+FF00]]harfi yaz[[U+000E]][[U+0000]][[U+0003]][[U+0004]][[U+0000]][[U+FF00]]."
Nou_ExplainClassic_Watch1,98,Nou_ExplainClassic_Watch1,"Bepaal het [[U+000E]][[U+0000]][[U+0003]][[U+0004]]ÿ[[U+FF00]]tijdsverschil [[U+000E]][[U+0000]][[U+0003]][[U+0004]][[U+0000]][[U+FF00]]tussen
de linker- en de rechterklok.","Tell me [[U+000E]][[U+0000]][[U+0003]][[U+0004]]ÿ[[U+FF00]]how much time has
passed [[U+000E]][[U+0000]][[U+0003]][[U+0004]][[U+0000]][[U+FF00]]between the left and
right clocks.","Calculez le [[U+000E]][[U+0000]][[U+0003]][[U+0004]]ÿ[[U+FF00]]temps écoulé [[U+000E]][[U+0000]][[U+0003]][[U+0004]][[U+0000]][[U+FF00]]entre
l'horloge de gauche et l'horloge de
droite.","Wie groß ist der [[U+000E]][[U+0000]][[U+0003]][[U+0004]]ÿ[[U+FF00]]Unterschied[[U+000E]][[U+0000]][[U+0003]][[U+0004]][[U+0000]][[U+FF00]]
zwischen linker und rechter Zeit?
Bitte geben Sie den Wert ein!","[[U+000E]][[U+0000]][[U+0003]][[U+0004]]ÿ[[U+FF00]]Quanta differenza di
tempo [[U+000E]][[U+0000]][[U+0003]][[U+0004]][[U+0000]][[U+FF00]]c'è fra gli
orari indicati
dai due orologi?","Dime [[U+000E]][[U+0000]][[U+0003]][[U+0004]]ÿ[[U+FF00]]cuánto tiempo ha
transcurrido [[U+000E]][[U+0000]][[U+0003]][[U+0004]][[U+0000]][[U+FF00]]entre las horas
que marcan los relojes izquierdo
y derecho.","Tell me [[U+000E]][[U+0000]][[U+0003]][[U+0004]]ÿ[[U+FF00]]how much time has
passed [[U+000E]][[U+0000]][[U+0003]][[U+0004]][[U+0000]][[U+FF00]]between the left and
right clocks.","Calculez le [[U+000E]][[U+0000]][[U+0003]][[U+0004]]ÿ[[U+FF00]]temps écoulé [[U+000E]][[U+0000]][[U+0003]][[U+0004]][[U+0000]][[U+FF00]]entre
l'horloge de gauche et l'horloge
de droite.","Dime [[U+000E]][[U+0000]][[U+0003]][[U+0004]]ÿ[[U+FF00]]cuánto tiempo ha
transcurrido [[U+000E]][[U+0000]][[U+0003]][[U+0004]][[U+0000]][[U+FF00]]entre las horas
que marcan los relojes izquierdo
y derecho.","Soldaki ve sağdaki saatler
arasında [[U+000E]][[U+0000]][[U+0003]][[U+0004]]ÿ[[U+FF00]]ne kadar süre
geçtiğini[[U+000E]][[U+0000]][[U+0003]][[U+0004]][[U+0000]][[U+FF00]] söyle."
Nou_ExplainClassic_BtnTrain0,99,Nou_ExplainClassic_BtnTrain0,,,,,,,,,,
Nou_ExplainClassic_BtnTrain1,100,Nou_ExplainClassic_BtnTrain1,,,,,,,,,,
Nou_ExplainClassic_BtnTrain2,101,Nou_ExplainClassic_BtnTrain2,,,,,,,,,,
Nou_ExplainClassic_BtnTrain3,102,Nou_ExplainClassic_BtnTrain3,,,,,,,,,,
Nou_ExplainClassic_BtnTrain4,103,Nou_ExplainClassic_BtnTrain4,,,,,,,,,,
Nou_ExplainClassic_BtnTrain5,104,Nou_ExplainClassic_BtnTrain5,,,,,,,,,,
Nou_ExplainClassic_BtnTrain6,105,Nou_ExplainClassic_BtnTrain6,,,,,,,,,,
Nou_ExplainClassic_BtnTrain7,106,Nou_ExplainClassic_BtnTrain7,,,,,,,,,,
Nou_ExplainClassic_BtnTrain8,107,Nou_ExplainClassic_BtnTrain8,,,,,,,,,,
Nou_ExplainClassic_BtnTrain9,108,Nou_ExplainClassic_BtnTrain9,,,,,,,,,,
Nou_ExplainClassic_BtnTrain10,109,Nou_ExplainClassic_BtnTrain10,,,,,,,,,,
Nou_ExplainClassic_BtnTrain11,110,Nou_ExplainClassic_BtnTrain11,,,,,,,,,,
Nou_ExplainClassic_BtnTrain12,111,Nou_ExplainClassic_BtnTrain12,,,,,,,,,,
Nou_ExplainClassic_BtnTrain13,112,Nou_ExplainClassic_BtnTrain13,,,,,,,,,,
Nou_ExplainClassic_BtnTrain14,113,Nou_ExplainClassic_BtnTrain14,,,,,,,,,,
Nou_ExplainClassic_BtnTrain15,114,Nou_ExplainClassic_BtnTrain15,,,,,,,,,,
Nou_ExplainClassic_BtnTrain16,115,Nou_ExplainClassic_BtnTrain16,Laag naar hoog,Low to High,Mémoire,Merken,Memoria lampo,Retentiva,Low to High,Mémoire,Retentiva,Artan Sıra
Nou_ReadyClassic,116,Nou_ReadyClassic,,,,,,,,,,
Nou_ReadyClassic_TrnStart,117,Nou_ReadyClassic_TrnStart,Begin training,Begin Training,"Commencer
l'exercice",Training Start,"Allenamento
VIA!",Empezar ejercicio,Begin Training,"Commencer
l'exercice",Empezar ejercicio,Antrenmana Başla
Nou_ReadyClassic_Explain,118,Nou_ReadyClassic_Explain,,,,,,,,,,
Nou_ReadyClassic_TrnRetest,119,Nou_ReadyClassic_TrnRetest,Test overdoen,Repeat Test,,Wiederholen,Riprova,Repetir ejercicio,Repeat Test,Répéter,Repetir ejercicio,Testi Tekrarla
Nou_ReadyClassic_Normal,120,Nou_ReadyClassic_Normal,Normaal,Normal,Normal,Mittel,Normale,Normal,Normal,Normal,Normal,Normal
Nou_ReadyClassic_Difficult,121,Nou_ReadyClassic_Difficult,,,,,,,,,,
Nou_ReadyClassic_Retest,122,Nou_ReadyClassic_Retest,Test overdoen,Repeat Test,Répéter,Wiederholen,Riprova,Repetir ejercicio,Repeat Test,Répéter,Repetir ejercicio,Testi Tekrarla
Nou_ReadyClassic_VoiceOK,123,Nou_ReadyClassic_VoiceOK,,,,,,,,,,
Nou_ReadyClassic_VoiceNG,124,Nou_ReadyClassic_VoiceNG,,,,,,,,,,
Nou_ReadyClassic_Select,125,Nou_ReadyClassic_Select,Muziek kiezen,Select Song,Choisir le morceau,Stück auswählen,Seleziona il brano,Seleccionar canción,Select Song,Choisir le morceau,Seleccionar canción,Şarkı Seç
Nou_ReadyClassic_BtnBack,126,Nou_ReadyClassic_BtnBack,Terug,Back,Retour,Zurück,Indietro,Atrás,Back,Retour,Atrás,Geri
Nou_ReadyClassic_BtnNext,127,Nou_ReadyClassic_BtnNext,Volgende,Next,Suite,Weiter,Avanti,Seguir,Next,Suite,Seguir,Sonraki
Nou_ReadyClassic_BtnRead,128,Nou_ReadyClassic_BtnRead,,,,,,,,,,
Nou_ReadyClassic_BtnFight,129,Nou_ReadyClassic_BtnFight,,,,,,,,,,
Nou_ReadyClassic_BtnSpace,130,Nou_ReadyClassic_BtnSpace,,,,,,,,,,
Nou_ReadyClassic_BtnTrain0,131,Nou_ReadyClassic_BtnTrain0,Woorden uitroeien,Word Buster,Mots explosifs,Wortrallye,Parole a scoppio,Palabras fugaces,Word Attack,Mots explosifs,Palabras fugaces,Kelime Patlatma
Nou_ReadyClassic_BtnTrain1,132,Nou_ReadyClassic_BtnTrain1,Twee keer zoeken,Multiple Search,Multiples,Multiplikator,Ricerca multipla,Buscamúltiplo,By the Numbers,Multiples,Buscamúltiplo,Kat Avı
Nou_ReadyClassic_BtnTrain2,133,Nou_ReadyClassic_BtnTrain2,Sommenstrijd,Addition Battle,Baston d'additions,Abwehrrechnung,Somme all'attacco,"El ataque
de las sumas",Sum Totaled: Battle,Bataille d'additions,"El ataque
de las sumas",Toplama Savaşı
Nou_ReadyClassic_BtnTrain3,134,Nou_ReadyClassic_BtnTrain3,,,,,,,,,,
Nou_ReadyClassic_BtnTrain4,135,Nou_ReadyClassic_BtnTrain4,,,,,,,,,,
Nou_ReadyClassic_BtnTrain5,136,Nou_ReadyClassic_BtnTrain5,,,,,,,,,,
Nou_ReadyClassic_BtnTrain6,137,Nou_ReadyClassic_BtnTrain6,,,,,,,,,,
Nou_ReadyClassic_BtnTrain7,138,Nou_ReadyClassic_BtnTrain7,,,,,,,,,,
Nou_ReadyClassic_BtnTrain8,139,Nou_ReadyClassic_BtnTrain8,,,,,,,,,,
Nou_ReadyClassic_BtnTrain9,140,Nou_ReadyClassic_BtnTrain9,,,,,,,,,,
Nou_ReadyClassic_BtnTrain10,141,Nou_ReadyClassic_BtnTrain10,,,,,,,,,,
Nou_ReadyClassic_BtnTrain11,142,Nou_ReadyClassic_BtnTrain11,,,,,,,,,,
Nou_ReadyClassic_BtnTrain12,143,Nou_ReadyClassic_BtnTrain12,,,,,,,,,,
Nou_ReadyClassic_BtnTrain13,144,Nou_ReadyClassic_BtnTrain13,,,,,,,,,,
Nou_ReadyClassic_BtnTrain14,145,Nou_ReadyClassic_BtnTrain14,,,,,,,,,,
Nou_ReadyClassic_BtnTrain15,146,Nou_ReadyClassic_BtnTrain15,,,,,,,,,,
Nou_ReadyClassic_BtnTrain16,147,Nou_ReadyClassic_BtnTrain16,,,,,,,,,,
Nou_ReadyClassic_BtnTrain17,148,Nou_ReadyClassic_BtnTrain17,,,,,,,,,,
Nou_ReadyClassic_BtnTrain18,149,Nou_ReadyClassic_BtnTrain18,,,,,,,,,,
Nou_ReadyClassic_KawashimaMes_Already,150,Nou_ReadyClassic_KawashimaMes_Already,"Ik heb je resultaten voor deze
training vandaag [[U+000E]][[U+0000]][[U+0003]][[U+0004]]ÿ[[U+FF00]]al opgeslagen[[U+000E]][[U+0000]][[U+0003]][[U+0004]][[U+0000]][[U+FF00]]!
Zorg dat je alle trainingen doet,
niet alleen deze!","I have [[U+000E]][[U+0000]][[U+0003]][[U+0004]]ÿ[[U+FF00]]already recorded [[U+000E]][[U+0000]][[U+0003]][[U+0004]][[U+0000]][[U+FF00]]your
results for this exercise today!

Remember to train evenly in all
the exercises, not just this one!","Vous avez [[U+000E]][[U+0000]][[U+0003]][[U+0004]]ÿ[[U+FF00]]déjà terminé [[U+000E]][[U+0000]][[U+0003]][[U+0004]][[U+0000]][[U+FF00]]cet
exercice aujourd'hui. Essayez de
varier les plaisirs !","Ich habe Ihre Ergebnisse
für diese Übung [[U+000E]][[U+0000]][[U+0003]][[U+0004]]ÿ[[U+FF00]]bereits
aufgezeichnet[[U+000E]][[U+0000]][[U+0003]][[U+0004]][[U+0000]][[U+FF00]].
Wie wäre es mit einem
anderen Training?","Oggi [[U+000E]][[U+0000]][[U+0003]][[U+0004]]ÿ[[U+FF00]]hai già registrato [[U+000E]][[U+0000]][[U+0003]][[U+0004]][[U+0000]][[U+FF00]]i dati
di questo allenamento.
Cerca di provare tutti gli
allenamenti e di non
fossilizzarti solo su alcuni!","¡Hoy ya has [[U+000E]][[U+0000]][[U+0003]][[U+0004]]ÿ[[U+FF00]]completado
esta práctica[[U+000E]][[U+0000]][[U+0003]][[U+0004]][[U+0000]][[U+FF00]]!
Acuérdate de repasar todos
los ejercicios, ¡no solo este!","I've [[U+000E]][[U+0000]][[U+0003]][[U+0004]]ÿ[[U+FF00]]already recorded [[U+000E]][[U+0000]][[U+0003]][[U+0004]][[U+0000]][[U+FF00]]your
results for this exercise today!
Remember to balance your
training across all the
exercises—not just this one!","Vous avez [[U+000E]][[U+0000]][[U+0003]][[U+0004]]ÿ[[U+FF00]]déjà terminé [[U+000E]][[U+0000]][[U+0003]][[U+0004]][[U+0000]][[U+FF00]]cet
exercice aujourd'hui. Essayez
de varier les exercices!","¡Hoy ya has [[U+000E]][[U+0000]][[U+0003]][[U+0004]]ÿ[[U+FF00]]completado
esta práctica[[U+000E]][[U+0000]][[U+0003]][[U+0004]][[U+0000]][[U+FF00]]!
Acuérdate de repasar todos
los ejercicios, ¡no solo este!","Bu alıştırmadaki sonuçlarını
bugün için [[U+000E]][[U+0000]][[U+0003]][[U+0004]]ÿ[[U+FF00]]zaten kaydettim[[U+000E]][[U+0000]][[U+0003]][[U+0004]][[U+0000]][[U+FF00]]!
 Sadece bu alıştırmaya değil, tüm
alıştırmalara dengeli şekilde
çalışmayı unutma!"
Nou_ReadyClassic_KawashimaMes_Piano,151,Nou_ReadyClassic_KawashimaMes_Piano,"Hier is de muziek van vandaag
voor [[U+000E]][[U+0000]][[U+0003]][[U+0004]]ÿ[[U+FF00]]Meesterwerk spelen[[U+000E]][[U+0000]][[U+0003]][[U+0004]][[U+0000]][[U+FF00]].","Here's the piece for today's
[[U+000E]][[U+0000]][[U+0003]][[U+0004]]ÿ[[U+FF00]]Masterpiece Recital[[U+000E]][[U+0000]][[U+0003]][[U+0004]][[U+0000]][[U+FF00]].","Voici le morceau du jour pour
[[U+000E]][[U+0000]][[U+0003]][[U+0004]]ÿ[[U+FF00]]« mélomane »[[U+000E]][[U+0000]][[U+0003]][[U+0004]][[U+0000]][[U+FF00]].","[[U+000E]][[U+0000]][[U+0003]][[U+0004]]ÿ[[U+FF00]]Pianospieler[[U+000E]][[U+0000]][[U+0003]][[U+0004]][[U+0000]][[U+FF00]]
Das heutige Stück klingt so...","[[U+000E]][[U+0000]][[U+0003]][[U+0004]]ÿ[[U+FF00]]Melodie[[U+000E]][[U+0000]][[U+0003]][[U+0004]][[U+0000]][[U+FF00]].
Questo è il
brano di oggi.[[U+000E]][[U+0000]][[U+0003]][[U+0004]]ÿ[[U+FF00]][[U+000E]][[U+0000]][[U+0003]][[U+0004]][[U+0000]][[U+FF00]]","Hoy disfrutaremos de esta genial
pieza en [[U+000E]][[U+0000]][[U+0003]][[U+0004]]ÿ[[U+FF00]]Recital musical[[U+000E]][[U+0000]][[U+0003]][[U+0004]][[U+0000]][[U+FF00]].","Here's the [[U+000E]][[U+0000]][[U+0003]][[U+0004]]ÿ[[U+FF00]]Piano Player
[[U+000E]][[U+0000]][[U+0003]][[U+0004]][[U+0000]][[U+FF00]]piece for today.","Voici le morceau du jour pour
[[U+000E]][[U+0000]][[U+0003]][[U+0004]]ÿ[[U+FF00]]Mélomane[[U+000E]][[U+0000]][[U+0003]][[U+0004]][[U+0000]][[U+FF00]].","Hoy disfrutaremos de esta genial
pieza en [[U+000E]][[U+0000]][[U+0003]][[U+0004]]ÿ[[U+FF00]]Recital musical[[U+000E]][[U+0000]][[U+0003]][[U+0004]][[U+0000]][[U+FF00]].","Bugünkü [[U+000E]][[U+0000]][[U+0003]][[U+0004]]ÿ[[U+FF00]]Başyapıt Resitali[[U+000E]][[U+0000]][[U+0003]][[U+0004]][[U+0000]][[U+FF00]] için
eser burada."
Nou_ReadyClassic_KawashimaMes_Stroop,152,Nou_ReadyClassic_KawashimaMes_Stroop,,,,,,,,,,
Nou_ReadyClassic_KawashimaMes_KanjiRe,153,Nou_ReadyClassic_KawashimaMes_KanjiRe,"Verhoog je [[U+000E]][[U+0000]][[U+0003]][[U+0004]]ÿ[[U+FF00]]gemiddeld [[U+000E]][[U+0000]][[U+0003]][[U+0004]][[U+0000]][[U+FF00]]aantal [[U+000E]][[U+0000]][[U+0003]][[U+0004]]ÿ[[U+FF00]]juiste
antwoorden [[U+000E]][[U+0000]][[U+0003]][[U+0004]][[U+0000]][[U+FF00]]door vragen die je
fout had, [[U+000E]][[U+0000]][[U+0003]][[U+0004]]ÿ[[U+FF00]]opnieuw te proberen[[U+000E]][[U+0000]][[U+0003]][[U+0004]][[U+0000]][[U+FF00]].","Raise your correct [[U+000E]][[U+0000]][[U+0003]][[U+0004]]ÿ[[U+FF00]]answer
average [[U+000E]][[U+0000]][[U+0003]][[U+0004]][[U+0000]][[U+FF00]]by [[U+000E]][[U+0000]][[U+0003]][[U+0004]]ÿ[[U+FF00]]re-trying[[U+000E]][[U+0000]][[U+0003]][[U+0004]][[U+0000]][[U+FF00]] questions
you got wrong.",,"Falsch beantwortete Fragen
können Sie [[U+000E]][[U+0000]][[U+0003]][[U+0004]]ÿ[[U+FF00]]wiederholen[[U+000E]][[U+0000]][[U+0003]][[U+0004]][[U+0000]][[U+FF00]].
Richtige Antworten beeinflussen
das [[U+000E]][[U+0000]][[U+0003]][[U+0004]]ÿ[[U+FF00]]Endergebnis[[U+000E]][[U+0000]][[U+0003]][[U+0004]][[U+0000]][[U+FF00]] positiv.","Se vuoi alzare la
[[U+000E]][[U+0000]][[U+0003]][[U+0004]]ÿ[[U+FF00]]percentuale di risposte
esatte[[U+000E]][[U+0000]][[U+0003]][[U+0004]][[U+0000]][[U+FF00]], [[U+000E]][[U+0000]][[U+0003]][[U+0004]]ÿ[[U+FF00]]riprova i quesiti
[[U+000E]][[U+0000]][[U+0003]][[U+0004]][[U+0000]][[U+FF00]]che hai sbagliato.","Prueba a [[U+000E]][[U+0000]][[U+0003]][[U+0004]]ÿ[[U+FF00]]repasar [[U+000E]][[U+0000]][[U+0003]][[U+0004]][[U+0000]][[U+FF00]]las preguntas
falladas para aumentar tu [[U+000E]][[U+0000]][[U+0003]][[U+0004]]ÿ[[U+FF00]]tasa
de aciertos[[U+000E]][[U+0000]][[U+0003]][[U+0004]][[U+0000]][[U+FF00]].","Raise your [[U+000E]][[U+0000]][[U+0003]][[U+0004]]ÿ[[U+FF00]]correct-[[U+000E]][[U+0000]][[U+0003]][[U+0004]][[U+0000]][[U+FF00]][[U+000E]][[U+0000]][[U+0003]][[U+0004]]ÿ[[U+FF00]][[U+000E]][[U+0000]][[U+0003]][[U+0004]]ÿ[[U+FF00]]answer[[U+000E]][[U+0000]][[U+0003]][[U+0004]]ÿ[[U+FF00]]
average [[U+000E]][[U+0000]][[U+0003]][[U+0004]][[U+0000]][[U+FF00]]by [[U+000E]][[U+0000]][[U+0003]][[U+0004]]ÿ[[U+FF00]]retrying[[U+000E]][[U+0000]][[U+0003]][[U+0004]][[U+0000]][[U+FF00]] questions
you got wrong.","Augmentez votre [[U+000E]][[U+0000]][[U+0003]][[U+0004]]ÿ[[U+FF00]]taux de bonnes
réponses[[U+000E]][[U+0000]][[U+0003]][[U+0004]][[U+0000]][[U+FF00]] en répondant [[U+000E]][[U+0000]][[U+0003]][[U+0004]]ÿ[[U+FF00]]à nouveau[[U+000E]][[U+0000]][[U+0003]][[U+0004]][[U+0000]][[U+FF00]]
aux questions non réussies.","Prueba a [[U+000E]][[U+0000]][[U+0003]][[U+0004]]ÿ[[U+FF00]]repasar [[U+000E]][[U+0000]][[U+0003]][[U+0004]][[U+0000]][[U+FF00]]las preguntas
falladas para aumentar tu [[U+000E]][[U+0000]][[U+0003]][[U+0004]]ÿ[[U+FF00]]tasa
de aciertos[[U+000E]][[U+0000]][[U+0003]][[U+0004]][[U+0000]][[U+FF00]].","Yanlış yaptığın soruları
[[U+000E]][[U+0000]][[U+0003]][[U+0004]]ÿ[[U+FF00]]yeniden deneyerek[[U+000E]][[U+0000]][[U+0003]][[U+0004]][[U+0000]][[U+FF00]] doğru
cevap [[U+000E]][[U+0000]][[U+0003]][[U+0004]]ÿ[[U+FF00]]ortalamanı[[U+000E]][[U+0000]][[U+0003]][[U+0004]][[U+0000]][[U+FF00]] yükselt."
Nou_ReadyClassic_KawashimaMes_Trn0,154,Nou_ReadyClassic_KawashimaMes_Trn0,,,,,,,,,,
Nou_ReadyClassic_KawashimaMes_Trn1,155,Nou_ReadyClassic_KawashimaMes_Trn1,,,,,,,,,,
Nou_ReadyClassic_KawashimaMes_Trn2,156,Nou_ReadyClassic_KawashimaMes_Trn2,,,,,,,,,,
Nou_ReadyClassic_KawashimaMes_Trn3,157,Nou_ReadyClassic_KawashimaMes_Trn3,,,,,,,,,,
Nou_ReadyClassic_KawashimaMes_Trn4,158,Nou_ReadyClassic_KawashimaMes_Trn4,,,,,,,,,,
Nou_ReadyClassic_KawashimaMes_Trn5,159,Nou_ReadyClassic_KawashimaMes_Trn5,,,,,,,,,,
Nou_ReadyClassic_KawashimaMes_Trn6,160,Nou_ReadyClassic_KawashimaMes_Trn6,,,,,,,,,,
Nou_ReadyClassic_KawashimaMes_Trn7,161,Nou_ReadyClassic_KawashimaMes_Trn7,,,,,,,,,,
Nou_ReadyClassic_KawashimaMes_Trn8,162,Nou_ReadyClassic_KawashimaMes_Trn8,,,,,,,,,,
Nou_ReadyClassic_KawashimaMes_Trn9,163,Nou_ReadyClassic_KawashimaMes_Trn9,,,,,,,,,,
Nou_ReadyClassic_KawashimaMes_Trn10,164,Nou_ReadyClassic_KawashimaMes_Trn10,,,,,,,,,,
Nou_ReadyClassic_KawashimaMes_Trn11,165,Nou_ReadyClassic_KawashimaMes_Trn11,,,,,,,,,,
Nou_ReadyClassic_KawashimaMes_Trn12,166,Nou_ReadyClassic_KawashimaMes_Trn12,,,,,,,,,,
Nou_ReadyClassic_KawashimaMes_Trn13,167,Nou_ReadyClassic_KawashimaMes_Trn13,,,,,,,,,,
Nou_ReadyClassic_KawashimaMes_Trn14,168,Nou_ReadyClassic_KawashimaMes_Trn14,,,,,,,,,,
Nou_ReadyClassic_KawashimaMes_Trn15,169,Nou_ReadyClassic_KawashimaMes_Trn15,,,,,,,,,,
Nou_ReadyClassic_KawashimaMes_Trn16,170,Nou_ReadyClassic_KawashimaMes_Trn16,,,,,,,,,,
Nou_ReadyClassic_KawashimaMes_Trn17,171,Nou_ReadyClassic_KawashimaMes_Trn17,,,,,,,,,,
Nou_ReadyClassic_KawashimaMes_Trn18,172,Nou_ReadyClassic_KawashimaMes_Trn18,,,,,,,,,,
Nou_ReadyClassic_KawashimaRetestOnly,173,Nou_ReadyClassic_KawashimaRetestOnly,"Verhoog je [[U+000E]][[U+0000]][[U+0003]][[U+0004]]ÿ[[U+FF00]]gemiddeld [[U+000E]][[U+0000]][[U+0003]][[U+0004]][[U+0000]][[U+FF00]]aantal [[U+000E]][[U+0000]][[U+0003]][[U+0004]]ÿ[[U+FF00]]juiste
antwoorden [[U+000E]][[U+0000]][[U+0003]][[U+0004]][[U+0000]][[U+FF00]]door vragen die je
fout had, [[U+000E]][[U+0000]][[U+0003]][[U+0004]]ÿ[[U+FF00]]opnieuw te proberen[[U+000E]][[U+0000]][[U+0003]][[U+0004]][[U+0000]][[U+FF00]].","Raise your correct [[U+000E]][[U+0000]][[U+0003]][[U+0004]]ÿ[[U+FF00]]answer
average [[U+000E]][[U+0000]][[U+0003]][[U+0004]][[U+0000]][[U+FF00]]by [[U+000E]][[U+0000]][[U+0003]][[U+0004]]ÿ[[U+FF00]]re-trying[[U+000E]][[U+0000]][[U+0003]][[U+0004]][[U+0000]][[U+FF00]] questions
you got wrong.",,"Falsch beantwortete Fragen
können Sie [[U+000E]][[U+0000]][[U+0003]][[U+0004]]ÿ[[U+FF00]]wiederholen[[U+000E]][[U+0000]][[U+0003]][[U+0004]][[U+0000]][[U+FF00]].
Richtige Antworten beeinflussen
das [[U+000E]][[U+0000]][[U+0003]][[U+0004]]ÿ[[U+FF00]]Endergebnis[[U+000E]][[U+0000]][[U+0003]][[U+0004]][[U+0000]][[U+FF00]] positiv.","Se vuoi aumentare la
[[U+000E]][[U+0000]][[U+0003]][[U+0004]]ÿ[[U+FF00]]percentuale di risposte
esatte[[U+000E]][[U+0000]][[U+0003]][[U+0004]][[U+0000]][[U+FF00]], [[U+000E]][[U+0000]][[U+0003]][[U+0004]]ÿ[[U+FF00]]riprova i quesiti
[[U+000E]][[U+0000]][[U+0003]][[U+0004]][[U+0000]][[U+FF00]]che hai sbagliato.","Prueba a [[U+000E]][[U+0000]][[U+0003]][[U+0004]]ÿ[[U+FF00]]repasar [[U+000E]][[U+0000]][[U+0003]][[U+0004]][[U+0000]][[U+FF00]]las preguntas
falladas para aumentar tu [[U+000E]][[U+0000]][[U+0003]][[U+0004]]ÿ[[U+FF00]]tasa
de aciertos[[U+000E]][[U+0000]][[U+0003]][[U+0004]][[U+0000]][[U+FF00]].","Raise your [[U+000E]][[U+0000]][[U+0003]][[U+0004]]ÿ[[U+FF00]]correct-[[U+000E]][[U+0000]][[U+0003]][[U+0004]][[U+0000]][[U+FF00]][[U+000E]][[U+0000]][[U+0003]][[U+0004]]ÿ[[U+FF00]][[U+000E]][[U+0000]][[U+0003]][[U+0004]]ÿ[[U+FF00]]answer[[U+000E]][[U+0000]][[U+0003]][[U+0004]]ÿ[[U+FF00]]
average [[U+000E]][[U+0000]][[U+0003]][[U+0004]][[U+0000]][[U+FF00]]by [[U+000E]][[U+0000]][[U+0003]][[U+0004]]ÿ[[U+FF00]]retrying[[U+000E]][[U+0000]][[U+0003]][[U+0004]][[U+0000]][[U+FF00]] questions
you got wrong.","Augmentez votre [[U+000E]][[U+0000]][[U+0003]][[U+0004]]ÿ[[U+FF00]]taux de bonnes
réponses[[U+000E]][[U+0000]][[U+0003]][[U+0004]][[U+0000]][[U+FF00]] en répondant [[U+000E]][[U+0000]][[U+0003]][[U+0004]]ÿ[[U+FF00]]à nouveau[[U+000E]][[U+0000]][[U+0003]][[U+0004]][[U+0000]][[U+FF00]]
aux questions non réussies.","Prueba a [[U+000E]][[U+0000]][[U+0003]][[U+0004]]ÿ[[U+FF00]]repasar [[U+000E]][[U+0000]][[U+0003]][[U+0004]][[U+0000]][[U+FF00]]las preguntas
falladas para aumentar tu [[U+000E]][[U+0000]][[U+0003]][[U+0004]]ÿ[[U+FF00]]tasa
de aciertos[[U+000E]][[U+0000]][[U+0003]][[U+0004]][[U+0000]][[U+FF00]].","Yanlış yaptığın soruları
[[U+000E]][[U+0000]][[U+0003]][[U+0004]]ÿ[[U+FF00]]yeniden deneyerek[[U+000E]][[U+0000]][[U+0003]][[U+0004]][[U+0000]][[U+FF00]] doğru
cevap [[U+000E]][[U+0000]][[U+0003]][[U+0004]]ÿ[[U+FF00]]ortalamanı[[U+000E]][[U+0000]][[U+0003]][[U+0004]][[U+0000]][[U+FF00]] yükselt."
Nou_ReadyClassic_KakitoriNotRetest,174,Nou_ReadyClassic_KakitoriNotRetest,"Je kunt een test maar
[[U+000E]][[U+0000]][[U+0003]][[U+0004]]ÿ[[U+FF00]]eenmaal per dag[[U+000E]][[U+0000]][[U+0003]][[U+0004]][[U+0000]][[U+FF00]] overdoen.","You can only retry a test [[U+000E]][[U+0000]][[U+0003]][[U+0004]]ÿ[[U+FF00]]once
per day[[U+000E]][[U+0000]][[U+0003]][[U+0004]][[U+0000]][[U+FF00]].",,"Sie können den Test pro
Training nur [[U+000E]][[U+0000]][[U+0003]][[U+0004]]ÿ[[U+FF00]]1-mal täglich[[U+000E]][[U+0000]][[U+0003]][[U+0004]][[U+0000]][[U+FF00]]
wiederholen.","Puoi riprovare
i quesiti soltanto
[[U+000E]][[U+0000]][[U+0003]][[U+0004]]ÿ[[U+FF00]]una volta al giorno[[U+000E]][[U+0000]][[U+0003]][[U+0004]][[U+0000]][[U+FF00]].","Solo puedes hacer
[[U+000E]][[U+0000]][[U+0003]][[U+0004]]ÿ[[U+FF00]]un [[U+000E]][[U+0000]][[U+0003]][[U+0004]][[U+0000]][[U+FF00]]ejercicio de
repaso [[U+000E]][[U+0000]][[U+0003]][[U+0004]]ÿ[[U+FF00]]al día[[U+000E]][[U+0000]][[U+0003]][[U+0004]][[U+0000]][[U+FF00]].","You can only retry a test [[U+000E]][[U+0000]][[U+0003]][[U+0004]]ÿ[[U+FF00]]once
per day[[U+000E]][[U+0000]][[U+0003]][[U+0004]][[U+0000]][[U+FF00]].","Vous ne pouvez réessayer
un test qu'[[U+000E]][[U+0000]][[U+0003]][[U+0004]]ÿ[[U+FF00]]une fois par jour[[U+000E]][[U+0000]][[U+0003]][[U+0004]][[U+0000]][[U+FF00]].","Solo puedes hacer
[[U+000E]][[U+0000]][[U+0003]][[U+0004]]ÿ[[U+FF00]]un [[U+000E]][[U+0000]][[U+0003]][[U+0004]][[U+0000]][[U+FF00]]ejercicio de
repaso [[U+000E]][[U+0000]][[U+0003]][[U+0004]]ÿ[[U+FF00]]al día[[U+000E]][[U+0000]][[U+0003]][[U+0004]][[U+0000]][[U+FF00]].","Bir testi [[U+000E]][[U+0000]][[U+0003]][[U+0004]]ÿ[[U+FF00]]günde yalnızca bir
kez[[U+000E]][[U+0000]][[U+0003]][[U+0004]][[U+0000]][[U+FF00]] tekrar deneyebilirsin."
Nou_ReadyClassic_KakitoriComp,175,Nou_ReadyClassic_KakitoriComp,,,,,,,,,,
Nou_Result,176,Nou_Result,,,,,,,,,,
Nou_Result_title_1,177,Nou_Result_title_1,,,,,,,,,,
Nou_Result_title_2,178,Nou_Result_title_2,,,,,,,,,,
Nou_Result_title_3,179,Nou_Result_title_3,,,,,,,,,,
Nou_Result_title_4,180,Nou_Result_title_4,,,,,,,,,,
Nou_Result_title_5,181,Nou_Result_title_5,,,,,,,,,,
Nou_Result_title_6,182,Nou_Result_title_6,,,,,,,,,,
Nou_Result_title_7,183,Nou_Result_title_7,,,,,,,,,,
Nou_Result_title_8,184,Nou_Result_title_8,,,,,,,,,,
Nou_Result_title_9,185,Nou_Result_title_9,,,,,,,,,,
Nou_Result_title_10,186,Nou_Result_title_10,,,,,,,,,,
Nou_Result_title_11,187,Nou_Result_title_11,,,,,,,,,,
Nou_Result_title_12,188,Nou_Result_title_12,,,,,,,,,,
Nou_Result_title_13,189,Nou_Result_title_13,,,,,,,,,,
Nou_Result_button_1,190,Nou_Result_button_1,Volgende,Next,Suite,Weiter,Avanti,Seguir,Next,Suite,Seguir,Sonraki
Nou_Result_record,191,Nou_Result_record,,,,,,,,,,
Nou_Result_recordA_head_1,192,Nou_Result_recordA_head_1,Tijd,Time,Temps,Zeit,Tempo impiegato,Tiempo,Time,Temps,Tiempo,Süre
Nou_Result_recordA_head_2,193,Nou_Result_recordA_head_2,Foute noten,Wrong Notes,Erreurs,Fehler,Errori,Fallos,Wrong Notes,Erreurs,Fallos,Hatalı Nota
Nou_Result_recordA_head_3,194,Nou_Result_recordA_head_3,Goed,Correct,Rép. correctes,Richtig,Risposte esatte,Aciertos,Correct,Rép. correctes,Aciertos,Doğru
Nou_Result_recordA_head_4,195,Nou_Result_recordA_head_4,In één keer goed,Got it in one,Du premier coup,Auf Anhieb richtig,Al primo colpo,A la primera,Got it in one,Du premier coup,A la primera,Tek seferde bildin
Nou_Result_recordA_min,196,Nou_Result_recordA_min, min ,min,min,Min., min,min, min., min, min,dk
Nou_Result_recordA_sec,197,Nou_Result_recordA_sec,s   ,sec,s    ,Sek.,s,s   , sec., s    , s   ,sn
Nou_Result_recordA_on,198,Nou_Result_recordA_on,,Notes,notes,Noten,note,notas,Notes,notes,notas,Nota
Nou_Result_recordA_mon,199,Nou_Result_recordA_mon,V,Q,,Aufgaben,ris.,Problemas,Q,Prob.,Problemas,Q
Nou_Result_recordA_ten,200,Nou_Result_recordA_ten,pt., Pts, p,Pkt., p.,Puntos, pts., p,Puntos, Puan
Nou_Result_recordA_num,201,Nou_Result_recordA_num,,,,,,,,,,
Nou_Result_recordA_div,202,Nou_Result_recordA_div,/,/,/,/,/,de,/,/,de,/
Nou_Result_recordA_mul,203,Nou_Result_recordA_mul,x,x,x,x,x,x ,x,x,x ,x
Nou_Result_recordA_equal,204,Nou_Result_recordA_equal,=,=,=,=,=,= ,=,=,= ,=
Nou_Result_recordB_head_1,205,Nou_Result_recordB_head_1,Straftijd,Penalty,Pénalité,Strafzeit,Penalità,Penalización,Penalty,Pénalité,Penalización,Ceza
Nou_Result_recordB_miss,206,Nou_Result_recordB_miss,Gemist,Missed,Erreurs,Fehler,Errori,Fallos,Missed,Erreurs,Fallos,Kaçtı
Nou_Result_recordB_penalty,207,Nou_Result_recordB_penalty,Straftijd,Penalty,Pénalité,Strafzeit,Penalità,Penalización,Penalty,Pénalité,Penalización,Ceza
Nou_Result_recordC_head_1,208,Nou_Result_recordC_head_1,Resultaat,Result,Résultat,Ergebnis,Risultato,Resultado,Result,Résultat,Resultado,Sonuç
Nou_Result_recordC_head_2,209,Nou_Result_recordC_head_2,,,,,,,,,,
Nou_Result_recordC_head_3,210,Nou_Result_recordC_head_3,Nieuw record!,New Record!,Nouveau record !,Neuer Rekord!,Nuovo record,¡Nuevo récord!,New Record!,Nouveau record!,¡Nuevo récord!,Yeni Rekor!
Nou_Result_recordC_head_4,211,Nou_Result_recordC_head_4,Goede antwoorden: #,Correct: #,Réponses correctes,Richtig:,Risposte esatte,Aciertos: X,Correct: #,Réponses correctes,Aciertos: X,Doğru: #
Nou_Result_recordC_point_1,212,Nou_Result_recordC_point_1,[[U+000E]][[U+0000]][[U+0003]][[U+0004]]ÿ[[U+FF00]][[U+000E]][[U+0001]][[U+0000]][[U+0000]] [[U+000E]][[U+0000]][[U+0003]][[U+0004]][[U+0000]][[U+FF00]]pt.,[[U+000E]][[U+0000]][[U+0003]][[U+0004]]ÿ[[U+FF00]][[U+000E]][[U+0001]][[U+0000]][[U+0000]] [[U+000E]][[U+0000]][[U+0003]][[U+0004]][[U+0000]][[U+FF00]]Pts,[[U+000E]][[U+0000]][[U+0003]][[U+0004]]ÿ[[U+FF00]][[U+000E]][[U+0001]][[U+0000]][[U+0000]][[U+000E]][[U+0000]][[U+0003]][[U+0004]][[U+0000]][[U+FF00]] p,[[U+000E]][[U+0000]][[U+0003]][[U+0004]][[U+0000]][[U+FF00]]Punkte:[[U+000E]][[U+0000]][[U+0003]][[U+0004]][[U+0000]][[U+FF00]][[U+000E]][[U+0000]][[U+0003]][[U+0004]]ÿ[[U+FF00]][[U+000E]][[U+0001]][[U+0000]][[U+0000]][[U+000E]][[U+0000]][[U+0003]][[U+0004]][[U+0000]][[U+FF00]],[[U+000E]][[U+0000]][[U+0003]][[U+0004]]ÿ[[U+FF00]][[U+000E]][[U+0001]][[U+0000]][[U+0000]] [[U+000E]][[U+0000]][[U+0003]][[U+0004]][[U+0000]][[U+FF00]]p.,[[U+000E]][[U+0000]][[U+0003]][[U+0004]]ÿ[[U+FF00]][[U+000E]][[U+0001]][[U+0000]][[U+0000]] [[U+000E]][[U+0000]][[U+0003]][[U+0004]][[U+0000]][[U+FF00]]ptos.[[U+000E]][[U+0000]][[U+0003]][[U+0004]]ÿ[[U+FF00]][[U+000E]][[U+0000]][[U+0003]][[U+0004]][[U+0000]][[U+FF00]],[[U+000E]][[U+0000]][[U+0003]][[U+0004]]ÿ[[U+FF00]][[U+000E]][[U+0001]][[U+0000]][[U+0000]] [[U+000E]][[U+0000]][[U+0003]][[U+0004]][[U+0000]][[U+FF00]]pts.,[[U+000E]][[U+0000]][[U+0003]][[U+0004]]ÿ[[U+FF00]][[U+000E]][[U+0001]][[U+0000]][[U+0000]][[U+000E]][[U+0000]][[U+0003]][[U+0004]][[U+0000]][[U+FF00]] p,[[U+000E]][[U+0000]][[U+0003]][[U+0004]]ÿ[[U+FF00]][[U+000E]][[U+0001]][[U+0000]][[U+0000]] [[U+000E]][[U+0000]][[U+0003]][[U+0004]][[U+0000]][[U+FF00]]ptos.[[U+000E]][[U+0000]][[U+0003]][[U+0004]]ÿ[[U+FF00]][[U+000E]][[U+0000]][[U+0003]][[U+0004]][[U+0000]][[U+FF00]],[[U+000E]][[U+0000]][[U+0003]][[U+0004]]ÿ[[U+FF00]][[U+000E]][[U+0001]][[U+0000]][[U+0000]] [[U+000E]][[U+0000]][[U+0003]][[U+0004]][[U+0000]][[U+FF00]]Puan
Nou_Result_recordC_point_2,213,Nou_Result_recordC_point_2,Maximaal aantal punten,Full Points,Score maximum,Volle Punktzahl,Punteggio pieno,¡Puntuación máxima!,Perfect Score,Pointage maximum,¡Puntuación máxima!,Tam Puan
Nou_Result_recordC_time_1,214,Nou_Result_recordC_time_1,[[U+000E]][[U+0000]][[U+0003]][[U+0004]]ÿ[[U+FF00]][[U+000E]][[U+0001]][[U+0000]][[U+0000]] [[U+000E]][[U+0000]][[U+0003]][[U+0004]][[U+0000]][[U+FF00]]s,[[U+000E]][[U+0000]][[U+0003]][[U+0004]]ÿ[[U+FF00]][[U+000E]][[U+0001]][[U+0000]][[U+0000]][[U+000E]][[U+0000]][[U+0003]][[U+0004]][[U+0000]][[U+FF00]]sec,[[U+000E]][[U+0000]][[U+0003]][[U+0004]]ÿ[[U+FF00]][[U+000E]][[U+0001]][[U+0000]][[U+0000]] [[U+000E]][[U+0000]][[U+0003]][[U+0004]][[U+0000]][[U+FF00]]s,[[U+000E]][[U+0000]][[U+0003]][[U+0004]]ÿ[[U+FF00]][[U+000E]][[U+0001]][[U+0000]][[U+0000]][[U+000E]][[U+0000]][[U+0003]][[U+0004]][[U+0000]][[U+FF00]] Sek.,[[U+000E]][[U+0000]][[U+0003]][[U+0004]]ÿ[[U+FF00]][[U+000E]][[U+0001]][[U+0000]][[U+0000]] [[U+000E]][[U+0000]][[U+0003]][[U+0004]][[U+0000]][[U+FF00]]s,[[U+000E]][[U+0000]][[U+0003]][[U+0004]]ÿ[[U+FF00]][[U+000E]][[U+0001]][[U+0000]][[U+0000]] [[U+000E]][[U+0000]][[U+0003]][[U+0004]][[U+0000]][[U+FF00]]s[[U+000E]][[U+0000]][[U+0003]][[U+0004]]ÿ[[U+FF00]][[U+000E]][[U+0000]][[U+0003]][[U+0004]][[U+0000]][[U+FF00]],[[U+000E]][[U+0000]][[U+0003]][[U+0004]]ÿ[[U+FF00]][[U+000E]][[U+0001]][[U+0000]][[U+0000]][[U+000E]][[U+0000]][[U+0003]][[U+0004]][[U+0000]][[U+FF00]] sec.,[[U+000E]][[U+0000]][[U+0003]][[U+0004]]ÿ[[U+FF00]][[U+000E]][[U+0001]][[U+0000]][[U+0000]] [[U+000E]][[U+0000]][[U+0003]][[U+0004]][[U+0000]][[U+FF00]]s,[[U+000E]][[U+0000]][[U+0003]][[U+0004]]ÿ[[U+FF00]][[U+000E]][[U+0001]][[U+0000]][[U+0000]] [[U+000E]][[U+0000]][[U+0003]][[U+0004]][[U+0000]][[U+FF00]]s[[U+000E]][[U+0000]][[U+0003]][[U+0004]]ÿ[[U+FF00]][[U+000E]][[U+0000]][[U+0003]][[U+0004]][[U+0000]][[U+FF00]],[[U+000E]][[U+0000]][[U+0003]][[U+0004]]ÿ[[U+FF00]][[U+000E]][[U+0001]][[U+0000]][[U+0000]][[U+000E]][[U+0000]][[U+0003]][[U+0004]][[U+0000]][[U+FF00]]sn
Nou_Result_recordC_time_2,215,Nou_Result_recordC_time_2,[[U+000E]][[U+0000]][[U+0003]][[U+0004]]ÿ[[U+FF00]][[U+000E]][[U+0001]][[U+0001]][[U+0000]] [[U+000E]][[U+0000]][[U+0003]][[U+0004]][[U+0000]][[U+FF00]]min,[[U+000E]][[U+0000]][[U+0003]][[U+0004]]ÿ[[U+FF00]][[U+000E]][[U+0001]][[U+0001]][[U+0000]][[U+000E]][[U+0000]][[U+0003]][[U+0004]][[U+0000]][[U+FF00]]min,[[U+000E]][[U+0000]][[U+0003]][[U+0004]]ÿ[[U+FF00]][[U+000E]][[U+0001]][[U+0001]][[U+0000]] [[U+000E]][[U+0000]][[U+0003]][[U+0004]][[U+0000]][[U+FF00]]min,[[U+000E]][[U+0000]][[U+0003]][[U+0004]]ÿ[[U+FF00]][[U+000E]][[U+0001]][[U+0001]][[U+0000]][[U+000E]][[U+0000]][[U+0003]][[U+0004]][[U+0000]][[U+FF00]] Min.,[[U+000E]][[U+0000]][[U+0003]][[U+0004]]ÿ[[U+FF00]][[U+000E]][[U+0001]][[U+0001]][[U+0000]] [[U+000E]][[U+0000]][[U+0003]][[U+0004]][[U+0000]][[U+FF00]]min,[[U+000E]][[U+0000]][[U+0003]][[U+0004]]ÿ[[U+FF00]][[U+000E]][[U+0001]][[U+0001]][[U+0000]] [[U+000E]][[U+0000]][[U+0003]][[U+0004]][[U+0000]][[U+FF00]]min[[U+000E]][[U+0000]][[U+0003]][[U+0004]]ÿ[[U+FF00]][[U+000E]][[U+0000]][[U+0003]][[U+0004]][[U+0000]][[U+FF00]],[[U+000E]][[U+0000]][[U+0003]][[U+0004]]ÿ[[U+FF00]][[U+000E]][[U+0001]][[U+0001]][[U+0000]][[U+000E]][[U+0000]][[U+0003]][[U+0004]][[U+0000]][[U+FF00]] min.,[[U+000E]][[U+0000]][[U+0003]][[U+0004]]ÿ[[U+FF00]][[U+000E]][[U+0001]][[U+0001]][[U+0000]] [[U+000E]][[U+0000]][[U+0003]][[U+0004]][[U+0000]][[U+FF00]]min,[[U+000E]][[U+0000]][[U+0003]][[U+0004]]ÿ[[U+FF00]][[U+000E]][[U+0001]][[U+0001]][[U+0000]] [[U+000E]][[U+0000]][[U+0003]][[U+0004]][[U+0000]][[U+FF00]]min[[U+000E]][[U+0000]][[U+0003]][[U+0004]]ÿ[[U+FF00]][[U+000E]][[U+0000]][[U+0003]][[U+0004]][[U+0000]][[U+FF00]],[[U+000E]][[U+0000]][[U+0003]][[U+0004]]ÿ[[U+FF00]][[U+000E]][[U+0001]][[U+0001]][[U+0000]][[U+000E]][[U+0000]][[U+0003]][[U+0004]][[U+0000]][[U+FF00]]dk
Nou_Result_recordC_time_3,216,Nou_Result_recordC_time_3,[[U+000E]][[U+0000]][[U+0003]][[U+0004]]ÿ[[U+FF00]][[U+000E]][[U+0001]][[U+0001]][[U+0000]] [[U+000E]][[U+0000]][[U+0003]][[U+0004]][[U+0000]][[U+FF00]]min [[U+000E]][[U+0000]][[U+0003]][[U+0004]]ÿ[[U+FF00]][[U+000E]][[U+0001]][[U+0000]][[U+0000]] [[U+000E]][[U+0000]][[U+0003]][[U+0004]][[U+0000]][[U+FF00]]s,[[U+000E]][[U+0000]][[U+0003]][[U+0004]]ÿ[[U+FF00]][[U+000E]][[U+0001]][[U+0001]][[U+0000]][[U+000E]][[U+0000]][[U+0003]][[U+0004]][[U+0000]][[U+FF00]]min [[U+000E]][[U+0000]][[U+0003]][[U+0004]]ÿ[[U+FF00]][[U+000E]][[U+0001]][[U+0000]][[U+0000]][[U+000E]][[U+0000]][[U+0003]][[U+0004]][[U+0000]][[U+FF00]]sec,[[U+000E]][[U+0000]][[U+0003]][[U+0004]]ÿ[[U+FF00]][[U+000E]][[U+0001]][[U+0001]][[U+0000]][[U+000E]][[U+0000]][[U+0003]][[U+0004]][[U+0000]][[U+FF00]] min [[U+000E]][[U+0000]][[U+0003]][[U+0004]]ÿ[[U+FF00]][[U+000E]][[U+0001]][[U+0000]][[U+0000]][[U+000E]][[U+0000]][[U+0003]][[U+0004]][[U+0000]][[U+FF00]] s,[[U+000E]][[U+0000]][[U+0003]][[U+0004]]ÿ[[U+FF00]][[U+000E]][[U+0001]][[U+0001]][[U+0000]][[U+000E]][[U+0000]][[U+0003]][[U+0004]][[U+0000]][[U+FF00]] Min. [[U+000E]][[U+0000]][[U+0003]][[U+0004]]ÿ[[U+FF00]][[U+000E]][[U+0001]][[U+0000]][[U+0000]][[U+000E]][[U+0000]][[U+0003]][[U+0004]][[U+0000]][[U+FF00]] Sek.,[[U+000E]][[U+0000]][[U+0003]][[U+0004]]ÿ[[U+FF00]][[U+000E]][[U+0001]][[U+0001]][[U+0000]] [[U+000E]][[U+0000]][[U+0003]][[U+0004]][[U+0000]][[U+FF00]]min [[U+000E]][[U+0000]][[U+0003]][[U+0004]]ÿ[[U+FF00]][[U+000E]][[U+0001]][[U+0000]][[U+0000]] [[U+000E]][[U+0000]][[U+0003]][[U+0004]][[U+0000]][[U+FF00]]s,[[U+000E]][[U+0000]][[U+0003]][[U+0004]]ÿ[[U+FF00]][[U+000E]][[U+0001]][[U+0001]][[U+0000]] [[U+000E]][[U+0000]][[U+0003]][[U+0004]][[U+0000]][[U+FF00]]min [[U+000E]][[U+0000]][[U+0003]][[U+0004]]ÿ[[U+FF00]][[U+000E]][[U+0001]][[U+0000]][[U+0000]] [[U+000E]][[U+0000]][[U+0003]][[U+0004]][[U+0000]][[U+FF00]]s,[[U+000E]][[U+0000]][[U+0003]][[U+0004]]ÿ[[U+FF00]][[U+000E]][[U+0001]][[U+0001]][[U+0000]][[U+000E]][[U+0000]][[U+0003]][[U+0004]][[U+0000]][[U+FF00]] min. [[U+000E]][[U+0000]][[U+0003]][[U+0004]]ÿ[[U+FF00]][[U+000E]][[U+0001]][[U+0000]][[U+0000]][[U+000E]][[U+0000]][[U+0003]][[U+0004]][[U+0000]][[U+FF00]] sec.,[[U+000E]][[U+0000]][[U+0003]][[U+0004]]ÿ[[U+FF00]][[U+000E]][[U+0001]][[U+0001]][[U+0000]][[U+000E]][[U+0000]][[U+0003]][[U+0004]][[U+0000]][[U+FF00]] min [[U+000E]][[U+0000]][[U+0003]][[U+0004]]ÿ[[U+FF00]][[U+000E]][[U+0001]][[U+0000]][[U+0000]][[U+000E]][[U+0000]][[U+0003]][[U+0004]][[U+0000]][[U+FF00]] s,[[U+000E]][[U+0000]][[U+0003]][[U+0004]]ÿ[[U+FF00]][[U+000E]][[U+0001]][[U+0001]][[U+0000]] [[U+000E]][[U+0000]][[U+0003]][[U+0004]][[U+0000]][[U+FF00]]min [[U+000E]][[U+0000]][[U+0003]][[U+0004]]ÿ[[U+FF00]][[U+000E]][[U+0001]][[U+0000]][[U+0000]] [[U+000E]][[U+0000]][[U+0003]][[U+0004]][[U+0000]][[U+FF00]]s,[[U+000E]][[U+0000]][[U+0003]][[U+0004]]ÿ[[U+FF00]][[U+000E]][[U+0001]][[U+0001]][[U+0000]][[U+000E]][[U+0000]][[U+0003]][[U+0004]][[U+0000]][[U+FF00]]dk [[U+000E]][[U+0000]][[U+0003]][[U+0004]]ÿ[[U+FF00]][[U+000E]][[U+0001]][[U+0000]][[U+0000]][[U+000E]][[U+0000]][[U+0003]][[U+0004]][[U+0000]][[U+FF00]]sn
Nou_Result_recordC_num_1,217,Nou_Result_recordC_num_1,Allemaal gemist!,All missed!,Aucune bonne réponse,Nichts richtig!,Tutte sbagliate!,¡Ningún acierto!,All missed!,Aucune bonne réponse,¡Ningún acierto!,Hepsini kaçırdın!
Nou_Result_recordC_num_2,218,Nou_Result_recordC_num_2,[[U+000E]][[U+0000]][[U+0003]][[U+0004]]ÿ[[U+FF00]][[U+000E]][[U+0001]][[U+0000]][[U+0000]] [[U+000E]][[U+0000]][[U+0003]][[U+0004]][[U+0000]][[U+FF00]]goed,[[U+000E]][[U+0000]][[U+0003]][[U+0004]]ÿ[[U+FF00]][[U+000E]][[U+0001]][[U+0000]][[U+0000]] [[U+000E]][[U+0000]][[U+0003]][[U+0004]][[U+0000]][[U+FF00]]Correct,[[U+000E]][[U+0000]][[U+0003]][[U+0004]]ÿ[[U+FF00]][[U+000E]][[U+0001]][[U+0000]][[U+0000]][[U+000E]][[U+0000]][[U+0003]][[U+0004]][[U+0000]][[U+FF00]] bonnes réponses,[[U+000E]][[U+0000]][[U+0003]][[U+0004]]ÿ[[U+FF00]][[U+000E]][[U+0001]][[U+0000]][[U+0000]][[U+000E]][[U+0000]][[U+0003]][[U+0004]][[U+0000]][[U+FF00]] richtig!,Risposte esatte: [[U+000E]][[U+0000]][[U+0003]][[U+0004]]ÿ[[U+FF00]][[U+000E]][[U+0001]][[U+0000]][[U+0000]][[U+000E]][[U+0000]][[U+0003]][[U+0004]][[U+0000]][[U+FF00]],Aciertos: [[U+000E]][[U+0000]][[U+0003]][[U+0004]]ÿ[[U+FF00]][[U+000E]][[U+0001]][[U+0000]][[U+0000]][[U+000E]][[U+0000]][[U+0003]][[U+0004]][[U+0000]][[U+FF00]],[[U+000E]][[U+0000]][[U+0003]][[U+0004]]ÿ[[U+FF00]][[U+000E]][[U+0001]][[U+0000]][[U+0000]] [[U+000E]][[U+0000]][[U+0003]][[U+0004]][[U+0000]][[U+FF00]]Correct,[[U+000E]][[U+0000]][[U+0003]][[U+0004]]ÿ[[U+FF00]][[U+000E]][[U+0001]][[U+0000]][[U+0000]][[U+000E]][[U+0000]][[U+0003]][[U+0004]][[U+0000]][[U+FF00]] bonnes réponses,Aciertos: [[U+000E]][[U+0000]][[U+0003]][[U+0004]]ÿ[[U+FF00]][[U+000E]][[U+0001]][[U+0000]][[U+0000]][[U+000E]][[U+0000]][[U+0003]][[U+0004]][[U+0000]][[U+FF00]],[[U+000E]][[U+0000]][[U+0003]][[U+0004]]ÿ[[U+FF00]][[U+000E]][[U+0001]][[U+0000]][[U+0000]] [[U+000E]][[U+0000]][[U+0003]][[U+0004]][[U+0000]][[U+FF00]]Doğru
Nou_Result_recordC_num_3,219,Nou_Result_recordC_num_3,Alle [[U+000E]][[U+0000]][[U+0003]][[U+0004]]ÿ[[U+FF00]][[U+000E]][[U+0001]][[U+0000]][[U+0000]] [[U+000E]][[U+0000]][[U+0003]][[U+0004]][[U+0000]][[U+FF00]]goed!,Get All [[U+000E]][[U+0000]][[U+0003]][[U+0004]]ÿ[[U+FF00]][[U+000E]][[U+0001]][[U+0000]][[U+0000]] [[U+000E]][[U+0000]][[U+0003]][[U+0004]][[U+0000]][[U+FF00]]Correct,[[U+000E]][[U+0000]][[U+0003]][[U+0004]]ÿ[[U+FF00]][[U+000E]][[U+0001]][[U+0000]][[U+0000]][[U+000E]][[U+0000]][[U+0003]][[U+0004]][[U+0000]][[U+FF00]] bonnes réponses,Alle [[U+000E]][[U+0000]][[U+0003]][[U+0004]]ÿ[[U+FF00]][[U+000E]][[U+0001]][[U+0000]][[U+0000]][[U+000E]][[U+0000]][[U+0003]][[U+0004]][[U+0000]][[U+FF00]] richtig!,Tutte e [[U+000E]][[U+0000]][[U+0003]][[U+0004]]ÿ[[U+FF00]][[U+000E]][[U+0001]][[U+0000]][[U+0000]] [[U+000E]][[U+0000]][[U+0003]][[U+0004]][[U+0000]][[U+FF00]]esatte!,Consigue [[U+000E]][[U+0000]][[U+0003]][[U+0004]]ÿ[[U+FF00]][[U+000E]][[U+0001]][[U+0000]][[U+0000]] [[U+000E]][[U+0000]][[U+0003]][[U+0004]][[U+0000]][[U+FF00]]aciertos[[U+000E]][[U+0000]][[U+0003]][[U+0004]]ÿ[[U+FF00]][[U+000E]][[U+0000]][[U+0003]][[U+0004]][[U+0000]][[U+FF00]],Get All [[U+000E]][[U+0000]][[U+0003]][[U+0004]]ÿ[[U+FF00]][[U+000E]][[U+0001]][[U+0000]][[U+0000]] [[U+000E]][[U+0000]][[U+0003]][[U+0004]][[U+0000]][[U+FF00]]Correct,[[U+000E]][[U+0000]][[U+0003]][[U+0004]]ÿ[[U+FF00]][[U+000E]][[U+0001]][[U+0000]][[U+0000]][[U+000E]][[U+0000]][[U+0003]][[U+0004]][[U+0000]][[U+FF00]] bonnes réponses,Consigue [[U+000E]][[U+0000]][[U+0003]][[U+0004]]ÿ[[U+FF00]][[U+000E]][[U+0001]][[U+0000]][[U+0000]] [[U+000E]][[U+0000]][[U+0003]][[U+0004]][[U+0000]][[U+FF00]]aciertos[[U+000E]][[U+0000]][[U+0003]][[U+0004]]ÿ[[U+FF00]][[U+000E]][[U+0000]][[U+0003]][[U+0004]][[U+0000]][[U+FF00]],Hepsini [[U+000E]][[U+0000]][[U+0003]][[U+0004]]ÿ[[U+FF00]][[U+000E]][[U+0001]][[U+0000]][[U+0000]] [[U+000E]][[U+0000]][[U+0003]][[U+0004]][[U+0000]][[U+FF00]]doğru yap
Nou_Result_ranking_button_1,220,Nou_Result_ranking_button_1,,,,,,,,,,
Nou_Result_ranking_button_2,221,Nou_Result_ranking_button_2,,,,,,,,,,
Nou_Result_ranking_mode_1,222,Nou_Result_ranking_mode_1,,,,,,,,,,
Nou_Result_ranking_mode_2,223,Nou_Result_ranking_mode_2,,,,,,,,,,
Nou_Result_ranking_rank,224,Nou_Result_ranking_rank,,,,,,,,,,
Nou_Result_ranking_min,225,Nou_Result_ranking_min,,,,,,,,,,
Nou_Result_ranking_sec,226,Nou_Result_ranking_sec,,,,,,,,,,
Nou_Result_ranking_point,227,Nou_Result_ranking_point,,,,,,,,,,
Nou_Result_grade,228,Nou_Result_grade,,,,,,,,,,
Nou_Result_grade_1,229,Nou_Result_grade_1,Voetganger,Walking Speed,Rang piéton,Fußgänger,Liv. A piedi,Peatón,Walking Speed,Rang piéton,Peatón,Yürüme Hızı
Nou_Result_grade_2,230,Nou_Result_grade_2,Fietser,Cycling Speed,Rang vélo,Radfahrer,Liv. In bici,Bicicleta,Bicycle Speed,Rang vélo,Bicicleta,Bisiklet Hızı
Nou_Result_grade_3,231,Nou_Result_grade_3,Auto,Driving Speed,Rang voiture,Auto,Liv. In auto,Automóvil,Automobile Speed,Rang voiture,Automóvil,Sürüş Hızı
Nou_Result_grade_4,232,Nou_Result_grade_4,Sneltrein,Train Speed,Rang train,Schnellzug,Liv. In treno,Tren,Train Speed,Rang train,Tren,Tren Hızı
Nou_Result_grade_5,233,Nou_Result_grade_5,Vliegtuig,Flying Speed!,Rang avion,Flugzeug,Liv. In aereo,Avión,Airplane Speed!,Rang avion,Avión,Uçuş Hızı!
Nou_Result_grade_6,234,Nou_Result_grade_6,Raket,Rocket Speed!!!,Rang fusée,Rakete,Liv. Razzo,Cohete,Rocket Speed!!,Rang fusée,Cohete,Roket Hızı!!!
Nou_Result_graph,235,Nou_Result_graph,,,,,,,,,,
Nou_Result_graph_min,236,Nou_Result_graph_min,min,min,min,Min., Min, min , min., min, min ,dk
Nou_Result_graph_point,237,Nou_Result_graph_point,pt., Pts, p,Pkt., P.,ptos., pts., p,ptos., Puan
Nou_Result_graph_date,238,Nou_Result_graph_date,,,,,,,,,,
Nou_Result_graph_correct,239,Nou_Result_graph_correct,,,,,,,,,,
Nou_Result_graph_dot,240,Nou_Result_graph_dot,,,,,,,,,,
Nou_Result_graph_per,241,Nou_Result_graph_per,,,,,,,,,,
Nou_Result_graph_reexam_head,242,Nou_Result_graph_reexam_head,Goed:,Correct:,Taux de réussite,Richtig,Risposte corrette: ,Aciertos:,Correct:,Taux de réussite,Aciertos:,Doğru:
Nou_Result_graph_reexam_period_sparta7,243,Nou_Result_graph_reexam_period_sparta7,.,.,",",",",",",.,.,",",.,.
Nou_Result_graph_reexam_period_sparta4,244,Nou_Result_graph_reexam_period_sparta4,.,.,",",",",",",.,.,",",.,.
Nou_Result_graph_reexam_total,245,Nou_Result_graph_reexam_total,[[U+000E]][[U+0000]][[U+0003]][[U+0004]]ÿ[[U+FF00]][[U+000E]][[U+0001]][[U+0000]][[U+0000]] [[U+000E]][[U+0000]][[U+0003]][[U+0004]][[U+0000]][[U+FF00]]%,[[U+000E]][[U+0000]][[U+0003]][[U+0004]]ÿ[[U+FF00]][[U+000E]][[U+0001]][[U+0000]][[U+0000]][[U+000E]][[U+0000]][[U+0003]][[U+0004]][[U+0000]][[U+FF00]]%,[[U+000E]][[U+0000]][[U+0003]][[U+0004]]ÿ[[U+FF00]][[U+000E]][[U+0001]][[U+0000]][[U+0000]] [[U+000E]][[U+0000]][[U+0003]][[U+0004]][[U+0000]][[U+FF00]][[U+000E]][[U+0000]][[U+0003]][[U+0004]][[U+0000]][[U+FF00]]%[[U+000E]][[U+0000]][[U+0003]][[U+0004]][[U+0000]][[U+FF00]],[[U+000E]][[U+0000]][[U+0003]][[U+0004]]ÿ[[U+FF00]][[U+000E]][[U+0001]][[U+0000]][[U+0000]][[U+000E]][[U+0000]][[U+0003]][[U+0004]][[U+0000]][[U+FF00]] %,[[U+000E]][[U+0000]][[U+0003]][[U+0004]]ÿ[[U+FF00]][[U+000E]][[U+0001]][[U+0000]][[U+0000]][[U+000E]][[U+0000]][[U+0003]][[U+0004]][[U+0000]][[U+FF00]][[U+000E]][[U+0000]][[U+0003]][[U+0004]][[U+0000]][[U+FF00]]%[[U+000E]][[U+0000]][[U+0003]][[U+0004]][[U+0000]][[U+FF00]],[[U+000E]][[U+0000]][[U+0003]][[U+0004]]ÿ[[U+FF00]][[U+000E]][[U+0001]][[U+0000]][[U+0000]][[U+000E]][[U+0000]][[U+0003]][[U+0004]][[U+0000]][[U+FF00]]%,[[U+000E]][[U+0000]][[U+0003]][[U+0004]]ÿ[[U+FF00]][[U+000E]][[U+0001]][[U+0000]][[U+0000]][[U+000E]][[U+0000]][[U+0003]][[U+0004]][[U+0000]][[U+FF00]]%,[[U+000E]][[U+0000]][[U+0003]][[U+0004]]ÿ[[U+FF00]][[U+000E]][[U+0001]][[U+0000]][[U+0000]] [[U+000E]][[U+0000]][[U+0003]][[U+0004]][[U+0000]][[U+FF00]][[U+000E]][[U+0000]][[U+0003]][[U+0004]][[U+0000]][[U+FF00]]%[[U+000E]][[U+0000]][[U+0003]][[U+0004]][[U+0000]][[U+FF00]],[[U+000E]][[U+0000]][[U+0003]][[U+0004]]ÿ[[U+FF00]][[U+000E]][[U+0001]][[U+0000]][[U+0000]][[U+000E]][[U+0000]][[U+0003]][[U+0004]][[U+0000]][[U+FF00]]%,[[U+000E]][[U+0000]][[U+0003]][[U+0004]]ÿ[[U+FF00]][[U+000E]][[U+0001]][[U+0000]][[U+0000]][[U+000E]][[U+0000]][[U+0003]][[U+0004]][[U+0000]][[U+FF00]]%
Nou_Result_graph_reexam_up,246,Nou_Result_graph_reexam_up,[[U+000E]][[U+0000]][[U+0003]][[U+0004]]ÿ[[U+FF00]][[U+000E]][[U+0001]][[U+0000]][[U+0000]] [[U+000E]][[U+0000]][[U+0003]][[U+0004]][[U+0000]][[U+FF00]]% meer dan vorige keer,[[U+000E]][[U+0000]][[U+0003]][[U+0004]]ÿ[[U+FF00]][[U+000E]][[U+0001]][[U+0000]][[U+0000]][[U+000E]][[U+0000]][[U+0003]][[U+0004]][[U+0000]][[U+FF00]]% Increase from Last Time,Amélioration de [[U+000E]][[U+0000]][[U+0003]][[U+0004]]ÿ[[U+FF00]][[U+000E]][[U+0001]][[U+0000]][[U+0000]] [[U+000E]][[U+0000]][[U+0003]][[U+0004]][[U+0000]][[U+FF00]][[U+000E]][[U+0000]][[U+0003]][[U+0004]][[U+0000]][[U+FF00]]%[[U+000E]][[U+0000]][[U+0003]][[U+0004]][[U+0000]][[U+FF00]],Steigerung um [[U+000E]][[U+0000]][[U+0003]][[U+0004]]ÿ[[U+FF00]][[U+000E]][[U+0001]][[U+0000]][[U+0000]][[U+000E]][[U+0000]][[U+0003]][[U+0004]][[U+0000]][[U+FF00]] %,Dall'ultima volta: +[[U+000E]][[U+0000]][[U+0003]][[U+0004]]ÿ[[U+FF00]][[U+000E]][[U+0001]][[U+0000]][[U+0000]][[U+000E]][[U+0000]][[U+0003]][[U+0004]][[U+0000]][[U+FF00]][[U+000E]][[U+0000]][[U+0003]][[U+0004]][[U+0000]][[U+FF00]]%[[U+000E]][[U+0000]][[U+0003]][[U+0004]][[U+0000]][[U+FF00]],Aumento de un [[U+000E]][[U+0000]][[U+0003]][[U+0004]]ÿ[[U+FF00]][[U+000E]][[U+0001]][[U+0000]][[U+0000]][[U+000E]][[U+0000]][[U+0003]][[U+0004]][[U+0000]][[U+FF00]]% desde la última vez,[[U+000E]][[U+0000]][[U+0003]][[U+0004]]ÿ[[U+FF00]][[U+000E]][[U+0001]][[U+0000]][[U+0000]][[U+000E]][[U+0000]][[U+0003]][[U+0004]][[U+0000]][[U+FF00]]% Increase from Last Time,Amélioration de [[U+000E]][[U+0000]][[U+0003]][[U+0004]]ÿ[[U+FF00]][[U+000E]][[U+0001]][[U+0000]][[U+0000]] [[U+000E]][[U+0000]][[U+0003]][[U+0004]][[U+0000]][[U+FF00]][[U+000E]][[U+0000]][[U+0003]][[U+0004]][[U+0000]][[U+FF00]]%[[U+000E]][[U+0000]][[U+0003]][[U+0004]][[U+0000]][[U+FF00]],Aumento de un [[U+000E]][[U+0000]][[U+0003]][[U+0004]]ÿ[[U+FF00]][[U+000E]][[U+0001]][[U+0000]][[U+0000]][[U+000E]][[U+0000]][[U+0003]][[U+0004]][[U+0000]][[U+FF00]]% desde la última vez,[[U+000E]][[U+0000]][[U+0003]][[U+0004]]ÿ[[U+FF00]][[U+000E]][[U+0001]][[U+0000]][[U+0000]][[U+000E]][[U+0000]][[U+0003]][[U+0004]][[U+0000]][[U+FF00]]% Geçen Seferden Artış
Nou_Result_comment,247,Nou_Result_comment,,,,,,,,,,
Nou_Result_comment_first,248,Nou_Result_comment_first,[[U+000E]][[U+0002]][[U+0001]][[U+0002]][[U+0003]]Blijf je best doen!,"[[U+000E]][[U+0002]][[U+0001]][[U+0002]][[U+0003]]Try to see if you can beat
this result next time!","[[U+000E]][[U+0002]][[U+0001]][[U+0002]][[U+0003]]La prochaine fois, essayons
de faire mieux !","[[U+000E]][[U+0002]][[U+0001]][[U+0002]][[U+0003]]Versuchen Sie beim nächsten Mal,
dieses Ergebnis zu verbessern!","[[U+000E]][[U+0002]][[U+0001]][[U+0002]][[U+0003]]Devi continuare a
darti da fare per
migliorare questo risultato!","[[U+000E]][[U+0002]][[U+0001]][[U+0002]][[U+0003]]¡Esfuérzate para mejorar
este resultado la próxima vez!","[[U+000E]][[U+0002]][[U+0001]][[U+0002]][[U+0003]]Try to see if you can beat
this record next time!","[[U+000E]][[U+0002]][[U+0001]][[U+0002]][[U+0003]]La prochaine fois, essayons
de faire mieux!","[[U+000E]][[U+0002]][[U+0001]][[U+0002]][[U+0003]]¡Esfuérzate para mejorar
este resultado la próxima vez!","[[U+000E]][[U+0002]][[U+0001]][[U+0002]][[U+0003]]Bir dahaki sefere bu sonucu
geçebilecek misin, bak!"
Nou_Result_comment_worst_00,249,Nou_Result_comment_worst_00,"[[U+000E]][[U+0002]][[U+0001]][[U+0002]]Geef het niet op!
[[U+000E]][[U+0000]][[U+0003]][[U+0004]]ÿ[[U+FF00]]Probeer het morgen nog eens[[U+000E]][[U+0000]][[U+0003]][[U+0004]][[U+0000]][[U+FF00]]!","[[U+000E]][[U+0002]][[U+0001]][[U+0002]]Don't lose heart! [[U+000E]][[U+0000]][[U+0003]][[U+0004]]ÿ[[U+FF00]]Just try
again tomorrow[[U+000E]][[U+0000]][[U+0003]][[U+0004]][[U+0000]][[U+FF00]]!","[[U+000E]][[U+0002]][[U+0001]][[U+0002]]Ne vous découragez pas !
Vous [[U+000E]][[U+0000]][[U+0003]][[U+0004]]ÿ[[U+FF00]]ferez mieux demain [[U+000E]][[U+0000]][[U+0003]][[U+0004]][[U+0000]][[U+FF00]]!","[[U+000E]][[U+0002]][[U+0001]][[U+0002]]Sie sollten Ihr Training [[U+000E]][[U+0000]][[U+0003]][[U+0004]]ÿ[[U+FF00]]morgen[[U+000E]][[U+0000]][[U+0003]][[U+0004]][[U+0000]][[U+FF00]] auf
jeden Fall [[U+000E]][[U+0000]][[U+0003]][[U+0004]]ÿ[[U+FF00]]fortsetzen[[U+000E]][[U+0000]][[U+0003]][[U+0004]][[U+0000]][[U+FF00]]!","[[U+000E]][[U+0002]][[U+0001]][[U+0002]]Rimettiti in forma e
[[U+000E]][[U+0000]][[U+0003]][[U+0004]]ÿ[[U+FF00]]domani dai il meglio di te[[U+000E]][[U+0000]][[U+0003]][[U+0004]][[U+0000]][[U+FF00]]!","[[U+000E]][[U+0002]][[U+0001]][[U+0002]]No te preocupes;
¡[[U+000E]][[U+0000]][[U+0003]][[U+0004]]ÿ[[U+FF00]]mañana será otro día[[U+000E]][[U+0000]][[U+0003]][[U+0004]][[U+0000]][[U+FF00]]!","[[U+000E]][[U+0002]][[U+0001]][[U+0002]]Don't lose heart! [[U+000E]][[U+0000]][[U+0003]][[U+0004]]ÿ[[U+FF00]]Just try
again tomorrow[[U+000E]][[U+0000]][[U+0003]][[U+0004]][[U+0000]][[U+FF00]]!","[[U+000E]][[U+0002]][[U+0001]][[U+0002]]Ne vous découragez pas!
Vous [[U+000E]][[U+0000]][[U+0003]][[U+0004]]ÿ[[U+FF00]]ferez mieux demain[[U+000E]][[U+0000]][[U+0003]][[U+0004]][[U+0000]][[U+FF00]]!","[[U+000E]][[U+0002]][[U+0001]][[U+0002]]No te preocupes;
¡[[U+000E]][[U+0000]][[U+0003]][[U+0004]]ÿ[[U+FF00]]Seguro que mañana saldrá mejor[[U+000E]][[U+0000]][[U+0003]][[U+0004]][[U+0000]][[U+FF00]]!","[[U+000E]][[U+0002]][[U+0001]][[U+0002]] Moralini bozma! [[U+000E]][[U+0000]][[U+0003]][[U+0004]]ÿ[[U+FF00]]Yarın tekrar dene[[U+000E]][[U+0000]][[U+0003]][[U+0004]][[U+0000]][[U+FF00]]!"
Nou_Result_comment_bad_00,250,Nou_Result_comment_bad_00,"[[U+000E]][[U+0002]][[U+0001]][[U+0002]][[U+0005]]Hmm, ben je een beetje [[U+000E]][[U+0000]][[U+0003]][[U+0004]]ÿ[[U+FF00]]moe [[U+000E]][[U+0000]][[U+0003]][[U+0004]][[U+0000]][[U+FF00]]aan
het worden?","[[U+000E]][[U+0002]][[U+0001]][[U+0002]][[U+0005]]Hmm, a little [[U+000E]][[U+0000]][[U+0003]][[U+0004]]ÿ[[U+FF00]]tired[[U+000E]][[U+0000]][[U+0003]][[U+0004]][[U+0000]][[U+FF00]], [[U+000E]][[U+0000]][[U+0003]][[U+0004]]ÿ[[U+FF00]][[U+000E]][[U+0000]][[U+0003]][[U+0004]][[U+0000]][[U+FF00]]are we?","[[U+000E]][[U+0002]][[U+0001]][[U+0002]][[U+0005]]On dirait que la [[U+000E]][[U+0000]][[U+0003]][[U+0004]]ÿ[[U+FF00]]fatigue [[U+000E]][[U+0000]][[U+0003]][[U+0004]][[U+0000]][[U+FF00]]vous
gagne...",[[U+000E]][[U+0002]][[U+0001]][[U+0002]][[U+0005]]Sie wirken ein wenig [[U+000E]][[U+0000]][[U+0003]][[U+0004]]ÿ[[U+FF00]]erschöpft[[U+000E]][[U+0000]][[U+0003]][[U+0004]][[U+0000]][[U+FF00]]...,"[[U+000E]][[U+0002]][[U+0001]][[U+0002]][[U+0005]]Il tuo cervello mi
sembra [[U+000E]][[U+0000]][[U+0003]][[U+0004]]ÿ[[U+FF00]]un po'
affaticato[[U+000E]][[U+0000]][[U+0003]][[U+0004]][[U+0000]][[U+FF00]]...","[[U+000E]][[U+0002]][[U+0001]][[U+0002]][[U+0005]]Mmm... ¿Por qué no te
tomas un [[U+000E]][[U+0000]][[U+0003]][[U+0004]]ÿ[[U+FF00]]descanso[[U+000E]][[U+0000]][[U+0003]][[U+0004]][[U+0000]][[U+FF00]]?","[[U+000E]][[U+0002]][[U+0001]][[U+0002]][[U+0005]]Hmm. A little [[U+000E]][[U+0000]][[U+0003]][[U+0004]]ÿ[[U+FF00]]tired[[U+000E]][[U+0000]][[U+0003]][[U+0004]][[U+0000]][[U+FF00]], [[U+000E]][[U+0000]][[U+0003]][[U+0004]]ÿ[[U+FF00]][[U+000E]][[U+0000]][[U+0003]][[U+0004]][[U+0000]][[U+FF00]]are we?","[[U+000E]][[U+0002]][[U+0001]][[U+0002]][[U+0005]]On dirait que la [[U+000E]][[U+0000]][[U+0003]][[U+0004]]ÿ[[U+FF00]]fatigue
[[U+000E]][[U+0000]][[U+0003]][[U+0004]][[U+0000]][[U+FF00]]vous gagne...","[[U+000E]][[U+0002]][[U+0001]][[U+0002]][[U+0005]]Mmm... ¿Por qué no te
tomas un [[U+000E]][[U+0000]][[U+0003]][[U+0004]]ÿ[[U+FF00]]descanso[[U+000E]][[U+0000]][[U+0003]][[U+0004]][[U+0000]][[U+FF00]]?","[[U+000E]][[U+0002]][[U+0001]][[U+0002]][[U+0005]]Hmm, biraz [[U+000E]][[U+0000]][[U+0003]][[U+0004]]ÿ[[U+FF00]]yorgun[[U+000E]][[U+0000]][[U+0003]][[U+0004]][[U+0000]][[U+FF00]], [[U+000E]][[U+0000]][[U+0003]][[U+0004]]ÿ[[U+FF00]][[U+000E]][[U+0000]][[U+0003]][[U+0004]][[U+0000]][[U+FF00]]değil miyiz?"
Nou_Result_comment_keep_00,251,Nou_Result_comment_keep_00,"[[U+000E]][[U+0002]][[U+0001]][[U+0002]][[U+0003]]Het lijkt erop dat je de [[U+000E]][[U+0000]][[U+0003]][[U+0004]]ÿ[[U+FF00]]status quo
handhaaft[[U+000E]][[U+0000]][[U+0003]][[U+0004]][[U+0000]][[U+FF00]]. Dat is prima.","[[U+000E]][[U+0002]][[U+0001]][[U+0002]][[U+0003]]You seem to be [[U+000E]][[U+0000]][[U+0003]][[U+0004]]ÿ[[U+FF00]]maintaining
the status quo[[U+000E]][[U+0000]][[U+0003]][[U+0004]][[U+0000]][[U+FF00]]. Good for you.","[[U+000E]][[U+0002]][[U+0001]][[U+0002]][[U+0003]]Vos résultats sont [[U+000E]][[U+0000]][[U+0003]][[U+0004]]ÿ[[U+FF00]]stables[[U+000E]][[U+0000]][[U+0003]][[U+0004]][[U+0000]][[U+FF00]].
Continuez vos efforts.","[[U+000E]][[U+0002]][[U+0001]][[U+0002]][[U+0003]]Sie halten [[U+000E]][[U+0000]][[U+0003]][[U+0004]]ÿ[[U+FF00]]Ihren gegenwärtigen
Stand[[U+000E]][[U+0000]][[U+0003]][[U+0004]][[U+0000]][[U+FF00]]. Weiter so!","[[U+000E]][[U+0002]][[U+0001]][[U+0002]][[U+0003]]Vedo che [[U+000E]][[U+0000]][[U+0003]][[U+0004]]ÿ[[U+FF00]]ti
mantieni in forma[[U+000E]][[U+0000]][[U+0003]][[U+0004]][[U+0000]][[U+FF00]]!
Continua così!","[[U+000E]][[U+0002]][[U+0001]][[U+0002]][[U+0003]]¡Vaya!
[[U+000E]][[U+0000]][[U+0003]][[U+0004]]ÿ[[U+FF00]][[U+000E]][[U+0000]][[U+0003]][[U+0004]][[U+0000]][[U+FF00]]Parece que [[U+000E]][[U+0000]][[U+0003]][[U+0004]]ÿ[[U+FF00]]te mantienes estable[[U+000E]][[U+0000]][[U+0003]][[U+0004]][[U+0000]][[U+FF00]].
Ánimo[[U+000E]][[U+0000]][[U+0003]][[U+0004]][[U+0000]][[U+FF00]], ¡podría ser mucho peor![[U+000E]][[U+0000]][[U+0003]][[U+0004]][[U+0000]][[U+FF00]]","[[U+000E]][[U+0002]][[U+0001]][[U+0002]][[U+0003]]You seem to be [[U+000E]][[U+0000]][[U+0003]][[U+0004]]ÿ[[U+FF00]]maintaining
the status quo[[U+000E]][[U+0000]][[U+0003]][[U+0004]][[U+0000]][[U+FF00]]. Good for you.","[[U+000E]][[U+0002]][[U+0001]][[U+0002]][[U+0003]]Vos résultats sont [[U+000E]][[U+0000]][[U+0003]][[U+0004]]ÿ[[U+FF00]]stables[[U+000E]][[U+0000]][[U+0003]][[U+0004]][[U+0000]][[U+FF00]].
Continuez vos efforts.","[[U+000E]][[U+0002]][[U+0001]][[U+0002]][[U+0003]]¡Vaya!
[[U+000E]][[U+0000]][[U+0003]][[U+0004]]ÿ[[U+FF00]][[U+000E]][[U+0000]][[U+0003]][[U+0004]][[U+0000]][[U+FF00]]Parece que [[U+000E]][[U+0000]][[U+0003]][[U+0004]]ÿ[[U+FF00]]te mantienes estable[[U+000E]][[U+0000]][[U+0003]][[U+0004]][[U+0000]][[U+FF00]].
Ánimo[[U+000E]][[U+0000]][[U+0003]][[U+0004]][[U+0000]][[U+FF00]], ¡podría ser mucho peor![[U+000E]][[U+0000]][[U+0003]][[U+0004]][[U+0000]][[U+FF00]]","[[U+000E]][[U+0002]][[U+0001]][[U+0002]][[U+0003]]Görünüşe göre [[U+000E]][[U+0000]][[U+0003]][[U+0004]]ÿ[[U+FF00]]mevcut durumu
koruyorsun[[U+000E]][[U+0000]][[U+0003]][[U+0004]][[U+0000]][[U+FF00]]. Senin adına sevindim."
Nou_Result_comment_better_00,252,Nou_Result_comment_better_00,"[[U+000E]][[U+0002]][[U+0001]][[U+0002]][[U+0002]]Je werkgeheugen [[U+000E]][[U+0000]][[U+0003]][[U+0004]]ÿ[[U+FF00]]draait op
volle toeren[[U+000E]][[U+0000]][[U+0003]][[U+0004]][[U+0000]][[U+FF00]]!","[[U+000E]][[U+0002]][[U+0001]][[U+0002]][[U+0002]]Your working memory is clearly
[[U+000E]][[U+0000]][[U+0003]][[U+0004]]ÿ[[U+FF00]]picking up speed[[U+000E]][[U+0000]][[U+0003]][[U+0004]][[U+0000]][[U+FF00]]!","[[U+000E]][[U+0002]][[U+0001]][[U+0002]][[U+0002]]Votre mémoire de travail est
devenue plus [[U+000E]][[U+0000]][[U+0003]][[U+0004]]ÿ[[U+FF00]]rapide[[U+000E]][[U+0000]][[U+0003]][[U+0004]][[U+0000]][[U+FF00]].","[[U+000E]][[U+0002]][[U+0001]][[U+0002]][[U+0002]]Ihr Arbeitsgedächtnis
scheint schon etwas
[[U+000E]][[U+0000]][[U+0003]][[U+0004]]ÿ[[U+FF00]]schneller[[U+000E]][[U+0000]][[U+0003]][[U+0004]][[U+0000]][[U+FF00]] geworden zu sein.","[[U+000E]][[U+0002]][[U+0001]][[U+0002]][[U+0002]]Vedo un [[U+000E]][[U+0000]][[U+0003]][[U+0004]]ÿ[[U+FF00]]aumento della
velocità di elaborazione 
[[U+000E]][[U+0000]][[U+0003]][[U+0004]][[U+0000]][[U+FF00]]nella tua memoria di lavoro!","[[U+000E]][[U+0002]][[U+0001]][[U+0002]][[U+0002]]¡Tu memoria de trabajo
[[U+000E]][[U+0000]][[U+0003]][[U+0004]]ÿ[[U+FF00]]se está disparando[[U+000E]][[U+0000]][[U+0003]][[U+0004]][[U+0000]][[U+FF00]]!","[[U+000E]][[U+0002]][[U+0001]][[U+0002]][[U+0002]]Your working memory is clearly
[[U+000E]][[U+0000]][[U+0003]][[U+0004]]ÿ[[U+FF00]]picking up speed[[U+000E]][[U+0000]][[U+0003]][[U+0004]][[U+0000]][[U+FF00]]!","[[U+000E]][[U+0002]][[U+0001]][[U+0002]][[U+0002]]Votre mémoire de travail est
devenue plus [[U+000E]][[U+0000]][[U+0003]][[U+0004]]ÿ[[U+FF00]]rapide[[U+000E]][[U+0000]][[U+0003]][[U+0004]][[U+0000]][[U+FF00]].","[[U+000E]][[U+0002]][[U+0001]][[U+0002]][[U+0002]]¡Tu memoria de trabajo
[[U+000E]][[U+0000]][[U+0003]][[U+0004]]ÿ[[U+FF00]]se está disparando[[U+000E]][[U+0000]][[U+0003]][[U+0004]][[U+0000]][[U+FF00]]!","[[U+000E]][[U+0002]][[U+0001]][[U+0002]][[U+0002]]Çalışma belleğin açıkça
[[U+000E]][[U+0000]][[U+0003]][[U+0004]]ÿ[[U+FF00]]hız kazanıyor[[U+000E]][[U+0000]][[U+0003]][[U+0004]][[U+0000]][[U+FF00]]!"
Nou_Result_comment_great_00,253,Nou_Result_comment_great_00,"[[U+000E]][[U+0002]][[U+0001]][[U+0002]][[U+0007]]Wat een [[U+000E]][[U+0000]][[U+0003]][[U+0004]]ÿ[[U+FF00]]score[[U+000E]][[U+0000]][[U+0003]][[U+0004]][[U+0000]][[U+FF00]]!
Daar word ik stil van.","[[U+000E]][[U+0002]][[U+0001]][[U+0002]][[U+0007]]What a [[U+000E]][[U+0000]][[U+0003]][[U+0004]]ÿ[[U+FF00]]wonderful improvement[[U+000E]][[U+0000]][[U+0003]][[U+0004]][[U+0000]][[U+FF00]]!
I think I may start crying!","[[U+000E]][[U+0002]][[U+0001]][[U+0002]][[U+0007]]Vous avez fait des [[U+000E]][[U+0000]][[U+0003]][[U+0004]]ÿ[[U+FF00]]progrès
remarquables [[U+000E]][[U+0000]][[U+0003]][[U+0004]][[U+0000]][[U+FF00]]! Continuez ainsi.","[[U+000E]][[U+0002]][[U+0001]][[U+0002]][[U+0007]]Sie haben sich [[U+000E]][[U+0000]][[U+0003]][[U+0004]]ÿ[[U+FF00]]verbessert[[U+000E]][[U+0000]][[U+0003]][[U+0004]][[U+0000]][[U+FF00]]!
Das freut mich!","[[U+000E]][[U+0002]][[U+0001]][[U+0002]][[U+0007]]Hai fatto
[[U+000E]][[U+0000]][[U+0003]][[U+0004]]ÿ[[U+FF00]]ottimi progressi[[U+000E]][[U+0000]][[U+0003]][[U+0004]][[U+0000]][[U+FF00]]!
Continua così!","[[U+000E]][[U+0002]][[U+0001]][[U+0002]][[U+0007]]¡Cuando [[U+000E]][[U+0000]][[U+0003]][[U+0004]]ÿ[[U+FF00]]quieres[[U+000E]][[U+0000]][[U+0003]][[U+0004]][[U+0000]][[U+FF00]], [[U+000E]][[U+0000]][[U+0003]][[U+0004]]ÿ[[U+FF00]]puedes[[U+000E]][[U+0000]][[U+0003]][[U+0004]][[U+0000]][[U+FF00]]!
Ay, que me emociono...","[[U+000E]][[U+0002]][[U+0001]][[U+0002]][[U+0007]]What a [[U+000E]][[U+0000]][[U+0003]][[U+0004]]ÿ[[U+FF00]]wonderful improvement[[U+000E]][[U+0000]][[U+0003]][[U+0004]][[U+0000]][[U+FF00]]!
I think I may start crying!","[[U+000E]][[U+0002]][[U+0001]][[U+0002]][[U+0007]]Vous avez fait des [[U+000E]][[U+0000]][[U+0003]][[U+0004]]ÿ[[U+FF00]]progrès
remarquables[[U+000E]][[U+0000]][[U+0003]][[U+0004]][[U+0000]][[U+FF00]]! Continuez ainsi.","[[U+000E]][[U+0002]][[U+0001]][[U+0002]][[U+0007]]¡Cuando [[U+000E]][[U+0000]][[U+0003]][[U+0004]]ÿ[[U+FF00]]quieres[[U+000E]][[U+0000]][[U+0003]][[U+0004]][[U+0000]][[U+FF00]], [[U+000E]][[U+0000]][[U+0003]][[U+0004]]ÿ[[U+FF00]]puedes[[U+000E]][[U+0000]][[U+0003]][[U+0004]][[U+0000]][[U+FF00]]!
Me estoy emocionando...","[[U+000E]][[U+0002]][[U+0001]][[U+0002]][[U+0007]]Ne [[U+000E]][[U+0000]][[U+0003]][[U+0004]]ÿ[[U+FF00]]harika bir gelişme[[U+000E]][[U+0000]][[U+0003]][[U+0004]][[U+0000]][[U+FF00]]!
Sanırım ağlayacağım!"
Nou_Result_comment_worst_01,254,Nou_Result_comment_worst_01,"[[U+000E]][[U+0002]][[U+0001]][[U+0002]][[U+0003]]Geef het niet op!
[[U+000E]][[U+0000]][[U+0003]][[U+0004]]ÿ[[U+FF00]]Probeer het morgen nog eens[[U+000E]][[U+0000]][[U+0003]][[U+0004]][[U+0000]][[U+FF00]].","[[U+000E]][[U+0002]][[U+0001]][[U+0002]][[U+0003]]Don't lose heart! [[U+000E]][[U+0000]][[U+0003]][[U+0004]]ÿ[[U+FF00]]Just try
again tomorrow[[U+000E]][[U+0000]][[U+0003]][[U+0004]][[U+0000]][[U+FF00]]!","[[U+000E]][[U+0002]][[U+0001]][[U+0002]][[U+0003]]Ne vous découragez pas !
Vous [[U+000E]][[U+0000]][[U+0003]][[U+0004]]ÿ[[U+FF00]]ferez mieux demain [[U+000E]][[U+0000]][[U+0003]][[U+0004]][[U+0000]][[U+FF00]]!","[[U+000E]][[U+0002]][[U+0001]][[U+0002]][[U+0003]]Sie sollten Ihr Training [[U+000E]][[U+0000]][[U+0003]][[U+0004]]ÿ[[U+FF00]]morgen[[U+000E]][[U+0000]][[U+0003]][[U+0004]][[U+0000]][[U+FF00]]
auf jeden Fall [[U+000E]][[U+0000]][[U+0003]][[U+0004]]ÿ[[U+FF00]]fortsetzen[[U+000E]][[U+0000]][[U+0003]][[U+0004]][[U+0000]][[U+FF00]]!","[[U+000E]][[U+0002]][[U+0001]][[U+0002]][[U+0003]]Rimettiti in forma e
[[U+000E]][[U+0000]][[U+0003]][[U+0004]]ÿ[[U+FF00]]domani dai
il meglio di te[[U+000E]][[U+0000]][[U+0003]][[U+0004]][[U+0000]][[U+FF00]]!","[[U+000E]][[U+0002]][[U+0001]][[U+0002]][[U+0003]]¡No desesperes! [[U+000E]][[U+0000]][[U+0003]][[U+0004]]ÿ[[U+FF00]]Seguro que
mañana se te da mejor[[U+000E]][[U+0000]][[U+0003]][[U+0004]][[U+0000]][[U+FF00]].","[[U+000E]][[U+0002]][[U+0001]][[U+0002]][[U+0003]]Don't lose heart! [[U+000E]][[U+0000]][[U+0003]][[U+0004]]ÿ[[U+FF00]]Just try
again tomorrow[[U+000E]][[U+0000]][[U+0003]][[U+0004]][[U+0000]][[U+FF00]]!","[[U+000E]][[U+0002]][[U+0001]][[U+0002]][[U+0003]]Ne vous découragez pas!
Vous [[U+000E]][[U+0000]][[U+0003]][[U+0004]]ÿ[[U+FF00]]ferez mieux demain[[U+000E]][[U+0000]][[U+0003]][[U+0004]][[U+0000]][[U+FF00]]!","[[U+000E]][[U+0002]][[U+0001]][[U+0002]][[U+0003]]¡No desesperes! [[U+000E]][[U+0000]][[U+0003]][[U+0004]]ÿ[[U+FF00]]Seguro que
mañana te va mejor[[U+000E]][[U+0000]][[U+0003]][[U+0004]][[U+0000]][[U+FF00]].","[[U+000E]][[U+0002]][[U+0001]][[U+0002]][[U+0003]]
Moralini bozma[[U+000E]][[U+0000]][[U+0003]][[U+0004]]ÿ[[U+FF00]]! Yarın
tekrar dene[[U+000E]][[U+0000]][[U+0003]][[U+0004]][[U+0000]][[U+FF00]]!"
Nou_Result_comment_bad_01,255,Nou_Result_comment_bad_01,"[[U+000E]][[U+0002]][[U+0001]][[U+0002]][[U+0005]]Hmm, ben je een beetje [[U+000E]][[U+0000]][[U+0003]][[U+0004]]ÿ[[U+FF00]]moe [[U+000E]][[U+0000]][[U+0003]][[U+0004]][[U+0000]][[U+FF00]]aan
het worden?","[[U+000E]][[U+0002]][[U+0001]][[U+0002]][[U+0005]]Hmm, a little [[U+000E]][[U+0000]][[U+0003]][[U+0004]]ÿ[[U+FF00]]tired[[U+000E]][[U+0000]][[U+0003]][[U+0004]][[U+0000]][[U+FF00]], [[U+000E]][[U+0000]][[U+0003]][[U+0004]]ÿ[[U+FF00]][[U+000E]][[U+0000]][[U+0003]][[U+0004]][[U+0000]][[U+FF00]]are we?","[[U+000E]][[U+0002]][[U+0001]][[U+0002]][[U+0005]]On dirait que la [[U+000E]][[U+0000]][[U+0003]][[U+0004]]ÿ[[U+FF00]]fatigue [[U+000E]][[U+0000]][[U+0003]][[U+0004]][[U+0000]][[U+FF00]]vous
gagne...",[[U+000E]][[U+0002]][[U+0001]][[U+0002]][[U+0005]]Sie wirken ein wenig [[U+000E]][[U+0000]][[U+0003]][[U+0004]]ÿ[[U+FF00]]erschöpft[[U+000E]][[U+0000]][[U+0003]][[U+0004]][[U+0000]][[U+FF00]]...,"[[U+000E]][[U+0002]][[U+0001]][[U+0002]][[U+0005]]Il tuo cervello mi
sembra [[U+000E]][[U+0000]][[U+0003]][[U+0004]]ÿ[[U+FF00]]un po'
affaticato[[U+000E]][[U+0000]][[U+0003]][[U+0004]][[U+0000]][[U+FF00]]...","[[U+000E]][[U+0002]][[U+0001]][[U+0002]][[U+0005]]Mmm... Parece que empiezas
a [[U+000E]][[U+0000]][[U+0003]][[U+0004]]ÿ[[U+FF00]]cansarte[[U+000E]][[U+0000]][[U+0003]][[U+0004]][[U+0000]][[U+FF00]], ¿no?","[[U+000E]][[U+0002]][[U+0001]][[U+0002]][[U+0005]]Hmm. A little [[U+000E]][[U+0000]][[U+0003]][[U+0004]]ÿ[[U+FF00]]tired[[U+000E]][[U+0000]][[U+0003]][[U+0004]][[U+0000]][[U+FF00]], [[U+000E]][[U+0000]][[U+0003]][[U+0004]]ÿ[[U+FF00]][[U+000E]][[U+0000]][[U+0003]][[U+0004]][[U+0000]][[U+FF00]]are we?","[[U+000E]][[U+0002]][[U+0001]][[U+0002]][[U+0005]]On dirait que la [[U+000E]][[U+0000]][[U+0003]][[U+0004]]ÿ[[U+FF00]]fatigue
[[U+000E]][[U+0000]][[U+0003]][[U+0004]][[U+0000]][[U+FF00]]vous gagne...","[[U+000E]][[U+0002]][[U+0001]][[U+0002]][[U+0005]]Mmm... Parece que empiezas
a [[U+000E]][[U+0000]][[U+0003]][[U+0004]]ÿ[[U+FF00]]cansarte[[U+000E]][[U+0000]][[U+0003]][[U+0004]][[U+0000]][[U+FF00]], ¿no?","[[U+000E]][[U+0002]][[U+0001]][[U+0002]][[U+0005]]Hmm, biraz [[U+000E]][[U+0000]][[U+0003]][[U+0004]]ÿ[[U+FF00]]yorgun[[U+000E]][[U+0000]][[U+0003]][[U+0004]][[U+0000]][[U+FF00]], [[U+000E]][[U+0000]][[U+0003]][[U+0004]]ÿ[[U+FF00]][[U+000E]][[U+0000]][[U+0003]][[U+0004]][[U+0000]][[U+FF00]]değil miyiz?"
Nou_Result_comment_keep_01,256,Nou_Result_comment_keep_01,"[[U+000E]][[U+0002]][[U+0001]][[U+0002]][[U+0003]]Dat zijn behoorlijk
goede resultaten.",[[U+000E]][[U+0002]][[U+0001]][[U+0002]][[U+0003]]Pretty good results there.,[[U+000E]][[U+0002]][[U+0001]][[U+0002]][[U+0003]]Vous avez de bons résultats.,"[[U+000E]][[U+0002]][[U+0001]][[U+0002]][[U+0003]]Eine wirklich beachtliche
Leistung!","[[U+000E]][[U+0002]][[U+0001]][[U+0002]][[U+0003]]Un risultato
davvero niente male!",[[U+000E]][[U+0002]][[U+0001]][[U+0002]][[U+0003]]¡Unos resultados sorprendentes!,[[U+000E]][[U+0002]][[U+0001]][[U+0002]][[U+0003]]Pretty good results there.,[[U+000E]][[U+0002]][[U+0001]][[U+0002]][[U+0003]]Vous avez de bons résultats.,[[U+000E]][[U+0002]][[U+0001]][[U+0002]][[U+0003]]¡Unos resultados sorprendentes!,[[U+000E]][[U+0002]][[U+0001]][[U+0002]][[U+0003]]Sonuçlar fena değil.
Nou_Result_comment_better_01,257,Nou_Result_comment_better_01,"[[U+000E]][[U+0002]][[U+0001]][[U+0002]][[U+0008]]Zo dichtbij! Je had bijna een
perfecte score te pakken!

[[U+000E]][[U+0002]][[U+0001]][[U+0002]][[U+0003]]Maar alsnog een [[U+000E]][[U+0000]][[U+0003]][[U+0004]]ÿ[[U+FF00]]zeer
goed [[U+000E]][[U+0000]][[U+0003]][[U+0004]][[U+0000]][[U+FF00]]resultaat.","[[U+000E]][[U+0002]][[U+0001]][[U+0002]][[U+0008]]So close! You almost got
a perfect score!

[[U+000E]][[U+0002]][[U+0001]][[U+0002]][[U+0003]]Still a [[U+000E]][[U+0000]][[U+0003]][[U+0004]]ÿ[[U+FF00]]very good [[U+000E]][[U+0000]][[U+0003]][[U+0004]][[U+0000]][[U+FF00]]result though.","[[U+000E]][[U+0002]][[U+0001]][[U+0002]][[U+0008]]Dommage ! Vous n'étiez pas loin
du sans-faute.

[[U+000E]][[U+0002]][[U+0001]][[U+0002]][[U+0003]]C'est un [[U+000E]][[U+0000]][[U+0003]][[U+0004]]ÿ[[U+FF00]]très bon [[U+000E]][[U+0000]][[U+0003]][[U+0004]][[U+0000]][[U+FF00]]résultat !","[[U+000E]][[U+0002]][[U+0001]][[U+0002]][[U+0008]]Das war knapp!
Fast hätten Sie alle
Aufgaben richtig gelöst!
[[U+000E]][[U+0002]][[U+0001]][[U+0002]][[U+0003]]Trotzdem, eine [[U+000E]][[U+0000]][[U+0003]][[U+0004]]ÿ[[U+FF00]]fantastische[[U+000E]][[U+0000]][[U+0003]][[U+0004]][[U+0000]][[U+FF00]]
Leistung.","[[U+000E]][[U+0002]][[U+0001]][[U+0002]][[U+0008]]Che peccato!
Ti mancava pochissimo
per il punteggio pieno.
[[U+000E]][[U+0002]][[U+0001]][[U+0002]][[U+0003]]Hai comunque ottenuto
un [[U+000E]][[U+0000]][[U+0003]][[U+0004]]ÿ[[U+FF00]]ottimo [[U+000E]][[U+0000]][[U+0003]][[U+0004]][[U+0000]][[U+FF00]]risultato.","[[U+000E]][[U+0002]][[U+0001]][[U+0002]][[U+0008]]¡Por qué poco no has conseguido
la puntuación perfecta!
[[U+000E]][[U+0002]][[U+0001]][[U+0002]][[U+0003]]Pero ya puedes salir a la calle
con la cabeza [[U+000E]][[U+0000]][[U+0003]][[U+0004]]ÿ[[U+FF00]]bien alta[[U+000E]][[U+0000]][[U+0003]][[U+0004]][[U+0000]][[U+FF00]], como
tu marca.","[[U+000E]][[U+0002]][[U+0001]][[U+0002]][[U+0008]]So close! You almost got
a perfect score!

[[U+000E]][[U+0002]][[U+0001]][[U+0002]][[U+0003]]Still a [[U+000E]][[U+0000]][[U+0003]][[U+0004]]ÿ[[U+FF00]]very good [[U+000E]][[U+0000]][[U+0003]][[U+0004]][[U+0000]][[U+FF00]]result, though.","[[U+000E]][[U+0002]][[U+0001]][[U+0002]][[U+0008]]Désolé! Vous n'étiez pas
loin du sans-faute.

[[U+000E]][[U+0002]][[U+0001]][[U+0002]][[U+0003]]C'est un [[U+000E]][[U+0000]][[U+0003]][[U+0004]]ÿ[[U+FF00]]très bon [[U+000E]][[U+0000]][[U+0003]][[U+0004]][[U+0000]][[U+FF00]]résultat!","[[U+000E]][[U+0002]][[U+0001]][[U+0002]][[U+0008]]¡Por poco! ¡Casi has conseguido
la puntuación perfecta!
[[U+000E]][[U+0002]][[U+0001]][[U+0002]][[U+0003]]Pero ya puedes salir a la calle
con la cabeza [[U+000E]][[U+0000]][[U+0003]][[U+0004]]ÿ[[U+FF00]]bien alta[[U+000E]][[U+0000]][[U+0003]][[U+0004]][[U+0000]][[U+FF00]], como
tu marca.","[[U+000E]][[U+0002]][[U+0001]][[U+0002]][[U+0008]]Çok az kaldı! Neredeyse
mükemmel puan alıyordun!

[[U+000E]][[U+0002]][[U+0001]][[U+0002]][[U+0003]]Yine de [[U+000E]][[U+0000]][[U+0003]][[U+0004]]ÿ[[U+FF00]]çok iyi [[U+000E]][[U+0000]][[U+0003]][[U+0004]][[U+0000]][[U+FF00]]bir sonuç."
Nou_Result_comment_great_01,258,Nou_Result_comment_great_01,"[[U+000E]][[U+0002]][[U+0001]][[U+0002]][[U+0007]][[U+000E]][[U+0000]][[U+0003]][[U+0004]]ÿ[[U+FF00]]Ongelooflijk[[U+000E]][[U+0000]][[U+0003]][[U+0004]][[U+0000]][[U+FF00]]! Dat waren ze
[[U+000E]][[U+0000]][[U+0003]][[U+0004]]ÿ[[U+FF00]]allemaal[[U+000E]][[U+0000]][[U+0003]][[U+0004]][[U+0000]][[U+FF00]]! Ik ben onder de indruk!","[[U+000E]][[U+0002]][[U+0001]][[U+0002]][[U+0007]][[U+000E]][[U+0000]][[U+0003]][[U+0004]]ÿ[[U+FF00]]Amazing[[U+000E]][[U+0000]][[U+0003]][[U+0004]][[U+0000]][[U+FF00]]! That's [[U+000E]][[U+0000]][[U+0003]][[U+0004]]ÿ[[U+FF00]]all of them[[U+000E]][[U+0000]][[U+0003]][[U+0004]][[U+0000]][[U+FF00]]!
I'm impressed!","[[U+000E]][[U+0002]][[U+0001]][[U+0002]][[U+0007]][[U+000E]][[U+0000]][[U+0003]][[U+0004]]ÿ[[U+FF00]]Magnifique[[U+000E]][[U+0000]][[U+0003]][[U+0004]][[U+0000]][[U+FF00]], un [[U+000E]][[U+0000]][[U+0003]][[U+0004]]ÿ[[U+FF00]]sans-faute[[U+000E]][[U+0000]][[U+0003]][[U+0004]][[U+0000]][[U+FF00]] !
Je suis ému.","[[U+000E]][[U+0002]][[U+0001]][[U+0002]][[U+0007]][[U+000E]][[U+0000]][[U+0003]][[U+0004]]ÿ[[U+FF00]]Unglaublich[[U+000E]][[U+0000]][[U+0003]][[U+0004]][[U+0000]][[U+FF00]]! Sie haben [[U+000E]][[U+0000]][[U+0003]][[U+0004]]ÿ[[U+FF00]]alle
Aufgaben[[U+000E]][[U+0000]][[U+0003]][[U+0004]][[U+0000]][[U+FF00]] richtig gelöst. Ich
bin beeindruckt!","[[U+000E]][[U+0002]][[U+0001]][[U+0002]][[U+0007]][[U+000E]][[U+0000]][[U+0003]][[U+0004]]ÿ[[U+FF00]]Fantastico[[U+000E]][[U+0000]][[U+0003]][[U+0004]][[U+0000]][[U+FF00]]!
[[U+000E]][[U+0000]][[U+0003]][[U+0004]]ÿ[[U+FF00]]100% di risposte esatte[[U+000E]][[U+0000]][[U+0003]][[U+0004]][[U+0000]][[U+FF00]]!
Sono veramente commosso!","[[U+000E]][[U+0002]][[U+0001]][[U+0002]][[U+0007]]¡[[U+000E]][[U+0000]][[U+0003]][[U+0004]]ÿ[[U+FF00]]Increíble[[U+000E]][[U+0000]][[U+0003]][[U+0004]][[U+0000]][[U+FF00]]!
¡No has fallado [[U+000E]][[U+0000]][[U+0003]][[U+0004]]ÿ[[U+FF00]]ni una[[U+000E]][[U+0000]][[U+0003]][[U+0004]][[U+0000]][[U+FF00]]![[U+000E]][[U+0000]][[U+0003]][[U+0004]]ÿ[[U+FF00]][[U+000E]][[U+0000]][[U+0003]][[U+0004]][[U+0000]][[U+FF00]]
¡No doy crédito!","[[U+000E]][[U+0002]][[U+0001]][[U+0002]][[U+0007]][[U+000E]][[U+0000]][[U+0003]][[U+0004]]ÿ[[U+FF00]]Amazing[[U+000E]][[U+0000]][[U+0003]][[U+0004]][[U+0000]][[U+FF00]]! That's [[U+000E]][[U+0000]][[U+0003]][[U+0004]]ÿ[[U+FF00]]all of them[[U+000E]][[U+0000]][[U+0003]][[U+0004]][[U+0000]][[U+FF00]]!
I'm impressed!","[[U+000E]][[U+0002]][[U+0001]][[U+0002]][[U+0007]][[U+000E]][[U+0000]][[U+0003]][[U+0004]]ÿ[[U+FF00]]Magnifique[[U+000E]][[U+0000]][[U+0003]][[U+0004]][[U+0000]][[U+FF00]], un [[U+000E]][[U+0000]][[U+0003]][[U+0004]]ÿ[[U+FF00]]sans-faute[[U+000E]][[U+0000]][[U+0003]][[U+0004]][[U+0000]][[U+FF00]]!
Je suis ému.","[[U+000E]][[U+0002]][[U+0001]][[U+0002]][[U+0007]]¡[[U+000E]][[U+0000]][[U+0003]][[U+0004]]ÿ[[U+FF00]]Increíble[[U+000E]][[U+0000]][[U+0003]][[U+0004]][[U+0000]][[U+FF00]]!
¡No has fallado [[U+000E]][[U+0000]][[U+0003]][[U+0004]]ÿ[[U+FF00]]ni una[[U+000E]][[U+0000]][[U+0003]][[U+0004]][[U+0000]][[U+FF00]]![[U+000E]][[U+0000]][[U+0003]][[U+0004]]ÿ[[U+FF00]][[U+000E]][[U+0000]][[U+0003]][[U+0004]][[U+0000]][[U+FF00]]
¡No doy crédito a mis ojos!","[[U+000E]][[U+0002]][[U+0001]][[U+0002]][[U+0007]][[U+000E]][[U+0000]][[U+0003]][[U+0004]]ÿ[[U+FF00]]İnanılmaz[[U+000E]][[U+0000]][[U+0003]][[U+0004]][[U+0000]][[U+FF00]]! [[U+000E]][[U+0000]][[U+0003]][[U+0004]]ÿ[[U+FF00]]Hepsi bu kadar[[U+000E]][[U+0000]][[U+0003]][[U+0004]][[U+0000]][[U+FF00]]!
Etkilendim!"
Nou_Result_comment_better_02,259,Nou_Result_comment_better_02,"[[U+000E]][[U+0002]][[U+0001]][[U+0002]][[U+0002]]Het lijkt erop dat je hersenen aan
[[U+000E]][[U+0000]][[U+0003]][[U+0004]]ÿ[[U+FF00]]hun tweede jeugd [[U+000E]][[U+0000]][[U+0003]][[U+0004]][[U+0000]][[U+FF00]]zijn begonnen!
Goed zo!","[[U+000E]][[U+0002]][[U+0001]][[U+0002]][[U+0002]]My, it seems your brain is
really [[U+000E]][[U+0000]][[U+0003]][[U+0004]]ÿ[[U+FF00]]recapturing its youth[[U+000E]][[U+0000]][[U+0003]][[U+0004]][[U+0000]][[U+FF00]]!
Well done!","[[U+000E]][[U+0002]][[U+0001]][[U+0002]][[U+0002]]Votre cerveau semble rajeunir
[[U+000E]][[U+0000]][[U+0003]][[U+0004]]ÿ[[U+FF00]]à vue d'œil [[U+000E]][[U+0000]][[U+0003]][[U+0004]][[U+0000]][[U+FF00]]!","[[U+000E]][[U+0002]][[U+0001]][[U+0002]][[U+0002]][[U+000E]][[U+0000]][[U+0003]][[U+0004]]ÿ[[U+FF00]]Fühlt[[U+000E]][[U+0000]][[U+0003]][[U+0004]][[U+0000]][[U+FF00]] sich Ihr Gehirn schon
jünger an?",[[U+000E]][[U+0002]][[U+0001]][[U+0002]][[U+0002]]Noto [[U+000E]][[U+0000]][[U+0003]][[U+0004]]ÿ[[U+FF00]]ottimi [[U+000E]][[U+0000]][[U+0003]][[U+0004]][[U+0000]][[U+FF00]]miglioramenti!,"[[U+000E]][[U+0002]][[U+0001]][[U+0002]][[U+0002]]¡Tu cerebro ya empieza
a [[U+000E]][[U+0000]][[U+0003]][[U+0004]]ÿ[[U+FF00]]recobrar su juventud[[U+000E]][[U+0000]][[U+0003]][[U+0004]][[U+0000]][[U+FF00]]!
¡Bien hecho!","[[U+000E]][[U+0002]][[U+0001]][[U+0002]][[U+0002]]My, it seems your brain is
really [[U+000E]][[U+0000]][[U+0003]][[U+0004]]ÿ[[U+FF00]]recapturing its youth[[U+000E]][[U+0000]][[U+0003]][[U+0004]][[U+0000]][[U+FF00]]!
Well done!","[[U+000E]][[U+0002]][[U+0001]][[U+0002]][[U+0002]]Votre cerveau semble rajeunir
[[U+000E]][[U+0000]][[U+0003]][[U+0004]]ÿ[[U+FF00]]à vue d'œil[[U+000E]][[U+0000]][[U+0003]][[U+0004]][[U+0000]][[U+FF00]]!","[[U+000E]][[U+0002]][[U+0001]][[U+0002]][[U+0002]]¡Tu cerebro ya empieza
a [[U+000E]][[U+0000]][[U+0003]][[U+0004]]ÿ[[U+FF00]]recobrar su juventud[[U+000E]][[U+0000]][[U+0003]][[U+0004]][[U+0000]][[U+FF00]]!
¡Bien hecho!","[[U+000E]][[U+0002]][[U+0001]][[U+0002]][[U+0002]]Vay, beynin gerçekten
[[U+000E]][[U+0000]][[U+0003]][[U+0004]]ÿ[[U+FF00]]gençliğini geri kazanıyor[[U+000E]][[U+0000]][[U+0003]][[U+0004]][[U+0000]][[U+FF00]]!
Aferin!"
Nou_Result_comment_kakitori_ng,260,Nou_Result_comment_kakitori_ng,"[[U+000E]][[U+0002]][[U+0001]][[U+0002]][[U+0005]]Wat jammer! Doe je best om
de antwoorden te onthouden
en probeer het de volgende
keer weer.","[[U+000E]][[U+0002]][[U+0001]][[U+0002]][[U+0005]]Bad luck! Try to remember the 
answers and try again next time.","[[U+000E]][[U+0002]][[U+0001]][[U+0002]][[U+0005]]Dommage ! Mémorisez les
réponses et vous ferez mieux
la prochaine fois !","[[U+000E]][[U+0002]][[U+0001]][[U+0002]][[U+0005]]Wirklich schade...
Merken Sie sich die
richtigen Antworten gut...
Und geben Sie beim
nächsten Mal alles!","[[U+000E]][[U+0002]][[U+0001]][[U+0002]][[U+0005]]Che peccato...
Ma sono certo che
farai meglio la
prossima volta.","[[U+000E]][[U+0002]][[U+0001]][[U+0002]][[U+0005]]Qué pena... Memoriza bien las
respuestas y tendrás mejor
suerte la próxima vez, seguro.","[[U+000E]][[U+0002]][[U+0001]][[U+0002]][[U+0005]]Bad luck! Try to remember the 
answers, and try again next time.","[[U+000E]][[U+0002]][[U+0001]][[U+0002]][[U+0005]]Dommage! Mémorisez les
réponses et vous ferez mieux
la prochaine fois!","[[U+000E]][[U+0002]][[U+0001]][[U+0002]][[U+0005]]Qué pena... Memoriza bien las
respuestas y tendrás mejor
suerte la próxima vez, seguro.","[[U+000E]][[U+0002]][[U+0001]][[U+0002]][[U+0005]]Şanssızlık! Cevapları hatırlamaya
çalış ve bir dahaki sefere tekrar
dene."
Nou_Result_comment_kakitori_ok,261,Nou_Result_comment_kakitori_ok,"[[U+000E]][[U+0002]][[U+0001]][[U+0002]][[U+0003]][[U+000E]][[U+0000]][[U+0003]][[U+0004]]ÿ[[U+FF00]]Uitstekend[[U+000E]][[U+0000]][[U+0003]][[U+0004]][[U+0000]][[U+FF00]]! Je had zelfs de
antwoorden goed die je eerder
fout had!","[[U+000E]][[U+0002]][[U+0001]][[U+0002]][[U+0003]][[U+000E]][[U+0000]][[U+0003]][[U+0004]]ÿ[[U+FF00]]Excellent[[U+000E]][[U+0000]][[U+0003]][[U+0004]][[U+0000]][[U+FF00]]! You even managed
to answer the questions you
got wrong before!","[[U+000E]][[U+0002]][[U+0001]][[U+0002]][[U+0003]][[U+000E]][[U+0000]][[U+0003]][[U+0004]]ÿ[[U+FF00]]Fantastique [[U+000E]][[U+0000]][[U+0003]][[U+0004]][[U+0000]][[U+FF00]]! Vous avez réussi
à répondre correctement à des
questions où vous aviez fait
des erreurs auparavant.","[[U+000E]][[U+0002]][[U+0001]][[U+0002]][[U+0003]][[U+000E]][[U+0000]][[U+0003]][[U+0004]]ÿ[[U+FF00]]Fantastisch[[U+000E]][[U+0000]][[U+0003]][[U+0004]][[U+0000]][[U+FF00]]! Haben Sie beim
letzten Mal noch Fehler
gemacht, konnten Sie nun
korrekt antworten!","[[U+000E]][[U+0002]][[U+0001]][[U+0002]][[U+0003]][[U+000E]][[U+0000]][[U+0003]][[U+0004]]ÿ[[U+FF00]]Eccellente[[U+000E]][[U+0000]][[U+0003]][[U+0004]][[U+0000]][[U+FF00]]!
Hai alzato la tua
percentuale di
riposte corrette!","[[U+000E]][[U+0002]][[U+0001]][[U+0002]][[U+0003]]¡[[U+000E]][[U+0000]][[U+0003]][[U+0004]]ÿ[[U+FF00]]Magnífico[[U+000E]][[U+0000]][[U+0003]][[U+0004]][[U+0000]][[U+FF00]]! Incluso has acertado
las preguntas que fallaste la otra
vez.","[[U+000E]][[U+0002]][[U+0001]][[U+0002]][[U+0003]][[U+000E]][[U+0000]][[U+0003]][[U+0004]]ÿ[[U+FF00]]Excellent[[U+000E]][[U+0000]][[U+0003]][[U+0004]][[U+0000]][[U+FF00]]! You even managed
to answer the questions you
got wrong before!","[[U+000E]][[U+0002]][[U+0001]][[U+0002]][[U+0003]][[U+000E]][[U+0000]][[U+0003]][[U+0004]]ÿ[[U+FF00]]Fantastique[[U+000E]][[U+0000]][[U+0003]][[U+0004]][[U+0000]][[U+FF00]]! Vous avez réussi
à répondre correctement à des
questions où vous aviez fait
des erreurs auparavant.","[[U+000E]][[U+0002]][[U+0001]][[U+0002]][[U+0003]]¡[[U+000E]][[U+0000]][[U+0003]][[U+0004]]ÿ[[U+FF00]]Magnífico[[U+000E]][[U+0000]][[U+0003]][[U+0004]][[U+0000]][[U+FF00]]! Incluso has acertado
las preguntas que fallaste la otra
vez.","[[U+000E]][[U+0002]][[U+0001]][[U+0002]][[U+0003]][[U+000E]][[U+0000]][[U+0003]][[U+0004]]ÿ[[U+FF00]]Mükemmel[[U+000E]][[U+0000]][[U+0003]][[U+0004]][[U+0000]][[U+FF00]]! Daha önce yanlış
yaptığın soruları bile cevaplamayı
başardın!"
Nou_Result_comment_intro_base,262,Nou_Result_comment_intro_base,"[[U+000E]][[U+0002]][[U+0001]][[U+0002]]De oefening [[U+000E]][[U+0001]][[U+0000]][[U+0000]] is
ontwikkeld om je werkgeheugen
[[U+000E]][[U+0000]][[U+0003]][[U+0004]]ÿ[[U+FF00]]sneller te laten werken[[U+000E]][[U+0000]][[U+0003]][[U+0004]][[U+0000]][[U+FF00]].","[[U+000E]][[U+0002]][[U+0001]][[U+0002]][[U+000E]][[U+0001]][[U+0000]][[U+0000]]
is designed to [[U+000E]][[U+0000]][[U+0003]][[U+0004]]ÿ[[U+FF00]]speed up
[[U+000E]][[U+0000]][[U+0003]][[U+0004]][[U+0000]][[U+FF00]]your working memory.","[[U+000E]][[U+0002]][[U+0001]][[U+0002]]« [[U+000E]][[U+0001]][[U+0000]][[U+0000]] » peut
[[U+000E]][[U+0000]][[U+0003]][[U+0004]]ÿ[[U+FF00]]accélérer [[U+000E]][[U+0000]][[U+0003]][[U+0004]][[U+0000]][[U+FF00]]votre mémoire de
travail.","[[U+000E]][[U+0002]][[U+0001]][[U+0002]]Die Übung „[[U+000E]][[U+0001]][[U+0000]][[U+0000]]“
kann die Geschwindigkeit Ihres
Arbeitsgedächtnisses [[U+000E]][[U+0000]][[U+0003]][[U+0004]]ÿ[[U+FF00]]verbessern[[U+000E]][[U+0000]][[U+0003]][[U+0004]][[U+0000]][[U+FF00]].","[[U+000E]][[U+0002]][[U+0001]][[U+0002]]Con [[U+000E]][[U+0001]][[U+0000]][[U+0000]]
alleni la [[U+000E]][[U+0000]][[U+0003]][[U+0004]]ÿ[[U+FF00]]velocità di
elaborazione [[U+000E]][[U+0000]][[U+0003]][[U+0004]][[U+0000]][[U+FF00]]della tua
memoria di lavoro.","[[U+000E]][[U+0002]][[U+0001]][[U+0002]][[U+000E]][[U+0001]][[U+0000]][[U+0000]]
se centra en [[U+000E]][[U+0000]][[U+0003]][[U+0004]]ÿ[[U+FF00]]estimular[[U+000E]][[U+0000]][[U+0003]][[U+0004]][[U+0000]][[U+FF00]]
la memoria de trabajo.","[[U+000E]][[U+0002]][[U+0001]][[U+0002]][[U+000E]][[U+0001]][[U+0000]][[U+0000]]
is designed to [[U+000E]][[U+0000]][[U+0003]][[U+0004]]ÿ[[U+FF00]]speed up
[[U+000E]][[U+0000]][[U+0003]][[U+0004]][[U+0000]][[U+FF00]]your working memory.","[[U+000E]][[U+0002]][[U+0001]][[U+0002]]« [[U+000E]][[U+0001]][[U+0000]][[U+0000]] » peut
[[U+000E]][[U+0000]][[U+0003]][[U+0004]]ÿ[[U+FF00]]accélérer [[U+000E]][[U+0000]][[U+0003]][[U+0004]][[U+0000]][[U+FF00]]votre mémoire de
travail.","[[U+000E]][[U+0002]][[U+0001]][[U+0002]][[U+000E]][[U+0001]][[U+0000]][[U+0000]]
se centra en [[U+000E]][[U+0000]][[U+0003]][[U+0004]]ÿ[[U+FF00]]estimular[[U+000E]][[U+0000]][[U+0003]][[U+0004]][[U+0000]][[U+FF00]]
la memoria de trabajo.","[[U+000E]][[U+0002]][[U+0001]][[U+0002]]
[[U+000E]][[U+0001]][[U+0000]][[U+0000]]
çalışma belleğini [[U+000E]][[U+0000]][[U+0003]][[U+0004]]ÿ[[U+FF00]]hızlandırmak
[[U+000E]][[U+0000]][[U+0003]][[U+0004]][[U+0000]][[U+FF00]] için tasarlandı."
Nou_Result_comment_title_calc20,263,Nou_Result_comment_title_calc20,Rekenen x 20 ,Calculations x 20,Calcul 20,Rechnen 20,Calcolo 20,Cálculo 20,Calculations x 20,Calcul 20,Cálculo 20,Hesaplamalar x 20
Nou_Result_comment_title_calc100,264,Nou_Result_comment_title_calc100,Rekenen x 100,Calculations x 100,Calcul 100,Rechnen 100,Calcolo 100,Cálculo 100,Calculations x 100,Calcul 100,Cálculo 100,Hesaplamalar x 100
Nou_Result_comment_title_money,265,Nou_Result_comment_title_money,Wisselgeld,Correct Change,Monnaie,Münzenzähler,Conti e resti,Cambio correcto,Change Maker,Monnaie,Cambio correcto,Para Üstü
Nou_Result_comment_title_piano,266,Nou_Result_comment_title_piano,Meesterwerk spelen,Masterpiece Recital,Mélomane,Pianospieler,Melodie,Recital musical,Piano Player,Mélomane,Recital musical,Başyapıt Resitali
Nou_Result_comment_title_kakitori,267,Nou_Result_comment_title_kakitori,Laag naar hoog,Low to High,Mémoire,Merken,Memoria lampo,Retentiva,Low to High,Mémoire,Retentiva,Artan Sıra
Nou_Result_comment_title_pachi,268,Nou_Result_comment_title_pachi,Twee keer zoeken,Multiple Search,Multiples,Multiplikator,Ricerca multipla,Buscamúltiplo,By the Numbers,Multiples,Buscamúltiplo,Kat Avı
Nou_Result_comment_title_shotoku,269,Nou_Result_comment_title_shotoku,Goede verstaander,Word Blend,Brouhaha,Zuhörer,Alessandro Magno,Sonidos mezclados,Word Blend,Brouhaha,Sonidos mezclados,Kelime Harmanı
Nou_Result_comment_title_kanji_destroy,270,Nou_Result_comment_title_kanji_destroy,Woorden uitroeien,Word Buster,Mots explosifs,Wortrallye,Parole a scoppio,Palabras fugaces,Word Attack,Mots explosifs,Palabras fugaces,Kelime Patlatma
Nou_Result_comment_title_kanji_shooting,271,Nou_Result_comment_title_kanji_shooting,Woordenstrijd,Words in Space,Mots intersidéraux,Weltraumwörter,Parole nello spazio,Palabras galácticas,Word Attack: Space,Mots intersidéraux,Palabras galácticas,Uzayda Kelimeler
Nou_Result_comment_title_add_destroy,272,Nou_Result_comment_title_add_destroy,Sommen uitroeien,Addition Buster,Addition explosive,Summenrallye,Somme a scoppio,Suma y sigue,Sum Totaled,Addition explosive,Suma y sigue,Toplama Patlatma
Nou_Result_comment_title_add_fight,273,Nou_Result_comment_title_add_fight,Sommenstrijd,Addition Battle,Baston d'additions,Abwehrrechnung,Somme all'attacco,El ataque de las sumas,Sum Totaled: Battle,Bataille d'additions,El ataque de las sumas,Toplama Savaşı
Nou_Result_comment_title_watch,274,Nou_Result_comment_title_watch,Tijd,Time Lapse,Heures,Zeit,Calcola tempo,Temporizador,Time Lapse,Heures,Temporizador,Geçen Süre
Nou_Result_comment_intro_piano,275,Nou_Result_comment_intro_piano,"[[U+000E]][[U+0002]][[U+0001]][[U+0002]]Meesterwerk spelen kan je helpen
[[U+000E]][[U+0000]][[U+0003]][[U+0004]]ÿ[[U+FF00]]gestructureerder te denken[[U+000E]][[U+0000]][[U+0003]][[U+0004]][[U+0000]][[U+FF00]]!","[[U+000E]][[U+0002]][[U+0001]][[U+0002]]Masterpiece Recital may
help you to [[U+000E]][[U+0000]][[U+0003]][[U+0004]]ÿ[[U+FF00]]think more clearly[[U+000E]][[U+0000]][[U+0003]][[U+0004]][[U+0000]][[U+FF00]]!","[[U+000E]][[U+0002]][[U+0001]][[U+0002]]L'exercice « mélomane » peut
développer les [[U+000E]][[U+0000]][[U+0003]][[U+0004]]ÿ[[U+FF00]]capacités de
structuration[[U+000E]][[U+0000]][[U+0003]][[U+0004]][[U+0000]][[U+FF00]].","[[U+000E]][[U+0002]][[U+0001]][[U+0002]]„Pianospieler“ kann helfen, das
[[U+000E]][[U+0000]][[U+0003]][[U+0004]]ÿ[[U+FF00]]strukturelle Denken [[U+000E]][[U+0000]][[U+0003]][[U+0004]][[U+0000]][[U+FF00]]zu stärken.","[[U+000E]][[U+0002]][[U+0001]][[U+0002]]Melodie può potenziare
le tue [[U+000E]][[U+0000]][[U+0003]][[U+0004]]ÿ[[U+FF00]]capacità di
strutturazione[[U+000E]][[U+0000]][[U+0003]][[U+0004]][[U+0000]][[U+FF00]].","[[U+000E]][[U+0002]][[U+0001]][[U+0002]]¡Recital musical quizá te ayude
a [[U+000E]][[U+0000]][[U+0003]][[U+0004]]ÿ[[U+FF00]]pensar con más claridad[[U+000E]][[U+0000]][[U+0003]][[U+0004]][[U+0000]][[U+FF00]]!","[[U+000E]][[U+0002]][[U+0001]][[U+0002]]Piano Player may help you
[[U+000E]][[U+0000]][[U+0003]][[U+0004]]ÿ[[U+FF00]]think more clearly[[U+000E]][[U+0000]][[U+0003]][[U+0004]][[U+0000]][[U+FF00]]!","[[U+000E]][[U+0002]][[U+0001]][[U+0002]]L'exercice Mélomane peut
développer les [[U+000E]][[U+0000]][[U+0003]][[U+0004]]ÿ[[U+FF00]]capacités de
structuration[[U+000E]][[U+0000]][[U+0003]][[U+0004]][[U+0000]][[U+FF00]].","[[U+000E]][[U+0002]][[U+0001]][[U+0002]]¡Recital musical quizá te ayude
a [[U+000E]][[U+0000]][[U+0003]][[U+0004]]ÿ[[U+FF00]]pensar con más claridad[[U+000E]][[U+0000]][[U+0003]][[U+0004]][[U+0000]][[U+FF00]]!","[[U+000E]][[U+0002]][[U+0001]][[U+0002]] Başyapıt Resitali, [[U+000E]][[U+0000]][[U+0003]][[U+0004]]ÿ[[U+FF00]]daha net
düşünmene[[U+000E]][[U+0000]][[U+0003]][[U+0004]][[U+0000]][[U+FF00]] yardımcı olabilir!"
Nou_Result_comment_intro_stroop,276,Nou_Result_comment_intro_stroop,,,,,,,,,,
Nou_Result_comment_intro_kakitori,277,Nou_Result_comment_intro_kakitori,"[[U+000E]][[U+0002]][[U+0001]][[U+0002]]Laag naar hoog kan je
[[U+000E]][[U+0000]][[U+0003]][[U+0004]]ÿ[[U+FF00]]geheugen [[U+000E]][[U+0000]][[U+0003]][[U+0004]][[U+0000]][[U+FF00]]verbeteren!","[[U+000E]][[U+0002]][[U+0001]][[U+0002]]Low to High should
improve your [[U+000E]][[U+0000]][[U+0003]][[U+0004]]ÿ[[U+FF00]]memory[[U+000E]][[U+0000]][[U+0003]][[U+0004]][[U+0000]][[U+FF00]]!","[[U+000E]][[U+0002]][[U+0001]][[U+0002]]L'exercice « mémoire » peut
développer les capacités de
[[U+000E]][[U+0000]][[U+0003]][[U+0004]]ÿ[[U+FF00]]mémorisation[[U+000E]][[U+0000]][[U+0003]][[U+0004]][[U+0000]][[U+FF00]].","[[U+000E]][[U+0002]][[U+0001]][[U+0002]]„Merken“ kann Ihr
[[U+000E]][[U+0000]][[U+0003]][[U+0004]]ÿ[[U+FF00]]Gedächtnis[[U+000E]][[U+0000]][[U+0003]][[U+0004]][[U+0000]][[U+FF00]] stärken!","[[U+000E]][[U+0002]][[U+0001]][[U+0002]]Memoria lampo può
aumentare la tua [[U+000E]][[U+0000]][[U+0003]][[U+0004]]ÿ[[U+FF00]]capacità
di memorizzazione[[U+000E]][[U+0000]][[U+0003]][[U+0004]][[U+0000]][[U+FF00]].","[[U+000E]][[U+0002]][[U+0001]][[U+0002]]¡Retentiva sirve para ejercitar
la [[U+000E]][[U+0000]][[U+0003]][[U+0004]]ÿ[[U+FF00]]memoria[[U+000E]][[U+0000]][[U+0003]][[U+0004]][[U+0000]][[U+FF00]]!","[[U+000E]][[U+0002]][[U+0001]][[U+0002]]Low to High might
improve your [[U+000E]][[U+0000]][[U+0003]][[U+0004]]ÿ[[U+FF00]]memory[[U+000E]][[U+0000]][[U+0003]][[U+0004]][[U+0000]][[U+FF00]]!","[[U+000E]][[U+0002]][[U+0001]][[U+0002]]L'exercice Mémoire peut
développer les capacités de
[[U+000E]][[U+0000]][[U+0003]][[U+0004]]ÿ[[U+FF00]]mémorisation[[U+000E]][[U+0000]][[U+0003]][[U+0004]][[U+0000]][[U+FF00]].","[[U+000E]][[U+0002]][[U+0001]][[U+0002]]¡Retentiva sirve para ejercitar
la [[U+000E]][[U+0000]][[U+0003]][[U+0004]]ÿ[[U+FF00]]memoria[[U+000E]][[U+0000]][[U+0003]][[U+0004]][[U+0000]][[U+FF00]]!","[[U+000E]][[U+0002]][[U+0001]][[U+0002]]
Artan Sıra,
[[U+000E]][[U+0000]][[U+0003]][[U+0004]]ÿ[[U+FF00]]hafızanı[[U+000E]][[U+0000]][[U+0003]][[U+0004]][[U+0000]][[U+FF00]] geliştirmeli!"
Nou_Result_comment_intro_pachi,278,Nou_Result_comment_intro_pachi,,,,,,,,,,
Nou_Result_comment_intro_shotoku,279,Nou_Result_comment_intro_shotoku,"[[U+000E]][[U+0002]][[U+0001]][[U+0002]]Goede verstaander kan je helpen
je [[U+000E]][[U+0000]][[U+0003]][[U+0004]]ÿ[[U+FF00]]concentratievermogen
[[U+000E]][[U+0000]][[U+0003]][[U+0004]][[U+0000]][[U+FF00]]te verbeteren!","[[U+000E]][[U+0002]][[U+0001]][[U+0002]]Word Blend may help
to train your [[U+000E]][[U+0000]][[U+0003]][[U+0004]]ÿ[[U+FF00]]attention span
[[U+000E]][[U+0000]][[U+0003]][[U+0004]][[U+0000]][[U+FF00]]and [[U+000E]][[U+0000]][[U+0003]][[U+0004]]ÿ[[U+FF00]]concentration[[U+000E]][[U+0000]][[U+0003]][[U+0004]][[U+0000]][[U+FF00]] too!","[[U+000E]][[U+0002]][[U+0001]][[U+0002]]L'exercice « brouhaha » peut
permettre d'aiguiser l'[[U+000E]][[U+0000]][[U+0003]][[U+0004]]ÿ[[U+FF00]]attention [[U+000E]][[U+0000]][[U+0003]][[U+0004]][[U+0000]][[U+FF00]]et
la [[U+000E]][[U+0000]][[U+0003]][[U+0004]]ÿ[[U+FF00]]concentration[[U+000E]][[U+0000]][[U+0003]][[U+0004]][[U+0000]][[U+FF00]].","[[U+000E]][[U+0002]][[U+0001]][[U+0002]]„Zuhörer“ kann helfen,
[[U+000E]][[U+0000]][[U+0003]][[U+0004]]ÿ[[U+FF00]]Aufmerksamkeit und
Konzentration[[U+000E]][[U+0000]][[U+0003]][[U+0004]][[U+0000]][[U+FF00]] zu stärken.","[[U+000E]][[U+0002]][[U+0001]][[U+0002]]Alessandro Magno può
potenziare l'[[U+000E]][[U+0000]][[U+0003]][[U+0004]]ÿ[[U+FF00]]attenzione
[[U+000E]][[U+0000]][[U+0003]][[U+0004]][[U+0000]][[U+FF00]]e la [[U+000E]][[U+0000]][[U+0003]][[U+0004]]ÿ[[U+FF00]]concentrazione[[U+000E]][[U+0000]][[U+0003]][[U+0004]][[U+0000]][[U+FF00]].","[[U+000E]][[U+0002]][[U+0001]][[U+0002]]¡Sonidos mezclados puede
mejorar la [[U+000E]][[U+0000]][[U+0003]][[U+0004]]ÿ[[U+FF00]]atención[[U+000E]][[U+0000]][[U+0003]][[U+0004]][[U+0000]][[U+FF00]], así
como aumentar la [[U+000E]][[U+0000]][[U+0003]][[U+0004]]ÿ[[U+FF00]]capacidad
[[U+000E]][[U+0000]][[U+0003]][[U+0004]][[U+0000]][[U+FF00]][[U+000E]][[U+0000]][[U+0003]][[U+0004]]ÿ[[U+FF00]]de concentración[[U+000E]][[U+0000]][[U+0003]][[U+0004]][[U+0000]][[U+FF00]]!","[[U+000E]][[U+0002]][[U+0001]][[U+0002]]Word Blend may help
to train your [[U+000E]][[U+0000]][[U+0003]][[U+0004]]ÿ[[U+FF00]]attention span
[[U+000E]][[U+0000]][[U+0003]][[U+0004]][[U+0000]][[U+FF00]]and [[U+000E]][[U+0000]][[U+0003]][[U+0004]]ÿ[[U+FF00]]concentration[[U+000E]][[U+0000]][[U+0003]][[U+0004]][[U+0000]][[U+FF00]] too!","[[U+000E]][[U+0002]][[U+0001]][[U+0002]]L'exercice Brouhaha peut
permettre d'aiguiser l'[[U+000E]][[U+0000]][[U+0003]][[U+0004]]ÿ[[U+FF00]]attention [[U+000E]][[U+0000]][[U+0003]][[U+0004]][[U+0000]][[U+FF00]]et
la [[U+000E]][[U+0000]][[U+0003]][[U+0004]]ÿ[[U+FF00]]concentration[[U+000E]][[U+0000]][[U+0003]][[U+0004]][[U+0000]][[U+FF00]].","[[U+000E]][[U+0002]][[U+0001]][[U+0002]]¡Sonidos mezclados puede
mejorar la [[U+000E]][[U+0000]][[U+0003]][[U+0004]]ÿ[[U+FF00]]atención[[U+000E]][[U+0000]][[U+0003]][[U+0004]][[U+0000]][[U+FF00]], así
como aumentar la [[U+000E]][[U+0000]][[U+0003]][[U+0004]]ÿ[[U+FF00]]capacidad
[[U+000E]][[U+0000]][[U+0003]][[U+0004]][[U+0000]][[U+FF00]][[U+000E]][[U+0000]][[U+0003]][[U+0004]]ÿ[[U+FF00]]de concentración[[U+000E]][[U+0000]][[U+0003]][[U+0004]][[U+0000]][[U+FF00]]!","[[U+000E]][[U+0002]][[U+0001]][[U+0002]] Kelime Harmanı, [[U+000E]][[U+0000]][[U+0003]][[U+0004]]ÿ[[U+FF00]]dikkat süreni [[U+000E]][[U+0000]][[U+0003]][[U+0004]][[U+0000]][[U+FF00]]ve
[[U+000E]][[U+0000]][[U+0003]][[U+0004]]ÿ[[U+FF00]]konsantrasyonunu[[U+000E]][[U+0000]][[U+0003]][[U+0004]][[U+0000]][[U+FF00]] da geliştirmene
yardımcı olabilir!"
Nou_Result_comment_intro_kanji_destroy,280,Nou_Result_comment_intro_kanji_destroy,,,,,,,,,,
Nou_Result_comment_intro_watch,281,Nou_Result_comment_intro_watch,,,,,,,,,,
Nou_Calc100,282,Nou_Calc100,,,,,,,,,,
Nou_Calc100_erase,283,Nou_Calc100_erase,Wissen,Erase,Effacer,Löschen,Cancella,Borrar,Erase,Effacer,Borrar,Sil
Nou_Calc100_problem_num,284,Nou_Calc100_problem_num,[[U+000E]][[U+0001]][[U+0000]][[U+0000]],Q [[U+000E]][[U+0001]][[U+0000]][[U+0000]],[[U+000E]][[U+0001]][[U+0000]][[U+0000]],[[U+000E]][[U+0001]][[U+0000]][[U+0000]].,[[U+000E]][[U+0001]][[U+0000]][[U+0000]] risp.,[[U+000E]][[U+0001]][[U+0000]][[U+0000]],Q [[U+000E]][[U+0001]][[U+0000]][[U+0000]],[[U+000E]][[U+0001]][[U+0000]][[U+0000]],[[U+000E]][[U+0001]][[U+0000]][[U+0000]],Q [[U+000E]][[U+0001]][[U+0000]][[U+0000]]
Nou_Calc100_result_time_1,285,Nou_Calc100_result_time_1,"Tijd:
 [[U+000E]][[U+0001]][[U+0000]][[U+0000]] s","Time:
 [[U+000E]][[U+0001]][[U+0000]][[U+0000]]sec","Temps :
 [[U+000E]][[U+0001]][[U+0000]][[U+0000]] s","Zeit:
 [[U+000E]][[U+0001]][[U+0000]][[U+0000]] Sek.","Tempo impiegato:
　[[U+000E]][[U+0001]][[U+0000]][[U+0000]]s","Tiempo:
 [[U+000E]][[U+0001]][[U+0000]][[U+0000]] s","Time:
 [[U+000E]][[U+0001]][[U+0000]][[U+0000]] sec.","Temps :
 [[U+000E]][[U+0001]][[U+0000]][[U+0000]] s","Tiempo:
 [[U+000E]][[U+0001]][[U+0000]][[U+0000]] s","Süre:
 [[U+000E]][[U+0001]][[U+0000]][[U+0000]]sn"
Nou_Calc100_result_time_2,286,Nou_Calc100_result_time_2,"Tijd:
 [[U+000E]][[U+0001]][[U+0000]][[U+0000]] min [[U+000E]][[U+0001]][[U+0001]][[U+0000]] s  ","Time:
 [[U+000E]][[U+0001]][[U+0000]][[U+0000]]min [[U+000E]][[U+0001]][[U+0001]][[U+0000]]sec","Temps :
 [[U+000E]][[U+0001]][[U+0000]][[U+0000]] min [[U+000E]][[U+0001]][[U+0001]][[U+0000]] s","Zeit:
 [[U+000E]][[U+0001]][[U+0000]][[U+0000]] Min. [[U+000E]][[U+0001]][[U+0001]][[U+0000]] Sek.","Tempo impiegato:
　[[U+000E]][[U+0001]][[U+0000]][[U+0000]] min [[U+000E]][[U+0001]][[U+0001]][[U+0000]]s","Tiempo:
 [[U+000E]][[U+0001]][[U+0000]][[U+0000]] min [[U+000E]][[U+0001]][[U+0001]][[U+0000]] s","Time:
 [[U+000E]][[U+0001]][[U+0000]][[U+0000]] min. [[U+000E]][[U+0001]][[U+0001]][[U+0000]] sec.","Temps :
 [[U+000E]][[U+0001]][[U+0000]][[U+0000]] min [[U+000E]][[U+0001]][[U+0001]][[U+0000]] s","Tiempo:
 [[U+000E]][[U+0001]][[U+0000]][[U+0000]] min [[U+000E]][[U+0001]][[U+0001]][[U+0000]] s","Süre:
 [[U+000E]][[U+0001]][[U+0000]][[U+0000]]dk [[U+000E]][[U+0001]][[U+0001]][[U+0000]]sn"
Nou_Calc100_result_penalty_1,287,Nou_Calc100_result_penalty_1,"Straftijd:
 [[U+000E]][[U+0001]][[U+0000]][[U+0000]] V × [[U+000E]][[U+0001]][[U+0001]][[U+0000]] s = [[U+000E]][[U+0001]][[U+0002]][[U+0000]] s","Penalty:
 [[U+000E]][[U+0001]][[U+0000]][[U+0000]] Q × [[U+000E]][[U+0001]][[U+0001]][[U+0000]] sec = [[U+000E]][[U+0001]][[U+0002]][[U+0000]] sec","Pénalité :
 [[U+000E]][[U+0001]][[U+0000]][[U+0000]] x [[U+000E]][[U+0001]][[U+0001]][[U+0000]] s = [[U+000E]][[U+0001]][[U+0002]][[U+0000]] s","Strafzeit:
 [[U+000E]][[U+0001]][[U+0000]][[U+0000]]×[[U+000E]][[U+0001]][[U+0001]][[U+0000]] Sek.= [[U+000E]][[U+0001]][[U+0002]][[U+0000]] Sek.","Penalità:
　[[U+000E]][[U+0001]][[U+0000]][[U+0000]]x [[U+000E]][[U+0001]][[U+0001]][[U+0000]]s = [[U+000E]][[U+0001]][[U+0002]][[U+0000]]s","Penalización:
 [[U+000E]][[U+0001]][[U+0000]][[U+0000]] fallo(s) × [[U+000E]][[U+0001]][[U+0001]][[U+0000]] s = [[U+000E]][[U+0001]][[U+0002]][[U+0000]] s","Penalty:
 [[U+000E]][[U+0001]][[U+0000]][[U+0000]] Q × [[U+000E]][[U+0001]][[U+0001]][[U+0000]] sec. = [[U+000E]][[U+0001]][[U+0002]][[U+0000]] sec.","Pénalité :
 [[U+000E]][[U+0001]][[U+0000]][[U+0000]] x [[U+000E]][[U+0001]][[U+0001]][[U+0000]] s = [[U+000E]][[U+0001]][[U+0002]][[U+0000]] s","Penalización:
 [[U+000E]][[U+0001]][[U+0000]][[U+0000]] fallo(s) × [[U+000E]][[U+0001]][[U+0001]][[U+0000]] s = [[U+000E]][[U+0001]][[U+0002]][[U+0000]] s","Ceza:
 [[U+000E]][[U+0001]][[U+0000]][[U+0000]] Q × [[U+000E]][[U+0001]][[U+0001]][[U+0000]] sn = [[U+000E]][[U+0001]][[U+0002]][[U+0000]] sn"
Nou_Calc100_result_penalty_2,288,Nou_Calc100_result_penalty_2,"Straftijd:
 [[U+000E]][[U+0001]][[U+0000]][[U+0000]] V × [[U+000E]][[U+0001]][[U+0001]][[U+0000]] s = [[U+000E]][[U+0001]][[U+0002]][[U+0000]] min [[U+000E]][[U+0001]][[U+0003]][[U+0000]] s","Penalty:
 [[U+000E]][[U+0001]][[U+0000]][[U+0000]] Q × [[U+000E]][[U+0001]][[U+0001]][[U+0000]]sec = [[U+000E]][[U+0001]][[U+0002]][[U+0000]]min [[U+000E]][[U+0001]][[U+0003]][[U+0000]]sec","Pénalité :
 [[U+000E]][[U+0001]][[U+0000]][[U+0000]] x [[U+000E]][[U+0001]][[U+0001]][[U+0000]] s = [[U+000E]][[U+0001]][[U+0002]][[U+0000]] min [[U+000E]][[U+0001]][[U+0003]][[U+0000]] s","Strafzeit:
 [[U+000E]][[U+0001]][[U+0000]][[U+0000]]×[[U+000E]][[U+0001]][[U+0001]][[U+0000]] Sek.= [[U+000E]][[U+0001]][[U+0002]][[U+0000]] Min.[[U+000E]][[U+0001]][[U+0003]][[U+0000]] Sek.","Penalità:
　[[U+000E]][[U+0001]][[U+0000]][[U+0000]] x [[U+000E]][[U+0001]][[U+0001]][[U+0000]]s = [[U+000E]][[U+0001]][[U+0002]][[U+0000]] min [[U+000E]][[U+0001]][[U+0003]][[U+0000]]s","Penalización:
 [[U+000E]][[U+0001]][[U+0000]][[U+0000]] fallo(s) × [[U+000E]][[U+0001]][[U+0001]][[U+0000]] s = [[U+000E]][[U+0001]][[U+0002]][[U+0000]] min [[U+000E]][[U+0001]][[U+0003]][[U+0000]] s","Penalty:
 [[U+000E]][[U+0001]][[U+0000]][[U+0000]] Q × [[U+000E]][[U+0001]][[U+0001]][[U+0000]] sec. = [[U+000E]][[U+0001]][[U+0002]][[U+0000]] min. [[U+000E]][[U+0001]][[U+0003]][[U+0000]] sec.","Pénalité :
 [[U+000E]][[U+0001]][[U+0000]][[U+0000]] x [[U+000E]][[U+0001]][[U+0001]][[U+0000]] s = [[U+000E]][[U+0001]][[U+0002]][[U+0000]] min [[U+000E]][[U+0001]][[U+0003]][[U+0000]] s","Penalización:
 [[U+000E]][[U+0001]][[U+0000]][[U+0000]] fallo(s) × [[U+000E]][[U+0001]][[U+0001]][[U+0000]] s = [[U+000E]][[U+0001]][[U+0002]][[U+0000]] min [[U+000E]][[U+0001]][[U+0003]][[U+0000]] s","Ceza:
 [[U+000E]][[U+0001]][[U+0000]][[U+0000]] Q × [[U+000E]][[U+0001]][[U+0001]][[U+0000]]sn = [[U+000E]][[U+0001]][[U+0002]][[U+0000]]dk [[U+000E]][[U+0001]][[U+0003]][[U+0000]]sn"
Nou_Calc100_result_total_1,289,Nou_Calc100_result_total_1,"Score:
 [[U+000E]][[U+0001]][[U+0000]][[U+0000]] s","Total:
 [[U+000E]][[U+0001]][[U+0000]][[U+0000]]sec","Record :
 [[U+000E]][[U+0001]][[U+0000]][[U+0000]] s","Ergebnis:
 [[U+000E]][[U+0001]][[U+0000]][[U+0000]] Sek.","Risultato:
　[[U+000E]][[U+0001]][[U+0000]][[U+0000]] s","Total:
 [[U+000E]][[U+0001]][[U+0000]][[U+0000]] s","Total:
 [[U+000E]][[U+0001]][[U+0000]][[U+0000]] sec.","Record :
 [[U+000E]][[U+0001]][[U+0000]][[U+0000]] s","Total:
 [[U+000E]][[U+0001]][[U+0000]][[U+0000]] s","Toplam:
 [[U+000E]][[U+0001]][[U+0000]][[U+0000]]sn"
Nou_Calc100_result_total_2,290,Nou_Calc100_result_total_2,"Score:
 [[U+000E]][[U+0001]][[U+0000]][[U+0000]] min [[U+000E]][[U+0001]][[U+0001]][[U+0000]] s","Total:
 [[U+000E]][[U+0001]][[U+0000]][[U+0000]]min [[U+000E]][[U+0001]][[U+0001]][[U+0000]]sec","Record :
 [[U+000E]][[U+0001]][[U+0000]][[U+0000]] min [[U+000E]][[U+0001]][[U+0001]][[U+0000]] s","Ergebnis:
 [[U+000E]][[U+0001]][[U+0000]][[U+0000]] Min. [[U+000E]][[U+0001]][[U+0001]][[U+0000]] Sek.","Risultato:
　[[U+000E]][[U+0001]][[U+0000]][[U+0000]] min [[U+000E]][[U+0001]][[U+0001]][[U+0000]] s","Total:
 [[U+000E]][[U+0001]][[U+0000]][[U+0000]] min [[U+000E]][[U+0001]][[U+0001]][[U+0000]] s","Total:
 [[U+000E]][[U+0001]][[U+0000]][[U+0000]] min. [[U+000E]][[U+0001]][[U+0001]][[U+0000]] sec.","Record :
 [[U+000E]][[U+0001]][[U+0000]][[U+0000]] min [[U+000E]][[U+0001]][[U+0001]][[U+0000]] s","Total:
 [[U+000E]][[U+0001]][[U+0000]][[U+0000]] min [[U+000E]][[U+0001]][[U+0001]][[U+0000]] s","Toplam:
 [[U+000E]][[U+0001]][[U+0000]][[U+0000]]dk [[U+000E]][[U+0001]][[U+0001]][[U+0000]]sn"
Nou_Calc20_Dialog_Title,291,Nou_Calc20_Dialog_Title,Rekenen x 20 ,Calculations x 20,Calcul 20,Rechnen 20,Calcolo 20,Cálculo 20,Calculations x 20,Calcul 20,Cálculo 20,Hesaplamalar x 20
Nou_Calc100_Dialog_Title,292,Nou_Calc100_Dialog_Title,Rekenen x 100,Calculations x 100,Calcul 100,Rechnen 100,Calcolo 100,Cálculo 100,Calculations x 100,Calcul 100,Cálculo 100,Hesaplamalar x 100
Nou_Piano,293,Nou_Piano,,,,,,,,,,
Nou_Piano_title_base,294,Nou_Piano_title_base,"[[U+000E]][[U+0001]][[U+0000]][[U+0000]]
[[U+000E]][[U+0001]][[U+0001]][[U+0000]]","[[U+000E]][[U+0001]][[U+0000]][[U+0000]]
[[U+000E]][[U+0001]][[U+0001]][[U+0000]]","[[U+000E]][[U+0001]][[U+0000]][[U+0000]]
[[U+000E]][[U+0001]][[U+0001]][[U+0000]]","[[U+000E]][[U+0001]][[U+0000]][[U+0000]]
[[U+000E]][[U+0001]][[U+0001]][[U+0000]]","[[U+000E]][[U+0001]][[U+0000]][[U+0000]]
[[U+000E]][[U+0001]][[U+0001]][[U+0000]]","[[U+000E]][[U+0001]][[U+0000]][[U+0000]]
[[U+000E]][[U+0001]][[U+0001]][[U+0000]]","[[U+000E]][[U+0001]][[U+0000]][[U+0000]]
[[U+000E]][[U+0001]][[U+0001]][[U+0000]]","[[U+000E]][[U+0001]][[U+0000]][[U+0000]]
[[U+000E]][[U+0001]][[U+0001]][[U+0000]]","[[U+000E]][[U+0001]][[U+0000]][[U+0000]]
[[U+000E]][[U+0001]][[U+0001]][[U+0000]]","[[U+000E]][[U+0001]][[U+0000]][[U+0000]]
[[U+000E]][[U+0001]][[U+0001]][[U+0000]]"
Nou_Piano_title_and_author,295,Nou_Piano_title_and_author,[[U+000E]][[U+0001]][[U+0000]][[U+0000]]([[U+000E]][[U+0001]][[U+0001]][[U+0000]]),[[U+000E]][[U+0001]][[U+0000]][[U+0000]]([[U+000E]][[U+0001]][[U+0001]][[U+0000]]),[[U+000E]][[U+0001]][[U+0000]][[U+0000]]（[[U+000E]][[U+0001]][[U+0001]][[U+0000]]）,[[U+000E]][[U+0001]][[U+0000]][[U+0000]]([[U+000E]][[U+0001]][[U+0001]][[U+0000]]),[[U+000E]][[U+0001]][[U+0000]][[U+0000]]([[U+000E]][[U+0001]][[U+0001]][[U+0000]]),[[U+000E]][[U+0001]][[U+0000]][[U+0000]] ([[U+000E]][[U+0001]][[U+0001]][[U+0000]]),[[U+000E]][[U+0001]][[U+0000]][[U+0000]]([[U+000E]][[U+0001]][[U+0001]][[U+0000]]),[[U+000E]][[U+0001]][[U+0000]][[U+0000]]（[[U+000E]][[U+0001]][[U+0001]][[U+0000]]）,[[U+000E]][[U+0001]][[U+0000]][[U+0000]] ([[U+000E]][[U+0001]][[U+0001]][[U+0000]]),[[U+000E]][[U+0001]][[U+0000]][[U+0000]]([[U+000E]][[U+0001]][[U+0001]][[U+0000]])
Nou_Piano_title_not_open,296,Nou_Piano_title_not_open,???,???,???,???,???,(?),???,???,(?),???
Nou_Piano_select,297,Nou_Piano_select,Muziek kiezen,Select Song,Choisissez un morceau,Bitte wählen Sie ein Stück.,Seleziona il brano,Lista de temas,Select Song,Choisissez un morceau,Lista de temas,Şarkı Seç
Nou_Piano_title_00,298,Nou_Piano_title_00,On Top of Old Smoky,On Top of Old Smoky,On Top of Old Smoky,On Top of Old Smoky,On Top of Old Smoky,On Top of Old Smoky,On Top of Old Smoky,On Top of Old Smoky,On Top of Old Smoky,On Top of Old Smoky
Nou_Piano_title_01,299,Nou_Piano_title_01,Red River Valley,Red River Valley,Red River Valley,Red River Valley,Red River Valley,Red River Valley,Red River Valley,Red River Valley,Red River Valley,Red River Valley
Nou_Piano_title_02,300,Nou_Piano_title_02,I've Been Working On the Railroad,I've Been Working on the Railroad,I've Been Working On the Railroad,I've Been Working on the Railroad,I've Been Working On the Railroad,I've Been Working On the Railroad,I've Been Working on the Railroad,I've Been Working On the Railroad,I've Been Working On the Railroad,Demiryolunda Çalışıyordum
Nou_Piano_title_03,301,Nou_Piano_title_03,Under the Spreading Chestnut Tree,Under the Spreading Chestnut Tree,Under the Spreading Chestnut Tree,Under the Spreading Chestnut Tree,Under the Spreading Chestnut Tree,Under the Spreading Chestnut Tree,Under the Spreading Chestnut Tree,Under the Spreading Chestnut Tree,Under the Spreading Chestnut Tree,Yayılan Kestane Ağacının Altında
Nou_Piano_title_04,302,Nou_Piano_title_04,Sippin' Cider Through a Straw,Sippin' Cider Through a Straw,Sippin' Cider Through a Straw,Sippin' Cider Through a Straw,Sippin' Cider Through a Straw,Sippin' Cider Through a Straw,Sippin' Cider Through a Straw,Sippin' Cider Through a Straw,Sippin' Cider Through a Straw,Sippin' Cider Through a Straw
Nou_Piano_title_05,303,Nou_Piano_title_05,Kalinka,Kalinka,Kalinka,Kalinka,Kalinka,Kalinka,Kalinka,Kalinka,Kalinka,Kalinka
Nou_Piano_title_06,304,Nou_Piano_title_06,For He's a Jolly Good Fellow!,For He's a Jolly Good Fellow!,For He's a Jolly Good Fellow!,For He's a Jolly Good Fellow!,For He's a Jolly Good Fellow!,For He's a Jolly Good Fellow!,For He's a Jolly Good Fellow!,For He's a Jolly Good Fellow!,For He's a Jolly Good Fellow!,Çünkü O Neşeli Bir İnsan!
Nou_Piano_title_07,305,Nou_Piano_title_07,Nobody Knows the Trouble I've Seen,Nobody Knows the Trouble I've Seen,Nobody Knows the Trouble I've Seen,Nobody Knows the Trouble I've Seen,Nobody Knows the Trouble I've Seen,Nobody Knows the Trouble I've Seen,Nobody Knows the Trouble I've Seen,Nobody Knows the Trouble I've Seen,Nobody Knows the Trouble I've Seen,Kimse Çektiğim Çileyi Bilmez
Nou_Piano_title_08,306,Nou_Piano_title_08,Will the Circle Be Unbroken,Will the Circle Be Unbroken,Will The Circle be Unbroken,Will the Circle Be Unbroken,Will the Circle Be Unbroken,Will The Circle be Unbroken,Will the Circle Be Unbroken,Will The Circle be Unbroken,Will The Circle be Unbroken,Çember Kırılmasın
Nou_Piano_title_09,307,Nou_Piano_title_09,Oh! Susanna,Oh! Susanna,Oh! Susanna,Oh! Susanna,Oh! Susanna,Oh! Susanna,Oh! Susanna,Oh! Susanna,Oh! Susanna,Ah! Susanna
Nou_Piano_title_10,308,Nou_Piano_title_10,Home on the Range,Home on the Range,Home on the Range,Home on the Range,Home on the Range,Home on the Range,Home on the Range,Home on the Range,Home on the Range,Kırda Bir Yuva
Nou_Piano_title_11,309,Nou_Piano_title_11,Prélude du Te Deum,Prélude du Te Deum,Prélude du Te Deum,Prélude du Te Deum,Prélude du Te Deum,Prélude du Te Deum,Te Deum Laudamus,Prélude du Te Deum,Prélude du Te Deum,Te Deum Prelüdü
Nou_Piano_title_12,310,Nou_Piano_title_12,Thine Be the Glory (from Judas Maccabaeus),Thine Be the Glory (from Judas Maccabaeus),Thine Be the Glory (from Judas Maccabaeus),Thine Be the Glory (from Judas Maccabaeus),Thine Be the Glory (from Judas Maccabaeus),Thine Be the Glory (from Judas Maccabaeus),Thine Be the Glory,Thine Be the Glory (de Judas Maccabaeus),Thine Be the Glory (de Judas Maccabaeus),Zafer Senindir (Judas Maccabaeus'tan)
Nou_Piano_title_13,311,Nou_Piano_title_13,Home! Sweet Home!,Home! Sweet Home!,Home! Sweet Home!,Home! Sweet Home!,Home! Sweet Home!,Home! Sweet Home!,Home! Sweet Home!,Home! Sweet Home!,Home! Sweet Home!,Ev! Tatlı Ev!
Nou_Piano_title_14,312,Nou_Piano_title_14,"Michael, Row the Boat Ashore","Michael, Row the Boat Ashore","Michael, Row the Boat Ashore","Michael, Row the Boat Ashore","Michael, Row the Boat Ashore","Michael, Row the Boat Ashore","Michael, Row the Boat Ashore","Michael, Row the Boat Ashore","Michael, Row the Boat Ashore","Michael, Tekneyi Kıyıya Çek"
Nou_Piano_title_15,313,Nou_Piano_title_15,Elsas Brautlied aus Lohengrin,Elsas Brautlied aus Lohengrin,Elsas Brautlied aus Lohengrin,Elsas Brautlied aus Lohengrin,Elsas Brautlied aus Lohengrin,Elsas Brautlied aus Lohengrin,Bridal Chorus from Lohengrin,Elsas Brautlied aus Lohengrin,Elsas Brautlied aus Lohengrin,Elsas Brautlied aus Lohengrin
Nou_Piano_title_16,314,Nou_Piano_title_16,When Irish Eyes Are Smiling,When Irish Eyes Are Smiling,When Irish Eyes are Smiling,When Irish Eyes Are Smiling,When Irish Eyes Are Smiling,When Irish Eyes Are Smiling,When Irish Eyes Are Smiling,When Irish Eyes are Smiling,When Irish Eyes Are Smiling,When Irish Eyes Are Smiling
Nou_Piano_title_17,315,Nou_Piano_title_17,Heidenröslein,Heidenröslein,Heidenröslein,Heidenröslein,Heidenröslein,Heidenröslein,Heidenröslein,Heidenröslein,Heidenröslein,Heidenröslein
Nou_Piano_title_18,316,Nou_Piano_title_18,Aura Lee,Aura Lee,Aura Lee,Aura Lee,Aura Lee,Aura Lee,Aura Lee,Aura Lee,Aura Lee,Aura Lee
Nou_Piano_title_19,317,Nou_Piano_title_19,My Grandfather's Clock,My Grandfather's Clock,My Grandfather's Clock,My Grandfather's Clock,My Grandfather's Clock,My Grandfather's Clock,My Grandfather's Clock,My Grandfather's Clock,My Grandfather's Clock,Büyükbabamın Saati
Nou_Piano_title_20,318,Nou_Piano_title_20,The Blue Bells of Scotland,The Blue Bells of Scotland,The Blue Bells of Scotland,The Blue Bells of Scotland,The Blue Bells of Scotland,The Blue Bells of Scotland,The Blue Bells of Scotland,The Blue Bells of Scotland,The Blue Bells of Scotland,İskoçya'nın Mavi Çanları
Nou_Piano_title_21,319,Nou_Piano_title_21,My Bonnie Lies over the Ocean,My Bonnie Lies over the Ocean,My Bonnie Lies Over the Ocean,My Bonnie Lies over the Ocean,My Bonnie Lies over the Ocean,My Bonnie Lies over the Ocean,My Bonnie Lies Over the Ocean,My Bonnie Lies Over the Ocean,My Bonnie Lies over the Ocean,My Bonnie Lies over the Ocean
Nou_Piano_title_22,320,Nou_Piano_title_22,The Water is Wide,The Water is Wide,The Water is Wide,The Water is Wide,The Water is Wide,The Water is Wide,Irish Folk Song,The Water is Wide,The Water is Wide,Su Çok Geniş
Nou_Piano_title_23,321,Nou_Piano_title_23,I Saw Three Ships,I Saw Three Ships,I Saw Three Ships,I Saw Three Ships,I Saw Three Ships,I Saw Three Ships,I Saw Three Ships,I Saw Three Ships,I Saw Three Ships,Üç Gemi Gördüm
Nou_Piano_title_24,322,Nou_Piano_title_24,The Coventry Carol,The Coventry Carol,The Coventry Carol,The Coventry Carol,The Coventry Carol,The Coventry Carol,The Coventry Carol,The Coventry Carol,The Coventry Carol,Coventry Ninnisi
Nou_Piano_title_25,323,Nou_Piano_title_25,Buffalo Gals,Buffalo Gals,Buffalo Gals,Buffalo Gals,Buffalo Gals,Buffalo Gals,Buffalo Gals,Buffalo Gals,Buffalo Gals,Buffalo Gals
Nou_Piano_title_26,324,Nou_Piano_title_26,Addio a Napoli ,Addio a Napoli ,Addio a Napoli ,Addio a Napoli,Addio a Napoli,Addio a Napoli,Addio a Napoli ,Addio a Napoli ,Addio a Napoli,Napoli'ye Veda
Nou_Piano_title_27,325,Nou_Piano_title_27,,,,,,,,,,
Nou_Piano_title_28,326,Nou_Piano_title_28,London Bridge,London Bridge,London Bridge,London Bridge,London Bridge,London Bridge,London Bridge,London Bridge,London Bridge,London Bridge
Nou_Piano_title_29,327,Nou_Piano_title_29,,,,,,,,,,
Nou_Piano_title_30,328,Nou_Piano_title_30,,,,,,,,,,
Nou_Piano_title_31,329,Nou_Piano_title_31,Liebestraum Nr. 3,Liebestraum Nr. 3,Liebestraum Nr. 3,Liebestraum Nr. 3,Liebestraum Nr. 3,Liebestraum Nr. 3,Liebestraum No. 3,Liebestraum Nr. 3,Liebestraum Nr. 3,Aşk Düşü No. 3
Nou_Piano_title_32,330,Nou_Piano_title_32,Von fremden Ländern und Menschen ,Von fremden Ländern und Menschen ,Von fremden Ländern und Menschen,Von fremden Ländern und Menschen ,Von fremden Ländern und Menschen,Von fremden Ländern und Menschen,Kinderszenen,Von fremden Ländern und Menschen,Von fremden Ländern und Menschen,Von fremden Ländern und Menschen 
Nou_Piano_title_33,331,Nou_Piano_title_33,Marcia Trionfale dell'Aida,Marcia Trionfale dell'Aida,Marcia Trionfale dell'Aida,Marcia Trionfale dell'Aida,Marcia Trionfale dell'Aida,Marcia Trionfale dell'Aida,The Grand March from Aida,Marcia Trionfale dell'Aida,Marcia Trionfale dell'Aida,Aida'nın Zafer Marşı
Nou_Piano_title_34,332,Nou_Piano_title_34,,,,,,,,,,
Nou_Piano_title_35,333,Nou_Piano_title_35,Hirtengesang aus der Symphonie Nr. 6,Hirtengesang aus der Symphonie Nr. 6,Hirtengesang aus der Symphonie Nr. 6,Hirtengesang aus der Symphonie Nr. 6,Hirtengesang aus der Symphonie Nr. 6,Hirtengesang aus der Symphonie Nr. 6,Pastoral from Symphony No. 6,Hirtengesang aus der Symphonie Nr. 6,Hirtengesang aus der Symphonie Nr. 6,6. Senfoni'den Çoban Şarkısı
Nou_Piano_title_36,334,Nou_Piano_title_36,,,,,,,,,,
Nou_Piano_title_37,335,Nou_Piano_title_37,,,,,,,,,,
Nou_Piano_title_38,336,Nou_Piano_title_38,Water Music,Water Music,Water Music,Water Music,Water Music,Water Music,Water Music,Water Music,Water Music,Su Müziği
Nou_Piano_title_39,337,Nou_Piano_title_39,,,,,,,,,,
Nou_Piano_title_40,338,Nou_Piano_title_40,"Kuckuck, Kuckuck, ruft's aus dem Wald","Kuckuck, Kuckuck, ruft's aus dem Wald","Kuckuck, Kuckuck, ruft's aus dem Wald","Kuckuck, Kuckuck, ruft's aus dem Wald","Kuckuck, Kuckuck, ruft's aus dem Wald","Kuckuck, Kuckuck, ruft's aus dem Wald",Le Coucou,"Kuckuck, Kuckuck, ruft's aus dem Wald","Kuckuck, Kuckuck, ruft's aus dem Wald","Guguk, Guguk, Ormandan Sesleniyor"
Nou_Piano_title_41,339,Nou_Piano_title_41,,,,,,,,,,
Nou_Piano_title_42,340,Nou_Piano_title_42,,,,,,,,,,
Nou_Piano_title_43,341,Nou_Piano_title_43,Amaryllis,Amaryllis,Amaryllis,Amaryllis,Amaryllis,Amaryllis,Amaryllis,Amaryllis,Amaryllis,Amarillis
Nou_Piano_title_44,342,Nou_Piano_title_44,Sur le pont d'Avignon ,Sur le pont d'Avignon ,Sur le pont d'Avignon ,Sur le pont d'Avignon ,Sur le pont d'Avignon ,Sur le pont d'Avignon ,Sur le pont d'Avignon ,Sur le pont d'Avignon ,Sur le pont d'Avignon ,Sur le pont d'Avignon 
Nou_Piano_title_45,343,Nou_Piano_title_45,"Wiegenlied (Guten Abend, Gute Nacht)","Wiegenlied (Guten Abend, Gute Nacht)","Wiegenlied (Guten Abend, Gute Nacht)","Wiegenlied (Guten Abend, Gute Nacht)","Wiegenlied (Guten Abend, Gute Nacht)","Wiegenlied (Guten Abend, Gute Nacht)",Brahms' Lullabye,"Wiegenlied (Guten Abend, Gute Nacht)","Wiegenlied (Guten Abend, Gute Nacht)","Ninni (İyi Akşamlar, İyi Geceler)"
Nou_Piano_title_46,344,Nou_Piano_title_46,,,,,,,,,,
Nou_Piano_title_47,345,Nou_Piano_title_47,,,,,,,,,,
Nou_Piano_title_48,346,Nou_Piano_title_48,Die Lorelei,Die Lorelei,Die Lorelei,Die Lorelei,Die Lorelei,Die Lorelei,Die Lorelei,Die Lorelei,Die Lorelei,Lorelei
Nou_Piano_title_49,347,Nou_Piano_title_49,Die Forelle,Die Forelle,Die Forelle,Die Forelle,Die Forelle,Die Forelle,Schubert's Trout Quintet,Die Forelle,Die Forelle,Alabalık
Nou_Piano_title_50,348,Nou_Piano_title_50,Joy to the World,Joy to the World,Joy to the World,Joy to the World,Joy to the World,Joy to the World,Joy to the World,Joy to the World,Joy to the World,Dünyaya Sevinç
Nou_Piano_title_51,349,Nou_Piano_title_51,Wiegenlied,Wiegenlied,Wiegenlied,Wiegenlied,Wiegenlied,Wiegenlied,Schubert's Wiegenlied,Wiegenlied,Wiegenlied,Ninni
Nou_Piano_title_52,350,Nou_Piano_title_52,FEVER,FEVER,FEVER,FEVER,FEVER,FEVER,FEVER,FEVER,FEVER,ATEŞ
Nou_Piano_title_53,351,Nou_Piano_title_53,CHILL,CHILL,CHILL,CHILL,CHILL,CHILL,CHILL,CHILL,CHILL,ÜŞÜME
Nou_Piano_title_54,352,Nou_Piano_title_54,The Legend of Zelda Main Theme,The Legend of Zelda Main Theme,Thème principal de The Legend of Zelda,The Legend of Zelda Main Theme,The Legend of Zelda Main Theme,Tema principal de The Legend of Zelda,The Legend of Zelda Main Theme,Thème principal de The Legend of Zelda,Tema principal de The Legend of Zelda,Zelda Efsanesi Ana Tema
Nou_Piano_title_55,353,Nou_Piano_title_55,"""An die Freude"" aus der Symphonie Nr. 9","""An die Freude"" aus der Symphonie Nr. 9","""An die Freude"" aus der Symphonie Nr. 9",„An die Freude“ aus der Symphonie Nr. 9,"""An die Freude"" aus der Symphonie Nr. 9","""An die Freude"" aus der Symphonie Nr. 9",Symphony No. 9,"""An die Freude"" aus der Symphonie Nr. 9","""An die Freude"" aus der Symphonie Nr. 9","""Neşeye Övgü"" (9. Senfoni'den)"
Nou_Piano_author_00,354,Nou_Piano_author_00,Traditioneel Amerikaans,Traditional American,Chanson traditionnelle américaine,Amerikanisches Volkslied,Canzone popolare americana,Tradición estadounidense,,Chanson traditionnelle américaine,Tradición estadounidense,Geleneksel Amerikan
Nou_Piano_author_01,355,Nou_Piano_author_01,Traditioneel Amerikaans,Traditional American,Chanson traditionnelle américaine,Amerikanisches Volkslied,Canzone popolare americana,Tradición estadounidense,,Chanson traditionnelle américaine,Tradición estadounidense,Geleneksel Amerikan
Nou_Piano_author_02,356,Nou_Piano_author_02,Traditioneel Amerikaans,Traditional American,Chanson traditonnelle américaine,Amerikanisches Volkslied,Canzone popolare americana,Tradición estadounidense,Traditional American,Chanson traditionnelle américaine,Tradición estadounidense,Geleneksel Amerikan
Nou_Piano_author_03,357,Nou_Piano_author_03,Traditioneel Engels,Traditional English,Chanson traditonnelle anglaise,Englisches Volkslied,Canzone popolare inglese,Tradición inglesa,Traditional English,Chanson traditionnelle anglaise,Tradición inglesa,Geleneksel İngiliz
Nou_Piano_author_04,358,Nou_Piano_author_04,Traditioneel Amerikaans,Traditional American,Chanson traditonnelle américaine,Amerikanisches Volkslied,Canzone popolare americana,Tradición estadounidense,,Chanson traditionnelle américaine,Tradición estadounidense,Geleneksel Amerikan
Nou_Piano_author_05,359,Nou_Piano_author_05,Componist: Larionov,Composer: Ivan Larionov,Composé par Ivan Larionov,Komponist: Ivan Larionov,Compositore: Ivan Larionov,Autor: Ivan Larionov,,Composé par Ivan Larionov,Autor: Ivan Larionov,Besteci: Ivan Larionov
Nou_Piano_author_06,360,Nou_Piano_author_06,Traditioneel Engels,Traditional English,Chanson traditonnelle anglaise,Englisches Volkslied,Canzone popolare inglese,Tradición inglesa,,Chanson traditionnelle anglaise,Tradición inglesa,Geleneksel İngiliz
Nou_Piano_author_07,361,Nou_Piano_author_07,Traditioneel Amerikaans,Traditional American,Anonyme,Amerikanisches Volkslied,Canzone popolare americana,Tradición estadounidense,Anonymous,Anonyme,Tradición estadounidense,Geleneksel Amerikan
Nou_Piano_author_08,362,Nou_Piano_author_08,Componist: Gabriel,Composer: Charles H. Gabriel,Composé par Charles H. Gabriel,Komponist: Charles H. Gabriel,Compositore: Charles H. Gabriel,Autor: Charles H. Gabriel,,Composé par Charles H. Gabriel,Autor: Charles H. Gabriel,Besteci: Charles H. Gabriel
Nou_Piano_author_09,363,Nou_Piano_author_09,Componist: Foster,Composer: Stephen Foster,Composé par Stephen Foster,Komponist: Stephen Foster,Compositore: Stephen Foster,Autor: Stephen Foster,,Composé par Stephen Foster,Autor: Stephen Foster,Besteci: Stephen Foster
Nou_Piano_author_10,364,Nou_Piano_author_10,Traditioneel Amerikaans,Traditional American,Chanson traditonnelle américaine,Amerikanisches Volkslied,Canzone popolare americana,Tradición estadounidense,,Chanson traditionnelle américaine,Tradición estadounidense,Geleneksel Amerikan
Nou_Piano_author_11,365,Nou_Piano_author_11,Componist: Charpentier,Composer: Marc-Antoine Charpentier,Composé par Marc-Antoine Charpentier,Komponist: Marc-Antoine Charpentier,Compositore: Marc-Antoine Charpentier,Autor: Marc-Antoine Charpentier,,Composé par Marc-Antoine Charpentier,Autor: Marc-Antoine Charpentier,Besteci: Marc-Antoine Charpentier
Nou_Piano_author_12,366,Nou_Piano_author_12,Componist: Handel,Composer: Georg Friedrich Handel,Composé par Georg Friedrich Händel,Komponist: Georg Friedrich Händel,Compositore: Georg Friedrich Händel,Autor: Georg Friedrich Handel,Composer: Handel,Composé par Georg Friedrich Händel,Autor: Georg Friedrich Handel,Besteci: Georg Friedrich Handel
Nou_Piano_author_13,367,Nou_Piano_author_13,Componist: Bishop,Composer: Henry Bishop,Composé par Henry Bishop,Komponist: Henry Bishop,Compositore: Henry Bishop,Autor: Henry Bishop,Composer: Bishop,Composé par Henry Bishop,Autor: Henry Bishop,Besteci: Henry Bishop
Nou_Piano_author_14,368,Nou_Piano_author_14,Traditioneel Amerikaans,Traditional American,Chanson traditonnelle américaine,Amerikanisches Volkslied,Canzone popolare americana,Tradición estadounidense,,Chanson traditionnelle américaine,Tradición estadounidense,Geleneksel Amerikan
Nou_Piano_author_15,369,Nou_Piano_author_15,Componist: Wagner,Composer: Richard Wagner,Composé par Richard Wagner,Komponist: Richard Wagner,Compositore: Richard Wagner,Autor: Richard Wagner,Composer: Wagner,Composé par Richard Wagner,Autor: Richard Wagner,Besteci: Richard Wagner
Nou_Piano_author_16,370,Nou_Piano_author_16,Componist: Ball,Composer: Ernest Ball,Composé par Ernest Ball,Komponist: Ernest Ball,Compositore: Ernest Ball,Autor: Ernest Ball,,Composé par Ernest Ball,Autor: Ernest Ball,Besteci: Ernest Ball
Nou_Piano_author_17,371,Nou_Piano_author_17,Componist: Schubert,Composer: Franz Schubert,Composé par Franz Schubert,Komponist: Franz Schubert,Compositore: Franz Schubert,Autor: Franz Schubert,Composer: Schubert,Composé par Franz Schubert,Autor: Franz Schubert,Besteci: Franz Schubert
Nou_Piano_author_18,372,Nou_Piano_author_18,Componist: Poulton,Composer: George R. Poulton,Composé par George R. Poulton,Komponist: George R. Poulton,Compositore: George R. Poulton,Autor: George R. Poulton,Composer: Poulton,Composé par George R. Poulton,Autor: George R. Poulton,Besteci: George R. Poulton
Nou_Piano_author_19,373,Nou_Piano_author_19,Componist: H. C. Work,Composer: Henry Clay Work,Composé par Henry Clay Work,Komponist: Henry Clay Work,Compositore: Henry Clay Work,Autor: Henry Clay Work,Composer: H. C. Work,Composé par Henry Clay Work,Autor: Henry Clay Work,Besteci: Henry Clay Work
Nou_Piano_author_20,374,Nou_Piano_author_20,Traditioneel Schots,Traditional Scottish,Chanson traditionnelle écossaise,Schottisches Volkslied,Canzone popolare scozzese,Tradición escocesa,Traditional Scottish,Chanson traditionnelle écossaise,Tradición escocesa,Geleneksel İskoç
Nou_Piano_author_21,375,Nou_Piano_author_21,Traditioneel Schots,Traditional Scottish,Chanson traditionnelle écossaise,Schottisches Volkslied,Canzone popolare scozzese,Tradición escocesa,,Chanson traditionnelle écossaise,Tradición escocesa,Geleneksel İskoç
Nou_Piano_author_22,376,Nou_Piano_author_22,Traditioneel,Traditional,Chanson traditionnelle,Volkslied,Canzone popolare anglosassone,Tradicional,,Chanson traditionnelle irlandaise,Tradicional,Geleneksel
Nou_Piano_author_23,377,Nou_Piano_author_23,Traditioneel Engels,Traditional English,Chanson traditionnelle anglaise,Englisches Volkslied,Canzone popolare inglese,Tradición inglesa,,Chanson traditionnelle anglaise,Tradición inglesa,Geleneksel İngiliz
Nou_Piano_author_24,378,Nou_Piano_author_24,Traditioneel Engels,Traditional English,Chanson traditionnelle anglaise,Englisches Volkslied,Canzone popolare inglese,Tradición inglesa,,Chanson traditionnelle anglaise,Tradición inglesa,Geleneksel İngiliz
Nou_Piano_author_25,379,Nou_Piano_author_25,Traditioneel Amerikaans,Traditional American,Chanson traditionnelle américaine,Amerikanisches Volkslied,Canzone popolare americana,Tradición estadounidense,,Chanson traditionnelle américaine,Tradición estadounidense,Geleneksel Amerikan
Nou_Piano_author_26,380,Nou_Piano_author_26,Traditioneel Italiaans,Traditional Italian,Chanson traditionnelle italienne,Italienisches Volkslied,Canzone popolare italiana,Tradición italiana,,Chanson traditionnelle italienne,Tradición italiana,Geleneksel İtalyan
Nou_Piano_author_27,381,Nou_Piano_author_27,,,,,,,,,,
Nou_Piano_author_28,382,Nou_Piano_author_28,Traditioneel Engels,Traditional English,Chanson traditionnelle anglaise,Englisches Volkslied,Canzone popolare inglese,Tradición inglesa,Traditional English,Chanson traditionnelle anglaise,Tradición inglesa,Geleneksel İngiliz
Nou_Piano_author_29,383,Nou_Piano_author_29,,,,,,,,,,
Nou_Piano_author_30,384,Nou_Piano_author_30,,,,,,,,,,
Nou_Piano_author_31,385,Nou_Piano_author_31,Componist: Liszt,Composer: Franz Liszt,Composé par Franz Liszt,Komponist: Franz Liszt,Compositore: Franz Liszt,Autor: Franz Liszt,Composer: Liszt,Composé par Franz Liszt,Autor: Franz Liszt,Besteci: Franz Liszt
Nou_Piano_author_32,386,Nou_Piano_author_32,Componist: Schumann,Composer: Robert Schumann,Composé par Robert Schumann,Komponist: Robert Schumann,Compositore: Robert Schumann,Autor: Robert Schumann,Composer: Schumann,Composé par Robert Schumann,Autor: Robert Schumann,Besteci: Robert Schumann
Nou_Piano_author_33,387,Nou_Piano_author_33,Componist: Verdi,Composer: Giuseppe Verdi,Composé par Giuseppe Verdi,Komponist: Giuseppe Verdi,Compositore: Giuseppe Verdi,Autor: Giuseppe Verdi,Composer: Verdi,Composé par Giuseppe Verdi,Autor: Giuseppe Verdi,Besteci: Giuseppe Verdi
Nou_Piano_author_34,388,Nou_Piano_author_34,,,,,,,,,,
Nou_Piano_author_35,389,Nou_Piano_author_35,Componist: Beethoven,Composer: Ludwig van Beethoven,Composé par Ludwig van Beethoven,Komponist: Ludwig van Beethoven,Compositore: Ludwig van Beethoven,Autor: Ludwig van Beethoven,Composer: Beethoven,Composé par Ludwig van Beethoven,Autor: Ludwig van Beethoven,Besteci: Ludwig van Beethoven
Nou_Piano_author_36,390,Nou_Piano_author_36,,,,,,,,,,
Nou_Piano_author_37,391,Nou_Piano_author_37,,,,,,,,,,
Nou_Piano_author_38,392,Nou_Piano_author_38,Componist: Handel,Composer: Georg Friedrich Handel,Composé par Georg Friedrich Händel,Komponist: Georg Friedrich Händel,Compositore: Georg Friedrich Händel,Autor: Georg Friedrich Handel,Composer: Handel,Composé par Georg Friedrich Händel,Autor: Georg Friedrich Handel,Besteci: Georg Friedrich Handel
Nou_Piano_author_39,393,Nou_Piano_author_39,Traditioneel Duits,Traditional German,Chanson traditionnelle allemande,,Canzone popolare tedesca,,Traditional German,Chanson traditionnelle allemande,,Geleneksel Alman
Nou_Piano_author_40,394,Nou_Piano_author_40,Traditioneel Duits,Traditional German,Chanson traditionnelle allemande,Deutsches Volkslied,Canzone popolare tedesca,Tradición alemana,Traditional German,Chanson traditionnelle allemande,Tradición alemana,Geleneksel Alman
Nou_Piano_author_41,395,Nou_Piano_author_41,,,,,,,,,,
Nou_Piano_author_42,396,Nou_Piano_author_42,,,,,,,,,,
Nou_Piano_author_43,397,Nou_Piano_author_43,Componist: Henry Ghys,Composer: Henry Ghys,Composé par Henry Ghys,Komponist: Henry Ghys,Compositore: Henry Ghys,Autor: Henry Ghys,Composer: Henry Ghys,Composé par Henry Ghys,Autor: Henry Ghys,Besteci: Henry Ghys
Nou_Piano_author_44,398,Nou_Piano_author_44,Traditioneel Frans,Traditional French,Chanson traditionnelle française,Französisches Volkslied,Canzone popolare francese,Tradición francesa,Traditional French,Chanson traditionnelle française,Tradición francesa,Geleneksel Fransız
Nou_Piano_author_45,399,Nou_Piano_author_45,Componist: Brahms,Composer: Johannes Brahms,Composé par Johannes Brahms,Komponist: Johannes Brahms,Compositore: Johannes Brahms,Autor: Johannes Brahms,Composer: Brahms,Composé par Johannes Brahms,Autor: Johannes Brahms,Besteci: Johannes Brahms
Nou_Piano_author_46,400,Nou_Piano_author_46,,,,,,,,,,
Nou_Piano_author_47,401,Nou_Piano_author_47,,,,,,,,,,
Nou_Piano_author_48,402,Nou_Piano_author_48,Componist: Silcher,Composer: Friedrich Silcher,Composé par Friedrich Silcher,Komponist: Friedrich Silcher,Compositore: Friedrich Silcher,Autor: Friedrich Silcher,Composer: Silcher,Composé par Friedrich Silcher,Autor: Friedrich Silcher,Besteci: Friedrich Silcher
Nou_Piano_author_49,403,Nou_Piano_author_49,Componist: Schubert,Composer: Franz Schubert,Composé par Franz Schubert,Komponist: Franz Schubert,Compositore: Franz Schubert,Autor: Franz Schubert,Composer: Schubert,Composé par Franz Schubert,Autor: Franz Schubert,Besteci: Franz Schubert
Nou_Piano_author_50,404,Nou_Piano_author_50,Componist: Handel,Composer: Georg Friedrich Handel,Composé par Georg Friedrich Händel,Komponist: Georg Friedrich Händel,Compositore: Georg Friedrich Händel,Autor: Georg Friedrich Handel,Composer: Handel,Composé par Georg Friedrich Händel,Autor: Georg Friedrich Handel,Besteci: Georg Friedrich Handel
Nou_Piano_author_51,405,Nou_Piano_author_51,Componist: Schubert,Composer: Franz Schubert,Composé par Franz Schubert,Komponist: Franz Schubert,Compositore: Franz Schubert,Autor: Franz Schubert,Composer: Schubert,Composé par Franz Schubert,Autor: Franz Schubert,Besteci: Franz Schubert
Nou_Piano_author_52,406,Nou_Piano_author_52,Componist: Nintendo,Composer: Nintendo,Composé par Nintendo,Komponist: Nintendo,Compositore: Nintendo,Autor: Nintendo,Composer: Nintendo,Composé par Nintendo,Autor: Nintendo,Besteci: Nintendo
Nou_Piano_author_53,407,Nou_Piano_author_53,Componist: Nintendo,Composer: Nintendo,Composé par Nintendo,Komponist: Nintendo,Compositore: Nintendo,Autor: Nintendo,Composer: Nintendo,Composé par Nintendo,Autor: Nintendo,Besteci: Nintendo
Nou_Piano_author_54,408,Nou_Piano_author_54,Componist: Nintendo,Composer: Nintendo,Composé par Nintendo,Komponist: Nintendo,Compositore: Nintendo,Autor: Nintendo,Composer: Nintendo,Composé par Nintendo,Autor: Nintendo,Besteci: Nintendo
Nou_Piano_author_55,409,Nou_Piano_author_55,Componist: Beethoven,Composer: Ludwig van Beethoven,Composé par Ludwig van Beethoven,Komponist: Ludwig van Beethoven,Compositore: Ludwig van Beethoven,Autor: Ludwig van Beethoven,Composer: Beethoven,Composé par Ludwig van Beethoven,Autor: Ludwig van Beethoven,Besteci: Ludwig van Beethoven
Nou_Piano_result_1,410,Nou_Piano_result_1,"Foute noten:
 [[U+000E]][[U+0001]][[U+0000]][[U+0000]]/[[U+000E]][[U+0001]][[U+0001]][[U+0000]]","Wrong Notes:
 [[U+000E]][[U+0001]][[U+0000]][[U+0000]]/[[U+000E]][[U+0001]][[U+0001]][[U+0000]]","Erreurs :
 [[U+000E]][[U+0001]][[U+0000]][[U+0000]]/[[U+000E]][[U+0001]][[U+0001]][[U+0000]]","Fehler:
 [[U+000E]][[U+0001]][[U+0000]][[U+0000]]/[[U+000E]][[U+0001]][[U+0001]][[U+0000]]","Errori:
　[[U+000E]][[U+0001]][[U+0000]][[U+0000]]/[[U+000E]][[U+0001]][[U+0001]][[U+0000]] note","Fallos:
 [[U+000E]][[U+0001]][[U+0000]][[U+0000]] de [[U+000E]][[U+0001]][[U+0001]][[U+0000]]","Wrong Notes:
 [[U+000E]][[U+0001]][[U+0000]][[U+0000]]/[[U+000E]][[U+0001]][[U+0001]][[U+0000]]","Erreurs :
 [[U+000E]][[U+0001]][[U+0000]][[U+0000]]/[[U+000E]][[U+0001]][[U+0001]][[U+0000]]","Fallos:
 [[U+000E]][[U+0001]][[U+0000]][[U+0000]] de [[U+000E]][[U+0001]][[U+0001]][[U+0000]]","Yanlış
Notalar:  [[U+000E]][[U+0001]][[U+0000]][[U+0000]]/[[U+000E]][[U+0001]][[U+0001]][[U+0000]]"
Nou_Piano_result_2,411,Nou_Piano_result_2,"Punten:
 [[U+000E]][[U+0001]][[U+0000]][[U+0000]]","Points:
 [[U+000E]][[U+0001]][[U+0000]][[U+0000]]","Score :
 [[U+000E]][[U+0001]][[U+0000]][[U+0000]] p","Punkte:
 [[U+000E]][[U+0001]][[U+0000]][[U+0000]]","Risultato:
　[[U+000E]][[U+0001]][[U+0000]][[U+0000]] p.","Puntos:
 [[U+000E]][[U+0001]][[U+0000]][[U+0000]]","Points:
 [[U+000E]][[U+0001]][[U+0000]][[U+0000]]","Pointage :
 [[U+000E]][[U+0001]][[U+0000]][[U+0000]] p","Puntos:
 [[U+000E]][[U+0001]][[U+0000]][[U+0000]]","Puan:
 [[U+000E]][[U+0001]][[U+0000]][[U+0000]]"
Nou_Piano_select_title_1,412,Nou_Piano_select_title_1,,,,,,,,,,
Nou_Piano_select_title_2,413,Nou_Piano_select_title_2,,,,,,,,,,
Nou_Piano_select_intro,414,Nou_Piano_select_intro,"Kies een muziekstuk. Raak [[U+000E]][[U+0000]][[U+0003]][[U+0004]]ÿ[[U+FF00]]OKÉ
[[U+000E]][[U+0000]][[U+0003]][[U+0004]][[U+0000]][[U+FF00]]aan om te bevestigen.","Choose a piece and touch
[[U+000E]][[U+0000]][[U+0003]][[U+0004]]ÿ[[U+FF00]]Select [[U+000E]][[U+0000]][[U+0003]][[U+0004]][[U+0000]][[U+FF00]]to confirm.","Sélectionnez un morceau et
touchez [[U+000E]][[U+0000]][[U+0003]][[U+0004]]ÿ[[U+FF00]]« OK »[[U+000E]][[U+0000]][[U+0003]][[U+0004]][[U+0000]][[U+FF00]].","Wählen Sie ein Stück aus
und berühren Sie dann „[[U+000E]][[U+0000]][[U+0003]][[U+0004]]ÿ[[U+FF00]]Okay[[U+000E]][[U+0000]][[U+0003]][[U+0004]][[U+0000]][[U+FF00]]“.","Seleziona il brano,
poi tocca [[U+000E]][[U+0000]][[U+0003]][[U+0004]]ÿ[[U+FF00]]OK[[U+000E]][[U+0000]][[U+0003]][[U+0004]][[U+0000]][[U+FF00]].","Elige una pieza y toca [[U+000E]][[U+0000]][[U+0003]][[U+0004]]ÿ[[U+FF00]]Aceptar
[[U+000E]][[U+0000]][[U+0003]][[U+0004]][[U+0000]][[U+FF00]]para confirmar.","Choose a piece, and then tap
[[U+000E]][[U+0000]][[U+0003]][[U+0004]]ÿ[[U+FF00]]Select [[U+000E]][[U+0000]][[U+0003]][[U+0004]][[U+0000]][[U+FF00]]to confirm.","Sélectionnez un morceau et
touchez [[U+000E]][[U+0000]][[U+0003]][[U+0004]]ÿ[[U+FF00]]OK[[U+000E]][[U+0000]][[U+0003]][[U+0004]][[U+0000]][[U+FF00]].","Elige una pieza y toca [[U+000E]][[U+0000]][[U+0003]][[U+0004]]ÿ[[U+FF00]]Aceptar
[[U+000E]][[U+0000]][[U+0003]][[U+0004]][[U+0000]][[U+FF00]]para confirmar.","Bir eser seç ve onaylamak için
[[U+000E]][[U+0000]][[U+0003]][[U+0004]]ÿ[[U+FF00]]Seç[[U+000E]][[U+0000]][[U+0003]][[U+0004]][[U+0000]][[U+FF00]] seçeneğine dokun."
Nou_Piano_select_select,415,Nou_Piano_select_select,,,,,,,,,,
Nou_Piano_select_page,416,Nou_Piano_select_page,[[U+000E]][[U+0001]][[U+0000]][[U+0000]]/[[U+000E]][[U+0001]][[U+0001]][[U+0000]],[[U+000E]][[U+0001]][[U+0000]][[U+0000]]/[[U+000E]][[U+0001]][[U+0001]][[U+0000]],[[U+000E]][[U+0001]][[U+0000]][[U+0000]]/[[U+000E]][[U+0001]][[U+0001]][[U+0000]],[[U+000E]][[U+0001]][[U+0000]][[U+0000]]/[[U+000E]][[U+0001]][[U+0001]][[U+0000]],[[U+000E]][[U+0001]][[U+0000]][[U+0000]]/[[U+000E]][[U+0001]][[U+0001]][[U+0000]],[[U+000E]][[U+0001]][[U+0000]][[U+0000]] / [[U+000E]][[U+0001]][[U+0001]][[U+0000]],[[U+000E]][[U+0001]][[U+0000]][[U+0000]]/[[U+000E]][[U+0001]][[U+0001]][[U+0000]],[[U+000E]][[U+0001]][[U+0000]][[U+0000]]/[[U+000E]][[U+0001]][[U+0001]][[U+0000]],[[U+000E]][[U+0001]][[U+0000]][[U+0000]] / [[U+000E]][[U+0001]][[U+0001]][[U+0000]],[[U+000E]][[U+0001]][[U+0000]][[U+0000]]/[[U+000E]][[U+0001]][[U+0001]][[U+0000]]
Nou_Piano_Btn_Next,417,Nou_Piano_Btn_Next,,,,,,,,,,
Nou_Piano_Btn_Prev,418,Nou_Piano_Btn_Prev,,,,,,,,,,
Nou_Piano_Btn_Back,419,Nou_Piano_Btn_Back,Terug,Back,Retour,Zurück,Indietro,Atrás,Back,Retour,Atrás,Geri
Nou_Piano_Btn_Decide,420,Nou_Piano_Btn_Decide,Oké,Select,OK,Okay,OK,Aceptar,Select,OK,Aceptar,Seç
Nou_Piano_Dialog_Title,421,Nou_Piano_Dialog_Title,Meesterwerk spelen,Masterpiece Recital,Mélomane,Pianospieler,Melodie,Recital musical,Piano Player,Mélomane,Recital musical,Başyapıt Resitali
Nou_PianoSelect_Dialog_Title,422,Nou_PianoSelect_Dialog_Title, Muziek kiezen, Song Selection,Sélection, Auswahl, Scegli il brano, Lista de temas, Song Selection,Sélection, Lista de temas, Şarkı Seçimi
Nou_PianoSelect_Dialog_SubTitle,423,Nou_PianoSelect_Dialog_SubTitle,Meesterwerk spelen,Masterpiece Recital,Mélomane ,Pianospieler,Melodie,Recital musical,Piano Player,Mélomane ,Recital musical,Başyapıt Resitali
Nou_Money,424,Nou_Money,,,,,,,,,,
Nou_Money_CancelBtn,425,Nou_Money_CancelBtn,Opnieuw,Clear,Annuler,Löschen,Annulla,Rehacer,Clear,Annuler,Rehacer,Temizle
Nou_Money_DecideBtn,426,Nou_Money_DecideBtn,Oké,Select,OK,Okay,OK,Aceptar,Select,OK,Aceptar,Seç
Nou_Money_Message,427,Nou_Money_Message,Geef het wisselgeld.,Hand over the change,Rendez la monnaie !,Geben Sie das Wechselgeld heraus!,Dai il resto.,Devuelve el cambio.,Hand over the change.,Rendez la monnaie!,Devuelve el cambio.,Para üstünü ver
Nou_Money_Dialog_Title,428,Nou_Money_Dialog_Title,Wisselgeld,Correct Change,Monnaie,Münzenzähler,Conti e resti,Cambio correcto,Change Maker,Monnaie,Cambio correcto,Para Üstü
Nou_Shotoku,429,Nou_Shotoku,,,,,,,,,,
Nou_Shotoku_Btn_Erase,430,Nou_Shotoku_Btn_Erase,Wissen,Erase,Effacer,Löschen,Cancella,Borrar,Erase,Effacer,Borrar,Sil
Nou_Shotoku_Btn_OneMore,431,Nou_Shotoku_Btn_OneMore,Opnieuw,Try Again,Réécouter,Noch mal,Di nuovo,Otra vez,Try Again,Réécouter,Otra vez,Bir Daha
Nou_Shotoku_Btn_Giveup,432,Nou_Shotoku_Btn_Giveup,Volgende,Pass,Passer,Aufgeben,Passa,Saltar,Pass,Passer,Saltar,Geç
Nou_Shotoku_Listen,433,Nou_Shotoku_Listen, Luister goed!,Listen Carefully!,Écoutez bien !,Genau zuhören!,Ascolta con attenzione.,¡Escucha con atención!,Listen carefully!,Écoutez bien!,¡Escucha con atención!,Dikkatlice Dinle!
Nou_Shotoku_Write,434,Nou_Shotoku_Write, Schrijf de woorden op die je hoort.,Write the words you hear,Écrivez les mots entendus.,Schreiben Sie das Gehörte auf.,Scrivi le parole che hai sentito.,Escribe las palabras que escuches.,Write the words you hear.,Écrivez les mots entendus.,Escribe las palabras que escuches.,Duyduğun kelimeleri yaz
Nou_Shotoku_NotDetect,435,Nou_Shotoku_NotDetect,_,_,_,_,_,_,_,_,_,_
Nou_Shotoku_Hiragana,436,Nou_Shotoku_Hiragana,,,,,,,,,,
Nou_Shotoku_Dialog_Title,437,Nou_Shotoku_Dialog_Title,Goede verstaander,Word Blend,Brouhaha,Zuhörer,Alessandro Magno,Sonidos mezclados,Word Blend,Brouhaha,Sonidos mezclados,Kelime Harmanı
Nou_Baisu,438,Nou_Baisu,,,,,,,,,,
Nou_Baisu_Btn_Yes,439,Nou_Baisu_Btn_Yes,Ja,Yes,Oui,Ja,Sì,Sí,Yes,Oui,Sí,Evet
Nou_Baisu_Btn_No,440,Nou_Baisu_Btn_No,Nee,No,Non,Nein,No,No,No,Non,No,Hayır
Nou_Baisu_EraseQuestion,441,Nou_Baisu_EraseQuestion,Verdwijnt,Hidden next turn,Cette indication va disparaître,Verschwindet,Scomparirà!,¡Ahora sin instrucciones!,Hidden next turn,Cette indication va disparaître,¡Ahora sin instrucciones!,Bir sonraki tur gizli
Nou_Baisu_Question,442,Nou_Baisu_Question, Is het deelbaar door [[U+000E]][[U+0001]][[U+0000]][[U+0000]] of bevat het een [[U+000E]][[U+0001]][[U+0001]][[U+0000]]?,Is it a multiple of [[U+000E]][[U+0001]][[U+0000]][[U+0000]] or does it contain a [[U+000E]][[U+0001]][[U+0001]][[U+0000]]?,Multiple de [[U+000E]][[U+0001]][[U+0000]][[U+0000]] ou contient un [[U+000E]][[U+0001]][[U+0001]][[U+0000]].,Teilbar durch [[U+000E]][[U+0001]][[U+0000]][[U+0000]] oder enthält [[U+000E]][[U+0001]][[U+0001]][[U+0000]]?,È multiplo di [[U+000E]][[U+0001]][[U+0000]][[U+0000]] o contiene [[U+000E]][[U+0001]][[U+0001]][[U+0000]]?,¿Es múltiplo de [[U+000E]][[U+0001]][[U+0000]][[U+0000]] o contiene un [[U+000E]][[U+0001]][[U+0001]][[U+0000]]?,Is it a multiple of [[U+000E]][[U+0001]][[U+0000]][[U+0000]] or does it contain a [[U+000E]][[U+0001]][[U+0001]][[U+0000]]?,Multiple de [[U+000E]][[U+0001]][[U+0000]][[U+0000]] ou contient un [[U+000E]][[U+0001]][[U+0001]][[U+0000]].,¿Es múltiplo de [[U+000E]][[U+0001]][[U+0000]][[U+0000]] o contiene un [[U+000E]][[U+0001]][[U+0001]][[U+0000]]?,"[[U+000E]][[U+0001]][[U+0000]][[U+0000]]'nın katı mı, yoksa içinde [[U+000E]][[U+0001]][[U+0001]][[U+0000]] var mı?"
Nou_Baisu_Answer_BaisuTsuku,443,Nou_Baisu_Answer_BaisuTsuku,"Deelbaar door [[U+000E]][[U+0001]][[U+0000]][[U+0000]]
Bevat een [[U+000E]][[U+0001]][[U+0001]][[U+0000]]","Multiple of [[U+000E]][[U+0001]][[U+0000]][[U+0000]]
Contains a [[U+000E]][[U+0001]][[U+0001]][[U+0000]]","Multiple de [[U+000E]][[U+0001]][[U+0000]][[U+0000]]
Contient un [[U+000E]][[U+0001]][[U+0001]][[U+0000]]","Teilbar durch [[U+000E]][[U+0001]][[U+0000]][[U+0000]]
Enthält [[U+000E]][[U+0001]][[U+0001]][[U+0000]]","Multiplo di [[U+000E]][[U+0001]][[U+0000]][[U+0000]]
Contiene [[U+000E]][[U+0001]][[U+0001]][[U+0000]]","Múltiplo de [[U+000E]][[U+0001]][[U+0000]][[U+0000]]
Contiene un [[U+000E]][[U+0001]][[U+0001]][[U+0000]]","Multiple of [[U+000E]][[U+0001]][[U+0000]][[U+0000]]
Contains a [[U+000E]][[U+0001]][[U+0001]][[U+0000]]","Multiple de [[U+000E]][[U+0001]][[U+0000]][[U+0000]]
Contient un [[U+000E]][[U+0001]][[U+0001]][[U+0000]]","Múltiplo de [[U+000E]][[U+0001]][[U+0000]][[U+0000]]
Contiene un [[U+000E]][[U+0001]][[U+0001]][[U+0000]]","'nın katı[[U+000E]][[U+0001]][[U+0000]][[U+0000]]
 içerir[[U+000E]][[U+0001]][[U+0001]][[U+0000]]"
Nou_Baisu_Answer_Baisu,444,Nou_Baisu_Answer_Baisu,Deelbaar door [[U+000E]][[U+0001]][[U+0000]][[U+0000]],Multiple of [[U+000E]][[U+0001]][[U+0000]][[U+0000]],Multiple de [[U+000E]][[U+0001]][[U+0000]][[U+0000]],Teilbar durch [[U+000E]][[U+0001]][[U+0000]][[U+0000]],Multiplo di [[U+000E]][[U+0001]][[U+0000]][[U+0000]],Múltiplo de [[U+000E]][[U+0001]][[U+0000]][[U+0000]],Multiple of [[U+000E]][[U+0001]][[U+0000]][[U+0000]],Multiple de [[U+000E]][[U+0001]][[U+0000]][[U+0000]],Múltiplo de [[U+000E]][[U+0001]][[U+0000]][[U+0000]], katı[[U+000E]][[U+0001]][[U+0000]][[U+0000]]
Nou_Baisu_Answer_Tsuku,445,Nou_Baisu_Answer_Tsuku,Bevat een [[U+000E]][[U+0001]][[U+0001]][[U+0000]],Contains a [[U+000E]][[U+0001]][[U+0001]][[U+0000]],Contient un [[U+000E]][[U+0001]][[U+0001]][[U+0000]],Enthält [[U+000E]][[U+0001]][[U+0001]][[U+0000]],Contiene [[U+000E]][[U+0001]][[U+0001]][[U+0000]],Contiene un [[U+000E]][[U+0001]][[U+0001]][[U+0000]],Contains a [[U+000E]][[U+0001]][[U+0001]][[U+0000]],Contient un [[U+000E]][[U+0001]][[U+0001]][[U+0000]],Contiene un [[U+000E]][[U+0001]][[U+0001]][[U+0000]], içerir[[U+000E]][[U+0001]][[U+0001]][[U+0000]]
Nou_Baisu_Answer_NotBaisu,446,Nou_Baisu_Answer_NotBaisu,Geen van beide,Neither,Ne remplit aucune des conditions,Keines von beiden,Nessuna delle due!,Ninguna,Neither,Ne remplit aucune des conditions,Ninguna,Hiçbiri
Nou_Baisu_Dialog_Title,447,Nou_Baisu_Dialog_Title,Twee keer zoeken,Multiple Search,Multiples,Multiplikator,Ricerca multipla,Buscamúltiplo,By the Numbers,Multiples,Buscamúltiplo,Kat Avı
Nou_Stroop,448,Nou_Stroop,,,,,,,,,,
Nou_Stroop_Question,449,Nou_Stroop_Question,,,,,,,,,,
Nou_Stroop_BackBtn,450,Nou_Stroop_BackBtn,,,,,,,,,,
Nou_Stroop_Color_1,451,Nou_Stroop_Color_1,,,,,,,,,,
Nou_Stroop_Color_2,452,Nou_Stroop_Color_2,,,,,,,,,,
Nou_Stroop_Color_3,453,Nou_Stroop_Color_3,,,,,,,,,,
Nou_Stroop_Color_4,454,Nou_Stroop_Color_4,,,,,,,,,,
Nou_Stroop_Passed,455,Nou_Stroop_Passed,,,,,,,,,,
Nou_Stroop_More,456,Nou_Stroop_More,,,,,,,,,,
Nou_Stroop_Loud,457,Nou_Stroop_Loud,,,,,,,,,,
Nou_Stroop_Wait,458,Nou_Stroop_Wait,,,,,,,,,,
Nou_Stroop_Failed_Text1,459,Nou_Stroop_Failed_Text1,,,,,,,,,,
Nou_Stroop_Failed_Text2,460,Nou_Stroop_Failed_Text2,,,,,,,,,,
Nou_Stroop_Failed_Text3,461,Nou_Stroop_Failed_Text3,,,,,,,,,,
Nou_Stroop_Failed_Text4,462,Nou_Stroop_Failed_Text4,,,,,,,,,,
Nou_Stroop_Failed_Text5,463,Nou_Stroop_Failed_Text5,,,,,,,,,,
Nou_Stroop_Failed_Text6,464,Nou_Stroop_Failed_Text6,,,,,,,,,,
Nou_Stroop_Failed_Text7,465,Nou_Stroop_Failed_Text7,,,,,,,,,,
Nou_Stroop_Failed_Text8,466,Nou_Stroop_Failed_Text8,,,,,,,,,,
Nou_Stroop_Failed_Text9,467,Nou_Stroop_Failed_Text9,,,,,,,,,,
Nou_AddDestroy,468,Nou_AddDestroy,,,,,,,,,,
Nou_AddDestroy_text,469,Nou_AddDestroy_text, Tel de getallen bij elkaar op.,Add up all the numbers,Additionnez tous les nombres.,Addieren Sie sämtliche Zahlen.,Somma tutti i numeri.,Suma todos los números.,Add up all the numbers.,Additionnez tous les nombres.,Suma todos los números.,Tüm sayıları topla
Nou_AddDestroy_btn_erase,470,Nou_AddDestroy_btn_erase,Wissen,Erase,Effacer,Löschen,Cancella,Borrar,Erase,Effacer,Borrar,Sil
Nou_AddDestroy_Dialog_Title,471,Nou_AddDestroy_Dialog_Title,Sommen uitroeien,Addition Buster,Addition explosive,Summenrallye,Somme a scoppio,Suma y sigue,Sum Totaled,Addition explosive,Suma y sigue,Toplama Patlatma
Nou_AddFight,472,Nou_AddFight,,,,,,,,,,
Nou_AddFight_message_start,473,Nou_AddFight_message_start,"[[U+000E]][[U+0000]][[U+0003]][[U+0004]][[U+0000]][[U+FF00]]HUIS DES ONHEILS
[[U+000E]][[U+0001]][[U+0000]][[U+0000]][[U+000E]][[U+0000]][[U+0003]][[U+0004]][[U+0000]][[U+FF00]]","[[U+000E]][[U+0000]][[U+0003]][[U+0004]][[U+0000]][[U+FF00]]HOUSE OF DOOM
[[U+000E]][[U+0001]][[U+0000]][[U+0000]][[U+000E]][[U+0000]][[U+0003]][[U+0004]][[U+0000]][[U+FF00]]","[[U+000E]][[U+0000]][[U+0003]][[U+0004]][[U+0000]][[U+FF00]]Manoir sinistre
[[U+000E]][[U+0001]][[U+0000]][[U+0000]][[U+000E]][[U+0000]][[U+0003]][[U+0004]][[U+0000]][[U+FF00]]","[[U+000E]][[U+0000]][[U+0003]][[U+0004]][[U+0000]][[U+FF00]]ZAHLENTEMPEL
[[U+000E]][[U+0001]][[U+0000]][[U+0000]][[U+000E]][[U+0000]][[U+0003]][[U+0004]][[U+0000]][[U+FF00]]","[[U+000E]][[U+0000]][[U+0003]][[U+0004]][[U+0000]][[U+FF00]]CASA STREGATA
[[U+000E]][[U+0001]][[U+0000]][[U+0000]][[U+000E]][[U+0000]][[U+0003]][[U+0004]][[U+0000]][[U+FF00]]","[[U+000E]][[U+0000]][[U+0003]][[U+0004]][[U+0000]][[U+FF00]]LA CASA DE LOS MONSTRUOS
[[U+000E]][[U+0001]][[U+0000]][[U+0000]][[U+000E]][[U+0000]][[U+0003]][[U+0004]][[U+0000]][[U+FF00]]","[[U+000E]][[U+0000]][[U+0003]][[U+0004]][[U+0000]][[U+FF00]]HOUSE OF DOOM
[[U+000E]][[U+0001]][[U+0000]][[U+0000]][[U+000E]][[U+0000]][[U+0003]][[U+0004]][[U+0000]][[U+FF00]]","[[U+000E]][[U+0000]][[U+0003]][[U+0004]][[U+0000]][[U+FF00]]Manoir sinistre
[[U+000E]][[U+0001]][[U+0000]][[U+0000]][[U+000E]][[U+0000]][[U+0003]][[U+0004]][[U+0000]][[U+FF00]]","[[U+000E]][[U+0000]][[U+0003]][[U+0004]][[U+0000]][[U+FF00]]LA CASA DE LOS MONSTRUOS
[[U+000E]][[U+0001]][[U+0000]][[U+0000]][[U+000E]][[U+0000]][[U+0003]][[U+0004]][[U+0000]][[U+FF00]]","[[U+000E]][[U+0000]][[U+0003]][[U+0004]][[U+0000]][[U+FF00]]FELAKET EVİ
[[U+000E]][[U+0001]][[U+0000]][[U+0000]][[U+000E]][[U+0000]][[U+0003]][[U+0004]][[U+0000]][[U+FF00]]"
Nou_AddFight_message_stage1,474,Nou_AddFight_message_stage1,BEGANE GROND,GROUND FLOOR,Rez-de-chaussée,STUFE 1,PIANO TERRA,PRIMER NIVEL,GROUND FLOOR,Rez-de-chaussée,PRIMER NIVEL,ZEMİN KAT
Nou_AddFight_message_stage2,475,Nou_AddFight_message_stage2,EERSTE ETAGE,FIRST FLOOR,1ͤͬ étage,STUFE 2,PRIMO PIANO,SEGUNDO NIVEL,FIRST FLOOR,1ͤͬ étage,SEGUNDO NIVEL,1. KAT
Nou_AddFight_message_stage3,476,Nou_AddFight_message_stage3,TWEEDE ETAGE,SECOND FLOOR,2ͤ étage,STUFE 3,SECONDO PIANO,TERCER NIVEL,SECOND FLOOR,2ͤ étage,TERCER NIVEL,2. KAT
Nou_AddFight_message_stage4,477,Nou_AddFight_message_stage4,DERDE ETAGE,THIRD FLOOR,3ͤ étage,STUFE 4,TERZO PIANO,CUARTO NIVEL,THIRD FLOOR,3ͤ étage,CUARTO NIVEL,3. KAT
Nou_AddFight_message_stage5,478,Nou_AddFight_message_stage5,VIERDE ETAGE,FOURTH FLOOR,4ͤ étage,STUFE 5,QUARTO PIANO,NIVEL SUPERIOR,FOURTH FLOOR,4ͤ étage,NIVEL SUPERIOR,4. KAT
Nou_AddFight_message_boss,479,Nou_AddFight_message_boss,[[U+000E]][[U+0000]][[U+0003]][[U+0004]][[U+0000]][[U+FF00]]LET OP: GEVAAR![[U+000E]][[U+0000]][[U+0003]][[U+0004]][[U+0000]][[U+FF00]],[[U+000E]][[U+0000]][[U+0003]][[U+0004]][[U+0000]][[U+FF00]]DANGER - BOSS![[U+000E]][[U+0000]][[U+0003]][[U+0004]][[U+0000]][[U+FF00]],[[U+000E]][[U+0000]][[U+0003]][[U+0004]][[U+0000]][[U+FF00]]Boss en approche ![[U+000E]][[U+0000]][[U+0003]][[U+0004]][[U+0000]][[U+FF00]],[[U+000E]][[U+0000]][[U+0003]][[U+0004]][[U+0000]][[U+FF00]]ENDGEGNER![[U+000E]][[U+0000]][[U+0003]][[U+0004]][[U+0000]][[U+FF00]],[[U+000E]][[U+0000]][[U+0003]][[U+0004]][[U+0000]][[U+FF00]]PERICOLO - BOSS![[U+000E]][[U+0000]][[U+0003]][[U+0004]][[U+0000]][[U+FF00]],[[U+000E]][[U+0000]][[U+0003]][[U+0004]][[U+0000]][[U+FF00]]PELIGRO: ¡ENEMIGO FINAL![[U+000E]][[U+0000]][[U+0003]][[U+0004]][[U+0000]][[U+FF00]],[[U+000E]][[U+0000]][[U+0003]][[U+0004]][[U+0000]][[U+FF00]]DANGER - BOSS![[U+000E]][[U+0000]][[U+0003]][[U+0004]][[U+0000]][[U+FF00]],[[U+000E]][[U+0000]][[U+0003]][[U+0004]][[U+0000]][[U+FF00]]Boss en approche![[U+000E]][[U+0000]][[U+0003]][[U+0004]][[U+0000]][[U+FF00]],[[U+000E]][[U+0000]][[U+0003]][[U+0004]][[U+0000]][[U+FF00]]PELIGRO: ¡ENEMIGO FINAL![[U+000E]][[U+0000]][[U+0003]][[U+0004]][[U+0000]][[U+FF00]],[[U+000E]][[U+0000]][[U+0003]][[U+0004]][[U+0000]][[U+FF00]]TEHLİKE - PATRON![[U+000E]][[U+0000]][[U+0003]][[U+0004]][[U+0000]][[U+FF00]]
Nou_AddFight_message_stage_clear,480,Nou_AddFight_message_stage_clear," [[U+000E]][[U+0000]][[U+0003]][[U+0004]][[U+0000]][[U+FF00]][[U+000E]][[U+0001]][[U+0000]][[U+0000]]
 VOLTOOID![[U+000E]][[U+0000]][[U+0003]][[U+0004]][[U+0000]][[U+FF00]]","[[U+000E]][[U+0000]][[U+0003]][[U+0004]][[U+0000]][[U+FF00]][[U+000E]][[U+0001]][[U+0000]][[U+0000]]
BREAKTHROUGH![[U+000E]][[U+0000]][[U+0003]][[U+0004]][[U+0000]][[U+FF00]]","  [[U+000E]][[U+0000]][[U+0003]][[U+0004]][[U+0000]][[U+FF00]][[U+000E]][[U+0001]][[U+0000]][[U+0000]]
  terminé ![[U+000E]][[U+0000]][[U+0003]][[U+0004]][[U+0000]][[U+FF00]]"," [[U+000E]][[U+0000]][[U+0003]][[U+0004]][[U+0000]][[U+FF00]][[U+000E]][[U+0001]][[U+0000]][[U+0000]]　
 GESCHAFFT![[U+000E]][[U+0000]][[U+0003]][[U+0004]][[U+0000]][[U+FF00]]","[[U+000E]][[U+0000]][[U+0003]][[U+0004]][[U+0000]][[U+FF00]]Hai SUPERATO il
[[U+000E]][[U+0001]][[U+0000]][[U+0000]]![[U+000E]][[U+0000]][[U+0003]][[U+0004]][[U+0000]][[U+FF00]]"," [[U+000E]][[U+0000]][[U+0003]][[U+0004]][[U+0000]][[U+FF00]][[U+000E]][[U+0001]][[U+0000]][[U+0000]]
 ¡TE HAS FUGADO![[U+000E]][[U+0000]][[U+0003]][[U+0004]][[U+0000]][[U+FF00]]","[[U+000E]][[U+0000]][[U+0003]][[U+0004]][[U+0000]][[U+FF00]][[U+000E]][[U+0001]][[U+0000]][[U+0000]]
BREAKTHROUGH![[U+000E]][[U+0000]][[U+0003]][[U+0004]][[U+0000]][[U+FF00]]","  [[U+000E]][[U+0000]][[U+0003]][[U+0004]][[U+0000]][[U+FF00]][[U+000E]][[U+0001]][[U+0000]][[U+0000]]
  terminé![[U+000E]][[U+0000]][[U+0003]][[U+0004]][[U+0000]][[U+FF00]]"," [[U+000E]][[U+0000]][[U+0003]][[U+0004]][[U+0000]][[U+FF00]][[U+000E]][[U+0001]][[U+0000]][[U+0000]]
 ¡TE HAS FUGADO![[U+000E]][[U+0000]][[U+0003]][[U+0004]][[U+0000]][[U+FF00]]","[[U+000E]][[U+0000]][[U+0003]][[U+0004]][[U+0000]][[U+FF00]][[U+000E]][[U+0001]][[U+0000]][[U+0000]]
ATILIM![[U+000E]][[U+0000]][[U+0003]][[U+0004]][[U+0000]][[U+FF00]]"
Nou_AddFight_message_gameclear,481,Nou_AddFight_message_gameclear,[[U+000E]][[U+0000]][[U+0003]][[U+0004]][[U+0000]][[U+FF00]]GEWONNEN![[U+000E]][[U+0000]][[U+0003]][[U+0004]][[U+0000]][[U+FF00]],[[U+000E]][[U+0000]][[U+0003]][[U+0004]][[U+0000]][[U+FF00]]YOU WIN![[U+000E]][[U+0000]][[U+0003]][[U+0004]][[U+0000]][[U+FF00]],"[[U+000E]][[U+0000]][[U+0003]][[U+0004]][[U+0000]][[U+FF00]]Vous avez
gagné ![[U+000E]][[U+0000]][[U+0003]][[U+0004]][[U+0000]][[U+FF00]]",[[U+000E]][[U+0000]][[U+0003]][[U+0004]][[U+0000]][[U+FF00]]GEWONNEN![[U+000E]][[U+0000]][[U+0003]][[U+0004]][[U+0000]][[U+FF00]],"[[U+000E]][[U+0000]][[U+0003]][[U+0004]][[U+0000]][[U+FF00]]CE L'HAI
FATTA![[U+000E]][[U+0000]][[U+0003]][[U+0004]][[U+0000]][[U+FF00]]",[[U+000E]][[U+0000]][[U+0003]][[U+0004]][[U+0000]][[U+FF00]]¡VICTORIA![[U+000E]][[U+0000]][[U+0003]][[U+0004]][[U+0000]][[U+FF00]],[[U+000E]][[U+0000]][[U+0003]][[U+0004]][[U+0000]][[U+FF00]]YOU WIN![[U+000E]][[U+0000]][[U+0003]][[U+0004]][[U+0000]][[U+FF00]],"[[U+000E]][[U+0000]][[U+0003]][[U+0004]][[U+0000]][[U+FF00]]Vous avez
gagné![[U+000E]][[U+0000]][[U+0003]][[U+0004]][[U+0000]][[U+FF00]]",[[U+000E]][[U+0000]][[U+0003]][[U+0004]][[U+0000]][[U+FF00]]¡VICTORIA![[U+000E]][[U+0000]][[U+0003]][[U+0004]][[U+0000]][[U+FF00]],[[U+000E]][[U+0000]][[U+0003]][[U+0004]][[U+0000]][[U+FF00]]KAZANDIN![[U+000E]][[U+0000]][[U+0003]][[U+0004]][[U+0000]][[U+FF00]]
Nou_AddFight_message_finished,482,Nou_AddFight_message_finished,X,X,X,X,X,X,X,X,X,X
Nou_AddFight_message_gameover,483,Nou_AddFight_message_gameover,[[U+000E]][[U+0000]][[U+0003]][[U+0004]]ÿ[[U+FF00]]GAME OVER[[U+000E]][[U+0000]][[U+0003]][[U+0004]][[U+0000]][[U+FF00]],[[U+000E]][[U+0000]][[U+0003]][[U+0004]]ÿ[[U+FF00]]GAME OVER[[U+000E]][[U+0000]][[U+0003]][[U+0004]][[U+0000]][[U+FF00]],[[U+000E]][[U+0000]][[U+0003]][[U+0004]]ÿ[[U+FF00]]GAME OVER[[U+000E]][[U+0000]][[U+0003]][[U+0004]][[U+0000]][[U+FF00]],[[U+000E]][[U+0000]][[U+0003]][[U+0004]]ÿ[[U+FF00]]GAME OVER[[U+000E]][[U+0000]][[U+0003]][[U+0004]][[U+0000]][[U+FF00]],[[U+000E]][[U+0000]][[U+0003]][[U+0004]]ÿ[[U+FF00]]GAME OVER[[U+000E]][[U+0000]][[U+0003]][[U+0004]][[U+0000]][[U+FF00]],[[U+000E]][[U+0000]][[U+0003]][[U+0004]]ÿ[[U+FF00]]FIN DE LA PARTIDA[[U+000E]][[U+0000]][[U+0003]][[U+0004]][[U+0000]][[U+FF00]],[[U+000E]][[U+0000]][[U+0003]][[U+0004]]ÿ[[U+FF00]]GAME OVER[[U+000E]][[U+0000]][[U+0003]][[U+0004]][[U+0000]][[U+FF00]],[[U+000E]][[U+0000]][[U+0003]][[U+0004]]ÿ[[U+FF00]]FIN DE LA PARTIE[[U+000E]][[U+0000]][[U+0003]][[U+0004]][[U+0000]][[U+FF00]],[[U+000E]][[U+0000]][[U+0003]][[U+0004]]ÿ[[U+FF00]]FIN DE LA PARTIDA[[U+000E]][[U+0000]][[U+0003]][[U+0004]][[U+0000]][[U+FF00]],[[U+000E]][[U+0000]][[U+0003]][[U+0004]]ÿ[[U+FF00]]OYUN BİTTİ[[U+000E]][[U+0000]][[U+0003]][[U+0004]][[U+0000]][[U+FF00]]
Nou_AddFight_btn_erase,484,Nou_AddFight_btn_erase,Wissen,Erase,Effacer,Löschen,Cancella,Borrar,Erase,Effacer,Borrar,Sil
Nou_AddFight_Dialog_Title,485,Nou_AddFight_Dialog_Title,Sommenstrijd,Addition Battle,Baston d'additions,Abwehrrechnung,Somme all'attacco,El ataque de las sumas,Sum Totaled: Battle,Bataille d'additions,El ataque de las sumas,Toplama Savaşı
Nou_Kakitori,486,Nou_Kakitori,,,,,,,,,,
Nou_Kakitori_Btn_Pass,487,Nou_Kakitori_Btn_Pass,Volgende,Pass,,Nächste,Passa,Saltar,Pass,Passer,Saltar,Geç
Nou_Kakitori_Btn_Next,488,Nou_Kakitori_Btn_Next,Volgende,Next,,Weiter,Avanti,Seguir,Next,Suivant,Seguir,Sonraki
Nou_Kakitori_Btn_Erase,489,Nou_Kakitori_Btn_Erase,Wissen,Delete,,Löschen,Cancella,Borrar,Delete,Effacer,Borrar,Sil
Nou_Kakitori_NotDetect,490,Nou_Kakitori_NotDetect,?,?,,?,?,(?),?,?,(?),?
Nou_Kakitori_Answer,491,Nou_Kakitori_Answer,Max. aantal vakjes,Highest Run,Max. mémorisé,Höchste Stufe,Seq. massima,Mejor serie,Highest Number,Max. mémorisé,Mejor serie,En Yüksek Seri
Nou_Kakitori_Ques_0,492,Nou_Kakitori_Ques_0, Raak [[U+000E]][[U+0002]][[U+0003]][[U+0000]]□[[U+000F]][[U+0002]][[U+0003]] aan van laag naar hoog.,Touch the boxes in order from low to high,Touchez dans l'ordre croissant.,Kleinste Zahl zuerst berühren.,Tocca in ordine crescente.,Toca de menor a mayor.,Tap the boxes in order from low to high.,Touchez dans l'ordre croissant.,Toca de menor a mayor.,Kutulara küçükten büyüğe sırayla dokun
Nou_Kakitori_Ques_1,493,Nou_Kakitori_Ques_1, Onthoud de getallen.,Memorise the numbers in the boxes,Mémorisez les nombres.,Zahlen in [[U+000E]][[U+0002]][[U+0003]][[U+0000]]□[[U+000F]][[U+0002]][[U+0003]] merken.,Memorizza i numeri.,Recuerda los números de las cajas.,Memorize the numbers in the boxes.,Mémorisez les nombres.,Recuerda los números de las cajas.,Kutulardaki sayıları ezberle
Nou_Kakitori_Ques_2,494,Nou_Kakitori_Ques_2,"Onthoud welke
getallen in de
vakjes staan.","Memorise the numbers that
appear briefly.","Mémorisez vite
les nombres et...","Merken Sie sich
alle Zahlen.","Memorizza i numeri
che appaiono.","Memoriza estos números
antes de que desaparezcan.","Memorize the numbers that
appear briefly.","Mémorisez vite
les nombres et...","Memoriza estos números
antes de que desaparezcan.","Kısa süreliğine görünen
sayıları ezberle."
Nou_Kakitori_Ques_3,495,Nou_Kakitori_Ques_3,"Raak ze aan van
laag naar hoog.","Touch in order from lowest
to highest.","touchez-les dans
l'ordre croissant.","Berühren Sie erst
den kleinsten Wert.","Tocca in ordine
crescente.",Toca del menor al mayor.,"Tap in order from lowest
to highest.","touchez-les dans
l'ordre croissant.",Toca del menor al mayor.,"En küçükten en büyüğe
sırayla dokun."
Nou_Kakitori_Ques_4,496,Nou_Kakitori_Ques_4,,,,,,,,,,
Nou_Kakitori_Ques_5,497,Nou_Kakitori_Ques_5,,,,,,,,,,
Nou_Kakitori_Ques_6,498,Nou_Kakitori_Ques_6,,,,,,,,,,
Nou_Kakitori_Ques_7,499,Nou_Kakitori_Ques_7,,,,,,,,,,
Nou_Kakitori_Ques_8,500,Nou_Kakitori_Ques_8,,,,,,,,,,
Nou_Kakitori_Ques_9,501,Nou_Kakitori_Ques_9,,,,,,,,,,
Nou_Kakitori_Ques_10,502,Nou_Kakitori_Ques_10,,,,,,,,,,
Nou_Kakitori_Ques_11,503,Nou_Kakitori_Ques_11,,,,,,,,,,
Nou_Kakitori_Ques_12,504,Nou_Kakitori_Ques_12,,,,,,,,,,
Nou_Kakitori_Ques_13,505,Nou_Kakitori_Ques_13,,,,,,,,,,
Nou_Kakitori_Ques_14,506,Nou_Kakitori_Ques_14,,,,,,,,,,
Nou_Kakitori_Ques_15,507,Nou_Kakitori_Ques_15,,,,,,,,,,
Nou_Kakitori_Ques_16,508,Nou_Kakitori_Ques_16,,,,,,,,,,
Nou_Kakitori_Ques_17,509,Nou_Kakitori_Ques_17,,,,,,,,,,
Nou_Kakitori_Ques_18,510,Nou_Kakitori_Ques_18,,,,,,,,,,
Nou_Kakitori_Ques_19,511,Nou_Kakitori_Ques_19,,,,,,,,,,
Nou_Kakitori_Ques_20,512,Nou_Kakitori_Ques_20,,,,,,,,,,
Nou_Kakitori_Ques_21,513,Nou_Kakitori_Ques_21,,,,,,,,,,
Nou_Kakitori_Ques_22,514,Nou_Kakitori_Ques_22,,,,,,,,,,
Nou_Kakitori_Ques_23,515,Nou_Kakitori_Ques_23,,,,,,,,,,
Nou_Kakitori_Ques_24,516,Nou_Kakitori_Ques_24,,,,,,,,,,
Nou_Kakitori_Ques_25,517,Nou_Kakitori_Ques_25,,,,,,,,,,
Nou_Kakitori_Ques_26,518,Nou_Kakitori_Ques_26,,,,,,,,,,
Nou_Kakitori_Ques_27,519,Nou_Kakitori_Ques_27,,,,,,,,,,
Nou_Kakitori_Ques_28,520,Nou_Kakitori_Ques_28,,,,,,,,,,
Nou_Kakitori_Ques_29,521,Nou_Kakitori_Ques_29,,,,,,,,,,
Nou_Kakitori_Ques_30,522,Nou_Kakitori_Ques_30,,,,,,,,,,
Nou_Kakitori_Ques_31,523,Nou_Kakitori_Ques_31,,,,,,,,,,
Nou_Kakitori_Ques_32,524,Nou_Kakitori_Ques_32,,,,,,,,,,
Nou_Kakitori_Ques_33,525,Nou_Kakitori_Ques_33,,,,,,,,,,
Nou_Kakitori_Ques_34,526,Nou_Kakitori_Ques_34,,,,,,,,,,
Nou_Kakitori_Ques_35,527,Nou_Kakitori_Ques_35,,,,,,,,,,
Nou_Kakitori_Ques_36,528,Nou_Kakitori_Ques_36,,,,,,,,,,
Nou_Kakitori_Ques_37,529,Nou_Kakitori_Ques_37,,,,,,,,,,
Nou_Kakitori_Ques_38,530,Nou_Kakitori_Ques_38,,,,,,,,,,
Nou_Kakitori_Ques_39,531,Nou_Kakitori_Ques_39,,,,,,,,,,
Nou_Kakitori_Ques_40,532,Nou_Kakitori_Ques_40,,,,,,,,,,
Nou_Kakitori_Ques_41,533,Nou_Kakitori_Ques_41,,,,,,,,,,
Nou_Kakitori_Ques_42,534,Nou_Kakitori_Ques_42,,,,,,,,,,
Nou_Kakitori_Ques_43,535,Nou_Kakitori_Ques_43,,,,,,,,,,
Nou_Kakitori_Ques_44,536,Nou_Kakitori_Ques_44,,,,,,,,,,
Nou_Kakitori_Ques_45,537,Nou_Kakitori_Ques_45,,,,,,,,,,
Nou_Kakitori_Ques_46,538,Nou_Kakitori_Ques_46,,,,,,,,,,
Nou_Kakitori_Ques_47,539,Nou_Kakitori_Ques_47,,,,,,,,,,
Nou_Kakitori_Ques_48,540,Nou_Kakitori_Ques_48,,,,,,,,,,
Nou_Kakitori_Ques_49,541,Nou_Kakitori_Ques_49,,,,,,,,,,
Nou_Kakitori_Ques_50,542,Nou_Kakitori_Ques_50,,,,,,,,,,
Nou_Kakitori_Ques_51,543,Nou_Kakitori_Ques_51,,,,,,,,,,
Nou_Kakitori_Ques_52,544,Nou_Kakitori_Ques_52,,,,,,,,,,
Nou_Kakitori_Ques_53,545,Nou_Kakitori_Ques_53,,,,,,,,,,
Nou_Kakitori_Ques_54,546,Nou_Kakitori_Ques_54,,,,,,,,,,
Nou_Kakitori_Ques_55,547,Nou_Kakitori_Ques_55,,,,,,,,,,
Nou_Kakitori_Ques_56,548,Nou_Kakitori_Ques_56,,,,,,,,,,
Nou_Kakitori_Ques_57,549,Nou_Kakitori_Ques_57,,,,,,,,,,
Nou_Kakitori_Ques_58,550,Nou_Kakitori_Ques_58,,,,,,,,,,
Nou_Kakitori_Ques_59,551,Nou_Kakitori_Ques_59,,,,,,,,,,
Nou_Kakitori_Ques_60,552,Nou_Kakitori_Ques_60,,,,,,,,,,
Nou_Kakitori_Ques_61,553,Nou_Kakitori_Ques_61,,,,,,,,,,
Nou_Kakitori_Ques_62,554,Nou_Kakitori_Ques_62,,,,,,,,,,
Nou_Kakitori_Ques_63,555,Nou_Kakitori_Ques_63,,,,,,,,,,
Nou_Kakitori_Ques_64,556,Nou_Kakitori_Ques_64,,,,,,,,,,
Nou_Kakitori_Ques_65,557,Nou_Kakitori_Ques_65,,,,,,,,,,
Nou_Kakitori_Ques_66,558,Nou_Kakitori_Ques_66,,,,,,,,,,
Nou_Kakitori_Ques_67,559,Nou_Kakitori_Ques_67,,,,,,,,,,
Nou_Kakitori_Ques_68,560,Nou_Kakitori_Ques_68,,,,,,,,,,
Nou_Kakitori_Ques_69,561,Nou_Kakitori_Ques_69,,,,,,,,,,
Nou_Kakitori_Ques_70,562,Nou_Kakitori_Ques_70,,,,,,,,,,
Nou_Kakitori_Ques_71,563,Nou_Kakitori_Ques_71,,,,,,,,,,
Nou_Kakitori_Ques_72,564,Nou_Kakitori_Ques_72,,,,,,,,,,
Nou_Kakitori_Ques_73,565,Nou_Kakitori_Ques_73,,,,,,,,,,
Nou_Kakitori_Ques_74,566,Nou_Kakitori_Ques_74,,,,,,,,,,
Nou_Kakitori_Ques_75,567,Nou_Kakitori_Ques_75,,,,,,,,,,
Nou_Kakitori_Ques_76,568,Nou_Kakitori_Ques_76,,,,,,,,,,
Nou_Kakitori_Ques_77,569,Nou_Kakitori_Ques_77,,,,,,,,,,
Nou_Kakitori_Ques_78,570,Nou_Kakitori_Ques_78,,,,,,,,,,
Nou_Kakitori_Ques_79,571,Nou_Kakitori_Ques_79,,,,,,,,,,
Nou_Kakitori_Ques_80,572,Nou_Kakitori_Ques_80,,,,,,,,,,
Nou_Kakitori_Ques_81,573,Nou_Kakitori_Ques_81,,,,,,,,,,
Nou_Kakitori_Ques_82,574,Nou_Kakitori_Ques_82,,,,,,,,,,
Nou_Kakitori_Ques_83,575,Nou_Kakitori_Ques_83,,,,,,,,,,
Nou_Kakitori_Ques_84,576,Nou_Kakitori_Ques_84,,,,,,,,,,
Nou_Kakitori_Ques_85,577,Nou_Kakitori_Ques_85,,,,,,,,,,
Nou_Kakitori_Ques_86,578,Nou_Kakitori_Ques_86,,,,,,,,,,
Nou_Kakitori_Ques_87,579,Nou_Kakitori_Ques_87,,,,,,,,,,
Nou_Kakitori_Ques_88,580,Nou_Kakitori_Ques_88,,,,,,,,,,
Nou_Kakitori_Ques_89,581,Nou_Kakitori_Ques_89,,,,,,,,,,
Nou_Kakitori_Ques_90,582,Nou_Kakitori_Ques_90,,,,,,,,,,
Nou_Kakitori_Ques_91,583,Nou_Kakitori_Ques_91,,,,,,,,,,
Nou_Kakitori_Ques_92,584,Nou_Kakitori_Ques_92,,,,,,,,,,
Nou_Kakitori_Ques_93,585,Nou_Kakitori_Ques_93,,,,,,,,,,
Nou_Kakitori_Ques_94,586,Nou_Kakitori_Ques_94,,,,,,,,,,
Nou_Kakitori_Ques_95,587,Nou_Kakitori_Ques_95,,,,,,,,,,
Nou_Kakitori_Ques_96,588,Nou_Kakitori_Ques_96,,,,,,,,,,
Nou_Kakitori_Ques_97,589,Nou_Kakitori_Ques_97,,,,,,,,,,
Nou_Kakitori_Ques_98,590,Nou_Kakitori_Ques_98,,,,,,,,,,
Nou_Kakitori_Ques_99,591,Nou_Kakitori_Ques_99,,,,,,,,,,
Nou_Kakitori_Ques_100,592,Nou_Kakitori_Ques_100,,,,,,,,,,
Nou_Kakitori_Ques_101,593,Nou_Kakitori_Ques_101,,,,,,,,,,
Nou_Kakitori_Ques_102,594,Nou_Kakitori_Ques_102,,,,,,,,,,
Nou_Kakitori_Ques_103,595,Nou_Kakitori_Ques_103,,,,,,,,,,
Nou_Kakitori_Ques_104,596,Nou_Kakitori_Ques_104,,,,,,,,,,
Nou_Kakitori_Ques_105,597,Nou_Kakitori_Ques_105,,,,,,,,,,
Nou_Kakitori_Ques_106,598,Nou_Kakitori_Ques_106,,,,,,,,,,
Nou_Kakitori_Ques_107,599,Nou_Kakitori_Ques_107,,,,,,,,,,
Nou_Kakitori_Ques_108,600,Nou_Kakitori_Ques_108,,,,,,,,,,
Nou_Kakitori_Ques_109,601,Nou_Kakitori_Ques_109,,,,,,,,,,
Nou_Kakitori_Ques_110,602,Nou_Kakitori_Ques_110,,,,,,,,,,
Nou_Kakitori_Ques_111,603,Nou_Kakitori_Ques_111,,,,,,,,,,
Nou_Kakitori_Ques_112,604,Nou_Kakitori_Ques_112,,,,,,,,,,
Nou_Kakitori_Ques_113,605,Nou_Kakitori_Ques_113,,,,,,,,,,
Nou_Kakitori_Ques_114,606,Nou_Kakitori_Ques_114,,,,,,,,,,
Nou_Kakitori_Ques_115,607,Nou_Kakitori_Ques_115,,,,,,,,,,
Nou_Kakitori_Ques_116,608,Nou_Kakitori_Ques_116,,,,,,,,,,
Nou_Kakitori_Ques_117,609,Nou_Kakitori_Ques_117,,,,,,,,,,
Nou_Kakitori_Ques_118,610,Nou_Kakitori_Ques_118,,,,,,,,,,
Nou_Kakitori_Ques_119,611,Nou_Kakitori_Ques_119,,,,,,,,,,
Nou_Kakitori_Ques_120,612,Nou_Kakitori_Ques_120,,,,,,,,,,
Nou_Kakitori_Ques_121,613,Nou_Kakitori_Ques_121,,,,,,,,,,
Nou_Kakitori_Ques_122,614,Nou_Kakitori_Ques_122,,,,,,,,,,
Nou_Kakitori_Ques_123,615,Nou_Kakitori_Ques_123,,,,,,,,,,
Nou_Kakitori_Ques_124,616,Nou_Kakitori_Ques_124,,,,,,,,,,
Nou_Kakitori_Ques_125,617,Nou_Kakitori_Ques_125,,,,,,,,,,
Nou_Kakitori_Ques_126,618,Nou_Kakitori_Ques_126,,,,,,,,,,
Nou_Kakitori_Ques_127,619,Nou_Kakitori_Ques_127,,,,,,,,,,
Nou_Kakitori_Ques_128,620,Nou_Kakitori_Ques_128,,,,,,,,,,
Nou_Kakitori_Ques_129,621,Nou_Kakitori_Ques_129,,,,,,,,,,
Nou_Kakitori_Ques_130,622,Nou_Kakitori_Ques_130,,,,,,,,,,
Nou_Kakitori_Ques_131,623,Nou_Kakitori_Ques_131,,,,,,,,,,
Nou_Kakitori_Ques_132,624,Nou_Kakitori_Ques_132,,,,,,,,,,
Nou_Kakitori_Ques_133,625,Nou_Kakitori_Ques_133,,,,,,,,,,
Nou_Kakitori_Ques_134,626,Nou_Kakitori_Ques_134,,,,,,,,,,
Nou_Kakitori_Ques_135,627,Nou_Kakitori_Ques_135,,,,,,,,,,
Nou_Kakitori_Ques_136,628,Nou_Kakitori_Ques_136,,,,,,,,,,
Nou_Kakitori_Ques_137,629,Nou_Kakitori_Ques_137,,,,,,,,,,
Nou_Kakitori_Ques_138,630,Nou_Kakitori_Ques_138,,,,,,,,,,
Nou_Kakitori_Ques_139,631,Nou_Kakitori_Ques_139,,,,,,,,,,
Nou_Kakitori_Ques_140,632,Nou_Kakitori_Ques_140,,,,,,,,,,
Nou_Kakitori_Ques_141,633,Nou_Kakitori_Ques_141,,,,,,,,,,
Nou_Kakitori_Ques_142,634,Nou_Kakitori_Ques_142,,,,,,,,,,
Nou_Kakitori_Ques_143,635,Nou_Kakitori_Ques_143,,,,,,,,,,
Nou_Kakitori_Ques_144,636,Nou_Kakitori_Ques_144,,,,,,,,,,
Nou_Kakitori_Ques_145,637,Nou_Kakitori_Ques_145,,,,,,,,,,
Nou_Kakitori_Ques_146,638,Nou_Kakitori_Ques_146,,,,,,,,,,
Nou_Kakitori_Ques_147,639,Nou_Kakitori_Ques_147,,,,,,,,,,
Nou_Kakitori_Ques_148,640,Nou_Kakitori_Ques_148,,,,,,,,,,
Nou_Kakitori_Ques_149,641,Nou_Kakitori_Ques_149,,,,,,,,,,
Nou_Kakitori_Ques_150,642,Nou_Kakitori_Ques_150,,,,,,,,,,
Nou_Kakitori_Ques_151,643,Nou_Kakitori_Ques_151,,,,,,,,,,
Nou_Kakitori_Ques_152,644,Nou_Kakitori_Ques_152,,,,,,,,,,
Nou_Kakitori_Ques_153,645,Nou_Kakitori_Ques_153,,,,,,,,,,
Nou_Kakitori_Ques_154,646,Nou_Kakitori_Ques_154,,,,,,,,,,
Nou_Kakitori_Ques_155,647,Nou_Kakitori_Ques_155,,,,,,,,,,
Nou_Kakitori_Ques_156,648,Nou_Kakitori_Ques_156,,,,,,,,,,
Nou_Kakitori_Ques_157,649,Nou_Kakitori_Ques_157,,,,,,,,,,
Nou_Kakitori_Ques_158,650,Nou_Kakitori_Ques_158,,,,,,,,,,
Nou_Kakitori_Ques_159,651,Nou_Kakitori_Ques_159,,,,,,,,,,
Nou_Kakitori_Ques_160,652,Nou_Kakitori_Ques_160,,,,,,,,,,
Nou_Kakitori_Ques_161,653,Nou_Kakitori_Ques_161,,,,,,,,,,
Nou_Kakitori_Ques_162,654,Nou_Kakitori_Ques_162,,,,,,,,,,
Nou_Kakitori_Ques_163,655,Nou_Kakitori_Ques_163,,,,,,,,,,
Nou_Kakitori_Ques_164,656,Nou_Kakitori_Ques_164,,,,,,,,,,
Nou_Kakitori_Ques_165,657,Nou_Kakitori_Ques_165,,,,,,,,,,
Nou_Kakitori_Ques_166,658,Nou_Kakitori_Ques_166,,,,,,,,,,
Nou_Kakitori_Ques_167,659,Nou_Kakitori_Ques_167,,,,,,,,,,
Nou_Kakitori_Ques_168,660,Nou_Kakitori_Ques_168,,,,,,,,,,
Nou_Kakitori_Ques_169,661,Nou_Kakitori_Ques_169,,,,,,,,,,
Nou_Kakitori_Ques_170,662,Nou_Kakitori_Ques_170,,,,,,,,,,
Nou_Kakitori_Ques_171,663,Nou_Kakitori_Ques_171,,,,,,,,,,
Nou_Kakitori_Ques_172,664,Nou_Kakitori_Ques_172,,,,,,,,,,
Nou_Kakitori_Ques_173,665,Nou_Kakitori_Ques_173,,,,,,,,,,
Nou_Kakitori_Ques_174,666,Nou_Kakitori_Ques_174,,,,,,,,,,
Nou_Kakitori_Ques_175,667,Nou_Kakitori_Ques_175,,,,,,,,,,
Nou_Kakitori_Ques_176,668,Nou_Kakitori_Ques_176,,,,,,,,,,
Nou_Kakitori_Ques_177,669,Nou_Kakitori_Ques_177,,,,,,,,,,
Nou_Kakitori_Ques_178,670,Nou_Kakitori_Ques_178,,,,,,,,,,
Nou_Kakitori_Ques_179,671,Nou_Kakitori_Ques_179,,,,,,,,,,
Nou_Kakitori_Ques_180,672,Nou_Kakitori_Ques_180,,,,,,,,,,
Nou_Kakitori_Ques_181,673,Nou_Kakitori_Ques_181,,,,,,,,,,
Nou_Kakitori_Ques_182,674,Nou_Kakitori_Ques_182,,,,,,,,,,
Nou_Kakitori_Ques_183,675,Nou_Kakitori_Ques_183,,,,,,,,,,
Nou_Kakitori_Ques_184,676,Nou_Kakitori_Ques_184,,,,,,,,,,
Nou_Kakitori_Ques_185,677,Nou_Kakitori_Ques_185,,,,,,,,,,
Nou_Kakitori_Ques_186,678,Nou_Kakitori_Ques_186,,,,,,,,,,
Nou_Kakitori_Ques_187,679,Nou_Kakitori_Ques_187,,,,,,,,,,
Nou_Kakitori_Ques_188,680,Nou_Kakitori_Ques_188,,,,,,,,,,
Nou_Kakitori_Ques_189,681,Nou_Kakitori_Ques_189,,,,,,,,,,
Nou_Kakitori_Ques_190,682,Nou_Kakitori_Ques_190,,,,,,,,,,
Nou_Kakitori_Ques_191,683,Nou_Kakitori_Ques_191,,,,,,,,,,
Nou_Kakitori_Ques_192,684,Nou_Kakitori_Ques_192,,,,,,,,,,
Nou_Kakitori_Ques_193,685,Nou_Kakitori_Ques_193,,,,,,,,,,
Nou_Kakitori_Ques_194,686,Nou_Kakitori_Ques_194,,,,,,,,,,
Nou_Kakitori_Ques_195,687,Nou_Kakitori_Ques_195,,,,,,,,,,
Nou_Kakitori_Ques_196,688,Nou_Kakitori_Ques_196,,,,,,,,,,
Nou_Kakitori_Ques_197,689,Nou_Kakitori_Ques_197,,,,,,,,,,
Nou_Kakitori_Ques_198,690,Nou_Kakitori_Ques_198,,,,,,,,,,
Nou_Kakitori_Ques_199,691,Nou_Kakitori_Ques_199,,,,,,,,,,
Nou_Kakitori_Ques_200,692,Nou_Kakitori_Ques_200,,,,,,,,,,
Nou_Kakitori_Ques_201,693,Nou_Kakitori_Ques_201,,,,,,,,,,
Nou_Kakitori_Ques_202,694,Nou_Kakitori_Ques_202,,,,,,,,,,
Nou_Kakitori_Ques_203,695,Nou_Kakitori_Ques_203,,,,,,,,,,
Nou_Kakitori_Ques_204,696,Nou_Kakitori_Ques_204,,,,,,,,,,
Nou_Kakitori_Ques_205,697,Nou_Kakitori_Ques_205,,,,,,,,,,
Nou_Kakitori_Ques_206,698,Nou_Kakitori_Ques_206,,,,,,,,,,
Nou_Kakitori_Ques_207,699,Nou_Kakitori_Ques_207,,,,,,,,,,
Nou_Kakitori_Ques_208,700,Nou_Kakitori_Ques_208,,,,,,,,,,
Nou_Kakitori_Ques_209,701,Nou_Kakitori_Ques_209,,,,,,,,,,
Nou_Kakitori_Ques_210,702,Nou_Kakitori_Ques_210,,,,,,,,,,
Nou_Kakitori_Ques_211,703,Nou_Kakitori_Ques_211,,,,,,,,,,
Nou_Kakitori_Ques_212,704,Nou_Kakitori_Ques_212,,,,,,,,,,
Nou_Kakitori_Ques_213,705,Nou_Kakitori_Ques_213,,,,,,,,,,
Nou_Kakitori_Ques_214,706,Nou_Kakitori_Ques_214,,,,,,,,,,
Nou_Kakitori_Ques_215,707,Nou_Kakitori_Ques_215,,,,,,,,,,
Nou_Kakitori_Ques_216,708,Nou_Kakitori_Ques_216,,,,,,,,,,
Nou_Kakitori_Ques_217,709,Nou_Kakitori_Ques_217,,,,,,,,,,
Nou_Kakitori_Ques_218,710,Nou_Kakitori_Ques_218,,,,,,,,,,
Nou_Kakitori_Ques_219,711,Nou_Kakitori_Ques_219,,,,,,,,,,
Nou_Kakitori_Ques_220,712,Nou_Kakitori_Ques_220,,,,,,,,,,
Nou_Kakitori_Ques_221,713,Nou_Kakitori_Ques_221,,,,,,,,,,
Nou_Kakitori_Ques_222,714,Nou_Kakitori_Ques_222,,,,,,,,,,
Nou_Kakitori_Ques_223,715,Nou_Kakitori_Ques_223,,,,,,,,,,
Nou_Kakitori_Ques_224,716,Nou_Kakitori_Ques_224,,,,,,,,,,
Nou_Kakitori_Ques_225,717,Nou_Kakitori_Ques_225,,,,,,,,,,
Nou_Kakitori_Ques_226,718,Nou_Kakitori_Ques_226,,,,,,,,,,
Nou_Kakitori_Ques_227,719,Nou_Kakitori_Ques_227,,,,,,,,,,
Nou_Kakitori_Ques_228,720,Nou_Kakitori_Ques_228,,,,,,,,,,
Nou_Kakitori_Ques_229,721,Nou_Kakitori_Ques_229,,,,,,,,,,
Nou_Kakitori_Ques_230,722,Nou_Kakitori_Ques_230,,,,,,,,,,
Nou_Kakitori_Ques_231,723,Nou_Kakitori_Ques_231,,,,,,,,,,
Nou_Kakitori_Ques_232,724,Nou_Kakitori_Ques_232,,,,,,,,,,
Nou_Kakitori_Ques_233,725,Nou_Kakitori_Ques_233,,,,,,,,,,
Nou_Kakitori_Ques_234,726,Nou_Kakitori_Ques_234,,,,,,,,,,
Nou_Kakitori_Ques_235,727,Nou_Kakitori_Ques_235,,,,,,,,,,
Nou_Kakitori_Ques_236,728,Nou_Kakitori_Ques_236,,,,,,,,,,
Nou_Kakitori_Ques_237,729,Nou_Kakitori_Ques_237,,,,,,,,,,
Nou_Kakitori_Ques_238,730,Nou_Kakitori_Ques_238,,,,,,,,,,
Nou_Kakitori_Ques_239,731,Nou_Kakitori_Ques_239,,,,,,,,,,
Nou_Kakitori_Ques_240,732,Nou_Kakitori_Ques_240,,,,,,,,,,
Nou_Kakitori_Ques_241,733,Nou_Kakitori_Ques_241,,,,,,,,,,
Nou_Kakitori_Ques_242,734,Nou_Kakitori_Ques_242,,,,,,,,,,
Nou_Kakitori_Ques_243,735,Nou_Kakitori_Ques_243,,,,,,,,,,
Nou_Kakitori_Ques_244,736,Nou_Kakitori_Ques_244,,,,,,,,,,
Nou_Kakitori_Ques_245,737,Nou_Kakitori_Ques_245,,,,,,,,,,
Nou_Kakitori_Ques_246,738,Nou_Kakitori_Ques_246,,,,,,,,,,
Nou_Kakitori_Ques_247,739,Nou_Kakitori_Ques_247,,,,,,,,,,
Nou_Kakitori_Ques_248,740,Nou_Kakitori_Ques_248,,,,,,,,,,
Nou_Kakitori_Ques_249,741,Nou_Kakitori_Ques_249,,,,,,,,,,
Nou_Kakitori_Ques_250,742,Nou_Kakitori_Ques_250,,,,,,,,,,
Nou_Kakitori_Ques_251,743,Nou_Kakitori_Ques_251,,,,,,,,,,
Nou_Kakitori_Ques_252,744,Nou_Kakitori_Ques_252,,,,,,,,,,
Nou_Kakitori_Ques_253,745,Nou_Kakitori_Ques_253,,,,,,,,,,
Nou_Kakitori_Ques_254,746,Nou_Kakitori_Ques_254,,,,,,,,,,
Nou_Kakitori_Ques_255,747,Nou_Kakitori_Ques_255,,,,,,,,,,
Nou_Kakitori_Ques_256,748,Nou_Kakitori_Ques_256,,,,,,,,,,
Nou_Kakitori_Ques_257,749,Nou_Kakitori_Ques_257,,,,,,,,,,
Nou_Kakitori_Ques_258,750,Nou_Kakitori_Ques_258,,,,,,,,,,
Nou_Kakitori_Ques_259,751,Nou_Kakitori_Ques_259,,,,,,,,,,
Nou_Kakitori_Ques_260,752,Nou_Kakitori_Ques_260,,,,,,,,,,
Nou_Kakitori_Ques_261,753,Nou_Kakitori_Ques_261,,,,,,,,,,
Nou_Kakitori_Ques_262,754,Nou_Kakitori_Ques_262,,,,,,,,,,
Nou_Kakitori_Ques_263,755,Nou_Kakitori_Ques_263,,,,,,,,,,
Nou_Kakitori_Ques_264,756,Nou_Kakitori_Ques_264,,,,,,,,,,
Nou_Kakitori_Ques_265,757,Nou_Kakitori_Ques_265,,,,,,,,,,
Nou_Kakitori_Ques_266,758,Nou_Kakitori_Ques_266,,,,,,,,,,
Nou_Kakitori_Ques_267,759,Nou_Kakitori_Ques_267,,,,,,,,,,
Nou_Kakitori_Ques_268,760,Nou_Kakitori_Ques_268,,,,,,,,,,
Nou_Kakitori_Ques_269,761,Nou_Kakitori_Ques_269,,,,,,,,,,
Nou_Kakitori_Ques_270,762,Nou_Kakitori_Ques_270,,,,,,,,,,
Nou_Kakitori_Ques_271,763,Nou_Kakitori_Ques_271,,,,,,,,,,
Nou_Kakitori_Ques_272,764,Nou_Kakitori_Ques_272,,,,,,,,,,
Nou_Kakitori_Ques_273,765,Nou_Kakitori_Ques_273,,,,,,,,,,
Nou_Kakitori_Ques_274,766,Nou_Kakitori_Ques_274,,,,,,,,,,
Nou_Kakitori_Ques_275,767,Nou_Kakitori_Ques_275,,,,,,,,,,
Nou_Kakitori_Ques_276,768,Nou_Kakitori_Ques_276,,,,,,,,,,
Nou_Kakitori_Ques_277,769,Nou_Kakitori_Ques_277,,,,,,,,,,
Nou_Kakitori_Ques_278,770,Nou_Kakitori_Ques_278,,,,,,,,,,
Nou_Kakitori_Ques_279,771,Nou_Kakitori_Ques_279,,,,,,,,,,
Nou_Kakitori_Ques_280,772,Nou_Kakitori_Ques_280,,,,,,,,,,
Nou_Kakitori_Ques_281,773,Nou_Kakitori_Ques_281,,,,,,,,,,
Nou_Kakitori_Ques_282,774,Nou_Kakitori_Ques_282,,,,,,,,,,
Nou_Kakitori_Ques_283,775,Nou_Kakitori_Ques_283,,,,,,,,,,
Nou_Kakitori_Ques_284,776,Nou_Kakitori_Ques_284,,,,,,,,,,
Nou_Kakitori_Ques_285,777,Nou_Kakitori_Ques_285,,,,,,,,,,
Nou_Kakitori_Ques_286,778,Nou_Kakitori_Ques_286,,,,,,,,,,
Nou_Kakitori_Ques_287,779,Nou_Kakitori_Ques_287,,,,,,,,,,
Nou_Kakitori_Ques_288,780,Nou_Kakitori_Ques_288,,,,,,,,,,
Nou_Kakitori_Ques_289,781,Nou_Kakitori_Ques_289,,,,,,,,,,
Nou_Kakitori_Ques_290,782,Nou_Kakitori_Ques_290,,,,,,,,,,
Nou_Kakitori_Ques_291,783,Nou_Kakitori_Ques_291,,,,,,,,,,
Nou_Kakitori_Ques_292,784,Nou_Kakitori_Ques_292,,,,,,,,,,
Nou_Kakitori_Ques_293,785,Nou_Kakitori_Ques_293,,,,,,,,,,
Nou_Kakitori_Ques_294,786,Nou_Kakitori_Ques_294,,,,,,,,,,
Nou_Kakitori_Ques_295,787,Nou_Kakitori_Ques_295,,,,,,,,,,
Nou_Kakitori_Ques_296,788,Nou_Kakitori_Ques_296,,,,,,,,,,
Nou_Kakitori_Ques_297,789,Nou_Kakitori_Ques_297,,,,,,,,,,
Nou_Kakitori_Ques_298,790,Nou_Kakitori_Ques_298,,,,,,,,,,
Nou_Kakitori_Ques_299,791,Nou_Kakitori_Ques_299,,,,,,,,,,
Nou_Kakitori_Ques_300,792,Nou_Kakitori_Ques_300,,,,,,,,,,
Nou_Kakitori_Ques_301,793,Nou_Kakitori_Ques_301,,,,,,,,,,
Nou_Kakitori_Ques_302,794,Nou_Kakitori_Ques_302,,,,,,,,,,
Nou_Kakitori_Ques_303,795,Nou_Kakitori_Ques_303,,,,,,,,,,
Nou_Kakitori_Ques_304,796,Nou_Kakitori_Ques_304,,,,,,,,,,
Nou_Kakitori_Ques_305,797,Nou_Kakitori_Ques_305,,,,,,,,,,
Nou_Kakitori_Ques_306,798,Nou_Kakitori_Ques_306,,,,,,,,,,
Nou_Kakitori_Ques_307,799,Nou_Kakitori_Ques_307,,,,,,,,,,
Nou_Kakitori_Ques_308,800,Nou_Kakitori_Ques_308,,,,,,,,,,
Nou_Kakitori_Ques_309,801,Nou_Kakitori_Ques_309,,,,,,,,,,
Nou_Kakitori_Ques_310,802,Nou_Kakitori_Ques_310,,,,,,,,,,
Nou_Kakitori_Ques_311,803,Nou_Kakitori_Ques_311,,,,,,,,,,
Nou_Kakitori_Ques_312,804,Nou_Kakitori_Ques_312,,,,,,,,,,
Nou_Kakitori_Ques_313,805,Nou_Kakitori_Ques_313,,,,,,,,,,
Nou_Kakitori_Ques_314,806,Nou_Kakitori_Ques_314,,,,,,,,,,
Nou_Kakitori_Ques_315,807,Nou_Kakitori_Ques_315,,,,,,,,,,
Nou_Kakitori_Ques_316,808,Nou_Kakitori_Ques_316,,,,,,,,,,
Nou_Kakitori_Ques_317,809,Nou_Kakitori_Ques_317,,,,,,,,,,
Nou_Kakitori_Ques_318,810,Nou_Kakitori_Ques_318,,,,,,,,,,
Nou_Kakitori_Ques_319,811,Nou_Kakitori_Ques_319,,,,,,,,,,
Nou_Kakitori_Ques_320,812,Nou_Kakitori_Ques_320,,,,,,,,,,
Nou_Kakitori_Ques_321,813,Nou_Kakitori_Ques_321,,,,,,,,,,
Nou_Kakitori_Ques_322,814,Nou_Kakitori_Ques_322,,,,,,,,,,
Nou_Kakitori_Ques_323,815,Nou_Kakitori_Ques_323,,,,,,,,,,
Nou_Kakitori_Ques_324,816,Nou_Kakitori_Ques_324,,,,,,,,,,
Nou_Kakitori_Ques_325,817,Nou_Kakitori_Ques_325,,,,,,,,,,
Nou_Kakitori_Ques_326,818,Nou_Kakitori_Ques_326,,,,,,,,,,
Nou_Kakitori_Ques_327,819,Nou_Kakitori_Ques_327,,,,,,,,,,
Nou_Kakitori_Ques_328,820,Nou_Kakitori_Ques_328,,,,,,,,,,
Nou_Kakitori_Ques_329,821,Nou_Kakitori_Ques_329,,,,,,,,,,
Nou_Kakitori_Ques_330,822,Nou_Kakitori_Ques_330,,,,,,,,,,
Nou_Kakitori_Ques_331,823,Nou_Kakitori_Ques_331,,,,,,,,,,
Nou_Kakitori_Ques_332,824,Nou_Kakitori_Ques_332,,,,,,,,,,
Nou_Kakitori_Ques_333,825,Nou_Kakitori_Ques_333,,,,,,,,,,
Nou_Kakitori_Ques_334,826,Nou_Kakitori_Ques_334,,,,,,,,,,
Nou_Kakitori_Ques_335,827,Nou_Kakitori_Ques_335,,,,,,,,,,
Nou_Kakitori_Ques_336,828,Nou_Kakitori_Ques_336,,,,,,,,,,
Nou_Kakitori_Ques_337,829,Nou_Kakitori_Ques_337,,,,,,,,,,
Nou_Kakitori_Ques_338,830,Nou_Kakitori_Ques_338,,,,,,,,,,
Nou_Kakitori_Ques_339,831,Nou_Kakitori_Ques_339,,,,,,,,,,
Nou_Kakitori_Ques_340,832,Nou_Kakitori_Ques_340,,,,,,,,,,
Nou_Kakitori_Ques_341,833,Nou_Kakitori_Ques_341,,,,,,,,,,
Nou_Kakitori_Ques_342,834,Nou_Kakitori_Ques_342,,,,,,,,,,
Nou_Kakitori_Ques_343,835,Nou_Kakitori_Ques_343,,,,,,,,,,
Nou_Kakitori_Ques_344,836,Nou_Kakitori_Ques_344,,,,,,,,,,
Nou_Kakitori_Ques_345,837,Nou_Kakitori_Ques_345,,,,,,,,,,
Nou_Kakitori_Ques_346,838,Nou_Kakitori_Ques_346,,,,,,,,,,
Nou_Kakitori_Ques_347,839,Nou_Kakitori_Ques_347,,,,,,,,,,
Nou_Kakitori_Ques_348,840,Nou_Kakitori_Ques_348,,,,,,,,,,
Nou_Kakitori_Ques_349,841,Nou_Kakitori_Ques_349,,,,,,,,,,
Nou_Kakitori_Ques_350,842,Nou_Kakitori_Ques_350,,,,,,,,,,
Nou_Kakitori_Ques_351,843,Nou_Kakitori_Ques_351,,,,,,,,,,
Nou_Kakitori_Ques_352,844,Nou_Kakitori_Ques_352,,,,,,,,,,
Nou_Kakitori_Ques_353,845,Nou_Kakitori_Ques_353,,,,,,,,,,
Nou_Kakitori_Ques_354,846,Nou_Kakitori_Ques_354,,,,,,,,,,
Nou_Kakitori_Ques_355,847,Nou_Kakitori_Ques_355,,,,,,,,,,
Nou_Kakitori_Ques_356,848,Nou_Kakitori_Ques_356,,,,,,,,,,
Nou_Kakitori_Ques_357,849,Nou_Kakitori_Ques_357,,,,,,,,,,
Nou_Kakitori_Ques_358,850,Nou_Kakitori_Ques_358,,,,,,,,,,
Nou_Kakitori_Ques_359,851,Nou_Kakitori_Ques_359,,,,,,,,,,
Nou_Kakitori_Ques_360,852,Nou_Kakitori_Ques_360,,,,,,,,,,
Nou_Kakitori_Ques_361,853,Nou_Kakitori_Ques_361,,,,,,,,,,
Nou_Kakitori_Ques_362,854,Nou_Kakitori_Ques_362,,,,,,,,,,
Nou_Kakitori_Ques_363,855,Nou_Kakitori_Ques_363,,,,,,,,,,
Nou_Kakitori_Ques_364,856,Nou_Kakitori_Ques_364,,,,,,,,,,
Nou_Kakitori_Ques_365,857,Nou_Kakitori_Ques_365,,,,,,,,,,
Nou_Kakitori_Ques_366,858,Nou_Kakitori_Ques_366,,,,,,,,,,
Nou_Kakitori_Ques_367,859,Nou_Kakitori_Ques_367,,,,,,,,,,
Nou_Kakitori_Ques_368,860,Nou_Kakitori_Ques_368,,,,,,,,,,
Nou_Kakitori_Ques_369,861,Nou_Kakitori_Ques_369,,,,,,,,,,
Nou_Kakitori_Ques_370,862,Nou_Kakitori_Ques_370,,,,,,,,,,
Nou_Kakitori_Ques_371,863,Nou_Kakitori_Ques_371,,,,,,,,,,
Nou_Kakitori_Ques_372,864,Nou_Kakitori_Ques_372,,,,,,,,,,
Nou_Kakitori_Ques_373,865,Nou_Kakitori_Ques_373,,,,,,,,,,
Nou_Kakitori_Ques_374,866,Nou_Kakitori_Ques_374,,,,,,,,,,
Nou_Kakitori_Ques_375,867,Nou_Kakitori_Ques_375,,,,,,,,,,
Nou_Kakitori_Ques_376,868,Nou_Kakitori_Ques_376,,,,,,,,,,
Nou_Kakitori_Ques_377,869,Nou_Kakitori_Ques_377,,,,,,,,,,
Nou_Kakitori_Ques_378,870,Nou_Kakitori_Ques_378,,,,,,,,,,
Nou_Kakitori_Ques_379,871,Nou_Kakitori_Ques_379,,,,,,,,,,
Nou_Kakitori_Ques_380,872,Nou_Kakitori_Ques_380,,,,,,,,,,
Nou_Kakitori_Ques_381,873,Nou_Kakitori_Ques_381,,,,,,,,,,
Nou_Kakitori_Ques_382,874,Nou_Kakitori_Ques_382,,,,,,,,,,
Nou_Kakitori_Ques_383,875,Nou_Kakitori_Ques_383,,,,,,,,,,
Nou_Kakitori_Ques_384,876,Nou_Kakitori_Ques_384,,,,,,,,,,
Nou_Kakitori_Ques_385,877,Nou_Kakitori_Ques_385,,,,,,,,,,
Nou_Kakitori_Ques_386,878,Nou_Kakitori_Ques_386,,,,,,,,,,
Nou_Kakitori_Ques_387,879,Nou_Kakitori_Ques_387,,,,,,,,,,
Nou_Kakitori_Ques_388,880,Nou_Kakitori_Ques_388,,,,,,,,,,
Nou_Kakitori_Ques_389,881,Nou_Kakitori_Ques_389,,,,,,,,,,
Nou_Kakitori_Ques_390,882,Nou_Kakitori_Ques_390,,,,,,,,,,
Nou_Kakitori_Ques_391,883,Nou_Kakitori_Ques_391,,,,,,,,,,
Nou_Kakitori_Ques_392,884,Nou_Kakitori_Ques_392,,,,,,,,,,
Nou_Kakitori_Ques_393,885,Nou_Kakitori_Ques_393,,,,,,,,,,
Nou_Kakitori_Ques_394,886,Nou_Kakitori_Ques_394,,,,,,,,,,
Nou_Kakitori_Ques_395,887,Nou_Kakitori_Ques_395,,,,,,,,,,
Nou_Kakitori_Ques_396,888,Nou_Kakitori_Ques_396,,,,,,,,,,
Nou_Kakitori_Ques_397,889,Nou_Kakitori_Ques_397,,,,,,,,,,
Nou_Kakitori_Ques_398,890,Nou_Kakitori_Ques_398,,,,,,,,,,
Nou_Kakitori_Ques_399,891,Nou_Kakitori_Ques_399,,,,,,,,,,
Nou_Kakitori_Ques_400,892,Nou_Kakitori_Ques_400,,,,,,,,,,
Nou_Kakitori_Ques_401,893,Nou_Kakitori_Ques_401,,,,,,,,,,
Nou_Kakitori_Ques_402,894,Nou_Kakitori_Ques_402,,,,,,,,,,
Nou_Kakitori_Ques_403,895,Nou_Kakitori_Ques_403,,,,,,,,,,
Nou_Kakitori_Ques_404,896,Nou_Kakitori_Ques_404,,,,,,,,,,
Nou_Kakitori_Ques_405,897,Nou_Kakitori_Ques_405,,,,,,,,,,
Nou_Kakitori_Ques_406,898,Nou_Kakitori_Ques_406,,,,,,,,,,
Nou_Kakitori_Ques_407,899,Nou_Kakitori_Ques_407,,,,,,,,,,
Nou_Kakitori_Ques_408,900,Nou_Kakitori_Ques_408,,,,,,,,,,
Nou_Kakitori_Ques_409,901,Nou_Kakitori_Ques_409,,,,,,,,,,
Nou_Kakitori_Ques_410,902,Nou_Kakitori_Ques_410,,,,,,,,,,
Nou_Kakitori_Ques_411,903,Nou_Kakitori_Ques_411,,,,,,,,,,
Nou_Kakitori_Ques_412,904,Nou_Kakitori_Ques_412,,,,,,,,,,
Nou_Kakitori_Ques_413,905,Nou_Kakitori_Ques_413,,,,,,,,,,
Nou_Kakitori_Ques_414,906,Nou_Kakitori_Ques_414,,,,,,,,,,
Nou_Kakitori_Ques_415,907,Nou_Kakitori_Ques_415,,,,,,,,,,
Nou_Kakitori_Ques_416,908,Nou_Kakitori_Ques_416,,,,,,,,,,
Nou_Kakitori_Ques_417,909,Nou_Kakitori_Ques_417,,,,,,,,,,
Nou_Kakitori_Ques_418,910,Nou_Kakitori_Ques_418,,,,,,,,,,
Nou_Kakitori_Ques_419,911,Nou_Kakitori_Ques_419,,,,,,,,,,
Nou_Kakitori_Ques_420,912,Nou_Kakitori_Ques_420,,,,,,,,,,
Nou_Kakitori_Ques_421,913,Nou_Kakitori_Ques_421,,,,,,,,,,
Nou_Kakitori_Ques_422,914,Nou_Kakitori_Ques_422,,,,,,,,,,
Nou_Kakitori_Ques_423,915,Nou_Kakitori_Ques_423,,,,,,,,,,
Nou_Kakitori_Ques_424,916,Nou_Kakitori_Ques_424,,,,,,,,,,
Nou_Kakitori_Ques_425,917,Nou_Kakitori_Ques_425,,,,,,,,,,
Nou_Kakitori_Ques_426,918,Nou_Kakitori_Ques_426,,,,,,,,,,
Nou_Kakitori_Ques_427,919,Nou_Kakitori_Ques_427,,,,,,,,,,
Nou_Kakitori_Ques_428,920,Nou_Kakitori_Ques_428,,,,,,,,,,
Nou_Kakitori_Ques_429,921,Nou_Kakitori_Ques_429,,,,,,,,,,
Nou_Kakitori_Ques_430,922,Nou_Kakitori_Ques_430,,,,,,,,,,
Nou_Kakitori_Ques_431,923,Nou_Kakitori_Ques_431,,,,,,,,,,
Nou_Kakitori_Ques_432,924,Nou_Kakitori_Ques_432,,,,,,,,,,
Nou_Kakitori_Ques_433,925,Nou_Kakitori_Ques_433,,,,,,,,,,
Nou_Kakitori_Ques_434,926,Nou_Kakitori_Ques_434,,,,,,,,,,
Nou_Kakitori_Ques_435,927,Nou_Kakitori_Ques_435,,,,,,,,,,
Nou_Kakitori_Ques_436,928,Nou_Kakitori_Ques_436,,,,,,,,,,
Nou_Kakitori_Ques_437,929,Nou_Kakitori_Ques_437,,,,,,,,,,
Nou_Kakitori_Ques_438,930,Nou_Kakitori_Ques_438,,,,,,,,,,
Nou_Kakitori_Ques_439,931,Nou_Kakitori_Ques_439,,,,,,,,,,
Nou_Kakitori_Ques_440,932,Nou_Kakitori_Ques_440,,,,,,,,,,
Nou_Kakitori_Ques_441,933,Nou_Kakitori_Ques_441,,,,,,,,,,
Nou_Kakitori_Ques_442,934,Nou_Kakitori_Ques_442,,,,,,,,,,
Nou_Kakitori_Ques_443,935,Nou_Kakitori_Ques_443,,,,,,,,,,
Nou_Kakitori_Ques_444,936,Nou_Kakitori_Ques_444,,,,,,,,,,
Nou_Kakitori_Ques_445,937,Nou_Kakitori_Ques_445,,,,,,,,,,
Nou_Kakitori_Ques_446,938,Nou_Kakitori_Ques_446,,,,,,,,,,
Nou_Kakitori_Ques_447,939,Nou_Kakitori_Ques_447,,,,,,,,,,
Nou_Kakitori_Ques_448,940,Nou_Kakitori_Ques_448,,,,,,,,,,
Nou_Kakitori_Ques_449,941,Nou_Kakitori_Ques_449,,,,,,,,,,
Nou_Kakitori_Ques_450,942,Nou_Kakitori_Ques_450,,,,,,,,,,
Nou_Kakitori_Ques_451,943,Nou_Kakitori_Ques_451,,,,,,,,,,
Nou_Kakitori_Ques_452,944,Nou_Kakitori_Ques_452,,,,,,,,,,
Nou_Kakitori_Ques_453,945,Nou_Kakitori_Ques_453,,,,,,,,,,
Nou_Kakitori_Ques_454,946,Nou_Kakitori_Ques_454,,,,,,,,,,
Nou_Kakitori_Ques_455,947,Nou_Kakitori_Ques_455,,,,,,,,,,
Nou_Kakitori_Ques_456,948,Nou_Kakitori_Ques_456,,,,,,,,,,
Nou_Kakitori_Ques_457,949,Nou_Kakitori_Ques_457,,,,,,,,,,
Nou_Kakitori_Ques_458,950,Nou_Kakitori_Ques_458,,,,,,,,,,
Nou_Kakitori_Ques_459,951,Nou_Kakitori_Ques_459,,,,,,,,,,
Nou_Kakitori_Ques_460,952,Nou_Kakitori_Ques_460,,,,,,,,,,
Nou_Kakitori_Ques_461,953,Nou_Kakitori_Ques_461,,,,,,,,,,
Nou_Kakitori_Ques_462,954,Nou_Kakitori_Ques_462,,,,,,,,,,
Nou_Kakitori_Ques_463,955,Nou_Kakitori_Ques_463,,,,,,,,,,
Nou_Kakitori_Ques_464,956,Nou_Kakitori_Ques_464,,,,,,,,,,
Nou_Kakitori_Ques_465,957,Nou_Kakitori_Ques_465,,,,,,,,,,
Nou_Kakitori_Ques_466,958,Nou_Kakitori_Ques_466,,,,,,,,,,
Nou_Kakitori_Ques_467,959,Nou_Kakitori_Ques_467,,,,,,,,,,
Nou_Kakitori_Ques_468,960,Nou_Kakitori_Ques_468,,,,,,,,,,
Nou_Kakitori_Ques_469,961,Nou_Kakitori_Ques_469,,,,,,,,,,
Nou_Kakitori_Ques_470,962,Nou_Kakitori_Ques_470,,,,,,,,,,
Nou_Kakitori_Ques_471,963,Nou_Kakitori_Ques_471,,,,,,,,,,
Nou_Kakitori_Ques_472,964,Nou_Kakitori_Ques_472,,,,,,,,,,
Nou_Kakitori_Ques_473,965,Nou_Kakitori_Ques_473,,,,,,,,,,
Nou_Kakitori_Ques_474,966,Nou_Kakitori_Ques_474,,,,,,,,,,
Nou_Kakitori_Ques_475,967,Nou_Kakitori_Ques_475,,,,,,,,,,
Nou_Kakitori_Ques_476,968,Nou_Kakitori_Ques_476,,,,,,,,,,
Nou_Kakitori_Ques_477,969,Nou_Kakitori_Ques_477,,,,,,,,,,
Nou_Kakitori_Ques_478,970,Nou_Kakitori_Ques_478,,,,,,,,,,
Nou_Kakitori_Ques_479,971,Nou_Kakitori_Ques_479,,,,,,,,,,
Nou_Kakitori_Ques_480,972,Nou_Kakitori_Ques_480,,,,,,,,,,
Nou_Kakitori_Ques_481,973,Nou_Kakitori_Ques_481,,,,,,,,,,
Nou_Kakitori_Ques_482,974,Nou_Kakitori_Ques_482,,,,,,,,,,
Nou_Kakitori_Ques_483,975,Nou_Kakitori_Ques_483,,,,,,,,,,
Nou_Kakitori_Ques_484,976,Nou_Kakitori_Ques_484,,,,,,,,,,
Nou_Kakitori_Ques_485,977,Nou_Kakitori_Ques_485,,,,,,,,,,
Nou_Kakitori_Ques_486,978,Nou_Kakitori_Ques_486,,,,,,,,,,
Nou_Kakitori_Ques_487,979,Nou_Kakitori_Ques_487,,,,,,,,,,
Nou_Kakitori_Ques_488,980,Nou_Kakitori_Ques_488,,,,,,,,,,
Nou_Kakitori_Ques_489,981,Nou_Kakitori_Ques_489,,,,,,,,,,
Nou_Kakitori_Ques_490,982,Nou_Kakitori_Ques_490,,,,,,,,,,
Nou_Kakitori_Ques_491,983,Nou_Kakitori_Ques_491,,,,,,,,,,
Nou_Kakitori_Ques_492,984,Nou_Kakitori_Ques_492,,,,,,,,,,
Nou_Kakitori_Ques_493,985,Nou_Kakitori_Ques_493,,,,,,,,,,
Nou_Kakitori_Ques_494,986,Nou_Kakitori_Ques_494,,,,,,,,,,
Nou_Kakitori_Ques_495,987,Nou_Kakitori_Ques_495,,,,,,,,,,
Nou_Kakitori_Ques_496,988,Nou_Kakitori_Ques_496,,,,,,,,,,
Nou_Kakitori_Ques_497,989,Nou_Kakitori_Ques_497,,,,,,,,,,
Nou_Kakitori_Ques_498,990,Nou_Kakitori_Ques_498,,,,,,,,,,
Nou_Kakitori_Ques_499,991,Nou_Kakitori_Ques_499,,,,,,,,,,
Nou_Kakitori_Ques_500,992,Nou_Kakitori_Ques_500,,,,,,,,,,
Nou_Kakitori_Ques_501,993,Nou_Kakitori_Ques_501,,,,,,,,,,
Nou_Kakitori_Ques_502,994,Nou_Kakitori_Ques_502,,,,,,,,,,
Nou_Kakitori_Ques_503,995,Nou_Kakitori_Ques_503,,,,,,,,,,
Nou_Kakitori_Ques_504,996,Nou_Kakitori_Ques_504,,,,,,,,,,
Nou_Kakitori_Ques_505,997,Nou_Kakitori_Ques_505,,,,,,,,,,
Nou_Kakitori_Ques_506,998,Nou_Kakitori_Ques_506,,,,,,,,,,
Nou_Kakitori_Ques_507,999,Nou_Kakitori_Ques_507,,,,,,,,,,
Nou_Kakitori_Ques_508,1000,Nou_Kakitori_Ques_508,,,,,,,,,,
Nou_Kakitori_Ques_509,1001,Nou_Kakitori_Ques_509,,,,,,,,,,
Nou_Kakitori_Ques_510,1002,Nou_Kakitori_Ques_510,,,,,,,,,,
Nou_Kakitori_Ques_511,1003,Nou_Kakitori_Ques_511,,,,,,,,,,
Nou_Kakitori_Ques_512,1004,Nou_Kakitori_Ques_512,,,,,,,,,,
Nou_Kakitori_Ques_513,1005,Nou_Kakitori_Ques_513,,,,,,,,,,
Nou_Kakitori_Ques_514,1006,Nou_Kakitori_Ques_514,,,,,,,,,,
Nou_Kakitori_Ques_515,1007,Nou_Kakitori_Ques_515,,,,,,,,,,
Nou_Kakitori_Ques_516,1008,Nou_Kakitori_Ques_516,,,,,,,,,,
Nou_Kakitori_Ques_517,1009,Nou_Kakitori_Ques_517,,,,,,,,,,
Nou_Kakitori_Ques_518,1010,Nou_Kakitori_Ques_518,,,,,,,,,,
Nou_Kakitori_Ques_519,1011,Nou_Kakitori_Ques_519,,,,,,,,,,
Nou_Kakitori_Ques_520,1012,Nou_Kakitori_Ques_520,,,,,,,,,,
Nou_Kakitori_Ques_521,1013,Nou_Kakitori_Ques_521,,,,,,,,,,
Nou_Kakitori_Ques_522,1014,Nou_Kakitori_Ques_522,,,,,,,,,,
Nou_Kakitori_Ques_523,1015,Nou_Kakitori_Ques_523,,,,,,,,,,
Nou_Kakitori_Ques_524,1016,Nou_Kakitori_Ques_524,,,,,,,,,,
Nou_Kakitori_Ques_525,1017,Nou_Kakitori_Ques_525,,,,,,,,,,
Nou_Kakitori_Ques_526,1018,Nou_Kakitori_Ques_526,,,,,,,,,,
Nou_Kakitori_Ques_527,1019,Nou_Kakitori_Ques_527,,,,,,,,,,
Nou_Kakitori_Ques_528,1020,Nou_Kakitori_Ques_528,,,,,,,,,,
Nou_Kakitori_Ques_529,1021,Nou_Kakitori_Ques_529,,,,,,,,,,
Nou_Kakitori_Ques_530,1022,Nou_Kakitori_Ques_530,,,,,,,,,,
Nou_Kakitori_Ques_531,1023,Nou_Kakitori_Ques_531,,,,,,,,,,
Nou_Kakitori_Ques_532,1024,Nou_Kakitori_Ques_532,,,,,,,,,,
Nou_Kakitori_Ques_533,1025,Nou_Kakitori_Ques_533,,,,,,,,,,
Nou_Kakitori_Ques_534,1026,Nou_Kakitori_Ques_534,,,,,,,,,,
Nou_Kakitori_Ques_535,1027,Nou_Kakitori_Ques_535,,,,,,,,,,
Nou_Kakitori_Ques_536,1028,Nou_Kakitori_Ques_536,,,,,,,,,,
Nou_Kakitori_Ques_537,1029,Nou_Kakitori_Ques_537,,,,,,,,,,
Nou_Kakitori_Ques_538,1030,Nou_Kakitori_Ques_538,,,,,,,,,,
Nou_Kakitori_Ques_539,1031,Nou_Kakitori_Ques_539,,,,,,,,,,
Nou_Kakitori_Ques_540,1032,Nou_Kakitori_Ques_540,,,,,,,,,,
Nou_Kakitori_Ques_541,1033,Nou_Kakitori_Ques_541,,,,,,,,,,
Nou_Kakitori_Ques_542,1034,Nou_Kakitori_Ques_542,,,,,,,,,,
Nou_Kakitori_Ques_543,1035,Nou_Kakitori_Ques_543,,,,,,,,,,
Nou_Kakitori_Ques_544,1036,Nou_Kakitori_Ques_544,,,,,,,,,,
Nou_Kakitori_Ques_545,1037,Nou_Kakitori_Ques_545,,,,,,,,,,
Nou_Kakitori_Ques_546,1038,Nou_Kakitori_Ques_546,,,,,,,,,,
Nou_Kakitori_Ques_547,1039,Nou_Kakitori_Ques_547,,,,,,,,,,
Nou_Kakitori_Ques_548,1040,Nou_Kakitori_Ques_548,,,,,,,,,,
Nou_Kakitori_Ques_549,1041,Nou_Kakitori_Ques_549,,,,,,,,,,
Nou_Kakitori_Ques_550,1042,Nou_Kakitori_Ques_550,,,,,,,,,,
Nou_Kakitori_Ques_551,1043,Nou_Kakitori_Ques_551,,,,,,,,,,
Nou_Kakitori_Ques_552,1044,Nou_Kakitori_Ques_552,,,,,,,,,,
Nou_Kakitori_Ques_553,1045,Nou_Kakitori_Ques_553,,,,,,,,,,
Nou_Kakitori_Ques_554,1046,Nou_Kakitori_Ques_554,,,,,,,,,,
Nou_Kakitori_Ques_555,1047,Nou_Kakitori_Ques_555,,,,,,,,,,
Nou_Kakitori_Ques_556,1048,Nou_Kakitori_Ques_556,,,,,,,,,,
Nou_Kakitori_Ques_557,1049,Nou_Kakitori_Ques_557,,,,,,,,,,
Nou_Kakitori_Ques_558,1050,Nou_Kakitori_Ques_558,,,,,,,,,,
Nou_Kakitori_Ques_559,1051,Nou_Kakitori_Ques_559,,,,,,,,,,
Nou_Kakitori_Ques_560,1052,Nou_Kakitori_Ques_560,,,,,,,,,,
Nou_Kakitori_Ques_561,1053,Nou_Kakitori_Ques_561,,,,,,,,,,
Nou_Kakitori_Ques_562,1054,Nou_Kakitori_Ques_562,,,,,,,,,,
Nou_Kakitori_Ques_563,1055,Nou_Kakitori_Ques_563,,,,,,,,,,
Nou_Kakitori_Ques_564,1056,Nou_Kakitori_Ques_564,,,,,,,,,,
Nou_Kakitori_Ques_565,1057,Nou_Kakitori_Ques_565,,,,,,,,,,
Nou_Kakitori_Ques_566,1058,Nou_Kakitori_Ques_566,,,,,,,,,,
Nou_Kakitori_Ques_567,1059,Nou_Kakitori_Ques_567,,,,,,,,,,
Nou_Kakitori_Ques_568,1060,Nou_Kakitori_Ques_568,,,,,,,,,,
Nou_Kakitori_Ques_569,1061,Nou_Kakitori_Ques_569,,,,,,,,,,
Nou_Kakitori_Ques_570,1062,Nou_Kakitori_Ques_570,,,,,,,,,,
Nou_Kakitori_Ques_571,1063,Nou_Kakitori_Ques_571,,,,,,,,,,
Nou_Kakitori_Ques_572,1064,Nou_Kakitori_Ques_572,,,,,,,,,,
Nou_Kakitori_Ques_573,1065,Nou_Kakitori_Ques_573,,,,,,,,,,
Nou_Kakitori_Ques_574,1066,Nou_Kakitori_Ques_574,,,,,,,,,,
Nou_Kakitori_Ques_575,1067,Nou_Kakitori_Ques_575,,,,,,,,,,
Nou_Kakitori_Ques_576,1068,Nou_Kakitori_Ques_576,,,,,,,,,,
Nou_Kakitori_Ques_577,1069,Nou_Kakitori_Ques_577,,,,,,,,,,
Nou_Kakitori_Ques_578,1070,Nou_Kakitori_Ques_578,,,,,,,,,,
Nou_Kakitori_Ques_579,1071,Nou_Kakitori_Ques_579,,,,,,,,,,
Nou_Kakitori_Ques_580,1072,Nou_Kakitori_Ques_580,,,,,,,,,,
Nou_Kakitori_Ques_581,1073,Nou_Kakitori_Ques_581,,,,,,,,,,
Nou_Kakitori_Ques_582,1074,Nou_Kakitori_Ques_582,,,,,,,,,,
Nou_Kakitori_Ques_583,1075,Nou_Kakitori_Ques_583,,,,,,,,,,
Nou_Kakitori_Ques_584,1076,Nou_Kakitori_Ques_584,,,,,,,,,,
Nou_Kakitori_Ques_585,1077,Nou_Kakitori_Ques_585,,,,,,,,,,
Nou_Kakitori_Ques_586,1078,Nou_Kakitori_Ques_586,,,,,,,,,,
Nou_Kakitori_Ques_587,1079,Nou_Kakitori_Ques_587,,,,,,,,,,
Nou_Kakitori_Ques_588,1080,Nou_Kakitori_Ques_588,,,,,,,,,,
Nou_Kakitori_Ques_589,1081,Nou_Kakitori_Ques_589,,,,,,,,,,
Nou_Kakitori_Ques_590,1082,Nou_Kakitori_Ques_590,,,,,,,,,,
Nou_Kakitori_Ques_591,1083,Nou_Kakitori_Ques_591,,,,,,,,,,
Nou_Kakitori_Ques_592,1084,Nou_Kakitori_Ques_592,,,,,,,,,,
Nou_Kakitori_Ques_593,1085,Nou_Kakitori_Ques_593,,,,,,,,,,
Nou_Kakitori_Ques_594,1086,Nou_Kakitori_Ques_594,,,,,,,,,,
Nou_Kakitori_Ques_595,1087,Nou_Kakitori_Ques_595,,,,,,,,,,
Nou_Kakitori_Ques_596,1088,Nou_Kakitori_Ques_596,,,,,,,,,,
Nou_Kakitori_Ques_597,1089,Nou_Kakitori_Ques_597,,,,,,,,,,
Nou_Kakitori_Ques_598,1090,Nou_Kakitori_Ques_598,,,,,,,,,,
Nou_Kakitori_Ques_599,1091,Nou_Kakitori_Ques_599,,,,,,,,,,
Nou_Kakitori_Ques_600,1092,Nou_Kakitori_Ques_600,,,,,,,,,,
Nou_Kakitori_Ques_601,1093,Nou_Kakitori_Ques_601,,,,,,,,,,
Nou_Kakitori_Ques_602,1094,Nou_Kakitori_Ques_602,,,,,,,,,,
Nou_Kakitori_Ques_603,1095,Nou_Kakitori_Ques_603,,,,,,,,,,
Nou_Kakitori_Ques_604,1096,Nou_Kakitori_Ques_604,,,,,,,,,,
Nou_Kakitori_Ques_605,1097,Nou_Kakitori_Ques_605,,,,,,,,,,
Nou_Kakitori_Ques_606,1098,Nou_Kakitori_Ques_606,,,,,,,,,,
Nou_Kakitori_Ques_607,1099,Nou_Kakitori_Ques_607,,,,,,,,,,
Nou_Kakitori_Ques_608,1100,Nou_Kakitori_Ques_608,,,,,,,,,,
Nou_Kakitori_Ques_609,1101,Nou_Kakitori_Ques_609,,,,,,,,,,
Nou_Kakitori_Ques_610,1102,Nou_Kakitori_Ques_610,,,,,,,,,,
Nou_Kakitori_Ques_611,1103,Nou_Kakitori_Ques_611,,,,,,,,,,
Nou_Kakitori_Ques_612,1104,Nou_Kakitori_Ques_612,,,,,,,,,,
Nou_Kakitori_Ques_613,1105,Nou_Kakitori_Ques_613,,,,,,,,,,
Nou_Kakitori_Ques_614,1106,Nou_Kakitori_Ques_614,,,,,,,,,,
Nou_Kakitori_Ques_615,1107,Nou_Kakitori_Ques_615,,,,,,,,,,
Nou_Kakitori_Ques_616,1108,Nou_Kakitori_Ques_616,,,,,,,,,,
Nou_Kakitori_Ques_617,1109,Nou_Kakitori_Ques_617,,,,,,,,,,
Nou_Kakitori_Ques_618,1110,Nou_Kakitori_Ques_618,,,,,,,,,,
Nou_Kakitori_Ques_619,1111,Nou_Kakitori_Ques_619,,,,,,,,,,
Nou_Kakitori_Ques_620,1112,Nou_Kakitori_Ques_620,,,,,,,,,,
Nou_Kakitori_Ques_621,1113,Nou_Kakitori_Ques_621,,,,,,,,,,
Nou_Kakitori_Ques_622,1114,Nou_Kakitori_Ques_622,,,,,,,,,,
Nou_Kakitori_Ques_623,1115,Nou_Kakitori_Ques_623,,,,,,,,,,
Nou_Kakitori_Ques_624,1116,Nou_Kakitori_Ques_624,,,,,,,,,,
Nou_Kakitori_Ques_625,1117,Nou_Kakitori_Ques_625,,,,,,,,,,
Nou_Kakitori_Ques_626,1118,Nou_Kakitori_Ques_626,,,,,,,,,,
Nou_Kakitori_Ques_627,1119,Nou_Kakitori_Ques_627,,,,,,,,,,
Nou_Kakitori_Ques_628,1120,Nou_Kakitori_Ques_628,,,,,,,,,,
Nou_Kakitori_Ques_629,1121,Nou_Kakitori_Ques_629,,,,,,,,,,
Nou_Kakitori_Ques_630,1122,Nou_Kakitori_Ques_630,,,,,,,,,,
Nou_Kakitori_Ques_631,1123,Nou_Kakitori_Ques_631,,,,,,,,,,
Nou_Kakitori_Ques_632,1124,Nou_Kakitori_Ques_632,,,,,,,,,,
Nou_Kakitori_Ques_633,1125,Nou_Kakitori_Ques_633,,,,,,,,,,
Nou_Kakitori_Ques_634,1126,Nou_Kakitori_Ques_634,,,,,,,,,,
Nou_Kakitori_Ques_635,1127,Nou_Kakitori_Ques_635,,,,,,,,,,
Nou_Kakitori_Ques_636,1128,Nou_Kakitori_Ques_636,,,,,,,,,,
Nou_Kakitori_Ques_637,1129,Nou_Kakitori_Ques_637,,,,,,,,,,
Nou_Kakitori_Ques_638,1130,Nou_Kakitori_Ques_638,,,,,,,,,,
Nou_Kakitori_Ques_639,1131,Nou_Kakitori_Ques_639,,,,,,,,,,
Nou_Kakitori_Ques_640,1132,Nou_Kakitori_Ques_640,,,,,,,,,,
Nou_Kakitori_Ques_641,1133,Nou_Kakitori_Ques_641,,,,,,,,,,
Nou_Kakitori_Ques_642,1134,Nou_Kakitori_Ques_642,,,,,,,,,,
Nou_Kakitori_Ques_643,1135,Nou_Kakitori_Ques_643,,,,,,,,,,
Nou_Kakitori_Ques_644,1136,Nou_Kakitori_Ques_644,,,,,,,,,,
Nou_Kakitori_Ques_645,1137,Nou_Kakitori_Ques_645,,,,,,,,,,
Nou_Kakitori_Ques_646,1138,Nou_Kakitori_Ques_646,,,,,,,,,,
Nou_Kakitori_Ques_647,1139,Nou_Kakitori_Ques_647,,,,,,,,,,
Nou_Kakitori_Ques_648,1140,Nou_Kakitori_Ques_648,,,,,,,,,,
Nou_Kakitori_Ques_649,1141,Nou_Kakitori_Ques_649,,,,,,,,,,
Nou_Kakitori_Ques_650,1142,Nou_Kakitori_Ques_650,,,,,,,,,,
Nou_Kakitori_Ques_651,1143,Nou_Kakitori_Ques_651,,,,,,,,,,
Nou_Kakitori_Ques_652,1144,Nou_Kakitori_Ques_652,,,,,,,,,,
Nou_Kakitori_Ques_653,1145,Nou_Kakitori_Ques_653,,,,,,,,,,
Nou_Kakitori_Ques_654,1146,Nou_Kakitori_Ques_654,,,,,,,,,,
Nou_Kakitori_Ques_655,1147,Nou_Kakitori_Ques_655,,,,,,,,,,
Nou_Kakitori_Ques_656,1148,Nou_Kakitori_Ques_656,,,,,,,,,,
Nou_Kakitori_Ques_657,1149,Nou_Kakitori_Ques_657,,,,,,,,,,
Nou_Kakitori_Ques_658,1150,Nou_Kakitori_Ques_658,,,,,,,,,,
Nou_Kakitori_Ques_659,1151,Nou_Kakitori_Ques_659,,,,,,,,,,
Nou_Kakitori_Ques_660,1152,Nou_Kakitori_Ques_660,,,,,,,,,,
Nou_Kakitori_Ques_661,1153,Nou_Kakitori_Ques_661,,,,,,,,,,
Nou_Kakitori_Ques_662,1154,Nou_Kakitori_Ques_662,,,,,,,,,,
Nou_Kakitori_Ques_663,1155,Nou_Kakitori_Ques_663,,,,,,,,,,
Nou_Kakitori_Ques_664,1156,Nou_Kakitori_Ques_664,,,,,,,,,,
Nou_Kakitori_Ques_665,1157,Nou_Kakitori_Ques_665,,,,,,,,,,
Nou_Kakitori_Ques_666,1158,Nou_Kakitori_Ques_666,,,,,,,,,,
Nou_Kakitori_Ques_667,1159,Nou_Kakitori_Ques_667,,,,,,,,,,
Nou_Kakitori_Ques_668,1160,Nou_Kakitori_Ques_668,,,,,,,,,,
Nou_Kakitori_Ques_669,1161,Nou_Kakitori_Ques_669,,,,,,,,,,
Nou_Kakitori_Ques_670,1162,Nou_Kakitori_Ques_670,,,,,,,,,,
Nou_Kakitori_Ques_671,1163,Nou_Kakitori_Ques_671,,,,,,,,,,
Nou_Kakitori_Ques_672,1164,Nou_Kakitori_Ques_672,,,,,,,,,,
Nou_Kakitori_Ques_673,1165,Nou_Kakitori_Ques_673,,,,,,,,,,
Nou_Kakitori_Ques_674,1166,Nou_Kakitori_Ques_674,,,,,,,,,,
Nou_Kakitori_Ques_675,1167,Nou_Kakitori_Ques_675,,,,,,,,,,
Nou_Kakitori_Ques_676,1168,Nou_Kakitori_Ques_676,,,,,,,,,,
Nou_Kakitori_Ques_677,1169,Nou_Kakitori_Ques_677,,,,,,,,,,
Nou_Kakitori_Ques_678,1170,Nou_Kakitori_Ques_678,,,,,,,,,,
Nou_Kakitori_Ques_679,1171,Nou_Kakitori_Ques_679,,,,,,,,,,
Nou_Kakitori_Ques_680,1172,Nou_Kakitori_Ques_680,,,,,,,,,,
Nou_Kakitori_Ques_681,1173,Nou_Kakitori_Ques_681,,,,,,,,,,
Nou_Kakitori_Ques_682,1174,Nou_Kakitori_Ques_682,,,,,,,,,,
Nou_Kakitori_Ques_683,1175,Nou_Kakitori_Ques_683,,,,,,,,,,
Nou_Kakitori_Ques_684,1176,Nou_Kakitori_Ques_684,,,,,,,,,,
Nou_Kakitori_Ques_685,1177,Nou_Kakitori_Ques_685,,,,,,,,,,
Nou_Kakitori_Ques_686,1178,Nou_Kakitori_Ques_686,,,,,,,,,,
Nou_Kakitori_Ques_687,1179,Nou_Kakitori_Ques_687,,,,,,,,,,
Nou_Kakitori_Ques_688,1180,Nou_Kakitori_Ques_688,,,,,,,,,,
Nou_Kakitori_Ques_689,1181,Nou_Kakitori_Ques_689,,,,,,,,,,
Nou_Kakitori_Ques_690,1182,Nou_Kakitori_Ques_690,,,,,,,,,,
Nou_Kakitori_Ques_691,1183,Nou_Kakitori_Ques_691,,,,,,,,,,
Nou_Kakitori_Ques_692,1184,Nou_Kakitori_Ques_692,,,,,,,,,,
Nou_Kakitori_Ques_693,1185,Nou_Kakitori_Ques_693,,,,,,,,,,
Nou_Kakitori_Ques_694,1186,Nou_Kakitori_Ques_694,,,,,,,,,,
Nou_Kakitori_Ques_695,1187,Nou_Kakitori_Ques_695,,,,,,,,,,
Nou_Kakitori_Ques_696,1188,Nou_Kakitori_Ques_696,,,,,,,,,,
Nou_Kakitori_Ques_697,1189,Nou_Kakitori_Ques_697,,,,,,,,,,
Nou_Kakitori_Ques_698,1190,Nou_Kakitori_Ques_698,,,,,,,,,,
Nou_Kakitori_Ques_699,1191,Nou_Kakitori_Ques_699,,,,,,,,,,
Nou_Kakitori_Ques_700,1192,Nou_Kakitori_Ques_700,,,,,,,,,,
Nou_Kakitori_Ques_701,1193,Nou_Kakitori_Ques_701,,,,,,,,,,
Nou_Kakitori_Ques_702,1194,Nou_Kakitori_Ques_702,,,,,,,,,,
Nou_Kakitori_Ques_703,1195,Nou_Kakitori_Ques_703,,,,,,,,,,
Nou_Kakitori_Ques_704,1196,Nou_Kakitori_Ques_704,,,,,,,,,,
Nou_Kakitori_Ques_705,1197,Nou_Kakitori_Ques_705,,,,,,,,,,
Nou_Kakitori_Ques_706,1198,Nou_Kakitori_Ques_706,,,,,,,,,,
Nou_Kakitori_Ques_707,1199,Nou_Kakitori_Ques_707,,,,,,,,,,
Nou_Kakitori_Ques_708,1200,Nou_Kakitori_Ques_708,,,,,,,,,,
Nou_Kakitori_Ques_709,1201,Nou_Kakitori_Ques_709,,,,,,,,,,
Nou_Kakitori_Ques_710,1202,Nou_Kakitori_Ques_710,,,,,,,,,,
Nou_Kakitori_Ques_711,1203,Nou_Kakitori_Ques_711,,,,,,,,,,
Nou_Kakitori_Ques_712,1204,Nou_Kakitori_Ques_712,,,,,,,,,,
Nou_Kakitori_Ques_713,1205,Nou_Kakitori_Ques_713,,,,,,,,,,
Nou_Kakitori_Ques_714,1206,Nou_Kakitori_Ques_714,,,,,,,,,,
Nou_Kakitori_Ques_715,1207,Nou_Kakitori_Ques_715,,,,,,,,,,
Nou_Kakitori_Ques_716,1208,Nou_Kakitori_Ques_716,,,,,,,,,,
Nou_Kakitori_Ques_717,1209,Nou_Kakitori_Ques_717,,,,,,,,,,
Nou_Kakitori_Ques_718,1210,Nou_Kakitori_Ques_718,,,,,,,,,,
Nou_Kakitori_Ques_719,1211,Nou_Kakitori_Ques_719,,,,,,,,,,
Nou_Kakitori_Ques_720,1212,Nou_Kakitori_Ques_720,,,,,,,,,,
Nou_Kakitori_Ques_721,1213,Nou_Kakitori_Ques_721,,,,,,,,,,
Nou_Kakitori_Ques_722,1214,Nou_Kakitori_Ques_722,,,,,,,,,,
Nou_Kakitori_Ques_723,1215,Nou_Kakitori_Ques_723,,,,,,,,,,
Nou_Kakitori_Ques_724,1216,Nou_Kakitori_Ques_724,,,,,,,,,,
Nou_Kakitori_Ques_725,1217,Nou_Kakitori_Ques_725,,,,,,,,,,
Nou_Kakitori_Ques_726,1218,Nou_Kakitori_Ques_726,,,,,,,,,,
Nou_Kakitori_Ques_727,1219,Nou_Kakitori_Ques_727,,,,,,,,,,
Nou_Kakitori_Ques_728,1220,Nou_Kakitori_Ques_728,,,,,,,,,,
Nou_Kakitori_Ques_729,1221,Nou_Kakitori_Ques_729,,,,,,,,,,
Nou_Kakitori_Ques_730,1222,Nou_Kakitori_Ques_730,,,,,,,,,,
Nou_Kakitori_Ques_731,1223,Nou_Kakitori_Ques_731,,,,,,,,,,
Nou_Kakitori_Ques_732,1224,Nou_Kakitori_Ques_732,,,,,,,,,,
Nou_Kakitori_Ques_733,1225,Nou_Kakitori_Ques_733,,,,,,,,,,
Nou_Kakitori_Ques_734,1226,Nou_Kakitori_Ques_734,,,,,,,,,,
Nou_Kakitori_Ques_735,1227,Nou_Kakitori_Ques_735,,,,,,,,,,
Nou_Kakitori_Ques_736,1228,Nou_Kakitori_Ques_736,,,,,,,,,,
Nou_Kakitori_Ques_737,1229,Nou_Kakitori_Ques_737,,,,,,,,,,
Nou_Kakitori_Ques_738,1230,Nou_Kakitori_Ques_738,,,,,,,,,,
Nou_Kakitori_Ques_739,1231,Nou_Kakitori_Ques_739,,,,,,,,,,
Nou_Kakitori_Ques_740,1232,Nou_Kakitori_Ques_740,,,,,,,,,,
Nou_Kakitori_Ques_741,1233,Nou_Kakitori_Ques_741,,,,,,,,,,
Nou_Kakitori_Ques_742,1234,Nou_Kakitori_Ques_742,,,,,,,,,,
Nou_Kakitori_Ques_743,1235,Nou_Kakitori_Ques_743,,,,,,,,,,
Nou_Kakitori_Ques_744,1236,Nou_Kakitori_Ques_744,,,,,,,,,,
Nou_Kakitori_Ques_745,1237,Nou_Kakitori_Ques_745,,,,,,,,,,
Nou_Kakitori_Ques_746,1238,Nou_Kakitori_Ques_746,,,,,,,,,,
Nou_Kakitori_Ques_747,1239,Nou_Kakitori_Ques_747,,,,,,,,,,
Nou_Kakitori_Ques_748,1240,Nou_Kakitori_Ques_748,,,,,,,,,,
Nou_Kakitori_Ques_749,1241,Nou_Kakitori_Ques_749,,,,,,,,,,
Nou_Kakitori_Ques_750,1242,Nou_Kakitori_Ques_750,,,,,,,,,,
Nou_Kakitori_Ques_751,1243,Nou_Kakitori_Ques_751,,,,,,,,,,
Nou_Kakitori_Ques_752,1244,Nou_Kakitori_Ques_752,,,,,,,,,,
Nou_Kakitori_Ques_753,1245,Nou_Kakitori_Ques_753,,,,,,,,,,
Nou_Kakitori_Ques_754,1246,Nou_Kakitori_Ques_754,,,,,,,,,,
Nou_Kakitori_Ques_755,1247,Nou_Kakitori_Ques_755,,,,,,,,,,
Nou_Kakitori_Ques_756,1248,Nou_Kakitori_Ques_756,,,,,,,,,,
Nou_Kakitori_Ques_757,1249,Nou_Kakitori_Ques_757,,,,,,,,,,
Nou_Kakitori_Ques_758,1250,Nou_Kakitori_Ques_758,,,,,,,,,,
Nou_Kakitori_Ques_759,1251,Nou_Kakitori_Ques_759,,,,,,,,,,
Nou_Kakitori_Ques_760,1252,Nou_Kakitori_Ques_760,,,,,,,,,,
Nou_Kakitori_Ques_761,1253,Nou_Kakitori_Ques_761,,,,,,,,,,
Nou_Kakitori_Ques_762,1254,Nou_Kakitori_Ques_762,,,,,,,,,,
Nou_Kakitori_Ques_763,1255,Nou_Kakitori_Ques_763,,,,,,,,,,
Nou_Kakitori_Ques_764,1256,Nou_Kakitori_Ques_764,,,,,,,,,,
Nou_Kakitori_Ques_765,1257,Nou_Kakitori_Ques_765,,,,,,,,,,
Nou_Kakitori_Ques_766,1258,Nou_Kakitori_Ques_766,,,,,,,,,,
Nou_Kakitori_Ques_767,1259,Nou_Kakitori_Ques_767,,,,,,,,,,
Nou_Kakitori_Ques_768,1260,Nou_Kakitori_Ques_768,,,,,,,,,,
Nou_Kakitori_Ques_769,1261,Nou_Kakitori_Ques_769,,,,,,,,,,
Nou_Kakitori_Ques_770,1262,Nou_Kakitori_Ques_770,,,,,,,,,,
Nou_Kakitori_Ques_771,1263,Nou_Kakitori_Ques_771,,,,,,,,,,
Nou_Kakitori_Ques_772,1264,Nou_Kakitori_Ques_772,,,,,,,,,,
Nou_Kakitori_Ques_773,1265,Nou_Kakitori_Ques_773,,,,,,,,,,
Nou_Kakitori_Ques_774,1266,Nou_Kakitori_Ques_774,,,,,,,,,,
Nou_Kakitori_Ques_775,1267,Nou_Kakitori_Ques_775,,,,,,,,,,
Nou_Kakitori_Ques_776,1268,Nou_Kakitori_Ques_776,,,,,,,,,,
Nou_Kakitori_Ques_777,1269,Nou_Kakitori_Ques_777,,,,,,,,,,
Nou_Kakitori_Ques_778,1270,Nou_Kakitori_Ques_778,,,,,,,,,,
Nou_Kakitori_Ques_779,1271,Nou_Kakitori_Ques_779,,,,,,,,,,
Nou_Kakitori_Ques_780,1272,Nou_Kakitori_Ques_780,,,,,,,,,,
Nou_Kakitori_Ques_781,1273,Nou_Kakitori_Ques_781,,,,,,,,,,
Nou_Kakitori_Ques_782,1274,Nou_Kakitori_Ques_782,,,,,,,,,,
Nou_Kakitori_Ques_783,1275,Nou_Kakitori_Ques_783,,,,,,,,,,
Nou_Kakitori_Ques_784,1276,Nou_Kakitori_Ques_784,,,,,,,,,,
Nou_Kakitori_Ques_785,1277,Nou_Kakitori_Ques_785,,,,,,,,,,
Nou_Kakitori_Ques_786,1278,Nou_Kakitori_Ques_786,,,,,,,,,,
Nou_Kakitori_Ques_787,1279,Nou_Kakitori_Ques_787,,,,,,,,,,
Nou_Kakitori_Ques_788,1280,Nou_Kakitori_Ques_788,,,,,,,,,,
Nou_Kakitori_Ques_789,1281,Nou_Kakitori_Ques_789,,,,,,,,,,
Nou_Kakitori_Ques_790,1282,Nou_Kakitori_Ques_790,,,,,,,,,,
Nou_Kakitori_Ques_791,1283,Nou_Kakitori_Ques_791,,,,,,,,,,
Nou_Kakitori_Ques_792,1284,Nou_Kakitori_Ques_792,,,,,,,,,,
Nou_Kakitori_Ques_793,1285,Nou_Kakitori_Ques_793,,,,,,,,,,
Nou_Kakitori_Ques_794,1286,Nou_Kakitori_Ques_794,,,,,,,,,,
Nou_Kakitori_Ques_795,1287,Nou_Kakitori_Ques_795,,,,,,,,,,
Nou_Kakitori_Ques_796,1288,Nou_Kakitori_Ques_796,,,,,,,,,,
Nou_Kakitori_Ques_797,1289,Nou_Kakitori_Ques_797,,,,,,,,,,
Nou_Kakitori_Ques_798,1290,Nou_Kakitori_Ques_798,,,,,,,,,,
Nou_Kakitori_Ques_799,1291,Nou_Kakitori_Ques_799,,,,,,,,,,
Nou_Kakitori_Ques_800,1292,Nou_Kakitori_Ques_800,,,,,,,,,,
Nou_Kakitori_Ques_801,1293,Nou_Kakitori_Ques_801,,,,,,,,,,
Nou_Kakitori_Ques_802,1294,Nou_Kakitori_Ques_802,,,,,,,,,,
Nou_Kakitori_Ques_803,1295,Nou_Kakitori_Ques_803,,,,,,,,,,
Nou_Kakitori_Ques_804,1296,Nou_Kakitori_Ques_804,,,,,,,,,,
Nou_Kakitori_Ques_805,1297,Nou_Kakitori_Ques_805,,,,,,,,,,
Nou_Kakitori_Ques_806,1298,Nou_Kakitori_Ques_806,,,,,,,,,,
Nou_Kakitori_Ques_807,1299,Nou_Kakitori_Ques_807,,,,,,,,,,
Nou_Kakitori_Ques_808,1300,Nou_Kakitori_Ques_808,,,,,,,,,,
Nou_Kakitori_Ques_809,1301,Nou_Kakitori_Ques_809,,,,,,,,,,
Nou_Kakitori_Ques_810,1302,Nou_Kakitori_Ques_810,,,,,,,,,,
Nou_Kakitori_Ques_811,1303,Nou_Kakitori_Ques_811,,,,,,,,,,
Nou_Kakitori_Ques_812,1304,Nou_Kakitori_Ques_812,,,,,,,,,,
Nou_Kakitori_Ques_813,1305,Nou_Kakitori_Ques_813,,,,,,,,,,
Nou_Kakitori_Ques_814,1306,Nou_Kakitori_Ques_814,,,,,,,,,,
Nou_Kakitori_Ques_815,1307,Nou_Kakitori_Ques_815,,,,,,,,,,
Nou_Kakitori_Ques_816,1308,Nou_Kakitori_Ques_816,,,,,,,,,,
Nou_Kakitori_Ques_817,1309,Nou_Kakitori_Ques_817,,,,,,,,,,
Nou_Kakitori_Ques_818,1310,Nou_Kakitori_Ques_818,,,,,,,,,,
Nou_Kakitori_Ques_819,1311,Nou_Kakitori_Ques_819,,,,,,,,,,
Nou_Kakitori_Ques_820,1312,Nou_Kakitori_Ques_820,,,,,,,,,,
Nou_Kakitori_Ques_821,1313,Nou_Kakitori_Ques_821,,,,,,,,,,
Nou_Kakitori_Ques_822,1314,Nou_Kakitori_Ques_822,,,,,,,,,,
Nou_Kakitori_Ques_823,1315,Nou_Kakitori_Ques_823,,,,,,,,,,
Nou_Kakitori_Ques_824,1316,Nou_Kakitori_Ques_824,,,,,,,,,,
Nou_Kakitori_Ques_825,1317,Nou_Kakitori_Ques_825,,,,,,,,,,
Nou_Kakitori_Ques_826,1318,Nou_Kakitori_Ques_826,,,,,,,,,,
Nou_Kakitori_Ques_827,1319,Nou_Kakitori_Ques_827,,,,,,,,,,
Nou_Kakitori_Ques_828,1320,Nou_Kakitori_Ques_828,,,,,,,,,,
Nou_Kakitori_Ques_829,1321,Nou_Kakitori_Ques_829,,,,,,,,,,
Nou_Kakitori_Ques_830,1322,Nou_Kakitori_Ques_830,,,,,,,,,,
Nou_Kakitori_Ques_831,1323,Nou_Kakitori_Ques_831,,,,,,,,,,
Nou_Kakitori_Ques_832,1324,Nou_Kakitori_Ques_832,,,,,,,,,,
Nou_Kakitori_Ques_833,1325,Nou_Kakitori_Ques_833,,,,,,,,,,
Nou_Kakitori_Ques_834,1326,Nou_Kakitori_Ques_834,,,,,,,,,,
Nou_Kakitori_Ques_835,1327,Nou_Kakitori_Ques_835,,,,,,,,,,
Nou_Kakitori_Ques_836,1328,Nou_Kakitori_Ques_836,,,,,,,,,,
Nou_Kakitori_Ques_837,1329,Nou_Kakitori_Ques_837,,,,,,,,,,
Nou_Kakitori_Ques_838,1330,Nou_Kakitori_Ques_838,,,,,,,,,,
Nou_Kakitori_Ques_839,1331,Nou_Kakitori_Ques_839,,,,,,,,,,
Nou_Kakitori_Ques_840,1332,Nou_Kakitori_Ques_840,,,,,,,,,,
Nou_Kakitori_Ques_841,1333,Nou_Kakitori_Ques_841,,,,,,,,,,
Nou_Kakitori_Ques_842,1334,Nou_Kakitori_Ques_842,,,,,,,,,,
Nou_Kakitori_Ques_843,1335,Nou_Kakitori_Ques_843,,,,,,,,,,
Nou_Kakitori_Ques_844,1336,Nou_Kakitori_Ques_844,,,,,,,,,,
Nou_Kakitori_Ques_845,1337,Nou_Kakitori_Ques_845,,,,,,,,,,
Nou_Kakitori_Ques_846,1338,Nou_Kakitori_Ques_846,,,,,,,,,,
Nou_Kakitori_Ques_847,1339,Nou_Kakitori_Ques_847,,,,,,,,,,
Nou_Kakitori_Ques_848,1340,Nou_Kakitori_Ques_848,,,,,,,,,,
Nou_Kakitori_Ques_849,1341,Nou_Kakitori_Ques_849,,,,,,,,,,
Nou_Kakitori_Ques_850,1342,Nou_Kakitori_Ques_850,,,,,,,,,,
Nou_Kakitori_Ques_851,1343,Nou_Kakitori_Ques_851,,,,,,,,,,
Nou_Kakitori_Ques_852,1344,Nou_Kakitori_Ques_852,,,,,,,,,,
Nou_Kakitori_Ques_853,1345,Nou_Kakitori_Ques_853,,,,,,,,,,
Nou_Kakitori_Ques_854,1346,Nou_Kakitori_Ques_854,,,,,,,,,,
Nou_Kakitori_Ques_855,1347,Nou_Kakitori_Ques_855,,,,,,,,,,
Nou_Kakitori_Ques_856,1348,Nou_Kakitori_Ques_856,,,,,,,,,,
Nou_Kakitori_Ques_857,1349,Nou_Kakitori_Ques_857,,,,,,,,,,
Nou_Kakitori_Ques_858,1350,Nou_Kakitori_Ques_858,,,,,,,,,,
Nou_Kakitori_Ques_859,1351,Nou_Kakitori_Ques_859,,,,,,,,,,
Nou_Kakitori_Ques_860,1352,Nou_Kakitori_Ques_860,,,,,,,,,,
Nou_Kakitori_Ques_861,1353,Nou_Kakitori_Ques_861,,,,,,,,,,
Nou_Kakitori_Ques_862,1354,Nou_Kakitori_Ques_862,,,,,,,,,,
Nou_Kakitori_Ques_863,1355,Nou_Kakitori_Ques_863,,,,,,,,,,
Nou_Kakitori_Ques_864,1356,Nou_Kakitori_Ques_864,,,,,,,,,,
Nou_Kakitori_Ques_865,1357,Nou_Kakitori_Ques_865,,,,,,,,,,
Nou_Kakitori_Ques_866,1358,Nou_Kakitori_Ques_866,,,,,,,,,,
Nou_Kakitori_Ques_867,1359,Nou_Kakitori_Ques_867,,,,,,,,,,
Nou_Kakitori_Ques_868,1360,Nou_Kakitori_Ques_868,,,,,,,,,,
Nou_Kakitori_Ques_869,1361,Nou_Kakitori_Ques_869,,,,,,,,,,
Nou_Kakitori_Ques_870,1362,Nou_Kakitori_Ques_870,,,,,,,,,,
Nou_Kakitori_Ques_871,1363,Nou_Kakitori_Ques_871,,,,,,,,,,
Nou_Kakitori_Ques_872,1364,Nou_Kakitori_Ques_872,,,,,,,,,,
Nou_Kakitori_Ques_873,1365,Nou_Kakitori_Ques_873,,,,,,,,,,
Nou_Kakitori_Ques_874,1366,Nou_Kakitori_Ques_874,,,,,,,,,,
Nou_Kakitori_Ques_875,1367,Nou_Kakitori_Ques_875,,,,,,,,,,
Nou_Kakitori_Ques_876,1368,Nou_Kakitori_Ques_876,,,,,,,,,,
Nou_Kakitori_Ques_877,1369,Nou_Kakitori_Ques_877,,,,,,,,,,
Nou_Kakitori_Ques_878,1370,Nou_Kakitori_Ques_878,,,,,,,,,,
Nou_Kakitori_Ques_879,1371,Nou_Kakitori_Ques_879,,,,,,,,,,
Nou_Kakitori_Ques_880,1372,Nou_Kakitori_Ques_880,,,,,,,,,,
Nou_Kakitori_Ques_881,1373,Nou_Kakitori_Ques_881,,,,,,,,,,
Nou_Kakitori_Ques_882,1374,Nou_Kakitori_Ques_882,,,,,,,,,,
Nou_Kakitori_Ques_883,1375,Nou_Kakitori_Ques_883,,,,,,,,,,
Nou_Kakitori_Ques_884,1376,Nou_Kakitori_Ques_884,,,,,,,,,,
Nou_Kakitori_Ques_885,1377,Nou_Kakitori_Ques_885,,,,,,,,,,
Nou_Kakitori_Ques_886,1378,Nou_Kakitori_Ques_886,,,,,,,,,,
Nou_Kakitori_Ques_887,1379,Nou_Kakitori_Ques_887,,,,,,,,,,
Nou_Kakitori_Ques_888,1380,Nou_Kakitori_Ques_888,,,,,,,,,,
Nou_Kakitori_Ques_889,1381,Nou_Kakitori_Ques_889,,,,,,,,,,
Nou_Kakitori_Ques_890,1382,Nou_Kakitori_Ques_890,,,,,,,,,,
Nou_Kakitori_Ques_891,1383,Nou_Kakitori_Ques_891,,,,,,,,,,
Nou_Kakitori_Ques_892,1384,Nou_Kakitori_Ques_892,,,,,,,,,,
Nou_Kakitori_Ques_893,1385,Nou_Kakitori_Ques_893,,,,,,,,,,
Nou_Kakitori_Ques_894,1386,Nou_Kakitori_Ques_894,,,,,,,,,,
Nou_Kakitori_Ques_895,1387,Nou_Kakitori_Ques_895,,,,,,,,,,
Nou_Kakitori_Ques_896,1388,Nou_Kakitori_Ques_896,,,,,,,,,,
Nou_Kakitori_Ques_897,1389,Nou_Kakitori_Ques_897,,,,,,,,,,
Nou_Kakitori_Ques_898,1390,Nou_Kakitori_Ques_898,,,,,,,,,,
Nou_Kakitori_Ques_899,1391,Nou_Kakitori_Ques_899,,,,,,,,,,
Nou_Kakitori_Ques_900,1392,Nou_Kakitori_Ques_900,,,,,,,,,,
Nou_Kakitori_Ques_901,1393,Nou_Kakitori_Ques_901,,,,,,,,,,
Nou_Kakitori_Ques_902,1394,Nou_Kakitori_Ques_902,,,,,,,,,,
Nou_Kakitori_Ques_903,1395,Nou_Kakitori_Ques_903,,,,,,,,,,
Nou_Kakitori_Ques_904,1396,Nou_Kakitori_Ques_904,,,,,,,,,,
Nou_Kakitori_Ques_905,1397,Nou_Kakitori_Ques_905,,,,,,,,,,
Nou_Kakitori_Ques_906,1398,Nou_Kakitori_Ques_906,,,,,,,,,,
Nou_Kakitori_Ques_907,1399,Nou_Kakitori_Ques_907,,,,,,,,,,
Nou_Kakitori_Ques_908,1400,Nou_Kakitori_Ques_908,,,,,,,,,,
Nou_Kakitori_Ques_909,1401,Nou_Kakitori_Ques_909,,,,,,,,,,
Nou_Kakitori_Ques_910,1402,Nou_Kakitori_Ques_910,,,,,,,,,,
Nou_Kakitori_Ques_911,1403,Nou_Kakitori_Ques_911,,,,,,,,,,
Nou_Kakitori_Ques_912,1404,Nou_Kakitori_Ques_912,,,,,,,,,,
Nou_Kakitori_Ques_913,1405,Nou_Kakitori_Ques_913,,,,,,,,,,
Nou_Kakitori_Ques_914,1406,Nou_Kakitori_Ques_914,,,,,,,,,,
Nou_Kakitori_Ques_915,1407,Nou_Kakitori_Ques_915,,,,,,,,,,
Nou_Kakitori_Ques_916,1408,Nou_Kakitori_Ques_916,,,,,,,,,,
Nou_Kakitori_Ques_917,1409,Nou_Kakitori_Ques_917,,,,,,,,,,
Nou_Kakitori_Ques_918,1410,Nou_Kakitori_Ques_918,,,,,,,,,,
Nou_Kakitori_Ques_919,1411,Nou_Kakitori_Ques_919,,,,,,,,,,
Nou_Kakitori_Ques_920,1412,Nou_Kakitori_Ques_920,,,,,,,,,,
Nou_Kakitori_Ques_921,1413,Nou_Kakitori_Ques_921,,,,,,,,,,
Nou_Kakitori_Ques_922,1414,Nou_Kakitori_Ques_922,,,,,,,,,,
Nou_Kakitori_Ques_923,1415,Nou_Kakitori_Ques_923,,,,,,,,,,
Nou_Kakitori_Ques_924,1416,Nou_Kakitori_Ques_924,,,,,,,,,,
Nou_Kakitori_Ques_925,1417,Nou_Kakitori_Ques_925,,,,,,,,,,
Nou_Kakitori_Ques_926,1418,Nou_Kakitori_Ques_926,,,,,,,,,,
Nou_Kakitori_Ques_927,1419,Nou_Kakitori_Ques_927,,,,,,,,,,
Nou_Kakitori_Ques_928,1420,Nou_Kakitori_Ques_928,,,,,,,,,,
Nou_Kakitori_Ques_929,1421,Nou_Kakitori_Ques_929,,,,,,,,,,
Nou_Kakitori_Ques_930,1422,Nou_Kakitori_Ques_930,,,,,,,,,,
Nou_Kakitori_Ques_931,1423,Nou_Kakitori_Ques_931,,,,,,,,,,
Nou_Kakitori_Ques_932,1424,Nou_Kakitori_Ques_932,,,,,,,,,,
Nou_Kakitori_Ques_933,1425,Nou_Kakitori_Ques_933,,,,,,,,,,
Nou_Kakitori_Ques_934,1426,Nou_Kakitori_Ques_934,,,,,,,,,,
Nou_Kakitori_Ques_935,1427,Nou_Kakitori_Ques_935,,,,,,,,,,
Nou_Kakitori_Ques_936,1428,Nou_Kakitori_Ques_936,,,,,,,,,,
Nou_Kakitori_Ques_937,1429,Nou_Kakitori_Ques_937,,,,,,,,,,
Nou_Kakitori_Ques_938,1430,Nou_Kakitori_Ques_938,,,,,,,,,,
Nou_Kakitori_Ques_939,1431,Nou_Kakitori_Ques_939,,,,,,,,,,
Nou_Kakitori_Ques_940,1432,Nou_Kakitori_Ques_940,,,,,,,,,,
Nou_Kakitori_Ques_941,1433,Nou_Kakitori_Ques_941,,,,,,,,,,
Nou_Kakitori_Ques_942,1434,Nou_Kakitori_Ques_942,,,,,,,,,,
Nou_Kakitori_Ques_943,1435,Nou_Kakitori_Ques_943,,,,,,,,,,
Nou_Kakitori_Ques_944,1436,Nou_Kakitori_Ques_944,,,,,,,,,,
Nou_Kakitori_Ques_945,1437,Nou_Kakitori_Ques_945,,,,,,,,,,
Nou_Kakitori_Ques_946,1438,Nou_Kakitori_Ques_946,,,,,,,,,,
Nou_Kakitori_Ques_947,1439,Nou_Kakitori_Ques_947,,,,,,,,,,
Nou_Kakitori_Ques_948,1440,Nou_Kakitori_Ques_948,,,,,,,,,,
Nou_Kakitori_Ques_949,1441,Nou_Kakitori_Ques_949,,,,,,,,,,
Nou_Kakitori_Ques_950,1442,Nou_Kakitori_Ques_950,,,,,,,,,,
Nou_Kakitori_Ques_951,1443,Nou_Kakitori_Ques_951,,,,,,,,,,
Nou_Kakitori_Ques_952,1444,Nou_Kakitori_Ques_952,,,,,,,,,,
Nou_Kakitori_Ques_953,1445,Nou_Kakitori_Ques_953,,,,,,,,,,
Nou_Kakitori_Ques_954,1446,Nou_Kakitori_Ques_954,,,,,,,,,,
Nou_Kakitori_Ques_955,1447,Nou_Kakitori_Ques_955,,,,,,,,,,
Nou_Kakitori_Ques_956,1448,Nou_Kakitori_Ques_956,,,,,,,,,,
Nou_Kakitori_Ques_957,1449,Nou_Kakitori_Ques_957,,,,,,,,,,
Nou_Kakitori_Ques_958,1450,Nou_Kakitori_Ques_958,,,,,,,,,,
Nou_Kakitori_Ques_959,1451,Nou_Kakitori_Ques_959,,,,,,,,,,
Nou_Kakitori_Ques_960,1452,Nou_Kakitori_Ques_960,,,,,,,,,,
Nou_Kakitori_Ques_961,1453,Nou_Kakitori_Ques_961,,,,,,,,,,
Nou_Kakitori_Ques_962,1454,Nou_Kakitori_Ques_962,,,,,,,,,,
Nou_Kakitori_Ques_963,1455,Nou_Kakitori_Ques_963,,,,,,,,,,
Nou_Kakitori_Ques_964,1456,Nou_Kakitori_Ques_964,,,,,,,,,,
Nou_Kakitori_Ques_965,1457,Nou_Kakitori_Ques_965,,,,,,,,,,
Nou_Kakitori_Ques_966,1458,Nou_Kakitori_Ques_966,,,,,,,,,,
Nou_Kakitori_Ques_967,1459,Nou_Kakitori_Ques_967,,,,,,,,,,
Nou_Kakitori_Ques_968,1460,Nou_Kakitori_Ques_968,,,,,,,,,,
Nou_Kakitori_Ques_969,1461,Nou_Kakitori_Ques_969,,,,,,,,,,
Nou_Kakitori_Ques_970,1462,Nou_Kakitori_Ques_970,,,,,,,,,,
Nou_Kakitori_Ques_971,1463,Nou_Kakitori_Ques_971,,,,,,,,,,
Nou_Kakitori_Ques_972,1464,Nou_Kakitori_Ques_972,,,,,,,,,,
Nou_Kakitori_Ques_973,1465,Nou_Kakitori_Ques_973,,,,,,,,,,
Nou_Kakitori_Ques_974,1466,Nou_Kakitori_Ques_974,,,,,,,,,,
Nou_Kakitori_Ques_975,1467,Nou_Kakitori_Ques_975,,,,,,,,,,
Nou_Kakitori_Ques_976,1468,Nou_Kakitori_Ques_976,,,,,,,,,,
Nou_Kakitori_Ques_977,1469,Nou_Kakitori_Ques_977,,,,,,,,,,
Nou_Kakitori_Ques_978,1470,Nou_Kakitori_Ques_978,,,,,,,,,,
Nou_Kakitori_Ques_979,1471,Nou_Kakitori_Ques_979,,,,,,,,,,
Nou_Kakitori_Ques_980,1472,Nou_Kakitori_Ques_980,,,,,,,,,,
Nou_Kakitori_Ques_981,1473,Nou_Kakitori_Ques_981,,,,,,,,,,
Nou_Kakitori_Ques_982,1474,Nou_Kakitori_Ques_982,,,,,,,,,,
Nou_Kakitori_Ques_983,1475,Nou_Kakitori_Ques_983,,,,,,,,,,
Nou_Kakitori_Ques_984,1476,Nou_Kakitori_Ques_984,,,,,,,,,,
Nou_Kakitori_Ques_985,1477,Nou_Kakitori_Ques_985,,,,,,,,,,
Nou_Kakitori_Ques_986,1478,Nou_Kakitori_Ques_986,,,,,,,,,,
Nou_Kakitori_Ques_987,1479,Nou_Kakitori_Ques_987,,,,,,,,,,
Nou_Kakitori_Ques_988,1480,Nou_Kakitori_Ques_988,,,,,,,,,,
Nou_Kakitori_Ques_989,1481,Nou_Kakitori_Ques_989,,,,,,,,,,
Nou_Kakitori_Ques_990,1482,Nou_Kakitori_Ques_990,,,,,,,,,,
Nou_Kakitori_Ques_991,1483,Nou_Kakitori_Ques_991,,,,,,,,,,
Nou_Kakitori_Ques_992,1484,Nou_Kakitori_Ques_992,,,,,,,,,,
Nou_Kakitori_Ques_993,1485,Nou_Kakitori_Ques_993,,,,,,,,,,
Nou_Kakitori_Ques_994,1486,Nou_Kakitori_Ques_994,,,,,,,,,,
Nou_Kakitori_Ques_995,1487,Nou_Kakitori_Ques_995,,,,,,,,,,
Nou_Kakitori_Ques_996,1488,Nou_Kakitori_Ques_996,,,,,,,,,,
Nou_Kakitori_Ques_997,1489,Nou_Kakitori_Ques_997,,,,,,,,,,
Nou_Kakitori_Ques_998,1490,Nou_Kakitori_Ques_998,,,,,,,,,,
Nou_Kakitori_Ques_999,1491,Nou_Kakitori_Ques_999,,,,,,,,,,
Nou_Kakitori_Ques_1000,1492,Nou_Kakitori_Ques_1000,,,,,,,,,,
Nou_Kakitori_Ques_1001,1493,Nou_Kakitori_Ques_1001,,,,,,,,,,
Nou_Kakitori_Ques_1002,1494,Nou_Kakitori_Ques_1002,,,,,,,,,,
Nou_Kakitori_Ques_1003,1495,Nou_Kakitori_Ques_1003,,,,,,,,,,
Nou_Kakitori_Ques_1004,1496,Nou_Kakitori_Ques_1004,,,,,,,,,,
Nou_Kakitori_Ques_1005,1497,Nou_Kakitori_Ques_1005,,,,,,,,,,
Nou_Kakitori_Ques_1006,1498,Nou_Kakitori_Ques_1006,,,,,,,,,,
Nou_Kakitori_Ques_1007,1499,Nou_Kakitori_Ques_1007,,,,,,,,,,
Nou_Kakitori_Ques_1008,1500,Nou_Kakitori_Ques_1008,,,,,,,,,,
Nou_Kakitori_Ques_1009,1501,Nou_Kakitori_Ques_1009,,,,,,,,,,
Nou_Kakitori_Ques_1010,1502,Nou_Kakitori_Ques_1010,,,,,,,,,,
Nou_Kakitori_Ques_1011,1503,Nou_Kakitori_Ques_1011,,,,,,,,,,
Nou_Kakitori_Ques_1012,1504,Nou_Kakitori_Ques_1012,,,,,,,,,,
Nou_Kakitori_Ques_1013,1505,Nou_Kakitori_Ques_1013,,,,,,,,,,
Nou_Kakitori_Ques_1014,1506,Nou_Kakitori_Ques_1014,,,,,,,,,,
Nou_Kakitori_Ques_1015,1507,Nou_Kakitori_Ques_1015,,,,,,,,,,
Nou_Kakitori_Ques_1016,1508,Nou_Kakitori_Ques_1016,,,,,,,,,,
Nou_Kakitori_Ques_1017,1509,Nou_Kakitori_Ques_1017,,,,,,,,,,
Nou_Kakitori_Ques_1018,1510,Nou_Kakitori_Ques_1018,,,,,,,,,,
Nou_Kakitori_Ques_1019,1511,Nou_Kakitori_Ques_1019,,,,,,,,,,
Nou_Kakitori_Ques_1020,1512,Nou_Kakitori_Ques_1020,,,,,,,,,,
Nou_Kakitori_Ques_1021,1513,Nou_Kakitori_Ques_1021,,,,,,,,,,
Nou_Kakitori_Ques_1022,1514,Nou_Kakitori_Ques_1022,,,,,,,,,,
Nou_Kakitori_Ques_1023,1515,Nou_Kakitori_Ques_1023,,,,,,,,,,
Nou_Kakitori_Ques_1024,1516,Nou_Kakitori_Ques_1024,,,,,,,,,,
Nou_Kakitori_Ques_1025,1517,Nou_Kakitori_Ques_1025,,,,,,,,,,
Nou_Kakitori_Ques_1026,1518,Nou_Kakitori_Ques_1026,,,,,,,,,,
Nou_Kakitori_Ques_1027,1519,Nou_Kakitori_Ques_1027,,,,,,,,,,
Nou_Kakitori_Ques_1028,1520,Nou_Kakitori_Ques_1028,,,,,,,,,,
Nou_Kakitori_Ques_1029,1521,Nou_Kakitori_Ques_1029,,,,,,,,,,
Nou_Kakitori_Ques_1030,1522,Nou_Kakitori_Ques_1030,,,,,,,,,,
Nou_Kakitori_Ques_1031,1523,Nou_Kakitori_Ques_1031,,,,,,,,,,
Nou_Kakitori_Ques_1032,1524,Nou_Kakitori_Ques_1032,,,,,,,,,,
Nou_Kakitori_Ques_1033,1525,Nou_Kakitori_Ques_1033,,,,,,,,,,
Nou_Kakitori_Ques_1034,1526,Nou_Kakitori_Ques_1034,,,,,,,,,,
Nou_Kakitori_Ques_1035,1527,Nou_Kakitori_Ques_1035,,,,,,,,,,
Nou_Kakitori_Ques_1036,1528,Nou_Kakitori_Ques_1036,,,,,,,,,,
Nou_Kakitori_Ques_1037,1529,Nou_Kakitori_Ques_1037,,,,,,,,,,
Nou_Kakitori_Ques_1038,1530,Nou_Kakitori_Ques_1038,,,,,,,,,,
Nou_Kakitori_Ques_1039,1531,Nou_Kakitori_Ques_1039,,,,,,,,,,
Nou_Kakitori_Ques_1040,1532,Nou_Kakitori_Ques_1040,,,,,,,,,,
Nou_Kakitori_Ques_1041,1533,Nou_Kakitori_Ques_1041,,,,,,,,,,
Nou_Kakitori_Ques_1042,1534,Nou_Kakitori_Ques_1042,,,,,,,,,,
Nou_Kakitori_Ques_1043,1535,Nou_Kakitori_Ques_1043,,,,,,,,,,
Nou_Kakitori_Ques_1044,1536,Nou_Kakitori_Ques_1044,,,,,,,,,,
Nou_Kakitori_Ques_1045,1537,Nou_Kakitori_Ques_1045,,,,,,,,,,
Nou_Kakitori_Ques_1046,1538,Nou_Kakitori_Ques_1046,,,,,,,,,,
Nou_Kakitori_Ques_1047,1539,Nou_Kakitori_Ques_1047,,,,,,,,,,
Nou_Kakitori_Ques_1048,1540,Nou_Kakitori_Ques_1048,,,,,,,,,,
Nou_Kakitori_Ques_1049,1541,Nou_Kakitori_Ques_1049,,,,,,,,,,
Nou_Kakitori_Ques_1050,1542,Nou_Kakitori_Ques_1050,,,,,,,,,,
Nou_Kakitori_Ques_1051,1543,Nou_Kakitori_Ques_1051,,,,,,,,,,
Nou_Kakitori_Ques_1052,1544,Nou_Kakitori_Ques_1052,,,,,,,,,,
Nou_Kakitori_Ques_1053,1545,Nou_Kakitori_Ques_1053,,,,,,,,,,
Nou_Kakitori_Ques_1054,1546,Nou_Kakitori_Ques_1054,,,,,,,,,,
Nou_Kakitori_Ques_1055,1547,Nou_Kakitori_Ques_1055,,,,,,,,,,
Nou_Kakitori_Ques_1056,1548,Nou_Kakitori_Ques_1056,,,,,,,,,,
Nou_Kakitori_Ques_1057,1549,Nou_Kakitori_Ques_1057,,,,,,,,,,
Nou_Kakitori_Ques_1058,1550,Nou_Kakitori_Ques_1058,,,,,,,,,,
Nou_Kakitori_Ques_1059,1551,Nou_Kakitori_Ques_1059,,,,,,,,,,
Nou_Kakitori_Ques_1060,1552,Nou_Kakitori_Ques_1060,,,,,,,,,,
Nou_Kakitori_Ques_1061,1553,Nou_Kakitori_Ques_1061,,,,,,,,,,
Nou_Kakitori_Ques_1062,1554,Nou_Kakitori_Ques_1062,,,,,,,,,,
Nou_Kakitori_Ques_1063,1555,Nou_Kakitori_Ques_1063,,,,,,,,,,
Nou_Kakitori_Ques_1064,1556,Nou_Kakitori_Ques_1064,,,,,,,,,,
Nou_Kakitori_Ques_1065,1557,Nou_Kakitori_Ques_1065,,,,,,,,,,
Nou_Kakitori_Ques_1066,1558,Nou_Kakitori_Ques_1066,,,,,,,,,,
Nou_Kakitori_Ques_1067,1559,Nou_Kakitori_Ques_1067,,,,,,,,,,
Nou_Kakitori_Ques_1068,1560,Nou_Kakitori_Ques_1068,,,,,,,,,,
Nou_Kakitori_Ques_1069,1561,Nou_Kakitori_Ques_1069,,,,,,,,,,
Nou_Kakitori_Ques_1070,1562,Nou_Kakitori_Ques_1070,,,,,,,,,,
Nou_Kakitori_Ques_1071,1563,Nou_Kakitori_Ques_1071,,,,,,,,,,
Nou_Kakitori_Ques_1072,1564,Nou_Kakitori_Ques_1072,,,,,,,,,,
Nou_Kakitori_Ques_1073,1565,Nou_Kakitori_Ques_1073,,,,,,,,,,
Nou_Kakitori_Ques_1074,1566,Nou_Kakitori_Ques_1074,,,,,,,,,,
Nou_Kakitori_Ques_1075,1567,Nou_Kakitori_Ques_1075,,,,,,,,,,
Nou_Kakitori_Ques_1076,1568,Nou_Kakitori_Ques_1076,,,,,,,,,,
Nou_Kakitori_Ques_1077,1569,Nou_Kakitori_Ques_1077,,,,,,,,,,
Nou_Kakitori_Ques_1078,1570,Nou_Kakitori_Ques_1078,,,,,,,,,,
Nou_Kakitori_Ques_1079,1571,Nou_Kakitori_Ques_1079,,,,,,,,,,
Nou_Kakitori_Ques_1080,1572,Nou_Kakitori_Ques_1080,,,,,,,,,,
Nou_Kakitori_Ques_1081,1573,Nou_Kakitori_Ques_1081,,,,,,,,,,
Nou_Kakitori_Ques_1082,1574,Nou_Kakitori_Ques_1082,,,,,,,,,,
Nou_Kakitori_Ques_1083,1575,Nou_Kakitori_Ques_1083,,,,,,,,,,
Nou_Kakitori_Ques_1084,1576,Nou_Kakitori_Ques_1084,,,,,,,,,,
Nou_Kakitori_Ques_1085,1577,Nou_Kakitori_Ques_1085,,,,,,,,,,
Nou_Kakitori_Ques_1086,1578,Nou_Kakitori_Ques_1086,,,,,,,,,,
Nou_Kakitori_Ques_1087,1579,Nou_Kakitori_Ques_1087,,,,,,,,,,
Nou_Kakitori_Ques_1088,1580,Nou_Kakitori_Ques_1088,,,,,,,,,,
Nou_Kakitori_Ques_1089,1581,Nou_Kakitori_Ques_1089,,,,,,,,,,
Nou_Kakitori_Ques_1090,1582,Nou_Kakitori_Ques_1090,,,,,,,,,,
Nou_Kakitori_Ques_1091,1583,Nou_Kakitori_Ques_1091,,,,,,,,,,
Nou_Kakitori_Ques_1092,1584,Nou_Kakitori_Ques_1092,,,,,,,,,,
Nou_Kakitori_Ques_1093,1585,Nou_Kakitori_Ques_1093,,,,,,,,,,
Nou_Kakitori_Ques_1094,1586,Nou_Kakitori_Ques_1094,,,,,,,,,,
Nou_Kakitori_Ques_1095,1587,Nou_Kakitori_Ques_1095,,,,,,,,,,
Nou_Kakitori_Ques_1096,1588,Nou_Kakitori_Ques_1096,,,,,,,,,,
Nou_Kakitori_Ques_1097,1589,Nou_Kakitori_Ques_1097,,,,,,,,,,
Nou_Kakitori_Ques_1098,1590,Nou_Kakitori_Ques_1098,,,,,,,,,,
Nou_Kakitori_Ques_1099,1591,Nou_Kakitori_Ques_1099,,,,,,,,,,
Nou_Kakitori_Ques_1100,1592,Nou_Kakitori_Ques_1100,,,,,,,,,,
Nou_Kakitori_Ques_1101,1593,Nou_Kakitori_Ques_1101,,,,,,,,,,
Nou_Kakitori_Ques_1102,1594,Nou_Kakitori_Ques_1102,,,,,,,,,,
Nou_Kakitori_Ques_1103,1595,Nou_Kakitori_Ques_1103,,,,,,,,,,
Nou_Kakitori_Ques_1104,1596,Nou_Kakitori_Ques_1104,,,,,,,,,,
Nou_Kakitori_Ques_1105,1597,Nou_Kakitori_Ques_1105,,,,,,,,,,
Nou_Kakitori_Ques_1106,1598,Nou_Kakitori_Ques_1106,,,,,,,,,,
Nou_Kakitori_Ques_1107,1599,Nou_Kakitori_Ques_1107,,,,,,,,,,
Nou_Kakitori_Ques_1108,1600,Nou_Kakitori_Ques_1108,,,,,,,,,,
Nou_Kakitori_Ques_1109,1601,Nou_Kakitori_Ques_1109,,,,,,,,,,
Nou_Kakitori_Ques_1110,1602,Nou_Kakitori_Ques_1110,,,,,,,,,,
Nou_Kakitori_Ques_1111,1603,Nou_Kakitori_Ques_1111,,,,,,,,,,
Nou_Kakitori_Ques_1112,1604,Nou_Kakitori_Ques_1112,,,,,,,,,,
Nou_Kakitori_Ques_1113,1605,Nou_Kakitori_Ques_1113,,,,,,,,,,
Nou_Kakitori_Ques_1114,1606,Nou_Kakitori_Ques_1114,,,,,,,,,,
Nou_Kakitori_Ques_1115,1607,Nou_Kakitori_Ques_1115,,,,,,,,,,
Nou_Kakitori_Ques_1116,1608,Nou_Kakitori_Ques_1116,,,,,,,,,,
Nou_Kakitori_Ques_1117,1609,Nou_Kakitori_Ques_1117,,,,,,,,,,
Nou_Kakitori_Ques_1118,1610,Nou_Kakitori_Ques_1118,,,,,,,,,,
Nou_Kakitori_Ques_1119,1611,Nou_Kakitori_Ques_1119,,,,,,,,,,
Nou_Kakitori_Ques_1120,1612,Nou_Kakitori_Ques_1120,,,,,,,,,,
Nou_Kakitori_Ques_1121,1613,Nou_Kakitori_Ques_1121,,,,,,,,,,
Nou_Kakitori_Ques_1122,1614,Nou_Kakitori_Ques_1122,,,,,,,,,,
Nou_Kakitori_Ques_1123,1615,Nou_Kakitori_Ques_1123,,,,,,,,,,
Nou_Kakitori_Ques_1124,1616,Nou_Kakitori_Ques_1124,,,,,,,,,,
Nou_Kakitori_Ques_1125,1617,Nou_Kakitori_Ques_1125,,,,,,,,,,
Nou_Kakitori_Ques_1126,1618,Nou_Kakitori_Ques_1126,,,,,,,,,,
Nou_Kakitori_Ques_1127,1619,Nou_Kakitori_Ques_1127,,,,,,,,,,
Nou_Kakitori_Ques_1128,1620,Nou_Kakitori_Ques_1128,,,,,,,,,,
Nou_Kakitori_Ques_1129,1621,Nou_Kakitori_Ques_1129,,,,,,,,,,
Nou_Kakitori_Ques_Hard_0,1622,Nou_Kakitori_Ques_Hard_0,,,,,,,,,,
Nou_Kakitori_Ques_Hard_1,1623,Nou_Kakitori_Ques_Hard_1,,,,,,,,,,
Nou_Kakitori_Ques_Hard_2,1624,Nou_Kakitori_Ques_Hard_2,,,,,,,,,,
Nou_Kakitori_Ques_Hard_3,1625,Nou_Kakitori_Ques_Hard_3,,,,,,,,,,
Nou_Kakitori_Ques_Hard_4,1626,Nou_Kakitori_Ques_Hard_4,,,,,,,,,,
Nou_Kakitori_Ques_Hard_5,1627,Nou_Kakitori_Ques_Hard_5,,,,,,,,,,
Nou_Kakitori_Ques_Hard_6,1628,Nou_Kakitori_Ques_Hard_6,,,,,,,,,,
Nou_Kakitori_Ques_Hard_7,1629,Nou_Kakitori_Ques_Hard_7,,,,,,,,,,
Nou_Kakitori_Ques_Hard_8,1630,Nou_Kakitori_Ques_Hard_8,,,,,,,,,,
Nou_Kakitori_Ques_Hard_9,1631,Nou_Kakitori_Ques_Hard_9,,,,,,,,,,
Nou_Kakitori_Ques_Hard_10,1632,Nou_Kakitori_Ques_Hard_10,,,,,,,,,,
Nou_Kakitori_Ques_Hard_11,1633,Nou_Kakitori_Ques_Hard_11,,,,,,,,,,
Nou_Kakitori_Ques_Hard_12,1634,Nou_Kakitori_Ques_Hard_12,,,,,,,,,,
Nou_Kakitori_Ques_Hard_13,1635,Nou_Kakitori_Ques_Hard_13,,,,,,,,,,
Nou_Kakitori_Ques_Hard_14,1636,Nou_Kakitori_Ques_Hard_14,,,,,,,,,,
Nou_Kakitori_Ques_Hard_15,1637,Nou_Kakitori_Ques_Hard_15,,,,,,,,,,
Nou_Kakitori_Ques_Hard_16,1638,Nou_Kakitori_Ques_Hard_16,,,,,,,,,,
Nou_Kakitori_Ques_Hard_17,1639,Nou_Kakitori_Ques_Hard_17,,,,,,,,,,
Nou_Kakitori_Ques_Hard_18,1640,Nou_Kakitori_Ques_Hard_18,,,,,,,,,,
Nou_Kakitori_Ques_Hard_19,1641,Nou_Kakitori_Ques_Hard_19,,,,,,,,,,
Nou_Kakitori_Ques_Hard_20,1642,Nou_Kakitori_Ques_Hard_20,,,,,,,,,,
Nou_Kakitori_Ques_Hard_21,1643,Nou_Kakitori_Ques_Hard_21,,,,,,,,,,
Nou_Kakitori_Ques_Hard_22,1644,Nou_Kakitori_Ques_Hard_22,,,,,,,,,,
Nou_Kakitori_Ques_Hard_23,1645,Nou_Kakitori_Ques_Hard_23,,,,,,,,,,
Nou_Kakitori_Ques_Hard_24,1646,Nou_Kakitori_Ques_Hard_24,,,,,,,,,,
Nou_Kakitori_Ques_Hard_25,1647,Nou_Kakitori_Ques_Hard_25,,,,,,,,,,
Nou_Kakitori_Ques_Hard_26,1648,Nou_Kakitori_Ques_Hard_26,,,,,,,,,,
Nou_Kakitori_Ques_Hard_27,1649,Nou_Kakitori_Ques_Hard_27,,,,,,,,,,
Nou_Kakitori_Ques_Hard_28,1650,Nou_Kakitori_Ques_Hard_28,,,,,,,,,,
Nou_Kakitori_Ques_Hard_29,1651,Nou_Kakitori_Ques_Hard_29,,,,,,,,,,
Nou_Kakitori_Ques_Hard_30,1652,Nou_Kakitori_Ques_Hard_30,,,,,,,,,,
Nou_Kakitori_Ques_Hard_31,1653,Nou_Kakitori_Ques_Hard_31,,,,,,,,,,
Nou_Kakitori_Ques_Hard_32,1654,Nou_Kakitori_Ques_Hard_32,,,,,,,,,,
Nou_Kakitori_Ques_Hard_33,1655,Nou_Kakitori_Ques_Hard_33,,,,,,,,,,
Nou_Kakitori_Ques_Hard_34,1656,Nou_Kakitori_Ques_Hard_34,,,,,,,,,,
Nou_Kakitori_Ques_Hard_35,1657,Nou_Kakitori_Ques_Hard_35,,,,,,,,,,
Nou_Kakitori_Ques_Hard_36,1658,Nou_Kakitori_Ques_Hard_36,,,,,,,,,,
Nou_Kakitori_Ques_Hard_37,1659,Nou_Kakitori_Ques_Hard_37,,,,,,,,,,
Nou_Kakitori_Ques_Hard_38,1660,Nou_Kakitori_Ques_Hard_38,,,,,,,,,,
Nou_Kakitori_Ques_Hard_39,1661,Nou_Kakitori_Ques_Hard_39,,,,,,,,,,
Nou_Kakitori_Ques_Hard_40,1662,Nou_Kakitori_Ques_Hard_40,,,,,,,,,,
Nou_Kakitori_Ques_Hard_41,1663,Nou_Kakitori_Ques_Hard_41,,,,,,,,,,
Nou_Kakitori_Ques_Hard_42,1664,Nou_Kakitori_Ques_Hard_42,,,,,,,,,,
Nou_Kakitori_Ques_Hard_43,1665,Nou_Kakitori_Ques_Hard_43,,,,,,,,,,
Nou_Kakitori_Ques_Hard_44,1666,Nou_Kakitori_Ques_Hard_44,,,,,,,,,,
Nou_Kakitori_Ques_Hard_45,1667,Nou_Kakitori_Ques_Hard_45,,,,,,,,,,
Nou_Kakitori_Ques_Hard_46,1668,Nou_Kakitori_Ques_Hard_46,,,,,,,,,,
Nou_Kakitori_Ques_Hard_47,1669,Nou_Kakitori_Ques_Hard_47,,,,,,,,,,
Nou_Kakitori_Ques_Hard_48,1670,Nou_Kakitori_Ques_Hard_48,,,,,,,,,,
Nou_Kakitori_Ques_Hard_49,1671,Nou_Kakitori_Ques_Hard_49,,,,,,,,,,
Nou_Kakitori_Ques_Hard_50,1672,Nou_Kakitori_Ques_Hard_50,,,,,,,,,,
Nou_Kakitori_Ques_Hard_51,1673,Nou_Kakitori_Ques_Hard_51,,,,,,,,,,
Nou_Kakitori_Ques_Hard_52,1674,Nou_Kakitori_Ques_Hard_52,,,,,,,,,,
Nou_Kakitori_Ques_Hard_53,1675,Nou_Kakitori_Ques_Hard_53,,,,,,,,,,
Nou_Kakitori_Ques_Hard_54,1676,Nou_Kakitori_Ques_Hard_54,,,,,,,,,,
Nou_Kakitori_Ques_Hard_55,1677,Nou_Kakitori_Ques_Hard_55,,,,,,,,,,
Nou_Kakitori_Ques_Hard_56,1678,Nou_Kakitori_Ques_Hard_56,,,,,,,,,,
Nou_Kakitori_Ques_Hard_57,1679,Nou_Kakitori_Ques_Hard_57,,,,,,,,,,
Nou_Kakitori_Ques_Hard_58,1680,Nou_Kakitori_Ques_Hard_58,,,,,,,,,,
Nou_Kakitori_Ques_Hard_59,1681,Nou_Kakitori_Ques_Hard_59,,,,,,,,,,
Nou_Kakitori_Ques_Hard_60,1682,Nou_Kakitori_Ques_Hard_60,,,,,,,,,,
Nou_Kakitori_Ques_Hard_61,1683,Nou_Kakitori_Ques_Hard_61,,,,,,,,,,
Nou_Kakitori_Ques_Hard_62,1684,Nou_Kakitori_Ques_Hard_62,,,,,,,,,,
Nou_Kakitori_Ques_Hard_63,1685,Nou_Kakitori_Ques_Hard_63,,,,,,,,,,
Nou_Kakitori_Ques_Hard_64,1686,Nou_Kakitori_Ques_Hard_64,,,,,,,,,,
Nou_Kakitori_Ques_Hard_65,1687,Nou_Kakitori_Ques_Hard_65,,,,,,,,,,
Nou_Kakitori_Ques_Hard_66,1688,Nou_Kakitori_Ques_Hard_66,,,,,,,,,,
Nou_Kakitori_Ques_Hard_67,1689,Nou_Kakitori_Ques_Hard_67,,,,,,,,,,
Nou_Kakitori_Ques_Hard_68,1690,Nou_Kakitori_Ques_Hard_68,,,,,,,,,,
Nou_Kakitori_Ques_Hard_69,1691,Nou_Kakitori_Ques_Hard_69,,,,,,,,,,
Nou_Kakitori_Ques_Hard_70,1692,Nou_Kakitori_Ques_Hard_70,,,,,,,,,,
Nou_Kakitori_Ques_Hard_71,1693,Nou_Kakitori_Ques_Hard_71,,,,,,,,,,
Nou_Kakitori_Ques_Hard_72,1694,Nou_Kakitori_Ques_Hard_72,,,,,,,,,,
Nou_Kakitori_Ques_Hard_73,1695,Nou_Kakitori_Ques_Hard_73,,,,,,,,,,
Nou_Kakitori_Ques_Hard_74,1696,Nou_Kakitori_Ques_Hard_74,,,,,,,,,,
Nou_Kakitori_Ques_Hard_75,1697,Nou_Kakitori_Ques_Hard_75,,,,,,,,,,
Nou_Kakitori_Ques_Hard_76,1698,Nou_Kakitori_Ques_Hard_76,,,,,,,,,,
Nou_Kakitori_Ques_Hard_77,1699,Nou_Kakitori_Ques_Hard_77,,,,,,,,,,
Nou_Kakitori_Ques_Hard_78,1700,Nou_Kakitori_Ques_Hard_78,,,,,,,,,,
Nou_Kakitori_Ques_Hard_79,1701,Nou_Kakitori_Ques_Hard_79,,,,,,,,,,
Nou_Kakitori_Ques_Hard_80,1702,Nou_Kakitori_Ques_Hard_80,,,,,,,,,,
Nou_Kakitori_Ques_Hard_81,1703,Nou_Kakitori_Ques_Hard_81,,,,,,,,,,
Nou_Kakitori_Ques_Hard_82,1704,Nou_Kakitori_Ques_Hard_82,,,,,,,,,,
Nou_Kakitori_Ques_Hard_83,1705,Nou_Kakitori_Ques_Hard_83,,,,,,,,,,
Nou_Kakitori_Ques_Hard_84,1706,Nou_Kakitori_Ques_Hard_84,,,,,,,,,,
Nou_Kakitori_Ques_Hard_85,1707,Nou_Kakitori_Ques_Hard_85,,,,,,,,,,
Nou_Kakitori_Ques_Hard_86,1708,Nou_Kakitori_Ques_Hard_86,,,,,,,,,,
Nou_Kakitori_Ques_Hard_87,1709,Nou_Kakitori_Ques_Hard_87,,,,,,,,,,
Nou_Kakitori_Ques_Hard_88,1710,Nou_Kakitori_Ques_Hard_88,,,,,,,,,,
Nou_Kakitori_Ques_Hard_89,1711,Nou_Kakitori_Ques_Hard_89,,,,,,,,,,
Nou_Kakitori_Ques_Hard_90,1712,Nou_Kakitori_Ques_Hard_90,,,,,,,,,,
Nou_Kakitori_Ques_Hard_91,1713,Nou_Kakitori_Ques_Hard_91,,,,,,,,,,
Nou_Kakitori_Ques_Hard_92,1714,Nou_Kakitori_Ques_Hard_92,,,,,,,,,,
Nou_Kakitori_Ques_Hard_93,1715,Nou_Kakitori_Ques_Hard_93,,,,,,,,,,
Nou_Kakitori_Ques_Hard_94,1716,Nou_Kakitori_Ques_Hard_94,,,,,,,,,,
Nou_Kakitori_Ques_Hard_95,1717,Nou_Kakitori_Ques_Hard_95,,,,,,,,,,
Nou_Kakitori_Ques_Hard_96,1718,Nou_Kakitori_Ques_Hard_96,,,,,,,,,,
Nou_Kakitori_Ques_Hard_97,1719,Nou_Kakitori_Ques_Hard_97,,,,,,,,,,
Nou_Kakitori_Ques_Hard_98,1720,Nou_Kakitori_Ques_Hard_98,,,,,,,,,,
Nou_Kakitori_Ques_Hard_99,1721,Nou_Kakitori_Ques_Hard_99,,,,,,,,,,
Nou_Kakitori_Ques_Hard_100,1722,Nou_Kakitori_Ques_Hard_100,,,,,,,,,,
Nou_Kakitori_Ques_Hard_101,1723,Nou_Kakitori_Ques_Hard_101,,,,,,,,,,
Nou_Kakitori_Ques_Hard_102,1724,Nou_Kakitori_Ques_Hard_102,,,,,,,,,,
Nou_Kakitori_Ques_Hard_103,1725,Nou_Kakitori_Ques_Hard_103,,,,,,,,,,
Nou_Kakitori_Ques_Hard_104,1726,Nou_Kakitori_Ques_Hard_104,,,,,,,,,,
Nou_Kakitori_Ques_Hard_105,1727,Nou_Kakitori_Ques_Hard_105,,,,,,,,,,
Nou_Kakitori_Ques_Hard_106,1728,Nou_Kakitori_Ques_Hard_106,,,,,,,,,,
Nou_Kakitori_Ques_Hard_107,1729,Nou_Kakitori_Ques_Hard_107,,,,,,,,,,
Nou_Kakitori_Ques_Hard_108,1730,Nou_Kakitori_Ques_Hard_108,,,,,,,,,,
Nou_Kakitori_Ques_Hard_109,1731,Nou_Kakitori_Ques_Hard_109,,,,,,,,,,
Nou_Kakitori_Ques_Hard_110,1732,Nou_Kakitori_Ques_Hard_110,,,,,,,,,,
Nou_Kakitori_Ques_Hard_111,1733,Nou_Kakitori_Ques_Hard_111,,,,,,,,,,
Nou_Kakitori_Ques_Hard_112,1734,Nou_Kakitori_Ques_Hard_112,,,,,,,,,,
Nou_Kakitori_Dialog_Title,1735,Nou_Kakitori_Dialog_Title,Laag naar hoog,Low to High,Mémoire,Merken,Memoria lampo,Retentiva,Low to High,Mémoire,Retentiva,Artan Sıra
Nou_KanjiDestroy,1736,Nou_KanjiDestroy,,,,,,,,,,
Nou_KanjiDestroy_Dialog_Title,1737,Nou_KanjiDestroy_Dialog_Title,Woorden uitroeien,Word Buster,Mots explosifs,Wortrallye,Parole a scoppio,Palabras fugaces,Word Attack,Mots explosifs,Palabras fugaces,Kelime Patlatma
Nou_KanjiDestroy_text,1738,Nou_KanjiDestroy_text, Schrijf het woord op.,Write down the word,Écrivez le mot.,Wort schreiben.,Scrivi la parola.,Escribe la palabra.,Write down the word.,Écrivez le mot.,Escribe la palabra entera.,Kelimeyi yaz
Nou_KanjiDestroy_btn_pass,1739,Nou_KanjiDestroy_btn_pass,Volgende,Pass,Passer,Nächste,Passa,Pasar,Pass,Passer,Pasar,Geç
Nou_KanjiDestroy_btn_erase,1740,Nou_KanjiDestroy_btn_erase,Wissen,Erase,Effacer,Löschen,Cancella,Corregir,Erase,Effacer,Borrar,Sil
Nou_KanjiDestroy_not_detect,1741,Nou_KanjiDestroy_not_detect,?,?,?,?,?,(?),?,?,(?),?
Nou_KanjiDestroy_result_title,1742,Nou_KanjiDestroy_result_title, Onthoud het woord.,Memorise the word,Mémorisez le mot.,Wort merken.,Memorizza la parola.,Memoriza la palabra.,Memorize the word.,Mémorisez le mot.,Memoriza la palabra.,Kelimeyi ezberle
Nou_KanjiDestroy_btn_result_next,1743,Nou_KanjiDestroy_btn_result_next,Volgende,Next,Suite,Weiter,Avanti,Seguir,Next,Suite,Seguir,Sonraki
Nou_KanjiDestroy_read_interval,1744,Nou_KanjiDestroy_read_interval,...,...,...,...,...,(...),...,...,(...),...
Nou_KanjiDestroy_letters,1745,Nou_KanjiDestroy_letters,,,,,,,,,,
Nou_KanjiDestroy_letters_easy,1746,Nou_KanjiDestroy_letters_easy,,,,,,,,,,
Rlx_KanjiDestroy_dummy_for_read,1747,Rlx_KanjiDestroy_dummy_for_read,,,,,,,,,,
Nou_KanjiDestroy_kanji_jis1,1748,Nou_KanjiDestroy_kanji_jis1,,,,,,,,,,
Nou_KanjiShooting,1749,Nou_KanjiShooting,,,,,,,,,,
Nou_KanjiShooting_Dialog_Title,1750,Nou_KanjiShooting_Dialog_Title,Woordenstrijd,Words in Space,Mots intersidéraux,Weltraumwörter,Parole nello spazio,Palabras galácticas,Word Attack: Space,Mots intersidéraux,Palabras galácticas,Uzayda Kelimeler
Nou_KanjiShooting_bullet,1751,Nou_KanjiShooting_bullet,○,○,○,○,○,○,○,○,○,○
Nou_KanjiShooting_enemy_training,1752,Nou_KanjiShooting_enemy_training,Training,Training,cerveau,Training,training,Practicar,Training,cerveau,Practicar,Antrenman
Nou_KanjiShooting_enemy_reading,1753,Nou_KanjiShooting_enemy_reading,Lezen,Reading,lecture,Lesen,lettura,Leer,Reading,lecture,Leer,Okuma
Nou_KanjiShooting_enemy_write,1754,Nou_KanjiShooting_enemy_write,Schrijven,Writing,écriture,Schreiben,scrittura,Escribir,Writing,écriture,Escribir,Yazma
Nou_KanjiShooting_enemy_calculate,1755,Nou_KanjiShooting_enemy_calculate,Rekenen,Calculating,entraînement,Rechnen,calcolo,Calcular,Calculating,entraînement,Calcular,Hesaplanıyor
Nou_KanjiShooting_enemy_shield,1756,Nou_KanjiShooting_enemy_shield,■,■,■,■,■,■,■,■,■,■
Nou_KanjiShooting_dragon,1757,Nou_KanjiShooting_dragon,□,□,□,□,□,□,□,□,□,□
Nou_KanjiShooting_enemy_brain,1758,Nou_KanjiShooting_enemy_brain,Hersenen,Brain,calcul,Gehirn,brain,Cerebro,Brain,calcul,Cerebro,Beyin
Nou_KanjiShooting_bomb,1759,Nou_KanjiShooting_bomb,,,,,,,,,,
Nou_KanjiShooting_btn_erase,1760,Nou_KanjiShooting_btn_erase,Wissen,Erase,Effacer,Löschen,Cancella,Borrar,Erase,Effacer,Borrar,Sil
Nou_KanjiShooting_message_stage1,1761,Nou_KanjiShooting_message_stage1,EERSTE MISSIE,MISSION ONE,Mission 1,MISSION 1,MISSIONE 1,MISIÓN 1,MISSION ONE,Mission 1,MISIÓN 1,GÖREV 1
Nou_KanjiShooting_message_stage2,1762,Nou_KanjiShooting_message_stage2,TWEEDE MISSIE,MISSION TWO,Mission 2,MISSION 2,MISSIONE 2,MISIÓN 2,MISSION TWO,Mission 2,MISIÓN 2,GÖREV 2
Nou_KanjiShooting_message_stage3,1763,Nou_KanjiShooting_message_stage3,DERDE MISSIE,MISSION THREE,Mission 3,MISSION 3,MISSIONE 3,MISIÓN 3,MISSION THREE,Mission 3,MISIÓN 3,GÖREV 3
Nou_KanjiShooting_message_stage4,1764,Nou_KanjiShooting_message_stage4,VIERDE MISSIE,MISSION FOUR,Mission 4,MISSION 4,MISSIONE 4,MISIÓN 4,MISSION FOUR,Mission 4,MISIÓN 4,GÖREV 4
Nou_KanjiShooting_message_stage5,1765,Nou_KanjiShooting_message_stage5,VIJFDE MISSIE,MISSION FIVE,Mission 5,MISSION 5,MISSIONE 5,MISIÓN 5,MISSION FIVE,Mission 5,MISIÓN 5,GÖREV 5
Nou_KanjiShooting_message_stage6,1766,Nou_KanjiShooting_message_stage6,LAATSTE MISSIE,FINAL MISSION,Mission finale,LETZTE MISSION,MISSIONE FINALE,"MISIÓN
FINAL",FINAL MISSION,Mission finale,"MISIÓN
FINAL",SON GÖREV
Nou_KanjiShooting_message_stage_start,1767,Nou_KanjiShooting_message_stage_start,"[[U+000E]][[U+0000]][[U+0003]][[U+0004]][[U+0000]][[U+FF00]][[U+000E]][[U+0001]][[U+0000]][[U+0000]]
Start[[U+000E]][[U+0000]][[U+0003]][[U+0004]][[U+0000]][[U+FF00]]","[[U+000E]][[U+0000]][[U+0003]][[U+0004]][[U+0000]][[U+FF00]][[U+000E]][[U+0001]][[U+0000]][[U+0000]]
START[[U+000E]][[U+0000]][[U+0003]][[U+0004]][[U+0000]][[U+FF00]]","[[U+000E]][[U+0000]][[U+0003]][[U+0004]][[U+0000]][[U+FF00]][[U+000E]][[U+0001]][[U+0000]][[U+0000]]
Bonne chance ![[U+000E]][[U+0000]][[U+0003]][[U+0004]][[U+0000]][[U+FF00]]","[[U+000E]][[U+0000]][[U+0003]][[U+0004]][[U+0000]][[U+FF00]][[U+000E]][[U+0001]][[U+0000]][[U+0000]]
START![[U+000E]][[U+0000]][[U+0003]][[U+0004]][[U+0000]][[U+FF00]]","[[U+000E]][[U+0000]][[U+0003]][[U+0004]][[U+0000]][[U+FF00]][[U+000E]][[U+0001]][[U+0000]][[U+0000]]
VIA![[U+000E]][[U+0000]][[U+0003]][[U+0004]][[U+0000]][[U+FF00]]","[[U+000E]][[U+0000]][[U+0003]][[U+0004]][[U+0000]][[U+FF00]][[U+000E]][[U+0001]][[U+0000]][[U+0000]]
¡Vamos allá![[U+000E]][[U+0000]][[U+0003]][[U+0004]][[U+0000]][[U+FF00]]","[[U+000E]][[U+0000]][[U+0003]][[U+0004]][[U+0000]][[U+FF00]][[U+000E]][[U+0001]][[U+0000]][[U+0000]]
START[[U+000E]][[U+0000]][[U+0003]][[U+0004]][[U+0000]][[U+FF00]]","[[U+000E]][[U+0000]][[U+0003]][[U+0004]][[U+0000]][[U+FF00]][[U+000E]][[U+0001]][[U+0000]][[U+0000]]
Bonne chance![[U+000E]][[U+0000]][[U+0003]][[U+0004]][[U+0000]][[U+FF00]]","[[U+000E]][[U+0000]][[U+0003]][[U+0004]][[U+0000]][[U+FF00]][[U+000E]][[U+0001]][[U+0000]][[U+0000]]
¡Adelante![[U+000E]][[U+0000]][[U+0003]][[U+0004]][[U+0000]][[U+FF00]]","[[U+000E]][[U+0000]][[U+0003]][[U+0004]][[U+0000]][[U+FF00]][[U+000E]][[U+0001]][[U+0000]][[U+0000]]
BAŞLA[[U+000E]][[U+0000]][[U+0003]][[U+0004]][[U+0000]][[U+FF00]]"
Nou_KanjiShooting_message_stage_clear,1768,Nou_KanjiShooting_message_stage_clear,"[[U+000E]][[U+0000]][[U+0003]][[U+0004]][[U+0000]][[U+FF00]][[U+000E]][[U+0001]][[U+0000]][[U+0000]]
Voltooid[[U+000E]][[U+0000]][[U+0003]][[U+0004]][[U+0000]][[U+FF00]]","[[U+000E]][[U+0000]][[U+0003]][[U+0004]][[U+0000]][[U+FF00]][[U+000E]][[U+0001]][[U+0000]][[U+0000]]
COMPLETE[[U+000E]][[U+0000]][[U+0003]][[U+0004]][[U+0000]][[U+FF00]]","[[U+000E]][[U+0000]][[U+0003]][[U+0004]][[U+0000]][[U+FF00]][[U+000E]][[U+0001]][[U+0000]][[U+0000]]
terminée ![[U+000E]][[U+0000]][[U+0003]][[U+0004]][[U+0000]][[U+FF00]]","[[U+000E]][[U+0000]][[U+0003]][[U+0004]][[U+0000]][[U+FF00]][[U+000E]][[U+0001]][[U+0000]][[U+0000]]
ENDE![[U+000E]][[U+0000]][[U+0003]][[U+0004]][[U+0000]][[U+FF00]]","[[U+000E]][[U+0000]][[U+0003]][[U+0004]][[U+0000]][[U+FF00]]Hai SUPERATO la
[[U+000E]][[U+0001]][[U+0000]][[U+0000]]![[U+000E]][[U+0000]][[U+0003]][[U+0004]][[U+0000]][[U+FF00]]","[[U+000E]][[U+0000]][[U+0003]][[U+0004]][[U+0000]][[U+FF00]][[U+000E]][[U+0001]][[U+0000]][[U+0000]]
¡Fin![[U+000E]][[U+0000]][[U+0003]][[U+0004]][[U+0000]][[U+FF00]]","[[U+000E]][[U+0000]][[U+0003]][[U+0004]][[U+0000]][[U+FF00]][[U+000E]][[U+0001]][[U+0000]][[U+0000]]
COMPLETE[[U+000E]][[U+0000]][[U+0003]][[U+0004]][[U+0000]][[U+FF00]]","[[U+000E]][[U+0000]][[U+0003]][[U+0004]][[U+0000]][[U+FF00]][[U+000E]][[U+0001]][[U+0000]][[U+0000]]
terminée![[U+000E]][[U+0000]][[U+0003]][[U+0004]][[U+0000]][[U+FF00]]","[[U+000E]][[U+0000]][[U+0003]][[U+0004]][[U+0000]][[U+FF00]][[U+000E]][[U+0001]][[U+0000]][[U+0000]]
¡Fin![[U+000E]][[U+0000]][[U+0003]][[U+0004]][[U+0000]][[U+FF00]]","[[U+000E]][[U+0000]][[U+0003]][[U+0004]][[U+0000]][[U+FF00]][[U+000E]][[U+0001]][[U+0000]][[U+0000]]
TAMAMLANDI[[U+000E]][[U+0000]][[U+0003]][[U+0004]][[U+0000]][[U+FF00]]"
Nou_KanjiShooting_message_gameover,1769,Nou_KanjiShooting_message_gameover,"[[U+000E]][[U+0000]][[U+0003]][[U+0004]]ÿ[[U+FF00]]Missie:
mislukt[[U+000E]][[U+0000]][[U+0003]][[U+0004]][[U+0000]][[U+FF00]]","[[U+000E]][[U+0000]][[U+0003]][[U+0004]]ÿ[[U+FF00]]MISSION
FAILED![[U+000E]][[U+0000]][[U+0003]][[U+0004]][[U+0000]][[U+FF00]]","[[U+000E]][[U+0000]][[U+0003]][[U+0004]]ÿ[[U+FF00]]Échec de
la mission[[U+000E]][[U+0000]][[U+0003]][[U+0004]][[U+0000]][[U+FF00]]","[[U+000E]][[U+0000]][[U+0003]][[U+0004]]ÿ[[U+FF00]]GAME
OVER[[U+000E]][[U+0000]][[U+0003]][[U+0004]][[U+0000]][[U+FF00]]","[[U+000E]][[U+0000]][[U+0003]][[U+0004]]ÿ[[U+FF00]]Missione
fallita[[U+000E]][[U+0000]][[U+0003]][[U+0004]][[U+0000]][[U+FF00]]","[[U+000E]][[U+0000]][[U+0003]][[U+0004]]ÿ[[U+FF00]]¡Fin de
la partida![[U+000E]][[U+0000]][[U+0003]][[U+0004]][[U+0000]][[U+FF00]]","[[U+000E]][[U+0000]][[U+0003]][[U+0004]]ÿ[[U+FF00]]MISSION
FAILED![[U+000E]][[U+0000]][[U+0003]][[U+0004]][[U+0000]][[U+FF00]]","[[U+000E]][[U+0000]][[U+0003]][[U+0004]]ÿ[[U+FF00]]Échec de
la mission[[U+000E]][[U+0000]][[U+0003]][[U+0004]][[U+0000]][[U+FF00]]","[[U+000E]][[U+0000]][[U+0003]][[U+0004]]ÿ[[U+FF00]]¡Fin de
la partida![[U+000E]][[U+0000]][[U+0003]][[U+0004]][[U+0000]][[U+FF00]]","[[U+000E]][[U+0000]][[U+0003]][[U+0004]]ÿ[[U+FF00]]GÖREV
BAŞARISIZ![[U+000E]][[U+0000]][[U+0003]][[U+0004]][[U+0000]][[U+FF00]]"
Nou_KanjiShooting_message_gameclear,1770,Nou_KanjiShooting_message_gameclear,"Woorden uitroeien
Alle missies voltooid","MISSION
COMPLETE",[[U+000E]][[U+0000]][[U+0003]][[U+0004]][[U+0000]][[U+FF00]]Mission accomplie ![[U+000E]][[U+0000]][[U+0003]][[U+0004]][[U+0000]][[U+FF00]],A[[U+000E]][[U+0000]][[U+0003]][[U+0004]][[U+0000]][[U+FF00]]lle Missionen erfüllt![[U+000E]][[U+0000]][[U+0003]][[U+0004]][[U+0000]][[U+FF00]],"[[U+000E]][[U+0000]][[U+0003]][[U+0004]][[U+0000]][[U+FF00]]MISSIONE
COMPLETATA[[U+000E]][[U+0000]][[U+0003]][[U+0004]][[U+0000]][[U+FF00]]","[[U+000E]][[U+0000]][[U+0003]][[U+0004]][[U+0000]][[U+FF00]]Palabras galácticas
Misiones cumplidas[[U+000E]][[U+0000]][[U+0003]][[U+0004]][[U+0000]][[U+FF00]]","MISSION
COMPLETE",[[U+000E]][[U+0000]][[U+0003]][[U+0004]][[U+0000]][[U+FF00]]Mission accomplie![[U+000E]][[U+0000]][[U+0003]][[U+0004]][[U+0000]][[U+FF00]],"[[U+000E]][[U+0000]][[U+0003]][[U+0004]][[U+0000]][[U+FF00]]Palabras galácticas
Misiones cumplidas[[U+000E]][[U+0000]][[U+0003]][[U+0004]][[U+0000]][[U+FF00]]","GÖREV
TAMAMLANDI"
Nou_KanjiShooting_message_boss,1771,Nou_KanjiShooting_message_boss,Doel komt dichterbij,BOSS INCOMING!,[[U+000E]][[U+0000]][[U+0003]][[U+0004]][[U+0000]][[U+FF00]]Objectif en vue ![[U+000E]][[U+0000]][[U+0003]][[U+0004]][[U+0000]][[U+FF00]],[[U+000E]][[U+0000]][[U+0003]][[U+0004]][[U+0000]][[U+FF00]]Ziel nähert sich[[U+000E]][[U+0000]][[U+0003]][[U+0004]][[U+0000]][[U+FF00]],[[U+000E]][[U+0000]][[U+0003]][[U+0004]][[U+0000]][[U+FF00]]PERICOLO - BOSS![[U+000E]][[U+0000]][[U+0003]][[U+0004]][[U+0000]][[U+FF00]],[[U+000E]][[U+0000]][[U+0003]][[U+0004]][[U+0000]][[U+FF00]]Objetivo a la vista[[U+000E]][[U+0000]][[U+0003]][[U+0004]][[U+0000]][[U+FF00]],BOSS INCOMING!,[[U+000E]][[U+0000]][[U+0003]][[U+0004]][[U+0000]][[U+FF00]]Objectif en vue![[U+000E]][[U+0000]][[U+0003]][[U+0004]][[U+0000]][[U+FF00]],[[U+000E]][[U+0000]][[U+0003]][[U+0004]][[U+0000]][[U+FF00]]Objetivo a la vista[[U+000E]][[U+0000]][[U+0003]][[U+0004]][[U+0000]][[U+FF00]],PATRON GELİYOR!
Nou_KanjiShooting_kanji,1772,Nou_KanjiShooting_kanji,[[U+000E]][[U+0000]][[U+0003]][[U+0004]]ÿ[[U+FF00]][[U+000E]][[U+0001]][[U+0000]][[U+0000]][[U+000E]][[U+0000]][[U+0003]][[U+0004]][[U+0000]][[U+FF00]],[[U+000E]][[U+0000]][[U+0003]][[U+0004]]ÿ[[U+FF00]][[U+000E]][[U+0001]][[U+0000]][[U+0000]][[U+000E]][[U+0000]][[U+0003]][[U+0004]][[U+0000]][[U+FF00]],[[U+000E]][[U+0000]][[U+0003]][[U+0004]]ÿ[[U+FF00]][[U+000E]][[U+0001]][[U+0000]][[U+0000]][[U+000E]][[U+0000]][[U+0003]][[U+0004]][[U+0000]][[U+FF00]],[[U+000E]][[U+0000]][[U+0003]][[U+0004]]ÿ[[U+FF00]][[U+000E]][[U+0001]][[U+0000]][[U+0000]][[U+000E]][[U+0000]][[U+0003]][[U+0004]][[U+0000]][[U+FF00]],[[U+000E]][[U+0000]][[U+0003]][[U+0004]]ÿ[[U+FF00]][[U+000E]][[U+0001]][[U+0000]][[U+0000]][[U+000E]][[U+0000]][[U+0003]][[U+0004]][[U+0000]][[U+FF00]],[[U+000E]][[U+0000]][[U+0003]][[U+0004]]ÿ[[U+FF00]][[U+000E]][[U+0001]][[U+0000]][[U+0000]][[U+000E]][[U+0000]][[U+0003]][[U+0004]][[U+0000]][[U+FF00]],[[U+000E]][[U+0000]][[U+0003]][[U+0004]]ÿ[[U+FF00]][[U+000E]][[U+0001]][[U+0000]][[U+0000]][[U+000E]][[U+0000]][[U+0003]][[U+0004]][[U+0000]][[U+FF00]],[[U+000E]][[U+0000]][[U+0003]][[U+0004]]ÿ[[U+FF00]][[U+000E]][[U+0001]][[U+0000]][[U+0000]][[U+000E]][[U+0000]][[U+0003]][[U+0004]][[U+0000]][[U+FF00]],[[U+000E]][[U+0000]][[U+0003]][[U+0004]]ÿ[[U+FF00]][[U+000E]][[U+0001]][[U+0000]][[U+0000]][[U+000E]][[U+0000]][[U+0003]][[U+0004]][[U+0000]][[U+FF00]],[[U+000E]][[U+0000]][[U+0003]][[U+0004]]ÿ[[U+FF00]][[U+000E]][[U+0001]][[U+0000]][[U+0000]][[U+000E]][[U+0000]][[U+0003]][[U+0004]][[U+0000]][[U+FF00]]
Nou_KanjiShooting_read_interval,1773,Nou_KanjiShooting_read_interval,[[U+000E]][[U+0000]][[U+0003]][[U+0004]]ÿ[[U+FF00]]…[[U+000E]][[U+0001]][[U+0000]][[U+0000]][[U+000E]][[U+0000]][[U+0003]][[U+0004]][[U+0000]][[U+FF00]],[[U+000E]][[U+0000]][[U+0003]][[U+0004]]ÿ[[U+FF00]]…[[U+000E]][[U+0001]][[U+0000]][[U+0000]][[U+000E]][[U+0000]][[U+0003]][[U+0004]][[U+0000]][[U+FF00]],[[U+000E]][[U+0000]][[U+0003]][[U+0004]]ÿ[[U+FF00]]... [[U+000E]][[U+0001]][[U+0000]][[U+0000]][[U+000E]][[U+0000]][[U+0003]][[U+0004]][[U+0000]][[U+FF00]],[[U+000E]][[U+0000]][[U+0003]][[U+0004]]ÿ[[U+FF00]]...[[U+000E]][[U+0001]][[U+0000]][[U+0000]][[U+000E]][[U+0000]][[U+0003]][[U+0004]][[U+0000]][[U+FF00]],[[U+000E]][[U+0000]][[U+0003]][[U+0004]]ÿ[[U+FF00]]...[[U+000E]][[U+0001]][[U+0000]][[U+0000]][[U+000E]][[U+0000]][[U+0003]][[U+0004]][[U+0000]][[U+FF00]],[[U+000E]][[U+0000]][[U+0003]][[U+0004]]ÿ[[U+FF00]][[U+000E]][[U+0001]][[U+0000]][[U+0000]][[U+000E]][[U+0000]][[U+0003]][[U+0004]][[U+0000]][[U+FF00]],[[U+000E]][[U+0000]][[U+0003]][[U+0004]]ÿ[[U+FF00]]…[[U+000E]][[U+0001]][[U+0000]][[U+0000]][[U+000E]][[U+0000]][[U+0003]][[U+0004]][[U+0000]][[U+FF00]],[[U+000E]][[U+0000]][[U+0003]][[U+0004]]ÿ[[U+FF00]]... [[U+000E]][[U+0001]][[U+0000]][[U+0000]][[U+000E]][[U+0000]][[U+0003]][[U+0004]][[U+0000]][[U+FF00]],[[U+000E]][[U+0000]][[U+0003]][[U+0004]]ÿ[[U+FF00]][[U+000E]][[U+0001]][[U+0000]][[U+0000]][[U+000E]][[U+0000]][[U+0003]][[U+0004]][[U+0000]][[U+FF00]],[[U+000E]][[U+0000]][[U+0003]][[U+0004]]ÿ[[U+FF00]]…[[U+000E]][[U+0001]][[U+0000]][[U+0000]][[U+000E]][[U+0000]][[U+0003]][[U+0004]][[U+0000]][[U+FF00]]
Nou_KanjiShooting_not_detect,1774,Nou_KanjiShooting_not_detect,?,?,[[U+000E]][[U+0000]][[U+0003]][[U+0004]][[U+0000]][[U+FF00]]?[[U+000E]][[U+0000]][[U+0003]][[U+0004]][[U+0000]][[U+FF00]],[[U+000E]][[U+0000]][[U+0003]][[U+0004]][[U+0000]][[U+FF00]]?[[U+000E]][[U+0000]][[U+0003]][[U+0004]][[U+0000]][[U+FF00]],?,?,?,[[U+000E]][[U+0000]][[U+0003]][[U+0004]][[U+0000]][[U+FF00]]?[[U+000E]][[U+0000]][[U+0003]][[U+0004]][[U+0000]][[U+FF00]],?,?
Nou_Watch,1775,Nou_Watch,,,,,,,,,,
Nou_Watch_Dialog_Title,1776,Nou_Watch_Dialog_Title,Tijd,Time Lapse,Heures,Zeit,Calcola tempo,Temporizador,Time Lapse,Heures,Temporizador,Geçen Süre
Nou_Watch_label_hour,1777,Nou_Watch_label_hour,u,hr,h,Std.,h,h,hr.,h,h,sa
Nou_Watch_label_minute,1778,Nou_Watch_label_minute,min,min,min,Min.,min,min,min.,min,min,dk
Nou_Watch_btn_erase,1779,Nou_Watch_btn_erase,Wissen,Erase,Effacer,Löschen,Cancella,Borrar,Erase,Effacer,Borrar,Sil
Nou_Watch_label_canvas_hour,1780,Nou_Watch_label_canvas_hour,u ,hr ,h,Std.,h ,h,hr. ,h,h,sa 
Nou_Watch_label_canvas_minute,1781,Nou_Watch_label_canvas_minute,min ,min ,min,Min.,min ,min,min. ,min,min,dk 
Nou_HomeBtn,1782,Nou_HomeBtn,,,,,,,,,,
Nou_HomeBtn_Calc20,1783,Nou_HomeBtn_Calc20,Rekenen x 20,"[[U+000E]][[U+0000]][[U+0002]][[U+0002]]dCalculations
x 20[[U+000E]][[U+0000]][[U+0002]][[U+0002]]d",Calcul 20,Rechnen 20,Calcolo 20,Cálculo 20,"[[U+000E]][[U+0000]][[U+0002]][[U+0002]]dCalculations
x 20[[U+000E]][[U+0000]][[U+0002]][[U+0002]]d",Calcul 20,Cálculo 20,"[[U+000E]][[U+0000]][[U+0002]][[U+0002]]dHesaplamalar
x 20[[U+000E]][[U+0000]][[U+0002]][[U+0002]]d"
Nou_HomeBtn_Calc100,1784,Nou_HomeBtn_Calc100,Rekenen x 100,"[[U+000E]][[U+0000]][[U+0002]][[U+0002]]dCalculations
x 100[[U+000E]][[U+0000]][[U+0002]][[U+0002]]d",Calcul 100,Rechnen 100,Calcolo 100,Cálculo 100,"[[U+000E]][[U+0000]][[U+0002]][[U+0002]]dCalculations
x 100[[U+000E]][[U+0000]][[U+0002]][[U+0002]]d",Calcul 100,Cálculo 100,"[[U+000E]][[U+0000]][[U+0002]][[U+0002]]dHesaplamalar
x 100[[U+000E]][[U+0000]][[U+0002]][[U+0002]]d"
Nou_HomeBtn_Money,1785,Nou_HomeBtn_Money,Wisselgeld,[[U+000E]][[U+0000]][[U+0002]][[U+0002]]dCorrect Change[[U+000E]][[U+0000]][[U+0002]][[U+0002]]d,Monnaie,Münzenzähler,Conti e resti,Cambio correcto,Change Maker,Monnaie,Cambio correcto,[[U+000E]][[U+0000]][[U+0002]][[U+0002]]dPara Üstü[[U+000E]][[U+0000]][[U+0002]][[U+0002]]d
Nou_HomeBtn_Pachi,1786,Nou_HomeBtn_Pachi,"Twee keer
zoeken",[[U+000E]][[U+0000]][[U+0002]][[U+0002]]dMultiple Search[[U+000E]][[U+0000]][[U+0002]][[U+0002]]d,Multiples,Multiplikator,"Ricerca
multipla",Buscamúltiplo,By the Numbers,Multiples,Buscamúltiplo,[[U+000E]][[U+0000]][[U+0002]][[U+0002]]dKat Avı[[U+000E]][[U+0000]][[U+0002]][[U+0002]]d
Nou_HomeBtn_KanjiDestroy,1787,Nou_HomeBtn_KanjiDestroy,"Woorden
uitroeien",[[U+000E]][[U+0000]][[U+0002]][[U+0002]]dWord Buster[[U+000E]][[U+0000]][[U+0002]][[U+0002]]d,Mots explosifs,Wortrallye,"Parole
a scoppio","Palabras
fugaces",Word Attack,Mots explosifs,"Palabras
fugaces","[[U+000E]][[U+0000]][[U+0002]][[U+0002]]dKelime
Patlatma[[U+000E]][[U+0000]][[U+0002]][[U+0002]]d"
Nou_HomeBtn_KanjiShooting,1788,Nou_HomeBtn_KanjiShooting,Woordenstrijd,[[U+000E]][[U+0000]][[U+0002]][[U+0002]]dWords in Space[[U+000E]][[U+0000]][[U+0002]][[U+0002]]d,"Mots
intersidéraux",Weltraumwörter,"Parole
nello spazio","Palabras
galácticas","Word Attack:
Space","Mots
intersidéraux","Palabras
galácticas","[[U+000E]][[U+0000]][[U+0002]][[U+0002]]dUzayda
Kelimeler[[U+000E]][[U+0000]][[U+0002]][[U+0002]]d"
Nou_HomeBtn_AddDestroy,1789,Nou_HomeBtn_AddDestroy,"[[U+000E]][[U+0000]][[U+0002]][[U+0002]]dSommen
uitroeien[[U+000E]][[U+0000]][[U+0002]][[U+0002]]d",[[U+000E]][[U+0000]][[U+0002]][[U+0002]]dAddition Buster[[U+000E]][[U+0000]][[U+0002]][[U+0002]]d,"Addition
explosive",Summenrallye,"Somme
a scoppio",Suma y sigue,Sum Totaled,"Addition
explosive",Suma y sigue,"[[U+000E]][[U+0000]][[U+0002]][[U+0002]]dToplama
Patlatma[[U+000E]][[U+0000]][[U+0002]][[U+0002]]d"
Nou_HomeBtn_AddFight,1790,Nou_HomeBtn_AddFight,Sommenstrijd,[[U+000E]][[U+0000]][[U+0002]][[U+0002]]dAddition Battle[[U+000E]][[U+0000]][[U+0002]][[U+0002]]d,"Baston
d'additions",Abwehrrechnung,"Somme
all'attacco","El ataque
de las sumas","Sum Totaled:
Battle","Bataille
d'additions","El ataque
de las sumas",[[U+000E]][[U+0000]][[U+0002]][[U+0002]]dToplama Savaşı[[U+000E]][[U+0000]][[U+0002]][[U+0002]]d
Nou_HomeBtn_Watch,1791,Nou_HomeBtn_Watch,Tijd,[[U+000E]][[U+0000]][[U+0002]][[U+0002]]dTime Lapse[[U+000E]][[U+0000]][[U+0002]][[U+0002]]d,Heures,Zeit,Calcola tempo,Temporizador,Time Lapse,Heures,Temporizador,[[U+000E]][[U+0000]][[U+0002]][[U+0002]]dGeçen Süre[[U+000E]][[U+0000]][[U+0002]][[U+0002]]d
Nou_KanjiDestroy_btn_again,1792,Nou_KanjiDestroy_btn_again,Opnieuw,Again,Encore,Noch mal,Di nuovo,Otra vez,Again,Encore,Otra vez,Tekrar
Nou_KanjiDestroy_btn_again_last,1793,Nou_KanjiDestroy_btn_again_last,"Raak aan als je het
woord hebt onthouden.","Touch here once you've
memorised the word.","Touchez l'écran lorsque
vous avez mémorisé le mot.","Bitte Wort merken und
dann hier berühren.","Quando hai memorizzato
la parola, tocca lo schermo.","Toca aquí cuando hayas
memorizado la palabra.","Tap here once you've
memorized the word.","Touchez l'écran lorsque
vous avez mémorisé le mot.","Toca aquí cuando hayas
memorizado la palabra.","Kelimeyi ezberledikten sonra
buraya dokun."
Meikyoku_EA_title_00,1794,Meikyoku_EA_title_00,I've Been Working On the Railroad,I've Been Working On the Railroad,I've Been Working On the Railroad,I've Been Working On the Railroad,I've Been Working On the Railroad,I've Been Working On the Railroad,I've Been Working on the Railroad,I've Been Working On the Railroad,I've Been Working On the Railroad,Demiryolunda Çalışıyordum
Meikyoku_EA_title_01,1795,Meikyoku_EA_title_01,Under the Spreading Chestnut Tree,Under the Spreading Chestnut Tree,Under the Spreading Chestnut Tree,Under the Spreading Chestnut Tree,Under the Spreading Chestnut Tree,Under the Spreading Chestnut Tree,Under the Spreading Chestnut Tree,Under the Spreading Chestnut Tree,Under the Spreading Chestnut Tree,Yayılan Kestane Ağacının Altında
Meikyoku_EA_title_02,1796,Meikyoku_EA_title_02,Sippin' Cider Through a Straw,Sippin' Cider Through a Straw,Sippin' Cider Through a Straw,Sippin' Cider Through a Straw,Sippin' Cider Through a Straw,Sippin' Cider Through a Straw,Sippin' Cider Through a Straw,Sippin' Cider Through a Straw,Sippin' Cider Through a Straw,Sippin' Cider Through a Straw
Meikyoku_EA_title_03,1797,Meikyoku_EA_title_03,Home on the Range,Home on the Range,Home on the Range,Home on the Range,Home on the Range,Home on the Range,Home on the Range,Home on the Range,Home on the Range,Kırda Bir Yuva
Meikyoku_EA_title_04,1798,Meikyoku_EA_title_04,Thine Be the Glory (from Judas Maccabaeus),Thine Be the Glory (from Judas Maccabaeus),Thine Be the Glory (from Judas Maccabaeus),Thine Be the Glory (from Judas Maccabaeus),Thine Be the Glory (from Judas Maccabaeus),Thine Be the Glory (from Judas Maccabaeus),Thine Be the Glory,Thine Be the Glory (de Judas Maccabaeus),Thine Be the Glory (de Judas Maccabaeus),Zafer Senindir (Judas Maccabaeus'tan)
Meikyoku_EA_title_05,1799,Meikyoku_EA_title_05,Home! Sweet Home!,Home! Sweet Home!,Home! Sweet Home!,Home! Sweet Home!,Home! Sweet Home!,Home! Sweet Home!,Home! Sweet Home!,Home! Sweet Home!,Home! Sweet Home!,Ev! Tatlı Ev!
Meikyoku_EA_title_06,1800,Meikyoku_EA_title_06,Elsas Brautlied aus Lohengrin,Elsas Brautlied aus Lohengrin,Elsas Brautlied aus Lohengrin,Elsas Brautlied aus Lohengrin,Elsas Brautlied aus Lohengrin,Elsas Brautlied aus Lohengrin,Bridal Chorus from Lohengrin,Elsas Brautlied aus Lohengrin,Elsas Brautlied aus Lohengrin,Elsas Brautlied aus Lohengrin
Meikyoku_EA_title_07,1801,Meikyoku_EA_title_07,Heidenröslein,Heidenröslein,Heidenröslein,Heidenröslein,Heidenröslein,Heidenröslein,Heidenröslein,Heidenröslein,Heidenröslein,Heidenröslein
Meikyoku_EA_title_08,1802,Meikyoku_EA_title_08,Aura Lee,Aura Lee,Aura Lee,Aura Lee,Aura Lee,Aura Lee,Aura Lee,Aura Lee,Aura Lee,Aura Lee
Meikyoku_EA_title_09,1803,Meikyoku_EA_title_09,My Grandfather's Clock,My Grandfather's Clock,My Grandfather's Clock,My Grandfather's Clock,My Grandfather's Clock,My Grandfather's Clock,My Grandfather's Clock,My Grandfather's Clock,My Grandfather's Clock,Büyükbabamın Saati
Meikyoku_EA_title_10,1804,Meikyoku_EA_title_10,The Blue Bells of Scotland,The Blue Bells of Scotland,The Blue Bells of Scotland,The Blue Bells of Scotland,The Blue Bells of Scotland,The Blue Bells of Scotland,The Blue Bells of Scotland,The Blue Bells of Scotland,The Blue Bells of Scotland,İskoçya'nın Mavi Çanları
Meikyoku_EA_title_11,1805,Meikyoku_EA_title_11,Addio a Napoli ,Addio a Napoli ,Addio a Napoli ,Addio a Napoli,Addio a Napoli,Addio a Napoli ,Addio a Napoli ,Addio a Napoli ,Addio a Napoli ,Napoli'ye Veda
Meikyoku_EA_title_12,1806,Meikyoku_EA_title_12,London Bridge,London Bridge,London Bridge,London Bridge,London Bridge,London Bridge,London Bridge,London Bridge,London Bridge,London Bridge
Meikyoku_EA_title_13,1807,Meikyoku_EA_title_13,Liebestraum Nr. 3,Liebestraum Nr. 3,Liebestraum Nr. 3,Liebestraum Nr. 3,Liebestraum Nr. 3,Liebestraum Nr. 3,Liebestraum No. 3,Liebestraum Nr. 3,Liebestraum Nr. 3,Aşk Düşü No. 3
Meikyoku_EA_title_14,1808,Meikyoku_EA_title_14,Von fremden Ländern und Menschen ,Von fremden Ländern und Menschen ,Von fremden Ländern und Menschen,Von fremden Ländern und Menschen ,Von fremden Ländern und Menschen,Von fremden Ländern und Menschen ,Kinderszenen,Von fremden Ländern und Menschen,Von fremden Ländern und Menschen ,Von fremden Ländern und Menschen 
Meikyoku_EA_title_15,1809,Meikyoku_EA_title_15,Marcia Trionfale dell'Aida,Marcia Trionfale dell'Aida,Marcia Trionfale dell'Aida,Marcia Trionfale dell'Aida,Marcia Trionfale dell'Aida,Marcia Trionfale dell'Aida,The Grand March from Aida,Marcia Trionfale dell'Aida,Marcia Trionfale dell'Aida,Aida'nın Zafer Marşı
Meikyoku_EA_title_16,1810,Meikyoku_EA_title_16,Hirtengesang aus der Symphonie Nr. 6,Hirtengesang aus der Symphonie Nr. 6,Hirtengesang aus der Symphonie Nr. 6,Hirtengesang aus der Symphonie Nr. 6,Hirtengesang aus der Symphonie Nr. 6,Hirtengesang aus der Symphonie Nr. 6,Pastoral from Symphony No. 6,Hirtengesang aus der Symphonie Nr. 6,Hirtengesang aus der Symphonie Nr. 6,6. Senfoni'den Çoban Şarkısı
Meikyoku_EA_title_17,1811,Meikyoku_EA_title_17,Water Music,Water Music,Water Music,Water Music,Water Music,Water Music,Water Music,Water Music,Water Music,Su Müziği
Meikyoku_EA_title_18,1812,Meikyoku_EA_title_18,"Kuckuck, Kuckuck, ruft's aus dem Wald","Kuckuck, Kuckuck, ruft's aus dem Wald","Kuckuck, Kuckuck, ruft's aus dem Wald","Kuckuck, Kuckuck, ruft's aus dem Wald","Kuckuck, Kuckuck, ruft's aus dem Wald","Kuckuck, Kuckuck, ruft's aus dem Wald",Le Coucou,"Kuckuck, Kuckuck, ruft's aus dem Wald","Kuckuck, Kuckuck, ruft's aus dem Wald","Guguk, Guguk, Ormandan Sesleniyor"
Meikyoku_EA_title_19,1813,Meikyoku_EA_title_19,Amaryllis,Amaryllis,Amaryllis,Amaryllis,Amaryllis,Amaryllis,Amaryllis,Amaryllis,Amaryllis,Amarillis
Meikyoku_EA_title_20,1814,Meikyoku_EA_title_20,Sur le pont d'Avignon ,Sur le pont d'Avignon ,Sur le pont d'Avignon ,Sur le pont d'Avignon ,Sur le pont d'Avignon ,Sur le pont d'Avignon ,Sur le pont d'Avignon ,Sur le pont d'Avignon ,Sur le pont d'Avignon ,Sur le pont d'Avignon 
Meikyoku_EA_title_21,1815,Meikyoku_EA_title_21,"Wiegenlied (Guten Abend, Gute Nacht)","Wiegenlied (Guten Abend, Gute Nacht)","Wiegenlied (Guten Abend, Gute Nacht)","Wiegenlied (Guten Abend, Gute Nacht)","Wiegenlied (Guten Abend, Gute Nacht)","Wiegenlied (Guten Abend, Gute Nacht)",Brahms' Lullabye,"Wiegenlied (Guten Abend, Gute Nacht)","Wiegenlied (Guten Abend, Gute Nacht)","Ninni (İyi Akşamlar, İyi Geceler)"
Meikyoku_EA_title_22,1816,Meikyoku_EA_title_22,Die Lorelei,Die Lorelei,Die Lorelei,Die Lorelei,Die Lorelei,Die Lorelei,Die Lorelei,Die Lorelei,Die Lorelei,Lorelei
Meikyoku_EA_title_23,1817,Meikyoku_EA_title_23,Die Forelle,Die Forelle,Die Forelle,Die Forelle,Die Forelle,Die Forelle,Schubert's Trout Quintet,Die Forelle,Die Forelle,Alabalık
Meikyoku_EA_title_24,1818,Meikyoku_EA_title_24,Joy to the World,Joy to the World,Joy to the World,Joy to the World,Joy to the World,Joy to the World,Joy to the World,Joy to the World,Joy to the World,Dünyaya Sevinç
Meikyoku_EA_title_25,1819,Meikyoku_EA_title_25,Wiegenlied,Wiegenlied,Wiegenlied,Wiegenlied,Wiegenlied,Wiegenlied,Schubert's Wiegenlied,Wiegenlied,Wiegenlied,Ninni
Meikyoku_EA_title_26,1820,Meikyoku_EA_title_26,On Top of Old Smoky,On Top of Old Smoky,On Top of Old Smoky,On Top of Old Smoky,On Top of Old Smoky,On Top of Old Smoky,On Top of Old Smoky,On Top of Old Smoky,On Top of Old Smoky,On Top of Old Smoky
Meikyoku_EA_title_27,1821,Meikyoku_EA_title_27,Red River Valley,Red River Valley,Red River Valley,Red River Valley,Red River Valley,Red River Valley,Red River Valley,Red River Valley,Red River Valley,Red River Valley
Meikyoku_EA_title_28,1822,Meikyoku_EA_title_28,Kalinka,Kalinka,Kalinka,Kalinka,Kalinka,Kalinka,Kalinka,Kalinka,Kalinka,Kalinka
Meikyoku_EA_title_29,1823,Meikyoku_EA_title_29,For He's a Jolly Good Fellow!,For He's a Jolly Good Fellow!,For He's a Jolly Good Fellow!,For He's a Jolly Good Fellow!,For He's a Jolly Good Fellow!,For He's a Jolly Good Fellow!,For He's a Jolly Good Fellow!,For He's a Jolly Good Fellow!,For He's a Jolly Good Fellow!,Çünkü O Neşeli Bir İnsan!
Meikyoku_EA_title_30,1824,Meikyoku_EA_title_30,Nobody Knows the Trouble I've Seen,Nobody Knows the Trouble I've Seen,Nobody Knows the Trouble I've Seen,Nobody Knows the Trouble I've Seen,Nobody Knows the Trouble I've Seen,Nobody Knows the Trouble I've Seen,Nobody Knows the Trouble I've Seen,Nobody Knows the Trouble I've Seen,Nobody Knows the Trouble I've Seen,Kimse Çektiğim Çileyi Bilmez
Meikyoku_EA_title_31,1825,Meikyoku_EA_title_31,Will the Circle be Unbroken,Will the Circle be Unbroken,Will The Circle be Unbroken,Will the Circle be Unbroken,Will the Circle be Unbroken,Will the Circle be Unbroken,Will the Circle Be Unbroken,Will The Circle be Unbroken,Will the Circle be Unbroken,Çember Kırılmasın
Meikyoku_EA_title_32,1826,Meikyoku_EA_title_32,Oh! Susanna,Oh! Susanna,Oh! Susanna,Oh! Susanna,Oh! Susanna,Oh! Susanna,Oh! Susanna,Oh! Susanna,Oh! Susanna,Ah! Susanna
Meikyoku_EA_title_33,1827,Meikyoku_EA_title_33,Prélude du Te Deum,Prélude du Te Deum,Prélude du Te Deum,Prélude du Te Deum,Prélude du Te Deum,Prélude du Te Deum,Te Deum Laudamus,Prélude du Te Deum,Prélude du Te Deum,Te Deum Prelüdü
Meikyoku_EA_title_34,1828,Meikyoku_EA_title_34,"Michael, Row the Boat Ashore","Michael, Row the Boat Ashore","Michael, Row the Boat Ashore","Michael, Row the Boat Ashore","Michael, Row the Boat Ashore","Michael, Row the Boat Ashore","Michael, Row the Boat Ashore","Michael, Row the Boat Ashore","Michael, Row the Boat Ashore","Michael, Tekneyi Kıyıya Çek"
Meikyoku_EA_title_35,1829,Meikyoku_EA_title_35,When Irish Eyes are Smiling,When Irish Eyes are Smiling,When Irish Eyes are Smiling,When Irish Eyes are Smiling,When Irish Eyes are Smiling,When Irish Eyes are Smiling,When Irish Eyes Are Smiling,When Irish Eyes are Smiling,When Irish Eyes are Smiling,When Irish Eyes are Smiling
Meikyoku_EA_title_36,1830,Meikyoku_EA_title_36,My Bonnie Lies Over the Ocean,My Bonnie Lies Over the Ocean,My Bonnie Lies Over the Ocean,My Bonnie Lies Over the Ocean,My Bonnie Lies Over the Ocean,My Bonnie Lies Over the Ocean,My Bonnie Lies Over the Ocean,My Bonnie Lies Over the Ocean,My Bonnie Lies Over the Ocean,My Bonnie Lies Over the Ocean
Meikyoku_EA_title_37,1831,Meikyoku_EA_title_37,The Water is Wide,The Water is Wide,The Water is Wide,The Water is Wide,The Water is Wide,The Water is Wide,Irish Folk Song,The Water is Wide,The Water is Wide,Su Çok Geniş
Meikyoku_EA_title_38,1832,Meikyoku_EA_title_38,I Saw Three Ships,I Saw Three Ships,I Saw Three Ships,I Saw Three Ships,I Saw Three Ships,I Saw Three Ships,I Saw Three Ships,I Saw Three Ships,I Saw Three Ships,Üç Gemi Gördüm
Meikyoku_EA_title_39,1833,Meikyoku_EA_title_39,The Coventry Carol,The Coventry Carol,The Coventry Carol,The Coventry Carol,The Coventry Carol,The Coventry Carol,The Coventry Carol,The Coventry Carol,The Coventry Carol,Coventry Ninnisi
Meikyoku_EA_title_40,1834,Meikyoku_EA_title_40,Buffalo Gals,Buffalo Gals,Buffalo Gals,Buffalo Gals,Buffalo Gals,Buffalo Gals,Buffalo Gals,Buffalo Gals,Buffalo Gals,Buffalo Gals
Meikyoku_EA_title_41,1835,Meikyoku_EA_title_41,FEVER,FEVER,FEVER,FEVER,FEVER,FEVER,FEVER,FEVER,FEVER,ATEŞ
Meikyoku_EA_title_42,1836,Meikyoku_EA_title_42,CHILL,CHILL,CHILL,CHILL,CHILL,CHILL,CHILL,CHILL,CHILL,ÜŞÜME
Meikyoku_EA_title_43,1837,Meikyoku_EA_title_43,The Legend of Zelda Main Theme,The Legend of Zelda Main Theme,Thème principal de The Legend of Zelda,The Legend of Zelda Main Theme,The Legend of Zelda Main Theme,Tema principal de The Legend of Zelda,The Legend of Zelda Main Theme,Thème principal de The Legend of Zelda,Tema principal de The Legend of Zelda,Zelda Efsanesi Ana Tema
Meikyoku_EA_title_44,1838,Meikyoku_EA_title_44,"""An die Freude"" aus der Symphonie Nr. 9","""An die Freude"" aus der Symphonie Nr. 9","""An die Freude"" aus der Symphonie Nr. 9",„An die Freude“ aus der Symphonie Nr. 9,"""An die Freude"" aus der Symphonie Nr. 9","""An die Freude"" aus der Symphonie Nr. 9",Symphony No. 9,"""An die Freude"" aus der Symphonie Nr. 9","""An die Freude"" aus der Symphonie Nr. 9","""Neşeye Övgü"" (9. Senfoni'den)"
Meikyoku_EA_Composer_00,1839,Meikyoku_EA_Composer_00,Traditioneel Amerikaans,Traditional American,Chanson traditonnelle américaine,Amerikanisches Volkslied,Canzone popolare americana,Tradición estadounidense,Traditional American,Chanson traditionnelle américaine,Tradición estadounidense,Geleneksel Amerikan
Meikyoku_EA_Composer_01,1840,Meikyoku_EA_Composer_01,Traditioneel Engels,Traditional English,Chanson traditonnelle anglaise,Englisches Volkslied,Canzone popolare inglese,Tradición inglesa,Traditional English,Chanson traditionnelle anglaise,Tradición inglesa,Geleneksel İngiliz
Meikyoku_EA_Composer_02,1841,Meikyoku_EA_Composer_02,Traditioneel Amerikaans,Traditional American,Chanson traditonnelle américaine,Amerikanisches Volkslied,Canzone popolare americana,Tradición estadounidense,Traditional American,Chanson traditionnelle américaine,Tradición estadounidense,Geleneksel Amerikan
Meikyoku_EA_Composer_03,1842,Meikyoku_EA_Composer_03,Traditioneel Amerikaans,Traditional American,Chanson traditonnelle américaine,Amerikanisches Volkslied,Canzone popolare americana,Tradición estadounidense,Traditional American,Chanson traditionnelle américaine,Tradición estadounidense,Geleneksel Amerikan
Meikyoku_EA_Composer_04,1843,Meikyoku_EA_Composer_04,Componist: Handel,Composer: Georg Friedrich Handel,Composé par Georg Friedrich Händel,Komponist: Georg Friedrich Händel,Compositore: Georg Friedrich Händel,Autor: Georg Friedrich Handel,Composer: Georg Friedrich Handel,Composé par Georg Friedrich Händel,Autor: Georg Friedrich Handel,Besteci: Georg Friedrich Handel
Meikyoku_EA_Composer_05,1844,Meikyoku_EA_Composer_05,Componist: Bishop,Composer: Henry Bishop,Composé par Henry Bishop,Komponist: Henry Bishop,Compositore: Henry Bishop,Autor: Henry Bishop,Composer: Henry Bishop,Composé par Henry Bishop,Autor: Henry Bishop,Besteci: Henry Bishop
Meikyoku_EA_Composer_06,1845,Meikyoku_EA_Composer_06,Componist: Wagner,Composer: Richard Wagner,Composé par Richard Wagner,Komponist: Richard Wagner,Compositore: Richard Wagner,Autor: Richard Wagner,Composer: Richard Wagner,Composé par Richard Wagner,Autor: Richard Wagner,Besteci: Richard Wagner
Meikyoku_EA_Composer_07,1846,Meikyoku_EA_Composer_07,Componist: Schubert,Composer: Franz Schubert,Composé par Franz Schubert,Komponist: Franz Schubert,Compositore: Franz Schubert,Autor: Franz Schubert,Composer: Franz Schubert,Composé par Franz Schubert,Autor: Franz Schubert,Besteci: Franz Schubert
Meikyoku_EA_Composer_08,1847,Meikyoku_EA_Composer_08,Componist: Poulton,Composer: George R. Poulton,Composé par George R. Poulton,Komponist: George R. Poulton,Compositore: George R. Poulton,Autor: George R. Poulton,Composer: George R. Poulton,Composé par George R. Poulton,Autor: George R. Poulton,Besteci: George R. Poulton
Meikyoku_EA_Composer_09,1848,Meikyoku_EA_Composer_09,Componist: H. C. Work,Composer: Henry Clay Work,Composé par Henry Clay Work,Komponist: Henry Clay Work,Compositore: Henry Clay Work,Autor: Henry Clay Work,Composer: Henry Clay Work,Composé par Henry Clay Work,Autor: Henry Clay Work,Besteci: Henry Clay Work
Meikyoku_EA_Composer_10,1849,Meikyoku_EA_Composer_10,Traditioneel Schots,Traditional Scottish,Chanson traditionnelle écossaise,Schottisches Volkslied,Canzone popolare scozzese,Tradición escocesa,Traditional Scottish,Chanson traditionnelle écossaise,Tradición escocesa,Geleneksel İskoç
Meikyoku_EA_Composer_11,1850,Meikyoku_EA_Composer_11,Traditioneel Italiaans,Traditional Italian,Chanson traditionnelle italienne,Italienisches Volkslied,Canzone popolare italiana,Tradición italiana,Traditional Italian,Chanson traditionnelle italienne,Tradición italiana,Geleneksel İtalyan
Meikyoku_EA_Composer_12,1851,Meikyoku_EA_Composer_12,Traditioneel Engels,Traditional English,Chanson traditionnelle anglaise,Englisches Volkslied,Canzone popolare inglese,Tradición inglesa,Traditional English,Chanson traditionnelle anglaise,Tradición inglesa,Geleneksel İngiliz
Meikyoku_EA_Composer_13,1852,Meikyoku_EA_Composer_13,Componist: Liszt,Composer: Franz Liszt,Composé par Franz Liszt,Komponist: Franz Liszt,Compositore: Franz Liszt,Autor: Franz Liszt,Composer: Franz Liszt,Composé par Franz Liszt,Autor: Franz Liszt,Besteci: Franz Liszt
Meikyoku_EA_Composer_14,1853,Meikyoku_EA_Composer_14,Componist: Schumann,Composer: Robert Schumann,Composé par Robert Schumann,Komponist: Robert Schumann,Compositore: Robert Schumann,Autor: Robert Schumann,Composer: Robert Schumann,Composé par Robert Schumann,Autor: Robert Schumann,Besteci: Robert Schumann
Meikyoku_EA_Composer_15,1854,Meikyoku_EA_Composer_15,Componist: Verdi,Composer: Giuseppe Verdi,Composé par Giuseppe Verdi,Komponist: Giuseppe Verdi,Compositore: Giuseppe Verdi,Autor: Giuseppe Verdi,Composer: Giuseppe Verdi,Composé par Giuseppe Verdi,Autor: Giuseppe Verdi,Besteci: Giuseppe Verdi
Meikyoku_EA_Composer_16,1855,Meikyoku_EA_Composer_16,Componist: Beethoven,Composer: Ludwig van Beethoven,Composé par Ludwig van Beethoven,Komponist: Ludwig van Beethoven,Compositore: Ludwig van Beethoven,Autor: Ludwig van Beethoven,Composer: Ludwig van Beethoven,Composé par Ludwig van Beethoven,Autor: Ludwig van Beethoven,Besteci: Ludwig van Beethoven
Meikyoku_EA_Composer_17,1856,Meikyoku_EA_Composer_17,Componist: Handel,Composer: Georg Friedrich Handel,Composé par Georg Friedrich Händel,Komponist: Georg Friedrich Händel,Compositore: Georg Friedrich Händel,Autor: Georg Friedrich Handel,Composer: Georg Friedrich Handel,Composé par Georg Friedrich Händel,Autor: Georg Friedrich Handel,Besteci: Georg Friedrich Handel
Meikyoku_EA_Composer_18,1857,Meikyoku_EA_Composer_18,Traditioneel Duits,Traditional German,Chanson traditionnelle allemande,Deutsches Volkslied,Canzone popolare tedesca,Tradición alemana,Traditional German,Chanson traditionnelle allemande,Tradición alemana,Geleneksel Alman
Meikyoku_EA_Composer_19,1858,Meikyoku_EA_Composer_19,Componist: Henry Ghys,Composer: Henry Ghys,Composé par Henry Ghys,Komponist: Henry Ghys,Compositore: Henry Ghys,Autor: Henry Ghys,Composer: Henry Ghys,Composé par Henry Ghys,Autor: Henry Ghys,Besteci: Henry Ghys
Meikyoku_EA_Composer_20,1859,Meikyoku_EA_Composer_20,Traditioneel Frans,Traditional French,Chanson traditionnelle française,Französisches Volkslied,Canzone popolare francese,Tradición francesa,Traditional French,Chanson traditionnelle française,Tradición francesa,Geleneksel Fransız
Meikyoku_EA_Composer_21,1860,Meikyoku_EA_Composer_21,Componist: Brahms,Composer: Johannes Brahms,Composé par Johannes Brahms,Komponist: Johannes Brahms,Compositore: Johannes Brahms,Autor: Johannes Brahms,Composer: Johannes Brahms,Composé par Johannes Brahms,Autor: Johannes Brahms,Besteci: Johannes Brahms
Meikyoku_EA_Composer_22,1861,Meikyoku_EA_Composer_22,Componist: Silcher,Composer: Friedrich Silcher,Composé par Friedrich Silcher,Komponist: Friedrich Silcher,Compositore: Friedrich Silcher,Autor: Friedrich Silcher,Composer: Friedrich Silcher,Composé par Friedrich Silcher,Autor: Friedrich Silcher,Besteci: Friedrich Silcher
Meikyoku_EA_Composer_23,1862,Meikyoku_EA_Composer_23,Componist: Schubert,Composer: Franz Schubert,Composé par Franz Schubert,Komponist: Franz Schubert,Compositore: Franz Schubert,Autor: Franz Schubert,Composer: Franz Schubert,Composé par Franz Schubert,Autor: Franz Schubert,Besteci: Franz Schubert
Meikyoku_EA_Composer_24,1863,Meikyoku_EA_Composer_24,Componist: Handel,Composer: Georg Friedrich Handel,Composé par Georg Friedrich Händel,Komponist: Georg Friedrich Händel,Compositore: Georg Friedrich Händel,Autor: Georg Friedrich Handel,Composer: Georg Friedrich Handel,Composé par Georg Friedrich Händel,Autor: Georg Friedrich Handel,Besteci: Georg Friedrich Handel
Meikyoku_EA_Composer_25,1864,Meikyoku_EA_Composer_25,Componist: Schubert,Composer: Franz Schubert,Composé par Franz Schubert,Komponist: Franz Schubert,Compositore: Franz Schubert,Autor: Franz Schubert,Composer: Franz Schubert,Composé par Franz Schubert,Autor: Franz Schubert,Besteci: Franz Schubert
Meikyoku_EA_Composer_26,1865,Meikyoku_EA_Composer_26,Traditioneel Amerikaans,Traditional American,Chanson traditionnelle américaine,Amerikanisches Volkslied,Canzone popolare americana,Tradición estadounidense,Traditional American,Chanson traditionnelle américaine,Tradición estadounidense,Geleneksel Amerikan
Meikyoku_EA_Composer_27,1866,Meikyoku_EA_Composer_27,Traditioneel Amerikaans,Traditional American,Chanson traditionnelle américaine,Amerikanisches Volkslied,Canzone popolare americana,Tradición estadounidense,Traditional American,Chanson traditionnelle américaine,Tradición estadounidense,Geleneksel Amerikan
Meikyoku_EA_Composer_28,1867,Meikyoku_EA_Composer_28,Componist: Larionov,Composer: Ivan Larionov,Composé par Ivan Larionov,Komponist: Ivan Larionov,Compositore: Ivan Larionov,Autor: Ivan Larionov,Composer: Ivan Larionov,Composé par Ivan Larionov,Autor: Ivan Larionov,Besteci: Ivan Larionov
Meikyoku_EA_Composer_29,1868,Meikyoku_EA_Composer_29,Traditioneel Engels,Traditional English,Chanson traditonnelle anglaise,Englisches Volkslied,Canzone popolare inglese,Tradición inglesa,Traditional English,Chanson traditionnelle anglaise,Tradición inglesa,Geleneksel İngiliz
Meikyoku_EA_Composer_30,1869,Meikyoku_EA_Composer_30,Traditioneel Amerikaans,Traditional American,Anonyme,Amerikanisches Volkslied,Canzone popolare americana,Tradición estadounidense,Traditional American,Anonyme,Tradición estadounidense,Geleneksel Amerikan
Meikyoku_EA_Composer_31,1870,Meikyoku_EA_Composer_31,Componist: Gabriel,Composer: Charles H. Gabriel,Composé par Charles H. Gabriel,Komponist: Charles H. Gabriel,Compositore: Charles H. Gabriel,Autor: Charles H. Gabriel,Composer: Charles H. Gabriel,Composé par Charles H. Gabriel,Autor: Charles H. Gabriel,Besteci: Charles H. Gabriel
Meikyoku_EA_Composer_32,1871,Meikyoku_EA_Composer_32,Componist: Foster,Composer: Stephen Foster,Composé par Stephen Foster,Komponist: Stephen Foster,Compositore: Stephen Foster,Autor: Stephen Foster,Composer: Stephen Foster,Composé par Stephen Foster,Autor: Stephen Foster,Besteci: Stephen Foster
Meikyoku_EA_Composer_33,1872,Meikyoku_EA_Composer_33,Componist: Charpentier,Composer: Marc-Antoine Charpentier,Composé par Marc-Antoine Charpentier,Komponist: Marc-Antoine Charpentier,Compositore: Marc-Antoine Charpentier,Autor: Marc-Antoine Charpentier,Composer: Marc-Antoine Charpentier,Composé par Marc-Antoine Charpentier,Autor: Marc-Antoine Charpentier,Besteci: Marc-Antoine Charpentier
Meikyoku_EA_Composer_34,1873,Meikyoku_EA_Composer_34,Traditioneel Amerikaans,Traditional American,Chanson traditonnelle américaine,Amerikanisches Volkslied,Canzone popolare americana,Tradición estadounidense,Traditional American,Chanson traditionnelle américaine,Tradición estadounidense,Geleneksel Amerikan
Meikyoku_EA_Composer_35,1874,Meikyoku_EA_Composer_35,Componist: Ball,Composer: Ernest Ball,Composé par Ernest Ball,Komponist: Ernest Ball,Compositore: Ernest Ball,Autor: Ernest Ball,Composer: Ernest Ball,Composé par Ernest Ball,Autor: Ernest Ball,Besteci: Ernest Ball
Meikyoku_EA_Composer_36,1875,Meikyoku_EA_Composer_36,Traditioneel Schots,Traditional Scottish,Chanson traditionnelle écossaise,Schottisches Volkslied,Canzone popolare scozzese,Tradición escocesa,Traditional Scottish,Chanson traditionnelle écossaise,Tradición escocesa,Geleneksel İskoç
Meikyoku_EA_Composer_37,1876,Meikyoku_EA_Composer_37,Traditioneel,Traditional,Chanson traditionnelle,Volkslied,Canzone popolare anglosassone,Tradicional,Traditional,Chanson traditionnelle,Tradicional,Geleneksel
Meikyoku_EA_Composer_38,1877,Meikyoku_EA_Composer_38,Traditioneel Engels,Traditional English,Chanson traditionnelle anglaise,Englisches Volkslied,Canzone popolare inglese,Tradición inglesa,Traditional English,Chanson traditionnelle anglaise,Tradición inglesa,Geleneksel İngiliz
Meikyoku_EA_Composer_39,1878,Meikyoku_EA_Composer_39,Traditioneel Engels,Traditional English,Chanson traditionnelle anglaise,Englisches Volkslied,Canzone popolare inglese,Tradición inglesa,Traditional English,Chanson traditionnelle anglaise,Tradición inglesa,Geleneksel İngiliz
Meikyoku_EA_Composer_40,1879,Meikyoku_EA_Composer_40,Traditioneel Amerikaans,Traditional American,Chanson traditionnelle américaine,Amerikanisches Volkslied,Canzone popolare americana,Tradición estadounidense,Traditional American,Chanson traditionnelle américaine,Tradición estadounidense,Geleneksel Amerikan
Meikyoku_EA_Composer_41,1880,Meikyoku_EA_Composer_41,Componist: Nintendo,Composer: Nintendo,Composé par Nintendo,Komponist: Nintendo,Compositore: Nintendo,Autor: Nintendo,Composer: Nintendo,Composé par Nintendo,Autor: Nintendo,Besteci: Nintendo
Meikyoku_EA_Composer_42,1881,Meikyoku_EA_Composer_42,Componist: Nintendo,Composer: Nintendo,Composé par Nintendo,Komponist: Nintendo,Compositore: Nintendo,Autor: Nintendo,Composer: Nintendo,Composé par Nintendo,Autor: Nintendo,Besteci: Nintendo
Meikyoku_EA_Composer_43,1882,Meikyoku_EA_Composer_43,Componist: Nintendo,Composer: Nintendo,Composé par Nintendo,Komponist: Nintendo,Compositore: Nintendo,Autor: Nintendo,Composer: Nintendo,Composé par Nintendo,Autor: Nintendo,Besteci: Nintendo
Meikyoku_EA_Composer_44,1883,Meikyoku_EA_Composer_44,Componist: Beethoven,Composer: Ludwig van Beethoven,Composé par Ludwig van Beethoven,Komponist: Ludwig van Beethoven,Compositore: Ludwig van Beethoven,Autor: Ludwig van Beethoven,Composer: Ludwig van Beethoven,Composé par Ludwig van Beethoven,Autor: Ludwig van Beethoven,Besteci: Ludwig van Beethoven
