index,label,English,German,Spanish,French,Italian,Turkish,official_max_lines,official_max_px,turkish_lines,turkish_max_px,fit_ratio,fit_status,control_status,translation_status,translator_note
0,Title_Course,,,,,,,1,0,0,0,0.000,EMPTY,OK,EMPTY,
1,T_Tut1_00,Lesson 1,Lektion 1,Lección 1,Leçon 1,Lezione 1,Ders 1,1,129,1,83,0.643,OK,OK,REVIEWED,
2,T_Tut1_01,Lesson 2,Lektion 2,Lección 2,Leçon 2,Lezione 2,Ders 2,1,129,1,83,0.643,OK,OK,REVIEWED,
3,T_Tut1_02,Lesson 3,Lektion 3,Lección 3,Leçon 3,Lezione 3,Ders 3,1,129,1,83,0.643,OK,OK,REVIEWED,
4,T_Tut1_03,Lesson 4,Lektion 4,Lección 4,Leçon 4,Lezione 4,Ders 4,1,129,1,83,0.643,OK,OK,REVIEWED,
5,T_Tut1_04,Lesson 5,Lektion 5,Lección 5,Leçon 5,Lezione 5,Ders 5,1,129,1,83,0.643,OK,OK,REVIEWED,
6,T_Tut1_05,Lesson 6,Lektion 6,Lección 6,Leçon 6,Lezione 6,Ders 6,1,129,1,83,0.643,OK,OK,REVIEWED,
7,T_Tut1_06,Lesson 7,Lektion 7,Lección 7,Leçon 7,Lezione 7,Ders 7,1,129,1,83,0.643,OK,OK,REVIEWED,
8,T_Tut1_07,Lesson 8,Lektion 8,Lección 8,Leçon 8,Lezione 8,Ders 8,1,129,1,83,0.643,OK,OK,REVIEWED,
9,T_Tut1_08,Lesson 9,Lektion 9,Lección 9,Leçon 9,Lezione 9,Ders 9,1,129,1,83,0.643,OK,OK,REVIEWED,
10,T_Tut1_09,Lesson 10,Lektion 10,Lección 10,Leçon 10,Lezione 10,Ders 10,1,145,1,99,0.683,OK,OK,REVIEWED,
11,T_Tut1_10,Lesson 11,Lektion 11,Lección 11,Leçon 11,Lezione 11,Ders 11,1,145,1,99,0.683,OK,OK,REVIEWED,
12,T_Tut1_11,Lesson 12,Lektion 12,Lección 12,Leçon 12,Lezione 12,Ders 12,1,145,1,99,0.683,OK,OK,REVIEWED,
13,T_Tut1_12,Lesson 13,Lektion 13,Lección 13,Leçon 13,Lezione 13,Ders 13,1,145,1,99,0.683,OK,OK,REVIEWED,
14,T_Tut1_13,Lesson 14,Lektion 14,Lección 14,Leçon 14,Lezione 14,Ders 14,1,145,1,99,0.683,OK,OK,REVIEWED,
15,T_Tut1_14,Lesson 15,Lektion 15,Lección 15,Leçon 15,Lezione 15,Ders 15,1,145,1,99,0.683,OK,OK,REVIEWED,
16,T_Tut1_15,Lesson 16,Lektion 16,Lección 16,Leçon 16,Lezione 16,Ders 16,1,145,1,99,0.683,OK,OK,REVIEWED,
17,T_Tut1_16,Lesson 17,Lektion 17,Lección 17,Leçon 17,Lezione 17,Ders 17,1,145,1,99,0.683,OK,OK,REVIEWED,
18,T_Tut1_17,Lesson 18,Lektion 18,Lección 18,Leçon 18,Lezione 18,Ders 18,1,145,1,99,0.683,OK,OK,REVIEWED,
19,T_Bas1_00,Challenge 1-1,Aufgabe 1-1,Desafío 1-1,Défi 1-1,Sfida 1-1,Görev 1-1,1,185,1,133,0.719,OK,OK,REVIEWED,
20,T_Bas1_01,Challenge 1-2,Aufgabe 1-2,Desafío 1-2,Défi 1-2,Sfida 1-2,Görev 1-2,1,185,1,133,0.719,OK,OK,REVIEWED,
21,T_Bas1_02,Challenge 1-3,Aufgabe 1-3,Desafío 1-3,Défi 1-3,Sfida 1-3,Görev 1-3,1,185,1,133,0.719,OK,OK,REVIEWED,
22,T_Bas1_03,Challenge 1-4,Aufgabe 1-4,Desafío 1-4,Défi 1-4,Sfida 1-4,Görev 1-4,1,185,1,133,0.719,OK,OK,REVIEWED,
23,T_Bas1_04,Challenge 1-5,Aufgabe 1-5,Desafío 1-5,Défi 1-5,Sfida 1-5,Görev 1-5,1,185,1,133,0.719,OK,OK,REVIEWED,
24,T_Bas1_05,Challenge 1-6,Aufgabe 1-6,Desafío 1-6,Défi 1-6,Sfida 1-6,Görev 1-6,1,185,1,133,0.719,OK,OK,REVIEWED,
25,T_Bas1_06,Challenge 1-7,Aufgabe 1-7,Desafío 1-7,Défi 1-7,Sfida 1-7,Görev 1-7,1,185,1,133,0.719,OK,OK,REVIEWED,
26,T_Bas1_07,Challenge 1-8,Aufgabe 1-8,Desafío 1-8,Défi 1-8,Sfida 1-8,Görev 1-8,1,185,1,133,0.719,OK,OK,REVIEWED,
27,T_Bas1_08,Challenge 1-9,Aufgabe 1-9,Desafío 1-9,Défi 1-9,Sfida 1-9,Görev 1-9,1,185,1,133,0.719,OK,OK,REVIEWED,
28,T_Bas1_09,Challenge 1-10,Aufgabe 1-10,Desafío 1-10,Défi 1-10,Sfida 1-10,Görev 1-10,1,201,1,149,0.741,OK,OK,REVIEWED,
29,T_Bas1_10,Challenge 1-11,Aufgabe 1-11,Desafío 1-11,Défi 1-11,Sfida 1-11,Görev 1-11,1,201,1,149,0.741,OK,OK,REVIEWED,
30,T_Bas1_11,Challenge 1-12,Aufgabe 1-12,Desafío 1-12,Défi 1-12,Sfida 1-12,Görev 1-12,1,201,1,149,0.741,OK,OK,REVIEWED,
31,T_Bas1_12,Challenge 1-13,Aufgabe 1-13,Desafío 1-13,Défi 1-13,Sfida 1-13,Görev 1-13,1,201,1,149,0.741,OK,OK,REVIEWED,
32,T_Bas1_13,Challenge 1-14,Aufgabe 1-14,Desafío 1-14,Défi 1-14,Sfida 1-14,Görev 1-14,1,201,1,149,0.741,OK,OK,REVIEWED,
33,T_Bas1_14,Challenge 1-15,Aufgabe 1-15,Desafío 1-15,Défi 1-15,Sfida 1-15,Görev 1-15,1,201,1,149,0.741,OK,OK,REVIEWED,
34,T_Bas1_15,Challenge 1-16,Aufgabe 1-16,Desafío 1-16,Défi 1-16,Sfida 1-16,Görev 1-16,1,201,1,149,0.741,OK,OK,REVIEWED,
35,T_Bas1_16,Challenge 1-17,Aufgabe 1-17,Desafío 1-17,Défi 1-17,Sfida 1-17,Görev 1-17,1,201,1,149,0.741,OK,OK,REVIEWED,
36,T_Bas1_17,Challenge 1-18,Aufgabe 1-18,Desafío 1-18,Défi 1-18,Sfida 1-18,Görev 1-18,1,201,1,149,0.741,OK,OK,REVIEWED,
37,T_Pic1_00,Strawberry,Erdbeere,Fresa,Fraise,Fragola,Çilek,1,155,1,66,0.426,OK,OK,REVIEWED,
38,T_Pic1_01,Chick,Küken,Pollito,Poussin,Pulcino,Civciv,1,100,1,79,0.790,OK,OK,REVIEWED,
39,T_Pic1_02,Peach,Pfirsich,Flor,Fleur de pêcher,Fiore di pesco,Şeftali,1,211,1,93,0.441,OK,OK,REVIEWED,Son manuel Türkçe kalite taramasında doğrulandı.
40,T_Pic1_03,Shooting Star,Sternschnuppe,Estrella fugaz,Étoile filante,Stella cometa,Kayan Yıldız,1,201,1,172,0.856,OK,OK,REVIEWED,
41,T_Pic1_04,Kitten,Kätzchen,Gatito,Chaton,Gattino,Kedicik,1,129,1,101,0.783,OK,OK,REVIEWED,
42,T_Pic1_05,Crab,Krabbe,Cangrejo,Crabe,Granchio,Yengeç,1,124,1,97,0.782,OK,OK,REVIEWED,
43,T_Pic1_06,Mario (1),Mario (1),Mario (1),Mario (1),Mario (1),Mario (1),1,124,1,124,1.000,OK,OK,REVIEWED,
44,T_Pic1_07,Bananas,Bananen,Plátanos,Bananes,Banane,Muzlar,1,121,1,96,0.793,OK,OK,REVIEWED,
45,T_Pic1_08,Apple Tree,Apfelbaum,Manzano,Pommier,Melo,Elma Ağacı,1,150,1,154,1.027,OK,OK,REVIEWED,
46,T_Pic1_09,Swimming Trunks,Badehose,Bañador corto,Short de bain,Pantaloncini,Deniz Şortu,1,230,1,157,0.683,OK,OK,REVIEWED,
47,T_Pic1_10,Sandwich,Sandwich,Sándwich,Sandwich,Tramezzino,Sandviç,1,157,1,107,0.682,OK,OK,REVIEWED,
48,T_Pic1_11,Ruby Ring,Rubinring,Anillo de rubíes,Bague en rubis,Anello di rubino,Yakut Yüzük,1,217,1,171,0.788,OK,OK,REVIEWED,
49,T_Pic1_12,Puppy,Welpe,Perrito,Chiot,Cucciolo,Yavru,1,109,1,81,0.743,OK,OK,REVIEWED,Son manuel Türkçe kalite taramasında doğrulandı.
50,T_Pic1_13,Orange,Apfelsine,Naranja,Orange,Arancia,Portakal,1,131,1,122,0.931,OK,OK,REVIEWED,
51,T_Pic1_14,Snail,Schnecke,Caracol,Escargot,Chiocciola,Salyangoz,1,137,1,141,1.029,OK,OK,REVIEWED,
52,T_Pic1_15,Pencil,Stift,Lápiz,Crayon,Matita,Kalem,1,96,1,84,0.875,OK,OK,REVIEWED,
53,T_Pic1_16,Pig,Schwein,Cerdito,Cochon,Maialino,Domuz,1,121,1,88,0.727,OK,OK,REVIEWED,
54,T_Pic1_17,Saturn,Saturn,Saturno,Saturne,Saturno,Satürn,1,109,1,93,0.853,OK,OK,REVIEWED,
55,T_Bas2_00,Challenge 2-1,Aufgabe 2-1,Desafío 2-1,Défi 2-1,Sfida 2-1,Görev 2-1,1,185,1,133,0.719,OK,OK,REVIEWED,
56,T_Bas2_01,Challenge 2-2,Aufgabe 2-2,Desafío 2-2,Défi 2-2,Sfida 2-2,Görev 2-2,1,185,1,133,0.719,OK,OK,REVIEWED,
57,T_Bas2_02,Challenge 2-3,Aufgabe 2-3,Desafío 2-3,Défi 2-3,Sfida 2-3,Görev 2-3,1,185,1,133,0.719,OK,OK,REVIEWED,
58,T_Bas2_03,Challenge 2-4,Aufgabe 2-4,Desafío 2-4,Défi 2-4,Sfida 2-4,Görev 2-4,1,185,1,133,0.719,OK,OK,REVIEWED,
59,T_Bas2_04,Challenge 2-5,Aufgabe 2-5,Desafío 2-5,Défi 2-5,Sfida 2-5,Görev 2-5,1,185,1,133,0.719,OK,OK,REVIEWED,
60,T_Bas2_05,Challenge 2-6,Aufgabe 2-6,Desafío 2-6,Défi 2-6,Sfida 2-6,Görev 2-6,1,185,1,133,0.719,OK,OK,REVIEWED,
61,T_Bas2_06,Challenge 2-7,Aufgabe 2-7,Desafío 2-7,Défi 2-7,Sfida 2-7,Görev 2-7,1,185,1,133,0.719,OK,OK,REVIEWED,
62,T_Bas2_07,Challenge 2-8,Aufgabe 2-8,Desafío 2-8,Défi 2-8,Sfida 2-8,Görev 2-8,1,185,1,133,0.719,OK,OK,REVIEWED,
63,T_Bas2_08,Challenge 2-9,Aufgabe 2-9,Desafío 2-9,Défi 2-9,Sfida 2-9,Görev 2-9,1,185,1,133,0.719,OK,OK,REVIEWED,
64,T_Bas2_09,Challenge 2-10,Aufgabe 2-10,Desafío 2-10,Défi 2-10,Sfida 2-10,Görev 2-10,1,201,1,149,0.741,OK,OK,REVIEWED,
65,T_Bas2_10,Challenge 2-11,Aufgabe 2-11,Desafío 2-11,Défi 2-11,Sfida 2-11,Görev 2-11,1,201,1,149,0.741,OK,OK,REVIEWED,
66,T_Bas2_11,Challenge 2-12,Aufgabe 2-12,Desafío 2-12,Défi 2-12,Sfida 2-12,Görev 2-12,1,201,1,149,0.741,OK,OK,REVIEWED,
67,T_Bas2_12,Challenge 2-13,Aufgabe 2-13,Desafío 2-13,Défi 2-13,Sfida 2-13,Görev 2-13,1,201,1,149,0.741,OK,OK,REVIEWED,
68,T_Bas2_13,Challenge 2-14,Aufgabe 2-14,Desafío 2-14,Défi 2-14,Sfida 2-14,Görev 2-14,1,201,1,149,0.741,OK,OK,REVIEWED,
69,T_Bas2_14,Challenge 2-15,Aufgabe 2-15,Desafío 2-15,Défi 2-15,Sfida 2-15,Görev 2-15,1,201,1,149,0.741,OK,OK,REVIEWED,
70,T_Bas2_15,Challenge 2-16,Aufgabe 2-16,Desafío 2-16,Défi 2-16,Sfida 2-16,Görev 2-16,1,201,1,149,0.741,OK,OK,REVIEWED,
71,T_Bas2_16,Challenge 2-17,Aufgabe 2-17,Desafío 2-17,Défi 2-17,Sfida 2-17,Görev 2-17,1,201,1,149,0.741,OK,OK,REVIEWED,
72,T_Bas2_17,Challenge 2-18,Aufgabe 2-18,Desafío 2-18,Défi 2-18,Sfida 2-18,Görev 2-18,1,201,1,149,0.741,OK,OK,REVIEWED,
73,T_Gim1_00,Lesson 19,Lektion 19,Lección 19,Leçon 19,Lezione 19,Ders 19,1,145,1,99,0.683,OK,OK,REVIEWED,
74,T_Gim1_01,Lesson 20,Lektion 20,Lección 20,Leçon 20,Lezione 20,Ders 20,1,145,1,99,0.683,OK,OK,REVIEWED,
75,T_Gim1_02,Lesson 21,Lektion 21,Lección 21,Leçon 21,Lezione 21,Ders 21,1,145,1,99,0.683,OK,OK,REVIEWED,
76,T_Gim1_03,Lesson 22,Lektion 22,Lección 22,Leçon 22,Lezione 22,Ders 22,1,145,1,99,0.683,OK,OK,REVIEWED,
77,T_Gim1_04,Lesson 23,Lektion 23,Lección 23,Leçon 23,Lezione 23,Ders 23,1,145,1,99,0.683,OK,OK,REVIEWED,
78,T_Gim1_05,Lesson 24,Lektion 24,Lección 24,Leçon 24,Lezione 24,Ders 24,1,145,1,99,0.683,OK,OK,REVIEWED,
79,T_Gim1_06,Lesson 25,Lektion 25,Lección 25,Leçon 25,Lezione 25,Ders 25,1,145,1,99,0.683,OK,OK,REVIEWED,
80,T_Gim1_07,Lesson 26,Lektion 26,Lección 26,Leçon 26,Lezione 26,Ders 26,1,145,1,99,0.683,OK,OK,REVIEWED,
81,T_Gim1_08,Lesson 27,Lektion 27,Lección 27,Leçon 27,Lezione 27,Ders 27,1,145,1,99,0.683,OK,OK,REVIEWED,
82,T_Gim1_09,Lesson 28,Lektion 28,Lección 28,Leçon 28,Lezione 28,Ders 28,1,145,1,99,0.683,OK,OK,REVIEWED,
83,T_Gim1_10,Lesson 29,Lektion 29,Lección 29,Leçon 29,Lezione 29,Ders 29,1,145,1,99,0.683,OK,OK,REVIEWED,
84,T_Gim1_11,Lesson 30,Lektion 30,Lección 30,Leçon 30,Lezione 30,Ders 30,1,145,1,99,0.683,OK,OK,REVIEWED,
85,T_Gim1_12,Lesson 31,Lektion 31,Lección 31,Leçon 31,Lezione 31,Ders 31,1,145,1,99,0.683,OK,OK,REVIEWED,
86,T_Gim1_13,Lesson 32,Lektion 32,Lección 32,Leçon 32,Lezione 32,Ders 32,1,145,1,99,0.683,OK,OK,REVIEWED,
87,T_Gim1_14,Lesson 33,Lektion 33,Lección 33,Leçon 33,Lezione 33,Ders 33,1,145,1,99,0.683,OK,OK,REVIEWED,
88,T_Gim1_15,Lesson 34,Lektion 34,Lección 34,Leçon 34,Lezione 34,Ders 34,1,145,1,99,0.683,OK,OK,REVIEWED,
89,T_Gim1_16,Lesson 35,Lektion 35,Lección 35,Leçon 35,Lezione 35,Ders 35,1,145,1,99,0.683,OK,OK,REVIEWED,
90,T_Gim1_17,Lesson 36,Lektion 36,Lección 36,Leçon 36,Lezione 36,Ders 36,1,145,1,99,0.683,OK,OK,REVIEWED,
91,T_Bas3_00,Challenge 3-1,Aufgabe 3-1,Desafío 3-1,Défi 3-1,Sfida 3-1,Görev 3-1,1,185,1,133,0.719,OK,OK,REVIEWED,
92,T_Bas3_01,Challenge 3-2,Aufgabe 3-2,Desafío 3-2,Défi 3-2,Sfida 3-2,Görev 3-2,1,185,1,133,0.719,OK,OK,REVIEWED,
93,T_Bas3_02,Challenge 3-3,Aufgabe 3-3,Desafío 3-3,Défi 3-3,Sfida 3-3,Görev 3-3,1,185,1,133,0.719,OK,OK,REVIEWED,
94,T_Bas3_03,Challenge 3-4,Aufgabe 3-4,Desafío 3-4,Défi 3-4,Sfida 3-4,Görev 3-4,1,185,1,133,0.719,OK,OK,REVIEWED,
95,T_Bas3_04,Challenge 3-5,Aufgabe 3-5,Desafío 3-5,Défi 3-5,Sfida 3-5,Görev 3-5,1,185,1,133,0.719,OK,OK,REVIEWED,
96,T_Bas3_05,Challenge 3-6,Aufgabe 3-6,Desafío 3-6,Défi 3-6,Sfida 3-6,Görev 3-6,1,185,1,133,0.719,OK,OK,REVIEWED,
97,T_Bas3_06,Challenge 3-7,Aufgabe 3-7,Desafío 3-7,Défi 3-7,Sfida 3-7,Görev 3-7,1,185,1,133,0.719,OK,OK,REVIEWED,
98,T_Bas3_07,Challenge 3-8,Aufgabe 3-8,Desafío 3-8,Défi 3-8,Sfida 3-8,Görev 3-8,1,185,1,133,0.719,OK,OK,REVIEWED,
99,T_Bas3_08,Challenge 3-9,Aufgabe 3-9,Desafío 3-9,Défi 3-9,Sfida 3-9,Görev 3-9,1,185,1,133,0.719,OK,OK,REVIEWED,
100,T_Bas3_09,Challenge 3-10,Aufgabe 3-10,Desafío 3-10,Défi 3-10,Sfida 3-10,Görev 3-10,1,201,1,149,0.741,OK,OK,REVIEWED,
101,T_Bas3_10,Challenge 3-11,Aufgabe 3-11,Desafío 3-11,Défi 3-11,Sfida 3-11,Görev 3-11,1,201,1,149,0.741,OK,OK,REVIEWED,
102,T_Bas3_11,Challenge 3-12,Aufgabe 3-12,Desafío 3-12,Défi 3-12,Sfida 3-12,Görev 3-12,1,201,1,149,0.741,OK,OK,REVIEWED,
103,T_Bas3_12,Challenge 3-13,Aufgabe 3-13,Desafío 3-13,Défi 3-13,Sfida 3-13,Görev 3-13,1,201,1,149,0.741,OK,OK,REVIEWED,
104,T_Bas3_13,Challenge 3-14,Aufgabe 3-14,Desafío 3-14,Défi 3-14,Sfida 3-14,Görev 3-14,1,201,1,149,0.741,OK,OK,REVIEWED,
105,T_Bas3_14,Challenge 3-15,Aufgabe 3-15,Desafío 3-15,Défi 3-15,Sfida 3-15,Görev 3-15,1,201,1,149,0.741,OK,OK,REVIEWED,
106,T_Bas3_15,Challenge 3-16,Aufgabe 3-16,Desafío 3-16,Défi 3-16,Sfida 3-16,Görev 3-16,1,201,1,149,0.741,OK,OK,REVIEWED,
107,T_Bas3_16,Challenge 3-17,Aufgabe 3-17,Desafío 3-17,Défi 3-17,Sfida 3-17,Görev 3-17,1,201,1,149,0.741,OK,OK,REVIEWED,
108,T_Bas3_17,Challenge 3-18,Aufgabe 3-18,Desafío 3-18,Défi 3-18,Sfida 3-18,Görev 3-18,1,201,1,149,0.741,OK,OK,REVIEWED,
109,T_Pic2_00,Trainer,Turnschuh,Zapatilla,Basket,Scarpa da tennis,Spor Ayakkabı,1,229,1,203,0.886,OK,OK,REVIEWED,
110,T_Pic2_01,Nintendo 3DS,Nintendo 3DS,Nintendo 3DS,Nintendo 3DS,Nintendo 3DS,Nintendo 3DS,1,184,1,184,1.000,OK,OK,REVIEWED,
111,T_Pic2_02,Tyrannosaurus,Tyrannosaurus,Tiranosaurio,Tyrannosaure,Tirannosauro,Tyrannosaurus,1,200,1,200,1.000,OK,OK,REVIEWED,
112,T_Pic2_03,Triceratops,Triceratops,Tricerátopo,Tricératops,Triceratopo,Triceratops,1,161,1,157,0.975,OK,OK,REVIEWED,
113,T_Pic2_04,Stegosaurus,Stegosaurus,Estegosaurio,Stégosaure,Stegosauro,Stegosaurus,1,175,1,164,0.937,OK,OK,REVIEWED,
114,T_Pic2_05,Ice Cream Cone,Eiswaffel,Cucurucho,Cornet de glace,Cono gelato,Dondurma,1,210,1,138,0.657,OK,OK,REVIEWED,
115,T_Pic2_06,Whale,Wal,Ballena,Baleine,Balena,Balina,1,104,1,88,0.846,OK,OK,REVIEWED,
116,T_Pic2_07,Hamburger,Hamburger,Hamburguesa,Hamburger,Hamburger,Hamburger,1,186,1,153,0.823,OK,OK,REVIEWED,
117,T_Pic2_08,House,Haus,Casa,Maison,Casa,Ev,1,97,1,34,0.351,OK,OK,REVIEWED,
118,T_Pic2_09,Sea Turtle,Schildkröte,Tortuga marina,Tortue de mer,Tartaruga marina,Kaplumbağa,1,245,1,169,0.690,OK,OK,REVIEWED,
119,T_Pic2_10,Elephant,Elefant,Elefante,Éléphant,Elefante,Fil,1,125,1,35,0.280,OK,OK,REVIEWED,
120,T_Pic2_11,Giraffe,Giraffe,Jirafa,Girafe,Giraffa,Zürafa,1,102,1,94,0.922,OK,OK,REVIEWED,
121,T_Pic2_12,Matryoshka Doll,Matroschka,Muñeca rusa,Poupée russe,Matrioska,Matruşka,1,225,1,132,0.587,OK,OK,REVIEWED,
122,T_Pic2_13,Falcon,Falke,Halcón,Faucon,Falco,Şahin,1,98,1,77,0.786,OK,OK,REVIEWED,
123,T_Pic2_14,Car,Auto,Coche,Voiture,Automobile,Araba,1,156,1,88,0.564,OK,OK,REVIEWED,
124,T_Pic2_15,Snowman,Schneemann,Muñeco de nieve,Bonhomme de neige,Pupazzo di neve,Kardan Adam,1,264,1,189,0.716,OK,OK,REVIEWED,
125,T_Pic2_16,NES Controller,NES Controller,Mando de NES,Manette NES,Controller NES,NES Kolu,1,199,1,122,0.613,OK,OK,REVIEWED,
126,T_Pic2_17,Christmas Tree,Weihnachtsbaum,Árbol de Navidad,Sapin de Noël,Albero di Natale,Yılbaşı Ağacı,1,240,1,178,0.742,OK,OK,REVIEWED,
127,T_Bas4_00,Challenge 4-1,Aufgabe 4-1,Desafío 4-1,Défi 4-1,Sfida 4-1,Görev 4-1,1,185,1,133,0.719,OK,OK,REVIEWED,
128,T_Bas4_01,Challenge 4-2,Aufgabe 4-2,Desafío 4-2,Défi 4-2,Sfida 4-2,Görev 4-2,1,185,1,133,0.719,OK,OK,REVIEWED,
129,T_Bas4_02,Challenge 4-3,Aufgabe 4-3,Desafío 4-3,Défi 4-3,Sfida 4-3,Görev 4-3,1,185,1,133,0.719,OK,OK,REVIEWED,
130,T_Bas4_03,Challenge 4-4,Aufgabe 4-4,Desafío 4-4,Défi 4-4,Sfida 4-4,Görev 4-4,1,185,1,133,0.719,OK,OK,REVIEWED,
131,T_Bas4_04,Challenge 4-5,Aufgabe 4-5,Desafío 4-5,Défi 4-5,Sfida 4-5,Görev 4-5,1,185,1,133,0.719,OK,OK,REVIEWED,
132,T_Bas4_05,Challenge 4-6,Aufgabe 4-6,Desafío 4-6,Défi 4-6,Sfida 4-6,Görev 4-6,1,185,1,133,0.719,OK,OK,REVIEWED,
133,T_Bas4_06,Challenge 4-7,Aufgabe 4-7,Desafío 4-7,Défi 4-7,Sfida 4-7,Görev 4-7,1,185,1,133,0.719,OK,OK,REVIEWED,
134,T_Bas4_07,Challenge 4-8,Aufgabe 4-8,Desafío 4-8,Défi 4-8,Sfida 4-8,Görev 4-8,1,185,1,133,0.719,OK,OK,REVIEWED,
135,T_Bas4_08,Challenge 4-9,Aufgabe 4-9,Desafío 4-9,Défi 4-9,Sfida 4-9,Görev 4-9,1,185,1,133,0.719,OK,OK,REVIEWED,
136,T_Bas4_09,Challenge 4-10,Aufgabe 4-10,Desafío 4-10,Défi 4-10,Sfida 4-10,Görev 4-10,1,201,1,149,0.741,OK,OK,REVIEWED,
137,T_Bas4_10,Challenge 4-11,Aufgabe 4-11,Desafío 4-11,Défi 4-11,Sfida 4-11,Görev 4-11,1,201,1,149,0.741,OK,OK,REVIEWED,
138,T_Bas4_11,Challenge 4-12,Aufgabe 4-12,Desafío 4-12,Défi 4-12,Sfida 4-12,Görev 4-12,1,201,1,149,0.741,OK,OK,REVIEWED,
139,T_Bas4_12,Challenge 4-13,Aufgabe 4-13,Desafío 4-13,Défi 4-13,Sfida 4-13,Görev 4-13,1,201,1,149,0.741,OK,OK,REVIEWED,
140,T_Bas4_13,Challenge 4-14,Aufgabe 4-14,Desafío 4-14,Défi 4-14,Sfida 4-14,Görev 4-14,1,201,1,149,0.741,OK,OK,REVIEWED,
141,T_Bas4_14,Challenge 4-15,Aufgabe 4-15,Desafío 4-15,Défi 4-15,Sfida 4-15,Görev 4-15,1,201,1,149,0.741,OK,OK,REVIEWED,
142,T_Bas4_15,Challenge 4-16,Aufgabe 4-16,Desafío 4-16,Défi 4-16,Sfida 4-16,Görev 4-16,1,201,1,149,0.741,OK,OK,REVIEWED,
143,T_Bas4_16,Challenge 4-17,Aufgabe 4-17,Desafío 4-17,Défi 4-17,Sfida 4-17,Görev 4-17,1,201,1,149,0.741,OK,OK,REVIEWED,
144,T_Bas4_17,Challenge 4-18,Aufgabe 4-18,Desafío 4-18,Défi 4-18,Sfida 4-18,Görev 4-18,1,201,1,149,0.741,OK,OK,REVIEWED,
145,T_Fmc1_00,Goomba,Gumba,Goomba,Goomba,Goomba,Goomba,1,108,1,108,1.000,OK,OK,REVIEWED,
146,T_Fmc1_01,Spiny,Stachi,Pinchón,Hériss,Koopistrice,Spiny,1,154,1,75,0.487,OK,OK,REVIEWED,
147,T_Fmc1_02,Lakitu,Lakitu,Lakitu,Lakitu,Lakitu,Lakitu,1,90,1,90,1.000,OK,OK,REVIEWED,
148,T_Fmc1_03,Donkey Kong Jr.,Donkey Kong Jr.,Donkey Kong Jr.,Donkey Kong Jr.,Donkey Kong Jr.,Donkey Kong Jr.,1,218,1,218,1.000,OK,OK,REVIEWED,
149,T_Fmc1_04,Koopa Troopa,Koopa,Koopa,Koopa,Koopa,Koopa Troopa,1,189,1,189,1.000,OK,OK,REVIEWED,
150,T_Fmc1_05,Link (1),Link (1),Link (1),Link (1),Link (1),Link (1),1,103,1,103,1.000,OK,OK,REVIEWED,
151,T_Fmc1_06,Cheep Cheep,Cheep-Cheep,Cheep Cheep,Cheep Cheep,Pesce Smack,Cheep Cheep,1,175,1,169,0.966,OK,OK,REVIEWED,
152,T_Fmc1_07,Bullet Bill,Kugelwilli,Bill Bala,Bill Balle,Pallottolo Bill,Bullet Bill,1,188,1,131,0.697,OK,OK,REVIEWED,
153,T_Fmc1_08,Popo,Pepe,Popo,Popo,Popo,Popo,1,67,1,67,1.000,OK,OK,REVIEWED,
154,T_Fmc1_09,Balloon Fighter,Balloon Fighter,Balloon Fighter,Balloon Fight,Balloon Fighter,Balloon Fighter,1,210,1,210,1.000,OK,OK,REVIEWED,
155,T_Fmc1_10,Buzzy Beetle,Käfer,Buzzy Beetle,Bruyinsecte,Nella,Buzzy Beetle,1,173,1,173,1.000,OK,OK,REVIEWED,
156,T_Fmc1_11,Red Excitebiker,Roter Excitebiker,Motorista rojo,Excitebike rouge,Excitebike rossa,Kırmızı Motorcu,1,240,1,216,0.900,OK,OK,REVIEWED,Son manuel Türkçe kalite taramasında doğrulandı.
157,T_Fmc1_12,Mario (2),Mario (2),Mario (2),Mario (2),Mario (2),Mario (2),1,124,1,124,1.000,OK,OK,REVIEWED,
158,T_Fmc1_13,Piranha Plant,Piranha-Pflanze,Planta Piraña,Plante Piranha,Pianta Piranha,Piranha Plant,1,228,1,192,0.842,OK,OK,REVIEWED,
159,T_Fmc1_14,Link (2),Link (2),Link (2),Link (2),Link (2),Link (2),1,103,1,103,1.000,OK,OK,REVIEWED,
160,T_Fmc1_15,Fairy,Fee,Hada,Fée,Fata,Peri,1,76,1,56,0.737,OK,OK,REVIEWED,
161,T_Fmc1_16,Aquamentus,Aquamentus,Aquamentus,Aquamentus,Aquamentus,Aquamentus,1,169,1,169,1.000,OK,OK,REVIEWED,
162,T_Fmc1_17,Mario (3),Mario (3),Mario (3),Mario (3),Mario (3),Mario (3),1,124,1,124,1.000,OK,OK,REVIEWED,
163,T_Pic3_00,Castle,Schloss,Castillo,Château,Castello,Kale,1,113,1,62,0.549,OK,OK,REVIEWED,
164,T_Pic3_01,Acoustic Guitar,Akustikgitarre,Guitarra,Guitare,Chitarra,Akustik Gitar,1,213,1,187,0.878,OK,OK,REVIEWED,
165,T_Pic3_02,Shiba,Shiba Inu,Shiba,Chien shiba,Shiba,Shiba,1,153,1,76,0.497,OK,OK,REVIEWED,
166,T_Pic3_03,Black Cat,Schwarze Katze,Gato negro,Chat noir,Gatto nero,Kara Kedi,1,218,1,136,0.624,OK,OK,REVIEWED,
167,T_Pic3_04,Lion,Löwe,León,Lion,Leone,Aslan,1,82,1,79,0.963,OK,OK,REVIEWED,
168,T_Pic3_05,Horse,Pferd,Caballo,Cheval,Cavallo,At,1,101,1,36,0.356,OK,OK,REVIEWED,
169,T_Pic3_06,Curry Dinner,Curry,Pollo al curry,Plat de curry,Riso al curry,Körili Yemek,1,181,1,171,0.945,OK,OK,REVIEWED,
170,T_Pic3_07,Ostrich,Strauß,Avestruz,Autruche,Struzzo,Devekuşu,1,128,1,128,1.000,OK,OK,REVIEWED,
171,T_Pic3_08,Palm Tree,Palme,Palmera,Palmier,Palma,Palmiye,1,135,1,108,0.800,OK,OK,REVIEWED,
172,T_Pic3_09,Gentleman,Gentleman,Caballero,Gentleman,Gentiluomo,Beyefendi,1,154,1,136,0.883,OK,OK,REVIEWED,
173,T_Pic3_10,Clown,Clown,Payaso,Clown,Pagliaccio,Palyaço,1,141,1,109,0.773,OK,OK,REVIEWED,
174,T_Pic3_11,Fire Engine,Löschfahrzeug,Bomberos,Camion de pompiers,Autopompa,İtfaiye Aracı,1,266,1,175,0.658,OK,OK,REVIEWED,
175,T_Pic3_12,Ladybird,Marienkäfer,Mariquita,Coccinelle,Coccinella,Uğur Böceği,1,174,1,159,0.914,OK,OK,REVIEWED,
176,T_Pic3_13,Rhino Beetle    ,Nashornkäfer,Escarabajo,Scarabée,Scarabeo,Boynuz Böceği,1,199,1,192,0.965,OK,OK,REVIEWED,Son manuel Türkçe kalite taramasında doğrulandı.
177,T_Pic3_14,Lemonade,Zitronenlimonade,Limonada,Limonade,Limonata,Limonata,1,242,1,130,0.537,OK,OK,REVIEWED,
178,T_Pic3_15,Chameleon,Chamäleon,Camaleón,Caméléon,Camaleonte,Bukalemun,1,160,1,148,0.925,OK,OK,REVIEWED,
179,T_Pic3_16,Tower,Turm,Torre,Tour métallique,Torre,Kule,1,212,1,60,0.283,OK,OK,REVIEWED,
180,T_Pic3_17,Space Rocket,Rakete,Cohete,Fusée,Razzo,Uzay Roketi,1,182,1,164,0.901,OK,OK,REVIEWED,
181,T_App1_00,Challenge S-1,Aufgabe S-1,Gran desafío 1,Méga-défi 1,Super sfida 1,Görev S-1,1,198,1,133,0.672,OK,OK,REVIEWED,
182,T_App1_01,Challenge S-2,Aufgabe S-2,Gran desafío 2,Méga-défi 2,Super sfida 2,Görev S-2,1,198,1,133,0.672,OK,OK,REVIEWED,
183,T_App1_02,Challenge S-3,Aufgabe S-3,Gran desafío 3,Méga-défi 3,Super sfida 3,Görev S-3,1,198,1,133,0.672,OK,OK,REVIEWED,
184,T_App1_03,Challenge S-4,Aufgabe S-4,Gran desafío 4,Méga-défi 4,Super sfida 4,Görev S-4,1,198,1,133,0.672,OK,OK,REVIEWED,
185,T_App1_04,Challenge S-5,Aufgabe S-5,Gran desafío 5,Méga-défi 5,Super sfida 5,Görev S-5,1,198,1,133,0.672,OK,OK,REVIEWED,
186,T_App1_05,Challenge S-6,Aufgabe S-6,Gran desafío 6,Méga-défi 6,Super sfida 6,Görev S-6,1,198,1,133,0.672,OK,OK,REVIEWED,
187,T_App1_06,Challenge S-7,Aufgabe S-7,Gran desafío 7,Méga-défi 7,Super sfida 7,Görev S-7,1,198,1,133,0.672,OK,OK,REVIEWED,
188,T_App1_07,Challenge S-8,Aufgabe S-8,Gran desafío 8,Méga-défi 8,Super sfida 8,Görev S-8,1,198,1,133,0.672,OK,OK,REVIEWED,
189,T_App1_08,Challenge S-9,Aufgabe S-9,Gran desafío 9,Méga-défi 9,Super sfida 9,Görev S-9,1,198,1,133,0.672,OK,OK,REVIEWED,
190,T_App1_09,Challenge S-10,Aufgabe S-10,Gran desafío 10,Méga-défi 10,Super sfida 10,Görev S-10,1,214,1,149,0.696,OK,OK,REVIEWED,
191,T_App1_10,Challenge S-11,Aufgabe S-11,Gran desafío 11,Méga-défi 11,Super sfida 11,Görev S-11,1,214,1,149,0.696,OK,OK,REVIEWED,
192,T_App1_11,Challenge S-12,Aufgabe S-12,Gran desafío 12,Méga-défi 12,Super sfida 12,Görev S-12,1,214,1,149,0.696,OK,OK,REVIEWED,
193,T_App1_12,Challenge S-13,Aufgabe S-13,Gran desafío 13,Méga-défi 13,Super sfida 13,Görev S-13,1,214,1,149,0.696,OK,OK,REVIEWED,
194,T_App1_13,Challenge S-14,Aufgabe S-14,Gran desafío 14,Méga-défi 14,Super sfida 14,Görev S-14,1,214,1,149,0.696,OK,OK,REVIEWED,
195,T_App1_14,Challenge S-15,Aufgabe S-15,Gran desafío 15,Méga-défi 15,Super sfida 15,Görev S-15,1,214,1,149,0.696,OK,OK,REVIEWED,
196,T_App1_15,Challenge S-16,Aufgabe S-16,Gran desafío 16,Méga-défi 16,Super sfida 16,Görev S-16,1,214,1,149,0.696,OK,OK,REVIEWED,
197,T_App1_16,Challenge S-17,Aufgabe S-17,Gran desafío 17,Méga-défi 17,Super sfida 17,Görev S-17,1,214,1,149,0.696,OK,OK,REVIEWED,
198,T_App1_17,Challenge S-18,Aufgabe S-18,Gran desafío 18,Méga-défi 18,Super sfida 18,Görev S-18,1,214,1,149,0.696,OK,OK,REVIEWED,
199,T_Fmc2_00,Link (3),Link (3),Link (3),Link (3),Link (3),Link (3),1,103,1,103,1.000,OK,OK,REVIEWED,
200,T_Fmc2_01,Princess Peach,Prinzessin Peach,Princesa Peach,Princesse Peach,Peach,Prenses Peach,1,228,1,194,0.851,OK,OK,REVIEWED,
201,T_Fmc2_02,Koopa Paratroopa,Parakoopa,Paratroopa,Paratroopa,Paratroopa,Koopa Paratroopa,1,253,1,253,1.000,OK,OK,REVIEWED,
202,T_Fmc2_03,Pit,Pit,Pit,Pit,Pit,Pit,1,40,1,40,1.000,OK,OK,REVIEWED,
203,T_Fmc2_04,Armos,Armos,Armos,Armos,Armos,Armos,1,86,1,86,1.000,OK,OK,REVIEWED,
204,T_Fmc2_05,Princess Zelda,Prinzessin Zelda,Princesa Zelda,Princesse Zelda,Zelda,Prenses Zelda,1,222,1,188,0.847,OK,OK,REVIEWED,
205,T_Fmc2_06,Blue Excitebiker,Blauer Excitebiker,Motorista azul,Excitebike bleue,Excitebike blu,Mavi Excitebiker,1,253,1,232,0.917,OK,OK,REVIEWED,
206,T_Fmc2_07,Stalfos,Stalfos,Stalfos,Stalfos,Stalfos,Stalfos,1,96,1,96,1.000,OK,OK,REVIEWED,
207,T_Fmc2_08,Darknut,Nimbusgarde,Ferrus,Darknut,Titanus,Darknut,1,176,1,113,0.642,OK,OK,REVIEWED,
208,T_Fmc2_09,Blooper,Blooper,Blooper,Bloups,Calamako,Blooper,1,133,1,104,0.782,OK,OK,REVIEWED,
209,T_Fmc2_10,Luigi,Luigi,Luigi,Luigi,Luigi,Luigi,1,67,1,67,1.000,OK,OK,REVIEWED,
210,T_Fmc2_11,Raccoon Mario,Waschbär-Mario,Mario Mapache,Mario Raton Laveur,Mario procione,Rakun Mario,1,273,1,174,0.637,OK,OK,REVIEWED,
211,T_Fmc2_12,Boo,Buu Huu,Boo,Boo,Boo,Boo,1,111,1,49,0.441,OK,OK,REVIEWED,
212,T_Fmc2_13,Samus Aran,Samus Aran,Samus Aran,Samus Aran,Samus Aran,Samus Aran,1,162,1,162,1.000,OK,OK,REVIEWED,
213,T_Fmc2_14,Bowser,Bowser,Bowser,Bowser,Bowser,Bowser,1,95,1,95,1.000,OK,OK,REVIEWED,
214,T_Fmc2_15,Hammer Bro,Hammer-Bruder,Hermano Martillo,Frère Marto,Martelkoopa,Hammer Bro,1,244,1,167,0.684,OK,OK,REVIEWED,
215,T_Fmc2_16,Thwomp,Steinblock,Roca Picuda,Thwomp,Twomp,Thwomp,1,165,1,109,0.661,OK,OK,REVIEWED,
216,T_Fmc2_17,Urban Champion,Urban Champion,Urban Champion,Urban Champion,Urban Champion,Urban Champion,1,221,1,221,1.000,OK,OK,REVIEWED,
217,T_Pic4_00,Ladies & Gents,Damen & Herren,Ella y Él,Homme et femme,Coppia,Kadın & Erkek,1,230,1,195,0.848,OK,OK,REVIEWED,
218,T_Pic4_01,Goldfish,Goldfisch,Pez rojo,Poisson rouge,Pesce rosso,Japon Balığı,1,184,1,167,0.908,OK,OK,REVIEWED,
219,T_Pic4_02,Ferris Wheel,Riesenrad,Noria,Grande roue,Ruota panoramica,Dönme Dolap,1,250,1,176,0.704,OK,OK,REVIEWED,
220,T_Pic4_03,Baby Penguin,Pinguinjunges,Pingüinito,Bébé manchot,Baby pinguino,Penguen,1,191,1,116,0.607,OK,OK,REVIEWED,Son manuel Türkçe kalite taramasında doğrulandı.
221,T_Pic4_04,Robot,Roboter,Robot,Robot,Robot,Robot,1,108,1,79,0.731,OK,OK,REVIEWED,
222,T_Pic4_05,Princess,Prinzessin,Princesa,Princesse,Principessa,Prenses,1,155,1,104,0.671,OK,OK,REVIEWED,
223,T_Pic4_06,Sunflower,Sonnenblume,Girasol,Tournesol,Girasole,Ayçiçeği,1,178,1,117,0.657,OK,OK,REVIEWED,
224,T_Pic4_07,Sphinx,Sphinx,Esfinge,Sphinx,Sfinge,Sfenks,1,100,1,90,0.900,OK,OK,REVIEWED,
225,T_Pic4_08,Windmill,Windmühle,Molino,Moulin à vent,Mulino,Yel Değirmeni,1,186,1,187,1.005,OK,OK,REVIEWED,
226,T_Pic4_09,Umbrella,Regenschirm,Paraguas,Parapluie,Ombrello,Şemsiye,1,170,1,107,0.629,OK,OK,REVIEWED,
227,T_Pic4_10,Mallo,Mallo,Millo,Millo,Mallo,Mallo,1,77,1,77,1.000,OK,OK,REVIEWED,
228,T_Pic4_11,Fountain,Springbrunnen,Fuente,Fontaine,Fontana,Çeşme,1,200,1,81,0.405,OK,OK,REVIEWED,
229,T_Pic4_12,Condor Geoglyph,Kondor-Geoglyph,Cóndor de Nazca,Condor nazca,Condor di Nazca,Nazca Kondoru,1,238,1,207,0.870,OK,OK,REVIEWED,
230,T_Pic4_13,Campfire,Lagerfeuer,Hoguera,Feu de camp,Falò,Kamp Ateşi,1,167,1,156,0.934,OK,OK,REVIEWED,
231,T_Pic4_14,Leaning Tower,Schiefer Turm,Torre inclinada,Tour penchée,Torre pendente,Eğik Kule,1,210,1,127,0.605,OK,OK,REVIEWED,
232,T_Pic4_15,Ninja,Ninja,Ninja,Ninja,Ninja,Ninja,1,76,1,76,1.000,OK,OK,REVIEWED,
233,T_Pic4_16,Genie,Flaschengeist,Genio,Génie,Genio,Cin,1,186,1,41,0.220,OK,OK,REVIEWED,
234,T_Pic4_17,Moai Statues,Moai-Statuen,Estatuas Moái,Statues moaï,Moai,Moai'ler,1,195,1,113,0.579,OK,OK,REVIEWED,
235,T_App2_00,Challenge B-1,Aufgabe B-1,Desafío extra 1,Défi bonus 1,Sfida extra 1,Görev B-1,1,208,1,134,0.644,OK,OK,REVIEWED,
236,T_App2_01,Challenge B-2,Aufgabe B-2,Desafío extra 2,Défi bonus 2,Sfida extra 2,Görev B-2,1,208,1,134,0.644,OK,OK,REVIEWED,
237,T_App2_02,Challenge B-3,Aufgabe B-3,Desafío extra 3,Défi bonus 3,Sfida extra 3,Görev B-3,1,208,1,134,0.644,OK,OK,REVIEWED,
238,T_App2_03,Challenge B-4,Aufgabe B-4,Desafío extra 4,Défi bonus 4,Sfida extra 4,Görev B-4,1,208,1,134,0.644,OK,OK,REVIEWED,
239,T_App2_04,Challenge B-5,Aufgabe B-5,Desafío extra 5,Défi bonus 5,Sfida extra 5,Görev B-5,1,208,1,134,0.644,OK,OK,REVIEWED,
240,T_App2_05,Challenge B-6,Aufgabe B-6,Desafío extra 6,Défi bonus 6,Sfida extra 6,Görev B-6,1,208,1,134,0.644,OK,OK,REVIEWED,
241,T_App2_06,Challenge B-7,Aufgabe B-7,Desafío extra 7,Défi bonus 7,Sfida extra 7,Görev B-7,1,208,1,134,0.644,OK,OK,REVIEWED,
242,T_App2_07,Challenge B-8,Aufgabe B-8,Desafío extra 8,Défi bonus 8,Sfida extra 8,Görev B-8,1,208,1,134,0.644,OK,OK,REVIEWED,
243,T_App2_08,Challenge B-9,Aufgabe B-9,Desafío extra 9,Défi bonus 9,Sfida extra 9,Görev B-9,1,208,1,134,0.644,OK,OK,REVIEWED,
244,T_App2_09,Challenge B-10,Aufgabe B-10,Desafío extra 10,Défi bonus 10,Sfida extra 10,Görev B-10,1,224,1,150,0.670,OK,OK,REVIEWED,
245,T_App2_10,Challenge B-11,Aufgabe B-11,Desafío extra 11,Défi bonus 11,Sfida extra 11,Görev B-11,1,224,1,150,0.670,OK,OK,REVIEWED,
246,T_App2_11,Challenge B-12,Aufgabe B-12,Desafío extra 12,Défi bonus 12,Sfida extra 12,Görev B-12,1,224,1,150,0.670,OK,OK,REVIEWED,
247,T_App2_12,Challenge B-13,Aufgabe B-13,Desafío extra 13,Défi bonus 13,Sfida extra 13,Görev B-13,1,224,1,150,0.670,OK,OK,REVIEWED,
248,T_App2_13,Challenge B-14,Aufgabe B-14,Desafío extra 14,Défi bonus 14,Sfida extra 14,Görev B-14,1,224,1,150,0.670,OK,OK,REVIEWED,
249,T_App2_14,Challenge B-15,Aufgabe B-15,Desafío extra 15,Défi bonus 15,Sfida extra 15,Görev B-15,1,224,1,150,0.670,OK,OK,REVIEWED,
250,T_App2_15,Challenge B-16,Aufgabe B-16,Desafío extra 16,Défi bonus 16,Sfida extra 16,Görev B-16,1,224,1,150,0.670,OK,OK,REVIEWED,
251,T_App2_16,Challenge B-17,Aufgabe B-17,Desafío extra 17,Défi bonus 17,Sfida extra 17,Görev B-17,1,224,1,150,0.670,OK,OK,REVIEWED,
252,T_App2_17,Challenge B-18,Aufgabe B-18,Desafío extra 18,Défi bonus 18,Sfida extra 18,Görev B-18,1,224,1,150,0.670,OK,OK,REVIEWED,
253,T_Edit_00,Mitten,Fäustling,Manopla,Moufle,Muffola,Eldiven,1,127,1,102,0.803,OK,OK,REVIEWED,
254,T_Edit_01,Camera,Kamera,Cámara,Appareil photo,Fotocamera,Kamera,1,208,1,106,0.510,OK,OK,REVIEWED,
255,T_Edit_02,Gingerbread Man,Lebkuchenmann,Galleta jengibre,Pain d'épices,Pan di zenzero,Zencefilli Adam,1,238,1,215,0.903,OK,OK,REVIEWED,
256,T_Edit_03,Strawberry Cake,Erdbeerkuchen,Tarta de fresa,Fraisier,Torta di fragole,Çilekli Pasta,1,228,1,170,0.746,OK,OK,REVIEWED,
257,T_Edit_04,Papa Blox,Meister Blox,Papa Blox,Papy Blox,Mastro Blox,Usta Blox,1,169,1,127,0.751,OK,OK,REVIEWED,
258,T_Edit_05,Cupcakes,Törtchen,Pastelitos,Pièce montée,Torta,Kapkekler,1,180,1,142,0.789,OK,OK,REVIEWED,Son manuel Türkçe kalite taramasında doğrulandı.
259,T_Edit_06,UFO,Ufo,Ovni,OVNI,UFO,UFO,1,72,1,58,0.806,OK,OK,REVIEWED,
260,T_Edit_07,Meat,Fleisch,Carne,Viande,Cosciotto,Et,1,124,1,31,0.250,OK,OK,REVIEWED,
261,T_Edit_08,Motorcycle,Motorrad,Motocicleta,Moto,Motocicletta,Motosiklet,1,176,1,146,0.830,OK,OK,REVIEWED,
262,T_Edit_09,Cup of Coffee,Tasse Kaffee,Café,Tasse de café,Tazzina di caffè,Kahve Fincanı,1,220,1,194,0.882,OK,OK,REVIEWED,Son manuel Türkçe kalite taramasında doğrulandı.
263,T_Edit_10,Earth,Erde,La Tierra,Terre,Terra,Dünya,1,127,1,86,0.677,OK,OK,REVIEWED,
264,T_Edit_11,Alarm Clock,Wecker,Despertador,Réveil,Sveglia,Çalar Saat,1,170,1,145,0.853,OK,OK,REVIEWED,
265,T_Edit_12,Teddy Bear,Teddy,Oso de peluche,Ours en peluche,Orsetto,Oyuncak Ayı,1,215,1,175,0.814,OK,OK,REVIEWED,
266,T_Edit_13,Treasure Chest,Schatztruhe,Tesoro,Coffre au trésor,Forziere,Hazine Sandığı,1,215,1,207,0.963,OK,OK,REVIEWED,
267,T_Edit_14,Alligator,Alligator,Caimán,Alligator,Alligatore,Timsah,1,142,1,94,0.662,OK,OK,REVIEWED,
268,T_Edit_15,Hamster,Hamster,Hámster,Hamster,Criceto,Hamster,1,117,1,117,1.000,OK,OK,REVIEWED,
269,T_Edit_16,Glasses,Brille,Gafas,Lunettes,Occhiali,Gözlük,1,120,1,93,0.775,OK,OK,REVIEWED,
270,T_Edit_17,Helicopter,Hubschrauber,Helicóptero,Hélicoptère,Elicottero,Helikopter,1,190,1,149,0.784,OK,OK,REVIEWED,
271,T_Edit_18,Japan,Japan,Japón,Japon,Giappone,Japonya,1,130,1,116,0.892,OK,OK,REVIEWED,
272,T_Edit_19,Beanstalk,Bohnenstange,Mata de judías,Haricot magique,Fagiolo magico,Fasulye Sırığı,1,226,1,183,0.810,OK,OK,REVIEWED,
273,T_Edit_20,Red Snapper,Red Snapper,Pargo rojo,Dorade rouge,Dentice,Kızıl Mercan,1,183,1,171,0.934,OK,OK,REVIEWED,
274,T_Edit_21,Cactus,Kaktus,Cactus,Cactus,Cactus,Kaktüs,1,95,1,95,1.000,OK,OK,REVIEWED,
275,T_Edit_22,Toucan,Tukan,Tucán,Toucan,Tucano,Tukan,1,97,1,84,0.866,OK,OK,REVIEWED,
276,T_Edit_23,Lobster,Hummer,Langosta,Homard,Aragosta,Istakoz,1,129,1,101,0.783,OK,OK,REVIEWED,
277,T_Edit_24,Parfait,Parfait,Copa de helado,Coupe de glace,Coppa gelato,Parfe,1,206,1,77,0.374,OK,OK,REVIEWED,
278,T_Edit_25,Rose,Rose,Rosa,Rose,Rosa,Gül,1,64,1,45,0.703,OK,OK,REVIEWED,
279,T_Edit_26,Angelfish,Kaiserfisch,Pez ángel,Poisson-ange,Pesce angelo,Melek Balığı,1,180,1,168,0.933,OK,OK,REVIEWED,
280,T_Edit_27,Pyramid,Pyramide,Pirámide,Pyramide,Piramide,Piramit,1,129,1,102,0.791,OK,OK,REVIEWED,
281,T_Edit_28,Mona Lisa,Mona Lisa,La Gioconda,La Joconde,Monna Lisa,Mona Lisa,1,169,1,139,0.822,OK,OK,REVIEWED,
282,T_Edit_29,Magic Lamp,Wunderlampe,Lámpara mágica,Lampe du génie,Lampada magica,Sihirli Lamba,1,231,1,180,0.779,OK,OK,REVIEWED,
283,T_How1_00,⟦TAG:0002:0001:00CD⟧Mallo⟦END:0002:0001⟧,⟦TAG:0002:0001:00CD⟧Mallo⟦END:0002:0001⟧,⟦TAG:0002:0001:00CD⟧Millo⟦END:0002:0001⟧,⟦TAG:0002:0001:00CD⟧Millo⟦END:0002:0001⟧,⟦TAG:0002:0001:00CD⟧Mallo⟦END:0002:0001⟧,⟦TAG:0002:0001:00CD⟧Mallo⟦END:0002:0001⟧,1,77,1,77,1.000,OK,OK,REVIEWED,
284,T_How1_01,⟦TAG:0002:0001:00CD⟧Papa Blox⟦END:0002:0001⟧,⟦TAG:0002:0001:00CD⟧Meister Blox⟦END:0002:0001⟧,⟦TAG:0002:0001:00CD⟧Papa Blox⟦END:0002:0001⟧,⟦TAG:0002:0001:00CD⟧Papy Blox⟦END:0002:0001⟧,⟦TAG:0002:0001:00CD⟧Mastro Blox⟦END:0002:0001⟧,⟦TAG:0002:0001:00CD⟧Usta Blox⟦END:0002:0001⟧,1,169,1,127,0.751,OK,OK,REVIEWED,
285,T_How1_02,Controls,Steuerung,Controles,Commandes,Comandi,Kontroller,1,155,1,141,0.910,OK,OK,REVIEWED,
286,T_How1_03,Rewinding Time,Zeit zurücksp.,Rebobinar,Revenir en arrière,Riavvolgere,Zamanı Geri Sarma,1,250,1,260,1.040,OK,OK,REVIEWED,
287,T_How1_04,Looking Around,Umsehen,Vista,Observer le Pullblox,Osservare il Pullblox,Etrafa Bakma,1,279,1,191,0.685,OK,OK,REVIEWED,
288,T_How1_05,⟦TAG:0002:0001:00CD⟧Skipping Pullblox⟦END:0002:0001⟧,⟦TAG:0002:0001:00CD⟧Pullblox überspringen⟦END:0002:0001⟧,⟦TAG:0002:0001:00CD⟧Pasar al siguiente⟦END:0002:0001⟧,⟦TAG:0002:0001:00CD⟧Passer un Pullblox⟦END:0002:0001⟧,⟦TAG:0002:0001:00CD⟧Saltare un Pullblox⟦END:0002:0001⟧,⟦TAG:0002:0001:00CD⟧Pullblox’u Atlama⟦END:0002:0001⟧,1,294,1,243,0.827,OK,OK,REVIEWED,Son manuel Türkçe kalite taramasında doğrulandı.
289,T_How2_00,Pulling Blocks,Rausziehen,Tirar,Tirer un bloc,Tirare un blocco,Blokları Çekme,1,217,1,201,0.926,OK,OK,REVIEWED,
290,T_How2_01,Pushing Blocks,Reinschieben,Empujar,Repousser un bloc,Spingere un blocco,Blokları İtme,1,252,1,173,0.687,OK,OK,REVIEWED,
291,T_How2_02,Side Pull ①,Seitl. Ziehen ①,Tirar de lado ①,Tirer par le côté ①,Tirare di lato ①,Yandan Çekme ①,1,251,1,229,0.912,OK,OK,REVIEWED,Son manuel Türkçe kalite taramasında doğrulandı.
292,T_How2_03,Side Pull ②,Seitl. Ziehen ②,Tirar de lado ②,Tirer par le côté ②,Tirare di lato ②,Yandan Çekme ②,1,251,1,229,0.912,OK,OK,REVIEWED,Son manuel Türkçe kalite taramasında doğrulandı.
293,T_How2_04,Side Pull ③,Seitl. Ziehen ③,Tirar de lado ③,Tirer par le côté ③,Tirare di lato ③,Yandan Çekme ③,1,251,1,229,0.912,OK,OK,REVIEWED,Son manuel Türkçe kalite taramasında doğrulandı.
294,T_How2_05,Side Push,Seitl. Schieben,Empujar de lado,Pousser par le côté,Spingere di lato,Yandan İtme,1,256,1,170,0.664,OK,OK,REVIEWED,Son manuel Türkçe kalite taramasında doğrulandı.
295,T_How3_00,Jumping Basics,Sprunggrundlagen,Saltar y subir,Sauter,Salto normale,Temel Zıplama,1,250,1,196,0.784,OK,OK,REVIEWED,
296,T_How3_01,Jumping Gaps,Lückensprünge,Saltar huecos,Sauter un fossé,Salto lungo,Boşluk Atlama,1,207,1,197,0.952,OK,OK,REVIEWED,
297,T_How3_02,Diagonal Jumps,Schräge Sprünge,Saltar en diagonal,Sauter en biais,Salto diagonale,Çapraz Zıplama,1,254,1,213,0.839,OK,OK,REVIEWED,
298,T_How4_00,Goal Flag,Zielfahne,Bandera,Drapeau d'arrivée,Bandiera d'arrivo,Hedef Bayrağı,1,249,1,198,0.795,OK,OK,REVIEWED,
299,T_How4_01,Reset Switch,Rücksetzschalter,Cuadrablox,Réinitialisateur,Interruttore reset,Sıfırlama Düğmesi,1,246,1,243,0.988,OK,OK,REVIEWED,
300,T_How4_02,Pullout Switch,Rausziehschalter,Sacablox,Extracteur,Tirablocchi,Çekme Düğmesi,1,233,1,203,0.871,OK,OK,REVIEWED,
301,T_How4_03,Manhole,Einstieg,Condublox,Puits à échelle,Botola,Geçit,1,197,1,72,0.365,OK,OK,REVIEWED,
302,T_How4_04,Inverted Manhole,Umgedr. Einstieg,Condublox invertido,Trappe à échelle,Botola capovolta,Ters Geçit,1,271,1,136,0.502,OK,OK,REVIEWED,
303,T_How5_00,Possible Jumps ①,Mögl. Sprünge ①,Salto posible ①,Sauts possibles ①,Salto possibile ①,Olası Atlayış ①,1,232,1,208,0.897,OK,OK,REVIEWED,
304,T_How5_01,Possible Jumps ②,Mögl. Sprünge ②,Salto posible ②,Sauts possibles ②,Salto possibile ②,Olası Atlayış ②,1,232,1,208,0.897,OK,OK,REVIEWED,
305,T_How5_02,Possible Jumps ③,Mögl. Sprünge ③,Salto posible ③,Sauts possibles ③,Salto possibile ③,Olası Atlayış ③,1,232,1,208,0.897,OK,OK,REVIEWED,
306,T_How5_03,Possible Jumps ④,Mögl. Sprünge ④,Salto posible ④,Sauts possibles ④,Salto possibile ④,Olası Atlayış ④,1,232,1,208,0.897,OK,OK,REVIEWED,
307,T_How5_04,Possible Jumps ⑤,Mögl. Sprünge ⑤,Salto posible ⑤,Sauts possibles ⑤,Salto possibile ⑤,Olası Atlayış ⑤,1,232,1,208,0.897,OK,OK,REVIEWED,
308,T_How5_05,Possible Jumps ⑥,Mögl. Sprünge ⑥,Salto posible ⑥,Sauts possibles ⑥,Salto possibile ⑥,Olası Atlayış ⑥,1,232,1,208,0.897,OK,OK,REVIEWED,
309,T_How6_00,Impossible Jumps ①,Unmögl. Sprünge ①,Salto imposible ①,Sauts impossibles ①,Salto impossibile ①,İmkânsız Atlayış ①,1,263,1,255,0.970,OK,OK,REVIEWED,
310,T_How6_01,Impossible Jumps ②,Unmögl. Sprünge ②,Salto imposible ②,Sauts impossibles ②,Salto impossibile ②,İmkânsız Atlayış ②,1,263,1,255,0.970,OK,OK,REVIEWED,
311,T_How6_02,Impossible Jumps ③,Unmögl. Sprünge ③,Salto imposible ③,Sauts impossibles ③,Salto impossibile ③,İmkânsız Atlayış ③,1,263,1,255,0.970,OK,OK,REVIEWED,
312,T_How6_03,Impossible Jumps ④,Unmögl. Sprünge ④,Salto imposible ④,Sauts impossibles ④,Salto impossibile ④,İmkânsız Atlayış ④,1,263,1,255,0.970,OK,OK,REVIEWED,
313,T_How6_04,Impossible Jumps ⑤,Unmögl. Sprünge ⑤,Salto imposible ⑤,Sauts impossibles ⑤,Salto impossibile ⑤,İmkânsız Atlayış ⑤,1,263,1,255,0.970,OK,OK,REVIEWED,
314,T_How6_05,Impossible Jumps ⑥,Unmögl. Sprünge ⑥,Salto imposible ⑥,Sauts impossibles ⑥,Salto impossibile ⑥,İmkânsız Atlayış ⑥,1,263,1,255,0.970,OK,OK,REVIEWED,
315,T_NoName,*** no name ***,*** namenlos ***,*** no name ***,*** pas de nom ***,*** no name ***,*** adsız ***,1,289,1,211,0.730,OK,OK,REVIEWED,
316,Info_CourseNumber,,,,,,,1,0,0,0,0.000,EMPTY,OK,EMPTY,
317,I_CourseN_00,No. ⟦TAG:0001:0000:0000040025006400⟧,Nr. ⟦TAG:0001:0000:0000040025006400⟧,N.º ⟦TAG:0001:0000:0000040025006400⟧,Nº ⟦TAG:0001:0000:0000040025006400⟧,N. ⟦TAG:0001:0000:0000040025006400⟧,No. ⟦TAG:0001:0000:0000040025006400⟧,1,52,1,52,1.000,OK,OK,REVIEWED,Değişken numara etiketi aynen korundu.
318,Info_Difficulty,,,,,,,1,0,0,0,0.000,EMPTY,OK,EMPTY,
319,I_Difficulty_00,- - - - -,- - - - -,(?),—,- - - - -,- - - - -,1,93,1,93,1.000,OK,OK,REVIEWED,Dil bağımsız zorluk simgeleri aynen korundu.
320,I_Difficulty_01,★,★,★,★,★,★,1,24,1,24,1.000,OK,OK,REVIEWED,Dil bağımsız zorluk simgeleri aynen korundu.
321,I_Difficulty_02,★ ★,★ ★,★ ★,★ ★,★ ★,★ ★,1,55,1,55,1.000,OK,OK,REVIEWED,Dil bağımsız zorluk simgeleri aynen korundu.
322,I_Difficulty_03,★ ★ ★,★ ★ ★,★ ★ ★,★ ★ ★,★ ★ ★,★ ★ ★,1,86,1,86,1.000,OK,OK,REVIEWED,Dil bağımsız zorluk simgeleri aynen korundu.
323,I_Difficulty_04,★ ★ ★ ★,★ ★ ★ ★,★ ★ ★ ★,★ ★ ★ ★,★ ★ ★ ★,★ ★ ★ ★,1,117,1,117,1.000,OK,OK,REVIEWED,Dil bağımsız zorluk simgeleri aynen korundu.
324,I_Difficulty_05,★★★★★,★★★★★,★★★★★,★★★★★,★★★★★,★★★★★,1,120,1,120,1.000,OK,OK,REVIEWED,Dil bağımsız zorluk simgeleri aynen korundu.
325,I_EditDifficulty_00,- - - - -,- - - - -,(?),—,- - - - -,- - - - -,1,93,1,93,1.000,OK,OK,REVIEWED,Dil bağımsız zorluk simgeleri aynen korundu.
326,I_EditDifficulty_01,★,★,★,★,★,★,1,24,1,24,1.000,OK,OK,REVIEWED,Dil bağımsız zorluk simgeleri aynen korundu.
327,I_EditDifficulty_02,★ ★,★ ★,★ ★,★ ★,★ ★,★ ★,1,55,1,55,1.000,OK,OK,REVIEWED,Dil bağımsız zorluk simgeleri aynen korundu.
328,I_EditDifficulty_03,★ ★ ★,★ ★ ★,★ ★ ★,★ ★ ★,★ ★ ★,★ ★ ★,1,86,1,86,1.000,OK,OK,REVIEWED,Dil bağımsız zorluk simgeleri aynen korundu.
329,I_EditDifficulty_04,★ ★ ★ ★,★ ★ ★ ★,★ ★ ★ ★,★ ★ ★ ★,★ ★ ★ ★,★ ★ ★ ★,1,117,1,117,1.000,OK,OK,REVIEWED,Dil bağımsız zorluk simgeleri aynen korundu.
330,I_EditDifficulty_05,★★★★★,★★★★★,★★★★★,★★★★★,★★★★★,★★★★★,1,120,1,120,1.000,OK,OK,REVIEWED,Dil bağımsız zorluk simgeleri aynen korundu.
331,Info_Tutorial,,,,,,,1,0,0,0,0.000,EMPTY,OK,EMPTY,
332,I_Tut1_00,⟦TAG:0000:0003:FF7417FF⟧⟦TAG:0002:0001:06CD⟧Pull out⟦END:0002:0001⟧ ⟦TAG:0000:0003:FAFFE6FF⟧one ⟦TAG:0002:0001:06CD⟧⟦TAG:0000:0003:4FBBF1FF⟧block⟦TAG:0000:0003:FAFFE6FF⟧⟦END:0002:0001⟧ to reach the ⟦TAG:0002:0001:06CD⟧⟦TAG:0000:0003:4FBBF1FF⟧goal⟦TAG:0000:0003:FAFFE6FF⟧⟦END:0002:0001⟧.,⟦TAG:0000:0003:FF7417FF⟧⟦TAG:0002:0001:06CD⟧Zieh⟦END:0002:0001⟧ ⟦TAG:0000:0003:FAFFE6FF⟧einen ⟦TAG:0002:0001:06CD⟧⟦TAG:0000:0003:4FBBF1FF⟧Block⟦TAG:0000:0003:FAFFE6FF⟧⟦END:0002:0001⟧ ⟦TAG:0000:0003:FF7417FF⟧⟦TAG:0002:0001:06CD⟧raus⟦END:0002:0001⟧⟦TAG:0000:0003:FAFFE6FF⟧ und erreich das ⟦TAG:0002:0001:06CD⟧⟦TAG:0000:0003:4FBBF1FF⟧Ziel⟦TAG:0000:0003:FAFFE6FF⟧⟦END:0002:0001⟧.,⟦TAG:0000:0003:FF7417FF⟧⟦TAG:0002:0001:06CD⟧Tira⟦END:0002:0001⟧ ⟦TAG:0000:0003:FAFFE6FF⟧de 1 ⟦TAG:0002:0001:06CD⟧⟦TAG:0000:0003:4FBBF1FF⟧bloque⟦TAG:0000:0003:FAFFE6FF⟧⟦END:0002:0001⟧ para llegar al ⟦TAG:0002:0001:06CD⟧⟦TAG:0000:0003:4FBBF1FF⟧objetivo⟦TAG:0000:0003:FAFFE6FF⟧⟦END:0002:0001⟧.,⟦TAG:0002:0001:06CD⟧⟦TAG:0000:0003:FF7417FF⟧Tirer⟦TAG:0000:0003:FAFFE6FF⟧⟦END:0002:0001⟧ un ⟦TAG:0002:0001:06CD⟧⟦TAG:0000:0003:4FBBF1FF⟧bloc⟦TAG:0000:0003:FAFFE6FF⟧⟦END:0002:0001⟧ pour atteindre l'⟦TAG:0002:0001:06CD⟧⟦TAG:0000:0003:4FBBF1FF⟧arrivée⟦TAG:0000:0003:FAFFE6FF⟧⟦END:0002:0001⟧.,⟦TAG:0000:0003:FF7417FF⟧⟦TAG:0002:0001:06CD⟧Tira⟦END:0002:0001⟧ ⟦TAG:0000:0003:FAFFE6FF⟧un ⟦TAG:0002:0001:06CD⟧⟦TAG:0000:0003:4FBBF1FF⟧blocco⟦TAG:0000:0003:FAFFE6FF⟧⟦END:0002:0001⟧ per raggiungere l'⟦TAG:0002:0001:06CD⟧⟦TAG:0000:0003:4FBBF1FF⟧arrivo⟦TAG:0000:0003:FAFFE6FF⟧⟦END:0002:0001⟧.,⟦TAG:0000:0003:FF7417FF⟧⟦TAG:0002:0001:06CD⟧Çek⟦END:0002:0001⟧ ⟦TAG:0000:0003:FAFFE6FF⟧bir ⟦TAG:0002:0001:06CD⟧⟦TAG:0000:0003:4FBBF1FF⟧bloğu⟦TAG:0000:0003:FAFFE6FF⟧⟦END:0002:0001⟧; ⟦TAG:0002:0001:06CD⟧⟦TAG:0000:0003:4FBBF1FF⟧hedefe⟦TAG:0000:0003:FAFFE6FF⟧⟦END:0002:0001⟧ ulaş.,1,569,1,354,0.622,OK,OK,REVIEWED,Elle çevrildi; EN/DE/ES/FR/IT karşılaştırıldı.
333,I_Tut1_01,⟦TAG:0000:0003:FF7417FF⟧⟦TAG:0002:0001:06CD⟧Pull out⟦END:0002:0001⟧ ⟦TAG:0000:0003:FAFFE6FF⟧two ⟦TAG:0002:0001:06CD⟧⟦TAG:0000:0003:4FBBF1FF⟧blocks⟦TAG:0000:0003:FAFFE6FF⟧⟦END:0002:0001⟧ to reach the ⟦TAG:0002:0001:06CD⟧⟦TAG:0000:0003:4FBBF1FF⟧goal⟦TAG:0000:0003:FAFFE6FF⟧⟦END:0002:0001⟧.,⟦TAG:0000:0003:FF7417FF⟧⟦TAG:0002:0001:06CD⟧Zieh⟦END:0002:0001⟧ ⟦TAG:0000:0003:FAFFE6FF⟧zwei ⟦TAG:0002:0001:06CD⟧⟦TAG:0000:0003:4FBBF1FF⟧Blöcke⟦TAG:0000:0003:FAFFE6FF⟧⟦END:0002:0001⟧ ⟦TAG:0000:0003:FF7417FF⟧⟦TAG:0002:0001:06CD⟧raus⟦END:0002:0001⟧⟦TAG:0000:0003:FAFFE6FF⟧ und erreich das ⟦TAG:0002:0001:06CD⟧⟦TAG:0000:0003:4FBBF1FF⟧Ziel⟦TAG:0000:0003:FAFFE6FF⟧⟦END:0002:0001⟧.,⟦TAG:0000:0003:FF7417FF⟧⟦TAG:0002:0001:06CD⟧Tira⟦END:0002:0001⟧ ⟦TAG:0000:0003:FAFFE6FF⟧de 2 ⟦TAG:0002:0001:06CD⟧⟦TAG:0000:0003:4FBBF1FF⟧bloques⟦TAG:0000:0003:FAFFE6FF⟧⟦END:0002:0001⟧ para llegar al ⟦TAG:0002:0001:06CD⟧⟦TAG:0000:0003:4FBBF1FF⟧objetivo⟦TAG:0000:0003:FAFFE6FF⟧⟦END:0002:0001⟧.,⟦TAG:0002:0001:06CD⟧⟦TAG:0000:0003:FF7417FF⟧Tirer⟦TAG:0000:0003:FAFFE6FF⟧⟦END:0002:0001⟧ deux ⟦TAG:0002:0001:06CD⟧⟦TAG:0000:0003:4FBBF1FF⟧blocs⟦TAG:0000:0003:FAFFE6FF⟧⟦END:0002:0001⟧ pour atteindre l'⟦TAG:0002:0001:06CD⟧⟦TAG:0000:0003:4FBBF1FF⟧arrivée⟦TAG:0000:0003:FAFFE6FF⟧⟦END:0002:0001⟧.,⟦TAG:0000:0003:FF7417FF⟧⟦TAG:0002:0001:06CD⟧Tira⟦END:0002:0001⟧ ⟦TAG:0000:0003:FAFFE6FF⟧due ⟦TAG:0002:0001:06CD⟧⟦TAG:0000:0003:4FBBF1FF⟧blocchi⟦TAG:0000:0003:FAFFE6FF⟧⟦END:0002:0001⟧ per raggiungere l'⟦TAG:0002:0001:06CD⟧⟦TAG:0000:0003:4FBBF1FF⟧arrivo⟦TAG:0000:0003:FAFFE6FF⟧⟦END:0002:0001⟧.,⟦TAG:0000:0003:FF7417FF⟧⟦TAG:0002:0001:06CD⟧Çek⟦END:0002:0001⟧ ⟦TAG:0000:0003:FAFFE6FF⟧iki ⟦TAG:0002:0001:06CD⟧⟦TAG:0000:0003:4FBBF1FF⟧bloğu⟦TAG:0000:0003:FAFFE6FF⟧⟦END:0002:0001⟧; ⟦TAG:0002:0001:06CD⟧⟦TAG:0000:0003:4FBBF1FF⟧hedefe⟦TAG:0000:0003:FAFFE6FF⟧⟦END:0002:0001⟧ ulaş.,1,571,1,351,0.615,OK,OK,REVIEWED,Elle çevrildi; EN/DE/ES/FR/IT karşılaştırıldı.
334,I_Tut1_02,⟦TAG:0000:0003:FF7417FF⟧⟦TAG:0002:0001:06CD⟧Pull out⟦END:0002:0001⟧ ⟦TAG:0000:0003:FAFFE6FF⟧three ⟦TAG:0002:0001:06CD⟧⟦TAG:0000:0003:4FBBF1FF⟧blocks⟦TAG:0000:0003:FAFFE6FF⟧⟦END:0002:0001⟧ to reach the ⟦TAG:0002:0001:06CD⟧⟦TAG:0000:0003:4FBBF1FF⟧goal⟦TAG:0000:0003:FAFFE6FF⟧⟦END:0002:0001⟧.,⟦TAG:0000:0003:FF7417FF⟧⟦TAG:0002:0001:06CD⟧Zieh⟦END:0002:0001⟧ ⟦TAG:0000:0003:FAFFE6FF⟧drei ⟦TAG:0002:0001:06CD⟧⟦TAG:0000:0003:4FBBF1FF⟧Blöcke⟦TAG:0000:0003:FAFFE6FF⟧⟦END:0002:0001⟧ ⟦TAG:0000:0003:FF7417FF⟧⟦TAG:0002:0001:06CD⟧raus⟦END:0002:0001⟧⟦TAG:0000:0003:FAFFE6FF⟧ und erreich das ⟦TAG:0002:0001:06CD⟧⟦TAG:0000:0003:4FBBF1FF⟧Ziel⟦TAG:0000:0003:FAFFE6FF⟧⟦END:0002:0001⟧.,⟦TAG:0000:0003:FF7417FF⟧⟦TAG:0002:0001:06CD⟧Tira⟦END:0002:0001⟧ ⟦TAG:0000:0003:FAFFE6FF⟧de los 3 ⟦TAG:0002:0001:06CD⟧⟦TAG:0000:0003:4FBBF1FF⟧bloques⟦TAG:0000:0003:FAFFE6FF⟧⟦END:0002:0001⟧ para llegar al ⟦TAG:0002:0001:06CD⟧⟦TAG:0000:0003:4FBBF1FF⟧objetivo⟦TAG:0000:0003:FAFFE6FF⟧⟦END:0002:0001⟧.,⟦TAG:0002:0001:06CD⟧⟦TAG:0000:0003:FF7417FF⟧Tirer⟦TAG:0000:0003:FAFFE6FF⟧⟦END:0002:0001⟧ trois ⟦TAG:0002:0001:06CD⟧⟦TAG:0000:0003:4FBBF1FF⟧blocs⟦TAG:0000:0003:FAFFE6FF⟧⟦END:0002:0001⟧ pour atteindre l'⟦TAG:0002:0001:06CD⟧⟦TAG:0000:0003:4FBBF1FF⟧arrivée⟦TAG:0000:0003:FAFFE6FF⟧⟦END:0002:0001⟧.,⟦TAG:0000:0003:FF7417FF⟧⟦TAG:0002:0001:06CD⟧Tira⟦END:0002:0001⟧ ⟦TAG:0000:0003:FAFFE6FF⟧tre ⟦TAG:0002:0001:06CD⟧⟦TAG:0000:0003:4FBBF1FF⟧blocchi⟦TAG:0000:0003:FAFFE6FF⟧⟦END:0002:0001⟧ per raggiungere l'⟦TAG:0002:0001:06CD⟧⟦TAG:0000:0003:4FBBF1FF⟧arrivo⟦TAG:0000:0003:FAFFE6FF⟧⟦END:0002:0001⟧.,⟦TAG:0000:0003:FF7417FF⟧⟦TAG:0002:0001:06CD⟧Çek⟦END:0002:0001⟧ ⟦TAG:0000:0003:FAFFE6FF⟧üç ⟦TAG:0002:0001:06CD⟧⟦TAG:0000:0003:4FBBF1FF⟧bloğu⟦TAG:0000:0003:FAFFE6FF⟧⟦END:0002:0001⟧; ⟦TAG:0002:0001:06CD⟧⟦TAG:0000:0003:4FBBF1FF⟧hedefe⟦TAG:0000:0003:FAFFE6FF⟧⟦END:0002:0001⟧ ulaş.,1,594,1,346,0.582,OK,OK,REVIEWED,Elle çevrildi; EN/DE/ES/FR/IT karşılaştırıldı.
335,I_Tut1_03,⟦TAG:0000:0003:FF7417FF⟧⟦TAG:0002:0001:06CD⟧Pull out⟦END:0002:0001⟧ ⟦TAG:0000:0003:FAFFE6FF⟧three ⟦TAG:0002:0001:06CD⟧⟦TAG:0000:0003:4FBBF1FF⟧blocks⟦TAG:0000:0003:FAFFE6FF⟧⟦END:0002:0001⟧ to reach the ⟦TAG:0002:0001:06CD⟧⟦TAG:0000:0003:4FBBF1FF⟧goal⟦TAG:0000:0003:FAFFE6FF⟧⟦END:0002:0001⟧.,⟦TAG:0000:0003:FF7417FF⟧⟦TAG:0002:0001:06CD⟧Zieh⟦END:0002:0001⟧ ⟦TAG:0000:0003:FAFFE6FF⟧drei ⟦TAG:0002:0001:06CD⟧⟦TAG:0000:0003:4FBBF1FF⟧Blöcke⟦TAG:0000:0003:FAFFE6FF⟧⟦END:0002:0001⟧ ⟦TAG:0000:0003:FF7417FF⟧⟦TAG:0002:0001:06CD⟧raus⟦END:0002:0001⟧⟦TAG:0000:0003:FAFFE6FF⟧ und erreich das ⟦TAG:0002:0001:06CD⟧⟦TAG:0000:0003:4FBBF1FF⟧Ziel⟦TAG:0000:0003:FAFFE6FF⟧⟦END:0002:0001⟧.,⟦TAG:0000:0003:FF7417FF⟧⟦TAG:0002:0001:06CD⟧Tira⟦END:0002:0001⟧ ⟦TAG:0000:0003:FAFFE6FF⟧de los 3 ⟦TAG:0002:0001:06CD⟧⟦TAG:0000:0003:4FBBF1FF⟧bloques⟦TAG:0000:0003:FAFFE6FF⟧⟦END:0002:0001⟧ para llegar al ⟦TAG:0002:0001:06CD⟧⟦TAG:0000:0003:4FBBF1FF⟧objetivo⟦TAG:0000:0003:FAFFE6FF⟧⟦END:0002:0001⟧.,⟦TAG:0002:0001:06CD⟧⟦TAG:0000:0003:FF7417FF⟧Tirer⟦TAG:0000:0003:FAFFE6FF⟧⟦END:0002:0001⟧ trois ⟦TAG:0002:0001:06CD⟧⟦TAG:0000:0003:4FBBF1FF⟧blocs⟦TAG:0000:0003:FAFFE6FF⟧⟦END:0002:0001⟧ pour atteindre l'⟦TAG:0002:0001:06CD⟧⟦TAG:0000:0003:4FBBF1FF⟧arrivée⟦TAG:0000:0003:FAFFE6FF⟧⟦END:0002:0001⟧.,⟦TAG:0000:0003:FF7417FF⟧⟦TAG:0002:0001:06CD⟧Tira⟦END:0002:0001⟧ ⟦TAG:0000:0003:FAFFE6FF⟧tre ⟦TAG:0002:0001:06CD⟧⟦TAG:0000:0003:4FBBF1FF⟧blocchi⟦TAG:0000:0003:FAFFE6FF⟧⟦END:0002:0001⟧ per raggiungere l'⟦TAG:0002:0001:06CD⟧⟦TAG:0000:0003:4FBBF1FF⟧arrivo⟦TAG:0000:0003:FAFFE6FF⟧⟦END:0002:0001⟧.,⟦TAG:0000:0003:FF7417FF⟧⟦TAG:0002:0001:06CD⟧Çek⟦END:0002:0001⟧ ⟦TAG:0000:0003:FAFFE6FF⟧üç ⟦TAG:0002:0001:06CD⟧⟦TAG:0000:0003:4FBBF1FF⟧bloğu⟦TAG:0000:0003:FAFFE6FF⟧⟦END:0002:0001⟧; ⟦TAG:0002:0001:06CD⟧⟦TAG:0000:0003:4FBBF1FF⟧hedefe⟦TAG:0000:0003:FAFFE6FF⟧⟦END:0002:0001⟧ ulaş.,1,594,1,346,0.582,OK,OK,REVIEWED,Elle çevrildi; EN/DE/ES/FR/IT karşılaştırıldı.
336,I_Tut1_04,⟦TAG:0002:0001:06CD⟧⟦TAG:0000:0003:FF7417FF⟧Pull out⟦TAG:0000:0003:FAFFE6FF⟧⟦END:0002:0001⟧ the ⟦TAG:0002:0001:06CD⟧⟦TAG:0000:0003:4FBBF1FF⟧block⟦TAG:0000:0003:FAFFE6FF⟧⟦END:0002:0001⟧ and ⟦TAG:0002:0001:06CD⟧⟦TAG:0000:0003:FF7417FF⟧jump⟦TAG:0000:0003:FAFFE6FF⟧⟦END:0002:0001⟧ over the gap.,⟦TAG:0002:0001:06CD⟧⟦TAG:0000:0003:FF7417FF⟧Zieh⟦TAG:0000:0003:FAFFE6FF⟧⟦END:0002:0001⟧ den ⟦TAG:0002:0001:06CD⟧⟦TAG:0000:0003:4FBBF1FF⟧Block⟦TAG:0000:0003:FAFFE6FF⟧⟦END:0002:0001⟧ ⟦TAG:0002:0001:06CD⟧⟦TAG:0000:0003:FF7417FF⟧raus⟦TAG:0000:0003:FAFFE6FF⟧⟦END:0002:0001⟧ und ⟦TAG:0002:0001:06CD⟧⟦TAG:0000:0003:FF7417FF⟧spring⟦TAG:0000:0003:FAFFE6FF⟧⟦END:0002:0001⟧ über die Lücke.,⟦TAG:0002:0001:06CD⟧⟦TAG:0000:0003:FF7417FF⟧Tira⟦TAG:0000:0003:FAFFE6FF⟧⟦END:0002:0001⟧ del ⟦TAG:0002:0001:06CD⟧⟦TAG:0000:0003:4FBBF1FF⟧bloque⟦TAG:0000:0003:FAFFE6FF⟧⟦END:0002:0001⟧ y ⟦TAG:0002:0001:06CD⟧⟦TAG:0000:0003:FF7417FF⟧salta⟦TAG:0000:0003:FAFFE6FF⟧⟦END:0002:0001⟧ el hueco.,"⟦TAG:0002:0001:06CD⟧⟦TAG:0000:0003:FF7417FF⟧Tirer⟦TAG:0000:0003:FAFFE6FF⟧⟦END:0002:0001⟧ le ⟦TAG:0002:0001:06CD⟧⟦TAG:0000:0003:4FBBF1FF⟧bloc⟦TAG:0000:0003:FAFFE6FF⟧⟦END:0002:0001⟧, puis ⟦TAG:0002:0001:06CD⟧⟦TAG:0000:0003:FF7417FF⟧sauter⟦TAG:0000:0003:FAFFE6FF⟧⟦END:0002:0001⟧ par-dessus le fossé.",⟦TAG:0002:0001:06CD⟧⟦TAG:0000:0003:FF7417FF⟧Tira⟦TAG:0000:0003:FAFFE6FF⟧⟦END:0002:0001⟧ il ⟦TAG:0002:0001:06CD⟧⟦TAG:0000:0003:4FBBF1FF⟧blocco⟦TAG:0000:0003:FAFFE6FF⟧⟦END:0002:0001⟧ e ⟦TAG:0002:0001:06CD⟧⟦TAG:0000:0003:FF7417FF⟧salta⟦TAG:0000:0003:FAFFE6FF⟧⟦END:0002:0001⟧ per superare il vuoto.,⟦TAG:0002:0001:06CD⟧⟦TAG:0000:0003:FF7417FF⟧Çek⟦TAG:0000:0003:FAFFE6FF⟧⟦END:0002:0001⟧ ⟦TAG:0002:0001:06CD⟧⟦TAG:0000:0003:4FBBF1FF⟧bloğu⟦TAG:0000:0003:FAFFE6FF⟧⟦END:0002:0001⟧ ve ⟦TAG:0002:0001:06CD⟧⟦TAG:0000:0003:FF7417FF⟧zıpla⟦TAG:0000:0003:FAFFE6FF⟧⟦END:0002:0001⟧; boşluğu aş.,1,622,1,405,0.651,OK,OK,REVIEWED,Elle çevrildi; EN/DE/ES/FR/IT karşılaştırıldı.
337,I_Tut1_05,⟦TAG:0002:0001:06CD⟧⟦TAG:0000:0003:FF7417FF⟧Pull out⟦TAG:0000:0003:FAFFE6FF⟧⟦END:0002:0001⟧ the ⟦TAG:0002:0001:06CD⟧⟦TAG:0000:0003:4FBBF1FF⟧block⟦TAG:0000:0003:FAFFE6FF⟧⟦END:0002:0001⟧ and ⟦TAG:0002:0001:06CD⟧⟦TAG:0000:0003:FF7417FF⟧jump⟦TAG:0000:0003:FAFFE6FF⟧⟦END:0002:0001⟧ over the gap.,⟦TAG:0002:0001:06CD⟧⟦TAG:0000:0003:FF7417FF⟧Zieh⟦TAG:0000:0003:FAFFE6FF⟧⟦END:0002:0001⟧ den ⟦TAG:0002:0001:06CD⟧⟦TAG:0000:0003:4FBBF1FF⟧Block⟦TAG:0000:0003:FAFFE6FF⟧⟦END:0002:0001⟧ ⟦TAG:0002:0001:06CD⟧⟦TAG:0000:0003:FF7417FF⟧raus⟦TAG:0000:0003:FAFFE6FF⟧⟦END:0002:0001⟧ und ⟦TAG:0002:0001:06CD⟧⟦TAG:0000:0003:FF7417FF⟧spring⟦TAG:0000:0003:FAFFE6FF⟧⟦END:0002:0001⟧ über die Lücke.,⟦TAG:0002:0001:06CD⟧⟦TAG:0000:0003:FF7417FF⟧Tira⟦TAG:0000:0003:FAFFE6FF⟧⟦END:0002:0001⟧ del ⟦TAG:0002:0001:06CD⟧⟦TAG:0000:0003:4FBBF1FF⟧bloque⟦TAG:0000:0003:FAFFE6FF⟧⟦END:0002:0001⟧ y ⟦TAG:0002:0001:06CD⟧⟦TAG:0000:0003:FF7417FF⟧salta⟦TAG:0000:0003:FAFFE6FF⟧⟦END:0002:0001⟧ el hueco.,"⟦TAG:0002:0001:06CD⟧⟦TAG:0000:0003:FF7417FF⟧Tirer⟦TAG:0000:0003:FAFFE6FF⟧⟦END:0002:0001⟧ le ⟦TAG:0002:0001:06CD⟧⟦TAG:0000:0003:4FBBF1FF⟧bloc⟦TAG:0000:0003:FAFFE6FF⟧⟦END:0002:0001⟧, puis ⟦TAG:0002:0001:06CD⟧⟦TAG:0000:0003:FF7417FF⟧sauter⟦TAG:0000:0003:FAFFE6FF⟧⟦END:0002:0001⟧ par-dessus le fossé.",⟦TAG:0002:0001:06CD⟧⟦TAG:0000:0003:FF7417FF⟧Tira⟦TAG:0000:0003:FAFFE6FF⟧⟦END:0002:0001⟧ il ⟦TAG:0002:0001:06CD⟧⟦TAG:0000:0003:4FBBF1FF⟧blocco⟦TAG:0000:0003:FAFFE6FF⟧⟦END:0002:0001⟧ e ⟦TAG:0002:0001:06CD⟧⟦TAG:0000:0003:FF7417FF⟧salta⟦TAG:0000:0003:FAFFE6FF⟧⟦END:0002:0001⟧ per superare il vuoto.,⟦TAG:0002:0001:06CD⟧⟦TAG:0000:0003:FF7417FF⟧Çek⟦TAG:0000:0003:FAFFE6FF⟧⟦END:0002:0001⟧ ⟦TAG:0002:0001:06CD⟧⟦TAG:0000:0003:4FBBF1FF⟧bloğu⟦TAG:0000:0003:FAFFE6FF⟧⟦END:0002:0001⟧ ve ⟦TAG:0002:0001:06CD⟧⟦TAG:0000:0003:FF7417FF⟧zıpla⟦TAG:0000:0003:FAFFE6FF⟧⟦END:0002:0001⟧; boşluğu aş.,1,622,1,405,0.651,OK,OK,REVIEWED,Elle çevrildi; EN/DE/ES/FR/IT karşılaştırıldı.
338,I_Tut1_06,Create a gap and ⟦TAG:0002:0001:06CD⟧⟦TAG:0000:0003:FF7417FF⟧jump⟦TAG:0000:0003:FAFFE6FF⟧⟦END:0002:0001⟧ across it.,Erschaff eine Lücke und ⟦TAG:0002:0001:06CD⟧⟦TAG:0000:0003:FF7417FF⟧überspring⟦TAG:0000:0003:FAFFE6FF⟧⟦END:0002:0001⟧ sie.,Crea un hueco y ⟦TAG:0002:0001:06CD⟧⟦TAG:0000:0003:FF7417FF⟧salta⟦TAG:0000:0003:FAFFE6FF⟧⟦END:0002:0001⟧ al otro lado.,"Créer un fossé, puis ⟦TAG:0002:0001:06CD⟧⟦TAG:0000:0003:FF7417FF⟧sauter⟦TAG:0000:0003:FAFFE6FF⟧⟦END:0002:0001⟧ par-dessus.",Crea un vuoto e ⟦TAG:0002:0001:06CD⟧⟦TAG:0000:0003:FF7417FF⟧salta⟦TAG:0000:0003:FAFFE6FF⟧⟦END:0002:0001⟧ per proseguire.,Bir boşluk aç ve üzerinden ⟦TAG:0002:0001:06CD⟧⟦TAG:0000:0003:FF7417FF⟧zıpla⟦TAG:0000:0003:FAFFE6FF⟧⟦END:0002:0001⟧.,1,529,1,436,0.824,OK,OK,REVIEWED,Elle çevrildi; EN/DE/ES/FR/IT karşılaştırıldı.
339,I_Tut1_07,Stumped? Try a ⟦TAG:0002:0001:06CD⟧⟦TAG:0000:0003:FF7417FF⟧side pull⟦TAG:0000:0003:FAFFE6FF⟧⟦END:0002:0001⟧!,Ratlos? Dann ⟦TAG:0002:0001:06CD⟧⟦TAG:0000:0003:FF7417FF⟧zieh⟦TAG:0000:0003:FAFFE6FF⟧⟦END:0002:0001⟧ einen ⟦TAG:0002:0001:06CD⟧⟦TAG:0000:0003:4FBBF1FF⟧Block⟦TAG:0000:0003:FAFFE6FF⟧⟦END:0002:0001⟧ von der Seite.,Cuando no sepas seguir... ⟦TAG:0002:0001:06CD⟧⟦TAG:0000:0003:FF7417FF⟧tira de lado⟦TAG:0000:0003:FAFFE6FF⟧⟦END:0002:0001⟧...,"Quand ça coince, ⟦TAG:0002:0001:06CD⟧⟦TAG:0000:0003:FF7417FF⟧tirer⟦TAG:0000:0003:FAFFE6FF⟧⟦END:0002:0001⟧ un ⟦TAG:0002:0001:06CD⟧⟦TAG:0000:0003:4FBBF1FF⟧bloc⟦TAG:0000:0003:FAFFE6FF⟧⟦END:0002:0001⟧ par le côté.","Se ti trovi in difficoltà, ⟦TAG:0002:0001:06CD⟧⟦TAG:0000:0003:FF7417FF⟧tira⟦TAG:0000:0003:FAFFE6FF⟧⟦END:0002:0001⟧ il ⟦TAG:0002:0001:06CD⟧⟦TAG:0000:0003:4FBBF1FF⟧blocco⟦TAG:0000:0003:FAFFE6FF⟧⟦END:0002:0001⟧ di lato.",Takıldın mı? ⟦TAG:0002:0001:06CD⟧⟦TAG:0000:0003:FF7417FF⟧Yandan çekmeyi⟦TAG:0000:0003:FAFFE6FF⟧⟦END:0002:0001⟧ dene!,1,598,1,476,0.796,OK,OK,REVIEWED,Elle çevrildi; EN/DE/ES/FR/IT karşılaştırıldı.
340,I_Tut1_08,Stumped? Try a ⟦TAG:0002:0001:06CD⟧⟦TAG:0000:0003:FF7417FF⟧side pull⟦TAG:0000:0003:FAFFE6FF⟧⟦END:0002:0001⟧!,Ratlos? Dann ⟦TAG:0002:0001:06CD⟧⟦TAG:0000:0003:FF7417FF⟧zieh⟦TAG:0000:0003:FAFFE6FF⟧⟦END:0002:0001⟧ einen ⟦TAG:0002:0001:06CD⟧⟦TAG:0000:0003:4FBBF1FF⟧Block⟦TAG:0000:0003:FAFFE6FF⟧⟦END:0002:0001⟧ von der Seite.,Cuando no sepas seguir... ⟦TAG:0002:0001:06CD⟧⟦TAG:0000:0003:FF7417FF⟧tira de lado⟦TAG:0000:0003:FAFFE6FF⟧⟦END:0002:0001⟧...,"Quand ça coince, ⟦TAG:0002:0001:06CD⟧⟦TAG:0000:0003:FF7417FF⟧tirer⟦TAG:0000:0003:FAFFE6FF⟧⟦END:0002:0001⟧ un ⟦TAG:0002:0001:06CD⟧⟦TAG:0000:0003:4FBBF1FF⟧bloc⟦TAG:0000:0003:FAFFE6FF⟧⟦END:0002:0001⟧ par le côté.","Se ti trovi in difficoltà, ⟦TAG:0002:0001:06CD⟧⟦TAG:0000:0003:FF7417FF⟧tira⟦TAG:0000:0003:FAFFE6FF⟧⟦END:0002:0001⟧ il ⟦TAG:0002:0001:06CD⟧⟦TAG:0000:0003:4FBBF1FF⟧blocco⟦TAG:0000:0003:FAFFE6FF⟧⟦END:0002:0001⟧ di lato.",Takıldın mı? ⟦TAG:0002:0001:06CD⟧⟦TAG:0000:0003:FF7417FF⟧Yandan çekmeyi⟦TAG:0000:0003:FAFFE6FF⟧⟦END:0002:0001⟧ dene!,1,598,1,476,0.796,OK,OK,REVIEWED,Elle çevrildi; EN/DE/ES/FR/IT karşılaştırıldı.
341,I_Tut1_09,Stumped? Try a ⟦TAG:0002:0001:06CD⟧⟦TAG:0000:0003:FF7417FF⟧side pull⟦TAG:0000:0003:FAFFE6FF⟧⟦END:0002:0001⟧!,Ratlos? Dann ⟦TAG:0002:0001:06CD⟧⟦TAG:0000:0003:FF7417FF⟧zieh⟦TAG:0000:0003:FAFFE6FF⟧⟦END:0002:0001⟧ einen ⟦TAG:0002:0001:06CD⟧⟦TAG:0000:0003:4FBBF1FF⟧Block⟦TAG:0000:0003:FAFFE6FF⟧⟦END:0002:0001⟧ von der Seite.,Cuando no sepas seguir... ⟦TAG:0002:0001:06CD⟧⟦TAG:0000:0003:FF7417FF⟧tira de lado⟦TAG:0000:0003:FAFFE6FF⟧⟦END:0002:0001⟧...,"Quand ça coince, ⟦TAG:0002:0001:06CD⟧⟦TAG:0000:0003:FF7417FF⟧tirer⟦TAG:0000:0003:FAFFE6FF⟧⟦END:0002:0001⟧ un ⟦TAG:0002:0001:06CD⟧⟦TAG:0000:0003:4FBBF1FF⟧bloc⟦TAG:0000:0003:FAFFE6FF⟧⟦END:0002:0001⟧ par le côté.","Se ti trovi in difficoltà, ⟦TAG:0002:0001:06CD⟧⟦TAG:0000:0003:FF7417FF⟧tira⟦TAG:0000:0003:FAFFE6FF⟧⟦END:0002:0001⟧ il ⟦TAG:0002:0001:06CD⟧⟦TAG:0000:0003:4FBBF1FF⟧blocco⟦TAG:0000:0003:FAFFE6FF⟧⟦END:0002:0001⟧ di lato.",Takıldın mı? ⟦TAG:0002:0001:06CD⟧⟦TAG:0000:0003:FF7417FF⟧Yandan çekmeyi⟦TAG:0000:0003:FAFFE6FF⟧⟦END:0002:0001⟧ dene!,1,598,1,476,0.796,OK,OK,REVIEWED,Elle çevrildi; EN/DE/ES/FR/IT karşılaştırıldı.
342,I_Tut1_10,Find a way to create some stairs.,"Baue Treppen, die dich nach oben bringen.",Forma una escalera para llegar hasta arriba.,Créer des marches pour escalader ce Pullblox.,Crea una scalinata per salire in cima al Pullblox.,Basamak oluşturmanın bir yolunu bul.,1,653,1,505,0.773,OK,OK,REVIEWED,Elle çevrildi; EN/DE/ES/FR/IT karşılaştırıldı.
343,I_Tut1_11,"Climb up, then climb down to reach the ⟦TAG:0002:0001:06CD⟧⟦TAG:0000:0003:4FBBF1FF⟧goal⟦TAG:0000:0003:FAFFE6FF⟧⟦END:0002:0001⟧.",Klettere erst nach oben und dann nach unten.,¡Primero tienes que subir y después bajar!,⟦TAG:0002:0001:06CD⟧⟦TAG:0000:0003:FF7417FF⟧Monter⟦TAG:0000:0003:FAFFE6FF⟧⟦END:0002:0001⟧ puis ⟦TAG:0002:0001:06CD⟧⟦TAG:0000:0003:FF7417FF⟧redescendre⟦TAG:0000:0003:FAFFE6FF⟧⟦END:0002:0001⟧ pour aller à l'⟦TAG:0002:0001:06CD⟧⟦TAG:0000:0003:4FBBF1FF⟧arrivée⟦TAG:0000:0003:FAFFE6FF⟧⟦END:0002:0001⟧.,⟦TAG:0002:0001:06CD⟧⟦TAG:0000:0003:FF7417FF⟧Sali⟦TAG:0000:0003:FAFFE6FF⟧⟦END:0002:0001⟧ e poi ⟦TAG:0002:0001:06CD⟧⟦TAG:0000:0003:FF7417FF⟧scendi⟦TAG:0000:0003:FAFFE6FF⟧⟦END:0002:0001⟧ per raggiungere l'⟦TAG:0002:0001:06CD⟧⟦TAG:0000:0003:4FBBF1FF⟧arrivo⟦TAG:0000:0003:FAFFE6FF⟧⟦END:0002:0001⟧.,"Yukarı çık, sonra aşağı in ve ⟦TAG:0002:0001:06CD⟧⟦TAG:0000:0003:4FBBF1FF⟧hedefe⟦TAG:0000:0003:FAFFE6FF⟧⟦END:0002:0001⟧ ulaş.",1,633,1,552,0.872,OK,OK,REVIEWED,Elle çevrildi; EN/DE/ES/FR/IT karşılaştırıldı.
344,I_Tut1_12,Find a foothold reachable with a ⟦TAG:0002:0001:06CD⟧⟦TAG:0000:0003:FF7417FF⟧diagonal jump⟦TAG:0000:0003:FAFFE6FF⟧⟦END:0002:0001⟧.,Such eine Stelle für einen ⟦TAG:0002:0001:06CD⟧⟦TAG:0000:0003:FF7417FF⟧schrägen Sprung⟦TAG:0000:0003:FAFFE6FF⟧⟦END:0002:0001⟧.,Busca un sitio al que puedas ⟦TAG:0002:0001:06CD⟧⟦TAG:0000:0003:FF7417FF⟧saltar en diagonal⟦TAG:0000:0003:FAFFE6FF⟧⟦END:0002:0001⟧.,Créer un appui atteignable par un ⟦TAG:0002:0001:06CD⟧⟦TAG:0000:0003:FF7417FF⟧saut en biais⟦TAG:0000:0003:FAFFE6FF⟧⟦END:0002:0001⟧.,⟦TAG:0002:0001:06CD⟧⟦TAG:0000:0003:FF7417FF⟧Salta in diagonale⟦TAG:0000:0003:FAFFE6FF⟧⟦END:0002:0001⟧ per raggiungere l'appoggio.,⟦TAG:0002:0001:06CD⟧⟦TAG:0000:0003:FF7417FF⟧Çapraz zıplayarak⟦TAG:0000:0003:FAFFE6FF⟧⟦END:0002:0001⟧ ulaşabileceğin bir basamak bul.,1,652,1,684,1.049,OK,OK,REVIEWED,Elle çevrildi; EN/DE/ES/FR/IT karşılaştırıldı.
345,I_Tut1_13,Slide ⟦TAG:0002:0001:06CD⟧⟦TAG:0000:0003:4FBBF1FF⟧blocks⟦TAG:0000:0003:FAFFE6FF⟧⟦END:0002:0001⟧ ⟦TAG:0002:0001:06CD⟧⟦TAG:0000:0003:FF7417FF⟧in and out⟦TAG:0000:0003:FAFFE6FF⟧⟦END:0002:0001⟧ repeatedly to climb up.,"Schieb ⟦TAG:0002:0001:06CD⟧⟦TAG:0000:0003:4FBBF1FF⟧Blöcke⟦TAG:0000:0003:FAFFE6FF⟧⟦END:0002:0001⟧ ⟦TAG:0002:0001:06CD⟧⟦TAG:0000:0003:FF7417FF⟧rein und raus⟦TAG:0000:0003:FAFFE6FF⟧⟦END:0002:0001⟧, um hochzuklettern.","Para llegar arriba, tendrás que⟦TAG:0000:0003:FF7417FF⟧ ⟦TAG:0002:0001:06CD⟧⟦TAG:0000:0003:FF7417FF⟧tirar⟦TAG:0000:0003:FF7417FF⟧⟦END:0002:0001⟧ ⟦TAG:0000:0003:FAFFE6FF⟧y ⟦TAG:0000:0003:FF7417FF⟧⟦TAG:0002:0001:06CD⟧⟦TAG:0000:0003:FF7417FF⟧empujar⟦TAG:0000:0003:FF7417FF⟧⟦END:0002:0001⟧⟦TAG:0000:0003:FAFFE6FF⟧.",⟦TAG:0002:0001:06CD⟧⟦TAG:0000:0003:FF7417FF⟧Tirer⟦TAG:0000:0003:FAFFE6FF⟧⟦END:0002:0001⟧ et ⟦TAG:0002:0001:06CD⟧⟦TAG:0000:0003:FF7417FF⟧repousser⟦TAG:0000:0003:FAFFE6FF⟧⟦END:0002:0001⟧ un même ⟦TAG:0002:0001:06CD⟧⟦TAG:0000:0003:4FBBF1FF⟧bloc⟦TAG:0000:0003:FAFFE6FF⟧⟦END:0002:0001⟧ plusieurs fois.,"Per salire, ⟦TAG:0002:0001:06CD⟧⟦TAG:0000:0003:FF7417FF⟧tira⟦TAG:0000:0003:FAFFE6FF⟧⟦END:0002:0001⟧ e ⟦TAG:0002:0001:06CD⟧⟦TAG:0000:0003:FF7417FF⟧spingi⟦TAG:0000:0003:FAFFE6FF⟧⟦END:0002:0001⟧ i ⟦TAG:0002:0001:06CD⟧⟦TAG:0000:0003:4FBBF1FF⟧blocchi⟦TAG:0000:0003:FAFFE6FF⟧⟦END:0002:0001⟧ più volte.",⟦TAG:0002:0001:06CD⟧⟦TAG:0000:0003:4FBBF1FF⟧Blokları⟦TAG:0000:0003:FAFFE6FF⟧⟦END:0002:0001⟧ ⟦TAG:0002:0001:06CD⟧⟦TAG:0000:0003:FF7417FF⟧içeri-dışarı⟦TAG:0000:0003:FAFFE6FF⟧⟦END:0002:0001⟧ kaydır; yukarı çık.,1,649,1,525,0.809,OK,OK,REVIEWED,Elle çevrildi; EN/DE/ES/FR/IT karşılaştırıldı.
346,I_Tut1_14,Climb up by ⟦TAG:0002:0001:06CD⟧⟦TAG:0000:0003:FF7417FF⟧pushing in⟦TAG:0000:0003:FAFFE6FF⟧⟦END:0002:0001⟧ a ⟦TAG:0002:0001:06CD⟧⟦TAG:0000:0003:4FBBF1FF⟧block⟦TAG:0000:0003:FAFFE6FF⟧⟦END:0002:0001⟧ you ⟦TAG:0002:0001:06CD⟧⟦TAG:0000:0003:FF7417FF⟧pulled out⟦TAG:0000:0003:FAFFE6FF⟧⟦END:0002:0001⟧.,⟦TAG:0002:0001:06CD⟧⟦TAG:0000:0003:FF7417FF⟧Schieb⟦TAG:0000:0003:FAFFE6FF⟧⟦END:0002:0001⟧ einen ⟦TAG:0002:0001:06CD⟧⟦TAG:0000:0003:FF7417FF⟧rausgezogenen⟦TAG:0000:0003:FAFFE6FF⟧⟦END:0002:0001⟧ ⟦TAG:0002:0001:06CD⟧⟦TAG:0000:0003:4FBBF1FF⟧Block⟦TAG:0000:0003:FAFFE6FF⟧⟦END:0002:0001⟧⟦TAG:0002:0001:06CD⟧ wieder ⟦TAG:0000:0003:FF7417FF⟧rein⟦TAG:0000:0003:FAFFE6FF⟧⟦END:0002:0001⟧.,⟦TAG:0002:0001:06CD⟧⟦TAG:0000:0003:FF7417FF⟧Tira⟦TAG:0000:0003:FAFFE6FF⟧⟦END:0002:0001⟧ y después ⟦TAG:0002:0001:06CD⟧⟦TAG:0000:0003:FF7417FF⟧empuja⟦TAG:0000:0003:FAFFE6FF⟧⟦END:0002:0001⟧ para poder subir.,Grimper en ⟦TAG:0002:0001:06CD⟧⟦TAG:0000:0003:FF7417FF⟧poussant⟦TAG:0000:0003:FAFFE6FF⟧⟦END:0002:0001⟧ un ⟦TAG:0002:0001:06CD⟧⟦TAG:0000:0003:4FBBF1FF⟧bloc⟦TAG:0000:0003:FAFFE6FF⟧⟦END:0002:0001⟧ après l'avoir ⟦TAG:0002:0001:06CD⟧⟦TAG:0000:0003:FF7417FF⟧tiré⟦TAG:0000:0003:FAFFE6FF⟧⟦END:0002:0001⟧.,Sali ⟦TAG:0002:0001:06CD⟧⟦TAG:0000:0003:FF7417FF⟧spingendo⟦TAG:0000:0003:FAFFE6FF⟧⟦END:0002:0001⟧ il ⟦TAG:0002:0001:06CD⟧⟦TAG:0000:0003:4FBBF1FF⟧blocco⟦TAG:0000:0003:FAFFE6FF⟧⟦END:0002:0001⟧ dopo ⟦TAG:0002:0001:06CD⟧⟦TAG:0000:0003:FF7417FF⟧averlo tirato⟦TAG:0000:0003:FAFFE6FF⟧⟦END:0002:0001⟧.,Çıkmak için ⟦TAG:0002:0001:06CD⟧⟦TAG:0000:0003:FF7417FF⟧içeri it⟦TAG:0000:0003:FAFFE6FF⟧⟦END:0002:0001⟧ bir ⟦TAG:0002:0001:06CD⟧⟦TAG:0000:0003:4FBBF1FF⟧bloğu⟦TAG:0000:0003:FAFFE6FF⟧⟦END:0002:0001⟧; önce ⟦TAG:0002:0001:06CD⟧⟦TAG:0000:0003:FF7417FF⟧dışarı çek⟦TAG:0000:0003:FAFFE6FF⟧⟦END:0002:0001⟧.,1,630,1,603,0.957,OK,OK,REVIEWED,DE/FR/IT anlamı da dikkate alınarak doğal Türkçe kuruldu; vurgu kodlarının sırası kaynakla aynı.
347,I_Tut1_15,Climb up by ⟦TAG:0002:0001:06CD⟧⟦TAG:0000:0003:FF7417FF⟧pushing in⟦TAG:0000:0003:FAFFE6FF⟧⟦END:0002:0001⟧ a ⟦TAG:0002:0001:06CD⟧⟦TAG:0000:0003:4FBBF1FF⟧block⟦TAG:0000:0003:FAFFE6FF⟧⟦END:0002:0001⟧ you ⟦TAG:0002:0001:06CD⟧⟦TAG:0000:0003:FF7417FF⟧pulled out⟦TAG:0000:0003:FAFFE6FF⟧⟦END:0002:0001⟧.,⟦TAG:0002:0001:06CD⟧⟦TAG:0000:0003:FF7417FF⟧Schieb⟦TAG:0000:0003:FAFFE6FF⟧⟦END:0002:0001⟧ einen ⟦TAG:0002:0001:06CD⟧⟦TAG:0000:0003:FF7417FF⟧rausgezogenen⟦TAG:0000:0003:FAFFE6FF⟧⟦END:0002:0001⟧ ⟦TAG:0002:0001:06CD⟧⟦TAG:0000:0003:4FBBF1FF⟧Block⟦TAG:0000:0003:FAFFE6FF⟧⟦END:0002:0001⟧⟦TAG:0002:0001:06CD⟧ wieder ⟦TAG:0000:0003:FF7417FF⟧rein⟦TAG:0000:0003:FAFFE6FF⟧⟦END:0002:0001⟧.,⟦TAG:0002:0001:06CD⟧⟦TAG:0000:0003:FF7417FF⟧Tira⟦TAG:0000:0003:FAFFE6FF⟧⟦END:0002:0001⟧ y después ⟦TAG:0002:0001:06CD⟧⟦TAG:0000:0003:FF7417FF⟧empuja⟦TAG:0000:0003:FAFFE6FF⟧⟦END:0002:0001⟧ para poder subir.,Grimper en ⟦TAG:0002:0001:06CD⟧⟦TAG:0000:0003:FF7417FF⟧poussant⟦TAG:0000:0003:FAFFE6FF⟧⟦END:0002:0001⟧ un ⟦TAG:0002:0001:06CD⟧⟦TAG:0000:0003:4FBBF1FF⟧bloc⟦TAG:0000:0003:FAFFE6FF⟧⟦END:0002:0001⟧ après l'avoir ⟦TAG:0002:0001:06CD⟧⟦TAG:0000:0003:FF7417FF⟧tiré⟦TAG:0000:0003:FAFFE6FF⟧⟦END:0002:0001⟧.,Sali ⟦TAG:0002:0001:06CD⟧⟦TAG:0000:0003:FF7417FF⟧spingendo⟦TAG:0000:0003:FAFFE6FF⟧⟦END:0002:0001⟧ il ⟦TAG:0002:0001:06CD⟧⟦TAG:0000:0003:4FBBF1FF⟧blocco⟦TAG:0000:0003:FAFFE6FF⟧⟦END:0002:0001⟧ dopo ⟦TAG:0002:0001:06CD⟧⟦TAG:0000:0003:FF7417FF⟧averlo tirato⟦TAG:0000:0003:FAFFE6FF⟧⟦END:0002:0001⟧.,Çıkmak için ⟦TAG:0002:0001:06CD⟧⟦TAG:0000:0003:FF7417FF⟧içeri it⟦TAG:0000:0003:FAFFE6FF⟧⟦END:0002:0001⟧ bir ⟦TAG:0002:0001:06CD⟧⟦TAG:0000:0003:4FBBF1FF⟧bloğu⟦TAG:0000:0003:FAFFE6FF⟧⟦END:0002:0001⟧; önce ⟦TAG:0002:0001:06CD⟧⟦TAG:0000:0003:FF7417FF⟧dışarı çek⟦TAG:0000:0003:FAFFE6FF⟧⟦END:0002:0001⟧.,1,630,1,603,0.957,OK,OK,REVIEWED,DE/FR/IT anlamı da dikkate alınarak doğal Türkçe kuruldu; vurgu kodlarının sırası kaynakla aynı.
348,I_Tut1_16,"To climb up, ⟦TAG:0002:0001:06CD⟧⟦TAG:0000:0003:FF7417FF⟧pull out⟦TAG:0000:0003:FAFFE6FF⟧⟦END:0002:0001⟧ the ⟦TAG:0002:0001:06CD⟧⟦TAG:0000:0003:4FBBF1FF⟧blocks⟦TAG:0000:0003:FAFFE6FF⟧⟦END:0002:0001⟧ on both ends.",⟦TAG:0002:0001:06CD⟧⟦TAG:0000:0003:FF7417FF⟧Zieh⟦TAG:0000:0003:FAFFE6FF⟧⟦END:0002:0001⟧ die ⟦TAG:0002:0001:06CD⟧⟦TAG:0000:0003:4FBBF1FF⟧Blöcke⟦TAG:0000:0003:FAFFE6FF⟧⟦END:0002:0001⟧ auf beiden Seiten ⟦TAG:0002:0001:06CD⟧⟦TAG:0000:0003:FF7417FF⟧raus⟦TAG:0000:0003:FAFFE6FF⟧⟦END:0002:0001⟧.,"Para llegar arriba, ⟦TAG:0002:0001:06CD⟧⟦TAG:0000:0003:FF7417FF⟧tira⟦TAG:0000:0003:FAFFE6FF⟧⟦END:0002:0001⟧ de los ⟦TAG:0002:0001:06CD⟧⟦TAG:0000:0003:4FBBF1FF⟧bloques⟦TAG:0000:0003:FAFFE6FF⟧⟦END:0002:0001⟧ laterales.","Pour grimper, ⟦TAG:0002:0001:06CD⟧⟦TAG:0000:0003:FF7417FF⟧tirer⟦TAG:0000:0003:FAFFE6FF⟧⟦END:0002:0001⟧ les deux ⟦TAG:0002:0001:06CD⟧⟦TAG:0000:0003:4FBBF1FF⟧blocs⟦TAG:0000:0003:FAFFE6FF⟧⟦END:0002:0001⟧ des côtés.","Per salire, ⟦TAG:0002:0001:06CD⟧⟦TAG:0000:0003:FF7417FF⟧tira⟦TAG:0000:0003:FAFFE6FF⟧⟦END:0002:0001⟧ i ⟦TAG:0002:0001:06CD⟧⟦TAG:0000:0003:4FBBF1FF⟧blocchi⟦TAG:0000:0003:FAFFE6FF⟧⟦END:0002:0001⟧ alle due estremità.",Yukarı çıkmak için ⟦TAG:0002:0001:06CD⟧⟦TAG:0000:0003:FF7417FF⟧çek⟦TAG:0000:0003:FAFFE6FF⟧⟦END:0002:0001⟧ iki uçtaki ⟦TAG:0002:0001:06CD⟧⟦TAG:0000:0003:4FBBF1FF⟧blokları⟦TAG:0000:0003:FAFFE6FF⟧⟦END:0002:0001⟧.,1,648,1,563,0.869,OK,OK,REVIEWED,Elle çevrildi; EN/DE/ES/FR/IT karşılaştırıldı.
349,I_Tut1_17,Go ⟦TAG:0002:0001:06CD⟧⟦TAG:0000:0003:FF7417FF⟧up and down⟦TAG:0000:0003:FAFFE6FF⟧⟦END:0002:0001⟧ several times to climb this one.,Klettere hier mehrmals ⟦TAG:0002:0001:06CD⟧⟦TAG:0000:0003:FF7417FF⟧hoch und runter⟦TAG:0000:0003:FAFFE6FF⟧⟦END:0002:0001⟧.,¡Aquí hay que ⟦TAG:0002:0001:06CD⟧⟦TAG:0000:0003:FF7417FF⟧subir⟦TAG:0000:0003:FAFFE6FF⟧⟦END:0002:0001⟧ y ⟦TAG:0002:0001:06CD⟧⟦TAG:0000:0003:FF7417FF⟧bajar⟦TAG:0000:0003:FAFFE6FF⟧⟦END:0002:0001⟧ varias veces!,⟦TAG:0002:0001:06CD⟧⟦TAG:0000:0003:FF7417FF⟧Monter⟦TAG:0000:0003:FAFFE6FF⟧⟦END:0002:0001⟧ et ⟦TAG:0002:0001:06CD⟧⟦TAG:0000:0003:FF7417FF⟧descendre⟦TAG:0000:0003:FAFFE6FF⟧⟦END:0002:0001⟧ plusieurs fois pour grimper.,⟦TAG:0002:0001:06CD⟧⟦TAG:0000:0003:FF7417FF⟧Sali⟦TAG:0000:0003:FAFFE6FF⟧⟦END:0002:0001⟧ e ⟦TAG:0002:0001:06CD⟧⟦TAG:0000:0003:FF7417FF⟧scendi⟦TAG:0000:0003:FAFFE6FF⟧⟦END:0002:0001⟧ più volte per arrivare in cima.,Tırmanmak için birkaç kez ⟦TAG:0002:0001:06CD⟧⟦TAG:0000:0003:FF7417FF⟧çıkıp in⟦TAG:0000:0003:FAFFE6FF⟧⟦END:0002:0001⟧.,1,654,1,471,0.720,OK,OK,REVIEWED,Elle çevrildi; EN/DE/ES/FR/IT karşılaştırıldı.
350,I_Gim1_00,Use the ⟦TAG:0002:0001:06CD⟧⟦TAG:0000:0003:4FBBF1FF⟧pullout switch⟦TAG:0000:0003:FAFFE6FF⟧⟦END:0002:0001⟧ to reach the ⟦TAG:0002:0001:06CD⟧⟦TAG:0000:0003:4FBBF1FF⟧goal⟦TAG:0000:0003:FAFFE6FF⟧⟦END:0002:0001⟧.,Der ⟦TAG:0002:0001:06CD⟧⟦TAG:0000:0003:4FBBF1FF⟧Rausziehschalter⟦TAG:0000:0003:FAFFE6FF⟧⟦END:0002:0001⟧ ebnet den Weg zum ⟦TAG:0002:0001:06CD⟧⟦TAG:0000:0003:4FBBF1FF⟧Ziel⟦TAG:0000:0003:FAFFE6FF⟧⟦END:0002:0001⟧.,Usa el ⟦TAG:0002:0001:06CD⟧⟦TAG:0000:0003:4FBBF1FF⟧Sacablox⟦TAG:0000:0003:FAFFE6FF⟧⟦END:0002:0001⟧ para llegar al ⟦TAG:0002:0001:06CD⟧⟦TAG:0000:0003:4FBBF1FF⟧objetivo⟦TAG:0000:0003:FAFFE6FF⟧⟦END:0002:0001⟧.,Utiliser l'⟦TAG:0002:0001:06CD⟧⟦TAG:0000:0003:4FBBF1FF⟧extracteur⟦TAG:0000:0003:FAFFE6FF⟧⟦END:0002:0001⟧ pour aller à l'⟦TAG:0002:0001:06CD⟧⟦TAG:0000:0003:4FBBF1FF⟧arrivée⟦TAG:0000:0003:FAFFE6FF⟧⟦END:0002:0001⟧.,Usa il ⟦TAG:0002:0001:06CD⟧⟦TAG:0000:0003:4FBBF1FF⟧tirablocchi⟦TAG:0000:0003:FAFFE6FF⟧⟦END:0002:0001⟧ per raggiungere l'⟦TAG:0002:0001:06CD⟧⟦TAG:0000:0003:4FBBF1FF⟧arrivo⟦TAG:0000:0003:FAFFE6FF⟧⟦END:0002:0001⟧.,⟦TAG:0002:0001:06CD⟧⟦TAG:0000:0003:4FBBF1FF⟧Çekme düğmesini⟦TAG:0000:0003:FAFFE6FF⟧⟦END:0002:0001⟧ kullanıp ⟦TAG:0002:0001:06CD⟧⟦TAG:0000:0003:4FBBF1FF⟧hedefe⟦TAG:0000:0003:FAFFE6FF⟧⟦END:0002:0001⟧ ulaş.,1,622,1,517,0.831,OK,OK,REVIEWED,Elle çevrildi; EN/DE/ES/FR/IT karşılaştırıldı.
351,I_Gim1_03,Use two ⟦TAG:0002:0001:06CD⟧⟦TAG:0000:0003:4FBBF1FF⟧pullout switches⟦TAG:0000:0003:FAFFE6FF⟧⟦END:0002:0001⟧ to reach the ⟦TAG:0002:0001:06CD⟧⟦TAG:0000:0003:4FBBF1FF⟧goal⟦TAG:0000:0003:FAFFE6FF⟧⟦END:0002:0001⟧.,Zwei ⟦TAG:0002:0001:06CD⟧⟦TAG:0000:0003:4FBBF1FF⟧Rausziehschalter⟦TAG:0000:0003:FAFFE6FF⟧⟦END:0002:0001⟧ ebnen den Weg zum ⟦TAG:0002:0001:06CD⟧⟦TAG:0000:0003:4FBBF1FF⟧Ziel⟦TAG:0000:0003:FAFFE6FF⟧⟦END:0002:0001⟧.,Usa los ⟦TAG:0002:0001:06CD⟧⟦TAG:0000:0003:4FBBF1FF⟧Sacablox⟦TAG:0000:0003:FAFFE6FF⟧⟦END:0002:0001⟧ para llegar al ⟦TAG:0002:0001:06CD⟧⟦TAG:0000:0003:4FBBF1FF⟧objetivo⟦TAG:0000:0003:FAFFE6FF⟧⟦END:0002:0001⟧.,Utiliser les ⟦TAG:0002:0001:06CD⟧⟦TAG:0000:0003:4FBBF1FF⟧extracteurs⟦TAG:0000:0003:FAFFE6FF⟧⟦END:0002:0001⟧ pour aller à l'⟦TAG:0002:0001:06CD⟧⟦TAG:0000:0003:4FBBF1FF⟧arrivée⟦TAG:0000:0003:FAFFE6FF⟧⟦END:0002:0001⟧.,Usa i ⟦TAG:0002:0001:06CD⟧⟦TAG:0000:0003:4FBBF1FF⟧tirablocchi⟦TAG:0000:0003:FAFFE6FF⟧⟦END:0002:0001⟧ per raggiungere l'⟦TAG:0002:0001:06CD⟧⟦TAG:0000:0003:4FBBF1FF⟧arrivo⟦TAG:0000:0003:FAFFE6FF⟧⟦END:0002:0001⟧.,İki ⟦TAG:0002:0001:06CD⟧⟦TAG:0000:0003:4FBBF1FF⟧çekme düğmesini⟦TAG:0000:0003:FAFFE6FF⟧⟦END:0002:0001⟧ kullanıp ⟦TAG:0002:0001:06CD⟧⟦TAG:0000:0003:4FBBF1FF⟧hedefe⟦TAG:0000:0003:FAFFE6FF⟧⟦END:0002:0001⟧ ulaş.,1,641,1,556,0.867,OK,OK,REVIEWED,Elle çevrildi; EN/DE/ES/FR/IT karşılaştırıldı.
352,I_Gim1_05,Use the ⟦TAG:0002:0001:06CD⟧⟦TAG:0000:0003:4FBBF1FF⟧manholes⟦TAG:0000:0003:FAFFE6FF⟧⟦END:0002:0001⟧ to reach the ⟦TAG:0002:0001:06CD⟧⟦TAG:0000:0003:4FBBF1FF⟧goal⟦TAG:0000:0003:FAFFE6FF⟧⟦END:0002:0001⟧.,Über die ⟦TAG:0002:0001:06CD⟧⟦TAG:0000:0003:4FBBF1FF⟧Einstiege⟦TAG:0000:0003:FAFFE6FF⟧⟦END:0002:0001⟧ kommst du zum ⟦TAG:0002:0001:06CD⟧⟦TAG:0000:0003:4FBBF1FF⟧Ziel⟦TAG:0000:0003:FAFFE6FF⟧⟦END:0002:0001⟧.,Usa el ⟦TAG:0002:0001:06CD⟧⟦TAG:0000:0003:4FBBF1FF⟧Condublox⟦TAG:0000:0003:FAFFE6FF⟧⟦END:0002:0001⟧ para llegar al ⟦TAG:0002:0001:06CD⟧⟦TAG:0000:0003:4FBBF1FF⟧objetivo⟦TAG:0000:0003:FAFFE6FF⟧⟦END:0002:0001⟧.,Utiliser le ⟦TAG:0002:0001:06CD⟧⟦TAG:0000:0003:4FBBF1FF⟧puits à échelle⟦TAG:0000:0003:FAFFE6FF⟧⟦END:0002:0001⟧ pour aller à l'⟦TAG:0002:0001:06CD⟧⟦TAG:0000:0003:4FBBF1FF⟧arrivée⟦TAG:0000:0003:FAFFE6FF⟧⟦END:0002:0001⟧.,Usa la ⟦TAG:0002:0001:06CD⟧⟦TAG:0000:0003:4FBBF1FF⟧botola⟦TAG:0000:0003:FAFFE6FF⟧⟦END:0002:0001⟧ per raggiungere l'⟦TAG:0002:0001:06CD⟧⟦TAG:0000:0003:4FBBF1FF⟧arrivo⟦TAG:0000:0003:FAFFE6FF⟧⟦END:0002:0001⟧.,⟦TAG:0002:0001:06CD⟧⟦TAG:0000:0003:4FBBF1FF⟧Geçitleri⟦TAG:0000:0003:FAFFE6FF⟧⟦END:0002:0001⟧ kullanıp ⟦TAG:0002:0001:06CD⟧⟦TAG:0000:0003:4FBBF1FF⟧hedefe⟦TAG:0000:0003:FAFFE6FF⟧⟦END:0002:0001⟧ ulaş.,1,633,1,409,0.646,OK,OK,REVIEWED,Elle çevrildi; EN/DE/ES/FR/IT karşılaştırıldı.
353,I_Gim1_08,Use the ⟦TAG:0002:0001:06CD⟧⟦TAG:0000:0003:4FBBF1FF⟧inverted manhole⟦TAG:0000:0003:FAFFE6FF⟧⟦END:0002:0001⟧ to reach the ⟦TAG:0002:0001:06CD⟧⟦TAG:0000:0003:4FBBF1FF⟧goal⟦TAG:0000:0003:FAFFE6FF⟧⟦END:0002:0001⟧.,Der ⟦TAG:0002:0001:06CD⟧⟦TAG:0000:0003:4FBBF1FF⟧umgedrehte Einstieg⟦TAG:0000:0003:FAFFE6FF⟧⟦END:0002:0001⟧ bringt dich zum ⟦TAG:0002:0001:06CD⟧⟦TAG:0000:0003:4FBBF1FF⟧Ziel⟦TAG:0000:0003:FAFFE6FF⟧⟦END:0002:0001⟧.,Llega al ⟦TAG:0002:0001:06CD⟧⟦TAG:0000:0003:4FBBF1FF⟧objetivo⟦TAG:0000:0003:FAFFE6FF⟧⟦END:0002:0001⟧ con el ⟦TAG:0002:0001:06CD⟧⟦TAG:0000:0003:4FBBF1FF⟧Condublox invertido⟦TAG:0000:0003:FAFFE6FF⟧⟦END:0002:0001⟧.,Utiliser la ⟦TAG:0002:0001:06CD⟧⟦TAG:0000:0003:4FBBF1FF⟧trappe à échelle⟦TAG:0000:0003:FAFFE6FF⟧⟦END:0002:0001⟧ pour aller à l'⟦TAG:0002:0001:06CD⟧⟦TAG:0000:0003:4FBBF1FF⟧arrivée⟦TAG:0000:0003:FAFFE6FF⟧⟦END:0002:0001⟧.,Usa la ⟦TAG:0002:0001:06CD⟧⟦TAG:0000:0003:4FBBF1FF⟧botola capovolta⟦TAG:0000:0003:FAFFE6FF⟧⟦END:0002:0001⟧ e dirigiti all'⟦TAG:0002:0001:06CD⟧⟦TAG:0000:0003:4FBBF1FF⟧arrivo⟦TAG:0000:0003:FAFFE6FF⟧⟦END:0002:0001⟧.,⟦TAG:0002:0001:06CD⟧⟦TAG:0000:0003:4FBBF1FF⟧Ters geçidi⟦TAG:0000:0003:FAFFE6FF⟧⟦END:0002:0001⟧ kullanıp ⟦TAG:0002:0001:06CD⟧⟦TAG:0000:0003:4FBBF1FF⟧hedefe⟦TAG:0000:0003:FAFFE6FF⟧⟦END:0002:0001⟧ ulaş.,1,662,1,435,0.657,OK,OK,REVIEWED,Elle çevrildi; EN/DE/ES/FR/IT karşılaştırıldı.
354,I_Gim1_09,Use the ⟦TAG:0002:0001:06CD⟧⟦TAG:0000:0003:4FBBF1FF⟧inverted manhole⟦TAG:0000:0003:FAFFE6FF⟧⟦END:0002:0001⟧ to reach the ⟦TAG:0002:0001:06CD⟧⟦TAG:0000:0003:4FBBF1FF⟧goal⟦TAG:0000:0003:FAFFE6FF⟧⟦END:0002:0001⟧.,Der ⟦TAG:0002:0001:06CD⟧⟦TAG:0000:0003:4FBBF1FF⟧umgedrehte Einstieg⟦TAG:0000:0003:FAFFE6FF⟧⟦END:0002:0001⟧ bringt dich zum ⟦TAG:0002:0001:06CD⟧⟦TAG:0000:0003:4FBBF1FF⟧Ziel⟦TAG:0000:0003:FAFFE6FF⟧⟦END:0002:0001⟧.,Llega al ⟦TAG:0002:0001:06CD⟧⟦TAG:0000:0003:4FBBF1FF⟧objetivo⟦TAG:0000:0003:FAFFE6FF⟧⟦END:0002:0001⟧ con el ⟦TAG:0002:0001:06CD⟧⟦TAG:0000:0003:4FBBF1FF⟧Condublox invertido⟦TAG:0000:0003:FAFFE6FF⟧⟦END:0002:0001⟧.,Utiliser la ⟦TAG:0002:0001:06CD⟧⟦TAG:0000:0003:4FBBF1FF⟧trappe à échelle⟦TAG:0000:0003:FAFFE6FF⟧⟦END:0002:0001⟧ pour aller à l'⟦TAG:0002:0001:06CD⟧⟦TAG:0000:0003:4FBBF1FF⟧arrivée⟦TAG:0000:0003:FAFFE6FF⟧⟦END:0002:0001⟧.,Usa la ⟦TAG:0002:0001:06CD⟧⟦TAG:0000:0003:4FBBF1FF⟧botola capovolta⟦TAG:0000:0003:FAFFE6FF⟧⟦END:0002:0001⟧ e dirigiti all'⟦TAG:0002:0001:06CD⟧⟦TAG:0000:0003:4FBBF1FF⟧arrivo⟦TAG:0000:0003:FAFFE6FF⟧⟦END:0002:0001⟧.,⟦TAG:0002:0001:06CD⟧⟦TAG:0000:0003:4FBBF1FF⟧Ters geçidi⟦TAG:0000:0003:FAFFE6FF⟧⟦END:0002:0001⟧ kullanıp ⟦TAG:0002:0001:06CD⟧⟦TAG:0000:0003:4FBBF1FF⟧hedefe⟦TAG:0000:0003:FAFFE6FF⟧⟦END:0002:0001⟧ ulaş.,1,662,1,435,0.657,OK,OK,REVIEWED,Elle çevrildi; EN/DE/ES/FR/IT karşılaştırıldı.
355,I_Gim1_11,Use multicoloured ⟦TAG:0002:0001:06CD⟧⟦TAG:0000:0003:4FBBF1FF⟧manholes⟦TAG:0000:0003:FAFFE6FF⟧⟦END:0002:0001⟧ to reach the ⟦TAG:0002:0001:06CD⟧⟦TAG:0000:0003:4FBBF1FF⟧goal⟦TAG:0000:0003:FAFFE6FF⟧⟦END:0002:0001⟧.,Die farbigen ⟦TAG:0002:0001:06CD⟧⟦TAG:0000:0003:4FBBF1FF⟧Einstiege⟦TAG:0000:0003:FAFFE6FF⟧⟦END:0002:0001⟧ bringen dich zum ⟦TAG:0002:0001:06CD⟧⟦TAG:0000:0003:4FBBF1FF⟧Ziel⟦TAG:0000:0003:FAFFE6FF⟧⟦END:0002:0001⟧.,Llega al ⟦TAG:0002:0001:06CD⟧⟦TAG:0000:0003:4FBBF1FF⟧objetivo⟦TAG:0000:0003:FAFFE6FF⟧⟦END:0002:0001⟧ con los ⟦TAG:0002:0001:06CD⟧⟦TAG:0000:0003:4FBBF1FF⟧Condublox⟦TAG:0000:0003:FAFFE6FF⟧⟦END:0002:0001⟧ de colores.,Les ⟦TAG:0002:0001:06CD⟧⟦TAG:0000:0003:4FBBF1FF⟧puits à échelle⟦TAG:0000:0003:FAFFE6FF⟧⟦END:0002:0001⟧ colorés mènent à l'⟦TAG:0002:0001:06CD⟧⟦TAG:0000:0003:4FBBF1FF⟧arrivée⟦TAG:0000:0003:FAFFE6FF⟧⟦END:0002:0001⟧.,Usa le ⟦TAG:0002:0001:06CD⟧⟦TAG:0000:0003:4FBBF1FF⟧botole⟦TAG:0000:0003:FAFFE6FF⟧⟦END:0002:0001⟧ multicolore e dirigiti all'⟦TAG:0002:0001:06CD⟧⟦TAG:0000:0003:4FBBF1FF⟧arrivo⟦TAG:0000:0003:FAFFE6FF⟧⟦END:0002:0001⟧.,Renkli ⟦TAG:0002:0001:06CD⟧⟦TAG:0000:0003:4FBBF1FF⟧geçitleri⟦TAG:0000:0003:FAFFE6FF⟧⟦END:0002:0001⟧ kullanıp ⟦TAG:0002:0001:06CD⟧⟦TAG:0000:0003:4FBBF1FF⟧hedefe⟦TAG:0000:0003:FAFFE6FF⟧⟦END:0002:0001⟧ ulaş.,1,624,1,498,0.798,OK,OK,REVIEWED,Elle çevrildi; EN/DE/ES/FR/IT karşılaştırıldı.
356,Op_,,,,,,,1,0,0,0,0.000,EMPTY,OK,EMPTY,
357,Op_00_00,"Pullblox Park
This Way!","Zum
Pullbloxpark","Villa Pullblox
¡por aquí!","Entrée du
Parc Pullblox","Parco dei
Pullblox","Pullblox Park
Bu Tarafta!",2,182,2,182,1.000,OK,OK,REVIEWED,
358,Op_01_00_00,This is ⟦TAG:0002:0001:06CD⟧⟦TAG:0000:0003:FF971EFF⟧Pullblox Park⟦TAG:0000:0003:FAFFE6FF⟧⟦END:0002:0001⟧.,Das ist der ⟦TAG:0002:0001:06CD⟧⟦TAG:0000:0003:FF971EFF⟧Pullbloxpark⟦TAG:0000:0003:FAFFE6FF⟧⟦END:0002:0001⟧.,¡¡Esto es ⟦TAG:0002:0001:06CD⟧⟦TAG:0000:0003:FF971EFF⟧Villa Pullblox⟦TAG:0000:0003:FAFFE6FF⟧⟦END:0002:0001⟧!!,Bienvenue au ⟦TAG:0002:0001:06CD⟧⟦TAG:0000:0003:FF971EFF⟧Parc Pullblox⟦TAG:0000:0003:FAFFE6FF⟧⟦END:0002:0001⟧.,Questo è il ⟦TAG:0002:0001:06CD⟧⟦TAG:0000:0003:FF971EFF⟧parco dei Pullblox⟦TAG:0000:0003:FAFFE6FF⟧⟦END:0002:0001⟧!,Burası ⟦TAG:0002:0001:06CD⟧⟦TAG:0000:0003:FF971EFF⟧Pullblox Park⟦TAG:0000:0003:FAFFE6FF⟧⟦END:0002:0001⟧.,1,403,1,282,0.700,OK,OK,REVIEWED,
359,Op_01_01_00,,,,,,,1,0,0,0,0.000,EMPTY,OK,EMPTY,
360,Op_01_01_01,It's filled with puzzles called ⟦TAG:0002:0001:06CD⟧⟦TAG:0000:0003:FF971EFF⟧Pullblox⟦TAG:0000:0003:FAFFE6FF⟧⟦END:0002:0001⟧.,Hier warten riesige ⟦TAG:0002:0001:06CD⟧⟦TAG:0000:0003:FF971EFF⟧Pullblox⟦TAG:0000:0003:FAFFE6FF⟧⟦END:0002:0001⟧ auf dich.,¡Hogar de los ⟦TAG:0002:0001:06CD⟧⟦TAG:0000:0003:FF971EFF⟧Pullblox⟦TAG:0000:0003:FAFFE6FF⟧⟦END:0002:0001⟧! Unos puzles...,Les ⟦TAG:0002:0001:06CD⟧⟦TAG:0000:0003:FF971EFF⟧Pullblox⟦TAG:0000:0003:FAFFE6FF⟧⟦END:0002:0001⟧ sont des puzzles géants.,I ⟦TAG:0002:0001:06CD⟧⟦TAG:0000:0003:FF971EFF⟧Pullblox⟦TAG:0000:0003:FAFFE6FF⟧⟦END:0002:0001⟧ sono dei puzzle giganti.,Burada dev ⟦TAG:0002:0001:06CD⟧⟦TAG:0000:0003:FF971EFF⟧Pullblox⟦TAG:0000:0003:FAFFE6FF⟧⟦END:0002:0001⟧ bulmacaları var.,1,509,1,502,0.986,OK,OK,REVIEWED,
361,Op_01_02_00,You can play on them by moving and,Du kannst die bunten ⟦TAG:0002:0001:06CD⟧⟦TAG:0000:0003:4FBBF1FF⟧Blöcke⟦TAG:0000:0003:FAFFE6FF⟧⟦END:0002:0001⟧,... enormes de ⟦TAG:0002:0001:06CD⟧⟦TAG:0000:0003:4FBBF1FF⟧bloques⟦TAG:0000:0003:FAFFE6FF⟧⟦END:0002:0001⟧ de colores...,Les enfants y jouent et les escaladent,I bambini ci giocano spostando,Onlarla oynarken renkli,1,513,1,331,0.645,OK,OK,REVIEWED,
362,Op_01_02_01,climbing the colourful ⟦TAG:0002:0001:06CD⟧⟦TAG:0000:0003:4FBBF1FF⟧blocks⟦TAG:0000:0003:FAFFE6FF⟧⟦END:0002:0001⟧!,"ziehen, schieben und erklimmen!",¡que debes mover para subirte encima!,en déplaçant les ⟦TAG:0002:0001:06CD⟧⟦TAG:0000:0003:4FBBF1FF⟧blocs⟦TAG:0000:0003:FAFFE6FF⟧⟦END:0002:0001⟧ colorés !,e scalando dei ⟦TAG:0002:0001:06CD⟧⟦TAG:0000:0003:4FBBF1FF⟧blocchi⟦TAG:0000:0003:FAFFE6FF⟧⟦END:0002:0001⟧ colorati!,⟦TAG:0002:0001:06CD⟧⟦TAG:0000:0003:4FBBF1FF⟧blokları⟦TAG:0000:0003:FAFFE6FF⟧⟦END:0002:0001⟧ oynatıp üstlerine çıkarsın!,1,520,1,474,0.912,OK,OK,REVIEWED,
363,Op_02_00_00,"Oho! You came to play, eh?",Oho! Du bist zum Spielen hier?,"¡¡Hola!! Vienes a jugar, ¿eh?","Ah, vous venez jouer ici ?","Oh! Sei qui per giocare, vero?","Oho! Oynamaya geldin, ha?",1,407,1,374,0.919,OK,OK,REVIEWED,
364,Op_02_00_01,That's great! Just be careful...,Prima! Sei aber vorsichtig...,¡Genial! Pero ve con cuidado...,Très bien ! Mais attention…,Fantastico! Ma fai attenzione...,Harika! Ama dikkatli ol...,1,434,1,350,0.806,OK,OK,REVIEWED,
365,Op_02_01_00,"And play safe, you hear?","Und halt die Augen offen, klar?",¡y con los ojos bien abiertos!,Soyez sages sur ces Pullblox.,I Pullblox sono imprevedibili!,"Güvenli oyna, tamam mı?",1,427,1,337,0.789,OK,OK,REVIEWED,
366,Op_02_01_01,Those Pullblox can be tricky!,Pullblox können knifflig sein!,¡Algunos Pullblox se las traen!,On peut s'y retrouver coincé !,"Tieni gli occhi bene aperti, OK?",Pullblox’lar bazen zorlayıcıdır!,1,420,1,421,1.002,OK,OK,REVIEWED,
367,Op_Touch,⟦TAG:0002:0001:0CCD⟧Press  to start.⟦END:0002:0001⟧,⟦TAG:0002:0001:0CCD⟧Drücke  zum Starten.⟦END:0002:0001⟧,⟦TAG:0002:0001:0CCD⟧Pulsa  para empezar.⟦END:0002:0001⟧,"⟦TAG:0002:0001:0CCD⟧Appuyez sur ⟦END:0002:0001⟧
⟦TAG:0002:0001:0CCD⟧pour commencer⟦END:0002:0001⟧",⟦TAG:0002:0001:0CCD⟧Premi  per iniziare⟦END:0002:0001⟧,⟦TAG:0002:0001:0CCD⟧Başla: ’ya bas.⟦END:0002:0001⟧,2,311,1,220,0.707,OK,OK,REVIEWED,
368,Ed_,,,,,,,1,0,0,0,0.000,EMPTY,OK,EMPTY,
369,Ed_00_00,Goodness! That was the final Pullblox!,"Nun, das war das letzte Pullblox!",¡Ya no quedan más Pullblox!,"Eh bien, voilà !
C'était le dernier Pullblox !","Ma guarda un po'!
Questo era l'ultimo Pullblox!",Vay canına! Bu son Pullblox’tu!,2,516,1,418,0.810,OK,OK,REVIEWED,
370,Ed_00_01,"You did a really great job
getting all the way here.","Du hast dich wirklich
sehr gut geschlagen.",¡Pues sí que has llegado lejos!,"Tu as fait du sacré bon travail
pour arriver jusqu'ici.","Hai svolto un lavoro incredibile
per arrivare fino a qui!","Buraya kadar gelirken
gerçekten harika iş çıkardın.",2,426,2,394,0.925,OK,OK,REVIEWED,
371,Ed_01_00,"Oh my!
It's you again!","Oh weh!
Du schon wieder!","Pero… ¿será posible?
¡¿Tú otra vez?!","Ah non, alors !
Encore toi !","Perbacco!
Ancora tu?","Aman!
Yine sen!",2,283,2,122,0.431,OK,OK,REVIEWED,
372,Ed_01_01,"Mallo!
Watch out!","Mallo!
Pass auf!","¡Millo!
¡Ten cuidado!","Millo !
Attention !","Mallo!
Fai attenzione!!!","Mallo!
Dikkat et!",2,231,2,139,0.602,OK,OK,REVIEWED,
373,Ed_02_00,"Oho!
We finally caught you!","Oho!
Jetzt haben wir dich endlich!","¡Toma ya!
¡Por fin te pillamos!","Ah, ah !
Nous t'avons enfin attrapé !","Oh, oh! Finalmente siamo
riusciti a prenderti!","Oho!
Sonunda seni yakaladık!",2,392,2,334,0.852,OK,OK,REVIEWED,
374,Ed_02_01,"You scamp! What were you thinking,
pulling all those dangerous pranks?","Du Flegel! Was hast du dir nur bei all
diesen gefährlichen Streichen gedacht?","¡Mozuelo!
¡Llevas todo el juego incordiando!","Petit garnement, va ! Tes plaisanteries
auraient pu très mal tourner, tu sais !","Piccola peste! Come ti è saltato in
mente di fare tutti quei dispetti, eh?","Seni yaramaz! Bunca tehlikeli
şakayı yaparken ne düşünüyordun?",2,538,2,479,0.890,OK,OK,REVIEWED,
375,Ed_03_00,"What...?
You did it...because...you were lonely?","Was?
Du warst einfach nur einsam?","¿Cómo?
¿Que era por llamar la atención?","Comment ? Tu as fait ça...
parce que tu te sentais tout seul ?!","Come dici? Lo hai fatto perché...
ti sentivi solo?!","Ne...? Bunları... yalnız
olduğun için mi yaptın?",2,510,2,312,0.612,OK,OK,REVIEWED,
376,Ed_03_01,"I see...
You've just moved here...","Verstehe...
Du bist gerade hergezogen...","Mmmm...
Así que te acabas de mudar aquí…","Ah, je comprends...
Tu viens d'emménager dans le coin...","Ora capisco...
Ti sei appena trasferito...","Anlıyorum...
Buraya daha yeni taşındın...",2,486,2,383,0.788,OK,OK,REVIEWED,
377,Ed_03_02,"You wanted to make new friends.
I see...","Und du hast neue Freunde gesucht.
Verstehe...","Y no tienes muchos amigos aún...
Mmmm... Ahora lo entiendo...","Et tu voulais te faire de nouveaux amis.
Mon pauvre...","E volevi farti dei nuovi amici...
Piccolo mio...","Yeni arkadaşlar edinmek istedin.
Anlıyorum...",2,535,2,449,0.839,OK,OK,REVIEWED,
378,Ed_04_00,"Oho! It looks like you won't
have to feel lonely anymore!","Oho! Sieht so aus, als müsstest
du jetzt nicht mehr einsam sein.","¡Je, je! ¡Pues creo que ya tienes
una pandilla estupenda! ¡Je, je!","Eh bien... On dirait que tu ne vas plus
te sentir seul bien longtemps !","Bene! D'ora in poi
non ti sentirai più solo!","Oho! Görünüşe bakılırsa artık
kendini yalnız hissetmeyeceksin!",2,501,2,444,0.886,OK,OK,REVIEWED,
379,Ed_10_00,Be safe going home!,Kommt gut nach Hause!,"¡Hala, a casa! ¡Id con cuidado!","Allez, au revoir et bon retour !",Buon ritorno a casa e a presto!,Eve dönerken dikkatli olun!,1,416,1,377,0.906,OK,OK,REVIEWED,
380,Ed_11_00,Exit,Ende,Salida,Sortie,Uscita,Çıkış,1,87,1,62,0.713,OK,OK,REVIEWED,
381,Guide_Tuto_00,,,,,,,1,0,0,0,0.000,EMPTY,OK,EMPTY,
382,G_Tut1_00_000,"Wha--? How on earth did a kid get
stuck INSIDE the first Pullblox?!","Was? Wie ist denn bitte ein Kind
IN das erste Pullblox gekommen?","¿¡Eh!? ¿¡Será posible!?...
¡¡Se ha quedado dentro del Pullblox!!","Hé ! Comment un enfant a-t-il pu rester
coincé À L'INTÉRIEUR de ce Pullblox ?","Eh? Come ha fatto un bambino a finire
intrappolato DENTRO quel Pullblox?!","Ne--? İlk Pullblox’un İÇİNE bir çocuk
nasıl sıkışmış böyle?!",2,536,2,478,0.892,OK,OK,REVIEWED,Elle çevrildi; EN/DE/ES/FR/IT karşılaştırıldı; Usta Blox’un sıcak/yaşlı karakter sesi korundu.
383,G_Tut1_00_001,"Hang on, kiddo! I'll ⟦TAG:0002:0001:06CD⟧⟦TAG:0000:0003:FF7417FF⟧get you out⟦TAG:0000:0003:FAFFE6FF⟧⟦END:0002:0001⟧
right away. Just stay still!","Halt durch, Kleiner! Ich werde dich
sofort da ⟦TAG:0002:0001:06CD⟧⟦TAG:0000:0003:FF7417FF⟧rausholen⟦TAG:0000:0003:FAFFE6FF⟧⟦END:0002:0001⟧. Nur die Ruhe!","¡Espera! ¡Ahora mismo ⟦TAG:0002:0001:06CD⟧⟦TAG:0000:0003:FF7417FF⟧te saco de ahí⟦TAG:0000:0003:FAFFE6FF⟧⟦END:0002:0001⟧!
¡¡No pierdas la calma!!","Tiens bon, petit ! Je vais te ⟦TAG:0002:0001:06CD⟧⟦TAG:0000:0003:FF7417FF⟧tirer⟦TAG:0000:0003:FAFFE6FF⟧⟦END:0002:0001⟧ de
là tout de suite. Ne bouge pas !","Tieni duro, figliolo! Ora ti ⟦TAG:0002:0001:06CD⟧⟦TAG:0000:0003:FF7417FF⟧tiro fuori⟦TAG:0000:0003:FAFFE6FF⟧⟦END:0002:0001⟧
io da lì! Non muoverti!","Dayan evlat! Seni hemen
⟦TAG:0002:0001:06CD⟧⟦TAG:0000:0003:FF7417FF⟧çıkaracağım⟦TAG:0000:0003:FAFFE6FF⟧⟦END:0002:0001⟧. Sakın kıpırdama!",2,510,2,417,0.818,OK,OK,REVIEWED,Elle çevrildi; EN/DE/ES/FR/IT karşılaştırıldı; Usta Blox’un sıcak/yaşlı karakter sesi korundu.
384,G_Tut1_00_002,Here I come!,Und los geht's!,¡Allá voy!,"J'arrive, j'arrive !",Arrivo subito!,Geliyorum!,1,241,1,147,0.610,OK,OK,REVIEWED,Elle çevrildi; EN/DE/ES/FR/IT karşılaştırıldı; Usta Blox’un sıcak/yaşlı karakter sesi korundu.
385,G_Tut1_00_003,...URGGGH!,UUUURGH!,¡¡AUCH...!!,... OUILLE !,URRRGH!,...URRGGH!,1,154,1,152,0.987,OK,OK,REVIEWED,Elle çevrildi; EN/DE/ES/FR/IT karşılaştırıldı; Usta Blox’un sıcak/yaşlı karakter sesi korundu.
386,G_Tut1_00_004,Ow,Oh,¡Ay!,Aïe !,"Ahi,",Ah,1,68,1,40,0.588,OK,OK,REVIEWED,Elle çevrildi; EN/DE/ES/FR/IT karşılaştırıldı; Usta Blox’un sıcak/yaşlı karakter sesi korundu.
387,G_Tut1_00_004_1,Ow ow,Oh oh,¡Ay! ¡Uy!,"Aïe, aïe !","Ahi, ahi,",Ah ah,1,129,1,82,0.636,OK,OK,REVIEWED,Elle çevrildi; EN/DE/ES/FR/IT karşılaştırıldı; Usta Blox’un sıcak/yaşlı karakter sesi korundu.
388,G_Tut1_00_004_2,Ow ow ugh,Oh oh uff,¡Ay! ¡Uy! ¡Oy!,"Aïe, aïe... ouille !","Ahi, ahi, ugh,",Ah ah uff,1,235,1,129,0.549,OK,OK,REVIEWED,Elle çevrildi; EN/DE/ES/FR/IT karşılaştırıldı; Usta Blox’un sıcak/yaşlı karakter sesi korundu.
389,G_Tut1_00_004_3,Ow ow ugh ouch,Oh oh uff autsch,¡Ay! ¡Uy! ¡Oy! ¡Au!,"Aïe, aïe... ouille... houlà !","Ahi, ahi, ugh, argh,",Ah ah uff of,1,342,1,164,0.480,OK,OK,REVIEWED,Elle çevrildi; EN/DE/ES/FR/IT karşılaştırıldı; Usta Blox’un sıcak/yaşlı karakter sesi korundu.
390,G_Tut1_00_004_4,Ow ow ugh ouch urg,Oh oh uff autsch urgs,¡Ay! ¡Uy! ¡Oy! ¡Au! ¡Uu!,"Aïe, aïe... ouille... houlà... ouille !","Ahi, ahi, ugh, argh, urgh,",Ah ah uff of ıh,1,448,1,197,0.440,OK,OK,REVIEWED,Elle çevrildi; EN/DE/ES/FR/IT karşılaştırıldı; Usta Blox’un sıcak/yaşlı karakter sesi korundu.
391,G_Tut1_00_004_5,Ow ow ugh ouch urg ow...,Oh oh uff autsch urgs oh...,¡Ay! ¡Uy! ¡Oy! ¡Au! ¡Uu! ¡Ou!,"Aïe, aïe... ouille... houlà... ouille... oh !","Ahi, ahi, ugh, argh, urgh, ohi...",Ah ah uff of ıh ah...,1,512,1,263,0.514,OK,OK,REVIEWED,Elle çevrildi; EN/DE/ES/FR/IT karşılaştırıldı; Usta Blox’un sıcak/yaşlı karakter sesi korundu.
392,G_Tut1_00_010,"Oh, my aching back! Someone...
Please come here... Help...","Autsch, mein Kreuz! Kann...
Kann mir bitte jemand helfen?","¡Ayayay! ¡Mi lumbago!
Yo ya estoy mayor para estas cosas...","Oh ! Mon pauvre dos... À l'aide !
S'il vous plaît... Venez m'aider...","La mia povera schiena!
Non c'è nessuno che possa aiutarmi?","Ah, belim! Birisi...
Ne olur biri gelsin... Yardım...",2,501,2,390,0.778,OK,OK,REVIEWED,Elle çevrildi; EN/DE/ES/FR/IT karşılaştırıldı; Usta Blox’un sıcak/yaşlı karakter sesi korundu.
393,G_Tut1_00_011,"Someone... Please help...
Use  or  to hurry over here.","Hört mich wer? Hilfe...
Verwende  oder , um herbeizueilen.","Yo solo no puedo… Qué va…
Usa  o  para ayudar.","S'il vous plaît ! Venez m'aider !
Utilisez  ou  pour accourir par ici...","Per favore... Mi serve aiuto!
Usa  o  per correre qui...","Birisi... Yardım etsin...
 veya  ile çabucak buraya gel.",2,523,2,453,0.866,OK,OK,REVIEWED,Elle çevrildi; EN/DE/ES/FR/IT karşılaştırıldı; Usta Blox’un sıcak/yaşlı karakter sesi korundu.
394,G_Tut1_00_020,"Oh! Mallo! 
Perfect timing, lad!","Oh! Mallo, mein Junge! 
Auf dich ist Verlass!","¡Ay, Millo!
¡Menos mal!","Oh ! Millo, mon p'tit gars ! 
Tu tombes à pic !","Oh! Mallo, ragazzo mio!
Capiti proprio al momento giusto!","Ah! Mallo!
Tam zamanında geldin evlat!",2,451,2,394,0.874,OK,OK,REVIEWED,Elle çevrildi; EN/DE/ES/FR/IT karşılaştırıldı; Usta Blox’un sıcak/yaşlı karakter sesi korundu.
395,G_Tut1_00_021,"A child's got himself stuck inside
one of my Pullblox!","Ein Kind steckt wohl in einem
meiner Pullblox fest!","¡Un crío se ha quedado atrapado
en uno de mis Pullblox!","Un enfant s'est retrouvé coincé
à l'intérieur d'un de mes Pullblox !","Pare che un bambino sia intrappolato
dentro uno dei miei Pullblox!","Çocuklardan biri Pullblox’larımdan
birinin içine sıkışmış!",2,509,2,471,0.925,OK,OK,REVIEWED,Elle çevrildi; EN/DE/ES/FR/IT karşılaştırıldı; Usta Blox’un sıcak/yaşlı karakter sesi korundu.
396,G_Tut1_00_022,"Please could you ⟦TAG:0002:0001:06CD⟧⟦TAG:0000:0003:FF7417FF⟧pull out⟦TAG:0000:0003:FAFFE6FF⟧⟦END:0002:0001⟧ that ⟦TAG:0002:0001:06CD⟧⟦TAG:0000:0003:4FBBF1FF⟧block⟦TAG:0000:0003:FAFFE6FF⟧⟦END:0002:0001⟧ 
and save him? I can't get it to budge!","Kannst du den ⟦TAG:0002:0001:06CD⟧⟦TAG:0000:0003:4FBBF1FF⟧Block⟦TAG:0000:0003:FAFFE6FF⟧⟦END:0002:0001⟧ ⟦TAG:0002:0001:06CD⟧⟦TAG:0000:0003:FF7417FF⟧rausziehen⟦TAG:0000:0003:FAFFE6FF⟧⟦END:0002:0001⟧ und
es retten? Ich kann ihn nicht bewegen!","¿Podrías ⟦TAG:0002:0001:06CD⟧⟦TAG:0000:0003:FF7417FF⟧tirar⟦TAG:0000:0003:FAFFE6FF⟧⟦END:0002:0001⟧ del ⟦TAG:0002:0001:06CD⟧⟦TAG:0000:0003:4FBBF1FF⟧bloque⟦TAG:0000:0003:FAFFE6FF⟧⟦END:0002:0001⟧ y sacarlo?
¡Yo es que no puedo!","Pourrais-tu ⟦TAG:0002:0001:06CD⟧⟦TAG:0000:0003:FF7417FF⟧tirer⟦TAG:0000:0003:FAFFE6FF⟧⟦END:0002:0001⟧ sur ce ⟦TAG:0002:0001:06CD⟧⟦TAG:0000:0003:4FBBF1FF⟧bloc⟦TAG:0000:0003:FAFFE6FF⟧⟦END:0002:0001⟧ pour le
faire ressortir ? Je n'y arrive pas !","Potresti ⟦TAG:0002:0001:06CD⟧⟦TAG:0000:0003:FF7417FF⟧tirare⟦TAG:0000:0003:FAFFE6FF⟧⟦END:0002:0001⟧ quel ⟦TAG:0002:0001:06CD⟧⟦TAG:0000:0003:4FBBF1FF⟧blocco⟦TAG:0000:0003:FAFFE6FF⟧⟦END:0002:0001⟧ e liberarlo?
Io non ce la faccio a muoverlo.","Lütfen ⟦TAG:0002:0001:06CD⟧⟦TAG:0000:0003:FF7417FF⟧çekip çıkar⟦TAG:0000:0003:FAFFE6FF⟧⟦END:0002:0001⟧ şu ⟦TAG:0002:0001:06CD⟧⟦TAG:0000:0003:4FBBF1FF⟧bloğu⟦TAG:0000:0003:FAFFE6FF⟧⟦END:0002:0001⟧ ve
çocuğu kurtar! Ben oynatamıyorum!",2,523,2,485,0.927,OK,OK,REVIEWED,Elle çevrildi; EN/DE/ES/FR/IT karşılaştırıldı; Usta Blox’un sıcak/yaşlı karakter sesi korundu.
397,G_Tut1_00_030,"Press  to grab the ⟦TAG:0002:0001:06CD⟧⟦TAG:0000:0003:4FBBF1FF⟧block⟦TAG:0000:0003:FAFFE6FF⟧⟦END:0002:0001⟧,
then use  to ⟦TAG:0002:0001:06CD⟧⟦TAG:0000:0003:FF7417FF⟧pull it out⟦TAG:0000:0003:FAFFE6FF⟧⟦END:0002:0001⟧.","Drück , um den ⟦TAG:0002:0001:06CD⟧⟦TAG:0000:0003:4FBBF1FF⟧Block⟦TAG:0000:0003:FAFFE6FF⟧⟦END:0002:0001⟧ zu greifen und
⟦TAG:0002:0001:06CD⟧⟦TAG:0000:0003:FF7417FF⟧zieh⟦TAG:0000:0003:FAFFE6FF⟧⟦END:0002:0001⟧ ihn dann mit  ⟦TAG:0002:0001:06CD⟧⟦TAG:0000:0003:FF7417FF⟧raus⟦TAG:0000:0003:FAFFE6FF⟧⟦END:0002:0001⟧.","Pulsa  para coger el ⟦TAG:0002:0001:06CD⟧⟦TAG:0000:0003:4FBBF1FF⟧bloque⟦TAG:0000:0003:FAFFE6FF⟧⟦END:0002:0001⟧,
y  para ⟦TAG:0002:0001:06CD⟧⟦TAG:0000:0003:FF7417FF⟧tirar⟦TAG:0000:0003:FAFFE6FF⟧⟦END:0002:0001⟧ de él.","Appuie sur  pour attraper le ⟦TAG:0002:0001:06CD⟧⟦TAG:0000:0003:4FBBF1FF⟧bloc⟦TAG:0000:0003:FAFFE6FF⟧⟦END:0002:0001⟧,
puis utilise  pour le ⟦TAG:0002:0001:06CD⟧⟦TAG:0000:0003:FF7417FF⟧tirer⟦TAG:0000:0003:FAFFE6FF⟧⟦END:0002:0001⟧ vers toi.","Premi  per afferrare il ⟦TAG:0002:0001:06CD⟧⟦TAG:0000:0003:4FBBF1FF⟧blocco⟦TAG:0000:0003:FAFFE6FF⟧⟦END:0002:0001⟧,
poi usa  per ⟦TAG:0002:0001:06CD⟧⟦TAG:0000:0003:FF7417FF⟧tirarlo⟦TAG:0000:0003:FAFFE6FF⟧⟦END:0002:0001⟧ verso di te.","⟦TAG:0002:0001:06CD⟧⟦TAG:0000:0003:4FBBF1FF⟧Bloğu⟦TAG:0000:0003:FAFFE6FF⟧⟦END:0002:0001⟧ tutmak için ’ye bas,
sonra  ile ⟦TAG:0002:0001:06CD⟧⟦TAG:0000:0003:FF7417FF⟧kendine doğru çek⟦TAG:0000:0003:FAFFE6FF⟧⟦END:0002:0001⟧.",2,503,2,413,0.821,OK,OK,REVIEWED,Elle çevrildi; EN/DE/ES/FR/IT karşılaştırıldı; Usta Blox’un sıcak/yaşlı karakter sesi korundu.
398,G_Tut1_00_040,"Oh, good! The little rascal
looks all right, doesn't he?","Oh, gut! Mit dem kleinen Racker
scheint alles in Ordnung zu sein, was?","¡Bravo!
Ay, menos mal que está bien.","Ah, ouf ! Ce petit chenapan a eu
plus de peur que de mal, on dirait !","Oh, meno male! Sembra che
quel birbantello sia sano e salvo!","Oh, şükür! Ufaklık iyi
görünüyor, değil mi?",2,506,2,287,0.567,OK,OK,REVIEWED,Son manuel Türkçe kalite taramasında doğrulandı.
399,G_Tut1_00_041,"But it looks like he's a bit too scared
to come down all by himself.","Aber er ist wohl zu ängstlich, um
ohne Hilfe herunterzukommen.","Pero parece que tiene miedo.
¡A ver cómo baja de ahí!","Mais je crois qu'il est trop effrayé
pour pouvoir redescendre tout seul.","Però credo che sia troppo spaventato
per riuscire a scendere da solo.","Ama kendi başına aşağı inmeye
biraz fazla korkmuş gibi.",2,508,2,426,0.839,OK,OK,REVIEWED,Elle çevrildi; EN/DE/ES/FR/IT karşılaştırıldı; Usta Blox’un sıcak/yaşlı karakter sesi korundu.
400,G_Tut1_00_042,"I hate to trouble you again, but please
could you climb up and help him?","Tut mir leid, aber könntest du dort
hochklettern und ihm helfen?","No quiero abusar, pero...
si pudieras subir a por la criatura...","Je suis désolé de te déranger, mais tu
voudrais bien aller le chercher là-haut ?","Mi dispiace disturbarti ancora, ma
potresti andare lassù a prenderlo?","Seni yine uğraştırıyorum ama
yukarı çıkıp ona yardım eder misin?",2,545,2,481,0.883,OK,OK,REVIEWED,Elle çevrildi; EN/DE/ES/FR/IT karşılaştırıldı; Usta Blox’un sıcak/yaşlı karakter sesi korundu.
401,G_Tut1_00_050,Oh!,Oh!,¡Oh!,Oh !,Oh!,Oh!,1,59,1,49,0.831,OK,OK,REVIEWED,Elle çevrildi; EN/DE/ES/FR/IT karşılaştırıldı; Usta Blox’un sıcak/yaşlı karakter sesi korundu.
402,G_Tut1_00_051,"Press  to grab the ⟦TAG:0002:0001:06CD⟧⟦TAG:0000:0003:4FBBF1FF⟧block⟦TAG:0000:0003:FAFFE6FF⟧⟦END:0002:0001⟧,
then use  to ⟦TAG:0002:0001:06CD⟧⟦TAG:0000:0003:FF7417FF⟧pull it out⟦TAG:0000:0003:FAFFE6FF⟧⟦END:0002:0001⟧.","Drück , um den ⟦TAG:0002:0001:06CD⟧⟦TAG:0000:0003:4FBBF1FF⟧Block⟦TAG:0000:0003:FAFFE6FF⟧⟦END:0002:0001⟧ zu greifen
und ⟦TAG:0002:0001:06CD⟧⟦TAG:0000:0003:FF7417FF⟧zieh⟦TAG:0000:0003:FAFFE6FF⟧⟦END:0002:0001⟧ ihn dann mit  ⟦TAG:0002:0001:06CD⟧⟦TAG:0000:0003:FF7417FF⟧raus⟦TAG:0000:0003:FAFFE6FF⟧⟦END:0002:0001⟧.","Mantén pulsado  para coger
el ⟦TAG:0002:0001:06CD⟧⟦TAG:0000:0003:4FBBF1FF⟧bloque⟦TAG:0000:0003:FAFFE6FF⟧⟦END:0002:0001⟧ y usa  para ⟦TAG:0002:0001:06CD⟧⟦TAG:0000:0003:FF7417FF⟧tirar⟦TAG:0000:0003:FAFFE6FF⟧⟦END:0002:0001⟧ de él.","Appuie sur  pour attraper le ⟦TAG:0002:0001:06CD⟧⟦TAG:0000:0003:4FBBF1FF⟧bloc⟦TAG:0000:0003:FAFFE6FF⟧⟦END:0002:0001⟧,
puis utilise  pour le ⟦TAG:0002:0001:06CD⟧⟦TAG:0000:0003:FF7417FF⟧tirer⟦TAG:0000:0003:FAFFE6FF⟧⟦END:0002:0001⟧ vers toi.","Premi  per afferrare il ⟦TAG:0002:0001:06CD⟧⟦TAG:0000:0003:4FBBF1FF⟧blocco⟦TAG:0000:0003:FAFFE6FF⟧⟦END:0002:0001⟧
e usa  per ⟦TAG:0002:0001:06CD⟧⟦TAG:0000:0003:FF7417FF⟧tirarlo⟦TAG:0000:0003:FAFFE6FF⟧⟦END:0002:0001⟧ verso di te.","⟦TAG:0002:0001:06CD⟧⟦TAG:0000:0003:4FBBF1FF⟧Bloğu⟦TAG:0000:0003:FAFFE6FF⟧⟦END:0002:0001⟧ tutmak için ’ye bas,
sonra  ile ⟦TAG:0002:0001:06CD⟧⟦TAG:0000:0003:FF7417FF⟧kendine doğru çek⟦TAG:0000:0003:FAFFE6FF⟧⟦END:0002:0001⟧.",2,478,2,413,0.864,OK,OK,REVIEWED,Elle çevrildi; EN/DE/ES/FR/IT karşılaştırıldı; Usta Blox’un sıcak/yaşlı karakter sesi korundu.
403,G_Tut1_00_052,"Press  to ⟦TAG:0002:0001:06CD⟧⟦TAG:0000:0003:FF7417FF⟧jump⟦TAG:0000:0003:FAFFE6FF⟧⟦END:0002:0001⟧.
Off you go! Get up those stairs!","Drück , um zu ⟦TAG:0002:0001:06CD⟧⟦TAG:0000:0003:FF7417FF⟧springen⟦TAG:0000:0003:FAFFE6FF⟧⟦END:0002:0001⟧.
Ab mit dir die Stufen hoch!","Pulsa  para ⟦TAG:0002:0001:06CD⟧⟦TAG:0000:0003:FF7417FF⟧saltar⟦TAG:0000:0003:FAFFE6FF⟧⟦END:0002:0001⟧.
¡Venga! ¡A por las escaleras!","Appuie sur  pour ⟦TAG:0002:0001:06CD⟧⟦TAG:0000:0003:FF7417FF⟧sauter⟦TAG:0000:0003:FAFFE6FF⟧⟦END:0002:0001⟧.
Allez, vas-y ! Monte ces marches !","Premi  per ⟦TAG:0002:0001:06CD⟧⟦TAG:0000:0003:FF7417FF⟧saltare⟦TAG:0000:0003:FAFFE6FF⟧⟦END:0002:0001⟧.
Forza, sali su per quelle scale!","⟦TAG:0002:0001:06CD⟧⟦TAG:0000:0003:FF7417FF⟧Zıplamak⟦TAG:0000:0003:FAFFE6FF⟧⟦END:0002:0001⟧ için ’ya bas.
Haydi! Şu basamaklardan çık!",2,458,2,409,0.893,OK,OK,REVIEWED,Elle çevrildi; EN/DE/ES/FR/IT karşılaştırıldı; Usta Blox’un sıcak/yaşlı karakter sesi korundu.
404,G_Tut1_00_100,"Thanks, lad.
You really helped me out!","Danke, Kleiner.
Du hast mir wirklich sehr geholfen!","Gracias, hijo.
Has sido de gran ayuda.","Merci, mon garçon. Je te dois une
fière chandelle pour ce coup de main !","Grazie, figliolo! Il tuo aiuto
è stato provvidenziale!","Sağ ol evlat.
Gerçekten imdadıma yetiştin!",2,512,2,403,0.787,OK,OK,REVIEWED,Elle çevrildi; EN/DE/ES/FR/IT karşılaştırıldı; Usta Blox’un sıcak/yaşlı karakter sesi korundu.
405,G_Tut1_00_101,"Since you're such a strapping young
lad, I have another favour to ask you.","Ich habe da noch eine Aufgabe für
einen kräftigen Jungspund wie dich.","Con lo joven y fuerte que eres...
tengo que pedirte otro favor.","Et comme tu es un gaillard costaud,
j'aurais un petit service à te demander.","Dato che sei un ragazzo vigoroso,
avrei un altro favore da chiederti.","Böyle güçlü kuvvetli bir delikanlıyken
senden bir ricam daha olacak.",2,534,2,510,0.955,OK,OK,REVIEWED,Elle çevrildi; EN/DE/ES/FR/IT karşılaştırıldı; Usta Blox’un sıcak/yaşlı karakter sesi korundu.
406,G_Tut1_00_102,"There might be more youngsters stuck
in Pullblox elsewhere in the park.","Vielleicht stecken noch weitere Kinder
in den anderen Pullblox des Parks fest.","Debe de haber más niños atrapados
en los Pullblox de la villa...","D'autres gamins sont peut-être coincés
dans des Pullblox ailleurs dans le parc.","Nel parco potrebbero esserci altri
bambini intrappolati nei miei Pullblox.","Parktaki başka Pullblox’larda da
çocuklar sıkışmış olabilir.",2,525,2,452,0.861,OK,OK,REVIEWED,Elle çevrildi; EN/DE/ES/FR/IT karşılaştırıldı; Usta Blox’un sıcak/yaşlı karakter sesi korundu.
407,G_Tut1_00_103,"I'd check the rest by myself,","Ich würde sie ja selbst überprüfen,",Iría a comprobarlo en persona...,Je ferais bien le tour moi-même...,Stavo pensando di dare un'occhiata...,"Normalde hepsine kendim bakardım,",1,510,1,493,0.967,OK,OK,REVIEWED,Elle çevrildi; EN/DE/ES/FR/IT karşılaştırıldı; Usta Blox’un sıcak/yaşlı karakter sesi korundu.
408,G_Tut1_00_104,"but I threw my back out
trying to get into this one!","aber ich habe mir bei diesem Befrei-
ungsversuch den Rücken verdreht!","pero me ha dado un tirón en la espalda
al intentar rescatar al de antes.","mais je me suis coincé le dos en
essayant de sauver ce gamin !","... ma il dolore alla schiena
non mi dà tregua!","ama buna girmeye çalışırken
belimi fena incittim!",2,527,2,388,0.736,OK,OK,REVIEWED,Elle çevrildi; EN/DE/ES/FR/IT karşılaştırıldı; Usta Blox’un sıcak/yaşlı karakter sesi korundu.
409,G_Tut1_00_105,I can't ⟦TAG:0002:0001:06CD⟧⟦TAG:0000:0003:FF7417FF⟧pull out⟦TAG:0000:0003:FAFFE6FF⟧⟦END:0002:0001⟧ any ⟦TAG:0002:0001:06CD⟧⟦TAG:0000:0003:4FBBF1FF⟧blocks⟦TAG:0000:0003:FAFFE6FF⟧⟦END:0002:0001⟧ right now.,"Ich kann momentan wirklich keine
⟦TAG:0002:0001:06CD⟧⟦TAG:0000:0003:4FBBF1FF⟧Blöcke⟦TAG:0000:0003:FAFFE6FF⟧⟦END:0002:0001⟧ ⟦TAG:0002:0001:06CD⟧⟦TAG:0000:0003:FF7417FF⟧rausziehen⟦TAG:0000:0003:FAFFE6FF⟧⟦END:0002:0001⟧.","Yo ahora mismo no puedo ⟦TAG:0002:0001:06CD⟧⟦TAG:0000:0003:FF7417FF⟧tirar⟦TAG:0000:0003:FAFFE6FF⟧⟦END:0002:0001⟧
de ningún ⟦TAG:0002:0001:06CD⟧⟦TAG:0000:0003:4FBBF1FF⟧bloque⟦TAG:0000:0003:FAFFE6FF⟧⟦END:0002:0001⟧.","Je ne peux plus ⟦TAG:0002:0001:06CD⟧⟦TAG:0000:0003:FF7417FF⟧tirer⟦TAG:0000:0003:FAFFE6FF⟧⟦END:0002:0001⟧ sur le
moindre ⟦TAG:0002:0001:06CD⟧⟦TAG:0000:0003:4FBBF1FF⟧bloc⟦TAG:0000:0003:FAFFE6FF⟧⟦END:0002:0001⟧ pour le moment.","Al momento non sono in grado
di ⟦TAG:0002:0001:06CD⟧⟦TAG:0000:0003:FF7417FF⟧tirare⟦TAG:0000:0003:FAFFE6FF⟧⟦END:0002:0001⟧ nemmeno un ⟦TAG:0002:0001:06CD⟧⟦TAG:0000:0003:4FBBF1FF⟧blocco⟦TAG:0000:0003:FAFFE6FF⟧⟦END:0002:0001⟧!","Şimdi hiçbir şeyi ⟦TAG:0002:0001:06CD⟧⟦TAG:0000:0003:FF7417FF⟧çekemem⟦TAG:0000:0003:FAFFE6FF⟧⟦END:0002:0001⟧;
tek bir ⟦TAG:0002:0001:06CD⟧⟦TAG:0000:0003:4FBBF1FF⟧bloğu⟦TAG:0000:0003:FAFFE6FF⟧⟦END:0002:0001⟧ bile.",2,489,2,358,0.732,OK,OK,REVIEWED,Elle çevrildi; EN/DE/ES/FR/IT karşılaştırıldı; Usta Blox’un sıcak/yaşlı karakter sesi korundu.
410,G_Tut1_00_106,"I hate to trouble you, but could you
help me check a few more?","Ob du wohl noch ein paar weitere für
mich überprüfen könntest?","Me sabe mal molestarte,
pero... ¿me echarías una mano?","Je suis désolé de te déranger, mais...
m'aiderais-tu à inspecter les autres ?","Sono desolato di disturbarti, ma...
non potresti occupartene tu?","Seni uğraştırmak istemem ama
birkaçına daha bakabilir misin?",2,502,2,430,0.857,OK,OK,REVIEWED,Elle çevrildi; EN/DE/ES/FR/IT karşılaştırıldı; Usta Blox’un sıcak/yaşlı karakter sesi korundu.
411,G_Tut1_00_107,"That's the spirit, lad!
I'm counting on you!","Die Einstellung lobe ich mir, Kleiner!
Ich verlasse mich auf dich!","¡Esa es la actitud que hay que tener!
¡No esperaba menos de ti!","Ah ! Tu es vraiment un garçon brave et
généreux ! Je compte sur toi, Millo !","Grazie, Mallo! Sei davvero generoso,
ragazzo mio! Bene, conto su di te!","İşte bu evlat!
Sana güveniyorum!",2,525,2,259,0.493,OK,OK,REVIEWED,Elle çevrildi; EN/DE/ES/FR/IT karşılaştırıldı; Usta Blox’un sıcak/yaşlı karakter sesi korundu.
412,Guide_Tuto_01,,,,,,,1,0,0,0,0.000,EMPTY,OK,EMPTY,
413,G_Tut1_01_000,Oho! Look up there!,Oho! Sieh nur! Dort oben!,Fíjate…,"Hé, hé ! Regarde-moi ça !",Oh! Guarda lassù!,Oho! Şuraya bak!,1,343,1,237,0.691,OK,OK,REVIEWED,Elle çevrildi; EN/DE/ES/FR/IT karşılaştırıldı; öğretici anlam ve Usta Blox sesi korundu.
414,G_Tut1_01_001,It looks like she's having fun.,"Sieht aus, als hätte er Spaß.",¡Se lo está pasando en grande!,Cet enfant a l'air de bien s'amuser.,"Sembra che si stia
divertendo un mondo!",Eğleniyor gibi görünüyor.,2,468,1,341,0.729,OK,OK,REVIEWED,Elle çevrildi; EN/DE/ES/FR/IT karşılaştırıldı; öğretici anlam ve Usta Blox sesi korundu.
415,G_Tut1_01_002,"Everything seems fine here.
Let's check out the next Pullblox.","Hier scheint alles in Ordnung zu sein.
Überprüfen wir das nächste Pullblox.","Bueno, pues mejor así.
Continuemos con el siguiente.","Tout à l'air d'aller bien, ici.
Allons directement au Pullblox suivant.","Qui pare che sia tutto a posto.
Occupiamoci del prossimo Pullblox.","Burada her şey yolunda.
Sıradaki Pullblox’a bakalım.",2,532,2,383,0.720,OK,OK,REVIEWED,Elle çevrildi; EN/DE/ES/FR/IT karşılaştırıldı; öğretici anlam ve Usta Blox sesi korundu.
416,G_Tut1_01_010,"Hey, you brat!
Watch where you're going!","Hey, du Schlingel!
Pass auf, wo du hintrittst!","¡Eh! ¡Muchacho!
¡¿Pero qué haces?!","Hé, sale petit garnement !
Regarde devant toi quand tu cours !","Ehi! Piccola peste!
Guarda dove vai!","Hey, seni afacan!
Önüne baksana!",2,485,2,238,0.491,OK,OK,REVIEWED,Elle çevrildi; EN/DE/ES/FR/IT karşılaştırıldı; öğretici anlam ve Usta Blox sesi korundu.
417,G_Tut1_01_020,"Oh, dear...
Now we've got a problem.","Oh nein!
Jetzt haben wir wirklich ein Problem!","Oh, oh.
Ahora sí que tenemos un problema...","Oh, non ! Je crois que maintenant,
nous avons un problème ici aussi !","Oh, perbacco! Mi sa che abbiamo
un problema anche qui adesso...","Eyvah...
Şimdi başımız dertte.",2,504,2,284,0.563,OK,OK,REVIEWED,Elle çevrildi; EN/DE/ES/FR/IT karşılaştırıldı; öğretici anlam ve Usta Blox sesi korundu.
418,G_Tut1_01_021,"That little girl who was on top of
these ⟦TAG:0002:0001:06CD⟧⟦TAG:0000:0003:4FBBF1FF⟧blocks⟦TAG:0000:0003:FAFFE6FF⟧⟦END:0002:0001⟧ is trapped inside them!","Der kleine Racker, der oben auf den
⟦TAG:0002:0001:06CD⟧⟦TAG:0000:0003:4FBBF1FF⟧Blöcken⟦TAG:0000:0003:FAFFE6FF⟧⟦END:0002:0001⟧ war, ist im Pullblox gefangen!","El crío que estaba ahí jugando
se ha quedado atrapado en un ⟦TAG:0002:0001:06CD⟧⟦TAG:0000:0003:4FBBF1FF⟧bloque⟦TAG:0000:0003:FAFFE6FF⟧⟦END:0002:0001⟧.","Ce petit bout qui sautillait au sommet
des ⟦TAG:0002:0001:06CD⟧⟦TAG:0000:0003:4FBBF1FF⟧blocs⟦TAG:0000:0003:FAFFE6FF⟧⟦END:0002:0001⟧ est coincé à l'intérieur !","Il bambino che giocava in cima a quei
⟦TAG:0002:0001:06CD⟧⟦TAG:0000:0003:4FBBF1FF⟧blocchi⟦TAG:0000:0003:FAFFE6FF⟧⟦END:0002:0001⟧ è rimasto in trappola!","Az önce bu ⟦TAG:0002:0001:06CD⟧⟦TAG:0000:0003:4FBBF1FF⟧blokların⟦TAG:0000:0003:FAFFE6FF⟧⟦END:0002:0001⟧ tepesindeki
küçük kız şimdi içlerine sıkıştı!",2,514,2,444,0.864,OK,OK,REVIEWED,Elle çevrildi; EN/DE/ES/FR/IT karşılaştırıldı; öğretici anlam ve Usta Blox sesi korundu.
419,G_Tut1_01_030,"Ah! Of course!
The ⟦TAG:0002:0001:06CD⟧⟦TAG:0000:0003:4FBBF1FF⟧reset switch⟦TAG:0000:0003:FAFFE6FF⟧⟦END:0002:0001⟧!","Ah! Aber natürlich!
Der ⟦TAG:0002:0001:06CD⟧⟦TAG:0000:0003:4FBBF1FF⟧Rücksetzschalter⟦TAG:0000:0003:FAFFE6FF⟧⟦END:0002:0001⟧!","Ah, claro, ya sé lo que ha pasado...
¡Ha sido por el ⟦TAG:0002:0001:06CD⟧⟦TAG:0000:0003:4FBBF1FF⟧Cuadrablox⟦TAG:0000:0003:FAFFE6FF⟧⟦END:0002:0001⟧!","Ah ! Mais bien sûr !
Le ⟦TAG:0002:0001:06CD⟧⟦TAG:0000:0003:4FBBF1FF⟧réinitialisateur⟦TAG:0000:0003:FAFFE6FF⟧⟦END:0002:0001⟧ !","Ah, ma certo!
L'⟦TAG:0002:0001:06CD⟧⟦TAG:0000:0003:4FBBF1FF⟧interruttore reset⟦TAG:0000:0003:FAFFE6FF⟧⟦END:0002:0001⟧!","Ah! Tabii ya!
⟦TAG:0002:0001:06CD⟧⟦TAG:0000:0003:4FBBF1FF⟧Sıfırlama düğmesi⟦TAG:0000:0003:FAFFE6FF⟧⟦END:0002:0001⟧!",2,467,2,251,0.537,OK,OK,REVIEWED,Elle çevrildi; EN/DE/ES/FR/IT karşılaştırıldı; öğretici anlam ve Usta Blox sesi korundu.
420,G_Tut1_01_031,"If you ⟦TAG:0002:0001:06CD⟧⟦TAG:0000:0003:FF7417FF⟧jump⟦TAG:0000:0003:FAFFE6FF⟧⟦END:0002:0001⟧ on one,","Wenn du einen von ihnen betätigst,","Es ese ⟦TAG:0002:0001:06CD⟧⟦TAG:0000:0003:4FBBF1FF⟧pulsador⟦TAG:0000:0003:FAFFE6FF⟧⟦END:0002:0001⟧ de ahí, que sirve para
⟦TAG:0002:0001:06CD⟧⟦TAG:0000:0003:FF7417FF⟧cuadrar⟦TAG:0000:0003:FAFFE6FF⟧⟦END:0002:0001⟧ los ⟦TAG:0002:0001:06CD⟧⟦TAG:0000:0003:4FBBF1FF⟧bloques⟦TAG:0000:0003:FAFFE6FF⟧⟦END:0002:0001⟧. Si saltas encima,","Quand on ⟦TAG:0002:0001:06CD⟧⟦TAG:0000:0003:FF7417FF⟧saute⟦TAG:0000:0003:FAFFE6FF⟧⟦END:0002:0001⟧ sur cet interrupteur,","Se ci ⟦TAG:0002:0001:06CD⟧⟦TAG:0000:0003:FF7417FF⟧salti⟦TAG:0000:0003:FAFFE6FF⟧⟦END:0002:0001⟧ sopra,","Üzerine ⟦TAG:0002:0001:06CD⟧⟦TAG:0000:0003:FF7417FF⟧zıplarsan⟦TAG:0000:0003:FAFFE6FF⟧⟦END:0002:0001⟧,",2,506,1,248,0.490,OK,OK,REVIEWED,Elle çevrildi; EN/DE/ES/FR/IT karşılaştırıldı; öğretici anlam ve Usta Blox sesi korundu.
421,G_Tut1_01_032,"all of the ⟦TAG:0002:0001:06CD⟧⟦TAG:0000:0003:4FBBF1FF⟧blocks⟦TAG:0000:0003:FAFFE6FF⟧⟦END:0002:0001⟧ in
that Pullblox ⟦TAG:0002:0001:06CD⟧⟦TAG:0000:0003:FF7417FF⟧retract⟦TAG:0000:0003:FAFFE6FF⟧⟦END:0002:0001⟧.","werden alle ⟦TAG:0002:0001:06CD⟧⟦TAG:0000:0003:4FBBF1FF⟧Blöcke⟦TAG:0000:0003:FAFFE6FF⟧⟦END:0002:0001⟧ des
Pullblox ⟦TAG:0002:0001:06CD⟧⟦TAG:0000:0003:FF7417FF⟧reingeschoben⟦TAG:0000:0003:FAFFE6FF⟧⟦END:0002:0001⟧.",⟦TAG:0002:0001:06CD⟧⟦TAG:0000:0003:FF7417FF⟧cuadrarás⟦TAG:0000:0003:FAFFE6FF⟧⟦END:0002:0001⟧ los ⟦TAG:0002:0001:06CD⟧⟦TAG:0000:0003:4FBBF1FF⟧bloques⟦TAG:0000:0003:FAFFE6FF⟧⟦END:0002:0001⟧ del Pullblox.,"tous les ⟦TAG:0002:0001:06CD⟧⟦TAG:0000:0003:4FBBF1FF⟧blocs⟦TAG:0000:0003:FAFFE6FF⟧⟦END:0002:0001⟧ du Pullblox sont
automatiquement ⟦TAG:0002:0001:06CD⟧⟦TAG:0000:0003:FF7417FF⟧repoussés⟦TAG:0000:0003:FAFFE6FF⟧⟦END:0002:0001⟧ à fond.","tutti i ⟦TAG:0002:0001:06CD⟧⟦TAG:0000:0003:4FBBF1FF⟧blocchi⟦TAG:0000:0003:FAFFE6FF⟧⟦END:0002:0001⟧ del Pullblox verranno
automaticamente ⟦TAG:0002:0001:06CD⟧⟦TAG:0000:0003:FF7417FF⟧spinti⟦TAG:0000:0003:FAFFE6FF⟧⟦END:0002:0001⟧ all'interno!","o Pullblox’taki bütün ⟦TAG:0002:0001:06CD⟧⟦TAG:0000:0003:4FBBF1FF⟧bloklar⟦TAG:0000:0003:FAFFE6FF⟧⟦END:0002:0001⟧
tamamen ⟦TAG:0002:0001:06CD⟧⟦TAG:0000:0003:FF7417FF⟧içeri çekilir⟦TAG:0000:0003:FAFFE6FF⟧⟦END:0002:0001⟧.",2,486,2,387,0.796,OK,OK,REVIEWED,Elle çevrildi; EN/DE/ES/FR/IT karşılaştırıldı; öğretici anlam ve Usta Blox sesi korundu.
422,G_Tut1_01_033,"That brat must have ⟦TAG:0002:0001:06CD⟧⟦TAG:0000:0003:FF7417FF⟧jumped⟦TAG:0000:0003:FAFFE6FF⟧⟦END:0002:0001⟧ on it
when he was running around!","Dieser Schlingel muss ihn beim
Herumlaufen betätigt haben!","El mocoso de antes ha saltado encima
¡y ha encajado todas las piezas!","Ce vaurien doit avoir ⟦TAG:0002:0001:06CD⟧⟦TAG:0000:0003:FF7417FF⟧sauté⟦TAG:0000:0003:FAFFE6FF⟧⟦END:0002:0001⟧ dessus
quand il est passé en courant !","Scommetto che quella piccola peste
è ⟦TAG:0002:0001:06CD⟧⟦TAG:0000:0003:FF7417FF⟧saltata⟦TAG:0000:0003:FAFFE6FF⟧⟦END:0002:0001⟧ sul pulsante mentre correva!","O afacan koşuştururken üstüne
⟦TAG:0002:0001:06CD⟧⟦TAG:0000:0003:FF7417FF⟧zıplamış⟦TAG:0000:0003:FAFFE6FF⟧⟦END:0002:0001⟧ olmalı!",2,520,2,424,0.815,OK,OK,REVIEWED,Elle çevrildi; EN/DE/ES/FR/IT karşılaştırıldı; öğretici anlam ve Usta Blox sesi korundu.
423,G_Tut1_01_034,"I'll deal with that troublemaker later.
Right now, we've got to save this child!","Mit dem Störenfried befasse ich mich
später. Wir müssen das Kind retten!","En fin, ya le cantaré las cuarenta.
¡Ahora hay que rescatar al pobre crío!","Je m'occuperai de ce trouble-fête plus
tard. Là, il faut vite sauver cet enfant !","Mi occuperò di quel monello più tardi.
Ora dobbiamo salvare quel bambino!","O yaramazla sonra ilgilenirim.
Şimdi bu çocuğu kurtarmalıyız!",2,536,2,416,0.776,OK,OK,REVIEWED,Elle çevrildi; EN/DE/ES/FR/IT karşılaştırıldı; öğretici anlam ve Usta Blox sesi korundu.
424,G_Tut1_01_040,"It looks like you can climb up from
the lower ⟦TAG:0002:0001:06CD⟧⟦TAG:0000:0003:4FBBF1FF⟧block⟦TAG:0000:0003:FAFFE6FF⟧⟦END:0002:0001⟧ on either side.","Die unteren ⟦TAG:0002:0001:06CD⟧⟦TAG:0000:0003:4FBBF1FF⟧Blöcke⟦TAG:0000:0003:FAFFE6FF⟧⟦END:0002:0001⟧ ermöglichen es,
von beiden Seiten hinaufzuklettern.","Puedes subir desde cualquiera
de los ⟦TAG:0002:0001:06CD⟧⟦TAG:0000:0003:4FBBF1FF⟧bloques⟦TAG:0000:0003:FAFFE6FF⟧⟦END:0002:0001⟧ laterales de abajo.","À mon avis, tu peux grimper depuis
l'un des ⟦TAG:0002:0001:06CD⟧⟦TAG:0000:0003:4FBBF1FF⟧blocs⟦TAG:0000:0003:FAFFE6FF⟧⟦END:0002:0001⟧ sur les côtés.","Secondo me puoi salire partendo
da uno dei due ⟦TAG:0002:0001:06CD⟧⟦TAG:0000:0003:4FBBF1FF⟧blocchi⟦TAG:0000:0003:FAFFE6FF⟧⟦END:0002:0001⟧ laterali.","İki yandaki alçak ⟦TAG:0002:0001:06CD⟧⟦TAG:0000:0003:4FBBF1FF⟧bloklardan⟦TAG:0000:0003:FAFFE6FF⟧⟦END:0002:0001⟧
birinden yukarı çıkabilirsin.",2,490,2,392,0.800,OK,OK,REVIEWED,Elle çevrildi; EN/DE/ES/FR/IT karşılaştırıldı; öğretici anlam ve Usta Blox sesi korundu.
425,Guide_Tuto_02,,,,,,,1,0,0,0,0.000,EMPTY,OK,EMPTY,
426,G_Tut1_02_000,Oh my!,Ach du liebe Güte!,No es posible…,Saperlipopette !,"Oh, no!",Aman aman!,1,249,1,172,0.691,OK,OK,REVIEWED,Elle çevrildi; EN/DE/ES/FR/IT karşılaştırıldı; öğretici anlam ve Usta Blox sesi korundu.
427,G_Tut1_02_001,"There's another child trapped
in a ⟦TAG:0002:0001:06CD⟧⟦TAG:0000:0003:4FBBF1FF⟧block⟦TAG:0000:0003:FAFFE6FF⟧⟦END:0002:0001⟧ over here!","Hier drüben ist ein weiteres Kind
in einem ⟦TAG:0002:0001:06CD⟧⟦TAG:0000:0003:4FBBF1FF⟧Block⟦TAG:0000:0003:FAFFE6FF⟧⟦END:0002:0001⟧ gefangen!","¡Hay otro niño atrapado
en ese ⟦TAG:0002:0001:06CD⟧⟦TAG:0000:0003:4FBBF1FF⟧bloque⟦TAG:0000:0003:FAFFE6FF⟧⟦END:0002:0001⟧ de ahí!","Il y a encore un autre enfant
coincé dans un ⟦TAG:0002:0001:06CD⟧⟦TAG:0000:0003:4FBBF1FF⟧bloc⟦TAG:0000:0003:FAFFE6FF⟧⟦END:0002:0001⟧ par ici !","C'è un altro bimbo intrappolato
in quel ⟦TAG:0002:0001:06CD⟧⟦TAG:0000:0003:4FBBF1FF⟧blocco⟦TAG:0000:0003:FAFFE6FF⟧⟦END:0002:0001⟧ lassù!","Burada da bir çocuk şu ⟦TAG:0002:0001:06CD⟧⟦TAG:0000:0003:4FBBF1FF⟧bloğun⟦TAG:0000:0003:FAFFE6FF⟧⟦END:0002:0001⟧
içine sıkışmış!",2,445,2,402,0.903,OK,OK,REVIEWED,Elle çevrildi; EN/DE/ES/FR/IT karşılaştırıldı; öğretici anlam ve Usta Blox sesi korundu.
428,G_Tut1_02_002,"Could you ⟦TAG:0002:0001:06CD⟧⟦TAG:0000:0003:FF7417FF⟧pull out⟦TAG:0000:0003:FAFFE6FF⟧⟦END:0002:0001⟧ those ⟦TAG:0002:0001:06CD⟧⟦TAG:0000:0003:4FBBF1FF⟧blocks⟦TAG:0000:0003:FAFFE6FF⟧⟦END:0002:0001⟧
and save her?","Könntest du diese ⟦TAG:0002:0001:06CD⟧⟦TAG:0000:0003:4FBBF1FF⟧Blöcke⟦TAG:0000:0003:FAFFE6FF⟧⟦END:0002:0001⟧
⟦TAG:0002:0001:06CD⟧⟦TAG:0000:0003:FF7417FF⟧rausziehen⟦TAG:0000:0003:FAFFE6FF⟧⟦END:0002:0001⟧ und es retten?","¿Podrías ⟦TAG:0002:0001:06CD⟧⟦TAG:0000:0003:FF7417FF⟧tirar⟦TAG:0000:0003:FAFFE6FF⟧⟦END:0002:0001⟧ de los ⟦TAG:0002:0001:06CD⟧⟦TAG:0000:0003:4FBBF1FF⟧bloques⟦TAG:0000:0003:FAFFE6FF⟧⟦END:0002:0001⟧
y subir a rescatarlo?","Pourrais-tu ⟦TAG:0002:0001:06CD⟧⟦TAG:0000:0003:FF7417FF⟧tirer⟦TAG:0000:0003:FAFFE6FF⟧⟦END:0002:0001⟧ sur ces ⟦TAG:0002:0001:06CD⟧⟦TAG:0000:0003:4FBBF1FF⟧blocs⟦TAG:0000:0003:FAFFE6FF⟧⟦END:0002:0001⟧ 
pour le sortir de là ?","Potresti ⟦TAG:0002:0001:06CD⟧⟦TAG:0000:0003:FF7417FF⟧tirare⟦TAG:0000:0003:FAFFE6FF⟧⟦END:0002:0001⟧ quei ⟦TAG:0002:0001:06CD⟧⟦TAG:0000:0003:4FBBF1FF⟧blocchi⟦TAG:0000:0003:FAFFE6FF⟧⟦END:0002:0001⟧
e farlo uscire da lì?","Lütfen ⟦TAG:0002:0001:06CD⟧⟦TAG:0000:0003:FF7417FF⟧çekip çıkar⟦TAG:0000:0003:FAFFE6FF⟧⟦END:0002:0001⟧ şu ⟦TAG:0002:0001:06CD⟧⟦TAG:0000:0003:4FBBF1FF⟧blokları⟦TAG:0000:0003:FAFFE6FF⟧⟦END:0002:0001⟧;
çocuğu kurtarır mısın?",2,410,2,408,0.995,OK,OK,REVIEWED,Kontrol kodları kaynak sırasıyla korunarak son manuel taramada düzeltildi.
429,G_Tut1_02_003,"By the way,",Übrigens...,"Ah, por cierto...","Ah, au fait !",A proposito...,"Bu arada,",1,213,1,132,0.620,OK,OK,REVIEWED,Elle çevrildi; EN/DE/ES/FR/IT karşılaştırıldı; öğretici anlam ve Usta Blox sesi korundu.
430,G_Tut1_02_004,"there's something very important
that you need to remember.","Es gibt da etwas sehr Wichtiges, das
du dir gut einprägen solltest.",se me olvidaba algo muy importante.,"Il y a une chose très importante
que tu dois toujours avoir à l'esprit.","C'è qualcosa di molto importante
che devi sempre tenere a mente.","unutmaman gereken çok önemli
bir şey var.",2,495,2,427,0.863,OK,OK,REVIEWED,Elle çevrildi; EN/DE/ES/FR/IT karşılaştırıldı; öğretici anlam ve Usta Blox sesi korundu.
431,G_Tut1_02_005,"When you're ⟦TAG:0002:0001:06CD⟧⟦TAG:0000:0003:FF7417FF⟧pulling out⟦TAG:0000:0003:FAFFE6FF⟧⟦END:0002:0001⟧ a ⟦TAG:0002:0001:06CD⟧⟦TAG:0000:0003:4FBBF1FF⟧block⟦TAG:0000:0003:FAFFE6FF⟧⟦END:0002:0001⟧,","Wenn du einen ⟦TAG:0002:0001:06CD⟧⟦TAG:0000:0003:4FBBF1FF⟧Block⟦TAG:0000:0003:FAFFE6FF⟧⟦END:0002:0001⟧ greifst,","Cuando tires de un ⟦TAG:0002:0001:06CD⟧⟦TAG:0000:0003:4FBBF1FF⟧bloque⟦TAG:0000:0003:FAFFE6FF⟧⟦END:0002:0001⟧,","Quand tu ⟦TAG:0002:0001:06CD⟧⟦TAG:0000:0003:FF7417FF⟧tires⟦TAG:0000:0003:FAFFE6FF⟧⟦END:0002:0001⟧ sur un ⟦TAG:0002:0001:06CD⟧⟦TAG:0000:0003:4FBBF1FF⟧bloc⟦TAG:0000:0003:FAFFE6FF⟧⟦END:0002:0001⟧,",Puoi ⟦TAG:0002:0001:06CD⟧⟦TAG:0000:0003:FF7417FF⟧tirare⟦TAG:0000:0003:FAFFE6FF⟧⟦END:0002:0001⟧ un ⟦TAG:0002:0001:06CD⟧⟦TAG:0000:0003:4FBBF1FF⟧blocco⟦TAG:0000:0003:FAFFE6FF⟧⟦END:0002:0001⟧ verso di te...,"⟦TAG:0002:0001:06CD⟧⟦TAG:0000:0003:FF7417FF⟧Çekersen⟦TAG:0000:0003:FAFFE6FF⟧⟦END:0002:0001⟧ bir ⟦TAG:0002:0001:06CD⟧⟦TAG:0000:0003:4FBBF1FF⟧bloğu⟦TAG:0000:0003:FAFFE6FF⟧⟦END:0002:0001⟧,",1,453,1,255,0.563,OK,OK,REVIEWED,Kontrol kodları kaynak sırasıyla korunarak son manuel taramada düzeltildi.
432,G_Tut1_02_006,you can ⟦TAG:0002:0001:06CD⟧⟦TAG:0000:0003:FF7417FF⟧pull it out⟦TAG:0000:0003:FAFFE6FF⟧⟦END:0002:0001⟧ up to ⟦TAG:0002:0001:06CD⟧⟦TAG:0000:0003:FCEF30FF⟧three steps⟦TAG:0000:0003:FAFFE6FF⟧⟦END:0002:0001⟧.,"kannst du ihn bis zu ⟦TAG:0002:0001:06CD⟧⟦TAG:0000:0003:FCEF30FF⟧drei Stufen⟦TAG:0000:0003:FAFFE6FF⟧⟦END:0002:0001⟧
⟦TAG:0002:0001:06CD⟧⟦TAG:0000:0003:FF7417FF⟧rausziehen⟦TAG:0000:0003:FAFFE6FF⟧⟦END:0002:0001⟧.",podrás ⟦TAG:0002:0001:06CD⟧⟦TAG:0000:0003:FF7417FF⟧moverlo⟦TAG:0000:0003:FAFFE6FF⟧⟦END:0002:0001⟧ hasta ⟦TAG:0002:0001:06CD⟧⟦TAG:0000:0003:FCEF30FF⟧3 posiciones⟦TAG:0000:0003:FAFFE6FF⟧⟦END:0002:0001⟧.,"tu peux le ⟦TAG:0002:0001:06CD⟧⟦TAG:0000:0003:FF7417FF⟧tirer⟦TAG:0000:0003:FAFFE6FF⟧⟦END:0002:0001⟧ vers l'extérieur
de ⟦TAG:0002:0001:06CD⟧⟦TAG:0000:0003:FCEF30FF⟧trois crans⟦TAG:0000:0003:FAFFE6FF⟧⟦END:0002:0001⟧ au maximum.",... per un massimo di ⟦TAG:0002:0001:06CD⟧⟦TAG:0000:0003:FCEF30FF⟧3 caselle⟦TAG:0000:0003:FAFFE6FF⟧⟦END:0002:0001⟧.,"Onu ⟦TAG:0002:0001:06CD⟧⟦TAG:0000:0003:FF7417FF⟧çekebilirsin⟦TAG:0000:0003:FAFFE6FF⟧⟦END:0002:0001⟧;
en fazla ⟦TAG:0002:0001:06CD⟧⟦TAG:0000:0003:FCEF30FF⟧3 kademe⟦TAG:0000:0003:FAFFE6FF⟧⟦END:0002:0001⟧.",2,486,2,256,0.527,OK,OK,REVIEWED,Kontrol kodları kaynak sırasıyla korunarak son manuel taramada düzeltildi.
433,G_Tut1_02_007,"Give it a try! ⟦TAG:0002:0001:06CD⟧⟦TAG:0000:0003:FF7417FF⟧Pull⟦TAG:0000:0003:FAFFE6FF⟧⟦END:0002:0001⟧ the ⟦TAG:0002:0001:06CD⟧⟦TAG:0000:0003:4FBBF1FF⟧block⟦TAG:0000:0003:FAFFE6FF⟧⟦END:0002:0001⟧ over there
all the way out. That'll be three steps.","Versuch's mal! ⟦TAG:0002:0001:06CD⟧⟦TAG:0000:0003:FF7417FF⟧Zieh⟦TAG:0000:0003:FAFFE6FF⟧⟦END:0002:0001⟧ den ⟦TAG:0002:0001:06CD⟧⟦TAG:0000:0003:4FBBF1FF⟧Block⟦TAG:0000:0003:FAFFE6FF⟧⟦END:0002:0001⟧ dort
komplett ⟦TAG:0002:0001:06CD⟧⟦TAG:0000:0003:FF7417FF⟧raus⟦TAG:0000:0003:FAFFE6FF⟧⟦END:0002:0001⟧. Das wären drei Stufen.","¡Prueba y verás! ⟦TAG:0002:0001:06CD⟧⟦TAG:0000:0003:FF7417FF⟧Tira⟦TAG:0000:0003:FAFFE6FF⟧⟦END:0002:0001⟧ de ese ⟦TAG:0002:0001:06CD⟧⟦TAG:0000:0003:4FBBF1FF⟧bloque⟦TAG:0000:0003:FAFFE6FF⟧⟦END:0002:0001⟧
al máximo. Verás como son tres pasos.","Essaie donc ! ⟦TAG:0002:0001:06CD⟧⟦TAG:0000:0003:FF7417FF⟧Tire⟦TAG:0000:0003:FAFFE6FF⟧⟦END:0002:0001⟧ à fond sur le ⟦TAG:0002:0001:06CD⟧⟦TAG:0000:0003:4FBBF1FF⟧bloc⟦TAG:0000:0003:FAFFE6FF⟧⟦END:0002:0001⟧
là-bas. Il sortira de trois crans au plus.","Prova! ⟦TAG:0002:0001:06CD⟧⟦TAG:0000:0003:FF7417FF⟧Tira⟦TAG:0000:0003:FAFFE6FF⟧⟦END:0002:0001⟧ quel ⟦TAG:0002:0001:06CD⟧⟦TAG:0000:0003:4FBBF1FF⟧blocco⟦TAG:0000:0003:FAFFE6FF⟧⟦END:0002:0001⟧ laggiù fino in
fondo. Vedrai che uscirà di 3 caselle.","Haydi dene! ⟦TAG:0002:0001:06CD⟧⟦TAG:0000:0003:FF7417FF⟧Çek⟦TAG:0000:0003:FAFFE6FF⟧⟦END:0002:0001⟧ şu ⟦TAG:0002:0001:06CD⟧⟦TAG:0000:0003:4FBBF1FF⟧bloğu⟦TAG:0000:0003:FAFFE6FF⟧⟦END:0002:0001⟧
sonuna kadar; tam üç kademe.",2,522,2,414,0.793,OK,OK,REVIEWED,Kontrol kodları kaynak sırasıyla korunarak son manuel taramada düzeltildi.
434,G_Tut1_02_010,⟦TAG:0002:0001:06CD⟧⟦TAG:0000:0003:FF7417FF⟧Pull⟦TAG:0000:0003:FAFFE6FF⟧⟦END:0002:0001⟧ the bottom ⟦TAG:0002:0001:06CD⟧⟦TAG:0000:0003:4FBBF1FF⟧block⟦TAG:0000:0003:FAFFE6FF⟧⟦END:0002:0001⟧ out three steps.,"⟦TAG:0002:0001:06CD⟧⟦TAG:0000:0003:FF7417FF⟧Zieh⟦TAG:0000:0003:FAFFE6FF⟧⟦END:0002:0001⟧ den unteren ⟦TAG:0002:0001:06CD⟧⟦TAG:0000:0003:4FBBF1FF⟧Block⟦TAG:0000:0003:FAFFE6FF⟧⟦END:0002:0001⟧
drei Stufen ⟦TAG:0002:0001:06CD⟧⟦TAG:0000:0003:FF7417FF⟧raus⟦TAG:0000:0003:FAFFE6FF⟧⟦END:0002:0001⟧.",⟦TAG:0002:0001:06CD⟧⟦TAG:0000:0003:FF7417FF⟧Tira⟦TAG:0000:0003:FAFFE6FF⟧⟦END:0002:0001⟧ del ⟦TAG:0002:0001:06CD⟧⟦TAG:0000:0003:4FBBF1FF⟧bloque⟦TAG:0000:0003:FAFFE6FF⟧⟦END:0002:0001⟧ inferior en tres pasos.,"⟦TAG:0002:0001:06CD⟧⟦TAG:0000:0003:FF7417FF⟧Tire⟦TAG:0000:0003:FAFFE6FF⟧⟦END:0002:0001⟧ sur le ⟦TAG:0002:0001:06CD⟧⟦TAG:0000:0003:4FBBF1FF⟧bloc⟦TAG:0000:0003:FAFFE6FF⟧⟦END:0002:0001⟧ du bas pour
le sortir de trois crans.","⟦TAG:0002:0001:06CD⟧⟦TAG:0000:0003:FF7417FF⟧Tira⟦TAG:0000:0003:FAFFE6FF⟧⟦END:0002:0001⟧ il ⟦TAG:0002:0001:06CD⟧⟦TAG:0000:0003:4FBBF1FF⟧blocco⟦TAG:0000:0003:FAFFE6FF⟧⟦END:0002:0001⟧ in basso per
farlo uscire di 3 caselle.",⟦TAG:0002:0001:06CD⟧⟦TAG:0000:0003:FF7417FF⟧Çek⟦TAG:0000:0003:FAFFE6FF⟧⟦END:0002:0001⟧ alttaki ⟦TAG:0002:0001:06CD⟧⟦TAG:0000:0003:4FBBF1FF⟧bloğu⟦TAG:0000:0003:FAFFE6FF⟧⟦END:0002:0001⟧ üç kademe dışarı.,2,506,1,475,0.939,OK,OK,REVIEWED,Elle çevrildi; EN/DE/ES/FR/IT karşılaştırıldı; öğretici anlam ve Usta Blox sesi korundu.
435,G_Tut1_02_020,There!,Tada!,Eso es. Esa es la tercera posición.,"Voilà, tu y es !",Ecco fatto!,İşte!,1,448,1,58,0.129,OK,OK,REVIEWED,Elle çevrildi; EN/DE/ES/FR/IT karşılaştırıldı; öğretici anlam ve Usta Blox sesi korundu.
436,G_Tut1_02_021,That's the third step.,Das wäre dann die dritte Stufe.,Puedes ⟦TAG:0002:0001:06CD⟧⟦TAG:0000:0003:FF7417FF⟧tirar⟦TAG:0000:0003:FAFFE6FF⟧⟦END:0002:0001⟧ del ⟦TAG:0002:0001:06CD⟧⟦TAG:0000:0003:4FBBF1FF⟧bloque⟦TAG:0000:0003:FAFFE6FF⟧⟦END:0002:0001⟧ hasta ahí.,C'est le troisième cran.,Quella è la terza casella.,Bu üçüncü kademe.,1,457,1,254,0.556,OK,OK,REVIEWED,Elle çevrildi; EN/DE/ES/FR/IT karşılaştırıldı; öğretici anlam ve Usta Blox sesi korundu.
437,G_Tut1_02_022,"That's the furthest you
can ⟦TAG:0002:0001:06CD⟧⟦TAG:0000:0003:FF7417FF⟧pull out⟦TAG:0000:0003:FAFFE6FF⟧⟦END:0002:0001⟧ any ⟦TAG:0002:0001:06CD⟧⟦TAG:0000:0003:4FBBF1FF⟧block⟦TAG:0000:0003:FAFFE6FF⟧⟦END:0002:0001⟧.",Weiter lässt sich kein ⟦TAG:0002:0001:06CD⟧⟦TAG:0000:0003:4FBBF1FF⟧Block⟦TAG:0000:0003:FAFFE6FF⟧⟦END:0002:0001⟧ ⟦TAG:0002:0001:06CD⟧⟦TAG:0000:0003:FF7417FF⟧rausziehen⟦TAG:0000:0003:FAFFE6FF⟧⟦END:0002:0001⟧.,"Desde esa posición,
no puedes ⟦TAG:0002:0001:06CD⟧⟦TAG:0000:0003:FF7417FF⟧tirar⟦TAG:0000:0003:FAFFE6FF⟧⟦END:0002:0001⟧ más.","Tu peux ⟦TAG:0002:0001:06CD⟧⟦TAG:0000:0003:FF7417FF⟧tirer⟦TAG:0000:0003:FAFFE6FF⟧⟦END:0002:0001⟧ un ⟦TAG:0002:0001:06CD⟧⟦TAG:0000:0003:4FBBF1FF⟧bloc⟦TAG:0000:0003:FAFFE6FF⟧⟦END:0002:0001⟧ jusque là,
mais il n'ira pas plus loin.","Non puoi ⟦TAG:0002:0001:06CD⟧⟦TAG:0000:0003:FF7417FF⟧tirare⟦TAG:0000:0003:FAFFE6FF⟧⟦END:0002:0001⟧ oltre. È il limite
massimo a cui può arrivare un ⟦TAG:0002:0001:06CD⟧⟦TAG:0000:0003:4FBBF1FF⟧blocco⟦TAG:0000:0003:FAFFE6FF⟧⟦END:0002:0001⟧.","Herhangi bir ⟦TAG:0002:0001:06CD⟧⟦TAG:0000:0003:FF7417FF⟧çekişte⟦TAG:0000:0003:FAFFE6FF⟧⟦END:0002:0001⟧ bir ⟦TAG:0002:0001:06CD⟧⟦TAG:0000:0003:4FBBF1FF⟧bloğu⟦TAG:0000:0003:FAFFE6FF⟧⟦END:0002:0001⟧
ulaştırabileceğin en uzak nokta bu.",2,534,2,478,0.895,OK,OK,REVIEWED,Elle çevrildi; EN/DE/ES/FR/IT karşılaştırıldı; öğretici anlam ve Usta Blox sesi korundu.
438,G_Tut1_02_023,"That's very important,
so don't you forget it!","Das ist sehr wichtig,
also merk es dir gut!","¡Es requeteimportante!
¡No lo olvides!","C'est vraiment très important,
alors n'oublie jamais ça !","Si tratta di un'informazione molto
importante, quindi non dimenticarla!","Bu çok önemli;
sakın unutma!",2,502,2,193,0.384,OK,OK,REVIEWED,Elle çevrildi; EN/DE/ES/FR/IT karşılaştırıldı; öğretici anlam ve Usta Blox sesi korundu.
439,G_Tut1_02_030,"Once the bottom ⟦TAG:0002:0001:06CD⟧⟦TAG:0000:0003:4FBBF1FF⟧block⟦TAG:0000:0003:FAFFE6FF⟧⟦END:0002:0001⟧ is all the way
out, getting to the top is easy. ","Wurde der untere ⟦TAG:0002:0001:06CD⟧⟦TAG:0000:0003:4FBBF1FF⟧Block⟦TAG:0000:0003:FAFFE6FF⟧⟦END:0002:0001⟧ ganz rausge-
zogen, ist der Weg nach oben einfach.","⟦TAG:0002:0001:06CD⟧⟦TAG:0000:0003:FF7417FF⟧Tira⟦TAG:0000:0003:FAFFE6FF⟧⟦END:0002:0001⟧ del ⟦TAG:0002:0001:06CD⟧⟦TAG:0000:0003:4FBBF1FF⟧bloque⟦TAG:0000:0003:FAFFE6FF⟧⟦END:0002:0001⟧ inferior al máximo
y sube hasta arriba.","Une fois le ⟦TAG:0002:0001:06CD⟧⟦TAG:0000:0003:4FBBF1FF⟧bloc⟦TAG:0000:0003:FAFFE6FF⟧⟦END:0002:0001⟧ du bas sorti à fond,
il est facile de grimper jusqu'en haut.","Se il ⟦TAG:0002:0001:06CD⟧⟦TAG:0000:0003:4FBBF1FF⟧blocco⟦TAG:0000:0003:FAFFE6FF⟧⟦END:0002:0001⟧ in basso è completamente
in fuori, raggiungere la cima è facile.","Alttaki ⟦TAG:0002:0001:06CD⟧⟦TAG:0000:0003:4FBBF1FF⟧blok⟦TAG:0000:0003:FAFFE6FF⟧⟦END:0002:0001⟧ sonuna kadar
çıkınca tepeye ulaşmak kolay.",2,511,2,409,0.800,OK,OK,REVIEWED,Elle çevrildi; EN/DE/ES/FR/IT karşılaştırıldı; öğretici anlam ve Usta Blox sesi korundu.
440,G_Tut1_02_031,"Working out how far ⟦TAG:0002:0001:06CD⟧⟦TAG:0000:0003:4FBBF1FF⟧blocks⟦TAG:0000:0003:FAFFE6FF⟧⟦END:0002:0001⟧ need to be
⟦TAG:0002:0001:06CD⟧⟦TAG:0000:0003:FF7417FF⟧pulled out⟦TAG:0000:0003:FAFFE6FF⟧⟦END:0002:0001⟧ is key to climbing Pullblox.","Dieser erste Schritt ist ein guter Ansatz,
um viele meiner Pullblox zu lösen.","Como estrategia inicial es excelente
para subir a muchos de mis Pullblox.","Comprendre jusqu'où ⟦TAG:0002:0001:06CD⟧⟦TAG:0000:0003:FF7417FF⟧tirer⟦TAG:0000:0003:FAFFE6FF⟧⟦END:0002:0001⟧ chaque ⟦TAG:0002:0001:06CD⟧⟦TAG:0000:0003:4FBBF1FF⟧bloc⟦TAG:0000:0003:FAFFE6FF⟧⟦END:0002:0001⟧
est capital pour escalader les Pullblox.","Capire fino a dove si può ⟦TAG:0002:0001:06CD⟧⟦TAG:0000:0003:FF7417FF⟧tirare⟦TAG:0000:0003:FAFFE6FF⟧⟦END:0002:0001⟧ un
⟦TAG:0002:0001:06CD⟧⟦TAG:0000:0003:4FBBF1FF⟧blocco⟦TAG:0000:0003:FAFFE6FF⟧⟦END:0002:0001⟧ è basilare per scalare i Pullblox.","⟦TAG:0002:0001:06CD⟧⟦TAG:0000:0003:4FBBF1FF⟧Blokların⟦TAG:0000:0003:FAFFE6FF⟧⟦END:0002:0001⟧ ne kadar ⟦TAG:0002:0001:06CD⟧⟦TAG:0000:0003:FF7417FF⟧çekileceğini⟦TAG:0000:0003:FAFFE6FF⟧⟦END:0002:0001⟧ çözmek,
Pullblox tırmanmanın anahtarıdır.",2,548,2,539,0.984,OK,OK,REVIEWED,Elle çevrildi; EN/DE/ES/FR/IT karşılaştırıldı; öğretici anlam ve Usta Blox sesi korundu.
441,Guide_Tuto_03,,,,,,,1,0,0,0,0.000,EMPTY,OK,EMPTY,
442,G_Tut1_03_000,Oh dear. This is a problem.,"Oje, jetzt haben wir
ein echtes Problem.","Vaya, hombre. Qué faena.","Oh, oh ! Ça, c'est ennuyeux...","Oh, no!
Questo sì che è un bel problema...",Eyvah. Bu iş sıkıntılı.,2,446,1,280,0.628,OK,OK,REVIEWED,Elle çevrildi; EN/DE/ES/FR/IT karşılaştırıldı; öğretici anlam ve Usta Blox sesi korundu.
443,G_Tut1_03_001,"That ⟦TAG:0002:0001:06CD⟧⟦TAG:0000:0003:4FBBF1FF⟧block⟦TAG:0000:0003:FAFFE6FF⟧⟦END:0002:0001⟧ in the middle is
already ⟦TAG:0002:0001:06CD⟧⟦TAG:0000:0003:FF7417FF⟧pulled out⟦TAG:0000:0003:FAFFE6FF⟧⟦END:0002:0001⟧ three steps.","Der ⟦TAG:0002:0001:06CD⟧⟦TAG:0000:0003:4FBBF1FF⟧Block⟦TAG:0000:0003:FAFFE6FF⟧⟦END:0002:0001⟧ in der Mitte ist schon
drei Stufen ⟦TAG:0002:0001:06CD⟧⟦TAG:0000:0003:FF7417FF⟧rausgezogen⟦TAG:0000:0003:FAFFE6FF⟧⟦END:0002:0001⟧.","Alguien ⟦TAG:0002:0001:06CD⟧⟦TAG:0000:0003:FF7417FF⟧ha tirado⟦TAG:0000:0003:FAFFE6FF⟧⟦END:0002:0001⟧ al máximo
del ⟦TAG:0002:0001:06CD⟧⟦TAG:0000:0003:4FBBF1FF⟧bloque⟦TAG:0000:0003:FAFFE6FF⟧⟦END:0002:0001⟧ del medio.","Tu vois, le ⟦TAG:0002:0001:06CD⟧⟦TAG:0000:0003:4FBBF1FF⟧bloc⟦TAG:0000:0003:FAFFE6FF⟧⟦END:0002:0001⟧ du milieu
est déjà ⟦TAG:0002:0001:06CD⟧⟦TAG:0000:0003:FF7417FF⟧tiré⟦TAG:0000:0003:FAFFE6FF⟧⟦END:0002:0001⟧ de trois crans.","Quel ⟦TAG:0002:0001:06CD⟧⟦TAG:0000:0003:4FBBF1FF⟧blocco⟦TAG:0000:0003:FAFFE6FF⟧⟦END:0002:0001⟧ al centro non può
essere ⟦TAG:0002:0001:06CD⟧⟦TAG:0000:0003:FF7417FF⟧tirato⟦TAG:0000:0003:FAFFE6FF⟧⟦END:0002:0001⟧ ulteriormente.","Ortadaki ⟦TAG:0002:0001:06CD⟧⟦TAG:0000:0003:4FBBF1FF⟧blok⟦TAG:0000:0003:FAFFE6FF⟧⟦END:0002:0001⟧ zaten üç
kademe ⟦TAG:0002:0001:06CD⟧⟦TAG:0000:0003:FF7417FF⟧dışarı çekilmiş⟦TAG:0000:0003:FAFFE6FF⟧⟦END:0002:0001⟧.",2,421,2,315,0.748,OK,OK,REVIEWED,Elle çevrildi; EN/DE/ES/FR/IT karşılaştırıldı; öğretici anlam ve Usta Blox sesi korundu.
444,G_Tut1_03_002,You can't climb it when it's like that!,"So kannst du nicht an
ihm hochklettern!",Así no vas a poder subir.,"Dans cette situation, il n'y a pas
moyen d'escalader le Pullblox !","In una situazione come questa, non
puoi raggiungere la cima del Pullblox!",Bu hâliyle tırmanamazsın!,2,510,1,354,0.694,OK,OK,REVIEWED,Elle çevrildi; EN/DE/ES/FR/IT karşılaştırıldı; öğretici anlam ve Usta Blox sesi korundu.
445,G_Tut1_03_003,You need to do something!,Du musst etwas unternehmen!,A ver cómo lo resuelves…,Il faut que tu trouves une solution !,C'è solo una cosa da fare...,Bir şey yapman gerek!,1,473,1,300,0.634,OK,OK,REVIEWED,Elle çevrildi; EN/DE/ES/FR/IT karşılaştırıldı; öğretici anlam ve Usta Blox sesi korundu.
446,G_Tut1_03_010,"What you need to do is ⟦TAG:0002:0001:06CD⟧⟦TAG:0000:0003:FF7417FF⟧push⟦TAG:0000:0003:FAFFE6FF⟧⟦END:0002:0001⟧
all of the ⟦TAG:0002:0001:06CD⟧⟦TAG:0000:0003:4FBBF1FF⟧blocks⟦TAG:0000:0003:FAFFE6FF⟧⟦END:0002:0001⟧ back in...","Du musst alle ⟦TAG:0002:0001:06CD⟧⟦TAG:0000:0003:4FBBF1FF⟧Blöcke⟦TAG:0000:0003:FAFFE6FF⟧⟦END:0002:0001⟧ wieder
ganz ⟦TAG:0002:0001:06CD⟧⟦TAG:0000:0003:FF7417FF⟧reinschieben⟦TAG:0000:0003:FAFFE6FF⟧⟦END:0002:0001⟧...","Lo que tienes que hacer es ⟦TAG:0002:0001:06CD⟧⟦TAG:0000:0003:FF7417FF⟧empujar⟦TAG:0000:0003:FAFFE6FF⟧⟦END:0002:0001⟧
hasta el fondo todos los ⟦TAG:0002:0001:06CD⟧⟦TAG:0000:0003:4FBBF1FF⟧bloques⟦TAG:0000:0003:FAFFE6FF⟧⟦END:0002:0001⟧.","Ce qu'il faudrait sans doute faire,
c'est ⟦TAG:0002:0001:06CD⟧⟦TAG:0000:0003:FF7417FF⟧repousser⟦TAG:0000:0003:FAFFE6FF⟧⟦END:0002:0001⟧ tous les ⟦TAG:0002:0001:06CD⟧⟦TAG:0000:0003:4FBBF1FF⟧blocs⟦TAG:0000:0003:FAFFE6FF⟧⟦END:0002:0001⟧ à fond...",⟦TAG:0002:0001:06CD⟧⟦TAG:0000:0003:FF7417FF⟧Spingere⟦TAG:0000:0003:FAFFE6FF⟧⟦END:0002:0001⟧ tutti i ⟦TAG:0002:0001:06CD⟧⟦TAG:0000:0003:4FBBF1FF⟧blocchi⟦TAG:0000:0003:FAFFE6FF⟧⟦END:0002:0001⟧ fino in fondo...,"Yapman gereken hepsini ⟦TAG:0002:0001:06CD⟧⟦TAG:0000:0003:FF7417FF⟧itmek⟦TAG:0000:0003:FAFFE6FF⟧⟦END:0002:0001⟧:
bütün ⟦TAG:0002:0001:06CD⟧⟦TAG:0000:0003:4FBBF1FF⟧blokları⟦TAG:0000:0003:FAFFE6FF⟧⟦END:0002:0001⟧ tekrar içeri...",2,512,2,426,0.832,OK,OK,REVIEWED,Elle çevrildi; EN/DE/ES/FR/IT karşılaştırıldı; öğretici anlam ve Usta Blox sesi korundu.
447,G_Tut1_03_020,Oh!,Oh!,¡Anda!,Oh !,Oh!,Ah!,1,95,1,50,0.526,OK,OK,REVIEWED,Elle çevrildi; EN/DE/ES/FR/IT karşılaştırıldı; öğretici anlam ve Usta Blox sesi korundu.
448,G_Tut1_03_021,Of course! The ⟦TAG:0002:0001:06CD⟧⟦TAG:0000:0003:4FBBF1FF⟧reset switch⟦TAG:0000:0003:FAFFE6FF⟧⟦END:0002:0001⟧!,Aber natürlich! Der ⟦TAG:0002:0001:06CD⟧⟦TAG:0000:0003:4FBBF1FF⟧Rücksetzschalter⟦TAG:0000:0003:FAFFE6FF⟧⟦END:0002:0001⟧!,"¡Claro!
¡El ⟦TAG:0002:0001:06CD⟧⟦TAG:0000:0003:4FBBF1FF⟧Cuadrablox⟦TAG:0000:0003:FAFFE6FF⟧⟦END:0002:0001⟧!","Mais bien sûr !
 Le ⟦TAG:0002:0001:06CD⟧⟦TAG:0000:0003:4FBBF1FF⟧réinitialisateur⟦TAG:0000:0003:FAFFE6FF⟧⟦END:0002:0001⟧ !","Ma certo!
L'⟦TAG:0002:0001:06CD⟧⟦TAG:0000:0003:4FBBF1FF⟧interruttore reset⟦TAG:0000:0003:FAFFE6FF⟧⟦END:0002:0001⟧!",Tabii ya! ⟦TAG:0002:0001:06CD⟧⟦TAG:0000:0003:4FBBF1FF⟧Sıfırlama düğmesi⟦TAG:0000:0003:FAFFE6FF⟧⟦END:0002:0001⟧!,2,516,1,377,0.731,OK,OK,REVIEWED,Elle çevrildi; EN/DE/ES/FR/IT karşılaştırıldı; öğretici anlam ve Usta Blox sesi korundu.
449,G_Tut1_03_022,"Now you can ⟦TAG:0002:0001:06CD⟧⟦TAG:0000:0003:FF7417FF⟧pull out⟦TAG:0000:0003:FAFFE6FF⟧⟦END:0002:0001⟧ the
⟦TAG:0002:0001:06CD⟧⟦TAG:0000:0003:4FBBF1FF⟧blocks⟦TAG:0000:0003:FAFFE6FF⟧⟦END:0002:0001⟧ in the right order","Jetzt kannst du die ⟦TAG:0002:0001:06CD⟧⟦TAG:0000:0003:4FBBF1FF⟧Blöcke⟦TAG:0000:0003:FAFFE6FF⟧⟦END:0002:0001⟧ in der
richtigen Reihenfolge ⟦TAG:0002:0001:06CD⟧⟦TAG:0000:0003:FF7417FF⟧rausziehen⟦TAG:0000:0003:FAFFE6FF⟧⟦END:0002:0001⟧","Ahora ya puedes ⟦TAG:0002:0001:06CD⟧⟦TAG:0000:0003:FF7417FF⟧tirar⟦TAG:0000:0003:FAFFE6FF⟧⟦END:0002:0001⟧ de los ⟦TAG:0002:0001:06CD⟧⟦TAG:0000:0003:4FBBF1FF⟧bloques⟦TAG:0000:0003:FAFFE6FF⟧⟦END:0002:0001⟧
en el orden correcto...","Et maintenant, tu peux ⟦TAG:0002:0001:06CD⟧⟦TAG:0000:0003:FF7417FF⟧tirer⟦TAG:0000:0003:FAFFE6FF⟧⟦END:0002:0001⟧ sur les
différents ⟦TAG:0002:0001:06CD⟧⟦TAG:0000:0003:4FBBF1FF⟧blocs⟦TAG:0000:0003:FAFFE6FF⟧⟦END:0002:0001⟧ dans le bon ordre,","Ora puoi ⟦TAG:0002:0001:06CD⟧⟦TAG:0000:0003:FF7417FF⟧tirare⟦TAG:0000:0003:FAFFE6FF⟧⟦END:0002:0001⟧ i ⟦TAG:0002:0001:06CD⟧⟦TAG:0000:0003:4FBBF1FF⟧blocchi⟦TAG:0000:0003:FAFFE6FF⟧⟦END:0002:0001⟧
nell'ordine giusto,","Artık doğru sırayla ⟦TAG:0002:0001:06CD⟧⟦TAG:0000:0003:FF7417FF⟧çekebilirsin⟦TAG:0000:0003:FAFFE6FF⟧⟦END:0002:0001⟧
⟦TAG:0002:0001:06CD⟧⟦TAG:0000:0003:4FBBF1FF⟧blokları⟦TAG:0000:0003:FAFFE6FF⟧⟦END:0002:0001⟧",2,494,2,426,0.862,OK,OK,REVIEWED,Elle çevrildi; EN/DE/ES/FR/IT karşılaştırıldı; öğretici anlam ve Usta Blox sesi korundu.
450,G_Tut1_03_023,and just climb on up!,und dann nach oben klettern!,¡y subir hasta arriba!,pour grimper jusque là-haut !,così arriverai in cima!,ve rahatça yukarı çıkabilirsin!,1,402,1,415,1.032,OK,OK,REVIEWED,Elle çevrildi; EN/DE/ES/FR/IT karşılaştırıldı; öğretici anlam ve Usta Blox sesi korundu.
451,G_Tut1_03_030,"Right, then! ⟦TAG:0002:0001:06CD⟧⟦TAG:0000:0003:FF7417FF⟧Pull out⟦TAG:0000:0003:FAFFE6FF⟧⟦END:0002:0001⟧ the ⟦TAG:0002:0001:06CD⟧⟦TAG:0000:0003:4FBBF1FF⟧blocks⟦TAG:0000:0003:FAFFE6FF⟧⟦END:0002:0001⟧ in
the right order, and climb on up!","⟦TAG:0002:0001:06CD⟧⟦TAG:0000:0003:FF7417FF⟧Zieh⟦TAG:0000:0003:FAFFE6FF⟧⟦END:0002:0001⟧ die ⟦TAG:0002:0001:06CD⟧⟦TAG:0000:0003:4FBBF1FF⟧Blöcke⟦TAG:0000:0003:FAFFE6FF⟧⟦END:0002:0001⟧ also in der richtigen
Reihenfolge ⟦TAG:0002:0001:06CD⟧⟦TAG:0000:0003:FF7417FF⟧raus⟦TAG:0000:0003:FAFFE6FF⟧⟦END:0002:0001⟧ und klettere hoch!","¡Manos a la obra! ⟦TAG:0002:0001:06CD⟧⟦TAG:0000:0003:FF7417FF⟧Tira⟦TAG:0000:0003:FAFFE6FF⟧⟦END:0002:0001⟧ de los ⟦TAG:0002:0001:06CD⟧⟦TAG:0000:0003:4FBBF1FF⟧bloques⟦TAG:0000:0003:FAFFE6FF⟧⟦END:0002:0001⟧
en el orden correcto... ¡y arriba!","Eh bien, vas-y ! ⟦TAG:0002:0001:06CD⟧⟦TAG:0000:0003:FF7417FF⟧Tire⟦TAG:0000:0003:FAFFE6FF⟧⟦END:0002:0001⟧ sur les ⟦TAG:0002:0001:06CD⟧⟦TAG:0000:0003:4FBBF1FF⟧blocs⟦TAG:0000:0003:FAFFE6FF⟧⟦END:0002:0001⟧ dans
le bon ordre et grimpe jusqu'en haut !","Orsù, ragazzo mio! ⟦TAG:0002:0001:06CD⟧⟦TAG:0000:0003:FF7417FF⟧Tira⟦TAG:0000:0003:FAFFE6FF⟧⟦END:0002:0001⟧ i ⟦TAG:0002:0001:06CD⟧⟦TAG:0000:0003:4FBBF1FF⟧blocchi⟦TAG:0000:0003:FAFFE6FF⟧⟦END:0002:0001⟧
nel giusto ordine e sali fino in cima.","Haydi bakalım! Doğru sırayla
⟦TAG:0002:0001:06CD⟧⟦TAG:0000:0003:FF7417FF⟧çek⟦TAG:0000:0003:FAFFE6FF⟧⟦END:0002:0001⟧ ⟦TAG:0002:0001:06CD⟧⟦TAG:0000:0003:4FBBF1FF⟧blokları⟦TAG:0000:0003:FAFFE6FF⟧⟦END:0002:0001⟧ ve yukarı tırman!",2,505,2,405,0.802,OK,OK,REVIEWED,Elle çevrildi; EN/DE/ES/FR/IT karşılaştırıldı; öğretici anlam ve Usta Blox sesi korundu.
452,Guide_Tuto_04,,,,,,,1,0,0,0,0.000,EMPTY,OK,EMPTY,
453,G_Tut1_04_000,"You seem to be getting the hang of it,
and all this activity's making me tired.","So langsam hast du den Dreh raus,
aber das Ganze hier macht mich müde.","Ya has aprendido mucho
y a mí tanto trajín me agota.","Tu me sembles avoir bien compris
comment mes Pullblox fonctionnent.","Ormai sembri a tuo agio qui! Io, invece,
comincio a sentirmi un po' stanco...","İşi kapmaya başladın;
bense bu koşturmacadan yoruldum.",2,524,2,474,0.905,OK,OK,REVIEWED,Elle çevrildi; EN/DE/ES/FR/IT karşılaştırıldı; öğretici anlam ve Usta Blox sesi korundu.
454,G_Tut1_04_001,"I'll need to take a rest soon, but
I'm sure you'll be fine on your own.","Ich muss mich bald ausruhen, aber du
kommst sicher auch allein zurecht.","Creo que voy a dejarte solo.
Seguro que te las apañas bien.","Je suis sûr que tu sauras continuer tout
seul. Toute cette activité m'a fatigué...","Ho bisogno di un riposino... Sono certo
che te la caverai anche senza di me!","Birazdan dinlenmem gerekecek ama
tek başına da gayet iyi gidersin.",2,524,2,489,0.933,OK,OK,REVIEWED,Elle çevrildi; EN/DE/ES/FR/IT karşılaştırıldı; öğretici anlam ve Usta Blox sesi korundu.
455,G_Tut1_04_002,"If you need any help, just touch
""Tutorials"" on the main menu.","Benötigst du Hilfe, berühre im
Hauptmenü TUTORIALS.","Si tienes alguna duda, ven a verme
a la ""Academia"", en el menú principal.","Si tu as besoin de mon aide, touche
« Tutoriels » dans le menu principal.","Se mai dovessi trovarti in difficoltà,
tocca ""Tutorial"" nel menu principale.","Yardım gerekirse ana menüden
“Eğitimler”e dokun.",2,514,2,420,0.817,OK,OK,REVIEWED,Elle çevrildi; EN/DE/ES/FR/IT karşılaştırıldı; öğretici anlam ve Usta Blox sesi korundu.
456,G_Tut1_04_003,"I'll share my wealth of Pullblox
knowledge with you.","Ich gebe dir dann schon einen Tipp,
mach dir also keine Sorgen.","Haré lo posible por resolverla,
no te preocupes.","Je t'enseignerai avec plaisir tout
ce que je sais sur les Pullblox.","Sono sempre pronto a darti dei
preziosi consigli sui Pullblox.","Pullblox hakkında bildiğim
ne varsa seninle paylaşırım.",2,473,2,378,0.799,OK,OK,REVIEWED,Elle çevrildi; EN/DE/ES/FR/IT karşılaştırıldı; öğretici anlam ve Usta Blox sesi korundu.
457,G_Tut1_04_004,"Oh, and if you make a mistake
that you can't work around, ","Wenn du einen Fehler machst und
nicht mehr weiterkommst,",Si te equivocas y quieres rectificar...,"Ah, au fait ! Si tu as fait une erreur
et que tu te retrouves coincé,","Ah, dimenticavo! Se fai un errore
e non sai più come andare avanti,","Ha, bir de telafi edemediğin
bir hata yaparsan,",2,491,2,380,0.774,OK,OK,REVIEWED,Elle çevrildi; EN/DE/ES/FR/IT karşılaştırıldı; öğretici anlam ve Usta Blox sesi korundu.
458,G_Tut1_04_005,"you can rewind time by holding
down . Be sure to give that a try!","halte  gedrückt, um die Zeit zurück-
zuspulen. Probier das ruhig mal aus.","puedes retroceder en el tiempo.
Mantén pulsado  y verás.","tu peux revenir en arrière en maintenant
 enfoncé. Essaie-donc, à l'occasion !","puoi riavvolgere il tempo tenendo
premuto . Se ti capita, fai una prova!","’ü basılı tutup zamanı geri
sarabilirsin. Bunu mutlaka dene!",2,560,2,439,0.784,OK,OK,REVIEWED,Elle çevrildi; EN/DE/ES/FR/IT karşılaştırıldı; öğretici anlam ve Usta Blox sesi korundu.
459,G_Tut1_04_006,"Well then, you should get going!
This Pullblox isn't finished yet.","Also, du solltest loslegen! Dieses
Pullblox ist noch nicht gelöst.","Bueno, mozo, ¡que tienes que seguir!","Bon, c'est pas tout ça, mais il faudrait
que tu t'occupes de ce Pullblox, non ?","Bene, è ora di mettersi al lavoro
e risolvere questo Pullblox!","Haydi, devam et!
Bu Pullblox daha bitmedi.",2,509,2,343,0.674,OK,OK,REVIEWED,Elle çevrildi; EN/DE/ES/FR/IT karşılaştırıldı; öğretici anlam ve Usta Blox sesi korundu.
460,G_Tut1_04_010,"If you're faced with a gap that's one
square wide, press  to ⟦TAG:0002:0001:06CD⟧⟦TAG:0000:0003:FF7417FF⟧jump⟦TAG:0000:0003:FAFFE6FF⟧⟦END:0002:0001⟧ across it.","Eine ein Feld breite Lücke kannst du
durch Drücken von  ⟦TAG:0002:0001:06CD⟧⟦TAG:0000:0003:FF7417FF⟧überspringen⟦TAG:0000:0003:FAFFE6FF⟧⟦END:0002:0001⟧.","Cuando estés ante un hueco sencillo,
pulsa  para ⟦TAG:0002:0001:06CD⟧⟦TAG:0000:0003:FF7417FF⟧saltar⟦TAG:0000:0003:FAFFE6FF⟧⟦END:0002:0001⟧ al otro lado.","Tu peux ⟦TAG:0002:0001:06CD⟧⟦TAG:0000:0003:FF7417FF⟧sauter⟦TAG:0000:0003:FAFFE6FF⟧⟦END:0002:0001⟧ par-dessus un fossé
d'un cube de large en appuyant sur .","Puoi ⟦TAG:0002:0001:06CD⟧⟦TAG:0000:0003:FF7417FF⟧saltare⟦TAG:0000:0003:FAFFE6FF⟧⟦END:0002:0001⟧ un vuoto di lunghezza
pari a una casella premendo .","Bir kare genişliğinde boşluk varsa
’ya basıp üzerinden ⟦TAG:0002:0001:06CD⟧⟦TAG:0000:0003:FF7417FF⟧zıplayabilirsin⟦TAG:0000:0003:FAFFE6FF⟧⟦END:0002:0001⟧.",2,517,2,501,0.969,OK,OK,REVIEWED,Elle çevrildi; EN/DE/ES/FR/IT karşılaştırıldı; öğretici anlam ve Usta Blox sesi korundu.
461,Guide_Tuto_05,,,,,,,1,0,0,0,0.000,EMPTY,OK,EMPTY,
462,G_Tut1_05_000,Just close your eyes and ⟦TAG:0002:0001:06CD⟧⟦TAG:0000:0003:FF7417FF⟧jump⟦TAG:0000:0003:FAFFE6FF⟧⟦END:0002:0001⟧!,Einfach die Augen zu und ⟦TAG:0002:0001:06CD⟧⟦TAG:0000:0003:FF7417FF⟧springen⟦TAG:0000:0003:FAFFE6FF⟧⟦END:0002:0001⟧!,Tú cierra los ojos ¡y ⟦TAG:0002:0001:06CD⟧⟦TAG:0000:0003:FF7417FF⟧salta⟦TAG:0000:0003:FAFFE6FF⟧⟦END:0002:0001⟧!,"Allez, tu n'as qu'à fermer les yeux
et ⟦TAG:0002:0001:06CD⟧⟦TAG:0000:0003:FF7417FF⟧sauter⟦TAG:0000:0003:FAFFE6FF⟧⟦END:0002:0001⟧ par-dessus ce fossé !","Fai un bel respiro, chiudi gli occhi
e ⟦TAG:0002:0001:06CD⟧⟦TAG:0000:0003:FF7417FF⟧salta⟦TAG:0000:0003:FAFFE6FF⟧⟦END:0002:0001⟧!",Gözlerini kapat ve ⟦TAG:0002:0001:06CD⟧⟦TAG:0000:0003:FF7417FF⟧zıpla⟦TAG:0000:0003:FAFFE6FF⟧⟦END:0002:0001⟧!,2,478,1,338,0.707,OK,OK,REVIEWED,Elle çevrildi; EN/DE/ES/FR/IT karşılaştırıldı; öğretici anlam ve Usta Blox sesi korundu.
463,Guide_Tuto_06,,,,,,,1,0,0,0,0.000,EMPTY,OK,EMPTY,
464,G_Tut1_06_000,"Don't forget to ⟦TAG:0002:0001:06CD⟧⟦TAG:0000:0003:FF7417FF⟧pull out⟦TAG:0000:0003:FAFFE6FF⟧⟦END:0002:0001⟧ 
a ⟦TAG:0002:0001:06CD⟧⟦TAG:0000:0003:4FBBF1FF⟧block⟦TAG:0000:0003:FAFFE6FF⟧⟦END:0002:0001⟧ to ⟦TAG:0002:0001:06CD⟧⟦TAG:0000:0003:FF7417FF⟧jump⟦TAG:0000:0003:FAFFE6FF⟧⟦END:0002:0001⟧ onto.","Vergiss nicht, einen ⟦TAG:0002:0001:06CD⟧⟦TAG:0000:0003:4FBBF1FF⟧Block⟦TAG:0000:0003:FAFFE6FF⟧⟦END:0002:0001⟧ für
die Landung ⟦TAG:0002:0001:06CD⟧⟦TAG:0000:0003:FF7417FF⟧rauszuziehen⟦TAG:0000:0003:FAFFE6FF⟧⟦END:0002:0001⟧.","¡No te olvides de ⟦TAG:0002:0001:06CD⟧⟦TAG:0000:0003:FF7417FF⟧tirar⟦TAG:0000:0003:FAFFE6FF⟧⟦END:0002:0001⟧ de un ⟦TAG:0002:0001:06CD⟧⟦TAG:0000:0003:4FBBF1FF⟧bloque⟦TAG:0000:0003:FAFFE6FF⟧⟦END:0002:0001⟧
para poder ⟦TAG:0002:0001:06CD⟧⟦TAG:0000:0003:FF7417FF⟧saltar⟦TAG:0000:0003:FAFFE6FF⟧⟦END:0002:0001⟧ encima!","N'oublie pas de ⟦TAG:0002:0001:06CD⟧⟦TAG:0000:0003:FF7417FF⟧tirer⟦TAG:0000:0003:FAFFE6FF⟧⟦END:0002:0001⟧ sur un ⟦TAG:0002:0001:06CD⟧⟦TAG:0000:0003:4FBBF1FF⟧bloc⟦TAG:0000:0003:FAFFE6FF⟧⟦END:0002:0001⟧ pour
pouvoir atterrir dessus en ⟦TAG:0002:0001:06CD⟧⟦TAG:0000:0003:FF7417FF⟧sautant⟦TAG:0000:0003:FAFFE6FF⟧⟦END:0002:0001⟧.","Ricordati di ⟦TAG:0002:0001:06CD⟧⟦TAG:0000:0003:FF7417FF⟧tirare⟦TAG:0000:0003:FAFFE6FF⟧⟦END:0002:0001⟧ un ⟦TAG:0002:0001:06CD⟧⟦TAG:0000:0003:4FBBF1FF⟧blocco⟦TAG:0000:0003:FAFFE6FF⟧⟦END:0002:0001⟧
sul quale puoi ⟦TAG:0002:0001:06CD⟧⟦TAG:0000:0003:FF7417FF⟧saltare⟦TAG:0000:0003:FAFFE6FF⟧⟦END:0002:0001⟧.","Üzerine ⟦TAG:0002:0001:06CD⟧⟦TAG:0000:0003:FF7417FF⟧zıplayacağın⟦TAG:0000:0003:FAFFE6FF⟧⟦END:0002:0001⟧ bir ⟦TAG:0002:0001:06CD⟧⟦TAG:0000:0003:4FBBF1FF⟧bloğu⟦TAG:0000:0003:FAFFE6FF⟧⟦END:0002:0001⟧
önce ⟦TAG:0002:0001:06CD⟧⟦TAG:0000:0003:FF7417FF⟧çekip çıkarmayı⟦TAG:0000:0003:FAFFE6FF⟧⟦END:0002:0001⟧ unutma.",2,494,2,413,0.836,OK,OK,REVIEWED,Elle çevrildi; EN/DE/ES/FR/IT karşılaştırıldı; öğretici anlam ve Usta Blox sesi korundu.
465,Guide_Tuto_07,,,,,,,1,0,0,0,0.000,EMPTY,OK,EMPTY,
466,G_Tut1_07_000,Huh?,Was?,¿Mmmm?...,Eh bien ?,Uh?,Hı?,1,143,1,46,0.322,OK,OK,REVIEWED,Elle çevrildi; beş resmî dil karşılaştırıldı; yandan çekiş öğretici terminolojisi sabitlendi.
467,G_Tut1_07_010,"I guess he doesn't know the trick
to climbing further up this one.","Er kennt wohl den Trick nicht, wie
man hier weiter nach oben kommt.",Así no vas a poder llegar hasta arriba…,"Je crois qu'il ne connaît pas l'astuce
pour grimper plus haut sur ce Pullblox.","Pare che il nostro piccolo amico non
conosca il trucco per salire più in alto.","Sanırım burada daha yukarı çıkmanın
püf noktasını bilmiyor.",2,539,2,512,0.950,OK,OK,REVIEWED,Elle çevrildi; beş resmî dil karşılaştırıldı; yandan çekiş öğretici terminolojisi sabitlendi.
468,G_Tut1_07_011,It's called the ⟦TAG:0002:0001:06CD⟧⟦TAG:0000:0003:FF7417FF⟧side pull⟦TAG:0000:0003:FAFFE6FF⟧⟦END:0002:0001⟧.,⟦TAG:0002:0001:06CD⟧⟦TAG:0000:0003:FF7417FF⟧Seitliches Ziehen⟦TAG:0000:0003:FAFFE6FF⟧⟦END:0002:0001⟧ ist angesagt.,Necesitas aprender a ⟦TAG:0002:0001:06CD⟧⟦TAG:0000:0003:FF7417FF⟧tirar de lado⟦TAG:0000:0003:FAFFE6FF⟧⟦END:0002:0001⟧.,"Ce qu'il faut faire, ici,
c'est ⟦TAG:0002:0001:06CD⟧⟦TAG:0000:0003:FF7417FF⟧tirer par le côté⟦TAG:0000:0003:FAFFE6FF⟧⟦END:0002:0001⟧.","Ciò che bisogna fare in questo
caso è ⟦TAG:0002:0001:06CD⟧⟦TAG:0000:0003:FF7417FF⟧tirare di lato⟦TAG:0000:0003:FAFFE6FF⟧⟦END:0002:0001⟧!",Buna ⟦TAG:0002:0001:06CD⟧⟦TAG:0000:0003:FF7417FF⟧yandan çekme⟦TAG:0000:0003:FAFFE6FF⟧⟦END:0002:0001⟧ denir.,2,478,1,357,0.747,OK,OK,REVIEWED,Elle çevrildi; beş resmî dil karşılaştırıldı; yandan çekiş öğretici terminolojisi sabitlendi.
469,G_Tut1_07_012,"It involves ⟦TAG:0002:0001:06CD⟧⟦TAG:0000:0003:FF7417FF⟧pulling⟦TAG:0000:0003:FAFFE6FF⟧⟦END:0002:0001⟧ a ⟦TAG:0002:0001:06CD⟧⟦TAG:0000:0003:4FBBF1FF⟧block⟦TAG:0000:0003:FAFFE6FF⟧⟦END:0002:0001⟧ by
grabbing it from the side.","Dabei ⟦TAG:0002:0001:06CD⟧⟦TAG:0000:0003:FF7417FF⟧ziehst⟦TAG:0000:0003:FAFFE6FF⟧⟦END:0002:0001⟧ du einen ⟦TAG:0002:0001:06CD⟧⟦TAG:0000:0003:4FBBF1FF⟧Block⟦TAG:0000:0003:FAFFE6FF⟧⟦END:0002:0001⟧ ⟦TAG:0002:0001:06CD⟧⟦TAG:0000:0003:FF7417FF⟧raus⟦TAG:0000:0003:FAFFE6FF⟧⟦END:0002:0001⟧,
indem du ihn von der Seite greifst.","Mira, coge el ⟦TAG:0002:0001:06CD⟧⟦TAG:0000:0003:4FBBF1FF⟧bloque⟦TAG:0000:0003:FAFFE6FF⟧⟦END:0002:0001⟧ y ⟦TAG:0002:0001:06CD⟧⟦TAG:0000:0003:FF7417FF⟧tira de lado⟦TAG:0000:0003:FAFFE6FF⟧⟦END:0002:0001⟧.","Pour cela, il faut attraper le ⟦TAG:0002:0001:06CD⟧⟦TAG:0000:0003:4FBBF1FF⟧bloc⟦TAG:0000:0003:FAFFE6FF⟧⟦END:0002:0001⟧
à déplacer par un de ses côtés.","In altre parole, devi ⟦TAG:0002:0001:06CD⟧⟦TAG:0000:0003:FF7417FF⟧tirare⟦TAG:0000:0003:FAFFE6FF⟧⟦END:0002:0001⟧ il ⟦TAG:0002:0001:06CD⟧⟦TAG:0000:0003:4FBBF1FF⟧blocco⟦TAG:0000:0003:FAFFE6FF⟧⟦END:0002:0001⟧ 
afferrandolo da un lato.","Yandan tutup bir ⟦TAG:0002:0001:06CD⟧⟦TAG:0000:0003:FF7417FF⟧çekiş⟦TAG:0000:0003:FAFFE6FF⟧⟦END:0002:0001⟧ yaparsın,
⟦TAG:0002:0001:06CD⟧⟦TAG:0000:0003:4FBBF1FF⟧bloğu⟦TAG:0000:0003:FAFFE6FF⟧⟦END:0002:0001⟧ böyle hareket ettirirsin.",2,485,2,442,0.911,OK,OK,REVIEWED,Elle çevrildi; beş resmî dil karşılaştırıldı; yandan çekiş öğretici terminolojisi sabitlendi.
470,G_Tut1_07_013,"Once you grab the side of a ⟦TAG:0002:0001:06CD⟧⟦TAG:0000:0003:4FBBF1FF⟧block⟦TAG:0000:0003:FAFFE6FF⟧⟦END:0002:0001⟧, ","Wenn du einen ⟦TAG:0002:0001:06CD⟧⟦TAG:0000:0003:4FBBF1FF⟧Block⟦TAG:0000:0003:FAFFE6FF⟧⟦END:0002:0001⟧ von der Seite
gegriffen hast,","Cuando tienes cogido
un ⟦TAG:0002:0001:06CD⟧⟦TAG:0000:0003:4FBBF1FF⟧bloque⟦TAG:0000:0003:FAFFE6FF⟧⟦END:0002:0001⟧ de lado...","Quand on tient un ⟦TAG:0002:0001:06CD⟧⟦TAG:0000:0003:4FBBF1FF⟧bloc⟦TAG:0000:0003:FAFFE6FF⟧⟦END:0002:0001⟧ par le côté,","Dopo aver afferrato un lato del ⟦TAG:0002:0001:06CD⟧⟦TAG:0000:0003:4FBBF1FF⟧blocco⟦TAG:0000:0003:FAFFE6FF⟧⟦END:0002:0001⟧,","Bir ⟦TAG:0002:0001:06CD⟧⟦TAG:0000:0003:4FBBF1FF⟧bloğun⟦TAG:0000:0003:FAFFE6FF⟧⟦END:0002:0001⟧ yanını tuttuğunda,",2,528,1,399,0.756,OK,OK,REVIEWED,Elle çevrildi; beş resmî dil karşılaştırıldı; yandan çekiş öğretici terminolojisi sabitlendi.
471,G_Tut1_07_014,you can ⟦TAG:0002:0001:06CD⟧⟦TAG:0000:0003:FF7417FF⟧pull⟦TAG:0000:0003:FAFFE6FF⟧⟦END:0002:0001⟧ and ⟦TAG:0002:0001:06CD⟧⟦TAG:0000:0003:FF7417FF⟧push⟦TAG:0000:0003:FAFFE6FF⟧⟦END:0002:0001⟧ it!,kannst du ihn ⟦TAG:0002:0001:06CD⟧⟦TAG:0000:0003:FF7417FF⟧ziehen⟦TAG:0000:0003:FAFFE6FF⟧⟦END:0002:0001⟧ und ⟦TAG:0002:0001:06CD⟧⟦TAG:0000:0003:FF7417FF⟧schieben⟦TAG:0000:0003:FAFFE6FF⟧⟦END:0002:0001⟧!,¡puedes ⟦TAG:0002:0001:06CD⟧⟦TAG:0000:0003:FF7417FF⟧tirar⟦TAG:0000:0003:FAFFE6FF⟧⟦END:0002:0001⟧ de él y ⟦TAG:0002:0001:06CD⟧⟦TAG:0000:0003:FF7417FF⟧empujarlo⟦TAG:0000:0003:FAFFE6FF⟧⟦END:0002:0001⟧!,"on peut d'ailleurs aussi bien
le ⟦TAG:0002:0001:06CD⟧⟦TAG:0000:0003:FF7417FF⟧tirer⟦TAG:0000:0003:FAFFE6FF⟧⟦END:0002:0001⟧ que le ⟦TAG:0002:0001:06CD⟧⟦TAG:0000:0003:FF7417FF⟧pousser⟦TAG:0000:0003:FAFFE6FF⟧⟦END:0002:0001⟧ !",è possibile ⟦TAG:0002:0001:06CD⟧⟦TAG:0000:0003:FF7417FF⟧tirarlo⟦TAG:0000:0003:FAFFE6FF⟧⟦END:0002:0001⟧ e ⟦TAG:0002:0001:06CD⟧⟦TAG:0000:0003:FF7417FF⟧spingerlo⟦TAG:0000:0003:FAFFE6FF⟧⟦END:0002:0001⟧!,onu ⟦TAG:0002:0001:06CD⟧⟦TAG:0000:0003:FF7417FF⟧çekebilir⟦TAG:0000:0003:FAFFE6FF⟧⟦END:0002:0001⟧ ve ⟦TAG:0002:0001:06CD⟧⟦TAG:0000:0003:FF7417FF⟧itebilirsin⟦TAG:0000:0003:FAFFE6FF⟧⟦END:0002:0001⟧!,2,472,1,363,0.769,OK,OK,REVIEWED,Elle çevrildi; beş resmî dil karşılaştırıldı; yandan çekiş öğretici terminolojisi sabitlendi.
472,G_Tut1_07_020,"That's right!
That's the ⟦TAG:0002:0001:06CD⟧⟦TAG:0000:0003:FF7417FF⟧side pull⟦TAG:0000:0003:FAFFE6FF⟧⟦END:0002:0001⟧!","Ganz genau!
Das ist das ⟦TAG:0002:0001:06CD⟧⟦TAG:0000:0003:FF7417FF⟧seitliche Ziehen⟦TAG:0000:0003:FAFFE6FF⟧⟦END:0002:0001⟧!","¡Eeeeso es!
Recuerda: ¡⟦TAG:0002:0001:06CD⟧⟦TAG:0000:0003:FF7417FF⟧tirar de lado⟦TAG:0000:0003:FAFFE6FF⟧⟦END:0002:0001⟧!","Voilà, tu as compris !
C'est ça, ⟦TAG:0002:0001:06CD⟧⟦TAG:0000:0003:FF7417FF⟧tirer par le côté⟦TAG:0000:0003:FAFFE6FF⟧⟦END:0002:0001⟧.","Esatto, hai capito!
Per ⟦TAG:0002:0001:06CD⟧⟦TAG:0000:0003:FF7417FF⟧tirare di lato⟦TAG:0000:0003:FAFFE6FF⟧⟦END:0002:0001⟧ devi fare così!","Aynen öyle!
İşte ⟦TAG:0002:0001:06CD⟧⟦TAG:0000:0003:FF7417FF⟧yandan çekme⟦TAG:0000:0003:FAFFE6FF⟧⟦END:0002:0001⟧!",2,431,2,260,0.603,OK,OK,REVIEWED,Elle çevrildi; beş resmî dil karşılaştırıldı; yandan çekiş öğretici terminolojisi sabitlendi.
473,G_Tut1_07_030,Watch out!,Aber aufgepasst!,¡Y ojo!,Attention !,Attenzione!,Ama dikkat!,1,235,1,171,0.728,OK,OK,REVIEWED,Elle çevrildi; beş resmî dil karşılaştırıldı; yandan çekiş öğretici terminolojisi sabitlendi.
474,G_Tut1_07_031,"If you're on the edge of a ⟦TAG:0002:0001:06CD⟧⟦TAG:0000:0003:4FBBF1FF⟧block⟦TAG:0000:0003:FAFFE6FF⟧⟦END:0002:0001⟧
and are about to fall off it, ","Wenn du am Rand eines ⟦TAG:0002:0001:06CD⟧⟦TAG:0000:0003:4FBBF1FF⟧Blocks⟦TAG:0000:0003:FAFFE6FF⟧⟦END:0002:0001⟧ stehst
und fast von ihm runterfällst,","Si estás al borde de un ⟦TAG:0002:0001:06CD⟧⟦TAG:0000:0003:4FBBF1FF⟧bloque⟦TAG:0000:0003:FAFFE6FF⟧⟦END:0002:0001⟧
y a punto de caerte...","Si on avance jusqu'au bord d'un ⟦TAG:0002:0001:06CD⟧⟦TAG:0000:0003:4FBBF1FF⟧bloc⟦TAG:0000:0003:FAFFE6FF⟧⟦END:0002:0001⟧,
au point de presque perdre l'équilibre, ","Se raggiungi il bordo di un ⟦TAG:0002:0001:06CD⟧⟦TAG:0000:0003:4FBBF1FF⟧blocco⟦TAG:0000:0003:FAFFE6FF⟧⟦END:0002:0001⟧ e
sei sul punto di perdere l'equilibrio,","Bir ⟦TAG:0002:0001:06CD⟧⟦TAG:0000:0003:4FBBF1FF⟧bloğun⟦TAG:0000:0003:FAFFE6FF⟧⟦END:0002:0001⟧ kenarındaysan
ve düşmek üzereysen,",2,523,2,348,0.665,OK,OK,REVIEWED,Elle çevrildi; beş resmî dil karşılaştırıldı; yandan çekiş öğretici terminolojisi sabitlendi.
475,G_Tut1_07_032,"you won't be able to ⟦TAG:0002:0001:06CD⟧⟦TAG:0000:0003:FF7417FF⟧pull out⟦TAG:0000:0003:FAFFE6FF⟧⟦END:0002:0001⟧ the
⟦TAG:0002:0001:06CD⟧⟦TAG:0000:0003:4FBBF1FF⟧block⟦TAG:0000:0003:FAFFE6FF⟧⟦END:0002:0001⟧ you're grabbing any further!","kannst du den gegriffenen ⟦TAG:0002:0001:06CD⟧⟦TAG:0000:0003:4FBBF1FF⟧Block⟦TAG:0000:0003:FAFFE6FF⟧⟦END:0002:0001⟧
nicht weiter ⟦TAG:0002:0001:06CD⟧⟦TAG:0000:0003:FF7417FF⟧rausziehen⟦TAG:0000:0003:FAFFE6FF⟧⟦END:0002:0001⟧!",¡no podrás ⟦TAG:0002:0001:06CD⟧⟦TAG:0000:0003:FF7417FF⟧tirar⟦TAG:0000:0003:FAFFE6FF⟧⟦END:0002:0001⟧ más del ⟦TAG:0002:0001:06CD⟧⟦TAG:0000:0003:4FBBF1FF⟧bloque⟦TAG:0000:0003:FAFFE6FF⟧⟦END:0002:0001⟧!,"il est impossible de ⟦TAG:0002:0001:06CD⟧⟦TAG:0000:0003:FF7417FF⟧tirer⟦TAG:0000:0003:FAFFE6FF⟧⟦END:0002:0001⟧ plus
vers l'avant le ⟦TAG:0002:0001:06CD⟧⟦TAG:0000:0003:4FBBF1FF⟧bloc⟦TAG:0000:0003:FAFFE6FF⟧⟦END:0002:0001⟧ qu'on tient !","non puoi ⟦TAG:0002:0001:06CD⟧⟦TAG:0000:0003:FF7417FF⟧tirare⟦TAG:0000:0003:FAFFE6FF⟧⟦END:0002:0001⟧ ulteriormente
il ⟦TAG:0002:0001:06CD⟧⟦TAG:0000:0003:4FBBF1FF⟧blocco⟦TAG:0000:0003:FAFFE6FF⟧⟦END:0002:0001⟧ che hai afferrato!","Daha fazla ⟦TAG:0002:0001:06CD⟧⟦TAG:0000:0003:FF7417FF⟧çekemezsin⟦TAG:0000:0003:FAFFE6FF⟧⟦END:0002:0001⟧; tuttuğun
⟦TAG:0002:0001:06CD⟧⟦TAG:0000:0003:4FBBF1FF⟧blok⟦TAG:0000:0003:FAFFE6FF⟧⟦END:0002:0001⟧ yerinden oynamaz!",2,466,2,449,0.964,OK,OK,REVIEWED,Elle çevrildi; beş resmî dil karşılaştırıldı; yandan çekiş öğretici terminolojisi sabitlendi.
476,G_Tut1_07_033,"Find a more secure foothold, then grab
on to the ⟦TAG:0002:0001:06CD⟧⟦TAG:0000:0003:4FBBF1FF⟧block⟦TAG:0000:0003:FAFFE6FF⟧⟦END:0002:0001⟧ you want to move","Such dir einen sicheren Halt, greif den
⟦TAG:0002:0001:06CD⟧⟦TAG:0000:0003:4FBBF1FF⟧Block⟦TAG:0000:0003:FAFFE6FF⟧⟦END:0002:0001⟧, den du bewegen möchtest","Ponte en un lugar seguro para coger
el ⟦TAG:0002:0001:06CD⟧⟦TAG:0000:0003:4FBBF1FF⟧bloque⟦TAG:0000:0003:FAFFE6FF⟧⟦END:0002:0001⟧ que quieras mover...","Il faut d'abord trouver un appui plus
stable, puis ressaisir le ⟦TAG:0002:0001:06CD⟧⟦TAG:0000:0003:4FBBF1FF⟧bloc⟦TAG:0000:0003:FAFFE6FF⟧⟦END:0002:0001⟧ à déplacer.","Trova un appoggio più sicuro e afferra
di nuovo il ⟦TAG:0002:0001:06CD⟧⟦TAG:0000:0003:4FBBF1FF⟧blocco⟦TAG:0000:0003:FAFFE6FF⟧⟦END:0002:0001⟧ che vuoi spostare.","Sağlam bas, sonra oynatacağın
⟦TAG:0002:0001:06CD⟧⟦TAG:0000:0003:4FBBF1FF⟧bloğu⟦TAG:0000:0003:FAFFE6FF⟧⟦END:0002:0001⟧ yeniden tut",2,528,2,422,0.799,OK,OK,REVIEWED,Elle çevrildi; beş resmî dil karşılaştırıldı; yandan çekiş öğretici terminolojisi sabitlendi.
477,G_Tut1_07_034,and ⟦TAG:0002:0001:06CD⟧⟦TAG:0000:0003:FF7417FF⟧pull it out⟦TAG:0000:0003:FAFFE6FF⟧⟦END:0002:0001⟧ from there!,und ⟦TAG:0002:0001:06CD⟧⟦TAG:0000:0003:FF7417FF⟧zieh⟦TAG:0000:0003:FAFFE6FF⟧⟦END:0002:0001⟧ ihn von dort ⟦TAG:0002:0001:06CD⟧⟦TAG:0000:0003:FF7417FF⟧raus⟦TAG:0000:0003:FAFFE6FF⟧⟦END:0002:0001⟧!,¡y ⟦TAG:0002:0001:06CD⟧⟦TAG:0000:0003:FF7417FF⟧tira⟦TAG:0000:0003:FAFFE6FF⟧⟦END:0002:0001⟧ desde ahí!,"Comme ça, on peut le ⟦TAG:0002:0001:06CD⟧⟦TAG:0000:0003:FF7417FF⟧tirer⟦TAG:0000:0003:FAFFE6FF⟧⟦END:0002:0001⟧ davantage !","Da lì, ⟦TAG:0002:0001:06CD⟧⟦TAG:0000:0003:FF7417FF⟧tiralo di lato⟦TAG:0000:0003:FAFFE6FF⟧⟦END:0002:0001⟧!",ve oradan ⟦TAG:0002:0001:06CD⟧⟦TAG:0000:0003:FF7417FF⟧dışarı çek⟦TAG:0000:0003:FAFFE6FF⟧⟦END:0002:0001⟧!,1,523,1,287,0.549,OK,OK,REVIEWED,Elle çevrildi; beş resmî dil karşılaştırıldı; yandan çekiş öğretici terminolojisi sabitlendi.
478,G_Tut1_07_040,"Good job, kiddo!
You made it all the way up!","Gut gemacht, Kleiner! Du hast es
bis ganz nach oben geschafft!","Muy bien, hijo.
¡Has llegado hasta arriba!","Bravo, pitchounet !
Tu as réussi à arriver jusqu'en haut !","Ottimo lavoro, figliolo!
Hai raggiunto la cima!","Aferin evlat!
Ta tepeye kadar çıktın!",2,490,2,321,0.655,OK,OK,REVIEWED,Elle çevrildi; beş resmî dil karşılaştırıldı; yandan çekiş öğretici terminolojisi sabitlendi.
479,G_Tut1_07_041,"By the way, Mallo...",Also...,"¿Has visto, Millo?","Tu sais, Millo...","Sai, Mallo...","Bu arada, Mallo...",1,264,1,240,0.909,OK,OK,REVIEWED,Elle çevrildi; beş resmî dil karşılaştırıldı; yandan çekiş öğretici terminolojisi sabitlendi.
480,G_Tut1_07_042,"That technique might
come in handy later.","Diese Technik könnte sich später
noch als sehr nützlich erweisen.","Esta técnica puede resultarte muy útil,
¿sabes?","Cette technique pourrait aussi
t'être bien utile par la suite.","Ho come l'impressione che questa
tecnica ti tornerà utile in futuro.","Bu teknik ileride
çok işine yarayabilir.",2,527,2,287,0.545,OK,OK,REVIEWED,Elle çevrildi; beş resmî dil karşılaştırıldı; yandan çekiş öğretici terminolojisi sabitlendi.
481,G_Tut1_07_043,You should remember it.,Das solltest du dir merken.,"Que no se te olvide, ¿eh?",Tu ferais bien de t'en souvenir.,Faresti bene a ricordartela.,Aklında tut.,1,414,1,167,0.403,OK,OK,REVIEWED,Elle çevrildi; beş resmî dil karşılaştırıldı; yandan çekiş öğretici terminolojisi sabitlendi.
482,G_Tut1_07_050,"Ahh! You brat!
Not you again!","Aaah! Du Schlingel!
Nicht du schon wieder!","¡Oh, no, por favor!
¿¡Tú otra vez!?","Ah ! Sale garnement !
Tu ne vas pas remettre ça !","Eh! Ancora tu?!
Piccola peste che non sei altro!","Ahh! Seni afacan!
Yine mi sen!",2,420,2,246,0.586,OK,OK,REVIEWED,Elle çevrildi; beş resmî dil karşılaştırıldı; yandan çekiş öğretici terminolojisi sabitlendi.
483,G_Tut1_07_051,Oh no! Look!,Oh nein! Sieh nur!,¡Vaya hombre!,"Oh, non ! Regarde !","Oh, no! Guarda!",Eyvah! Bak!,1,259,1,164,0.633,OK,OK,REVIEWED,Elle çevrildi; beş resmî dil karşılaştırıldı; yandan çekiş öğretici terminolojisi sabitlendi.
484,G_Tut1_07_052,He's trapped!,Er ist gefangen!,¡Otra criatura atrapada!,Il s'est retrouvé piégé à l'intérieur !,È in trappola!,Sıkıştı!,1,480,1,95,0.198,OK,OK,REVIEWED,Elle çevrildi; beş resmî dil karşılaştırıldı; yandan çekiş öğretici terminolojisi sabitlendi.
485,G_Tut1_07_060,Hey!,Hey!,¡¡Eh!!,Hé !,Ehi!,Hey!,1,75,1,65,0.867,OK,OK,REVIEWED,Elle çevrildi; beş resmî dil karşılaştırıldı; yandan çekiş öğretici terminolojisi sabitlendi.
486,G_Tut1_07_061,"You can't ⟦TAG:0002:0001:06CD⟧⟦TAG:0000:0003:FF7417FF⟧pull⟦TAG:0000:0003:FAFFE6FF⟧⟦END:0002:0001⟧ something if
you're about to fall off!","Wenn du fast runterfällst, war
es das mit dem ⟦TAG:0002:0001:06CD⟧⟦TAG:0000:0003:FF7417FF⟧Ziehen⟦TAG:0000:0003:FAFFE6FF⟧⟦END:0002:0001⟧!","¡Si estás a punto de caerte,
no podrás ⟦TAG:0002:0001:06CD⟧⟦TAG:0000:0003:FF7417FF⟧tirar⟦TAG:0000:0003:FAFFE6FF⟧⟦END:0002:0001⟧!","Si tu es sur le point de tomber,
tu ne peux pas ⟦TAG:0002:0001:06CD⟧⟦TAG:0000:0003:FF7417FF⟧tirer⟦TAG:0000:0003:FAFFE6FF⟧⟦END:0002:0001⟧ plus loin !","Quando sei sul punto di cadere,
non puoi ⟦TAG:0002:0001:06CD⟧⟦TAG:0000:0003:FF7417FF⟧tirare⟦TAG:0000:0003:FAFFE6FF⟧⟦END:0002:0001⟧ ulteriormente!","Düşmek üzereyken hiçbir şeyi
⟦TAG:0002:0001:06CD⟧⟦TAG:0000:0003:FF7417FF⟧çekemezsin⟦TAG:0000:0003:FAFFE6FF⟧⟦END:0002:0001⟧!",2,422,2,396,0.938,OK,OK,REVIEWED,Vurgu semantiği ve sığma için kontrol kodları korunarak elle revize edildi.
487,G_Tut1_07_062,"Find a more secure foothold
and try again from there.","Such dir einen sicheren Halt und
versuch es dann noch einmal.","Colócate en un lugar seguro
para poder tirar.","Trouve d'abord un appui plus stable,
puis réessaie de déplacer le ⟦TAG:0002:0001:06CD⟧⟦TAG:0000:0003:4FBBF1FF⟧bloc⟦TAG:0000:0003:FAFFE6FF⟧⟦END:0002:0001⟧.","Trova un appoggio più sicuro e afferra
di nuovo il ⟦TAG:0002:0001:06CD⟧⟦TAG:0000:0003:4FBBF1FF⟧blocco⟦TAG:0000:0003:FAFFE6FF⟧⟦END:0002:0001⟧ per spostarlo.","Daha sağlam bir yere geç
ve oradan tekrar dene.",2,519,2,340,0.655,OK,OK,REVIEWED,Elle çevrildi; beş resmî dil karşılaştırıldı; yandan çekiş öğretici terminolojisi sabitlendi.
488,G_Tut1_07_070,⟦TAG:0002:0001:06CD⟧⟦TAG:0000:0003:FF7417FF⟧Pull out⟦TAG:0000:0003:FAFFE6FF⟧⟦END:0002:0001⟧ those ⟦TAG:0002:0001:06CD⟧⟦TAG:0000:0003:4FBBF1FF⟧blocks⟦TAG:0000:0003:FAFFE6FF⟧⟦END:0002:0001⟧ and climb on up!,"⟦TAG:0002:0001:06CD⟧⟦TAG:0000:0003:FF7417FF⟧Zieh⟦TAG:0000:0003:FAFFE6FF⟧⟦END:0002:0001⟧ diese ⟦TAG:0002:0001:06CD⟧⟦TAG:0000:0003:4FBBF1FF⟧Blöcke⟦TAG:0000:0003:FAFFE6FF⟧⟦END:0002:0001⟧ ⟦TAG:0002:0001:06CD⟧⟦TAG:0000:0003:FF7417FF⟧raus⟦TAG:0000:0003:FAFFE6FF⟧⟦END:0002:0001⟧ und
klettere weiter nach oben!",⟦TAG:0002:0001:06CD⟧⟦TAG:0000:0003:FF7417FF⟧Tira⟦TAG:0000:0003:FAFFE6FF⟧⟦END:0002:0001⟧ de los ⟦TAG:0002:0001:06CD⟧⟦TAG:0000:0003:4FBBF1FF⟧bloques⟦TAG:0000:0003:FAFFE6FF⟧⟦END:0002:0001⟧ ¡y sube!,"⟦TAG:0002:0001:06CD⟧⟦TAG:0000:0003:FF7417FF⟧Tire⟦TAG:0000:0003:FAFFE6FF⟧⟦END:0002:0001⟧ sur ces ⟦TAG:0002:0001:06CD⟧⟦TAG:0000:0003:4FBBF1FF⟧blocs⟦TAG:0000:0003:FAFFE6FF⟧⟦END:0002:0001⟧ pour
grimper jusqu'en haut !",⟦TAG:0002:0001:06CD⟧⟦TAG:0000:0003:FF7417FF⟧Tira⟦TAG:0000:0003:FAFFE6FF⟧⟦END:0002:0001⟧ quei ⟦TAG:0002:0001:06CD⟧⟦TAG:0000:0003:4FBBF1FF⟧blocchi⟦TAG:0000:0003:FAFFE6FF⟧⟦END:0002:0001⟧ e sali fino in cima!,⟦TAG:0002:0001:06CD⟧⟦TAG:0000:0003:FF7417FF⟧Çek⟦TAG:0000:0003:FAFFE6FF⟧⟦END:0002:0001⟧ şu ⟦TAG:0002:0001:06CD⟧⟦TAG:0000:0003:4FBBF1FF⟧blokları⟦TAG:0000:0003:FAFFE6FF⟧⟦END:0002:0001⟧ ve yukarı tırman!,2,502,1,441,0.878,OK,OK,REVIEWED,Elle çevrildi; beş resmî dil karşılaştırıldı; yandan çekiş öğretici terminolojisi sabitlendi.
489,G_Tut1_07_080,"This is where you need
to use the ⟦TAG:0002:0001:06CD⟧⟦TAG:0000:0003:FF7417FF⟧side pull⟦TAG:0000:0003:FAFFE6FF⟧⟦END:0002:0001⟧!","Hier kommt das ⟦TAG:0002:0001:06CD⟧⟦TAG:0000:0003:FF7417FF⟧seitliche Ziehen⟦TAG:0000:0003:FAFFE6FF⟧⟦END:0002:0001⟧
zum Einsatz!",Ahí puedes ⟦TAG:0002:0001:06CD⟧⟦TAG:0000:0003:FF7417FF⟧tirar de lado⟦TAG:0000:0003:FAFFE6FF⟧⟦END:0002:0001⟧.,"Ah, ah ! C'est là que la technique
de ⟦TAG:0002:0001:06CD⟧⟦TAG:0000:0003:FF7417FF⟧tirer par le côté⟦TAG:0000:0003:FAFFE6FF⟧⟦END:0002:0001⟧ va t'être utile.","Ecco! Adesso è il momento
giusto per ⟦TAG:0002:0001:06CD⟧⟦TAG:0000:0003:FF7417FF⟧tirare di lato⟦TAG:0000:0003:FAFFE6FF⟧⟦END:0002:0001⟧.","İşte burada ⟦TAG:0002:0001:06CD⟧⟦TAG:0000:0003:FF7417FF⟧yandan çekme⟦TAG:0000:0003:FAFFE6FF⟧⟦END:0002:0001⟧
kullanman gerek!",2,461,2,355,0.770,OK,OK,REVIEWED,Elle çevrildi; beş resmî dil karşılaştırıldı; yandan çekiş öğretici terminolojisi sabitlendi.
490,G_Tut1_07_081,"To make it to the top of this Pullblox,","⟦TAG:0002:0001:06CD⟧⟦TAG:0000:0003:FF7417FF⟧Zieh⟦TAG:0000:0003:FAFFE6FF⟧⟦END:0002:0001⟧ diesen ⟦TAG:0002:0001:06CD⟧⟦TAG:0000:0003:4FBBF1FF⟧Block⟦TAG:0000:0003:FAFFE6FF⟧⟦END:0002:0001⟧ eine
Stufe oder weiter ⟦TAG:0002:0001:06CD⟧⟦TAG:0000:0003:FF7417FF⟧raus⟦TAG:0000:0003:FAFFE6FF⟧⟦END:0002:0001⟧",⟦TAG:0002:0001:06CD⟧⟦TAG:0000:0003:FF7417FF⟧Tira⟦TAG:0000:0003:FAFFE6FF⟧⟦END:0002:0001⟧ del ⟦TAG:0002:0001:06CD⟧⟦TAG:0000:0003:4FBBF1FF⟧bloque⟦TAG:0000:0003:FAFFE6FF⟧⟦END:0002:0001⟧ una o dos veces...,"Pour arriver au sommet de ce Pullblox,","Per raggiungere la cima di
questo Pullblox,","Bu Pullblox’un tepesine ulaşmak için,",2,518,1,496,0.958,OK,OK,REVIEWED,Elle çevrildi; beş resmî dil karşılaştırıldı; yandan çekiş öğretici terminolojisi sabitlendi.
491,G_Tut1_07_082,"you have to ⟦TAG:0002:0001:06CD⟧⟦TAG:0000:0003:FF7417FF⟧pull⟦TAG:0000:0003:FAFFE6FF⟧⟦END:0002:0001⟧ a ⟦TAG:0002:0001:06CD⟧⟦TAG:0000:0003:4FBBF1FF⟧block⟦TAG:0000:0003:FAFFE6FF⟧⟦END:0002:0001⟧
out from the side!","und greif ihn dann von der Seite, um
nach oben zu gelangen!",¡y cógelo de lado!,"tu dois ⟦TAG:0002:0001:06CD⟧⟦TAG:0000:0003:FF7417FF⟧tirer⟦TAG:0000:0003:FAFFE6FF⟧⟦END:0002:0001⟧ sur un ⟦TAG:0002:0001:06CD⟧⟦TAG:0000:0003:4FBBF1FF⟧bloc⟦TAG:0000:0003:FAFFE6FF⟧⟦END:0002:0001⟧
en le tenant par le côté.","devi afferrare un ⟦TAG:0002:0001:06CD⟧⟦TAG:0000:0003:4FBBF1FF⟧blocco⟦TAG:0000:0003:FAFFE6FF⟧⟦END:0002:0001⟧ di lato
e poi ⟦TAG:0002:0001:06CD⟧⟦TAG:0000:0003:FF7417FF⟧tirarlo⟦TAG:0000:0003:FAFFE6FF⟧⟦END:0002:0001⟧!","yandan bir ⟦TAG:0002:0001:06CD⟧⟦TAG:0000:0003:FF7417FF⟧çekiş⟦TAG:0000:0003:FAFFE6FF⟧⟦END:0002:0001⟧ yapıp ⟦TAG:0002:0001:06CD⟧⟦TAG:0000:0003:4FBBF1FF⟧bloğu⟦TAG:0000:0003:FAFFE6FF⟧⟦END:0002:0001⟧
dışarı çıkarman gerek!",2,488,2,387,0.793,OK,OK,REVIEWED,Elle çevrildi; beş resmî dil karşılaştırıldı; yandan çekiş öğretici terminolojisi sabitlendi.
492,G_Tut1_07_090,"When you can't ⟦TAG:0002:0001:06CD⟧⟦TAG:0000:0003:FF7417FF⟧pull out⟦TAG:0000:0003:FAFFE6FF⟧⟦END:0002:0001⟧ a ⟦TAG:0002:0001:06CD⟧⟦TAG:0000:0003:4FBBF1FF⟧block⟦TAG:0000:0003:FAFFE6FF⟧⟦END:0002:0001⟧ from
the front, try a ⟦TAG:0002:0001:06CD⟧⟦TAG:0000:0003:FF7417FF⟧side pull⟦TAG:0000:0003:FAFFE6FF⟧⟦END:0002:0001⟧ instead!","Wenn sich ein ⟦TAG:0002:0001:06CD⟧⟦TAG:0000:0003:4FBBF1FF⟧Block⟦TAG:0000:0003:FAFFE6FF⟧⟦END:0002:0001⟧ nicht von vorn
⟦TAG:0002:0001:06CD⟧⟦TAG:0000:0003:FF7417FF⟧rausziehen⟦TAG:0000:0003:FAFFE6FF⟧⟦END:0002:0001⟧ lässt, ⟦TAG:0002:0001:06CD⟧⟦TAG:0000:0003:FF7417FF⟧zieh⟦TAG:0000:0003:FAFFE6FF⟧⟦END:0002:0001⟧ ihn ⟦TAG:0002:0001:06CD⟧⟦TAG:0000:0003:FF7417FF⟧seitlich⟦TAG:0000:0003:FAFFE6FF⟧⟦END:0002:0001⟧!","Cuando no puedas ⟦TAG:0002:0001:06CD⟧⟦TAG:0000:0003:FF7417FF⟧tirar⟦TAG:0000:0003:FAFFE6FF⟧⟦END:0002:0001⟧ de un ⟦TAG:0002:0001:06CD⟧⟦TAG:0000:0003:4FBBF1FF⟧bloque⟦TAG:0000:0003:FAFFE6FF⟧⟦END:0002:0001⟧
desde delante, ¡⟦TAG:0002:0001:06CD⟧⟦TAG:0000:0003:FF7417FF⟧tira de lado⟦TAG:0000:0003:FAFFE6FF⟧⟦END:0002:0001⟧!","Si tu ne peux pas ⟦TAG:0002:0001:06CD⟧⟦TAG:0000:0003:FF7417FF⟧tirer⟦TAG:0000:0003:FAFFE6FF⟧⟦END:0002:0001⟧ vers toi, essaie
donc de ⟦TAG:0002:0001:06CD⟧⟦TAG:0000:0003:FF7417FF⟧tirer par le côté⟦TAG:0000:0003:FAFFE6FF⟧⟦END:0002:0001⟧ à la place !","Quando non puoi ⟦TAG:0002:0001:06CD⟧⟦TAG:0000:0003:FF7417FF⟧tirare⟦TAG:0000:0003:FAFFE6FF⟧⟦END:0002:0001⟧ un ⟦TAG:0002:0001:06CD⟧⟦TAG:0000:0003:4FBBF1FF⟧blocco⟦TAG:0000:0003:FAFFE6FF⟧⟦END:0002:0001⟧
verso di te, prova a ⟦TAG:0002:0001:06CD⟧⟦TAG:0000:0003:FF7417FF⟧tirare di lato⟦TAG:0000:0003:FAFFE6FF⟧⟦END:0002:0001⟧!","Önden ⟦TAG:0002:0001:06CD⟧⟦TAG:0000:0003:FF7417FF⟧çekemediğin⟦TAG:0000:0003:FAFFE6FF⟧⟦END:0002:0001⟧ bir ⟦TAG:0002:0001:06CD⟧⟦TAG:0000:0003:4FBBF1FF⟧blokta⟦TAG:0000:0003:FAFFE6FF⟧⟦END:0002:0001⟧
bunun yerine ⟦TAG:0002:0001:06CD⟧⟦TAG:0000:0003:FF7417FF⟧yandan çekme⟦TAG:0000:0003:FAFFE6FF⟧⟦END:0002:0001⟧ dene!",2,505,2,461,0.913,OK,OK,REVIEWED,Elle çevrildi; beş resmî dil karşılaştırıldı; yandan çekiş öğretici terminolojisi sabitlendi.
493,Guide_Tuto_08,,,,,,,1,0,0,0,0.000,EMPTY,OK,EMPTY,
494,G_Tut1_08_000,"The ⟦TAG:0002:0001:06CD⟧⟦TAG:0000:0003:FF7417FF⟧side pull⟦TAG:0000:0003:FAFFE6FF⟧⟦END:0002:0001⟧ is very useful.
Be sure to remember it!","Das ⟦TAG:0002:0001:06CD⟧⟦TAG:0000:0003:FF7417FF⟧seitliche Ziehen⟦TAG:0000:0003:FAFFE6FF⟧⟦END:0002:0001⟧ ist sehr nützlich.
Vergiss es also besser nicht!","Saber ⟦TAG:0002:0001:06CD⟧⟦TAG:0000:0003:FF7417FF⟧tirar de lado⟦TAG:0000:0003:FAFFE6FF⟧⟦END:0002:0001⟧ es muy importante.
¡Que no se te olvide!","La technique de ⟦TAG:0002:0001:06CD⟧⟦TAG:0000:0003:FF7417FF⟧tirer par le côté⟦TAG:0000:0003:FAFFE6FF⟧⟦END:0002:0001⟧ est
très utile, pense bien à l'utiliser !","La tecnica per ⟦TAG:0002:0001:06CD⟧⟦TAG:0000:0003:FF7417FF⟧tirare di lato⟦TAG:0000:0003:FAFFE6FF⟧⟦END:0002:0001⟧ è molto
importante. Non dimenticartela!","⟦TAG:0002:0001:06CD⟧⟦TAG:0000:0003:FF7417FF⟧Yandan çekme⟦TAG:0000:0003:FAFFE6FF⟧⟦END:0002:0001⟧ çok kullanışlıdır.
Aklında tut!",2,524,2,430,0.821,OK,OK,REVIEWED,Elle çevrildi; EN/DE/ES/FR/IT karşılaştırıldı; öğretici akış ve karakter tonu korundu.
495,Guide_Tuto_09,,,,,,,1,0,0,0,0.000,EMPTY,OK,EMPTY,
496,G_Tut1_09_000,"Let's review the ⟦TAG:0002:0001:06CD⟧⟦TAG:0000:0003:FF7417FF⟧side pull⟦TAG:0000:0003:FAFFE6FF⟧⟦END:0002:0001⟧ one last time.
⟦TAG:0002:0001:06CD⟧⟦TAG:0000:0003:FF7417FF⟧Pull⟦TAG:0000:0003:FAFFE6FF⟧⟦END:0002:0001⟧ that first ⟦TAG:0002:0001:06CD⟧⟦TAG:0000:0003:4FBBF1FF⟧block⟦TAG:0000:0003:FAFFE6FF⟧⟦END:0002:0001⟧ all the way out.","Letzte Lektion im ⟦TAG:0002:0001:06CD⟧⟦TAG:0000:0003:FF7417FF⟧seitlichen Ziehen⟦TAG:0000:0003:FAFFE6FF⟧⟦END:0002:0001⟧:
⟦TAG:0002:0001:06CD⟧⟦TAG:0000:0003:FF7417FF⟧Zieh⟦TAG:0000:0003:FAFFE6FF⟧⟦END:0002:0001⟧ den ersten ⟦TAG:0002:0001:06CD⟧⟦TAG:0000:0003:4FBBF1FF⟧Block⟦TAG:0000:0003:FAFFE6FF⟧⟦END:0002:0001⟧ ganz ⟦TAG:0002:0001:06CD⟧⟦TAG:0000:0003:FF7417FF⟧raus⟦TAG:0000:0003:FAFFE6FF⟧⟦END:0002:0001⟧.","Para ⟦TAG:0002:0001:06CD⟧⟦TAG:0000:0003:FF7417FF⟧tirar de lado⟦TAG:0000:0003:FAFFE6FF⟧⟦END:0002:0001⟧, tienes que
⟦TAG:0002:0001:06CD⟧⟦TAG:0000:0003:FF7417FF⟧tirar⟦TAG:0000:0003:FAFFE6FF⟧⟦END:0002:0001⟧ del primer ⟦TAG:0002:0001:06CD⟧⟦TAG:0000:0003:4FBBF1FF⟧bloque⟦TAG:0000:0003:FAFFE6FF⟧⟦END:0002:0001⟧ al máximo.","Il faut encore une fois ⟦TAG:0002:0001:06CD⟧⟦TAG:0000:0003:FF7417FF⟧tirer par le côté⟦TAG:0000:0003:FAFFE6FF⟧⟦END:0002:0001⟧.
D'abord, ⟦TAG:0002:0001:06CD⟧⟦TAG:0000:0003:FF7417FF⟧tire⟦TAG:0000:0003:FAFFE6FF⟧⟦END:0002:0001⟧ le premier ⟦TAG:0002:0001:06CD⟧⟦TAG:0000:0003:4FBBF1FF⟧bloc⟦TAG:0000:0003:FAFFE6FF⟧⟦END:0002:0001⟧ à fond.","Vediamo come ⟦TAG:0002:0001:06CD⟧⟦TAG:0000:0003:FF7417FF⟧tirare di lato⟦TAG:0000:0003:FAFFE6FF⟧⟦END:0002:0001⟧ per l'ultima
volta. ⟦TAG:0002:0001:06CD⟧⟦TAG:0000:0003:FF7417FF⟧Tira⟦TAG:0000:0003:FAFFE6FF⟧⟦END:0002:0001⟧ il primo ⟦TAG:0002:0001:06CD⟧⟦TAG:0000:0003:4FBBF1FF⟧blocco⟦TAG:0000:0003:FAFFE6FF⟧⟦END:0002:0001⟧ di 3 caselle.","⟦TAG:0002:0001:06CD⟧⟦TAG:0000:0003:FF7417FF⟧Yandan çekmeyi⟦TAG:0000:0003:FAFFE6FF⟧⟦END:0002:0001⟧ son kez tekrarlayalım.
İlk ⟦TAG:0002:0001:06CD⟧⟦TAG:0000:0003:FF7417FF⟧çekişte⟦TAG:0000:0003:FAFFE6FF⟧⟦END:0002:0001⟧ şu ⟦TAG:0002:0001:06CD⟧⟦TAG:0000:0003:4FBBF1FF⟧bloğu⟦TAG:0000:0003:FAFFE6FF⟧⟦END:0002:0001⟧ sonuna kadar çıkar.",2,540,2,535,0.991,OK,OK,REVIEWED,Elle çevrildi; EN/DE/ES/FR/IT karşılaştırıldı; öğretici akış ve karakter tonu korundu.
497,Guide_Tuto_10,,,,,,,1,0,0,0,0.000,EMPTY,OK,EMPTY,
498,G_Tut1_10_000,"Make stairs going up from left to right,
then try some ⟦TAG:0002:0001:06CD⟧⟦TAG:0000:0003:FF7417FF⟧diagonal jumps⟦TAG:0000:0003:FAFFE6FF⟧⟦END:0002:0001⟧! ","Bau Treppen, die von links nach rechts
nach oben führen, und ⟦TAG:0002:0001:06CD⟧⟦TAG:0000:0003:FF7417FF⟧spring⟦TAG:0000:0003:FAFFE6FF⟧⟦END:0002:0001⟧ schräg!","Haz una escalera de izquierda
a derecha ¡y ⟦TAG:0002:0001:06CD⟧⟦TAG:0000:0003:FF7417FF⟧salta en diagonal⟦TAG:0000:0003:FAFFE6FF⟧⟦END:0002:0001⟧!","Crée un escalier de gauche à droite
et grimpe par des ⟦TAG:0002:0001:06CD⟧⟦TAG:0000:0003:FF7417FF⟧sauts en biais⟦TAG:0000:0003:FAFFE6FF⟧⟦END:0002:0001⟧ !","Crea una scalinata da sinistra a destra
e sali facendo dei ⟦TAG:0002:0001:06CD⟧⟦TAG:0000:0003:FF7417FF⟧salti in diagonale⟦TAG:0000:0003:FAFFE6FF⟧⟦END:0002:0001⟧!","Soldan sağa yükselen basamaklar
yap, sonra ⟦TAG:0002:0001:06CD⟧⟦TAG:0000:0003:FF7417FF⟧çapraz zıplayışlar⟦TAG:0000:0003:FAFFE6FF⟧⟦END:0002:0001⟧ dene!",2,528,2,479,0.907,OK,OK,REVIEWED,Elle çevrildi; EN/DE/ES/FR/IT karşılaştırıldı; öğretici akış ve karakter tonu korundu.
499,Guide_Tuto_11,,,,,,,1,0,0,0,0.000,EMPTY,OK,EMPTY,
500,G_Tut1_11_000,"You need to climb halfway up and then
step down to reach the child's ⟦TAG:0002:0001:06CD⟧⟦TAG:0000:0003:4FBBF1FF⟧block⟦TAG:0000:0003:FAFFE6FF⟧⟦END:0002:0001⟧.","Du musst erst aufwärts und dann hinab,
um den ⟦TAG:0002:0001:06CD⟧⟦TAG:0000:0003:4FBBF1FF⟧Block⟦TAG:0000:0003:FAFFE6FF⟧⟦END:0002:0001⟧ des Kindes zu erreichen.","Tienes que subir hasta la mitad,
y bajar hasta el ⟦TAG:0002:0001:06CD⟧⟦TAG:0000:0003:4FBBF1FF⟧bloque⟦TAG:0000:0003:FAFFE6FF⟧⟦END:0002:0001⟧ del crío.","Grimpe à mi-hauteur, puis redescends
sur le ⟦TAG:0002:0001:06CD⟧⟦TAG:0000:0003:4FBBF1FF⟧bloc⟦TAG:0000:0003:FAFFE6FF⟧⟦END:0002:0001⟧ où se trouve l'enfant.","Quando arrivi a metà, scendi
sul ⟦TAG:0002:0001:06CD⟧⟦TAG:0000:0003:4FBBF1FF⟧blocco⟦TAG:0000:0003:FAFFE6FF⟧⟦END:0002:0001⟧ dove si trova il bimbo.","Yarıya kadar çıkıp aşağı inerek
çocuğun ⟦TAG:0002:0001:06CD⟧⟦TAG:0000:0003:4FBBF1FF⟧bloğuna⟦TAG:0000:0003:FAFFE6FF⟧⟦END:0002:0001⟧ ulaşmalısın.",2,533,2,430,0.807,OK,OK,REVIEWED,Elle çevrildi; EN/DE/ES/FR/IT karşılaştırıldı; öğretici akış ve karakter tonu korundu.
501,G_Tut1_11_001,"If you make a wrong move,
hold down  to rewind time.","Wenn du einen falschen Zug machst,
spul mit  die Zeit zurück.","Si te equivocas, rebobina
manteniendo pulsado .","Si tu fais une fausse manœuvre, reviens
en arrière en maintenant  enfoncé.","Se sbagli qualcosa, tieni premuto 
per riavvolgere il tempo.","Yanlış bir hamle yaparsan
’ü basılı tutup zamanı geri sar.",2,531,2,437,0.823,OK,OK,REVIEWED,Elle çevrildi; EN/DE/ES/FR/IT karşılaştırıldı; öğretici akış ve karakter tonu korundu.
502,Guide_Tuto_12,,,,,,,1,0,0,0,0.000,EMPTY,OK,EMPTY,
503,G_Tut1_12_000,"You'll need to close your eyes and
dare a ⟦TAG:0002:0001:06CD⟧⟦TAG:0000:0003:FF7417FF⟧diagonal jump⟦TAG:0000:0003:FAFFE6FF⟧⟦END:0002:0001⟧ for this one!","Sei bei diesem Pullblox mutig.
Lege einen ⟦TAG:0002:0001:06CD⟧⟦TAG:0000:0003:FF7417FF⟧schrägen Sprung⟦TAG:0000:0003:FAFFE6FF⟧⟦END:0002:0001⟧ hin!",Tú cierra los ojos ¡y ⟦TAG:0002:0001:06CD⟧⟦TAG:0000:0003:FF7417FF⟧salta en diagonal⟦TAG:0000:0003:FAFFE6FF⟧⟦END:0002:0001⟧!,"Ici, tu vas devoir fermer les yeux et
faire un audacieux ⟦TAG:0002:0001:06CD⟧⟦TAG:0000:0003:FF7417FF⟧saut en biais⟦TAG:0000:0003:FAFFE6FF⟧⟦END:0002:0001⟧ !","Qui dovrai chiudere gli occhi
e fare un bel ⟦TAG:0002:0001:06CD⟧⟦TAG:0000:0003:FF7417FF⟧salto in diagonale⟦TAG:0000:0003:FAFFE6FF⟧⟦END:0002:0001⟧!","Bunda gözlerini kapatıp cesurca
bir ⟦TAG:0002:0001:06CD⟧⟦TAG:0000:0003:FF7417FF⟧çapraz zıplayış⟦TAG:0000:0003:FAFFE6FF⟧⟦END:0002:0001⟧ yapman gerek!",2,515,2,462,0.897,OK,OK,REVIEWED,Elle çevrildi; EN/DE/ES/FR/IT karşılaştırıldı; öğretici akış ve karakter tonu korundu.
504,Guide_Tuto_13,,,,,,,1,0,0,0,0.000,EMPTY,OK,EMPTY,
505,G_Tut1_13_000,"To get to the top, you'll have to move
that big ⟦TAG:0002:0001:06CD⟧⟦TAG:0000:0003:4FBBF1FF⟧block⟦TAG:0000:0003:FAFFE6FF⟧⟦END:0002:0001⟧ ⟦TAG:0002:0001:06CD⟧⟦TAG:0000:0003:FF7417FF⟧in and out⟦TAG:0000:0003:FAFFE6FF⟧⟦END:0002:0001⟧ a few times.","Hier muss der große ⟦TAG:0002:0001:06CD⟧⟦TAG:0000:0003:4FBBF1FF⟧Block⟦TAG:0000:0003:FAFFE6FF⟧⟦END:0002:0001⟧ ein paar Mal
⟦TAG:0002:0001:06CD⟧⟦TAG:0000:0003:FF7417FF⟧rein- und rausbewegt⟦TAG:0000:0003:FAFFE6FF⟧⟦END:0002:0001⟧ werden.","Para llegar hasta arriba, ¡tendrás que
⟦TAG:0002:0001:06CD⟧⟦TAG:0000:0003:FF7417FF⟧tirar⟦TAG:0000:0003:FAFFE6FF⟧⟦END:0002:0001⟧ y ⟦TAG:0002:0001:06CD⟧⟦TAG:0000:0003:FF7417FF⟧empujar⟦TAG:0000:0003:FAFFE6FF⟧⟦END:0002:0001⟧ varias veces!","Pour arriver en haut, tu devras ⟦TAG:0002:0001:06CD⟧⟦TAG:0000:0003:FF7417FF⟧tirer⟦TAG:0000:0003:FAFFE6FF⟧⟦END:0002:0001⟧ et
⟦TAG:0002:0001:06CD⟧⟦TAG:0000:0003:FF7417FF⟧repousser⟦TAG:0000:0003:FAFFE6FF⟧⟦END:0002:0001⟧ ce gros ⟦TAG:0002:0001:06CD⟧⟦TAG:0000:0003:4FBBF1FF⟧bloc⟦TAG:0000:0003:FAFFE6FF⟧⟦END:0002:0001⟧ plusieurs fois.","Per arrivare in cima dovrai ⟦TAG:0002:0001:06CD⟧⟦TAG:0000:0003:FF7417FF⟧tirare⟦TAG:0000:0003:FAFFE6FF⟧⟦END:0002:0001⟧ e
⟦TAG:0002:0001:06CD⟧⟦TAG:0000:0003:FF7417FF⟧spingere⟦TAG:0000:0003:FAFFE6FF⟧⟦END:0002:0001⟧ quel grosso ⟦TAG:0002:0001:06CD⟧⟦TAG:0000:0003:4FBBF1FF⟧blocco⟦TAG:0000:0003:FAFFE6FF⟧⟦END:0002:0001⟧ più volte.","Tepeye çıkmak için o büyük ⟦TAG:0002:0001:06CD⟧⟦TAG:0000:0003:4FBBF1FF⟧bloğu⟦TAG:0000:0003:FAFFE6FF⟧⟦END:0002:0001⟧
birkaç kez ⟦TAG:0002:0001:06CD⟧⟦TAG:0000:0003:FF7417FF⟧içeri dışarı⟦TAG:0000:0003:FAFFE6FF⟧⟦END:0002:0001⟧ oynatmalısın.",2,529,2,486,0.919,OK,OK,REVIEWED,Elle çevrildi; EN/DE/ES/FR/IT karşılaştırıldı; öğretici akış ve karakter tonu korundu.
506,Guide_Tuto_14,,,,,,,1,0,0,0,0.000,EMPTY,OK,EMPTY,
507,G_Tut1_14_000,Huh?,Was?,¿Mmmm?...,Eh bien ?,Uh?,Hı?,1,143,1,46,0.322,OK,OK,REVIEWED,Elle çevrildi; EN/DE/ES/FR/IT karşılaştırıldı; öğretici akış ve karakter tonu korundu.
508,G_Tut1_14_010,"Hey, kid!","Hey, Kleiner!","¡Eh, oye!","Hé, gamin !","Ehi, figliolo!","Hey, evlat!",1,179,1,152,0.849,OK,OK,REVIEWED,Elle çevrildi; EN/DE/ES/FR/IT karşılaştırıldı; öğretici akış ve karakter tonu korundu.
509,G_Tut1_14_011,"You can't move the ⟦TAG:0002:0001:06CD⟧⟦TAG:0000:0003:4FBBF1FF⟧block⟦TAG:0000:0003:FAFFE6FF⟧⟦END:0002:0001⟧
you're STANDING on!","Den ⟦TAG:0002:0001:06CD⟧⟦TAG:0000:0003:4FBBF1FF⟧Block⟦TAG:0000:0003:FAFFE6FF⟧⟦END:0002:0001⟧, auf dem du STEHST,
kannst du nicht bewegen!","¡No podrás mover el ⟦TAG:0002:0001:06CD⟧⟦TAG:0000:0003:4FBBF1FF⟧bloque⟦TAG:0000:0003:FAFFE6FF⟧⟦END:0002:0001⟧
sobre el que estás! ¡Olvídate!","Tu ne peux pas déplacer le ⟦TAG:0002:0001:06CD⟧⟦TAG:0000:0003:4FBBF1FF⟧bloc⟦TAG:0000:0003:FAFFE6FF⟧⟦END:0002:0001⟧
sur lequel tu te tiens, voyons !","Non puoi muovere il ⟦TAG:0002:0001:06CD⟧⟦TAG:0000:0003:4FBBF1FF⟧blocco⟦TAG:0000:0003:FAFFE6FF⟧⟦END:0002:0001⟧
su cui ti trovi!","ÜZERİNDE DURDUĞUN ⟦TAG:0002:0001:06CD⟧⟦TAG:0000:0003:4FBBF1FF⟧bloğu⟦TAG:0000:0003:FAFFE6FF⟧⟦END:0002:0001⟧
hareket ettiremezsin!",2,419,2,378,0.902,OK,OK,REVIEWED,Elle çevrildi; EN/DE/ES/FR/IT karşılaştırıldı; öğretici akış ve karakter tonu korundu.
510,G_Tut1_14_012,"⟦TAG:0002:0001:06CD⟧⟦TAG:0000:0003:FF7417FF⟧Pull out⟦TAG:0000:0003:FAFFE6FF⟧⟦END:0002:0001⟧ that ⟦TAG:0002:0001:06CD⟧⟦TAG:0000:0003:4FBBF1FF⟧block⟦TAG:0000:0003:FAFFE6FF⟧⟦END:0002:0001⟧ at the back,","⟦TAG:0002:0001:06CD⟧⟦TAG:0000:0003:FF7417FF⟧Zieh⟦TAG:0000:0003:FAFFE6FF⟧⟦END:0002:0001⟧ den inneren ⟦TAG:0002:0001:06CD⟧⟦TAG:0000:0003:4FBBF1FF⟧Block⟦TAG:0000:0003:FAFFE6FF⟧⟦END:0002:0001⟧
im Hintergrund ⟦TAG:0002:0001:06CD⟧⟦TAG:0000:0003:FF7417FF⟧raus⟦TAG:0000:0003:FAFFE6FF⟧⟦END:0002:0001⟧,","⟦TAG:0002:0001:06CD⟧⟦TAG:0000:0003:FF7417FF⟧Tira⟦TAG:0000:0003:FAFFE6FF⟧⟦END:0002:0001⟧ del ⟦TAG:0002:0001:06CD⟧⟦TAG:0000:0003:4FBBF1FF⟧bloque⟦TAG:0000:0003:FAFFE6FF⟧⟦END:0002:0001⟧ del medio,
que está al fondo.","⟦TAG:0002:0001:06CD⟧⟦TAG:0000:0003:FF7417FF⟧Tire⟦TAG:0000:0003:FAFFE6FF⟧⟦END:0002:0001⟧ donc plutôt sur le ⟦TAG:0002:0001:06CD⟧⟦TAG:0000:0003:4FBBF1FF⟧bloc⟦TAG:0000:0003:FAFFE6FF⟧⟦END:0002:0001⟧
du milieu, là-bas au fond.","⟦TAG:0002:0001:06CD⟧⟦TAG:0000:0003:FF7417FF⟧Tira⟦TAG:0000:0003:FAFFE6FF⟧⟦END:0002:0001⟧ il ⟦TAG:0002:0001:06CD⟧⟦TAG:0000:0003:4FBBF1FF⟧blocco⟦TAG:0000:0003:FAFFE6FF⟧⟦END:0002:0001⟧ interno
che si trova in fondo,","⟦TAG:0002:0001:06CD⟧⟦TAG:0000:0003:FF7417FF⟧Çek⟦TAG:0000:0003:FAFFE6FF⟧⟦END:0002:0001⟧ arkadaki şu ⟦TAG:0002:0001:06CD⟧⟦TAG:0000:0003:4FBBF1FF⟧bloğu⟦TAG:0000:0003:FAFFE6FF⟧⟦END:0002:0001⟧,",2,422,1,305,0.723,OK,OK,REVIEWED,Elle çevrildi; EN/DE/ES/FR/IT karşılaştırıldı; öğretici akış ve karakter tonu korundu.
511,G_Tut1_14_013,"stand on it, then try again!","stell dich drauf und versuch
es dann noch einmal!",Ponte encima ¡y prueba de nuevo!,"Puis grimpe dessus, et réessaie !",salici sopra e riprova!,"üstüne çık, sonra tekrar dene!",2,457,1,408,0.893,OK,OK,REVIEWED,Elle çevrildi; EN/DE/ES/FR/IT karşılaştırıldı; öğretici akış ve karakter tonu korundu.
512,G_Tut1_14_020,That's it!,Genau so!,¡Eeeeso es!,"Voilà, c'est comme ça qu'il faut faire !",Molto bene!,İşte böyle!,1,506,1,138,0.273,OK,OK,REVIEWED,Elle çevrildi; EN/DE/ES/FR/IT karşılaştırıldı; öğretici akış ve karakter tonu korundu.
513,G_Tut1_14_030,"When a ⟦TAG:0002:0001:06CD⟧⟦TAG:0000:0003:4FBBF1FF⟧block⟦TAG:0000:0003:FAFFE6FF⟧⟦END:0002:0001⟧ gets in your way,","Wenn dir ein ⟦TAG:0002:0001:06CD⟧⟦TAG:0000:0003:4FBBF1FF⟧Block⟦TAG:0000:0003:FAFFE6FF⟧⟦END:0002:0001⟧ im Weg ist,","Cuando un ⟦TAG:0002:0001:06CD⟧⟦TAG:0000:0003:4FBBF1FF⟧bloque⟦TAG:0000:0003:FAFFE6FF⟧⟦END:0002:0001⟧ entorpezca
tu camino...","Si un ⟦TAG:0002:0001:06CD⟧⟦TAG:0000:0003:4FBBF1FF⟧bloc⟦TAG:0000:0003:FAFFE6FF⟧⟦END:0002:0001⟧ te barre le passage,","Se un ⟦TAG:0002:0001:06CD⟧⟦TAG:0000:0003:4FBBF1FF⟧blocco⟦TAG:0000:0003:FAFFE6FF⟧⟦END:0002:0001⟧ ti sbarra la strada,","Bir ⟦TAG:0002:0001:06CD⟧⟦TAG:0000:0003:4FBBF1FF⟧blok⟦TAG:0000:0003:FAFFE6FF⟧⟦END:0002:0001⟧ yolunu kapatıyorsa,",2,430,1,383,0.891,OK,OK,REVIEWED,Elle çevrildi; EN/DE/ES/FR/IT karşılaştırıldı; öğretici akış ve karakter tonu korundu.
514,G_Tut1_14_031,"you can't ⟦TAG:0002:0001:06CD⟧⟦TAG:0000:0003:FF7417FF⟧push in⟦TAG:0000:0003:FAFFE6FF⟧⟦END:0002:0001⟧ the
⟦TAG:0002:0001:06CD⟧⟦TAG:0000:0003:4FBBF1FF⟧block⟦TAG:0000:0003:FAFFE6FF⟧⟦END:0002:0001⟧ you're grabbing.","kannst du den ⟦TAG:0002:0001:06CD⟧⟦TAG:0000:0003:4FBBF1FF⟧Block⟦TAG:0000:0003:FAFFE6FF⟧⟦END:0002:0001⟧, den du gegriffen
hast, nicht ⟦TAG:0002:0001:06CD⟧⟦TAG:0000:0003:FF7417FF⟧reinschieben⟦TAG:0000:0003:FAFFE6FF⟧⟦END:0002:0001⟧.","no podrás seguir ⟦TAG:0002:0001:06CD⟧⟦TAG:0000:0003:FF7417FF⟧empujando⟦TAG:0000:0003:FAFFE6FF⟧⟦END:0002:0001⟧
el ⟦TAG:0002:0001:06CD⟧⟦TAG:0000:0003:4FBBF1FF⟧bloque⟦TAG:0000:0003:FAFFE6FF⟧⟦END:0002:0001⟧ que tengas cogido.","tu ne peux pas ⟦TAG:0002:0001:06CD⟧⟦TAG:0000:0003:FF7417FF⟧pousser⟦TAG:0000:0003:FAFFE6FF⟧⟦END:0002:0001⟧ le ⟦TAG:0002:0001:06CD⟧⟦TAG:0000:0003:4FBBF1FF⟧bloc⟦TAG:0000:0003:FAFFE6FF⟧⟦END:0002:0001⟧
que tu tiens pour le rentrer.","non puoi ⟦TAG:0002:0001:06CD⟧⟦TAG:0000:0003:FF7417FF⟧spingere⟦TAG:0000:0003:FAFFE6FF⟧⟦END:0002:0001⟧ in dentro
il ⟦TAG:0002:0001:06CD⟧⟦TAG:0000:0003:4FBBF1FF⟧blocco⟦TAG:0000:0003:FAFFE6FF⟧⟦END:0002:0001⟧ che hai afferrato.","Daha fazla ⟦TAG:0002:0001:06CD⟧⟦TAG:0000:0003:FF7417FF⟧içeri itemezsin⟦TAG:0000:0003:FAFFE6FF⟧⟦END:0002:0001⟧;
tuttuğun ⟦TAG:0002:0001:06CD⟧⟦TAG:0000:0003:4FBBF1FF⟧blok⟦TAG:0000:0003:FAFFE6FF⟧⟦END:0002:0001⟧ yerinden oynamaz.",2,510,2,450,0.882,OK,OK,REVIEWED,Elle çevrildi; EN/DE/ES/FR/IT karşılaştırıldı; öğretici akış ve karakter tonu korundu.
515,G_Tut1_14_032,"Step away from the back wall,
then grab that ⟦TAG:0002:0001:06CD⟧⟦TAG:0000:0003:4FBBF1FF⟧block⟦TAG:0000:0003:FAFFE6FF⟧⟦END:0002:0001⟧ again.","Tritt von der hinteren Wand zurück und 
greif den ⟦TAG:0002:0001:06CD⟧⟦TAG:0000:0003:4FBBF1FF⟧Block⟦TAG:0000:0003:FAFFE6FF⟧⟦END:0002:0001⟧ dann noch einmal.","Aléjate de la pared del fondo
y coge el ⟦TAG:0002:0001:06CD⟧⟦TAG:0000:0003:4FBBF1FF⟧bloque⟦TAG:0000:0003:FAFFE6FF⟧⟦END:0002:0001⟧ de nuevo.","Écarte-toi d'abord du mur du fond,
puis ressaisis le ⟦TAG:0002:0001:06CD⟧⟦TAG:0000:0003:4FBBF1FF⟧bloc⟦TAG:0000:0003:FAFFE6FF⟧⟦END:0002:0001⟧ à déplacer.","Tieniti lontano dal muro in fondo
e afferralo nuovamente.","Arka duvardan biraz uzaklaş,
sonra o ⟦TAG:0002:0001:06CD⟧⟦TAG:0000:0003:4FBBF1FF⟧bloğu⟦TAG:0000:0003:FAFFE6FF⟧⟦END:0002:0001⟧ yeniden tut.",2,546,2,408,0.747,OK,OK,REVIEWED,Elle çevrildi; EN/DE/ES/FR/IT karşılaştırıldı; öğretici akış ve karakter tonu korundu.
516,G_Tut1_14_033,You'll be able to ⟦TAG:0002:0001:06CD⟧⟦TAG:0000:0003:FF7417FF⟧push it in⟦TAG:0000:0003:FAFFE6FF⟧⟦END:0002:0001⟧ from there.,"Von dort kannst du ihn
dann ⟦TAG:0002:0001:06CD⟧⟦TAG:0000:0003:FF7417FF⟧reinschieben⟦TAG:0000:0003:FAFFE6FF⟧⟦END:0002:0001⟧.",Así podrás ⟦TAG:0002:0001:06CD⟧⟦TAG:0000:0003:FF7417FF⟧empujarlo⟦TAG:0000:0003:FAFFE6FF⟧⟦END:0002:0001⟧.,"Là, tu pourras le ⟦TAG:0002:0001:06CD⟧⟦TAG:0000:0003:FF7417FF⟧pousser⟦TAG:0000:0003:FAFFE6FF⟧⟦END:0002:0001⟧ !","Da quella posizione, dovresti essere in
grado di ⟦TAG:0002:0001:06CD⟧⟦TAG:0000:0003:FF7417FF⟧spingerlo⟦TAG:0000:0003:FAFFE6FF⟧⟦END:0002:0001⟧ per farlo rientrare!",Oradan ⟦TAG:0002:0001:06CD⟧⟦TAG:0000:0003:FF7417FF⟧içeri itebilirsin⟦TAG:0000:0003:FAFFE6FF⟧⟦END:0002:0001⟧.,2,518,1,320,0.618,OK,OK,REVIEWED,Elle çevrildi; EN/DE/ES/FR/IT karşılaştırıldı; öğretici akış ve karakter tonu korundu.
517,G_Tut1_14_040,"That's it!
Great work, kid!","Exakt!
Gute Arbeit, Kleiner!","¡Muy bien!
¡Lo has hecho estupendamente!","Tu as réussi ! Bravo, mon petit !","Ci sei riuscito!
Ottimo lavoro, figliolo!","İşte bu!
Harika iş evlat!",2,427,2,215,0.504,OK,OK,REVIEWED,Elle çevrildi; EN/DE/ES/FR/IT karşılaştırıldı; öğretici akış ve karakter tonu korundu.
518,G_Tut1_14_041,"Did you catch all that, Mallo?","Hast du das alles verstanden, Mallo?","¿Has visto, Millo?","As-tu bien suivi l'explication, Millo ?","Hai capito bene tutto quanto, Mallo?","Hepsini anladın mı, Mallo?",1,503,1,359,0.714,OK,OK,REVIEWED,Elle çevrildi; EN/DE/ES/FR/IT karşılaştırıldı; öğretici akış ve karakter tonu korundu.
519,G_Tut1_14_042,"You'll probably find that
technique useful later too,","Diese Technik wirst du später sicher
auch nützlich finden.","Seguro que esta técnica
te resulta útil más adelante.","Cette technique-là aussi pourrait
bien t'être utile par la suite.","Questa tecnica potrebbe
tornarti utile anche in futuro.","Bu teknik de ileride
çok işine yarayabilir,",2,484,2,287,0.593,OK,OK,REVIEWED,Elle çevrildi; EN/DE/ES/FR/IT karşılaştırıldı; öğretici akış ve karakter tonu korundu.
520,G_Tut1_14_043,"so be sure to remember it, OK?","Behalt sie also im Hinterkopf,
in Ordnung?","Recuérdala bien, ¿eh?",Alors fais en sorte de t'en souvenir !,Faresti bene a ricordartela.,"o yüzden unutma, tamam mı?",2,487,1,389,0.799,OK,OK,REVIEWED,Elle çevrildi; EN/DE/ES/FR/IT karşılaştırıldı; öğretici akış ve karakter tonu korundu.
521,G_Tut1_14_050,"Oh no! 
Not YOU again!","Oh nein! 
Nicht DU schon wieder!","¡Oh, no!
¡¡Otra vez no!!","Oh, non ! 
C'est ENCORE toi !","Ehi! Ancora tu?!
Piccola peste che non sei altro!","Eyvah!
Yine mi SEN!",2,420,2,170,0.405,OK,OK,REVIEWED,Elle çevrildi; EN/DE/ES/FR/IT karşılaştırıldı; öğretici akış ve karakter tonu korundu.
522,G_Tut1_14_051,"Oh dear!
Look up there!","Du liebe Güte!
Sieh mal! Dort oben!","¡Ay madre mía!
¡Mira arriba!","Oh, mince !
Regarde donc là-haut !","Oh, no!
Guarda lassù!","Aman!
Şuraya bak!",2,313,2,165,0.527,OK,OK,REVIEWED,Elle çevrildi; EN/DE/ES/FR/IT karşılaştırıldı; öğretici akış ve karakter tonu korundu.
523,G_Tut1_14_052,That little fella's trapped!,Der kleine Racker steckt fest!,¡Ya estamos otra vez!,"Ce pauvre bout de chou
s'est retrouvé emprisonné !","Quel povero bimbo è
rimasto intrappolato!",Ufaklık sıkışmış!,2,404,1,220,0.545,OK,OK,REVIEWED,Elle çevrildi; EN/DE/ES/FR/IT karşılaştırıldı; öğretici akış ve karakter tonu korundu.
524,G_Tut1_14_060,"⟦TAG:0002:0001:06CD⟧⟦TAG:0000:0003:FF7417FF⟧Pull out⟦TAG:0000:0003:FAFFE6FF⟧⟦END:0002:0001⟧ those ⟦TAG:0002:0001:06CD⟧⟦TAG:0000:0003:4FBBF1FF⟧blocks⟦TAG:0000:0003:FAFFE6FF⟧⟦END:0002:0001⟧
and get on up there!","⟦TAG:0002:0001:06CD⟧⟦TAG:0000:0003:FF7417FF⟧Zieh⟦TAG:0000:0003:FAFFE6FF⟧⟦END:0002:0001⟧ die ⟦TAG:0002:0001:06CD⟧⟦TAG:0000:0003:4FBBF1FF⟧Blöcke⟦TAG:0000:0003:FAFFE6FF⟧⟦END:0002:0001⟧ ⟦TAG:0002:0001:06CD⟧⟦TAG:0000:0003:FF7417FF⟧raus⟦TAG:0000:0003:FAFFE6FF⟧⟦END:0002:0001⟧ und
klettere dort hoch!",¡⟦TAG:0002:0001:06CD⟧⟦TAG:0000:0003:FF7417FF⟧Tira⟦TAG:0000:0003:FAFFE6FF⟧⟦END:0002:0001⟧ de los ⟦TAG:0002:0001:06CD⟧⟦TAG:0000:0003:4FBBF1FF⟧bloques⟦TAG:0000:0003:FAFFE6FF⟧⟦END:0002:0001⟧ y sube!,"⟦TAG:0002:0001:06CD⟧⟦TAG:0000:0003:FF7417FF⟧Tire⟦TAG:0000:0003:FAFFE6FF⟧⟦END:0002:0001⟧ sur ces ⟦TAG:0002:0001:06CD⟧⟦TAG:0000:0003:4FBBF1FF⟧blocs⟦TAG:0000:0003:FAFFE6FF⟧⟦END:0002:0001⟧ pour
grimper jusqu'en haut !",⟦TAG:0002:0001:06CD⟧⟦TAG:0000:0003:FF7417FF⟧Tira⟦TAG:0000:0003:FAFFE6FF⟧⟦END:0002:0001⟧ quei ⟦TAG:0002:0001:06CD⟧⟦TAG:0000:0003:4FBBF1FF⟧blocchi⟦TAG:0000:0003:FAFFE6FF⟧⟦END:0002:0001⟧ e sali fino in cima!,"⟦TAG:0002:0001:06CD⟧⟦TAG:0000:0003:FF7417FF⟧Çek⟦TAG:0000:0003:FAFFE6FF⟧⟦END:0002:0001⟧ şu ⟦TAG:0002:0001:06CD⟧⟦TAG:0000:0003:4FBBF1FF⟧blokları⟦TAG:0000:0003:FAFFE6FF⟧⟦END:0002:0001⟧
ve çık yukarı!",2,474,2,197,0.416,OK,OK,REVIEWED,Elle çevrildi; EN/DE/ES/FR/IT karşılaştırıldı; öğretici akış ve karakter tonu korundu.
525,G_Tut1_14_070,⟦TAG:0002:0001:06CD⟧⟦TAG:0000:0003:FF7417FF⟧Pull⟦TAG:0000:0003:FAFFE6FF⟧⟦END:0002:0001⟧ the inner ⟦TAG:0002:0001:06CD⟧⟦TAG:0000:0003:4FBBF1FF⟧block⟦TAG:0000:0003:FAFFE6FF⟧⟦END:0002:0001⟧ out two steps.,"⟦TAG:0002:0001:06CD⟧⟦TAG:0000:0003:FF7417FF⟧Zieh⟦TAG:0000:0003:FAFFE6FF⟧⟦END:0002:0001⟧ den inneren ⟦TAG:0002:0001:06CD⟧⟦TAG:0000:0003:4FBBF1FF⟧Block⟦TAG:0000:0003:FAFFE6FF⟧⟦END:0002:0001⟧
zwei Stufen ⟦TAG:0002:0001:06CD⟧⟦TAG:0000:0003:FF7417FF⟧raus⟦TAG:0000:0003:FAFFE6FF⟧⟦END:0002:0001⟧.","Debes ⟦TAG:0002:0001:06CD⟧⟦TAG:0000:0003:FF7417FF⟧tirar⟦TAG:0000:0003:FAFFE6FF⟧⟦END:0002:0001⟧ del ⟦TAG:0002:0001:06CD⟧⟦TAG:0000:0003:4FBBF1FF⟧bloque⟦TAG:0000:0003:FAFFE6FF⟧⟦END:0002:0001⟧ del medio
dos veces.","⟦TAG:0002:0001:06CD⟧⟦TAG:0000:0003:FF7417FF⟧Tire⟦TAG:0000:0003:FAFFE6FF⟧⟦END:0002:0001⟧ sur le ⟦TAG:0002:0001:06CD⟧⟦TAG:0000:0003:4FBBF1FF⟧bloc⟦TAG:0000:0003:FAFFE6FF⟧⟦END:0002:0001⟧ du milieu
pour le sortir de deux crans.",⟦TAG:0002:0001:06CD⟧⟦TAG:0000:0003:FF7417FF⟧Tira⟦TAG:0000:0003:FAFFE6FF⟧⟦END:0002:0001⟧ il ⟦TAG:0002:0001:06CD⟧⟦TAG:0000:0003:4FBBF1FF⟧blocco⟦TAG:0000:0003:FAFFE6FF⟧⟦END:0002:0001⟧ interno di 2 caselle.,⟦TAG:0002:0001:06CD⟧⟦TAG:0000:0003:FF7417FF⟧Çek⟦TAG:0000:0003:FAFFE6FF⟧⟦END:0002:0001⟧ içteki ⟦TAG:0002:0001:06CD⟧⟦TAG:0000:0003:4FBBF1FF⟧bloğu⟦TAG:0000:0003:FAFFE6FF⟧⟦END:0002:0001⟧ iki kademe.,2,457,1,376,0.823,OK,OK,REVIEWED,Elle çevrildi; EN/DE/ES/FR/IT karşılaştırıldı; öğretici akış ve karakter tonu korundu.
526,G_Tut1_14_071,"One step won't do. If you stop there,
you'll bump into the ⟦TAG:0002:0001:06CD⟧⟦TAG:0000:0003:4FBBF1FF⟧block⟦TAG:0000:0003:FAFFE6FF⟧⟦END:0002:0001⟧ at the back,","Eine Stufe reicht nicht. Sonst kommt
dir der hintere ⟦TAG:0002:0001:06CD⟧⟦TAG:0000:0003:4FBBF1FF⟧Block⟦TAG:0000:0003:FAFFE6FF⟧⟦END:0002:0001⟧ in die Quere","Si tiras solo una vez, te darás
contra el ⟦TAG:0002:0001:06CD⟧⟦TAG:0000:0003:4FBBF1FF⟧bloque⟦TAG:0000:0003:FAFFE6FF⟧⟦END:0002:0001⟧ del fondo...","Un cran ne sera pas suffisant : tu iras
forcément buter dans le ⟦TAG:0002:0001:06CD⟧⟦TAG:0000:0003:4FBBF1FF⟧bloc⟦TAG:0000:0003:FAFFE6FF⟧⟦END:0002:0001⟧ du fond,","Una sola casella non basta... Finirai
per sbattere contro il ⟦TAG:0002:0001:06CD⟧⟦TAG:0000:0003:4FBBF1FF⟧blocco⟦TAG:0000:0003:FAFFE6FF⟧⟦END:0002:0001⟧ in fondo,","Bir kademe yetmez. Orada kalırsan
arkadaki ⟦TAG:0002:0001:06CD⟧⟦TAG:0000:0003:4FBBF1FF⟧bloğa⟦TAG:0000:0003:FAFFE6FF⟧⟦END:0002:0001⟧ çarparsın,",2,516,2,480,0.930,OK,OK,REVIEWED,Elle çevrildi; EN/DE/ES/FR/IT karşılaştırıldı; öğretici akış ve karakter tonu korundu.
527,G_Tut1_14_072,or fall off the front.,oder du fällst vorn runter.,"o puede que te caigas
por la parte de delante.",ou tu perdras l'équilibre vers l'avant.,oppure cadrai in avanti.,ya da önden düşersin.,2,501,1,293,0.585,OK,OK,REVIEWED,Elle çevrildi; EN/DE/ES/FR/IT karşılaştırıldı; öğretici akış ve karakter tonu korundu.
528,G_Tut1_14_073,"You won't be able to ⟦TAG:0002:0001:06CD⟧⟦TAG:0000:0003:FF7417FF⟧push⟦TAG:0000:0003:FAFFE6FF⟧⟦END:0002:0001⟧
or ⟦TAG:0002:0001:06CD⟧⟦TAG:0000:0003:FF7417FF⟧pull⟦TAG:0000:0003:FAFFE6FF⟧⟦END:0002:0001⟧ ⟦TAG:0002:0001:06CD⟧⟦TAG:0000:0003:4FBBF1FF⟧blocks⟦TAG:0000:0003:FAFFE6FF⟧⟦END:0002:0001⟧ like that!","So kannst du keine ⟦TAG:0002:0001:06CD⟧⟦TAG:0000:0003:4FBBF1FF⟧Blöcke⟦TAG:0000:0003:FAFFE6FF⟧⟦END:0002:0001⟧
⟦TAG:0002:0001:06CD⟧⟦TAG:0000:0003:FF7417FF⟧reinschieben⟦TAG:0000:0003:FAFFE6FF⟧⟦END:0002:0001⟧ oder ⟦TAG:0002:0001:06CD⟧⟦TAG:0000:0003:FF7417FF⟧rausziehen⟦TAG:0000:0003:FAFFE6FF⟧⟦END:0002:0001⟧!","¡Así no podrás ⟦TAG:0002:0001:06CD⟧⟦TAG:0000:0003:FF7417FF⟧empujar⟦TAG:0000:0003:FAFFE6FF⟧⟦END:0002:0001⟧ los ⟦TAG:0002:0001:06CD⟧⟦TAG:0000:0003:4FBBF1FF⟧bloques⟦TAG:0000:0003:FAFFE6FF⟧⟦END:0002:0001⟧
ni ⟦TAG:0002:0001:06CD⟧⟦TAG:0000:0003:FF7417FF⟧tirar⟦TAG:0000:0003:FAFFE6FF⟧⟦END:0002:0001⟧ de ellos!","Mais tu n'auras pas moyen de ⟦TAG:0002:0001:06CD⟧⟦TAG:0000:0003:FF7417FF⟧pousser⟦TAG:0000:0003:FAFFE6FF⟧⟦END:0002:0001⟧
ou ⟦TAG:0002:0001:06CD⟧⟦TAG:0000:0003:FF7417FF⟧tirer⟦TAG:0000:0003:FAFFE6FF⟧⟦END:0002:0001⟧ le moindre ⟦TAG:0002:0001:06CD⟧⟦TAG:0000:0003:4FBBF1FF⟧bloc⟦TAG:0000:0003:FAFFE6FF⟧⟦END:0002:0001⟧ comme ça !","In quel modo non riuscirai a ⟦TAG:0002:0001:06CD⟧⟦TAG:0000:0003:FF7417FF⟧spingere⟦TAG:0000:0003:FAFFE6FF⟧⟦END:0002:0001⟧
o a ⟦TAG:0002:0001:06CD⟧⟦TAG:0000:0003:FF7417FF⟧tirare⟦TAG:0000:0003:FAFFE6FF⟧⟦END:0002:0001⟧ nemmeno un ⟦TAG:0002:0001:06CD⟧⟦TAG:0000:0003:4FBBF1FF⟧blocco⟦TAG:0000:0003:FAFFE6FF⟧⟦END:0002:0001⟧!","Öyle dururken ne ⟦TAG:0002:0001:06CD⟧⟦TAG:0000:0003:FF7417FF⟧itebilirsin⟦TAG:0000:0003:FAFFE6FF⟧⟦END:0002:0001⟧ ne
de ⟦TAG:0002:0001:06CD⟧⟦TAG:0000:0003:FF7417FF⟧çekebilirsin⟦TAG:0000:0003:FAFFE6FF⟧⟦END:0002:0001⟧; ⟦TAG:0002:0001:06CD⟧⟦TAG:0000:0003:4FBBF1FF⟧bloklar⟦TAG:0000:0003:FAFFE6FF⟧⟦END:0002:0001⟧ oynamaz!",2,505,2,451,0.893,OK,OK,REVIEWED,Elle çevrildi; EN/DE/ES/FR/IT karşılaştırıldı; öğretici akış ve karakter tonu korundu.
529,G_Tut1_14_080,"This is where you'll need that
technique you just learned.","Hier brauchst du die Technik,
die du gerade gelernt hast.","Aquí es donde tienes que aplicar
la técnica que acabas de aprender.","Et maintenant, tu peux utiliser la
technique que je viens d'expliquer.","Ora avrai modo di mettere in pratica
la tecnica che ho appena spiegato.","Tam burada az önce öğrendiğin
tekniği kullanman gerekecek.",2,503,2,424,0.843,OK,OK,REVIEWED,Elle çevrildi; EN/DE/ES/FR/IT karşılaştırıldı; öğretici akış ve karakter tonu korundu.
530,G_Tut1_14_081,"⟦TAG:0002:0001:06CD⟧⟦TAG:0000:0003:FF7417FF⟧Jump⟦TAG:0000:0003:FAFFE6FF⟧⟦END:0002:0001⟧ onto the inner ⟦TAG:0002:0001:06CD⟧⟦TAG:0000:0003:4FBBF1FF⟧block⟦TAG:0000:0003:FAFFE6FF⟧⟦END:0002:0001⟧,",⟦TAG:0002:0001:06CD⟧⟦TAG:0000:0003:FF7417FF⟧Spring⟦TAG:0000:0003:FAFFE6FF⟧⟦END:0002:0001⟧ auf den inneren ⟦TAG:0002:0001:06CD⟧⟦TAG:0000:0003:4FBBF1FF⟧Block⟦TAG:0000:0003:FAFFE6FF⟧⟦END:0002:0001⟧.,⟦TAG:0002:0001:06CD⟧⟦TAG:0000:0003:FF7417FF⟧Salta⟦TAG:0000:0003:FAFFE6FF⟧⟦END:0002:0001⟧ sobre el ⟦TAG:0002:0001:06CD⟧⟦TAG:0000:0003:4FBBF1FF⟧bloque⟦TAG:0000:0003:FAFFE6FF⟧⟦END:0002:0001⟧ del medio...,"⟦TAG:0002:0001:06CD⟧⟦TAG:0000:0003:FF7417FF⟧Saute⟦TAG:0000:0003:FAFFE6FF⟧⟦END:0002:0001⟧ sur le ⟦TAG:0002:0001:06CD⟧⟦TAG:0000:0003:4FBBF1FF⟧bloc⟦TAG:0000:0003:FAFFE6FF⟧⟦END:0002:0001⟧ du milieu,",⟦TAG:0002:0001:06CD⟧⟦TAG:0000:0003:FF7417FF⟧Salta⟦TAG:0000:0003:FAFFE6FF⟧⟦END:0002:0001⟧ sul ⟦TAG:0002:0001:06CD⟧⟦TAG:0000:0003:4FBBF1FF⟧blocco⟦TAG:0000:0003:FAFFE6FF⟧⟦END:0002:0001⟧ interno,"⟦TAG:0002:0001:06CD⟧⟦TAG:0000:0003:FF7417FF⟧Zıpla⟦TAG:0000:0003:FAFFE6FF⟧⟦END:0002:0001⟧ içteki ⟦TAG:0002:0001:06CD⟧⟦TAG:0000:0003:4FBBF1FF⟧bloğun⟦TAG:0000:0003:FAFFE6FF⟧⟦END:0002:0001⟧ üstüne,",1,442,1,357,0.808,OK,OK,REVIEWED,Elle çevrildi; EN/DE/ES/FR/IT karşılaştırıldı; öğretici akış ve karakter tonu korundu.
531,G_Tut1_14_082,then grab the outer ⟦TAG:0002:0001:06CD⟧⟦TAG:0000:0003:4FBBF1FF⟧block⟦TAG:0000:0003:FAFFE6FF⟧⟦END:0002:0001⟧!,Greif dann den äußeren ⟦TAG:0002:0001:06CD⟧⟦TAG:0000:0003:4FBBF1FF⟧Block⟦TAG:0000:0003:FAFFE6FF⟧⟦END:0002:0001⟧!,¡y coge el ⟦TAG:0002:0001:06CD⟧⟦TAG:0000:0003:4FBBF1FF⟧bloque⟦TAG:0000:0003:FAFFE6FF⟧⟦END:0002:0001⟧ de fuera!,"et de là, attrape le ⟦TAG:0002:0001:06CD⟧⟦TAG:0000:0003:4FBBF1FF⟧bloc⟦TAG:0000:0003:FAFFE6FF⟧⟦END:0002:0001⟧
qui est à l'extérieur !",e da lì afferra il ⟦TAG:0002:0001:06CD⟧⟦TAG:0000:0003:4FBBF1FF⟧blocco⟦TAG:0000:0003:FAFFE6FF⟧⟦END:0002:0001⟧ esterno!,sonra dıştaki ⟦TAG:0002:0001:06CD⟧⟦TAG:0000:0003:4FBBF1FF⟧bloğu⟦TAG:0000:0003:FAFFE6FF⟧⟦END:0002:0001⟧ tut!,2,429,1,317,0.739,OK,OK,REVIEWED,Elle çevrildi; EN/DE/ES/FR/IT karşılaştırıldı; öğretici akış ve karakter tonu korundu.
532,G_Tut1_14_090,"You can move the outer ⟦TAG:0002:0001:06CD⟧⟦TAG:0000:0003:4FBBF1FF⟧block⟦TAG:0000:0003:FAFFE6FF⟧⟦END:0002:0001⟧ while
you're standing on the inner one.","Beweg dann den äußeren ⟦TAG:0002:0001:06CD⟧⟦TAG:0000:0003:4FBBF1FF⟧Block⟦TAG:0000:0003:FAFFE6FF⟧⟦END:0002:0001⟧,
während du auf dem inneren stehst.","Para mover el ⟦TAG:0002:0001:06CD⟧⟦TAG:0000:0003:4FBBF1FF⟧bloque⟦TAG:0000:0003:FAFFE6FF⟧⟦END:0002:0001⟧ de fuera, debes
ponerte sobre el ⟦TAG:0002:0001:06CD⟧⟦TAG:0000:0003:4FBBF1FF⟧bloque⟦TAG:0000:0003:FAFFE6FF⟧⟦END:0002:0001⟧ del medio.","Si tu grimpes sur le ⟦TAG:0002:0001:06CD⟧⟦TAG:0000:0003:4FBBF1FF⟧bloc⟦TAG:0000:0003:FAFFE6FF⟧⟦END:0002:0001⟧ du milieu,
tu peux déplacer celui de l'extérieur.","Puoi spostare il ⟦TAG:0002:0001:06CD⟧⟦TAG:0000:0003:4FBBF1FF⟧blocco⟦TAG:0000:0003:FAFFE6FF⟧⟦END:0002:0001⟧ esterno
mentre ti trovi su quello interno.","İçtekinin üstünde dururken dıştaki
⟦TAG:0002:0001:06CD⟧⟦TAG:0000:0003:4FBBF1FF⟧bloğu⟦TAG:0000:0003:FAFFE6FF⟧⟦END:0002:0001⟧ hareket ettirebilirsin.",2,499,2,467,0.936,OK,OK,REVIEWED,Elle çevrildi; EN/DE/ES/FR/IT karşılaştırıldı; öğretici akış ve karakter tonu korundu.
533,Guide_Tuto_15,,,,,,,1,0,0,0,0.000,EMPTY,OK,EMPTY,
534,G_Tut1_15_000,"On this one, you'll have to use both
that last technique and the ⟦TAG:0002:0001:06CD⟧⟦TAG:0000:0003:FF7417FF⟧side pull⟦TAG:0000:0003:FAFFE6FF⟧⟦END:0002:0001⟧.","Hier musst du die neueste Technik und
das ⟦TAG:0002:0001:06CD⟧⟦TAG:0000:0003:FF7417FF⟧seitliche Ziehen⟦TAG:0000:0003:FAFFE6FF⟧⟦END:0002:0001⟧ einsetzen.","Aquí tendrás que usar la última técnica
y ⟦TAG:0002:0001:06CD⟧⟦TAG:0000:0003:FF7417FF⟧tirar de lado⟦TAG:0000:0003:FAFFE6FF⟧⟦END:0002:0001⟧.","Ici, tu devrais utiliser la technique de la
dernière leçon et aussi ⟦TAG:0002:0001:06CD⟧⟦TAG:0000:0003:FF7417FF⟧tirer par le côté⟦TAG:0000:0003:FAFFE6FF⟧⟦END:0002:0001⟧.","Ora dovrai utilizzare la nuova
tecnica e quella per ⟦TAG:0002:0001:06CD⟧⟦TAG:0000:0003:FF7417FF⟧tirare di lato⟦TAG:0000:0003:FAFFE6FF⟧⟦END:0002:0001⟧.","Bunda son tekniği ve
⟦TAG:0002:0001:06CD⟧⟦TAG:0000:0003:FF7417FF⟧yandan çekmeyi⟦TAG:0000:0003:FAFFE6FF⟧⟦END:0002:0001⟧ birlikte kullan.",2,538,2,430,0.799,OK,OK,REVIEWED,Elle çevrildi; EN/DE/ES/FR/IT karşılaştırıldı; öğretici akış ve karakter tonu korundu.
535,Guide_Tuto_16,,,,,,,1,0,0,0,0.000,EMPTY,OK,EMPTY,
536,G_Tut1_16_000,"Don't let a little bump on the head stop
you. If you miss a ⟦TAG:0002:0001:06CD⟧⟦TAG:0000:0003:FF7417FF⟧jump⟦TAG:0000:0003:FAFFE6FF⟧⟦END:0002:0001⟧, just try again!","Nur nicht aufgeben! Wenn ein ⟦TAG:0002:0001:06CD⟧⟦TAG:0000:0003:FF7417FF⟧Sprung⟦TAG:0000:0003:FAFFE6FF⟧⟦END:0002:0001⟧
missglückt, versuch es einfach erneut!","¡No pasa nada si te das algún
coscorrón! ¡Tú intenta ⟦TAG:0002:0001:06CD⟧⟦TAG:0000:0003:FF7417FF⟧saltar⟦TAG:0000:0003:FAFFE6FF⟧⟦END:0002:0001⟧ de nuevo!","Se cogner la tête n'est pas bien grave !
Si tu rates un ⟦TAG:0002:0001:06CD⟧⟦TAG:0000:0003:FF7417FF⟧saut⟦TAG:0000:0003:FAFFE6FF⟧⟦END:0002:0001⟧, retente-le !","Non aver paura di sbattere la testa!
Se sbagli a ⟦TAG:0002:0001:06CD⟧⟦TAG:0000:0003:FF7417FF⟧saltare⟦TAG:0000:0003:FAFFE6FF⟧⟦END:0002:0001⟧, prova di nuovo!","Kafanı biraz vurdun diye pes etme.
⟦TAG:0002:0001:06CD⟧⟦TAG:0000:0003:FF7417FF⟧Zıplayışı⟦TAG:0000:0003:FAFFE6FF⟧⟦END:0002:0001⟧ kaçırırsan tekrar dene!",2,529,2,472,0.892,OK,OK,REVIEWED,Elle çevrildi; EN/DE/ES/FR/IT karşılaştırıldı; öğretici akış ve karakter tonu korundu.
537,Guide_Tuto_17,,,,,,,1,0,0,0,0.000,EMPTY,OK,EMPTY,
538,G_Tut1_17_000,"Take a good look at this one.
Can you see the big stairs?","Sieh dir das hier genau an.
Erkennst du die großen Treppenstufen?","Fíjate bien en este.
¿Has visto qué escaleras tan grandes?","Regarde bien ce Pullblox, Millo. Vois-tu
ce qui ressemble à un grand escalier ?","Guarda bene questo Pullblox, Mallo.
Riesci a vedere una grande scalinata?","Buna iyice bir bak. Şu büyük
basamakları görüyor musun?",2,532,2,387,0.727,OK,OK,REVIEWED,Elle çevrildi; EN/DE/ES/FR/IT karşılaştırıldı; öğretici akış ve karakter tonu korundu.
539,G_Tut1_17_001,"It looks like you can climb them all the
way up...but looks can be deceiving.","Es sieht aus, als könntest du sie ganz
hochklettern. Aber der Schein trügt...","Parece que puedes subir sin problema,
pero las apariencias engañan...","Il pourrait presque te conduire jusqu'en
haut... mais c'est là le hic : presque !","A prima vista sembra possibile salire
fino in cima... ma in realtà non è così!","Sanki tepeye kadar çıkılabiliyor...
ama görüntü insanı yanıltabilir.",2,533,2,463,0.869,OK,OK,REVIEWED,Elle çevrildi; EN/DE/ES/FR/IT karşılaştırıldı; öğretici akış ve karakter tonu korundu.
540,G_Tut1_17_100,Eh? What's that...?,Nanu! Was ist denn?,¿Cómo?,Eh bien ? Qu'est-ce qui t'arrive ?,Eh? Vuoi dirmi qualcosa?,Ha? Ne dedin...?,1,438,1,220,0.502,OK,OK,REVIEWED,Elle çevrildi; EN/DE/ES/FR/IT karşılaştırıldı; öğretici akış ve karakter tonu korundu.
541,G_Tut1_17_101,"You're worried about the other kids in
the park? What a kind lad you are.","Du sorgst dich um die anderen Kinder
im Park? Du bist wirklich gutmütig!","¿Que estás preocupado por los otros
críos? ¡Qué majete eres!","Ah, tu t'inquiètes pour tous les enfants
du parc ? Quel brave garçon tu fais !","Sei preoccupato per i bambini del
parco? Sei proprio un caro ragazzo!","Parktaki diğer çocuklar için mi
endişeleniyorsun? Ne iyi evlatsın.",2,524,2,452,0.863,OK,OK,REVIEWED,Elle çevrildi; EN/DE/ES/FR/IT karşılaştırıldı; öğretici akış ve karakter tonu korundu.
542,G_Tut1_17_102,If that little brat has been going around,"Wenn dieser kleine Schlingel
losgezogen ist und",¡Como ese granuja haya ido por ahí...,"Mais il est vrai que, si ce chenapan
s'est amusé à faire le tour du parc","È pur vero che se quella piccola peste
ha continuato a gironzolare per il parco",O küçük afacan parkta dolaşıp,2,544,1,421,0.774,OK,OK,REVIEWED,Elle çevrildi; EN/DE/ES/FR/IT karşılaştırıldı; öğretici akış ve karakter tonu korundu.
543,G_Tut1_17_103,"⟦TAG:0002:0001:06CD⟧⟦TAG:0000:0003:FF7417FF⟧jumping⟦TAG:0000:0003:FAFFE6FF⟧⟦END:0002:0001⟧ on all of my ⟦TAG:0002:0001:06CD⟧⟦TAG:0000:0003:4FBBF1FF⟧reset switches⟦TAG:0000:0003:FAFFE6FF⟧⟦END:0002:0001⟧,","all meine ⟦TAG:0002:0001:06CD⟧⟦TAG:0000:0003:4FBBF1FF⟧Rücksetzschalter⟦TAG:0000:0003:FAFFE6FF⟧⟦END:0002:0001⟧ betätigt hat,",... dándole a los ⟦TAG:0002:0001:06CD⟧⟦TAG:0000:0003:4FBBF1FF⟧Cuadrablox⟦TAG:0000:0003:FAFFE6FF⟧⟦END:0002:0001⟧...!,"en ⟦TAG:0002:0001:06CD⟧⟦TAG:0000:0003:FF7417FF⟧sautant⟦TAG:0000:0003:FAFFE6FF⟧⟦END:0002:0001⟧ sur les ⟦TAG:0002:0001:06CD⟧⟦TAG:0000:0003:4FBBF1FF⟧réinitialisateurs⟦TAG:0000:0003:FAFFE6FF⟧⟦END:0002:0001⟧,","⟦TAG:0002:0001:06CD⟧⟦TAG:0000:0003:FF7417FF⟧saltando⟦TAG:0000:0003:FAFFE6FF⟧⟦END:0002:0001⟧ sugli ⟦TAG:0002:0001:06CD⟧⟦TAG:0000:0003:4FBBF1FF⟧interruttori reset⟦TAG:0000:0003:FAFFE6FF⟧⟦END:0002:0001⟧,","⟦TAG:0002:0001:06CD⟧⟦TAG:0000:0003:FF7417FF⟧zıplayıp⟦TAG:0000:0003:FAFFE6FF⟧⟦END:0002:0001⟧ tüm ⟦TAG:0002:0001:06CD⟧⟦TAG:0000:0003:4FBBF1FF⟧reset tuşlarıma⟦TAG:0000:0003:FAFFE6FF⟧⟦END:0002:0001⟧ basmışsa,",1,547,1,516,0.943,OK,OK,REVIEWED,Elle çevrildi; EN/DE/ES/FR/IT karşılaştırıldı; öğretici akış ve karakter tonu korundu.
544,G_Tut1_17_104,"then all of the other kids who were
playing on my Pullblox today","dann könnten alle Kinder, die heute auf
meinen Pullblox gespielt haben,","Los demás niños que están
jugando en la villa...","tous ces pauvres enfants qui jouaient
aujourd'hui sur mes Pullblox","tutti gli altri bimbi potrebbero
essere finiti in trappola","bugün Pullblox’larımda oynayan
diğer çocukların hepsi",2,541,2,436,0.806,OK,OK,REVIEWED,Elle çevrildi; EN/DE/ES/FR/IT karşılaştırıldı; öğretici akış ve karakter tonu korundu.
545,G_Tut1_17_105,might be trapped inside them now too!,ebenfalls in ihnen gefangen sein!,"¡se habrán quedado atrapados
también!","risquent fort d'être coincés
à l'intérieur, à présent !","mentre si divertivano
con i miei Pullblox!",şimdi onların içine sıkışmış olabilir!,2,519,1,472,0.909,OK,OK,REVIEWED,Elle çevrildi; EN/DE/ES/FR/IT karşılaştırıldı; öğretici akış ve karakter tonu korundu.
546,G_Tut1_17_106,"But I'm running out of breath...
I'm afraid I've reached my limit.","Ich bin aber schon ganz außer Atem...
Meine Ausdauer ist wohl am Ende.","Y yo de verdad que estoy sin aliento…
Es que no puedo más, vaya.","Mais je suis totalement essoufflé...
Je crois que je suis à bout de forces.","Ma io sono davvero sfinito... Sento
che le forze mi stanno abbandonando!","Ama nefesim tükeniyor...
Sanırım buraya kadarmış.",2,516,2,349,0.676,OK,OK,REVIEWED,Elle çevrildi; EN/DE/ES/FR/IT karşılaştırıldı; öğretici akış ve karakter tonu korundu.
547,G_Tut1_17_107,"What's that, lad? You'll check all
of the other Pullblox for me?!","Was sagst du? Du willst alle Pullblox
für mich kontrollieren?!?","¿¡En serio!? ¿Vas a comprobar
todos los Pullblox por mí?","Comment ? Tu serais prêt à vérifier
tous les autres Pullblox à ma place ?!","Come dici? Darai un'occhiata a tutti
gli altri Pullblox al posto mio?","Ne dedin evlat? Diğer Pullblox’ların
hepsine benim için bakacak mısın?!",2,496,2,483,0.974,OK,OK,REVIEWED,Elle çevrildi; EN/DE/ES/FR/IT karşılaştırıldı; öğretici akış ve karakter tonu korundu.
548,G_Tut1_17_108,"Thank you, Mallo!
I'm counting on you!","Vielen Dank, Mallo!
Ich zähle auf dich!","No sabes cómo te lo agradezco, Millo.
Confío plenamente en ti.","Oh, merci ! Merci, Millo !
Je compte sur toi, mon gars !","Oh, Mallo! Non so come ringraziarti!
Conto su di te, ragazzo mio!","Teşekkür ederim, Mallo!
Sana güveniyorum!",2,502,2,325,0.647,OK,OK,REVIEWED,Elle çevrildi; EN/DE/ES/FR/IT karşılaştırıldı; öğretici akış ve karakter tonu korundu.
549,Guide_Bas1_00,,,,,,,1,0,0,0,0.000,EMPTY,OK,EMPTY,
550,G_Bas1_00_000,"Oh, Mallo! Wait!
There's something I forgot to tell you...","Oh, Mallo! Warte kurz! Ich muss dir da
noch eine Sache erzählen...","¡Ay, Millo, espera!
¡Se me ha olvidado comentarte algo!","Oh, Millo ! Attends ! Il y a une
chose que j'ai oublié de te dire...","Aspetta, Mallo!
Ho dimenticato di dirti una cosa...","Aa, Mallo! Bekle! Sana söylemeyi
unuttuğum bir şey var...",2,521,2,450,0.864,OK,OK,REVIEWED,Beş resmî dil karşılaştırılarak elle yerelleştirildi.
551,G_Bas1_00_001,"If you find yourself stuck on
a particularly difficult Pullblox,","Vielleicht kommst du ja mal bei einem
schwierigen Pullblox nicht weiter.","Si alguna vez te quedas atascado
y no sabes cómo seguir...","Il arrivera peut-être que tu bloques sur
un Pullblox particulièrement difficile.","Alcuni Pullblox sono molto impegnativi
e potresti trovarti in difficoltà.","Çok zor bir Pullblox’ta
takılıp kalırsan,",2,529,2,299,0.565,OK,OK,REVIEWED,Beş resmî dil karşılaştırılarak elle yerelleştirildi.
552,G_Bas1_00_010,"check to see if those words down
on the Touch Screen are glowing.","Sieh dann nach, ob diese Wörter auf
dem Touchscreen aufleuchten.","... y ves parpadear el icono de pausa
en la pantalla táctil,","Si jamais ça t'arrive, regarde si l'icône
en bas de l'écran tactile clignote.","Se dovesse accadere, controlla se
la scritta sul touch screen lampeggia.","Dokunmatik Ekranın altındaki
yazının parlayıp parlamadığına bak.",2,520,2,499,0.960,OK,OK,REVIEWED,Beş resmî dil karşılaştırılarak elle yerelleştirildi.
553,G_Bas1_00_011,"If they are, there'll be a ""Skip to Next""
option on the pause menu.","Wenn sie es tun, kannst du im Pausen-
menü zum nächsten Pullblox springen.","podrás elegir ""Pasar al siguiente""
en el menú de pausa.","Lorsque c'est le cas, tu peux voir une
option spéciale dans le menu de pause.","In questo caso, puoi selezionare
un'opzione speciale nel menu di pausa.","Parlıyorsa duraklatma menüsünde
“Sonrakine Geç” seçeneği çıkar.",2,521,2,466,0.894,OK,OK,REVIEWED,Beş resmî dil karşılaştırılarak elle yerelleştirildi.
554,G_Bas1_00_012,"Touch it to give up on the current
Pullblox","Das aktuelle Pullblox lässt
du ungelöst zurück","Así podrás dejarlo
para otro momento...","Touche « Passer au suivant » pour
abandonner le Pullblox où tu te trouves","Tocca ""Salta al prossimo"" per
abbandonare il Pullblox in corso","O Pullblox’tan vazgeçmek için
ona dokunup",2,533,2,407,0.764,OK,OK,REVIEWED,Beş resmî dil karşılaştırılarak elle yerelleştirildi.
555,G_Bas1_00_013,and move along to the next one!,und begibst dich zum nächsten!,y pasar al siguiente.,et passer directement au suivant.,e dedicarti a quello successivo.,bir sonrakine geçebilirsin!,1,454,1,353,0.778,OK,OK,REVIEWED,Beş resmî dil karşılaştırılarak elle yerelleştirildi.
556,G_Bas1_00_014,"Since there'll still be a child trapped
inside the Pullblox you're skipping,","Da in übersprungenen Pullblox
immer noch Kinder stecken,","¡Pero ten en cuenta que aunque
te marches, tendrás que volver...","Mais il restera un enfant emprisonné
dans le Pullblox que tu abandonnes,","Tuttavia, i bambini intrappolati
nei Pullblox che abbandoni","Ama atladığın Pullblox’un içinde
hâlâ bir çocuk mahsur kalmış olacak.",2,499,2,497,0.996,OK,OK,REVIEWED,Beş resmî dil karşılaştırılarak elle yerelleştirildi.
557,G_Bas1_00_015,"please make sure you come back
later to rescue the poor kid!","die noch nicht gerettet wurden,","... para salvar a la criatura
que se queda dentro del Pullblox!","alors n'oublie pas de revenir par
la suite sauver ce pauvre bambin !",non saranno comunque liberati!,"Sonra mutlaka geri dönüp zavallı
yavrucağı kurtar, olur mu?",2,460,2,452,0.983,OK,OK,REVIEWED,Beş resmî dil karşılaştırılarak elle yerelleştirildi.
558,G_Bas1_00_016,We don't want to leave anyone behind.,"solltest du später noch einmal
zurückkehren, um sie zu retten.",¡Tenemos que rescatarlos a todos!,Il serait regrettable de l'oublier là...,"Quindi ricordati di tornare
a prenderli più tardi!",Kimseyi geride bırakmak istemeyiz.,2,528,1,477,0.903,OK,OK,REVIEWED,Beş resmî dil karşılaştırılarak elle yerelleştirildi.
559,G_Bas1_00_020,Good luck!,Viel Glück!,"Que te vaya bien, hijo.","Bonne chance, Millo !",Buona fortuna!,Bol şans!,1,306,1,118,0.386,OK,OK,REVIEWED,Beş resmî dil karşılaştırılarak elle yerelleştirildi.
560,Guide_Gim1_00,,,,,,,1,0,0,0,0.000,EMPTY,OK,EMPTY,
561,G_Gim1_00_000,"Oho! Long time no see!
So you've made it to this one at last...","Oho! Lange nicht gesehen!
Du hast es also bis hierher geschafft!","¡Hombre! ¡Qué de tiempo!
¡¡Has llegado hasta aquí!!","Ah, te voilà enfin, Millo ! Ça y est, tu
as réussi à arriver jusqu'à ce Pullblox...","Da quanto tempo, Mallo! Sono lieto
che tu sia riuscito ad arrivare fin qui...","Oo! Görüşmeyeli uzun zaman oldu!
Demek sonunda buraya kadar geldin...",2,525,2,519,0.989,OK,OK,REVIEWED,Beş resmî dil karşılaştırılarak elle yerelleştirildi.
562,G_Gim1_00_001,"I thought you might need a bit
of help with these next ones,","Ich habe schon auf dich gewartet,
weil ich mir dachte,","He pensado que te va a venir bien
algo de ayuda con los siguientes...","Je me suis dit que tu aurais peut-être
besoin d'aide pour les suivants.","Ho pensato che forse avresti avuto
bisogno d'aiuto con i prossimi Pullblox,","Bundan sonrakilerde biraz yardıma
ihtiyacın olur diye düşündüm,",2,516,2,480,0.930,OK,OK,REVIEWED,Beş resmî dil karşılaştırılarak elle yerelleştirildi.
563,G_Gim1_00_002,so I've been waiting for you.,"dass du bei den nächsten Pullblox
Hilfe gebrauchen könntest.","Por eso he venido, majo.",Alors je suis venu t'attendre ici...,quindi sono rimasto ad aspettarti.,ben de seni burada bekledim.,2,461,1,392,0.850,OK,OK,REVIEWED,Beş resmî dil karşılaştırılarak elle yerelleştirildi.
564,G_Gim1_00_003,"These Pullblox are more advanced and
feature even more of my nifty gadgets.","Diese Pullblox sind nämlich wirklich
etwas für Fortgeschrittene.","Los siguientes Pullblox cuestan más
y tienen más inventillos de los míos.","Ces Pullblox sont plus compliqués, car
ils utilisent des mécanismes astucieux.","Questi Pullblox sono più complicati e
nascondono dei congegni più astuti.","Bunlar daha ileri Pullblox’lar;
daha çok düzeneğim var.",2,527,2,404,0.767,OK,OK,REVIEWED,Beş resmî dil karşılaştırılarak elle yerelleştirildi.
565,G_Gim1_00_004,"Let me show you how they work!
⟦TAG:0002:0001:06CD⟧⟦TAG:0000:0003:FF7417FF⟧Pull out⟦TAG:0000:0003:FAFFE6FF⟧⟦END:0002:0001⟧ the ⟦TAG:0002:0001:06CD⟧⟦TAG:0000:0003:4FBBF1FF⟧block⟦TAG:0000:0003:FAFFE6FF⟧⟦END:0002:0001⟧ with the symbol.","Ich zeige dir, wie das geht! ⟦TAG:0002:0001:06CD⟧⟦TAG:0000:0003:FF7417FF⟧Zieh⟦TAG:0000:0003:FAFFE6FF⟧⟦END:0002:0001⟧ den
gekennzeichneten ⟦TAG:0002:0001:06CD⟧⟦TAG:0000:0003:4FBBF1FF⟧Block⟦TAG:0000:0003:FAFFE6FF⟧⟦END:0002:0001⟧ ⟦TAG:0002:0001:06CD⟧⟦TAG:0000:0003:FF7417FF⟧raus⟦TAG:0000:0003:FAFFE6FF⟧⟦END:0002:0001⟧.","¡Te enseñaré cómo funcionan!
⟦TAG:0002:0001:06CD⟧⟦TAG:0000:0003:FF7417FF⟧Tira⟦TAG:0000:0003:FAFFE6FF⟧⟦END:0002:0001⟧ del ⟦TAG:0002:0001:06CD⟧⟦TAG:0000:0003:4FBBF1FF⟧bloque⟦TAG:0000:0003:FAFFE6FF⟧⟦END:0002:0001⟧ que tiene el dibujo.","Je vais t'expliquer tout ça ! D'abord, va
⟦TAG:0002:0001:06CD⟧⟦TAG:0000:0003:FF7417FF⟧tirer⟦TAG:0000:0003:FAFFE6FF⟧⟦END:0002:0001⟧ sur ce ⟦TAG:0002:0001:06CD⟧⟦TAG:0000:0003:4FBBF1FF⟧bloc⟦TAG:0000:0003:FAFFE6FF⟧⟦END:0002:0001⟧ marqué d'une flèche.","Ora ti spiego! Innanzitutto, ⟦TAG:0002:0001:06CD⟧⟦TAG:0000:0003:FF7417FF⟧tira⟦TAG:0000:0003:FAFFE6FF⟧⟦END:0002:0001⟧ quel
⟦TAG:0002:0001:06CD⟧⟦TAG:0000:0003:4FBBF1FF⟧blocco⟦TAG:0000:0003:FAFFE6FF⟧⟦END:0002:0001⟧ con il simbolo di un triangolo.","Nasıl çalıştıklarını göstereyim!
⟦TAG:0002:0001:06CD⟧⟦TAG:0000:0003:FF7417FF⟧Çekip çıkar⟦TAG:0000:0003:FAFFE6FF⟧⟦END:0002:0001⟧ sembollü şu ⟦TAG:0002:0001:06CD⟧⟦TAG:0000:0003:4FBBF1FF⟧bloğu⟦TAG:0000:0003:FAFFE6FF⟧⟦END:0002:0001⟧.",2,530,2,418,0.789,OK,OK,REVIEWED,Kontrol kodları kaynak sırasıyla korunarak son manuel taramada düzeltildi.
566,G_Gim1_00_010,⟦TAG:0002:0001:06CD⟧⟦TAG:0000:0003:FF7417FF⟧Pull out⟦TAG:0000:0003:FAFFE6FF⟧⟦END:0002:0001⟧ the ⟦TAG:0002:0001:06CD⟧⟦TAG:0000:0003:4FBBF1FF⟧block⟦TAG:0000:0003:FAFFE6FF⟧⟦END:0002:0001⟧ with the symbol.,"⟦TAG:0002:0001:06CD⟧⟦TAG:0000:0003:FF7417FF⟧Zieh⟦TAG:0000:0003:FAFFE6FF⟧⟦END:0002:0001⟧ den gekennzeichneten
⟦TAG:0002:0001:06CD⟧⟦TAG:0000:0003:4FBBF1FF⟧Block⟦TAG:0000:0003:FAFFE6FF⟧⟦END:0002:0001⟧ ⟦TAG:0002:0001:06CD⟧⟦TAG:0000:0003:FF7417FF⟧raus⟦TAG:0000:0003:FAFFE6FF⟧⟦END:0002:0001⟧.",⟦TAG:0002:0001:06CD⟧⟦TAG:0000:0003:FF7417FF⟧Tira⟦TAG:0000:0003:FAFFE6FF⟧⟦END:0002:0001⟧ del ⟦TAG:0002:0001:06CD⟧⟦TAG:0000:0003:4FBBF1FF⟧bloque⟦TAG:0000:0003:FAFFE6FF⟧⟦END:0002:0001⟧ que tiene el dibujo.,⟦TAG:0002:0001:06CD⟧⟦TAG:0000:0003:FF7417FF⟧Tire⟦TAG:0000:0003:FAFFE6FF⟧⟦END:0002:0001⟧ sur le ⟦TAG:0002:0001:06CD⟧⟦TAG:0000:0003:4FBBF1FF⟧bloc⟦TAG:0000:0003:FAFFE6FF⟧⟦END:0002:0001⟧ marqué d'une flèche.,"⟦TAG:0002:0001:06CD⟧⟦TAG:0000:0003:FF7417FF⟧Tira⟦TAG:0000:0003:FAFFE6FF⟧⟦END:0002:0001⟧ il ⟦TAG:0002:0001:06CD⟧⟦TAG:0000:0003:4FBBF1FF⟧blocco⟦TAG:0000:0003:FAFFE6FF⟧⟦END:0002:0001⟧ con il simbolo
di un triangolo.",⟦TAG:0002:0001:06CD⟧⟦TAG:0000:0003:FF7417FF⟧Çek⟦TAG:0000:0003:FAFFE6FF⟧⟦END:0002:0001⟧ sembollü ⟦TAG:0002:0001:06CD⟧⟦TAG:0000:0003:4FBBF1FF⟧bloğu⟦TAG:0000:0003:FAFFE6FF⟧⟦END:0002:0001⟧.,2,483,1,259,0.536,OK,OK,REVIEWED,Kontrol kodları kaynak sırasıyla korunarak son manuel taramada düzeltildi.
567,G_Gim1_00_020,There it is! That's a ⟦TAG:0002:0001:06CD⟧⟦TAG:0000:0003:4FBBF1FF⟧pullout switch⟦TAG:0000:0003:FAFFE6FF⟧⟦END:0002:0001⟧.,"Da ist er ja! Das ist ein
⟦TAG:0002:0001:06CD⟧⟦TAG:0000:0003:4FBBF1FF⟧Rausziehschalter⟦TAG:0000:0003:FAFFE6FF⟧⟦END:0002:0001⟧.",¡Sí señor! ¡Ese es el ⟦TAG:0002:0001:06CD⟧⟦TAG:0000:0003:4FBBF1FF⟧Sacablox⟦TAG:0000:0003:FAFFE6FF⟧⟦END:0002:0001⟧!,"Voilà ! Alors, ceci est un ⟦TAG:0002:0001:06CD⟧⟦TAG:0000:0003:4FBBF1FF⟧extracteur⟦TAG:0000:0003:FAFFE6FF⟧⟦END:0002:0001⟧.","Perfetto!
Quello è un ⟦TAG:0002:0001:06CD⟧⟦TAG:0000:0003:4FBBF1FF⟧tirablocchi⟦TAG:0000:0003:FAFFE6FF⟧⟦END:0002:0001⟧.",İşte orada! Bu bir ⟦TAG:0002:0001:06CD⟧⟦TAG:0000:0003:4FBBF1FF⟧çekme düğmesi⟦TAG:0000:0003:FAFFE6FF⟧⟦END:0002:0001⟧.,2,487,1,447,0.918,OK,OK,REVIEWED,Kontrol kodları kaynakla birebir korunarak elle yerelleştirildi.
568,G_Gim1_00_021,"If you ⟦TAG:0002:0001:06CD⟧⟦TAG:0000:0003:FF7417FF⟧jump⟦TAG:0000:0003:FAFFE6FF⟧⟦END:0002:0001⟧ on it, all the ⟦TAG:0002:0001:06CD⟧⟦TAG:0000:0003:4FBBF1FF⟧blocks⟦TAG:0000:0003:FAFFE6FF⟧⟦END:0002:0001⟧ that
are the ⟦TAG:0002:0001:06CD⟧⟦TAG:0000:0003:FCEF30FF⟧same colour as the switch⟦TAG:0000:0003:FAFFE6FF⟧⟦END:0002:0001⟧","Bei Betätigung werden alle ⟦TAG:0002:0001:06CD⟧⟦TAG:0000:0003:4FBBF1FF⟧Blöcke⟦TAG:0000:0003:FAFFE6FF⟧⟦END:0002:0001⟧, die
⟦TAG:0002:0001:06CD⟧⟦TAG:0000:0003:FCEF30FF⟧dieselbe Farbe wie der Schalter⟦TAG:0000:0003:FAFFE6FF⟧⟦END:0002:0001⟧ haben,","Si saltas encima, ⟦TAG:0002:0001:06CD⟧⟦TAG:0000:0003:FF7417FF⟧sacarás⟦TAG:0000:0003:FAFFE6FF⟧⟦END:0002:0001⟧ al máximo...","Si tu ⟦TAG:0002:0001:06CD⟧⟦TAG:0000:0003:FF7417FF⟧sautes⟦TAG:0000:0003:FAFFE6FF⟧⟦END:0002:0001⟧ sur cet interrupteur, tous
les ⟦TAG:0002:0001:06CD⟧⟦TAG:0000:0003:4FBBF1FF⟧blocs⟦TAG:0000:0003:FAFFE6FF⟧⟦END:0002:0001⟧ de la ⟦TAG:0002:0001:06CD⟧⟦TAG:0000:0003:FCEF30FF⟧couleur de la flèche⟦TAG:0000:0003:FAFFE6FF⟧⟦END:0002:0001⟧","Se ⟦TAG:0002:0001:06CD⟧⟦TAG:0000:0003:FF7417FF⟧salti⟦TAG:0000:0003:FAFFE6FF⟧⟦END:0002:0001⟧ su quell'interruttore, tutti i
⟦TAG:0002:0001:06CD⟧⟦TAG:0000:0003:4FBBF1FF⟧blocchi⟦TAG:0000:0003:FAFFE6FF⟧⟦END:0002:0001⟧ di ⟦TAG:0002:0001:06CD⟧⟦TAG:0000:0003:FCEF30FF⟧colore identico al triangolo⟦TAG:0000:0003:FAFFE6FF⟧⟦END:0002:0001⟧","Üstüne ⟦TAG:0002:0001:06CD⟧⟦TAG:0000:0003:FF7417FF⟧zıplarsan⟦TAG:0000:0003:FAFFE6FF⟧⟦END:0002:0001⟧, tüm ⟦TAG:0002:0001:06CD⟧⟦TAG:0000:0003:4FBBF1FF⟧bloklardan⟦TAG:0000:0003:FAFFE6FF⟧⟦END:0002:0001⟧
düğmeyle ⟦TAG:0002:0001:06CD⟧⟦TAG:0000:0003:FCEF30FF⟧aynı renkte olanlar⟦TAG:0000:0003:FAFFE6FF⟧⟦END:0002:0001⟧",2,526,2,451,0.857,OK,OK,REVIEWED,Kontrol kodları kaynak sırasıyla korunarak son manuel taramada düzeltildi.
569,G_Gim1_00_022,will be ⟦TAG:0002:0001:06CD⟧⟦TAG:0000:0003:FF7417FF⟧pulled⟦TAG:0000:0003:FAFFE6FF⟧⟦END:0002:0001⟧ all the way out!,komplett ⟦TAG:0002:0001:06CD⟧⟦TAG:0000:0003:FF7417FF⟧rausgezogen⟦TAG:0000:0003:FAFFE6FF⟧⟦END:0002:0001⟧!,"... y de una vez todos los ⟦TAG:0002:0001:06CD⟧⟦TAG:0000:0003:4FBBF1FF⟧bloques⟦TAG:0000:0003:FAFFE6FF⟧⟦END:0002:0001⟧
⟦TAG:0002:0001:06CD⟧⟦TAG:0000:0003:FCEF30FF⟧del color del pulsador⟦TAG:0000:0003:FAFFE6FF⟧⟦END:0002:0001⟧.",seront aussitôt ⟦TAG:0002:0001:06CD⟧⟦TAG:0000:0003:FF7417FF⟧tirés⟦TAG:0000:0003:FAFFE6FF⟧⟦END:0002:0001⟧ au maximum !,verranno ⟦TAG:0002:0001:06CD⟧⟦TAG:0000:0003:FF7417FF⟧tirati⟦TAG:0000:0003:FAFFE6FF⟧⟦END:0002:0001⟧ completamente!,sonuna kadar ⟦TAG:0002:0001:06CD⟧⟦TAG:0000:0003:FF7417FF⟧çekilir⟦TAG:0000:0003:FAFFE6FF⟧⟦END:0002:0001⟧!,2,463,1,290,0.626,OK,OK,REVIEWED,Kontrol kodları kaynakla birebir korunarak elle yerelleştirildi.
570,G_Gim1_00_023,"Go on now. Give it a try!
⟦TAG:0002:0001:06CD⟧⟦TAG:0000:0003:FF7417FF⟧Jump⟦TAG:0000:0003:FAFFE6FF⟧⟦END:0002:0001⟧ on that ⟦TAG:0002:0001:06CD⟧⟦TAG:0000:0003:4FBBF1FF⟧pullout switch⟦TAG:0000:0003:FAFFE6FF⟧⟦END:0002:0001⟧.","Versuch es ruhig einmal.
⟦TAG:0002:0001:06CD⟧⟦TAG:0000:0003:FF7417FF⟧Spring⟦TAG:0000:0003:FAFFE6FF⟧⟦END:0002:0001⟧ auf den Schalter.","Prueba y verás.
⟦TAG:0002:0001:06CD⟧⟦TAG:0000:0003:FF7417FF⟧Salta⟦TAG:0000:0003:FAFFE6FF⟧⟦END:0002:0001⟧ encima del pulsador.","Vas-y, essaie donc pour voir.
⟦TAG:0002:0001:06CD⟧⟦TAG:0000:0003:FF7417FF⟧Saute⟦TAG:0000:0003:FAFFE6FF⟧⟦END:0002:0001⟧ sur cet interrupteur.","Forza, fai una prova!
⟦TAG:0002:0001:06CD⟧⟦TAG:0000:0003:FF7417FF⟧Salta⟦TAG:0000:0003:FAFFE6FF⟧⟦END:0002:0001⟧ su quell'interruttore.","Haydi! ⟦TAG:0002:0001:06CD⟧⟦TAG:0000:0003:FF7417FF⟧Zıpla⟦TAG:0000:0003:FAFFE6FF⟧⟦END:0002:0001⟧; ⟦TAG:0002:0001:06CD⟧⟦TAG:0000:0003:4FBBF1FF⟧çekme
düğmesine⟦TAG:0000:0003:FAFFE6FF⟧⟦END:0002:0001⟧ bas.",2,385,2,272,0.706,OK,OK,REVIEWED,Kontrol kodları kaynak sırasıyla korunarak son manuel taramada düzeltildi.
571,G_Gim1_00_030,⟦TAG:0002:0001:06CD⟧⟦TAG:0000:0003:FF7417FF⟧Jump⟦TAG:0000:0003:FAFFE6FF⟧⟦END:0002:0001⟧ onto the ⟦TAG:0002:0001:06CD⟧⟦TAG:0000:0003:4FBBF1FF⟧pullout switch⟦TAG:0000:0003:FAFFE6FF⟧⟦END:0002:0001⟧!,⟦TAG:0002:0001:06CD⟧⟦TAG:0000:0003:FF7417FF⟧Spring⟦TAG:0000:0003:FAFFE6FF⟧⟦END:0002:0001⟧ auf den ⟦TAG:0002:0001:06CD⟧⟦TAG:0000:0003:4FBBF1FF⟧Rausziehschalter⟦TAG:0000:0003:FAFFE6FF⟧⟦END:0002:0001⟧!,¡⟦TAG:0002:0001:06CD⟧⟦TAG:0000:0003:FF7417FF⟧Salta⟦TAG:0000:0003:FAFFE6FF⟧⟦END:0002:0001⟧ encima del ⟦TAG:0002:0001:06CD⟧⟦TAG:0000:0003:4FBBF1FF⟧Sacablox⟦TAG:0000:0003:FAFFE6FF⟧⟦END:0002:0001⟧!,⟦TAG:0002:0001:06CD⟧⟦TAG:0000:0003:FF7417FF⟧Saute⟦TAG:0000:0003:FAFFE6FF⟧⟦END:0002:0001⟧ sur l'⟦TAG:0002:0001:06CD⟧⟦TAG:0000:0003:4FBBF1FF⟧extracteur⟦TAG:0000:0003:FAFFE6FF⟧⟦END:0002:0001⟧ !,⟦TAG:0002:0001:06CD⟧⟦TAG:0000:0003:FF7417FF⟧Salta⟦TAG:0000:0003:FAFFE6FF⟧⟦END:0002:0001⟧ sopra il ⟦TAG:0002:0001:06CD⟧⟦TAG:0000:0003:4FBBF1FF⟧tirablocchi⟦TAG:0000:0003:FAFFE6FF⟧⟦END:0002:0001⟧!,⟦TAG:0002:0001:06CD⟧⟦TAG:0000:0003:FF7417FF⟧Zıpla⟦TAG:0000:0003:FAFFE6FF⟧⟦END:0002:0001⟧; ⟦TAG:0002:0001:06CD⟧⟦TAG:0000:0003:4FBBF1FF⟧çekme düğmesine⟦TAG:0000:0003:FAFFE6FF⟧⟦END:0002:0001⟧ bas!,1,448,1,383,0.855,OK,OK,REVIEWED,Kontrol kodları kaynak sırasıyla korunarak son manuel taramada düzeltildi.
572,G_Gim1_00_040,"Aha! Marvellous!
That's the power of the ⟦TAG:0002:0001:06CD⟧⟦TAG:0000:0003:4FBBF1FF⟧pullout switch⟦TAG:0000:0003:FAFFE6FF⟧⟦END:0002:0001⟧.","Aaah, wunderbar! So verwendest
du den ⟦TAG:0002:0001:06CD⟧⟦TAG:0000:0003:4FBBF1FF⟧Rausziehschalter⟦TAG:0000:0003:FAFFE6FF⟧⟦END:0002:0001⟧.","¡Ajá! ¡Maravilloso! ¡Los ⟦TAG:0002:0001:06CD⟧⟦TAG:0000:0003:4FBBF1FF⟧Sacablox⟦TAG:0000:0003:FAFFE6FF⟧⟦END:0002:0001⟧
son una herramienta de primera!","Ah, ah ! Voilà, tu as pu voir l'effet
de mon ⟦TAG:0002:0001:06CD⟧⟦TAG:0000:0003:4FBBF1FF⟧extracteur⟦TAG:0000:0003:FAFFE6FF⟧⟦END:0002:0001⟧. Pas mal, non ?","Ah, splendido! Hai visto? Questa
è la potenza del ⟦TAG:0002:0001:06CD⟧⟦TAG:0000:0003:4FBBF1FF⟧tirablocchi⟦TAG:0000:0003:FAFFE6FF⟧⟦END:0002:0001⟧!","Aha! Harika!
İşte ⟦TAG:0002:0001:06CD⟧⟦TAG:0000:0003:4FBBF1FF⟧çekme düğmesinin⟦TAG:0000:0003:FAFFE6FF⟧⟦END:0002:0001⟧ gücü bu.",2,518,2,414,0.799,OK,OK,REVIEWED,Kontrol kodları kaynakla birebir korunarak elle yerelleştirildi.
573,G_Gim1_00_041,"⟦TAG:0002:0001:06CD⟧⟦TAG:0000:0003:4FBBF1FF⟧Blocks⟦TAG:0000:0003:FAFFE6FF⟧⟦END:0002:0001⟧ you usually wouldn't
be able to ⟦TAG:0002:0001:06CD⟧⟦TAG:0000:0003:FF7417FF⟧pull all the way out⟦TAG:0000:0003:FAFFE6FF⟧⟦END:0002:0001⟧","⟦TAG:0002:0001:06CD⟧⟦TAG:0000:0003:4FBBF1FF⟧Blöcke⟦TAG:0000:0003:FAFFE6FF⟧⟦END:0002:0001⟧, die du normalerweise nicht
komplett ⟦TAG:0002:0001:06CD⟧⟦TAG:0000:0003:FF7417FF⟧rausziehen⟦TAG:0000:0003:FAFFE6FF⟧⟦END:0002:0001⟧ könntest,","Con este inventillo mío,
¡podrás ⟦TAG:0002:0001:06CD⟧⟦TAG:0000:0003:FF7417FF⟧sacar⟦TAG:0000:0003:FAFFE6FF⟧⟦END:0002:0001⟧ del todo...","Certains ⟦TAG:0002:0001:06CD⟧⟦TAG:0000:0003:4FBBF1FF⟧blocs⟦TAG:0000:0003:FAFFE6FF⟧⟦END:0002:0001⟧ que tu ne pourrais
normalement pas sortir de trois crans","I ⟦TAG:0002:0001:06CD⟧⟦TAG:0000:0003:4FBBF1FF⟧blocchi⟦TAG:0000:0003:FAFFE6FF⟧⟦END:0002:0001⟧ che di solito non puoi
⟦TAG:0002:0001:06CD⟧⟦TAG:0000:0003:FF7417FF⟧tirare⟦TAG:0000:0003:FAFFE6FF⟧⟦END:0002:0001⟧ fino alla terza casella,","⟦TAG:0002:0001:06CD⟧⟦TAG:0000:0003:4FBBF1FF⟧Blokları⟦TAG:0000:0003:FAFFE6FF⟧⟦END:0002:0001⟧ normalde sonuna kadar
⟦TAG:0002:0001:06CD⟧⟦TAG:0000:0003:FF7417FF⟧çekemesen de⟦TAG:0000:0003:FAFFE6FF⟧⟦END:0002:0001⟧",2,507,2,436,0.860,OK,OK,REVIEWED,Kontrol kodları kaynak sırasıyla korunarak son manuel taramada düzeltildi.
574,G_Gim1_00_042,"can be ⟦TAG:0002:0001:06CD⟧⟦TAG:0000:0003:FF7417FF⟧pulled out⟦TAG:0000:0003:FAFFE6FF⟧⟦END:0002:0001⟧
thanks to this gadget!","können dank dieses Schalters
⟦TAG:0002:0001:06CD⟧⟦TAG:0000:0003:FF7417FF⟧rausgezogen⟦TAG:0000:0003:FAFFE6FF⟧⟦END:0002:0001⟧ werden!","⟦TAG:0002:0001:06CD⟧⟦TAG:0000:0003:4FBBF1FF⟧bloques⟦TAG:0000:0003:FAFFE6FF⟧⟦END:0002:0001⟧ que en otras condiciones
no podrías ⟦TAG:0002:0001:06CD⟧⟦TAG:0000:0003:FF7417FF⟧sacar⟦TAG:0000:0003:FAFFE6FF⟧⟦END:0002:0001⟧!","peuvent être ⟦TAG:0002:0001:06CD⟧⟦TAG:0000:0003:FF7417FF⟧tirés⟦TAG:0000:0003:FAFFE6FF⟧⟦END:0002:0001⟧ à fond avec
cet ingénieux mécanisme !","possono essere ⟦TAG:0002:0001:06CD⟧⟦TAG:0000:0003:FF7417FF⟧tirati⟦TAG:0000:0003:FAFFE6FF⟧⟦END:0002:0001⟧ completamente
grazie a questo congegno!",bu düzenekle ⟦TAG:0002:0001:06CD⟧⟦TAG:0000:0003:FF7417FF⟧çekebilirsin⟦TAG:0000:0003:FAFFE6FF⟧⟦END:0002:0001⟧!,2,496,1,352,0.710,OK,OK,REVIEWED,Kontrol kodları kaynak sırasıyla korunarak son manuel taramada düzeltildi.
575,G_Gim1_00_050,"Off you go! Use the ⟦TAG:0000:0003:4FBBF1FF⟧⟦TAG:0002:0001:06CD⟧pullout⟦END:0002:0001⟧
⟦TAG:0002:0001:06CD⟧switch⟦END:0002:0001⟧⟦TAG:0000:0003:FAFFE6FF⟧ and climb to the top.","Nur zu! Setz den ⟦TAG:0002:0001:06CD⟧⟦TAG:0000:0003:4FBBF1FF⟧Rausziehschalter⟦TAG:0000:0003:FAFFE6FF⟧⟦END:0002:0001⟧
ein und klettere nach ganz oben.","¡Bueno, venga!
¡A por el ⟦TAG:0002:0001:06CD⟧⟦TAG:0000:0003:4FBBF1FF⟧Sacablox⟦TAG:0000:0003:FAFFE6FF⟧⟦END:0002:0001⟧, y arriba!","Allez, vas-y ! Utilise l'⟦TAG:0002:0001:06CD⟧⟦TAG:0000:0003:4FBBF1FF⟧extracteur⟦TAG:0000:0003:FAFFE6FF⟧⟦END:0002:0001⟧
et grimpe jusqu'en haut.","Avanti! Usa il ⟦TAG:0002:0001:06CD⟧⟦TAG:0000:0003:4FBBF1FF⟧tirablocchi⟦TAG:0000:0003:FAFFE6FF⟧⟦END:0002:0001⟧ e sali
fino in cima!","Haydi bakalım! ⟦TAG:0000:0003:4FBBF1FF⟧⟦TAG:0002:0001:06CD⟧çekme⟦END:0002:0001⟧ ⟦TAG:0002:0001:06CD⟧düğmesini⟦END:0002:0001⟧⟦TAG:0000:0003:FAFFE6FF⟧
kullanıp tepeye tırman.",2,462,2,442,0.957,OK,OK,REVIEWED,Kontrol kodları kaynakla birebir korunarak elle yerelleştirildi.
576,Guide_Gim1_01,,,,,,,1,0,0,0,0.000,EMPTY,OK,EMPTY,
577,G_Gim1_01_000,Look up there! Another ⟦TAG:0002:0001:06CD⟧⟦TAG:0000:0003:4FBBF1FF⟧pullout switch⟦TAG:0000:0003:FAFFE6FF⟧⟦END:0002:0001⟧.,"Sieh mal! Dort oben! Da ist
noch ein ⟦TAG:0002:0001:06CD⟧⟦TAG:0000:0003:4FBBF1FF⟧Rausziehschalter⟦TAG:0000:0003:FAFFE6FF⟧⟦END:0002:0001⟧.",¡Mira ahí arriba! ¡Otro ⟦TAG:0002:0001:06CD⟧⟦TAG:0000:0003:4FBBF1FF⟧Sacablox⟦TAG:0000:0003:FAFFE6FF⟧⟦END:0002:0001⟧!,"Regarde là-haut ! Il y a à nouveau
un ⟦TAG:0002:0001:06CD⟧⟦TAG:0000:0003:4FBBF1FF⟧extracteur⟦TAG:0000:0003:FAFFE6FF⟧⟦END:0002:0001⟧ dans ce Pullblox-ci.",Guarda lassù! C'è un altro ⟦TAG:0002:0001:06CD⟧⟦TAG:0000:0003:4FBBF1FF⟧tirablocchi⟦TAG:0000:0003:FAFFE6FF⟧⟦END:0002:0001⟧!,Yukarı bak! Bir ⟦TAG:0002:0001:06CD⟧⟦TAG:0000:0003:4FBBF1FF⟧çekme düğmesi⟦TAG:0000:0003:FAFFE6FF⟧⟦END:0002:0001⟧ daha.,2,524,1,497,0.948,OK,OK,REVIEWED,Kontrol kodları kaynakla birebir korunarak elle yerelleştirildi.
578,G_Gim1_01_001,"This'll give us a chance to go
over that last lesson again...","Womit wir wieder bei unserer
letzten Lektion wären...","Anda, pues nos viene bien para repasar
la última lección...","Cela va nous donner l'occasion de
revoir l'utilisation de ce mécanisme...","È l'occasione giusta per ripassare
l'ultima lezione...","Son öğrendiğimizi bir kez daha
gözden geçirmek için iyi fırsat...",2,536,2,432,0.806,OK,OK,REVIEWED,Beş resmî dil karşılaştırılarak elle yerelleştirildi.
579,G_Gim1_01_002,Use that ⟦TAG:0002:0001:06CD⟧⟦TAG:0000:0003:4FBBF1FF⟧pullout switch⟦TAG:0000:0003:FAFFE6FF⟧⟦END:0002:0001⟧ to climb up!,"Setz den ⟦TAG:0002:0001:06CD⟧⟦TAG:0000:0003:4FBBF1FF⟧Rausziehschalter⟦TAG:0000:0003:FAFFE6FF⟧⟦END:0002:0001⟧ ein,
um nach oben zu klettern!",¡Usa el ⟦TAG:0002:0001:06CD⟧⟦TAG:0000:0003:4FBBF1FF⟧Sacablox⟦TAG:0000:0003:FAFFE6FF⟧⟦END:0002:0001⟧ para subir arriba!,"Utilise l'⟦TAG:0002:0001:06CD⟧⟦TAG:0000:0003:4FBBF1FF⟧extracteur⟦TAG:0000:0003:FAFFE6FF⟧⟦END:0002:0001⟧ pour pouvoir
grimper jusqu'en haut !",Usa quel ⟦TAG:0002:0001:06CD⟧⟦TAG:0000:0003:4FBBF1FF⟧tirablocchi⟦TAG:0000:0003:FAFFE6FF⟧⟦END:0002:0001⟧ per salire!,"O ⟦TAG:0002:0001:06CD⟧⟦TAG:0000:0003:4FBBF1FF⟧çekme düğmesini⟦TAG:0000:0003:FAFFE6FF⟧⟦END:0002:0001⟧ kullanıp
yukarı çık!",2,474,2,374,0.789,OK,OK,REVIEWED,Vurgu semantiği ve sığma için kontrol kodları korunarak elle revize edildi.
580,G_Gim1_01_010,"You can do it, lad!
Just use the ⟦TAG:0002:0001:06CD⟧⟦TAG:0000:0003:4FBBF1FF⟧pullout switch⟦TAG:0000:0003:FAFFE6FF⟧⟦END:0002:0001⟧.","Das schaffst du, mein Junge!
Setz einfach den ⟦TAG:0002:0001:06CD⟧⟦TAG:0000:0003:4FBBF1FF⟧Rausziehschalter⟦TAG:0000:0003:FAFFE6FF⟧⟦END:0002:0001⟧ ein.","¡Venga, hijo!
¡Pulsa el ⟦TAG:0002:0001:06CD⟧⟦TAG:0000:0003:4FBBF1FF⟧Sacablox⟦TAG:0000:0003:FAFFE6FF⟧⟦END:0002:0001⟧!","Allez, tu peux y arriver, mon garçon !
Il te suffit d'utiliser l'⟦TAG:0002:0001:06CD⟧⟦TAG:0000:0003:4FBBF1FF⟧extracteur⟦TAG:0000:0003:FAFFE6FF⟧⟦END:0002:0001⟧.","Puoi farcela, ragazzo mio!
Basta usare il ⟦TAG:0002:0001:06CD⟧⟦TAG:0000:0003:4FBBF1FF⟧tirablocchi⟦TAG:0000:0003:FAFFE6FF⟧⟦END:0002:0001⟧!","Yaparsın evlat!
Şu ⟦TAG:0002:0001:06CD⟧⟦TAG:0000:0003:4FBBF1FF⟧çekme düğmesini⟦TAG:0000:0003:FAFFE6FF⟧⟦END:0002:0001⟧ kullan yeter.",2,524,2,447,0.853,OK,OK,REVIEWED,Kontrol kodları kaynakla birebir korunarak elle yerelleştirildi.
581,G_Gim1_01_020,"Now, don't forget this important rule:",Und vergiss nicht...,¡Ah! ¡Importante!,"Ah, il y a un principe à ne pas oublier !","Ah... C'è una regola che non
devi scordare:",Şimdi şu önemli kuralı unutma:,2,518,1,412,0.795,OK,OK,REVIEWED,Beş resmî dil karşılaştırılarak elle yerelleştirildi.
582,G_Gim1_01_021,A ⟦TAG:0002:0001:06CD⟧⟦TAG:0000:0003:4FBBF1FF⟧pullout switch⟦TAG:0000:0003:FAFFE6FF⟧⟦END:0002:0001⟧ will ONLY pull out,"Ein ⟦TAG:0002:0001:06CD⟧⟦TAG:0000:0003:4FBBF1FF⟧Rausziehschalter⟦TAG:0000:0003:FAFFE6FF⟧⟦END:0002:0001⟧ zieht
nur DIE ⟦TAG:0002:0001:06CD⟧⟦TAG:0000:0003:4FBBF1FF⟧Blöcke⟦TAG:0000:0003:FAFFE6FF⟧⟦END:0002:0001⟧ raus, ",Los ⟦TAG:0002:0001:06CD⟧⟦TAG:0000:0003:4FBBF1FF⟧Sacablox⟦TAG:0000:0003:FAFFE6FF⟧⟦END:0002:0001⟧ solo sacan...,Un ⟦TAG:0002:0001:06CD⟧⟦TAG:0000:0003:4FBBF1FF⟧extracteur⟦TAG:0000:0003:FAFFE6FF⟧⟦END:0002:0001⟧ agit UNIQUEMENT,il ⟦TAG:0002:0001:06CD⟧⟦TAG:0000:0003:4FBBF1FF⟧tirablocchi⟦TAG:0000:0003:FAFFE6FF⟧⟦END:0002:0001⟧ funziona esclusivamente,Bir ⟦TAG:0002:0001:06CD⟧⟦TAG:0000:0003:4FBBF1FF⟧çekme düğmesi⟦TAG:0000:0003:FAFFE6FF⟧⟦END:0002:0001⟧ yalnızca,2,513,1,369,0.719,OK,OK,REVIEWED,Kontrol kodları kaynakla birebir korunarak elle yerelleştirildi.
583,G_Gim1_01_022,⟦TAG:0002:0001:06CD⟧⟦TAG:0000:0003:4FBBF1FF⟧blocks⟦TAG:0000:0003:FAFFE6FF⟧⟦END:0002:0001⟧ that are the ⟦TAG:0002:0001:06CD⟧⟦TAG:0000:0003:FCEF30FF⟧same colour⟦TAG:0000:0003:FAFFE6FF⟧⟦END:0002:0001⟧.,die ⟦TAG:0002:0001:06CD⟧⟦TAG:0000:0003:FCEF30FF⟧dieselbe Farbe⟦TAG:0000:0003:FAFFE6FF⟧⟦END:0002:0001⟧ haben wie er.,"... los ⟦TAG:0002:0001:06CD⟧⟦TAG:0000:0003:4FBBF1FF⟧bloques⟦TAG:0000:0003:FAFFE6FF⟧⟦END:0002:0001⟧ que son
⟦TAG:0002:0001:06CD⟧⟦TAG:0000:0003:FCEF30FF⟧de su mismo color⟦TAG:0000:0003:FAFFE6FF⟧⟦END:0002:0001⟧, ¿eh?",sur les ⟦TAG:0002:0001:06CD⟧⟦TAG:0000:0003:4FBBF1FF⟧blocs⟦TAG:0000:0003:FAFFE6FF⟧⟦END:0002:0001⟧ de la ⟦TAG:0002:0001:06CD⟧⟦TAG:0000:0003:FCEF30FF⟧même couleur⟦TAG:0000:0003:FAFFE6FF⟧⟦END:0002:0001⟧.,con i ⟦TAG:0002:0001:06CD⟧⟦TAG:0000:0003:4FBBF1FF⟧blocchi⟦TAG:0000:0003:FAFFE6FF⟧⟦END:0002:0001⟧ dello ⟦TAG:0002:0001:06CD⟧⟦TAG:0000:0003:FCEF30FF⟧stesso colore⟦TAG:0000:0003:FAFFE6FF⟧⟦END:0002:0001⟧!,⟦TAG:0002:0001:06CD⟧⟦TAG:0000:0003:4FBBF1FF⟧blokları⟦TAG:0000:0003:FAFFE6FF⟧⟦END:0002:0001⟧ ⟦TAG:0002:0001:06CD⟧⟦TAG:0000:0003:FCEF30FF⟧aynı renkteyse⟦TAG:0000:0003:FAFFE6FF⟧⟦END:0002:0001⟧ çeker.,2,435,1,408,0.938,OK,OK,REVIEWED,Son piksel genişliği turunda elle kısaltıldı.
584,G_Gim1_01_023,"Stepping on an orange ⟦TAG:0002:0001:06CD⟧⟦TAG:0000:0003:4FBBF1FF⟧pullout switch⟦TAG:0000:0003:FAFFE6FF⟧⟦END:0002:0001⟧
pulls out all the orange ⟦TAG:0002:0001:06CD⟧⟦TAG:0000:0003:4FBBF1FF⟧blocks⟦TAG:0000:0003:FAFFE6FF⟧⟦END:0002:0001⟧.","Ein oranger ⟦TAG:0002:0001:06CD⟧⟦TAG:0000:0003:4FBBF1FF⟧Rausziehschalter⟦TAG:0000:0003:FAFFE6FF⟧⟦END:0002:0001⟧ hat
nur Einfluss auf orange ⟦TAG:0002:0001:06CD⟧⟦TAG:0000:0003:4FBBF1FF⟧Blöcke⟦TAG:0000:0003:FAFFE6FF⟧⟦END:0002:0001⟧.","Si pisas un ⟦TAG:0002:0001:06CD⟧⟦TAG:0000:0003:4FBBF1FF⟧Sacablox⟦TAG:0000:0003:FAFFE6FF⟧⟦END:0002:0001⟧ naranja,
sacarás los ⟦TAG:0002:0001:06CD⟧⟦TAG:0000:0003:4FBBF1FF⟧bloques⟦TAG:0000:0003:FAFFE6FF⟧⟦END:0002:0001⟧ naranja.","Si tu marches sur un ⟦TAG:0002:0001:06CD⟧⟦TAG:0000:0003:4FBBF1FF⟧extracteur⟦TAG:0000:0003:FAFFE6FF⟧⟦END:0002:0001⟧ orange,
tous les ⟦TAG:0002:0001:06CD⟧⟦TAG:0000:0003:4FBBF1FF⟧blocs⟦TAG:0000:0003:FAFFE6FF⟧⟦END:0002:0001⟧ orange sortiront à fond.","Se premi un ⟦TAG:0002:0001:06CD⟧⟦TAG:0000:0003:4FBBF1FF⟧tirablocchi⟦TAG:0000:0003:FAFFE6FF⟧⟦END:0002:0001⟧ arancione, tutti
i ⟦TAG:0002:0001:06CD⟧⟦TAG:0000:0003:4FBBF1FF⟧blocchi⟦TAG:0000:0003:FAFFE6FF⟧⟦END:0002:0001⟧ arancioni usciranno in fuori.","Turuncu bir ⟦TAG:0002:0001:06CD⟧⟦TAG:0000:0003:4FBBF1FF⟧çekme düğmesine⟦TAG:0000:0003:FAFFE6FF⟧⟦END:0002:0001⟧ basarsan
tüm turuncu ⟦TAG:0002:0001:06CD⟧⟦TAG:0000:0003:4FBBF1FF⟧bloklar⟦TAG:0000:0003:FAFFE6FF⟧⟦END:0002:0001⟧ dışarı çekilir.",2,535,2,524,0.979,OK,OK,REVIEWED,Kontrol kodları kaynakla birebir korunarak elle yerelleştirildi.
585,G_Gim1_01_024,"Stepping on a green ⟦TAG:0002:0001:06CD⟧⟦TAG:0000:0003:4FBBF1FF⟧pullout switch⟦TAG:0000:0003:FAFFE6FF⟧⟦END:0002:0001⟧
pulls out all the green ⟦TAG:0002:0001:06CD⟧⟦TAG:0000:0003:4FBBF1FF⟧blocks⟦TAG:0000:0003:FAFFE6FF⟧⟦END:0002:0001⟧.","Ein grüner ⟦TAG:0002:0001:06CD⟧⟦TAG:0000:0003:4FBBF1FF⟧Rausziehschalter⟦TAG:0000:0003:FAFFE6FF⟧⟦END:0002:0001⟧ hat
nur Einfluss auf grüne ⟦TAG:0002:0001:06CD⟧⟦TAG:0000:0003:4FBBF1FF⟧Blöcke⟦TAG:0000:0003:FAFFE6FF⟧⟦END:0002:0001⟧.","Si pisas un ⟦TAG:0002:0001:06CD⟧⟦TAG:0000:0003:4FBBF1FF⟧Sacablox⟦TAG:0000:0003:FAFFE6FF⟧⟦END:0002:0001⟧ verde,
sacarás los ⟦TAG:0002:0001:06CD⟧⟦TAG:0000:0003:4FBBF1FF⟧bloques⟦TAG:0000:0003:FAFFE6FF⟧⟦END:0002:0001⟧ verdes.","Et si tu marches sur un ⟦TAG:0002:0001:06CD⟧⟦TAG:0000:0003:4FBBF1FF⟧extracteur⟦TAG:0000:0003:FAFFE6FF⟧⟦END:0002:0001⟧ vert,
tous les ⟦TAG:0002:0001:06CD⟧⟦TAG:0000:0003:4FBBF1FF⟧blocs⟦TAG:0000:0003:FAFFE6FF⟧⟦END:0002:0001⟧ verts sortiront à fond.","Se premi un ⟦TAG:0002:0001:06CD⟧⟦TAG:0000:0003:4FBBF1FF⟧tirablocchi⟦TAG:0000:0003:FAFFE6FF⟧⟦END:0002:0001⟧ verde, tutti
i ⟦TAG:0002:0001:06CD⟧⟦TAG:0000:0003:4FBBF1FF⟧blocchi⟦TAG:0000:0003:FAFFE6FF⟧⟦END:0002:0001⟧ verdi usciranno in fuori.","Yeşil bir ⟦TAG:0002:0001:06CD⟧⟦TAG:0000:0003:4FBBF1FF⟧çekme düğmesine⟦TAG:0000:0003:FAFFE6FF⟧⟦END:0002:0001⟧ basarsan
tüm yeşil ⟦TAG:0002:0001:06CD⟧⟦TAG:0000:0003:4FBBF1FF⟧bloklar⟦TAG:0000:0003:FAFFE6FF⟧⟦END:0002:0001⟧ dışarı çekilir.",2,530,2,480,0.906,OK,OK,REVIEWED,Kontrol kodları kaynakla birebir korunarak elle yerelleştirildi.
586,G_Gim1_01_025,"That's very important,
so keep it in mind!","Das ist wirklich wichtig,
merk es dir also gut!","Esto es bastante importante,
¡tenlo muy en cuenta!","C'est une règle très importante,
alors garde-la bien à l'esprit !","Ciò che ti ho appena insegnato è molto
importante. Non dimenticarlo!","Bu çok önemli;
aklından çıkarma!",2,520,2,250,0.481,OK,OK,REVIEWED,Beş resmî dil karşılaştırılarak elle yerelleştirildi.
587,G_Gim1_01_030,"A ⟦TAG:0002:0001:06CD⟧⟦TAG:0000:0003:4FBBF1FF⟧pullout switch⟦TAG:0000:0003:FAFFE6FF⟧⟦END:0002:0001⟧ only ⟦TAG:0002:0001:06CD⟧⟦TAG:0000:0003:FF7417FF⟧pulls out⟦TAG:0000:0003:FAFFE6FF⟧⟦END:0002:0001⟧
⟦TAG:0002:0001:06CD⟧⟦TAG:0000:0003:4FBBF1FF⟧blocks⟦TAG:0000:0003:FAFFE6FF⟧⟦END:0002:0001⟧ that are the same colour.","Vergiss nicht: Ein ⟦TAG:0002:0001:06CD⟧⟦TAG:0000:0003:4FBBF1FF⟧Rausziehschalter⟦TAG:0000:0003:FAFFE6FF⟧⟦END:0002:0001⟧
⟦TAG:0002:0001:06CD⟧⟦TAG:0000:0003:FF7417FF⟧zieht⟦TAG:0000:0003:FAFFE6FF⟧⟦END:0002:0001⟧ nur ⟦TAG:0002:0001:06CD⟧⟦TAG:0000:0003:4FBBF1FF⟧Blöcke⟦TAG:0000:0003:FAFFE6FF⟧⟦END:0002:0001⟧ derselben Farbe ⟦TAG:0002:0001:06CD⟧⟦TAG:0000:0003:FF7417FF⟧raus⟦TAG:0000:0003:FAFFE6FF⟧⟦END:0002:0001⟧!","No lo olvides: un ⟦TAG:0002:0001:06CD⟧⟦TAG:0000:0003:4FBBF1FF⟧Sacablox⟦TAG:0000:0003:FAFFE6FF⟧⟦END:0002:0001⟧
solo ⟦TAG:0002:0001:06CD⟧⟦TAG:0000:0003:FF7417FF⟧saca⟦TAG:0000:0003:FAFFE6FF⟧⟦END:0002:0001⟧ ⟦TAG:0002:0001:06CD⟧⟦TAG:0000:0003:4FBBF1FF⟧bloques⟦TAG:0000:0003:FAFFE6FF⟧⟦END:0002:0001⟧ de su mismo color.","N'oublie pas qu'un ⟦TAG:0002:0001:06CD⟧⟦TAG:0000:0003:4FBBF1FF⟧extracteur⟦TAG:0000:0003:FAFFE6FF⟧⟦END:0002:0001⟧ ne ⟦TAG:0002:0001:06CD⟧⟦TAG:0000:0003:FF7417FF⟧tire⟦TAG:0000:0003:FAFFE6FF⟧⟦END:0002:0001⟧
que sur les ⟦TAG:0002:0001:06CD⟧⟦TAG:0000:0003:4FBBF1FF⟧blocs⟦TAG:0000:0003:FAFFE6FF⟧⟦END:0002:0001⟧ de la même couleur !","Il ⟦TAG:0002:0001:06CD⟧⟦TAG:0000:0003:4FBBF1FF⟧tirablocchi⟦TAG:0000:0003:FAFFE6FF⟧⟦END:0002:0001⟧ ⟦TAG:0002:0001:06CD⟧⟦TAG:0000:0003:FF7417FF⟧tira⟦TAG:0000:0003:FAFFE6FF⟧⟦END:0002:0001⟧ solo i ⟦TAG:0002:0001:06CD⟧⟦TAG:0000:0003:4FBBF1FF⟧blocchi⟦TAG:0000:0003:FAFFE6FF⟧⟦END:0002:0001⟧
dello stesso colore!","Bir ⟦TAG:0002:0001:06CD⟧⟦TAG:0000:0003:4FBBF1FF⟧çekme düğmesi⟦TAG:0000:0003:FAFFE6FF⟧⟦END:0002:0001⟧ yalnızca ⟦TAG:0002:0001:06CD⟧⟦TAG:0000:0003:FF7417FF⟧çeker⟦TAG:0000:0003:FAFFE6FF⟧⟦END:0002:0001⟧;
⟦TAG:0002:0001:06CD⟧⟦TAG:0000:0003:4FBBF1FF⟧bloklar⟦TAG:0000:0003:FAFFE6FF⟧⟦END:0002:0001⟧ kendi rengindeyse.",2,521,2,462,0.887,OK,OK,REVIEWED,Kontrol kodları kaynakla birebir korunarak elle yerelleştirildi.
588,Guide_Gim1_05,,,,,,,1,0,0,0,0.000,EMPTY,OK,EMPTY,
589,G_Gim1_05_000,"Time for me to introduce you to
another of my amazing gadgets!","Höchste Zeit, dir eine weitere meiner
tollen Vorrichtungen zu präsentieren!","¡Ahora voy a presentarte
otro de mis ingeniosos artilugios!","Il est temps que je te présente un autre
de mes formidables mécanismes !","È tempo di mostrarti un altro dei
miei sorprendenti congegni!","Sana harika düzeneklerimden
bir başkasını tanıtma vakti!",2,529,2,408,0.771,OK,OK,REVIEWED,Beş resmî dil karşılaştırılarak elle yerelleştirildi.
590,G_Gim1_05_001,"⟦TAG:0002:0001:06CD⟧⟦TAG:0000:0003:FF7417FF⟧Pull out⟦TAG:0000:0003:FAFFE6FF⟧⟦END:0002:0001⟧ that bottom ⟦TAG:0002:0001:06CD⟧⟦TAG:0000:0003:4FBBF1FF⟧block⟦TAG:0000:0003:FAFFE6FF⟧⟦END:0002:0001⟧ 
so we can take a look.","⟦TAG:0002:0001:06CD⟧⟦TAG:0000:0003:FF7417FF⟧Zieh⟦TAG:0000:0003:FAFFE6FF⟧⟦END:0002:0001⟧ den unteren ⟦TAG:0002:0001:06CD⟧⟦TAG:0000:0003:4FBBF1FF⟧Block⟦TAG:0000:0003:FAFFE6FF⟧⟦END:0002:0001⟧ ⟦TAG:0002:0001:06CD⟧⟦TAG:0000:0003:FF7417FF⟧raus⟦TAG:0000:0003:FAFFE6FF⟧⟦END:0002:0001⟧, damit
wir einen Blick riskieren können.","⟦TAG:0002:0001:06CD⟧⟦TAG:0000:0003:FF7417FF⟧Tira⟦TAG:0000:0003:FAFFE6FF⟧⟦END:0002:0001⟧ del ⟦TAG:0002:0001:06CD⟧⟦TAG:0000:0003:4FBBF1FF⟧bloque⟦TAG:0000:0003:FAFFE6FF⟧⟦END:0002:0001⟧ inferior
para que podamos echarle un ojo.","⟦TAG:0002:0001:06CD⟧⟦TAG:0000:0003:FF7417FF⟧Tire⟦TAG:0000:0003:FAFFE6FF⟧⟦END:0002:0001⟧ sur le ⟦TAG:0002:0001:06CD⟧⟦TAG:0000:0003:4FBBF1FF⟧bloc⟦TAG:0000:0003:FAFFE6FF⟧⟦END:0002:0001⟧ du bas, pour que
le mécanisme soit bien visible.","⟦TAG:0002:0001:06CD⟧⟦TAG:0000:0003:FF7417FF⟧Tira⟦TAG:0000:0003:FAFFE6FF⟧⟦END:0002:0001⟧ il ⟦TAG:0002:0001:06CD⟧⟦TAG:0000:0003:4FBBF1FF⟧blocco⟦TAG:0000:0003:FAFFE6FF⟧⟦END:0002:0001⟧ in basso, così possiamo
dare un'occhiata da vicino.","⟦TAG:0002:0001:06CD⟧⟦TAG:0000:0003:FF7417FF⟧Çek⟦TAG:0000:0003:FAFFE6FF⟧⟦END:0002:0001⟧ şu alttaki ⟦TAG:0002:0001:06CD⟧⟦TAG:0000:0003:4FBBF1FF⟧bloğu⟦TAG:0000:0003:FAFFE6FF⟧⟦END:0002:0001⟧;
yakından bakalım.",2,482,2,277,0.575,OK,OK,REVIEWED,Kontrol kodları kaynakla birebir korunarak elle yerelleştirildi.
591,G_Gim1_05_010,⟦TAG:0002:0001:06CD⟧⟦TAG:0000:0003:FF7417FF⟧Pull out⟦TAG:0000:0003:FAFFE6FF⟧⟦END:0002:0001⟧ the ⟦TAG:0002:0001:06CD⟧⟦TAG:0000:0003:4FBBF1FF⟧block⟦TAG:0000:0003:FAFFE6FF⟧⟦END:0002:0001⟧ with the symbol.,"⟦TAG:0002:0001:06CD⟧⟦TAG:0000:0003:FF7417FF⟧Zieh⟦TAG:0000:0003:FAFFE6FF⟧⟦END:0002:0001⟧ den gekennzeichneten
⟦TAG:0002:0001:06CD⟧⟦TAG:0000:0003:4FBBF1FF⟧Block⟦TAG:0000:0003:FAFFE6FF⟧⟦END:0002:0001⟧ ⟦TAG:0002:0001:06CD⟧⟦TAG:0000:0003:FF7417FF⟧raus⟦TAG:0000:0003:FAFFE6FF⟧⟦END:0002:0001⟧.",⟦TAG:0002:0001:06CD⟧⟦TAG:0000:0003:FF7417FF⟧Tira⟦TAG:0000:0003:FAFFE6FF⟧⟦END:0002:0001⟧ del ⟦TAG:0002:0001:06CD⟧⟦TAG:0000:0003:4FBBF1FF⟧bloque⟦TAG:0000:0003:FAFFE6FF⟧⟦END:0002:0001⟧ que tiene el dibujo.,⟦TAG:0002:0001:06CD⟧⟦TAG:0000:0003:FF7417FF⟧Tire⟦TAG:0000:0003:FAFFE6FF⟧⟦END:0002:0001⟧ sur le ⟦TAG:0002:0001:06CD⟧⟦TAG:0000:0003:4FBBF1FF⟧bloc⟦TAG:0000:0003:FAFFE6FF⟧⟦END:0002:0001⟧ qui porte une marque.,"⟦TAG:0002:0001:06CD⟧⟦TAG:0000:0003:FF7417FF⟧Tira⟦TAG:0000:0003:FAFFE6FF⟧⟦END:0002:0001⟧ il ⟦TAG:0002:0001:06CD⟧⟦TAG:0000:0003:4FBBF1FF⟧blocco⟦TAG:0000:0003:FAFFE6FF⟧⟦END:0002:0001⟧ con quel piccolo
simbolo sopra.",⟦TAG:0002:0001:06CD⟧⟦TAG:0000:0003:FF7417FF⟧Çek⟦TAG:0000:0003:FAFFE6FF⟧⟦END:0002:0001⟧ sembollü ⟦TAG:0002:0001:06CD⟧⟦TAG:0000:0003:4FBBF1FF⟧bloğu⟦TAG:0000:0003:FAFFE6FF⟧⟦END:0002:0001⟧.,2,498,1,259,0.520,OK,OK,REVIEWED,Kontrol kodları kaynakla birebir korunarak elle yerelleştirildi.
592,G_Gim1_05_020,See that? That's a ⟦TAG:0002:0001:06CD⟧⟦TAG:0000:0003:4FBBF1FF⟧manhole⟦TAG:0000:0003:FAFFE6FF⟧⟦END:0002:0001⟧!,"Siehst du? Das, mein Lieber,
ist ein ⟦TAG:0002:0001:06CD⟧⟦TAG:0000:0003:4FBBF1FF⟧Einstieg⟦TAG:0000:0003:FAFFE6FF⟧⟦END:0002:0001⟧!","¿Has visto?
Eso, hijo mío, es un ⟦TAG:0002:0001:06CD⟧⟦TAG:0000:0003:4FBBF1FF⟧Condublox⟦TAG:0000:0003:FAFFE6FF⟧⟦END:0002:0001⟧.","Tu vois, mon garçon ?
Ça, c'est un ⟦TAG:0002:0001:06CD⟧⟦TAG:0000:0003:4FBBF1FF⟧puits à échelle⟦TAG:0000:0003:FAFFE6FF⟧⟦END:0002:0001⟧ !","Hai visto?
Quella, ragazzo mio, è una ⟦TAG:0002:0001:06CD⟧⟦TAG:0000:0003:4FBBF1FF⟧botola⟦TAG:0000:0003:FAFFE6FF⟧⟦END:0002:0001⟧!",Gördün mü? Bu bir ⟦TAG:0002:0001:06CD⟧⟦TAG:0000:0003:4FBBF1FF⟧geçit⟦TAG:0000:0003:FAFFE6FF⟧⟦END:0002:0001⟧!,2,464,1,328,0.707,OK,OK,REVIEWED,Kontrol kodları kaynakla birebir korunarak elle yerelleştirildi.
593,G_Gim1_05_021,These gadgets work in ⟦TAG:0002:0001:06CD⟧⟦TAG:0000:0003:FCEF30FF⟧pairs⟦TAG:0000:0003:FAFFE6FF⟧⟦END:0002:0001⟧.,"Diese Vorrichtungen funktionieren
⟦TAG:0002:0001:06CD⟧⟦TAG:0000:0003:FCEF30FF⟧paarweise⟦TAG:0000:0003:FAFFE6FF⟧⟦END:0002:0001⟧.",Estos artilugios funcionan ⟦TAG:0002:0001:06CD⟧⟦TAG:0000:0003:FCEF30FF⟧en pareja⟦TAG:0000:0003:FAFFE6FF⟧⟦END:0002:0001⟧.,"Les mécanismes de ce type
fonctionnent toujours ⟦TAG:0002:0001:06CD⟧⟦TAG:0000:0003:FCEF30FF⟧par paire⟦TAG:0000:0003:FAFFE6FF⟧⟦END:0002:0001⟧.","I congegni di questo tipo
funzionano ⟦TAG:0002:0001:06CD⟧⟦TAG:0000:0003:FCEF30FF⟧a coppie⟦TAG:0000:0003:FAFFE6FF⟧⟦END:0002:0001⟧.",Bu düzenekler ⟦TAG:0002:0001:06CD⟧⟦TAG:0000:0003:FCEF30FF⟧çiftler⟦TAG:0000:0003:FAFFE6FF⟧⟦END:0002:0001⟧ hâlinde çalışır.,2,500,1,494,0.988,OK,OK,REVIEWED,Kontrol kodları kaynakla birebir korunarak elle yerelleştirildi.
594,G_Gim1_05_022,One of these is useless all by itself.,Ein ⟦TAG:0002:0001:06CD⟧⟦TAG:0000:0003:4FBBF1FF⟧Einstieg⟦TAG:0000:0003:FAFFE6FF⟧⟦END:0002:0001⟧ allein ist nutzlos.,Un ⟦TAG:0002:0001:06CD⟧⟦TAG:0000:0003:4FBBF1FF⟧Condublox⟦TAG:0000:0003:FAFFE6FF⟧⟦END:0002:0001⟧ solo no sirve para nada.,"Séparément, ils ne servent à rien.","Usati separatamente,
non servono a nulla.",Tek başına biri hiçbir işe yaramaz.,2,512,1,464,0.906,OK,OK,REVIEWED,Beş resmî dil karşılaştırılarak elle yerelleştirildi.
595,G_Gim1_05_023,"So before you can use this one,
you've got to ⟦TAG:0002:0001:06CD⟧⟦TAG:0000:0003:FF7417FF⟧pull out⟦TAG:0000:0003:FAFFE6FF⟧⟦END:0002:0001⟧ the other one!","Bevor du diesen hier einsetzen kannst,
musst du den anderen ⟦TAG:0002:0001:06CD⟧⟦TAG:0000:0003:FF7417FF⟧rausziehen⟦TAG:0000:0003:FAFFE6FF⟧⟦END:0002:0001⟧!","Así que para poder usarlo,
¡tendrás que ⟦TAG:0002:0001:06CD⟧⟦TAG:0000:0003:FF7417FF⟧sacar⟦TAG:0000:0003:FAFFE6FF⟧⟦END:0002:0001⟧ el otro!","Donc, avant de pouvoir utiliser celui-ci,
⟦TAG:0002:0001:06CD⟧⟦TAG:0000:0003:FF7417FF⟧tire⟦TAG:0000:0003:FAFFE6FF⟧⟦END:0002:0001⟧ sur le ⟦TAG:0002:0001:06CD⟧⟦TAG:0000:0003:4FBBF1FF⟧bloc⟦TAG:0000:0003:FAFFE6FF⟧⟦END:0002:0001⟧ où se trouve l'autre !","Quindi prima di usare questa ⟦TAG:0002:0001:06CD⟧⟦TAG:0000:0003:4FBBF1FF⟧botola⟦TAG:0000:0003:FAFFE6FF⟧⟦END:0002:0001⟧,
devi ⟦TAG:0002:0001:06CD⟧⟦TAG:0000:0003:FF7417FF⟧tirare⟦TAG:0000:0003:FAFFE6FF⟧⟦END:0002:0001⟧ il ⟦TAG:0002:0001:06CD⟧⟦TAG:0000:0003:4FBBF1FF⟧blocco⟦TAG:0000:0003:FAFFE6FF⟧⟦END:0002:0001⟧ dove c'è l'altra! ","Bunu kullanabilmek için önce
diğerini ⟦TAG:0002:0001:06CD⟧⟦TAG:0000:0003:FF7417FF⟧çekip çıkarman⟦TAG:0000:0003:FAFFE6FF⟧⟦END:0002:0001⟧ gerek!",2,532,2,416,0.782,OK,OK,REVIEWED,Kontrol kodları kaynakla birebir korunarak elle yerelleştirildi.
596,G_Gim1_05_030,⟦TAG:0002:0001:06CD⟧⟦TAG:0000:0003:FF7417FF⟧Pull out⟦TAG:0000:0003:FAFFE6FF⟧⟦END:0002:0001⟧ the other ⟦TAG:0002:0001:06CD⟧⟦TAG:0000:0003:4FBBF1FF⟧manhole⟦TAG:0000:0003:FAFFE6FF⟧⟦END:0002:0001⟧!,⟦TAG:0002:0001:06CD⟧⟦TAG:0000:0003:FF7417FF⟧Zieh⟦TAG:0000:0003:FAFFE6FF⟧⟦END:0002:0001⟧ den anderen ⟦TAG:0002:0001:06CD⟧⟦TAG:0000:0003:4FBBF1FF⟧Einstieg⟦TAG:0000:0003:FAFFE6FF⟧⟦END:0002:0001⟧ ⟦TAG:0002:0001:06CD⟧⟦TAG:0000:0003:FF7417FF⟧raus⟦TAG:0000:0003:FAFFE6FF⟧⟦END:0002:0001⟧!,¡⟦TAG:0002:0001:06CD⟧⟦TAG:0000:0003:FF7417FF⟧Saca⟦TAG:0000:0003:FAFFE6FF⟧⟦END:0002:0001⟧ el otro ⟦TAG:0002:0001:06CD⟧⟦TAG:0000:0003:4FBBF1FF⟧Condublox⟦TAG:0000:0003:FAFFE6FF⟧⟦END:0002:0001⟧!,Fais sortir l'autre ⟦TAG:0002:0001:06CD⟧⟦TAG:0000:0003:4FBBF1FF⟧puits à échelle⟦TAG:0000:0003:FAFFE6FF⟧⟦END:0002:0001⟧ !,⟦TAG:0002:0001:06CD⟧⟦TAG:0000:0003:FF7417FF⟧Tira⟦TAG:0000:0003:FAFFE6FF⟧⟦END:0002:0001⟧ il ⟦TAG:0002:0001:06CD⟧⟦TAG:0000:0003:4FBBF1FF⟧blocco⟦TAG:0000:0003:FAFFE6FF⟧⟦END:0002:0001⟧ dove c'è l'altra ⟦TAG:0002:0001:06CD⟧⟦TAG:0000:0003:4FBBF1FF⟧botola⟦TAG:0000:0003:FAFFE6FF⟧⟦END:0002:0001⟧!,⟦TAG:0002:0001:06CD⟧⟦TAG:0000:0003:FF7417FF⟧Çek⟦TAG:0000:0003:FAFFE6FF⟧⟦END:0002:0001⟧ diğer ⟦TAG:0002:0001:06CD⟧⟦TAG:0000:0003:4FBBF1FF⟧geçidi⟦TAG:0000:0003:FAFFE6FF⟧⟦END:0002:0001⟧!,1,488,1,224,0.459,OK,OK,REVIEWED,Kontrol kodları kaynakla birebir korunarak elle yerelleştirildi.
597,G_Gim1_05_040,Did you see how both lids opened?,"Hast du gesehen, wie sich beide
Deckel geöffnet haben?","¿Has visto cómo se han abierto
las tapaderas?","Comme tu vois, les deux écoutilles
se sont ouvertes automatiquement.","Come hai notato, entrambi i coperchi
si sono aperti automaticamente.",İki kapağın da açıldığını gördün mü?,2,498,1,489,0.982,OK,OK,REVIEWED,Beş resmî dil karşılaştırılarak elle yerelleştirildi.
598,G_Gim1_05_041,That means they're ready to use!,"Das bedeutet, dass sie
einsatzbereit sind!",¡Ahora es cuando puedes usarlos!,"Cela indique que le passage
est prêt à être utilisé !","Significa che ora puoi utilizzare
il passaggio che si è creato!",Artık kullanıma hazırlar!,2,451,1,346,0.767,OK,OK,REVIEWED,Beş resmî dil karşılaştırılarak elle yerelleştirildi.
599,G_Gim1_05_042,"Now, ⟦TAG:0002:0001:06CD⟧⟦TAG:0000:0003:FF7417FF⟧jump⟦TAG:0000:0003:FAFFE6FF⟧⟦END:0002:0001⟧ into the lower one.",⟦TAG:0002:0001:06CD⟧⟦TAG:0000:0003:FF7417FF⟧Spring⟦TAG:0000:0003:FAFFE6FF⟧⟦END:0002:0001⟧ jetzt in den unteren von ihnen.,"Venga, ⟦TAG:0002:0001:06CD⟧⟦TAG:0000:0003:FF7417FF⟧salta⟦TAG:0000:0003:FAFFE6FF⟧⟦END:0002:0001⟧ en el de abajo.","Maintenant, ⟦TAG:0002:0001:06CD⟧⟦TAG:0000:0003:FF7417FF⟧saute⟦TAG:0000:0003:FAFFE6FF⟧⟦END:0002:0001⟧ dans
le ⟦TAG:0002:0001:06CD⟧⟦TAG:0000:0003:4FBBF1FF⟧puits à échelle⟦TAG:0000:0003:FAFFE6FF⟧⟦END:0002:0001⟧ du bas.",Adesso ⟦TAG:0002:0001:06CD⟧⟦TAG:0000:0003:FF7417FF⟧salta⟦TAG:0000:0003:FAFFE6FF⟧⟦END:0002:0001⟧ dentro quella in basso!,Şimdi alttakinin içine ⟦TAG:0002:0001:06CD⟧⟦TAG:0000:0003:FF7417FF⟧zıpla⟦TAG:0000:0003:FAFFE6FF⟧⟦END:0002:0001⟧.,2,515,1,375,0.728,OK,OK,REVIEWED,Kontrol kodları kaynakla birebir korunarak elle yerelleştirildi.
600,G_Gim1_05_050,Go on! ⟦TAG:0002:0001:06CD⟧⟦TAG:0000:0003:FF7417FF⟧Jump⟦TAG:0000:0003:FAFFE6FF⟧⟦END:0002:0001⟧ into the ⟦TAG:0002:0001:06CD⟧⟦TAG:0000:0003:4FBBF1FF⟧manhole⟦TAG:0000:0003:FAFFE6FF⟧⟦END:0002:0001⟧!,Nur zu! ⟦TAG:0002:0001:06CD⟧⟦TAG:0000:0003:FF7417FF⟧Spring⟦TAG:0000:0003:FAFFE6FF⟧⟦END:0002:0001⟧ in den ⟦TAG:0002:0001:06CD⟧⟦TAG:0000:0003:4FBBF1FF⟧Einstieg⟦TAG:0000:0003:FAFFE6FF⟧⟦END:0002:0001⟧!,¡Vamos! ¡⟦TAG:0002:0001:06CD⟧⟦TAG:0000:0003:FF7417FF⟧Salta⟦TAG:0000:0003:FAFFE6FF⟧⟦END:0002:0001⟧ sobre el ⟦TAG:0002:0001:06CD⟧⟦TAG:0000:0003:4FBBF1FF⟧Condublox⟦TAG:0000:0003:FAFFE6FF⟧⟦END:0002:0001⟧!,"Eh bien, vas-y ! ⟦TAG:0002:0001:06CD⟧⟦TAG:0000:0003:FF7417FF⟧Saute⟦TAG:0000:0003:FAFFE6FF⟧⟦END:0002:0001⟧
dans ce ⟦TAG:0002:0001:06CD⟧⟦TAG:0000:0003:4FBBF1FF⟧puits à échelle⟦TAG:0000:0003:FAFFE6FF⟧⟦END:0002:0001⟧ !","Coraggio!
⟦TAG:0002:0001:06CD⟧⟦TAG:0000:0003:FF7417FF⟧Salta⟦TAG:0000:0003:FAFFE6FF⟧⟦END:0002:0001⟧ dentro la ⟦TAG:0002:0001:06CD⟧⟦TAG:0000:0003:4FBBF1FF⟧botola⟦TAG:0000:0003:FAFFE6FF⟧⟦END:0002:0001⟧ aperta!",Haydi! ⟦TAG:0002:0001:06CD⟧⟦TAG:0000:0003:FF7417FF⟧Zıpla⟦TAG:0000:0003:FAFFE6FF⟧⟦END:0002:0001⟧ ⟦TAG:0002:0001:06CD⟧⟦TAG:0000:0003:4FBBF1FF⟧geçidin⟦TAG:0000:0003:FAFFE6FF⟧⟦END:0002:0001⟧ içine!,2,465,1,357,0.768,OK,OK,REVIEWED,Kontrol kodları kaynakla birebir korunarak elle yerelleştirildi.
601,G_Gim1_05_060,"Pretty nifty, eh?
That's the power of ⟦TAG:0002:0001:06CD⟧⟦TAG:0000:0003:4FBBF1FF⟧manholes⟦TAG:0000:0003:FAFFE6FF⟧⟦END:0002:0001⟧!","Klasse, was?
Dazu sind die ⟦TAG:0002:0001:06CD⟧⟦TAG:0000:0003:4FBBF1FF⟧Einstiege⟦TAG:0000:0003:FAFFE6FF⟧⟦END:0002:0001⟧ gedacht!","Son útiles, ¿eh? ¡Los ⟦TAG:0002:0001:06CD⟧⟦TAG:0000:0003:4FBBF1FF⟧Condublox⟦TAG:0000:0003:FAFFE6FF⟧⟦END:0002:0001⟧
son una herramienta de primera!","Pas mal, hein ? Voilà à quoi
servent mes ⟦TAG:0002:0001:06CD⟧⟦TAG:0000:0003:4FBBF1FF⟧puits à échelle⟦TAG:0000:0003:FAFFE6FF⟧⟦END:0002:0001⟧ !","Che te ne pare?
Ecco a cosa servono le ⟦TAG:0002:0001:06CD⟧⟦TAG:0000:0003:4FBBF1FF⟧botole⟦TAG:0000:0003:FAFFE6FF⟧⟦END:0002:0001⟧!","Pek marifetli, değil mi?
İşte ⟦TAG:0002:0001:06CD⟧⟦TAG:0000:0003:4FBBF1FF⟧geçitlerin⟦TAG:0000:0003:FAFFE6FF⟧⟦END:0002:0001⟧ gücü bu!",2,447,2,313,0.700,OK,OK,REVIEWED,Kontrol kodları kaynakla birebir korunarak elle yerelleştirildi.
602,G_Gim1_05_061,They take you to places,"Sie bringen dich an Orte,",Te conducen a sitios...,Ils peuvent te conduire à des endroits,Possono portarti in punti lontani,Seni öyle yerlere götürürler ki,1,507,1,409,0.807,OK,OK,REVIEWED,Beş resmî dil karşılaştırılarak elle yerelleştirildi.
603,G_Gim1_05_062,that a ⟦TAG:0002:0001:06CD⟧⟦TAG:0000:0003:FF7417FF⟧jump⟦TAG:0000:0003:FAFFE6FF⟧⟦END:0002:0001⟧ couldn't reach!,"an die du nicht mit einem
⟦TAG:0002:0001:06CD⟧⟦TAG:0000:0003:FF7417FF⟧Sprung⟦TAG:0000:0003:FAFFE6FF⟧⟦END:0002:0001⟧ gelangen könntest.",... ¡a los que no se llega ⟦TAG:0002:0001:06CD⟧⟦TAG:0000:0003:FF7417FF⟧saltando⟦TAG:0000:0003:FAFFE6FF⟧⟦END:0002:0001⟧!,que tu n'atteindrais pas avec un ⟦TAG:0002:0001:06CD⟧⟦TAG:0000:0003:FF7417FF⟧saut⟦TAG:0000:0003:FAFFE6FF⟧⟦END:0002:0001⟧ !,"che non potresti mai raggiungere
con un semplice ⟦TAG:0002:0001:06CD⟧⟦TAG:0000:0003:FF7417FF⟧salto⟦TAG:0000:0003:FAFFE6FF⟧⟦END:0002:0001⟧!","normal bir ⟦TAG:0002:0001:06CD⟧⟦TAG:0000:0003:FF7417FF⟧zıplamayla⟦TAG:0000:0003:FAFFE6FF⟧⟦END:0002:0001⟧
ulaşamayacağın yerlere!",2,518,2,337,0.651,OK,OK,REVIEWED,Vurgu semantiği ve sığma için kontrol kodları korunarak elle revize edildi.
604,G_Gim1_05_070,Use the ⟦TAG:0002:0001:06CD⟧⟦TAG:0000:0003:4FBBF1FF⟧manholes⟦TAG:0000:0003:FAFFE6FF⟧⟦END:0002:0001⟧ to reach the top!,"Nutze die ⟦TAG:0002:0001:06CD⟧⟦TAG:0000:0003:4FBBF1FF⟧Einstiege⟦TAG:0000:0003:FAFFE6FF⟧⟦END:0002:0001⟧, um ganz
nach oben zu kommen!",¡Usa los ⟦TAG:0002:0001:06CD⟧⟦TAG:0000:0003:4FBBF1FF⟧Condublox⟦TAG:0000:0003:FAFFE6FF⟧⟦END:0002:0001⟧ para subir arriba!,"Utilise les ⟦TAG:0002:0001:06CD⟧⟦TAG:0000:0003:4FBBF1FF⟧puits à échelle⟦TAG:0000:0003:FAFFE6FF⟧⟦END:0002:0001⟧
pour arriver jusqu'en haut !",Usa le ⟦TAG:0002:0001:06CD⟧⟦TAG:0000:0003:4FBBF1FF⟧botole⟦TAG:0000:0003:FAFFE6FF⟧⟦END:0002:0001⟧ per arrivare in cima!,Tepeye ulaşmak için ⟦TAG:0002:0001:06CD⟧⟦TAG:0000:0003:4FBBF1FF⟧geçitleri⟦TAG:0000:0003:FAFFE6FF⟧⟦END:0002:0001⟧ kullan!,2,498,1,497,0.998,OK,OK,REVIEWED,Kontrol kodları kaynakla birebir korunarak elle yerelleştirildi.
605,Guide_Gim1_08,,,,,,,1,0,0,0,0.000,EMPTY,OK,EMPTY,
606,G_Gim1_08_000,"Here we have some more ⟦TAG:0002:0001:06CD⟧⟦TAG:0000:0003:4FBBF1FF⟧manholes⟦TAG:0000:0003:FAFFE6FF⟧⟦END:0002:0001⟧,","Hier sind noch ein paar
weitere ⟦TAG:0002:0001:06CD⟧⟦TAG:0000:0003:4FBBF1FF⟧Einstiege⟦TAG:0000:0003:FAFFE6FF⟧⟦END:0002:0001⟧.",Aquí hay más ⟦TAG:0002:0001:06CD⟧⟦TAG:0000:0003:4FBBF1FF⟧Condublox⟦TAG:0000:0003:FAFFE6FF⟧⟦END:0002:0001⟧.,"Dans ce Pullblox-ci, nous allons
à nouveau utiliser des ⟦TAG:0002:0001:06CD⟧⟦TAG:0000:0003:4FBBF1FF⟧échelles⟦TAG:0000:0003:FAFFE6FF⟧⟦END:0002:0001⟧.","Anche in questo Pullblox
useremo le ⟦TAG:0002:0001:06CD⟧⟦TAG:0000:0003:4FBBF1FF⟧botole⟦TAG:0000:0003:FAFFE6FF⟧⟦END:0002:0001⟧.","Burada birkaç ⟦TAG:0002:0001:06CD⟧⟦TAG:0000:0003:4FBBF1FF⟧geçit⟦TAG:0000:0003:FAFFE6FF⟧⟦END:0002:0001⟧ daha var,",2,475,1,407,0.857,OK,OK,REVIEWED,Kontrol kodları kaynakla birebir korunarak elle yerelleştirildi.
607,G_Gim1_08_001,"but there's something a little odd about
them. Can you see what I mean...?","Allerdings haben sie etwas Merkwürdi-
ges an sich. Siehst du, was ich meine?","Aunque algo diferentes...
¿No ves nada raro?","Ici, l'une d'elles est un peu particulière.
Vois-tu ce que je veux dire, Millo ?","Però qui c'è qualcosa di diverso...
Capisci cosa intendo, Mallo?","ama bunlarda biraz tuhaf bir şey var.
Ne demek istediğimi görüyor musun...?",2,535,2,512,0.957,OK,OK,REVIEWED,Beş resmî dil karşılaştırılarak elle yerelleştirildi.
608,G_Gim1_08_002,"⟦TAG:0002:0001:06CD⟧⟦TAG:0000:0003:FF7417FF⟧Pull out⟦TAG:0000:0003:FAFFE6FF⟧⟦END:0002:0001⟧ the ⟦TAG:0002:0001:06CD⟧⟦TAG:0000:0003:4FBBF1FF⟧block⟦TAG:0000:0003:FAFFE6FF⟧⟦END:0002:0001⟧ with the ⟦TAG:0002:0001:06CD⟧⟦TAG:0000:0003:4FBBF1FF⟧manhole⟦TAG:0000:0003:FAFFE6FF⟧⟦END:0002:0001⟧
symbols, so we can take a closer look.","⟦TAG:0002:0001:06CD⟧⟦TAG:0000:0003:FF7417FF⟧Zieh⟦TAG:0000:0003:FAFFE6FF⟧⟦END:0002:0001⟧ den ⟦TAG:0002:0001:06CD⟧⟦TAG:0000:0003:4FBBF1FF⟧Block⟦TAG:0000:0003:FAFFE6FF⟧⟦END:0002:0001⟧ mit der Markierung für
den ⟦TAG:0002:0001:06CD⟧⟦TAG:0000:0003:4FBBF1FF⟧Einstieg⟦TAG:0000:0003:FAFFE6FF⟧⟦END:0002:0001⟧ ⟦TAG:0002:0001:06CD⟧⟦TAG:0000:0003:FF7417FF⟧raus⟦TAG:0000:0003:FAFFE6FF⟧⟦END:0002:0001⟧, um mehr zu sehen.","⟦TAG:0002:0001:06CD⟧⟦TAG:0000:0003:FF7417FF⟧Tira⟦TAG:0000:0003:FAFFE6FF⟧⟦END:0002:0001⟧ del ⟦TAG:0002:0001:06CD⟧⟦TAG:0000:0003:4FBBF1FF⟧bloque⟦TAG:0000:0003:FAFFE6FF⟧⟦END:0002:0001⟧ que tiene
los ⟦TAG:0002:0001:06CD⟧⟦TAG:0000:0003:4FBBF1FF⟧Condublox⟦TAG:0000:0003:FAFFE6FF⟧⟦END:0002:0001⟧ para echarles un ojo.","⟦TAG:0002:0001:06CD⟧⟦TAG:0000:0003:FF7417FF⟧Tire⟦TAG:0000:0003:FAFFE6FF⟧⟦END:0002:0001⟧ sur le ⟦TAG:0002:0001:06CD⟧⟦TAG:0000:0003:4FBBF1FF⟧bloc⟦TAG:0000:0003:FAFFE6FF⟧⟦END:0002:0001⟧ qui porte des marques
d'⟦TAG:0002:0001:06CD⟧⟦TAG:0000:0003:4FBBF1FF⟧échelles⟦TAG:0000:0003:FAFFE6FF⟧⟦END:0002:0001⟧ pour voir cela de plus près.","Diamo un'occhiata più da vicino! ⟦TAG:0002:0001:06CD⟧⟦TAG:0000:0003:FF7417FF⟧Tira⟦TAG:0000:0003:FAFFE6FF⟧⟦END:0002:0001⟧
il ⟦TAG:0002:0001:06CD⟧⟦TAG:0000:0003:4FBBF1FF⟧blocco⟦TAG:0000:0003:FAFFE6FF⟧⟦END:0002:0001⟧ con i simboli delle ⟦TAG:0002:0001:06CD⟧⟦TAG:0000:0003:4FBBF1FF⟧botole⟦TAG:0000:0003:FAFFE6FF⟧⟦END:0002:0001⟧.","⟦TAG:0002:0001:06CD⟧⟦TAG:0000:0003:FF7417FF⟧Çek⟦TAG:0000:0003:FAFFE6FF⟧⟦END:0002:0001⟧ şu ⟦TAG:0002:0001:06CD⟧⟦TAG:0000:0003:4FBBF1FF⟧bloğu⟦TAG:0000:0003:FAFFE6FF⟧⟦END:0002:0001⟧; üzerindeki ⟦TAG:0002:0001:06CD⟧⟦TAG:0000:0003:4FBBF1FF⟧geçit⟦TAG:0000:0003:FAFFE6FF⟧⟦END:0002:0001⟧
sembollerine yakından bakalım.",2,515,2,431,0.837,OK,OK,REVIEWED,Kontrol kodları kaynakla birebir korunarak elle yerelleştirildi.
609,G_Gim1_08_010,"⟦TAG:0002:0001:06CD⟧⟦TAG:0000:0003:FF7417FF⟧Pull out⟦TAG:0000:0003:FAFFE6FF⟧⟦END:0002:0001⟧ the ⟦TAG:0002:0001:06CD⟧⟦TAG:0000:0003:4FBBF1FF⟧block⟦TAG:0000:0003:FAFFE6FF⟧⟦END:0002:0001⟧ with
the ⟦TAG:0002:0001:06CD⟧⟦TAG:0000:0003:4FBBF1FF⟧manhole⟦TAG:0000:0003:FAFFE6FF⟧⟦END:0002:0001⟧ symbols.","⟦TAG:0002:0001:06CD⟧⟦TAG:0000:0003:FF7417FF⟧Zieh⟦TAG:0000:0003:FAFFE6FF⟧⟦END:0002:0001⟧ den ⟦TAG:0002:0001:06CD⟧⟦TAG:0000:0003:4FBBF1FF⟧Block⟦TAG:0000:0003:FAFFE6FF⟧⟦END:0002:0001⟧ mit der Markierung für
den ⟦TAG:0002:0001:06CD⟧⟦TAG:0000:0003:4FBBF1FF⟧Einstieg⟦TAG:0000:0003:FAFFE6FF⟧⟦END:0002:0001⟧ ⟦TAG:0002:0001:06CD⟧⟦TAG:0000:0003:FF7417FF⟧raus⟦TAG:0000:0003:FAFFE6FF⟧⟦END:0002:0001⟧.","⟦TAG:0002:0001:06CD⟧⟦TAG:0000:0003:FF7417FF⟧Tira⟦TAG:0000:0003:FAFFE6FF⟧⟦END:0002:0001⟧ del ⟦TAG:0002:0001:06CD⟧⟦TAG:0000:0003:4FBBF1FF⟧bloque⟦TAG:0000:0003:FAFFE6FF⟧⟦END:0002:0001⟧ que tiene
los ⟦TAG:0002:0001:06CD⟧⟦TAG:0000:0003:4FBBF1FF⟧Condublox⟦TAG:0000:0003:FAFFE6FF⟧⟦END:0002:0001⟧.","⟦TAG:0002:0001:06CD⟧⟦TAG:0000:0003:FF7417FF⟧Tire⟦TAG:0000:0003:FAFFE6FF⟧⟦END:0002:0001⟧ juste sur le ⟦TAG:0002:0001:06CD⟧⟦TAG:0000:0003:4FBBF1FF⟧bloc⟦TAG:0000:0003:FAFFE6FF⟧⟦END:0002:0001⟧ où
des ⟦TAG:0002:0001:06CD⟧⟦TAG:0000:0003:4FBBF1FF⟧échelles⟦TAG:0000:0003:FAFFE6FF⟧⟦END:0002:0001⟧ sont marquées.","⟦TAG:0002:0001:06CD⟧⟦TAG:0000:0003:FF7417FF⟧Tira⟦TAG:0000:0003:FAFFE6FF⟧⟦END:0002:0001⟧ il ⟦TAG:0002:0001:06CD⟧⟦TAG:0000:0003:4FBBF1FF⟧blocco⟦TAG:0000:0003:FAFFE6FF⟧⟦END:0002:0001⟧ con
i simboli delle ⟦TAG:0002:0001:06CD⟧⟦TAG:0000:0003:4FBBF1FF⟧botole⟦TAG:0000:0003:FAFFE6FF⟧⟦END:0002:0001⟧.","⟦TAG:0002:0001:06CD⟧⟦TAG:0000:0003:FF7417FF⟧Çek⟦TAG:0000:0003:FAFFE6FF⟧⟦END:0002:0001⟧ şu ⟦TAG:0002:0001:06CD⟧⟦TAG:0000:0003:4FBBF1FF⟧bloğu⟦TAG:0000:0003:FAFFE6FF⟧⟦END:0002:0001⟧:
üzerinde ⟦TAG:0002:0001:06CD⟧⟦TAG:0000:0003:4FBBF1FF⟧geçit⟦TAG:0000:0003:FAFFE6FF⟧⟦END:0002:0001⟧ sembolleri olanı.",2,515,2,423,0.821,OK,OK,REVIEWED,Kontrol kodları kaynakla birebir korunarak elle yerelleştirildi.
610,G_Gim1_08_011,"You don't need to move that ⟦TAG:0002:0001:06CD⟧⟦TAG:0000:0003:4FBBF1FF⟧block⟦TAG:0000:0003:FAFFE6FF⟧⟦END:0002:0001⟧
just yet. Please ⟦TAG:0002:0001:06CD⟧⟦TAG:0000:0003:FF7417FF⟧push⟦TAG:0000:0003:FAFFE6FF⟧⟦END:0002:0001⟧ it back in.","Den ⟦TAG:0002:0001:06CD⟧⟦TAG:0000:0003:4FBBF1FF⟧Block⟦TAG:0000:0003:FAFFE6FF⟧⟦END:0002:0001⟧ musst du nicht bewegen.
⟦TAG:0002:0001:06CD⟧⟦TAG:0000:0003:FF7417FF⟧Schieb⟦TAG:0000:0003:FAFFE6FF⟧⟦END:0002:0001⟧ ihn bitte wieder ⟦TAG:0002:0001:06CD⟧⟦TAG:0000:0003:FF7417FF⟧rein⟦TAG:0000:0003:FAFFE6FF⟧⟦END:0002:0001⟧.","Aún no tienes que mover ese ⟦TAG:0002:0001:06CD⟧⟦TAG:0000:0003:4FBBF1FF⟧bloque⟦TAG:0000:0003:FAFFE6FF⟧⟦END:0002:0001⟧.
⟦TAG:0002:0001:06CD⟧⟦TAG:0000:0003:FF7417FF⟧Empújalo⟦TAG:0000:0003:FAFFE6FF⟧⟦END:0002:0001⟧ y déjalo como estaba.","Non, non ! Pour l'instant, ce ⟦TAG:0002:0001:06CD⟧⟦TAG:0000:0003:4FBBF1FF⟧bloc⟦TAG:0000:0003:FAFFE6FF⟧⟦END:0002:0001⟧-là ne
sert à rien. ⟦TAG:0002:0001:06CD⟧⟦TAG:0000:0003:FF7417FF⟧Repousse⟦TAG:0000:0003:FAFFE6FF⟧⟦END:0002:0001⟧-le, s'il te plaît.","Non serve muovere quel ⟦TAG:0002:0001:06CD⟧⟦TAG:0000:0003:4FBBF1FF⟧blocco⟦TAG:0000:0003:FAFFE6FF⟧⟦END:0002:0001⟧.
Potresti rimetterlo com'era prima?","O ⟦TAG:0002:0001:06CD⟧⟦TAG:0000:0003:4FBBF1FF⟧bloğu⟦TAG:0000:0003:FAFFE6FF⟧⟦END:0002:0001⟧ şimdilik oynatmana
gerek yok. Lütfen geri ⟦TAG:0002:0001:06CD⟧⟦TAG:0000:0003:FF7417FF⟧it⟦TAG:0000:0003:FAFFE6FF⟧⟦END:0002:0001⟧.",2,515,2,375,0.728,OK,OK,REVIEWED,Kontrol kodları kaynakla birebir korunarak elle yerelleştirildi.
611,G_Gim1_08_020,This is an ⟦TAG:0002:0001:06CD⟧⟦TAG:0000:0003:4FBBF1FF⟧inverted manhole⟦TAG:0000:0003:FAFFE6FF⟧⟦END:0002:0001⟧.,Das ist ein ⟦TAG:0002:0001:06CD⟧⟦TAG:0000:0003:4FBBF1FF⟧umgedrehter Einstieg⟦TAG:0000:0003:FAFFE6FF⟧⟦END:0002:0001⟧.,Esto es un ⟦TAG:0002:0001:06CD⟧⟦TAG:0000:0003:4FBBF1FF⟧Condublox invertido⟦TAG:0000:0003:FAFFE6FF⟧⟦END:0002:0001⟧.,"Voilà ce que je voulais te montrer.
C'est une ⟦TAG:0002:0001:06CD⟧⟦TAG:0000:0003:4FBBF1FF⟧trappe à échelle⟦TAG:0000:0003:FAFFE6FF⟧⟦END:0002:0001⟧.","Ecco cosa volevo mostrarti...
Questa è una ⟦TAG:0002:0001:06CD⟧⟦TAG:0000:0003:4FBBF1FF⟧botola capovolta⟦TAG:0000:0003:FAFFE6FF⟧⟦END:0002:0001⟧.",Bu bir ⟦TAG:0002:0001:06CD⟧⟦TAG:0000:0003:4FBBF1FF⟧ters geçit⟦TAG:0000:0003:FAFFE6FF⟧⟦END:0002:0001⟧.,2,461,1,222,0.482,OK,OK,REVIEWED,Kontrol kodları kaynakla birebir korunarak elle yerelleştirildi.
612,G_Gim1_08_021,"It works the same way as a normal
⟦TAG:0002:0001:06CD⟧⟦TAG:0000:0003:4FBBF1FF⟧manhole⟦TAG:0000:0003:FAFFE6FF⟧⟦END:0002:0001⟧, but it's upside down!","Er funktioniert wie normale ⟦TAG:0002:0001:06CD⟧⟦TAG:0000:0003:4FBBF1FF⟧Einstiege⟦TAG:0000:0003:FAFFE6FF⟧⟦END:0002:0001⟧,
aber er steht auf dem Kopf!","Funciona como los otros ⟦TAG:0002:0001:06CD⟧⟦TAG:0000:0003:4FBBF1FF⟧Condublox⟦TAG:0000:0003:FAFFE6FF⟧⟦END:0002:0001⟧,
¡lo único es que está boca abajo!","Elle fonctionne tout comme un ⟦TAG:0002:0001:06CD⟧⟦TAG:0000:0003:4FBBF1FF⟧puits à⟦TAG:0000:0003:FAFFE6FF⟧⟦END:0002:0001⟧
⟦TAG:0002:0001:06CD⟧⟦TAG:0000:0003:4FBBF1FF⟧échelle⟦TAG:0000:0003:FAFFE6FF⟧⟦END:0002:0001⟧, mais elle s'ouvre en dessous !","Funziona come una ⟦TAG:0002:0001:06CD⟧⟦TAG:0000:0003:4FBBF1FF⟧botola⟦TAG:0000:0003:FAFFE6FF⟧⟦END:0002:0001⟧
normale, ma è al contrario!","Normal bir ⟦TAG:0002:0001:06CD⟧⟦TAG:0000:0003:4FBBF1FF⟧geçit⟦TAG:0000:0003:FAFFE6FF⟧⟦END:0002:0001⟧ gibi çalışır,
ama baş aşağı durur!",2,518,2,375,0.724,OK,OK,REVIEWED,Kontrol kodları kaynakla birebir korunarak elle yerelleştirildi.
613,G_Gim1_08_022,"Stand below an ⟦TAG:0002:0001:06CD⟧⟦TAG:0000:0003:4FBBF1FF⟧inverted manhole⟦TAG:0000:0003:FAFFE6FF⟧⟦END:0002:0001⟧,","Stell dich unter einen
⟦TAG:0002:0001:06CD⟧⟦TAG:0000:0003:4FBBF1FF⟧umgedrehten Einstieg⟦TAG:0000:0003:FAFFE6FF⟧⟦END:0002:0001⟧","Ponte debajo del ⟦TAG:0002:0001:06CD⟧⟦TAG:0000:0003:4FBBF1FF⟧Condublox invertido⟦TAG:0000:0003:FAFFE6FF⟧⟦END:0002:0001⟧,","Pour entrer dans une ⟦TAG:0002:0001:06CD⟧⟦TAG:0000:0003:4FBBF1FF⟧trappe à échelle⟦TAG:0000:0003:FAFFE6FF⟧⟦END:0002:0001⟧,",Mettiti sotto la ⟦TAG:0002:0001:06CD⟧⟦TAG:0000:0003:4FBBF1FF⟧botola capovolta⟦TAG:0000:0003:FAFFE6FF⟧⟦END:0002:0001⟧,"Bir ⟦TAG:0002:0001:06CD⟧⟦TAG:0000:0003:4FBBF1FF⟧ters geçidin⟦TAG:0000:0003:FAFFE6FF⟧⟦END:0002:0001⟧ altında dur,",2,523,1,374,0.715,OK,OK,REVIEWED,Kontrol kodları kaynakla birebir korunarak elle yerelleştirildi.
614,G_Gim1_08_023,and ⟦TAG:0002:0001:06CD⟧⟦TAG:0000:0003:FF7417FF⟧jump⟦TAG:0000:0003:FAFFE6FF⟧⟦END:0002:0001⟧ to enter it.,und betritt ihn mit einem ⟦TAG:0002:0001:06CD⟧⟦TAG:0000:0003:FF7417FF⟧Sprung⟦TAG:0000:0003:FAFFE6FF⟧⟦END:0002:0001⟧.,¡y ⟦TAG:0002:0001:06CD⟧⟦TAG:0000:0003:FF7417FF⟧salta⟦TAG:0000:0003:FAFFE6FF⟧⟦END:0002:0001⟧ para entrar!,place-toi dessous et ⟦TAG:0002:0001:06CD⟧⟦TAG:0000:0003:FF7417FF⟧saute⟦TAG:0000:0003:FAFFE6FF⟧⟦END:0002:0001⟧ à l'intérieur.,e ⟦TAG:0002:0001:06CD⟧⟦TAG:0000:0003:FF7417FF⟧salta⟦TAG:0000:0003:FAFFE6FF⟧⟦END:0002:0001⟧ per entrarci dentro.,sonra içine girmek için ⟦TAG:0002:0001:06CD⟧⟦TAG:0000:0003:FF7417FF⟧zıpla⟦TAG:0000:0003:FAFFE6FF⟧⟦END:0002:0001⟧.,1,529,1,387,0.732,OK,OK,REVIEWED,Kontrol kodları kaynakla birebir korunarak elle yerelleştirildi.
615,G_Gim1_08_024,"If you're not sure where to stand,
just look for the ⟦TAG:0002:0001:06CD⟧⟦TAG:0000:0003:FCEF30FF⟧white shaft of light⟦TAG:0000:0003:FAFFE6FF⟧⟦END:0002:0001⟧.","Orientier dich dabei an dem
⟦TAG:0002:0001:06CD⟧⟦TAG:0000:0003:FCEF30FF⟧weißen Lichtkegel⟦TAG:0000:0003:FAFFE6FF⟧⟦END:0002:0001⟧!","Si no sabes muy bien dónde colocarte,
¡ponte debajo del ⟦TAG:0002:0001:06CD⟧⟦TAG:0000:0003:FCEF30FF⟧haz de luz⟦TAG:0000:0003:FAFFE6FF⟧⟦END:0002:0001⟧!","Tu peux repérer l'endroit où te placer
grâce au petit ⟦TAG:0002:0001:06CD⟧⟦TAG:0000:0003:FCEF30FF⟧rond de lumière blanc⟦TAG:0000:0003:FAFFE6FF⟧⟦END:0002:0001⟧ !","Se non sai dove posizionarti, presta
attenzione al ⟦TAG:0002:0001:06CD⟧⟦TAG:0000:0003:FCEF30FF⟧fascio di luce bianca⟦TAG:0000:0003:FAFFE6FF⟧⟦END:0002:0001⟧!","Nerede duracağını kestiremiyorsan,
⟦TAG:0002:0001:06CD⟧⟦TAG:0000:0003:FCEF30FF⟧beyaz ışık huzmesini⟦TAG:0000:0003:FAFFE6FF⟧⟦END:0002:0001⟧ bul yeter.",2,509,2,487,0.957,OK,OK,REVIEWED,Kontrol kodları kaynakla birebir korunarak elle yerelleştirildi.
616,G_Gim1_08_030,"Stand in the ⟦TAG:0002:0001:06CD⟧⟦TAG:0000:0003:FCEF30FF⟧white shaft of light⟦TAG:0000:0003:FAFFE6FF⟧⟦END:0002:0001⟧ and
⟦TAG:0002:0001:06CD⟧⟦TAG:0000:0003:FF7417FF⟧jump⟦TAG:0000:0003:FAFFE6FF⟧⟦END:0002:0001⟧ to enter the ⟦TAG:0002:0001:06CD⟧⟦TAG:0000:0003:4FBBF1FF⟧inverted manhole⟦TAG:0000:0003:FAFFE6FF⟧⟦END:0002:0001⟧.","Stell dich in den ⟦TAG:0002:0001:06CD⟧⟦TAG:0000:0003:FCEF30FF⟧weißen Lichtkegel⟦TAG:0000:0003:FAFFE6FF⟧⟦END:0002:0001⟧
und ⟦TAG:0002:0001:06CD⟧⟦TAG:0000:0003:FF7417FF⟧spring⟦TAG:0000:0003:FAFFE6FF⟧⟦END:0002:0001⟧ in den ⟦TAG:0002:0001:06CD⟧⟦TAG:0000:0003:4FBBF1FF⟧umgedr. Einstieg⟦TAG:0000:0003:FAFFE6FF⟧⟦END:0002:0001⟧.","Ponte debajo del ⟦TAG:0002:0001:06CD⟧⟦TAG:0000:0003:FCEF30FF⟧haz de luz⟦TAG:0000:0003:FAFFE6FF⟧⟦END:0002:0001⟧ y ⟦TAG:0002:0001:06CD⟧⟦TAG:0000:0003:FF7417FF⟧salta⟦TAG:0000:0003:FAFFE6FF⟧⟦END:0002:0001⟧
para entrar en el ⟦TAG:0002:0001:06CD⟧⟦TAG:0000:0003:4FBBF1FF⟧Condublox invertido⟦TAG:0000:0003:FAFFE6FF⟧⟦END:0002:0001⟧.","Place-toi dans le ⟦TAG:0002:0001:06CD⟧⟦TAG:0000:0003:FCEF30FF⟧rond de lumière blanc⟦TAG:0000:0003:FAFFE6FF⟧⟦END:0002:0001⟧
puis ⟦TAG:0002:0001:06CD⟧⟦TAG:0000:0003:FF7417FF⟧saute⟦TAG:0000:0003:FAFFE6FF⟧⟦END:0002:0001⟧ dans la ⟦TAG:0002:0001:06CD⟧⟦TAG:0000:0003:4FBBF1FF⟧trappe à échelle⟦TAG:0000:0003:FAFFE6FF⟧⟦END:0002:0001⟧.","Mettiti sotto il ⟦TAG:0002:0001:06CD⟧⟦TAG:0000:0003:FCEF30FF⟧fascio di luce bianca⟦TAG:0000:0003:FAFFE6FF⟧⟦END:0002:0001⟧
e salta nella ⟦TAG:0002:0001:06CD⟧⟦TAG:0000:0003:4FBBF1FF⟧botola capovolta⟦TAG:0000:0003:FAFFE6FF⟧⟦END:0002:0001⟧.","⟦TAG:0002:0001:06CD⟧⟦TAG:0000:0003:FCEF30FF⟧Beyaz ışık huzmesinde⟦TAG:0000:0003:FAFFE6FF⟧⟦END:0002:0001⟧ dur ve
⟦TAG:0002:0001:06CD⟧⟦TAG:0000:0003:FF7417FF⟧zıpla⟦TAG:0000:0003:FAFFE6FF⟧⟦END:0002:0001⟧; ⟦TAG:0002:0001:06CD⟧⟦TAG:0000:0003:4FBBF1FF⟧ters geçide⟦TAG:0000:0003:FAFFE6FF⟧⟦END:0002:0001⟧ gir.",2,528,2,392,0.742,OK,OK,REVIEWED,Kontrol kodları kaynakla birebir korunarak elle yerelleştirildi.
617,G_Gim1_08_040,"See? Pretty easy once you
get the hang of it, isn't it?","Siehst du? Ist ziemlich einfach, wenn
man erst mal den Dreh raus hat.","¿Ves qué fácil?
¡Todo es ponerse!","Tu vois ? C'est plutôt facile, une fois
qu'on a compris comment faire.","Che te ne pare? È facile dopo aver
capito il meccanismo, vero?","Gördün mü? Elin alışınca
çok kolay, değil mi?",2,493,2,331,0.671,OK,OK,REVIEWED,Beş resmî dil karşılaştırılarak elle yerelleştirildi.
618,G_Gim1_08_050,"Use the ⟦TAG:0002:0001:06CD⟧⟦TAG:0000:0003:4FBBF1FF⟧inverted manhole⟦TAG:0000:0003:FAFFE6FF⟧⟦END:0002:0001⟧
to get up to the top.","Nutze den ⟦TAG:0002:0001:06CD⟧⟦TAG:0000:0003:4FBBF1FF⟧umgedrehten Einstieg⟦TAG:0000:0003:FAFFE6FF⟧⟦END:0002:0001⟧,
um ganz nach oben zu kommen.","Usa el ⟦TAG:0002:0001:06CD⟧⟦TAG:0000:0003:4FBBF1FF⟧Condublox invertido⟦TAG:0000:0003:FAFFE6FF⟧⟦END:0002:0001⟧
para subir hasta arriba.","Utilise la ⟦TAG:0002:0001:06CD⟧⟦TAG:0000:0003:4FBBF1FF⟧trappe à échelle⟦TAG:0000:0003:FAFFE6FF⟧⟦END:0002:0001⟧
pour arriver jusqu'en haut.","Usa la ⟦TAG:0002:0001:06CD⟧⟦TAG:0000:0003:4FBBF1FF⟧botola capovolta⟦TAG:0000:0003:FAFFE6FF⟧⟦END:0002:0001⟧ per
raggiungere la cima.","Tepeye çıkmak için
⟦TAG:0002:0001:06CD⟧⟦TAG:0000:0003:4FBBF1FF⟧ters geçidi⟦TAG:0000:0003:FAFFE6FF⟧⟦END:0002:0001⟧ kullan.",2,449,2,257,0.572,OK,OK,REVIEWED,Kontrol kodları kaynakla birebir korunarak elle yerelleştirildi.
619,Guide_Gim1_09,,,,,,,1,0,0,0,0.000,EMPTY,OK,EMPTY,
620,G_Gim1_09_000,"Now, this ⟦TAG:0002:0001:06CD⟧⟦TAG:0000:0003:4FBBF1FF⟧inverted manhole⟦TAG:0000:0003:FAFFE6FF⟧⟦END:0002:0001⟧ is
higher up than that last one...","Dieser ⟦TAG:0002:0001:06CD⟧⟦TAG:0000:0003:4FBBF1FF⟧umgedrehte Einstieg⟦TAG:0000:0003:FAFFE6FF⟧⟦END:0002:0001⟧ ist
weiter oben als der letzte...","Este ⟦TAG:0002:0001:06CD⟧⟦TAG:0000:0003:4FBBF1FF⟧Condublox invertido⟦TAG:0000:0003:FAFFE6FF⟧⟦END:0002:0001⟧ está más alto
que el anterior...","Ah, ce coup-ci, la ⟦TAG:0002:0001:06CD⟧⟦TAG:0000:0003:4FBBF1FF⟧trappe à échelle⟦TAG:0000:0003:FAFFE6FF⟧⟦END:0002:0001⟧ est
placée plus haut que la dernière fois...","Adesso la ⟦TAG:0002:0001:06CD⟧⟦TAG:0000:0003:4FBBF1FF⟧botola capovolta⟦TAG:0000:0003:FAFFE6FF⟧⟦END:0002:0001⟧ è un po'
più in alto rispetto a prima...","Şimdi, bu ⟦TAG:0002:0001:06CD⟧⟦TAG:0000:0003:4FBBF1FF⟧ters geçit⟦TAG:0000:0003:FAFFE6FF⟧⟦END:0002:0001⟧
öncekinden daha yüksekte...",2,525,2,387,0.737,OK,OK,REVIEWED,Kontrol kodları kaynakla birebir korunarak elle yerelleştirildi.
621,G_Gim1_09_001,"No need to worry, though!
Let me show you how it's done.","Das ist aber kein Grund zur Sorge!
Ich zeige dir, wie es funktioniert.","¡Pero no pasa nada!
Ahora te digo lo que tienes que hacer.","Mais ne t'inquiète pas !
Je vais t'expliquer comment faire.","Stai tranquillo, non c'è
nulla di cui preoccuparsi!","Ama telaş yok!
Nasıl yapıldığını göstereyim.",2,513,2,386,0.752,OK,OK,REVIEWED,Beş resmî dil karşılaştırılarak elle yerelleştirildi.
622,G_Gim1_09_002,"First, ⟦TAG:0002:0001:06CD⟧⟦TAG:0000:0003:FF7417FF⟧pull out⟦TAG:0000:0003:FAFFE6FF⟧⟦END:0002:0001⟧ the ⟦TAG:0002:0001:06CD⟧⟦TAG:0000:0003:4FBBF1FF⟧block⟦TAG:0000:0003:FAFFE6FF⟧⟦END:0002:0001⟧ with
the ⟦TAG:0002:0001:06CD⟧⟦TAG:0000:0003:4FBBF1FF⟧manhole⟦TAG:0000:0003:FAFFE6FF⟧⟦END:0002:0001⟧ symbols.","Und so geht's: ⟦TAG:0002:0001:06CD⟧⟦TAG:0000:0003:FF7417FF⟧Zieh⟦TAG:0000:0003:FAFFE6FF⟧⟦END:0002:0001⟧ erst den ⟦TAG:0002:0001:06CD⟧⟦TAG:0000:0003:4FBBF1FF⟧Block⟦TAG:0000:0003:FAFFE6FF⟧⟦END:0002:0001⟧ mit
der Markierung für den ⟦TAG:0002:0001:06CD⟧⟦TAG:0000:0003:4FBBF1FF⟧Einstieg⟦TAG:0000:0003:FAFFE6FF⟧⟦END:0002:0001⟧ ⟦TAG:0002:0001:06CD⟧⟦TAG:0000:0003:FF7417FF⟧raus⟦TAG:0000:0003:FAFFE6FF⟧⟦END:0002:0001⟧.","Verás, tienes que ⟦TAG:0002:0001:06CD⟧⟦TAG:0000:0003:FF7417FF⟧sacar⟦TAG:0000:0003:FAFFE6FF⟧⟦END:0002:0001⟧ el ⟦TAG:0002:0001:06CD⟧⟦TAG:0000:0003:4FBBF1FF⟧bloque⟦TAG:0000:0003:FAFFE6FF⟧⟦END:0002:0001⟧
que tiene el ⟦TAG:0002:0001:06CD⟧⟦TAG:0000:0003:4FBBF1FF⟧Condublox invertido⟦TAG:0000:0003:FAFFE6FF⟧⟦END:0002:0001⟧.","⟦TAG:0002:0001:06CD⟧⟦TAG:0000:0003:FF7417FF⟧Tire⟦TAG:0000:0003:FAFFE6FF⟧⟦END:0002:0001⟧ d'abord sur le ⟦TAG:0002:0001:06CD⟧⟦TAG:0000:0003:4FBBF1FF⟧bloc⟦TAG:0000:0003:FAFFE6FF⟧⟦END:0002:0001⟧ qui
porte des marques d'⟦TAG:0002:0001:06CD⟧⟦TAG:0000:0003:4FBBF1FF⟧échelles⟦TAG:0000:0003:FAFFE6FF⟧⟦END:0002:0001⟧.","Prima di tutto, ⟦TAG:0002:0001:06CD⟧⟦TAG:0000:0003:FF7417FF⟧tira⟦TAG:0000:0003:FAFFE6FF⟧⟦END:0002:0001⟧ il ⟦TAG:0002:0001:06CD⟧⟦TAG:0000:0003:4FBBF1FF⟧blocco⟦TAG:0000:0003:FAFFE6FF⟧⟦END:0002:0001⟧⟦TAG:0000:0003:4FBBF1FF⟧
⟦TAG:0000:0003:FAFFE6FF⟧con i simboli delle ⟦TAG:0002:0001:06CD⟧⟦TAG:0000:0003:4FBBF1FF⟧botole⟦TAG:0000:0003:FAFFE6FF⟧⟦END:0002:0001⟧.","Önce, ⟦TAG:0002:0001:06CD⟧⟦TAG:0000:0003:FF7417FF⟧çek⟦TAG:0000:0003:FAFFE6FF⟧⟦END:0002:0001⟧ şu ⟦TAG:0002:0001:06CD⟧⟦TAG:0000:0003:4FBBF1FF⟧bloğu⟦TAG:0000:0003:FAFFE6FF⟧⟦END:0002:0001⟧:
üzerinde ⟦TAG:0002:0001:06CD⟧⟦TAG:0000:0003:4FBBF1FF⟧geçit⟦TAG:0000:0003:FAFFE6FF⟧⟦END:0002:0001⟧ sembolleri olanı.",2,509,2,423,0.831,OK,OK,REVIEWED,Kontrol kodları kaynakla birebir korunarak elle yerelleştirildi.
623,G_Gim1_09_010,"⟦TAG:0002:0001:06CD⟧⟦TAG:0000:0003:FF7417FF⟧Pull out⟦TAG:0000:0003:FAFFE6FF⟧⟦END:0002:0001⟧ the ⟦TAG:0002:0001:06CD⟧⟦TAG:0000:0003:4FBBF1FF⟧block⟦TAG:0000:0003:FAFFE6FF⟧⟦END:0002:0001⟧ with
the ⟦TAG:0002:0001:06CD⟧⟦TAG:0000:0003:4FBBF1FF⟧manhole⟦TAG:0000:0003:FAFFE6FF⟧⟦END:0002:0001⟧ symbols.","⟦TAG:0002:0001:06CD⟧⟦TAG:0000:0003:FF7417FF⟧Zieh⟦TAG:0000:0003:FAFFE6FF⟧⟦END:0002:0001⟧ den ⟦TAG:0002:0001:06CD⟧⟦TAG:0000:0003:4FBBF1FF⟧Block⟦TAG:0000:0003:FAFFE6FF⟧⟦END:0002:0001⟧ mit der Markierung für
den ⟦TAG:0002:0001:06CD⟧⟦TAG:0000:0003:4FBBF1FF⟧Einstieg⟦TAG:0000:0003:FAFFE6FF⟧⟦END:0002:0001⟧ ⟦TAG:0002:0001:06CD⟧⟦TAG:0000:0003:FF7417FF⟧raus⟦TAG:0000:0003:FAFFE6FF⟧⟦END:0002:0001⟧.","⟦TAG:0002:0001:06CD⟧⟦TAG:0000:0003:FF7417FF⟧Saca⟦TAG:0000:0003:FAFFE6FF⟧⟦END:0002:0001⟧ el ⟦TAG:0002:0001:06CD⟧⟦TAG:0000:0003:4FBBF1FF⟧bloque⟦TAG:0000:0003:FAFFE6FF⟧⟦END:0002:0001⟧ que tiene
el ⟦TAG:0002:0001:06CD⟧⟦TAG:0000:0003:4FBBF1FF⟧Condublox invertido⟦TAG:0000:0003:FAFFE6FF⟧⟦END:0002:0001⟧.","⟦TAG:0002:0001:06CD⟧⟦TAG:0000:0003:FF7417FF⟧Tire⟦TAG:0000:0003:FAFFE6FF⟧⟦END:0002:0001⟧ donc sur le ⟦TAG:0002:0001:06CD⟧⟦TAG:0000:0003:4FBBF1FF⟧bloc⟦TAG:0000:0003:FAFFE6FF⟧⟦END:0002:0001⟧ qui porte
des marques d'⟦TAG:0002:0001:06CD⟧⟦TAG:0000:0003:4FBBF1FF⟧échelles⟦TAG:0000:0003:FAFFE6FF⟧⟦END:0002:0001⟧.","⟦TAG:0002:0001:06CD⟧⟦TAG:0000:0003:FF7417FF⟧Tira⟦TAG:0000:0003:FAFFE6FF⟧⟦END:0002:0001⟧ il ⟦TAG:0002:0001:06CD⟧⟦TAG:0000:0003:4FBBF1FF⟧blocco⟦TAG:0000:0003:FAFFE6FF⟧⟦END:0002:0001⟧ con i simboli
delle ⟦TAG:0002:0001:06CD⟧⟦TAG:0000:0003:4FBBF1FF⟧botole⟦TAG:0000:0003:FAFFE6FF⟧⟦END:0002:0001⟧.","⟦TAG:0002:0001:06CD⟧⟦TAG:0000:0003:FF7417FF⟧Çek⟦TAG:0000:0003:FAFFE6FF⟧⟦END:0002:0001⟧ şu ⟦TAG:0002:0001:06CD⟧⟦TAG:0000:0003:4FBBF1FF⟧bloğu⟦TAG:0000:0003:FAFFE6FF⟧⟦END:0002:0001⟧:
üzerinde ⟦TAG:0002:0001:06CD⟧⟦TAG:0000:0003:4FBBF1FF⟧geçit⟦TAG:0000:0003:FAFFE6FF⟧⟦END:0002:0001⟧ sembolleri olanı.",2,515,2,423,0.821,OK,OK,REVIEWED,Kontrol kodları kaynakla birebir korunarak elle yerelleştirildi.
624,G_Gim1_09_020,"Now, I know it looks high,",Ich weiß... Das sieht ziemlich hoch aus.,"Sí, ya sé que está muy alto,","Effectivement, elle donne l'impression
d'être placée très en hauteur.","Lo so, a prima vista sembra
impossibile da raggiungere,","Yüksek göründüğünü biliyorum,",2,515,1,420,0.816,OK,OK,REVIEWED,Beş resmî dil karşılaştırılarak elle yerelleştirildi.
625,G_Gim1_09_021,"but if you put your mind to it,","Aber wenn du dir wirklich Mühe gibst,
kannst du hoch genug ⟦TAG:0002:0001:06CD⟧⟦TAG:0000:0003:FF7417FF⟧springen⟦TAG:0000:0003:FAFFE6FF⟧⟦END:0002:0001⟧,","pero si te lo propones,","Mais tu es un gaillard plein d'énergie,",ma se ce la metti tutta,"ama biraz gayret edersen,",2,510,1,357,0.700,OK,OK,REVIEWED,Beş resmî dil karşılaştırılarak elle yerelleştirildi.
626,G_Gim1_09_022,"you should be able to ⟦TAG:0002:0001:06CD⟧⟦TAG:0000:0003:FF7417FF⟧jump⟦TAG:0000:0003:FAFFE6FF⟧⟦END:0002:0001⟧ high
enough to enter that ⟦TAG:0002:0001:06CD⟧⟦TAG:0000:0003:4FBBF1FF⟧inverted manhole⟦TAG:0000:0003:FAFFE6FF⟧⟦END:0002:0001⟧.","um den ⟦TAG:0002:0001:06CD⟧⟦TAG:0000:0003:4FBBF1FF⟧umgedrehten Einstieg⟦TAG:0000:0003:FAFFE6FF⟧⟦END:0002:0001⟧
zu erreichen.","podrás ⟦TAG:0002:0001:06CD⟧⟦TAG:0000:0003:FF7417FF⟧saltar⟦TAG:0000:0003:FAFFE6FF⟧⟦END:0002:0001⟧ lo suficiente como para
acceder al ⟦TAG:0002:0001:06CD⟧⟦TAG:0000:0003:4FBBF1FF⟧Condublox invertido⟦TAG:0000:0003:FAFFE6FF⟧⟦END:0002:0001⟧.","tu devrais pouvoir ⟦TAG:0002:0001:06CD⟧⟦TAG:0000:0003:FF7417FF⟧sauter⟦TAG:0000:0003:FAFFE6FF⟧⟦END:0002:0001⟧ assez haut
pour entrer dans la ⟦TAG:0002:0001:06CD⟧⟦TAG:0000:0003:4FBBF1FF⟧trappe à échelle⟦TAG:0000:0003:FAFFE6FF⟧⟦END:0002:0001⟧.","dovresti riuscire a ⟦TAG:0002:0001:06CD⟧⟦TAG:0000:0003:FF7417FF⟧saltare⟦TAG:0000:0003:FAFFE6FF⟧⟦END:0002:0001⟧ abbastanza in
alto da entrare nella ⟦TAG:0002:0001:06CD⟧⟦TAG:0000:0003:4FBBF1FF⟧botola capovolta⟦TAG:0000:0003:FAFFE6FF⟧⟦END:0002:0001⟧!","Yeterince yükseğe ⟦TAG:0002:0001:06CD⟧⟦TAG:0000:0003:FF7417FF⟧zıplarsan⟦TAG:0000:0003:FAFFE6FF⟧⟦END:0002:0001⟧
o ⟦TAG:0002:0001:06CD⟧⟦TAG:0000:0003:4FBBF1FF⟧ters geçide⟦TAG:0000:0003:FAFFE6FF⟧⟦END:0002:0001⟧ girebilirsin.",2,553,2,383,0.693,OK,OK,REVIEWED,Vurgu semantiği ve sığma için kontrol kodları korunarak elle revize edildi.
627,G_Gim1_09_030,"Don't be afraid, now.
⟦TAG:0002:0001:06CD⟧⟦TAG:0000:0003:FF7417FF⟧Jump⟦TAG:0000:0003:FAFFE6FF⟧⟦END:0002:0001⟧ into that ⟦TAG:0002:0001:06CD⟧⟦TAG:0000:0003:4FBBF1FF⟧inverted manhole⟦TAG:0000:0003:FAFFE6FF⟧⟦END:0002:0001⟧!","Nur keine Angst!
⟦TAG:0002:0001:06CD⟧⟦TAG:0000:0003:FF7417FF⟧Spring⟦TAG:0000:0003:FAFFE6FF⟧⟦END:0002:0001⟧ in den ⟦TAG:0002:0001:06CD⟧⟦TAG:0000:0003:4FBBF1FF⟧umgedrehten Einstieg⟦TAG:0000:0003:FAFFE6FF⟧⟦END:0002:0001⟧!","No tengas miedo, hijo.
¡⟦TAG:0002:0001:06CD⟧⟦TAG:0000:0003:FF7417FF⟧Salta⟦TAG:0000:0003:FAFFE6FF⟧⟦END:0002:0001⟧ debajo del ⟦TAG:0002:0001:06CD⟧⟦TAG:0000:0003:4FBBF1FF⟧Condublox invertido⟦TAG:0000:0003:FAFFE6FF⟧⟦END:0002:0001⟧!","Hé, il n'y a pas de quoi avoir peur !
⟦TAG:0002:0001:06CD⟧⟦TAG:0000:0003:FF7417FF⟧Saute⟦TAG:0000:0003:FAFFE6FF⟧⟦END:0002:0001⟧ jusqu'à cette ⟦TAG:0002:0001:06CD⟧⟦TAG:0000:0003:4FBBF1FF⟧trappe à échelle⟦TAG:0000:0003:FAFFE6FF⟧⟦END:0002:0001⟧ !","Non aver paura! Fidati della tua abilità
e ⟦TAG:0002:0001:06CD⟧⟦TAG:0000:0003:FF7417FF⟧salta⟦TAG:0000:0003:FAFFE6FF⟧⟦END:0002:0001⟧ dentro la ⟦TAG:0002:0001:06CD⟧⟦TAG:0000:0003:4FBBF1FF⟧botola capovolta⟦TAG:0000:0003:FAFFE6FF⟧⟦END:0002:0001⟧!","Korkma evlat.
⟦TAG:0002:0001:06CD⟧⟦TAG:0000:0003:FF7417FF⟧Zıpla⟦TAG:0000:0003:FAFFE6FF⟧⟦END:0002:0001⟧; o ⟦TAG:0002:0001:06CD⟧⟦TAG:0000:0003:4FBBF1FF⟧ters geçide⟦TAG:0000:0003:FAFFE6FF⟧⟦END:0002:0001⟧ gir!",2,542,2,314,0.579,OK,OK,REVIEWED,Kontrol kodları kaynakla birebir korunarak elle yerelleştirildi.
628,G_Gim1_09_040,"Oho! You've really got the hang
of ⟦TAG:0002:0001:06CD⟧⟦TAG:0000:0003:4FBBF1FF⟧inverted manholes⟦TAG:0000:0003:FAFFE6FF⟧⟦END:0002:0001⟧, haven't you?","Oho! Du hast den Dreh mit den ⟦TAG:0002:0001:06CD⟧⟦TAG:0000:0003:4FBBF1FF⟧umge-⟦TAG:0000:0003:FAFFE6FF⟧⟦END:0002:0001⟧
⟦TAG:0002:0001:06CD⟧⟦TAG:0000:0003:4FBBF1FF⟧drehten Einstiegen⟦TAG:0000:0003:FAFFE6FF⟧⟦END:0002:0001⟧ wirklich raus, was?","¡Vaya! ¡Se te dan de maravilla
los ⟦TAG:0002:0001:06CD⟧⟦TAG:0000:0003:4FBBF1FF⟧Condublox invertidos⟦TAG:0000:0003:FAFFE6FF⟧⟦END:0002:0001⟧!","Ah, ah ! Je crois que tu as bien compris
le truc des ⟦TAG:0002:0001:06CD⟧⟦TAG:0000:0003:4FBBF1FF⟧trappes à échelle⟦TAG:0000:0003:FAFFE6FF⟧⟦END:0002:0001⟧, hein ?","Bravo! Adesso la ⟦TAG:0002:0001:06CD⟧⟦TAG:0000:0003:4FBBF1FF⟧botola capovolta⟦TAG:0000:0003:FAFFE6FF⟧⟦END:0002:0001⟧
non ha più segreti per te!","Oo! ⟦TAG:0002:0001:06CD⟧⟦TAG:0000:0003:4FBBF1FF⟧ters geçitlere⟦TAG:0000:0003:FAFFE6FF⟧⟦END:0002:0001⟧
gerçekten alıştın, değil mi?",2,521,2,366,0.702,OK,OK,REVIEWED,Kontrol kodları kaynakla birebir korunarak elle yerelleştirildi.
629,G_Gim1_09_050,"Now, be sure you make full
use of what you've learned!","Setz das Gelernte nun
so gut wie möglich ein!","¡No dejes de poner en práctica
todo lo que has aprendido!","À toi maintenant d'appliquer à bon
escient tout ce que tu as appris !","Mi raccomando, fai buon uso
di tutto ciò che hai imparato!","Şimdi öğrendiklerini
iyice kullanmayı unutma!",2,478,2,341,0.713,OK,OK,REVIEWED,Beş resmî dil karşılaştırılarak elle yerelleştirildi.
630,Guide_Gim1_11,,,,,,,1,0,0,0,0.000,EMPTY,OK,EMPTY,
631,G_Gim1_11_000,"Ah, now these ⟦TAG:0002:0001:06CD⟧⟦TAG:0000:0003:4FBBF1FF⟧manholes⟦TAG:0000:0003:FAFFE6FF⟧⟦END:0002:0001⟧ are really fun.
See? There are two different colours!","⟦TAG:0002:0001:06CD⟧⟦TAG:0000:0003:4FBBF1FF⟧Umgedrehte Einstiege⟦TAG:0000:0003:FAFFE6FF⟧⟦END:0002:0001⟧ sind toll. Siehst
du die andersfarbigen Markierungen?","Verás qué molones estos ⟦TAG:0002:0001:06CD⟧⟦TAG:0000:0003:4FBBF1FF⟧Condublox⟦TAG:0000:0003:FAFFE6FF⟧⟦END:0002:0001⟧.
¿Ves? ¡Son de dos colores diferentes!","Ces ⟦TAG:0002:0001:06CD⟧⟦TAG:0000:0003:4FBBF1FF⟧puits à échelle⟦TAG:0000:0003:FAFFE6FF⟧⟦END:0002:0001⟧ sont intéressants.
Tu as vu : il y en a de deux couleurs !","Ora sì che ci divertiamo! Hai notato che
le ⟦TAG:0002:0001:06CD⟧⟦TAG:0000:0003:4FBBF1FF⟧botole⟦TAG:0000:0003:FAFFE6FF⟧⟦END:0002:0001⟧ sono di due colori diversi?","Ah, bu ⟦TAG:0002:0001:06CD⟧⟦TAG:0000:0003:4FBBF1FF⟧geçitler⟦TAG:0000:0003:FAFFE6FF⟧⟦END:0002:0001⟧ gerçekten eğlenceli.
Bak! İki ayrı renk var!",2,542,2,482,0.889,OK,OK,REVIEWED,Kontrol kodları kaynakla birebir korunarak elle yerelleştirildi.
632,G_Gim1_11_001,"Each ⟦TAG:0002:0001:06CD⟧⟦TAG:0000:0003:4FBBF1FF⟧manhole⟦TAG:0000:0003:FAFFE6FF⟧⟦END:0002:0001⟧ is connected to the
one that shares the same ⟦TAG:0002:0001:06CD⟧⟦TAG:0000:0003:FCEF30FF⟧colour⟦TAG:0000:0003:FAFFE6FF⟧⟦END:0002:0001⟧.","Jeder ⟦TAG:0002:0001:06CD⟧⟦TAG:0000:0003:4FBBF1FF⟧Einstieg⟦TAG:0000:0003:FAFFE6FF⟧⟦END:0002:0001⟧ ist mit dem verbunden,
der dieselbe ⟦TAG:0002:0001:06CD⟧⟦TAG:0000:0003:FCEF30FF⟧Farbe⟦TAG:0000:0003:FAFFE6FF⟧⟦END:0002:0001⟧ hat wie er.","Cada ⟦TAG:0002:0001:06CD⟧⟦TAG:0000:0003:4FBBF1FF⟧Condublox⟦TAG:0000:0003:FAFFE6FF⟧⟦END:0002:0001⟧ comunica
con otro ⟦TAG:0002:0001:06CD⟧⟦TAG:0000:0003:FCEF30FF⟧de su mismo color⟦TAG:0000:0003:FAFFE6FF⟧⟦END:0002:0001⟧.","Chaque ⟦TAG:0002:0001:06CD⟧⟦TAG:0000:0003:4FBBF1FF⟧puits à échelle⟦TAG:0000:0003:FAFFE6FF⟧⟦END:0002:0001⟧ est relié
au second de la ⟦TAG:0002:0001:06CD⟧⟦TAG:0000:0003:FCEF30FF⟧même couleur⟦TAG:0000:0003:FAFFE6FF⟧⟦END:0002:0001⟧.","Ogni ⟦TAG:0002:0001:06CD⟧⟦TAG:0000:0003:4FBBF1FF⟧botola⟦TAG:0000:0003:FAFFE6FF⟧⟦END:0002:0001⟧ è collegata a un'altra
dello ⟦TAG:0002:0001:06CD⟧⟦TAG:0000:0003:FCEF30FF⟧stesso colore⟦TAG:0000:0003:FAFFE6FF⟧⟦END:0002:0001⟧.","Her ⟦TAG:0002:0001:06CD⟧⟦TAG:0000:0003:4FBBF1FF⟧geçit⟦TAG:0000:0003:FAFFE6FF⟧⟦END:0002:0001⟧ aynı ⟦TAG:0002:0001:06CD⟧⟦TAG:0000:0003:FCEF30FF⟧renkteki⟦TAG:0000:0003:FAFFE6FF⟧⟦END:0002:0001⟧
diğer geçide bağlıdır.",2,506,2,319,0.630,OK,OK,REVIEWED,Kontrol kodları kaynakla birebir korunarak elle yerelleştirildi.
633,G_Gim1_11_002,"Start ⟦TAG:0002:0001:06CD⟧⟦TAG:0000:0003:FF7417FF⟧pulling out⟦TAG:0000:0003:FAFFE6FF⟧⟦END:0002:0001⟧ those ⟦TAG:0002:0001:06CD⟧⟦TAG:0000:0003:4FBBF1FF⟧blocks⟦TAG:0000:0003:FAFFE6FF⟧⟦END:0002:0001⟧, and see
if you can use that to your advantage!","⟦TAG:0002:0001:06CD⟧⟦TAG:0000:0003:FF7417FF⟧Zieh⟦TAG:0000:0003:FAFFE6FF⟧⟦END:0002:0001⟧ diese ⟦TAG:0002:0001:06CD⟧⟦TAG:0000:0003:4FBBF1FF⟧Blöcke⟦TAG:0000:0003:FAFFE6FF⟧⟦END:0002:0001⟧ ⟦TAG:0002:0001:06CD⟧⟦TAG:0000:0003:FF7417FF⟧raus⟦TAG:0000:0003:FAFFE6FF⟧⟦END:0002:0001⟧ und versuche
das zu deinem Vorteil zu nutzen!","Ve ⟦TAG:0002:0001:06CD⟧⟦TAG:0000:0003:FF7417FF⟧sacando⟦TAG:0000:0003:FAFFE6FF⟧⟦END:0002:0001⟧ los ⟦TAG:0002:0001:06CD⟧⟦TAG:0000:0003:4FBBF1FF⟧bloques⟦TAG:0000:0003:FAFFE6FF⟧⟦END:0002:0001⟧...
¡verás lo prácticos que son!","Commence par ⟦TAG:0002:0001:06CD⟧⟦TAG:0000:0003:FF7417FF⟧tirer⟦TAG:0000:0003:FAFFE6FF⟧⟦END:0002:0001⟧ sur ces ⟦TAG:0002:0001:06CD⟧⟦TAG:0000:0003:4FBBF1FF⟧blocs⟦TAG:0000:0003:FAFFE6FF⟧⟦END:0002:0001⟧, pour
voir comment ils pourraient t'être utiles.","Inizia a ⟦TAG:0002:0001:06CD⟧⟦TAG:0000:0003:FF7417FF⟧tirare⟦TAG:0000:0003:FAFFE6FF⟧⟦END:0002:0001⟧ quei ⟦TAG:0002:0001:06CD⟧⟦TAG:0000:0003:4FBBF1FF⟧blocchi⟦TAG:0000:0003:FAFFE6FF⟧⟦END:0002:0001⟧ per vedere
come sfruttare al meglio la situazione.","Hemen ⟦TAG:0002:0001:06CD⟧⟦TAG:0000:0003:FF7417FF⟧çek⟦TAG:0000:0003:FAFFE6FF⟧⟦END:0002:0001⟧
şu ⟦TAG:0002:0001:06CD⟧⟦TAG:0000:0003:4FBBF1FF⟧blokları⟦TAG:0000:0003:FAFFE6FF⟧⟦END:0002:0001⟧; işine nasıl yaradığını gör!",2,548,2,505,0.922,OK,OK,REVIEWED,Son piksel genişliği turunda elle kısaltıldı.
634,G_Gim1_11_010,Use those ⟦TAG:0002:0001:06CD⟧⟦TAG:0000:0003:4FBBF1FF⟧manholes⟦TAG:0000:0003:FAFFE6FF⟧⟦END:0002:0001⟧ to reach the top!,"Nutz die ⟦TAG:0002:0001:06CD⟧⟦TAG:0000:0003:4FBBF1FF⟧Einstiege⟦TAG:0000:0003:FAFFE6FF⟧⟦END:0002:0001⟧, um bis ganz
nach oben zu kommen!",Usa los ⟦TAG:0002:0001:06CD⟧⟦TAG:0000:0003:4FBBF1FF⟧Condublox⟦TAG:0000:0003:FAFFE6FF⟧⟦END:0002:0001⟧ para llegar arriba.,"Utilise ces ⟦TAG:0002:0001:06CD⟧⟦TAG:0000:0003:4FBBF1FF⟧puits à échelle⟦TAG:0000:0003:FAFFE6FF⟧⟦END:0002:0001⟧
pour arriver jusqu'en haut !","Usa quelle ⟦TAG:0002:0001:06CD⟧⟦TAG:0000:0003:4FBBF1FF⟧botole⟦TAG:0000:0003:FAFFE6FF⟧⟦END:0002:0001⟧ per
raggiungere la cima!","Şu ⟦TAG:0002:0001:06CD⟧⟦TAG:0000:0003:4FBBF1FF⟧geçitlerle⟦TAG:0000:0003:FAFFE6FF⟧⟦END:0002:0001⟧
tepeye ulaş!",2,501,2,170,0.339,OK,OK,REVIEWED,Vurgu semantiği ve sığma için kontrol kodları korunarak elle revize edildi.
635,G_Gim1_11_020,"You got it! Pretty easy, eh? And that's
the last thing I needed to teach you!","Gut gemacht! Kinderleicht, oder? Jetzt
muss ich dir nichts mehr erklären!","¡Muy bien! Fácil, ¿eh? ¡Pues ya
no me queda más que enseñarte!","Tu as compris ! Oh, ce n'était pas très
dur, hein ? Et c'était la dernière leçon !","Ce l'hai fatta! Semplice, no? Direi che
ormai non ho più nulla da insegnarti!","İşte bu! Kolaymış, değil mi?
Öğreteceklerimin de sonuna geldik!",2,530,2,482,0.909,OK,OK,REVIEWED,Beş resmî dil karşılaştırılarak elle yerelleştirildi.
636,G_Gim1_11_021,"Now, you're all set and on your way
to becoming a real Pullblox master!","Du bist bestens gerüstet, um ein wahrer
Pullbloxmeister werden zu können!","¡Hala, ya sabes todo lo necesario para
convertirte en un experto en Pullblox!","À présent, te voilà paré pour devenir un
véritable maître dans l'art des Pullblox !","I Pullblox non hanno più segreti per te!
Anche tu diventerai un vero maestro!","Artık hazırsın; gerçek bir Pullblox
ustası olma yolundasın!",2,549,2,462,0.842,OK,OK,REVIEWED,Beş resmî dil karşılaştırılarak elle yerelleştirildi.
637,G_Gim1_11_030,"Understanding multicoloured ⟦TAG:0002:0001:06CD⟧⟦TAG:0000:0003:4FBBF1FF⟧manholes⟦TAG:0000:0003:FAFFE6FF⟧⟦END:0002:0001⟧
is important if you want to succeed.","Um erfolgreich zu sein, musst du über
mehrfarbige ⟦TAG:0002:0001:06CD⟧⟦TAG:0000:0003:4FBBF1FF⟧Einstiege⟦TAG:0000:0003:FAFFE6FF⟧⟦END:0002:0001⟧ Bescheid wissen.","Es fundamental entender bien
cómo van los ⟦TAG:0002:0001:06CD⟧⟦TAG:0000:0003:4FBBF1FF⟧Condublox⟦TAG:0000:0003:FAFFE6FF⟧⟦END:0002:0001⟧ de colores.","Maîtriser l'usage des ⟦TAG:0002:0001:06CD⟧⟦TAG:0000:0003:4FBBF1FF⟧puits à échelle⟦TAG:0000:0003:FAFFE6FF⟧⟦END:0002:0001⟧ de
plusieurs couleurs est la clé du succès.","Comprendere il funzionamento delle
⟦TAG:0002:0001:06CD⟧⟦TAG:0000:0003:4FBBF1FF⟧botole⟦TAG:0000:0003:FAFFE6FF⟧⟦END:0002:0001⟧ multicolore è fondamentale!","Başarmak istiyorsan farklı renkli
⟦TAG:0002:0001:06CD⟧⟦TAG:0000:0003:4FBBF1FF⟧geçitleri⟦TAG:0000:0003:FAFFE6FF⟧⟦END:0002:0001⟧ anlamak çok önemlidir.",2,528,2,450,0.852,OK,OK,REVIEWED,Kontrol kodları kaynakla birebir korunarak elle yerelleştirildi.
638,Guide_Fak1_00,,,,,,,1,0,0,0,0.000,EMPTY,OK,EMPTY,
639,G_Fak1_00_000,Mallo! Long time no see!,Mallo! Lange nicht gesehen!,¡Millo! ¡Cuánto tiempo!,"Ah, Millo ! Tout va bien, mon garçon ?",Mallo! È da un po' che non ci vediamo!,Mallo! Görüşmeyeli uzun zaman oldu!,1,513,1,502,0.979,OK,OK,REVIEWED,Beş resmî dil karşılaştırılarak elle yerelleştirildi.
640,G_Fak1_00_001,"Now, I made this Pullblox in my youth,
when I was just a novice builder...","Dieses Pullblox habe ich als junger
Pullbloxbauer entworfen.","Hice este Pullblox cuando era joven.
Aún no tenía mucha experiencia...","Tu sais, ce Pullblox-ci est une création
de jeunesse, quand j'étais novice...","Questo è un Pullblox che ho creato in
gioventù, quando ero ancora inesperto.","Bu Pullblox’u gençliğimde, daha çaylak
bir yapımcıyken hazırlamıştım...",2,533,2,525,0.985,OK,OK,REVIEWED,Beş resmî dil karşılaştırılarak elle yerelleştirildi.
641,G_Fak1_00_002,"I was still learning, so it's got some
unnecessary gadgets built into it.","Ich war noch unerfahren. Deshalb gibt
es ein paar unnötige Vorrichtungen.","... en esto de los Pullblox, así que
le añadí inventos innecesarios.","Comme je manquais d'expérience, tu
vas y trouver des mécanismes inutiles.","Infatti contiene alcuni congegni
completamente inutili...","Daha öğreniyordum; bu yüzden içinde
gereksiz birkaç düzenek de var.",2,516,2,508,0.984,OK,OK,REVIEWED,Beş resmî dil karşılaştırılarak elle yerelleştirildi.
642,G_Fak1_00_003,"Remember that, OK? You don't
always need to use EVERYTHING. ","Denk bitte daran, in Ordnung? Du
musst nicht immer ALLES nutzen.","Tenlo en cuenta, ¿eh? ¡A veces
no hay que usar todas las cosas!","Alors, fais attention et souviens-toi qu'il
n'est pas nécessaire de TOUT utiliser !","Fai attenzione, ok? Ricordati che non
è sempre necessario utilizzare tutto!","Bunu unutma, tamam mı? Her zaman
HER ŞEYİ kullanmak zorunda değilsin.",2,550,2,514,0.935,OK,OK,REVIEWED,Beş resmî dil karşılaştırılarak elle yerelleştirildi.
643,G_Fak1_00_004,"A few other Pullblox out here are tricky
like that, too, but don't worry...","Einige weitere Pullblox sind auch so
knackig, aber sei ganz unbesorgt!","Hay otros Pullblox igual de difíciles,
pero tú no te preocupes.","Il y a d'autres Pullblox un peu tordus
comme ça, ici, mais ne t'inquiète pas...","Ci sono altri Pullblox un po' complicati
come questo, ma non preoccuparti...","Buradaki birkaç Pullblox da böyle
zorludur; ama merak etme...",2,541,2,457,0.845,OK,OK,REVIEWED,Beş resmî dil karşılaştırılarak elle yerelleştirildi.
644,G_Fak1_00_005,"I'll watch over you, and a ⟦TAG:0002:0001:06CD⟧⟦TAG:0000:0003:4FBBF1FF⟧reset switch⟦TAG:0000:0003:FAFFE6FF⟧⟦END:0002:0001⟧
will always be there too! Good luck!","Ich passe auf dich auf. Es gibt ja auch
noch den ⟦TAG:0002:0001:06CD⟧⟦TAG:0000:0003:4FBBF1FF⟧Rücksetzschalter⟦TAG:0000:0003:FAFFE6FF⟧⟦END:0002:0001⟧! Viel Glück!","Yo estaré pendiente, además tienes
el ⟦TAG:0002:0001:06CD⟧⟦TAG:0000:0003:4FBBF1FF⟧Cuadrablox⟦TAG:0000:0003:FAFFE6FF⟧⟦END:0002:0001⟧. ¡Buena suerte, hijo!","Je veillerai sur toi, et le ⟦TAG:0002:0001:06CD⟧⟦TAG:0000:0003:4FBBF1FF⟧réinitialisateur⟦TAG:0000:0003:FAFFE6FF⟧⟦END:0002:0001⟧
est là, à ta disposition. Bonne chance !","Veglierò io su di te e poi c'è sempre
l'⟦TAG:0002:0001:06CD⟧⟦TAG:0000:0003:4FBBF1FF⟧interruttore reset⟦TAG:0000:0003:FAFFE6FF⟧⟦END:0002:0001⟧, no? Buona fortuna!","Ben seni kollarım.
⟦TAG:0002:0001:06CD⟧⟦TAG:0000:0003:4FBBF1FF⟧sıfırlama düğmesi⟦TAG:0000:0003:FAFFE6FF⟧⟦END:0002:0001⟧ de var. Bol şans!",2,538,2,464,0.862,OK,OK,REVIEWED,Son piksel genişliği turunda elle kısaltıldı.
645,G_Fak1_00_010,"Uh-oh! You got tricked!
You don't need to use THAT one.","Oh oh! Du wurdest ausgetrickst!
DIESEN Schalter brauchst du nicht.","¡Oh, oh! ¡Te has liado!
¡¡Ese pulsador no!!","Oh, oh ! Tu t'es fait piéger ! Il ne
fallait PAS activer ce mécanisme-là...","Oh oh oh! Ci sei cascato! Quello
era un congegno che non ti serviva...","Eyvah! Tuzağa düştün!
ONU kullanmana gerek yok.",2,512,2,379,0.740,OK,OK,REVIEWED,Beş resmî dil karşılaştırılarak elle yerelleştirildi.
646,G_Fak1_00_020,"Good work, lad!
That's the one you want!","Gute Arbeit, Kleiner!
Das ist der richtige Schalter!","¡Ese sí, hijo!
¡Ese es el pulsador que necesitas!","Bien joué, petit ! C'était le
bon mécanisme à activer !","Molto bene, figliolo! Quello
era proprio il congegno giusto!","Aferin evlat!
İşte kullanman gereken o!",2,447,2,349,0.781,OK,OK,REVIEWED,Beş resmî dil karşılaştırılarak elle yerelleştirildi.
647,G_Fak1_00_030,"If you make a wrong move,
just use the ⟦TAG:0002:0001:06CD⟧⟦TAG:0000:0003:4FBBF1FF⟧reset switch⟦TAG:0000:0003:FAFFE6FF⟧⟦END:0002:0001⟧.","Betätige den ⟦TAG:0002:0001:06CD⟧⟦TAG:0000:0003:4FBBF1FF⟧Rücksetzschalter⟦TAG:0000:0003:FAFFE6FF⟧⟦END:0002:0001⟧, wenn
du einen falschen Zug gemacht hast.","Si te equivocas al mover algo,
usa el ⟦TAG:0002:0001:06CD⟧⟦TAG:0000:0003:4FBBF1FF⟧Cuadrablox⟦TAG:0000:0003:FAFFE6FF⟧⟦END:0002:0001⟧.","Si tu as fait une fausse manœuvre,
utilise donc le ⟦TAG:0002:0001:06CD⟧⟦TAG:0000:0003:4FBBF1FF⟧réinitialisateur⟦TAG:0000:0003:FAFFE6FF⟧⟦END:0002:0001⟧.","Se commetti un errore,
usa l'⟦TAG:0002:0001:06CD⟧⟦TAG:0000:0003:4FBBF1FF⟧interruttore reset⟦TAG:0000:0003:FAFFE6FF⟧⟦END:0002:0001⟧.","Yanlış bir hamle yaparsan,
⟦TAG:0002:0001:06CD⟧⟦TAG:0000:0003:4FBBF1FF⟧sıfırlama düğmesini⟦TAG:0000:0003:FAFFE6FF⟧⟦END:0002:0001⟧ kullan yeter.",2,501,2,445,0.888,OK,OK,REVIEWED,Kontrol kodları kaynakla birebir korunarak elle yerelleştirildi.
648,Guide_Fak1_01,,,,,,,1,0,0,0,0.000,EMPTY,OK,EMPTY,
649,G_Fak1_01_000,"Be careful not to get tricked
by unnecessary gadgets...","Lass dich von überflüssigen
Vorrichtungen nicht verwirren!","Algunos de mis inventos solo servirán
para despistarte, ¡no dejes que te líen!","Fais bien attention à ne pas te laisser
piéger par des mécanismes inutiles...","Fai attenzione a non lasciarti trarre
in inganno da congegni inutili...","Gereksiz düzeneklerin
seni kandırmasına dikkat et...",2,525,2,406,0.773,OK,OK,REVIEWED,Beş resmî dil karşılaştırılarak elle yerelleştirildi.
650,Guide_Edit_00,,,,,,,1,0,0,0,0.000,EMPTY,OK,EMPTY,
651,G_Edit_00_000,This is ⟦TAG:0002:0001:06CD⟧⟦TAG:0000:0003:FF971EFF⟧Pullblox Studio⟦TAG:0000:0003:FAFFE6FF⟧⟦END:0002:0001⟧.,Das ist das ⟦TAG:0002:0001:06CD⟧⟦TAG:0000:0003:FF971EFF⟧Pullbloxstudio⟦TAG:0000:0003:FAFFE6FF⟧⟦END:0002:0001⟧.,Este es el ⟦TAG:0002:0001:06CD⟧⟦TAG:0000:0003:FF971EFF⟧estudio de los Pullblox⟦TAG:0000:0003:FAFFE6FF⟧⟦END:0002:0001⟧.,Voici l'⟦TAG:0002:0001:06CD⟧⟦TAG:0000:0003:FF971EFF⟧Atelier Pullblox⟦TAG:0000:0003:FAFFE6FF⟧⟦END:0002:0001⟧.,Questo è lo ⟦TAG:0002:0001:06CD⟧⟦TAG:0000:0003:FF971EFF⟧studio dei Pullblox⟦TAG:0000:0003:FAFFE6FF⟧⟦END:0002:0001⟧.,Burası ⟦TAG:0002:0001:06CD⟧⟦TAG:0000:0003:FF971EFF⟧Pullblox Studio⟦TAG:0000:0003:FAFFE6FF⟧⟦END:0002:0001⟧.,1,440,1,303,0.689,OK,OK,REVIEWED,Kontrol kodları kaynakla birebir korunarak elle yerelleştirildi.
652,G_Edit_00_001,"You can create your own
original Pullblox here!","Hier kannst du deine eigenen
originellen Pullblox erstellen!","¡Aquí puedes crear
tus propios Pullblox!","Vous pouvez y créer vos
propres Pullblox originaux !","Qui potrai creare i tuoi
Pullblox originali!","Burada kendi özgün
Pullblox’larını yapabilirsin!",2,401,2,372,0.928,OK,OK,REVIEWED,Beş resmî dil karşılaştırılarak elle yerelleştirildi.
653,G_Edit_00_010,Use the tools you see here,"Verwende die Werkzeuge, die
du hier siehst,",Usa las herramientas de aquí...,Utilisez les différents outils disponibles,Utilizza i vari attrezzi disponibili,Burada gördüğün araçları kullanarak,2,529,1,511,0.966,OK,OK,REVIEWED,Beş resmî dil karşılaştırılarak elle yerelleştirildi.
654,G_Edit_00_011,to place ⟦TAG:0002:0001:06CD⟧⟦TAG:0000:0003:4FBBF1FF⟧blocks⟦TAG:0000:0003:FAFFE6FF⟧⟦END:0002:0001⟧ and gadgets.,"um ⟦TAG:0002:0001:06CD⟧⟦TAG:0000:0003:4FBBF1FF⟧Blöcke⟦TAG:0000:0003:FAFFE6FF⟧⟦END:0002:0001⟧ und Vorrichtungen
zu platzieren.",para poner ⟦TAG:0002:0001:06CD⟧⟦TAG:0000:0003:4FBBF1FF⟧bloques⟦TAG:0000:0003:FAFFE6FF⟧⟦END:0002:0001⟧ e inventos aquí.,"pour placer sur la grille des
⟦TAG:0002:0001:06CD⟧⟦TAG:0000:0003:4FBBF1FF⟧blocs⟦TAG:0000:0003:FAFFE6FF⟧⟦END:0002:0001⟧ et des mécanismes.","per sistemare i ⟦TAG:0002:0001:06CD⟧⟦TAG:0000:0003:4FBBF1FF⟧blocchi⟦TAG:0000:0003:FAFFE6FF⟧⟦END:0002:0001⟧ e
i congegni sulla griglia.","şu ⟦TAG:0002:0001:06CD⟧⟦TAG:0000:0003:4FBBF1FF⟧blokları⟦TAG:0000:0003:FAFFE6FF⟧⟦END:0002:0001⟧ ve düzenekleri
yerleştir.",2,480,2,349,0.727,OK,OK,REVIEWED,Vurgu semantiği ve sığma için kontrol kodları korunarak elle revize edildi.
655,G_Edit_00_020,"You can use up to 10 colours to
decorate the ⟦TAG:0002:0001:06CD⟧⟦TAG:0000:0003:4FBBF1FF⟧blocks⟦TAG:0000:0003:FAFFE6FF⟧⟦END:0002:0001⟧ in a Pullblox.","Du kannst die ⟦TAG:0002:0001:06CD⟧⟦TAG:0000:0003:4FBBF1FF⟧Blöcke⟦TAG:0000:0003:FAFFE6FF⟧⟦END:0002:0001⟧ eines Pullblox
mit bis zu 10 Farben dekorieren.","Puedes usar hasta 10 colores
para los ⟦TAG:0002:0001:06CD⟧⟦TAG:0000:0003:4FBBF1FF⟧bloques⟦TAG:0000:0003:FAFFE6FF⟧⟦END:0002:0001⟧ de los Pullblox.","Vous pouvez utiliser jusqu'à
10 couleurs pour les ⟦TAG:0002:0001:06CD⟧⟦TAG:0000:0003:4FBBF1FF⟧blocs⟦TAG:0000:0003:FAFFE6FF⟧⟦END:0002:0001⟧ du Pullblox.","Per decorare i ⟦TAG:0002:0001:06CD⟧⟦TAG:0000:0003:4FBBF1FF⟧blocchi⟦TAG:0000:0003:FAFFE6FF⟧⟦END:0002:0001⟧ di un Pullblox,
puoi utilizzare fino a 10 colori diversi.","Bir Pullblox’taki ⟦TAG:0002:0001:06CD⟧⟦TAG:0000:0003:4FBBF1FF⟧blokları⟦TAG:0000:0003:FAFFE6FF⟧⟦END:0002:0001⟧ süslemek
için 10 renge kadar kullanabilirsin.",2,514,2,476,0.926,OK,OK,REVIEWED,Kontrol kodları kaynakla birebir korunarak elle yerelleştirildi.
656,G_Edit_00_021,"To change the colours in your palette, 
touch the palette editor over here.","Die Farbe deiner Wahl
kannst du hier festlegen.","Los colores se seleccionan
en esta paleta de aquí.","Touchez l'icône en forme de palette
pour changer les couleurs disponibles.","Tocca l'icona a forma di tavolozza
per cambiare i colori disponibili.","Paletindeki renkleri değiştirmek için
şuradaki palet düzenleyicisine dokun.",2,518,2,513,0.990,OK,OK,REVIEWED,Beş resmî dil karşılaştırılarak elle yerelleştirildi.
657,G_Edit_00_030,"If a project gets so big that you need
help finding your way around it,","Wenn ein Projekt so groß wird, dass du
Orientierungshilfe benötigst,","Si haces un diseño demasiado grande
y pierdes la perspectiva,","Pour pouvoir mieux vous repérer si
votre création est de grande taille,","Se il progetto diventa troppo grande
e inizi ad avere qualche difficoltà,","Projen büyüyüp içinde yolunu
bulmak zorlaşırsa,",2,521,2,397,0.762,OK,OK,REVIEWED,Beş resmî dil karşılaştırılarak elle yerelleştirildi.
658,G_Edit_00_031,use these buttons to zoom in and out.,"verwende diese Knöpfe, um
hinein- und herauszuzoomen.","usa estos botones para ampliar
y reducir la imagen.","utilisez ces icônes pour modifier
le grossissement de la grille.","usa queste icone per ingrandire
o rimpicciolire la griglia.","bu düğmelerle yakınlaşıp
uzaklaşabilirsin.",2,499,2,338,0.677,OK,OK,REVIEWED,Son sığma/bağlam kontrolünde elle revize edildi.
659,G_Edit_00_040,"This button will erase
everything all at once.","Mit diesem Knopf lässt sich
alles auf einmal löschen.","Con este botón, podrás borrarlo
todo de una vez.","Cette icône vous permet d'effacer d'un
seul coup tout le contenu de la grille.","Con questa icona cancellerai in un solo
colpo tutto il contenuto della griglia.","Bu düğme her şeyi
tek seferde siler.",2,520,2,240,0.462,OK,OK,REVIEWED,Beş resmî dil karşılaştırılarak elle yerelleştirildi.
660,G_Edit_00_050,"If you make a mistake, you can
use this button to undo it.","Einen Fehler kannst du mit diesem
Knopf rückgängig machen.","Si haces algo por error,
puedes deshacerlo con este botón.","Si vous faites une fausse manipulation,
cette icône vous permet de l'annuler.","Se fai uno sbaglio, questa icona ti
permette di annullare l'ultima azione.","Hata yaparsan bu düğmeyle
son işlemi geri alabilirsin.",2,524,2,382,0.729,OK,OK,REVIEWED,Beş resmî dil karşılaştırılarak elle yerelleştirildi.
661,G_Edit_00_060,"When there's nothing on the canvas,","Wenn sich keine ⟦TAG:0002:0001:06CD⟧⟦TAG:0000:0003:4FBBF1FF⟧Blöcke⟦TAG:0000:0003:FAFFE6FF⟧⟦END:0002:0001⟧ auf der
Leinwand befinden,","Cuando no haya ningún ⟦TAG:0002:0001:06CD⟧⟦TAG:0000:0003:4FBBF1FF⟧bloque⟦TAG:0000:0003:FAFFE6FF⟧⟦END:0002:0001⟧
en el lienzo...","Quand il n'y a rien sur la grille,","Se la griglia è completamente vuota,","Tuval tamamen boşken,",2,496,1,317,0.639,OK,OK,REVIEWED,Beş resmî dil karşılaştırılarak elle yerelleştirildi.
662,G_Edit_00_061,"you can use the ""Copy"" option that
appears on this button.","kannst du die Option Kopier. verwen-
den, die auf diesem Knopf erscheint.","aquí aparecerá el botón ""Copiar""...",l'option « Copier » est proposée ici.,"puoi selezionare l'opzione ""Copia""
che comparirà su questo pulsante.","bu düğmede beliren “Kopyala”
seçeneğini kullanabilirsin.",2,508,2,410,0.807,OK,OK,REVIEWED,Beş resmî dil karşılaştırılarak elle yerelleştirildi.
663,G_Edit_00_062,"It lets you copy a Pullblox you've
solved in Pullblox Park or created here,","Damit lässt sich ein im Pullbloxpark
gelöstes, ein hier erstelltes oder","y podrás copiar un Pullblox ya resuelto
en Villa Pullblox o creado aquí...","Elle permet de copier sur la grille un
Pullblox déjà terminé dans le parc,","Ti consente di copiare un Pullblox che
hai già risolto nel parco, uno di quelli","Pullblox Park’ta çözdüğün ya da
burada yaptığın bir Pullblox’u,",2,535,2,438,0.819,OK,OK,REVIEWED,Son manuel Türkçe kalite taramasında doğrulandı.
664,G_Edit_00_063,"or copy a Pullblox that
I've been working on.","ein Pullblox, an dem ich bereits
gearbeitet habe, kopieren.","¡o incluso uno de los Pullblox
en los que aún esté trabajando!","un Pullblox créé dans l'atelier, ou une
de mes créations encore en chantier.","creati nello studio oppure uno su cui
sto attualmente lavorando.","hatta benim üzerinde çalıştığım bir
Pullblox’u bile kopyalayabilirsin.",2,506,2,475,0.939,OK,OK,REVIEWED,Beş resmî dil karşılaştırılarak elle yerelleştirildi.
665,G_Edit_00_064,"When there's something on the canvas,
the ""Test"" option will appear here.","Befindet sich etwas auf der Leinwand,
erscheint die Option Test hier.","Cuando haya ⟦TAG:0002:0001:06CD⟧⟦TAG:0000:0003:4FBBF1FF⟧bloques⟦TAG:0000:0003:FAFFE6FF⟧⟦END:0002:0001⟧ en el lienzo,
aquí aparecerá el botón ""Probar"".","S'il y a déjà des ⟦TAG:0002:0001:06CD⟧⟦TAG:0000:0003:4FBBF1FF⟧blocs⟦TAG:0000:0003:FAFFE6FF⟧⟦END:0002:0001⟧ sur la grille,
l'option « Tester » s'affiche à la place.","Se sulla griglia è già presente
qualcosa, comparirà l'opzione ""Prova"".","Tuvalde bir şey olduğunda burada
“Test” seçeneği belirir.",2,526,2,458,0.871,OK,OK,REVIEWED,Beş resmî dil karşılaştırılarak elle yerelleştirildi.
666,G_Edit_00_065,"It will let you try out the Pullblox
that you're currently working on.","Mit ihrer Hilfe kannst du das Pullblox
testen, an dem du gerade arbeitest.","Con él podrás probar el Pullblox
en el que estés trabajando.","En la sélectionnant, vous pouvez tester
le Pullblox sur lequel vous travaillez.","Selezionandola, potrai provare
il Pullblox che stai creando.","Üzerinde çalıştığın Pullblox’u
denemeni sağlar.",2,531,2,395,0.744,OK,OK,REVIEWED,Beş resmî dil karşılaştırılarak elle yerelleştirildi.
667,G_Edit_00_070,"When you're ready to ⟦TAG:0002:0001:06CD⟧⟦TAG:0000:0003:FCEF30FF⟧save⟦TAG:0000:0003:FAFFE6FF⟧⟦END:0002:0001⟧ a Pullblox
or want to leave the studio, touch this.","Berühr hier zum ⟦TAG:0002:0001:06CD⟧⟦TAG:0000:0003:FCEF30FF⟧Speichern⟦TAG:0000:0003:FAFFE6FF⟧⟦END:0002:0001⟧ eines
Pullblox oder Verlassen des Studios.","Cuando quieras ⟦TAG:0002:0001:06CD⟧⟦TAG:0000:0003:FCEF30FF⟧guardar⟦TAG:0000:0003:FAFFE6FF⟧⟦END:0002:0001⟧ un Pullblox
o salir del estudio, toca aquí.","Pour ⟦TAG:0002:0001:06CD⟧⟦TAG:0000:0003:FCEF30FF⟧sauvegarder⟦TAG:0000:0003:FAFFE6FF⟧⟦END:0002:0001⟧ votre Pullblox ou
pour quitter l'atelier, touchez « Fini ».","Tocca ""Fine"" se vuoi ⟦TAG:0002:0001:06CD⟧⟦TAG:0000:0003:FCEF30FF⟧salvare⟦TAG:0000:0003:FAFFE6FF⟧⟦END:0002:0001⟧ il tuo
Pullblox o vuoi uscire dallo studio.","Pullblox’u ⟦TAG:0002:0001:06CD⟧⟦TAG:0000:0003:FCEF30FF⟧kaydetmek⟦TAG:0000:0003:FAFFE6FF⟧⟦END:0002:0001⟧ ya da
Studio’dan çıkmak için buna dokun.",2,523,2,479,0.916,OK,OK,REVIEWED,Vurgu semantiği ve sığma için kontrol kodları korunarak elle revize edildi.
668,G_Edit_00_080,"If you forget what a button does,","Wenn du die Funktion eines
Knopfes vergessen solltest,","Si se te olvidan las funciones
de los botones...","Si vous avez oublié à quoi sert une
icône ou une option de l'atelier,","Se non ti ricordi a cosa serve un'icona
o un'opzione dello studio,","Bir düğmenin işlevini
unutursan,",2,509,2,280,0.550,OK,OK,REVIEWED,Son sığma/bağlam kontrolünde elle revize edildi.
669,G_Edit_00_081,touch it once to see an explanation.,"berühr ihn ein Mal, um dir eine
Erklärung anzeigen zu lassen.",tócalos una vez para ver su utilidad.,"il vous suffit de la toucher pour voir
une explication s'afficher à cet endroit.","toccala per visualizzare
una spiegazione dettagliata.",açıklamasını görmek için bir kez dokun.,2,538,1,533,0.991,OK,OK,REVIEWED,Beş resmî dil karşılaştırılarak elle yerelleştirildi.
670,G_Edit_00_082,"Press  or  to fast-forward
through the message.","Drück  oder , um dir die Nachricht
im Schnelldurchlauf anzeigen zu lassen.","Pulsa  o  para que el mensaje
avance más rápido.","Appuyez sur  ou  pour faire
défiler ce message en accéléré.","Premi  o  per far avanzare
velocemente il messaggio.","Mesajı hızla ilerletmek için
 veya  tuşuna bas.",2,536,2,369,0.688,OK,OK,REVIEWED,Beş resmî dil karşılaştırılarak elle yerelleştirildi.
671,G_Edit_00_090,"Well, that's really all there is to it...","So, das sollte eigentlich
alles gewesen sein...","Bueno, pues poco más...","Eh bien voilà, je crois que je vous ai
présenté tout ce qu'il y a dans l'atelier.","Bene, credo di averti dato tutte
le informazioni necessarie.",Evet... Aslında hepsi bu kadar.,2,530,1,414,0.781,OK,OK,REVIEWED,Beş resmî dil karşılaştırılarak elle yerelleştirildi.
672,G_Edit_00_091,"If you want to hear any of this again,
just touch this button over here.","Wenn du Teile hiervon noch einmal
hören willst, berühr diesen Knopf hier.","Si quieres que te repita algo,
solo tienes que tocar aquí.","Pour réécouter ces explications, il vous
suffit de toucher l'option « Aide », ici.","Se vuoi ascoltare nuovamente la mia
spiegazione, tocca ""Aiuto"" qui sotto.","Bunu yeniden dinlemek istersen
şuradaki düğmeye dokun.",2,525,2,426,0.811,OK,OK,REVIEWED,Beş resmî dil karşılaştırılarak elle yerelleştirildi.
673,G_Edit_00_092,"Right, then. It's your turn to get
creative and make some Pullblox! ","Jetzt liegt es an dir, kreativ zu werden
und ein paar Pullblox zu erstellen.","Bueno, te toca. ¡Seguro que haces
Pullblox muy creativos!","Maintenant, à vous de faire preuve de
créativité pour inventer des Pullblox !","Ora dai libero sfogo alla tua creatività
e crea i tuoi Pullblox personali!","Pekâlâ! Şimdi sıra sende. Yaratıcılığını
konuştur ve Pullblox yap!",2,530,2,526,0.992,OK,OK,REVIEWED,Beş resmî dil karşılaştırılarak elle yerelleştirildi.
674,Guide_Edit_01,,,,,,,1,0,0,0,0.000,EMPTY,OK,EMPTY,
675,G_Edit_01_000,"It looks like you can now
use the ⟦TAG:0002:0001:06CD⟧⟦TAG:0000:0003:4FBBF1FF⟧pullout switch⟦TAG:0000:0003:FAFFE6FF⟧⟦END:0002:0001⟧!","Sieht so aus, als könntest du jetzt
den ⟦TAG:0002:0001:06CD⟧⟦TAG:0000:0003:4FBBF1FF⟧Rausziehschalter⟦TAG:0000:0003:FAFFE6FF⟧⟦END:0002:0001⟧ verwenden!",¡Ya puedes usar el ⟦TAG:0002:0001:06CD⟧⟦TAG:0000:0003:4FBBF1FF⟧Sacablox⟦TAG:0000:0003:FAFFE6FF⟧⟦END:0002:0001⟧!,"Oh, oh ! Vous pouvez à présent
utiliser vous aussi des ⟦TAG:0002:0001:06CD⟧⟦TAG:0000:0003:4FBBF1FF⟧extracteurs⟦TAG:0000:0003:FAFFE6FF⟧⟦END:0002:0001⟧ !","Pare che adesso tu possa utilizzare
anche il ⟦TAG:0002:0001:06CD⟧⟦TAG:0000:0003:4FBBF1FF⟧tirablocchi⟦TAG:0000:0003:FAFFE6FF⟧⟦END:0002:0001⟧!","Görünüşe göre artık ⟦TAG:0002:0001:06CD⟧⟦TAG:0000:0003:4FBBF1FF⟧çekme
düğmesini⟦TAG:0000:0003:FAFFE6FF⟧⟦END:0002:0001⟧ kullanabiliyorsun!",2,475,2,388,0.817,OK,OK,REVIEWED,Kontrol kodları kaynakla birebir korunarak elle yerelleştirildi.
676,G_Edit_01_020,"It looks like you can
now use ⟦TAG:0002:0001:06CD⟧⟦TAG:0000:0003:4FBBF1FF⟧manholes⟦TAG:0000:0003:FAFFE6FF⟧⟦END:0002:0001⟧!","Sieht so aus, als könntest du
jetzt ⟦TAG:0002:0001:06CD⟧⟦TAG:0000:0003:4FBBF1FF⟧Einstiege⟦TAG:0000:0003:FAFFE6FF⟧⟦END:0002:0001⟧ verwenden!",¡Ya puedes usar los ⟦TAG:0002:0001:06CD⟧⟦TAG:0000:0003:4FBBF1FF⟧Condublox⟦TAG:0000:0003:FAFFE6FF⟧⟦END:0002:0001⟧!,"Oh, oh ! Vous pouvez à présent
utiliser vous aussi des ⟦TAG:0002:0001:06CD⟧⟦TAG:0000:0003:4FBBF1FF⟧puits à échelle⟦TAG:0000:0003:FAFFE6FF⟧⟦END:0002:0001⟧ !","Pare che adesso tu possa
utilizzare anche le ⟦TAG:0002:0001:06CD⟧⟦TAG:0000:0003:4FBBF1FF⟧botole⟦TAG:0000:0003:FAFFE6FF⟧⟦END:0002:0001⟧!","Görünüşe göre artık
⟦TAG:0002:0001:06CD⟧⟦TAG:0000:0003:4FBBF1FF⟧geçitleri⟦TAG:0000:0003:FAFFE6FF⟧⟦END:0002:0001⟧ kullanabiliyorsun!",2,510,2,369,0.724,OK,OK,REVIEWED,Kontrol kodları kaynakla birebir korunarak elle yerelleştirildi.
677,G_Edit_01_040,It looks like the canvas got bigger!,"Sieht so aus, als wäre die Leinwand
größer geworden!",¡El lienzo se ve más grande!,"Mais, dites-moi... La grille pour vos
créations s'est agrandie, non ?!","Mmm... Mi sembra che le dimensioni
della griglia siano aumentate!",Görünüşe göre tuval büyüdü!,2,476,1,387,0.813,OK,OK,REVIEWED,Beş resmî dil karşılaştırılarak elle yerelleştirildi.
678,Guide_How1_02,,,,,,,1,0,0,0,0.000,EMPTY,OK,EMPTY,
679,G_How1_02_000,Use  or  to move.,"Verwende  oder ,
um dich zu bewegen.",Usa  o  para moverte.,Utilise  ou  pour te déplacer.,Usa  o  per muoverti.,"Hareket için  veya 
kullan.",2,432,2,311,0.720,OK,OK,REVIEWED,Son sığma/bağlam kontrolünde elle revize edildi.
680,G_How1_02_001,Press  to ⟦TAG:0002:0001:06CD⟧⟦TAG:0000:0003:FF7417FF⟧jump⟦TAG:0000:0003:FAFFE6FF⟧⟦END:0002:0001⟧.,"Drück , um zu ⟦TAG:0002:0001:06CD⟧⟦TAG:0000:0003:FF7417FF⟧springen⟦TAG:0000:0003:FAFFE6FF⟧⟦END:0002:0001⟧.",Pulsa  para ⟦TAG:0002:0001:06CD⟧⟦TAG:0000:0003:FF7417FF⟧saltar⟦TAG:0000:0003:FAFFE6FF⟧⟦END:0002:0001⟧.,Appuie sur  pour ⟦TAG:0002:0001:06CD⟧⟦TAG:0000:0003:FF7417FF⟧sauter⟦TAG:0000:0003:FAFFE6FF⟧⟦END:0002:0001⟧.,Premi  per ⟦TAG:0002:0001:06CD⟧⟦TAG:0000:0003:FF7417FF⟧saltare⟦TAG:0000:0003:FAFFE6FF⟧⟦END:0002:0001⟧.,’ya basıp ⟦TAG:0002:0001:06CD⟧⟦TAG:0000:0003:FF7417FF⟧zıpla⟦TAG:0000:0003:FAFFE6FF⟧⟦END:0002:0001⟧.,1,351,1,230,0.655,OK,OK,REVIEWED,Kontrol kodları kaynakla birebir korunarak elle yerelleştirildi.
681,G_How1_02_002,Press  to grab a ⟦TAG:0002:0001:06CD⟧⟦TAG:0000:0003:4FBBF1FF⟧block⟦TAG:0000:0003:FAFFE6FF⟧⟦END:0002:0001⟧.,"Drück , um einen ⟦TAG:0002:0001:06CD⟧⟦TAG:0000:0003:4FBBF1FF⟧Block⟦TAG:0000:0003:FAFFE6FF⟧⟦END:0002:0001⟧ zu greifen.",Pulsa  para coger un ⟦TAG:0002:0001:06CD⟧⟦TAG:0000:0003:4FBBF1FF⟧bloque⟦TAG:0000:0003:FAFFE6FF⟧⟦END:0002:0001⟧.,"Pour attraper un ⟦TAG:0002:0001:06CD⟧⟦TAG:0000:0003:4FBBF1FF⟧bloc⟦TAG:0000:0003:FAFFE6FF⟧⟦END:0002:0001⟧,
maintiens  enfoncé.",Premi  per afferrare un ⟦TAG:0002:0001:06CD⟧⟦TAG:0000:0003:4FBBF1FF⟧blocco⟦TAG:0000:0003:FAFFE6FF⟧⟦END:0002:0001⟧.,Bir ⟦TAG:0002:0001:06CD⟧⟦TAG:0000:0003:4FBBF1FF⟧bloğu⟦TAG:0000:0003:FAFFE6FF⟧⟦END:0002:0001⟧ tutmak için  tuşuna bas.,2,479,1,474,0.990,OK,OK,REVIEWED,Kontrol kodları kaynakla birebir korunarak elle yerelleştirildi.
682,Guide_How1_03,,,,,,,1,0,0,0,0.000,EMPTY,OK,EMPTY,
683,G_How1_03_000,"If you make a mistake or fall
from a high place, don't panic!","Wenn du einen Fehler machst oder
von einem hohen Punkt runterfällst,","Si te equivocas o te caes
desde algún sitio alto,","Si tu fais une erreur ou que
tu tombes d'un ⟦TAG:0002:0001:06CD⟧⟦TAG:0000:0003:4FBBF1FF⟧bloc⟦TAG:0000:0003:FAFFE6FF⟧⟦END:0002:0001⟧ assez haut,","Se commetti un errore o
cadi da un punto elevato,","Hata yaparsan ya da yüksekten
düşersen paniğe kapılma!",2,490,2,438,0.894,OK,OK,REVIEWED,Beş resmî dil karşılaştırılarak elle yerelleştirildi.
684,G_How1_03_001,Just hold down  to rewind time.,"kannst du  gedrückt halten,
um die Zeit zurückzuspulen!","¡puedes rebobinar
manteniendo pulsado !","ce n'est pas grave : tu peux revenir
en arrière en maintenant  enfoncé !","puoi riavvolgere il tempo
tenendo premuto .","Zamanı geri sarmak için
 tuşunu basılı tut.",2,510,2,325,0.637,OK,OK,REVIEWED,Son sığma/bağlam kontrolünde elle revize edildi.
685,G_How1_03_002,"Don't be afraid to make mistakes.
Just be sure to learn from them!","Du musst also keine Angst vor Fehlern
haben, solange du aus ihnen lernst!","No te preocupes si metes la pata,
¡de los errores se aprende!","Tu peux sans crainte faire des erreurs,
mais il faut savoir en tirer les leçons !","Quindi non aver paura di fare qualche
errore: sbagliando si impara!","Hata yapmaktan korkma.
Yeter ki hatalarından ders çıkar!",2,518,2,453,0.875,OK,OK,REVIEWED,Beş resmî dil karşılaştırılarak elle yerelleştirildi.
686,Guide_How1_04,,,,,,,1,0,0,0,0.000,EMPTY,OK,EMPTY,
687,G_How1_04_000,"To view an entire Pullblox,","Drück , um herauszuzoomen","Para ver un Pullblox con perspectiva,","Si tu veux observer un Pullblox
dans son ensemble,","Se vuoi visualizzare
un Pullblox per intero,","Pullblox’un tamamını görmek için,",2,505,1,456,0.903,OK,OK,REVIEWED,Beş resmî dil karşılaştırılarak elle yerelleştirildi.
688,G_How1_04_001,press  to zoom out.,"und dir so ein Pullblox
komplett anzusehen.",pulsa  para alejar la imagen.,"appuie sur  pour
prendre un peu de recul.",premi  per diminuire lo zoom.,"Uzaklaşmak için
 tuşuna bas.",2,417,2,221,0.530,OK,OK,REVIEWED,Beş resmî dil karşılaştırılarak elle yerelleştirildi.
689,G_How1_04_002,"If you want a bit of a closer look, 
press  while you hold down .","Drück , während du  gedrückt
hältst, um hereinzuzoomen.","Si quieres verlo más de cerca, 
mantén pulsado  y pulsa .","Appuie sur  en maintenant  enfoncé
si tu veux voir un endroit de plus près.","Se vuoi dare un'occhiata più da vicino,
premi  mentre tieni premuto .","Biraz daha yakından bakmak
istersen,  basılıyken  tuşuna bas.",2,534,2,488,0.914,OK,OK,REVIEWED,Beş resmî dil karşılaştırılarak elle yerelleştirildi.
690,G_How1_04_003,"When you're zoomed in, use
 or  to scroll your view.","Wenn du hereingezoomt hast, kannst
du mit  und  die Ansicht ändern.","Cuando hayas acercado la imagen,
usa  o  para moverte por ella.","Quand tu as zoomé sur le Pullblox, fais
défiler l'affichage en utilisant  ou .","Dopo aver aumentato lo zoom,
usa  o  per muovere la visuale.","Görünümü kaydırmak için
 veya  kullan.",2,523,2,346,0.662,OK,OK,REVIEWED,Son sığma/bağlam kontrolünde elle revize edildi.
691,G_How1_04_004,"Let go of  when you're
finished zooming about!","Lass  los, um den Zoomvorgang
zu beenden!","Una vez hayas acabado,
¡suelta !","Relâche  pour revenir en vue normale
quand tu as fini d'observer le Pullblox !","Rilascia  quando hai finito
di usare lo zoom.",Bakmayı bitirdiğinde  tuşunu bırak!,2,530,1,505,0.953,OK,OK,REVIEWED,Beş resmî dil karşılaştırılarak elle yerelleştirildi.
692,Guide_How2_00,,,,,,,1,0,0,0,0.000,EMPTY,OK,EMPTY,
693,G_How2_00_000,"First, stand in front of the ⟦TAG:0002:0001:06CD⟧⟦TAG:0000:0003:4FBBF1FF⟧block⟦TAG:0000:0003:FAFFE6FF⟧⟦END:0002:0001⟧ you
want to move and grab it with .","Stell dich zuerst vor den ⟦TAG:0002:0001:06CD⟧⟦TAG:0000:0003:4FBBF1FF⟧Block⟦TAG:0000:0003:FAFFE6FF⟧⟦END:0002:0001⟧, den du
bewegen willst, und greif ihn mit .","Primero, colócate delante del ⟦TAG:0002:0001:06CD⟧⟦TAG:0000:0003:4FBBF1FF⟧bloque⟦TAG:0000:0003:FAFFE6FF⟧⟦END:0002:0001⟧
que quieras mover y cógelo con .","Place-toi tout d'abord face au ⟦TAG:0002:0001:06CD⟧⟦TAG:0000:0003:4FBBF1FF⟧bloc⟦TAG:0000:0003:FAFFE6FF⟧⟦END:0002:0001⟧ que
tu veux déplacer, et attrape-le avec .","Innanzitutto, mettiti di fronte al ⟦TAG:0002:0001:06CD⟧⟦TAG:0000:0003:4FBBF1FF⟧blocco⟦TAG:0000:0003:FAFFE6FF⟧⟦END:0002:0001⟧
che vuoi spostare e afferralo con !","Önce hareket ettirmek istediğin
⟦TAG:0002:0001:06CD⟧⟦TAG:0000:0003:4FBBF1FF⟧bloğun⟦TAG:0000:0003:FAFFE6FF⟧⟦END:0002:0001⟧ önünde dur ve  ile tut.",2,537,2,437,0.814,OK,OK,REVIEWED,Kontrol kodları kaynakla birebir korunarak elle yerelleştirildi.
694,G_How2_00_001,"Next, move towards the front of the
platform to ⟦TAG:0002:0001:06CD⟧⟦TAG:0000:0003:FF7417FF⟧pull out⟦TAG:0000:0003:FAFFE6FF⟧⟦END:0002:0001⟧ the ⟦TAG:0002:0001:06CD⟧⟦TAG:0000:0003:4FBBF1FF⟧block⟦TAG:0000:0003:FAFFE6FF⟧⟦END:0002:0001⟧.","Begib dich dann zur Vorderseite der
Plattform, um den ⟦TAG:0002:0001:06CD⟧⟦TAG:0000:0003:4FBBF1FF⟧Block⟦TAG:0000:0003:FAFFE6FF⟧⟦END:0002:0001⟧ ⟦TAG:0002:0001:06CD⟧⟦TAG:0000:0003:FF7417FF⟧rauszuziehen⟦TAG:0000:0003:FAFFE6FF⟧⟦END:0002:0001⟧.","Después, ⟦TAG:0002:0001:06CD⟧⟦TAG:0000:0003:FF7417FF⟧tira⟦TAG:0000:0003:FAFFE6FF⟧⟦END:0002:0001⟧ hacia delante
para sacarlo.","Ensuite, déplace-toi vers l'avant de la
plate-forme pour ⟦TAG:0002:0001:06CD⟧⟦TAG:0000:0003:FF7417FF⟧tirer⟦TAG:0000:0003:FAFFE6FF⟧⟦END:0002:0001⟧ le ⟦TAG:0002:0001:06CD⟧⟦TAG:0000:0003:4FBBF1FF⟧bloc⟦TAG:0000:0003:FAFFE6FF⟧⟦END:0002:0001⟧ vers toi.","Poi muoviti verso la parte esterna
della piattaforma per ⟦TAG:0002:0001:06CD⟧⟦TAG:0000:0003:FF7417FF⟧tirare⟦TAG:0000:0003:FAFFE6FF⟧⟦END:0002:0001⟧ il ⟦TAG:0002:0001:06CD⟧⟦TAG:0000:0003:4FBBF1FF⟧blocco⟦TAG:0000:0003:FAFFE6FF⟧⟦END:0002:0001⟧.","Sonra platformun önüne
doğru ilerleyip ⟦TAG:0002:0001:06CD⟧⟦TAG:0000:0003:FF7417FF⟧çek⟦TAG:0000:0003:FAFFE6FF⟧⟦END:0002:0001⟧ şu ⟦TAG:0002:0001:06CD⟧⟦TAG:0000:0003:4FBBF1FF⟧bloğu⟦TAG:0000:0003:FAFFE6FF⟧⟦END:0002:0001⟧.",2,519,2,376,0.724,OK,OK,REVIEWED,Vurgu semantiği ve sığma için kontrol kodları korunarak elle revize edildi.
695,Guide_How2_01,,,,,,,1,0,0,0,0.000,EMPTY,OK,EMPTY,
696,G_How2_01_000,"First, stand in front of the ⟦TAG:0002:0001:06CD⟧⟦TAG:0000:0003:4FBBF1FF⟧block⟦TAG:0000:0003:FAFFE6FF⟧⟦END:0002:0001⟧ you
want to move and grab it with .","Stell dich zuerst vor den ⟦TAG:0002:0001:06CD⟧⟦TAG:0000:0003:4FBBF1FF⟧Block⟦TAG:0000:0003:FAFFE6FF⟧⟦END:0002:0001⟧, den du
bewegen willst, und greif ihn mit .","Primero, colócate delante del ⟦TAG:0002:0001:06CD⟧⟦TAG:0000:0003:4FBBF1FF⟧bloque⟦TAG:0000:0003:FAFFE6FF⟧⟦END:0002:0001⟧
que quieras mover y cógelo con .","Place-toi tout d'abord face au ⟦TAG:0002:0001:06CD⟧⟦TAG:0000:0003:4FBBF1FF⟧bloc⟦TAG:0000:0003:FAFFE6FF⟧⟦END:0002:0001⟧ que
tu veux déplacer, et attrape-le avec .","Innanzitutto, mettiti di fronte al ⟦TAG:0002:0001:06CD⟧⟦TAG:0000:0003:4FBBF1FF⟧blocco⟦TAG:0000:0003:FAFFE6FF⟧⟦END:0002:0001⟧
che vuoi spostare e afferralo con !","Önce hareket ettirmek istediğin
⟦TAG:0002:0001:06CD⟧⟦TAG:0000:0003:4FBBF1FF⟧bloğun⟦TAG:0000:0003:FAFFE6FF⟧⟦END:0002:0001⟧ önünde dur ve  ile tut.",2,537,2,437,0.814,OK,OK,REVIEWED,Kontrol kodları kaynakla birebir korunarak elle yerelleştirildi.
697,G_How2_01_001,"Next, move towards the back of the
platform to ⟦TAG:0002:0001:06CD⟧⟦TAG:0000:0003:FF7417FF⟧push in⟦TAG:0000:0003:FAFFE6FF⟧⟦END:0002:0001⟧ the ⟦TAG:0002:0001:06CD⟧⟦TAG:0000:0003:4FBBF1FF⟧block⟦TAG:0000:0003:FAFFE6FF⟧⟦END:0002:0001⟧.","Geh dann zum hinteren Teil der Platt-
form, um den ⟦TAG:0002:0001:06CD⟧⟦TAG:0000:0003:4FBBF1FF⟧Block⟦TAG:0000:0003:FAFFE6FF⟧⟦END:0002:0001⟧ ⟦TAG:0002:0001:06CD⟧⟦TAG:0000:0003:FF7417FF⟧reinzuschieben⟦TAG:0000:0003:FAFFE6FF⟧⟦END:0002:0001⟧.","Después, ⟦TAG:0002:0001:06CD⟧⟦TAG:0000:0003:FF7417FF⟧empuja⟦TAG:0000:0003:FAFFE6FF⟧⟦END:0002:0001⟧ hacia el fondo.","Ensuite, déplace-toi vers l'arrière
de la plate-forme pour le ⟦TAG:0002:0001:06CD⟧⟦TAG:0000:0003:FF7417FF⟧repousser⟦TAG:0000:0003:FAFFE6FF⟧⟦END:0002:0001⟧.","Poi muoviti verso la parte interna della
piattaforma per ⟦TAG:0002:0001:06CD⟧⟦TAG:0000:0003:FF7417FF⟧spingere⟦TAG:0000:0003:FAFFE6FF⟧⟦END:0002:0001⟧ il ⟦TAG:0002:0001:06CD⟧⟦TAG:0000:0003:4FBBF1FF⟧blocco⟦TAG:0000:0003:FAFFE6FF⟧⟦END:0002:0001⟧.","Sonra platformun arkasına
doğru ilerleyip ⟦TAG:0002:0001:06CD⟧⟦TAG:0000:0003:FF7417FF⟧içeri it⟦TAG:0000:0003:FAFFE6FF⟧⟦END:0002:0001⟧ şu ⟦TAG:0002:0001:06CD⟧⟦TAG:0000:0003:4FBBF1FF⟧bloğu⟦TAG:0000:0003:FAFFE6FF⟧⟦END:0002:0001⟧.",2,535,2,419,0.783,OK,OK,REVIEWED,Vurgu semantiği ve sığma için kontrol kodları korunarak elle revize edildi.
698,Guide_How2_02,,,,,,,1,0,0,0,0.000,EMPTY,OK,EMPTY,
699,G_How2_02_000,"When a ⟦TAG:0002:0001:06CD⟧⟦TAG:0000:0003:4FBBF1FF⟧block⟦TAG:0000:0003:FAFFE6FF⟧⟦END:0002:0001⟧ is ⟦TAG:0002:0001:06CD⟧⟦TAG:0000:0003:FF7417FF⟧pulled out⟦TAG:0000:0003:FAFFE6FF⟧⟦END:0002:0001⟧
one step or more, ","Wenn ein ⟦TAG:0002:0001:06CD⟧⟦TAG:0000:0003:4FBBF1FF⟧Block⟦TAG:0000:0003:FAFFE6FF⟧⟦END:0002:0001⟧ eine Stufe oder
mehr rausgezogen wurde,","Cuando tengas sitio para tirar
de un ⟦TAG:0002:0001:06CD⟧⟦TAG:0000:0003:4FBBF1FF⟧bloque⟦TAG:0000:0003:FAFFE6FF⟧⟦END:0002:0001⟧ una o dos veces...","Lorsqu'un ⟦TAG:0002:0001:06CD⟧⟦TAG:0000:0003:4FBBF1FF⟧bloc⟦TAG:0000:0003:FAFFE6FF⟧⟦END:0002:0001⟧ est sorti
d'au moins un cran,","Quando il ⟦TAG:0002:0001:06CD⟧⟦TAG:0000:0003:4FBBF1FF⟧blocco⟦TAG:0000:0003:FAFFE6FF⟧⟦END:0002:0001⟧ è tirato in fuori
per una casella o più,","Bir ⟦TAG:0002:0001:06CD⟧⟦TAG:0000:0003:4FBBF1FF⟧blok⟦TAG:0000:0003:FAFFE6FF⟧⟦END:0002:0001⟧ bir kademe ya da
daha fazla ⟦TAG:0002:0001:06CD⟧⟦TAG:0000:0003:FF7417FF⟧çekildiğinde⟦TAG:0000:0003:FAFFE6FF⟧⟦END:0002:0001⟧",2,441,2,345,0.782,OK,OK,REVIEWED,Kontrol kodları kaynakla birebir korunarak elle yerelleştirildi.
700,G_How2_02_001,you can grab it from the side!,kannst du ihn von der Seite greifen!,¡podrás cogerlo de lado!,tu peux l'attraper par le côté !,puoi afferrarlo da un lato!,onu yandan da tutabilirsin!,1,486,1,372,0.765,OK,OK,REVIEWED,Beş resmî dil karşılaştırılarak elle yerelleştirildi.
701,G_How2_02_002,"You can then move towards the front
of the platform to ⟦TAG:0002:0001:06CD⟧⟦TAG:0000:0003:FF7417FF⟧pull out⟦TAG:0000:0003:FAFFE6FF⟧⟦END:0002:0001⟧ the ⟦TAG:0002:0001:06CD⟧⟦TAG:0000:0003:4FBBF1FF⟧block⟦TAG:0000:0003:FAFFE6FF⟧⟦END:0002:0001⟧.","Geh dann zum vorderen Teil der Platt-
form, um den ⟦TAG:0002:0001:06CD⟧⟦TAG:0000:0003:4FBBF1FF⟧Block⟦TAG:0000:0003:FAFFE6FF⟧⟦END:0002:0001⟧ ⟦TAG:0002:0001:06CD⟧⟦TAG:0000:0003:FF7417FF⟧rauszuziehen⟦TAG:0000:0003:FAFFE6FF⟧⟦END:0002:0001⟧.","Entonces, podrás ⟦TAG:0002:0001:06CD⟧⟦TAG:0000:0003:FF7417FF⟧tirar⟦TAG:0000:0003:FAFFE6FF⟧⟦END:0002:0001⟧
hacia delante para sacarlo.","Tu peux alors te déplacer vers l'avant
de la plate-forme pour ⟦TAG:0002:0001:06CD⟧⟦TAG:0000:0003:FF7417FF⟧tirer⟦TAG:0000:0003:FAFFE6FF⟧⟦END:0002:0001⟧ le ⟦TAG:0002:0001:06CD⟧⟦TAG:0000:0003:4FBBF1FF⟧bloc⟦TAG:0000:0003:FAFFE6FF⟧⟦END:0002:0001⟧.","Poi muoviti verso la parte esterna
della piattaforma per ⟦TAG:0002:0001:06CD⟧⟦TAG:0000:0003:FF7417FF⟧tirare⟦TAG:0000:0003:FAFFE6FF⟧⟦END:0002:0001⟧ il ⟦TAG:0002:0001:06CD⟧⟦TAG:0000:0003:4FBBF1FF⟧blocco⟦TAG:0000:0003:FAFFE6FF⟧⟦END:0002:0001⟧.","Sonra platformun önüne
doğru ilerleyip ⟦TAG:0002:0001:06CD⟧⟦TAG:0000:0003:FF7417FF⟧çek⟦TAG:0000:0003:FAFFE6FF⟧⟦END:0002:0001⟧ şu ⟦TAG:0002:0001:06CD⟧⟦TAG:0000:0003:4FBBF1FF⟧bloğu⟦TAG:0000:0003:FAFFE6FF⟧⟦END:0002:0001⟧.",2,521,2,376,0.722,OK,OK,REVIEWED,Vurgu semantiği ve sığma için kontrol kodları korunarak elle revize edildi.
702,Guide_How2_03,,,,,,,1,0,0,0,0.000,EMPTY,OK,EMPTY,
703,G_How2_03_000,"With the help of a ⟦TAG:0002:0001:06CD⟧⟦TAG:0000:0003:FF7417FF⟧side pull⟦TAG:0000:0003:FAFFE6FF⟧⟦END:0002:0001⟧,","Mit ⟦TAG:0002:0001:06CD⟧⟦TAG:0000:0003:FF7417FF⟧seitlichem Ziehen⟦TAG:0000:0003:FAFFE6FF⟧⟦END:0002:0001⟧ kannst
du einen ⟦TAG:0002:0001:06CD⟧⟦TAG:0000:0003:4FBBF1FF⟧Block⟦TAG:0000:0003:FAFFE6FF⟧⟦END:0002:0001⟧ ",La posibilidad de ⟦TAG:0002:0001:06CD⟧⟦TAG:0000:0003:FF7417FF⟧tirar de lado⟦TAG:0000:0003:FAFFE6FF⟧⟦END:0002:0001⟧...,"Avec la technique qui consiste à ⟦TAG:0002:0001:06CD⟧⟦TAG:0000:0003:FF7417FF⟧tirer⟦TAG:0000:0003:FAFFE6FF⟧⟦END:0002:0001⟧
⟦TAG:0002:0001:06CD⟧⟦TAG:0000:0003:FF7417FF⟧par le côté⟦TAG:0000:0003:FAFFE6FF⟧⟦END:0002:0001⟧ un ⟦TAG:0002:0001:06CD⟧⟦TAG:0000:0003:4FBBF1FF⟧bloc⟦TAG:0000:0003:FAFFE6FF⟧⟦END:0002:0001⟧ que tu as attrapé,","Utilizzando la tecnica
per ⟦TAG:0002:0001:06CD⟧⟦TAG:0000:0003:FF7417FF⟧tirare di lato⟦TAG:0000:0003:FAFFE6FF⟧⟦END:0002:0001⟧,","⟦TAG:0002:0001:06CD⟧⟦TAG:0000:0003:FF7417FF⟧Yandan çekme⟦TAG:0000:0003:FAFFE6FF⟧⟦END:0002:0001⟧ sayesinde,",2,504,1,345,0.685,OK,OK,REVIEWED,Kontrol kodları kaynakla birebir korunarak elle yerelleştirildi.
704,G_How2_03_001,"you can ⟦TAG:0002:0001:06CD⟧⟦TAG:0000:0003:FF7417FF⟧pull out⟦TAG:0000:0003:FAFFE6FF⟧⟦END:0002:0001⟧ a ⟦TAG:0002:0001:06CD⟧⟦TAG:0000:0003:4FBBF1FF⟧block⟦TAG:0000:0003:FAFFE6FF⟧⟦END:0002:0001⟧ past the edge
of the ⟦TAG:0002:0001:06CD⟧⟦TAG:0000:0003:4FBBF1FF⟧block⟦TAG:0000:0003:FAFFE6FF⟧⟦END:0002:0001⟧ you are standing on.","über die Kante des ⟦TAG:0002:0001:06CD⟧⟦TAG:0000:0003:4FBBF1FF⟧Blocks⟦TAG:0000:0003:FAFFE6FF⟧⟦END:0002:0001⟧, auf
dem du stehst, ⟦TAG:0002:0001:06CD⟧⟦TAG:0000:0003:FF7417FF⟧rausziehen⟦TAG:0000:0003:FAFFE6FF⟧⟦END:0002:0001⟧.","te permite ⟦TAG:0002:0001:06CD⟧⟦TAG:0000:0003:FF7417FF⟧tirar⟦TAG:0000:0003:FAFFE6FF⟧⟦END:0002:0001⟧ de ⟦TAG:0002:0001:06CD⟧⟦TAG:0000:0003:4FBBF1FF⟧bloques⟦TAG:0000:0003:FAFFE6FF⟧⟦END:0002:0001⟧ que
están más atrás del ⟦TAG:0002:0001:06CD⟧⟦TAG:0000:0003:4FBBF1FF⟧bloque⟦TAG:0000:0003:FAFFE6FF⟧⟦END:0002:0001⟧ que pisas.","tu peux ⟦TAG:0002:0001:06CD⟧⟦TAG:0000:0003:FF7417FF⟧tirer⟦TAG:0000:0003:FAFFE6FF⟧⟦END:0002:0001⟧ un ⟦TAG:0002:0001:06CD⟧⟦TAG:0000:0003:4FBBF1FF⟧bloc⟦TAG:0000:0003:FAFFE6FF⟧⟦END:0002:0001⟧ plus loin que le
bord de celui sur lequel tu te tiens.","puoi ⟦TAG:0002:0001:06CD⟧⟦TAG:0000:0003:FF7417FF⟧tirare⟦TAG:0000:0003:FAFFE6FF⟧⟦END:0002:0001⟧ un ⟦TAG:0002:0001:06CD⟧⟦TAG:0000:0003:4FBBF1FF⟧blocco⟦TAG:0000:0003:FAFFE6FF⟧⟦END:0002:0001⟧ anche oltre
la posizione in cui ti trovi.","Bir ⟦TAG:0002:0001:06CD⟧⟦TAG:0000:0003:FF7417FF⟧çekişle⟦TAG:0000:0003:FAFFE6FF⟧⟦END:0002:0001⟧ ⟦TAG:0002:0001:06CD⟧⟦TAG:0000:0003:4FBBF1FF⟧bloğu⟦TAG:0000:0003:FAFFE6FF⟧⟦END:0002:0001⟧, üzerinde
durduğun ⟦TAG:0002:0001:06CD⟧⟦TAG:0000:0003:4FBBF1FF⟧bloğun⟦TAG:0000:0003:FAFFE6FF⟧⟦END:0002:0001⟧ ötesine çıkar.",2,510,2,417,0.818,OK,OK,REVIEWED,Vurgu semantiği ve sığma için kontrol kodları korunarak elle revize edildi.
705,G_How2_03_002,"Just be careful not to fall off the
⟦TAG:0002:0001:06CD⟧⟦TAG:0000:0003:4FBBF1FF⟧block⟦TAG:0000:0003:FAFFE6FF⟧⟦END:0002:0001⟧ you're standing on!","Pass nur auf, dass du nicht von dem
⟦TAG:0002:0001:06CD⟧⟦TAG:0000:0003:4FBBF1FF⟧Block⟦TAG:0000:0003:FAFFE6FF⟧⟦END:0002:0001⟧ runterfällst, auf dem du stehst!","Pero ten cuidado: ¡no te vayas a caer
del ⟦TAG:0002:0001:06CD⟧⟦TAG:0000:0003:4FBBF1FF⟧bloque⟦TAG:0000:0003:FAFFE6FF⟧⟦END:0002:0001⟧ sobre el que estás!","Il faut juste faire attention à ne pas
tomber du ⟦TAG:0002:0001:06CD⟧⟦TAG:0000:0003:4FBBF1FF⟧bloc⟦TAG:0000:0003:FAFFE6FF⟧⟦END:0002:0001⟧ où on se trouve !","Fai solo attenzione a non cadere
dal ⟦TAG:0002:0001:06CD⟧⟦TAG:0000:0003:4FBBF1FF⟧blocco⟦TAG:0000:0003:FAFFE6FF⟧⟦END:0002:0001⟧ su cui ti trovi!","Yalnız üzerinde durduğun
⟦TAG:0002:0001:06CD⟧⟦TAG:0000:0003:4FBBF1FF⟧bloktan⟦TAG:0000:0003:FAFFE6FF⟧⟦END:0002:0001⟧ düşmemeye dikkat et!",2,506,2,410,0.810,OK,OK,REVIEWED,Kontrol kodları kaynakla birebir korunarak elle yerelleştirildi.
706,Guide_How2_04,,,,,,,1,0,0,0,0.000,EMPTY,OK,EMPTY,
707,G_How2_04_000,"If you're standing on a
⟦TAG:0002:0001:06CD⟧⟦TAG:0000:0003:4FBBF1FF⟧block⟦TAG:0000:0003:FAFFE6FF⟧⟦END:0002:0001⟧ you've grabbed, ","Wenn du auf einem ⟦TAG:0002:0001:06CD⟧⟦TAG:0000:0003:4FBBF1FF⟧Block⟦TAG:0000:0003:FAFFE6FF⟧⟦END:0002:0001⟧ stehst,
den du gegriffen hast,","Por mucho que agarres el ⟦TAG:0002:0001:06CD⟧⟦TAG:0000:0003:4FBBF1FF⟧bloque⟦TAG:0000:0003:FAFFE6FF⟧⟦END:0002:0001⟧
sobre el que estás...","Si le ⟦TAG:0002:0001:06CD⟧⟦TAG:0000:0003:4FBBF1FF⟧bloc⟦TAG:0000:0003:FAFFE6FF⟧⟦END:0002:0001⟧ que tu attrapes est
aussi celui sur lequel tu te tiens,","Se afferri il ⟦TAG:0002:0001:06CD⟧⟦TAG:0000:0003:4FBBF1FF⟧blocco⟦TAG:0000:0003:FAFFE6FF⟧⟦END:0002:0001⟧ sul quale ti trovi,","Tuttuğun bir
⟦TAG:0002:0001:06CD⟧⟦TAG:0000:0003:4FBBF1FF⟧bloğun⟦TAG:0000:0003:FAFFE6FF⟧⟦END:0002:0001⟧ üstünde duruyorsan,",2,486,2,373,0.767,OK,OK,REVIEWED,Kontrol kodları kaynakla birebir korunarak elle yerelleştirildi.
708,G_How2_04_001,you won't be able to move it.,kannst du ihn nicht bewegen.,¡no podrás moverlo!,il te sera impossible de le déplacer.,non sarai in grado di spostarlo.,onu hareket ettiremezsin.,1,472,1,352,0.746,OK,OK,REVIEWED,Beş resmî dil karşılaştırılarak elle yerelleştirildi.
709,G_How2_04_002,"In those situations, stand on a 
different ⟦TAG:0002:0001:06CD⟧⟦TAG:0000:0003:4FBBF1FF⟧block⟦TAG:0000:0003:FAFFE6FF⟧⟦END:0002:0001⟧ and try again.","⟦TAG:0002:0001:06CD⟧⟦TAG:0000:0003:FF7417FF⟧Spring⟦TAG:0000:0003:FAFFE6FF⟧⟦END:0002:0001⟧ in diesem Fall auf einen anderen
⟦TAG:0002:0001:06CD⟧⟦TAG:0000:0003:4FBBF1FF⟧Block⟦TAG:0000:0003:FAFFE6FF⟧⟦END:0002:0001⟧ und versuche es noch einmal.","Cuando te pase eso, salta sobre otro
⟦TAG:0002:0001:06CD⟧⟦TAG:0000:0003:4FBBF1FF⟧bloque⟦TAG:0000:0003:FAFFE6FF⟧⟦END:0002:0001⟧ e inténtalo de nuevo.","Dans une telle situation, grimpe sur un
autre ⟦TAG:0002:0001:06CD⟧⟦TAG:0000:0003:4FBBF1FF⟧bloc⟦TAG:0000:0003:FAFFE6FF⟧⟦END:0002:0001⟧ et réessaie ta manœuvre.","In situazioni del genere, devi saltare
sopra un altro ⟦TAG:0002:0001:06CD⟧⟦TAG:0000:0003:4FBBF1FF⟧blocco⟦TAG:0000:0003:FAFFE6FF⟧⟦END:0002:0001⟧ e riprovare.","Böyle durumlarda başka bir
⟦TAG:0002:0001:06CD⟧⟦TAG:0000:0003:4FBBF1FF⟧bloğun⟦TAG:0000:0003:FAFFE6FF⟧⟦END:0002:0001⟧ üstüne geçip yeniden dene.",2,536,2,462,0.862,OK,OK,REVIEWED,Kontrol kodları kaynakla birebir korunarak elle yerelleştirildi.
710,Guide_How2_05,,,,,,,1,0,0,0,0.000,EMPTY,OK,EMPTY,
711,G_How2_05_000,"You can ⟦TAG:0002:0001:06CD⟧⟦TAG:0000:0003:FF7417FF⟧push⟦TAG:0000:0003:FAFFE6FF⟧⟦END:0002:0001⟧ a ⟦TAG:0002:0001:06CD⟧⟦TAG:0000:0003:4FBBF1FF⟧block⟦TAG:0000:0003:FAFFE6FF⟧⟦END:0002:0001⟧
in from the side.","Du kannst einen ⟦TAG:0002:0001:06CD⟧⟦TAG:0000:0003:4FBBF1FF⟧Block⟦TAG:0000:0003:FAFFE6FF⟧⟦END:0002:0001⟧ auch
von der Seite ⟦TAG:0002:0001:06CD⟧⟦TAG:0000:0003:FF7417FF⟧reinschieben⟦TAG:0000:0003:FAFFE6FF⟧⟦END:0002:0001⟧.","También puedes ⟦TAG:0002:0001:06CD⟧⟦TAG:0000:0003:FF7417FF⟧empujar de lado⟦TAG:0000:0003:FAFFE6FF⟧⟦END:0002:0001⟧
los ⟦TAG:0002:0001:06CD⟧⟦TAG:0000:0003:4FBBF1FF⟧bloques⟦TAG:0000:0003:FAFFE6FF⟧⟦END:0002:0001⟧.","Un ⟦TAG:0002:0001:06CD⟧⟦TAG:0000:0003:4FBBF1FF⟧bloc⟦TAG:0000:0003:FAFFE6FF⟧⟦END:0002:0001⟧ peut également
être ⟦TAG:0002:0001:06CD⟧⟦TAG:0000:0003:FF7417FF⟧repoussé⟦TAG:0000:0003:FAFFE6FF⟧⟦END:0002:0001⟧ par le côté.","Puoi anche afferrare un ⟦TAG:0002:0001:06CD⟧⟦TAG:0000:0003:4FBBF1FF⟧blocco⟦TAG:0000:0003:FAFFE6FF⟧⟦END:0002:0001⟧
e ⟦TAG:0002:0001:06CD⟧⟦TAG:0000:0003:FF7417FF⟧spingerlo⟦TAG:0000:0003:FAFFE6FF⟧⟦END:0002:0001⟧ da un lato!","Yandan ⟦TAG:0002:0001:06CD⟧⟦TAG:0000:0003:FF7417FF⟧iterek⟦TAG:0000:0003:FAFFE6FF⟧⟦END:0002:0001⟧ bir ⟦TAG:0002:0001:06CD⟧⟦TAG:0000:0003:4FBBF1FF⟧bloğu⟦TAG:0000:0003:FAFFE6FF⟧⟦END:0002:0001⟧
içeri sokabilirsin.",2,442,2,321,0.726,OK,OK,REVIEWED,Vurgu semantiği ve sığma için kontrol kodları korunarak elle revize edildi.
712,G_How2_05_001,"If there's a ⟦TAG:0002:0001:06CD⟧⟦TAG:0000:0003:4FBBF1FF⟧block⟦TAG:0000:0003:FAFFE6FF⟧⟦END:0002:0001⟧ in your way, ","Falls dir ein ⟦TAG:0002:0001:06CD⟧⟦TAG:0000:0003:4FBBF1FF⟧Block⟦TAG:0000:0003:FAFFE6FF⟧⟦END:0002:0001⟧ im Weg ist,","Pero si hay un ⟦TAG:0002:0001:06CD⟧⟦TAG:0000:0003:4FBBF1FF⟧bloque⟦TAG:0000:0003:FAFFE6FF⟧⟦END:0002:0001⟧
a mitad de camino...","Mais si un ⟦TAG:0002:0001:06CD⟧⟦TAG:0000:0003:4FBBF1FF⟧bloc⟦TAG:0000:0003:FAFFE6FF⟧⟦END:0002:0001⟧ te barre le passage,","Ma se un ⟦TAG:0002:0001:06CD⟧⟦TAG:0000:0003:4FBBF1FF⟧blocco⟦TAG:0000:0003:FAFFE6FF⟧⟦END:0002:0001⟧ ti sbarra la strada,","Yolunda başka bir ⟦TAG:0002:0001:06CD⟧⟦TAG:0000:0003:4FBBF1FF⟧blok⟦TAG:0000:0003:FAFFE6FF⟧⟦END:0002:0001⟧ varsa,",2,476,1,401,0.842,OK,OK,REVIEWED,Kontrol kodları kaynakla birebir korunarak elle yerelleştirildi.
713,G_How2_05_002,"you won't be able to ⟦TAG:0002:0001:06CD⟧⟦TAG:0000:0003:FF7417FF⟧push in⟦TAG:0000:0003:FAFFE6FF⟧⟦END:0002:0001⟧ the
⟦TAG:0002:0001:06CD⟧⟦TAG:0000:0003:4FBBF1FF⟧block⟦TAG:0000:0003:FAFFE6FF⟧⟦END:0002:0001⟧ you're grabbing any further.","kannst du den gegriffenen ⟦TAG:0002:0001:06CD⟧⟦TAG:0000:0003:4FBBF1FF⟧Block⟦TAG:0000:0003:FAFFE6FF⟧⟦END:0002:0001⟧
nicht weiter ⟦TAG:0002:0001:06CD⟧⟦TAG:0000:0003:FF7417FF⟧reinschieben⟦TAG:0000:0003:FAFFE6FF⟧⟦END:0002:0001⟧.",¡no podrás seguir ⟦TAG:0002:0001:06CD⟧⟦TAG:0000:0003:FF7417FF⟧empujando⟦TAG:0000:0003:FAFFE6FF⟧⟦END:0002:0001⟧!,"tu ne pourras pas ⟦TAG:0002:0001:06CD⟧⟦TAG:0000:0003:FF7417FF⟧pousser⟦TAG:0000:0003:FAFFE6FF⟧⟦END:0002:0001⟧ le ⟦TAG:0002:0001:06CD⟧⟦TAG:0000:0003:4FBBF1FF⟧bloc⟦TAG:0000:0003:FAFFE6FF⟧⟦END:0002:0001⟧ que
tu tiens pour le rentrer davantage.","non potrai ⟦TAG:0002:0001:06CD⟧⟦TAG:0000:0003:FF7417FF⟧spingere⟦TAG:0000:0003:FAFFE6FF⟧⟦END:0002:0001⟧ ulteriormente
il ⟦TAG:0002:0001:06CD⟧⟦TAG:0000:0003:4FBBF1FF⟧blocco⟦TAG:0000:0003:FAFFE6FF⟧⟦END:0002:0001⟧ che hai afferrato.","Daha fazla ⟦TAG:0002:0001:06CD⟧⟦TAG:0000:0003:FF7417FF⟧içeri itemezsin⟦TAG:0000:0003:FAFFE6FF⟧⟦END:0002:0001⟧;
tuttuğun ⟦TAG:0002:0001:06CD⟧⟦TAG:0000:0003:4FBBF1FF⟧blok⟦TAG:0000:0003:FAFFE6FF⟧⟦END:0002:0001⟧ ilerlemez.",2,493,2,365,0.740,OK,OK,REVIEWED,Vurgu semantiği ve sığma için kontrol kodları korunarak elle revize edildi.
714,Guide_How3_00,,,,,,,1,0,0,0,0.000,EMPTY,OK,EMPTY,
715,G_How3_00_000,Press  to ⟦TAG:0002:0001:06CD⟧⟦TAG:0000:0003:FF7417FF⟧jump⟦TAG:0000:0003:FAFFE6FF⟧⟦END:0002:0001⟧!,"Drück , um zu ⟦TAG:0002:0001:06CD⟧⟦TAG:0000:0003:FF7417FF⟧springen⟦TAG:0000:0003:FAFFE6FF⟧⟦END:0002:0001⟧!",¡Pulsa  para ⟦TAG:0002:0001:06CD⟧⟦TAG:0000:0003:FF7417FF⟧saltar⟦TAG:0000:0003:FAFFE6FF⟧⟦END:0002:0001⟧!,"Pour ⟦TAG:0002:0001:06CD⟧⟦TAG:0000:0003:FF7417FF⟧sauter⟦TAG:0000:0003:FAFFE6FF⟧⟦END:0002:0001⟧, appuie sur  !","Per ⟦TAG:0002:0001:06CD⟧⟦TAG:0000:0003:FF7417FF⟧saltare⟦TAG:0000:0003:FAFFE6FF⟧⟦END:0002:0001⟧, premi !",⟦TAG:0002:0001:06CD⟧⟦TAG:0000:0003:FF7417FF⟧zıplamak⟦TAG:0000:0003:FAFFE6FF⟧⟦END:0002:0001⟧ için  tuşuna bas!,1,364,1,376,1.033,OK,OK,REVIEWED,Kontrol kodları kaynakla birebir korunarak elle yerelleştirildi.
716,G_How3_00_001,⟦TAG:0002:0001:06CD⟧⟦TAG:0000:0003:FF7417FF⟧Jump⟦TAG:0000:0003:FAFFE6FF⟧⟦END:0002:0001⟧ your way up,"⟦TAG:0002:0001:06CD⟧⟦TAG:0000:0003:FF7417FF⟧Spring⟦TAG:0000:0003:FAFFE6FF⟧⟦END:0002:0001⟧ nach oben,",⟦TAG:0002:0001:06CD⟧⟦TAG:0000:0003:FF7417FF⟧Salta⟦TAG:0000:0003:FAFFE6FF⟧⟦END:0002:0001⟧ para subirte...,"En ⟦TAG:0002:0001:06CD⟧⟦TAG:0000:0003:FF7417FF⟧sautant⟦TAG:0000:0003:FAFFE6FF⟧⟦END:0002:0001⟧ de marche en marche,","Facendo dei ⟦TAG:0002:0001:06CD⟧⟦TAG:0000:0003:FF7417FF⟧salti⟦TAG:0000:0003:FAFFE6FF⟧⟦END:0002:0001⟧,","⟦TAG:0002:0001:06CD⟧⟦TAG:0000:0003:FF7417FF⟧Zıpla⟦TAG:0000:0003:FAFFE6FF⟧⟦END:0002:0001⟧, yukarı doğru ilerle!",1,451,1,348,0.772,OK,OK,REVIEWED,Vurgu semantiği ve sığma için kontrol kodları korunarak elle revize edildi.
717,G_How3_00_002,to the highest ⟦TAG:0002:0001:06CD⟧⟦TAG:0000:0003:4FBBF1FF⟧block⟦TAG:0000:0003:FAFFE6FF⟧⟦END:0002:0001⟧!,bis du den höchsten ⟦TAG:0002:0001:06CD⟧⟦TAG:0000:0003:4FBBF1FF⟧Block⟦TAG:0000:0003:FAFFE6FF⟧⟦END:0002:0001⟧ erreichst!,¡encima del ⟦TAG:0002:0001:06CD⟧⟦TAG:0000:0003:4FBBF1FF⟧bloque⟦TAG:0000:0003:FAFFE6FF⟧⟦END:0002:0001⟧!,tu atteindras le ⟦TAG:0002:0001:06CD⟧⟦TAG:0000:0003:4FBBF1FF⟧bloc⟦TAG:0000:0003:FAFFE6FF⟧⟦END:0002:0001⟧ le plus haut !,raggiungerai il ⟦TAG:0002:0001:06CD⟧⟦TAG:0000:0003:4FBBF1FF⟧blocco⟦TAG:0000:0003:FAFFE6FF⟧⟦END:0002:0001⟧ più alto!,en yüksek ⟦TAG:0002:0001:06CD⟧⟦TAG:0000:0003:4FBBF1FF⟧bloğa⟦TAG:0000:0003:FAFFE6FF⟧⟦END:0002:0001⟧ ulaşana dek!,1,483,1,398,0.824,OK,OK,REVIEWED,Kontrol kodları kaynakla birebir korunarak elle yerelleştirildi.
718,Guide_How3_01,,,,,,,1,0,0,0,0.000,EMPTY,OK,EMPTY,
719,G_How3_01_000,"If a gap is one square wide,","Eine ein Feld breite Lücke
kannst du ⟦TAG:0002:0001:06CD⟧⟦TAG:0000:0003:FF7417FF⟧überspringen⟦TAG:0000:0003:FAFFE6FF⟧⟦END:0002:0001⟧","Si un hueco es sencillo,","Si un fossé mesure un cube de large,","Se ti imbatti in un vuoto
dello spazio di una casella,","Boşluk bir kare genişliğindeyse,",2,478,1,425,0.889,OK,OK,REVIEWED,Beş resmî dil karşılaştırılarak elle yerelleştirildi.
720,G_How3_01_001,"you can ⟦TAG:0002:0001:06CD⟧⟦TAG:0000:0003:FF7417FF⟧jump⟦TAG:0000:0003:FAFFE6FF⟧⟦END:0002:0001⟧ across it and
even go up one level higher.","und dabei sogar eine
Ebene höher kommen!","¡puedes ⟦TAG:0002:0001:06CD⟧⟦TAG:0000:0003:FF7417FF⟧saltarlo⟦TAG:0000:0003:FAFFE6FF⟧⟦END:0002:0001⟧ y subir un nivel
al mismo tiempo!","tu peux le franchir en ⟦TAG:0002:0001:06CD⟧⟦TAG:0000:0003:FF7417FF⟧sautant⟦TAG:0000:0003:FAFFE6FF⟧⟦END:0002:0001⟧, même si
l'autre bord est plus élevé d'un cube !","puoi superarlo con un ⟦TAG:0002:0001:06CD⟧⟦TAG:0000:0003:FF7417FF⟧salto⟦TAG:0000:0003:FAFFE6FF⟧⟦END:0002:0001⟧
e salire addirittura di un piano!","üzerinden ⟦TAG:0002:0001:06CD⟧⟦TAG:0000:0003:FF7417FF⟧zıplayabilir⟦TAG:0000:0003:FAFFE6FF⟧⟦END:0002:0001⟧ ve hatta
bir kademe yukarı çıkabilirsin.",2,526,2,426,0.810,OK,OK,REVIEWED,Kontrol kodları kaynakla birebir korunarak elle yerelleştirildi.
721,G_How3_01_002,"When you ⟦TAG:0002:0001:06CD⟧⟦TAG:0000:0003:FF7417FF⟧jump⟦TAG:0000:0003:FAFFE6FF⟧⟦END:0002:0001⟧ down to a lower level,","Wenn du auf eine niedriger gelegene
Ebene ⟦TAG:0002:0001:06CD⟧⟦TAG:0000:0003:FF7417FF⟧runterspringst⟦TAG:0000:0003:FAFFE6FF⟧⟦END:0002:0001⟧,","Si ⟦TAG:0002:0001:06CD⟧⟦TAG:0000:0003:FF7417FF⟧saltas⟦TAG:0000:0003:FAFFE6FF⟧⟦END:0002:0001⟧ hacia abajo,","Quand tu ⟦TAG:0002:0001:06CD⟧⟦TAG:0000:0003:FF7417FF⟧sautes⟦TAG:0000:0003:FAFFE6FF⟧⟦END:0002:0001⟧ vers un endroit situé
en contrebas de ton point d'appui,","Quando ⟦TAG:0002:0001:06CD⟧⟦TAG:0000:0003:FF7417FF⟧salti⟦TAG:0000:0003:FAFFE6FF⟧⟦END:0002:0001⟧ verso un piano
posto più in basso,","Daha alçak bir seviyeye ⟦TAG:0002:0001:06CD⟧⟦TAG:0000:0003:FF7417FF⟧zıplarken⟦TAG:0000:0003:FAFFE6FF⟧⟦END:0002:0001⟧,",2,507,1,470,0.927,OK,OK,REVIEWED,Kontrol kodları kaynakla birebir korunarak elle yerelleştirildi.
722,G_How3_01_003,"you can make it over a gap
that's two squares wide!","kannst du dabei eine zwei Felder
breite Lücke überqueren!",¡podrás saltar huecos dobles!,"tu peux réussir à franchir un fossé
qui mesure deux cubes de large !","puoi superare un vuoto di lunghezza
pari a due caselle!","iki kare genişliğindeki
bir boşluğu bile aşabilirsin!",2,489,2,362,0.740,OK,OK,REVIEWED,Beş resmî dil karşılaştırılarak elle yerelleştirildi.
723,Guide_How3_02,,,,,,,1,0,0,0,0.000,EMPTY,OK,EMPTY,
724,G_How3_02_000,"You can also ⟦TAG:0002:0001:06CD⟧⟦TAG:0000:0003:FF7417FF⟧jump⟦TAG:0000:0003:FAFFE6FF⟧⟦END:0002:0001⟧ to a ⟦TAG:0002:0001:06CD⟧⟦TAG:0000:0003:4FBBF1FF⟧block⟦TAG:0000:0003:FAFFE6FF⟧⟦END:0002:0001⟧ that is
one level higher and","Du kannst auf einen ⟦TAG:0002:0001:06CD⟧⟦TAG:0000:0003:4FBBF1FF⟧Block⟦TAG:0000:0003:FAFFE6FF⟧⟦END:0002:0001⟧ ⟦TAG:0002:0001:06CD⟧⟦TAG:0000:0003:FF7417FF⟧springen⟦TAG:0000:0003:FAFFE6FF⟧⟦END:0002:0001⟧,
der eine Ebene oberhalb von dir liegt","También puedes ⟦TAG:0002:0001:06CD⟧⟦TAG:0000:0003:FF7417FF⟧saltar en diagonal⟦TAG:0000:0003:FAFFE6FF⟧⟦END:0002:0001⟧
a un ⟦TAG:0002:0001:06CD⟧⟦TAG:0000:0003:4FBBF1FF⟧bloque⟦TAG:0000:0003:FAFFE6FF⟧⟦END:0002:0001⟧ que esté un nivel más alto.","Tu peux aussi ⟦TAG:0002:0001:06CD⟧⟦TAG:0000:0003:FF7417FF⟧sauter⟦TAG:0000:0003:FAFFE6FF⟧⟦END:0002:0001⟧ sur un ⟦TAG:0002:0001:06CD⟧⟦TAG:0000:0003:4FBBF1FF⟧bloc⟦TAG:0000:0003:FAFFE6FF⟧⟦END:0002:0001⟧ situé
un cube plus haut que celui où tu es,","Puoi anche ⟦TAG:0002:0001:06CD⟧⟦TAG:0000:0003:FF7417FF⟧saltare⟦TAG:0000:0003:FAFFE6FF⟧⟦END:0002:0001⟧ su un ⟦TAG:0002:0001:06CD⟧⟦TAG:0000:0003:4FBBF1FF⟧blocco⟦TAG:0000:0003:FAFFE6FF⟧⟦END:0002:0001⟧ posto
su un piano più alto rispetto a dove sei","Ayrıca ⟦TAG:0002:0001:06CD⟧⟦TAG:0000:0003:FF7417FF⟧zıplayıp⟦TAG:0000:0003:FAFFE6FF⟧⟦END:0002:0001⟧ bir ⟦TAG:0002:0001:06CD⟧⟦TAG:0000:0003:4FBBF1FF⟧bloğa⟦TAG:0000:0003:FAFFE6FF⟧⟦END:0002:0001⟧ çıkabilirsin;
bir kademe yukarıda olsa da",2,521,2,506,0.971,OK,OK,REVIEWED,Vurgu semantiği ve sığma için kontrol kodları korunarak elle revize edildi.
725,G_How3_02_001,"one square away diagonally towards
either the front or the back!","und der ein Feld schräg nach vorn
oder nach hinten entfernt ist.","¡Y puedes hacerlo tanto hacia delante
como hacia atrás!","tout en te déplaçant d'un cube en
diagonale vers l'avant ou l'arrière.","spostandoti avanti o indietro
di una casella in diagonale!","önde ya da arkada çapraz olarak
bir kare uzakta olsa bile!",2,519,2,457,0.881,OK,OK,REVIEWED,Beş resmî dil karşılaştırılarak elle yerelleştirildi.
726,G_How3_02_002,"You may bump your head, ","Vielleicht stößt du dir ein paar Mal
den Kopf,",Igual te llevas algún coscorrón...,"Tu te cogneras peut-être la tête, ","È molto probabile che sbatterai la testa,","Başını çarpabilirsin,",2,548,1,271,0.495,OK,OK,REVIEWED,Beş resmî dil karşılaştırılarak elle yerelleştirildi.
727,G_How3_02_003,but don't give up. Keep trying!,"aber gib nur nicht auf!
Versuch es einfach weiter!",pero no tires la toalla. ¡Tú sigue!,"mais ne renonce pas pour si peu.
Essaie, jusqu'à ce que tu y arrives !",ma non arrenderti e continua a provare!,ama pes etme. Denemeye devam et!,2,550,1,479,0.871,OK,OK,REVIEWED,Beş resmî dil karşılaştırılarak elle yerelleştirildi.
728,Guide_How4_00,,,,,,,1,0,0,0,0.000,EMPTY,OK,EMPTY,
729,G_How4_00_000,"A ⟦TAG:0002:0001:06CD⟧⟦TAG:0000:0003:4FBBF1FF⟧goal flag⟦TAG:0000:0003:FAFFE6FF⟧⟦END:0002:0001⟧ is proof that you've
already cleared a particular Pullblox.","Eine ⟦TAG:0002:0001:06CD⟧⟦TAG:0000:0003:4FBBF1FF⟧Zielfahne⟦TAG:0000:0003:FAFFE6FF⟧⟦END:0002:0001⟧ zeigt an, dass du ein
bestimmtes Pullblox geschafft hast.","Los Pullblox completados quedarán
marcados con una ⟦TAG:0002:0001:06CD⟧⟦TAG:0000:0003:4FBBF1FF⟧bandera⟦TAG:0000:0003:FAFFE6FF⟧⟦END:0002:0001⟧.","Un ⟦TAG:0002:0001:06CD⟧⟦TAG:0000:0003:4FBBF1FF⟧drapeau d'arrivée⟦TAG:0000:0003:FAFFE6FF⟧⟦END:0002:0001⟧ dans un Pullblox
signifie que tu as déjà terminé celui-ci.","La ⟦TAG:0002:0001:06CD⟧⟦TAG:0000:0003:4FBBF1FF⟧bandiera d'arrivo⟦TAG:0000:0003:FAFFE6FF⟧⟦END:0002:0001⟧ è la prova
che hai completato un Pullblox.","Bir ⟦TAG:0002:0001:06CD⟧⟦TAG:0000:0003:4FBBF1FF⟧hedef bayrağı⟦TAG:0000:0003:FAFFE6FF⟧⟦END:0002:0001⟧, o Pullblox’u daha
önce tamamladığının işaretidir.",2,525,2,485,0.924,OK,OK,REVIEWED,Kontrol kodları kaynakla birebir korunarak elle yerelleştirildi.
730,G_How4_00_001,"When you replay a Pullblox, you've got
to grab the ⟦TAG:0000:0003:4FBBF1FF⟧⟦TAG:0002:0001:06CD⟧⟦TAG:0000:0003:4FBBF1FF⟧goal flag⟦TAG:0000:0003:4FBBF1FF⟧⟦END:0002:0001⟧ ⟦TAG:0000:0003:FAFFE6FF⟧to complete it!","Wiederholst du ein Pullblox, beende es
durch das Einsammeln der ⟦TAG:0000:0003:4FBBF1FF⟧⟦TAG:0002:0001:06CD⟧⟦TAG:0000:0003:4FBBF1FF⟧Zielfahne⟦TAG:0000:0003:4FBBF1FF⟧⟦END:0002:0001⟧⟦TAG:0000:0003:FAFFE6FF⟧.","Si quisieras repetir un Pullblox, deberás
alcanzar la ⟦TAG:0002:0001:06CD⟧⟦TAG:0000:0003:4FBBF1FF⟧bandera⟦TAG:0000:0003:FAFFE6FF⟧⟦END:0002:0001⟧ para completarlo.","Si tu y joues de nouveau, atteins
le ⟦TAG:0002:0001:06CD⟧⟦TAG:0000:0003:4FBBF1FF⟧drapeau d'arrivée⟦TAG:0000:0003:FAFFE6FF⟧⟦END:0002:0001⟧ pour gagner !","Se vuoi giocarci di nuovo, conquista
la ⟦TAG:0000:0003:4FBBF1FF⟧⟦TAG:0002:0001:06CD⟧⟦TAG:0000:0003:4FBBF1FF⟧bandiera d'arrivo⟦TAG:0000:0003:4FBBF1FF⟧⟦END:0002:0001⟧⟦TAG:0000:0003:FAFFE6FF⟧ per vincere!","Tekrar oynarken bitirmek için
⟦TAG:0000:0003:4FBBF1FF⟧⟦TAG:0002:0001:06CD⟧⟦TAG:0000:0003:4FBBF1FF⟧hedef bayrağını⟦TAG:0000:0003:4FBBF1FF⟧⟦END:0002:0001⟧ ⟦TAG:0000:0003:FAFFE6FF⟧ almalısın!",2,536,2,408,0.761,OK,OK,REVIEWED,Kontrol kodları kaynakla birebir korunarak elle yerelleştirildi.
731,Guide_How4_01,,,,,,,1,0,0,0,0.000,EMPTY,OK,EMPTY,
732,G_How4_01_000,⟦TAG:0002:0001:06CD⟧⟦TAG:0000:0003:FF7417FF⟧Jump⟦TAG:0000:0003:FAFFE6FF⟧⟦END:0002:0001⟧ onto a ⟦TAG:0002:0001:06CD⟧⟦TAG:0000:0003:4FBBF1FF⟧reset switch⟦TAG:0000:0003:FAFFE6FF⟧⟦END:0002:0001⟧,"⟦TAG:0002:0001:06CD⟧⟦TAG:0000:0003:FF7417FF⟧Spring⟦TAG:0000:0003:FAFFE6FF⟧⟦END:0002:0001⟧ auf einen ⟦TAG:0002:0001:06CD⟧⟦TAG:0000:0003:4FBBF1FF⟧Rücksetzschalter⟦TAG:0000:0003:FAFFE6FF⟧⟦END:0002:0001⟧,",⟦TAG:0002:0001:06CD⟧⟦TAG:0000:0003:FF7417FF⟧Salta⟦TAG:0000:0003:FAFFE6FF⟧⟦END:0002:0001⟧ sobre los ⟦TAG:0002:0001:06CD⟧⟦TAG:0000:0003:4FBBF1FF⟧Cuadrablox⟦TAG:0000:0003:FAFFE6FF⟧⟦END:0002:0001⟧...,"Si tu ⟦TAG:0002:0001:06CD⟧⟦TAG:0000:0003:FF7417FF⟧sautes⟦TAG:0000:0003:FAFFE6FF⟧⟦END:0002:0001⟧ sur un ⟦TAG:0002:0001:06CD⟧⟦TAG:0000:0003:4FBBF1FF⟧réinitialisateur⟦TAG:0000:0003:FAFFE6FF⟧⟦END:0002:0001⟧,","Se ⟦TAG:0002:0001:06CD⟧⟦TAG:0000:0003:FF7417FF⟧salti⟦TAG:0000:0003:FAFFE6FF⟧⟦END:0002:0001⟧ sopra un ⟦TAG:0002:0001:06CD⟧⟦TAG:0000:0003:4FBBF1FF⟧interruttore reset⟦TAG:0000:0003:FAFFE6FF⟧⟦END:0002:0001⟧,",⟦TAG:0002:0001:06CD⟧⟦TAG:0000:0003:FF7417FF⟧Zıpla⟦TAG:0000:0003:FAFFE6FF⟧⟦END:0002:0001⟧; bir ⟦TAG:0002:0001:06CD⟧⟦TAG:0000:0003:4FBBF1FF⟧sıfırlama düğmesine⟦TAG:0000:0003:FAFFE6FF⟧⟦END:0002:0001⟧ bas,1,483,1,455,0.942,OK,OK,REVIEWED,Kontrol kodları kaynakla birebir korunarak elle yerelleştirildi.
733,G_How4_01_001,"to ⟦TAG:0002:0001:06CD⟧⟦TAG:0000:0003:FF7417FF⟧push in⟦TAG:0000:0003:FAFFE6FF⟧⟦END:0002:0001⟧ all of the ⟦TAG:0002:0001:06CD⟧⟦TAG:0000:0003:4FBBF1FF⟧blocks⟦TAG:0000:0003:FAFFE6FF⟧⟦END:0002:0001⟧ in
a Pullblox.","um alle ⟦TAG:0002:0001:06CD⟧⟦TAG:0000:0003:4FBBF1FF⟧Blöcke⟦TAG:0000:0003:FAFFE6FF⟧⟦END:0002:0001⟧ eines
Pullblox ⟦TAG:0002:0001:06CD⟧⟦TAG:0000:0003:FF7417FF⟧reinzuschieben⟦TAG:0000:0003:FAFFE6FF⟧⟦END:0002:0001⟧.",para ⟦TAG:0002:0001:06CD⟧⟦TAG:0000:0003:FF7417FF⟧cuadrar⟦TAG:0000:0003:FAFFE6FF⟧⟦END:0002:0001⟧ todos los ⟦TAG:0002:0001:06CD⟧⟦TAG:0000:0003:4FBBF1FF⟧bloques⟦TAG:0000:0003:FAFFE6FF⟧⟦END:0002:0001⟧.,"tous les ⟦TAG:0002:0001:06CD⟧⟦TAG:0000:0003:4FBBF1FF⟧blocs⟦TAG:0000:0003:FAFFE6FF⟧⟦END:0002:0001⟧ du Pullblox sont
aussitôt ⟦TAG:0002:0001:06CD⟧⟦TAG:0000:0003:FF7417FF⟧repoussés⟦TAG:0000:0003:FAFFE6FF⟧⟦END:0002:0001⟧ à fond.","⟦TAG:0002:0001:06CD⟧⟦TAG:0000:0003:FF7417FF⟧spingerai⟦TAG:0000:0003:FAFFE6FF⟧⟦END:0002:0001⟧ automaticamente tutti
i ⟦TAG:0002:0001:06CD⟧⟦TAG:0000:0003:4FBBF1FF⟧blocchi⟦TAG:0000:0003:FAFFE6FF⟧⟦END:0002:0001⟧ di un Pullblox fino in fondo.",ve ⟦TAG:0002:0001:06CD⟧⟦TAG:0000:0003:FF7417FF⟧içeri it⟦TAG:0000:0003:FAFFE6FF⟧⟦END:0002:0001⟧: tüm ⟦TAG:0002:0001:06CD⟧⟦TAG:0000:0003:4FBBF1FF⟧blokları⟦TAG:0000:0003:FAFFE6FF⟧⟦END:0002:0001⟧.,2,487,1,319,0.655,OK,OK,REVIEWED,Vurgu semantiği ve sığma için kontrol kodları korunarak elle revize edildi.
734,G_How4_01_002,"Use this when you want to start the
Pullblox again from the beginning.","Betätige ihn, wenn du ein Pullblox
komplett neu beginnen willst.","Úsalos cuando quieras
volver a empezar un Pullblox.","Utilise cet interrupteur quand tu veux
recommencer un Pullblox au début.","Attiva questo interruttore quando
vuoi ricominciare un Pullblox da capo.","Pullblox’a en baştan dönmek
istediğinde bunu kullan.",2,514,2,388,0.755,OK,OK,REVIEWED,Beş resmî dil karşılaştırılarak elle yerelleştirildi.
735,Guide_How4_02,,,,,,,1,0,0,0,0.000,EMPTY,OK,EMPTY,
736,G_How4_02_000,⟦TAG:0002:0001:06CD⟧⟦TAG:0000:0003:FF7417FF⟧Jump⟦TAG:0000:0003:FAFFE6FF⟧⟦END:0002:0001⟧ onto one of these,"⟦TAG:0002:0001:06CD⟧⟦TAG:0000:0003:FF7417FF⟧Spring⟦TAG:0000:0003:FAFFE6FF⟧⟦END:0002:0001⟧ auf einen dieser Schalter,",⟦TAG:0002:0001:06CD⟧⟦TAG:0000:0003:FF7417FF⟧Salta⟦TAG:0000:0003:FAFFE6FF⟧⟦END:0002:0001⟧ sobre estos pulsadores...,⟦TAG:0002:0001:06CD⟧⟦TAG:0000:0003:FF7417FF⟧Saute⟦TAG:0000:0003:FAFFE6FF⟧⟦END:0002:0001⟧ sur l'un de ces interrupteurs,⟦TAG:0002:0001:06CD⟧⟦TAG:0000:0003:FF7417FF⟧Salta⟦TAG:0000:0003:FAFFE6FF⟧⟦END:0002:0001⟧ sopra uno di questi interruttori,⟦TAG:0002:0001:06CD⟧⟦TAG:0000:0003:FF7417FF⟧Zıpla⟦TAG:0000:0003:FAFFE6FF⟧⟦END:0002:0001⟧; bunlardan birine bas,1,503,1,368,0.732,OK,OK,REVIEWED,Vurgu semantiği ve sığma için kontrol kodları korunarak elle revize edildi.
737,G_How4_02_001,"to ⟦TAG:0002:0001:06CD⟧⟦TAG:0000:0003:FF7417FF⟧pull⟦TAG:0000:0003:FAFFE6FF⟧⟦END:0002:0001⟧ all of the ⟦TAG:0002:0001:06CD⟧⟦TAG:0000:0003:4FBBF1FF⟧blocks⟦TAG:0000:0003:FAFFE6FF⟧⟦END:0002:0001⟧ that are
the same colour all of the way out.","um alle ⟦TAG:0002:0001:06CD⟧⟦TAG:0000:0003:4FBBF1FF⟧Blöcke⟦TAG:0000:0003:FAFFE6FF⟧⟦END:0002:0001⟧, die dieselbe Farbe wie
er haben, komplett ⟦TAG:0002:0001:06CD⟧⟦TAG:0000:0003:FF7417FF⟧rauszuziehen⟦TAG:0000:0003:FAFFE6FF⟧⟦END:0002:0001⟧.","para ⟦TAG:0002:0001:06CD⟧⟦TAG:0000:0003:FF7417FF⟧sacar⟦TAG:0000:0003:FAFFE6FF⟧⟦END:0002:0001⟧ al máximo todos
los ⟦TAG:0002:0001:06CD⟧⟦TAG:0000:0003:4FBBF1FF⟧bloques⟦TAG:0000:0003:FAFFE6FF⟧⟦END:0002:0001⟧ que sean del mismo color.","pour ⟦TAG:0002:0001:06CD⟧⟦TAG:0000:0003:FF7417FF⟧tirer⟦TAG:0000:0003:FAFFE6FF⟧⟦END:0002:0001⟧ au maximum tous les
⟦TAG:0002:0001:06CD⟧⟦TAG:0000:0003:4FBBF1FF⟧blocs⟦TAG:0000:0003:FAFFE6FF⟧⟦END:0002:0001⟧ qui ont la même couleur.","per ⟦TAG:0002:0001:06CD⟧⟦TAG:0000:0003:FF7417FF⟧tirare⟦TAG:0000:0003:FAFFE6FF⟧⟦END:0002:0001⟧ di 3 caselle tutti
i ⟦TAG:0002:0001:06CD⟧⟦TAG:0000:0003:4FBBF1FF⟧blocchi⟦TAG:0000:0003:FAFFE6FF⟧⟦END:0002:0001⟧ dello stesso colore.","ve sonuna kadar ⟦TAG:0002:0001:06CD⟧⟦TAG:0000:0003:FF7417FF⟧çek⟦TAG:0000:0003:FAFFE6FF⟧⟦END:0002:0001⟧:
aynı renkli tüm ⟦TAG:0002:0001:06CD⟧⟦TAG:0000:0003:4FBBF1FF⟧blokları⟦TAG:0000:0003:FAFFE6FF⟧⟦END:0002:0001⟧.",2,508,2,328,0.646,OK,OK,REVIEWED,Son piksel genişliği turunda elle kısaltıldı.
738,G_How4_02_002,A ⟦TAG:0002:0001:06CD⟧⟦TAG:0000:0003:4FBBF1FF⟧block⟦TAG:0000:0003:FAFFE6FF⟧⟦END:0002:0001⟧ you can't move yourself,"Ein ⟦TAG:0002:0001:06CD⟧⟦TAG:0000:0003:4FBBF1FF⟧Block⟦TAG:0000:0003:FAFFE6FF⟧⟦END:0002:0001⟧, den du nicht selbst
bewegen kannst,",Hay ⟦TAG:0002:0001:06CD⟧⟦TAG:0000:0003:4FBBF1FF⟧bloques⟦TAG:0000:0003:FAFFE6FF⟧⟦END:0002:0001⟧ que no podrás mover...,"Un ⟦TAG:0002:0001:06CD⟧⟦TAG:0000:0003:4FBBF1FF⟧bloc⟦TAG:0000:0003:FAFFE6FF⟧⟦END:0002:0001⟧ que tu ne pourrais
pas aller déplacer toi-même","Un ⟦TAG:0002:0001:06CD⟧⟦TAG:0000:0003:4FBBF1FF⟧blocco⟦TAG:0000:0003:FAFFE6FF⟧⟦END:0002:0001⟧ che non puoi
spostare da solo,",Kendi oynatamadığın bir ⟦TAG:0002:0001:06CD⟧⟦TAG:0000:0003:4FBBF1FF⟧blok⟦TAG:0000:0003:FAFFE6FF⟧⟦END:0002:0001⟧ bile,2,474,1,458,0.966,OK,OK,REVIEWED,Vurgu semantiği ve sığma için kontrol kodları korunarak elle revize edildi.
739,G_How4_02_003,can be ⟦TAG:0002:0001:06CD⟧⟦TAG:0000:0003:FF7417FF⟧pulled out⟦TAG:0000:0003:FAFFE6FF⟧⟦END:0002:0001⟧ by this nifty gadget!,"kann mit dieser fantastischen
Vorrichtung ⟦TAG:0002:0001:06CD⟧⟦TAG:0000:0003:FF7417FF⟧rausgezogen⟦TAG:0000:0003:FAFFE6FF⟧⟦END:0002:0001⟧ werden!","¡a menos que uses este invento
para ⟦TAG:0002:0001:06CD⟧⟦TAG:0000:0003:FF7417FF⟧sacarlos⟦TAG:0000:0003:FAFFE6FF⟧⟦END:0002:0001⟧!","peut facilement être ⟦TAG:0002:0001:06CD⟧⟦TAG:0000:0003:FF7417FF⟧tiré⟦TAG:0000:0003:FAFFE6FF⟧⟦END:0002:0001⟧ grâce
à cet ingénieux mécanisme !","può essere ⟦TAG:0002:0001:06CD⟧⟦TAG:0000:0003:FF7417FF⟧tirato⟦TAG:0000:0003:FAFFE6FF⟧⟦END:0002:0001⟧ grazie a questo
ingegnoso congegno!",bu düzenekle ⟦TAG:0002:0001:06CD⟧⟦TAG:0000:0003:FF7417FF⟧çekilebilir⟦TAG:0000:0003:FAFFE6FF⟧⟦END:0002:0001⟧!,2,515,1,332,0.645,OK,OK,REVIEWED,Vurgu semantiği ve sığma için kontrol kodları korunarak elle revize edildi.
740,Guide_How4_03,,,,,,,1,0,0,0,0.000,EMPTY,OK,EMPTY,
741,G_How4_03_000,"If you ⟦TAG:0002:0001:06CD⟧⟦TAG:0000:0003:FF7417FF⟧jump⟦TAG:0000:0003:FAFFE6FF⟧⟦END:0002:0001⟧ into one of these,","⟦TAG:0002:0001:06CD⟧⟦TAG:0000:0003:FF7417FF⟧Spring⟦TAG:0000:0003:FAFFE6FF⟧⟦END:0002:0001⟧ in einen von diesen
⟦TAG:0002:0001:06CD⟧⟦TAG:0000:0003:4FBBF1FF⟧Einstiegen⟦TAG:0000:0003:FAFFE6FF⟧⟦END:0002:0001⟧ hinein","Si ⟦TAG:0002:0001:06CD⟧⟦TAG:0000:0003:FF7417FF⟧saltas⟦TAG:0000:0003:FAFFE6FF⟧⟦END:0002:0001⟧ en uno de estos
cuando está abierto...","⟦TAG:0002:0001:06CD⟧⟦TAG:0000:0003:FF7417FF⟧Saute⟦TAG:0000:0003:FAFFE6FF⟧⟦END:0002:0001⟧ dans l'ouverture
d'un de ces mécanismes","⟦TAG:0002:0001:06CD⟧⟦TAG:0000:0003:FF7417FF⟧Salta⟦TAG:0000:0003:FAFFE6FF⟧⟦END:0002:0001⟧ dentro uno di questi
congegni quando è aperto","Bunlardan birine ⟦TAG:0002:0001:06CD⟧⟦TAG:0000:0003:FF7417FF⟧zıplarsan⟦TAG:0000:0003:FAFFE6FF⟧⟦END:0002:0001⟧,",2,392,1,372,0.949,OK,OK,REVIEWED,Vurgu semantiği ve sığma için kontrol kodları korunarak elle revize edildi.
742,G_How4_03_001,"you'll come out of the
matching ⟦TAG:0002:0001:06CD⟧⟦TAG:0000:0003:4FBBF1FF⟧manhole⟦TAG:0000:0003:FAFFE6FF⟧⟦END:0002:0001⟧!","und du kommst aus dem dazu
passenden ⟦TAG:0002:0001:06CD⟧⟦TAG:0000:0003:4FBBF1FF⟧Einstieg⟦TAG:0000:0003:FAFFE6FF⟧⟦END:0002:0001⟧ raus!","¡saldrás por el ⟦TAG:0002:0001:06CD⟧⟦TAG:0000:0003:4FBBF1FF⟧Condublox⟦TAG:0000:0003:FAFFE6FF⟧⟦END:0002:0001⟧
que le corresponde!","et tu ressortiras par le second
⟦TAG:0002:0001:06CD⟧⟦TAG:0000:0003:4FBBF1FF⟧puits à échelle⟦TAG:0000:0003:FAFFE6FF⟧⟦END:0002:0001⟧ qui lui est relié !",e uscirai dalla ⟦TAG:0002:0001:06CD⟧⟦TAG:0000:0003:4FBBF1FF⟧botola⟦TAG:0000:0003:FAFFE6FF⟧⟦END:0002:0001⟧ a cui è collegato!,"eşleşen ⟦TAG:0002:0001:06CD⟧⟦TAG:0000:0003:4FBBF1FF⟧geçitten⟦TAG:0000:0003:FAFFE6FF⟧⟦END:0002:0001⟧
çıkarsın!",2,525,2,219,0.417,OK,OK,REVIEWED,Kontrol kodları kaynakla birebir korunarak elle yerelleştirildi.
743,G_How4_03_002,"You can't get into one of these
when the lid is closed, though.","Wenn ihr Deckel geschlossen ist,
kannst du sie allerdings nicht betreten.","Pero ya ves que para poder entrar,
las tapaderas deben estar abiertas.","Mais tu ne peux pas emprunter ce
passage si l'écoutille est fermée.","Ma sappi che non puoi entrarci
quando il coperchio è chiuso.","Ama kapağı kapalıyken
bunlardan birine giremezsin.",2,533,2,388,0.728,OK,OK,REVIEWED,Beş resmî dil karşılaştırılarak elle yerelleştirildi.
744,Guide_How4_04,,,,,,,1,0,0,0,0.000,EMPTY,OK,EMPTY,
745,G_How4_04_000,"This is just like a regular ⟦TAG:0002:0001:06CD⟧⟦TAG:0000:0003:4FBBF1FF⟧manhole⟦TAG:0000:0003:FAFFE6FF⟧⟦END:0002:0001⟧,
except that it's upside down.","Dieser hier funktioniert wie ein normaler
⟦TAG:0002:0001:06CD⟧⟦TAG:0000:0003:4FBBF1FF⟧Einstieg⟦TAG:0000:0003:FAFFE6FF⟧⟦END:0002:0001⟧, er ist nur an der Decke.","Este es un ⟦TAG:0002:0001:06CD⟧⟦TAG:0000:0003:4FBBF1FF⟧Condublox⟦TAG:0000:0003:FAFFE6FF⟧⟦END:0002:0001⟧ corriente
y moliente, pero está al revés.","C'est comme un ⟦TAG:0002:0001:06CD⟧⟦TAG:0000:0003:4FBBF1FF⟧puits à échelle⟦TAG:0000:0003:FAFFE6FF⟧⟦END:0002:0001⟧, à part
que la trappe s'ouvre par en dessous.","È come una normale ⟦TAG:0002:0001:06CD⟧⟦TAG:0000:0003:4FBBF1FF⟧botola⟦TAG:0000:0003:FAFFE6FF⟧⟦END:0002:0001⟧, solo
che il coperchio si apre dall'alto.","Bu, normal bir ⟦TAG:0002:0001:06CD⟧⟦TAG:0000:0003:4FBBF1FF⟧geçit⟦TAG:0000:0003:FAFFE6FF⟧⟦END:0002:0001⟧ gibidir;
tek farkı baş aşağı olmasıdır.",2,555,2,395,0.712,OK,OK,REVIEWED,Kontrol kodları kaynakla birebir korunarak elle yerelleştirildi.
746,G_How4_04_001,"⟦TAG:0002:0001:06CD⟧⟦TAG:0000:0003:FF7417FF⟧Jump⟦TAG:0000:0003:FAFFE6FF⟧⟦END:0002:0001⟧ up from beneath
one of these to enter it.","⟦TAG:0002:0001:06CD⟧⟦TAG:0000:0003:FF7417FF⟧Spring⟦TAG:0000:0003:FAFFE6FF⟧⟦END:0002:0001⟧ von unten hinein, wenn du dich
unterhalb des ⟦TAG:0002:0001:06CD⟧⟦TAG:0000:0003:4FBBF1FF⟧Einstiegs⟦TAG:0000:0003:FAFFE6FF⟧⟦END:0002:0001⟧ befindest.",Ponte debajo y ⟦TAG:0002:0001:06CD⟧⟦TAG:0000:0003:FF7417FF⟧salta⟦TAG:0000:0003:FAFFE6FF⟧⟦END:0002:0001⟧ para entrar.,"Pour rentrer à l'intérieur, tu dois
te placer en dessous et ⟦TAG:0002:0001:06CD⟧⟦TAG:0000:0003:FF7417FF⟧sauter⟦TAG:0000:0003:FAFFE6FF⟧⟦END:0002:0001⟧.","⟦TAG:0002:0001:06CD⟧⟦TAG:0000:0003:FF7417FF⟧Salta⟦TAG:0000:0003:FAFFE6FF⟧⟦END:0002:0001⟧ dal basso verso l'alto
per entrarci.","⟦TAG:0002:0001:06CD⟧⟦TAG:0000:0003:FF7417FF⟧Zıpla⟦TAG:0000:0003:FAFFE6FF⟧⟦END:0002:0001⟧; bunlardan birine
alttan gir.",2,512,2,315,0.615,OK,OK,REVIEWED,Kontrol kodları kaynakla birebir korunarak elle yerelleştirildi.
747,G_How4_04_002,"Not sure where to stand for the ⟦TAG:0002:0001:06CD⟧⟦TAG:0000:0003:FF7417FF⟧jump⟦TAG:0000:0003:FAFFE6FF⟧⟦END:0002:0001⟧?
Just look for the white shaft of light!","Du weißt nicht, von wo aus du ⟦TAG:0002:0001:06CD⟧⟦TAG:0000:0003:FF7417FF⟧springen⟦TAG:0000:0003:FAFFE6FF⟧⟦END:0002:0001⟧
sollst? Achte auf den Lichtkegel!","Si no tienes claro desde dónde saltar,
¡ponte debajo del haz de luz!","Tu peux repérer l'endroit où te placer
grâce au petit rond de lumière blanc !","Non sai dove posizionarti per il ⟦TAG:0002:0001:06CD⟧⟦TAG:0000:0003:FF7417FF⟧salto⟦TAG:0000:0003:FAFFE6FF⟧⟦END:0002:0001⟧?
Basta cercare il fascio di luce bianca!","Nereden ⟦TAG:0002:0001:06CD⟧⟦TAG:0000:0003:FF7417FF⟧zıplayacağını⟦TAG:0000:0003:FAFFE6FF⟧⟦END:0002:0001⟧
bilmiyor musun? Beyaz ışığı bul!",2,519,2,423,0.815,OK,OK,REVIEWED,Vurgu semantiği ve sığma için kontrol kodları korunarak elle revize edildi.
748,G_How4_04_003,"Don't forget that even if the one you're
trying to reach is two squares up,","Selbst, wenn sich dein anvisierter Ein-
stieg zwei Felder weiter oben befindet,","Recuerda que aunque esté dos niveles
más alto...","Et même si l'ouverture que tu veux
atteindre est à deux cubes de hauteur,","Ricorda che anche se la ⟦TAG:0002:0001:06CD⟧⟦TAG:0000:0003:4FBBF1FF⟧botola⟦TAG:0000:0003:FAFFE6FF⟧⟦END:0002:0001⟧
si trova due caselle più in alto,","Ulaşmaya çalıştığın yer iki kare
yukarıda olsa bile unutma,",2,533,2,430,0.807,OK,OK,REVIEWED,Beş resmî dil karşılaştırılarak elle yerelleştirildi.
749,G_How4_04_004,you can still ⟦TAG:0002:0001:06CD⟧⟦TAG:0000:0003:FF7417FF⟧jump⟦TAG:0000:0003:FAFFE6FF⟧⟦END:0002:0001⟧ up into it!,"kannst du trotzdem in
ihn ⟦TAG:0002:0001:06CD⟧⟦TAG:0000:0003:FF7417FF⟧reinspringen⟦TAG:0000:0003:FAFFE6FF⟧⟦END:0002:0001⟧!",¡podrás ⟦TAG:0002:0001:06CD⟧⟦TAG:0000:0003:FF7417FF⟧saltar⟦TAG:0000:0003:FAFFE6FF⟧⟦END:0002:0001⟧ para entrar!,"ne t'inquiète pas : tu réussiras
quand même à y rentrer en ⟦TAG:0002:0001:06CD⟧⟦TAG:0000:0003:FF7417FF⟧sautant⟦TAG:0000:0003:FAFFE6FF⟧⟦END:0002:0001⟧ !","puoi comunque raggiungerla spiccando
un ⟦TAG:0002:0001:06CD⟧⟦TAG:0000:0003:FF7417FF⟧salto⟦TAG:0000:0003:FAFFE6FF⟧⟦END:0002:0001⟧ ed entrandoci dentro!",yine de içine ⟦TAG:0002:0001:06CD⟧⟦TAG:0000:0003:FF7417FF⟧zıplayabilirsin⟦TAG:0000:0003:FAFFE6FF⟧⟦END:0002:0001⟧!,2,523,1,383,0.732,OK,OK,REVIEWED,Kontrol kodları kaynakla birebir korunarak elle yerelleştirildi.
750,Guide_How5_00,,,,,,,1,0,0,0,0.000,EMPTY,OK,EMPTY,
751,G_How5_00_000,"You can ⟦TAG:0002:0001:06CD⟧⟦TAG:0000:0003:FF7417FF⟧jump⟦TAG:0000:0003:FAFFE6FF⟧⟦END:0002:0001⟧ one square high and
⟦TAG:0002:0001:06CD⟧⟦TAG:0000:0003:FF7417FF⟧jump⟦TAG:0000:0003:FAFFE6FF⟧⟦END:0002:0001⟧ across gaps one square wide.","Du kannst ein Feld hoch ⟦TAG:0002:0001:06CD⟧⟦TAG:0000:0003:FF7417FF⟧springen⟦TAG:0000:0003:FAFFE6FF⟧⟦END:0002:0001⟧ und
ein Feld breite Lücken ⟦TAG:0002:0001:06CD⟧⟦TAG:0000:0003:FF7417FF⟧überspringen⟦TAG:0000:0003:FAFFE6FF⟧⟦END:0002:0001⟧.","Puedes dar ⟦TAG:0002:0001:06CD⟧⟦TAG:0000:0003:FF7417FF⟧saltos⟦TAG:0000:0003:FAFFE6FF⟧⟦END:0002:0001⟧ sencillos
hacia arriba y hacia los lados.","En ⟦TAG:0002:0001:06CD⟧⟦TAG:0000:0003:FF7417FF⟧sautant⟦TAG:0000:0003:FAFFE6FF⟧⟦END:0002:0001⟧, tu peux monter d'un cube
et franchir un fossé large d'un cube.","Puoi ⟦TAG:0002:0001:06CD⟧⟦TAG:0000:0003:FF7417FF⟧saltare⟦TAG:0000:0003:FAFFE6FF⟧⟦END:0002:0001⟧ in alto e oltre un vuoto per
una lunghezza pari a una casella.","Bir kare yukarı ⟦TAG:0002:0001:06CD⟧⟦TAG:0000:0003:FF7417FF⟧zıplayabilir⟦TAG:0000:0003:FAFFE6FF⟧⟦END:0002:0001⟧ ve bir kare
genişliğindeki boşluğu ⟦TAG:0002:0001:06CD⟧⟦TAG:0000:0003:FF7417FF⟧atlayabilirsin⟦TAG:0000:0003:FAFFE6FF⟧⟦END:0002:0001⟧.",2,535,2,526,0.983,OK,OK,REVIEWED,Kontrol kodları kaynakla birebir korunarak elle yerelleştirildi.
752,G_How5_00_001,"You can ⟦TAG:0002:0001:06CD⟧⟦TAG:0000:0003:FF7417FF⟧jump⟦TAG:0000:0003:FAFFE6FF⟧⟦END:0002:0001⟧ across gaps two squares
wide if you're moving to a lower place.","Auf dem Weg abwärts kannst du zwei
Felder breite Lücken ⟦TAG:0002:0001:06CD⟧⟦TAG:0000:0003:FF7417FF⟧überspringen⟦TAG:0000:0003:FAFFE6FF⟧⟦END:0002:0001⟧.","Puedes ⟦TAG:0002:0001:06CD⟧⟦TAG:0000:0003:FF7417FF⟧saltar⟦TAG:0000:0003:FAFFE6FF⟧⟦END:0002:0001⟧ huecos dobles
cuando saltas hacia abajo.","En ⟦TAG:0002:0001:06CD⟧⟦TAG:0000:0003:FF7417FF⟧sautant⟦TAG:0000:0003:FAFFE6FF⟧⟦END:0002:0001⟧ vers un endroit plus bas, tu
peux franchir un fossé de deux cubes.","⟦TAG:0002:0001:06CD⟧⟦TAG:0000:0003:FF7417FF⟧Saltando⟦TAG:0000:0003:FAFFE6FF⟧⟦END:0002:0001⟧ verso un punto più basso,
puoi superare un vuoto di 2 caselle.","Alçağa iniyorsan iki karelik boşluğu
⟦TAG:0002:0001:06CD⟧⟦TAG:0000:0003:FF7417FF⟧atlayabilirsin⟦TAG:0000:0003:FAFFE6FF⟧⟦END:0002:0001⟧.",2,519,2,488,0.940,OK,OK,REVIEWED,Kontrol kodları kaynakla birebir korunarak elle yerelleştirildi.
753,Guide_How5_01,,,,,,,1,0,0,0,0.000,EMPTY,OK,EMPTY,
754,G_How5_01_000,"You can ⟦TAG:0002:0001:06CD⟧⟦TAG:0000:0003:FF7417FF⟧jump⟦TAG:0000:0003:FAFFE6FF⟧⟦END:0002:0001⟧ diagonally backwards
and land on a higher ⟦TAG:0002:0001:06CD⟧⟦TAG:0000:0003:4FBBF1FF⟧block⟦TAG:0000:0003:FAFFE6FF⟧⟦END:0002:0001⟧.","Du kannst schräg nach hinten auf
einen höheren ⟦TAG:0002:0001:06CD⟧⟦TAG:0000:0003:4FBBF1FF⟧Block⟦TAG:0000:0003:FAFFE6FF⟧⟦END:0002:0001⟧ ⟦TAG:0002:0001:06CD⟧⟦TAG:0000:0003:FF7417FF⟧springen⟦TAG:0000:0003:FAFFE6FF⟧⟦END:0002:0001⟧.","Puedes ⟦TAG:0002:0001:06CD⟧⟦TAG:0000:0003:FF7417FF⟧saltar⟦TAG:0000:0003:FAFFE6FF⟧⟦END:0002:0001⟧ hacia atrás ⟦TAG:0002:0001:06CD⟧⟦TAG:0000:0003:FF7417FF⟧en diagonal⟦TAG:0000:0003:FAFFE6FF⟧⟦END:0002:0001⟧
y subir un nivel.","Tu peux ⟦TAG:0002:0001:06CD⟧⟦TAG:0000:0003:FF7417FF⟧sauter en biais⟦TAG:0000:0003:FAFFE6FF⟧⟦END:0002:0001⟧ vers l'arrière
et atterrir un cube plus haut.","Puoi ⟦TAG:0002:0001:06CD⟧⟦TAG:0000:0003:FF7417FF⟧saltare in diagonale⟦TAG:0000:0003:FAFFE6FF⟧⟦END:0002:0001⟧ all'interno
e atterrare sopra un ⟦TAG:0002:0001:06CD⟧⟦TAG:0000:0003:4FBBF1FF⟧blocco⟦TAG:0000:0003:FAFFE6FF⟧⟦END:0002:0001⟧ più alto.","Çapraz geriye doğru ⟦TAG:0002:0001:06CD⟧⟦TAG:0000:0003:FF7417FF⟧zıplayıp⟦TAG:0000:0003:FAFFE6FF⟧⟦END:0002:0001⟧
daha yüksek bir ⟦TAG:0002:0001:06CD⟧⟦TAG:0000:0003:4FBBF1FF⟧bloğa⟦TAG:0000:0003:FAFFE6FF⟧⟦END:0002:0001⟧ inebilirsin.",2,516,2,449,0.870,OK,OK,REVIEWED,Kontrol kodları kaynakla birebir korunarak elle yerelleştirildi.
755,G_How5_01_001,"You can also ⟦TAG:0002:0001:06CD⟧⟦TAG:0000:0003:FF7417FF⟧jump⟦TAG:0000:0003:FAFFE6FF⟧⟦END:0002:0001⟧ diagonally forwards
and land on a higher ⟦TAG:0002:0001:06CD⟧⟦TAG:0000:0003:4FBBF1FF⟧block⟦TAG:0000:0003:FAFFE6FF⟧⟦END:0002:0001⟧.","Du kannst schräg nach vorn auf
einen höheren ⟦TAG:0002:0001:06CD⟧⟦TAG:0000:0003:4FBBF1FF⟧Block⟦TAG:0000:0003:FAFFE6FF⟧⟦END:0002:0001⟧ ⟦TAG:0002:0001:06CD⟧⟦TAG:0000:0003:FF7417FF⟧springen⟦TAG:0000:0003:FAFFE6FF⟧⟦END:0002:0001⟧.","Puedes ⟦TAG:0002:0001:06CD⟧⟦TAG:0000:0003:FF7417FF⟧saltar⟦TAG:0000:0003:FAFFE6FF⟧⟦END:0002:0001⟧ hacia delante
⟦TAG:0002:0001:06CD⟧⟦TAG:0000:0003:FF7417FF⟧en diagonal⟦TAG:0000:0003:FAFFE6FF⟧⟦END:0002:0001⟧ y subir un nivel.","Tu peux ⟦TAG:0002:0001:06CD⟧⟦TAG:0000:0003:FF7417FF⟧sauter en biais⟦TAG:0000:0003:FAFFE6FF⟧⟦END:0002:0001⟧ vers l'avant
et atterrir un cube plus haut.","Puoi ⟦TAG:0002:0001:06CD⟧⟦TAG:0000:0003:FF7417FF⟧saltare in diagonale⟦TAG:0000:0003:FAFFE6FF⟧⟦END:0002:0001⟧ all'esterno
e atterrare sopra un ⟦TAG:0002:0001:06CD⟧⟦TAG:0000:0003:4FBBF1FF⟧blocco⟦TAG:0000:0003:FAFFE6FF⟧⟦END:0002:0001⟧ più alto.","Çapraz ileri doğru da ⟦TAG:0002:0001:06CD⟧⟦TAG:0000:0003:FF7417FF⟧zıplayıp⟦TAG:0000:0003:FAFFE6FF⟧⟦END:0002:0001⟧
daha yüksek bir ⟦TAG:0002:0001:06CD⟧⟦TAG:0000:0003:4FBBF1FF⟧bloğa⟦TAG:0000:0003:FAFFE6FF⟧⟦END:0002:0001⟧ inebilirsin.",2,522,2,449,0.860,OK,OK,REVIEWED,Kontrol kodları kaynakla birebir korunarak elle yerelleştirildi.
756,Guide_How5_02,,,,,,,1,0,0,0,0.000,EMPTY,OK,EMPTY,
757,G_How5_02_000,"You can ⟦TAG:0002:0001:06CD⟧⟦TAG:0000:0003:FF7417FF⟧jump⟦TAG:0000:0003:FAFFE6FF⟧⟦END:0002:0001⟧ diagonally backwards
and land on a ⟦TAG:0002:0001:06CD⟧⟦TAG:0000:0003:4FBBF1FF⟧block⟦TAG:0000:0003:FAFFE6FF⟧⟦END:0002:0001⟧ at the same level.","Du kannst schräg nach hinten auf
einen gleichhohen ⟦TAG:0002:0001:06CD⟧⟦TAG:0000:0003:4FBBF1FF⟧Block⟦TAG:0000:0003:FAFFE6FF⟧⟦END:0002:0001⟧ ⟦TAG:0002:0001:06CD⟧⟦TAG:0000:0003:FF7417FF⟧springen⟦TAG:0000:0003:FAFFE6FF⟧⟦END:0002:0001⟧.","Puedes ⟦TAG:0002:0001:06CD⟧⟦TAG:0000:0003:FF7417FF⟧saltar⟦TAG:0000:0003:FAFFE6FF⟧⟦END:0002:0001⟧ hacia atrás ⟦TAG:0002:0001:06CD⟧⟦TAG:0000:0003:FF7417FF⟧en diagonal⟦TAG:0000:0003:FAFFE6FF⟧⟦END:0002:0001⟧
y quedarte en el mismo nivel.","Tu peux ⟦TAG:0002:0001:06CD⟧⟦TAG:0000:0003:FF7417FF⟧sauter en biais⟦TAG:0000:0003:FAFFE6FF⟧⟦END:0002:0001⟧ vers l'arrière et
atterrir sur un cube à la même hauteur.","Puoi ⟦TAG:0002:0001:06CD⟧⟦TAG:0000:0003:FF7417FF⟧saltare in diagonale⟦TAG:0000:0003:FAFFE6FF⟧⟦END:0002:0001⟧ all'interno e
finire su un ⟦TAG:0002:0001:06CD⟧⟦TAG:0000:0003:4FBBF1FF⟧blocco⟦TAG:0000:0003:FAFFE6FF⟧⟦END:0002:0001⟧ alla stessa altezza.","Çapraz geriye doğru ⟦TAG:0002:0001:06CD⟧⟦TAG:0000:0003:FF7417FF⟧zıplayıp⟦TAG:0000:0003:FAFFE6FF⟧⟦END:0002:0001⟧
aynı seviyedeki bir ⟦TAG:0002:0001:06CD⟧⟦TAG:0000:0003:4FBBF1FF⟧bloğa⟦TAG:0000:0003:FAFFE6FF⟧⟦END:0002:0001⟧ inebilirsin.",2,531,2,489,0.921,OK,OK,REVIEWED,Kontrol kodları kaynakla birebir korunarak elle yerelleştirildi.
758,G_How5_02_001,"You can also ⟦TAG:0002:0001:06CD⟧⟦TAG:0000:0003:FF7417FF⟧jump⟦TAG:0000:0003:FAFFE6FF⟧⟦END:0002:0001⟧ diagonally forwards
and land on a ⟦TAG:0002:0001:06CD⟧⟦TAG:0000:0003:4FBBF1FF⟧block⟦TAG:0000:0003:FAFFE6FF⟧⟦END:0002:0001⟧ at the same level.","Du kannst schräg nach vorn auf
einen gleichhohen ⟦TAG:0002:0001:06CD⟧⟦TAG:0000:0003:4FBBF1FF⟧Block⟦TAG:0000:0003:FAFFE6FF⟧⟦END:0002:0001⟧ ⟦TAG:0002:0001:06CD⟧⟦TAG:0000:0003:FF7417FF⟧springen⟦TAG:0000:0003:FAFFE6FF⟧⟦END:0002:0001⟧.","Puedes ⟦TAG:0002:0001:06CD⟧⟦TAG:0000:0003:FF7417FF⟧saltar⟦TAG:0000:0003:FAFFE6FF⟧⟦END:0002:0001⟧ hacia delante ⟦TAG:0002:0001:06CD⟧⟦TAG:0000:0003:FF7417FF⟧en⟦TAG:0000:0003:FAFFE6FF⟧⟦END:0002:0001⟧
⟦TAG:0002:0001:06CD⟧⟦TAG:0000:0003:FF7417FF⟧diagonal⟦TAG:0000:0003:FAFFE6FF⟧⟦END:0002:0001⟧ y quedarte en el mismo nivel.","Tu peux ⟦TAG:0002:0001:06CD⟧⟦TAG:0000:0003:FF7417FF⟧sauter en biais⟦TAG:0000:0003:FAFFE6FF⟧⟦END:0002:0001⟧ vers l'avant et
atterrir sur un cube à la même hauteur.","Puoi ⟦TAG:0002:0001:06CD⟧⟦TAG:0000:0003:FF7417FF⟧saltare in diagonale⟦TAG:0000:0003:FAFFE6FF⟧⟦END:0002:0001⟧ all'esterno e
finire su un ⟦TAG:0002:0001:06CD⟧⟦TAG:0000:0003:4FBBF1FF⟧blocco⟦TAG:0000:0003:FAFFE6FF⟧⟦END:0002:0001⟧ alla stessa altezza.","Çapraz ileri doğru da ⟦TAG:0002:0001:06CD⟧⟦TAG:0000:0003:FF7417FF⟧zıplayıp⟦TAG:0000:0003:FAFFE6FF⟧⟦END:0002:0001⟧
aynı seviyedeki bir ⟦TAG:0002:0001:06CD⟧⟦TAG:0000:0003:4FBBF1FF⟧bloğa⟦TAG:0000:0003:FAFFE6FF⟧⟦END:0002:0001⟧ inebilirsin.",2,531,2,489,0.921,OK,OK,REVIEWED,Kontrol kodları kaynakla birebir korunarak elle yerelleştirildi.
759,Guide_How5_03,,,,,,,1,0,0,0,0.000,EMPTY,OK,EMPTY,
760,G_How5_03_000,"You can complete ⟦TAG:0002:0001:06CD⟧⟦TAG:0000:0003:FF7417FF⟧jumps⟦TAG:0000:0003:FAFFE6FF⟧⟦END:0002:0001⟧ even when it
looks like you might bump your head.","⟦TAG:0002:0001:06CD⟧⟦TAG:0000:0003:FF7417FF⟧Sprünge⟦TAG:0000:0003:FAFFE6FF⟧⟦END:0002:0001⟧ können auch dann klappen,
wenn es nach oben eng aussieht.","Puedes ⟦TAG:0002:0001:06CD⟧⟦TAG:0000:0003:FF7417FF⟧saltar⟦TAG:0000:0003:FAFFE6FF⟧⟦END:0002:0001⟧ sin problema, aunque
veas que vas a darte un coscorrón.","Même si tu risques de te cogner la tête
à un obstacle, tu peux réussir un ⟦TAG:0002:0001:06CD⟧⟦TAG:0000:0003:FF7417FF⟧saut⟦TAG:0000:0003:FAFFE6FF⟧⟦END:0002:0001⟧.","Puoi fare un ⟦TAG:0002:0001:06CD⟧⟦TAG:0000:0003:FF7417FF⟧salto⟦TAG:0000:0003:FAFFE6FF⟧⟦END:0002:0001⟧ anche se ti sembra
di andare a sbattere la testa.","Başını çarpacakmışsın gibi görünse
bile ⟦TAG:0002:0001:06CD⟧⟦TAG:0000:0003:FF7417FF⟧zıplayışı⟦TAG:0000:0003:FAFFE6FF⟧⟦END:0002:0001⟧ tamamlayabilirsin.",2,518,2,469,0.905,OK,OK,REVIEWED,Kontrol kodları kaynakla birebir korunarak elle yerelleştirildi.
761,Guide_How5_04,,,,,,,1,0,0,0,0.000,EMPTY,OK,EMPTY,
762,G_How5_04_000,"A well-timed ⟦TAG:0002:0001:06CD⟧⟦TAG:0000:0003:FF7417FF⟧jump⟦TAG:0000:0003:FAFFE6FF⟧⟦END:0002:0001⟧ can land you in
places you can't reach otherwise.","Mit einem perfekten ⟦TAG:0002:0001:06CD⟧⟦TAG:0000:0003:FF7417FF⟧Sprung⟦TAG:0000:0003:FAFFE6FF⟧⟦END:0002:0001⟧ kannst du
Orte erreichen, die sonst tabu wären.","Un ⟦TAG:0002:0001:06CD⟧⟦TAG:0000:0003:FF7417FF⟧salto⟦TAG:0000:0003:FAFFE6FF⟧⟦END:0002:0001⟧ bien completado puede
colocarte en sitios de difícil acceso.","Un ⟦TAG:0002:0001:06CD⟧⟦TAG:0000:0003:FF7417FF⟧saut⟦TAG:0000:0003:FAFFE6FF⟧⟦END:0002:0001⟧ bien contrôlé permet d'atterrir
à des endroits autrement inaccessibles.","Con un ⟦TAG:0002:0001:06CD⟧⟦TAG:0000:0003:FF7417FF⟧salto⟦TAG:0000:0003:FAFFE6FF⟧⟦END:0002:0001⟧ ben calibrato, puoi rag-
giungere luoghi altrimenti inaccessibili.","İyi bir ⟦TAG:0002:0001:06CD⟧⟦TAG:0000:0003:FF7417FF⟧zıplayış⟦TAG:0000:0003:FAFFE6FF⟧⟦END:0002:0001⟧, başka türlü
ulaşamayacağın yerlere götürür.",2,534,2,445,0.833,OK,OK,REVIEWED,Kontrol kodları kaynakla birebir korunarak elle yerelleştirildi.
763,Guide_How5_05,,,,,,,1,0,0,0,0.000,EMPTY,OK,EMPTY,
764,G_How5_05_000,"You can ⟦TAG:0002:0001:06CD⟧⟦TAG:0000:0003:FF7417FF⟧jump⟦TAG:0000:0003:FAFFE6FF⟧⟦END:0002:0001⟧ between ⟦TAG:0002:0001:06CD⟧⟦TAG:0000:0003:4FBBF1FF⟧blocks⟦TAG:0000:0003:FAFFE6FF⟧⟦END:0002:0001⟧ at the
very back and ⟦TAG:0002:0001:06CD⟧⟦TAG:0000:0003:4FBBF1FF⟧blocks⟦TAG:0000:0003:FAFFE6FF⟧⟦END:0002:0001⟧ at the very front.","Du kannst zwischen ⟦TAG:0002:0001:06CD⟧⟦TAG:0000:0003:4FBBF1FF⟧Blöcken⟦TAG:0000:0003:FAFFE6FF⟧⟦END:0002:0001⟧ ganz vorn
und ganz hinten ⟦TAG:0002:0001:06CD⟧⟦TAG:0000:0003:FF7417FF⟧hin- und herspringen⟦TAG:0000:0003:FAFFE6FF⟧⟦END:0002:0001⟧.","Puedes ⟦TAG:0002:0001:06CD⟧⟦TAG:0000:0003:FF7417FF⟧saltar⟦TAG:0000:0003:FAFFE6FF⟧⟦END:0002:0001⟧ entre ⟦TAG:0002:0001:06CD⟧⟦TAG:0000:0003:4FBBF1FF⟧bloques⟦TAG:0000:0003:FAFFE6FF⟧⟦END:0002:0001⟧ que están
atrás y ⟦TAG:0002:0001:06CD⟧⟦TAG:0000:0003:4FBBF1FF⟧bloques⟦TAG:0000:0003:FAFFE6FF⟧⟦END:0002:0001⟧ que están delante.","Tu peux ⟦TAG:0002:0001:06CD⟧⟦TAG:0000:0003:FF7417FF⟧sauter⟦TAG:0000:0003:FAFFE6FF⟧⟦END:0002:0001⟧ d'un ⟦TAG:0002:0001:06CD⟧⟦TAG:0000:0003:4FBBF1FF⟧bloc⟦TAG:0000:0003:FAFFE6FF⟧⟦END:0002:0001⟧ ⟦TAG:0002:0001:06CD⟧⟦TAG:0000:0003:FF7417FF⟧tiré⟦TAG:0000:0003:FAFFE6FF⟧⟦END:0002:0001⟧ d'un cran
à un sorti de trois crans, ou vice-versa.","Puoi ⟦TAG:0002:0001:06CD⟧⟦TAG:0000:0003:FF7417FF⟧saltare⟦TAG:0000:0003:FAFFE6FF⟧⟦END:0002:0001⟧ tra un ⟦TAG:0002:0001:06CD⟧⟦TAG:0000:0003:4FBBF1FF⟧blocco⟦TAG:0000:0003:FAFFE6FF⟧⟦END:0002:0001⟧ tirato di una
casella e uno tirato di tre, o viceversa.","⟦TAG:0002:0001:06CD⟧⟦TAG:0000:0003:FF7417FF⟧Zıpla⟦TAG:0000:0003:FAFFE6FF⟧⟦END:0002:0001⟧; en arkadaki ⟦TAG:0002:0001:06CD⟧⟦TAG:0000:0003:4FBBF1FF⟧bloklar⟦TAG:0000:0003:FAFFE6FF⟧⟦END:0002:0001⟧ ile en
öndeki ⟦TAG:0002:0001:06CD⟧⟦TAG:0000:0003:4FBBF1FF⟧bloklar⟦TAG:0000:0003:FAFFE6FF⟧⟦END:0002:0001⟧ arasında geçiş yap.",2,528,2,466,0.883,OK,OK,REVIEWED,Son piksel genişliği turunda elle kısaltıldı.
765,Guide_How6_00,,,,,,,1,0,0,0,0.000,EMPTY,OK,EMPTY,
766,G_How6_00_000,"This gap is just too big...
You can't jump across it!","Diese Lücke ist einfach zu breit...
Du kannst sie nicht überspringen!","Este hueco es demasiado grande...
¡No puedes saltarlo!","Ce fossé est trop large, tu ne réussiras
jamais à atteindre l'autre bord.","Questa distanza è eccessiva...
Non puoi raggiungere l'altra estremità!","Bu boşluk fazla geniş...
Burayı zıplayarak geçemezsin!",2,535,2,416,0.778,OK,OK,REVIEWED,Beş resmî dil karşılaştırılarak elle yerelleştirildi.
767,Guide_How6_01,,,,,,,1,0,0,0,0.000,EMPTY,OK,EMPTY,
768,G_How6_01_000,"You can't make a diagonal jump
when another ⟦TAG:0002:0001:06CD⟧⟦TAG:0000:0003:4FBBF1FF⟧block⟦TAG:0000:0003:FAFFE6FF⟧⟦END:0002:0001⟧ is in the way.","Du kannst nicht schräg springen,
wenn noch ein ⟦TAG:0002:0001:06CD⟧⟦TAG:0000:0003:4FBBF1FF⟧Block⟦TAG:0000:0003:FAFFE6FF⟧⟦END:0002:0001⟧ im Weg ist.","No puedes dar un salto en diagonal
cuando hay un ⟦TAG:0002:0001:06CD⟧⟦TAG:0000:0003:4FBBF1FF⟧bloque⟦TAG:0000:0003:FAFFE6FF⟧⟦END:0002:0001⟧ por en medio.","Tu ne peux pas franchir un fossé en
diagonale si un ⟦TAG:0002:0001:06CD⟧⟦TAG:0000:0003:4FBBF1FF⟧bloc⟦TAG:0000:0003:FAFFE6FF⟧⟦END:0002:0001⟧ te barre le chemin.","Non puoi fare un salto in diagonale
se un altro ⟦TAG:0002:0001:06CD⟧⟦TAG:0000:0003:4FBBF1FF⟧blocco⟦TAG:0000:0003:FAFFE6FF⟧⟦END:0002:0001⟧ ti sbarra la strada.","Araya başka bir ⟦TAG:0002:0001:06CD⟧⟦TAG:0000:0003:4FBBF1FF⟧blok⟦TAG:0000:0003:FAFFE6FF⟧⟦END:0002:0001⟧ giriyorsa
çapraz zıplayamazsın.",2,527,2,415,0.787,OK,OK,REVIEWED,Kontrol kodları kaynakla birebir korunarak elle yerelleştirildi.
769,G_How6_01_001,"You won't be able to do it,
no matter how many times you try!","Das klappt einfach nicht, ganz gleich,
wie oft du es auch versuchst!","Por mucho que lo intentes,
¡no es posible!","Tu peux essayer aussi longtemps que
tu voudras, tu n'y arriveras jamais !","È inutile provarci, non puoi farcela!","Kaç kez denersen dene,
bu zıplayış olmaz!",2,511,2,318,0.622,OK,OK,REVIEWED,Beş resmî dil karşılaştırılarak elle yerelleştirildi.
770,Guide_How6_02,,,,,,,1,0,0,0,0.000,EMPTY,OK,EMPTY,
771,G_How6_02_000,"You can't make a jump like this when
an overhanging ⟦TAG:0002:0001:06CD⟧⟦TAG:0000:0003:4FBBF1FF⟧block⟦TAG:0000:0003:FAFFE6FF⟧⟦END:0002:0001⟧ is in the way.","Wenn ein überhängender ⟦TAG:0002:0001:06CD⟧⟦TAG:0000:0003:4FBBF1FF⟧Block⟦TAG:0000:0003:FAFFE6FF⟧⟦END:0002:0001⟧ im Weg
ist, klappt ein Sprung wie dieser nicht.","No puedes dar un salto así
si un ⟦TAG:0002:0001:06CD⟧⟦TAG:0000:0003:4FBBF1FF⟧bloque⟦TAG:0000:0003:FAFFE6FF⟧⟦END:0002:0001⟧ sobresale por arriba.","Un ⟦TAG:0002:0001:06CD⟧⟦TAG:0000:0003:4FBBF1FF⟧bloc⟦TAG:0000:0003:FAFFE6FF⟧⟦END:0002:0001⟧ en surplomb peut
aussi t'arrêter dans ton élan.","Un ⟦TAG:0002:0001:06CD⟧⟦TAG:0000:0003:4FBBF1FF⟧blocco⟦TAG:0000:0003:FAFFE6FF⟧⟦END:0002:0001⟧ sporgente può sbarrarti la
strada e impedirti di completare il salto.","Üstten çıkıntı yapan bir ⟦TAG:0002:0001:06CD⟧⟦TAG:0000:0003:4FBBF1FF⟧blok⟦TAG:0000:0003:FAFFE6FF⟧⟦END:0002:0001⟧ yolunu
kesiyorsa böyle zıplayamazsın.",2,548,2,485,0.885,OK,OK,REVIEWED,Kontrol kodları kaynakla birebir korunarak elle yerelleştirildi.
772,Guide_How6_03,,,,,,,1,0,0,0,0.000,EMPTY,OK,EMPTY,
773,G_How6_03_000,"This jump is impossible because you'll
always crash into the ⟦TAG:0002:0001:06CD⟧⟦TAG:0000:0003:4FBBF1FF⟧block⟦TAG:0000:0003:FAFFE6FF⟧⟦END:0002:0001⟧ overhead.","Dieser Sprung ist unmöglich, weil du
stets mit dem ⟦TAG:0002:0001:06CD⟧⟦TAG:0000:0003:4FBBF1FF⟧Block⟦TAG:0000:0003:FAFFE6FF⟧⟦END:0002:0001⟧ über dir kollidierst!","Este salto es imposible, porque te das
con la parte de arriba del ⟦TAG:0002:0001:06CD⟧⟦TAG:0000:0003:4FBBF1FF⟧bloque⟦TAG:0000:0003:FAFFE6FF⟧⟦END:0002:0001⟧.","Ici, tu ne peux pas franchir le fossé : tu
heurteras forcément le ⟦TAG:0002:0001:06CD⟧⟦TAG:0000:0003:4FBBF1FF⟧bloc⟦TAG:0000:0003:FAFFE6FF⟧⟦END:0002:0001⟧ au-dessus.","Questo salto è impossibile perché
sbatterai sempre sul ⟦TAG:0002:0001:06CD⟧⟦TAG:0000:0003:4FBBF1FF⟧blocco⟦TAG:0000:0003:FAFFE6FF⟧⟦END:0002:0001⟧ sopra di te.","Bu zıplayış imkânsız; çünkü tepende
duran ⟦TAG:0002:0001:06CD⟧⟦TAG:0000:0003:4FBBF1FF⟧bloğa⟦TAG:0000:0003:FAFFE6FF⟧⟦END:0002:0001⟧ her seferinde çarparsın.",2,530,2,497,0.938,OK,OK,REVIEWED,Kontrol kodları kaynakla birebir korunarak elle yerelleştirildi.
774,Guide_How6_04,,,,,,,1,0,0,0,0.000,EMPTY,OK,EMPTY,
775,G_How6_04_000,"This jump is impossible because
the ⟦TAG:0002:0001:06CD⟧⟦TAG:0000:0003:4FBBF1FF⟧block⟦TAG:0000:0003:FAFFE6FF⟧⟦END:0002:0001⟧ overhead is in the way.","Dieser Sprung ist unmöglich, weil
der ⟦TAG:0002:0001:06CD⟧⟦TAG:0000:0003:4FBBF1FF⟧Block⟦TAG:0000:0003:FAFFE6FF⟧⟦END:0002:0001⟧ über dir im Weg ist.","Este es imposible, porque el propio
⟦TAG:0002:0001:06CD⟧⟦TAG:0000:0003:4FBBF1FF⟧bloque⟦TAG:0000:0003:FAFFE6FF⟧⟦END:0002:0001⟧ corta el camino por arriba.","Ici, le ⟦TAG:0002:0001:06CD⟧⟦TAG:0000:0003:4FBBF1FF⟧bloc⟦TAG:0000:0003:FAFFE6FF⟧⟦END:0002:0001⟧ au-dessus te barre tout
passage et tu ne peux pas monter.","Questo salto è impossibile perché il
⟦TAG:0002:0001:06CD⟧⟦TAG:0000:0003:4FBBF1FF⟧blocco⟦TAG:0000:0003:FAFFE6FF⟧⟦END:0002:0001⟧ sopra di te ti sbarra la strada.","Bu zıplayış imkânsız; çünkü
tepedeki ⟦TAG:0002:0001:06CD⟧⟦TAG:0000:0003:4FBBF1FF⟧blok⟦TAG:0000:0003:FAFFE6FF⟧⟦END:0002:0001⟧ yolunu kesiyor.",2,503,2,397,0.789,OK,OK,REVIEWED,Kontrol kodları kaynakla birebir korunarak elle yerelleştirildi.
776,G_How6_04_001,This gap is just too big...,Diese Lücke ist einfach zu breit...,"Aquí la distancia es
demasiado grande...","Là, l'espace à franchir est
vraiment trop important...",Qui la distanza è eccessiva...,Bu boşluk da fazla geniş...,2,446,1,348,0.780,OK,OK,REVIEWED,Beş resmî dil karşılaştırılarak elle yerelleştirildi.
777,G_How6_04_002,"As is this one! You can't make a jump
like this, no matter how hard you try.","Und diese ebenfalls! Ein Sprung wie
dieser klappt auf gar keinen Fall.","¡Y aquí igual! Por más que te empeñes,
no vas a poder completar el salto.","Et pareil ici ! Tu auras beau essayer,
tu n'atteindras jamais l'autre bord.","E anche qui! È inutile provarci,
un salto del genere è impossibile.","Bu da öyle! Ne kadar uğraşırsan
uğraş, böyle bir zıplayış yapamazsın.",2,514,2,497,0.967,OK,OK,REVIEWED,Beş resmî dil karşılaştırılarak elle yerelleştirildi.
778,Guide_How6_05,,,,,,,1,0,0,0,0.000,EMPTY,OK,EMPTY,
779,G_How6_05_000,"You can't jump around corners
when the gap is this big.","Bei solch einer breiten Lücke kannst
du nicht um Ecken springen.","No puedes saltar de un sitio a otro
si hay demasiada distancia.","Tu ne peux pas contourner un angle
si le fossé à franchir est trop large.","Non puoi superare un angolo con
un salto se il vuoto è eccessivo.","Boşluk bu kadar genişken köşenin
çevresinden zıplayamazsın.",2,490,2,454,0.927,OK,OK,REVIEWED,Beş resmî dil karşılaştırılarak elle yerelleştirildi.
780,G_EThumb1,,,,,,,1,0,0,0,0.000,EMPTY,OK,EMPTY,
781,G_EThumb1_00,"Select this to create
your own Pullblox.","Wähle diese Option, um dein
eigenes Pullblox zu erstellen.","Con este botón podrás crear
tu propio Pullblox.","Sélectionnez cette option pour
créer vous-même un Pullblox.","Seleziona questa opzione per
creare un Pullblox tutto tuo.","Kendi Pullblox’unu
yapmak için bunu seç.",2,417,2,293,0.703,OK,OK,REVIEWED,Beş resmî dil karşılaştırılarak elle yerelleştirildi.
782,G_EThumb1_01,"Select this to read the ⟦TAG:0002:0001:06CD⟧⟦TAG:0000:0003:FCEF30FF⟧QR Code⟦TAG:0000:0003:FAFFE6FF⟧⟦END:0002:0001⟧ of
a Pullblox someone else has made.","Wähle diese Option, um den ⟦TAG:0002:0001:06CD⟧⟦TAG:0000:0003:FCEF30FF⟧QR Code⟦TAG:0000:0003:FAFFE6FF⟧⟦END:0002:0001⟧
eines fremderstellten Pullblox zu sehen.","Y con este podrás leer el ⟦TAG:0002:0001:06CD⟧⟦TAG:0000:0003:FCEF30FF⟧QR Code⟦TAG:0000:0003:FAFFE6FF⟧⟦END:0002:0001⟧ de
un Pullblox creado por otro jugador.","Cette option permet de lire le ⟦TAG:0002:0001:06CD⟧⟦TAG:0000:0003:FCEF30FF⟧QR Code⟦TAG:0000:0003:FAFFE6FF⟧⟦END:0002:0001⟧
d'un Pullblox créé par un autre joueur.","Qui puoi leggere il ⟦TAG:0002:0001:06CD⟧⟦TAG:0000:0003:FCEF30FF⟧QR Code⟦TAG:0000:0003:FAFFE6FF⟧⟦END:0002:0001⟧ di un
Pullblox creato da un altro giocatore.","Başkasının yaptığı bir Pullblox’un
⟦TAG:0002:0001:06CD⟧⟦TAG:0000:0003:FCEF30FF⟧QR kodunu⟦TAG:0000:0003:FAFFE6FF⟧⟦END:0002:0001⟧ okumak için bunu seç.",2,538,2,453,0.842,OK,OK,REVIEWED,Kontrol kodları kaynak sırasıyla korunarak son manuel taramada düzeltildi.
783,G_EThumb2,,,,,,,1,0,0,0,0.000,EMPTY,OK,EMPTY,
784,G_EThumb2_00,"Once you've ⟦TAG:0002:0001:06CD⟧⟦TAG:0000:0003:FCEF30FF⟧played and cleared⟦TAG:0000:0003:FAFFE6FF⟧⟦END:0002:0001⟧
a Pullblox you've created,","⟦TAG:0002:0001:06CD⟧⟦TAG:0000:0003:FCEF30FF⟧Spiele und löse⟦TAG:0000:0003:FAFFE6FF⟧⟦END:0002:0001⟧ zuerst ein von dir
erstelles Pullblox. Verwende danach","Cuando crees un Pullblox,
⟦TAG:0002:0001:06CD⟧⟦TAG:0000:0003:FCEF30FF⟧juega hasta completarlo⟦TAG:0000:0003:FAFFE6FF⟧⟦END:0002:0001⟧...","Touchez ⟦TAG:0000:0003:FCEF30FF⟧⟦TAG:0002:0001:06CD⟧« Jouer » et terminez⟦END:0002:0001⟧⟦TAG:0000:0003:FAFFE6FF⟧
un Pullblox que vous avez créé.","Dopo aver creato un Pullblox,
⟦TAG:0002:0001:06CD⟧⟦TAG:0000:0003:FCEF30FF⟧giocaci e completalo⟦TAG:0000:0003:FAFFE6FF⟧⟦END:0002:0001⟧.","Yaptığın Pullblox’u
⟦TAG:0002:0001:06CD⟧⟦TAG:0000:0003:FCEF30FF⟧oynayıp bitirince⟦TAG:0000:0003:FAFFE6FF⟧⟦END:0002:0001⟧,",2,490,2,257,0.524,OK,OK,REVIEWED,Vurgu semantiği ve sığma için kontrol kodları korunarak elle revize edildi.
785,G_EThumb2_01,"you can use this button to
⟦TAG:0002:0001:06CD⟧⟦TAG:0000:0003:FCEF30FF⟧create a QR Code⟦TAG:0000:0003:FAFFE6FF⟧⟦END:0002:0001⟧ for it.","diesen Knopf, um für das Pullblox einen
⟦TAG:0002:0001:06CD⟧⟦TAG:0000:0003:FCEF30FF⟧QR Code zu erstellen⟦TAG:0000:0003:FAFFE6FF⟧⟦END:0002:0001⟧.","si quieres ⟦TAG:0002:0001:06CD⟧⟦TAG:0000:0003:FCEF30FF⟧convertirlo en QR Code⟦TAG:0000:0003:FAFFE6FF⟧⟦END:0002:0001⟧
usando este botón.","Vous pourrez alors utiliser l'option
proposée ici pour ⟦TAG:0002:0001:06CD⟧⟦TAG:0000:0003:FCEF30FF⟧créer son QR Code⟦TAG:0000:0003:FAFFE6FF⟧⟦END:0002:0001⟧.","Quindi, utilizza questa opzione per
⟦TAG:0002:0001:06CD⟧⟦TAG:0000:0003:FCEF30FF⟧convertirlo in un QR Code⟦TAG:0000:0003:FAFFE6FF⟧⟦END:0002:0001⟧.","bu düğmeyle onun için bir
⟦TAG:0002:0001:06CD⟧⟦TAG:0000:0003:FCEF30FF⟧QR kodu oluşturabilirsin⟦TAG:0000:0003:FAFFE6FF⟧⟦END:0002:0001⟧.",2,528,2,341,0.646,OK,OK,REVIEWED,Kontrol kodları kaynak sırasıyla korunarak son manuel taramada düzeltildi.
786,G_EThumb3,,,,,,,1,0,0,0,0.000,EMPTY,OK,EMPTY,
787,G_EThumb3_00,"This symbol appears on Pullblox that
you've already played and cleared","Dieses Symbol erscheint auf Pullblox,
die du schon einmal geschafft hast","Con este dibujo se marcarán
los Pullblox que hayas completado","Ce symbole apparaît sur les Pullblox de
votre création quand vous les terminez,","Questo simbolo appare sui Pullblox
che hai già completato","Bu simge, daha önce oynayıp
tamamladığın Pullblox’larda",2,535,2,387,0.723,OK,OK,REVIEWED,Beş resmî dil karşılaştırılarak elle yerelleştirildi.
788,G_EThumb3_01,"and on Pullblox you've
received via a QR Code.","oder auf Pullblox, die du per QR Code
erhalten hast.","y los Pullblox que hayas recibido
a través de QR Code.","et également sur les Pullblox que
vous recevez via leur QR Code.","e su quelli che hai ricevuto
tramite QR Code.","ve QR koduyla aldığın
Pullblox’larda görünür.",2,499,2,314,0.629,OK,OK,REVIEWED,Son manuel Türkçe kalite taramasında doğrulandı.
789,G_EThumb3_02,"To ⟦TAG:0002:0001:06CD⟧⟦TAG:0000:0003:FCEF30FF⟧create a QR Code⟦TAG:0000:0003:FAFFE6FF⟧⟦END:0002:0001⟧ for these
Pullblox, just use this button.","Um einen ⟦TAG:0002:0001:06CD⟧⟦TAG:0000:0003:FCEF30FF⟧QR Code⟦TAG:0000:0003:FAFFE6FF⟧⟦END:0002:0001⟧ für diese Pullblox
⟦TAG:0002:0001:06CD⟧⟦TAG:0000:0003:FCEF30FF⟧zu erstellen⟦TAG:0000:0003:FAFFE6FF⟧⟦END:0002:0001⟧, verwende diesen Knopf.","Con este botón podrás ⟦TAG:0002:0001:06CD⟧⟦TAG:0000:0003:FCEF30FF⟧convertir⟦TAG:0000:0003:FAFFE6FF⟧⟦END:0002:0001⟧
los Pullblox ⟦TAG:0002:0001:06CD⟧⟦TAG:0000:0003:FCEF30FF⟧en QR Code⟦TAG:0000:0003:FAFFE6FF⟧⟦END:0002:0001⟧.","Vous pouvez ⟦TAG:0002:0001:06CD⟧⟦TAG:0000:0003:FCEF30FF⟧créer un QR Code⟦TAG:0000:0003:FAFFE6FF⟧⟦END:0002:0001⟧ pour
ces Pullblox en utilisant cette option.","Puoi usare questa opzione
per ⟦TAG:0002:0001:06CD⟧⟦TAG:0000:0003:FCEF30FF⟧convertirli in QR Code⟦TAG:0000:0003:FAFFE6FF⟧⟦END:0002:0001⟧.","⟦TAG:0002:0001:06CD⟧⟦TAG:0000:0003:FCEF30FF⟧QR kodu oluşturmak⟦TAG:0000:0003:FAFFE6FF⟧⟦END:0002:0001⟧ için
bu düğmeyi kullan.",2,503,2,328,0.652,OK,OK,REVIEWED,Kontrol kodları kaynak sırasıyla korunarak son manuel taramada düzeltildi.
790,Result_,,,,,,,1,0,0,0,0.000,EMPTY,OK,EMPTY,
791,R_MsgClear,"Congratulations!
Great work!","Glückwunsch!
Gute Arbeit!","¡Muy bien!
¡Muy buen trabajo!","Félicitations !
Beau travail !","Congratulazioni!
Ottimo lavoro!","Tebrikler!
Harika iş!",2,261,2,136,0.521,OK,OK,REVIEWED,
792,R_MsgRest,"You're such a hard
worker. You must
be getting tired!
How about a break?","Du arbeitest hart,
wirst du nicht lang-
sam müde? Mach
doch mal Pause!","¡Qué barbaridad!
¡Eres incansable!
¿Paramos un rato?
¡Yo estoy agotado!","Ah, Millo ! J'admire
tous tes efforts !
Peut-être devrais-tu
faire une pause ?","Con tutto il lavoro
che hai svolto sarai
stanco. Che ne dici
di una pausa?","Çok çalışıyorsun.
Yorulmuş olmalısın!
Biraz mola vermeye
ne dersin?",4,284,4,266,0.937,OK,OK,REVIEWED,
793,R_MsgPresent,"I'm creating some
new Pullblox!
You can copy them
in the studio.","Ich bin gerade am
Pullbloxbauen! Du
kannst mein Werk
im Studio kopieren!","¡Estoy de lo más
creativo! ¡Copia en
el estudio lo último
que he hecho!","Je travaille sur de
nouvelles créations.
Copie-les à l'atelier,
pour les essayer !","Sono alle prese con
nuove creazioni.
Copiale nello studio
per provarle!","Yeni Pullblox’lar
yapıyorum! Onları
stüdyoda kopyalayıp
deneyebilirsin.",4,273,4,285,1.044,OK,OK,REVIEWED,
794,R_MsgBack,"You should give the
Pullblox that you
skipped another try
sometime!","Die übersprungenen
Pullblox schaffst du
sicher. Versuch sie
doch noch einmal!","Podrías intentar
hacer los Pullblox
que dejaste...
¡Ya sabes mucho!","Tu peux sûrement
terminer les Pullblox
que tu avais passés.
Réessaie-les donc !","Perché non provi a
risolvere i Pullblox
che hai saltato? So
che ce la puoi fare!","Atladığın
Pullblox’ları bir ara
yeniden denemeyi
unutma!",4,279,4,267,0.957,OK,OK,REVIEWED,Son manuel Türkçe kalite taramasında doğrulandı.
795,R_MsgTime00_00,"That's the spirit!
You didn't give up.
I'm proud of you.","Das ist die richtige
Einstellung! Du hast
nicht aufgegeben.
Bin stolz auf dich!","¡Qué empeño!
¡No te has rendido!
¡Así me gusta!","Quelle ténacité,
Millo ! Tu n'as pas
abandonné et ça
me rend fier de toi !","Questo è lo spirito!
Non ti sei arreso e
sono davvero fiero
di te!","İşte bu ruh!
Pes etmedin.
Seninle gurur
duyuyorum.",4,271,4,181,0.668,OK,OK,REVIEWED,
796,R_MsgTime00_01,"Success!
You're quite a
hard worker!","Geschafft!
Du arbeitest wirklich
ziemlich hart!","¡Qué fuerza
de voluntad!
¡Eres un ejemplo
a seguir!","Tu as réussi !
Encore merci pour
tous tes efforts !","Eccellente!
Continua a dare
il massimo!","Başardın!
Gerçekten çok
çalışkansın!",4,284,3,196,0.690,OK,OK,REVIEWED,
797,R_MsgTime00_02,"Nicely done!
You have quite
amazing focus!","Toll gemacht!
Deine Konzentration
ist erstaunlich!","¡Qué tesón!
¡Te lo tomas
muy en serio!","Quelle application !
C'était beau à voir !","Che abilità! La tua
concentrazione è
impareggiabile!","Çok iyi!
Odaklanman çok
etkileyici!",3,283,3,229,0.809,OK,OK,REVIEWED,
798,R_MsgTime01_00,"Superb!
That one was a
real workout, eh?","Großartig!
Das war schon
ein hartes Stück
Arbeit, was?","¡Genial!
Qué entretenido,
¿eh?","Bravo !
Ce Pullblox n'était
qu'une promenade
de santé, pour toi !","Notevole! Hai
dovuto spremere
per bene le
meningi, eh?","Muhteşem!
Bu tam bir
antrenmandı, ha?",4,255,3,241,0.945,OK,OK,REVIEWED,
799,R_MsgTime01_01,"Well done!
Impressive
climbing!","Sehr gut!
Wirklich erstaunliche
Kletterkünste!","¡Estupendo!
Estoy impresionado.","Bien joué !
Tu as escaladé
ce Pullblox à une
vitesse incroyable !","Meraviglioso!
Che scalata
impressionante!","Aferin!
Tırmanışın çok
etkileyiciydi!",4,292,3,196,0.671,OK,OK,REVIEWED,
800,R_MsgTime01_02,"Good job!
I knew I could
count on you.","Gute Arbeit!
Ich wusste, dass
ich mich auf dich
verlassen kann.","¡Bien hecho!
Ya lo tienes
dominado.","Bon travail !
Je savais que je
pouvais compter
sur toi, Millo !","Ottimo lavoro!
Sapevo di poter
contare su di te.","Güzel iş!
Sana güvenim
boşa çıkmadı.",4,226,3,188,0.832,OK,OK,REVIEWED,
801,R_MsgTime02_00,"Wonderful!
Keep up the
good work!","Wunderbar!
Nur weiter so!","¡Sí señor!
¡Sigue así
de bien!","Magnifique !
Continue donc sur
cette lancée, Millo !","Ben fatto!
Continua così!","Harika!
Böyle devam et!",3,269,2,216,0.803,OK,OK,REVIEWED,
802,R_MsgTime02_01,"Great work!
You're a natural!","Fantastische Arbeit!
Du bist ein
Naturtalent!","¡Sí señor!
¡Esto es lo tuyo!","Superbe escalade !
Tu as un talent
de grimpeur-né !","Stupefacente!
Sei un vero talento
naturale!","Bravo!
Çok yeteneklisin!",3,283,2,232,0.820,OK,OK,REVIEWED,
803,R_MsgTime02_02,"Excellent work!
Keep it up, lad!","Tolle Arbeit!
Immer weiter so,
Kleiner!","¡Sí señor!
¡Sabía que
lo harías bien!","Excellent travail !
Garde le rythme,
petit gars !","Fantastico!
Continua così,
ragazzo mio!","Harika!
Devam et, evlat!",3,248,2,224,0.903,OK,OK,REVIEWED,
804,R_MsgTime10_00,"That's impressive!
Quite a climb,
isn't it?","Beeindruckend!
Das war eine ziem-
liche Kletterpartie,
was?","¡Maravilloso!
Este costaba
un pelín, ¿eh?","Oh là là !
Voilà un Pullblox
qui offre une sacrée
escalade, pas vrai ?","Impressionante!
Una bella scalata,
non c'è che dire!","Etkileyici!
Epey tırmandın,
değil mi?",4,269,3,217,0.807,OK,OK,REVIEWED,
805,R_MsgTime10_01,"Excellent!
What an impressive
Pullblox this turned
out to be.","Hervorragend!
Was für ein tolles
Pullblox das
geworden ist!","¡Excelente!
¡Este Pullblox
tenía miga!","Excellent !
Ce Pullblox est
franchement
impressionnant.","Eccellente!
Hai ultimato un
Pullblox davvero
impressionante!","Mükemmel!
Bu Pullblox
gerçekten etkileyici
olmuş.",4,266,4,273,1.026,OK,OK,REVIEWED,
806,R_MsgTime10_02,"Amazing!
What quality
handiwork!","Ich bin begeistert!
Durch und durch
solide Handarbeit!","¡Madre mía!
¡Este tenía
su aquel!","Je suis admiratif !
Voilà un Pullblox
de grande qualité !","Sbalorditivo!
La tua abilità mi ha
davvero sorpreso!","İnanılmaz!
Ne ustaca bir iş!",3,268,2,218,0.813,OK,OK,REVIEWED,
807,R_MsgTime11_00,"Oh my!
This is very well
made indeed!","Junge!
Das ist wirklich toll
geworden!","¡Vaya!
¡Este estaba
muy bien hecho!","Eh bien !
Ce Pullblox m'a 
l'air d'être une très
bonne création !","Oooh...
Davvero ben fatto!","Vay canına!
Gerçekten çok iyi
yapılmış!",4,262,3,237,0.905,OK,OK,REVIEWED,
808,R_MsgTime11_01,"Ha!
This one's just
about the right
difficulty.","Ha!
Das hier hat exakt
den richtigen
Schwierigkeitsgrad.","¡Eh!
¡No ha estado
pero que nada mal!
","Ha, très bien !
Ce Pullblox semble
offrir juste ce qu'il
faut de difficulté.","Ah!
Una sfida su
misura per te!","Ha!
Bunun zorluğu
tam kararında.",4,270,3,208,0.770,OK,OK,REVIEWED,
809,R_MsgTime11_02,"You've done a
sterling job with
that Pullblox, I see!","Wie ich sehe, hast
du ein richtig tolles
Pullblox erstellt.","¡Hala!
¡Otro Pullblox que
te quitas de encima!","Bravo !
Ce Pullblox a l'air
fort réussi, ma foi !","A quanto pare,
hai realizzato un
Pullblox davvero
ben congegnato!","Bakıyorum da...
bu Pullblox’ta
harika iş
çıkarmışsın!",4,273,4,210,0.769,OK,OK,REVIEWED,
810,R_MsgTime12_00,"Oho!
Now this one's
really on the
right track!","Oha!
Also, bei dem hier
bist du auf dem
richtigen Weg!","¡Je, je!
¡Este es
de los mejores!","Oh, oh !
Ce Pullblox est sur
la bonne voie !","Oh oh oh!
Questo Pullblox
ha tutti i pezzi
al posto giusto!","Oho!
İşte bu tam
doğru yolda!",4,243,3,171,0.704,OK,OK,REVIEWED,
811,R_MsgTime12_01,"Nicely done!
This looks very
enjoyable.","Gut gemacht!
Das sieht nach einer
Menge Spaß aus.","¡Je, je!
¡Este es de lo
más entretenido!","Bon travail !
Ce Pullblox paraît
tout à fait amusant.","Niente male!
Questo Pullblox
ha l'aria di essere
davvero divertente!","Güzel iş!
Bu çok eğlenceli
görünüyor.",4,275,3,216,0.785,OK,OK,REVIEWED,
812,R_MsgTime12_02,"Well now!
This looks
pretty good!","Nun...
Das sieht echt
fantastisch aus!","¡Je, je!
¡Este es buenísimo!","Pas mal du tout !
Ce Pullblox semble
être plutôt réussi !","Ma guarda! Questo
Pullblox ha una
forma veramente
adorabile!","Vay be!
Bu bayağı iyi
görünüyor!",4,260,3,174,0.669,OK,OK,REVIEWED,
813,Manual_,,,,,,,1,0,0,0,0.000,EMPTY,OK,EMPTY,
814,M_ModeName,Tutorials,Tutorials,Academia,Tutoriels,Tutorial,Eğitimler,1,137,1,125,0.912,OK,OK,REVIEWED,
815,M_ExpPlace00,"So you're hungry for
knowledge, eh?

What do you want me
to tell you about?","Du bist also wiss-
begierig, was?

Worüber möchtest du
etwas erfahren?","Así que vienes
a aprender, ¿eh?

¿De qué quieres
que te hable?","Tiens, tiens !
Tu as soif de savoir ?

De quoi veux-tu
que je te parle ?","Hai una grande sete di
sapere, non è vero?

Bene! Di cosa vuoi
che ti parli?","Demek bilgiye açsın,
ha?

Peki, neyi anlatmamı
istersin?",5,309,5,286,0.926,OK,OK,REVIEWED,
816,M_ExpCate00,"Ah, the basics, eh?
A good place to start!

What do you want to
know more about?","Ah, die Grundlagen?
Guter Ausgangspunkt!

Worüber möchtest du
mehr erfahren?","¿De lo más general?
¡Muy buen comienzo!

¿Qué quieres saber?","Ah, les bases, hein ?
C'est toujours par là
qu'il faut commencer !

Sur quel sujet veux-tu
en savoir davantage ?","Ah, le basi, eh? Non
c'è modo migliore per
cominciare!

Cosa vuoi sapere in
particolare?","Temel bilgiler, ha?
Başlamak için
güzel yer!

Neyi daha ayrıntılı
öğrenmek istersin?",6,305,6,259,0.849,OK,OK,REVIEWED,
817,M_ExpCate01,"Not sure how to get
those blocks where
you want 'em, eh?

What do you want to
know more about?","Du bist nicht sicher,
wie du die Blöcke
ans Ziel bugsierst?

Worüber möchtest du
mehr erfahren?","No sabes bien cómo
mover los bloques
donde quieres, ¿eh?

¿Qué quieres saber?","Ce n'est pas si évident
de placer les blocs où
l'on veut, pas vrai ?

Sur quel sujet veux-tu
en savoir davantage ?","Non sai bene come
spostare i blocchi
dove preferisci, eh?

Cosa vuoi sapere
in particolare?","Blokları istediğin yere
getirmekte
zorlanıyorsun, ha?

Neyi daha ayrıntılı
öğrenmek istersin?",6,301,6,301,1.000,OK,OK,REVIEWED,
818,M_ExpCate02,"It's been a while since
these old bones have
done much jumping...

What do you want to
know more about?","Ich alter Knochen
springe doch schon
lang nicht mehr...

Worüber möchtest du
mehr erfahren?","Uffff, yo hace muchos
años que no salto.

¿Qué quieres saber?","Oh là ! Sauter de bloc
en bloc, ce n'est plus
de mon âge, tu sais...

Sur quel sujet veux-tu
en savoir davantage ?","Eh, ormai alla mia età
non è più facile saltare
da un blocco all'altro.

Cosa vuoi sapere
in particolare?","Bu yaşlı kemikler
epeydir pek zıplamadı...

Neyi daha ayrıntılı
öğrenmek istersin?",6,313,5,326,1.042,OK,OK,REVIEWED,
819,M_ExpCate03,"Ah, you want to know
more about my nifty
gadgets! Marvellous!

What do you want to
know more about?","Ah, meine tollen Vor-
richtungen interessie-
ren dich also! Prima!

Worüber möchtest du
mehr erfahren?","Ajá, así que quieres
conocer mis útiles
inventos. ¡Maravilloso!

¿Qué quieres saber?","Ah, ah ! Ce sont mes
ingénieux mécanismes
qui t'intéressent ?

Sur quel sujet veux-tu
en savoir davantage ?","E così ti interessano
i miei ingegnosi
congegni, eh?

Cosa vuoi sapere
in particolare?","Düzeneklerimi merak
ettin, ha? Harika!

Neyi daha ayrıntılı
öğrenmek istersin?",6,312,5,287,0.920,OK,OK,REVIEWED,
820,M_ExpCate04,"Good lad! It pays to
learn from your elders.

What do you want to
know more about?","Es lohnt sich, von den
Alten zu lernen, mein
Kleiner!

Worüber möchtest du
mehr erfahren?","¡Así me gusta! ¡Que
quieras aprender de la
voz de la experiencia!

¿Qué quieres saber?","Hé, hé ! Faire appel au
bon sens des anciens,
c'est une bonne idée !

Sur quel sujet veux-tu
en savoir davantage ?","Bravo! Fai bene ad
ascoltare i consigli
di un anziano!

Cosa vuoi sapere
in particolare?","Aferin evlat!
Büyüklerini dinlemek
akıllıca iştir.

Neyi daha ayrıntılı
öğrenmek istersin?",6,309,6,285,0.922,OK,OK,REVIEWED,
821,M_ExpCate05,"Now, young whipper-
snapper! These are
worth remembering! 

What do you want to
know more about?","Hieran sollte man sich
besser erinnern, du
Jungspund! 

Worüber möchtest du
mehr erfahren?","¡Ojo! ¡Aquí hay que 
prestar muchísima
atención, joven! 

¿Qué quieres saber?","Ah, petit jeunot ! Voilà
les principes qu'il vaut
mieux ne pas oublier !

Sur quel sujet veux-tu
en savoir davantage ?","Ragazzo mio! Vedi di
non scordare questi
preziosi insegnamenti!

Cosa vuoi sapere
in particolare?","Bak genç delikanlı!
Bunları aklında tut!

Neyi daha ayrıntılı
öğrenmek istersin?",6,314,5,270,0.860,OK,OK,REVIEWED,
822,M_Cate00,Basics,Grundl.,General,Bases,Basi,Temel,1,109,1,79,0.725,OK,OK,REVIEWED,
823,M_Cate01,Blocks,Blöcke,Bloques,Blocs,Blocchi,Bloklar,1,102,1,99,0.971,OK,OK,REVIEWED,
824,M_Cate02,Jumping,Sprünge,Saltos,Sauts,Salti,Zıplama,1,111,1,110,0.991,OK,OK,REVIEWED,
825,M_Cate03,Gadgets,Vorricht.,Inventos,⟦TAG:0002:0000:3200⟧Mécanismes⟦END:0002:0000⟧,Congegni,Düzenekler,1,161,1,154,0.957,OK,OK,REVIEWED,
826,M_Cate04,Pro Tips,Pro-Tipps,Experto,Astuces,Trucchi,İpuçları,1,131,1,103,0.786,OK,OK,REVIEWED,
827,M_Cate05,Warnings,Warnung.,Cuidado,Rappels,Consigli,Uyarılar,1,132,1,115,0.871,OK,OK,REVIEWED,
828,M_Item00_00,Who am I?,Wer bin ich?,¿Quién soy?,Qui suis-je ?,Chi sono io?,Ben kimim?,1,166,1,150,0.904,OK,OK,REVIEWED,
829,M_Item00_01,Who are you?,Wer bist du?,¿Quién eres?,Qui êtes-vous ?,Chi sei tu?,Sen kimsin?,1,205,1,156,0.761,OK,OK,REVIEWED,
830,M_Item00_02,Controls,Steuerung,Controles,Commandes,Comandi,Kontroller,1,155,1,141,0.910,OK,OK,REVIEWED,
831,M_Item00_03,Rewinding Time,Zeit zurückspulen,Rebobinar,Revenir en arrière,Riavvolgere,Zamanı Geri Sarma,1,250,1,260,1.040,OK,OK,REVIEWED,
832,M_Item00_04,Looking Around,Umsehen,Vista,Observer le Pullblox,Osservare il Pullblox,Etrafa Bakma,1,279,1,191,0.685,OK,OK,REVIEWED,
833,M_Item00_05,Skipping Pullblox,Pullblox überspringen,Pasar al siguiente,Passer un Pullblox,Saltare un Pullblox,Pullblox’u Atlama,1,294,1,243,0.827,OK,OK,REVIEWED,Son manuel Türkçe kalite taramasında doğrulandı.
834,M_Item01_00,Pulling Blocks,Rausziehen,Tirar,Tirer un bloc,Tirare un blocco,Blokları Çekme,1,217,1,201,0.926,OK,OK,REVIEWED,
835,M_Item01_01,Pushing Blocks,Reinschieben,Empujar,Repousser un bloc,Spingere un blocco,Blokları İtme,1,252,1,173,0.687,OK,OK,REVIEWED,
836,M_Item01_02,Side Pull ①,Seitliches Ziehen ①,Tirar de lado ①,Tirer par le côté ①,Tirare di lato ①,Yandan Çekme ①,1,261,1,229,0.877,OK,OK,REVIEWED,Son manuel Türkçe kalite taramasında doğrulandı.
837,M_Item01_03,Side Pull ②,Seitliches Ziehen ②,Tirar de lado ②,Tirer par le côté ②,Tirare di lato ②,Yandan Çekme ②,1,261,1,229,0.877,OK,OK,REVIEWED,Son manuel Türkçe kalite taramasında doğrulandı.
838,M_Item01_04,Side Pull ③,Seitliches Ziehen ③,Tirar de lado ③,Tirer par le côté ③,Tirare di lato ③,Yandan Çekme ③,1,261,1,229,0.877,OK,OK,REVIEWED,Son manuel Türkçe kalite taramasında doğrulandı.
839,M_Item01_05,Side Push,Seitliches Schieben,Empujar de lado,Pousser par le côté,Spingere di lato,Yandan İtme,1,259,1,170,0.656,OK,OK,REVIEWED,Son manuel Türkçe kalite taramasında doğrulandı.
840,M_Item02_00,Jumping Basics,Einfacher Sprung,Saltar y subir,Sauter,Salto normale,Temel Zıplama,1,236,1,196,0.831,OK,OK,REVIEWED,
841,M_Item02_01,Jumping Gaps,Lückensprung,Saltar huecos,Sauter un fossé,Salto lungo,Boşluk Atlama,1,207,1,197,0.952,OK,OK,REVIEWED,
842,M_Item02_02,Diagonal Jumps,Schräger Sprung,Saltar en diagonal,Sauter en biais,Salto diagonale,Çapraz Zıplama,1,254,1,213,0.839,OK,OK,REVIEWED,
843,M_Item03_00,Goal Flag,Zielfahne,Bandera,Drapeau d'arrivée,Bandiera d'arrivo,Hedef Bayrağı,1,249,1,198,0.795,OK,OK,REVIEWED,
844,M_Item03_01,Reset Switch,Rücksetzschalter,Cuadrablox,Réinitialisateur,Interruttore reset,Sıfırlama Düğmesi,1,246,1,243,0.988,OK,OK,REVIEWED,
845,M_Item03_02,Pullout Switch,Rausziehschalter,Sacablox,Extracteur,Tirablocchi,Çekme Düğmesi,1,233,1,203,0.871,OK,OK,REVIEWED,
846,M_Item03_03,Manhole,Einstieg,Condublox,Puits à échelle,Botola,Geçit,1,197,1,72,0.365,OK,OK,REVIEWED,
847,M_Item03_04,Inverted Manhole,Umgedrehter Einstieg,Condublox invertido,Trappe à échelle,Botola capovolta,Ters Geçit,1,295,1,136,0.461,OK,OK,REVIEWED,
848,M_Item04_00,Possible Jumps ①,Mögliche Sprünge ①,Salto posible ①,Sauts possibles ①,Salto possibile ①,Olası Atlayış ①,1,271,1,208,0.768,OK,OK,REVIEWED,
849,M_Item04_01,Possible Jumps ②,Mögliche Sprünge ②,Salto posible ②,Sauts possibles ②,Salto possibile ②,Olası Atlayış ②,1,271,1,208,0.768,OK,OK,REVIEWED,
850,M_Item04_02,Possible Jumps ③,Mögliche Sprünge ③,Salto posible ③,Sauts possibles ③,Salto possibile ③,Olası Atlayış ③,1,271,1,208,0.768,OK,OK,REVIEWED,
851,M_Item04_03,Possible Jumps ④,Mögliche Sprünge ④,Salto posible ④,Sauts possibles ④,Salto possibile ④,Olası Atlayış ④,1,271,1,208,0.768,OK,OK,REVIEWED,
852,M_Item04_04,Possible Jumps ⑤,Mögliche Sprünge ⑤,Salto posible ⑤,Sauts possibles ⑤,Salto possibile ⑤,Olası Atlayış ⑤,1,271,1,208,0.768,OK,OK,REVIEWED,
853,M_Item04_05,Possible Jumps ⑥,Mögliche Sprünge ⑥,Salto posible ⑥,Sauts possibles ⑥,Salto possibile ⑥,Olası Atlayış ⑥,1,271,1,208,0.768,OK,OK,REVIEWED,
854,M_Item05_00,Impossible Jumps ①,⟦TAG:0002:0000:3E00⟧Unmögliche Sprünge ①⟦END:0002:0000⟧,Salto imposible ①,Sauts impossibles ①,Salto impossibile ①,İmkânsız Atlayış ①,1,304,1,255,0.839,OK,OK,REVIEWED,
855,M_Item05_01,Impossible Jumps ②,⟦TAG:0002:0000:3E00⟧Unmögliche Sprünge ②⟦END:0002:0000⟧,Salto imposible ②,Sauts impossibles ②,Salto impossibile ②,İmkânsız Atlayış ②,1,304,1,255,0.839,OK,OK,REVIEWED,
856,M_Item05_02,Impossible Jumps ③,⟦TAG:0002:0000:3E00⟧Unmögliche Sprünge ③⟦END:0002:0000⟧,Salto imposible ③,Sauts impossibles ③,Salto impossibile ③,İmkânsız Atlayış ③,1,304,1,255,0.839,OK,OK,REVIEWED,
857,M_Item05_03,Impossible Jumps ④,⟦TAG:0002:0000:3E00⟧Unmögliche Sprünge ④⟦END:0002:0000⟧,Salto imposible ④,Sauts impossibles ④,Salto impossibile ④,İmkânsız Atlayış ④,1,304,1,255,0.839,OK,OK,REVIEWED,
858,M_Item05_04,Impossible Jumps ⑤,⟦TAG:0002:0000:3E00⟧Unmögliche Sprünge ⑤⟦END:0002:0000⟧,Salto imposible ⑤,Sauts impossibles ⑤,Salto impossibile ⑤,İmkânsız Atlayış ⑤,1,304,1,255,0.839,OK,OK,REVIEWED,
859,M_Item05_05,Impossible Jumps ⑥,⟦TAG:0002:0000:3E00⟧Unmögliche Sprünge ⑥⟦END:0002:0000⟧,Salto imposible ⑥,Sauts impossibles ⑥,Salto impossibile ⑥,İmkânsız Atlayış ⑥,1,304,1,255,0.839,OK,OK,REVIEWED,
860,M_Guide00_00,"Don't tell me you've forgotten
yourself! Why, you're Mallo!
You're a strong lad with great
potential, and you've got a
good heart. You're a bit
forgetful, though, eh?","Sag nicht, du weißt nicht mehr,
wer du bist! Dein Name ist
Mallo! Du bist ein starker Bur-
sche mit viel Potenzial und
einem guten Herzen. Und ein
wenig vergesslich, was?","¡Pero cómo no vas a saber
quién eres! ¡¡Millo, por favor!!
¡Pues un chicarrón fuerte, muy
capaz y con un gran corazón!
Bueno, y algo despistadete...","Ne me dis pas que tu as oublié
qui tu es, voyons, Millo ! Tu
es un brave gaillard costaud
et plein de talent, avec un bon
cœur... mais ta mémoire laisse
un peu à désirer, on dirait !","Non dirmi che hai dimenticato
chi sei, Mallo! Sei un ragazzo
forte, pieno di talento e dotato
di grande generosità... ma mi
sembra che la tua memoria
lasci un po' a desiderare, eh?","Kendini de unutmuş olma!
Sen Mallo’sun! Güçlü,
gelecek vadeden ve iyi
kalpli bir delikanlısın.
Ama biraz unutkansın,
değil mi?",6,425,6,345,0.812,OK,OK,REVIEWED,Son manuel Türkçe kalite taramasında doğrulandı.
861,M_Guide00_01,"I'm Papa Blox! I made this
place because, while we never
had kids of our own, my wife
and I think of all this town's
children as family and love
to watch them play.","Ich bin Meister Blox und ich
habe diesen Ort erschaffen, da
meine Frau und ich die Kinder
dieses Dorfs als Familie be-
trachten und es lieben, ihnen
beim Spielen zuzusehen.","¡Este soy yo! Yo hice este
sitio y sus Pullblox. Mi mujer
y yo no tuvimos críos,
pero los niños de aquí son
como si fueran nuestros, por
eso nos encanta verlos jugar.","Je suis Papy Blox ! J'ai conçu
ce parc : mon épouse et moi 
n'avons jamais eu d'enfants,
et nous adorons voir tous ceux
des environs jouer ici, comme
si c'étaient nos petits-enfants !","Sono Mastro Blox, il creatore
del parco! Non avendo figli,
io e mia moglie consideriamo
i bimbi della città come se
fossero parte della famiglia
e adoriamo vederli giocare!","Ben Usta Blox! Eşimle hiç
çocuğumuz olmadı ama bu
kasabadaki bütün çocukları
ailemizden sayıyoruz. Bu parkı
da onları oynarken görmek
için yaptım.",6,425,6,415,0.976,OK,OK,REVIEWED,
862,M_Guide00_02,,,,,,,1,0,0,0,0.000,EMPTY,OK,EMPTY,
863,M_Guide00_03,,,,,,,1,0,0,0,0.000,EMPTY,OK,EMPTY,
864,M_Guide00_04,,,,,,,1,0,0,0,0.000,EMPTY,OK,EMPTY,
865,M_Guide00_05,"If a Pullblox has got you
stumped, go to the pause
menu when the pause icon
glows yellow and touch
""Skip to Next"" to move along
to the next one.","Überfordert dich ein Pullblox,
öffne das Pausenmenü, wenn
das Pausensymbol gelb
leuchtet. Berühre dann
ÜBERSPRINGEN, um zum
nächsten Pullblox zu springen.","Si no sabes cómo resolver
un Pullblox, abre el menú
de pausa cuando el icono
de pausa parpadee
y toca ""Pasar al siguiente"".
Así podrás comenzar otro.","Si tu bloques sur un Pullblox, 
ouvre donc le menu de pause
quand l'icône Pause clignote
en jaune. Touche « Passer au
suivant » pour abandonner ce
Pullblox et essayer le suivant.","Se ti blocchi su un Pullblox,
apri il menu di pausa quando
l'icona Pausa comincia a
lampeggiare. Tocca quindi
""Salta al prossimo"" per
passare al Pullblox successivo.","Bir Pullblox seni zorlarsa,
duraklatma simgesi sarı
yandığında duraklatma
menüsünü aç. “Sonrakine Geç”e
dokunarak sonraki Pullblox’a
geçebilirsin.",6,410,6,426,1.039,OK,OK,REVIEWED,
866,M_Guide01_00,,,,,,,1,0,0,0,0.000,EMPTY,OK,EMPTY,
867,M_Guide01_01,,,,,,,1,0,0,0,0.000,EMPTY,OK,EMPTY,
868,M_Guide01_02,,,,,,,1,0,0,0,0.000,EMPTY,OK,EMPTY,
869,M_Guide01_03,,,,,,,1,0,0,0,0.000,EMPTY,OK,EMPTY,
870,M_Guide01_04,,,,,,,1,0,0,0,0.000,EMPTY,OK,EMPTY,
871,M_Guide01_05,,,,,,,1,0,0,0,0.000,EMPTY,OK,EMPTY,
872,M_Guide02_00,,,,,,,1,0,0,0,0.000,EMPTY,OK,EMPTY,
873,M_Guide02_01,,,,,,,1,0,0,0,0.000,EMPTY,OK,EMPTY,
874,M_Guide02_02,,,,,,,1,0,0,0,0.000,EMPTY,OK,EMPTY,
875,M_Guide03_00,,,,,,,1,0,0,0,0.000,EMPTY,OK,EMPTY,
876,M_Guide03_01,,,,,,,1,0,0,0,0.000,EMPTY,OK,EMPTY,
877,M_Guide03_02,,,,,,,1,0,0,0,0.000,EMPTY,OK,EMPTY,
878,M_Guide03_03,,,,,,,1,0,0,0,0.000,EMPTY,OK,EMPTY,
879,M_Guide03_04,,,,,,,1,0,0,0,0.000,EMPTY,OK,EMPTY,
880,M_Guide04_00,,,,,,,1,0,0,0,0.000,EMPTY,OK,EMPTY,
881,M_Guide04_01,,,,,,,1,0,0,0,0.000,EMPTY,OK,EMPTY,
882,M_Guide04_02,,,,,,,1,0,0,0,0.000,EMPTY,OK,EMPTY,
883,M_Guide04_03,,,,,,,1,0,0,0,0.000,EMPTY,OK,EMPTY,
884,M_Guide04_04,,,,,,,1,0,0,0,0.000,EMPTY,OK,EMPTY,
885,M_Guide04_05,,,,,,,1,0,0,0,0.000,EMPTY,OK,EMPTY,
886,M_Guide05_00,,,,,,,1,0,0,0,0.000,EMPTY,OK,EMPTY,
887,M_Guide05_01,,,,,,,1,0,0,0,0.000,EMPTY,OK,EMPTY,
888,M_Guide05_02,,,,,,,1,0,0,0,0.000,EMPTY,OK,EMPTY,
889,M_Guide05_03,,,,,,,1,0,0,0,0.000,EMPTY,OK,EMPTY,
890,M_Guide05_04,,,,,,,1,0,0,0,0.000,EMPTY,OK,EMPTY,
891,M_Guide05_05,,,,,,,1,0,0,0,0.000,EMPTY,OK,EMPTY,
892,QRD_,,,,,,,1,0,0,0,0.000,EMPTY,OK,EMPTY,
893,QRD_Info_00,"Align the QR Code so
it's inside the ⟦TAG:0002:0001:00CD⟧⟦TAG:0000:0003:FF6E15FF⟧frame⟦TAG:0000:0003:41461AFF⟧⟦END:0002:0001⟧.","Der QR Code muss inner-
halb des ⟦TAG:0002:0001:00CD⟧⟦TAG:0000:0003:FF6E15FF⟧Rahmens⟦TAG:0000:0003:41461AFF⟧⟦END:0002:0001⟧ sein.","Encaja el QR Code
dentro del ⟦TAG:0002:0001:00CD⟧⟦TAG:0000:0003:FF6E15FF⟧marco⟦TAG:0000:0003:41461AFF⟧⟦END:0002:0001⟧.","Placez le QR Code
dans le ⟦TAG:0002:0001:00CD⟧⟦TAG:0000:0003:FF6E15FF⟧cadre⟦TAG:0000:0003:41461AFF⟧⟦END:0002:0001⟧ !","Inquadra il QR Code
nella ⟦TAG:0002:0001:00CD⟧⟦TAG:0000:0003:FF6E15FF⟧cornice⟦TAG:0000:0003:41461AFF⟧⟦END:0002:0001⟧.","QR kodunu, ⟦TAG:0002:0001:00CD⟧⟦TAG:0000:0003:FF6E15FF⟧çerçevenin⟦TAG:0000:0003:41461AFF⟧⟦END:0002:0001⟧
içine hizala.",2,327,2,309,0.945,OK,OK,REVIEWED,Son manuel Türkçe kalite taramasında doğrulandı.
894,QRD_Result_00,"Sorry, but this isn't
a Pullblox QR Code!","Hierbei handelt es sich nicht um
den QR Code eines Pullblox.","Esto no es el QR Code
de ningún Pullblox.","Je suis désolé, mais ce QR Code
ne correspond pas à un Pullblox !","Questo non è il QR Code
di un Pullblox.","Üzgünüm, bu bir
Pullblox QR kodu değil!",2,443,2,313,0.707,OK,OK,REVIEWED,Son manuel Türkçe kalite taramasında doğrulandı.
895,QRD_Result_01,"I don't recognise this Pullblox!
Has it been sent from the future?","Ich erkenne dieses Pullblox gar nicht!
Wurde es aus der Zukunft gesendet?","A mí este Pullblox no me suena...
¿De cuándo será?","Je ne comprends rien au QR Code
de ce Pullblox, il est trop futuriste !","Non riesco a riconoscere questo
Pullblox... Proviene forse dal futuro?","Bu Pullblox’u tanımıyorum!
Gelecekten mi gönderildi?",2,506,2,361,0.713,OK,OK,REVIEWED,
896,QRD_Result_02,"This Pullblox is too advanced for you! 
Wait until you've got more experience.","Dieses Pullblox ist eine Spur zu schwer!
Sammle bitte etwas mehr Erfahrung.","Este Pullblox es muy difícil.
Te vendría bien practicar un poco más.","Ce Pullblox est trop compliqué...
Attendez d'avoir assez d'expérience !","Questo Pullblox è troppo complicato...
Devi ancora farti le ossa.","Bu Pullblox senin için fazla ileri!
Biraz daha deneyim kazanıp gel.",2,523,2,443,0.847,OK,OK,REVIEWED,
897,QRD_Result_03,"Look!
A new Pullblox!","Sieh nur!
Ein neues Pullblox!",¡Anda! ¡Un Pullblox nuevo!,Oh ! Voilà un nouveau Pullblox !,Ehi! Un nuovo Pullblox!,"Bak!
Yeni bir Pullblox!",2,429,2,231,0.538,OK,OK,REVIEWED,
898,QRD_Result_04,"Something's wrong with this Pullblox's
QR Code. I can't read it properly...","Mit dem QR Code dieses Pullblox
scheint etwas nicht zu stimmen...","El QR Code de este Pullblox no parece
estar bien. No consigo leerlo...","Je n'arrive pas à lire le QR Code de
ce Pullblox, il semble endommagé...","Non riesco a leggere questo QR Code.
Dev'esserci qualcosa che non va...","Bu Pullblox’un QR kodunda bir
sorun var. Düzgün okuyamıyorum...",2,511,2,470,0.920,OK,OK,REVIEWED,Son manuel Türkçe kalite taramasında doğrulandı.
899,QRE_,,,,,,,1,0,0,0,0.000,EMPTY,OK,EMPTY,
900,QRE_Attention,"Pullblox QR Code images you create
can be saved as images and shared!

If you select ""Yes"" below, people who
receive this Pullblox's QR Code image
will be able to use ""Copy"" to edit your
Pullblox in Pullblox Studio. They'll also
be able to convert their versions of this
Pullblox into QR Code images that they
can share with other people.","Ein von dir erstellter QR Code eines
Pullblox kann als Bild gespeichert und
dann getauscht werden!

Wählst du JA!, können Empfänger dieses
QR Codes das Pullblox im Studio
kopieren und ändern. Beachte aber,
dass sie aus ihrer Version wiederum
einen QR Code erstellen und diesen
danach versenden können.","¡El QR Code de un Pullblox puede
guardarse como imagen y compartirse!

Si tocas ""¡Sí!"", los jugadores que
reciban el QR Code de este Pullblox
podrán copiar el Pullblox en el estudio
y variarlo. Además, podrán crear más
QR Code de las variaciones que hagan
¡y compartirlos también con los demás!","Le QR Code d'un Pullblox peut être
sauvegardé en tant qu'image et partagé.

En touchant « Oui » sur l'écran tactile,
vous autorisez tout joueur qui lira ce
QR Code à réutiliser librement le Pullblox
reçu en le copiant dans l'atelier, ainsi
qu'à créer pour le Pullblox reçu (ou une
variante de celui-ci) un QR Code qu'il
pourra partager avec d'autres joueurs.","I QR Code dei Pullblox possono essere
salvati come immagini e condivisi!

Selezionando ""Sì"", consentirai ai
giocatori che riceveranno questo
Pullblox (leggendone il QR Code)
di copiarlo per modificarlo nello
studio dei Pullblox. Anche la loro
versione potrà poi essere convertita
in un QR Code e condivisa.","Oluşturduğun Pullblox QR kodlarını
görsel olarak kaydedip paylaşabilirsin!

Aşağıda “Evet”i seçersen, bu Pullblox’un
QR kodu görselini alan kişiler,
Pullblox Studio’da “Kopyala”yı kullanıp
Pullblox’unu düzenleyebilir. Ayrıca kendi
sürümlerini QR kodu görsellerine çevirip
başkalarıyla paylaşabilirler.",10,555,9,558,1.005,OK,OK,REVIEWED,Son manuel Türkçe kalite taramasında doğrulandı.
901,QRE_Info_00,"Do you want to allow recipients
of this QR Code image to freely
edit and share this Pullblox?","Willst du anderen erlauben, dieses
QR Code-Bild zu kopieren, zu ver-
ändern und weiterzuversenden?","¿Permites que quienes reciban
este Pullblox lo copien y varíen
libremente y creen más QR Code?","Autoriser les joueurs qui liront
ce QR Code à copier librement
le Pullblox reçu et à le partager ?","Vuoi consentire a chi riceverà
questo Pullblox di modificarlo e
condividerlo tramite QR Code?","Bu QR kodu görselini alanların
Pullblox’u özgürce düzenleyip
paylaşmasına izin verilsin mi?",3,465,3,412,0.886,OK,OK,REVIEWED,Son manuel Türkçe kalite taramasında doğrulandı.
902,QRE_Info_01,"This QR Code image is locked.
Its recipients can't use ""Copy""
to edit or share this Pullblox.","Das QR Code-Bild kann nicht von
anderen kopiert, verändert und
dann weitergesendet werden.","Los jugadores que reciban
este Pullblox no podrán copiarlo,
variarlo ni convertirlo en QR Code.","Le Pullblox reçu via ce QR Code
sera verrouillé : il ne pourra être ni
copié, ni partagé via un QR Code.","Nessuno potrà copiare il Pullblox
ricevuto tramite questo QR Code
per modificarlo o condividerlo.","Bu QR kodu görseli kilitli. Alan
kişiler “Kopyala” ile bu Pullblox’u
düzenleyemez veya paylaşamaz.",3,479,3,453,0.946,OK,OK,REVIEWED,Son manuel Türkçe kalite taramasında doğrulandı.
903,QRE_Info_02,"This QR Code image is unlocked.
Its recipients can use ""Copy""
to edit and share this Pullblox.","Das QR Code-Bild kann von
anderen kopiert, verändert und
dann weitergesendet werden.","Los jugadores que reciban este
Pullblox podrán copiarlo y variarlo,
y convertirlo en otro QR Code.","Tout joueur qui lira ce QR Code
pourra copier le Pullblox reçu et
en créer à son tour un QR Code.","Chiunque potrà copiare il Pullblox
ricevuto tramite questo QR Code
per modificarlo e condividerlo.","Bu QR kodu görselinin kilidi açık.
Alan kişiler “Kopyala” ile bu
Pullblox’u düzenleyip paylaşabilir.",3,483,3,467,0.967,OK,OK,REVIEWED,Son manuel Türkçe kalite taramasında doğrulandı.
904,QRE_Photo,"Remaining:
 ⟦TAG:0001:0000:0000040025006400⟧ ","Übrig:
 ⟦TAG:0001:0000:0000040025006400⟧ ","Quedan:
 ⟦TAG:0001:0000:0000040025006400⟧ ","Places libres :
 ⟦TAG:0001:0000:0000040025006400⟧","Restanti:
 ⟦TAG:0001:0000:0000040025006400⟧ ","Kalan:
 ⟦TAG:0001:0000:0000040025006400⟧ ",2,186,2,91,0.489,OK,OK,REVIEWED,
905,SC_,,,,,,,1,0,0,0,0.000,EMPTY,OK,EMPTY,
906,SC_Titl,Credits,Credits,Credits,Crédits,Riconoscimenti,Jenerik,1,202,1,102,0.505,OK,OK,REVIEWED,Elle çevrildi; resmî diller karşılaştırıldı.
907,SC_Company00,INTELLIGENT SYSTEMS,INTELLIGENT SYSTEMS,INTELLIGENT SYSTEMS,INTELLIGENT SYSTEMS,INTELLIGENT SYSTEMS,INTELLIGENT SYSTEMS,1,316,1,316,1.000,OK,OK,REVIEWED,Özel ad/şirket adı; aynen korundu.
908,SC_Company01,Nintendo,Nintendo,Nintendo,Nintendo,Nintendo,Nintendo,1,126,1,126,1.000,OK,OK,REVIEWED,Özel ad/şirket adı; aynen korundu.
909,SC_Work00,DIRECTOR,DIRECTOR,DIRECTOR,DIRECTOR,DIRECTOR,YÖNETMEN,1,136,1,159,1.169,REVIEW,OK,REVIEWED,Elle çevrildi; resmî diller karşılaştırıldı.
910,SC_Work01,"ASSISTANT DIRECTOR
MAIN PROGRAMMING","ASSISTANT DIRECTOR
MAIN PROGRAMMING","ASSISTANT DIRECTOR
MAIN PROGRAMMING","ASSISTANT DIRECTOR
MAIN PROGRAMMING","ASSISTANT DIRECTOR
MAIN PROGRAMMING","YARDIMCI YÖNETMEN
ANA PROGRAMLAMA",2,306,2,306,1.000,OK,OK,REVIEWED,Elle çevrildi; resmî diller karşılaştırıldı.
911,SC_Work02,PROGRAMMING,PROGRAMMING,PROGRAMMING,PROGRAMMING,PROGRAMMING,PROGRAMLAMA,1,220,1,232,1.055,REVIEW,OK,REVIEWED,Elle çevrildi; resmî diller karşılaştırıldı.
912,SC_Work03,PROGRAMMING SUPPORT,PROGRAMMING SUPPORT,PROGRAMMING SUPPORT,PROGRAMMING SUPPORT,PROGRAMMING SUPPORT,PROGRAMLAMA DESTEĞİ,1,354,1,353,0.997,OK,OK,REVIEWED,Elle çevrildi; resmî diller karşılaştırıldı.
913,SC_Work04,ART DIRECTORS,ART DIRECTORS,ART DIRECTORS,ART DIRECTORS,ART DIRECTORS,SANAT YÖN.,1,216,1,175,0.810,OK,OK,REVIEWED,Son sığma/bağlam kontrolünde elle revize edildi.
914,SC_Work05,"CHARACTER
&
GRAPHICS DESIGN","CHARACTER
&
GRAPHICS DESIGN","CHARACTER
&
GRAPHICS DESIGN","CHARACTER
&
GRAPHICS DESIGN","CHARACTER
&
GRAPHICS DESIGN","KARAKTER
&
GRAFİK TASARIMI",3,254,3,252,0.992,OK,OK,REVIEWED,Elle çevrildi; resmî diller karşılaştırıldı.
915,SC_Work06,SOUND DIRECTOR,SOUND DIRECTOR,SOUND DIRECTOR,SOUND DIRECTOR,SOUND DIRECTOR,SES YÖNETMENİ,1,240,1,223,0.929,OK,OK,REVIEWED,Elle çevrildi; resmî diller karşılaştırıldı.
916,SC_Work07,SOUND SUPPORT,SOUND SUPPORT,SOUND SUPPORT,SOUND SUPPORT,SOUND SUPPORT,SES DESTEĞİ,1,231,1,171,0.740,OK,OK,REVIEWED,Elle çevrildi; resmî diller karşılaştırıldı.
917,SC_Work08,LEVEL DESIGN,LEVEL DESIGN,LEVEL DESIGN,LEVEL DESIGN,LEVEL DESIGN,BÖLÜM TAS.,1,200,1,170,0.850,OK,OK,REVIEWED,Son sığma/bağlam kontrolünde elle revize edildi.
918,SC_Work09,TECHNICAL SUPPORT,TECHNICAL SUPPORT,TECHNICAL SUPPORT,TECHNICAL SUPPORT,TECHNICAL SUPPORT,TEKNİK DESTEK,1,292,1,213,0.729,OK,OK,REVIEWED,Elle çevrildi; resmî diller karşılaştırıldı.
919,SC_Work10,SPECIAL THANKS,SPECIAL THANKS,SPECIAL THANKS,SPECIAL THANKS,SPECIAL THANKS,ÖZEL TEŞEKKÜRLER,1,242,1,277,1.145,REVIEW,OK,REVIEWED,Elle çevrildi; resmî diller karşılaştırıldı.
920,SC_Work11,PRODUCERS,PRODUCERS,PRODUCERS,PRODUCERS,PRODUCERS,YAPIMCILAR,1,163,1,177,1.086,REVIEW,OK,REVIEWED,Elle çevrildi; resmî diller karşılaştırıldı.
921,SC_Work12,EXECUTIVE PRODUCER,EXECUTIVE PRODUCER,EXECUTIVE PRODUCER,EXECUTIVE PRODUCER,EXECUTIVE PRODUCER,YÖNETİCİ YAPIMCI,1,307,1,250,0.814,OK,OK,REVIEWED,Elle çevrildi; resmî diller karşılaştırıldı.
922,SC_Work13,SUPERVISORS,SUPERVISORS,SUPERVISORS,SUPERVISORS,SUPERVISORS,DENETMENLER,1,190,1,209,1.100,REVIEW,OK,REVIEWED,Elle çevrildi; resmî diller karşılaştırıldı.
923,SC_Work14,ARTWORK,ARTWORK,ARTWORK,ARTWORK,ARTWORK,GRAFİK,1,143,1,104,0.727,OK,OK,REVIEWED,Son sığma/bağlam kontrolünde elle revize edildi.
924,SC_Work15,TESTING COORDINATION,TESTING COORDINATION,TESTING COORDINATION,TESTING COORDINATION,TESTING COORDINATION,TEST KOORDİNASYONU,1,343,1,320,0.933,OK,OK,REVIEWED,Elle çevrildi; resmî diller karşılaştırıldı.
925,SC_Work16,TESTING,TESTING,TESTING,TESTING,TESTING,TEST,1,117,1,66,0.564,OK,OK,REVIEWED,Elle çevrildi; resmî diller karşılaştırıldı.
926,SC_Work17,"LOCALISATION
MANAGEMENT","LOCALISATION
MANAGEMENT","LOCALISATION
MANAGEMENT","LOCALISATION
MANAGEMENT","LOCALISATION
MANAGEMENT","ÇEVİRİ
YÖNETİMİ",2,212,2,134,0.632,OK,OK,REVIEWED,Elle çevrildi; resmî diller karşılaştırıldı.
927,SC_Work18,LOCALISATION,LOCALISATION,LOCALISATION,LOCALISATION,LOCALISATION,YERELLEŞTİRME,1,212,1,224,1.057,REVIEW,OK,REVIEWED,Elle çevrildi; resmî diller karşılaştırıldı.
928,SC_Name00,Taku Sugioka,Taku Sugioka,Taku Sugioka,Taku Sugioka,Taku Sugioka,Taku Sugioka,1,182,1,182,1.000,OK,OK,REVIEWED,Özel ad/şirket adı; aynen korundu.
929,SC_Name01,Misuzu Yoshida,Misuzu Yoshida,Misuzu Yoshida,Misuzu Yoshida,Misuzu Yoshida,Misuzu Yoshida,1,207,1,207,1.000,OK,OK,REVIEWED,Özel ad/şirket adı; aynen korundu.
930,SC_Name02,Yu Yamanaka,Yu Yamanaka,Yu Yamanaka,Yu Yamanaka,Yu Yamanaka,Yu Yamanaka,1,187,1,187,1.000,OK,OK,REVIEWED,Özel ad/şirket adı; aynen korundu.
931,SC_Name03,Tatsuya Kikkawa,Tatsuya Kikkawa,Tatsuya Kikkawa,Tatsuya Kikkawa,Tatsuya Kikkawa,Tatsuya Kikkawa,1,235,1,235,1.000,OK,OK,REVIEWED,Özel ad/şirket adı; aynen korundu.
932,SC_Name04,Kei Matsubara,Kei Matsubara,Kei Matsubara,Kei Matsubara,Kei Matsubara,Kei Matsubara,1,200,1,200,1.000,OK,OK,REVIEWED,Özel ad/şirket adı; aynen korundu.
933,SC_Name05,Shunsuke Watanabe,Shunsuke Watanabe,Shunsuke Watanabe,Shunsuke Watanabe,Shunsuke Watanabe,Shunsuke Watanabe,1,277,1,277,1.000,OK,OK,REVIEWED,Özel ad/şirket adı; aynen korundu.
934,SC_Name06,Tetsuya Sato,Tetsuya Sato,Tetsuya Sato,Tetsuya Sato,Tetsuya Sato,Tetsuya Sato,1,177,1,177,1.000,OK,OK,REVIEWED,Özel ad/şirket adı; aynen korundu.
935,SC_Name07,Eiko Hirao,Eiko Hirao,Eiko Hirao,Eiko Hirao,Eiko Hirao,Eiko Hirao,1,146,1,146,1.000,OK,OK,REVIEWED,Özel ad/şirket adı; aynen korundu.
936,SC_Name08,Daisuke Yasumatsu,Daisuke Yasumatsu,Daisuke Yasumatsu,Daisuke Yasumatsu,Daisuke Yasumatsu,Daisuke Yasumatsu,1,259,1,259,1.000,OK,OK,REVIEWED,Özel ad/şirket adı; aynen korundu.
937,SC_Name09,Narumi Kubota,Narumi Kubota,Narumi Kubota,Narumi Kubota,Narumi Kubota,Narumi Kubota,1,204,1,204,1.000,OK,OK,REVIEWED,Özel ad/şirket adı; aynen korundu.
938,SC_Name10,Shoh Murakami,Shoh Murakami,Shoh Murakami,Shoh Murakami,Shoh Murakami,Shoh Murakami,1,211,1,211,1.000,OK,OK,REVIEWED,Özel ad/şirket adı; aynen korundu.
939,SC_Name11,Masanobu Matsunaga,Masanobu Matsunaga,Masanobu Matsunaga,Masanobu Matsunaga,Masanobu Matsunaga,Masanobu Matsunaga,1,298,1,298,1.000,OK,OK,REVIEWED,Özel ad/şirket adı; aynen korundu.
940,SC_Name12,Naotaka Onishi,Naotaka Onishi,Naotaka Onishi,Naotaka Onishi,Naotaka Onishi,Naotaka Onishi,1,214,1,214,1.000,OK,OK,REVIEWED,Özel ad/şirket adı; aynen korundu.
941,SC_Name13,Kenichi Nishidono,Kenichi Nishidono,Kenichi Nishidono,Kenichi Nishidono,Kenichi Nishidono,Kenichi Nishidono,1,242,1,242,1.000,OK,OK,REVIEWED,Özel ad/şirket adı; aynen korundu.
942,SC_Name14,Asako Kagita,Asako Kagita,Asako Kagita,Asako Kagita,Asako Kagita,Asako Kagita,1,186,1,186,1.000,OK,OK,REVIEWED,Özel ad/şirket adı; aynen korundu.
943,SC_Name15,Yuichi Nakamura,Yuichi Nakamura,Yuichi Nakamura,Yuichi Nakamura,Yuichi Nakamura,Yuichi Nakamura,1,233,1,233,1.000,OK,OK,REVIEWED,Özel ad/şirket adı; aynen korundu.
944,SC_Name16,Masahiro Oku,Masahiro Oku,Masahiro Oku,Masahiro Oku,Masahiro Oku,Masahiro Oku,1,190,1,190,1.000,OK,OK,REVIEWED,Özel ad/şirket adı; aynen korundu.
945,SC_Name17,Masayuki Taira,Masayuki Taira,Masayuki Taira,Masayuki Taira,Masayuki Taira,Masayuki Taira,1,212,1,212,1.000,OK,OK,REVIEWED,Özel ad/şirket adı; aynen korundu.
946,SC_Name18,Susumu Ishihara,Susumu Ishihara,Susumu Ishihara,Susumu Ishihara,Susumu Ishihara,Susumu Ishihara,1,219,1,219,1.000,OK,OK,REVIEWED,Özel ad/şirket adı; aynen korundu.
947,SC_Name19,Takako Sakai,Takako Sakai,Takako Sakai,Takako Sakai,Takako Sakai,Takako Sakai,1,187,1,187,1.000,OK,OK,REVIEWED,Özel ad/şirket adı; aynen korundu.
948,SC_Name20,Hiromi Tanaka,Hiromi Tanaka,Hiromi Tanaka,Hiromi Tanaka,Hiromi Tanaka,Hiromi Tanaka,1,203,1,203,1.000,OK,OK,REVIEWED,Özel ad/şirket adı; aynen korundu.
949,SC_Name21,Paul Patrashcu,Paul Patrashcu,Paul Patrashcu,Paul Patrashcu,Paul Patrashcu,Paul Patrashcu,1,207,1,207,1.000,OK,OK,REVIEWED,Özel ad/şirket adı; aynen korundu.
950,SC_Name22,Shigeki Osaka,Shigeki Osaka,Shigeki Osaka,Shigeki Osaka,Shigeki Osaka,Shigeki Osaka,1,194,1,194,1.000,OK,OK,REVIEWED,Özel ad/şirket adı; aynen korundu.
951,SC_Name23,Tsutomu Kitanishi,Tsutomu Kitanishi,Tsutomu Kitanishi,Tsutomu Kitanishi,Tsutomu Kitanishi,Tsutomu Kitanishi,1,241,1,241,1.000,OK,OK,REVIEWED,Özel ad/şirket adı; aynen korundu.
952,SC_Name24,Yushi Shushi,Yushi Shushi,Yushi Shushi,Yushi Shushi,Yushi Shushi,Yushi Shushi,1,166,1,166,1.000,OK,OK,REVIEWED,Özel ad/şirket adı; aynen korundu.
953,SC_Name25,Toshio Sengoku,Toshio Sengoku,Toshio Sengoku,Toshio Sengoku,Toshio Sengoku,Toshio Sengoku,1,207,1,207,1.000,OK,OK,REVIEWED,Özel ad/şirket adı; aynen korundu.
954,SC_Name26,Naoki Nakano,Naoki Nakano,Naoki Nakano,Naoki Nakano,Naoki Nakano,Naoki Nakano,1,195,1,195,1.000,OK,OK,REVIEWED,Özel ad/şirket adı; aynen korundu.
955,SC_Name27,Toshiyuki Nakamura,Toshiyuki Nakamura,Toshiyuki Nakamura,Toshiyuki Nakamura,Toshiyuki Nakamura,Toshiyuki Nakamura,1,278,1,278,1.000,OK,OK,REVIEWED,Özel ad/şirket adı; aynen korundu.
956,SC_Name28,Hiro Yamada,Hiro Yamada,Hiro Yamada,Hiro Yamada,Hiro Yamada,Hiro Yamada,1,179,1,179,1.000,OK,OK,REVIEWED,Özel ad/şirket adı; aynen korundu.
957,SC_Name29,Kodai Matsumoto,Kodai Matsumoto,Kodai Matsumoto,Kodai Matsumoto,Kodai Matsumoto,Kodai Matsumoto,1,237,1,237,1.000,OK,OK,REVIEWED,Özel ad/şirket adı; aynen korundu.
958,SC_Name30,Shingo Okamoto,Shingo Okamoto,Shingo Okamoto,Shingo Okamoto,Shingo Okamoto,Shingo Okamoto,1,222,1,222,1.000,OK,OK,REVIEWED,Özel ad/şirket adı; aynen korundu.
959,SC_Name31,Kotaro Hiromatsu,Kotaro Hiromatsu,Kotaro Hiromatsu,Kotaro Hiromatsu,Kotaro Hiromatsu,Kotaro Hiromatsu,1,244,1,244,1.000,OK,OK,REVIEWED,Özel ad/şirket adı; aynen korundu.
960,SC_Name32,Keisuke Kadota,Keisuke Kadota,Keisuke Kadota,Keisuke Kadota,Keisuke Kadota,Keisuke Kadota,1,213,1,213,1.000,OK,OK,REVIEWED,Özel ad/şirket adı; aynen korundu.
961,SC_Name33,Kiyoshi Ishibiki,Kiyoshi Ishibiki,Kiyoshi Ishibiki,Kiyoshi Ishibiki,Kiyoshi Ishibiki,Kiyoshi Ishibiki,1,204,1,204,1.000,OK,OK,REVIEWED,Özel ad/şirket adı; aynen korundu.
962,SC_Name34,Yuta Ogawa,Yuta Ogawa,Yuta Ogawa,Yuta Ogawa,Yuta Ogawa,Yuta Ogawa,1,167,1,167,1.000,OK,OK,REVIEWED,Özel ad/şirket adı; aynen korundu.
963,SC_Name35,"Mario Club Co., Ltd.","Mario Club Co., Ltd.","Mario Club Co., Ltd.","Mario Club Co., Ltd.","Mario Club Co., Ltd.","Mario Club Co., Ltd.",1,260,1,260,1.000,OK,OK,REVIEWED,Özel ad/şirket adı; aynen korundu.
964,SC_Name36,Makoto Kano,Makoto Kano,Makoto Kano,Makoto Kano,Makoto Kano,Makoto Kano,1,182,1,182,1.000,OK,OK,REVIEWED,Özel ad/şirket adı; aynen korundu.
965,SC_Name37,Yoshio Sakamoto,Yoshio Sakamoto,Yoshio Sakamoto,Yoshio Sakamoto,Yoshio Sakamoto,Yoshio Sakamoto,1,231,1,231,1.000,OK,OK,REVIEWED,Özel ad/şirket adı; aynen korundu.
966,SC_Name38,Tadashi Sugiyama,Tadashi Sugiyama,Tadashi Sugiyama,Tadashi Sugiyama,Tadashi Sugiyama,Tadashi Sugiyama,1,245,1,245,1.000,OK,OK,REVIEWED,Özel ad/şirket adı; aynen korundu.
967,SC_Name39,Hiroji Kiyotake,Hiroji Kiyotake,Hiroji Kiyotake,Hiroji Kiyotake,Hiroji Kiyotake,Hiroji Kiyotake,1,212,1,212,1.000,OK,OK,REVIEWED,Özel ad/şirket adı; aynen korundu.
968,SC_Name40,Toru Osawa,Toru Osawa,Toru Osawa,Toru Osawa,Toru Osawa,Toru Osawa,1,159,1,159,1.000,OK,OK,REVIEWED,Özel ad/şirket adı; aynen korundu.
969,SC_Name41,Tomomi Yamane,Tomomi Yamane,Tomomi Yamane,Tomomi Yamane,Tomomi Yamane,Tomomi Yamane,1,217,1,217,1.000,OK,OK,REVIEWED,Özel ad/şirket adı; aynen korundu.
970,SC_Name42,Takayasu Morisawa,Takayasu Morisawa,Takayasu Morisawa,Takayasu Morisawa,Takayasu Morisawa,Takayasu Morisawa,1,270,1,270,1.000,OK,OK,REVIEWED,Özel ad/şirket adı; aynen korundu.
971,SC_Name43,Yo Onishi,Yo Onishi,Yo Onishi,Yo Onishi,Yo Onishi,Yo Onishi,1,127,1,127,1.000,OK,OK,REVIEWED,Özel ad/şirket adı; aynen korundu.
972,SC_Name44,Shinya Takahashi,Shinya Takahashi,Shinya Takahashi,Shinya Takahashi,Shinya Takahashi,Shinya Takahashi,1,242,1,242,1.000,OK,OK,REVIEWED,Özel ad/şirket adı; aynen korundu.
973,SC_Name45,Kensuke Tanabe,Kensuke Tanabe,Kensuke Tanabe,Kensuke Tanabe,Kensuke Tanabe,Kensuke Tanabe,1,221,1,221,1.000,OK,OK,REVIEWED,Özel ad/şirket adı; aynen korundu.
974,SC_Name46,Keisuke Terasaki,Keisuke Terasaki,Keisuke Terasaki,Keisuke Terasaki,Keisuke Terasaki,Keisuke Terasaki,1,231,1,231,1.000,OK,OK,REVIEWED,Özel ad/şirket adı; aynen korundu.
975,SC_Name47,Satoru Iwata,Satoru Iwata,Satoru Iwata,Satoru Iwata,Satoru Iwata,Satoru Iwata,1,179,1,179,1.000,OK,OK,REVIEWED,Özel ad/şirket adı; aynen korundu.
976,SC_Name48,,,,,,,1,0,0,0,0.000,EMPTY,OK,EMPTY,
977,SC_Name49,,,,,,,1,0,0,0,0.000,EMPTY,OK,EMPTY,
978,SC_Name50,,,,,,,1,0,0,0,0.000,EMPTY,OK,EMPTY,
979,SC_Name51,,,,,,,1,0,0,0,0.000,EMPTY,OK,EMPTY,
980,SC_Name52,,,,,,,1,0,0,0,0.000,EMPTY,OK,EMPTY,
981,SC_Name53,,,,,,,1,0,0,0,0.000,EMPTY,OK,EMPTY,
982,SC_Name54,,,,,,,1,0,0,0,0.000,EMPTY,OK,EMPTY,
983,SC_Name55,,,,,,,1,0,0,0,0.000,EMPTY,OK,EMPTY,
984,SC_Name56,Arnold A. Myers II,Arnold A. Myers II,Arnold A. Myers II,Arnold A. Myers II,Arnold A. Myers II,Arnold A. Myers II,1,249,1,249,1.000,OK,OK,REVIEWED,Özel ad/şirket adı; aynen korundu.
985,SC_Name57,Kathy Huguenard,Kathy Huguenard,Kathy Huguenard,Kathy Huguenard,Kathy Huguenard,Kathy Huguenard,1,242,1,242,1.000,OK,OK,REVIEWED,Özel ad/şirket adı; aynen korundu.
986,SC_Name58,Alexandre Higashi,Alexandre Higashi,Alexandre Higashi,Alexandre Higashi,Alexandre Higashi,Alexandre Higashi,1,256,1,256,1.000,OK,OK,REVIEWED,Özel ad/şirket adı; aynen korundu.
987,SC_Name59,NOA Product Testing,NOA Product Testing,NOA Product Testing,NOA Product Testing,NOA Product Testing,NOA Product Testing,1,286,1,286,1.000,OK,OK,REVIEWED,Özel ad/şirket adı; aynen korundu.
988,SC_Name60,Andy Fey,Andy Fey,Andy Fey,Andy Fey,Andy Fey,Andy Fey,1,129,1,129,1.000,OK,OK,REVIEWED,Özel ad/şirket adı; aynen korundu.
989,SC_Name61,Jan Peitzmeier,Jan Peitzmeier,Jan Peitzmeier,Jan Peitzmeier,Jan Peitzmeier,Jan Peitzmeier,1,203,1,203,1.000,OK,OK,REVIEWED,Özel ad/şirket adı; aynen korundu.
990,SC_Name62,Mihai Barbulescu,Mihai Barbulescu,Mihai Barbulescu,Mihai Barbulescu,Mihai Barbulescu,Mihai Barbulescu,1,232,1,232,1.000,OK,OK,REVIEWED,Özel ad/şirket adı; aynen korundu.
991,SC_Name63,John Mullen,John Mullen,John Mullen,John Mullen,John Mullen,John Mullen,1,163,1,163,1.000,OK,OK,REVIEWED,Özel ad/şirket adı; aynen korundu.
992,SC_Name64,Gurvan Le Guen,Gurvan Le Guen,Gurvan Le Guen,Gurvan Le Guen,Gurvan Le Guen,Gurvan Le Guen,1,216,1,216,1.000,OK,OK,REVIEWED,Özel ad/şirket adı; aynen korundu.
993,SC_Name65,Daniel Pestka,Daniel Pestka,Daniel Pestka,Daniel Pestka,Daniel Pestka,Daniel Pestka,1,189,1,189,1.000,OK,OK,REVIEWED,Özel ad/şirket adı; aynen korundu.
994,SC_Name66,Alessandro Pagano,Alessandro Pagano,Alessandro Pagano,Alessandro Pagano,Alessandro Pagano,Alessandro Pagano,1,263,1,263,1.000,OK,OK,REVIEWED,Özel ad/şirket adı; aynen korundu.
995,SC_Name67,Sofía Marín Aguilar-Galindo,Sofía Marín Aguilar-Galindo,Sofía Marín Aguilar-Galindo,Sofía Marín Aguilar-Galindo,Sofía Marín Aguilar-Galindo,Sofía Marín Aguilar-Galindo,1,390,1,390,1.000,OK,OK,REVIEWED,Özel ad/şirket adı; aynen korundu.
996,SC_Name68,Julio Manzaneda,Julio Manzaneda,Julio Manzaneda,Julio Manzaneda,Julio Manzaneda,Julio Manzaneda,1,232,1,232,1.000,OK,OK,REVIEWED,Özel ad/şirket adı; aynen korundu.
997,SC_Name69,NOE Testing Team,NOE Testing Team,NOE Testing Team,NOE Testing Team,NOE Testing Team,NOE Testing Team,1,246,1,246,1.000,OK,OK,REVIEWED,Özel ad/şirket adı; aynen korundu.
998,SC_Product,"⟦TAG:0002:0000:3200⟧Nintendo and INTELLIGENT SYSTEMS
are the authors of this software for the
purpose of copyright. All rights reserved.⟦END:0002:0000⟧
⟦TAG:0000:0002:7800⟧©⟦TAG:0000:0002:6400⟧⟦TAG:0002:0000:3200⟧ 2011 Nintendo / INTELLIGENT SYSTEMS⟦END:0002:0000⟧","⟦TAG:0002:0000:3200⟧Nintendo and INTELLIGENT SYSTEMS
are the authors of this software for the
purpose of copyright. All rights reserved.⟦END:0002:0000⟧
⟦TAG:0000:0002:7800⟧©⟦TAG:0000:0002:6400⟧⟦TAG:0002:0000:3200⟧ 2011 Nintendo / INTELLIGENT SYSTEMS⟦END:0002:0000⟧","⟦TAG:0002:0000:3200⟧Nintendo and INTELLIGENT SYSTEMS
are the authors of this software for the
purpose of copyright. All rights reserved.⟦END:0002:0000⟧
⟦TAG:0000:0002:7800⟧©⟦TAG:0000:0002:6400⟧⟦TAG:0002:0000:3200⟧ 2011 Nintendo / INTELLIGENT SYSTEMS⟦END:0002:0000⟧","⟦TAG:0002:0000:3700⟧Nintendo et INTELLIGENT SYSTEMS
sont les auteurs de ce logiciel au regard
du droit d'auteur. Tous droits réservés.⟦END:0002:0000⟧
⟦TAG:0000:0002:7800⟧©⟦TAG:0000:0002:6400⟧⟦TAG:0002:0000:3700⟧ 2011 Nintendo / INTELLIGENT SYSTEMS⟦END:0002:0000⟧","⟦TAG:0002:0000:3200⟧Nintendo and INTELLIGENT SYSTEMS
are the authors of this software for the
purpose of copyright. All rights reserved.⟦END:0002:0000⟧
⟦TAG:0000:0002:7800⟧©⟦TAG:0000:0002:6400⟧⟦TAG:0002:0000:3200⟧ 2011 Nintendo / INTELLIGENT SYSTEMS⟦END:0002:0000⟧","⟦TAG:0002:0000:3200⟧Bu yazılımın telif hakkı sahipleri
Nintendo ve INTELLIGENT SYSTEMS’tır.
Tüm hakları saklıdır.⟦END:0002:0000⟧
⟦TAG:0000:0002:7800⟧©⟦TAG:0000:0002:6400⟧⟦TAG:0002:0000:3200⟧ 2011 Nintendo / INTELLIGENT SYSTEMS⟦END:0002:0000⟧",4,568,4,568,1.000,OK,OK,REVIEWED,Yasal anlam korunarak çevrildi; tüm biçimlendirme kodları kaynakla aynı sırada.
999,SC_Thank,Thank you for playing to the end!,"Danke, dass du bis zum Schluss
durchgehalten hast!",¡Gracias por jugar hasta el final!,Merci d'avoir joué jusqu'à la fin !,Grazie per aver giocato fino alla fine!,"Sonuna kadar oynadığın için
teşekkürler!",2,516,2,388,0.752,OK,OK,REVIEWED,Son sığma/bağlam kontrolünde elle revize edildi.
1000,B_,,,,,,,1,0,0,0,0.000,EMPTY,OK,EMPTY,
1001,B_Back,Back,Zurück,Atrás,Retour,⟦TAG:0002:0000:3C00⟧Indietro⟦END:0002:0000⟧,Geri,1,111,1,58,0.523,OK,OK,REVIEWED,
1002,B_Select,Select,Wählen,Elegir,Sélectionner,Seleziona,Seç,1,172,1,46,0.267,OK,OK,REVIEWED,
1003,B_Thmb_00,Play,Spielen,Jugar,Jouer,Gioca,Oyna,1,100,1,73,0.730,OK,OK,REVIEWED,
1004,B_Thmb_01,Edit,Ändern,Variar,Éditer,⟦TAG:0002:0000:3A00⟧Modifica⟦END:0002:0000⟧,Düzenle,1,120,1,108,0.900,OK,OK,REVIEWED,
1005,B_Thmb_02,Delete,Lösch.,Borrar,Effacer,⟦TAG:0002:0000:3A00⟧Cancella⟦END:0002:0000⟧,Sil,1,116,1,34,0.293,OK,OK,REVIEWED,
1006,B_Thmb_03,New,Neu,Crear,Créer,Crea nuovo,Yeni,1,150,1,60,0.400,OK,OK,REVIEWED,
1007,B_Thmb_04,⟦TAG:0002:0000:3800⟧Read QR Code⟦END:0002:0000⟧,⟦TAG:0002:0000:3200⟧QR Code lesen⟦END:0002:0000⟧,⟦TAG:0002:0000:3800⟧Leer QR Code⟦END:0002:0000⟧,⟦TAG:0002:0000:3C00⟧Lire QR Code⟦END:0002:0000⟧,⟦TAG:0002:0000:3400⟧Leggi QR Code⟦END:0002:0000⟧,⟦TAG:0002:0000:3800⟧QR Kodu Oku⟦END:0002:0000⟧,1,192,1,177,0.922,OK,OK,REVIEWED,Son manuel Türkçe kalite taramasında doğrulandı.
1008,B_Thmb_05,⟦TAG:0002:0000:3200⟧QR Code⟦END:0002:0000⟧,⟦TAG:0002:0000:3200⟧QR Code⟦END:0002:0000⟧,⟦TAG:0002:0000:3200⟧QR Code⟦END:0002:0000⟧,⟦TAG:0002:0000:3200⟧QR Code⟦END:0002:0000⟧,⟦TAG:0002:0000:3200⟧QR Code⟦END:0002:0000⟧,⟦TAG:0002:0000:3200⟧QR Kodu⟦END:0002:0000⟧,1,111,1,115,1.036,OK,OK,REVIEWED,Son manuel Türkçe kalite taramasında doğrulandı.
1009,B_Edit_00,Name,Name,Nombre,Nom,Nome,Ad,1,104,1,40,0.385,OK,OK,REVIEWED,
1010,B_Edit_01,Level,Level,Nivel,Niveau,⟦TAG:0002:0000:3200⟧Difficoltà⟦END:0002:0000⟧,Seviye,1,131,1,89,0.679,OK,OK,REVIEWED,
1011,B_Edit_02,Test,Test,Probar,Tester,Prova,Dene,1,94,1,68,0.723,OK,OK,REVIEWED,
1012,B_Edit_03,Copy,Kopier.,Copiar,Copier,Copia,Kopyala,1,98,1,113,1.153,REVIEW,OK,REVIEWED,
1013,B_Edit_04,Done,Fertig,¡Ya!,Fini,Fine,Bitti,1,84,1,61,0.726,OK,OK,REVIEWED,
1014,B_Edit_05,Help,Hilfe,Ayuda,Aide,Aiuto,Yardım,1,90,1,97,1.078,REVIEW,OK,REVIEWED,
1015,B_Pzl_00,Play,Spielen,Jugar,Jouer,Gioca,Oyna,1,100,1,73,0.730,OK,OK,REVIEWED,
1016,B_EditCol_00,Confirm,O.K.,Aceptar,OK,OK,Onayla,1,114,1,100,0.877,OK,OK,REVIEWED,
1017,B_EditCol_01,Cancel,Zurück,Cancelar,Annuler,Annulla,İptal,1,120,1,64,0.533,OK,OK,REVIEWED,
1018,B_QRE_00,No,Nein danke!,No,Non,No,Hayır,1,165,1,79,0.479,OK,OK,REVIEWED,
1019,B_QRE_01,Yes,Ja!,¡Sí!,Oui,Sì,Evet,1,47,1,63,1.340,RISK,OK,REVIEWED,
1020,B_QRE_02,Save to SD Card,Auf SD Card speichern,Guardar en la tarjeta SD,⟦TAG:0002:0000:3C00⟧Sauvegarder sur la carte SD⟦END:0002:0000⟧,Salva nella scheda SD,SD Karta Kaydet,1,380,1,229,0.603,OK,OK,REVIEWED,
1021,DB_,,,,,,,1,0,0,0,0.000,EMPTY,OK,EMPTY,
1022,DB_00,Yes,Ja,Vale,Oui,Sì,Evet,1,62,1,63,1.016,OK,OK,REVIEWED,
1023,DB_01,No,Nein,No,Non,No,Hayır,1,63,1,79,1.254,RISK,OK,REVIEWED,
1024,DB_02,Close,Schließen,Cerrar,Fermer,Chiudi,Kapat,1,130,1,85,0.654,OK,OK,REVIEWED,
1025,DB_EditStar1_00,★,★,★,★,★,★,1,24,1,24,1.000,OK,OK,REVIEWED,
1026,DB_EditStar1_01,Easy,Leicht,Principiante,Facile,Facile,Başlangıç,1,170,1,130,0.765,OK,OK,REVIEWED,Son manuel Türkçe kalite taramasında doğrulandı.
1027,DB_EditStar2_00,★★,★★,★★,★★,★★,★★,1,48,1,48,1.000,OK,OK,REVIEWED,
1028,DB_EditStar2_01,Pretty Simple,Ziemlich leicht,Fácil,Assez facile,Abbastanza facile,Kolay,1,251,1,78,0.311,OK,OK,REVIEWED,Son manuel Türkçe kalite taramasında doğrulandı.
1029,DB_EditStar3_00,★★★,★★★,★★★,★★★,★★★,★★★,1,72,1,72,1.000,OK,OK,REVIEWED,
1030,DB_EditStar3_01,Average,Normal,Normal,Moyen,Normale,Orta,1,118,1,66,0.559,OK,OK,REVIEWED,Son manuel Türkçe kalite taramasında doğrulandı.
1031,DB_EditStar4_00,★★★★,★★★★,★★★★,★★★★,★★★★,★★★★,1,96,1,96,1.000,OK,OK,REVIEWED,
1032,DB_EditStar4_01,Tricky,Knifflig,Difícil,Difficile,Difficile,Zor,1,109,1,46,0.422,OK,OK,REVIEWED,Son manuel Türkçe kalite taramasında doğrulandı.
1033,DB_EditStar5_00,★★★★★,★★★★★,★★★★★,★★★★★,★★★★★,★★★★★,1,120,1,120,1.000,OK,OK,REVIEWED,
1034,DB_EditStar5_01,Hard,Schwer,Muy difícil,Expert,Per professionisti,Çok Zor,1,237,1,101,0.426,OK,OK,REVIEWED,Son manuel Türkçe kalite taramasında doğrulandı.
1035,DB_Pau_00,Continue,Weiter,Continuar,Continuer,Continua,Devam,1,134,1,91,0.679,OK,OK,REVIEWED,
1036,DB_Pau_01,Skip to Next,Überspringen,Pasar al siguiente,Passer au suivant,Salta al prossimo,Sonrakine Geç,1,244,1,196,0.803,OK,OK,REVIEWED,
1037,DB_Pau_02,To Pullblox Park　,Zum Pullbloxpark ,A Villa Pullblox,Retourner au parc,Torna al parco,Pullblox Park'a,1,248,1,207,0.835,OK,OK,REVIEWED,
1038,DB_Pau_03,To Pullblox Studio　,Zum Pullbloxstudio ,Al estudio　  ,Retourner à l'atelier,Torna allo studio,Pullblox Studio'ya,1,280,1,244,0.871,OK,OK,REVIEWED,
1039,DB_Res_00,Next Pullblox,Nächstes Pullblox,Siguiente Pullblox,Aller au suivant,Prossimo Pullblox,Sonraki Pullblox,1,244,1,222,0.910,OK,OK,REVIEWED,
1040,DB_Res_01,Replay Pullblox,Pullblox wiederholen,Repetir el Pullblox,Rejouer à ce Pullblox,Rigioca il Pullblox,Tekrar Oyna,1,284,1,173,0.609,OK,OK,REVIEWED,
1041,DB_Res_02,To Pullblox Park　,Zum Pullbloxpark ,A Villa Pullblox,Retourner au parc,Torna al parco,Pullblox Park'a,1,248,1,207,0.835,OK,OK,REVIEWED,
1042,DB_Call_00,...from Pullblox Park,Pullblox des Parks,De Villa Pullblox,Pullblox du parc,Pullblox del parco,...Pullblox Park'tan,1,276,1,261,0.946,OK,OK,REVIEWED,
1043,DB_Call_01,...from Pullblox Studio,Pullblox des Studios,Del estudio,Pullblox de l'atelier,Pullblox dello studio,...Pullblox Studio'dan,1,297,1,286,0.963,OK,OK,REVIEWED,
1044,DB_Call_02,Cancel,Abbrechen,Atrás,Annuler,Annulla,İptal,1,148,1,64,0.432,OK,OK,REVIEWED,
1045,DB_Call_03,...from Papa Blox,Pullblox des Meisters,De Papa Blox,Pullblox de Papy Blox,⟦TAG:0002:0000:3F00⟧Pullblox di Mastro Blox⟦END:0002:0000⟧,...Usta Blox'tan,1,311,1,206,0.662,OK,OK,REVIEWED,
1046,DB_Opt_00,⟦TAG:0002:0000:3B00⟧Sound⟦END:0002:0000⟧,⟦TAG:0002:0000:3B00⟧Sound⟦END:0002:0000⟧,⟦TAG:0002:0000:3B00⟧Sonido⟦END:0002:0000⟧,Son,Audio,⟦TAG:0002:0000:3B00⟧Ses⟦END:0002:0000⟧,1,91,1,44,0.484,OK,OK,REVIEWED,
1047,DB_Opt_01,Credits,Credits,Créditos,Crédits,"Ricono-
scimenti",Jenerik,2,112,1,102,0.911,OK,OK,REVIEWED,
1048,DB_Opt_02,⟦TAG:0002:0000:3B00⟧Save Data⟦END:0002:0000⟧,⟦TAG:0002:0000:3B00⟧Daten⟦END:0002:0000⟧,⟦TAG:0002:0000:3B00⟧Datos⟦END:0002:0000⟧,⟦TAG:0002:0000:3200⟧Sauvegarde⟦END:0002:0000⟧,⟦TAG:0002:0000:3200⟧Salvataggio⟦END:0002:0000⟧,⟦TAG:0002:0000:3B00⟧Kayıt⟦END:0002:0000⟧,1,165,1,75,0.455,OK,OK,REVIEWED,
1049,DB_Opt_03,On,Ein,Sí,Oui,Sì,Açık,1,47,1,63,1.340,RISK,OK,REVIEWED,
1050,DB_Opt_04,Off,Aus,No,Non,No,Kapalı,1,54,1,90,1.667,RISK,OK,REVIEWED,
1051,DB_Opt_05,Pullblox,Pullblox,Pullblox,Pullblox,Pullblox,Pullblox,1,109,1,109,1.000,OK,OK,REVIEWED,
1052,DB_Opt_06,Rice Balls,Reisbälle,Rosquillas,Kouglofs,Polpette,Onigiri,1,135,1,95,0.704,OK,OK,REVIEWED,
1053,DB_Opt_07,OK,O.K.,Vale,OK,OK,OK,1,62,1,41,0.661,OK,OK,REVIEWED,
1054,DB_Opt_08,Cancel,Abbrechen,Cancelar,Annuler,Annulla,İptal,1,148,1,64,0.432,OK,OK,REVIEWED,
1055,DB_Opt_09,Back,Zurück,Atrás,Retour,Indietro,Geri,1,111,1,58,0.523,OK,OK,REVIEWED,
1056,DB_Opt_10,Back,Zurück,Atrás,Retour,Indietro,Geri,1,111,1,58,0.523,OK,OK,REVIEWED,
1057,DB_How_00,Try It Out,Testen,Probar,Mettre en pratique,Prova,Dene,1,261,1,68,0.261,OK,OK,REVIEWED,
1058,DB_How_01,Replay Tutorial,Tutorial wiederholen,Ver de nuevo,Revoir ce tutoriel,Guarda dall'inizio,Eğitimi Tekrarla,1,284,1,223,0.785,OK,OK,REVIEWED,
1059,DB_How_02,Back to Tutorials ,Zurück zu d. Tutorials ,Volver a la academia,Menu des tutoriels ,Torna al tutorial ,Eğitimlere Dön,1,299,1,200,0.669,OK,OK,REVIEWED,
1060,DB_How_03,Continue,Weiter,Continuar,Continuer,Continua,Devam,1,134,1,91,0.679,OK,OK,REVIEWED,
1061,DB_How_04,Replay Tutorial,Tutorial wiederholen,Ver de nuevo,Revoir ce tutoriel,Guarda dall'inizio,Eğitimi Tekrarla,1,284,1,223,0.785,OK,OK,REVIEWED,
1062,D_,,,,,,,1,0,0,0,0.000,EMPTY,OK,EMPTY,
1063,D_Format_00,"Creating save data...

Do not remove the SD Card
or turn the power off.","Speicherdaten werden erstellt...

Bitte die SD Card nicht
entfernen und das System
nicht ausschalten.","Creando datos de guardado...

No apagues la consola
ni extraigas la tarjeta SD.","Création des
données de sauvegarde...

N'éteignez pas la console et
ne retirez pas la carte SD.","Creazione dati di salvataggio
in corso...

Non estrarre la scheda SD
e non spegnere la console.","Kayıt verisi oluşturuluyor...

SD Kartı çıkarmayın ve
gücü kapatmayın.",5,438,4,369,0.842,OK,OK,REVIEWED,Elle çevrildi; EN/DE/ES/FR/IT karşılaştırıldı; satır yapısı ekrana göre tutuldu.
1064,D_Format_01,Save data created.,Speicherdaten erstellt.,"Se han creado los datos
de guardado.","Les données de sauvegarde
ont été créées.","Creazione dei dati di
salvataggio completata.",Kayıt verisi oluşturuldu.,2,368,1,325,0.883,OK,OK,REVIEWED,Elle çevrildi; EN/DE/ES/FR/IT karşılaştırıldı; satır yapısı ekrana göre tutuldu.
1065,D_Format_02,"Save data is corrupted.

Corrupted data will be deleted.","Die Speicherdaten könnten
fehlerhaft sein.

Die fehlerhaften Daten
werden gelöscht.","Puede que los datos guardados
estén dañados.

Los datos dañados se borrarán.","Les données de sauvegarde
sont corrompues et vont
être réinitialisées.","I dati di salvataggio
sono danneggiati e
verranno cancellati.","Kayıt verisi bozuk.

Bozuk veriler silinecek.",5,424,3,314,0.741,OK,OK,REVIEWED,Elle çevrildi; EN/DE/ES/FR/IT karşılaştırıldı; satır yapısı ekrana göre tutuldu.
1066,D_Format_03,"The Pullblox data you created
is partially corrupted. Corrupted
Pullblox data will be deleted.","Deine Pullbloxdaten sind teil-
weise fehlerhaft. Fehlerhafte
Pullbloxdaten werden gelöscht.","Hay datos dañados
en los Pullblox que has creado.
Los datos de los Pullblox
dañados se borrarán.","Les données des Pullblox
que vous avez créés sont en
partie corrompues. Les données
corrompues vont être effacées.","Una parte dei dati dei Pullblox
che hai creato è danneggiata.
I dati danneggiati verranno
cancellati.","Oluşturduğun Pullblox verilerinin
bir kısmı bozuk. Bozuk Pullblox
verileri silinecek.",4,443,3,450,1.016,OK,OK,REVIEWED,Elle çevrildi; EN/DE/ES/FR/IT karşılaştırıldı; satır yapısı ekrana göre tutuldu.
1067,D_Format_04,,,,,,,1,0,0,0,0.000,EMPTY,OK,EMPTY,
1068,D_Format_05,,,,,,,1,0,0,0,0.000,EMPTY,OK,EMPTY,
1069,D_Thmb_00,Delete this Pullblox?,Dieses Pullblox löschen?,¿Quieres borrar este Pullblox?,Effacer ce Pullblox ?,"Vuoi cancellare questo
Pullblox?",Bu Pullblox silinsin mi?,2,408,1,302,0.740,OK,OK,REVIEWED,Elle çevrildi; EN/DE/ES/FR/IT karşılaştırıldı; satır yapısı ekrana göre tutuldu.
1070,D_Thmb_01,Are you sure?,Bist du dir sicher?,¿Seguro?,Confirmer l'effacement ?,Vuoi davvero cancellarlo?,Emin misin?,1,353,1,156,0.442,OK,OK,REVIEWED,Elle çevrildi; EN/DE/ES/FR/IT karşılaştırıldı; satır yapısı ekrana göre tutuldu.
1071,D_Thmb_02,"You can't copy a Pullblox
that you haven't cleared.","Noch nicht geschaffte Pullblox
können nicht kopiert werden.","¡No puedes copiar un Pullblox
si no lo has resuelto!","Vous ne pouvez pas copier
un Pullblox du parc tant que
vous ne l'avez pas terminé.","Non puoi copiare un Pullblox
che non hai completato.","Henüz tamamlamadığın bir
Pullblox’u kopyalayamazsın.",3,414,2,386,0.932,OK,OK,REVIEWED,Elle çevrildi; EN/DE/ES/FR/IT karşılaştırıldı; satır yapısı ekrana göre tutuldu.
1072,D_Thmb_03,You can't copy a blank canvas.,"Eine leere Leinwand kann
nicht kopiert werden.","¡No puedes copiar
un lienzo en blanco!","Vous ne pouvez pas copier
une grille vide.","Non puoi copiare una griglia
vuota.",Boş tuvali kopyalayamazsın.,2,415,1,386,0.930,OK,OK,REVIEWED,Elle çevrildi; EN/DE/ES/FR/IT karşılaştırıldı; satır yapısı ekrana göre tutuldu.
1073,D_Thmb_04,"You've unlocked
Bonus Pullblox!","Du hast Bonus-Pullblox
freigeschaltet!","¡Has desbloqueado
Pullblox extra!","Vous avez déverrouillé
les Pullblox bonus !","Hai sbloccato
i Pullblox extra!","Bonus Pullblox’ların
kilidi açıldı!",2,309,2,268,0.867,OK,OK,REVIEWED,Elle çevrildi; EN/DE/ES/FR/IT karşılaştırıldı; satır yapısı ekrana göre tutuldu.
1074,D_Thmb_05,"You've unlocked
Pullblox Studio!","Du hast das Pullbloxstudio
freigeschaltet!","¡Has desbloqueado
el estudio!","Vous avez déverrouillé
l'Atelier Pullblox !","Hai sbloccato
lo studio dei Pullblox!","Pullblox Studio’nun
kilidi açıldı!",2,355,2,261,0.735,OK,OK,REVIEWED,Elle çevrildi; EN/DE/ES/FR/IT karşılaştırıldı; satır yapısı ekrana göre tutuldu.
1075,D_Thmb_06,"Now you can create bigger
Pullblox in Pullblox Studio!","Du kannst jetzt größere Pullblox
im Pullbloxstudio erstellen!","¡Ya puedes crear Pullblox
más grandes en el estudio!","Vous pouvez à présent créer
de plus grands Pullblox
dans l'Atelier Pullblox !","Ora puoi creare Pullblox più
grandi nello studio dei Pullblox!","Artık Pullblox Studio’da daha
büyük Pullblox’lar yapabilirsin!",3,440,2,425,0.966,OK,OK,REVIEWED,Elle çevrildi; EN/DE/ES/FR/IT karşılaştırıldı; satır yapısı ekrana göre tutuldu.
1076,D_Thmb_07,"Now you can use manholes
in Pullblox Studio!","Du kannst jetzt Einstiege im
Pullbloxstudio verwenden!","¡Ya puedes usar los Condublox
en el estudio!","Vous pouvez à présent
utiliser les puits à échelle
dans l'Atelier Pullblox !","Ora puoi usare le botole
nello studio dei Pullblox!","Artık Pullblox Studio’da
geçitleri kullanabilirsin!",3,402,2,330,0.821,OK,OK,REVIEWED,Elle çevrildi; EN/DE/ES/FR/IT karşılaştırıldı; satır yapısı ekrana göre tutuldu.
1077,D_Thmb_08,"Now you can use pullout
switches in Pullblox Studio!","Du kannst nun Rausziehschalter
im Pullbloxstudio verwenden!","¡Ya puedes usar los Sacablox
en el estudio!","Vous pouvez à présent
utiliser les extracteurs
dans l'Atelier Pullblox !","Ora puoi usare i tirablocchi
nello studio dei Pullblox!","Artık Pullblox Studio’da çekme
düğmelerini kullanabilirsin!",3,433,2,420,0.970,OK,OK,REVIEWED,Elle çevrildi; EN/DE/ES/FR/IT karşılaştırıldı; satır yapısı ekrana göre tutuldu.
1078,D_Thmb_09,"Congratulations!

You've cleared all the Pullblox!","Glückwunsch!

Du hast alle Pullblox gelöst!","¡¡Enhorabuena!!

¡Has resuelto todos
los Pullblox!","Félicitations !

Vous avez terminé
tous les Pullblox !","Congratulazioni!

Hai completato tutti i Pullblox!","Tebrikler!

Tüm Pullblox’ları tamamladın!",4,424,3,407,0.960,OK,OK,REVIEWED,Elle çevrildi; EN/DE/ES/FR/IT karşılaştırıldı; satır yapısı ekrana göre tutuldu.
1079,D_Thmb_10,"You cannot copy
a locked Pullblox.","Pullblox nicht kopierbar, da
Änderungen nicht erlaubt sind.","No puedes copiar este Pullblox
porque no están permitidos
los cambios.","Vous ne pouvez pas copier
un Pullblox qui a été verrouillé.","Non è permesso modificare
questo Pullblox, quindi non
puoi copiarlo.","Kilitli bir Pullblox’u
kopyalayamazsın.",3,423,2,262,0.619,OK,OK,REVIEWED,Elle çevrildi; EN/DE/ES/FR/IT karşılaştırıldı; satır yapısı ekrana göre tutuldu.
1080,D_Thmb_11,"Pullblox QR Code images can be
shared with other people.

Do not distribute QR Code images
which could reveal personal
information about you or other
people, infringe on the rights of
others, or cause offence.
","QR Code-Bilder von Pullblox kön-
nen an andere gesendet werden.

Verbreite keine QR Code-Bilder,
die persönliche Informationen über
dich oder andere preisgeben und
die Rechte anderer beeinträchtigen
bzw. beleidigend sein könnten.
","Los QR Code podrán verlos
otros jugadores.

No envíes QR Code que contengan
datos personales tuyos o de otras
personas, infrinjan los derechos
de terceros o puedan resultarles
ofensivos.
","Le QR Code d'un Pullblox peut être
partagé avec d'autres utilisateurs.

Ne partagez aucun QR Code qui
pourrait révéler des informations
à caractère personnel, enfreindre
les droits d'un tiers ou heurter la
sensibilité des autres utilisateurs.
","I QR Code dei Pullblox possono
essere letti da altri utenti.

Non condividere QR Code che
possano contenere informazioni
personali, violare i diritti di terzi o
essere offensivi per altri utenti.
","Pullblox QR kodu görüntülerini
başkalarıyla paylaşabilirsin.

Senin ya da başkalarının kişisel
bilgilerini açığa çıkarabilecek,
başkalarının haklarını ihlal eden
ya da rahatsız edici olabilecek
QR kodu görüntülerini paylaşma.",9,487,8,449,0.922,OK,OK,REVIEWED,Son manuel Türkçe kalite taramasında doğrulandı.
1081,D_Edit_00,"If you proceed, all your changes
to this Pullblox will be lost.

Is that OK?","Wenn du fortfährst, gehen alle
Änderungen dieses Pullblox
verloren.

Ist das in Ordnung?","Si continúas, todos los cambios
que hayas hecho al Pullblox
se perderán.

¿Seguro que quieres salir?","Si vous continuez, tous
les changements apportés
à ce Pullblox seront perdus.

Voulez-vous vraiment quitter ?","Se prosegui, perderai tutte le
modifiche effettuate a questo
Pullblox.

Va bene?","Devam edersen bu Pullblox’ta
yaptığın tüm değişiklikler silinir.

Devam edilsin mi?",5,429,4,442,1.030,OK,OK,REVIEWED,Elle çevrildi; EN/DE/ES/FR/IT karşılaştırıldı; satır yapısı ekrana göre tutuldu.
1082,D_Edit_01,"Do you want to save
this Pullblox?","Möchtest du dieses
Pullblox speichern?","Vas a salir del Pullblox.

¿Quieres guardar el Pullblox?","Sauvegarder avant de
quitter ce Pullblox ?",Vuoi salvare questo Pullblox?,"Bu Pullblox’u
kaydetmek ister misin?",3,398,2,312,0.784,OK,OK,REVIEWED,Elle çevrildi; EN/DE/ES/FR/IT karşılaştırıldı; satır yapısı ekrana göre tutuldu.
1083,D_Edit_02,"Use the stylus to create
your own Pullblox!","Verwende den Touchpen, um
eigene Pullblox zu erstellen!","¡Usa el lápiz para crear
tus propios Pullblox!","Utilisez le stylet pour créer
vos propres Pullblox !","Usa lo stilo per creare
i tuoi Pullblox originali!","Kendi Pullblox’unu yapmak
için kalemi kullan!",2,382,2,366,0.958,OK,OK,REVIEWED,Elle çevrildi; EN/DE/ES/FR/IT karşılaştırıldı; satır yapısı ekrana göre tutuldu.
1084,D_Edit_03,"You cannot save a blank
canvas.

Quit making this Pullblox?","Du kannst kein leeres
Projekt speichern.

Erstellung dieses
Pullblox beenden?","No puedes guardar
un lienzo en blanco.

¿Quieres dejar este Pullblox?","Une grille vide ne peut
pas être sauvegardée.

Quitter le Pullblox
en cours de création ?","Non puoi salvare una
griglia vuota.

Vuoi interrompere la
creazione del Pullblox?","Boş bir tuval kaydedilemez.

Bu Pullblox’tan çıkılsın mı?",5,394,3,372,0.944,OK,OK,REVIEWED,Elle çevrildi; EN/DE/ES/FR/IT karşılaştırıldı; satır yapısı ekrana göre tutuldu.
1085,D_Edit_04,"This colour is already in
the palette. Is that OK?","Diese Farbe ist schon Teil der
Palette. Trotzdem fortfahren?","Ese color ya está en la paleta.
¿Lo añades de todas formas?","Cette couleur est déjà dans
la palette. Confirmer ?","Questo colore è già presente
nella tavolozza. Va bene?","Bu renk zaten palette var.
Yine de kullanılsın mı?",2,414,2,360,0.870,OK,OK,REVIEWED,Elle çevrildi; EN/DE/ES/FR/IT karşılaştırıldı; satır yapısı ekrana göre tutuldu.
1086,D_EditGet_0302,"Ah, yes! I made this on a very
cold morning, in honour of my
poor, lost mitten. I miss it so!

All it needs is a goal flag.
You can manage that, right?","Oh, das hier habe ich an einem
kalten Morgen erstellt. Ich ver-
misse meinen einen Fäustling!

Es fehlt nur noch eine Zielfahne,
aber das kriegst du hin, oder?","¡Este lo hice una fría mañana!
En honor a una manopla
que perdí. ¡La echo de menos!

Solo falta ponerle la bandera. 
Tú te encargas, ¿no?","J'ai créé ce Pullblox-ci un matin
glacial, où j'avais perdu une de
mes moufles. Je l'ai regrettée !

Il reste juste à placer le drapeau
d'arrivée. C'est plutôt facile !","Ah, ora ricordo! Ho creato
questo Pullblox in una mattinata
particolarmente fredda.

Manca solo la bandiera
d'arrivo. Mettila dove vuoi!","Ah, evet! Bunu soğuk bir sabah,
kayıp eldivenimin anısına yaptım.
Onu hâlâ özlüyorum!

Tek eksiği bir hedef bayrağı.
Onu halledersin, değil mi?",6,444,6,458,1.032,OK,OK,REVIEWED,Satır bütçesi resmî yerelleştirmelerle eşleştirildi.
1087,D_EditGet_0303,"I'm really into photography.
I even built myself a darkroom! 

What? You thought THIS was
my only hobby? HMPH! Just set
up a goal flag, Mr Know-it-all!","Fotografieren liegt mir einfach.
Ich habe eine Dunkelkammer! 

Was? Du dachtest, DAS hier sei
mein einziges Hobby? Kümmere
dich lieber um die Zielfahne!","¡Adoro la fotografía! ¡Tengo
hasta un cuarto para revelado!

¿Que pensabas que solo me
dedicaba a los Pullblox? ¡Anda,
pon la bandera, sabelotodo!","Eh non, les Pullblox ne sont pas
la seule chose dans ma vie ! J'ai
aussi une passion pour la photo.

Il reste juste à placer le drapeau
d'arrivée. C'est plutôt facile !","Come vedi da questo Pullblox,
la fotografia è la mia passione!

Come? Pensavi che fosse il
mio unico hobby? Tsk! Metti
la bandiera d'arrivo, piuttosto!","Fotoğrafçılığa bayılırım.
Kendi karanlık odam bile var!

Ne? TEK hobimin bu olduğunu mu
sandın? Hıh! Hedef bayrağını
koy da görelim, Bay Çokbilmiş!",6,444,6,438,0.986,OK,OK,REVIEWED,Elle çevrildi; EN/DE/ES/FR/IT karşılaştırıldı; satır yapısı ekrana göre tutuldu.
1088,D_EditGet_0304,,,,,,,1,0,0,0,0.000,EMPTY,OK,EMPTY,
1089,D_EditGet_0305,"I made this one because I
wanted to see the smiles on
children's faces when they
saw a gigantic piece of cake.

All it needs now is a goal flag!","Das hier habe ich erstellt, um
die Kinder beim Anblick eines
riesigen Kuchenstücks lachen
zu sehen.

Es fehlt nur noch eine Zielfahne!","Hice este pensando en la
sonrisa que pondrían los niños
al ver un trozo de tarta gigante.

¡Solo le falta la bandera!","J'aime voir le sourire gourmand
sur le visage des enfants devant
cette énorme part de gâteau...

Il reste juste à placer le drapeau
d'arrivée. C'est plutôt facile !","Ho creato questo Pullblox
perché volevo vedere il sorriso
dipinto sul volto dei bambini!

Manca solo la bandiera
d'arrivo. Ci pensi tu?","Dev pasta dilimini gören
çocuklar gülsün diye
bunu yaptım.

Tek eksiği hedef bayrağı!",6,444,5,343,0.773,OK,OK,REVIEWED,Elle çevrildi; EN/DE/ES/FR/IT karşılaştırıldı; satır yapısı ekrana göre tutuldu.
1090,D_EditGet_0306,,,,,,,1,0,0,0,0.000,EMPTY,OK,EMPTY,
1091,D_EditGet_0307,"I made this Pullblox for birthday
parties but never finished it.

If you fix it up a little, it will be
climbable. I know you can do it!","Dieses Pullblox war für Feiern
gedacht, wurde aber nie fertig.

Wenn du die Blöcke ein wenig
umordnest, kann es erklettert
werden. Du schaffst das schon!","Empecé a hacer este Pullblox
para los cumpleaños,
pero no llegué a acabarlo.

Arreglándolo algo, seguro que
se puede subir hasta arriba...","J'avais prévu ce Pullblox pour
les goûters d'anniversaire...
mais je ne l'ai jamais fini !

En réarrangeant un peu certains
blocs, on pourra l'escalader !","Questo Pullblox lo tengo in
serbo per i compleanni, anche
se non l'ho mai finito...

Prova a sistemarlo in modo
da poterlo scalare!","Bu Pullblox’u doğum günü
partileri için yapmıştım ama
hiç bitiremedim.

Biraz düzeltirsen tırmanılabilir.
Bunu yapabileceğini biliyorum!",6,445,6,431,0.969,OK,OK,REVIEWED,Elle çevrildi; EN/DE/ES/FR/IT karşılaştırıldı; satır yapısı ekrana göre tutuldu.
1092,D_EditGet_0308,"To tell you the truth, I think I
saw one of these long ago...

Go ahead and set up a goal
flag, but be careful and watch
for mysterious lights, you hear?","So etwas habe ich vor langer
Zeit einmal gesehen, glaube ich.

Platzier eine Zielfahne, aber
hüte dich vor merkwürdigen
Lichtern, hast du verstanden?","La verdad es que creo que vi
uno de estos hace tiempo...

Ponle la bandera, pero ojo con
las lucecitas que puedan salir
por ahí, ¿eh?","Je crois bien en avoir vu un,
il y a longtemps... Ces drôles
de lumières dans le ciel... Brrr !

Il reste juste à placer le drapeau
d'arrivée. C'est plutôt facile !","Ti confesso di averne visto uno
tanto tempo fa, avvolto da una
luce misteriosa...

Vai a mettere la bandiera
d'arrivo, ma fai attenzione!","Doğrusunu istersen çok uzun
zaman önce bunlardan birini
gördüğümü sanıyorum...

Hedef bayrağını koy; ama gizemli
ışıklara dikkat et, tamam mı?",6,444,6,457,1.029,OK,OK,REVIEWED,Elle çevrildi; EN/DE/ES/FR/IT karşılaştırıldı; satır yapısı ekrana göre tutuldu.
1093,D_EditGet_0309,"Oh, this looks so delicious!
If it were real, I'd take a big
bite out of it!

This one needs a pullout switch.
Go ahead and add one.","Oh, das sieht so lecker aus!
Wäre es nicht aus Blöcken,
würde ich glatt reinbeißen!

Hier fehlt ein Rausziehschalter.
Platzier doch bitte einen.","Mmmm... ¡Qué buena pinta!
Si no fueran bloques,
¡le daría un bocado!

Aquí hace falta un Sacablox.
Ponle uno, anda.","Miam, ce Pullblox donne faim.
S'il n'était pas fait de blocs,
j'y mordrais à belles dents !

Il manque un extracteur, mais je
suis trop fatigué pour l'ajouter.","Oh, che aspetto appetitoso!
Se non fosse fatto di blocchi,
gli darei un bel morso!

Qui manca un tirablocchi. Che
ne dici di aggiungerne uno?","Ah, ne kadar da lezzetli
görünüyor! Gerçek olsa
kocaman bir ısırık alırdım!

Buna bir çekme düğmesi
lazım. Haydi, bir tane ekle.",6,436,6,368,0.844,OK,OK,REVIEWED,Elle çevrildi; EN/DE/ES/FR/IT karşılaştırıldı; satır yapısı ekrana göre tutuldu.
1094,D_EditGet_0310,"How about a coffee break?
That sounds very relaxing.

Oh, before I get too relaxed, let
me point out that this one
needs manholes. Add them in!","Wie wäre es mit einer Kaffee-
pause? Klingt entspannend.

Oh, bevor du dich zu sehr ent-
spannst: Hier fehlen Einstiege,
füg sie doch bitte hinzu!","¿Te apetece un café? No me
digas que no es un buen plan.

Pero antes del café,
¡ten en cuenta que necesita
Condublox! ¡Pónselos!","Ah ! Une petite pause-café pour
se détendre, ça me dirait bien !

Qu'on l'aime noir ou sucré, une
chose manque dans ce Pullblox.
Il faut ajouter des échelles !","Che ne dici di una pausa caffè?
Niente di meglio per rilassarsi...

Ah! Prima devo ricordarti che a
questo Pullblox servono delle
botole. Ci pensi tu, vero?","Kahve molasına ne dersin?
Ne güzel rahatlatır.

Ama önce şunu söyleyeyim:
buna geçitler lazım. Ekleyiver!",6,435,5,415,0.954,OK,OK,REVIEWED,Elle çevrildi; EN/DE/ES/FR/IT karşılaştırıldı; satır yapısı ekrana göre tutuldu.
1095,D_EditGet_0311,"I may not look it now, but I
used to be a real troublemaker!
I'd race around town on a
motorcycle just like this.

Please add a pullout switch!","Ich sehe vielleicht nicht mehr
wie einer aus, aber ich war mal
ein Rebell! Motorräder waren
meine große Leidenschaft.

Platzier einen Rausziehschalter!","Ya no lo parezco, pero yo antes
era bastante trasto. ¡Tenía
una moto igualita que esta!

¡Ponle un Sacablox!","On ne le dirait pas comme ça,
mais dans ma jeunesse, j'ai fait
partie d'une bande de motards.

Il manque un extracteur, mais je
suis trop fatigué pour l'ajouter.","Forse non ci crederai, ma da
giovane anch'io ero un vero
scavezzacollo! Scorrazzavo in
giro su una moto come questa!

Aggiungeresti un tirablocchi?","Şimdiki hâlime bakıp inanmazsın
ama gençken tam bir haylazdım!
Bunun gibi bir motosikletle
şehirde fink atardım.

Bir çekme düğmesi ekler misin?",6,443,6,442,0.998,OK,OK,REVIEWED,Elle çevrildi; EN/DE/ES/FR/IT karşılaştırıldı; satır yapısı ekrana göre tutuldu.
1096,D_EditGet_0312,"This Pullblox looks like the
strange ball I found in my
storage room...

Make whatever changes
you want and have fun!","Dieses Pullblox erinnert mich an
die komische Kugel, die ich in
meinem Lagerraum fand...

Ändere, was immer du willst.
Viel Spaß dabei!","Este Pullblox se parece
a una pelota muy rara
que me encontré en el trastero.

Haz los cambios que quieras.
¡Que te diviertas!","Tiens, ce Pullblox ressemble à
la drôle de sphère qui traîne
dans mon débarras...

On doit pouvoir y faire plein de
changements et s'amuser avec !","L'idea per questo Pullblox mi è
venuta grazie a una strana palla
che ho trovato in magazzino.

Modificalo come più ti piace
e buon divertimento!","Bu Pullblox, depomda bulduğum
o tuhaf küreye benziyor...

İstediğin değişikliği yap,
eğlenmene bak!",6,449,5,422,0.940,OK,OK,REVIEWED,Elle çevrildi; EN/DE/ES/FR/IT karşılaştırıldı; satır yapısı ekrana göre tutuldu.
1097,D_EditGet_0313,"I have a very hard time waking
up. I made this to try to inspire
myself to be a morning person!

This one will be great when
it's done. Can you finish it?","Ich werde morgens nur schwer
wach. Dieses Pullblox soll aus
mir einen Frühaufsteher machen!

Dies kann ein tolles Pullblox
werden. Bekommst du das hin?","Me cuesta mucho despertarme.
¡Hice este para que me ayudara
por la mañana!

Cuando esté acabado,
será estupendo. ¿Te animas?","J'ai toujours beaucoup de mal
à me réveiller le matin. Pour me
stimuler, j'ai commencé ceci...

Je suis sûr que ce sera un bon
Pullblox... une fois terminé !","Ho difficoltà ad alzarmi la
mattina... Ecco perché ho
creato questo Pullblox!

Prova a migliorarlo per 
renderlo più divertente!","Sabahları uyanmak benim için
çok zordur. Belki beni erkenci
yapar diye bunu tasarladım!

Bitince harika olacak.
Tamamlayabilir misin?",6,450,6,408,0.907,OK,OK,REVIEWED,Elle çevrildi; EN/DE/ES/FR/IT karşılaştırıldı; satır yapısı ekrana göre tutuldu.
1098,D_EditGet_0314,"This was my favourite
bear when I was a child. 
I got it for my birthday.

Make whatever changes
you want and have fun!","Das war als Kind mein
Lieblingsbär. Er war ein
Geburtstagsgeschenk.

Ändere, was immer du willst.
Viel Spaß dabei!","Este era mi osito favorito
cuando crío. Me lo regalaron
por mi cumpleaños.

Haz los cambios que quieras.
¡Que te diviertas!","J'avais eu cet ours pour mon
anniversaire, quand j'étais petit.
C'était ma peluche préférée !

On doit pouvoir y faire plein de
changements et s'amuser avec !","Da piccolo, questo era il mio
orsetto preferito. L'ho ricevuto
come regalo di compleanno.

Modificalo come più ti piace
e buon divertimento!","Çocukken en sevdiğim ayıcık
buydu. Doğum günümde
hediye gelmişti.

İstediğin değişikliği yap,
eğlenmene bak!",6,449,6,382,0.851,OK,OK,REVIEWED,Elle çevrildi; EN/DE/ES/FR/IT karşılaştırıldı; satır yapısı ekrana göre tutuldu.
1099,D_EditGet_0315,"I used to dream about finding 
one of these but never have.
At least, not yet...

Think you can finish this one
off for me? Make it amazing!","Ich habe immer davon geträumt,
so eine zu finden, bisher
leider noch ohne Erfolg...

Kannst du es für mich fertigstel-
len? Es muss aber toll werden!","Siempre he soñado con que
algún día me encontraría uno...
Pero de momento, nada.

¿Podrías acabarlo por mí?
¡Haz que llame la atención!","J'ai toujours rêvé d'en trouver
un, mais c'est resté un simple
rêve. Pour l'instant, du moins !

Je suis sûr que ce sera un bon
Pullblox... une fois terminé !","Ho sempre sognato di trovarne
uno sepolto su un'isola deserta.

Pensi di riuscire a completare
questo Pullblox per me? Mi
raccomando, rendilo fantastico!","Bunlardan birini bulmayı hep
hayal ettim ama hiç bulamadım.
En azından... henüz.

Benim için tamamlar mısın?
Ama muhteşem olsun!",6,437,6,432,0.989,OK,OK,REVIEWED,Elle çevrildi; EN/DE/ES/FR/IT karşılaştırıldı; satır yapısı ekrana göre tutuldu.
1100,D_EditGet_0316,"I'm afraid of these, but I'm
trying to overcome my fear.
That's why I made this Pullblox.

Let's see your take on
this frightening thing!","Davor fürchte ich mich, aber ich
versuche diese Angst zu über-
winden. Daher dieses Pullblox.

Mal sehen, wie du mit diesem
beängstigendem Ding umgehst!","A mí estos bichos me dan
miedo, pero intento superarlo...
Por eso hice este Pullblox.

¡A ver cómo te haces con él!","J'ai peur de ces bêtes. Alors,
pour tenter de vaincre ma peur,
j'ai décidé de créer ce Pullblox.

On doit pouvoir y faire plein de
changements et s'amuser avec !","Ho creato questo Pullblox
nel tentativo di vincere le
mie paure.

Vediamo come te la cavi
a completarlo!","Bunlardan korkuyorum ama
korkumu yenmeye çalışıyorum.
Bu yüzden bunu yaptım.

Bakalım bununla
nasıl başa çıkacaksın!",6,431,6,412,0.956,OK,OK,REVIEWED,Elle çevrildi; EN/DE/ES/FR/IT karşılaştırıldı; satır yapısı ekrana göre tutuldu.
1101,D_EditGet_0317,"I made this one look just like
my old pet. Isn't it cute?

Make whatever changes
you want and have fun!","Dieses hier habe ich nach mei-
nem alten Haustier gestaltet.
Niedlich, oder?

Ändere, was immer du willst.
Viel Spaß dabei!","Lo hice lo más parecido al que
tenía antes. ¿A que es mono?

Haz los cambios que quieras.
¡Que te diviertas!","Ce Pullblox représente mon
cher petit hamster. Il est
mignon, n'est-ce pas ?

On doit pouvoir y faire plein de
changements et s'amuser avec !","Ho creato un Pullblox con
le fattezze del mio piccolo
criceto. Adorabile, vero?

Modificalo come più ti piace
e buon divertimento!","Bunu eski evcil hayvanıma
benzettim. Şirin, değil mi?

İstediğin gibi değiştir,
eğlenmene bak!",6,425,5,356,0.838,OK,OK,REVIEWED,Elle çevrildi; EN/DE/ES/FR/IT karşılaştırıldı; satır yapısı ekrana göre tutuldu.
1102,D_EditGet_0318,"How impressive. They grow
up strong, even in the desert!

I know this can be a good one.
Please finish it for me, OK?","Wie beeindruckend. Sie
wachsen ziemlich prächtig,
selbst in der Wüste!

Das hier kann echt gut werden.
Stellst du es für mich fertig?","Es impresionante. ¡Crecen
con fuerza hasta en el desierto!

Sé que este es de los buenos.
¿Le das el toque final por mí?","Ces plantes sont étonnantes.
Elles poussent et prospèrent
même en plein désert !

Je suis sûr que ce sera un bon
Pullblox... une fois terminé !","Strabiliante, eh? Queste piante
possono crescere sane e forti
anche nel deserto!

Sono certo che sarà un ottimo
Pullblox... quando sarà finito!","Ne etkileyici! Çölde bile
güçlü büyüyorlar!

Güzel olacak, eminim.
Benim için tamamlar mısın?",6,430,5,367,0.853,OK,OK,REVIEWED,Elle çevrildi; EN/DE/ES/FR/IT karşılaştırıldı; satır yapısı ekrana göre tutuldu.
1103,D_EditGet_0319,"I saw this bird on a tropical
island I once took a trip to.

I know this Pullblox can be
great. Please finish it for me!","Diesen Vogel habe ich auf einer
Tropeninsel gesehen, die ich
einmal bereist habe.

Dieses Pullblox hat Potenzial.
Bau es bitte für mich fertig!","Una vez vi un ave de estas
en una isla tropical.

Seguro que este Pullblox
puede ser espectacular.
¡Acábalo por mí!","J'ai vu une fois cet oiseau, au
cours d'un voyage où je m'étais
rendu sur une île tropicale.

Je suis sûr que ce sera un bon
Pullblox... une fois terminé !","Ho visto questo uccello
durante una vacanza su
un'isola tropicale.

Prova a finire questo Pullblox.
Ci sarà da divertirsi, credimi!","Bu kuşu bir zamanlar gezdiğim
tropik bir adada görmüştüm.

Bu Pullblox harika olabilir.
Benim için tamamlar mısın?",6,424,5,410,0.967,OK,OK,REVIEWED,Elle çevrildi; EN/DE/ES/FR/IT karşılaştırıldı; satır yapısı ekrana göre tutuldu.
1104,D_EditGet_0320,"This one makes you
feel hungry, right?

Make whatever changes
you want and have fun!","Dieses hier macht einen
richtig hungrig, nicht wahr?

Ändere, was immer du willst.
Viel Spaß dabei!","Con este entra hambre, ¿eh?

Haz los cambios que quieras.
¡Que te diviertas!","Ce Pullblox représente mon
plus beau trophée de pêche. 
Le poisson, c'est un régal !

On doit pouvoir y faire plein de
changements et s'amuser avec !","Questo Pullblox fa venire
l'acquolina in bocca, vero?

Modificalo come più ti piace
e buon divertimento!","Buna bakınca insanın
karnı acıkıyor, değil mi?

İstediğin değişikliği yap,
eğlenmene bak!",6,425,5,328,0.772,OK,OK,REVIEWED,Elle çevrildi; EN/DE/ES/FR/IT karşılaştırıldı; satır yapısı ekrana göre tutuldu.
1105,D_EditGet_0321,"This one is based on
a picture I found in
my storage room.

Try making a new
Pullblox with it.","Dieses hier basiert auf einem
Bild, das ich in meinem Lager-
raum gefunden habe.

Versuch damit ein neues
Pullblox zu erstellen.","Este está basado en una foto
que me encontré en el trastero.

Haz un Pullblox nuevo
a partir de lo que hay.","Ah, pour ce Pullblox-ci, je me
suis inspiré d'un dessin que j'ai
retrouvé dans mon débarras.

Je suis sûr que c'est une bonne
base pour un nouveau Pullblox.","Ho creato questo Pullblox
ispirandomi a un quadro
che avevo in magazzino.

Può essere un'ottima base per
costruire un nuovo Pullblox.","Bunu, depomda bulduğum
bir resimden esinlenerek yaptım.

Bundan yeni bir Pullblox
yapmayı dene.",6,423,5,442,1.045,OK,OK,REVIEWED,Elle çevrildi; EN/DE/ES/FR/IT karşılaştırıldı; satır yapısı ekrana göre tutuldu.
1106,D_EditGet_0322,"My wife used to love
big parfaits like this.

Make whatever changes
you want and have fun!","Meine Frau ist ganz vernarrt in
große Parfaits wie dieses hier.

Ändere, was immer du willst.
Viel Spaß dabei!","A mi mujer le encantaban
las copas de helado como esta.

Haz los cambios que quieras.
¡Que te diviertas!","Cette immense coupe de glace
est un hommage à mon épouse,
qui raffolait de ces desserts.

On doit pouvoir y faire plein de
changements et s'amuser avec !","Questa enorme coppa gelato è
un omaggio a mia moglie che
adora dessert così golosi!

Modifica il Pullblox come più ti
piace e vedrai che ti divertirai!","Eşim böyle büyük parfeleri
çok severdi.

İstediğin değişikliği yap,
eğlenmene bak!",6,427,5,359,0.841,OK,OK,REVIEWED,Elle çevrildi; EN/DE/ES/FR/IT karşılaştırıldı; satır yapısı ekrana göre tutuldu.
1107,D_EditGet_0323,"The first present I gave my wife
was a bouquet of roses...

I look forward to seeing
your version of this one!","Das erste Geschenk, das ich
meiner Frau gemacht habe, war
eine Rose wie diese.

Ich freue mich schon auf deine
Version der edlen Blume!","Lo primero que le regalé a mi
mujer fue un ramo de rosas...

¡Estoy deseando ver
la versión que haces de este!","Le premier cadeau pour mon
épouse, c'était un bouquet de
roses comme celle-ci...

On doit pouvoir y faire plein de
changements et s'amuser avec !","Ah, questo mi ricorda il primo
regalo che ho fatto a mia
moglie... un mazzo di rose.

Sono curioso di vedere come
modificherai questo Pullblox!","Eşime verdiğim ilk hediye
bir gül buketiydi...

Senin yorumunu görmek
için sabırsızlanıyorum!",6,428,5,342,0.799,OK,OK,REVIEWED,Elle çevrildi; EN/DE/ES/FR/IT karşılaştırıldı; satır yapısı ekrana göre tutuldu.
1108,D_EditGet_0324,"I wish I could fly.
I made this Pullblox while
thinking about that...

Make whatever changes
you want and have fun!","Ich würde gern fliegen können.
Als ich darüber grübelte, kam
mir die Idee zu diesem Pullblox.

Mach mit diesem hier, was du
willst. Hab einfach Spaß damit!","Me encantaría volar.
Hice este pensando en ello.

Haz los cambios que quieras.
¡Que te diviertas!","Ah, j'aimerais tellement pouvoir
voler... C'est en pensant à ça
que j'ai créé ce Pullblox.

On doit pouvoir y faire plein de
changements et s'amuser avec !","Ho creato questo Pullblox
pensando a quanto sarebbe
bello poter volare...

Modificalo come preferisci, ma
ricordati sempre di divertirti!","Keşke uçabilseydim. Bunu da
uçmayı düşünürken yaptım...

İstediğin değişikliği
yap, eğlenmene bak!",6,438,5,385,0.879,OK,OK,REVIEWED,Elle çevrildi; EN/DE/ES/FR/IT karşılaştırıldı; satır yapısı ekrana göre tutuldu.
1109,D_EditGet_0325,"I made this Pullblox because
I wanted to climb high above
the clouds. Too bad it doesn't
reach quite that high...

Now, what can you do with it? ","Dieses Pullblox habe ich ent-
worfen, um bis zu den Wolken
zu klettern. Dumm nur, dass es
dafür partout nicht reicht.

Was kannst du daraus machen?","Hice este porque quería subir
muy alto y tocar las nubes.
Aunque al final no es tan alto...

¿Se te ocurre alguna cosa?","Je voulais grimper plus haut que
les nuages... mais mon Pullblox
n'est pas dans un conte, hélas !

On doit pouvoir y faire plein de
changements et s'amuser avec !","Ho creato questo Pullblox
perché volevo arrivare oltre
le nuvole, ma è impossibile...

Modificalo come più ti piace
e buon divertimento!","Bu Pullblox’u bulutların çok
üstüne tırmanmak istediğim için
yaptım. Ne yazık ki o kadar
yükseğe çıkmıyor...

Bakalım sen ne yapacaksın?",6,433,6,432,0.998,OK,OK,REVIEWED,Elle çevrildi; EN/DE/ES/FR/IT karşılaştırıldı; satır yapısı ekrana göre tutuldu.
1110,D_EditGet_0326,"My vision is 20/20, so I've
never needed these myself.

Make whatever changes
you want and have fun!","Eigentlich habe ich Augen
wie ein Adler, daher
brauchte ich sie nie selbst.

Ändere, was immer du willst.
Viel Spaß dabei!","Tengo una vista de lince,
así que nunca he tenido
que usarlas.

Haz los cambios que quieras.
¡Que te diviertas!","Oh, ce Pullblox n'est pas pour
moi... J'ai toujours bon œil :
10/10 de chaque côté !

On doit pouvoir y faire plein de
changements et s'amuser avec !","La mia vista è perfetta! Non ho
mai avuto bisogno di indossarli.

Modifica il Pullblox come vuoi
e ricordati che l'importante è
divertirsi!","Gözlerim çok iyidir; o yüzden
bunlara hiç ihtiyacım olmadı.

İstediğin gibi değiştir,
eğlenmene bak!",6,425,5,394,0.927,OK,OK,REVIEWED,Elle çevrildi; EN/DE/ES/FR/IT karşılaştırıldı; satır yapısı ekrana göre tutuldu.
1111,D_EditGet_0327,"I'd love to have one of these
battered and with chips!
Scrummy!

Now, show me what you
can do with this one!","Davon hätte ich gern einen,
und zwar mit Pommes!
Wie lecker!

Zeig mir, was du aus dem
hier rausholen kannst!","¡Cómo me puede gustar esto!
Mmmm... ¡Qué manjar!

Venga, a ver qué haces
con este.","Miam, j'adorerais en pêcher
un aussi beau que ça et le
passer au court-bouillon !

On doit pouvoir y faire plein de
changements et s'amuser avec !","Avrei proprio voglia di farmi
una bella aragosta alla griglia
come questa! Gnam!

Ora mostrami cosa sei capace
di fare con questo Pullblox!","Şundan bir güzel kızartıp yanına
da patates koysan... Off, nefis!

Haydi bakalım, bundan
ne çıkaracağını göster!",6,425,5,445,1.047,OK,OK,REVIEWED,Elle çevrildi; EN/DE/ES/FR/IT karşılaştırıldı; satır yapısı ekrana göre tutuldu.
1112,D_EditGet_0328,"This one looks just like the
magic lamp I discovered in my
storage room. What a find! 

I can't wait to see what you
do with this one. Have fun!","Das hier sieht aus wie die
Wunderlampe, die ich in meinem
Lagerraum gefunden habe. 

Ich bin so gespannt, was du
daraus machst. Viel Spaß!","Esta se parece mucho a la que
me encontré en el trastero.
¡Menuda sorpresa me llevé!

¡Estoy deseando ver la versión
que haces de este!","Ce Pullblox ressemble tout à fait
à une lampe qui était dans mon
débarras. Chouette trouvaille !

On doit pouvoir y faire plein de
changements et s'amuser avec !","Questo Pullblox è identico a
una lampada magica che ho
rinvenuto nel mio magazzino.

Chissà come lo modificherai...
Non sto nella pelle!","Bu, depomda bulduğum sihirli
lambaya tıpatıp benziyor.
Ne buldum ama!

Bununla ne yapacağını görmek
için sabırsızlanıyorum. Eğlen!",6,435,6,416,0.956,OK,OK,REVIEWED,Son manuel Türkçe kalite taramasında doğrulandı.
1113,D_EditGet_0249,"What a beautiful creature...
It's angelic! No wonder they
call it an angelfish.

Make any changes you like.
Have fun with it!","Was für ein schönes Geschöpf!
Einfach majestätisch! Kein Wun-
der, dass es Kaiserfisch heißt.

Ändere, was immer du willst.
Viel Spaß dabei!","¡Qué animal tan bello!
¡Es angelical! No me
extraña que se llame así...

Haz los cambios que quieras.
¡Que te diviertas!","Avec sa beauté angélique, il
mérite ce nom de poisson-ange.
Quelles magnifiques couleurs !

On doit pouvoir y faire plein de
changements et s'amuser avec !","Questo pesce ha un che di
angelico... Adesso capisco
perché lo chiamano così!

Fai pure tutte le modifiche
che vuoi e buon divertimento!","Ne güzel bir canlı...
Resmen melek gibi! Boşuna
“melek balığı” dememişler.

İstediğin değişikliği yap.
Eğlenmene bak!",6,445,6,359,0.807,OK,OK,REVIEWED,Elle çevrildi; EN/DE/ES/FR/IT karşılaştırıldı; satır yapısı ekrana göre tutuldu.
1114,D_EditGet_0180,"Hmm... Now this one is
VERY mysterious, isn't it?

Let's see what you can do
with it. Get creative!","Hmmm... Dieses hier ist
SEHR mysteriös, findest
du nicht auch?

Mal sehen, was du daraus
machst. Dann leg mal los!","Mmmm... Este sí que es raro...
¿no te parece?

¡Sorpréndeme!
¡A ver esa creatividad!","Ce Pullblox-ci semble renfermer
bien des mystères, pas vrai ?

On doit pouvoir y faire plein de
changements et s'amuser avec !","Mmm... Questo sì che è
davvero misterioso, eh?

Vediamo cosa riesci a fare
con questo Pullblox. Dai
libero sfogo alla tua creatività!","Hımm... Bu gerçekten de
ÇOK gizemli, değil mi?

Bakalım bununla ne yapacaksın.
Yaratıcılığını konuştur!",6,429,5,437,1.019,OK,OK,REVIEWED,Elle çevrildi; EN/DE/ES/FR/IT karşılaştırıldı; satır yapısı ekrana göre tutuldu.
1115,D_EditGet_0189,"She's a very pretty lady,
but not as pretty as my wife.

Go ahead and make any
changes you want.
Have fun with it!","Sie ist eine sehr hübsche Dame,
aber nicht ganz so hübsch wie
meine Frau.

Ändere, was immer du willst.
Viel Spaß dabei!","Es guapa, pero no tanto
como mi mujer.

Haz los cambios que quieras.
¡Que te diviertas!","C'est vrai que c'est un portrait
fort charmant... Mais je trouve
mon épouse encore plus belle.

On doit pouvoir y faire plein de
changements et s'amuser avec !","È davvero bellissima! Certo,
non regge il confronto con
mia moglie, però...

Fai pure tutte le modifiche
che vuoi e buon divertimento!","Çok güzel bir hanım,
ama eşim kadar değil.

İstediğin değişikliği yap.
Eğlenmene bak!",6,425,5,328,0.772,OK,OK,REVIEWED,Elle çevrildi; EN/DE/ES/FR/IT karşılaştırıldı; satır yapısı ekrana göre tutuldu.
1116,D_EditGet_0352,"Oho! This one's a self-
portrait! What do you think?

All it needs is a goal flag,
but feel free to change
other things if you want.","Oho! Ein Selbstporträt! Was
hältst du davon?

Es fehlt nur eine Zielfahne, aber
du kannst auch andere Dinge
verändern, wenn du magst.","¡Ajajá! Este es un autorretrato,
¿qué te parece?

Solo le falta la bandera, pero
puedes añadirle lo que quieras.","Ce Pullblox est un autoportrait.
C'est plutôt ressemblant, non ?

Il reste juste à placer le drapeau
d'arrivée. Mais on peut aussi y
faire plein de changements !","Ah! Questo è un autoritratto!
Che ne pensi?

Gli manca solo una bandiera
d'arrivo, ma puoi fare tutte
le modifiche che preferisci.","Oho! Bu bir otoportre!
Nasıl, benzemiş mi?

Tek eksiği hedef bayrağı; ama
istersen başka şeyleri de değiştir.",6,444,5,454,1.023,OK,OK,REVIEWED,Elle çevrildi; EN/DE/ES/FR/IT karşılaştırıldı; satır yapısı ekrana göre tutuldu.
1117,D_EditGet_0353,"My wife used to make these
for me. They're especially tasty
if you dip them in milk!

It needs a goal flag. Add
other things too if you like!","Meine Frau hat die hier immer
für mich gemacht. In Milch ge-
tunkt sind sie besonders lecker!

Es fehlt nur eine Zielfahne, aber
füg ruhig andere Dinge hinzu.","Mi mujer me las hacía.
¡Están buenísimas
mojadas en leche!

Le falta la bandera,
el resto es cosa tuya.","J'adore manger cette pâtisserie,
en la trempant dans du lait !

Il reste juste à placer le drapeau
d'arrivée. Mais on peut aussi y
faire plein de changements !","Mia moglie me lo prepara
sempre... Con il latte è
una vera delizia!

Serve la bandiera d'arrivo,
ma cambia pure ciò che vuoi!","Eşim bunlardan bana yapardı.
Süte batırınca özellikle nefis olur!

Bir hedef bayrağı lazım. İstersen
başka şeyler de ekleyebilirsin!",6,444,5,462,1.041,OK,OK,REVIEWED,Elle çevrildi; EN/DE/ES/FR/IT karşılaştırıldı; satır yapısı ekrana göre tutuldu.
1118,D_Opt_00,Delete save data?,Speicherdaten löschen?,"¿Quieres borrar
los datos guardados?","Effacer les données
de sauvegarde ?","Vuoi cancellare i dati
di salvataggio?",Kayıt verisi silinsin mi?,2,321,1,310,0.966,OK,OK,REVIEWED,Elle çevrildi; EN/DE/ES/FR/IT karşılaştırıldı; satır yapısı ekrana göre tutuldu.
1119,D_Opt_01,"Once save data is deleted,
it cannot be recovered.

Are you sure you want
to delete?","Gelöschte Speicherdaten
können nicht wiederherge-
stellt werden.

Bist du dir wirklich sicher?","Los datos borrados
no se podrán recuperar.

¿Seguro que quieres borrar
los datos guardados?","Attention, les données effacées
ne peuvent pas être récupérées.

Voulez-vous vraiment effacer
vos données de sauvegarde ?","I dati cancellati non potranno
essere recuperati.

Vuoi proseguire?","Kayıt verisi silindikten sonra
geri getirilemez.

Gerçekten silmek
istiyor musun?",5,434,5,392,0.903,OK,OK,REVIEWED,Elle çevrildi; EN/DE/ES/FR/IT karşılaştırıldı; satır yapısı ekrana göre tutuldu.
1120,D_Opt_02,"If you really want to delete your
save data, answer this question:

What are Papa Blox's playthings
called?","Beantworte diese Frage, wenn
du deine Speicherdaten löschen
willst:

Wie nennt Meister Blox
seine Spielzeuge?","Si de verdad quieres borrar
los datos guardados, di:

¿Qué es lo que hace
Papa Blox con los bloques?","Si vous voulez vraiment effacer
vos données de sauvegarde,
répondez à la question suivante.

Quel nom portent les attractions
créées par Papy Blox ?","Se vuoi davvero cancellare
i tuoi dati di salvataggio,
rispondi a questa domanda:

Come si chiamano le creazioni
di Mastro Blox?","Kayıt verisini gerçekten silmek
istiyorsan şu soruyu cevapla:

Usta Blox’un oyuncaklarına
ne denir?",6,444,5,420,0.946,OK,OK,REVIEWED,Son manuel Türkçe kalite taramasında doğrulandı.
1121,D_Opt_03,"Correct!

Save data will be deleted.","Völlig richtig!

Die Speicherdaten
werden gelöscht.","¡Respuesta correcta!

Los datos guardados
se borrarán.","C'est exact !

Les données de sauvegarde
vont être effacées.","Risposta corretta!

I dati di salvataggio
verranno cancellati.","Doğru!

Kayıt verisi silinecek.",4,368,3,291,0.791,OK,OK,REVIEWED,Elle çevrildi; EN/DE/ES/FR/IT karşılaştırıldı; satır yapısı ekrana göre tutuldu.
1122,D_Opt_04,"Wrong answer.

Save data will not be deleted.","Falsche Antwort.

Die Speicherdaten werden
nicht gelöscht.","Esa respuesta no es correcta...

Los datos guardados
no se borrarán.","Votre réponse est incorrecte.

Les données de sauvegarde
ne seront pas effacées.","Risposta sbagliata...

I dati di salvataggio non
verranno cancellati.","Yanlış cevap.

Kayıt verisi silinmeyecek.",4,411,3,345,0.839,OK,OK,REVIEWED,Elle çevrildi; EN/DE/ES/FR/IT karşılaştırıldı; satır yapısı ekrana göre tutuldu.
1123,D_Opt_05,"Deleting save data...

Do not remove the SD Card
or turn the power off.","Lösche Speicherdaten...

Bitte entferne nicht die
SD Card und schalte
das System nicht aus.","Borrando los datos guardados…

No apagues la consola
ni extraigas la tarjeta SD.","Effacement des
données de sauvegarde...

N'éteignez pas la console et
ne retirez pas la carte SD.","Eliminazione dei file
di salvataggio in corso...

Non estrarre la scheda SD
e non spegnere la console.","Kayıt verisi siliniyor...

SD Kartı çıkarmayın ve
gücü kapatmayın.",5,428,4,313,0.731,OK,OK,REVIEWED,Elle çevrildi; EN/DE/ES/FR/IT karşılaştırıldı; satır yapısı ekrana göre tutuldu.
1124,D_Opt_06,Save data has been deleted.,"Die Speicherdaten
wurden gelöscht.","Los datos guardados
se han borrado.","Les données de sauvegarde
ont été effacées.","I dati di salvataggio sono
stati cancellati.",Kayıt verisi silindi.,2,384,1,254,0.661,OK,OK,REVIEWED,Elle çevrildi; EN/DE/ES/FR/IT karşılaştırıldı; satır yapısı ekrana göre tutuldu.
1125,D_Title_00,,"QR Code-Funktion kann jetzt im
Pullbloxpark verwendet werden.","¡Ya puedes usar la función
QR Code en el estudio!",,,,2,441,0,0,0.000,EMPTY,OK,EMPTY,
1126,D_Title_01,,"Du kannst jetzt deine erstellten
Pullblox in QR Code-Bilder
konvertieren!","¡Ya puedes convertir
tus Pullblox en QR Code!",,,,3,434,0,0,0.000,EMPTY,OK,EMPTY,
1127,D_Title_02,,"Beim Erstellen eines Pullblox
kannst du jetzt das Pullblox
eines QR Code-Bildes kopieren,
das du erhalten hast!","¡Ya puedes copiar Pullblox
recibidos a través de QR Code
en el estudio!",,,,4,417,0,0,0.000,EMPTY,OK,EMPTY,
1128,D_QR_00,"The QR Code feature cannot be
used as sharing images, audio,
video and long text data is
restricted by Parental Controls.","Die QR Code-Funktion ist nicht
verwendbar, da der Austausch
von Foto-, Bild-, Audio- und
Videodateien den Altersbe-
schränkungen unterliegt.","El intercambio de imágenes,
audio, vídeo y texto
está restringido por el control
parental, así que la función
QR Code no se puede usar.","Les paramètres de contrôle
parental ne vous permettent
pas d'échanger des fichiers
audio/vidéo, des images ou des
messages. Vous ne pouvez pas
utiliser la fonction QR Code.","La funzione QR Code non
può essere utilizzata, poiché
lo scambio di foto, immagini,
registrazioni, filmati e testi
lunghi è limitato dal filtro
famiglia.","Ebeveyn Kontrolleri; görüntü,
ses, video ve uzun metin
paylaşımını kısıtladığı için
QR Kodu özelliği kullanılamıyor.",6,430,4,434,1.009,OK,OK,REVIEWED,Son manuel Türkçe kalite taramasında doğrulandı.
1129,D_QRD_00,"Do you want to
save this Pullblox?","Möchtest du dieses Pullblox
speichern?",¿Quieres guardar este Pullblox?,Sauvegarder ce Pullblox ?,Vuoi salvare questo Pullblox?,"Bu Pullblox’u
kaydetmek ister misin?",2,430,2,312,0.726,OK,OK,REVIEWED,Elle çevrildi; EN/DE/ES/FR/IT karşılaştırıldı; satır yapısı ekrana göre tutuldu.
1130,D_QRD_01,"Saving...

Do not turn off the power
or remove the SD Card.","Speichervorgang...
Bitte schalte das System nicht
aus und entferne nicht die
SD Card.","Guardando...

No apagues la consola
ni extraigas la tarjeta SD.","Sauvegarde...

N'éteignez pas la console et
ne retirez pas la carte SD.","Salvataggio in corso...

Non estrarre la scheda SD
e non spegnere la console.","Kaydediliyor...

Gücü kapatmayın ve
SD Kartı çıkarmayın.",4,407,4,282,0.693,OK,OK,REVIEWED,Elle çevrildi; EN/DE/ES/FR/IT karşılaştırıldı; satır yapısı ekrana göre tutuldu.
1131,D_QRD_02,"The Pullblox you got from this
QR Code has been saved.","Das Pullblox aus diesem
QR Code wurde gespeichert.","Se ha guardado el Pullblox
recibido a través de QR Code.","Le Pullblox que vous avez
reçu en lisant ce QR Code
a été sauvegardé.","Il Pullblox ricevuto tramite
QR Code è stato salvato.","Bu QR kodundan aldığın
Pullblox kaydedildi.",3,400,2,324,0.810,OK,OK,REVIEWED,Son manuel Türkçe kalite taramasında doğrulandı.
1132,D_QRE_00,"You can't create a QR Code
for a Pullblox with this name.

Please change the name of
the Pullblox, then try again.","Das Pullblox kann mit diesem
Namen nicht in einen QR Code
konvertiert werden.

Bitte ändere den Namen.","No es posible convertir
en QR Code un Pullblox 
con este nombre.

Ponle otro nombre al Pullblox
e inténtalo de nuevo.","Impossible de créer un QR Code
pour un Pullblox avec ce nom.

Changez le nom de ce Pullblox,
puis réessayez.","Non è possibile creare un
QR Code per un Pullblox
con questo nome.

Modifica il nome del Pullblox.
","Bu ada sahip bir Pullblox için
QR kodu oluşturamazsın.

Pullblox’un adını değiştirip
tekrar dene.",6,416,5,390,0.938,OK,OK,REVIEWED,Son manuel Türkçe kalite taramasında doğrulandı.
1133,D_QRE_01,"Saving image to SD Card...

Do not turn off the power
or remove the SD Card.","Speichere Bild auf SD Card...
Bitte schalte das System nicht
aus und entferne nicht die
SD Card.","Guardando la imagen
en la tarjeta SD...

No apagues la consola
ni extraigas la tarjeta SD.","Sauvegarde de l'image
sur la carte SD...

N'éteignez pas la console et
ne retirez pas la carte SD.","Salvataggio dell'immagine
nella scheda SD in corso...

Non estrarre la scheda SD
e non spegnere la console.","SD Karta kaydediliyor...

Gücü kapatmayın,
SD Kartı çıkarmayın.",5,407,4,327,0.803,OK,OK,REVIEWED,Elle çevrildi; EN/DE/ES/FR/IT karşılaştırıldı; satır yapısı ekrana göre tutuldu.
1134,D_QRE_02,"Image saved to SD Card.

This image can be viewed
in Nintendo 3DS Camera.","Das Bild wurde auf der SD Card
gespeichert.
Es kann jetzt in Nintendo 3DS-
Kamera angesehen werden.","Imagen guardada
en la tarjeta SD.

Podrás verla en la aplicación
Cámara de Nintendo 3DS.","L'image a été sauvegardée
sur la carte SD.

Pour voir cette image, utilisez
l'appareil photo Nintendo 3DS.","L'immagine è stata salvata
nella scheda SD.

Per visualizzarla, usa la
Fotocamera Nintendo 3DS.","Görüntü SD Karta kaydedildi.

Nintendo 3DS Camera’da
görüntüleyebilirsin.",5,418,4,401,0.959,OK,OK,REVIEWED,Elle çevrildi; EN/DE/ES/FR/IT karşılaştırıldı; satır yapısı ekrana göre tutuldu.
1135,D_QRE_03,"The photo cannot be saved,
because the SD Card is full.","Foto kann nicht gespeichert
werden, da die SD Card voll ist.","No se puede guardar la imagen
porque se ha alcanzado el límite
para fotos de la tarjeta SD.","L'espace réservé aux photos
sur la carte SD est plein.
L'image ne peut pas
être sauvegardée.","La scheda SD è piena.
Impossibile salvare l'immagine.","SD Kart dolu olduğu için
görüntü kaydedilemiyor.",4,437,2,333,0.762,OK,OK,REVIEWED,Elle çevrildi; EN/DE/ES/FR/IT karşılaştırıldı; satır yapısı ekrana göre tutuldu.
1136,D_QRE_04,"There is not enough free space
on the SD Card to save this.","Die SD Card verfügt nicht über
genügend freien Speicherplatz.","No se puede guardar la imagen
porque no hay espacio
suficiente en la tarjeta SD.","Espace libre insuffisant
sur la carte SD.
L'image ne peut pas
être sauvegardée.","Non c'è abbastanza spazio
libero nella scheda SD.
Impossibile salvare l'immagine.","SD Kartta bunu kaydetmek için
yeterli boş alan yok.",4,426,2,423,0.993,OK,OK,REVIEWED,Elle çevrildi; EN/DE/ES/FR/IT karşılaştırıldı; satır yapısı ekrana göre tutuldu.
1137,D_QRE_05,"An SD Card process failed.
Could not save.","SD Card-Vorgang schlug fehl.
Speichern nicht möglich.","Error de la tarjeta SD.
No se puede guardar
la imagen.","Une erreur est survenue
avec la carte SD.
L'image ne peut pas
être sauvegardée.","Si è verificato un errore con la
scheda SD.
Impossibile salvare l'immagine.","SD Kart işlemi başarısız oldu.
Kaydedilemedi.",4,417,2,391,0.938,OK,OK,REVIEWED,Elle çevrildi; EN/DE/ES/FR/IT karşılaştırıldı; satır yapısı ekrana göre tutuldu.
1138,D_Hed_00,Difficulty Level,Schwierigkeitsgrad,Nivel de dificultad,Niveau de difficulté,Livello di difficoltà,Zorluk Seviyesi,1,270,1,205,0.759,OK,OK,REVIEWED,Elle çevrildi; EN/DE/ES/FR/IT karşılaştırıldı; satır yapısı ekrana göre tutuldu.
1139,D_Hed_01,Welcome!,Willkommen!,¡Hola!,Bienvenue !,Ti porgo il benvenuto!,Hoş Geldin!,1,295,1,156,0.529,OK,OK,REVIEWED,Elle çevrildi; EN/DE/ES/FR/IT karşılaştırıldı; satır yapısı ekrana göre tutuldu.
1140,D_Hed_02,Options,Optionen,Opciones,Options,Opzioni,Ayarlar,1,127,1,110,0.866,OK,OK,REVIEWED,Elle çevrildi; EN/DE/ES/FR/IT karşılaştırıldı; satır yapısı ekrana göre tutuldu.
1141,D_Hed_03,Sound,Sound,Sonido,Son,Audio,Ses,1,91,1,44,0.484,OK,OK,REVIEWED,Elle çevrildi; EN/DE/ES/FR/IT karşılaştırıldı; satır yapısı ekrana göre tutuldu.
1142,ME_,,,,,,,1,0,0,0,0.000,EMPTY,OK,EMPTY,
1143,ME_ModeName,"Pullblox
Studio",Studio,Estudio,"Atelier
Pullblox",Studio,"Pullblox
Studio",2,109,2,109,1.000,OK,OK,REVIEWED,Elle çevrildi; EN/DE/ES/FR/IT karşılaştırıldı.
1144,ME_Name,???,???,(?),???,???,???,1,42,1,42,1.000,OK,OK,REVIEWED,Elle çevrildi; EN/DE/ES/FR/IT karşılaştırıldı.
1145,ME_Name_00,Pullblox ⟦TAG:0001:0000:0000040025006400⟧,Pullblox ⟦TAG:0001:0000:0000040025006400⟧,Pullblox ⟦TAG:0001:0000:0000040025006400⟧,Pullblox ⟦TAG:0001:0000:0000040025006400⟧,Pullblox ⟦TAG:0001:0000:0000040025006400⟧,Pullblox ⟦TAG:0001:0000:0000040025006400⟧,1,116,1,116,1.000,OK,OK,REVIEWED,Elle çevrildi; EN/DE/ES/FR/IT karşılaştırıldı.
1146,ME_Name_01,…,…,…,…,…,…,1,24,1,24,1.000,OK,OK,REVIEWED,Elle çevrildi; EN/DE/ES/FR/IT karşılaştırıldı.
1147,ME_RankHed,Level,Level,Nivel,Niveau,⟦TAG:0002:0000:3200⟧Difficoltà⟦END:0002:0000⟧,Seviye,1,131,1,89,0.679,OK,OK,REVIEWED,Elle çevrildi; EN/DE/ES/FR/IT karşılaştırıldı.
1148,ME_BirdToolTalk_Pen,Pencil,Stift,Lápiz,Crayon,Matita,Kalem,1,96,1,84,0.875,OK,OK,REVIEWED,Elle çevrildi; EN/DE/ES/FR/IT karşılaştırıldı.
1149,ME_BirdToolTalk_Ers,Eraser,Radierer,Goma,Gomme,Gomma,Silgi,1,120,1,59,0.492,OK,OK,REVIEWED,Elle çevrildi; EN/DE/ES/FR/IT karşılaştırıldı.
1150,ME_BirdToolTalk_Pnt,Paint,Farbe,Brocha,Pinceau,Pennello,Boya,1,118,1,67,0.568,OK,OK,REVIEWED,Elle çevrildi; EN/DE/ES/FR/IT karşılaştırıldı.
1151,ME_BirdToolTalk_Goal,"Goal
Flag","Ziel-
fahne",Bandera,"Drapeau
d'arrivée","Bandiera
d'arrivo","Hedef
Bayrağı",2,125,2,107,0.856,OK,OK,REVIEWED,Elle çevrildi; EN/DE/ES/FR/IT karşılaştırıldı.
1152,ME_BirdToolTalk_Warp,Manhole,Einstieg,Condublox,Échelle,Botola,Geçit,1,138,1,72,0.522,OK,OK,REVIEWED,Elle çevrildi; EN/DE/ES/FR/IT karşılaştırıldı.
1153,ME_BirdToolTalk_Drwr,"Pullout
Switch","Rauszieh-
schalter",Sacablox,Extracteur,Tirablocchi,"Çekme
Düğmesi",2,151,2,110,0.728,OK,OK,REVIEWED,Elle çevrildi; EN/DE/ES/FR/IT karşılaştırıldı.
1154,ME_BirdToolTalk_Hand,Move,Bewegen,Mover,Déplacer,Spostare,Taşı,1,122,1,55,0.451,OK,OK,REVIEWED,Elle çevrildi; EN/DE/ES/FR/IT karşılaştırıldı.
1155,ME_ColToolTag_00,Basic 1,Grnd. 1,Base 1,Choix 1,Base 1,Temel 1,1,98,1,102,1.041,OK,OK,REVIEWED,Elle çevrildi; EN/DE/ES/FR/IT karşılaştırıldı.
1156,ME_ColToolTag_01,Basic 2,Grnd. 2,Base 2,Choix 2,Base 2,Temel 2,1,98,1,102,1.041,OK,OK,REVIEWED,Elle çevrildi; EN/DE/ES/FR/IT karşılaştırıldı.
1157,ME_ColToolTag_02,Retro,Retro,Retro,Rétro,Rétro,Retro,1,76,1,76,1.000,OK,OK,REVIEWED,Elle çevrildi; EN/DE/ES/FR/IT karşılaştırıldı.
1158,ME_PageNum1,1,1,1,1,1,1,1,16,1,16,1.000,OK,OK,REVIEWED,Elle çevrildi; EN/DE/ES/FR/IT karşılaştırıldı.
1159,ME_PageNum2,2,2,2,2,2,2,1,16,1,16,1.000,OK,OK,REVIEWED,Elle çevrildi; EN/DE/ES/FR/IT karşılaştırıldı.
1160,ME_PageNum3,3,3,3,3,3,3,1,16,1,16,1.000,OK,OK,REVIEWED,Elle çevrildi; EN/DE/ES/FR/IT karşılaştırıldı.
1161,ME_PageNum4,4,4,4,4,4,4,1,16,1,16,1.000,OK,OK,REVIEWED,Elle çevrildi; EN/DE/ES/FR/IT karşılaştırıldı.
1162,ME_PageNum5,5,5,5,5,5,5,1,16,1,16,1.000,OK,OK,REVIEWED,Elle çevrildi; EN/DE/ES/FR/IT karşılaştırıldı.
1163,ME_ToolHowTo00,Choose a colour and ⟦TAG:0002:0001:09CD⟧⟦TAG:0000:0003:FCEF30FF⟧draw⟦TAG:0000:0003:41461AFF⟧⟦END:0002:0001⟧ some ⟦TAG:0002:0001:09CD⟧⟦TAG:0000:0003:4FBBF1FF⟧blocks⟦TAG:0000:0003:41461AFF⟧⟦END:0002:0001⟧.,Wähle eine Farbe und ⟦TAG:0002:0001:09CD⟧⟦TAG:0000:0003:FCEF30FF⟧zeichne⟦TAG:0000:0003:41461AFF⟧⟦END:0002:0001⟧ ein paar ⟦TAG:0002:0001:09CD⟧⟦TAG:0000:0003:4FBBF1FF⟧Blöcke⟦TAG:0000:0003:41461AFF⟧⟦END:0002:0001⟧.,Elige un color y ⟦TAG:0002:0001:09CD⟧⟦TAG:0000:0003:FCEF30FF⟧dibuja⟦TAG:0000:0003:41461AFF⟧⟦END:0002:0001⟧ algunos ⟦TAG:0002:0001:09CD⟧⟦TAG:0000:0003:4FBBF1FF⟧bloques⟦TAG:0000:0003:41461AFF⟧⟦END:0002:0001⟧.,Choisissez une couleur et ⟦TAG:0002:0001:09CD⟧⟦TAG:0000:0003:FCEF30FF⟧tracez⟦TAG:0000:0003:41461AFF⟧⟦END:0002:0001⟧ des ⟦TAG:0002:0001:09CD⟧⟦TAG:0000:0003:4FBBF1FF⟧blocs⟦TAG:0000:0003:41461AFF⟧⟦END:0002:0001⟧.,Scegli un colore e ⟦TAG:0002:0001:09CD⟧⟦TAG:0000:0003:FCEF30FF⟧disegna⟦TAG:0000:0003:41461AFF⟧⟦END:0002:0001⟧ dei ⟦TAG:0002:0001:09CD⟧⟦TAG:0000:0003:4FBBF1FF⟧blocchi⟦TAG:0000:0003:41461AFF⟧⟦END:0002:0001⟧.,Bir renk seç ve ⟦TAG:0002:0001:09CD⟧⟦TAG:0000:0003:FCEF30FF⟧çiz⟦TAG:0000:0003:41461AFF⟧⟦END:0002:0001⟧ birkaç ⟦TAG:0002:0001:09CD⟧⟦TAG:0000:0003:4FBBF1FF⟧blok⟦TAG:0000:0003:41461AFF⟧⟦END:0002:0001⟧.,1,633,1,409,0.646,OK,OK,REVIEWED,Kontrol kodları kaynak sırasıyla korunarak son manuel taramada düzeltildi.
1164,ME_ToolHowTo01,"⟦TAG:0002:0001:09CD⟧⟦TAG:0000:0003:FCEF30FF⟧Delete⟦TAG:0000:0003:41461AFF⟧⟦END:0002:0001⟧ ⟦TAG:0002:0001:09CD⟧⟦TAG:0000:0003:4FBBF1FF⟧blocks⟦TAG:0000:0003:41461AFF⟧⟦END:0002:0001⟧ you've drawn. Choose the 1x1 eraser, 2x2 eraser or paint eraser.","⟦TAG:0002:0001:09CD⟧⟦TAG:0000:0003:FCEF30FF⟧Lösche⟦TAG:0000:0003:41461AFF⟧⟦END:0002:0001⟧ bestimmte gezeichnete ⟦TAG:0002:0001:09CD⟧⟦TAG:0000:0003:4FBBF1FF⟧Blöcke⟦TAG:0000:0003:41461AFF⟧⟦END:0002:0001⟧. Wähle den 1x1-Radierer, den 2x2-Radierer oder den Farbradierer.","⟦TAG:0002:0001:09CD⟧⟦TAG:0000:0003:FCEF30FF⟧Borra⟦TAG:0000:0003:41461AFF⟧⟦END:0002:0001⟧ los ⟦TAG:0002:0001:09CD⟧⟦TAG:0000:0003:4FBBF1FF⟧bloques⟦TAG:0000:0003:41461AFF⟧⟦END:0002:0001⟧ sueltos con la goma 1x1, 2x2 o con el borrador de color.","⟦TAG:0002:0001:09CD⟧⟦TAG:0000:0003:FCEF30FF⟧Effacez⟦TAG:0000:0003:41461AFF⟧⟦END:0002:0001⟧ les ⟦TAG:0002:0001:09CD⟧⟦TAG:0000:0003:4FBBF1FF⟧blocs⟦TAG:0000:0003:41461AFF⟧⟦END:0002:0001⟧ que vous avez tracés. Vous pouvez choisir une gomme de 1×1, de 2×2, ou la gomme pinceau.","⟦TAG:0002:0001:09CD⟧⟦TAG:0000:0003:FCEF30FF⟧Cancella⟦TAG:0000:0003:41461AFF⟧⟦END:0002:0001⟧ i ⟦TAG:0002:0001:09CD⟧⟦TAG:0000:0003:4FBBF1FF⟧blocchi⟦TAG:0000:0003:41461AFF⟧⟦END:0002:0001⟧ che hai già disegnato. Puoi usare una gomma 1x1, 2x2, oppure una gomma a pennello.","⟦TAG:0002:0001:09CD⟧⟦TAG:0000:0003:FCEF30FF⟧Sil⟦TAG:0000:0003:41461AFF⟧⟦END:0002:0001⟧ çizdiğin ⟦TAG:0002:0001:09CD⟧⟦TAG:0000:0003:4FBBF1FF⟧blokları⟦TAG:0000:0003:41461AFF⟧⟦END:0002:0001⟧. 1x1 silgi, 2x2 silgi ya da renk silgisini seç.",1,1459,1,830,0.569,OK,OK,REVIEWED,Elle çevrildi; EN/DE/ES/FR/IT karşılaştırıldı.
1165,ME_ToolHowTo02,Choose a colour and ⟦TAG:0002:0001:09CD⟧⟦TAG:0000:0003:FF7417FF⟧touch⟦TAG:0000:0003:41461AFF⟧⟦END:0002:0001⟧ the canvas to ⟦TAG:0002:0001:09CD⟧⟦TAG:0000:0003:FCEF30FF⟧paint⟦TAG:0000:0003:41461AFF⟧⟦END:0002:0001⟧ it. You can also touch existing ⟦TAG:0002:0001:09CD⟧⟦TAG:0000:0003:4FBBF1FF⟧blocks⟦TAG:0000:0003:41461AFF⟧⟦END:0002:0001⟧ to fill them with the selected colour. ⟦TAG:0002:0001:09CD⟧⟦TAG:0000:0003:FF7417FF⟧Touch⟦TAG:0000:0003:41461AFF⟧⟦END:0002:0001⟧ the Touch Screen again quickly to stop the ⟦TAG:0002:0001:09CD⟧⟦TAG:0000:0003:FCEF30FF⟧paint⟦TAG:0000:0003:41461AFF⟧⟦END:0002:0001⟧ process.,"Wähle eine Farbe und ⟦TAG:0002:0001:09CD⟧⟦TAG:0000:0003:FF7417FF⟧berühre⟦TAG:0000:0003:41461AFF⟧⟦END:0002:0001⟧ die Leinwand, um sie ⟦TAG:0002:0001:09CD⟧⟦TAG:0000:0003:FCEF30FF⟧anzumalen⟦TAG:0000:0003:41461AFF⟧⟦END:0002:0001⟧. Berühre bestehende ⟦TAG:0002:0001:09CD⟧⟦TAG:0000:0003:4FBBF1FF⟧Blöcke⟦TAG:0000:0003:41461AFF⟧⟦END:0002:0001⟧, um sie mit der gewählten Farbe zu versehen. Beende den Vorgang durch erneutes ⟦TAG:0002:0001:09CD⟧⟦TAG:0000:0003:FF7417FF⟧Berühren⟦TAG:0000:0003:41461AFF⟧⟦END:0002:0001⟧ des Touchscreens.","Elige un color y ⟦TAG:0002:0001:09CD⟧⟦TAG:0000:0003:FF7417FF⟧toca⟦TAG:0000:0003:41461AFF⟧⟦END:0002:0001⟧ el lienzo para ⟦TAG:0002:0001:09CD⟧⟦TAG:0000:0003:FCEF30FF⟧colorearlo⟦TAG:0000:0003:41461AFF⟧⟦END:0002:0001⟧. También puedes rellenar de color los ⟦TAG:0002:0001:09CD⟧⟦TAG:0000:0003:4FBBF1FF⟧bloques⟦TAG:0000:0003:41461AFF⟧⟦END:0002:0001⟧ que haya. Para dejar de ⟦TAG:0002:0001:09CD⟧⟦TAG:0000:0003:FCEF30FF⟧aplicar color⟦TAG:0000:0003:41461AFF⟧⟦END:0002:0001⟧, ⟦TAG:0002:0001:09CD⟧⟦TAG:0000:0003:FF7417FF⟧toca⟦TAG:0000:0003:41461AFF⟧⟦END:0002:0001⟧ rápido la pantalla táctil de nuevo.","Choisissez une couleur et ⟦TAG:0002:0001:09CD⟧⟦TAG:0000:0003:FF7417FF⟧touchez⟦TAG:0000:0003:41461AFF⟧⟦END:0002:0001⟧ la grille pour ⟦TAG:0002:0001:09CD⟧⟦TAG:0000:0003:FCEF30FF⟧peindre⟦TAG:0000:0003:41461AFF⟧⟦END:0002:0001⟧ celle-ci. Vous pouvez aussi remplir avec la couleur sélectionnée des ⟦TAG:0002:0001:09CD⟧⟦TAG:0000:0003:4FBBF1FF⟧blocs⟦TAG:0000:0003:41461AFF⟧⟦END:0002:0001⟧ déjà tracés. Pour arrêter l'étalement de la ⟦TAG:0002:0001:09CD⟧⟦TAG:0000:0003:FCEF30FF⟧peinture⟦TAG:0000:0003:41461AFF⟧⟦END:0002:0001⟧, ⟦TAG:0002:0001:09CD⟧⟦TAG:0000:0003:FF7417FF⟧touchez⟦TAG:0000:0003:41461AFF⟧⟦END:0002:0001⟧ à nouveau rapidement l'écran tactile.",Scegli un colore e ⟦TAG:0002:0001:09CD⟧⟦TAG:0000:0003:FF7417FF⟧tocca⟦TAG:0000:0003:41461AFF⟧⟦END:0002:0001⟧ la griglia per ⟦TAG:0002:0001:09CD⟧⟦TAG:0000:0003:FCEF30FF⟧dipingerla⟦TAG:0000:0003:41461AFF⟧⟦END:0002:0001⟧. Puoi anche toccare dei ⟦TAG:0002:0001:09CD⟧⟦TAG:0000:0003:4FBBF1FF⟧blocchi⟦TAG:0000:0003:41461AFF⟧⟦END:0002:0001⟧ già presenti per riempirli del colore selezionato. ⟦TAG:0002:0001:09CD⟧⟦TAG:0000:0003:FF7417FF⟧Tocca⟦TAG:0000:0003:41461AFF⟧⟦END:0002:0001⟧ di nuovo il touch screen velocemente per smettere di ⟦TAG:0002:0001:09CD⟧⟦TAG:0000:0003:FCEF30FF⟧dipingere⟦TAG:0000:0003:41461AFF⟧⟦END:0002:0001⟧.,Bir renk seç; tuvale ⟦TAG:0002:0001:09CD⟧⟦TAG:0000:0003:FF7417FF⟧dokun⟦TAG:0000:0003:41461AFF⟧⟦END:0002:0001⟧ ve ⟦TAG:0002:0001:09CD⟧⟦TAG:0000:0003:FCEF30FF⟧boya⟦TAG:0000:0003:41461AFF⟧⟦END:0002:0001⟧. Var olan ⟦TAG:0002:0001:09CD⟧⟦TAG:0000:0003:4FBBF1FF⟧bloklara⟦TAG:0000:0003:41461AFF⟧⟦END:0002:0001⟧ da dokunup seçili renkle doldurabilirsin. Boyamayı durdurmak için Dokunmatik Ekrana hızla yeniden ⟦TAG:0002:0001:09CD⟧⟦TAG:0000:0003:FF7417FF⟧dokun⟦TAG:0000:0003:41461AFF⟧⟦END:0002:0001⟧; ⟦TAG:0002:0001:09CD⟧⟦TAG:0000:0003:FCEF30FF⟧boyama⟦TAG:0000:0003:41461AFF⟧⟦END:0002:0001⟧ biter.,1,3076,1,2386,0.776,OK,OK,REVIEWED,Kontrol kodları kaynak sırasıyla korunarak son manuel taramada düzeltildi.
1166,ME_ToolHowTo03,Place the ⟦TAG:0002:0001:09CD⟧⟦TAG:0000:0003:4FBBF1FF⟧goal flag⟦TAG:0000:0003:41461AFF⟧⟦END:0002:0001⟧ on a ⟦TAG:0002:0001:09CD⟧⟦TAG:0000:0003:4FBBF1FF⟧block⟦TAG:0000:0003:41461AFF⟧⟦END:0002:0001⟧ by ⟦TAG:0002:0001:09CD⟧⟦TAG:0000:0003:FF7417FF⟧dragging and dropping⟦TAG:0000:0003:41461AFF⟧⟦END:0002:0001⟧ the icon on the right. Note: The ⟦TAG:0002:0001:09CD⟧⟦TAG:0000:0003:4FBBF1FF⟧goal flag⟦TAG:0000:0003:41461AFF⟧⟦END:0002:0001⟧ can only be placed at the top edge of a ⟦TAG:0002:0001:09CD⟧⟦TAG:0000:0003:4FBBF1FF⟧block⟦TAG:0000:0003:41461AFF⟧⟦END:0002:0001⟧.,"Platziere die ⟦TAG:0002:0001:09CD⟧⟦TAG:0000:0003:4FBBF1FF⟧Zielfahne⟦TAG:0000:0003:41461AFF⟧⟦END:0002:0001⟧ auf einem ⟦TAG:0002:0001:09CD⟧⟦TAG:0000:0003:4FBBF1FF⟧Block⟦TAG:0000:0003:41461AFF⟧⟦END:0002:0001⟧, indem du das Symbol von rechts ⟦TAG:0002:0001:09CD⟧⟦TAG:0000:0003:FF7417FF⟧ziehst und loslässt⟦TAG:0000:0003:41461AFF⟧⟦END:0002:0001⟧. Hinweis: Die Zielfahne kann nur auf der oberen Fläche eines ⟦TAG:0002:0001:09CD⟧⟦TAG:0000:0003:4FBBF1FF⟧Blocks⟦TAG:0000:0003:41461AFF⟧⟦END:0002:0001⟧ platziert werden.",Coloca la ⟦TAG:0002:0001:09CD⟧⟦TAG:0000:0003:4FBBF1FF⟧bandera⟦TAG:0000:0003:41461AFF⟧⟦END:0002:0001⟧ sobre un ⟦TAG:0002:0001:09CD⟧⟦TAG:0000:0003:4FBBF1FF⟧bloque⟦TAG:0000:0003:41461AFF⟧⟦END:0002:0001⟧ ⟦TAG:0002:0001:09CD⟧⟦TAG:0000:0003:FF7417FF⟧arrastrando y soltando⟦TAG:0000:0003:41461AFF⟧⟦END:0002:0001⟧ el icono de la derecha. Nota: La ⟦TAG:0002:0001:09CD⟧⟦TAG:0000:0003:4FBBF1FF⟧bandera⟦TAG:0000:0003:41461AFF⟧⟦END:0002:0001⟧ debe colocarse en un ⟦TAG:0002:0001:09CD⟧⟦TAG:0000:0003:4FBBF1FF⟧bloque⟦TAG:0000:0003:41461AFF⟧⟦END:0002:0001⟧ sobre el que puedas estar de pie.,Placez le ⟦TAG:0002:0001:09CD⟧⟦TAG:0000:0003:4FBBF1FF⟧drapeau d'arrivée⟦TAG:0000:0003:41461AFF⟧⟦END:0002:0001⟧ sur un ⟦TAG:0002:0001:09CD⟧⟦TAG:0000:0003:4FBBF1FF⟧bloc⟦TAG:0000:0003:41461AFF⟧⟦END:0002:0001⟧ en ⟦TAG:0002:0001:09CD⟧⟦TAG:0000:0003:FF7417FF⟧faisant glisser⟦TAG:0000:0003:41461AFF⟧⟦END:0002:0001⟧ l'icône de droite sur la grille. Note : le ⟦TAG:0002:0001:09CD⟧⟦TAG:0000:0003:4FBBF1FF⟧drapeau d'arrivée⟦TAG:0000:0003:41461AFF⟧⟦END:0002:0001⟧ ne peut pas être placé sur un cube situé sous un autre de même couleur.,Posiziona la ⟦TAG:0002:0001:09CD⟧⟦TAG:0000:0003:4FBBF1FF⟧bandiera d'arrivo⟦TAG:0000:0003:41461AFF⟧⟦END:0002:0001⟧ su un ⟦TAG:0002:0001:09CD⟧⟦TAG:0000:0003:4FBBF1FF⟧blocco⟦TAG:0000:0003:41461AFF⟧⟦END:0002:0001⟧ ⟦TAG:0002:0001:09CD⟧⟦TAG:0000:0003:FF7417FF⟧facendo scorrere⟦TAG:0000:0003:41461AFF⟧⟦END:0002:0001⟧ l'icona a destra della griglia. Nota: la ⟦TAG:0002:0001:09CD⟧⟦TAG:0000:0003:4FBBF1FF⟧bandiera d'arrivo⟦TAG:0000:0003:41461AFF⟧⟦END:0002:0001⟧ può essere posizionata esclusivamente sul lato superiore di un ⟦TAG:0002:0001:09CD⟧⟦TAG:0000:0003:4FBBF1FF⟧blocco⟦TAG:0000:0003:41461AFF⟧⟦END:0002:0001⟧.,"⟦TAG:0002:0001:09CD⟧⟦TAG:0000:0003:4FBBF1FF⟧Hedef bayrağını⟦TAG:0000:0003:41461AFF⟧⟦END:0002:0001⟧ bir ⟦TAG:0002:0001:09CD⟧⟦TAG:0000:0003:4FBBF1FF⟧bloğun⟦TAG:0000:0003:41461AFF⟧⟦END:0002:0001⟧ üzerine, sağdaki simgeyi ⟦TAG:0002:0001:09CD⟧⟦TAG:0000:0003:FF7417FF⟧sürükleyip bırakarak⟦TAG:0000:0003:41461AFF⟧⟦END:0002:0001⟧ yerleştir. Not: ⟦TAG:0002:0001:09CD⟧⟦TAG:0000:0003:4FBBF1FF⟧Hedef bayrağı⟦TAG:0000:0003:41461AFF⟧⟦END:0002:0001⟧ yalnızca bir ⟦TAG:0002:0001:09CD⟧⟦TAG:0000:0003:4FBBF1FF⟧bloğun⟦TAG:0000:0003:41461AFF⟧⟦END:0002:0001⟧ üst kenarına konabilir.",1,2523,1,1984,0.786,OK,OK,REVIEWED,Elle çevrildi; EN/DE/ES/FR/IT karşılaştırıldı.
1167,ME_ToolHowTo04,Place ⟦TAG:0002:0001:09CD⟧⟦TAG:0000:0003:4FBBF1FF⟧manholes⟦TAG:0000:0003:41461AFF⟧⟦END:0002:0001⟧ on ⟦TAG:0002:0001:09CD⟧⟦TAG:0000:0003:4FBBF1FF⟧blocks⟦TAG:0000:0003:41461AFF⟧⟦END:0002:0001⟧ by ⟦TAG:0002:0001:09CD⟧⟦TAG:0000:0003:FF7417FF⟧dragging and dropping⟦TAG:0000:0003:41461AFF⟧⟦END:0002:0001⟧ one of the icons on the right. Note: You can only place ⟦TAG:0002:0001:09CD⟧⟦TAG:0000:0003:4FBBF1FF⟧manholes⟦TAG:0000:0003:41461AFF⟧⟦END:0002:0001⟧ at the top or bottom edge of a ⟦TAG:0002:0001:09CD⟧⟦TAG:0000:0003:4FBBF1FF⟧block⟦TAG:0000:0003:41461AFF⟧⟦END:0002:0001⟧.,"Platziere ⟦TAG:0002:0001:09CD⟧⟦TAG:0000:0003:4FBBF1FF⟧Einstiege⟦TAG:0000:0003:41461AFF⟧⟦END:0002:0001⟧ auf ⟦TAG:0002:0001:09CD⟧⟦TAG:0000:0003:4FBBF1FF⟧Blöcken⟦TAG:0000:0003:41461AFF⟧⟦END:0002:0001⟧, indem du eins der Symbole von rechts ⟦TAG:0002:0001:09CD⟧⟦TAG:0000:0003:FF7417FF⟧ziehst und loslässt⟦TAG:0000:0003:41461AFF⟧⟦END:0002:0001⟧. Hinweis: ⟦TAG:0002:0001:09CD⟧⟦TAG:0000:0003:4FBBF1FF⟧Einstiege⟦TAG:0000:0003:41461AFF⟧⟦END:0002:0001⟧ können nur auf der oberen oder der unteren Fläche eines ⟦TAG:0002:0001:09CD⟧⟦TAG:0000:0003:4FBBF1FF⟧Blocks⟦TAG:0000:0003:41461AFF⟧⟦END:0002:0001⟧ platziert werden.",Coloca ⟦TAG:0002:0001:09CD⟧⟦TAG:0000:0003:4FBBF1FF⟧Condublox⟦TAG:0000:0003:41461AFF⟧⟦END:0002:0001⟧ en los ⟦TAG:0002:0001:09CD⟧⟦TAG:0000:0003:4FBBF1FF⟧bloques⟦TAG:0000:0003:41461AFF⟧⟦END:0002:0001⟧ ⟦TAG:0002:0001:09CD⟧⟦TAG:0000:0003:FF7417FF⟧arrastrando y soltando⟦TAG:0000:0003:41461AFF⟧⟦END:0002:0001⟧ los iconos de la derecha. Nota: Los ⟦TAG:0002:0001:09CD⟧⟦TAG:0000:0003:4FBBF1FF⟧Condublox⟦TAG:0000:0003:41461AFF⟧⟦END:0002:0001⟧ deben colocarse en ⟦TAG:0002:0001:09CD⟧⟦TAG:0000:0003:4FBBF1FF⟧bloques⟦TAG:0000:0003:41461AFF⟧⟦END:0002:0001⟧ que tengan un hueco libre arriba o abajo.,Placez une ⟦TAG:0002:0001:09CD⟧⟦TAG:0000:0003:4FBBF1FF⟧échelle⟦TAG:0000:0003:41461AFF⟧⟦END:0002:0001⟧ sur un ⟦TAG:0002:0001:09CD⟧⟦TAG:0000:0003:4FBBF1FF⟧bloc⟦TAG:0000:0003:41461AFF⟧⟦END:0002:0001⟧ en ⟦TAG:0002:0001:09CD⟧⟦TAG:0000:0003:FF7417FF⟧faisant glisser⟦TAG:0000:0003:41461AFF⟧⟦END:0002:0001⟧ une des icônes de droite sur la grille. Note : un ⟦TAG:0002:0001:09CD⟧⟦TAG:0000:0003:4FBBF1FF⟧puits à échelle⟦TAG:0000:0003:41461AFF⟧⟦END:0002:0001⟧ ne peut pas être placé sur un cube situé sous un autre de même couleur ; une ⟦TAG:0002:0001:09CD⟧⟦TAG:0000:0003:4FBBF1FF⟧trappe à échelle⟦TAG:0000:0003:41461AFF⟧⟦END:0002:0001⟧ ne peut être placée qu'en bas d'une colonne de cubes.,Posiziona una ⟦TAG:0002:0001:09CD⟧⟦TAG:0000:0003:4FBBF1FF⟧botola⟦TAG:0000:0003:41461AFF⟧⟦END:0002:0001⟧ su un ⟦TAG:0002:0001:09CD⟧⟦TAG:0000:0003:4FBBF1FF⟧blocco⟦TAG:0000:0003:41461AFF⟧⟦END:0002:0001⟧ ⟦TAG:0002:0001:09CD⟧⟦TAG:0000:0003:FF7417FF⟧facendo scorrere⟦TAG:0000:0003:41461AFF⟧⟦END:0002:0001⟧ una delle icone a destra della griglia. Nota: le ⟦TAG:0002:0001:09CD⟧⟦TAG:0000:0003:4FBBF1FF⟧botole⟦TAG:0000:0003:41461AFF⟧⟦END:0002:0001⟧ possono essere posizionate esclusivamente sul lato superiore o sul lato inferiore di un ⟦TAG:0002:0001:09CD⟧⟦TAG:0000:0003:4FBBF1FF⟧blocco⟦TAG:0000:0003:41461AFF⟧⟦END:0002:0001⟧.,"⟦TAG:0002:0001:09CD⟧⟦TAG:0000:0003:4FBBF1FF⟧Geçitleri⟦TAG:0000:0003:41461AFF⟧⟦END:0002:0001⟧ ⟦TAG:0002:0001:09CD⟧⟦TAG:0000:0003:4FBBF1FF⟧bloklara⟦TAG:0000:0003:41461AFF⟧⟦END:0002:0001⟧, sağdaki simgelerden birini ⟦TAG:0002:0001:09CD⟧⟦TAG:0000:0003:FF7417FF⟧sürükleyip bırakarak⟦TAG:0000:0003:41461AFF⟧⟦END:0002:0001⟧ yerleştir. Not: ⟦TAG:0002:0001:09CD⟧⟦TAG:0000:0003:4FBBF1FF⟧Geçitler⟦TAG:0000:0003:41461AFF⟧⟦END:0002:0001⟧ yalnızca bir ⟦TAG:0002:0001:09CD⟧⟦TAG:0000:0003:4FBBF1FF⟧bloğun⟦TAG:0000:0003:41461AFF⟧⟦END:0002:0001⟧ üst veya alt kenarına konabilir.",1,3454,1,1928,0.558,OK,OK,REVIEWED,Elle çevrildi; EN/DE/ES/FR/IT karşılaştırıldı.
1168,ME_ToolHowTo05,Place ⟦TAG:0002:0001:09CD⟧⟦TAG:0000:0003:4FBBF1FF⟧pullout switches⟦TAG:0000:0003:41461AFF⟧⟦END:0002:0001⟧ on ⟦TAG:0002:0001:09CD⟧⟦TAG:0000:0003:4FBBF1FF⟧blocks⟦TAG:0000:0003:41461AFF⟧⟦END:0002:0001⟧ by ⟦TAG:0002:0001:09CD⟧⟦TAG:0000:0003:FF7417FF⟧dragging and dropping⟦TAG:0000:0003:41461AFF⟧⟦END:0002:0001⟧ one of the icons on the right. A ⟦TAG:0002:0001:09CD⟧⟦TAG:0000:0003:4FBBF1FF⟧pullout switch⟦TAG:0000:0003:41461AFF⟧⟦END:0002:0001⟧'s colour is linked to the colour in the palette. Changing the colour in the palette will change the colour of the switch to match. Note: You can only place ⟦TAG:0002:0001:09CD⟧⟦TAG:0000:0003:4FBBF1FF⟧pullout switches⟦TAG:0000:0003:41461AFF⟧⟦END:0002:0001⟧ at the top edge of a ⟦TAG:0002:0001:09CD⟧⟦TAG:0000:0003:4FBBF1FF⟧block⟦TAG:0000:0003:41461AFF⟧⟦END:0002:0001⟧.,"Platziere ⟦TAG:0002:0001:09CD⟧⟦TAG:0000:0003:4FBBF1FF⟧Rausziehschalter⟦TAG:0000:0003:41461AFF⟧⟦END:0002:0001⟧ auf ⟦TAG:0002:0001:09CD⟧⟦TAG:0000:0003:4FBBF1FF⟧Blöcken⟦TAG:0000:0003:41461AFF⟧⟦END:0002:0001⟧, indem du eins der Symbole rechts ⟦TAG:0002:0001:09CD⟧⟦TAG:0000:0003:FF7417FF⟧ziehst und loslässt⟦TAG:0000:0003:41461AFF⟧⟦END:0002:0001⟧. Die Farbe eines ⟦TAG:0002:0001:09CD⟧⟦TAG:0000:0003:4FBBF1FF⟧Rausziehschalters⟦TAG:0000:0003:41461AFF⟧⟦END:0002:0001⟧ ist mit der Farbe aus der Palette verknüpft. Hinweis: ⟦TAG:0002:0001:09CD⟧⟦TAG:0000:0003:4FBBF1FF⟧Rausziehschalter⟦TAG:0000:0003:41461AFF⟧⟦END:0002:0001⟧ können nur auf der oberen Fläche eines ⟦TAG:0002:0001:09CD⟧⟦TAG:0000:0003:4FBBF1FF⟧Blocks⟦TAG:0000:0003:41461AFF⟧⟦END:0002:0001⟧ platziert werden.",Coloca ⟦TAG:0002:0001:09CD⟧⟦TAG:0000:0003:4FBBF1FF⟧Sacablox⟦TAG:0000:0003:41461AFF⟧⟦END:0002:0001⟧ en los ⟦TAG:0002:0001:09CD⟧⟦TAG:0000:0003:4FBBF1FF⟧bloques⟦TAG:0000:0003:41461AFF⟧⟦END:0002:0001⟧ ⟦TAG:0002:0001:09CD⟧⟦TAG:0000:0003:FF7417FF⟧arrastrando y soltando⟦TAG:0000:0003:41461AFF⟧⟦END:0002:0001⟧ los iconos de la derecha. Los colores de los ⟦TAG:0002:0001:09CD⟧⟦TAG:0000:0003:4FBBF1FF⟧Sacablox⟦TAG:0000:0003:41461AFF⟧⟦END:0002:0001⟧ siempre coincidirán con los de la paleta. Nota: Los ⟦TAG:0002:0001:09CD⟧⟦TAG:0000:0003:4FBBF1FF⟧Sacablox⟦TAG:0000:0003:41461AFF⟧⟦END:0002:0001⟧ deben colocarse en ⟦TAG:0002:0001:09CD⟧⟦TAG:0000:0003:4FBBF1FF⟧bloques⟦TAG:0000:0003:41461AFF⟧⟦END:0002:0001⟧ sobre los que puedas estar de pie.,Placez un ⟦TAG:0002:0001:09CD⟧⟦TAG:0000:0003:4FBBF1FF⟧extracteur⟦TAG:0000:0003:41461AFF⟧⟦END:0002:0001⟧ sur un ⟦TAG:0002:0001:09CD⟧⟦TAG:0000:0003:4FBBF1FF⟧bloc⟦TAG:0000:0003:41461AFF⟧⟦END:0002:0001⟧ en ⟦TAG:0002:0001:09CD⟧⟦TAG:0000:0003:FF7417FF⟧faisant glisser⟦TAG:0000:0003:41461AFF⟧⟦END:0002:0001⟧ une des icônes de droite sur la grille. Chacun est lié à une couleur de la palette et changera en même temps qu'elle. Note : un ⟦TAG:0002:0001:09CD⟧⟦TAG:0000:0003:4FBBF1FF⟧extracteur⟦TAG:0000:0003:41461AFF⟧⟦END:0002:0001⟧ ne peut pas être placé sur un cube situé sous un autre de même couleur.,"Posiziona un ⟦TAG:0002:0001:09CD⟧⟦TAG:0000:0003:4FBBF1FF⟧tirablocchi⟦TAG:0000:0003:41461AFF⟧⟦END:0002:0001⟧ su un ⟦TAG:0002:0001:09CD⟧⟦TAG:0000:0003:4FBBF1FF⟧blocco⟦TAG:0000:0003:41461AFF⟧⟦END:0002:0001⟧ ⟦TAG:0002:0001:09CD⟧⟦TAG:0000:0003:FF7417FF⟧facendo scorrere⟦TAG:0000:0003:41461AFF⟧⟦END:0002:0001⟧ una delle icone a destra della griglia. Ogni ⟦TAG:0002:0001:09CD⟧⟦TAG:0000:0003:4FBBF1FF⟧tirablocchi⟦TAG:0000:0003:41461AFF⟧⟦END:0002:0001⟧ è collegato a un colore della tavolozza: cambiandolo, verrà modificato anche quello del ⟦TAG:0002:0001:09CD⟧⟦TAG:0000:0003:4FBBF1FF⟧tirablocchi⟦TAG:0000:0003:41461AFF⟧⟦END:0002:0001⟧. Nota: un ⟦TAG:0002:0001:09CD⟧⟦TAG:0000:0003:4FBBF1FF⟧tirablocchi⟦TAG:0000:0003:41461AFF⟧⟦END:0002:0001⟧ può essere posizionato esclusivamente sul lato superiore di un ⟦TAG:0002:0001:09CD⟧⟦TAG:0000:0003:4FBBF1FF⟧blocco⟦TAG:0000:0003:41461AFF⟧⟦END:0002:0001⟧.","⟦TAG:0002:0001:09CD⟧⟦TAG:0000:0003:4FBBF1FF⟧Çekme düğmelerini⟦TAG:0000:0003:41461AFF⟧⟦END:0002:0001⟧ ⟦TAG:0002:0001:09CD⟧⟦TAG:0000:0003:4FBBF1FF⟧bloklara⟦TAG:0000:0003:41461AFF⟧⟦END:0002:0001⟧, sağdaki simgelerden birini ⟦TAG:0002:0001:09CD⟧⟦TAG:0000:0003:FF7417FF⟧sürükleyip bırakarak⟦TAG:0000:0003:41461AFF⟧⟦END:0002:0001⟧ yerleştir. Bir ⟦TAG:0002:0001:09CD⟧⟦TAG:0000:0003:4FBBF1FF⟧çekme düğmesinin⟦TAG:0000:0003:41461AFF⟧⟦END:0002:0001⟧ rengi paletteki renge bağlıdır; palet rengi değişince düğmenin rengi de değişir. Not: ⟦TAG:0002:0001:09CD⟧⟦TAG:0000:0003:4FBBF1FF⟧Çekme düğmeleri⟦TAG:0000:0003:41461AFF⟧⟦END:0002:0001⟧ yalnızca bir ⟦TAG:0002:0001:09CD⟧⟦TAG:0000:0003:4FBBF1FF⟧bloğun⟦TAG:0000:0003:41461AFF⟧⟦END:0002:0001⟧ üst kenarına konabilir.",1,4044,1,3430,0.848,OK,OK,REVIEWED,Elle çevrildi; EN/DE/ES/FR/IT karşılaştırıldı.
1169,ME_ToolHowTo06,"⟦TAG:0002:0001:09CD⟧⟦TAG:0000:0003:FF7417FF⟧Slide⟦TAG:0000:0003:41461AFF⟧⟦END:0002:0001⟧ the canvas with the stylus,  or .",⟦TAG:0002:0001:09CD⟧⟦TAG:0000:0003:FF7417FF⟧Verschiebe⟦TAG:0000:0003:41461AFF⟧⟦END:0002:0001⟧ die Leinwand mit dem Touchpen oder mit  bzw. .,"⟦TAG:0002:0001:09CD⟧⟦TAG:0000:0003:FF7417FF⟧Mueve⟦TAG:0000:0003:41461AFF⟧⟦END:0002:0001⟧ el lienzo con el lápiz,  o .","⟦TAG:0002:0001:09CD⟧⟦TAG:0000:0003:FF7417FF⟧Faites défiler⟦TAG:0000:0003:41461AFF⟧⟦END:0002:0001⟧ la portion de grille visible à l'écran en utilisant le stylet,  ou .",⟦TAG:0002:0001:09CD⟧⟦TAG:0000:0003:FF7417FF⟧Trascina⟦TAG:0000:0003:41461AFF⟧⟦END:0002:0001⟧ la porzione di griglia visibile sullo schermo utilizzando lo stilo oppure  o .,"Tuvali kalem,  veya  ile ⟦TAG:0002:0001:09CD⟧⟦TAG:0000:0003:FF7417FF⟧kaydır⟦TAG:0000:0003:41461AFF⟧⟦END:0002:0001⟧.",1,1154,1,466,0.404,OK,OK,REVIEWED,Elle çevrildi; EN/DE/ES/FR/IT karşılaştırıldı.
1170,ME_ToolHowTo07,"Change the selected colour to another colour! Be careful, though! The ⟦TAG:0002:0001:09CD⟧⟦TAG:0000:0003:4FBBF1FF⟧blocks⟦TAG:0000:0003:41461AFF⟧⟦END:0002:0001⟧ and the ⟦TAG:0002:0001:09CD⟧⟦TAG:0000:0003:4FBBF1FF⟧pullout switches⟦TAG:0000:0003:41461AFF⟧⟦END:0002:0001⟧ inside the canvas will change their colours too.",Verändere die gewählte Farbe! Sei vorsichtig. Die Farbe der ⟦TAG:0002:0001:09CD⟧⟦TAG:0000:0003:4FBBF1FF⟧Blöcke⟦TAG:0000:0003:41461AFF⟧⟦END:0002:0001⟧ und der ⟦TAG:0002:0001:09CD⟧⟦TAG:0000:0003:4FBBF1FF⟧Rausziehschalter⟦TAG:0000:0003:41461AFF⟧⟦END:0002:0001⟧ auf der Leinwand ändert sich ebenfalls.,Puedes cambiar de color. ¡Pero ten en cuenta que el color de los ⟦TAG:0002:0001:09CD⟧⟦TAG:0000:0003:4FBBF1FF⟧bloques⟦TAG:0000:0003:41461AFF⟧⟦END:0002:0001⟧ y de los ⟦TAG:0002:0001:09CD⟧⟦TAG:0000:0003:4FBBF1FF⟧Sacablox⟦TAG:0000:0003:41461AFF⟧⟦END:0002:0001⟧ cambiará también!,"Remplacez la couleur sélectionnée par une autre ! Attention, les ⟦TAG:0002:0001:09CD⟧⟦TAG:0000:0003:4FBBF1FF⟧blocs⟦TAG:0000:0003:41461AFF⟧⟦END:0002:0001⟧ et ⟦TAG:0002:0001:09CD⟧⟦TAG:0000:0003:4FBBF1FF⟧extracteurs⟦TAG:0000:0003:41461AFF⟧⟦END:0002:0001⟧ de cette couleur déjà placés sur la grille changeront également de couleur.",Cambia il colore selezionato! Fai attenzione: i ⟦TAG:0002:0001:09CD⟧⟦TAG:0000:0003:4FBBF1FF⟧blocchi⟦TAG:0000:0003:41461AFF⟧⟦END:0002:0001⟧ e i ⟦TAG:0002:0001:09CD⟧⟦TAG:0000:0003:4FBBF1FF⟧tirablocchi⟦TAG:0000:0003:41461AFF⟧⟦END:0002:0001⟧ già presenti sulla griglia cambieranno colore di conseguenza.,Seçili rengi başka bir renkle değiştir! Ama dikkat: Tuvaldeki ⟦TAG:0002:0001:09CD⟧⟦TAG:0000:0003:4FBBF1FF⟧bloklar⟦TAG:0000:0003:41461AFF⟧⟦END:0002:0001⟧ ve ⟦TAG:0002:0001:09CD⟧⟦TAG:0000:0003:4FBBF1FF⟧çekme düğmeleri⟦TAG:0000:0003:41461AFF⟧⟦END:0002:0001⟧ de aynı renge dönüşür.,1,2166,1,1511,0.698,OK,OK,REVIEWED,Elle çevrildi; EN/DE/ES/FR/IT karşılaştırıldı.
1171,ME_ToolHowTo08,Set your Pullblox's difficulty level.,Bestimme den Schwierigkeitsgrad deines Pullblox.,Ponle un nivel de dificultad al Pullblox.,Définissez le niveau de difficulté de votre Pullblox.,Scegli il livello di difficoltà del tuo Pullblox.,Pullblox’unun zorluk seviyesini ayarla.,1,687,1,522,0.760,OK,OK,REVIEWED,Elle çevrildi; EN/DE/ES/FR/IT karşılaştırıldı.
1172,ME_ToolHowTo09,Copy an existing Pullblox.,Kopiere ein bestehendes Pullblox.,Copia un Pullblox de los que hay.,Copiez un Pullblox existant.,Copia un Pullblox già esistente.,Var olan bir Pullblox’u kopyala.,1,454,1,428,0.943,OK,OK,REVIEWED,Elle çevrildi; EN/DE/ES/FR/IT karşılaştırıldı.
1173,ME_ToolHowTo10,Give your Pullblox a name.,Gib deinem Pullblox einen Namen.,Ponle un nombre al Pullblox.,Choisissez le nom de votre Pullblox.,Dai un nome al tuo Pullblox.,Pullblox’una bir ad ver.,1,472,1,315,0.667,OK,OK,REVIEWED,Elle çevrildi; EN/DE/ES/FR/IT karşılaştırıldı.
1174,ME_ToolHowTo11,You are about to quit this project. Be sure to save it if you want to keep it!,"Du bist kurz davor, dieses Projekt zu schließen. Speichere es ab, wenn du es behalten möchtest!","Estás a punto de salir de este diseño. ¡Si quieres conservarlo, asegúrate de guardar los datos!","Vous allez quitter le Pullblox actuel. Si vous souhaitez conserver votre création, sauvegardez-la !",Stai per abbandonare questo Pullblox. Ricordati di salvare se non vuoi perdere la tua creazione!,Bu projeden çıkmak üzeresin. Saklamak istiyorsan kaydetmeyi unutma!,1,1316,1,966,0.734,OK,OK,REVIEWED,Elle çevrildi; EN/DE/ES/FR/IT karşılaştırıldı.
1175,ME_ToolHowTo12,All canvas contents have been ⟦TAG:0002:0001:0ACD⟧⟦TAG:0000:0003:FCEF30FF⟧deleted⟦TAG:0000:0003:41461AFF⟧⟦END:0002:0001⟧.,Der Inhalt der Leinwand wurde ⟦TAG:0002:0001:0ACD⟧⟦TAG:0000:0003:FCEF30FF⟧entfernt⟦TAG:0000:0003:41461AFF⟧⟦END:0002:0001⟧.,Se ha ⟦TAG:0002:0001:0ACD⟧⟦TAG:0000:0003:FCEF30FF⟧borrado⟦TAG:0000:0003:41461AFF⟧⟦END:0002:0001⟧ todo el contenido del lienzo.,Tout le contenu de la grille a été ⟦TAG:0002:0001:0ACD⟧⟦TAG:0000:0003:FCEF30FF⟧effacé⟦TAG:0000:0003:41461AFF⟧⟦END:0002:0001⟧.,Tutto il contenuto della griglia è stato ⟦TAG:0002:0001:0ACD⟧⟦TAG:0000:0003:FCEF30FF⟧cancellato⟦TAG:0000:0003:41461AFF⟧⟦END:0002:0001⟧.,Tuvaldeki her şey ⟦TAG:0002:0001:0ACD⟧⟦TAG:0000:0003:FCEF30FF⟧silindi⟦TAG:0000:0003:41461AFF⟧⟦END:0002:0001⟧.,1,678,1,335,0.494,OK,OK,REVIEWED,Elle çevrildi; EN/DE/ES/FR/IT karşılaştırıldı.
1176,ME_ToolHowTo13,The last change has been undone.,Die letzte Änderung wurde rückgängig gemacht.,Se ha deshecho el último cambio.,Le dernier changement a été annulé.,L'ultimo cambiamento è stato annullato.,Son değişiklik geri alındı.,1,655,1,342,0.522,OK,OK,REVIEWED,Elle çevrildi; EN/DE/ES/FR/IT karşılaştırıldı.
1177,ME_ToolHowTo14,⟦TAG:0002:0001:0ACD⟧⟦TAG:0000:0003:FCEF30FF⟧Zoom out⟦TAG:0000:0003:41461AFF⟧⟦END:0002:0001⟧ from the canvas.,⟦TAG:0002:0001:0ACD⟧⟦TAG:0000:0003:FCEF30FF⟧Zoome⟦TAG:0000:0003:41461AFF⟧⟦END:0002:0001⟧ aus der Leinwand ⟦TAG:0002:0001:0ACD⟧⟦TAG:0000:0003:FCEF30FF⟧heraus⟦TAG:0000:0003:41461AFF⟧⟦END:0002:0001⟧.,⟦TAG:0002:0001:0ACD⟧⟦TAG:0000:0003:FCEF30FF⟧Aleja⟦TAG:0000:0003:41461AFF⟧⟦END:0002:0001⟧ la imagen del lienzo.,⟦TAG:0002:0001:0ACD⟧⟦TAG:0000:0003:FCEF30FF⟧Réduisez⟦TAG:0000:0003:41461AFF⟧⟦END:0002:0001⟧ le zoom pour voir la grille de plus loin.,⟦TAG:0002:0001:0ACD⟧⟦TAG:0000:0003:FCEF30FF⟧Riduci⟦TAG:0000:0003:41461AFF⟧⟦END:0002:0001⟧ lo zoom per vedere la griglia da lontano.,Tuvalden ⟦TAG:0002:0001:0ACD⟧⟦TAG:0000:0003:FCEF30FF⟧uzaklaş⟦TAG:0000:0003:41461AFF⟧⟦END:0002:0001⟧.,1,639,1,245,0.383,OK,OK,REVIEWED,Elle çevrildi; EN/DE/ES/FR/IT karşılaştırıldı.
1178,ME_ToolHowTo15,⟦TAG:0002:0001:0ACD⟧⟦TAG:0000:0003:FCEF30FF⟧Zoom in⟦TAG:0000:0003:41461AFF⟧⟦END:0002:0001⟧ on the canvas.,⟦TAG:0002:0001:0ACD⟧⟦TAG:0000:0003:FCEF30FF⟧Zoome⟦TAG:0000:0003:41461AFF⟧⟦END:0002:0001⟧ in die Leinwand ⟦TAG:0002:0001:0ACD⟧⟦TAG:0000:0003:FCEF30FF⟧hinein⟦TAG:0000:0003:41461AFF⟧⟦END:0002:0001⟧.,⟦TAG:0002:0001:0ACD⟧⟦TAG:0000:0003:FCEF30FF⟧Acerca⟦TAG:0000:0003:41461AFF⟧⟦END:0002:0001⟧ la imagen del lienzo.,⟦TAG:0002:0001:0ACD⟧⟦TAG:0000:0003:FCEF30FF⟧Accentuez⟦TAG:0000:0003:41461AFF⟧⟦END:0002:0001⟧ le zoom pour voir la grille de plus près.,⟦TAG:0002:0001:0ACD⟧⟦TAG:0000:0003:FCEF30FF⟧Aumenta⟦TAG:0000:0003:41461AFF⟧⟦END:0002:0001⟧ lo zoom per vedere la griglia da vicino.,Tuvale ⟦TAG:0002:0001:0ACD⟧⟦TAG:0000:0003:FCEF30FF⟧yaklaş⟦TAG:0000:0003:41461AFF⟧⟦END:0002:0001⟧.,1,669,1,196,0.293,OK,OK,REVIEWED,Elle çevrildi; EN/DE/ES/FR/IT karşılaştırıldı.
1179,ME_ToolHowTo16,The last change has been redone.,Die letzte Änderung wurde erneut durchgeführt.,El último cambio se ha vuelto a aplicar.,Le dernier changement a été réappliqué.,L'ultimo cambiamento è stato ripristinato.,Son değişiklik yeniden uygulandı.,1,658,1,451,0.685,OK,OK,REVIEWED,Elle çevrildi; EN/DE/ES/FR/IT karşılaştırıldı.
1180,ME_HowToCancel,⟦TAG:0002:0001:06CD⟧: Skip⟦END:0002:0001⟧,⟦TAG:0002:0001:06CD⟧: Fertig⟦END:0002:0001⟧,⟦TAG:0002:0001:06CD⟧Saltar⟦END:0002:0001⟧,⟦TAG:0002:0001:06CD⟧Arrêter⟦END:0002:0001⟧,⟦TAG:0002:0001:06CD⟧Salta⟦END:0002:0001⟧,⟦TAG:0002:0001:06CD⟧: Atla⟦END:0002:0001⟧,1,107,1,80,0.748,OK,OK,REVIEWED,Elle çevrildi; EN/DE/ES/FR/IT karşılaştırıldı.
1181,G_,,,,,,,1,0,0,0,0.000,EMPTY,OK,EMPTY,
1182,G_Oprt,: Pause,: Pause,Pausa,Pause,Pausa,: Ara,1,97,1,71,0.732,OK,OK,REVIEWED,Son piksel genişliği turunda elle kısaltıldı.
1183,G_Pau,⟦TAG:0002:0002:0120⟧PAUSED,⟦TAG:0002:0002:0120⟧PAUSE,⟦TAG:0002:0002:0120⟧EN PAUSA,⟦TAG:0002:0002:0120⟧PAUSE,⟦TAG:0002:0002:0120⟧PAUSA,⟦TAG:0002:0002:0120⟧ARA,1,145,1,64,0.441,OK,OK,REVIEWED,Son manuel Türkçe kalite taramasında doğrulandı.
1184,SV_,,,,,,,1,0,0,0,0.000,EMPTY,OK,EMPTY,
1185,SV_00,⟦TAG:0002:0001:00CD⟧Saving...⟦END:0002:0001⟧,⟦TAG:0002:0001:00CD⟧Speichere...⟦END:0002:0001⟧,⟦TAG:0002:0001:00CD⟧Guardando...⟦END:0002:0001⟧,⟦TAG:0002:0001:00CD⟧Sauvegarde...⟦END:0002:0001⟧,⟦TAG:0002:0001:00CD⟧Salvataggio...⟦END:0002:0001⟧,⟦TAG:0002:0001:00CD⟧Kaydediyor...⟦END:0002:0001⟧,1,189,1,181,0.958,OK,OK,REVIEWED,
1186,MP_,,,,,,,1,0,0,0,0.000,EMPTY,OK,EMPTY,
1187,MP_ModeName,⟦TAG:0002:0000:3200⟧Pullblox Park⟦END:0002:0000⟧,⟦TAG:0002:0000:3200⟧Pullbloxpark⟦END:0002:0000⟧,⟦TAG:0002:0000:3200⟧Villa Pullblox⟦END:0002:0000⟧,⟦TAG:0002:0000:3A00⟧Parc Pullblox⟦END:0002:0000⟧,Parco,⟦TAG:0002:0000:3200⟧Pullblox Park⟦END:0002:0000⟧,1,182,1,182,1.000,OK,OK,REVIEWED,
1188,MP_Page_00,Basic Lessons,Grundlektionen,Lecciones básicas,Leçons de base,Lezioni di base,Temel Dersler,1,237,1,184,0.776,OK,OK,REVIEWED,
1189,MP_Page_01,Level 1 Challenges,Aufgaben: Level 1,Desafíos del nivel 1,Défis - niveau 1,Sfide di livello 1,1. Seviye Görevleri,1,260,1,255,0.981,OK,OK,REVIEWED,
1190,MP_Page_02,Murals 1,Wandbilder 1,Murales 1,Décors 1,Immagini 1,Resimler 1,1,182,1,138,0.758,OK,OK,REVIEWED,
1191,MP_Page_03,Level 2 Challenges,Aufgaben: Level 2,Desafíos del nivel 2,Défis - niveau 2,Sfide di livello 2,2. Seviye Görevleri,1,260,1,255,0.981,OK,OK,REVIEWED,
1192,MP_Page_04,Advanced Lessons,Lektionen (fortgeschr.),Lecciones avanzadas,Leçons avancées,Lezioni avanzate,İleri Dersler,1,315,1,159,0.505,OK,OK,REVIEWED,
1193,MP_Page_05,Level 3 Challenges,Aufgaben: Level 3,Desafíos del nivel 3,Défis - niveau 3,Sfide di livello 3,3. Seviye Görevleri,1,260,1,255,0.981,OK,OK,REVIEWED,
1194,MP_Page_06,Murals 2,Wandbilder 2,Murales 2,Décors 2,Immagini 2,Resimler 2,1,182,1,138,0.758,OK,OK,REVIEWED,
1195,MP_Page_07,Level 4 Challenges,Aufgaben: Level 4,Desafíos del nivel 4,Défis - niveau 4,Sfide di livello 4,4. Seviye Görevleri,1,260,1,255,0.981,OK,OK,REVIEWED,
1196,MP_Page_08,Nintendo Murals,Nintendo-Wandbilder,Murales Nintendo,Décors Nintendo,Immagini Nintendo,Nintendo Resimleri,1,298,1,257,0.862,OK,OK,REVIEWED,
1197,MP_Page_09,Deluxe Murals,Deluxe-Wandbilder,Murales especiales,Super décors,Immagini deluxe,Özel Resimler,1,264,1,184,0.697,OK,OK,REVIEWED,
1198,MP_Page_10,Special Challenges,Spezialaufgaben,Grandes desafíos,Méga-défis,Super sfide,Özel Görevler,1,251,1,188,0.749,OK,OK,REVIEWED,
1199,MP_Page_11,Bonus Nintendo Murals,Bonus-Nintendo-Wandb.,Murales Nintendo extra,Décors bonus Nintendo,Immagini Nintendo extra,Bonus Nintendo Resimleri,1,339,1,342,1.009,OK,OK,REVIEWED,
1200,MP_Page_12,Bonus Murals,Bonus-Wandbilder,Murales extra,Décors bonus,Immagini extra,Bonus Resimler,1,250,1,200,0.800,OK,OK,REVIEWED,
1201,MP_Page_13,Bonus Challenges,Bonusaufgaben,Desafíos extra,Défis bonus,Sfide extra,Bonus Görevler,1,230,1,204,0.887,OK,OK,REVIEWED,
1202,MP_Comment00,"Let's see if you
can do this one.
Give it a try!","Damit geht's
weiter. Versuch
dich mal daran!","Vamos a ver
este...
¡Hay que
intentarlo!","Voici un nouveau
Pullblox. Allez,
essaie-le vite !","Ecco un nuovo
Pullblox. Dai,
provalo subito!","Bakalım bunu
çözebilir misin.
Hadi, dene!",4,229,3,201,0.878,OK,OK,REVIEWED,
1203,MP_Comment01,,,,,,,1,0,0,0,0.000,EMPTY,OK,EMPTY,
1204,MP_Comment02,,,,,,,1,0,0,0,0.000,EMPTY,OK,EMPTY,
1205,MP_Comment03,"You've skipped
this one. Don't
forget to clear it!","Dieses hast du
übersprungen.
Vergiss nicht, es
zu lösen!","No has hecho
este...
Pues hay que
acabarlo, ¿eh?","Tu as abandonné
celui-ci. Reviens
vite le terminer !","Hai saltato
questo Pullblox.
Non dimenticarti
di risolverlo!","Bunu atladın.
Bitirmeyi sakın
unutma!",4,238,3,204,0.857,OK,OK,REVIEWED,
1206,MP_Comment04,"Impressive! You
did a fine job!","Beeindruckend!
Das hast du gut
gemacht!","Impresionante.
¡Buen trabajo!","Bravo ! C'était
du bon travail !","Strabiliante!
Hai fatto davvero
un ottimo lavoro!","Etkileyici!
Harika iş çıkardın!",3,248,2,257,1.036,OK,OK,REVIEWED,
1207,MP_Comment05,,,,,,,1,0,0,0,0.000,EMPTY,OK,EMPTY,
1208,MP_Comment06,,,,,,,1,0,0,0,0.000,EMPTY,OK,EMPTY,
1209,MO_,,,,,,,1,0,0,0,0.000,EMPTY,OK,EMPTY,
1210,MO_Bgm,Music,Musik,Música,⟦TAG:0002:0000:4100⟧Musique⟦END:0002:0000⟧,Musica,Müzik,1,110,1,82,0.745,OK,OK,REVIEWED,
1211,MO_Se,"Sound
Effects","Sound-
effekte","Efectos
sonido","Effets
sonores","Effetti
sonori","Efekt
Sesi",2,102,2,76,0.745,OK,OK,REVIEWED,Son manuel Türkçe kalite taramasında doğrulandı.
1212,MT_,,,,,,,1,0,0,0,0.000,EMPTY,OK,EMPTY,
1213,MT_Pzl,Pullblox Park,Pullbloxpark,Villa Pullblox,Parc Pullblox,⟦TAG:0002:0000:5A00⟧Parco dei Pullblox⟦END:0002:0000⟧,Pullblox Park,1,244,1,182,0.746,OK,OK,REVIEWED,
1214,MT_Edit,Pullblox Studio,Pullbloxstudio,Estudio,Atelier Pullblox,⟦TAG:0002:0000:5A00⟧Studio dei Pullblox⟦END:0002:0000⟧,Pullblox Studio,1,252,1,203,0.806,OK,OK,REVIEWED,
1215,MT_HowTo,Tutorials,Tutorials,Academia,Tutoriels,Tutorial,Eğitimler,1,137,1,125,0.912,OK,OK,REVIEWED,
1216,MT_Op,,,,,,,1,0,0,0,0.000,EMPTY,OK,EMPTY,
1217,MT_Ex,Bonus Pullblox,Bonus-Pullblox,Pullblox extra,Pullblox bonus,Pullblox extra,Bonus Pullblox,1,200,1,194,0.970,OK,OK,REVIEWED,
1218,MT_Home,: Return to HOME Menu,: Zurück zum HOME-Menü, Volver al menú HOME, Retour au menu HOME, Torna al menu HOME,: HOME Menüsüne Dön,1,378,1,332,0.878,OK,OK,REVIEWED,
1219,MT_CompName,⟦TAG:0002:0001:03CD⟧2011 Nintendo / INTELLIGENT SYSTEMS⟦END:0002:0001⟧,⟦TAG:0002:0001:03CD⟧2011 Nintendo / INTELLIGENT SYSTEMS⟦END:0002:0001⟧,⟦TAG:0002:0001:03CD⟧2011 Nintendo / INTELLIGENT SYSTEMS⟦END:0002:0001⟧,⟦TAG:0002:0001:03CD⟧2011 Nintendo / INTELLIGENT SYSTEMS⟦END:0002:0001⟧,⟦TAG:0002:0001:03CD⟧2011 Nintendo / INTELLIGENT SYSTEMS⟦END:0002:0001⟧,⟦TAG:0002:0001:03CD⟧2011 Nintendo / INTELLIGENT SYSTEMS⟦END:0002:0001⟧,1,540,1,540,1.000,OK,OK,REVIEWED,
1220,MT_Copyright,⟦TAG:0002:0001:03CD⟧©⟦END:0002:0001⟧,⟦TAG:0002:0001:03CD⟧©⟦END:0002:0001⟧,⟦TAG:0002:0001:03CD⟧©⟦END:0002:0001⟧,⟦TAG:0002:0001:03CD⟧©⟦END:0002:0001⟧,⟦TAG:0002:0001:03CD⟧©⟦END:0002:0001⟧,⟦TAG:0002:0001:03CD⟧©⟦END:0002:0001⟧,1,21,1,21,1.000,OK,OK,REVIEWED,
1221,SI_,,,,,,,1,0,0,0,0.000,EMPTY,OK,EMPTY,
1222,SI_00,Children Rescued:,Befreite Kinder:,Niños salvados:,Enfants sauvés :,Bambini salvati:,Kurtarılan:,1,239,1,155,0.649,OK,OK,REVIEWED,
1223,SI_01,"Progress
Report","Spiel-
fortschritt",Resultados,"Bilan
d'étape",Risultato,"İlerleme
Durumu",2,147,2,108,0.735,OK,OK,REVIEWED,
1224,SG_,,,,,,,1,0,0,0,0.000,EMPTY,OK,EMPTY,
1225,Grph_,,,,,,,1,0,0,0,0.000,EMPTY,OK,EMPTY,
1226,Grph_Title,,,,,,,1,0,0,0,0.000,EMPTY,OK,EMPTY,
