Index,Label,English,French,German,Italian,Spanish,JPN,jp_hira,Simp_Chinese,Trad_Chinese,Turkish_Current,Turkish_Manual_v6,Turkish_Manual_v7,Manual_Review_Status,Manual_Decision,Manual_Reason_TR,Manual_CrossLanguage_TR,Turkish_Manual_v8,Manual_Review_Status_v8,Manual_v8_Decision,Manual_v8_Reason_TR,Manual_v8_CrossLanguage_TR,Turkish_Manual_v9,Manual_Review_Status_v9,Manual_v9_Decision,Manual_v9_Reason_TR,Manual_v9_CrossLanguage_TR,Turkish_Manual_v10,Manual_Review_Status_v10,Manual_v10_Decision,Manual_v10_Reason_TR,Manual_v10_CrossLanguage_TR,Turkish_Manual_v11,Manual_Review_Status_v11,Manual_v11_Decision,Manual_v11_Reason_TR,Manual_v11_CrossLanguage_TR,Turkish_Manual_v12,Manual_Review_Status_v12,Manual_v12_Decision,Manual_v12_Reason_TR,Manual_v12_CrossLanguage_TR,Turkish_Manual_v13,Manual_Review_Status_v13,Manual_v13_Decision,Manual_v13_Reason_TR,Manual_v13_CrossLanguage_TR,Turkish_Manual_v14,Manual_Review_Status_v14,Manual_v14_Decision,Manual_v14_Reason_TR,Manual_v14_CrossLanguage_TR,Turkish_Manual_v15,Manual_Review_Status_v15,Manual_v15_Decision,Manual_v15_Reason_TR,Manual_v15_CrossLanguage_TR,Turkish_Manual_v16,Manual_Review_Status_v16,Manual_v16_Decision,Manual_v16_Reason_TR,Manual_v16_CrossLanguage_TR,Turkish_Manual_v17,Manual_Review_Status_v17,Manual_v17_Decision,Manual_v17_Reason_TR,Manual_v17_CrossLanguage_TR,Turkish_Manual_v18,Manual_Review_Status_v18,Manual_v18_Decision,Manual_v18_Reason_TR,Manual_v18_CrossLanguage_TR
0,TITLE_CREATE_SAVE_DATA,"Creating save data...
Please do not turn off the power.","Sauvegarde des données en cours...
N'éteignez pas votre console.","Speicherdaten werden erstellt...
Bitte das System nicht ausschalten.","Creazione dei dati di salvataggio in corso...
Non spegnere la console.","Creando datos de guardado...
No apagues la consola.","セーブデータを さくせいしています
でんげんを きらないでください","セーブデータを さくせいしています
でんげんを きらないでください","正在创建保存数据……
请不要关闭电源。","正在建立儲存資料……
請勿關閉電源","Kayıt verisi oluşturuluyor...
Lütfen gücü kapatmayın.","Kayıt verisi oluşturuluyor...
Lütfen konsolu kapatma.","Kayıt verisi oluşturuluyor...
Lütfen konsolu kapatma.",MANUEL İNCELENDİ,DEĞİŞTİ,‘Gücü kapatma’ Türkçede cihaz UI’sında yapay; hedef doğrudan konsol.,"FR/IT/ES açıkça console, DE system, JP/ZH power/system. Türkçe Nintendo bağlamında ‘konsolu kapatma’ doğal.","Kayıt verisi oluşturuluyor...
Lütfen konsolu kapatma.",MANUEL İNCELENDİ,DEĞİŞTİ,‘Gücü kapatma’ Türkçede cihaz UI’sında yapay; hedef doğrudan konsol.,"FR/IT/ES açıkça console, DE system, JP/ZH power/system. Türkçe Nintendo bağlamında ‘konsolu kapatma’ doğal.","Kayıt verisi oluşturuluyor...
Lütfen konsolu kapatma.",MANUEL İNCELENDİ,DEĞİŞTİ,‘Gücü kapatma’ Türkçede cihaz UI’sında yapay; hedef doğrudan konsol.,"FR/IT/ES açıkça console, DE system, JP/ZH power/system. Türkçe Nintendo bağlamında ‘konsolu kapatma’ doğal.","Kayıt verisi oluşturuluyor...
Lütfen konsolu kapatma.",MANUEL İNCELENDİ,DEĞİŞTİ,‘Gücü kapatma’ Türkçede cihaz UI’sında yapay; hedef doğrudan konsol.,"FR/IT/ES açıkça console, DE system, JP/ZH power/system. Türkçe Nintendo bağlamında ‘konsolu kapatma’ doğal.","Kayıt verisi oluşturuluyor...
Lütfen konsolu kapatma.",MANUEL İNCELENDİ,DEĞİŞTİ,‘Gücü kapatma’ Türkçede cihaz UI’sında yapay; hedef doğrudan konsol.,"FR/IT/ES açıkça console, DE system, JP/ZH power/system. Türkçe Nintendo bağlamında ‘konsolu kapatma’ doğal.","Kayıt verisi oluşturuluyor...
Lütfen konsolu kapatma.",MANUEL İNCELENDİ,DEĞİŞTİ,‘Gücü kapatma’ Türkçede cihaz UI’sında yapay; hedef doğrudan konsol.,"FR/IT/ES açıkça console, DE system, JP/ZH power/system. Türkçe Nintendo bağlamında ‘konsolu kapatma’ doğal.","Kayıt verisi oluşturuluyor...
Lütfen konsolu kapatma.",MANUEL İNCELENDİ,DEĞİŞTİ,‘Gücü kapatma’ Türkçede cihaz UI’sında yapay; hedef doğrudan konsol.,"FR/IT/ES açıkça console, DE system, JP/ZH power/system. Türkçe Nintendo bağlamında ‘konsolu kapatma’ doğal.","Kayıt verisi oluşturuluyor...
Lütfen konsolu kapatma.",MANUEL İNCELENDİ,DEĞİŞTİ,‘Gücü kapatma’ Türkçede cihaz UI’sında yapay; hedef doğrudan konsol.,"FR/IT/ES açıkça console, DE system, JP/ZH power/system. Türkçe Nintendo bağlamında ‘konsolu kapatma’ doğal.","Kayıt verisi oluşturuluyor...
Lütfen konsolu kapatma.",MANUEL İNCELENDİ,DEĞİŞTİ,‘Gücü kapatma’ Türkçede cihaz UI’sında yapay; hedef doğrudan konsol.,"FR/IT/ES açıkça console, DE system, JP/ZH power/system. Türkçe Nintendo bağlamında ‘konsolu kapatma’ doğal.","Kayıt verisi oluşturuluyor...
Lütfen konsolu kapatma.",MANUEL İNCELENDİ,DEĞİŞTİ,‘Gücü kapatma’ Türkçede cihaz UI’sında yapay; hedef doğrudan konsol.,"FR/IT/ES açıkça console, DE system, JP/ZH power/system. Türkçe Nintendo bağlamında ‘konsolu kapatma’ doğal.","Kayıt verisi oluşturuluyor...
Lütfen konsolu kapatma.",MANUEL İNCELENDİ,DEĞİŞTİ,‘Gücü kapatma’ Türkçede cihaz UI’sında yapay; hedef doğrudan konsol.,"FR/IT/ES açıkça console, DE system, JP/ZH power/system. Türkçe Nintendo bağlamında ‘konsolu kapatma’ doğal.","Kayıt verisi oluşturuluyor...
Lütfen konsolu kapatma.",MANUEL İNCELENDİ,DEĞİŞTİ,‘Gücü kapatma’ Türkçede cihaz UI’sında yapay; hedef doğrudan konsol.,"FR/IT/ES açıkça console, DE system, JP/ZH power/system. Türkçe Nintendo bağlamında ‘konsolu kapatma’ doğal."
1,TITLE_ASK_CONTINUATION,"Would you like to continue playing from the
previous installment of Detective Pikachu?","Voulez-vous reprendre la partie de Détective
Pikachu là où vous vous êtes arrêté ?",TITLE_ASK_CONTINUATION, ,"¿Quieres continuar la partida de
Detective Pikachu?","『名探偵ピカチュウ
　～新コンビ誕生～』
の続きから遊びますか？","『めいたんていピカチュウ 
　～しんコンビたんじょう～』
のつづきから あそびますか？","『名探偵ピカチュウ
　～新コンビ誕生～』
の続きから遊びますか？","『名探偵ピカチュウ
　～新コンビ誕生～』
の続きから遊びますか？","Detective Pikachu'nun
önceki bölümünden devam etmek ister misin?","Detective Pikachu'nun
önceki sürümünden devam etmek ister misin?","Detective Pikachu'nun
önceki sürümünden devam etmek ister misin?",MANUEL İNCELENDİ,DEĞİŞTİ,‘Önceki bölüm’ oyun içi chapter gibi anlaşılabiliyordu; burada önceki yayın/sürüm kastediliyor.,EN previous installment; JP önceki Detective Pikachu yayınına ait tam başlığı veriyor; FR/ES de önceki oyundan devam anlamında.,"Detective Pikachu'nun
önceki sürümünden devam etmek ister misin?",MANUEL İNCELENDİ,DEĞİŞTİ,‘Önceki bölüm’ oyun içi chapter gibi anlaşılabiliyordu; burada önceki yayın/sürüm kastediliyor.,EN previous installment; JP önceki Detective Pikachu yayınına ait tam başlığı veriyor; FR/ES de önceki oyundan devam anlamında.,"Detective Pikachu'nun
önceki sürümünden devam etmek ister misin?",MANUEL İNCELENDİ,DEĞİŞTİ,‘Önceki bölüm’ oyun içi chapter gibi anlaşılabiliyordu; burada önceki yayın/sürüm kastediliyor.,EN previous installment; JP önceki Detective Pikachu yayınına ait tam başlığı veriyor; FR/ES de önceki oyundan devam anlamında.,"Detective Pikachu'nun
önceki sürümünden devam etmek ister misin?",MANUEL İNCELENDİ,DEĞİŞTİ,‘Önceki bölüm’ oyun içi chapter gibi anlaşılabiliyordu; burada önceki yayın/sürüm kastediliyor.,EN previous installment; JP önceki Detective Pikachu yayınına ait tam başlığı veriyor; FR/ES de önceki oyundan devam anlamında.,"Detective Pikachu'nun
önceki sürümünden devam etmek ister misin?",MANUEL İNCELENDİ,DEĞİŞTİ,‘Önceki bölüm’ oyun içi chapter gibi anlaşılabiliyordu; burada önceki yayın/sürüm kastediliyor.,EN previous installment; JP önceki Detective Pikachu yayınına ait tam başlığı veriyor; FR/ES de önceki oyundan devam anlamında.,"Detective Pikachu'nun
önceki sürümünden devam etmek ister misin?",MANUEL İNCELENDİ,DEĞİŞTİ,‘Önceki bölüm’ oyun içi chapter gibi anlaşılabiliyordu; burada önceki yayın/sürüm kastediliyor.,EN previous installment; JP önceki Detective Pikachu yayınına ait tam başlığı veriyor; FR/ES de önceki oyundan devam anlamında.,"Detective Pikachu'nun
önceki sürümünden devam etmek ister misin?",MANUEL İNCELENDİ,DEĞİŞTİ,‘Önceki bölüm’ oyun içi chapter gibi anlaşılabiliyordu; burada önceki yayın/sürüm kastediliyor.,EN previous installment; JP önceki Detective Pikachu yayınına ait tam başlığı veriyor; FR/ES de önceki oyundan devam anlamında.,"Detective Pikachu'nun
önceki sürümünden devam etmek ister misin?",MANUEL İNCELENDİ,DEĞİŞTİ,‘Önceki bölüm’ oyun içi chapter gibi anlaşılabiliyordu; burada önceki yayın/sürüm kastediliyor.,EN previous installment; JP önceki Detective Pikachu yayınına ait tam başlığı veriyor; FR/ES de önceki oyundan devam anlamında.,"Detective Pikachu'nun
önceki sürümünden devam etmek ister misin?",MANUEL İNCELENDİ,DEĞİŞTİ,‘Önceki bölüm’ oyun içi chapter gibi anlaşılabiliyordu; burada önceki yayın/sürüm kastediliyor.,EN previous installment; JP önceki Detective Pikachu yayınına ait tam başlığı veriyor; FR/ES de önceki oyundan devam anlamında.,"Detective Pikachu'nun
önceki sürümünden devam etmek ister misin?",MANUEL İNCELENDİ,DEĞİŞTİ,‘Önceki bölüm’ oyun içi chapter gibi anlaşılabiliyordu; burada önceki yayın/sürüm kastediliyor.,EN previous installment; JP önceki Detective Pikachu yayınına ait tam başlığı veriyor; FR/ES de önceki oyundan devam anlamında.,"Detective Pikachu'nun
önceki sürümünden devam etmek ister misin?",MANUEL İNCELENDİ,DEĞİŞTİ,‘Önceki bölüm’ oyun içi chapter gibi anlaşılabiliyordu; burada önceki yayın/sürüm kastediliyor.,EN previous installment; JP önceki Detective Pikachu yayınına ait tam başlığı veriyor; FR/ES de önceki oyundan devam anlamında.,"Detective Pikachu'nun
önceki sürümünden devam etmek ister misin?",MANUEL İNCELENDİ,DEĞİŞTİ,‘Önceki bölüm’ oyun içi chapter gibi anlaşılabiliyordu; burada önceki yayın/sürüm kastediliyor.,EN previous installment; JP önceki Detective Pikachu yayınına ait tam başlığı veriyor; FR/ES de önceki oyundan devam anlamında.
2,TITLE_ADDITIONAL_INFORMATION,"Chapter select has been added. If you're going
to play from the continuation of the previous
release, select Chapter 4.", ,TITLE_ADDITIONAL_INFORMATION, ,TITLE_ADDITIONAL_INFORMATION,"章を選ぶ　が
追加されました
前作のつづきから遊ぶ場合は
4章を選んでください","しょうをえらぶ が
ついかされました
ぜんさくのつづきから あそぶ ばあいは
4しょうを えらんでください","章を選ぶ　が
追加されました
前作のつづきから遊ぶ場合は
4章を選んでください","章を選ぶ　が
追加されました
前作のつづきから遊ぶ場合は
4章を選んでください","Bölüm seçimi eklendi. Önceki sürümden
devam edeceksen,
4. bölümü seç.","Bölüm seçimi eklendi. Önceki sürümden
devam edeceksen,
4. bölümü seç.","Bölüm seçimi eklendi. Önceki sürümden
devam edeceksen,
4. bölümü seç.",MANUEL İNCELENDİ,AYNI KALDI,Tek tek kontrol edildi; v4 metni korunmaya değer bulundu.,Kaynak diller arasında Türkçeyi değiştirecek anlam/üslup farkı bulunmadı.,"Bölüm seçimi eklendi. Önceki sürümden
devam edeceksen,
4. bölümü seç.",MANUEL İNCELENDİ,AYNI KALDI,Tek tek kontrol edildi; v4 metni korunmaya değer bulundu.,Kaynak diller arasında Türkçeyi değiştirecek anlam/üslup farkı bulunmadı.,"Bölüm seçimi eklendi. Önceki sürümden
devam edeceksen,
4. bölümü seç.",MANUEL İNCELENDİ,AYNI KALDI,Tek tek kontrol edildi; v4 metni korunmaya değer bulundu.,Kaynak diller arasında Türkçeyi değiştirecek anlam/üslup farkı bulunmadı.,"Bölüm seçimi eklendi. Önceki sürümden
devam edeceksen,
4. bölümü seç.",MANUEL İNCELENDİ,AYNI KALDI,Tek tek kontrol edildi; v4 metni korunmaya değer bulundu.,Kaynak diller arasında Türkçeyi değiştirecek anlam/üslup farkı bulunmadı.,"Bölüm seçimi eklendi. Önceki sürümden
devam edeceksen,
4. bölümü seç.",MANUEL İNCELENDİ,AYNI KALDI,Tek tek kontrol edildi; v4 metni korunmaya değer bulundu.,Kaynak diller arasında Türkçeyi değiştirecek anlam/üslup farkı bulunmadı.,"Bölüm seçimi eklendi. Önceki sürümden
devam edeceksen,
4. bölümü seç.",MANUEL İNCELENDİ,AYNI KALDI,Tek tek kontrol edildi; v4 metni korunmaya değer bulundu.,Kaynak diller arasında Türkçeyi değiştirecek anlam/üslup farkı bulunmadı.,"Bölüm seçimi eklendi. Önceki sürümden
devam edeceksen,
4. bölümü seç.",MANUEL İNCELENDİ,AYNI KALDI,Tek tek kontrol edildi; v4 metni korunmaya değer bulundu.,Kaynak diller arasında Türkçeyi değiştirecek anlam/üslup farkı bulunmadı.,"Bölüm seçimi eklendi. Önceki sürümden
devam edeceksen,
4. bölümü seç.",MANUEL İNCELENDİ,AYNI KALDI,Tek tek kontrol edildi; v4 metni korunmaya değer bulundu.,Kaynak diller arasında Türkçeyi değiştirecek anlam/üslup farkı bulunmadı.,"Bölüm seçimi eklendi. Önceki sürümden
devam edeceksen,
4. bölümü seç.",MANUEL İNCELENDİ,AYNI KALDI,Tek tek kontrol edildi; v4 metni korunmaya değer bulundu.,Kaynak diller arasında Türkçeyi değiştirecek anlam/üslup farkı bulunmadı.,"Bölüm seçimi eklendi. Önceki sürümden
devam edeceksen,
4. bölümü seç.",MANUEL İNCELENDİ,AYNI KALDI,Tek tek kontrol edildi; v4 metni korunmaya değer bulundu.,Kaynak diller arasında Türkçeyi değiştirecek anlam/üslup farkı bulunmadı.,"Bölüm seçimi eklendi. Önceki sürümden
devam edeceksen,
4. bölümü seç.",MANUEL İNCELENDİ,AYNI KALDI,Tek tek kontrol edildi; v4 metni korunmaya değer bulundu.,Kaynak diller arasında Türkçeyi değiştirecek anlam/üslup farkı bulunmadı.,"Bölüm seçimi eklendi. Önceki sürümden
devam edeceksen,
4. bölümü seç.",MANUEL İNCELENDİ,AYNI KALDI,Tek tek kontrol edildi; v4 metni korunmaya değer bulundu.,Kaynak diller arasında Türkçeyi değiştirecek anlam/üslup farkı bulunmadı.
3,TITLE_CHANGE_LANGUAGE_DOCUMENT,"Choose the language you
will use in the game.",Choisissez la langue de votre jeu.,"Bitte wähle, in welcher Sprache der Spieltext
angezeigt werden soll.","Seleziona la lingua
in cui vuoi giocare.",Elige el idioma del juego.,"表示する文字を
選んでください","ひょうじするもじを
えらんでください",请选择游戏中显示的文字。,"請選擇遊戲裡
顯示的文字","Oyunda kullanmak istediğin dili
seç.","Oyunda görüntülenecek dili
seç.","Oyunda görüntülenecek dili
seç.",MANUEL İNCELENDİ,DEĞİŞTİ,Bu ayar konuşma sesi değil ekrandaki metin dili; ‘kullanmak istediğin dil’ gereksiz belirsizdi.,DE/JP/ZH özellikle görüntülenen oyun metnini/文字’yı; IT/ES oyun dilini söylüyor. Ses ayarı ayrıca bulunduğu için ‘görüntülenecek dil’ doğru.,"Oyunda görüntülenecek dili
seç.",MANUEL İNCELENDİ,DEĞİŞTİ,Bu ayar konuşma sesi değil ekrandaki metin dili; ‘kullanmak istediğin dil’ gereksiz belirsizdi.,DE/JP/ZH özellikle görüntülenen oyun metnini/文字’yı; IT/ES oyun dilini söylüyor. Ses ayarı ayrıca bulunduğu için ‘görüntülenecek dil’ doğru.,"Oyunda görüntülenecek dili
seç.",MANUEL İNCELENDİ,DEĞİŞTİ,Bu ayar konuşma sesi değil ekrandaki metin dili; ‘kullanmak istediğin dil’ gereksiz belirsizdi.,DE/JP/ZH özellikle görüntülenen oyun metnini/文字’yı; IT/ES oyun dilini söylüyor. Ses ayarı ayrıca bulunduğu için ‘görüntülenecek dil’ doğru.,"Oyunda görüntülenecek dili
seç.",MANUEL İNCELENDİ,DEĞİŞTİ,Bu ayar konuşma sesi değil ekrandaki metin dili; ‘kullanmak istediğin dil’ gereksiz belirsizdi.,DE/JP/ZH özellikle görüntülenen oyun metnini/文字’yı; IT/ES oyun dilini söylüyor. Ses ayarı ayrıca bulunduğu için ‘görüntülenecek dil’ doğru.,"Oyunda görüntülenecek dili
seç.",MANUEL İNCELENDİ,DEĞİŞTİ,Bu ayar konuşma sesi değil ekrandaki metin dili; ‘kullanmak istediğin dil’ gereksiz belirsizdi.,DE/JP/ZH özellikle görüntülenen oyun metnini/文字’yı; IT/ES oyun dilini söylüyor. Ses ayarı ayrıca bulunduğu için ‘görüntülenecek dil’ doğru.,"Oyunda görüntülenecek dili
seç.",MANUEL İNCELENDİ,DEĞİŞTİ,Bu ayar konuşma sesi değil ekrandaki metin dili; ‘kullanmak istediğin dil’ gereksiz belirsizdi.,DE/JP/ZH özellikle görüntülenen oyun metnini/文字’yı; IT/ES oyun dilini söylüyor. Ses ayarı ayrıca bulunduğu için ‘görüntülenecek dil’ doğru.,"Oyunda görüntülenecek dili
seç.",MANUEL İNCELENDİ,DEĞİŞTİ,Bu ayar konuşma sesi değil ekrandaki metin dili; ‘kullanmak istediğin dil’ gereksiz belirsizdi.,DE/JP/ZH özellikle görüntülenen oyun metnini/文字’yı; IT/ES oyun dilini söylüyor. Ses ayarı ayrıca bulunduğu için ‘görüntülenecek dil’ doğru.,"Oyunda görüntülenecek dili
seç.",MANUEL İNCELENDİ,DEĞİŞTİ,Bu ayar konuşma sesi değil ekrandaki metin dili; ‘kullanmak istediğin dil’ gereksiz belirsizdi.,DE/JP/ZH özellikle görüntülenen oyun metnini/文字’yı; IT/ES oyun dilini söylüyor. Ses ayarı ayrıca bulunduğu için ‘görüntülenecek dil’ doğru.,"Oyunda görüntülenecek dili
seç.",MANUEL İNCELENDİ,DEĞİŞTİ,Bu ayar konuşma sesi değil ekrandaki metin dili; ‘kullanmak istediğin dil’ gereksiz belirsizdi.,DE/JP/ZH özellikle görüntülenen oyun metnini/文字’yı; IT/ES oyun dilini söylüyor. Ses ayarı ayrıca bulunduğu için ‘görüntülenecek dil’ doğru.,"Oyunda görüntülenecek dili
seç.",MANUEL İNCELENDİ,DEĞİŞTİ,Bu ayar konuşma sesi değil ekrandaki metin dili; ‘kullanmak istediğin dil’ gereksiz belirsizdi.,DE/JP/ZH özellikle görüntülenen oyun metnini/文字’yı; IT/ES oyun dilini söylüyor. Ses ayarı ayrıca bulunduğu için ‘görüntülenecek dil’ doğru.,"Oyunda görüntülenecek dili
seç.",MANUEL İNCELENDİ,DEĞİŞTİ,Bu ayar konuşma sesi değil ekrandaki metin dili; ‘kullanmak istediğin dil’ gereksiz belirsizdi.,DE/JP/ZH özellikle görüntülenen oyun metnini/文字’yı; IT/ES oyun dilini söylüyor. Ses ayarı ayrıca bulunduğu için ‘görüntülenecek dil’ doğru.,"Oyunda görüntülenecek dili
seç.",MANUEL İNCELENDİ,DEĞİŞTİ,Bu ayar konuşma sesi değil ekrandaki metin dili; ‘kullanmak istediğin dil’ gereksiz belirsizdi.,DE/JP/ZH özellikle görüntülenen oyun metnini/文字’yı; IT/ES oyun dilini söylüyor. Ses ayarı ayrıca bulunduğu için ‘görüntülenecek dil’ doğru.
4,TITLE_CHANGE_LANGUAGE_SELECT_0,Hiragana,Hiragana,Hiragana,Giapponese (hiragana),Japonés (hiragana),ひらがな,ひらがな,平假名,日文平假名,Hiragana,Hiragana,Hiragana,MANUEL İNCELENDİ,AYNI KALDI,Menü/yer/bölüm adı veya kısa UI metni v4’te doğal ve anlamca doğru.,EN/FR/DE/IT/ES ile JP/ZH temel ad/işlevde uyumlu; Türkçe karşılık hedef bağlamı koruyor.,Hiragana,MANUEL İNCELENDİ,AYNI KALDI,Menü/yer/bölüm adı veya kısa UI metni v4’te doğal ve anlamca doğru.,EN/FR/DE/IT/ES ile JP/ZH temel ad/işlevde uyumlu; Türkçe karşılık hedef bağlamı koruyor.,Hiragana,MANUEL İNCELENDİ,AYNI KALDI,Menü/yer/bölüm adı veya kısa UI metni v4’te doğal ve anlamca doğru.,EN/FR/DE/IT/ES ile JP/ZH temel ad/işlevde uyumlu; Türkçe karşılık hedef bağlamı koruyor.,Hiragana,MANUEL İNCELENDİ,AYNI KALDI,Menü/yer/bölüm adı veya kısa UI metni v4’te doğal ve anlamca doğru.,EN/FR/DE/IT/ES ile JP/ZH temel ad/işlevde uyumlu; Türkçe karşılık hedef bağlamı koruyor.,Hiragana,MANUEL İNCELENDİ,AYNI KALDI,Menü/yer/bölüm adı veya kısa UI metni v4’te doğal ve anlamca doğru.,EN/FR/DE/IT/ES ile JP/ZH temel ad/işlevde uyumlu; Türkçe karşılık hedef bağlamı koruyor.,Hiragana,MANUEL İNCELENDİ,AYNI KALDI,Menü/yer/bölüm adı veya kısa UI metni v4’te doğal ve anlamca doğru.,EN/FR/DE/IT/ES ile JP/ZH temel ad/işlevde uyumlu; Türkçe karşılık hedef bağlamı koruyor.,Hiragana,MANUEL İNCELENDİ,AYNI KALDI,Menü/yer/bölüm adı veya kısa UI metni v4’te doğal ve anlamca doğru.,EN/FR/DE/IT/ES ile JP/ZH temel ad/işlevde uyumlu; Türkçe karşılık hedef bağlamı koruyor.,Hiragana,MANUEL İNCELENDİ,AYNI KALDI,Menü/yer/bölüm adı veya kısa UI metni v4’te doğal ve anlamca doğru.,EN/FR/DE/IT/ES ile JP/ZH temel ad/işlevde uyumlu; Türkçe karşılık hedef bağlamı koruyor.,Hiragana,MANUEL İNCELENDİ,AYNI KALDI,Menü/yer/bölüm adı veya kısa UI metni v4’te doğal ve anlamca doğru.,EN/FR/DE/IT/ES ile JP/ZH temel ad/işlevde uyumlu; Türkçe karşılık hedef bağlamı koruyor.,Hiragana,MANUEL İNCELENDİ,AYNI KALDI,Menü/yer/bölüm adı veya kısa UI metni v4’te doğal ve anlamca doğru.,EN/FR/DE/IT/ES ile JP/ZH temel ad/işlevde uyumlu; Türkçe karşılık hedef bağlamı koruyor.,Hiragana,MANUEL İNCELENDİ,AYNI KALDI,Menü/yer/bölüm adı veya kısa UI metni v4’te doğal ve anlamca doğru.,EN/FR/DE/IT/ES ile JP/ZH temel ad/işlevde uyumlu; Türkçe karşılık hedef bağlamı koruyor.,Hiragana,MANUEL İNCELENDİ,AYNI KALDI,Menü/yer/bölüm adı veya kısa UI metni v4’te doğal ve anlamca doğru.,EN/FR/DE/IT/ES ile JP/ZH temel ad/işlevde uyumlu; Türkçe karşılık hedef bağlamı koruyor.
5,TITLE_CHANGE_LANGUAGE_SELECT_1,Kanji,Kanji,Kanji,Giapponese (kanji),Japonés (kanji),漢字,かんじ,汉字,日文漢字,Kanji,Kanji,Kanji,MANUEL İNCELENDİ,AYNI KALDI,Menü/yer/bölüm adı veya kısa UI metni v4’te doğal ve anlamca doğru.,EN/FR/DE/IT/ES ile JP/ZH temel ad/işlevde uyumlu; Türkçe karşılık hedef bağlamı koruyor.,Kanji,MANUEL İNCELENDİ,AYNI KALDI,Menü/yer/bölüm adı veya kısa UI metni v4’te doğal ve anlamca doğru.,EN/FR/DE/IT/ES ile JP/ZH temel ad/işlevde uyumlu; Türkçe karşılık hedef bağlamı koruyor.,Kanji,MANUEL İNCELENDİ,AYNI KALDI,Menü/yer/bölüm adı veya kısa UI metni v4’te doğal ve anlamca doğru.,EN/FR/DE/IT/ES ile JP/ZH temel ad/işlevde uyumlu; Türkçe karşılık hedef bağlamı koruyor.,Kanji,MANUEL İNCELENDİ,AYNI KALDI,Menü/yer/bölüm adı veya kısa UI metni v4’te doğal ve anlamca doğru.,EN/FR/DE/IT/ES ile JP/ZH temel ad/işlevde uyumlu; Türkçe karşılık hedef bağlamı koruyor.,Kanji,MANUEL İNCELENDİ,AYNI KALDI,Menü/yer/bölüm adı veya kısa UI metni v4’te doğal ve anlamca doğru.,EN/FR/DE/IT/ES ile JP/ZH temel ad/işlevde uyumlu; Türkçe karşılık hedef bağlamı koruyor.,Kanji,MANUEL İNCELENDİ,AYNI KALDI,Menü/yer/bölüm adı veya kısa UI metni v4’te doğal ve anlamca doğru.,EN/FR/DE/IT/ES ile JP/ZH temel ad/işlevde uyumlu; Türkçe karşılık hedef bağlamı koruyor.,Kanji,MANUEL İNCELENDİ,AYNI KALDI,Menü/yer/bölüm adı veya kısa UI metni v4’te doğal ve anlamca doğru.,EN/FR/DE/IT/ES ile JP/ZH temel ad/işlevde uyumlu; Türkçe karşılık hedef bağlamı koruyor.,Kanji,MANUEL İNCELENDİ,AYNI KALDI,Menü/yer/bölüm adı veya kısa UI metni v4’te doğal ve anlamca doğru.,EN/FR/DE/IT/ES ile JP/ZH temel ad/işlevde uyumlu; Türkçe karşılık hedef bağlamı koruyor.,Kanji,MANUEL İNCELENDİ,AYNI KALDI,Menü/yer/bölüm adı veya kısa UI metni v4’te doğal ve anlamca doğru.,EN/FR/DE/IT/ES ile JP/ZH temel ad/işlevde uyumlu; Türkçe karşılık hedef bağlamı koruyor.,Kanji,MANUEL İNCELENDİ,AYNI KALDI,Menü/yer/bölüm adı veya kısa UI metni v4’te doğal ve anlamca doğru.,EN/FR/DE/IT/ES ile JP/ZH temel ad/işlevde uyumlu; Türkçe karşılık hedef bağlamı koruyor.,Kanji,MANUEL İNCELENDİ,AYNI KALDI,Menü/yer/bölüm adı veya kısa UI metni v4’te doğal ve anlamca doğru.,EN/FR/DE/IT/ES ile JP/ZH temel ad/işlevde uyumlu; Türkçe karşılık hedef bağlamı koruyor.,Kanji,MANUEL İNCELENDİ,AYNI KALDI,Menü/yer/bölüm adı veya kısa UI metni v4’te doğal ve anlamca doğru.,EN/FR/DE/IT/ES ile JP/ZH temel ad/işlevde uyumlu; Türkçe karşılık hedef bağlamı koruyor.
6,TITLE_CHANGE_LANGUAGE_SELECT_2,English,Anglais,Englisch,Inglese,Inglés,英語,えいご,英语,英文,İngilizce,İngilizce,İngilizce,MANUEL İNCELENDİ,AYNI KALDI,Menü/yer/bölüm adı veya kısa UI metni v4’te doğal ve anlamca doğru.,EN/FR/DE/IT/ES ile JP/ZH temel ad/işlevde uyumlu; Türkçe karşılık hedef bağlamı koruyor.,İngilizce,MANUEL İNCELENDİ,AYNI KALDI,Menü/yer/bölüm adı veya kısa UI metni v4’te doğal ve anlamca doğru.,EN/FR/DE/IT/ES ile JP/ZH temel ad/işlevde uyumlu; Türkçe karşılık hedef bağlamı koruyor.,İngilizce,MANUEL İNCELENDİ,AYNI KALDI,Menü/yer/bölüm adı veya kısa UI metni v4’te doğal ve anlamca doğru.,EN/FR/DE/IT/ES ile JP/ZH temel ad/işlevde uyumlu; Türkçe karşılık hedef bağlamı koruyor.,İngilizce,MANUEL İNCELENDİ,AYNI KALDI,Menü/yer/bölüm adı veya kısa UI metni v4’te doğal ve anlamca doğru.,EN/FR/DE/IT/ES ile JP/ZH temel ad/işlevde uyumlu; Türkçe karşılık hedef bağlamı koruyor.,İngilizce,MANUEL İNCELENDİ,AYNI KALDI,Menü/yer/bölüm adı veya kısa UI metni v4’te doğal ve anlamca doğru.,EN/FR/DE/IT/ES ile JP/ZH temel ad/işlevde uyumlu; Türkçe karşılık hedef bağlamı koruyor.,İngilizce,MANUEL İNCELENDİ,AYNI KALDI,Menü/yer/bölüm adı veya kısa UI metni v4’te doğal ve anlamca doğru.,EN/FR/DE/IT/ES ile JP/ZH temel ad/işlevde uyumlu; Türkçe karşılık hedef bağlamı koruyor.,İngilizce,MANUEL İNCELENDİ,AYNI KALDI,Menü/yer/bölüm adı veya kısa UI metni v4’te doğal ve anlamca doğru.,EN/FR/DE/IT/ES ile JP/ZH temel ad/işlevde uyumlu; Türkçe karşılık hedef bağlamı koruyor.,İngilizce,MANUEL İNCELENDİ,AYNI KALDI,Menü/yer/bölüm adı veya kısa UI metni v4’te doğal ve anlamca doğru.,EN/FR/DE/IT/ES ile JP/ZH temel ad/işlevde uyumlu; Türkçe karşılık hedef bağlamı koruyor.,İngilizce,MANUEL İNCELENDİ,AYNI KALDI,Menü/yer/bölüm adı veya kısa UI metni v4’te doğal ve anlamca doğru.,EN/FR/DE/IT/ES ile JP/ZH temel ad/işlevde uyumlu; Türkçe karşılık hedef bağlamı koruyor.,İngilizce,MANUEL İNCELENDİ,AYNI KALDI,Menü/yer/bölüm adı veya kısa UI metni v4’te doğal ve anlamca doğru.,EN/FR/DE/IT/ES ile JP/ZH temel ad/işlevde uyumlu; Türkçe karşılık hedef bağlamı koruyor.,İngilizce,MANUEL İNCELENDİ,AYNI KALDI,Menü/yer/bölüm adı veya kısa UI metni v4’te doğal ve anlamca doğru.,EN/FR/DE/IT/ES ile JP/ZH temel ad/işlevde uyumlu; Türkçe karşılık hedef bağlamı koruyor.,İngilizce,MANUEL İNCELENDİ,AYNI KALDI,Menü/yer/bölüm adı veya kısa UI metni v4’te doğal ve anlamca doğru.,EN/FR/DE/IT/ES ile JP/ZH temel ad/işlevde uyumlu; Türkçe karşılık hedef bağlamı koruyor.
7,TITLE_CHANGE_LANGUAGE_SELECT_3,Spanish,Espagnol,Spanisch,Spagnolo,Español,スペイン語,スペインご,西班牙语,西班牙文,İspanyolca,İspanyolca,İspanyolca,MANUEL İNCELENDİ,AYNI KALDI,Menü/yer/bölüm adı veya kısa UI metni v4’te doğal ve anlamca doğru.,EN/FR/DE/IT/ES ile JP/ZH temel ad/işlevde uyumlu; Türkçe karşılık hedef bağlamı koruyor.,İspanyolca,MANUEL İNCELENDİ,AYNI KALDI,Menü/yer/bölüm adı veya kısa UI metni v4’te doğal ve anlamca doğru.,EN/FR/DE/IT/ES ile JP/ZH temel ad/işlevde uyumlu; Türkçe karşılık hedef bağlamı koruyor.,İspanyolca,MANUEL İNCELENDİ,AYNI KALDI,Menü/yer/bölüm adı veya kısa UI metni v4’te doğal ve anlamca doğru.,EN/FR/DE/IT/ES ile JP/ZH temel ad/işlevde uyumlu; Türkçe karşılık hedef bağlamı koruyor.,İspanyolca,MANUEL İNCELENDİ,AYNI KALDI,Menü/yer/bölüm adı veya kısa UI metni v4’te doğal ve anlamca doğru.,EN/FR/DE/IT/ES ile JP/ZH temel ad/işlevde uyumlu; Türkçe karşılık hedef bağlamı koruyor.,İspanyolca,MANUEL İNCELENDİ,AYNI KALDI,Menü/yer/bölüm adı veya kısa UI metni v4’te doğal ve anlamca doğru.,EN/FR/DE/IT/ES ile JP/ZH temel ad/işlevde uyumlu; Türkçe karşılık hedef bağlamı koruyor.,İspanyolca,MANUEL İNCELENDİ,AYNI KALDI,Menü/yer/bölüm adı veya kısa UI metni v4’te doğal ve anlamca doğru.,EN/FR/DE/IT/ES ile JP/ZH temel ad/işlevde uyumlu; Türkçe karşılık hedef bağlamı koruyor.,İspanyolca,MANUEL İNCELENDİ,AYNI KALDI,Menü/yer/bölüm adı veya kısa UI metni v4’te doğal ve anlamca doğru.,EN/FR/DE/IT/ES ile JP/ZH temel ad/işlevde uyumlu; Türkçe karşılık hedef bağlamı koruyor.,İspanyolca,MANUEL İNCELENDİ,AYNI KALDI,Menü/yer/bölüm adı veya kısa UI metni v4’te doğal ve anlamca doğru.,EN/FR/DE/IT/ES ile JP/ZH temel ad/işlevde uyumlu; Türkçe karşılık hedef bağlamı koruyor.,İspanyolca,MANUEL İNCELENDİ,AYNI KALDI,Menü/yer/bölüm adı veya kısa UI metni v4’te doğal ve anlamca doğru.,EN/FR/DE/IT/ES ile JP/ZH temel ad/işlevde uyumlu; Türkçe karşılık hedef bağlamı koruyor.,İspanyolca,MANUEL İNCELENDİ,AYNI KALDI,Menü/yer/bölüm adı veya kısa UI metni v4’te doğal ve anlamca doğru.,EN/FR/DE/IT/ES ile JP/ZH temel ad/işlevde uyumlu; Türkçe karşılık hedef bağlamı koruyor.,İspanyolca,MANUEL İNCELENDİ,AYNI KALDI,Menü/yer/bölüm adı veya kısa UI metni v4’te doğal ve anlamca doğru.,EN/FR/DE/IT/ES ile JP/ZH temel ad/işlevde uyumlu; Türkçe karşılık hedef bağlamı koruyor.,İspanyolca,MANUEL İNCELENDİ,AYNI KALDI,Menü/yer/bölüm adı veya kısa UI metni v4’te doğal ve anlamca doğru.,EN/FR/DE/IT/ES ile JP/ZH temel ad/işlevde uyumlu; Türkçe karşılık hedef bağlamı koruyor.
8,TITLE_CHANGE_LANGUAGE_SELECT_4,French,Français,Französisch,Francese,Francés,フランス語,フランスご,法语,法文,Fransızca,Fransızca,Fransızca,MANUEL İNCELENDİ,AYNI KALDI,Menü/yer/bölüm adı veya kısa UI metni v4’te doğal ve anlamca doğru.,EN/FR/DE/IT/ES ile JP/ZH temel ad/işlevde uyumlu; Türkçe karşılık hedef bağlamı koruyor.,Fransızca,MANUEL İNCELENDİ,AYNI KALDI,Menü/yer/bölüm adı veya kısa UI metni v4’te doğal ve anlamca doğru.,EN/FR/DE/IT/ES ile JP/ZH temel ad/işlevde uyumlu; Türkçe karşılık hedef bağlamı koruyor.,Fransızca,MANUEL İNCELENDİ,AYNI KALDI,Menü/yer/bölüm adı veya kısa UI metni v4’te doğal ve anlamca doğru.,EN/FR/DE/IT/ES ile JP/ZH temel ad/işlevde uyumlu; Türkçe karşılık hedef bağlamı koruyor.,Fransızca,MANUEL İNCELENDİ,AYNI KALDI,Menü/yer/bölüm adı veya kısa UI metni v4’te doğal ve anlamca doğru.,EN/FR/DE/IT/ES ile JP/ZH temel ad/işlevde uyumlu; Türkçe karşılık hedef bağlamı koruyor.,Fransızca,MANUEL İNCELENDİ,AYNI KALDI,Menü/yer/bölüm adı veya kısa UI metni v4’te doğal ve anlamca doğru.,EN/FR/DE/IT/ES ile JP/ZH temel ad/işlevde uyumlu; Türkçe karşılık hedef bağlamı koruyor.,Fransızca,MANUEL İNCELENDİ,AYNI KALDI,Menü/yer/bölüm adı veya kısa UI metni v4’te doğal ve anlamca doğru.,EN/FR/DE/IT/ES ile JP/ZH temel ad/işlevde uyumlu; Türkçe karşılık hedef bağlamı koruyor.,Fransızca,MANUEL İNCELENDİ,AYNI KALDI,Menü/yer/bölüm adı veya kısa UI metni v4’te doğal ve anlamca doğru.,EN/FR/DE/IT/ES ile JP/ZH temel ad/işlevde uyumlu; Türkçe karşılık hedef bağlamı koruyor.,Fransızca,MANUEL İNCELENDİ,AYNI KALDI,Menü/yer/bölüm adı veya kısa UI metni v4’te doğal ve anlamca doğru.,EN/FR/DE/IT/ES ile JP/ZH temel ad/işlevde uyumlu; Türkçe karşılık hedef bağlamı koruyor.,Fransızca,MANUEL İNCELENDİ,AYNI KALDI,Menü/yer/bölüm adı veya kısa UI metni v4’te doğal ve anlamca doğru.,EN/FR/DE/IT/ES ile JP/ZH temel ad/işlevde uyumlu; Türkçe karşılık hedef bağlamı koruyor.,Fransızca,MANUEL İNCELENDİ,AYNI KALDI,Menü/yer/bölüm adı veya kısa UI metni v4’te doğal ve anlamca doğru.,EN/FR/DE/IT/ES ile JP/ZH temel ad/işlevde uyumlu; Türkçe karşılık hedef bağlamı koruyor.,Fransızca,MANUEL İNCELENDİ,AYNI KALDI,Menü/yer/bölüm adı veya kısa UI metni v4’te doğal ve anlamca doğru.,EN/FR/DE/IT/ES ile JP/ZH temel ad/işlevde uyumlu; Türkçe karşılık hedef bağlamı koruyor.,Fransızca,MANUEL İNCELENDİ,AYNI KALDI,Menü/yer/bölüm adı veya kısa UI metni v4’te doğal ve anlamca doğru.,EN/FR/DE/IT/ES ile JP/ZH temel ad/işlevde uyumlu; Türkçe karşılık hedef bağlamı koruyor.
9,TITLE_CHANGE_LANGUAGE_SELECT_5,German,Allemand,Deutsch,Tedesco,Alemán,ドイツ語,ドイツご,德语,德文,Almanca,Almanca,Almanca,MANUEL İNCELENDİ,AYNI KALDI,Menü/yer/bölüm adı veya kısa UI metni v4’te doğal ve anlamca doğru.,EN/FR/DE/IT/ES ile JP/ZH temel ad/işlevde uyumlu; Türkçe karşılık hedef bağlamı koruyor.,Almanca,MANUEL İNCELENDİ,AYNI KALDI,Menü/yer/bölüm adı veya kısa UI metni v4’te doğal ve anlamca doğru.,EN/FR/DE/IT/ES ile JP/ZH temel ad/işlevde uyumlu; Türkçe karşılık hedef bağlamı koruyor.,Almanca,MANUEL İNCELENDİ,AYNI KALDI,Menü/yer/bölüm adı veya kısa UI metni v4’te doğal ve anlamca doğru.,EN/FR/DE/IT/ES ile JP/ZH temel ad/işlevde uyumlu; Türkçe karşılık hedef bağlamı koruyor.,Almanca,MANUEL İNCELENDİ,AYNI KALDI,Menü/yer/bölüm adı veya kısa UI metni v4’te doğal ve anlamca doğru.,EN/FR/DE/IT/ES ile JP/ZH temel ad/işlevde uyumlu; Türkçe karşılık hedef bağlamı koruyor.,Almanca,MANUEL İNCELENDİ,AYNI KALDI,Menü/yer/bölüm adı veya kısa UI metni v4’te doğal ve anlamca doğru.,EN/FR/DE/IT/ES ile JP/ZH temel ad/işlevde uyumlu; Türkçe karşılık hedef bağlamı koruyor.,Almanca,MANUEL İNCELENDİ,AYNI KALDI,Menü/yer/bölüm adı veya kısa UI metni v4’te doğal ve anlamca doğru.,EN/FR/DE/IT/ES ile JP/ZH temel ad/işlevde uyumlu; Türkçe karşılık hedef bağlamı koruyor.,Almanca,MANUEL İNCELENDİ,AYNI KALDI,Menü/yer/bölüm adı veya kısa UI metni v4’te doğal ve anlamca doğru.,EN/FR/DE/IT/ES ile JP/ZH temel ad/işlevde uyumlu; Türkçe karşılık hedef bağlamı koruyor.,Almanca,MANUEL İNCELENDİ,AYNI KALDI,Menü/yer/bölüm adı veya kısa UI metni v4’te doğal ve anlamca doğru.,EN/FR/DE/IT/ES ile JP/ZH temel ad/işlevde uyumlu; Türkçe karşılık hedef bağlamı koruyor.,Almanca,MANUEL İNCELENDİ,AYNI KALDI,Menü/yer/bölüm adı veya kısa UI metni v4’te doğal ve anlamca doğru.,EN/FR/DE/IT/ES ile JP/ZH temel ad/işlevde uyumlu; Türkçe karşılık hedef bağlamı koruyor.,Almanca,MANUEL İNCELENDİ,AYNI KALDI,Menü/yer/bölüm adı veya kısa UI metni v4’te doğal ve anlamca doğru.,EN/FR/DE/IT/ES ile JP/ZH temel ad/işlevde uyumlu; Türkçe karşılık hedef bağlamı koruyor.,Almanca,MANUEL İNCELENDİ,AYNI KALDI,Menü/yer/bölüm adı veya kısa UI metni v4’te doğal ve anlamca doğru.,EN/FR/DE/IT/ES ile JP/ZH temel ad/işlevde uyumlu; Türkçe karşılık hedef bağlamı koruyor.,Almanca,MANUEL İNCELENDİ,AYNI KALDI,Menü/yer/bölüm adı veya kısa UI metni v4’te doğal ve anlamca doğru.,EN/FR/DE/IT/ES ile JP/ZH temel ad/işlevde uyumlu; Türkçe karşılık hedef bağlamı koruyor.
10,TITLE_CHANGE_LANGUAGE_SELECT_6,Italian,Italien,Italienisch,Italiano,Italiano,イタリア語,イタリアご,意大利语,義大利文,İtalyanca,İtalyanca,İtalyanca,MANUEL İNCELENDİ,AYNI KALDI,Menü/yer/bölüm adı veya kısa UI metni v4’te doğal ve anlamca doğru.,EN/FR/DE/IT/ES ile JP/ZH temel ad/işlevde uyumlu; Türkçe karşılık hedef bağlamı koruyor.,İtalyanca,MANUEL İNCELENDİ,AYNI KALDI,Menü/yer/bölüm adı veya kısa UI metni v4’te doğal ve anlamca doğru.,EN/FR/DE/IT/ES ile JP/ZH temel ad/işlevde uyumlu; Türkçe karşılık hedef bağlamı koruyor.,İtalyanca,MANUEL İNCELENDİ,AYNI KALDI,Menü/yer/bölüm adı veya kısa UI metni v4’te doğal ve anlamca doğru.,EN/FR/DE/IT/ES ile JP/ZH temel ad/işlevde uyumlu; Türkçe karşılık hedef bağlamı koruyor.,İtalyanca,MANUEL İNCELENDİ,AYNI KALDI,Menü/yer/bölüm adı veya kısa UI metni v4’te doğal ve anlamca doğru.,EN/FR/DE/IT/ES ile JP/ZH temel ad/işlevde uyumlu; Türkçe karşılık hedef bağlamı koruyor.,İtalyanca,MANUEL İNCELENDİ,AYNI KALDI,Menü/yer/bölüm adı veya kısa UI metni v4’te doğal ve anlamca doğru.,EN/FR/DE/IT/ES ile JP/ZH temel ad/işlevde uyumlu; Türkçe karşılık hedef bağlamı koruyor.,İtalyanca,MANUEL İNCELENDİ,AYNI KALDI,Menü/yer/bölüm adı veya kısa UI metni v4’te doğal ve anlamca doğru.,EN/FR/DE/IT/ES ile JP/ZH temel ad/işlevde uyumlu; Türkçe karşılık hedef bağlamı koruyor.,İtalyanca,MANUEL İNCELENDİ,AYNI KALDI,Menü/yer/bölüm adı veya kısa UI metni v4’te doğal ve anlamca doğru.,EN/FR/DE/IT/ES ile JP/ZH temel ad/işlevde uyumlu; Türkçe karşılık hedef bağlamı koruyor.,İtalyanca,MANUEL İNCELENDİ,AYNI KALDI,Menü/yer/bölüm adı veya kısa UI metni v4’te doğal ve anlamca doğru.,EN/FR/DE/IT/ES ile JP/ZH temel ad/işlevde uyumlu; Türkçe karşılık hedef bağlamı koruyor.,İtalyanca,MANUEL İNCELENDİ,AYNI KALDI,Menü/yer/bölüm adı veya kısa UI metni v4’te doğal ve anlamca doğru.,EN/FR/DE/IT/ES ile JP/ZH temel ad/işlevde uyumlu; Türkçe karşılık hedef bağlamı koruyor.,İtalyanca,MANUEL İNCELENDİ,AYNI KALDI,Menü/yer/bölüm adı veya kısa UI metni v4’te doğal ve anlamca doğru.,EN/FR/DE/IT/ES ile JP/ZH temel ad/işlevde uyumlu; Türkçe karşılık hedef bağlamı koruyor.,İtalyanca,MANUEL İNCELENDİ,AYNI KALDI,Menü/yer/bölüm adı veya kısa UI metni v4’te doğal ve anlamca doğru.,EN/FR/DE/IT/ES ile JP/ZH temel ad/işlevde uyumlu; Türkçe karşılık hedef bağlamı koruyor.,İtalyanca,MANUEL İNCELENDİ,AYNI KALDI,Menü/yer/bölüm adı veya kısa UI metni v4’te doğal ve anlamca doğru.,EN/FR/DE/IT/ES ile JP/ZH temel ad/işlevde uyumlu; Türkçe karşılık hedef bağlamı koruyor.
11,TITLE_CHANGE_LANGUAGE_SELECT_7,Japanese,Japonais,Japanisch,Giapponese,Japonés,日本語,にほんご,日语,日文,Japonca,Japonca,Japonca,MANUEL İNCELENDİ,AYNI KALDI,Menü/yer/bölüm adı veya kısa UI metni v4’te doğal ve anlamca doğru.,EN/FR/DE/IT/ES ile JP/ZH temel ad/işlevde uyumlu; Türkçe karşılık hedef bağlamı koruyor.,Japonca,MANUEL İNCELENDİ,AYNI KALDI,Menü/yer/bölüm adı veya kısa UI metni v4’te doğal ve anlamca doğru.,EN/FR/DE/IT/ES ile JP/ZH temel ad/işlevde uyumlu; Türkçe karşılık hedef bağlamı koruyor.,Japonca,MANUEL İNCELENDİ,AYNI KALDI,Menü/yer/bölüm adı veya kısa UI metni v4’te doğal ve anlamca doğru.,EN/FR/DE/IT/ES ile JP/ZH temel ad/işlevde uyumlu; Türkçe karşılık hedef bağlamı koruyor.,Japonca,MANUEL İNCELENDİ,AYNI KALDI,Menü/yer/bölüm adı veya kısa UI metni v4’te doğal ve anlamca doğru.,EN/FR/DE/IT/ES ile JP/ZH temel ad/işlevde uyumlu; Türkçe karşılık hedef bağlamı koruyor.,Japonca,MANUEL İNCELENDİ,AYNI KALDI,Menü/yer/bölüm adı veya kısa UI metni v4’te doğal ve anlamca doğru.,EN/FR/DE/IT/ES ile JP/ZH temel ad/işlevde uyumlu; Türkçe karşılık hedef bağlamı koruyor.,Japonca,MANUEL İNCELENDİ,AYNI KALDI,Menü/yer/bölüm adı veya kısa UI metni v4’te doğal ve anlamca doğru.,EN/FR/DE/IT/ES ile JP/ZH temel ad/işlevde uyumlu; Türkçe karşılık hedef bağlamı koruyor.,Japonca,MANUEL İNCELENDİ,AYNI KALDI,Menü/yer/bölüm adı veya kısa UI metni v4’te doğal ve anlamca doğru.,EN/FR/DE/IT/ES ile JP/ZH temel ad/işlevde uyumlu; Türkçe karşılık hedef bağlamı koruyor.,Japonca,MANUEL İNCELENDİ,AYNI KALDI,Menü/yer/bölüm adı veya kısa UI metni v4’te doğal ve anlamca doğru.,EN/FR/DE/IT/ES ile JP/ZH temel ad/işlevde uyumlu; Türkçe karşılık hedef bağlamı koruyor.,Japonca,MANUEL İNCELENDİ,AYNI KALDI,Menü/yer/bölüm adı veya kısa UI metni v4’te doğal ve anlamca doğru.,EN/FR/DE/IT/ES ile JP/ZH temel ad/işlevde uyumlu; Türkçe karşılık hedef bağlamı koruyor.,Japonca,MANUEL İNCELENDİ,AYNI KALDI,Menü/yer/bölüm adı veya kısa UI metni v4’te doğal ve anlamca doğru.,EN/FR/DE/IT/ES ile JP/ZH temel ad/işlevde uyumlu; Türkçe karşılık hedef bağlamı koruyor.,Japonca,MANUEL İNCELENDİ,AYNI KALDI,Menü/yer/bölüm adı veya kısa UI metni v4’te doğal ve anlamca doğru.,EN/FR/DE/IT/ES ile JP/ZH temel ad/işlevde uyumlu; Türkçe karşılık hedef bağlamı koruyor.,Japonca,MANUEL İNCELENDİ,AYNI KALDI,Menü/yer/bölüm adı veya kısa UI metni v4’te doğal ve anlamca doğru.,EN/FR/DE/IT/ES ile JP/ZH temel ad/işlevde uyumlu; Türkçe karşılık hedef bağlamı koruyor.
12,TITLE_CHANGE_LANGUAGE_SELECT_9,Simplified Chinese,Chinois simplifié,Chinesisch (vereinfacht),Cinese semplificato,Chino simplificado,簡体中文,かんたいちゅうぶん,简体中文,簡體中文,Basitleştirilmiş Çince,Basitleştirilmiş Çince,Basitleştirilmiş Çince,MANUEL İNCELENDİ,AYNI KALDI,Menü/yer/bölüm adı veya kısa UI metni v4’te doğal ve anlamca doğru.,EN/FR/DE/IT/ES ile JP/ZH temel ad/işlevde uyumlu; Türkçe karşılık hedef bağlamı koruyor.,Basitleştirilmiş Çince,MANUEL İNCELENDİ,AYNI KALDI,Menü/yer/bölüm adı veya kısa UI metni v4’te doğal ve anlamca doğru.,EN/FR/DE/IT/ES ile JP/ZH temel ad/işlevde uyumlu; Türkçe karşılık hedef bağlamı koruyor.,Basitleştirilmiş Çince,MANUEL İNCELENDİ,AYNI KALDI,Menü/yer/bölüm adı veya kısa UI metni v4’te doğal ve anlamca doğru.,EN/FR/DE/IT/ES ile JP/ZH temel ad/işlevde uyumlu; Türkçe karşılık hedef bağlamı koruyor.,Basitleştirilmiş Çince,MANUEL İNCELENDİ,AYNI KALDI,Menü/yer/bölüm adı veya kısa UI metni v4’te doğal ve anlamca doğru.,EN/FR/DE/IT/ES ile JP/ZH temel ad/işlevde uyumlu; Türkçe karşılık hedef bağlamı koruyor.,Basitleştirilmiş Çince,MANUEL İNCELENDİ,AYNI KALDI,Menü/yer/bölüm adı veya kısa UI metni v4’te doğal ve anlamca doğru.,EN/FR/DE/IT/ES ile JP/ZH temel ad/işlevde uyumlu; Türkçe karşılık hedef bağlamı koruyor.,Basitleştirilmiş Çince,MANUEL İNCELENDİ,AYNI KALDI,Menü/yer/bölüm adı veya kısa UI metni v4’te doğal ve anlamca doğru.,EN/FR/DE/IT/ES ile JP/ZH temel ad/işlevde uyumlu; Türkçe karşılık hedef bağlamı koruyor.,Basitleştirilmiş Çince,MANUEL İNCELENDİ,AYNI KALDI,Menü/yer/bölüm adı veya kısa UI metni v4’te doğal ve anlamca doğru.,EN/FR/DE/IT/ES ile JP/ZH temel ad/işlevde uyumlu; Türkçe karşılık hedef bağlamı koruyor.,Basitleştirilmiş Çince,MANUEL İNCELENDİ,AYNI KALDI,Menü/yer/bölüm adı veya kısa UI metni v4’te doğal ve anlamca doğru.,EN/FR/DE/IT/ES ile JP/ZH temel ad/işlevde uyumlu; Türkçe karşılık hedef bağlamı koruyor.,Basitleştirilmiş Çince,MANUEL İNCELENDİ,AYNI KALDI,Menü/yer/bölüm adı veya kısa UI metni v4’te doğal ve anlamca doğru.,EN/FR/DE/IT/ES ile JP/ZH temel ad/işlevde uyumlu; Türkçe karşılık hedef bağlamı koruyor.,Basitleştirilmiş Çince,MANUEL İNCELENDİ,AYNI KALDI,Menü/yer/bölüm adı veya kısa UI metni v4’te doğal ve anlamca doğru.,EN/FR/DE/IT/ES ile JP/ZH temel ad/işlevde uyumlu; Türkçe karşılık hedef bağlamı koruyor.,Basitleştirilmiş Çince,MANUEL İNCELENDİ,AYNI KALDI,Menü/yer/bölüm adı veya kısa UI metni v4’te doğal ve anlamca doğru.,EN/FR/DE/IT/ES ile JP/ZH temel ad/işlevde uyumlu; Türkçe karşılık hedef bağlamı koruyor.,Basitleştirilmiş Çince,MANUEL İNCELENDİ,AYNI KALDI,Menü/yer/bölüm adı veya kısa UI metni v4’te doğal ve anlamca doğru.,EN/FR/DE/IT/ES ile JP/ZH temel ad/işlevde uyumlu; Türkçe karşılık hedef bağlamı koruyor.
13,TITLE_CHANGE_LANGUAGE_SELECT_10,Traditional Chinese,Chinois traditionnel,Chinesisch (traditionell),Cinese tradizionale,Chino tradicional,繁体中文,はんたいちゅうぶん,繁体中文,繁體中文,Geleneksel Çince,Geleneksel Çince,Geleneksel Çince,MANUEL İNCELENDİ,AYNI KALDI,Menü/yer/bölüm adı veya kısa UI metni v4’te doğal ve anlamca doğru.,EN/FR/DE/IT/ES ile JP/ZH temel ad/işlevde uyumlu; Türkçe karşılık hedef bağlamı koruyor.,Geleneksel Çince,MANUEL İNCELENDİ,AYNI KALDI,Menü/yer/bölüm adı veya kısa UI metni v4’te doğal ve anlamca doğru.,EN/FR/DE/IT/ES ile JP/ZH temel ad/işlevde uyumlu; Türkçe karşılık hedef bağlamı koruyor.,Geleneksel Çince,MANUEL İNCELENDİ,AYNI KALDI,Menü/yer/bölüm adı veya kısa UI metni v4’te doğal ve anlamca doğru.,EN/FR/DE/IT/ES ile JP/ZH temel ad/işlevde uyumlu; Türkçe karşılık hedef bağlamı koruyor.,Geleneksel Çince,MANUEL İNCELENDİ,AYNI KALDI,Menü/yer/bölüm adı veya kısa UI metni v4’te doğal ve anlamca doğru.,EN/FR/DE/IT/ES ile JP/ZH temel ad/işlevde uyumlu; Türkçe karşılık hedef bağlamı koruyor.,Geleneksel Çince,MANUEL İNCELENDİ,AYNI KALDI,Menü/yer/bölüm adı veya kısa UI metni v4’te doğal ve anlamca doğru.,EN/FR/DE/IT/ES ile JP/ZH temel ad/işlevde uyumlu; Türkçe karşılık hedef bağlamı koruyor.,Geleneksel Çince,MANUEL İNCELENDİ,AYNI KALDI,Menü/yer/bölüm adı veya kısa UI metni v4’te doğal ve anlamca doğru.,EN/FR/DE/IT/ES ile JP/ZH temel ad/işlevde uyumlu; Türkçe karşılık hedef bağlamı koruyor.,Geleneksel Çince,MANUEL İNCELENDİ,AYNI KALDI,Menü/yer/bölüm adı veya kısa UI metni v4’te doğal ve anlamca doğru.,EN/FR/DE/IT/ES ile JP/ZH temel ad/işlevde uyumlu; Türkçe karşılık hedef bağlamı koruyor.,Geleneksel Çince,MANUEL İNCELENDİ,AYNI KALDI,Menü/yer/bölüm adı veya kısa UI metni v4’te doğal ve anlamca doğru.,EN/FR/DE/IT/ES ile JP/ZH temel ad/işlevde uyumlu; Türkçe karşılık hedef bağlamı koruyor.,Geleneksel Çince,MANUEL İNCELENDİ,AYNI KALDI,Menü/yer/bölüm adı veya kısa UI metni v4’te doğal ve anlamca doğru.,EN/FR/DE/IT/ES ile JP/ZH temel ad/işlevde uyumlu; Türkçe karşılık hedef bağlamı koruyor.,Geleneksel Çince,MANUEL İNCELENDİ,AYNI KALDI,Menü/yer/bölüm adı veya kısa UI metni v4’te doğal ve anlamca doğru.,EN/FR/DE/IT/ES ile JP/ZH temel ad/işlevde uyumlu; Türkçe karşılık hedef bağlamı koruyor.,Geleneksel Çince,MANUEL İNCELENDİ,AYNI KALDI,Menü/yer/bölüm adı veya kısa UI metni v4’te doğal ve anlamca doğru.,EN/FR/DE/IT/ES ile JP/ZH temel ad/işlevde uyumlu; Türkçe karşılık hedef bağlamı koruyor.,Geleneksel Çince,MANUEL İNCELENDİ,AYNI KALDI,Menü/yer/bölüm adı veya kısa UI metni v4’te doğal ve anlamca doğru.,EN/FR/DE/IT/ES ile JP/ZH temel ad/işlevde uyumlu; Türkçe karşılık hedef bağlamı koruyor.
14,TITLE_MAIN_MENU_PRESS_BUTTON,Press START,Appuyez sur START,Drücke Start,Premi START,Pulsa START,Press Start,Press Start,Press Start,Press Start,START'a bas,START'a bas,START'a bas,MANUEL İNCELENDİ,AYNI KALDI,Menü/yer/bölüm adı veya kısa UI metni v4’te doğal ve anlamca doğru.,EN/FR/DE/IT/ES ile JP/ZH temel ad/işlevde uyumlu; Türkçe karşılık hedef bağlamı koruyor.,START'a bas,MANUEL İNCELENDİ,AYNI KALDI,Menü/yer/bölüm adı veya kısa UI metni v4’te doğal ve anlamca doğru.,EN/FR/DE/IT/ES ile JP/ZH temel ad/işlevde uyumlu; Türkçe karşılık hedef bağlamı koruyor.,START'a bas,MANUEL İNCELENDİ,AYNI KALDI,Menü/yer/bölüm adı veya kısa UI metni v4’te doğal ve anlamca doğru.,EN/FR/DE/IT/ES ile JP/ZH temel ad/işlevde uyumlu; Türkçe karşılık hedef bağlamı koruyor.,START'a bas,MANUEL İNCELENDİ,AYNI KALDI,Menü/yer/bölüm adı veya kısa UI metni v4’te doğal ve anlamca doğru.,EN/FR/DE/IT/ES ile JP/ZH temel ad/işlevde uyumlu; Türkçe karşılık hedef bağlamı koruyor.,START'a bas,MANUEL İNCELENDİ,AYNI KALDI,Menü/yer/bölüm adı veya kısa UI metni v4’te doğal ve anlamca doğru.,EN/FR/DE/IT/ES ile JP/ZH temel ad/işlevde uyumlu; Türkçe karşılık hedef bağlamı koruyor.,START'a bas,MANUEL İNCELENDİ,AYNI KALDI,Menü/yer/bölüm adı veya kısa UI metni v4’te doğal ve anlamca doğru.,EN/FR/DE/IT/ES ile JP/ZH temel ad/işlevde uyumlu; Türkçe karşılık hedef bağlamı koruyor.,START'a bas,MANUEL İNCELENDİ,AYNI KALDI,Menü/yer/bölüm adı veya kısa UI metni v4’te doğal ve anlamca doğru.,EN/FR/DE/IT/ES ile JP/ZH temel ad/işlevde uyumlu; Türkçe karşılık hedef bağlamı koruyor.,START'a bas,MANUEL İNCELENDİ,AYNI KALDI,Menü/yer/bölüm adı veya kısa UI metni v4’te doğal ve anlamca doğru.,EN/FR/DE/IT/ES ile JP/ZH temel ad/işlevde uyumlu; Türkçe karşılık hedef bağlamı koruyor.,START'a bas,MANUEL İNCELENDİ,AYNI KALDI,Menü/yer/bölüm adı veya kısa UI metni v4’te doğal ve anlamca doğru.,EN/FR/DE/IT/ES ile JP/ZH temel ad/işlevde uyumlu; Türkçe karşılık hedef bağlamı koruyor.,START'a bas,MANUEL İNCELENDİ,AYNI KALDI,Menü/yer/bölüm adı veya kısa UI metni v4’te doğal ve anlamca doğru.,EN/FR/DE/IT/ES ile JP/ZH temel ad/işlevde uyumlu; Türkçe karşılık hedef bağlamı koruyor.,START'a bas,MANUEL İNCELENDİ,AYNI KALDI,Menü/yer/bölüm adı veya kısa UI metni v4’te doğal ve anlamca doğru.,EN/FR/DE/IT/ES ile JP/ZH temel ad/işlevde uyumlu; Türkçe karşılık hedef bağlamı koruyor.,START'a bas,MANUEL İNCELENDİ,AYNI KALDI,Menü/yer/bölüm adı veya kısa UI metni v4’te doğal ve anlamca doğru.,EN/FR/DE/IT/ES ile JP/ZH temel ad/işlevde uyumlu; Türkçe karşılık hedef bağlamı koruyor.
15,TITLE_MAIN_MENU_CONTINUE,Continue,Continuer,Spiel fortsetzen,Continua,Continuar partida,続きから,つづきから,继续游戏,繼續遊戲,Devam Et,Devam Et,Devam Et,MANUEL İNCELENDİ,AYNI KALDI,Menü/yer/bölüm adı veya kısa UI metni v4’te doğal ve anlamca doğru.,EN/FR/DE/IT/ES ile JP/ZH temel ad/işlevde uyumlu; Türkçe karşılık hedef bağlamı koruyor.,Devam Et,MANUEL İNCELENDİ,AYNI KALDI,Menü/yer/bölüm adı veya kısa UI metni v4’te doğal ve anlamca doğru.,EN/FR/DE/IT/ES ile JP/ZH temel ad/işlevde uyumlu; Türkçe karşılık hedef bağlamı koruyor.,Devam Et,MANUEL İNCELENDİ,AYNI KALDI,Menü/yer/bölüm adı veya kısa UI metni v4’te doğal ve anlamca doğru.,EN/FR/DE/IT/ES ile JP/ZH temel ad/işlevde uyumlu; Türkçe karşılık hedef bağlamı koruyor.,Devam Et,MANUEL İNCELENDİ,AYNI KALDI,Menü/yer/bölüm adı veya kısa UI metni v4’te doğal ve anlamca doğru.,EN/FR/DE/IT/ES ile JP/ZH temel ad/işlevde uyumlu; Türkçe karşılık hedef bağlamı koruyor.,Devam Et,MANUEL İNCELENDİ,AYNI KALDI,Menü/yer/bölüm adı veya kısa UI metni v4’te doğal ve anlamca doğru.,EN/FR/DE/IT/ES ile JP/ZH temel ad/işlevde uyumlu; Türkçe karşılık hedef bağlamı koruyor.,Devam Et,MANUEL İNCELENDİ,AYNI KALDI,Menü/yer/bölüm adı veya kısa UI metni v4’te doğal ve anlamca doğru.,EN/FR/DE/IT/ES ile JP/ZH temel ad/işlevde uyumlu; Türkçe karşılık hedef bağlamı koruyor.,Devam Et,MANUEL İNCELENDİ,AYNI KALDI,Menü/yer/bölüm adı veya kısa UI metni v4’te doğal ve anlamca doğru.,EN/FR/DE/IT/ES ile JP/ZH temel ad/işlevde uyumlu; Türkçe karşılık hedef bağlamı koruyor.,Devam Et,MANUEL İNCELENDİ,AYNI KALDI,Menü/yer/bölüm adı veya kısa UI metni v4’te doğal ve anlamca doğru.,EN/FR/DE/IT/ES ile JP/ZH temel ad/işlevde uyumlu; Türkçe karşılık hedef bağlamı koruyor.,Devam Et,MANUEL İNCELENDİ,AYNI KALDI,Menü/yer/bölüm adı veya kısa UI metni v4’te doğal ve anlamca doğru.,EN/FR/DE/IT/ES ile JP/ZH temel ad/işlevde uyumlu; Türkçe karşılık hedef bağlamı koruyor.,Devam Et,MANUEL İNCELENDİ,AYNI KALDI,Menü/yer/bölüm adı veya kısa UI metni v4’te doğal ve anlamca doğru.,EN/FR/DE/IT/ES ile JP/ZH temel ad/işlevde uyumlu; Türkçe karşılık hedef bağlamı koruyor.,Devam Et,MANUEL İNCELENDİ,AYNI KALDI,Menü/yer/bölüm adı veya kısa UI metni v4’te doğal ve anlamca doğru.,EN/FR/DE/IT/ES ile JP/ZH temel ad/işlevde uyumlu; Türkçe karşılık hedef bağlamı koruyor.,Devam Et,MANUEL İNCELENDİ,AYNI KALDI,Menü/yer/bölüm adı veya kısa UI metni v4’te doğal ve anlamca doğru.,EN/FR/DE/IT/ES ile JP/ZH temel ad/işlevde uyumlu; Türkçe karşılık hedef bağlamı koruyor.
16,TITLE_CONTINUE_GUIDE,"Continue playing through the story.
Please select your save data.","Veuillez choisir une sauvegarde à partir
de laquelle vous souhaitez continuer à jouer.","Bitte wähle, mit welchem Spielstand du
die Geschichte fortsetzen möchtest.","Continua dal punto in cui hai interrotto il gioco.
Seleziona un salvataggio.
","Elige los datos de guardado
y retoma la aventura desde
el último punto de guardado.","物語の続きから遊びます
セーブデータを選んでください","ものがたりのつづきからあそびます
セーブデータを えらんでください","从上次故事保存的地方继续游戏。
请选择保存数据。","從上次結束的地方開始遊戲
請選擇儲存資料","Hikâyede kaldığın yerden devam et.
Lütfen kayıt verini seç.","Hikâyede kaldığın yerden devam et.
Lütfen kayıt verisini seç.","Hikâyede kaldığın yerden devam et.
Lütfen kayıt verisini seç.",MANUEL İNCELENDİ,DEĞİŞTİ,‘Kayıt verini’ konuşma dilinde yapay; UI için nesnel ‘kayıt verisini’ daha doğal.,Tüm diller hikâyeye kayıt noktasından devam + kayıt seçme işlevinde birleşiyor.,"Hikâyede kaldığın yerden devam et.
Lütfen kayıt verisini seç.",MANUEL İNCELENDİ,DEĞİŞTİ,‘Kayıt verini’ konuşma dilinde yapay; UI için nesnel ‘kayıt verisini’ daha doğal.,Tüm diller hikâyeye kayıt noktasından devam + kayıt seçme işlevinde birleşiyor.,"Hikâyede kaldığın yerden devam et.
Lütfen kayıt verisini seç.",MANUEL İNCELENDİ,DEĞİŞTİ,‘Kayıt verini’ konuşma dilinde yapay; UI için nesnel ‘kayıt verisini’ daha doğal.,Tüm diller hikâyeye kayıt noktasından devam + kayıt seçme işlevinde birleşiyor.,"Hikâyede kaldığın yerden devam et.
Lütfen kayıt verisini seç.",MANUEL İNCELENDİ,DEĞİŞTİ,‘Kayıt verini’ konuşma dilinde yapay; UI için nesnel ‘kayıt verisini’ daha doğal.,Tüm diller hikâyeye kayıt noktasından devam + kayıt seçme işlevinde birleşiyor.,"Hikâyede kaldığın yerden devam et.
Lütfen kayıt verisini seç.",MANUEL İNCELENDİ,DEĞİŞTİ,‘Kayıt verini’ konuşma dilinde yapay; UI için nesnel ‘kayıt verisini’ daha doğal.,Tüm diller hikâyeye kayıt noktasından devam + kayıt seçme işlevinde birleşiyor.,"Hikâyede kaldığın yerden devam et.
Lütfen kayıt verisini seç.",MANUEL İNCELENDİ,DEĞİŞTİ,‘Kayıt verini’ konuşma dilinde yapay; UI için nesnel ‘kayıt verisini’ daha doğal.,Tüm diller hikâyeye kayıt noktasından devam + kayıt seçme işlevinde birleşiyor.,"Hikâyede kaldığın yerden devam et.
Lütfen kayıt verisini seç.",MANUEL İNCELENDİ,DEĞİŞTİ,‘Kayıt verini’ konuşma dilinde yapay; UI için nesnel ‘kayıt verisini’ daha doğal.,Tüm diller hikâyeye kayıt noktasından devam + kayıt seçme işlevinde birleşiyor.,"Hikâyede kaldığın yerden devam et.
Lütfen kayıt verisini seç.",MANUEL İNCELENDİ,DEĞİŞTİ,‘Kayıt verini’ konuşma dilinde yapay; UI için nesnel ‘kayıt verisini’ daha doğal.,Tüm diller hikâyeye kayıt noktasından devam + kayıt seçme işlevinde birleşiyor.,"Hikâyede kaldığın yerden devam et.
Lütfen kayıt verisini seç.",MANUEL İNCELENDİ,DEĞİŞTİ,‘Kayıt verini’ konuşma dilinde yapay; UI için nesnel ‘kayıt verisini’ daha doğal.,Tüm diller hikâyeye kayıt noktasından devam + kayıt seçme işlevinde birleşiyor.,"Hikâyede kaldığın yerden devam et.
Lütfen kayıt verisini seç.",MANUEL İNCELENDİ,DEĞİŞTİ,‘Kayıt verini’ konuşma dilinde yapay; UI için nesnel ‘kayıt verisini’ daha doğal.,Tüm diller hikâyeye kayıt noktasından devam + kayıt seçme işlevinde birleşiyor.,"Hikâyede kaldığın yerden devam et.
Lütfen kayıt verisini seç.",MANUEL İNCELENDİ,DEĞİŞTİ,‘Kayıt verini’ konuşma dilinde yapay; UI için nesnel ‘kayıt verisini’ daha doğal.,Tüm diller hikâyeye kayıt noktasından devam + kayıt seçme işlevinde birleşiyor.,"Hikâyede kaldığın yerden devam et.
Lütfen kayıt verisini seç.",MANUEL İNCELENDİ,DEĞİŞTİ,‘Kayıt verini’ konuşma dilinde yapay; UI için nesnel ‘kayıt verisini’ daha doğal.,Tüm diller hikâyeye kayıt noktasından devam + kayıt seçme işlevinde birleşiyor.
17,TITLE_CONTINUE_CONFIRMATION,Will you play with this save data?,"Voulez-vous reprendre le jeu à partir
de cette sauvegarde ?",Willst du diesen Spielstand laden?,"Vuoi giocare selezionando
questo salvataggio?","¿Quieres cargar estos
datos de guardado?",このデータで遊びますか？,このデータであそびますか？,要使用此数据进行游戏吗？,要用這個資料來玩嗎？,Bu kayıt verisiyle devam etmek istiyor musun?,Bu kayıt verisiyle devam etmek istiyor musun?,Bu kayıt verisiyle devam etmek istiyor musun?,MANUEL İNCELENDİ,AYNI KALDI,Kayıt onay sorusu doğal ve açık; değişiklik gerekmiyor.,Tüm diller bu kayıtla oyuna devam/yükleme onayını soruyor.,Bu kayıt verisiyle devam etmek istiyor musun?,MANUEL İNCELENDİ,AYNI KALDI,Kayıt onay sorusu doğal ve açık; değişiklik gerekmiyor.,Tüm diller bu kayıtla oyuna devam/yükleme onayını soruyor.,Bu kayıt verisiyle devam etmek istiyor musun?,MANUEL İNCELENDİ,AYNI KALDI,Kayıt onay sorusu doğal ve açık; değişiklik gerekmiyor.,Tüm diller bu kayıtla oyuna devam/yükleme onayını soruyor.,Bu kayıt verisiyle devam etmek istiyor musun?,MANUEL İNCELENDİ,AYNI KALDI,Kayıt onay sorusu doğal ve açık; değişiklik gerekmiyor.,Tüm diller bu kayıtla oyuna devam/yükleme onayını soruyor.,Bu kayıt verisiyle devam etmek istiyor musun?,MANUEL İNCELENDİ,AYNI KALDI,Kayıt onay sorusu doğal ve açık; değişiklik gerekmiyor.,Tüm diller bu kayıtla oyuna devam/yükleme onayını soruyor.,Bu kayıt verisiyle devam etmek istiyor musun?,MANUEL İNCELENDİ,AYNI KALDI,Kayıt onay sorusu doğal ve açık; değişiklik gerekmiyor.,Tüm diller bu kayıtla oyuna devam/yükleme onayını soruyor.,Bu kayıt verisiyle devam etmek istiyor musun?,MANUEL İNCELENDİ,AYNI KALDI,Kayıt onay sorusu doğal ve açık; değişiklik gerekmiyor.,Tüm diller bu kayıtla oyuna devam/yükleme onayını soruyor.,Bu kayıt verisiyle devam etmek istiyor musun?,MANUEL İNCELENDİ,AYNI KALDI,Kayıt onay sorusu doğal ve açık; değişiklik gerekmiyor.,Tüm diller bu kayıtla oyuna devam/yükleme onayını soruyor.,Bu kayıt verisiyle devam etmek istiyor musun?,MANUEL İNCELENDİ,AYNI KALDI,Kayıt onay sorusu doğal ve açık; değişiklik gerekmiyor.,Tüm diller bu kayıtla oyuna devam/yükleme onayını soruyor.,Bu kayıt verisiyle devam etmek istiyor musun?,MANUEL İNCELENDİ,AYNI KALDI,Kayıt onay sorusu doğal ve açık; değişiklik gerekmiyor.,Tüm diller bu kayıtla oyuna devam/yükleme onayını soruyor.,Bu kayıt verisiyle devam etmek istiyor musun?,MANUEL İNCELENDİ,AYNI KALDI,Kayıt onay sorusu doğal ve açık; değişiklik gerekmiyor.,Tüm diller bu kayıtla oyuna devam/yükleme onayını soruyor.,Bu kayıt verisiyle devam etmek istiyor musun?,MANUEL İNCELENDİ,AYNI KALDI,Kayıt onay sorusu doğal ve açık; değişiklik gerekmiyor.,Tüm diller bu kayıtla oyuna devam/yükleme onayını soruyor.
18,TITLE_MENU_ALL_CAUTION,Will you overwrite this data?,Voulez-vous écraser cette sauvegarde ?,Willst du diesen Spielstand überschreiben?,"Vuoi sovrascrivere
questi dati di salvataggio?",¿Quieres sobrescribir estos datos?,このデータを上書きしますか？,このデータをうわがきしますか？,要覆盖此数据吗？,要覆蓋這個資料嗎？,Bu verinin üzerine yazmak istiyor musun?,"Bu kayıt verisinin üzerine
yazmak istiyor musun?","Bu kayıt verisinin üzerine
yazmak istiyor musun?",MANUEL İNCELENDİ,DEĞİŞTİ,‘Bu verinin’ yerine hangi verinin üzerine yazıldığı açıklaştırıldı.,EN/FR/DE/IT/ES/JP/ZH tamamı mevcut save data üzerine yazmayı soruyor.,"Bu kayıt verisinin üzerine
yazmak istiyor musun?",MANUEL İNCELENDİ,DEĞİŞTİ,‘Bu verinin’ yerine hangi verinin üzerine yazıldığı açıklaştırıldı.,EN/FR/DE/IT/ES/JP/ZH tamamı mevcut save data üzerine yazmayı soruyor.,"Bu kayıt verisinin üzerine
yazmak istiyor musun?",MANUEL İNCELENDİ,DEĞİŞTİ,‘Bu verinin’ yerine hangi verinin üzerine yazıldığı açıklaştırıldı.,EN/FR/DE/IT/ES/JP/ZH tamamı mevcut save data üzerine yazmayı soruyor.,"Bu kayıt verisinin üzerine
yazmak istiyor musun?",MANUEL İNCELENDİ,DEĞİŞTİ,‘Bu verinin’ yerine hangi verinin üzerine yazıldığı açıklaştırıldı.,EN/FR/DE/IT/ES/JP/ZH tamamı mevcut save data üzerine yazmayı soruyor.,"Bu kayıt verisinin üzerine
yazmak istiyor musun?",MANUEL İNCELENDİ,DEĞİŞTİ,‘Bu verinin’ yerine hangi verinin üzerine yazıldığı açıklaştırıldı.,EN/FR/DE/IT/ES/JP/ZH tamamı mevcut save data üzerine yazmayı soruyor.,"Bu kayıt verisinin üzerine
yazmak istiyor musun?",MANUEL İNCELENDİ,DEĞİŞTİ,‘Bu verinin’ yerine hangi verinin üzerine yazıldığı açıklaştırıldı.,EN/FR/DE/IT/ES/JP/ZH tamamı mevcut save data üzerine yazmayı soruyor.,"Bu kayıt verisinin üzerine
yazmak istiyor musun?",MANUEL İNCELENDİ,DEĞİŞTİ,‘Bu verinin’ yerine hangi verinin üzerine yazıldığı açıklaştırıldı.,EN/FR/DE/IT/ES/JP/ZH tamamı mevcut save data üzerine yazmayı soruyor.,"Bu kayıt verisinin üzerine
yazmak istiyor musun?",MANUEL İNCELENDİ,DEĞİŞTİ,‘Bu verinin’ yerine hangi verinin üzerine yazıldığı açıklaştırıldı.,EN/FR/DE/IT/ES/JP/ZH tamamı mevcut save data üzerine yazmayı soruyor.,"Bu kayıt verisinin üzerine
yazmak istiyor musun?",MANUEL İNCELENDİ,DEĞİŞTİ,‘Bu verinin’ yerine hangi verinin üzerine yazıldığı açıklaştırıldı.,EN/FR/DE/IT/ES/JP/ZH tamamı mevcut save data üzerine yazmayı soruyor.,"Bu kayıt verisinin üzerine
yazmak istiyor musun?",MANUEL İNCELENDİ,DEĞİŞTİ,‘Bu verinin’ yerine hangi verinin üzerine yazıldığı açıklaştırıldı.,EN/FR/DE/IT/ES/JP/ZH tamamı mevcut save data üzerine yazmayı soruyor.,"Bu kayıt verisinin üzerine
yazmak istiyor musun?",MANUEL İNCELENDİ,DEĞİŞTİ,‘Bu verinin’ yerine hangi verinin üzerine yazıldığı açıklaştırıldı.,EN/FR/DE/IT/ES/JP/ZH tamamı mevcut save data üzerine yazmayı soruyor.,"Bu kayıt verisinin üzerine
yazmak istiyor musun?",MANUEL İNCELENDİ,DEĞİŞTİ,‘Bu verinin’ yerine hangi verinin üzerine yazıldığı açıklaştırıldı.,EN/FR/DE/IT/ES/JP/ZH tamamı mevcut save data üzerine yazmayı soruyor.
19,TITLE_MENU_ALL_CAUTION_CONFIRM,"Overwriting your save data
will delete it.
Is that OK?","Si vous écrasez la sauvegarde, les données
existantes seront supprimées.
Êtes-vous sûr de vouloir continuer ?","Beim Überschreiben wird der alte Spielstand
gelöscht. Möchtest du trotzdem fortfahren?","Se sovrascrivi il salvataggio,
i dati di gioco verranno cancellati.
Vuoi continuare?","Si sobrescribes estos datos,
se perderán para siempre.
¿Quieres continuar?","セーブデータを上書きすると
元のデータが消えてしまいます
それでもよろしいですか？","セーブデータを うわがきすると
もとのデータが きえてしまいます
それでもよろしいですか？","如果覆盖保存数据，
原来的数据就会消失。
真的可以吗？","覆蓋儲存資料後
原本的資料就會消失
確定嗎？","Kayıt verisinin üzerine yazmak
mevcut veriyi silecek.
Devam etmek istiyor musun?","Bu kayıt verisinin üzerine yazarsan
mevcut kayıt silinecek.
Devam etmek istiyor musun?","Bu kayıt verisinin üzerine yazarsan
mevcut kayıt silinecek.
Devam etmek istiyor musun?",MANUEL İNCELENDİ,DEĞİŞTİ,Eski cümle sözdizimsel olarak mekanikti; neden-sonuç Türkçede doğal biçimde kuruldu.,FR/DE/IT/ES/JP/ZH eski/mevcut kayıt verisinin silineceğini açıkça belirtiyor.,"Bu kayıt verisinin üzerine yazarsan
mevcut kayıt silinecek.
Devam etmek istiyor musun?",MANUEL İNCELENDİ,DEĞİŞTİ,Eski cümle sözdizimsel olarak mekanikti; neden-sonuç Türkçede doğal biçimde kuruldu.,FR/DE/IT/ES/JP/ZH eski/mevcut kayıt verisinin silineceğini açıkça belirtiyor.,"Bu kayıt verisinin üzerine yazarsan
mevcut kayıt silinecek.
Devam etmek istiyor musun?",MANUEL İNCELENDİ,DEĞİŞTİ,Eski cümle sözdizimsel olarak mekanikti; neden-sonuç Türkçede doğal biçimde kuruldu.,FR/DE/IT/ES/JP/ZH eski/mevcut kayıt verisinin silineceğini açıkça belirtiyor.,"Bu kayıt verisinin üzerine yazarsan
mevcut kayıt silinecek.
Devam etmek istiyor musun?",MANUEL İNCELENDİ,DEĞİŞTİ,Eski cümle sözdizimsel olarak mekanikti; neden-sonuç Türkçede doğal biçimde kuruldu.,FR/DE/IT/ES/JP/ZH eski/mevcut kayıt verisinin silineceğini açıkça belirtiyor.,"Bu kayıt verisinin üzerine yazarsan
mevcut kayıt silinecek.
Devam etmek istiyor musun?",MANUEL İNCELENDİ,DEĞİŞTİ,Eski cümle sözdizimsel olarak mekanikti; neden-sonuç Türkçede doğal biçimde kuruldu.,FR/DE/IT/ES/JP/ZH eski/mevcut kayıt verisinin silineceğini açıkça belirtiyor.,"Bu kayıt verisinin üzerine yazarsan
mevcut kayıt silinecek.
Devam etmek istiyor musun?",MANUEL İNCELENDİ,DEĞİŞTİ,Eski cümle sözdizimsel olarak mekanikti; neden-sonuç Türkçede doğal biçimde kuruldu.,FR/DE/IT/ES/JP/ZH eski/mevcut kayıt verisinin silineceğini açıkça belirtiyor.,"Bu kayıt verisinin üzerine yazarsan
mevcut kayıt silinecek.
Devam etmek istiyor musun?",MANUEL İNCELENDİ,DEĞİŞTİ,Eski cümle sözdizimsel olarak mekanikti; neden-sonuç Türkçede doğal biçimde kuruldu.,FR/DE/IT/ES/JP/ZH eski/mevcut kayıt verisinin silineceğini açıkça belirtiyor.,"Bu kayıt verisinin üzerine yazarsan
mevcut kayıt silinecek.
Devam etmek istiyor musun?",MANUEL İNCELENDİ,DEĞİŞTİ,Eski cümle sözdizimsel olarak mekanikti; neden-sonuç Türkçede doğal biçimde kuruldu.,FR/DE/IT/ES/JP/ZH eski/mevcut kayıt verisinin silineceğini açıkça belirtiyor.,"Bu kayıt verisinin üzerine yazarsan
mevcut kayıt silinecek.
Devam etmek istiyor musun?",MANUEL İNCELENDİ,DEĞİŞTİ,Eski cümle sözdizimsel olarak mekanikti; neden-sonuç Türkçede doğal biçimde kuruldu.,FR/DE/IT/ES/JP/ZH eski/mevcut kayıt verisinin silineceğini açıkça belirtiyor.,"Bu kayıt verisinin üzerine yazarsan
mevcut kayıt silinecek.
Devam etmek istiyor musun?",MANUEL İNCELENDİ,DEĞİŞTİ,Eski cümle sözdizimsel olarak mekanikti; neden-sonuç Türkçede doğal biçimde kuruldu.,FR/DE/IT/ES/JP/ZH eski/mevcut kayıt verisinin silineceğini açıkça belirtiyor.,"Bu kayıt verisinin üzerine yazarsan
mevcut kayıt silinecek.
Devam etmek istiyor musun?",MANUEL İNCELENDİ,DEĞİŞTİ,Eski cümle sözdizimsel olarak mekanikti; neden-sonuç Türkçede doğal biçimde kuruldu.,FR/DE/IT/ES/JP/ZH eski/mevcut kayıt verisinin silineceğini açıkça belirtiyor.,"Bu kayıt verisinin üzerine yazarsan
mevcut kayıt silinecek.
Devam etmek istiyor musun?",MANUEL İNCELENDİ,DEĞİŞTİ,Eski cümle sözdizimsel olarak mekanikti; neden-sonuç Türkçede doğal biçimde kuruldu.,FR/DE/IT/ES/JP/ZH eski/mevcut kayıt verisinin silineceğini açıkça belirtiyor.
20,TITLE_MAIN_MENU_START,New Game,Commencer,Neues Spiel,Nuova partita,Partida nueva,はじめから,はじめから,从头开始,從頭開始,Yeni Oyun,Yeni Oyun,Yeni Oyun,MANUEL İNCELENDİ,AYNI KALDI,Menü/yer/bölüm adı veya kısa UI metni v4’te doğal ve anlamca doğru.,EN/FR/DE/IT/ES ile JP/ZH temel ad/işlevde uyumlu; Türkçe karşılık hedef bağlamı koruyor.,Yeni Oyun,MANUEL İNCELENDİ,AYNI KALDI,Menü/yer/bölüm adı veya kısa UI metni v4’te doğal ve anlamca doğru.,EN/FR/DE/IT/ES ile JP/ZH temel ad/işlevde uyumlu; Türkçe karşılık hedef bağlamı koruyor.,Yeni Oyun,MANUEL İNCELENDİ,AYNI KALDI,Menü/yer/bölüm adı veya kısa UI metni v4’te doğal ve anlamca doğru.,EN/FR/DE/IT/ES ile JP/ZH temel ad/işlevde uyumlu; Türkçe karşılık hedef bağlamı koruyor.,Yeni Oyun,MANUEL İNCELENDİ,AYNI KALDI,Menü/yer/bölüm adı veya kısa UI metni v4’te doğal ve anlamca doğru.,EN/FR/DE/IT/ES ile JP/ZH temel ad/işlevde uyumlu; Türkçe karşılık hedef bağlamı koruyor.,Yeni Oyun,MANUEL İNCELENDİ,AYNI KALDI,Menü/yer/bölüm adı veya kısa UI metni v4’te doğal ve anlamca doğru.,EN/FR/DE/IT/ES ile JP/ZH temel ad/işlevde uyumlu; Türkçe karşılık hedef bağlamı koruyor.,Yeni Oyun,MANUEL İNCELENDİ,AYNI KALDI,Menü/yer/bölüm adı veya kısa UI metni v4’te doğal ve anlamca doğru.,EN/FR/DE/IT/ES ile JP/ZH temel ad/işlevde uyumlu; Türkçe karşılık hedef bağlamı koruyor.,Yeni Oyun,MANUEL İNCELENDİ,AYNI KALDI,Menü/yer/bölüm adı veya kısa UI metni v4’te doğal ve anlamca doğru.,EN/FR/DE/IT/ES ile JP/ZH temel ad/işlevde uyumlu; Türkçe karşılık hedef bağlamı koruyor.,Yeni Oyun,MANUEL İNCELENDİ,AYNI KALDI,Menü/yer/bölüm adı veya kısa UI metni v4’te doğal ve anlamca doğru.,EN/FR/DE/IT/ES ile JP/ZH temel ad/işlevde uyumlu; Türkçe karşılık hedef bağlamı koruyor.,Yeni Oyun,MANUEL İNCELENDİ,AYNI KALDI,Menü/yer/bölüm adı veya kısa UI metni v4’te doğal ve anlamca doğru.,EN/FR/DE/IT/ES ile JP/ZH temel ad/işlevde uyumlu; Türkçe karşılık hedef bağlamı koruyor.,Yeni Oyun,MANUEL İNCELENDİ,AYNI KALDI,Menü/yer/bölüm adı veya kısa UI metni v4’te doğal ve anlamca doğru.,EN/FR/DE/IT/ES ile JP/ZH temel ad/işlevde uyumlu; Türkçe karşılık hedef bağlamı koruyor.,Yeni Oyun,MANUEL İNCELENDİ,AYNI KALDI,Menü/yer/bölüm adı veya kısa UI metni v4’te doğal ve anlamca doğru.,EN/FR/DE/IT/ES ile JP/ZH temel ad/işlevde uyumlu; Türkçe karşılık hedef bağlamı koruyor.,Yeni Oyun,MANUEL İNCELENDİ,AYNI KALDI,Menü/yer/bölüm adı veya kısa UI metni v4’te doğal ve anlamca doğru.,EN/FR/DE/IT/ES ile JP/ZH temel ad/işlevde uyumlu; Türkçe karşılık hedef bağlamı koruyor.
21,TITLE__START_GUIDE,"Start from the beginning of the story.
Please select a save data slot.","Veuillez choisir une sauvegarde pour
commencer depuis le début de l'histoire.","Bitte wähle, mit welcher Speicherdatei du
die Geschichte neu beginnen möchtest.","Inizia a giocare dall'inizio della storia.
Seleziona uno slot di salvataggio.","Empezarás el juego desde el principio.
Elige dónde se guardará la partida.","新しく物語をはじめます
セーブデータを選んでください","あたらしく ものがたりをはじめます
セーブデータを えらんでください","开始新的故事。
请选择保存数据。","開始新的遊戲
請選擇儲存資料","Hikâyeye en baştan başla.
Lütfen bir kayıt yuvası seç.","Hikâyeye baştan başla.
Lütfen bir kayıt yuvası seç.","Hikâyeye baştan başla.
Lütfen bir kayıt yuvası seç.",MANUEL İNCELENDİ,DEĞİŞTİ,‘Hikâyeye en baştan başla’ gereksiz ikilemeydi.,Tüm diller yeni hikâye + kayıt yuvası seçimini doğruluyor.,"Hikâyeye baştan başla.
Lütfen bir kayıt yuvası seç.",MANUEL İNCELENDİ,DEĞİŞTİ,‘Hikâyeye en baştan başla’ gereksiz ikilemeydi.,Tüm diller yeni hikâye + kayıt yuvası seçimini doğruluyor.,"Hikâyeye baştan başla.
Lütfen bir kayıt yuvası seç.",MANUEL İNCELENDİ,DEĞİŞTİ,‘Hikâyeye en baştan başla’ gereksiz ikilemeydi.,Tüm diller yeni hikâye + kayıt yuvası seçimini doğruluyor.,"Hikâyeye baştan başla.
Lütfen bir kayıt yuvası seç.",MANUEL İNCELENDİ,DEĞİŞTİ,‘Hikâyeye en baştan başla’ gereksiz ikilemeydi.,Tüm diller yeni hikâye + kayıt yuvası seçimini doğruluyor.,"Hikâyeye baştan başla.
Lütfen bir kayıt yuvası seç.",MANUEL İNCELENDİ,DEĞİŞTİ,‘Hikâyeye en baştan başla’ gereksiz ikilemeydi.,Tüm diller yeni hikâye + kayıt yuvası seçimini doğruluyor.,"Hikâyeye baştan başla.
Lütfen bir kayıt yuvası seç.",MANUEL İNCELENDİ,DEĞİŞTİ,‘Hikâyeye en baştan başla’ gereksiz ikilemeydi.,Tüm diller yeni hikâye + kayıt yuvası seçimini doğruluyor.,"Hikâyeye baştan başla.
Lütfen bir kayıt yuvası seç.",MANUEL İNCELENDİ,DEĞİŞTİ,‘Hikâyeye en baştan başla’ gereksiz ikilemeydi.,Tüm diller yeni hikâye + kayıt yuvası seçimini doğruluyor.,"Hikâyeye baştan başla.
Lütfen bir kayıt yuvası seç.",MANUEL İNCELENDİ,DEĞİŞTİ,‘Hikâyeye en baştan başla’ gereksiz ikilemeydi.,Tüm diller yeni hikâye + kayıt yuvası seçimini doğruluyor.,"Hikâyeye baştan başla.
Lütfen bir kayıt yuvası seç.",MANUEL İNCELENDİ,DEĞİŞTİ,‘Hikâyeye en baştan başla’ gereksiz ikilemeydi.,Tüm diller yeni hikâye + kayıt yuvası seçimini doğruluyor.,"Hikâyeye baştan başla.
Lütfen bir kayıt yuvası seç.",MANUEL İNCELENDİ,DEĞİŞTİ,‘Hikâyeye en baştan başla’ gereksiz ikilemeydi.,Tüm diller yeni hikâye + kayıt yuvası seçimini doğruluyor.,"Hikâyeye baştan başla.
Lütfen bir kayıt yuvası seç.",MANUEL İNCELENDİ,DEĞİŞTİ,‘Hikâyeye en baştan başla’ gereksiz ikilemeydi.,Tüm diller yeni hikâye + kayıt yuvası seçimini doğruluyor.,"Hikâyeye baştan başla.
Lütfen bir kayıt yuvası seç.",MANUEL İNCELENDİ,DEĞİŞTİ,‘Hikâyeye en baştan başla’ gereksiz ikilemeydi.,Tüm diller yeni hikâye + kayıt yuvası seçimini doğruluyor.
22,TITLE_SELECT_BROKEN_SAVEDATA,"Your save data has been corrupted.
Please create new save data.","Ces données de sauvegarde sont
corrompues. Veuillez créer une nouvelle
sauvegarde.","Die Speicherdaten sind beschädigt.
Bitte erstelle einen neuen Spielstand.","I dati di salvataggio sono danneggiati.
Crea un nuovo salvataggio.","Los datos de guardado están dañados.
Crea nuevos datos de guardado.","セーブデータが壊れています
セーブデータを作り直してください","セーブデータが こわれています
セーブデータをつくりなおしてください","保存数据已损坏。
请重新制作保存数据。","儲存資料已損壞
請重新製作儲存資料","Kayıt verisi bozuldu.
Lütfen yeni bir kayıt verisi oluşturun.","Kayıt verisi bozulmuş.
Lütfen yeni bir kayıt verisi oluştur.","Kayıt verisi bozulmuş.
Lütfen yeni bir kayıt verisi oluştur.",MANUEL İNCELENDİ,DEĞİŞTİ,Hitap biçimi oyunun genel tekil/samimi UI tonuna uyarlandı; ‘bozuldu’ yerine durum belirten ‘bozulmuş’ daha doğal.,EN/FR/DE/IT/ES/JP/ZH kayıt verisinin corrupt/damaged olduğunu ve yenisinin oluşturulmasını söylüyor.,"Kayıt verisi bozulmuş.
Lütfen yeni bir kayıt verisi oluştur.",MANUEL İNCELENDİ,DEĞİŞTİ,Hitap biçimi oyunun genel tekil/samimi UI tonuna uyarlandı; ‘bozuldu’ yerine durum belirten ‘bozulmuş’ daha doğal.,EN/FR/DE/IT/ES/JP/ZH kayıt verisinin corrupt/damaged olduğunu ve yenisinin oluşturulmasını söylüyor.,"Kayıt verisi bozulmuş.
Lütfen yeni bir kayıt verisi oluştur.",MANUEL İNCELENDİ,DEĞİŞTİ,Hitap biçimi oyunun genel tekil/samimi UI tonuna uyarlandı; ‘bozuldu’ yerine durum belirten ‘bozulmuş’ daha doğal.,EN/FR/DE/IT/ES/JP/ZH kayıt verisinin corrupt/damaged olduğunu ve yenisinin oluşturulmasını söylüyor.,"Kayıt verisi bozulmuş.
Lütfen yeni bir kayıt verisi oluştur.",MANUEL İNCELENDİ,DEĞİŞTİ,Hitap biçimi oyunun genel tekil/samimi UI tonuna uyarlandı; ‘bozuldu’ yerine durum belirten ‘bozulmuş’ daha doğal.,EN/FR/DE/IT/ES/JP/ZH kayıt verisinin corrupt/damaged olduğunu ve yenisinin oluşturulmasını söylüyor.,"Kayıt verisi bozulmuş.
Lütfen yeni bir kayıt verisi oluştur.",MANUEL İNCELENDİ,DEĞİŞTİ,Hitap biçimi oyunun genel tekil/samimi UI tonuna uyarlandı; ‘bozuldu’ yerine durum belirten ‘bozulmuş’ daha doğal.,EN/FR/DE/IT/ES/JP/ZH kayıt verisinin corrupt/damaged olduğunu ve yenisinin oluşturulmasını söylüyor.,"Kayıt verisi bozulmuş.
Lütfen yeni bir kayıt verisi oluştur.",MANUEL İNCELENDİ,DEĞİŞTİ,Hitap biçimi oyunun genel tekil/samimi UI tonuna uyarlandı; ‘bozuldu’ yerine durum belirten ‘bozulmuş’ daha doğal.,EN/FR/DE/IT/ES/JP/ZH kayıt verisinin corrupt/damaged olduğunu ve yenisinin oluşturulmasını söylüyor.,"Kayıt verisi bozulmuş.
Lütfen yeni bir kayıt verisi oluştur.",MANUEL İNCELENDİ,DEĞİŞTİ,Hitap biçimi oyunun genel tekil/samimi UI tonuna uyarlandı; ‘bozuldu’ yerine durum belirten ‘bozulmuş’ daha doğal.,EN/FR/DE/IT/ES/JP/ZH kayıt verisinin corrupt/damaged olduğunu ve yenisinin oluşturulmasını söylüyor.,"Kayıt verisi bozulmuş.
Lütfen yeni bir kayıt verisi oluştur.",MANUEL İNCELENDİ,DEĞİŞTİ,Hitap biçimi oyunun genel tekil/samimi UI tonuna uyarlandı; ‘bozuldu’ yerine durum belirten ‘bozulmuş’ daha doğal.,EN/FR/DE/IT/ES/JP/ZH kayıt verisinin corrupt/damaged olduğunu ve yenisinin oluşturulmasını söylüyor.,"Kayıt verisi bozulmuş.
Lütfen yeni bir kayıt verisi oluştur.",MANUEL İNCELENDİ,DEĞİŞTİ,Hitap biçimi oyunun genel tekil/samimi UI tonuna uyarlandı; ‘bozuldu’ yerine durum belirten ‘bozulmuş’ daha doğal.,EN/FR/DE/IT/ES/JP/ZH kayıt verisinin corrupt/damaged olduğunu ve yenisinin oluşturulmasını söylüyor.,"Kayıt verisi bozulmuş.
Lütfen yeni bir kayıt verisi oluştur.",MANUEL İNCELENDİ,DEĞİŞTİ,Hitap biçimi oyunun genel tekil/samimi UI tonuna uyarlandı; ‘bozuldu’ yerine durum belirten ‘bozulmuş’ daha doğal.,EN/FR/DE/IT/ES/JP/ZH kayıt verisinin corrupt/damaged olduğunu ve yenisinin oluşturulmasını söylüyor.,"Kayıt verisi bozulmuş.
Lütfen yeni bir kayıt verisi oluştur.",MANUEL İNCELENDİ,DEĞİŞTİ,Hitap biçimi oyunun genel tekil/samimi UI tonuna uyarlandı; ‘bozuldu’ yerine durum belirten ‘bozulmuş’ daha doğal.,EN/FR/DE/IT/ES/JP/ZH kayıt verisinin corrupt/damaged olduğunu ve yenisinin oluşturulmasını söylüyor.,"Kayıt verisi bozulmuş.
Lütfen yeni bir kayıt verisi oluştur.",MANUEL İNCELENDİ,DEĞİŞTİ,Hitap biçimi oyunun genel tekil/samimi UI tonuna uyarlandı; ‘bozuldu’ yerine durum belirten ‘bozulmuş’ daha doğal.,EN/FR/DE/IT/ES/JP/ZH kayıt verisinin corrupt/damaged olduğunu ve yenisinin oluşturulmasını söylüyor.
23,TITLE__START_PIKA_ASSIST,"Do you want to start in Easy Mode?
Note that you won't be able to change modes
without creating new save data.","Voulez-vous commencer le jeu en mode
facile ? Vous devrez créer une nouvelle
sauvegarde pour changer de mode. ","Willst du im einfachen Modus beginnen?
Du kannst den Modus innerhalb dieses
Spielstands nicht mehr ändern.","Vuoi giocare in modalità facilitata?
Per cambiare modalità di gioco, sarà
necessario creare un nuovo salvataggio.","¿Quieres jugar en modo fácil?
Ten en cuenta que para cambiar de modo
deberás crear nuevos datos de guardado.","てだすけモードではじめますか？
なお セーブデータを作り直すまで
モードの変更は出来ません","てだすけモードではじめますか？
なお セーブデータをつくりなおすまで
モードのへんこうは できません","要以简单模式开始游戏吗？
重新制作保存数据之前
无法更改模式。","要以簡單模式開始遊戲嗎？
在重新建立儲存資料之前
將無法變更模式","Kolay Mod'da başlamak ister misin?
Yeni kayıt verisi oluşturmadan modları
değiştiremeyeceğini unutma.","Kolay modda başlamak ister misin?
Yeni kayıt verisi oluşturmadan modu
değiştiremeyeceğini unutma.","Kolay modda başlamak ister misin?
Yeni kayıt verisi oluşturmadan modu
değiştiremeyeceğini unutma.",MANUEL İNCELENDİ,DEĞİŞTİ,‘Modları değiştirmek’ yerine mevcut modun değiştirilememesi anlatıldı; Türkçe daha akıcı hale getirildi.,EN/FR/DE/IT/ES/JP/ZH yeni save data olmadan mode change yapılamayacağını doğruluyor.,"Kolay modda başlamak ister misin?
Yeni kayıt verisi oluşturmadan modu
değiştiremeyeceğini unutma.",MANUEL İNCELENDİ,DEĞİŞTİ,‘Modları değiştirmek’ yerine mevcut modun değiştirilememesi anlatıldı; Türkçe daha akıcı hale getirildi.,EN/FR/DE/IT/ES/JP/ZH yeni save data olmadan mode change yapılamayacağını doğruluyor.,"Kolay modda başlamak ister misin?
Yeni kayıt verisi oluşturmadan modu
değiştiremeyeceğini unutma.",MANUEL İNCELENDİ,DEĞİŞTİ,‘Modları değiştirmek’ yerine mevcut modun değiştirilememesi anlatıldı; Türkçe daha akıcı hale getirildi.,EN/FR/DE/IT/ES/JP/ZH yeni save data olmadan mode change yapılamayacağını doğruluyor.,"Kolay modda başlamak ister misin?
Yeni kayıt verisi oluşturmadan modu
değiştiremeyeceğini unutma.",MANUEL İNCELENDİ,DEĞİŞTİ,‘Modları değiştirmek’ yerine mevcut modun değiştirilememesi anlatıldı; Türkçe daha akıcı hale getirildi.,EN/FR/DE/IT/ES/JP/ZH yeni save data olmadan mode change yapılamayacağını doğruluyor.,"Kolay modda başlamak ister misin?
Yeni kayıt verisi oluşturmadan modu
değiştiremeyeceğini unutma.",MANUEL İNCELENDİ,DEĞİŞTİ,‘Modları değiştirmek’ yerine mevcut modun değiştirilememesi anlatıldı; Türkçe daha akıcı hale getirildi.,EN/FR/DE/IT/ES/JP/ZH yeni save data olmadan mode change yapılamayacağını doğruluyor.,"Kolay modda başlamak ister misin?
Yeni kayıt verisi oluşturmadan modu
değiştiremeyeceğini unutma.",MANUEL İNCELENDİ,DEĞİŞTİ,‘Modları değiştirmek’ yerine mevcut modun değiştirilememesi anlatıldı; Türkçe daha akıcı hale getirildi.,EN/FR/DE/IT/ES/JP/ZH yeni save data olmadan mode change yapılamayacağını doğruluyor.,"Kolay modda başlamak ister misin?
Yeni kayıt verisi oluşturmadan modu
değiştiremeyeceğini unutma.",MANUEL İNCELENDİ,DEĞİŞTİ,‘Modları değiştirmek’ yerine mevcut modun değiştirilememesi anlatıldı; Türkçe daha akıcı hale getirildi.,EN/FR/DE/IT/ES/JP/ZH yeni save data olmadan mode change yapılamayacağını doğruluyor.,"Kolay modda başlamak ister misin?
Yeni kayıt verisi oluşturmadan modu
değiştiremeyeceğini unutma.",MANUEL İNCELENDİ,DEĞİŞTİ,‘Modları değiştirmek’ yerine mevcut modun değiştirilememesi anlatıldı; Türkçe daha akıcı hale getirildi.,EN/FR/DE/IT/ES/JP/ZH yeni save data olmadan mode change yapılamayacağını doğruluyor.,"Kolay modda başlamak ister misin?
Yeni kayıt verisi oluşturmadan modu
değiştiremeyeceğini unutma.",MANUEL İNCELENDİ,DEĞİŞTİ,‘Modları değiştirmek’ yerine mevcut modun değiştirilememesi anlatıldı; Türkçe daha akıcı hale getirildi.,EN/FR/DE/IT/ES/JP/ZH yeni save data olmadan mode change yapılamayacağını doğruluyor.,"Kolay modda başlamak ister misin?
Yeni kayıt verisi oluşturmadan modu
değiştiremeyeceğini unutma.",MANUEL İNCELENDİ,DEĞİŞTİ,‘Modları değiştirmek’ yerine mevcut modun değiştirilememesi anlatıldı; Türkçe daha akıcı hale getirildi.,EN/FR/DE/IT/ES/JP/ZH yeni save data olmadan mode change yapılamayacağını doğruluyor.,"Kolay modda başlamak ister misin?
Yeni kayıt verisi oluşturmadan modu
değiştiremeyeceğini unutma.",MANUEL İNCELENDİ,DEĞİŞTİ,‘Modları değiştirmek’ yerine mevcut modun değiştirilememesi anlatıldı; Türkçe daha akıcı hale getirildi.,EN/FR/DE/IT/ES/JP/ZH yeni save data olmadan mode change yapılamayacağını doğruluyor.,"Kolay modda başlamak ister misin?
Yeni kayıt verisi oluşturmadan modu
değiştiremeyeceğini unutma.",MANUEL İNCELENDİ,DEĞİŞTİ,‘Modları değiştirmek’ yerine mevcut modun değiştirilememesi anlatıldı; Türkçe daha akıcı hale getirildi.,EN/FR/DE/IT/ES/JP/ZH yeni save data olmadan mode change yapılamayacağını doğruluyor.
24,TITLE_MAIN_MENU_SELECT_EPISODE,Select Chapter,Choix du chapitre,Kapitel wählen,Selezione capitolo,Selección de episodio,章を選ぶ,しょうをえらぶ,选择章节,選擇章節,Bölüm Seç,Bölüm Seç,Bölüm Seç,MANUEL İNCELENDİ,AYNI KALDI,Menü/yer/bölüm adı veya kısa UI metni v4’te doğal ve anlamca doğru.,EN/FR/DE/IT/ES ile JP/ZH temel ad/işlevde uyumlu; Türkçe karşılık hedef bağlamı koruyor.,Bölüm Seç,MANUEL İNCELENDİ,AYNI KALDI,Menü/yer/bölüm adı veya kısa UI metni v4’te doğal ve anlamca doğru.,EN/FR/DE/IT/ES ile JP/ZH temel ad/işlevde uyumlu; Türkçe karşılık hedef bağlamı koruyor.,Bölüm Seç,MANUEL İNCELENDİ,AYNI KALDI,Menü/yer/bölüm adı veya kısa UI metni v4’te doğal ve anlamca doğru.,EN/FR/DE/IT/ES ile JP/ZH temel ad/işlevde uyumlu; Türkçe karşılık hedef bağlamı koruyor.,Bölüm Seç,MANUEL İNCELENDİ,AYNI KALDI,Menü/yer/bölüm adı veya kısa UI metni v4’te doğal ve anlamca doğru.,EN/FR/DE/IT/ES ile JP/ZH temel ad/işlevde uyumlu; Türkçe karşılık hedef bağlamı koruyor.,Bölüm Seç,MANUEL İNCELENDİ,AYNI KALDI,Menü/yer/bölüm adı veya kısa UI metni v4’te doğal ve anlamca doğru.,EN/FR/DE/IT/ES ile JP/ZH temel ad/işlevde uyumlu; Türkçe karşılık hedef bağlamı koruyor.,Bölüm Seç,MANUEL İNCELENDİ,AYNI KALDI,Menü/yer/bölüm adı veya kısa UI metni v4’te doğal ve anlamca doğru.,EN/FR/DE/IT/ES ile JP/ZH temel ad/işlevde uyumlu; Türkçe karşılık hedef bağlamı koruyor.,Bölüm Seç,MANUEL İNCELENDİ,AYNI KALDI,Menü/yer/bölüm adı veya kısa UI metni v4’te doğal ve anlamca doğru.,EN/FR/DE/IT/ES ile JP/ZH temel ad/işlevde uyumlu; Türkçe karşılık hedef bağlamı koruyor.,Bölüm Seç,MANUEL İNCELENDİ,AYNI KALDI,Menü/yer/bölüm adı veya kısa UI metni v4’te doğal ve anlamca doğru.,EN/FR/DE/IT/ES ile JP/ZH temel ad/işlevde uyumlu; Türkçe karşılık hedef bağlamı koruyor.,Bölüm Seç,MANUEL İNCELENDİ,AYNI KALDI,Menü/yer/bölüm adı veya kısa UI metni v4’te doğal ve anlamca doğru.,EN/FR/DE/IT/ES ile JP/ZH temel ad/işlevde uyumlu; Türkçe karşılık hedef bağlamı koruyor.,Bölüm Seç,MANUEL İNCELENDİ,AYNI KALDI,Menü/yer/bölüm adı veya kısa UI metni v4’te doğal ve anlamca doğru.,EN/FR/DE/IT/ES ile JP/ZH temel ad/işlevde uyumlu; Türkçe karşılık hedef bağlamı koruyor.,Bölüm Seç,MANUEL İNCELENDİ,AYNI KALDI,Menü/yer/bölüm adı veya kısa UI metni v4’te doğal ve anlamca doğru.,EN/FR/DE/IT/ES ile JP/ZH temel ad/işlevde uyumlu; Türkçe karşılık hedef bağlamı koruyor.,Bölüm Seç,MANUEL İNCELENDİ,AYNI KALDI,Menü/yer/bölüm adı veya kısa UI metni v4’te doğal ve anlamca doğru.,EN/FR/DE/IT/ES ile JP/ZH temel ad/işlevde uyumlu; Türkçe karşılık hedef bağlamı koruyor.
25,TITLE_SELECT_EPISODE_00,First part,"Première
partie",Erster Teil,Prima parte,Primera mitad,前編,ぜんぺん,前篇,前篇,1. Kısım,İlk Kısım,İlk Kısım,MANUEL İNCELENDİ,DEĞİŞTİ,Sıralama adı doğal Türkçeye çevrildi; rakamlaştırmaya gerek yok.,EN First part; FR/DE/IT/ES ve JP/ZH ‘ön/ilk bölüm’ anlamında.,İlk Kısım,MANUEL İNCELENDİ,DEĞİŞTİ,Sıralama adı doğal Türkçeye çevrildi; rakamlaştırmaya gerek yok.,EN First part; FR/DE/IT/ES ve JP/ZH ‘ön/ilk bölüm’ anlamında.,İlk Kısım,MANUEL İNCELENDİ,DEĞİŞTİ,Sıralama adı doğal Türkçeye çevrildi; rakamlaştırmaya gerek yok.,EN First part; FR/DE/IT/ES ve JP/ZH ‘ön/ilk bölüm’ anlamında.,İlk Kısım,MANUEL İNCELENDİ,DEĞİŞTİ,Sıralama adı doğal Türkçeye çevrildi; rakamlaştırmaya gerek yok.,EN First part; FR/DE/IT/ES ve JP/ZH ‘ön/ilk bölüm’ anlamında.,İlk Kısım,MANUEL İNCELENDİ,DEĞİŞTİ,Sıralama adı doğal Türkçeye çevrildi; rakamlaştırmaya gerek yok.,EN First part; FR/DE/IT/ES ve JP/ZH ‘ön/ilk bölüm’ anlamında.,İlk Kısım,MANUEL İNCELENDİ,DEĞİŞTİ,Sıralama adı doğal Türkçeye çevrildi; rakamlaştırmaya gerek yok.,EN First part; FR/DE/IT/ES ve JP/ZH ‘ön/ilk bölüm’ anlamında.,İlk Kısım,MANUEL İNCELENDİ,DEĞİŞTİ,Sıralama adı doğal Türkçeye çevrildi; rakamlaştırmaya gerek yok.,EN First part; FR/DE/IT/ES ve JP/ZH ‘ön/ilk bölüm’ anlamında.,İlk Kısım,MANUEL İNCELENDİ,DEĞİŞTİ,Sıralama adı doğal Türkçeye çevrildi; rakamlaştırmaya gerek yok.,EN First part; FR/DE/IT/ES ve JP/ZH ‘ön/ilk bölüm’ anlamında.,İlk Kısım,MANUEL İNCELENDİ,DEĞİŞTİ,Sıralama adı doğal Türkçeye çevrildi; rakamlaştırmaya gerek yok.,EN First part; FR/DE/IT/ES ve JP/ZH ‘ön/ilk bölüm’ anlamında.,İlk Kısım,MANUEL İNCELENDİ,DEĞİŞTİ,Sıralama adı doğal Türkçeye çevrildi; rakamlaştırmaya gerek yok.,EN First part; FR/DE/IT/ES ve JP/ZH ‘ön/ilk bölüm’ anlamında.,İlk Kısım,MANUEL İNCELENDİ,DEĞİŞTİ,Sıralama adı doğal Türkçeye çevrildi; rakamlaştırmaya gerek yok.,EN First part; FR/DE/IT/ES ve JP/ZH ‘ön/ilk bölüm’ anlamında.,İlk Kısım,MANUEL İNCELENDİ,DEĞİŞTİ,Sıralama adı doğal Türkçeye çevrildi; rakamlaştırmaya gerek yok.,EN First part; FR/DE/IT/ES ve JP/ZH ‘ön/ilk bölüm’ anlamında.
26,TITLE_SELECT_EPISODE_01,Second part,"Deuxième
partie",Zweiter Teil,Seconda parte,Segunda mitad,後編,こうへん,后篇,後篇,2. Kısım,İkinci Kısım,İkinci Kısım,MANUEL İNCELENDİ,DEĞİŞTİ,‘2. Kısım’ yerine eşleşen doğal başlık biçimi seçildi.,EN Second part; tüm diller ikinci/arka kısım anlamında.,İkinci Kısım,MANUEL İNCELENDİ,DEĞİŞTİ,‘2. Kısım’ yerine eşleşen doğal başlık biçimi seçildi.,EN Second part; tüm diller ikinci/arka kısım anlamında.,İkinci Kısım,MANUEL İNCELENDİ,DEĞİŞTİ,‘2. Kısım’ yerine eşleşen doğal başlık biçimi seçildi.,EN Second part; tüm diller ikinci/arka kısım anlamında.,İkinci Kısım,MANUEL İNCELENDİ,DEĞİŞTİ,‘2. Kısım’ yerine eşleşen doğal başlık biçimi seçildi.,EN Second part; tüm diller ikinci/arka kısım anlamında.,İkinci Kısım,MANUEL İNCELENDİ,DEĞİŞTİ,‘2. Kısım’ yerine eşleşen doğal başlık biçimi seçildi.,EN Second part; tüm diller ikinci/arka kısım anlamında.,İkinci Kısım,MANUEL İNCELENDİ,DEĞİŞTİ,‘2. Kısım’ yerine eşleşen doğal başlık biçimi seçildi.,EN Second part; tüm diller ikinci/arka kısım anlamında.,İkinci Kısım,MANUEL İNCELENDİ,DEĞİŞTİ,‘2. Kısım’ yerine eşleşen doğal başlık biçimi seçildi.,EN Second part; tüm diller ikinci/arka kısım anlamında.,İkinci Kısım,MANUEL İNCELENDİ,DEĞİŞTİ,‘2. Kısım’ yerine eşleşen doğal başlık biçimi seçildi.,EN Second part; tüm diller ikinci/arka kısım anlamında.,İkinci Kısım,MANUEL İNCELENDİ,DEĞİŞTİ,‘2. Kısım’ yerine eşleşen doğal başlık biçimi seçildi.,EN Second part; tüm diller ikinci/arka kısım anlamında.,İkinci Kısım,MANUEL İNCELENDİ,DEĞİŞTİ,‘2. Kısım’ yerine eşleşen doğal başlık biçimi seçildi.,EN Second part; tüm diller ikinci/arka kısım anlamında.,İkinci Kısım,MANUEL İNCELENDİ,DEĞİŞTİ,‘2. Kısım’ yerine eşleşen doğal başlık biçimi seçildi.,EN Second part; tüm diller ikinci/arka kısım anlamında.,İkinci Kısım,MANUEL İNCELENDİ,DEĞİŞTİ,‘2. Kısım’ yerine eşleşen doğal başlık biçimi seçildi.,EN Second part; tüm diller ikinci/arka kısım anlamında.
27,TITLE_SELECT_SAVEDATA,Please select a save data slot.,"Veuillez sélectionner un emplacement
de données de sauvegarde.",Wähle eine Speicherdatei zum Speichern aus.,"Seleziona uno slot per
salvare i dati di gioco.","Elige dónde quieres guardar
los datos de guardado.",セーブするデータを選んでください,セーブするデータをえらんでください,请选择要保存的数据。,請選擇要儲存的資料,Lütfen bir kayıt yuvası seç.,Lütfen bir kayıt yuvası seç.,Lütfen bir kayıt yuvası seç.,MANUEL İNCELENDİ,AYNI KALDI,Menü/yer/bölüm adı veya kısa UI metni v4’te doğal ve anlamca doğru.,EN/FR/DE/IT/ES ile JP/ZH temel ad/işlevde uyumlu; Türkçe karşılık hedef bağlamı koruyor.,Lütfen bir kayıt yuvası seç.,MANUEL İNCELENDİ,AYNI KALDI,Menü/yer/bölüm adı veya kısa UI metni v4’te doğal ve anlamca doğru.,EN/FR/DE/IT/ES ile JP/ZH temel ad/işlevde uyumlu; Türkçe karşılık hedef bağlamı koruyor.,Lütfen bir kayıt yuvası seç.,MANUEL İNCELENDİ,AYNI KALDI,Menü/yer/bölüm adı veya kısa UI metni v4’te doğal ve anlamca doğru.,EN/FR/DE/IT/ES ile JP/ZH temel ad/işlevde uyumlu; Türkçe karşılık hedef bağlamı koruyor.,Lütfen bir kayıt yuvası seç.,MANUEL İNCELENDİ,AYNI KALDI,Menü/yer/bölüm adı veya kısa UI metni v4’te doğal ve anlamca doğru.,EN/FR/DE/IT/ES ile JP/ZH temel ad/işlevde uyumlu; Türkçe karşılık hedef bağlamı koruyor.,Lütfen bir kayıt yuvası seç.,MANUEL İNCELENDİ,AYNI KALDI,Menü/yer/bölüm adı veya kısa UI metni v4’te doğal ve anlamca doğru.,EN/FR/DE/IT/ES ile JP/ZH temel ad/işlevde uyumlu; Türkçe karşılık hedef bağlamı koruyor.,Lütfen bir kayıt yuvası seç.,MANUEL İNCELENDİ,AYNI KALDI,Menü/yer/bölüm adı veya kısa UI metni v4’te doğal ve anlamca doğru.,EN/FR/DE/IT/ES ile JP/ZH temel ad/işlevde uyumlu; Türkçe karşılık hedef bağlamı koruyor.,Lütfen bir kayıt yuvası seç.,MANUEL İNCELENDİ,AYNI KALDI,Menü/yer/bölüm adı veya kısa UI metni v4’te doğal ve anlamca doğru.,EN/FR/DE/IT/ES ile JP/ZH temel ad/işlevde uyumlu; Türkçe karşılık hedef bağlamı koruyor.,Lütfen bir kayıt yuvası seç.,MANUEL İNCELENDİ,AYNI KALDI,Menü/yer/bölüm adı veya kısa UI metni v4’te doğal ve anlamca doğru.,EN/FR/DE/IT/ES ile JP/ZH temel ad/işlevde uyumlu; Türkçe karşılık hedef bağlamı koruyor.,Lütfen bir kayıt yuvası seç.,MANUEL İNCELENDİ,AYNI KALDI,Menü/yer/bölüm adı veya kısa UI metni v4’te doğal ve anlamca doğru.,EN/FR/DE/IT/ES ile JP/ZH temel ad/işlevde uyumlu; Türkçe karşılık hedef bağlamı koruyor.,Lütfen bir kayıt yuvası seç.,MANUEL İNCELENDİ,AYNI KALDI,Menü/yer/bölüm adı veya kısa UI metni v4’te doğal ve anlamca doğru.,EN/FR/DE/IT/ES ile JP/ZH temel ad/işlevde uyumlu; Türkçe karşılık hedef bağlamı koruyor.,Lütfen bir kayıt yuvası seç.,MANUEL İNCELENDİ,AYNI KALDI,Menü/yer/bölüm adı veya kısa UI metni v4’te doğal ve anlamca doğru.,EN/FR/DE/IT/ES ile JP/ZH temel ad/işlevde uyumlu; Türkçe karşılık hedef bağlamı koruyor.,Lütfen bir kayıt yuvası seç.,MANUEL İNCELENDİ,AYNI KALDI,Menü/yer/bölüm adı veya kısa UI metni v4’te doğal ve anlamca doğru.,EN/FR/DE/IT/ES ile JP/ZH temel ad/işlevde uyumlu; Türkçe karşılık hedef bağlamı koruyor.
28,TITLE__MENU_NEWSAVEDATA,Start from the beginning,Commencer depuis le début,Neues Spiel,Nuova partita,Nueva partida,新しくはじめる,あたらしくはじめる,开始新游戏,開始新遊戲,Baştan Başla,Baştan Başla,Baştan Başla,MANUEL İNCELENDİ,AYNI KALDI,Menü/yer/bölüm adı veya kısa UI metni v4’te doğal ve anlamca doğru.,EN/FR/DE/IT/ES ile JP/ZH temel ad/işlevde uyumlu; Türkçe karşılık hedef bağlamı koruyor.,Baştan Başla,MANUEL İNCELENDİ,AYNI KALDI,Menü/yer/bölüm adı veya kısa UI metni v4’te doğal ve anlamca doğru.,EN/FR/DE/IT/ES ile JP/ZH temel ad/işlevde uyumlu; Türkçe karşılık hedef bağlamı koruyor.,Baştan Başla,MANUEL İNCELENDİ,AYNI KALDI,Menü/yer/bölüm adı veya kısa UI metni v4’te doğal ve anlamca doğru.,EN/FR/DE/IT/ES ile JP/ZH temel ad/işlevde uyumlu; Türkçe karşılık hedef bağlamı koruyor.,Baştan Başla,MANUEL İNCELENDİ,AYNI KALDI,Menü/yer/bölüm adı veya kısa UI metni v4’te doğal ve anlamca doğru.,EN/FR/DE/IT/ES ile JP/ZH temel ad/işlevde uyumlu; Türkçe karşılık hedef bağlamı koruyor.,Baştan Başla,MANUEL İNCELENDİ,AYNI KALDI,Menü/yer/bölüm adı veya kısa UI metni v4’te doğal ve anlamca doğru.,EN/FR/DE/IT/ES ile JP/ZH temel ad/işlevde uyumlu; Türkçe karşılık hedef bağlamı koruyor.,Baştan Başla,MANUEL İNCELENDİ,AYNI KALDI,Menü/yer/bölüm adı veya kısa UI metni v4’te doğal ve anlamca doğru.,EN/FR/DE/IT/ES ile JP/ZH temel ad/işlevde uyumlu; Türkçe karşılık hedef bağlamı koruyor.,Baştan Başla,MANUEL İNCELENDİ,AYNI KALDI,Menü/yer/bölüm adı veya kısa UI metni v4’te doğal ve anlamca doğru.,EN/FR/DE/IT/ES ile JP/ZH temel ad/işlevde uyumlu; Türkçe karşılık hedef bağlamı koruyor.,Baştan Başla,MANUEL İNCELENDİ,AYNI KALDI,Menü/yer/bölüm adı veya kısa UI metni v4’te doğal ve anlamca doğru.,EN/FR/DE/IT/ES ile JP/ZH temel ad/işlevde uyumlu; Türkçe karşılık hedef bağlamı koruyor.,Baştan Başla,MANUEL İNCELENDİ,AYNI KALDI,Menü/yer/bölüm adı veya kısa UI metni v4’te doğal ve anlamca doğru.,EN/FR/DE/IT/ES ile JP/ZH temel ad/işlevde uyumlu; Türkçe karşılık hedef bağlamı koruyor.,Baştan Başla,MANUEL İNCELENDİ,AYNI KALDI,Menü/yer/bölüm adı veya kısa UI metni v4’te doğal ve anlamca doğru.,EN/FR/DE/IT/ES ile JP/ZH temel ad/işlevde uyumlu; Türkçe karşılık hedef bağlamı koruyor.,Baştan Başla,MANUEL İNCELENDİ,AYNI KALDI,Menü/yer/bölüm adı veya kısa UI metni v4’te doğal ve anlamca doğru.,EN/FR/DE/IT/ES ile JP/ZH temel ad/işlevde uyumlu; Türkçe karşılık hedef bağlamı koruyor.,Baştan Başla,MANUEL İNCELENDİ,AYNI KALDI,Menü/yer/bölüm adı veya kısa UI metni v4’te doğal ve anlamca doğru.,EN/FR/DE/IT/ES ile JP/ZH temel ad/işlevde uyumlu; Türkçe karşılık hedef bağlamı koruyor.
29,TITLE_MAIN_MENU_PIKASIGN,View Pika Prompts,Voir les Pika-Scènes,Pikachu-Sequenzen,Scene Pikachu,Ver Momentos Pikachu,ピカチュウサインを見る,ピカチュウサインをみる,查看皮卡丘暗号,看皮卡丘暗號,Pika İpuçlarını Görüntüle,Pikachu Sahnelerini İzle,Pikachu Sahnelerini İzle,MANUEL İNCELENDİ,DEĞİŞTİ,‘Pika İpuçları’ özelliğin işlevini yanlış tanımlıyordu; bunlar tekrar oynatılan Pikachu sahneleri/sekansları.,FR Pika-Scènes; DE Pikachu-Sequenzen; IT Scene Pikachu; ES Momentos Pikachu; JP Pikachu Sign. Batı dillerinin çoğu açıkça sahne/sekans olarak yerelleştiriyor.,Pikachu Sahnelerini İzle,MANUEL İNCELENDİ,DEĞİŞTİ,‘Pika İpuçları’ özelliğin işlevini yanlış tanımlıyordu; bunlar tekrar oynatılan Pikachu sahneleri/sekansları.,FR Pika-Scènes; DE Pikachu-Sequenzen; IT Scene Pikachu; ES Momentos Pikachu; JP Pikachu Sign. Batı dillerinin çoğu açıkça sahne/sekans olarak yerelleştiriyor.,Pikachu Sahnelerini İzle,MANUEL İNCELENDİ,DEĞİŞTİ,‘Pika İpuçları’ özelliğin işlevini yanlış tanımlıyordu; bunlar tekrar oynatılan Pikachu sahneleri/sekansları.,FR Pika-Scènes; DE Pikachu-Sequenzen; IT Scene Pikachu; ES Momentos Pikachu; JP Pikachu Sign. Batı dillerinin çoğu açıkça sahne/sekans olarak yerelleştiriyor.,Pikachu Sahnelerini İzle,MANUEL İNCELENDİ,DEĞİŞTİ,‘Pika İpuçları’ özelliğin işlevini yanlış tanımlıyordu; bunlar tekrar oynatılan Pikachu sahneleri/sekansları.,FR Pika-Scènes; DE Pikachu-Sequenzen; IT Scene Pikachu; ES Momentos Pikachu; JP Pikachu Sign. Batı dillerinin çoğu açıkça sahne/sekans olarak yerelleştiriyor.,Pikachu Sahnelerini İzle,MANUEL İNCELENDİ,DEĞİŞTİ,‘Pika İpuçları’ özelliğin işlevini yanlış tanımlıyordu; bunlar tekrar oynatılan Pikachu sahneleri/sekansları.,FR Pika-Scènes; DE Pikachu-Sequenzen; IT Scene Pikachu; ES Momentos Pikachu; JP Pikachu Sign. Batı dillerinin çoğu açıkça sahne/sekans olarak yerelleştiriyor.,Pikachu Sahnelerini İzle,MANUEL İNCELENDİ,DEĞİŞTİ,‘Pika İpuçları’ özelliğin işlevini yanlış tanımlıyordu; bunlar tekrar oynatılan Pikachu sahneleri/sekansları.,FR Pika-Scènes; DE Pikachu-Sequenzen; IT Scene Pikachu; ES Momentos Pikachu; JP Pikachu Sign. Batı dillerinin çoğu açıkça sahne/sekans olarak yerelleştiriyor.,Pikachu Sahnelerini İzle,MANUEL İNCELENDİ,DEĞİŞTİ,‘Pika İpuçları’ özelliğin işlevini yanlış tanımlıyordu; bunlar tekrar oynatılan Pikachu sahneleri/sekansları.,FR Pika-Scènes; DE Pikachu-Sequenzen; IT Scene Pikachu; ES Momentos Pikachu; JP Pikachu Sign. Batı dillerinin çoğu açıkça sahne/sekans olarak yerelleştiriyor.,Pikachu Sahnelerini İzle,MANUEL İNCELENDİ,DEĞİŞTİ,‘Pika İpuçları’ özelliğin işlevini yanlış tanımlıyordu; bunlar tekrar oynatılan Pikachu sahneleri/sekansları.,FR Pika-Scènes; DE Pikachu-Sequenzen; IT Scene Pikachu; ES Momentos Pikachu; JP Pikachu Sign. Batı dillerinin çoğu açıkça sahne/sekans olarak yerelleştiriyor.,Pikachu Sahnelerini İzle,MANUEL İNCELENDİ,DEĞİŞTİ,‘Pika İpuçları’ özelliğin işlevini yanlış tanımlıyordu; bunlar tekrar oynatılan Pikachu sahneleri/sekansları.,FR Pika-Scènes; DE Pikachu-Sequenzen; IT Scene Pikachu; ES Momentos Pikachu; JP Pikachu Sign. Batı dillerinin çoğu açıkça sahne/sekans olarak yerelleştiriyor.,Pikachu Sahnelerini İzle,MANUEL İNCELENDİ,DEĞİŞTİ,‘Pika İpuçları’ özelliğin işlevini yanlış tanımlıyordu; bunlar tekrar oynatılan Pikachu sahneleri/sekansları.,FR Pika-Scènes; DE Pikachu-Sequenzen; IT Scene Pikachu; ES Momentos Pikachu; JP Pikachu Sign. Batı dillerinin çoğu açıkça sahne/sekans olarak yerelleştiriyor.,Pikachu Sahnelerini İzle,MANUEL İNCELENDİ,DEĞİŞTİ,‘Pika İpuçları’ özelliğin işlevini yanlış tanımlıyordu; bunlar tekrar oynatılan Pikachu sahneleri/sekansları.,FR Pika-Scènes; DE Pikachu-Sequenzen; IT Scene Pikachu; ES Momentos Pikachu; JP Pikachu Sign. Batı dillerinin çoğu açıkça sahne/sekans olarak yerelleştiriyor.,Pikachu Sahnelerini İzle,MANUEL İNCELENDİ,DEĞİŞTİ,‘Pika İpuçları’ özelliğin işlevini yanlış tanımlıyordu; bunlar tekrar oynatılan Pikachu sahneleri/sekansları.,FR Pika-Scènes; DE Pikachu-Sequenzen; IT Scene Pikachu; ES Momentos Pikachu; JP Pikachu Sign. Batı dillerinin çoğu açıkça sahne/sekans olarak yerelleştiriyor.
30,TITLE_PIKASIGN_DESCRIPTION,"You can choose which
Pika Prompt to play.
Please tap the button.","Vous pouvez visionner
la Pika-Scène de votre
choix en touchant le bouton.","Mithilfe der unteren Tasten
kannst du dir erneut die
Pikachu-Sequenzen ansehen.","Usa i pulsanti qui sotto per
scegliere una scena e
controllare la riproduzione.","Elige el Momento Pikachu
que quieras reproducir y
pulsa el botón correspondiente.","好きなサインを選んで
再生できます
ボタンをタッチしてください","すきなサインをえらんで
さいせい できます
ボタンをタッチしてください","可以播放自己喜欢的暗号。
请点触按键。","可以選擇
想看的皮卡丘暗號
請點觸按鍵","İzlemek istediğin
Pika İpucunu seçebilirsin.
Lütfen düğmeye dokun.","İzlemek istediğin
Pikachu Sahnesini seçebilirsin.
Düğmeye dokun.","İzlemek istediğin
Pikachu Sahnesini seçebilirsin.
Düğmeye dokun.",MANUEL İNCELENDİ,DEĞİŞTİ,Yeni özellik adıyla tutarlılık ve daha doğal UI anlatımı sağlandı.,FR/DE/IT/ES sahne/sekans seçip oynatmayı; JP/ZH istediğin sign’ı seçip oynatmayı söylüyor.,"İzlemek istediğin
Pikachu Sahnesini seçebilirsin.
Düğmeye dokun.",MANUEL İNCELENDİ,DEĞİŞTİ,Yeni özellik adıyla tutarlılık ve daha doğal UI anlatımı sağlandı.,FR/DE/IT/ES sahne/sekans seçip oynatmayı; JP/ZH istediğin sign’ı seçip oynatmayı söylüyor.,"İzlemek istediğin
Pikachu Sahnesini seçebilirsin.
Düğmeye dokun.",MANUEL İNCELENDİ,DEĞİŞTİ,Yeni özellik adıyla tutarlılık ve daha doğal UI anlatımı sağlandı.,FR/DE/IT/ES sahne/sekans seçip oynatmayı; JP/ZH istediğin sign’ı seçip oynatmayı söylüyor.,"İzlemek istediğin
Pikachu Sahnesini seçebilirsin.
Düğmeye dokun.",MANUEL İNCELENDİ,DEĞİŞTİ,Yeni özellik adıyla tutarlılık ve daha doğal UI anlatımı sağlandı.,FR/DE/IT/ES sahne/sekans seçip oynatmayı; JP/ZH istediğin sign’ı seçip oynatmayı söylüyor.,"İzlemek istediğin
Pikachu Sahnesini seçebilirsin.
Düğmeye dokun.",MANUEL İNCELENDİ,DEĞİŞTİ,Yeni özellik adıyla tutarlılık ve daha doğal UI anlatımı sağlandı.,FR/DE/IT/ES sahne/sekans seçip oynatmayı; JP/ZH istediğin sign’ı seçip oynatmayı söylüyor.,"İzlemek istediğin
Pikachu Sahnesini seçebilirsin.
Düğmeye dokun.",MANUEL İNCELENDİ,DEĞİŞTİ,Yeni özellik adıyla tutarlılık ve daha doğal UI anlatımı sağlandı.,FR/DE/IT/ES sahne/sekans seçip oynatmayı; JP/ZH istediğin sign’ı seçip oynatmayı söylüyor.,"İzlemek istediğin
Pikachu Sahnesini seçebilirsin.
Düğmeye dokun.",MANUEL İNCELENDİ,DEĞİŞTİ,Yeni özellik adıyla tutarlılık ve daha doğal UI anlatımı sağlandı.,FR/DE/IT/ES sahne/sekans seçip oynatmayı; JP/ZH istediğin sign’ı seçip oynatmayı söylüyor.,"İzlemek istediğin
Pikachu Sahnesini seçebilirsin.
Düğmeye dokun.",MANUEL İNCELENDİ,DEĞİŞTİ,Yeni özellik adıyla tutarlılık ve daha doğal UI anlatımı sağlandı.,FR/DE/IT/ES sahne/sekans seçip oynatmayı; JP/ZH istediğin sign’ı seçip oynatmayı söylüyor.,"İzlemek istediğin
Pikachu Sahnesini seçebilirsin.
Düğmeye dokun.",MANUEL İNCELENDİ,DEĞİŞTİ,Yeni özellik adıyla tutarlılık ve daha doğal UI anlatımı sağlandı.,FR/DE/IT/ES sahne/sekans seçip oynatmayı; JP/ZH istediğin sign’ı seçip oynatmayı söylüyor.,"İzlemek istediğin
Pikachu Sahnesini seçebilirsin.
Düğmeye dokun.",MANUEL İNCELENDİ,DEĞİŞTİ,Yeni özellik adıyla tutarlılık ve daha doğal UI anlatımı sağlandı.,FR/DE/IT/ES sahne/sekans seçip oynatmayı; JP/ZH istediğin sign’ı seçip oynatmayı söylüyor.,"İzlemek istediğin
Pikachu Sahnesini seçebilirsin.
Düğmeye dokun.",MANUEL İNCELENDİ,DEĞİŞTİ,Yeni özellik adıyla tutarlılık ve daha doğal UI anlatımı sağlandı.,FR/DE/IT/ES sahne/sekans seçip oynatmayı; JP/ZH istediğin sign’ı seçip oynatmayı söylüyor.,"İzlemek istediğin
Pikachu Sahnesini seçebilirsin.
Düğmeye dokun.",MANUEL İNCELENDİ,DEĞİŞTİ,Yeni özellik adıyla tutarlılık ve daha doğal UI anlatımı sağlandı.,FR/DE/IT/ES sahne/sekans seçip oynatmayı; JP/ZH istediğin sign’ı seçip oynatmayı söylüyor.
31,TITLE_PIKASIGN_DESCRIPTION_FAV,"You can play just your
favorite Pika Prompts.","Seules les Pika-Scènes ajoutées
à vos favoris pourront être vues.","Hier werden die als Favoriten
markierten Pikachu-Sequenzen
abgespielt.","Rivedi le scene Pikachu
che hai impostato
come preferite.","Reproduce tus Momentos
Pikachu favoritos.","お気に入り登録された
サインだけを再生します","おきにいりとうろくされた
サインだけをさいせいします","仅播放添加到
喜爱中的暗号。","僅播放已設為
我的最愛的皮卡丘暗號","Sadece
favori Pika İpuçlarını oynatabilirsin.","Sadece favori
Pikachu Sahnelerini
izleyebilirsin.","Sadece favori
Pikachu Sahnelerini
izleyebilirsin.",MANUEL İNCELENDİ,DEĞİŞTİ,‘Pika İpuçları’ yanlış terimi kaldırıldı.,FR/DE/IT/ES favori sahneler/sekanslar; JP/ZH favoriye eklenen sign’ları oynatma.,"Sadece favori
Pikachu Sahnelerini
izleyebilirsin.",MANUEL İNCELENDİ,DEĞİŞTİ,‘Pika İpuçları’ yanlış terimi kaldırıldı.,FR/DE/IT/ES favori sahneler/sekanslar; JP/ZH favoriye eklenen sign’ları oynatma.,"Sadece favori
Pikachu Sahnelerini
izleyebilirsin.",MANUEL İNCELENDİ,DEĞİŞTİ,‘Pika İpuçları’ yanlış terimi kaldırıldı.,FR/DE/IT/ES favori sahneler/sekanslar; JP/ZH favoriye eklenen sign’ları oynatma.,"Sadece favori
Pikachu Sahnelerini
izleyebilirsin.",MANUEL İNCELENDİ,DEĞİŞTİ,‘Pika İpuçları’ yanlış terimi kaldırıldı.,FR/DE/IT/ES favori sahneler/sekanslar; JP/ZH favoriye eklenen sign’ları oynatma.,"Sadece favori
Pikachu Sahnelerini
izleyebilirsin.",MANUEL İNCELENDİ,DEĞİŞTİ,‘Pika İpuçları’ yanlış terimi kaldırıldı.,FR/DE/IT/ES favori sahneler/sekanslar; JP/ZH favoriye eklenen sign’ları oynatma.,"Sadece favori
Pikachu Sahnelerini
izleyebilirsin.",MANUEL İNCELENDİ,DEĞİŞTİ,‘Pika İpuçları’ yanlış terimi kaldırıldı.,FR/DE/IT/ES favori sahneler/sekanslar; JP/ZH favoriye eklenen sign’ları oynatma.,"Sadece favori
Pikachu Sahnelerini
izleyebilirsin.",MANUEL İNCELENDİ,DEĞİŞTİ,‘Pika İpuçları’ yanlış terimi kaldırıldı.,FR/DE/IT/ES favori sahneler/sekanslar; JP/ZH favoriye eklenen sign’ları oynatma.,"Sadece favori
Pikachu Sahnelerini
izleyebilirsin.",MANUEL İNCELENDİ,DEĞİŞTİ,‘Pika İpuçları’ yanlış terimi kaldırıldı.,FR/DE/IT/ES favori sahneler/sekanslar; JP/ZH favoriye eklenen sign’ları oynatma.,"Sadece favori
Pikachu Sahnelerini
izleyebilirsin.",MANUEL İNCELENDİ,DEĞİŞTİ,‘Pika İpuçları’ yanlış terimi kaldırıldı.,FR/DE/IT/ES favori sahneler/sekanslar; JP/ZH favoriye eklenen sign’ları oynatma.,"Sadece favori
Pikachu Sahnelerini
izleyebilirsin.",MANUEL İNCELENDİ,DEĞİŞTİ,‘Pika İpuçları’ yanlış terimi kaldırıldı.,FR/DE/IT/ES favori sahneler/sekanslar; JP/ZH favoriye eklenen sign’ları oynatma.,"Sadece favori
Pikachu Sahnelerini
izleyebilirsin.",MANUEL İNCELENDİ,DEĞİŞTİ,‘Pika İpuçları’ yanlış terimi kaldırıldı.,FR/DE/IT/ES favori sahneler/sekanslar; JP/ZH favoriye eklenen sign’ları oynatma.,"Sadece favori
Pikachu Sahnelerini
izleyebilirsin.",MANUEL İNCELENDİ,DEĞİŞTİ,‘Pika İpuçları’ yanlış terimi kaldırıldı.,FR/DE/IT/ES favori sahneler/sekanslar; JP/ZH favoriye eklenen sign’ları oynatma.
32,TITLE_PIKASIGN_TOP_CATEGORY_CAFE,Coffee Notes,Café du détective,Kaffeeklatsch,Consigli sul caffè,Sabiduría cafetera,コーヒーメモ,コーヒーメモ,咖啡笔记,咖啡筆記,Kafe Notları,Kahve Notları,Kahve Notları,MANUEL İNCELENDİ,DEĞİŞTİ,‘Coffee’ burada kafe değil kahve üzerine notlar kategorisi.,EN Coffee Notes; JP/ZH kahve notları; IT/ES kahve tavsiyesi/bilgeliği; DE kahve sohbeti.,Kahve Notları,MANUEL İNCELENDİ,DEĞİŞTİ,‘Coffee’ burada kafe değil kahve üzerine notlar kategorisi.,EN Coffee Notes; JP/ZH kahve notları; IT/ES kahve tavsiyesi/bilgeliği; DE kahve sohbeti.,Kahve Notları,MANUEL İNCELENDİ,DEĞİŞTİ,‘Coffee’ burada kafe değil kahve üzerine notlar kategorisi.,EN Coffee Notes; JP/ZH kahve notları; IT/ES kahve tavsiyesi/bilgeliği; DE kahve sohbeti.,Kahve Notları,MANUEL İNCELENDİ,DEĞİŞTİ,‘Coffee’ burada kafe değil kahve üzerine notlar kategorisi.,EN Coffee Notes; JP/ZH kahve notları; IT/ES kahve tavsiyesi/bilgeliği; DE kahve sohbeti.,Kahve Notları,MANUEL İNCELENDİ,DEĞİŞTİ,‘Coffee’ burada kafe değil kahve üzerine notlar kategorisi.,EN Coffee Notes; JP/ZH kahve notları; IT/ES kahve tavsiyesi/bilgeliği; DE kahve sohbeti.,Kahve Notları,MANUEL İNCELENDİ,DEĞİŞTİ,‘Coffee’ burada kafe değil kahve üzerine notlar kategorisi.,EN Coffee Notes; JP/ZH kahve notları; IT/ES kahve tavsiyesi/bilgeliği; DE kahve sohbeti.,Kahve Notları,MANUEL İNCELENDİ,DEĞİŞTİ,‘Coffee’ burada kafe değil kahve üzerine notlar kategorisi.,EN Coffee Notes; JP/ZH kahve notları; IT/ES kahve tavsiyesi/bilgeliği; DE kahve sohbeti.,Kahve Notları,MANUEL İNCELENDİ,DEĞİŞTİ,‘Coffee’ burada kafe değil kahve üzerine notlar kategorisi.,EN Coffee Notes; JP/ZH kahve notları; IT/ES kahve tavsiyesi/bilgeliği; DE kahve sohbeti.,Kahve Notları,MANUEL İNCELENDİ,DEĞİŞTİ,‘Coffee’ burada kafe değil kahve üzerine notlar kategorisi.,EN Coffee Notes; JP/ZH kahve notları; IT/ES kahve tavsiyesi/bilgeliği; DE kahve sohbeti.,Kahve Notları,MANUEL İNCELENDİ,DEĞİŞTİ,‘Coffee’ burada kafe değil kahve üzerine notlar kategorisi.,EN Coffee Notes; JP/ZH kahve notları; IT/ES kahve tavsiyesi/bilgeliği; DE kahve sohbeti.,Kahve Notları,MANUEL İNCELENDİ,DEĞİŞTİ,‘Coffee’ burada kafe değil kahve üzerine notlar kategorisi.,EN Coffee Notes; JP/ZH kahve notları; IT/ES kahve tavsiyesi/bilgeliği; DE kahve sohbeti.,Kahve Notları,MANUEL İNCELENDİ,DEĞİŞTİ,‘Coffee’ burada kafe değil kahve üzerine notlar kategorisi.,EN Coffee Notes; JP/ZH kahve notları; IT/ES kahve tavsiyesi/bilgeliği; DE kahve sohbeti.
33,TITLE_PIKASIGN_TOP_CATEGORY_KNOWLEDGE,Detective Tips,Code du détective,Detektivtipps,Consigli per detective,Consejos detectivescos,探偵の心得,たんていの こころえ,侦探的心得,偵探心法,Dedektiflik İpuçları,Dedektiflik İpuçları,Dedektiflik İpuçları,MANUEL İNCELENDİ,AYNI KALDI,Menü/yer/bölüm adı veya kısa UI metni v4’te doğal ve anlamca doğru.,EN/FR/DE/IT/ES ile JP/ZH temel ad/işlevde uyumlu; Türkçe karşılık hedef bağlamı koruyor.,Dedektiflik İpuçları,MANUEL İNCELENDİ,AYNI KALDI,Menü/yer/bölüm adı veya kısa UI metni v4’te doğal ve anlamca doğru.,EN/FR/DE/IT/ES ile JP/ZH temel ad/işlevde uyumlu; Türkçe karşılık hedef bağlamı koruyor.,Dedektiflik İpuçları,MANUEL İNCELENDİ,AYNI KALDI,Menü/yer/bölüm adı veya kısa UI metni v4’te doğal ve anlamca doğru.,EN/FR/DE/IT/ES ile JP/ZH temel ad/işlevde uyumlu; Türkçe karşılık hedef bağlamı koruyor.,Dedektiflik İpuçları,MANUEL İNCELENDİ,AYNI KALDI,Menü/yer/bölüm adı veya kısa UI metni v4’te doğal ve anlamca doğru.,EN/FR/DE/IT/ES ile JP/ZH temel ad/işlevde uyumlu; Türkçe karşılık hedef bağlamı koruyor.,Dedektiflik İpuçları,MANUEL İNCELENDİ,AYNI KALDI,Menü/yer/bölüm adı veya kısa UI metni v4’te doğal ve anlamca doğru.,EN/FR/DE/IT/ES ile JP/ZH temel ad/işlevde uyumlu; Türkçe karşılık hedef bağlamı koruyor.,Dedektiflik İpuçları,MANUEL İNCELENDİ,AYNI KALDI,Menü/yer/bölüm adı veya kısa UI metni v4’te doğal ve anlamca doğru.,EN/FR/DE/IT/ES ile JP/ZH temel ad/işlevde uyumlu; Türkçe karşılık hedef bağlamı koruyor.,Dedektiflik İpuçları,MANUEL İNCELENDİ,AYNI KALDI,Menü/yer/bölüm adı veya kısa UI metni v4’te doğal ve anlamca doğru.,EN/FR/DE/IT/ES ile JP/ZH temel ad/işlevde uyumlu; Türkçe karşılık hedef bağlamı koruyor.,Dedektiflik İpuçları,MANUEL İNCELENDİ,AYNI KALDI,Menü/yer/bölüm adı veya kısa UI metni v4’te doğal ve anlamca doğru.,EN/FR/DE/IT/ES ile JP/ZH temel ad/işlevde uyumlu; Türkçe karşılık hedef bağlamı koruyor.,Dedektiflik İpuçları,MANUEL İNCELENDİ,AYNI KALDI,Menü/yer/bölüm adı veya kısa UI metni v4’te doğal ve anlamca doğru.,EN/FR/DE/IT/ES ile JP/ZH temel ad/işlevde uyumlu; Türkçe karşılık hedef bağlamı koruyor.,Dedektiflik İpuçları,MANUEL İNCELENDİ,AYNI KALDI,Menü/yer/bölüm adı veya kısa UI metni v4’te doğal ve anlamca doğru.,EN/FR/DE/IT/ES ile JP/ZH temel ad/işlevde uyumlu; Türkçe karşılık hedef bağlamı koruyor.,Dedektiflik İpuçları,MANUEL İNCELENDİ,AYNI KALDI,Menü/yer/bölüm adı veya kısa UI metni v4’te doğal ve anlamca doğru.,EN/FR/DE/IT/ES ile JP/ZH temel ad/işlevde uyumlu; Türkçe karşılık hedef bağlamı koruyor.,Dedektiflik İpuçları,MANUEL İNCELENDİ,AYNI KALDI,Menü/yer/bölüm adı veya kısa UI metni v4’te doğal ve anlamca doğru.,EN/FR/DE/IT/ES ile JP/ZH temel ad/işlevde uyumlu; Türkçe karşılık hedef bağlamı koruyor.
34,TITLE_PIKASIGN_TOP_CATEGORY_FAVORITE,Favorite Pika Prompts,Pika-Scènes favorites,Favoriten,Scene preferite,Momentos favoritos,おきにいりサイン,おきにいりサイン,喜欢的暗号,我的最愛,Favori Pika İpuçları,Favori Pikachu Sahneleri,Favori Pikachu Sahneleri,MANUEL İNCELENDİ,DEĞİŞTİ,Özellik terminolojisi sahne olarak düzeltildi.,FR Pika-Scènes favorites; DE Favoriten (Pikachu sequences); IT scene preferite; ES momentos favoritos.,Favori Pikachu Sahneleri,MANUEL İNCELENDİ,DEĞİŞTİ,Özellik terminolojisi sahne olarak düzeltildi.,FR Pika-Scènes favorites; DE Favoriten (Pikachu sequences); IT scene preferite; ES momentos favoritos.,Favori Pikachu Sahneleri,MANUEL İNCELENDİ,DEĞİŞTİ,Özellik terminolojisi sahne olarak düzeltildi.,FR Pika-Scènes favorites; DE Favoriten (Pikachu sequences); IT scene preferite; ES momentos favoritos.,Favori Pikachu Sahneleri,MANUEL İNCELENDİ,DEĞİŞTİ,Özellik terminolojisi sahne olarak düzeltildi.,FR Pika-Scènes favorites; DE Favoriten (Pikachu sequences); IT scene preferite; ES momentos favoritos.,Favori Pikachu Sahneleri,MANUEL İNCELENDİ,DEĞİŞTİ,Özellik terminolojisi sahne olarak düzeltildi.,FR Pika-Scènes favorites; DE Favoriten (Pikachu sequences); IT scene preferite; ES momentos favoritos.,Favori Pikachu Sahneleri,MANUEL İNCELENDİ,DEĞİŞTİ,Özellik terminolojisi sahne olarak düzeltildi.,FR Pika-Scènes favorites; DE Favoriten (Pikachu sequences); IT scene preferite; ES momentos favoritos.,Favori Pikachu Sahneleri,MANUEL İNCELENDİ,DEĞİŞTİ,Özellik terminolojisi sahne olarak düzeltildi.,FR Pika-Scènes favorites; DE Favoriten (Pikachu sequences); IT scene preferite; ES momentos favoritos.,Favori Pikachu Sahneleri,MANUEL İNCELENDİ,DEĞİŞTİ,Özellik terminolojisi sahne olarak düzeltildi.,FR Pika-Scènes favorites; DE Favoriten (Pikachu sequences); IT scene preferite; ES momentos favoritos.,Favori Pikachu Sahneleri,MANUEL İNCELENDİ,DEĞİŞTİ,Özellik terminolojisi sahne olarak düzeltildi.,FR Pika-Scènes favorites; DE Favoriten (Pikachu sequences); IT scene preferite; ES momentos favoritos.,Favori Pikachu Sahneleri,MANUEL İNCELENDİ,DEĞİŞTİ,Özellik terminolojisi sahne olarak düzeltildi.,FR Pika-Scènes favorites; DE Favoriten (Pikachu sequences); IT scene preferite; ES momentos favoritos.,Favori Pikachu Sahneleri,MANUEL İNCELENDİ,DEĞİŞTİ,Özellik terminolojisi sahne olarak düzeltildi.,FR Pika-Scènes favorites; DE Favoriten (Pikachu sequences); IT scene preferite; ES momentos favoritos.,Favori Pikachu Sahneleri,MANUEL İNCELENDİ,DEĞİŞTİ,Özellik terminolojisi sahne olarak düzeltildi.,FR Pika-Scènes favorites; DE Favoriten (Pikachu sequences); IT scene preferite; ES momentos favoritos.
35,TITLE_PIKASIGN_TOP_CATEGORY_COMMON,General Pika Prompts,Autres Pika-Scènes,Andere Sequenzen,Scene varie,Momentos genéricos,どこでもサイン,どこでもサイン,普通的暗号,閒聊說笑,Genel Pika İpuçları,Genel Pikachu Sahneleri,Genel Pikachu Sahneleri,MANUEL İNCELENDİ,DEĞİŞTİ,Özellik terminolojisi sahne olarak düzeltildi.,EN General Pika Prompts; FR/DE/IT diğer/çeşitli sahneler; ES genel anlar; JP/ZH genel sign kategorisi.,Genel Pikachu Sahneleri,MANUEL İNCELENDİ,DEĞİŞTİ,Özellik terminolojisi sahne olarak düzeltildi.,EN General Pika Prompts; FR/DE/IT diğer/çeşitli sahneler; ES genel anlar; JP/ZH genel sign kategorisi.,Genel Pikachu Sahneleri,MANUEL İNCELENDİ,DEĞİŞTİ,Özellik terminolojisi sahne olarak düzeltildi.,EN General Pika Prompts; FR/DE/IT diğer/çeşitli sahneler; ES genel anlar; JP/ZH genel sign kategorisi.,Genel Pikachu Sahneleri,MANUEL İNCELENDİ,DEĞİŞTİ,Özellik terminolojisi sahne olarak düzeltildi.,EN General Pika Prompts; FR/DE/IT diğer/çeşitli sahneler; ES genel anlar; JP/ZH genel sign kategorisi.,Genel Pikachu Sahneleri,MANUEL İNCELENDİ,DEĞİŞTİ,Özellik terminolojisi sahne olarak düzeltildi.,EN General Pika Prompts; FR/DE/IT diğer/çeşitli sahneler; ES genel anlar; JP/ZH genel sign kategorisi.,Genel Pikachu Sahneleri,MANUEL İNCELENDİ,DEĞİŞTİ,Özellik terminolojisi sahne olarak düzeltildi.,EN General Pika Prompts; FR/DE/IT diğer/çeşitli sahneler; ES genel anlar; JP/ZH genel sign kategorisi.,Genel Pikachu Sahneleri,MANUEL İNCELENDİ,DEĞİŞTİ,Özellik terminolojisi sahne olarak düzeltildi.,EN General Pika Prompts; FR/DE/IT diğer/çeşitli sahneler; ES genel anlar; JP/ZH genel sign kategorisi.,Genel Pikachu Sahneleri,MANUEL İNCELENDİ,DEĞİŞTİ,Özellik terminolojisi sahne olarak düzeltildi.,EN General Pika Prompts; FR/DE/IT diğer/çeşitli sahneler; ES genel anlar; JP/ZH genel sign kategorisi.,Genel Pikachu Sahneleri,MANUEL İNCELENDİ,DEĞİŞTİ,Özellik terminolojisi sahne olarak düzeltildi.,EN General Pika Prompts; FR/DE/IT diğer/çeşitli sahneler; ES genel anlar; JP/ZH genel sign kategorisi.,Genel Pikachu Sahneleri,MANUEL İNCELENDİ,DEĞİŞTİ,Özellik terminolojisi sahne olarak düzeltildi.,EN General Pika Prompts; FR/DE/IT diğer/çeşitli sahneler; ES genel anlar; JP/ZH genel sign kategorisi.,Genel Pikachu Sahneleri,MANUEL İNCELENDİ,DEĞİŞTİ,Özellik terminolojisi sahne olarak düzeltildi.,EN General Pika Prompts; FR/DE/IT diğer/çeşitli sahneler; ES genel anlar; JP/ZH genel sign kategorisi.,Genel Pikachu Sahneleri,MANUEL İNCELENDİ,DEĞİŞTİ,Özellik terminolojisi sahne olarak düzeltildi.,EN General Pika Prompts; FR/DE/IT diğer/çeşitli sahneler; ES genel anlar; JP/ZH genel sign kategorisi.
36,TITLE_MAIN_MENU_BACKTITLE,Return to Title Screen,Écran titre,Titelbildschirm,Vai allo schermo del titolo,Menú del título,タイトルに戻る,タイトルにもどる,返回标题画面,返回標題畫面,Başlık Ekranına Dön,Başlık Ekranına Dön,Başlık Ekranına Dön,MANUEL İNCELENDİ,AYNI KALDI,Menü/yer/bölüm adı veya kısa UI metni v4’te doğal ve anlamca doğru.,EN/FR/DE/IT/ES ile JP/ZH temel ad/işlevde uyumlu; Türkçe karşılık hedef bağlamı koruyor.,Başlık Ekranına Dön,MANUEL İNCELENDİ,AYNI KALDI,Menü/yer/bölüm adı veya kısa UI metni v4’te doğal ve anlamca doğru.,EN/FR/DE/IT/ES ile JP/ZH temel ad/işlevde uyumlu; Türkçe karşılık hedef bağlamı koruyor.,Başlık Ekranına Dön,MANUEL İNCELENDİ,AYNI KALDI,Menü/yer/bölüm adı veya kısa UI metni v4’te doğal ve anlamca doğru.,EN/FR/DE/IT/ES ile JP/ZH temel ad/işlevde uyumlu; Türkçe karşılık hedef bağlamı koruyor.,Başlık Ekranına Dön,MANUEL İNCELENDİ,AYNI KALDI,Menü/yer/bölüm adı veya kısa UI metni v4’te doğal ve anlamca doğru.,EN/FR/DE/IT/ES ile JP/ZH temel ad/işlevde uyumlu; Türkçe karşılık hedef bağlamı koruyor.,Başlık Ekranına Dön,MANUEL İNCELENDİ,AYNI KALDI,Menü/yer/bölüm adı veya kısa UI metni v4’te doğal ve anlamca doğru.,EN/FR/DE/IT/ES ile JP/ZH temel ad/işlevde uyumlu; Türkçe karşılık hedef bağlamı koruyor.,Başlık Ekranına Dön,MANUEL İNCELENDİ,AYNI KALDI,Menü/yer/bölüm adı veya kısa UI metni v4’te doğal ve anlamca doğru.,EN/FR/DE/IT/ES ile JP/ZH temel ad/işlevde uyumlu; Türkçe karşılık hedef bağlamı koruyor.,Başlık Ekranına Dön,MANUEL İNCELENDİ,AYNI KALDI,Menü/yer/bölüm adı veya kısa UI metni v4’te doğal ve anlamca doğru.,EN/FR/DE/IT/ES ile JP/ZH temel ad/işlevde uyumlu; Türkçe karşılık hedef bağlamı koruyor.,Başlık Ekranına Dön,MANUEL İNCELENDİ,AYNI KALDI,Menü/yer/bölüm adı veya kısa UI metni v4’te doğal ve anlamca doğru.,EN/FR/DE/IT/ES ile JP/ZH temel ad/işlevde uyumlu; Türkçe karşılık hedef bağlamı koruyor.,Başlık Ekranına Dön,MANUEL İNCELENDİ,AYNI KALDI,Menü/yer/bölüm adı veya kısa UI metni v4’te doğal ve anlamca doğru.,EN/FR/DE/IT/ES ile JP/ZH temel ad/işlevde uyumlu; Türkçe karşılık hedef bağlamı koruyor.,Başlık Ekranına Dön,MANUEL İNCELENDİ,AYNI KALDI,Menü/yer/bölüm adı veya kısa UI metni v4’te doğal ve anlamca doğru.,EN/FR/DE/IT/ES ile JP/ZH temel ad/işlevde uyumlu; Türkçe karşılık hedef bağlamı koruyor.,Başlık Ekranına Dön,MANUEL İNCELENDİ,AYNI KALDI,Menü/yer/bölüm adı veya kısa UI metni v4’te doğal ve anlamca doğru.,EN/FR/DE/IT/ES ile JP/ZH temel ad/işlevde uyumlu; Türkçe karşılık hedef bağlamı koruyor.,Başlık Ekranına Dön,MANUEL İNCELENDİ,AYNI KALDI,Menü/yer/bölüm adı veya kısa UI metni v4’te doğal ve anlamca doğru.,EN/FR/DE/IT/ES ile JP/ZH temel ad/işlevde uyumlu; Türkçe karşılık hedef bağlamı koruyor.
37,TITLE_SETTING_TOP_LANGUAGE_GUIDE,"Set the language that will be displayed
in the game.",Choisir la langue du texte du jeu.,"Wähle, in welcher Sprache du
spielen möchtest.",Seleziona la lingua.,"Selecciona el idioma en el que se mostrarán
tanto los diálogos como los subtítulos.","ゲームで表示する
文字を設定します","ゲームでひょうじする
もじをせっていします",设置游戏中显示的文字。,"設定要在遊戲裡
顯示的文字","Oyunda görüntülenecek dili
ayarla.","Oyunda görüntülenecek metnin dilini
ayarla.","Oyunda görüntülenecek metnin dilini
ayarla.",MANUEL İNCELENDİ,DEĞİŞTİ,Seslendirme ayarından ayrım netleştirildi; burada ‘metin’ kastediliyor.,"DE Spieltext, ES dialogues/subtitles, JP/ZH displayed characters/text; FR game text.","Oyunda görüntülenecek metnin dilini
ayarla.",MANUEL İNCELENDİ,DEĞİŞTİ,Seslendirme ayarından ayrım netleştirildi; burada ‘metin’ kastediliyor.,"DE Spieltext, ES dialogues/subtitles, JP/ZH displayed characters/text; FR game text.","Oyunda görüntülenecek metnin dilini
ayarla.",MANUEL İNCELENDİ,DEĞİŞTİ,Seslendirme ayarından ayrım netleştirildi; burada ‘metin’ kastediliyor.,"DE Spieltext, ES dialogues/subtitles, JP/ZH displayed characters/text; FR game text.","Oyunda görüntülenecek metnin dilini
ayarla.",MANUEL İNCELENDİ,DEĞİŞTİ,Seslendirme ayarından ayrım netleştirildi; burada ‘metin’ kastediliyor.,"DE Spieltext, ES dialogues/subtitles, JP/ZH displayed characters/text; FR game text.","Oyunda görüntülenecek metnin dilini
ayarla.",MANUEL İNCELENDİ,DEĞİŞTİ,Seslendirme ayarından ayrım netleştirildi; burada ‘metin’ kastediliyor.,"DE Spieltext, ES dialogues/subtitles, JP/ZH displayed characters/text; FR game text.","Oyunda görüntülenecek metnin dilini
ayarla.",MANUEL İNCELENDİ,DEĞİŞTİ,Seslendirme ayarından ayrım netleştirildi; burada ‘metin’ kastediliyor.,"DE Spieltext, ES dialogues/subtitles, JP/ZH displayed characters/text; FR game text.","Oyunda görüntülenecek metnin dilini
ayarla.",MANUEL İNCELENDİ,DEĞİŞTİ,Seslendirme ayarından ayrım netleştirildi; burada ‘metin’ kastediliyor.,"DE Spieltext, ES dialogues/subtitles, JP/ZH displayed characters/text; FR game text.","Oyunda görüntülenecek metnin dilini
ayarla.",MANUEL İNCELENDİ,DEĞİŞTİ,Seslendirme ayarından ayrım netleştirildi; burada ‘metin’ kastediliyor.,"DE Spieltext, ES dialogues/subtitles, JP/ZH displayed characters/text; FR game text.","Oyunda görüntülenecek metnin dilini
ayarla.",MANUEL İNCELENDİ,DEĞİŞTİ,Seslendirme ayarından ayrım netleştirildi; burada ‘metin’ kastediliyor.,"DE Spieltext, ES dialogues/subtitles, JP/ZH displayed characters/text; FR game text.","Oyunda görüntülenecek metnin dilini
ayarla.",MANUEL İNCELENDİ,DEĞİŞTİ,Seslendirme ayarından ayrım netleştirildi; burada ‘metin’ kastediliyor.,"DE Spieltext, ES dialogues/subtitles, JP/ZH displayed characters/text; FR game text.","Oyunda görüntülenecek metnin dilini
ayarla.",MANUEL İNCELENDİ,DEĞİŞTİ,Seslendirme ayarından ayrım netleştirildi; burada ‘metin’ kastediliyor.,"DE Spieltext, ES dialogues/subtitles, JP/ZH displayed characters/text; FR game text.","Oyunda görüntülenecek metnin dilini
ayarla.",MANUEL İNCELENDİ,DEĞİŞTİ,Seslendirme ayarından ayrım netleştirildi; burada ‘metin’ kastediliyor.,"DE Spieltext, ES dialogues/subtitles, JP/ZH displayed characters/text; FR game text."
38,TITLE_SETTING_TOP_LANGUAGE,Language,Texte,Spieltext,Testo,Textos,文字,もじ,文字,文字,Dil,Metin Dili,Metin Dili,MANUEL İNCELENDİ,DEĞİŞTİ,Tek başına ‘Dil’ seslendirme seçeneği yanında belirsizdi.,"FR Texte, DE Spieltext, IT Testo, ES Textos, JP/ZH 文字: çoğu dil başlığı doğrudan metin olarak adlandırıyor.",Metin Dili,MANUEL İNCELENDİ,DEĞİŞTİ,Tek başına ‘Dil’ seslendirme seçeneği yanında belirsizdi.,"FR Texte, DE Spieltext, IT Testo, ES Textos, JP/ZH 文字: çoğu dil başlığı doğrudan metin olarak adlandırıyor.",Metin Dili,MANUEL İNCELENDİ,DEĞİŞTİ,Tek başına ‘Dil’ seslendirme seçeneği yanında belirsizdi.,"FR Texte, DE Spieltext, IT Testo, ES Textos, JP/ZH 文字: çoğu dil başlığı doğrudan metin olarak adlandırıyor.",Metin Dili,MANUEL İNCELENDİ,DEĞİŞTİ,Tek başına ‘Dil’ seslendirme seçeneği yanında belirsizdi.,"FR Texte, DE Spieltext, IT Testo, ES Textos, JP/ZH 文字: çoğu dil başlığı doğrudan metin olarak adlandırıyor.",Metin Dili,MANUEL İNCELENDİ,DEĞİŞTİ,Tek başına ‘Dil’ seslendirme seçeneği yanında belirsizdi.,"FR Texte, DE Spieltext, IT Testo, ES Textos, JP/ZH 文字: çoğu dil başlığı doğrudan metin olarak adlandırıyor.",Metin Dili,MANUEL İNCELENDİ,DEĞİŞTİ,Tek başına ‘Dil’ seslendirme seçeneği yanında belirsizdi.,"FR Texte, DE Spieltext, IT Testo, ES Textos, JP/ZH 文字: çoğu dil başlığı doğrudan metin olarak adlandırıyor.",Metin Dili,MANUEL İNCELENDİ,DEĞİŞTİ,Tek başına ‘Dil’ seslendirme seçeneği yanında belirsizdi.,"FR Texte, DE Spieltext, IT Testo, ES Textos, JP/ZH 文字: çoğu dil başlığı doğrudan metin olarak adlandırıyor.",Metin Dili,MANUEL İNCELENDİ,DEĞİŞTİ,Tek başına ‘Dil’ seslendirme seçeneği yanında belirsizdi.,"FR Texte, DE Spieltext, IT Testo, ES Textos, JP/ZH 文字: çoğu dil başlığı doğrudan metin olarak adlandırıyor.",Metin Dili,MANUEL İNCELENDİ,DEĞİŞTİ,Tek başına ‘Dil’ seslendirme seçeneği yanında belirsizdi.,"FR Texte, DE Spieltext, IT Testo, ES Textos, JP/ZH 文字: çoğu dil başlığı doğrudan metin olarak adlandırıyor.",Metin Dili,MANUEL İNCELENDİ,DEĞİŞTİ,Tek başına ‘Dil’ seslendirme seçeneği yanında belirsizdi.,"FR Texte, DE Spieltext, IT Testo, ES Textos, JP/ZH 文字: çoğu dil başlığı doğrudan metin olarak adlandırıyor.",Metin Dili,MANUEL İNCELENDİ,DEĞİŞTİ,Tek başına ‘Dil’ seslendirme seçeneği yanında belirsizdi.,"FR Texte, DE Spieltext, IT Testo, ES Textos, JP/ZH 文字: çoğu dil başlığı doğrudan metin olarak adlandırıyor.",Metin Dili,MANUEL İNCELENDİ,DEĞİŞTİ,Tek başına ‘Dil’ seslendirme seçeneği yanında belirsizdi.,"FR Texte, DE Spieltext, IT Testo, ES Textos, JP/ZH 文字: çoğu dil başlığı doğrudan metin olarak adlandırıyor."
39,TITLE_SETTING_TOP_VOICE_GUIDE,Set the language of the game audio.,Choisir la langue des voix du jeu.,Wähle die Sprache für die Stimmen.,Seleziona la lingua.,Selecciona el idioma de las voces.,"ゲームの音声を
設定します","ゲームのおんせいを
せっていします",设置游戏的语音,設定遊戲的語音,Oyun seslerinin dilini ayarla.,Seslendirme dilini ayarla.,Seslendirme dilini ayarla.,MANUEL İNCELENDİ,DEĞİŞTİ,‘Oyun sesleri’ efektleri de kapsar gibi duruyordu; hedef konuşma/voice language.,"FR voix, DE Stimmen, ES voces; JP/ZH voice/audio language.",Seslendirme dilini ayarla.,MANUEL İNCELENDİ,DEĞİŞTİ,‘Oyun sesleri’ efektleri de kapsar gibi duruyordu; hedef konuşma/voice language.,"FR voix, DE Stimmen, ES voces; JP/ZH voice/audio language.",Seslendirme dilini ayarla.,MANUEL İNCELENDİ,DEĞİŞTİ,‘Oyun sesleri’ efektleri de kapsar gibi duruyordu; hedef konuşma/voice language.,"FR voix, DE Stimmen, ES voces; JP/ZH voice/audio language.",Seslendirme dilini ayarla.,MANUEL İNCELENDİ,DEĞİŞTİ,‘Oyun sesleri’ efektleri de kapsar gibi duruyordu; hedef konuşma/voice language.,"FR voix, DE Stimmen, ES voces; JP/ZH voice/audio language.",Seslendirme dilini ayarla.,MANUEL İNCELENDİ,DEĞİŞTİ,‘Oyun sesleri’ efektleri de kapsar gibi duruyordu; hedef konuşma/voice language.,"FR voix, DE Stimmen, ES voces; JP/ZH voice/audio language.",Seslendirme dilini ayarla.,MANUEL İNCELENDİ,DEĞİŞTİ,‘Oyun sesleri’ efektleri de kapsar gibi duruyordu; hedef konuşma/voice language.,"FR voix, DE Stimmen, ES voces; JP/ZH voice/audio language.",Seslendirme dilini ayarla.,MANUEL İNCELENDİ,DEĞİŞTİ,‘Oyun sesleri’ efektleri de kapsar gibi duruyordu; hedef konuşma/voice language.,"FR voix, DE Stimmen, ES voces; JP/ZH voice/audio language.",Seslendirme dilini ayarla.,MANUEL İNCELENDİ,DEĞİŞTİ,‘Oyun sesleri’ efektleri de kapsar gibi duruyordu; hedef konuşma/voice language.,"FR voix, DE Stimmen, ES voces; JP/ZH voice/audio language.",Seslendirme dilini ayarla.,MANUEL İNCELENDİ,DEĞİŞTİ,‘Oyun sesleri’ efektleri de kapsar gibi duruyordu; hedef konuşma/voice language.,"FR voix, DE Stimmen, ES voces; JP/ZH voice/audio language.",Seslendirme dilini ayarla.,MANUEL İNCELENDİ,DEĞİŞTİ,‘Oyun sesleri’ efektleri de kapsar gibi duruyordu; hedef konuşma/voice language.,"FR voix, DE Stimmen, ES voces; JP/ZH voice/audio language.",Seslendirme dilini ayarla.,MANUEL İNCELENDİ,DEĞİŞTİ,‘Oyun sesleri’ efektleri de kapsar gibi duruyordu; hedef konuşma/voice language.,"FR voix, DE Stimmen, ES voces; JP/ZH voice/audio language.",Seslendirme dilini ayarla.,MANUEL İNCELENDİ,DEĞİŞTİ,‘Oyun sesleri’ efektleri de kapsar gibi duruyordu; hedef konuşma/voice language.,"FR voix, DE Stimmen, ES voces; JP/ZH voice/audio language."
40,TITLE_SETTING_VOICE_GUIDE,Which language do you want for game audio?,Choisissez la langue des voix.,"Wähle, in welcher Sprache die Stimmen
wiedergegeben werden sollen.","Seleziona la lingua dei filmati e
delle voci presenti del gioco.",¿En qué idioma quieres las voces?,どちらの音声で遊びますか？,"どちらのおんせいで
あそびますか？",选择哪种语音进行游戏？,要以哪種語音進行遊戲？,Oyun sesleri için hangi dili istiyorsun?,Seslendirme dili hangisi olsun?,Seslendirme dili hangisi olsun?,MANUEL İNCELENDİ,DEĞİŞTİ,Türkçe soru doğallaştırıldı ve voice/audio kapsamı netleştirildi.,"FR/DE/ES voices, JP/ZH which voice language; IT video/voices.",Seslendirme dili hangisi olsun?,MANUEL İNCELENDİ,DEĞİŞTİ,Türkçe soru doğallaştırıldı ve voice/audio kapsamı netleştirildi.,"FR/DE/ES voices, JP/ZH which voice language; IT video/voices.",Seslendirme dili hangisi olsun?,MANUEL İNCELENDİ,DEĞİŞTİ,Türkçe soru doğallaştırıldı ve voice/audio kapsamı netleştirildi.,"FR/DE/ES voices, JP/ZH which voice language; IT video/voices.",Seslendirme dili hangisi olsun?,MANUEL İNCELENDİ,DEĞİŞTİ,Türkçe soru doğallaştırıldı ve voice/audio kapsamı netleştirildi.,"FR/DE/ES voices, JP/ZH which voice language; IT video/voices.",Seslendirme dili hangisi olsun?,MANUEL İNCELENDİ,DEĞİŞTİ,Türkçe soru doğallaştırıldı ve voice/audio kapsamı netleştirildi.,"FR/DE/ES voices, JP/ZH which voice language; IT video/voices.",Seslendirme dili hangisi olsun?,MANUEL İNCELENDİ,DEĞİŞTİ,Türkçe soru doğallaştırıldı ve voice/audio kapsamı netleştirildi.,"FR/DE/ES voices, JP/ZH which voice language; IT video/voices.",Seslendirme dili hangisi olsun?,MANUEL İNCELENDİ,DEĞİŞTİ,Türkçe soru doğallaştırıldı ve voice/audio kapsamı netleştirildi.,"FR/DE/ES voices, JP/ZH which voice language; IT video/voices.",Seslendirme dili hangisi olsun?,MANUEL İNCELENDİ,DEĞİŞTİ,Türkçe soru doğallaştırıldı ve voice/audio kapsamı netleştirildi.,"FR/DE/ES voices, JP/ZH which voice language; IT video/voices.",Seslendirme dili hangisi olsun?,MANUEL İNCELENDİ,DEĞİŞTİ,Türkçe soru doğallaştırıldı ve voice/audio kapsamı netleştirildi.,"FR/DE/ES voices, JP/ZH which voice language; IT video/voices.",Seslendirme dili hangisi olsun?,MANUEL İNCELENDİ,DEĞİŞTİ,Türkçe soru doğallaştırıldı ve voice/audio kapsamı netleştirildi.,"FR/DE/ES voices, JP/ZH which voice language; IT video/voices.",Seslendirme dili hangisi olsun?,MANUEL İNCELENDİ,DEĞİŞTİ,Türkçe soru doğallaştırıldı ve voice/audio kapsamı netleştirildi.,"FR/DE/ES voices, JP/ZH which voice language; IT video/voices.",Seslendirme dili hangisi olsun?,MANUEL İNCELENDİ,DEĞİŞTİ,Türkçe soru doğallaştırıldı ve voice/audio kapsamı netleştirildi.,"FR/DE/ES voices, JP/ZH which voice language; IT video/voices."
41,TITLE_SETTING_TOP_VOICE,Audio,Voix,Stimmen,Audio,Voces,音声,おんせい,语音,語音,Ses,Ses Dili,Ses Dili,MANUEL İNCELENDİ,DEĞİŞTİ,‘Ses’ fazla genel; burada seçilebilir voice track kastediliyor.,"FR Voix, DE Stimmen, ES Voces; JP/ZH voice. EN/IT Audio daha geniş ama menü işlevi voice language.",Ses Dili,MANUEL İNCELENDİ,DEĞİŞTİ,‘Ses’ fazla genel; burada seçilebilir voice track kastediliyor.,"FR Voix, DE Stimmen, ES Voces; JP/ZH voice. EN/IT Audio daha geniş ama menü işlevi voice language.",Ses Dili,MANUEL İNCELENDİ,DEĞİŞTİ,‘Ses’ fazla genel; burada seçilebilir voice track kastediliyor.,"FR Voix, DE Stimmen, ES Voces; JP/ZH voice. EN/IT Audio daha geniş ama menü işlevi voice language.",Ses Dili,MANUEL İNCELENDİ,DEĞİŞTİ,‘Ses’ fazla genel; burada seçilebilir voice track kastediliyor.,"FR Voix, DE Stimmen, ES Voces; JP/ZH voice. EN/IT Audio daha geniş ama menü işlevi voice language.",Ses Dili,MANUEL İNCELENDİ,DEĞİŞTİ,‘Ses’ fazla genel; burada seçilebilir voice track kastediliyor.,"FR Voix, DE Stimmen, ES Voces; JP/ZH voice. EN/IT Audio daha geniş ama menü işlevi voice language.",Ses Dili,MANUEL İNCELENDİ,DEĞİŞTİ,‘Ses’ fazla genel; burada seçilebilir voice track kastediliyor.,"FR Voix, DE Stimmen, ES Voces; JP/ZH voice. EN/IT Audio daha geniş ama menü işlevi voice language.",Ses Dili,MANUEL İNCELENDİ,DEĞİŞTİ,‘Ses’ fazla genel; burada seçilebilir voice track kastediliyor.,"FR Voix, DE Stimmen, ES Voces; JP/ZH voice. EN/IT Audio daha geniş ama menü işlevi voice language.",Ses Dili,MANUEL İNCELENDİ,DEĞİŞTİ,‘Ses’ fazla genel; burada seçilebilir voice track kastediliyor.,"FR Voix, DE Stimmen, ES Voces; JP/ZH voice. EN/IT Audio daha geniş ama menü işlevi voice language.",Ses Dili,MANUEL İNCELENDİ,DEĞİŞTİ,‘Ses’ fazla genel; burada seçilebilir voice track kastediliyor.,"FR Voix, DE Stimmen, ES Voces; JP/ZH voice. EN/IT Audio daha geniş ama menü işlevi voice language.",Ses Dili,MANUEL İNCELENDİ,DEĞİŞTİ,‘Ses’ fazla genel; burada seçilebilir voice track kastediliyor.,"FR Voix, DE Stimmen, ES Voces; JP/ZH voice. EN/IT Audio daha geniş ama menü işlevi voice language.",Ses Dili,MANUEL İNCELENDİ,DEĞİŞTİ,‘Ses’ fazla genel; burada seçilebilir voice track kastediliyor.,"FR Voix, DE Stimmen, ES Voces; JP/ZH voice. EN/IT Audio daha geniş ama menü işlevi voice language.",Ses Dili,MANUEL İNCELENDİ,DEĞİŞTİ,‘Ses’ fazla genel; burada seçilebilir voice track kastediliyor.,"FR Voix, DE Stimmen, ES Voces; JP/ZH voice. EN/IT Audio daha geniş ama menü işlevi voice language."
42,TITLE_SETTING_VOICE_JAPANESE,Japanese,Japonais,Japanisch,Giapponese,Japonés,日本語,にほんご,日语,日文,Japonca,Japonca,Japonca,MANUEL İNCELENDİ,AYNI KALDI,Menü/yer/bölüm adı veya kısa UI metni v4’te doğal ve anlamca doğru.,EN/FR/DE/IT/ES ile JP/ZH temel ad/işlevde uyumlu; Türkçe karşılık hedef bağlamı koruyor.,Japonca,MANUEL İNCELENDİ,AYNI KALDI,Menü/yer/bölüm adı veya kısa UI metni v4’te doğal ve anlamca doğru.,EN/FR/DE/IT/ES ile JP/ZH temel ad/işlevde uyumlu; Türkçe karşılık hedef bağlamı koruyor.,Japonca,MANUEL İNCELENDİ,AYNI KALDI,Menü/yer/bölüm adı veya kısa UI metni v4’te doğal ve anlamca doğru.,EN/FR/DE/IT/ES ile JP/ZH temel ad/işlevde uyumlu; Türkçe karşılık hedef bağlamı koruyor.,Japonca,MANUEL İNCELENDİ,AYNI KALDI,Menü/yer/bölüm adı veya kısa UI metni v4’te doğal ve anlamca doğru.,EN/FR/DE/IT/ES ile JP/ZH temel ad/işlevde uyumlu; Türkçe karşılık hedef bağlamı koruyor.,Japonca,MANUEL İNCELENDİ,AYNI KALDI,Menü/yer/bölüm adı veya kısa UI metni v4’te doğal ve anlamca doğru.,EN/FR/DE/IT/ES ile JP/ZH temel ad/işlevde uyumlu; Türkçe karşılık hedef bağlamı koruyor.,Japonca,MANUEL İNCELENDİ,AYNI KALDI,Menü/yer/bölüm adı veya kısa UI metni v4’te doğal ve anlamca doğru.,EN/FR/DE/IT/ES ile JP/ZH temel ad/işlevde uyumlu; Türkçe karşılık hedef bağlamı koruyor.,Japonca,MANUEL İNCELENDİ,AYNI KALDI,Menü/yer/bölüm adı veya kısa UI metni v4’te doğal ve anlamca doğru.,EN/FR/DE/IT/ES ile JP/ZH temel ad/işlevde uyumlu; Türkçe karşılık hedef bağlamı koruyor.,Japonca,MANUEL İNCELENDİ,AYNI KALDI,Menü/yer/bölüm adı veya kısa UI metni v4’te doğal ve anlamca doğru.,EN/FR/DE/IT/ES ile JP/ZH temel ad/işlevde uyumlu; Türkçe karşılık hedef bağlamı koruyor.,Japonca,MANUEL İNCELENDİ,AYNI KALDI,Menü/yer/bölüm adı veya kısa UI metni v4’te doğal ve anlamca doğru.,EN/FR/DE/IT/ES ile JP/ZH temel ad/işlevde uyumlu; Türkçe karşılık hedef bağlamı koruyor.,Japonca,MANUEL İNCELENDİ,AYNI KALDI,Menü/yer/bölüm adı veya kısa UI metni v4’te doğal ve anlamca doğru.,EN/FR/DE/IT/ES ile JP/ZH temel ad/işlevde uyumlu; Türkçe karşılık hedef bağlamı koruyor.,Japonca,MANUEL İNCELENDİ,AYNI KALDI,Menü/yer/bölüm adı veya kısa UI metni v4’te doğal ve anlamca doğru.,EN/FR/DE/IT/ES ile JP/ZH temel ad/işlevde uyumlu; Türkçe karşılık hedef bağlamı koruyor.,Japonca,MANUEL İNCELENDİ,AYNI KALDI,Menü/yer/bölüm adı veya kısa UI metni v4’te doğal ve anlamca doğru.,EN/FR/DE/IT/ES ile JP/ZH temel ad/işlevde uyumlu; Türkçe karşılık hedef bağlamı koruyor.
43,TITLE_SETTING_VOICE_ENGLISH,English,Anglais,Englisch,Inglese,Inglés,英語,えいご,英语,英文,İngilizce,İngilizce,İngilizce,MANUEL İNCELENDİ,AYNI KALDI,Menü/yer/bölüm adı veya kısa UI metni v4’te doğal ve anlamca doğru.,EN/FR/DE/IT/ES ile JP/ZH temel ad/işlevde uyumlu; Türkçe karşılık hedef bağlamı koruyor.,İngilizce,MANUEL İNCELENDİ,AYNI KALDI,Menü/yer/bölüm adı veya kısa UI metni v4’te doğal ve anlamca doğru.,EN/FR/DE/IT/ES ile JP/ZH temel ad/işlevde uyumlu; Türkçe karşılık hedef bağlamı koruyor.,İngilizce,MANUEL İNCELENDİ,AYNI KALDI,Menü/yer/bölüm adı veya kısa UI metni v4’te doğal ve anlamca doğru.,EN/FR/DE/IT/ES ile JP/ZH temel ad/işlevde uyumlu; Türkçe karşılık hedef bağlamı koruyor.,İngilizce,MANUEL İNCELENDİ,AYNI KALDI,Menü/yer/bölüm adı veya kısa UI metni v4’te doğal ve anlamca doğru.,EN/FR/DE/IT/ES ile JP/ZH temel ad/işlevde uyumlu; Türkçe karşılık hedef bağlamı koruyor.,İngilizce,MANUEL İNCELENDİ,AYNI KALDI,Menü/yer/bölüm adı veya kısa UI metni v4’te doğal ve anlamca doğru.,EN/FR/DE/IT/ES ile JP/ZH temel ad/işlevde uyumlu; Türkçe karşılık hedef bağlamı koruyor.,İngilizce,MANUEL İNCELENDİ,AYNI KALDI,Menü/yer/bölüm adı veya kısa UI metni v4’te doğal ve anlamca doğru.,EN/FR/DE/IT/ES ile JP/ZH temel ad/işlevde uyumlu; Türkçe karşılık hedef bağlamı koruyor.,İngilizce,MANUEL İNCELENDİ,AYNI KALDI,Menü/yer/bölüm adı veya kısa UI metni v4’te doğal ve anlamca doğru.,EN/FR/DE/IT/ES ile JP/ZH temel ad/işlevde uyumlu; Türkçe karşılık hedef bağlamı koruyor.,İngilizce,MANUEL İNCELENDİ,AYNI KALDI,Menü/yer/bölüm adı veya kısa UI metni v4’te doğal ve anlamca doğru.,EN/FR/DE/IT/ES ile JP/ZH temel ad/işlevde uyumlu; Türkçe karşılık hedef bağlamı koruyor.,İngilizce,MANUEL İNCELENDİ,AYNI KALDI,Menü/yer/bölüm adı veya kısa UI metni v4’te doğal ve anlamca doğru.,EN/FR/DE/IT/ES ile JP/ZH temel ad/işlevde uyumlu; Türkçe karşılık hedef bağlamı koruyor.,İngilizce,MANUEL İNCELENDİ,AYNI KALDI,Menü/yer/bölüm adı veya kısa UI metni v4’te doğal ve anlamca doğru.,EN/FR/DE/IT/ES ile JP/ZH temel ad/işlevde uyumlu; Türkçe karşılık hedef bağlamı koruyor.,İngilizce,MANUEL İNCELENDİ,AYNI KALDI,Menü/yer/bölüm adı veya kısa UI metni v4’te doğal ve anlamca doğru.,EN/FR/DE/IT/ES ile JP/ZH temel ad/işlevde uyumlu; Türkçe karşılık hedef bağlamı koruyor.,İngilizce,MANUEL İNCELENDİ,AYNI KALDI,Menü/yer/bölüm adı veya kısa UI metni v4’te doğal ve anlamca doğru.,EN/FR/DE/IT/ES ile JP/ZH temel ad/işlevde uyumlu; Türkçe karşılık hedef bağlamı koruyor.
44,TITLE_SETTING_CAUTION,Will you play in ○○?,"Langue sélectionnée : ○○
Confirmer ?","Gewählte Sprache: ○○
Möchtest du fortfahren?","Lingua selezionata: ○○
Vuoi confermare la selezione?","Idioma seleccionado: ○○.
¿Quieres confirmar la selección?","○○
で遊びますか？","○○
であそびますか？",要选择○○进行游戏吗？,"確定要以○○
來玩遊戲嗎？","Seçilen dil: ○○.
Onaylıyor musun?","Seçilen dil: ○○.
Onaylıyor musun?","Seçilen dil: ○○.
Onaylıyor musun?",MANUEL İNCELENDİ,AYNI KALDI,Menü/yer/bölüm adı veya kısa UI metni v4’te doğal ve anlamca doğru.,EN/FR/DE/IT/ES ile JP/ZH temel ad/işlevde uyumlu; Türkçe karşılık hedef bağlamı koruyor.,"Seçilen dil: ○○.
Onaylıyor musun?",MANUEL İNCELENDİ,AYNI KALDI,Menü/yer/bölüm adı veya kısa UI metni v4’te doğal ve anlamca doğru.,EN/FR/DE/IT/ES ile JP/ZH temel ad/işlevde uyumlu; Türkçe karşılık hedef bağlamı koruyor.,"Seçilen dil: ○○.
Onaylıyor musun?",MANUEL İNCELENDİ,AYNI KALDI,Menü/yer/bölüm adı veya kısa UI metni v4’te doğal ve anlamca doğru.,EN/FR/DE/IT/ES ile JP/ZH temel ad/işlevde uyumlu; Türkçe karşılık hedef bağlamı koruyor.,"Seçilen dil: ○○.
Onaylıyor musun?",MANUEL İNCELENDİ,AYNI KALDI,Menü/yer/bölüm adı veya kısa UI metni v4’te doğal ve anlamca doğru.,EN/FR/DE/IT/ES ile JP/ZH temel ad/işlevde uyumlu; Türkçe karşılık hedef bağlamı koruyor.,"Seçilen dil: ○○.
Onaylıyor musun?",MANUEL İNCELENDİ,AYNI KALDI,Menü/yer/bölüm adı veya kısa UI metni v4’te doğal ve anlamca doğru.,EN/FR/DE/IT/ES ile JP/ZH temel ad/işlevde uyumlu; Türkçe karşılık hedef bağlamı koruyor.,"Seçilen dil: ○○.
Onaylıyor musun?",MANUEL İNCELENDİ,AYNI KALDI,Menü/yer/bölüm adı veya kısa UI metni v4’te doğal ve anlamca doğru.,EN/FR/DE/IT/ES ile JP/ZH temel ad/işlevde uyumlu; Türkçe karşılık hedef bağlamı koruyor.,"Seçilen dil: ○○.
Onaylıyor musun?",MANUEL İNCELENDİ,AYNI KALDI,Menü/yer/bölüm adı veya kısa UI metni v4’te doğal ve anlamca doğru.,EN/FR/DE/IT/ES ile JP/ZH temel ad/işlevde uyumlu; Türkçe karşılık hedef bağlamı koruyor.,"Seçilen dil: ○○.
Onaylıyor musun?",MANUEL İNCELENDİ,AYNI KALDI,Menü/yer/bölüm adı veya kısa UI metni v4’te doğal ve anlamca doğru.,EN/FR/DE/IT/ES ile JP/ZH temel ad/işlevde uyumlu; Türkçe karşılık hedef bağlamı koruyor.,"Seçilen dil: ○○.
Onaylıyor musun?",MANUEL İNCELENDİ,AYNI KALDI,Menü/yer/bölüm adı veya kısa UI metni v4’te doğal ve anlamca doğru.,EN/FR/DE/IT/ES ile JP/ZH temel ad/işlevde uyumlu; Türkçe karşılık hedef bağlamı koruyor.,"Seçilen dil: ○○.
Onaylıyor musun?",MANUEL İNCELENDİ,AYNI KALDI,Menü/yer/bölüm adı veya kısa UI metni v4’te doğal ve anlamca doğru.,EN/FR/DE/IT/ES ile JP/ZH temel ad/işlevde uyumlu; Türkçe karşılık hedef bağlamı koruyor.,"Seçilen dil: ○○.
Onaylıyor musun?",MANUEL İNCELENDİ,AYNI KALDI,Menü/yer/bölüm adı veya kısa UI metni v4’te doğal ve anlamca doğru.,EN/FR/DE/IT/ES ile JP/ZH temel ad/işlevde uyumlu; Türkçe karşılık hedef bağlamı koruyor.,"Seçilen dil: ○○.
Onaylıyor musun?",MANUEL İNCELENDİ,AYNI KALDI,Menü/yer/bölüm adı veya kısa UI metni v4’te doğal ve anlamca doğru.,EN/FR/DE/IT/ES ile JP/ZH temel ad/işlevde uyumlu; Türkçe karşılık hedef bağlamı koruyor.
45,TITLE_SETTING_COMPLETION,Done! Returning to the title screen...,"Les paramètres ont été enregistrés.
Retour à l'écran titre.","Die Einstellungen wurden übernommen.
Du kehrst nun zum Titelbildschirm zurück.","Le impostazioni sono state salvate.
Tornerai allo schermo del titolo.","Se han registrado los cambios.
Regresando al menú del título...","完了しました
タイトル画面に戻ります","かんりょうしました
タイトルがめんに もどります","设置完毕。
即将返回标题画面。","設定完成
返回標題畫面",Tamamlandı! Başlık ekranına dönülüyor...,Tamamlandı! Başlık ekranına dönülüyor...,Tamamlandı! Başlık ekranına dönülüyor...,MANUEL İNCELENDİ,AYNI KALDI,Menü/yer/bölüm adı veya kısa UI metni v4’te doğal ve anlamca doğru.,EN/FR/DE/IT/ES ile JP/ZH temel ad/işlevde uyumlu; Türkçe karşılık hedef bağlamı koruyor.,Tamamlandı! Başlık ekranına dönülüyor...,MANUEL İNCELENDİ,AYNI KALDI,Menü/yer/bölüm adı veya kısa UI metni v4’te doğal ve anlamca doğru.,EN/FR/DE/IT/ES ile JP/ZH temel ad/işlevde uyumlu; Türkçe karşılık hedef bağlamı koruyor.,Tamamlandı! Başlık ekranına dönülüyor...,MANUEL İNCELENDİ,AYNI KALDI,Menü/yer/bölüm adı veya kısa UI metni v4’te doğal ve anlamca doğru.,EN/FR/DE/IT/ES ile JP/ZH temel ad/işlevde uyumlu; Türkçe karşılık hedef bağlamı koruyor.,Tamamlandı! Başlık ekranına dönülüyor...,MANUEL İNCELENDİ,AYNI KALDI,Menü/yer/bölüm adı veya kısa UI metni v4’te doğal ve anlamca doğru.,EN/FR/DE/IT/ES ile JP/ZH temel ad/işlevde uyumlu; Türkçe karşılık hedef bağlamı koruyor.,Tamamlandı! Başlık ekranına dönülüyor...,MANUEL İNCELENDİ,AYNI KALDI,Menü/yer/bölüm adı veya kısa UI metni v4’te doğal ve anlamca doğru.,EN/FR/DE/IT/ES ile JP/ZH temel ad/işlevde uyumlu; Türkçe karşılık hedef bağlamı koruyor.,Tamamlandı! Başlık ekranına dönülüyor...,MANUEL İNCELENDİ,AYNI KALDI,Menü/yer/bölüm adı veya kısa UI metni v4’te doğal ve anlamca doğru.,EN/FR/DE/IT/ES ile JP/ZH temel ad/işlevde uyumlu; Türkçe karşılık hedef bağlamı koruyor.,Tamamlandı! Başlık ekranına dönülüyor...,MANUEL İNCELENDİ,AYNI KALDI,Menü/yer/bölüm adı veya kısa UI metni v4’te doğal ve anlamca doğru.,EN/FR/DE/IT/ES ile JP/ZH temel ad/işlevde uyumlu; Türkçe karşılık hedef bağlamı koruyor.,Tamamlandı! Başlık ekranına dönülüyor...,MANUEL İNCELENDİ,AYNI KALDI,Menü/yer/bölüm adı veya kısa UI metni v4’te doğal ve anlamca doğru.,EN/FR/DE/IT/ES ile JP/ZH temel ad/işlevde uyumlu; Türkçe karşılık hedef bağlamı koruyor.,Tamamlandı! Başlık ekranına dönülüyor...,MANUEL İNCELENDİ,AYNI KALDI,Menü/yer/bölüm adı veya kısa UI metni v4’te doğal ve anlamca doğru.,EN/FR/DE/IT/ES ile JP/ZH temel ad/işlevde uyumlu; Türkçe karşılık hedef bağlamı koruyor.,Tamamlandı! Başlık ekranına dönülüyor...,MANUEL İNCELENDİ,AYNI KALDI,Menü/yer/bölüm adı veya kısa UI metni v4’te doğal ve anlamca doğru.,EN/FR/DE/IT/ES ile JP/ZH temel ad/işlevde uyumlu; Türkçe karşılık hedef bağlamı koruyor.,Tamamlandı! Başlık ekranına dönülüyor...,MANUEL İNCELENDİ,AYNI KALDI,Menü/yer/bölüm adı veya kısa UI metni v4’te doğal ve anlamca doğru.,EN/FR/DE/IT/ES ile JP/ZH temel ad/işlevde uyumlu; Türkçe karşılık hedef bağlamı koruyor.,Tamamlandı! Başlık ekranına dönülüyor...,MANUEL İNCELENDİ,AYNI KALDI,Menü/yer/bölüm adı veya kısa UI metni v4’te doğal ve anlamca doğru.,EN/FR/DE/IT/ES ile JP/ZH temel ad/işlevde uyumlu; Türkçe karşılık hedef bağlamı koruyor.
46,TITLE_MENU_NO_SAVEDATA,There is no data.,Données introuvables.,Kein gespeicherter Spielstand,Dati non presenti.,No hay datos de guardado.,データがありません,データがありません,没有数据。,沒有資料,Kayıt verisi bulunmuyor.,Kayıt verisi bulunmuyor.,Kayıt verisi bulunmuyor.,MANUEL İNCELENDİ,AYNI KALDI,Menü/yer/bölüm adı veya kısa UI metni v4’te doğal ve anlamca doğru.,EN/FR/DE/IT/ES ile JP/ZH temel ad/işlevde uyumlu; Türkçe karşılık hedef bağlamı koruyor.,Kayıt verisi bulunmuyor.,MANUEL İNCELENDİ,AYNI KALDI,Menü/yer/bölüm adı veya kısa UI metni v4’te doğal ve anlamca doğru.,EN/FR/DE/IT/ES ile JP/ZH temel ad/işlevde uyumlu; Türkçe karşılık hedef bağlamı koruyor.,Kayıt verisi bulunmuyor.,MANUEL İNCELENDİ,AYNI KALDI,Menü/yer/bölüm adı veya kısa UI metni v4’te doğal ve anlamca doğru.,EN/FR/DE/IT/ES ile JP/ZH temel ad/işlevde uyumlu; Türkçe karşılık hedef bağlamı koruyor.,Kayıt verisi bulunmuyor.,MANUEL İNCELENDİ,AYNI KALDI,Menü/yer/bölüm adı veya kısa UI metni v4’te doğal ve anlamca doğru.,EN/FR/DE/IT/ES ile JP/ZH temel ad/işlevde uyumlu; Türkçe karşılık hedef bağlamı koruyor.,Kayıt verisi bulunmuyor.,MANUEL İNCELENDİ,AYNI KALDI,Menü/yer/bölüm adı veya kısa UI metni v4’te doğal ve anlamca doğru.,EN/FR/DE/IT/ES ile JP/ZH temel ad/işlevde uyumlu; Türkçe karşılık hedef bağlamı koruyor.,Kayıt verisi bulunmuyor.,MANUEL İNCELENDİ,AYNI KALDI,Menü/yer/bölüm adı veya kısa UI metni v4’te doğal ve anlamca doğru.,EN/FR/DE/IT/ES ile JP/ZH temel ad/işlevde uyumlu; Türkçe karşılık hedef bağlamı koruyor.,Kayıt verisi bulunmuyor.,MANUEL İNCELENDİ,AYNI KALDI,Menü/yer/bölüm adı veya kısa UI metni v4’te doğal ve anlamca doğru.,EN/FR/DE/IT/ES ile JP/ZH temel ad/işlevde uyumlu; Türkçe karşılık hedef bağlamı koruyor.,Kayıt verisi bulunmuyor.,MANUEL İNCELENDİ,AYNI KALDI,Menü/yer/bölüm adı veya kısa UI metni v4’te doğal ve anlamca doğru.,EN/FR/DE/IT/ES ile JP/ZH temel ad/işlevde uyumlu; Türkçe karşılık hedef bağlamı koruyor.,Kayıt verisi bulunmuyor.,MANUEL İNCELENDİ,AYNI KALDI,Menü/yer/bölüm adı veya kısa UI metni v4’te doğal ve anlamca doğru.,EN/FR/DE/IT/ES ile JP/ZH temel ad/işlevde uyumlu; Türkçe karşılık hedef bağlamı koruyor.,Kayıt verisi bulunmuyor.,MANUEL İNCELENDİ,AYNI KALDI,Menü/yer/bölüm adı veya kısa UI metni v4’te doğal ve anlamca doğru.,EN/FR/DE/IT/ES ile JP/ZH temel ad/işlevde uyumlu; Türkçe karşılık hedef bağlamı koruyor.,Kayıt verisi bulunmuyor.,MANUEL İNCELENDİ,AYNI KALDI,Menü/yer/bölüm adı veya kısa UI metni v4’te doğal ve anlamca doğru.,EN/FR/DE/IT/ES ile JP/ZH temel ad/işlevde uyumlu; Türkçe karşılık hedef bağlamı koruyor.,Kayıt verisi bulunmuyor.,MANUEL İNCELENDİ,AYNI KALDI,Menü/yer/bölüm adı veya kısa UI metni v4’te doğal ve anlamca doğru.,EN/FR/DE/IT/ES ile JP/ZH temel ad/işlevde uyumlu; Türkçe karşılık hedef bağlamı koruyor.
47,TITLE_INTERLUDE_TEXT,Will you continue playing?,Voulez-vous continuer à jouer ?,Möchtest du das Spiel fortsetzen?,Vuoi continuare a giocare?,¿Quieres seguir jugando?,続けて遊びますか？,つづけてあそびますか？,要继续游戏吗？,要繼續遊戲嗎？,Oyuna devam etmek istiyor musun?,Oyuna devam etmek istiyor musun?,Oyuna devam etmek istiyor musun?,MANUEL İNCELENDİ,AYNI KALDI,Menü/yer/bölüm adı veya kısa UI metni v4’te doğal ve anlamca doğru.,EN/FR/DE/IT/ES ile JP/ZH temel ad/işlevde uyumlu; Türkçe karşılık hedef bağlamı koruyor.,Oyuna devam etmek istiyor musun?,MANUEL İNCELENDİ,AYNI KALDI,Menü/yer/bölüm adı veya kısa UI metni v4’te doğal ve anlamca doğru.,EN/FR/DE/IT/ES ile JP/ZH temel ad/işlevde uyumlu; Türkçe karşılık hedef bağlamı koruyor.,Oyuna devam etmek istiyor musun?,MANUEL İNCELENDİ,AYNI KALDI,Menü/yer/bölüm adı veya kısa UI metni v4’te doğal ve anlamca doğru.,EN/FR/DE/IT/ES ile JP/ZH temel ad/işlevde uyumlu; Türkçe karşılık hedef bağlamı koruyor.,Oyuna devam etmek istiyor musun?,MANUEL İNCELENDİ,AYNI KALDI,Menü/yer/bölüm adı veya kısa UI metni v4’te doğal ve anlamca doğru.,EN/FR/DE/IT/ES ile JP/ZH temel ad/işlevde uyumlu; Türkçe karşılık hedef bağlamı koruyor.,Oyuna devam etmek istiyor musun?,MANUEL İNCELENDİ,AYNI KALDI,Menü/yer/bölüm adı veya kısa UI metni v4’te doğal ve anlamca doğru.,EN/FR/DE/IT/ES ile JP/ZH temel ad/işlevde uyumlu; Türkçe karşılık hedef bağlamı koruyor.,Oyuna devam etmek istiyor musun?,MANUEL İNCELENDİ,AYNI KALDI,Menü/yer/bölüm adı veya kısa UI metni v4’te doğal ve anlamca doğru.,EN/FR/DE/IT/ES ile JP/ZH temel ad/işlevde uyumlu; Türkçe karşılık hedef bağlamı koruyor.,Oyuna devam etmek istiyor musun?,MANUEL İNCELENDİ,AYNI KALDI,Menü/yer/bölüm adı veya kısa UI metni v4’te doğal ve anlamca doğru.,EN/FR/DE/IT/ES ile JP/ZH temel ad/işlevde uyumlu; Türkçe karşılık hedef bağlamı koruyor.,Oyuna devam etmek istiyor musun?,MANUEL İNCELENDİ,AYNI KALDI,Menü/yer/bölüm adı veya kısa UI metni v4’te doğal ve anlamca doğru.,EN/FR/DE/IT/ES ile JP/ZH temel ad/işlevde uyumlu; Türkçe karşılık hedef bağlamı koruyor.,Oyuna devam etmek istiyor musun?,MANUEL İNCELENDİ,AYNI KALDI,Menü/yer/bölüm adı veya kısa UI metni v4’te doğal ve anlamca doğru.,EN/FR/DE/IT/ES ile JP/ZH temel ad/işlevde uyumlu; Türkçe karşılık hedef bağlamı koruyor.,Oyuna devam etmek istiyor musun?,MANUEL İNCELENDİ,AYNI KALDI,Menü/yer/bölüm adı veya kısa UI metni v4’te doğal ve anlamca doğru.,EN/FR/DE/IT/ES ile JP/ZH temel ad/işlevde uyumlu; Türkçe karşılık hedef bağlamı koruyor.,Oyuna devam etmek istiyor musun?,MANUEL İNCELENDİ,AYNI KALDI,Menü/yer/bölüm adı veya kısa UI metni v4’te doğal ve anlamca doğru.,EN/FR/DE/IT/ES ile JP/ZH temel ad/işlevde uyumlu; Türkçe karşılık hedef bağlamı koruyor.,Oyuna devam etmek istiyor musun?,MANUEL İNCELENDİ,AYNI KALDI,Menü/yer/bölüm adı veya kısa UI metni v4’te doğal ve anlamca doğru.,EN/FR/DE/IT/ES ile JP/ZH temel ad/işlevde uyumlu; Türkçe karşılık hedef bağlamı koruyor.
48,TITLE_AMIIBO_GUIDE_NEW3DS01,Please touch the amiibo to the NFC area.,Veuillez placer l'amiibo sur la zone NFC.,Bitte berühre mit dem amiibo das NFC-Feld.,Tocca l'area NFC con l'amiibo.,Toca el área NFC con el amiibo.,amiiboをNFCエリアにタッチしてください,amiiboをNFCエリアにタッチしてください,请让amiibo触碰NFC区域。,請以amiibo點觸NFC範圍,Lütfen amiibo'yu NFC bölgesine dokundurun.,Lütfen amiibo'yu NFC alanına dokundur.,Lütfen amiibo'yu NFC alanına dokundur.,MANUEL İNCELENDİ,DEĞİŞTİ,‘NFC bölgesi’ yerine cihaz arayüzünde daha doğal ‘NFC alanı’; hitap oyunun tekil tonuna uyarlandı.,EN/FR/DE/IT/ES/JP/ZH NFC area/zone’a amiibo’yu dokundurma işlevinde birleşiyor.,Lütfen amiibo'yu NFC alanına dokundur.,MANUEL İNCELENDİ,DEĞİŞTİ,‘NFC bölgesi’ yerine cihaz arayüzünde daha doğal ‘NFC alanı’; hitap oyunun tekil tonuna uyarlandı.,EN/FR/DE/IT/ES/JP/ZH NFC area/zone’a amiibo’yu dokundurma işlevinde birleşiyor.,Lütfen amiibo'yu NFC alanına dokundur.,MANUEL İNCELENDİ,DEĞİŞTİ,‘NFC bölgesi’ yerine cihaz arayüzünde daha doğal ‘NFC alanı’; hitap oyunun tekil tonuna uyarlandı.,EN/FR/DE/IT/ES/JP/ZH NFC area/zone’a amiibo’yu dokundurma işlevinde birleşiyor.,Lütfen amiibo'yu NFC alanına dokundur.,MANUEL İNCELENDİ,DEĞİŞTİ,‘NFC bölgesi’ yerine cihaz arayüzünde daha doğal ‘NFC alanı’; hitap oyunun tekil tonuna uyarlandı.,EN/FR/DE/IT/ES/JP/ZH NFC area/zone’a amiibo’yu dokundurma işlevinde birleşiyor.,Lütfen amiibo'yu NFC alanına dokundur.,MANUEL İNCELENDİ,DEĞİŞTİ,‘NFC bölgesi’ yerine cihaz arayüzünde daha doğal ‘NFC alanı’; hitap oyunun tekil tonuna uyarlandı.,EN/FR/DE/IT/ES/JP/ZH NFC area/zone’a amiibo’yu dokundurma işlevinde birleşiyor.,Lütfen amiibo'yu NFC alanına dokundur.,MANUEL İNCELENDİ,DEĞİŞTİ,‘NFC bölgesi’ yerine cihaz arayüzünde daha doğal ‘NFC alanı’; hitap oyunun tekil tonuna uyarlandı.,EN/FR/DE/IT/ES/JP/ZH NFC area/zone’a amiibo’yu dokundurma işlevinde birleşiyor.,Lütfen amiibo'yu NFC alanına dokundur.,MANUEL İNCELENDİ,DEĞİŞTİ,‘NFC bölgesi’ yerine cihaz arayüzünde daha doğal ‘NFC alanı’; hitap oyunun tekil tonuna uyarlandı.,EN/FR/DE/IT/ES/JP/ZH NFC area/zone’a amiibo’yu dokundurma işlevinde birleşiyor.,Lütfen amiibo'yu NFC alanına dokundur.,MANUEL İNCELENDİ,DEĞİŞTİ,‘NFC bölgesi’ yerine cihaz arayüzünde daha doğal ‘NFC alanı’; hitap oyunun tekil tonuna uyarlandı.,EN/FR/DE/IT/ES/JP/ZH NFC area/zone’a amiibo’yu dokundurma işlevinde birleşiyor.,Lütfen amiibo'yu NFC alanına dokundur.,MANUEL İNCELENDİ,DEĞİŞTİ,‘NFC bölgesi’ yerine cihaz arayüzünde daha doğal ‘NFC alanı’; hitap oyunun tekil tonuna uyarlandı.,EN/FR/DE/IT/ES/JP/ZH NFC area/zone’a amiibo’yu dokundurma işlevinde birleşiyor.,Lütfen amiibo'yu NFC alanına dokundur.,MANUEL İNCELENDİ,DEĞİŞTİ,‘NFC bölgesi’ yerine cihaz arayüzünde daha doğal ‘NFC alanı’; hitap oyunun tekil tonuna uyarlandı.,EN/FR/DE/IT/ES/JP/ZH NFC area/zone’a amiibo’yu dokundurma işlevinde birleşiyor.,Lütfen amiibo'yu NFC alanına dokundur.,MANUEL İNCELENDİ,DEĞİŞTİ,‘NFC bölgesi’ yerine cihaz arayüzünde daha doğal ‘NFC alanı’; hitap oyunun tekil tonuna uyarlandı.,EN/FR/DE/IT/ES/JP/ZH NFC area/zone’a amiibo’yu dokundurma işlevinde birleşiyor.,Lütfen amiibo'yu NFC alanına dokundur.,MANUEL İNCELENDİ,DEĞİŞTİ,‘NFC bölgesi’ yerine cihaz arayüzünde daha doğal ‘NFC alanı’; hitap oyunun tekil tonuna uyarlandı.,EN/FR/DE/IT/ES/JP/ZH NFC area/zone’a amiibo’yu dokundurma işlevinde birleşiyor.
49,TITLE_AMIIBO_GUIDE_3DS01,"Nintendo 3DS
NFC Reader/Writer","Lecteur/enregistreur NFC
Nintendo 3DS","Nintendo 3DS-NFC-Lese-/
Schreibgerät","Lettore/scrittore NFC
per Nintendo 3DS","Lector/grabador de NFC
para Nintendo 3DS","ニンテンドー3DS
NFCリーダー/ライター","ニンテンドー3DS
NFCリーダー/ライター","Nintendo 3DS
NFC读写器","Nintendo 3DS
NFC讀寫器","Nintendo 3DS
NFC Okuyucu/Yazıcı","Nintendo 3DS
NFC Okuyucu/Yazıcı","Nintendo 3DS
NFC Okuyucu/Yazıcı",MANUEL İNCELENDİ,AYNI KALDI,Menü/yer/bölüm adı veya kısa UI metni v4’te doğal ve anlamca doğru.,EN/FR/DE/IT/ES ile JP/ZH temel ad/işlevde uyumlu; Türkçe karşılık hedef bağlamı koruyor.,"Nintendo 3DS
NFC Okuyucu/Yazıcı",MANUEL İNCELENDİ,AYNI KALDI,Menü/yer/bölüm adı veya kısa UI metni v4’te doğal ve anlamca doğru.,EN/FR/DE/IT/ES ile JP/ZH temel ad/işlevde uyumlu; Türkçe karşılık hedef bağlamı koruyor.,"Nintendo 3DS
NFC Okuyucu/Yazıcı",MANUEL İNCELENDİ,AYNI KALDI,Menü/yer/bölüm adı veya kısa UI metni v4’te doğal ve anlamca doğru.,EN/FR/DE/IT/ES ile JP/ZH temel ad/işlevde uyumlu; Türkçe karşılık hedef bağlamı koruyor.,"Nintendo 3DS
NFC Okuyucu/Yazıcı",MANUEL İNCELENDİ,AYNI KALDI,Menü/yer/bölüm adı veya kısa UI metni v4’te doğal ve anlamca doğru.,EN/FR/DE/IT/ES ile JP/ZH temel ad/işlevde uyumlu; Türkçe karşılık hedef bağlamı koruyor.,"Nintendo 3DS
NFC Okuyucu/Yazıcı",MANUEL İNCELENDİ,AYNI KALDI,Menü/yer/bölüm adı veya kısa UI metni v4’te doğal ve anlamca doğru.,EN/FR/DE/IT/ES ile JP/ZH temel ad/işlevde uyumlu; Türkçe karşılık hedef bağlamı koruyor.,"Nintendo 3DS
NFC Okuyucu/Yazıcı",MANUEL İNCELENDİ,AYNI KALDI,Menü/yer/bölüm adı veya kısa UI metni v4’te doğal ve anlamca doğru.,EN/FR/DE/IT/ES ile JP/ZH temel ad/işlevde uyumlu; Türkçe karşılık hedef bağlamı koruyor.,"Nintendo 3DS
NFC Okuyucu/Yazıcı",MANUEL İNCELENDİ,AYNI KALDI,Menü/yer/bölüm adı veya kısa UI metni v4’te doğal ve anlamca doğru.,EN/FR/DE/IT/ES ile JP/ZH temel ad/işlevde uyumlu; Türkçe karşılık hedef bağlamı koruyor.,"Nintendo 3DS
NFC Okuyucu/Yazıcı",MANUEL İNCELENDİ,AYNI KALDI,Menü/yer/bölüm adı veya kısa UI metni v4’te doğal ve anlamca doğru.,EN/FR/DE/IT/ES ile JP/ZH temel ad/işlevde uyumlu; Türkçe karşılık hedef bağlamı koruyor.,"Nintendo 3DS
NFC Okuyucu/Yazıcı",MANUEL İNCELENDİ,AYNI KALDI,Menü/yer/bölüm adı veya kısa UI metni v4’te doğal ve anlamca doğru.,EN/FR/DE/IT/ES ile JP/ZH temel ad/işlevde uyumlu; Türkçe karşılık hedef bağlamı koruyor.,"Nintendo 3DS
NFC Okuyucu/Yazıcı",MANUEL İNCELENDİ,AYNI KALDI,Menü/yer/bölüm adı veya kısa UI metni v4’te doğal ve anlamca doğru.,EN/FR/DE/IT/ES ile JP/ZH temel ad/işlevde uyumlu; Türkçe karşılık hedef bağlamı koruyor.,"Nintendo 3DS
NFC Okuyucu/Yazıcı",MANUEL İNCELENDİ,AYNI KALDI,Menü/yer/bölüm adı veya kısa UI metni v4’te doğal ve anlamca doğru.,EN/FR/DE/IT/ES ile JP/ZH temel ad/işlevde uyumlu; Türkçe karşılık hedef bağlamı koruyor.,"Nintendo 3DS
NFC Okuyucu/Yazıcı",MANUEL İNCELENDİ,AYNI KALDI,Menü/yer/bölüm adı veya kısa UI metni v4’te doğal ve anlamca doğru.,EN/FR/DE/IT/ES ile JP/ZH temel ad/işlevde uyumlu; Türkçe karşılık hedef bağlamı koruyor.
50,TITLE_AMIIBO_GUIDE_NEW3DS02,"Ready to read the Detective Pikachu amiibo.
Please touch the amiibo to the NFC area.","Posez l'amiibo « Détective Pikachu » sur
cet écran pour commencer la lecture.","Bereit zum Scannen. Bitte berühre mit dem
„Meisterdetektiv Pikachu“-amiibo diesen
Bildschirm.","Tieni l'amiibo Detective Pikachu
sopra lo schermo per leggerne i dati.","Toca la pantalla táctil con el amiibo de
Detective Pikachu para leer sus datos.","『名探偵ピカチュウ』の
amiiboを読み込みます
この画面の上にタッチしてください","『めいたんていピカチュウ』の
amiiboをよみこみます
このがめんのうえに タッチしてください","即将读取《名侦探皮卡丘》的amiibo。
请点触此画面的上方。","將讀取『名偵探皮卡丘』的amiibo
請以amiibo點觸下螢幕","Detective Pikachu amiibo'su okunmaya hazır.
Lütfen amiibo'yu NFC bölgesine dokundurun.","Detective Pikachu amiibo'sunu okumak için
amiibo'yu NFC alanına dokundur.","Detective Pikachu amiibo'sunu okumak için
amiibo'yu NFC alanına dokundur.",MANUEL İNCELENDİ,DEĞİŞTİ,‘amiibo okunmaya hazır’ öznesi yapaydı; kullanıcı eylemi doğrudan anlatıldı.,EN reader ready + touch NFC area; FR/DE/IT/ES/JP/ZH Detective Pikachu amiibo’sunu ekrana/NFC alanına yerleştirerek okuma.,"Detective Pikachu amiibo'sunu okumak için
amiibo'yu NFC alanına dokundur.",MANUEL İNCELENDİ,DEĞİŞTİ,‘amiibo okunmaya hazır’ öznesi yapaydı; kullanıcı eylemi doğrudan anlatıldı.,EN reader ready + touch NFC area; FR/DE/IT/ES/JP/ZH Detective Pikachu amiibo’sunu ekrana/NFC alanına yerleştirerek okuma.,"Detective Pikachu amiibo'sunu okumak için
amiibo'yu NFC alanına dokundur.",MANUEL İNCELENDİ,DEĞİŞTİ,‘amiibo okunmaya hazır’ öznesi yapaydı; kullanıcı eylemi doğrudan anlatıldı.,EN reader ready + touch NFC area; FR/DE/IT/ES/JP/ZH Detective Pikachu amiibo’sunu ekrana/NFC alanına yerleştirerek okuma.,"Detective Pikachu amiibo'sunu okumak için
amiibo'yu NFC alanına dokundur.",MANUEL İNCELENDİ,DEĞİŞTİ,‘amiibo okunmaya hazır’ öznesi yapaydı; kullanıcı eylemi doğrudan anlatıldı.,EN reader ready + touch NFC area; FR/DE/IT/ES/JP/ZH Detective Pikachu amiibo’sunu ekrana/NFC alanına yerleştirerek okuma.,"Detective Pikachu amiibo'sunu okumak için
amiibo'yu NFC alanına dokundur.",MANUEL İNCELENDİ,DEĞİŞTİ,‘amiibo okunmaya hazır’ öznesi yapaydı; kullanıcı eylemi doğrudan anlatıldı.,EN reader ready + touch NFC area; FR/DE/IT/ES/JP/ZH Detective Pikachu amiibo’sunu ekrana/NFC alanına yerleştirerek okuma.,"Detective Pikachu amiibo'sunu okumak için
amiibo'yu NFC alanına dokundur.",MANUEL İNCELENDİ,DEĞİŞTİ,‘amiibo okunmaya hazır’ öznesi yapaydı; kullanıcı eylemi doğrudan anlatıldı.,EN reader ready + touch NFC area; FR/DE/IT/ES/JP/ZH Detective Pikachu amiibo’sunu ekrana/NFC alanına yerleştirerek okuma.,"Detective Pikachu amiibo'sunu okumak için
amiibo'yu NFC alanına dokundur.",MANUEL İNCELENDİ,DEĞİŞTİ,‘amiibo okunmaya hazır’ öznesi yapaydı; kullanıcı eylemi doğrudan anlatıldı.,EN reader ready + touch NFC area; FR/DE/IT/ES/JP/ZH Detective Pikachu amiibo’sunu ekrana/NFC alanına yerleştirerek okuma.,"Detective Pikachu amiibo'sunu okumak için
amiibo'yu NFC alanına dokundur.",MANUEL İNCELENDİ,DEĞİŞTİ,‘amiibo okunmaya hazır’ öznesi yapaydı; kullanıcı eylemi doğrudan anlatıldı.,EN reader ready + touch NFC area; FR/DE/IT/ES/JP/ZH Detective Pikachu amiibo’sunu ekrana/NFC alanına yerleştirerek okuma.,"Detective Pikachu amiibo'sunu okumak için
amiibo'yu NFC alanına dokundur.",MANUEL İNCELENDİ,DEĞİŞTİ,‘amiibo okunmaya hazır’ öznesi yapaydı; kullanıcı eylemi doğrudan anlatıldı.,EN reader ready + touch NFC area; FR/DE/IT/ES/JP/ZH Detective Pikachu amiibo’sunu ekrana/NFC alanına yerleştirerek okuma.,"Detective Pikachu amiibo'sunu okumak için
amiibo'yu NFC alanına dokundur.",MANUEL İNCELENDİ,DEĞİŞTİ,‘amiibo okunmaya hazır’ öznesi yapaydı; kullanıcı eylemi doğrudan anlatıldı.,EN reader ready + touch NFC area; FR/DE/IT/ES/JP/ZH Detective Pikachu amiibo’sunu ekrana/NFC alanına yerleştirerek okuma.,"Detective Pikachu amiibo'sunu okumak için
amiibo'yu NFC alanına dokundur.",MANUEL İNCELENDİ,DEĞİŞTİ,‘amiibo okunmaya hazır’ öznesi yapaydı; kullanıcı eylemi doğrudan anlatıldı.,EN reader ready + touch NFC area; FR/DE/IT/ES/JP/ZH Detective Pikachu amiibo’sunu ekrana/NFC alanına yerleştirerek okuma.,"Detective Pikachu amiibo'sunu okumak için
amiibo'yu NFC alanına dokundur.",MANUEL İNCELENDİ,DEĞİŞTİ,‘amiibo okunmaya hazır’ öznesi yapaydı; kullanıcı eylemi doğrudan anlatıldı.,EN reader ready + touch NFC area; FR/DE/IT/ES/JP/ZH Detective Pikachu amiibo’sunu ekrana/NFC alanına yerleştirerek okuma.
51,TITLE_AMIIBO_GUIDE_3DS02,"Please touch the Detective Pikachu amiibo
to the NFC Reader/Writer's NFC area.","Veuillez poser l'amiibo « Détective Pikachu »
sur la zone NFC du lecteur/enregistreur NFC
Nintendo 3DS.","Bitte berühre mit dem
„Meisterdetektiv Pikachu“-amiibo das
NFC-Feld des NFC-Lese-/Schreibgeräts.","Tocca l'area NFC del lettore/scrittore NFC
con l'amiibo Detective Pikachu.","Toca con el amiibo de Detective Pikachu
el área NFC del lector/grabador NFC.","『名探偵ピカチュウ』の
amiiboを NFCリーダー/ライターの
NFCエリアにタッチしてください","『めいたんていピカチュウ』の
amiiboを NFCリーダー/ライターの
NFCエリアにタッチしてください","请让《名侦探皮卡丘》的amiibo
触碰NFC读写器的NFC区域。","請將『名偵探皮卡丘』的amiibo點觸
NFC讀寫器的NFC範圍","Lütfen Detective Pikachu amiibo'sunu
NFC Okuyucu/Yazıcı'nın NFC bölgesine dokundurun.","Detective Pikachu amiibo'sunu
NFC Okuyucu/Yazıcının NFC alanına dokundur.","Detective Pikachu amiibo'sunu
NFC Okuyucu/Yazıcının NFC alanına dokundur.",MANUEL İNCELENDİ,DEĞİŞTİ,Resmî cihaz adı korunurken Türkçe ek ve emir yapısı sadeleştirildi.,Tüm diller Detective Pikachu amiibo + NFC Reader/Writer NFC area eşleşmesini doğruluyor.,"Detective Pikachu amiibo'sunu
NFC Okuyucu/Yazıcının NFC alanına dokundur.",MANUEL İNCELENDİ,DEĞİŞTİ,Resmî cihaz adı korunurken Türkçe ek ve emir yapısı sadeleştirildi.,Tüm diller Detective Pikachu amiibo + NFC Reader/Writer NFC area eşleşmesini doğruluyor.,"Detective Pikachu amiibo'sunu
NFC Okuyucu/Yazıcının NFC alanına dokundur.",MANUEL İNCELENDİ,DEĞİŞTİ,Resmî cihaz adı korunurken Türkçe ek ve emir yapısı sadeleştirildi.,Tüm diller Detective Pikachu amiibo + NFC Reader/Writer NFC area eşleşmesini doğruluyor.,"Detective Pikachu amiibo'sunu
NFC Okuyucu/Yazıcının NFC alanına dokundur.",MANUEL İNCELENDİ,DEĞİŞTİ,Resmî cihaz adı korunurken Türkçe ek ve emir yapısı sadeleştirildi.,Tüm diller Detective Pikachu amiibo + NFC Reader/Writer NFC area eşleşmesini doğruluyor.,"Detective Pikachu amiibo'sunu
NFC Okuyucu/Yazıcının NFC alanına dokundur.",MANUEL İNCELENDİ,DEĞİŞTİ,Resmî cihaz adı korunurken Türkçe ek ve emir yapısı sadeleştirildi.,Tüm diller Detective Pikachu amiibo + NFC Reader/Writer NFC area eşleşmesini doğruluyor.,"Detective Pikachu amiibo'sunu
NFC Okuyucu/Yazıcının NFC alanına dokundur.",MANUEL İNCELENDİ,DEĞİŞTİ,Resmî cihaz adı korunurken Türkçe ek ve emir yapısı sadeleştirildi.,Tüm diller Detective Pikachu amiibo + NFC Reader/Writer NFC area eşleşmesini doğruluyor.,"Detective Pikachu amiibo'sunu
NFC Okuyucu/Yazıcının NFC alanına dokundur.",MANUEL İNCELENDİ,DEĞİŞTİ,Resmî cihaz adı korunurken Türkçe ek ve emir yapısı sadeleştirildi.,Tüm diller Detective Pikachu amiibo + NFC Reader/Writer NFC area eşleşmesini doğruluyor.,"Detective Pikachu amiibo'sunu
NFC Okuyucu/Yazıcının NFC alanına dokundur.",MANUEL İNCELENDİ,DEĞİŞTİ,Resmî cihaz adı korunurken Türkçe ek ve emir yapısı sadeleştirildi.,Tüm diller Detective Pikachu amiibo + NFC Reader/Writer NFC area eşleşmesini doğruluyor.,"Detective Pikachu amiibo'sunu
NFC Okuyucu/Yazıcının NFC alanına dokundur.",MANUEL İNCELENDİ,DEĞİŞTİ,Resmî cihaz adı korunurken Türkçe ek ve emir yapısı sadeleştirildi.,Tüm diller Detective Pikachu amiibo + NFC Reader/Writer NFC area eşleşmesini doğruluyor.,"Detective Pikachu amiibo'sunu
NFC Okuyucu/Yazıcının NFC alanına dokundur.",MANUEL İNCELENDİ,DEĞİŞTİ,Resmî cihaz adı korunurken Türkçe ek ve emir yapısı sadeleştirildi.,Tüm diller Detective Pikachu amiibo + NFC Reader/Writer NFC area eşleşmesini doğruluyor.,"Detective Pikachu amiibo'sunu
NFC Okuyucu/Yazıcının NFC alanına dokundur.",MANUEL İNCELENDİ,DEĞİŞTİ,Resmî cihaz adı korunurken Türkçe ek ve emir yapısı sadeleştirildi.,Tüm diller Detective Pikachu amiibo + NFC Reader/Writer NFC area eşleşmesini doğruluyor.,"Detective Pikachu amiibo'sunu
NFC Okuyucu/Yazıcının NFC alanına dokundur.",MANUEL İNCELENDİ,DEĞİŞTİ,Resmî cihaz adı korunurken Türkçe ek ve emir yapısı sadeleştirildi.,Tüm diller Detective Pikachu amiibo + NFC Reader/Writer NFC area eşleşmesini doğruluyor.
52,TITLE_AMIIBO_NOTCOMPATIBLE_0,"You can only use
the Detective Pikachu amiibo.","Seul l'amiibo « Détective Pikachu »
est utilisable.","Du kannst nur das „Meisterdetektiv Pikachu“-
amiibo verwenden.","Puoi usare solo l'amiibo
Detective Pikachu.","Compatible tan solo con el
amiibo de Detective Pikachu.","『名探偵ピカチュウ』 の
amiiboのみ つかえます","『めいたんていピカチュウ』の
amiiboのみ つかえます",仅能使用《名侦探皮卡丘》的amiibo。,僅可使用『名偵探皮卡丘』的amiibo,"Yalnızca
Detective Pikachu amiibo'sunu kullanabilirsiniz.","Yalnızca
Detective Pikachu amiibo'su
kullanılabilir.","Yalnızca
Detective Pikachu amiibo'su
kullanılabilir.",MANUEL İNCELENDİ,DEĞİŞTİ,Kişiye göre değişen resmiyet yerine nötr sistem mesajı kullanıldı.,Tüm diller yalnız Detective Pikachu amiibo’nun uyumlu olduğunu söylüyor.,"Yalnızca
Detective Pikachu amiibo'su
kullanılabilir.",MANUEL İNCELENDİ,DEĞİŞTİ,Kişiye göre değişen resmiyet yerine nötr sistem mesajı kullanıldı.,Tüm diller yalnız Detective Pikachu amiibo’nun uyumlu olduğunu söylüyor.,"Yalnızca
Detective Pikachu amiibo'su
kullanılabilir.",MANUEL İNCELENDİ,DEĞİŞTİ,Kişiye göre değişen resmiyet yerine nötr sistem mesajı kullanıldı.,Tüm diller yalnız Detective Pikachu amiibo’nun uyumlu olduğunu söylüyor.,"Yalnızca
Detective Pikachu amiibo'su
kullanılabilir.",MANUEL İNCELENDİ,DEĞİŞTİ,Kişiye göre değişen resmiyet yerine nötr sistem mesajı kullanıldı.,Tüm diller yalnız Detective Pikachu amiibo’nun uyumlu olduğunu söylüyor.,"Yalnızca
Detective Pikachu amiibo'su
kullanılabilir.",MANUEL İNCELENDİ,DEĞİŞTİ,Kişiye göre değişen resmiyet yerine nötr sistem mesajı kullanıldı.,Tüm diller yalnız Detective Pikachu amiibo’nun uyumlu olduğunu söylüyor.,"Yalnızca
Detective Pikachu amiibo'su
kullanılabilir.",MANUEL İNCELENDİ,DEĞİŞTİ,Kişiye göre değişen resmiyet yerine nötr sistem mesajı kullanıldı.,Tüm diller yalnız Detective Pikachu amiibo’nun uyumlu olduğunu söylüyor.,"Yalnızca
Detective Pikachu amiibo'su
kullanılabilir.",MANUEL İNCELENDİ,DEĞİŞTİ,Kişiye göre değişen resmiyet yerine nötr sistem mesajı kullanıldı.,Tüm diller yalnız Detective Pikachu amiibo’nun uyumlu olduğunu söylüyor.,"Yalnızca
Detective Pikachu amiibo'su
kullanılabilir.",MANUEL İNCELENDİ,DEĞİŞTİ,Kişiye göre değişen resmiyet yerine nötr sistem mesajı kullanıldı.,Tüm diller yalnız Detective Pikachu amiibo’nun uyumlu olduğunu söylüyor.,"Yalnızca
Detective Pikachu amiibo'su
kullanılabilir.",MANUEL İNCELENDİ,DEĞİŞTİ,Kişiye göre değişen resmiyet yerine nötr sistem mesajı kullanıldı.,Tüm diller yalnız Detective Pikachu amiibo’nun uyumlu olduğunu söylüyor.,"Yalnızca
Detective Pikachu amiibo'su
kullanılabilir.",MANUEL İNCELENDİ,DEĞİŞTİ,Kişiye göre değişen resmiyet yerine nötr sistem mesajı kullanıldı.,Tüm diller yalnız Detective Pikachu amiibo’nun uyumlu olduğunu söylüyor.,"Yalnızca
Detective Pikachu amiibo'su
kullanılabilir.",MANUEL İNCELENDİ,DEĞİŞTİ,Kişiye göre değişen resmiyet yerine nötr sistem mesajı kullanıldı.,Tüm diller yalnız Detective Pikachu amiibo’nun uyumlu olduğunu söylüyor.,"Yalnızca
Detective Pikachu amiibo'su
kullanılabilir.",MANUEL İNCELENDİ,DEĞİŞTİ,Kişiye göre değişen resmiyet yerine nötr sistem mesajı kullanıldı.,Tüm diller yalnız Detective Pikachu amiibo’nun uyumlu olduğunu söylüyor.
53,TITLE_AMIIBO_NOTCOMPATIBLE_1,"Please turn on the system's wireless
communications function.",Veuillez activer la communication sans fil.,"Bitte aktiviere die drahtlose Verbindung
deines Systems.","Attiva la comunicazione
wireless della console.",Activa la comunicación inalámbrica.,"本体の無線通信機能を
ONにしてください","ほんたいの むせんつうしんきのうを
ONにしてください",请开启主机的无线连接功能。,請開啟主機的無線通訊功能,"Lütfen sistemin kablosuz
iletişim özelliğini açın.","Lütfen sistemin kablosuz
iletişim özelliğini aç.","Lütfen sistemin kablosuz
iletişim özelliğini aç.",MANUEL İNCELENDİ,DEĞİŞTİ,Hitap ve emir biçimi yamanın genel tekil tonuna uyarlandı.,EN/FR/DE/IT/ES/JP/ZH sistemin wireless communication özelliğini açmayı istiyor.,"Lütfen sistemin kablosuz
iletişim özelliğini aç.",MANUEL İNCELENDİ,DEĞİŞTİ,Hitap ve emir biçimi yamanın genel tekil tonuna uyarlandı.,EN/FR/DE/IT/ES/JP/ZH sistemin wireless communication özelliğini açmayı istiyor.,"Lütfen sistemin kablosuz
iletişim özelliğini aç.",MANUEL İNCELENDİ,DEĞİŞTİ,Hitap ve emir biçimi yamanın genel tekil tonuna uyarlandı.,EN/FR/DE/IT/ES/JP/ZH sistemin wireless communication özelliğini açmayı istiyor.,"Lütfen sistemin kablosuz
iletişim özelliğini aç.",MANUEL İNCELENDİ,DEĞİŞTİ,Hitap ve emir biçimi yamanın genel tekil tonuna uyarlandı.,EN/FR/DE/IT/ES/JP/ZH sistemin wireless communication özelliğini açmayı istiyor.,"Lütfen sistemin kablosuz
iletişim özelliğini aç.",MANUEL İNCELENDİ,DEĞİŞTİ,Hitap ve emir biçimi yamanın genel tekil tonuna uyarlandı.,EN/FR/DE/IT/ES/JP/ZH sistemin wireless communication özelliğini açmayı istiyor.,"Lütfen sistemin kablosuz
iletişim özelliğini aç.",MANUEL İNCELENDİ,DEĞİŞTİ,Hitap ve emir biçimi yamanın genel tekil tonuna uyarlandı.,EN/FR/DE/IT/ES/JP/ZH sistemin wireless communication özelliğini açmayı istiyor.,"Lütfen sistemin kablosuz
iletişim özelliğini aç.",MANUEL İNCELENDİ,DEĞİŞTİ,Hitap ve emir biçimi yamanın genel tekil tonuna uyarlandı.,EN/FR/DE/IT/ES/JP/ZH sistemin wireless communication özelliğini açmayı istiyor.,"Lütfen sistemin kablosuz
iletişim özelliğini aç.",MANUEL İNCELENDİ,DEĞİŞTİ,Hitap ve emir biçimi yamanın genel tekil tonuna uyarlandı.,EN/FR/DE/IT/ES/JP/ZH sistemin wireless communication özelliğini açmayı istiyor.,"Lütfen sistemin kablosuz
iletişim özelliğini aç.",MANUEL İNCELENDİ,DEĞİŞTİ,Hitap ve emir biçimi yamanın genel tekil tonuna uyarlandı.,EN/FR/DE/IT/ES/JP/ZH sistemin wireless communication özelliğini açmayı istiyor.,"Lütfen sistemin kablosuz
iletişim özelliğini aç.",MANUEL İNCELENDİ,DEĞİŞTİ,Hitap ve emir biçimi yamanın genel tekil tonuna uyarlandı.,EN/FR/DE/IT/ES/JP/ZH sistemin wireless communication özelliğini açmayı istiyor.,"Lütfen sistemin kablosuz
iletişim özelliğini aç.",MANUEL İNCELENDİ,DEĞİŞTİ,Hitap ve emir biçimi yamanın genel tekil tonuna uyarlandı.,EN/FR/DE/IT/ES/JP/ZH sistemin wireless communication özelliğini açmayı istiyor.,"Lütfen sistemin kablosuz
iletişim özelliğini aç.",MANUEL İNCELENDİ,DEĞİŞTİ,Hitap ve emir biçimi yamanın genel tekil tonuna uyarlandı.,EN/FR/DE/IT/ES/JP/ZH sistemin wireless communication özelliğini açmayı istiyor.
54,TITLE_AMIIBO_ERROR00,"Failed to connect.
Please try connecting again after restarting
the NFC Reader/Writer or the system.","La connexion a échoué.
Veuillez redémarrer la console ou
le lecteur/enregistreur NFC Nintendo 3DS,
puis réessayez.","Verbindung fehlgeschlagen.
Bitte starte dein System bzw. das NFC-Lese-/
Schreibgerät neu und versuche noch einmal,
eine Verbindung herzustellen.","Connessione non riuscita.
Riavvia la console o il
lettore/scrittore NFC e riprova.","Se ha interrumpido la lectura.
Reinicia la consola o el lector/grabador NFC
y vuelve a repetir el proceso.","接続に失敗しました
本体もしくは
NFCリーダー/ライターの再起動をし
接続しなおしてください","せつぞくに しっぱいしました
ほんたい もしくは
NFCリーダー/ライターのさいきどうをし
せつぞくしなおしてください","连接失败。
请重启主机或读写器，
重新进行连接。","連線失敗
請重新啟動主機或NFC讀寫器
並重新連線","Bağlanılamadı.
NFC Okuyucu/Yazıcıyı ya da sistemi yeniden başlattıktan sonra
lütfen tekrar bağlanmayı deneyin.","Bağlantı kurulamadı.
NFC Okuyucu/Yazıcıyı ya da sistemi
yeniden başlatıp tekrar
bağlanmayı dene.","Bağlantı kurulamadı.
NFC Okuyucu/Yazıcıyı ya da sistemi
yeniden başlatıp tekrar
bağlanmayı dene.",MANUEL İNCELENDİ,DEĞİŞTİ,Cümle daha kısa ve doğal Türkçe teknik hata mesajına dönüştürüldü.,EN/FR/DE/IT/JP/ZH reader veya sistem yeniden başlatıp tekrar bağlanmayı öneriyor; ES de yeniden başlatma/tekrar deneme.,"Bağlantı kurulamadı.
NFC Okuyucu/Yazıcıyı ya da sistemi
yeniden başlatıp tekrar
bağlanmayı dene.",MANUEL İNCELENDİ,DEĞİŞTİ,Cümle daha kısa ve doğal Türkçe teknik hata mesajına dönüştürüldü.,EN/FR/DE/IT/JP/ZH reader veya sistem yeniden başlatıp tekrar bağlanmayı öneriyor; ES de yeniden başlatma/tekrar deneme.,"Bağlantı kurulamadı.
NFC Okuyucu/Yazıcıyı ya da sistemi
yeniden başlatıp tekrar
bağlanmayı dene.",MANUEL İNCELENDİ,DEĞİŞTİ,Cümle daha kısa ve doğal Türkçe teknik hata mesajına dönüştürüldü.,EN/FR/DE/IT/JP/ZH reader veya sistem yeniden başlatıp tekrar bağlanmayı öneriyor; ES de yeniden başlatma/tekrar deneme.,"Bağlantı kurulamadı.
NFC Okuyucu/Yazıcıyı ya da sistemi
yeniden başlatıp tekrar
bağlanmayı dene.",MANUEL İNCELENDİ,DEĞİŞTİ,Cümle daha kısa ve doğal Türkçe teknik hata mesajına dönüştürüldü.,EN/FR/DE/IT/JP/ZH reader veya sistem yeniden başlatıp tekrar bağlanmayı öneriyor; ES de yeniden başlatma/tekrar deneme.,"Bağlantı kurulamadı.
NFC Okuyucu/Yazıcıyı ya da sistemi
yeniden başlatıp tekrar
bağlanmayı dene.",MANUEL İNCELENDİ,DEĞİŞTİ,Cümle daha kısa ve doğal Türkçe teknik hata mesajına dönüştürüldü.,EN/FR/DE/IT/JP/ZH reader veya sistem yeniden başlatıp tekrar bağlanmayı öneriyor; ES de yeniden başlatma/tekrar deneme.,"Bağlantı kurulamadı.
NFC Okuyucu/Yazıcıyı ya da sistemi
yeniden başlatıp tekrar
bağlanmayı dene.",MANUEL İNCELENDİ,DEĞİŞTİ,Cümle daha kısa ve doğal Türkçe teknik hata mesajına dönüştürüldü.,EN/FR/DE/IT/JP/ZH reader veya sistem yeniden başlatıp tekrar bağlanmayı öneriyor; ES de yeniden başlatma/tekrar deneme.,"Bağlantı kurulamadı.
NFC Okuyucu/Yazıcıyı ya da sistemi
yeniden başlatıp tekrar
bağlanmayı dene.",MANUEL İNCELENDİ,DEĞİŞTİ,Cümle daha kısa ve doğal Türkçe teknik hata mesajına dönüştürüldü.,EN/FR/DE/IT/JP/ZH reader veya sistem yeniden başlatıp tekrar bağlanmayı öneriyor; ES de yeniden başlatma/tekrar deneme.,"Bağlantı kurulamadı.
NFC Okuyucu/Yazıcıyı ya da sistemi
yeniden başlatıp tekrar
bağlanmayı dene.",MANUEL İNCELENDİ,DEĞİŞTİ,Cümle daha kısa ve doğal Türkçe teknik hata mesajına dönüştürüldü.,EN/FR/DE/IT/JP/ZH reader veya sistem yeniden başlatıp tekrar bağlanmayı öneriyor; ES de yeniden başlatma/tekrar deneme.,"Bağlantı kurulamadı.
NFC Okuyucu/Yazıcıyı ya da sistemi
yeniden başlatıp tekrar
bağlanmayı dene.",MANUEL İNCELENDİ,DEĞİŞTİ,Cümle daha kısa ve doğal Türkçe teknik hata mesajına dönüştürüldü.,EN/FR/DE/IT/JP/ZH reader veya sistem yeniden başlatıp tekrar bağlanmayı öneriyor; ES de yeniden başlatma/tekrar deneme.,"Bağlantı kurulamadı.
NFC Okuyucu/Yazıcıyı ya da sistemi
yeniden başlatıp tekrar
bağlanmayı dene.",MANUEL İNCELENDİ,DEĞİŞTİ,Cümle daha kısa ve doğal Türkçe teknik hata mesajına dönüştürüldü.,EN/FR/DE/IT/JP/ZH reader veya sistem yeniden başlatıp tekrar bağlanmayı öneriyor; ES de yeniden başlatma/tekrar deneme.,"Bağlantı kurulamadı.
NFC Okuyucu/Yazıcıyı ya da sistemi
yeniden başlatıp tekrar
bağlanmayı dene.",MANUEL İNCELENDİ,DEĞİŞTİ,Cümle daha kısa ve doğal Türkçe teknik hata mesajına dönüştürüldü.,EN/FR/DE/IT/JP/ZH reader veya sistem yeniden başlatıp tekrar bağlanmayı öneriyor; ES de yeniden başlatma/tekrar deneme.,"Bağlantı kurulamadı.
NFC Okuyucu/Yazıcıyı ya da sistemi
yeniden başlatıp tekrar
bağlanmayı dene.",MANUEL İNCELENDİ,DEĞİŞTİ,Cümle daha kısa ve doğal Türkçe teknik hata mesajına dönüştürüldü.,EN/FR/DE/IT/JP/ZH reader veya sistem yeniden başlatıp tekrar bağlanmayı öneriyor; ES de yeniden başlatma/tekrar deneme.
55,TITLE_AMIIBO_ERROR01,"Failed to connect.
Please update the NFC Reader/Writer.","La connexion a échoué.
Veuillez mettre le lecteur/enregistreur NFC
Nintendo 3DS à jour.","Verbindung fehlgeschlagen.
Bitte aktualisiere das NFC-Lese-/Schreibgerät.","Connessione non riuscita.
Aggiorna il lettore/scrittore NFC.","Se ha interrumpido la lectura.
Reinicia el lector/grabador NFC.","接続に失敗しました
NFCリーダー/ライターを
更新してください","せつぞくに しっぱいしました
NFCリーダー/ライターを
こうしんしてください","连接失败。
请更新NFC读写器。","連線失敗
請更新NFC讀寫器","Bağlanılamadı.
Lütfen NFC Okuyucu/Yazıcıyı güncelleyin.","Bağlantı kurulamadı.
NFC Okuyucu/Yazıcıyı güncelle.","Bağlantı kurulamadı.
NFC Okuyucu/Yazıcıyı güncelle.",MANUEL İNCELENDİ,DEĞİŞTİ,Teknik hata mesajı sadeleştirildi.,EN/FR/DE/IT/JP/ZH NFC Reader/Writer update; ES reader restart diyor ancak ana kaynaklar update üzerinde birleşiyor.,"Bağlantı kurulamadı.
NFC Okuyucu/Yazıcıyı güncelle.",MANUEL İNCELENDİ,DEĞİŞTİ,Teknik hata mesajı sadeleştirildi.,EN/FR/DE/IT/JP/ZH NFC Reader/Writer update; ES reader restart diyor ancak ana kaynaklar update üzerinde birleşiyor.,"Bağlantı kurulamadı.
NFC Okuyucu/Yazıcıyı güncelle.",MANUEL İNCELENDİ,DEĞİŞTİ,Teknik hata mesajı sadeleştirildi.,EN/FR/DE/IT/JP/ZH NFC Reader/Writer update; ES reader restart diyor ancak ana kaynaklar update üzerinde birleşiyor.,"Bağlantı kurulamadı.
NFC Okuyucu/Yazıcıyı güncelle.",MANUEL İNCELENDİ,DEĞİŞTİ,Teknik hata mesajı sadeleştirildi.,EN/FR/DE/IT/JP/ZH NFC Reader/Writer update; ES reader restart diyor ancak ana kaynaklar update üzerinde birleşiyor.,"Bağlantı kurulamadı.
NFC Okuyucu/Yazıcıyı güncelle.",MANUEL İNCELENDİ,DEĞİŞTİ,Teknik hata mesajı sadeleştirildi.,EN/FR/DE/IT/JP/ZH NFC Reader/Writer update; ES reader restart diyor ancak ana kaynaklar update üzerinde birleşiyor.,"Bağlantı kurulamadı.
NFC Okuyucu/Yazıcıyı güncelle.",MANUEL İNCELENDİ,DEĞİŞTİ,Teknik hata mesajı sadeleştirildi.,EN/FR/DE/IT/JP/ZH NFC Reader/Writer update; ES reader restart diyor ancak ana kaynaklar update üzerinde birleşiyor.,"Bağlantı kurulamadı.
NFC Okuyucu/Yazıcıyı güncelle.",MANUEL İNCELENDİ,DEĞİŞTİ,Teknik hata mesajı sadeleştirildi.,EN/FR/DE/IT/JP/ZH NFC Reader/Writer update; ES reader restart diyor ancak ana kaynaklar update üzerinde birleşiyor.,"Bağlantı kurulamadı.
NFC Okuyucu/Yazıcıyı güncelle.",MANUEL İNCELENDİ,DEĞİŞTİ,Teknik hata mesajı sadeleştirildi.,EN/FR/DE/IT/JP/ZH NFC Reader/Writer update; ES reader restart diyor ancak ana kaynaklar update üzerinde birleşiyor.,"Bağlantı kurulamadı.
NFC Okuyucu/Yazıcıyı güncelle.",MANUEL İNCELENDİ,DEĞİŞTİ,Teknik hata mesajı sadeleştirildi.,EN/FR/DE/IT/JP/ZH NFC Reader/Writer update; ES reader restart diyor ancak ana kaynaklar update üzerinde birleşiyor.,"Bağlantı kurulamadı.
NFC Okuyucu/Yazıcıyı güncelle.",MANUEL İNCELENDİ,DEĞİŞTİ,Teknik hata mesajı sadeleştirildi.,EN/FR/DE/IT/JP/ZH NFC Reader/Writer update; ES reader restart diyor ancak ana kaynaklar update üzerinde birleşiyor.,"Bağlantı kurulamadı.
NFC Okuyucu/Yazıcıyı güncelle.",MANUEL İNCELENDİ,DEĞİŞTİ,Teknik hata mesajı sadeleştirildi.,EN/FR/DE/IT/JP/ZH NFC Reader/Writer update; ES reader restart diyor ancak ana kaynaklar update üzerinde birleşiyor.,"Bağlantı kurulamadı.
NFC Okuyucu/Yazıcıyı güncelle.",MANUEL İNCELENDİ,DEĞİŞTİ,Teknik hata mesajı sadeleştirildi.,EN/FR/DE/IT/JP/ZH NFC Reader/Writer update; ES reader restart diyor ancak ana kaynaklar update üzerinde birleşiyor.
56,TITLE_AMIIBO_ERROR02,"Failed to connect. Please check the power to
your NFC Reader/Writer and the direction
it's facing.","Connexion impossible. Veuillez vérifier que
le lecteur/enregistreur NFC Nintendo 3DS
est alimenté et positionné dans le bon sens.","Es konnte keine Verbindung hergestellt
werden. Bitte überprüfe die Batterien und die
Ausrichtung des NFC-Lese-/Schreibgeräts.","Connessione non riuscita.
Controlla che il lettore/scrittore NFC
sia acceso e nella posizione corretta.","Ha sido imposible realizar la conexión.
Asegúrate de que el lector/grabador NFC
tenga pilas y esté bien colocado.","接続できませんでした
NFCリーダー／ライターの
電源や向きなどを
確認してみてください","せつぞくできませんでした
NFCリーダー／ライターの
でんげんやむきなどを
かくにんしてみてください","无法连接。
请确认NFC读写器的
电源以及朝向。","無法連線
請確認NFC讀寫器的
電源以及方向","Bağlanılamadı. Lütfen
NFC Okuyucu/Yazıcı'nın güç bağlantısını ve
yönünü kontrol edin.","Bağlantı kurulamadı.
NFC Okuyucu/Yazıcının açık ve doğru yönde
olduğunu kontrol et.","Bağlantı kurulamadı.
NFC Okuyucu/Yazıcının açık ve doğru yönde
olduğunu kontrol et.",MANUEL İNCELENDİ,DEĞİŞTİ,‘Güç bağlantısı’ özgün metinde olmayan kablolu güç çağrışımı yapıyordu; cihazın powered/on durumu ve yönü kastediliyor.,EN power + direction; DE batteries + orientation; FR/IT/ES powered/batteries + position; JP/ZH power + direction.,"Bağlantı kurulamadı.
NFC Okuyucu/Yazıcının açık ve doğru yönde
olduğunu kontrol et.",MANUEL İNCELENDİ,DEĞİŞTİ,‘Güç bağlantısı’ özgün metinde olmayan kablolu güç çağrışımı yapıyordu; cihazın powered/on durumu ve yönü kastediliyor.,EN power + direction; DE batteries + orientation; FR/IT/ES powered/batteries + position; JP/ZH power + direction.,"Bağlantı kurulamadı.
NFC Okuyucu/Yazıcının açık ve doğru yönde
olduğunu kontrol et.",MANUEL İNCELENDİ,DEĞİŞTİ,‘Güç bağlantısı’ özgün metinde olmayan kablolu güç çağrışımı yapıyordu; cihazın powered/on durumu ve yönü kastediliyor.,EN power + direction; DE batteries + orientation; FR/IT/ES powered/batteries + position; JP/ZH power + direction.,"Bağlantı kurulamadı.
NFC Okuyucu/Yazıcının açık ve doğru yönde
olduğunu kontrol et.",MANUEL İNCELENDİ,DEĞİŞTİ,‘Güç bağlantısı’ özgün metinde olmayan kablolu güç çağrışımı yapıyordu; cihazın powered/on durumu ve yönü kastediliyor.,EN power + direction; DE batteries + orientation; FR/IT/ES powered/batteries + position; JP/ZH power + direction.,"Bağlantı kurulamadı.
NFC Okuyucu/Yazıcının açık ve doğru yönde
olduğunu kontrol et.",MANUEL İNCELENDİ,DEĞİŞTİ,‘Güç bağlantısı’ özgün metinde olmayan kablolu güç çağrışımı yapıyordu; cihazın powered/on durumu ve yönü kastediliyor.,EN power + direction; DE batteries + orientation; FR/IT/ES powered/batteries + position; JP/ZH power + direction.,"Bağlantı kurulamadı.
NFC Okuyucu/Yazıcının açık ve doğru yönde
olduğunu kontrol et.",MANUEL İNCELENDİ,DEĞİŞTİ,‘Güç bağlantısı’ özgün metinde olmayan kablolu güç çağrışımı yapıyordu; cihazın powered/on durumu ve yönü kastediliyor.,EN power + direction; DE batteries + orientation; FR/IT/ES powered/batteries + position; JP/ZH power + direction.,"Bağlantı kurulamadı.
NFC Okuyucu/Yazıcının açık ve doğru yönde
olduğunu kontrol et.",MANUEL İNCELENDİ,DEĞİŞTİ,‘Güç bağlantısı’ özgün metinde olmayan kablolu güç çağrışımı yapıyordu; cihazın powered/on durumu ve yönü kastediliyor.,EN power + direction; DE batteries + orientation; FR/IT/ES powered/batteries + position; JP/ZH power + direction.,"Bağlantı kurulamadı.
NFC Okuyucu/Yazıcının açık ve doğru yönde
olduğunu kontrol et.",MANUEL İNCELENDİ,DEĞİŞTİ,‘Güç bağlantısı’ özgün metinde olmayan kablolu güç çağrışımı yapıyordu; cihazın powered/on durumu ve yönü kastediliyor.,EN power + direction; DE batteries + orientation; FR/IT/ES powered/batteries + position; JP/ZH power + direction.,"Bağlantı kurulamadı.
NFC Okuyucu/Yazıcının açık ve doğru yönde
olduğunu kontrol et.",MANUEL İNCELENDİ,DEĞİŞTİ,‘Güç bağlantısı’ özgün metinde olmayan kablolu güç çağrışımı yapıyordu; cihazın powered/on durumu ve yönü kastediliyor.,EN power + direction; DE batteries + orientation; FR/IT/ES powered/batteries + position; JP/ZH power + direction.,"Bağlantı kurulamadı.
NFC Okuyucu/Yazıcının açık ve doğru yönde
olduğunu kontrol et.",MANUEL İNCELENDİ,DEĞİŞTİ,‘Güç bağlantısı’ özgün metinde olmayan kablolu güç çağrışımı yapıyordu; cihazın powered/on durumu ve yönü kastediliyor.,EN power + direction; DE batteries + orientation; FR/IT/ES powered/batteries + position; JP/ZH power + direction.,"Bağlantı kurulamadı.
NFC Okuyucu/Yazıcının açık ve doğru yönde
olduğunu kontrol et.",MANUEL İNCELENDİ,DEĞİŞTİ,‘Güç bağlantısı’ özgün metinde olmayan kablolu güç çağrışımı yapıyordu; cihazın powered/on durumu ve yönü kastediliyor.,EN power + direction; DE batteries + orientation; FR/IT/ES powered/batteries + position; JP/ZH power + direction.,"Bağlantı kurulamadı.
NFC Okuyucu/Yazıcının açık ve doğru yönde
olduğunu kontrol et.",MANUEL İNCELENDİ,DEĞİŞTİ,‘Güç bağlantısı’ özgün metinde olmayan kablolu güç çağrışımı yapıyordu; cihazın powered/on durumu ve yönü kastediliyor.,EN power + direction; DE batteries + orientation; FR/IT/ES powered/batteries + position; JP/ZH power + direction.
57,TITLE_AMIIBO_ERROR03,"An infrared communications error occurred.
Please restart your system and try
to reconnect. ","Une erreur de communication infrarouge est
survenue. Veuillez redémarrer la console puis
relancez la connexion.","Beim Herstellen der Infrarot-Verbindung
ist ein Fehler aufgetreten.
Bitte starte das System neu und versuche es
noch einmal.","Si è verificato un errore durante
la comunicazione a infrarossi.
Riavvia la console e riprova.","Se ha producido un error
en la comunicación por infrarrojos.
Reinicia la consola y vuelve
a intentarlo.","赤外線通信エラーが
発生しました
本体の再起動をし
接続しなおしてください","せきがいせんエラーが
はっせいしました
ほんたいのさいきどうをし
せつぞくしなおしてください","红外线连接发生错误。
请重启主机重新连接。","紅外線通訊發生錯誤
請重新啟動主機
並再次連線","Bir kızılötesi iletişim hatası oluştu.
Lütfen sisteminizi yeniden başlatın ve
yeniden bağlanmayı deneyin.","Kızılötesi iletişim hatası oluştu.
Sistemi yeniden başlatıp
tekrar bağlanmayı dene.","Kızılötesi iletişim hatası oluştu.
Sistemi yeniden başlatıp
tekrar bağlanmayı dene.",MANUEL İNCELENDİ,DEĞİŞTİ,Teknik mesaj Türkçede doğal ve tutarlı hale getirildi.,Tüm diller infrared communication error + restart system + reconnect diyor.,"Kızılötesi iletişim hatası oluştu.
Sistemi yeniden başlatıp
tekrar bağlanmayı dene.",MANUEL İNCELENDİ,DEĞİŞTİ,Teknik mesaj Türkçede doğal ve tutarlı hale getirildi.,Tüm diller infrared communication error + restart system + reconnect diyor.,"Kızılötesi iletişim hatası oluştu.
Sistemi yeniden başlatıp
tekrar bağlanmayı dene.",MANUEL İNCELENDİ,DEĞİŞTİ,Teknik mesaj Türkçede doğal ve tutarlı hale getirildi.,Tüm diller infrared communication error + restart system + reconnect diyor.,"Kızılötesi iletişim hatası oluştu.
Sistemi yeniden başlatıp
tekrar bağlanmayı dene.",MANUEL İNCELENDİ,DEĞİŞTİ,Teknik mesaj Türkçede doğal ve tutarlı hale getirildi.,Tüm diller infrared communication error + restart system + reconnect diyor.,"Kızılötesi iletişim hatası oluştu.
Sistemi yeniden başlatıp
tekrar bağlanmayı dene.",MANUEL İNCELENDİ,DEĞİŞTİ,Teknik mesaj Türkçede doğal ve tutarlı hale getirildi.,Tüm diller infrared communication error + restart system + reconnect diyor.,"Kızılötesi iletişim hatası oluştu.
Sistemi yeniden başlatıp
tekrar bağlanmayı dene.",MANUEL İNCELENDİ,DEĞİŞTİ,Teknik mesaj Türkçede doğal ve tutarlı hale getirildi.,Tüm diller infrared communication error + restart system + reconnect diyor.,"Kızılötesi iletişim hatası oluştu.
Sistemi yeniden başlatıp
tekrar bağlanmayı dene.",MANUEL İNCELENDİ,DEĞİŞTİ,Teknik mesaj Türkçede doğal ve tutarlı hale getirildi.,Tüm diller infrared communication error + restart system + reconnect diyor.,"Kızılötesi iletişim hatası oluştu.
Sistemi yeniden başlatıp
tekrar bağlanmayı dene.",MANUEL İNCELENDİ,DEĞİŞTİ,Teknik mesaj Türkçede doğal ve tutarlı hale getirildi.,Tüm diller infrared communication error + restart system + reconnect diyor.,"Kızılötesi iletişim hatası oluştu.
Sistemi yeniden başlatıp
tekrar bağlanmayı dene.",MANUEL İNCELENDİ,DEĞİŞTİ,Teknik mesaj Türkçede doğal ve tutarlı hale getirildi.,Tüm diller infrared communication error + restart system + reconnect diyor.,"Kızılötesi iletişim hatası oluştu.
Sistemi yeniden başlatıp
tekrar bağlanmayı dene.",MANUEL İNCELENDİ,DEĞİŞTİ,Teknik mesaj Türkçede doğal ve tutarlı hale getirildi.,Tüm diller infrared communication error + restart system + reconnect diyor.,"Kızılötesi iletişim hatası oluştu.
Sistemi yeniden başlatıp
tekrar bağlanmayı dene.",MANUEL İNCELENDİ,DEĞİŞTİ,Teknik mesaj Türkçede doğal ve tutarlı hale getirildi.,Tüm diller infrared communication error + restart system + reconnect diyor.,"Kızılötesi iletişim hatası oluştu.
Sistemi yeniden başlatıp
tekrar bağlanmayı dene.",MANUEL İNCELENDİ,DEĞİŞTİ,Teknik mesaj Türkçede doğal ve tutarlı hale getirildi.,Tüm diller infrared communication error + restart system + reconnect diyor.
58,TITLE_AMIIBO_ERROR_N,"If the problem persists, please
visit support.nintendo.com.","Si le problème persiste, visitez :
support.nintendo.com","Wenn das Problem bestehen bleibt,
besuche bitte support.nintendo.com.","Se il problema persiste, visita
il sito support.nintendo.com","Si el problema persiste, visita
support.nintendo.com.","症状が直らない場合は
任天堂サービスセンターへ
お問い合わせください","しょうじょうがなおらないばあいは
にんてんどうサービスセンターへ
おといあわせください","如果问题无法解决，请咨询
任天堂维修服务中心（香港）。","若問題無法解決
請洽詢當地維修服務中心","Sorun devam ederse, lütfen
support.nintendo.com adresini ziyaret edin.","Sorun devam ederse lütfen
support.nintendo.com adresini ziyaret et.","Sorun devam ederse lütfen
support.nintendo.com adresini ziyaret et.",MANUEL İNCELENDİ,DEĞİŞTİ,Hitap tekilleştirildi; anlam korunuyor.,EN/FR/DE/IT/ES support.nintendo.com; JP/ZH bölgesel servis merkezi. İngilizce sürümün destek URL’si korunuyor.,"Sorun devam ederse lütfen
support.nintendo.com adresini ziyaret et.",MANUEL İNCELENDİ,DEĞİŞTİ,Hitap tekilleştirildi; anlam korunuyor.,EN/FR/DE/IT/ES support.nintendo.com; JP/ZH bölgesel servis merkezi. İngilizce sürümün destek URL’si korunuyor.,"Sorun devam ederse lütfen
support.nintendo.com adresini ziyaret et.",MANUEL İNCELENDİ,DEĞİŞTİ,Hitap tekilleştirildi; anlam korunuyor.,EN/FR/DE/IT/ES support.nintendo.com; JP/ZH bölgesel servis merkezi. İngilizce sürümün destek URL’si korunuyor.,"Sorun devam ederse lütfen
support.nintendo.com adresini ziyaret et.",MANUEL İNCELENDİ,DEĞİŞTİ,Hitap tekilleştirildi; anlam korunuyor.,EN/FR/DE/IT/ES support.nintendo.com; JP/ZH bölgesel servis merkezi. İngilizce sürümün destek URL’si korunuyor.,"Sorun devam ederse lütfen
support.nintendo.com adresini ziyaret et.",MANUEL İNCELENDİ,DEĞİŞTİ,Hitap tekilleştirildi; anlam korunuyor.,EN/FR/DE/IT/ES support.nintendo.com; JP/ZH bölgesel servis merkezi. İngilizce sürümün destek URL’si korunuyor.,"Sorun devam ederse lütfen
support.nintendo.com adresini ziyaret et.",MANUEL İNCELENDİ,DEĞİŞTİ,Hitap tekilleştirildi; anlam korunuyor.,EN/FR/DE/IT/ES support.nintendo.com; JP/ZH bölgesel servis merkezi. İngilizce sürümün destek URL’si korunuyor.,"Sorun devam ederse lütfen
support.nintendo.com adresini ziyaret et.",MANUEL İNCELENDİ,DEĞİŞTİ,Hitap tekilleştirildi; anlam korunuyor.,EN/FR/DE/IT/ES support.nintendo.com; JP/ZH bölgesel servis merkezi. İngilizce sürümün destek URL’si korunuyor.,"Sorun devam ederse lütfen
support.nintendo.com adresini ziyaret et.",MANUEL İNCELENDİ,DEĞİŞTİ,Hitap tekilleştirildi; anlam korunuyor.,EN/FR/DE/IT/ES support.nintendo.com; JP/ZH bölgesel servis merkezi. İngilizce sürümün destek URL’si korunuyor.,"Sorun devam ederse lütfen
support.nintendo.com adresini ziyaret et.",MANUEL İNCELENDİ,DEĞİŞTİ,Hitap tekilleştirildi; anlam korunuyor.,EN/FR/DE/IT/ES support.nintendo.com; JP/ZH bölgesel servis merkezi. İngilizce sürümün destek URL’si korunuyor.,"Sorun devam ederse lütfen
support.nintendo.com adresini ziyaret et.",MANUEL İNCELENDİ,DEĞİŞTİ,Hitap tekilleştirildi; anlam korunuyor.,EN/FR/DE/IT/ES support.nintendo.com; JP/ZH bölgesel servis merkezi. İngilizce sürümün destek URL’si korunuyor.,"Sorun devam ederse lütfen
support.nintendo.com adresini ziyaret et.",MANUEL İNCELENDİ,DEĞİŞTİ,Hitap tekilleştirildi; anlam korunuyor.,EN/FR/DE/IT/ES support.nintendo.com; JP/ZH bölgesel servis merkezi. İngilizce sürümün destek URL’si korunuyor.,"Sorun devam ederse lütfen
support.nintendo.com adresini ziyaret et.",MANUEL İNCELENDİ,DEĞİŞTİ,Hitap tekilleştirildi; anlam korunuyor.,EN/FR/DE/IT/ES support.nintendo.com; JP/ZH bölgesel servis merkezi. İngilizce sürümün destek URL’si korunuyor.
59,TITLE_AMIIBO_SUCCESS,"You can now view all Pika Prompts from
chapters you have already cleared.
Enjoy viewing your Pika Prompts.","Vous pouvez maintenant visionner
les Pika-Scènes des chapitres que
vous avez terminés. Sélectionnez
« Voir les Pika-Scènes » pour en profiter !","Du kannst dir nun alle Pikachu-Sequenzen
aus den Kapiteln ansehen, die du bisher
gespielt hast. Wähle hierfür die Option
„Pikachu-Sequenzen“. Viel Spaß dabei!","Ora puoi rivedere tutte le scene Pikachu
dei capitoli che hai completato.
Buon divertimento!","Ahora puedes ver todos los Momentos
Pikachu que haya disponibles hasta tu
último punto de guardado.
¡Disfrútalos!","遊んだ物語までの
ピカチュウサインが
見られるようになりました
ピカチュウサインを見る から
お楽しみください","あそんだ ものがたりまでの
ピカチュウサインが
みられるようになりました
ピカチュウサインをみる から
おたのしみください","玩过的章节中的皮卡丘暗号
现在已经可以观看了。
请从“查看皮卡丘暗号”中观看。","可以觀看
已遊玩的章節中的
皮卡丘暗號了
請點觸「看皮卡丘暗號」","Artık tamamladığın bölümlere ait tüm Pika İpuçlarını
izleyebilirsin.
Pika İpuçlarının keyfini çıkar.","Artık tamamladığın bölümlere ait
tüm Pikachu Sahnelerini izleyebilirsin.
Pikachu Sahnelerinin
keyfini çıkar!","Artık tamamladığın bölümlere ait
tüm Pikachu Sahnelerini izleyebilirsin.
Pikachu Sahnelerinin
keyfini çıkar!",MANUEL İNCELENDİ,DEĞİŞTİ,Özellik adı düzeltildi; açılma durumu ve çağrı doğal Türkçeye çevrildi.,FR/DE/IT sahne/sekans; ES Pikachu moments; JP/ZH oynanan bölümlerin sign’ları açıldı. EN cleared chapters.,"Artık tamamladığın bölümlere ait
tüm Pikachu Sahnelerini izleyebilirsin.
Pikachu Sahnelerinin
keyfini çıkar!",MANUEL İNCELENDİ,DEĞİŞTİ,Özellik adı düzeltildi; açılma durumu ve çağrı doğal Türkçeye çevrildi.,FR/DE/IT sahne/sekans; ES Pikachu moments; JP/ZH oynanan bölümlerin sign’ları açıldı. EN cleared chapters.,"Artık tamamladığın bölümlere ait
tüm Pikachu Sahnelerini izleyebilirsin.
Pikachu Sahnelerinin
keyfini çıkar!",MANUEL İNCELENDİ,DEĞİŞTİ,Özellik adı düzeltildi; açılma durumu ve çağrı doğal Türkçeye çevrildi.,FR/DE/IT sahne/sekans; ES Pikachu moments; JP/ZH oynanan bölümlerin sign’ları açıldı. EN cleared chapters.,"Artık tamamladığın bölümlere ait
tüm Pikachu Sahnelerini izleyebilirsin.
Pikachu Sahnelerinin
keyfini çıkar!",MANUEL İNCELENDİ,DEĞİŞTİ,Özellik adı düzeltildi; açılma durumu ve çağrı doğal Türkçeye çevrildi.,FR/DE/IT sahne/sekans; ES Pikachu moments; JP/ZH oynanan bölümlerin sign’ları açıldı. EN cleared chapters.,"Artık tamamladığın bölümlere ait
tüm Pikachu Sahnelerini izleyebilirsin.
Pikachu Sahnelerinin
keyfini çıkar!",MANUEL İNCELENDİ,DEĞİŞTİ,Özellik adı düzeltildi; açılma durumu ve çağrı doğal Türkçeye çevrildi.,FR/DE/IT sahne/sekans; ES Pikachu moments; JP/ZH oynanan bölümlerin sign’ları açıldı. EN cleared chapters.,"Artık tamamladığın bölümlere ait
tüm Pikachu Sahnelerini izleyebilirsin.
Pikachu Sahnelerinin
keyfini çıkar!",MANUEL İNCELENDİ,DEĞİŞTİ,Özellik adı düzeltildi; açılma durumu ve çağrı doğal Türkçeye çevrildi.,FR/DE/IT sahne/sekans; ES Pikachu moments; JP/ZH oynanan bölümlerin sign’ları açıldı. EN cleared chapters.,"Artık tamamladığın bölümlere ait
tüm Pikachu Sahnelerini izleyebilirsin.
Pikachu Sahnelerinin
keyfini çıkar!",MANUEL İNCELENDİ,DEĞİŞTİ,Özellik adı düzeltildi; açılma durumu ve çağrı doğal Türkçeye çevrildi.,FR/DE/IT sahne/sekans; ES Pikachu moments; JP/ZH oynanan bölümlerin sign’ları açıldı. EN cleared chapters.,"Artık tamamladığın bölümlere ait
tüm Pikachu Sahnelerini izleyebilirsin.
Pikachu Sahnelerinin
keyfini çıkar!",MANUEL İNCELENDİ,DEĞİŞTİ,Özellik adı düzeltildi; açılma durumu ve çağrı doğal Türkçeye çevrildi.,FR/DE/IT sahne/sekans; ES Pikachu moments; JP/ZH oynanan bölümlerin sign’ları açıldı. EN cleared chapters.,"Artık tamamladığın bölümlere ait
tüm Pikachu Sahnelerini izleyebilirsin.
Pikachu Sahnelerinin
keyfini çıkar!",MANUEL İNCELENDİ,DEĞİŞTİ,Özellik adı düzeltildi; açılma durumu ve çağrı doğal Türkçeye çevrildi.,FR/DE/IT sahne/sekans; ES Pikachu moments; JP/ZH oynanan bölümlerin sign’ları açıldı. EN cleared chapters.,"Artık tamamladığın bölümlere ait
tüm Pikachu Sahnelerini izleyebilirsin.
Pikachu Sahnelerinin
keyfini çıkar!",MANUEL İNCELENDİ,DEĞİŞTİ,Özellik adı düzeltildi; açılma durumu ve çağrı doğal Türkçeye çevrildi.,FR/DE/IT sahne/sekans; ES Pikachu moments; JP/ZH oynanan bölümlerin sign’ları açıldı. EN cleared chapters.,"Artık tamamladığın bölümlere ait
tüm Pikachu Sahnelerini izleyebilirsin.
Pikachu Sahnelerinin
keyfini çıkar!",MANUEL İNCELENDİ,DEĞİŞTİ,Özellik adı düzeltildi; açılma durumu ve çağrı doğal Türkçeye çevrildi.,FR/DE/IT sahne/sekans; ES Pikachu moments; JP/ZH oynanan bölümlerin sign’ları açıldı. EN cleared chapters.,"Artık tamamladığın bölümlere ait
tüm Pikachu Sahnelerini izleyebilirsin.
Pikachu Sahnelerinin
keyfini çıkar!",MANUEL İNCELENDİ,DEĞİŞTİ,Özellik adı düzeltildi; açılma durumu ve çağrı doğal Türkçeye çevrildi.,FR/DE/IT sahne/sekans; ES Pikachu moments; JP/ZH oynanan bölümlerin sign’ları açıldı. EN cleared chapters.
60,TITLE_AMIIBO_ALL_OPEN,"You can already view all Pika Prompts from
chapters you have already cleared.
Enjoy viewing your Pika Prompts.","Vous pouvez déjà visionner les Pika-Scènes
des chapitres que vous avez terminés.
Sélectionnez « Voir les Pika-Scènes » pour
en profiter !","Du kannst dir bereits alle Pikachu-Sequenzen
aus den Kapiteln ansehen, die du bisher
gespielt hast. Wähle hierfür die Option
„Pikachu-Sequenzen“. Viel Spaß dabei!","È già possibile rivedere tutte le scene
Pikachu dei capitoli che hai completato.
Buon divertimento!","Ya tenías desbloqueados todos los Momentos
Pikachu disponibles hasta el punto de la
historia en el que te encuentres.
¡Disfruta de ellos!","遊んだ物語までの
ピカチュウサインは
見られるようになっています
ピカチュウサインを見る から
お楽しみください","あそんだ ものがたりまでの
ピカチュウサインは
みられるようになっています
ピカチュウサインをみる から
おたのしみください","玩过的章节中的皮卡丘暗号
现在已经可以观看了。
请从“查看皮卡丘暗号”中观看。","可以觀看
已遊玩的章節中的
皮卡丘暗號了
請點觸「看皮卡丘暗號」","Artık tamamladığın bölümlere ait tüm Pika İpuçlarını
izleyebilirsin.
Pika İpuçlarının keyfini çıkar.","Tamamladığın bölümlere ait
tüm Pikachu Sahneleri zaten açık.
Keyfini çıkar!","Tamamladığın bölümlere ait
tüm Pikachu Sahneleri zaten açık.
Keyfini çıkar!",MANUEL İNCELENDİ,DEĞİŞTİ,"v4, row 59 ile aynıydı ve İngilizce/Japoncadaki ‘already’ farkını kaybediyordu.",EN ‘already’; JP ‘見られるようになっています’ zaten erişilebilir durumda; FR/DE/IT/ES de déjà/bereits/già/ya vurgusu yapıyor.,"Tamamladığın bölümlere ait
tüm Pikachu Sahneleri zaten açık.
Keyfini çıkar!",MANUEL İNCELENDİ,DEĞİŞTİ,"v4, row 59 ile aynıydı ve İngilizce/Japoncadaki ‘already’ farkını kaybediyordu.",EN ‘already’; JP ‘見られるようになっています’ zaten erişilebilir durumda; FR/DE/IT/ES de déjà/bereits/già/ya vurgusu yapıyor.,"Tamamladığın bölümlere ait
tüm Pikachu Sahneleri zaten açık.
Keyfini çıkar!",MANUEL İNCELENDİ,DEĞİŞTİ,"v4, row 59 ile aynıydı ve İngilizce/Japoncadaki ‘already’ farkını kaybediyordu.",EN ‘already’; JP ‘見られるようになっています’ zaten erişilebilir durumda; FR/DE/IT/ES de déjà/bereits/già/ya vurgusu yapıyor.,"Tamamladığın bölümlere ait
tüm Pikachu Sahneleri zaten açık.
Keyfini çıkar!",MANUEL İNCELENDİ,DEĞİŞTİ,"v4, row 59 ile aynıydı ve İngilizce/Japoncadaki ‘already’ farkını kaybediyordu.",EN ‘already’; JP ‘見られるようになっています’ zaten erişilebilir durumda; FR/DE/IT/ES de déjà/bereits/già/ya vurgusu yapıyor.,"Tamamladığın bölümlere ait
tüm Pikachu Sahneleri zaten açık.
Keyfini çıkar!",MANUEL İNCELENDİ,DEĞİŞTİ,"v4, row 59 ile aynıydı ve İngilizce/Japoncadaki ‘already’ farkını kaybediyordu.",EN ‘already’; JP ‘見られるようになっています’ zaten erişilebilir durumda; FR/DE/IT/ES de déjà/bereits/già/ya vurgusu yapıyor.,"Tamamladığın bölümlere ait
tüm Pikachu Sahneleri zaten açık.
Keyfini çıkar!",MANUEL İNCELENDİ,DEĞİŞTİ,"v4, row 59 ile aynıydı ve İngilizce/Japoncadaki ‘already’ farkını kaybediyordu.",EN ‘already’; JP ‘見られるようになっています’ zaten erişilebilir durumda; FR/DE/IT/ES de déjà/bereits/già/ya vurgusu yapıyor.,"Tamamladığın bölümlere ait
tüm Pikachu Sahneleri zaten açık.
Keyfini çıkar!",MANUEL İNCELENDİ,DEĞİŞTİ,"v4, row 59 ile aynıydı ve İngilizce/Japoncadaki ‘already’ farkını kaybediyordu.",EN ‘already’; JP ‘見られるようになっています’ zaten erişilebilir durumda; FR/DE/IT/ES de déjà/bereits/già/ya vurgusu yapıyor.,"Tamamladığın bölümlere ait
tüm Pikachu Sahneleri zaten açık.
Keyfini çıkar!",MANUEL İNCELENDİ,DEĞİŞTİ,"v4, row 59 ile aynıydı ve İngilizce/Japoncadaki ‘already’ farkını kaybediyordu.",EN ‘already’; JP ‘見られるようになっています’ zaten erişilebilir durumda; FR/DE/IT/ES de déjà/bereits/già/ya vurgusu yapıyor.,"Tamamladığın bölümlere ait
tüm Pikachu Sahneleri zaten açık.
Keyfini çıkar!",MANUEL İNCELENDİ,DEĞİŞTİ,"v4, row 59 ile aynıydı ve İngilizce/Japoncadaki ‘already’ farkını kaybediyordu.",EN ‘already’; JP ‘見られるようになっています’ zaten erişilebilir durumda; FR/DE/IT/ES de déjà/bereits/già/ya vurgusu yapıyor.,"Tamamladığın bölümlere ait
tüm Pikachu Sahneleri zaten açık.
Keyfini çıkar!",MANUEL İNCELENDİ,DEĞİŞTİ,"v4, row 59 ile aynıydı ve İngilizce/Japoncadaki ‘already’ farkını kaybediyordu.",EN ‘already’; JP ‘見られるようになっています’ zaten erişilebilir durumda; FR/DE/IT/ES de déjà/bereits/già/ya vurgusu yapıyor.,"Tamamladığın bölümlere ait
tüm Pikachu Sahneleri zaten açık.
Keyfini çıkar!",MANUEL İNCELENDİ,DEĞİŞTİ,"v4, row 59 ile aynıydı ve İngilizce/Japoncadaki ‘already’ farkını kaybediyordu.",EN ‘already’; JP ‘見られるようになっています’ zaten erişilebilir durumda; FR/DE/IT/ES de déjà/bereits/già/ya vurgusu yapıyor.,"Tamamladığın bölümlere ait
tüm Pikachu Sahneleri zaten açık.
Keyfini çıkar!",MANUEL İNCELENDİ,DEĞİŞTİ,"v4, row 59 ile aynıydı ve İngilizce/Japoncadaki ‘already’ farkını kaybediyordu.",EN ‘already’; JP ‘見られるようになっています’ zaten erişilebilir durumda; FR/DE/IT/ES de déjà/bereits/già/ya vurgusu yapıyor.
61,TITLE_AMIIBO_RETURN,Press {{CTRL:0001:0000:01}} to go back,{{CTRL:0001:0000:01}} : Retour,{{CTRL:0001:0000:01}} Zurück,{{CTRL:0001:0000:01}} Indietro,{{CTRL:0001:0000:01}} Volver,{{CTRL:0001:0000:01}} 戻る,{{CTRL:0001:0000:01}} もどる,{{CTRL:0001:0000:01}} 返回,{{CTRL:0001:0000:01}} 返回,Geri dönmek için {{CTRL:0001:0000:01}} tuşuna basın,{{CTRL:0001:0000:01}} Geri dön,{{CTRL:0001:0000:01}} Geri dön,MANUEL İNCELENDİ,DEĞİŞTİ,‘Basın’ resmiyetini oyunun tekil tonuyla uyumlu hale getirdim.,Tüm diller aynı geri dön komutunu veriyor.,{{CTRL:0001:0000:01}} Geri dön,MANUEL İNCELENDİ,DEĞİŞTİ,‘Basın’ resmiyetini oyunun tekil tonuyla uyumlu hale getirdim.,Tüm diller aynı geri dön komutunu veriyor.,{{CTRL:0001:0000:01}} Geri dön,MANUEL İNCELENDİ,DEĞİŞTİ,‘Basın’ resmiyetini oyunun tekil tonuyla uyumlu hale getirdim.,Tüm diller aynı geri dön komutunu veriyor.,{{CTRL:0001:0000:01}} Geri dön,MANUEL İNCELENDİ,DEĞİŞTİ,‘Basın’ resmiyetini oyunun tekil tonuyla uyumlu hale getirdim.,Tüm diller aynı geri dön komutunu veriyor.,{{CTRL:0001:0000:01}} Geri dön,MANUEL İNCELENDİ,DEĞİŞTİ,‘Basın’ resmiyetini oyunun tekil tonuyla uyumlu hale getirdim.,Tüm diller aynı geri dön komutunu veriyor.,{{CTRL:0001:0000:01}} Geri dön,MANUEL İNCELENDİ,DEĞİŞTİ,‘Basın’ resmiyetini oyunun tekil tonuyla uyumlu hale getirdim.,Tüm diller aynı geri dön komutunu veriyor.,{{CTRL:0001:0000:01}} Geri dön,MANUEL İNCELENDİ,DEĞİŞTİ,‘Basın’ resmiyetini oyunun tekil tonuyla uyumlu hale getirdim.,Tüm diller aynı geri dön komutunu veriyor.,{{CTRL:0001:0000:01}} Geri dön,MANUEL İNCELENDİ,DEĞİŞTİ,‘Basın’ resmiyetini oyunun tekil tonuyla uyumlu hale getirdim.,Tüm diller aynı geri dön komutunu veriyor.,{{CTRL:0001:0000:01}} Geri dön,MANUEL İNCELENDİ,DEĞİŞTİ,‘Basın’ resmiyetini oyunun tekil tonuyla uyumlu hale getirdim.,Tüm diller aynı geri dön komutunu veriyor.,{{CTRL:0001:0000:01}} Geri dön,MANUEL İNCELENDİ,DEĞİŞTİ,‘Basın’ resmiyetini oyunun tekil tonuyla uyumlu hale getirdim.,Tüm diller aynı geri dön komutunu veriyor.,{{CTRL:0001:0000:01}} Geri dön,MANUEL İNCELENDİ,DEĞİŞTİ,‘Basın’ resmiyetini oyunun tekil tonuyla uyumlu hale getirdim.,Tüm diller aynı geri dön komutunu veriyor.,{{CTRL:0001:0000:01}} Geri dön,MANUEL İNCELENDİ,DEĞİŞTİ,‘Basın’ resmiyetini oyunun tekil tonuyla uyumlu hale getirdim.,Tüm diller aynı geri dön komutunu veriyor.
62,TITLE_EASYMODE_GUIDE,"In Easy Mode, you can touch this symbol if
you need some support.","En mode facile, touchez ce symbole
pour obtenir de l'aide.","Wenn du im einfachen Modus dieses Symbol
berührst, erhältst du Hilfe, um in der
Geschichte voranzukommen.","In modalità facilitata puoi toccare
questa icona se hai bisogno
di aiuto per proseguire nel gioco.","Toca este icono para obtener pistas
que te permitan avanzar en la historia.","てだすけモードでは
このマークをタッチすると
サポートが得られます","てだすけモードでは
このマークをタッチすると
サポートがえられます","如果在简单模式里点触该标记，
就能获得帮助。","在簡單模式裡
只要點選這個圖示
就能獲得協助","Kolay Mod'da yardıma ihtiyacın olursa
bu simgeye dokunabilirsin.","Kolay modda yardıma ihtiyacın olursa
bu simgeye dokunabilirsin.","Kolay modda yardıma ihtiyacın olursa
bu simgeye dokunabilirsin.",MANUEL İNCELENDİ,DEĞİŞTİ,Terim ve yazım sadeleştirildi; anlam zaten doğruydu.,EN/FR/DE/IT/JP/ZH Easy Mode’da support/help için simgeye dokunma; ES doğrudan ilerleme ipuçları.,"Kolay modda yardıma ihtiyacın olursa
bu simgeye dokunabilirsin.",MANUEL İNCELENDİ,DEĞİŞTİ,Terim ve yazım sadeleştirildi; anlam zaten doğruydu.,EN/FR/DE/IT/JP/ZH Easy Mode’da support/help için simgeye dokunma; ES doğrudan ilerleme ipuçları.,"Kolay modda yardıma ihtiyacın olursa
bu simgeye dokunabilirsin.",MANUEL İNCELENDİ,DEĞİŞTİ,Terim ve yazım sadeleştirildi; anlam zaten doğruydu.,EN/FR/DE/IT/JP/ZH Easy Mode’da support/help için simgeye dokunma; ES doğrudan ilerleme ipuçları.,"Kolay modda yardıma ihtiyacın olursa
bu simgeye dokunabilirsin.",MANUEL İNCELENDİ,DEĞİŞTİ,Terim ve yazım sadeleştirildi; anlam zaten doğruydu.,EN/FR/DE/IT/JP/ZH Easy Mode’da support/help için simgeye dokunma; ES doğrudan ilerleme ipuçları.,"Kolay modda yardıma ihtiyacın olursa
bu simgeye dokunabilirsin.",MANUEL İNCELENDİ,DEĞİŞTİ,Terim ve yazım sadeleştirildi; anlam zaten doğruydu.,EN/FR/DE/IT/JP/ZH Easy Mode’da support/help için simgeye dokunma; ES doğrudan ilerleme ipuçları.,"Kolay modda yardıma ihtiyacın olursa
bu simgeye dokunabilirsin.",MANUEL İNCELENDİ,DEĞİŞTİ,Terim ve yazım sadeleştirildi; anlam zaten doğruydu.,EN/FR/DE/IT/JP/ZH Easy Mode’da support/help için simgeye dokunma; ES doğrudan ilerleme ipuçları.,"Kolay modda yardıma ihtiyacın olursa
bu simgeye dokunabilirsin.",MANUEL İNCELENDİ,DEĞİŞTİ,Terim ve yazım sadeleştirildi; anlam zaten doğruydu.,EN/FR/DE/IT/JP/ZH Easy Mode’da support/help için simgeye dokunma; ES doğrudan ilerleme ipuçları.,"Kolay modda yardıma ihtiyacın olursa
bu simgeye dokunabilirsin.",MANUEL İNCELENDİ,DEĞİŞTİ,Terim ve yazım sadeleştirildi; anlam zaten doğruydu.,EN/FR/DE/IT/JP/ZH Easy Mode’da support/help için simgeye dokunma; ES doğrudan ilerleme ipuçları.,"Kolay modda yardıma ihtiyacın olursa
bu simgeye dokunabilirsin.",MANUEL İNCELENDİ,DEĞİŞTİ,Terim ve yazım sadeleştirildi; anlam zaten doğruydu.,EN/FR/DE/IT/JP/ZH Easy Mode’da support/help için simgeye dokunma; ES doğrudan ilerleme ipuçları.,"Kolay modda yardıma ihtiyacın olursa
bu simgeye dokunabilirsin.",MANUEL İNCELENDİ,DEĞİŞTİ,Terim ve yazım sadeleştirildi; anlam zaten doğruydu.,EN/FR/DE/IT/JP/ZH Easy Mode’da support/help için simgeye dokunma; ES doğrudan ilerleme ipuçları.,"Kolay modda yardıma ihtiyacın olursa
bu simgeye dokunabilirsin.",MANUEL İNCELENDİ,DEĞİŞTİ,Terim ve yazım sadeleştirildi; anlam zaten doğruydu.,EN/FR/DE/IT/JP/ZH Easy Mode’da support/help için simgeye dokunma; ES doğrudan ilerleme ipuçları.,"Kolay modda yardıma ihtiyacın olursa
bu simgeye dokunabilirsin.",MANUEL İNCELENDİ,DEĞİŞTİ,Terim ve yazım sadeleştirildi; anlam zaten doğruydu.,EN/FR/DE/IT/JP/ZH Easy Mode’da support/help için simgeye dokunma; ES doğrudan ilerleme ipuçları.
63,TITLE_INTERLUDE_EP1,Chapter 1,Chapitre 1,Kapitel 1,Capitolo 1,Episodio 1,第1章,だい1しょう,第1章,第一章,Bölüm 1,Bölüm 1,Bölüm 1,MANUEL İNCELENDİ,AYNI KALDI,Menü/yer/bölüm adı veya kısa UI metni v4’te doğal ve anlamca doğru.,EN/FR/DE/IT/ES ile JP/ZH temel ad/işlevde uyumlu; Türkçe karşılık hedef bağlamı koruyor.,Bölüm 1,MANUEL İNCELENDİ,AYNI KALDI,Menü/yer/bölüm adı veya kısa UI metni v4’te doğal ve anlamca doğru.,EN/FR/DE/IT/ES ile JP/ZH temel ad/işlevde uyumlu; Türkçe karşılık hedef bağlamı koruyor.,Bölüm 1,MANUEL İNCELENDİ,AYNI KALDI,Menü/yer/bölüm adı veya kısa UI metni v4’te doğal ve anlamca doğru.,EN/FR/DE/IT/ES ile JP/ZH temel ad/işlevde uyumlu; Türkçe karşılık hedef bağlamı koruyor.,Bölüm 1,MANUEL İNCELENDİ,AYNI KALDI,Menü/yer/bölüm adı veya kısa UI metni v4’te doğal ve anlamca doğru.,EN/FR/DE/IT/ES ile JP/ZH temel ad/işlevde uyumlu; Türkçe karşılık hedef bağlamı koruyor.,Bölüm 1,MANUEL İNCELENDİ,AYNI KALDI,Menü/yer/bölüm adı veya kısa UI metni v4’te doğal ve anlamca doğru.,EN/FR/DE/IT/ES ile JP/ZH temel ad/işlevde uyumlu; Türkçe karşılık hedef bağlamı koruyor.,Bölüm 1,MANUEL İNCELENDİ,AYNI KALDI,Menü/yer/bölüm adı veya kısa UI metni v4’te doğal ve anlamca doğru.,EN/FR/DE/IT/ES ile JP/ZH temel ad/işlevde uyumlu; Türkçe karşılık hedef bağlamı koruyor.,Bölüm 1,MANUEL İNCELENDİ,AYNI KALDI,Menü/yer/bölüm adı veya kısa UI metni v4’te doğal ve anlamca doğru.,EN/FR/DE/IT/ES ile JP/ZH temel ad/işlevde uyumlu; Türkçe karşılık hedef bağlamı koruyor.,Bölüm 1,MANUEL İNCELENDİ,AYNI KALDI,Menü/yer/bölüm adı veya kısa UI metni v4’te doğal ve anlamca doğru.,EN/FR/DE/IT/ES ile JP/ZH temel ad/işlevde uyumlu; Türkçe karşılık hedef bağlamı koruyor.,Bölüm 1,MANUEL İNCELENDİ,AYNI KALDI,Menü/yer/bölüm adı veya kısa UI metni v4’te doğal ve anlamca doğru.,EN/FR/DE/IT/ES ile JP/ZH temel ad/işlevde uyumlu; Türkçe karşılık hedef bağlamı koruyor.,Bölüm 1,MANUEL İNCELENDİ,AYNI KALDI,Menü/yer/bölüm adı veya kısa UI metni v4’te doğal ve anlamca doğru.,EN/FR/DE/IT/ES ile JP/ZH temel ad/işlevde uyumlu; Türkçe karşılık hedef bağlamı koruyor.,Bölüm 1,MANUEL İNCELENDİ,AYNI KALDI,Menü/yer/bölüm adı veya kısa UI metni v4’te doğal ve anlamca doğru.,EN/FR/DE/IT/ES ile JP/ZH temel ad/işlevde uyumlu; Türkçe karşılık hedef bağlamı koruyor.,Bölüm 1,MANUEL İNCELENDİ,AYNI KALDI,Menü/yer/bölüm adı veya kısa UI metni v4’te doğal ve anlamca doğru.,EN/FR/DE/IT/ES ile JP/ZH temel ad/işlevde uyumlu; Türkçe karşılık hedef bağlamı koruyor.
64,TITLE_INTERLUDE_EP1_TITLE,Tahnti Park,Le parc Tahnti,Tahnti Park,Tahnti Park,Parque de Tahnti,タンティ公園,タンティこうえん,探堤公园,坦堤公園,Tahnti Park,Tahnti Parkı,Tahnti Parkı,MANUEL İNCELENDİ,DEĞİŞTİ,Yer adı Türkçe isim tamlamasına doğal biçimde uyarlandı.,FR/ES açıkça Parc/Parque de Tahnti; JP/ZH ‘Tahnti park’. EN/DE proper-name biçiminde ‘Tahnti Park’.,Tahnti Parkı,MANUEL İNCELENDİ,DEĞİŞTİ,Yer adı Türkçe isim tamlamasına doğal biçimde uyarlandı.,FR/ES açıkça Parc/Parque de Tahnti; JP/ZH ‘Tahnti park’. EN/DE proper-name biçiminde ‘Tahnti Park’.,Tahnti Parkı,MANUEL İNCELENDİ,DEĞİŞTİ,Yer adı Türkçe isim tamlamasına doğal biçimde uyarlandı.,FR/ES açıkça Parc/Parque de Tahnti; JP/ZH ‘Tahnti park’. EN/DE proper-name biçiminde ‘Tahnti Park’.,Tahnti Parkı,MANUEL İNCELENDİ,DEĞİŞTİ,Yer adı Türkçe isim tamlamasına doğal biçimde uyarlandı.,FR/ES açıkça Parc/Parque de Tahnti; JP/ZH ‘Tahnti park’. EN/DE proper-name biçiminde ‘Tahnti Park’.,Tahnti Parkı,MANUEL İNCELENDİ,DEĞİŞTİ,Yer adı Türkçe isim tamlamasına doğal biçimde uyarlandı.,FR/ES açıkça Parc/Parque de Tahnti; JP/ZH ‘Tahnti park’. EN/DE proper-name biçiminde ‘Tahnti Park’.,Tahnti Parkı,MANUEL İNCELENDİ,DEĞİŞTİ,Yer adı Türkçe isim tamlamasına doğal biçimde uyarlandı.,FR/ES açıkça Parc/Parque de Tahnti; JP/ZH ‘Tahnti park’. EN/DE proper-name biçiminde ‘Tahnti Park’.,Tahnti Parkı,MANUEL İNCELENDİ,DEĞİŞTİ,Yer adı Türkçe isim tamlamasına doğal biçimde uyarlandı.,FR/ES açıkça Parc/Parque de Tahnti; JP/ZH ‘Tahnti park’. EN/DE proper-name biçiminde ‘Tahnti Park’.,Tahnti Parkı,MANUEL İNCELENDİ,DEĞİŞTİ,Yer adı Türkçe isim tamlamasına doğal biçimde uyarlandı.,FR/ES açıkça Parc/Parque de Tahnti; JP/ZH ‘Tahnti park’. EN/DE proper-name biçiminde ‘Tahnti Park’.,Tahnti Parkı,MANUEL İNCELENDİ,DEĞİŞTİ,Yer adı Türkçe isim tamlamasına doğal biçimde uyarlandı.,FR/ES açıkça Parc/Parque de Tahnti; JP/ZH ‘Tahnti park’. EN/DE proper-name biçiminde ‘Tahnti Park’.,Tahnti Parkı,MANUEL İNCELENDİ,DEĞİŞTİ,Yer adı Türkçe isim tamlamasına doğal biçimde uyarlandı.,FR/ES açıkça Parc/Parque de Tahnti; JP/ZH ‘Tahnti park’. EN/DE proper-name biçiminde ‘Tahnti Park’.,Tahnti Parkı,MANUEL İNCELENDİ,DEĞİŞTİ,Yer adı Türkçe isim tamlamasına doğal biçimde uyarlandı.,FR/ES açıkça Parc/Parque de Tahnti; JP/ZH ‘Tahnti park’. EN/DE proper-name biçiminde ‘Tahnti Park’.,Tahnti Parkı,MANUEL İNCELENDİ,DEĞİŞTİ,Yer adı Türkçe isim tamlamasına doğal biçimde uyarlandı.,FR/ES açıkça Parc/Parque de Tahnti; JP/ZH ‘Tahnti park’. EN/DE proper-name biçiminde ‘Tahnti Park’.
65,TITLE_INTERLUDE_EP2,Chapter 2,Chapitre 2,Kapitel 2,Capitolo 2,Episodio 2,第2章,だい2しょう,第2章,第二章,Bölüm 2,Bölüm 2,Bölüm 2,MANUEL İNCELENDİ,AYNI KALDI,Menü/yer/bölüm adı veya kısa UI metni v4’te doğal ve anlamca doğru.,EN/FR/DE/IT/ES ile JP/ZH temel ad/işlevde uyumlu; Türkçe karşılık hedef bağlamı koruyor.,Bölüm 2,MANUEL İNCELENDİ,AYNI KALDI,Menü/yer/bölüm adı veya kısa UI metni v4’te doğal ve anlamca doğru.,EN/FR/DE/IT/ES ile JP/ZH temel ad/işlevde uyumlu; Türkçe karşılık hedef bağlamı koruyor.,Bölüm 2,MANUEL İNCELENDİ,AYNI KALDI,Menü/yer/bölüm adı veya kısa UI metni v4’te doğal ve anlamca doğru.,EN/FR/DE/IT/ES ile JP/ZH temel ad/işlevde uyumlu; Türkçe karşılık hedef bağlamı koruyor.,Bölüm 2,MANUEL İNCELENDİ,AYNI KALDI,Menü/yer/bölüm adı veya kısa UI metni v4’te doğal ve anlamca doğru.,EN/FR/DE/IT/ES ile JP/ZH temel ad/işlevde uyumlu; Türkçe karşılık hedef bağlamı koruyor.,Bölüm 2,MANUEL İNCELENDİ,AYNI KALDI,Menü/yer/bölüm adı veya kısa UI metni v4’te doğal ve anlamca doğru.,EN/FR/DE/IT/ES ile JP/ZH temel ad/işlevde uyumlu; Türkçe karşılık hedef bağlamı koruyor.,Bölüm 2,MANUEL İNCELENDİ,AYNI KALDI,Menü/yer/bölüm adı veya kısa UI metni v4’te doğal ve anlamca doğru.,EN/FR/DE/IT/ES ile JP/ZH temel ad/işlevde uyumlu; Türkçe karşılık hedef bağlamı koruyor.,Bölüm 2,MANUEL İNCELENDİ,AYNI KALDI,Menü/yer/bölüm adı veya kısa UI metni v4’te doğal ve anlamca doğru.,EN/FR/DE/IT/ES ile JP/ZH temel ad/işlevde uyumlu; Türkçe karşılık hedef bağlamı koruyor.,Bölüm 2,MANUEL İNCELENDİ,AYNI KALDI,Menü/yer/bölüm adı veya kısa UI metni v4’te doğal ve anlamca doğru.,EN/FR/DE/IT/ES ile JP/ZH temel ad/işlevde uyumlu; Türkçe karşılık hedef bağlamı koruyor.,Bölüm 2,MANUEL İNCELENDİ,AYNI KALDI,Menü/yer/bölüm adı veya kısa UI metni v4’te doğal ve anlamca doğru.,EN/FR/DE/IT/ES ile JP/ZH temel ad/işlevde uyumlu; Türkçe karşılık hedef bağlamı koruyor.,Bölüm 2,MANUEL İNCELENDİ,AYNI KALDI,Menü/yer/bölüm adı veya kısa UI metni v4’te doğal ve anlamca doğru.,EN/FR/DE/IT/ES ile JP/ZH temel ad/işlevde uyumlu; Türkçe karşılık hedef bağlamı koruyor.,Bölüm 2,MANUEL İNCELENDİ,AYNI KALDI,Menü/yer/bölüm adı veya kısa UI metni v4’te doğal ve anlamca doğru.,EN/FR/DE/IT/ES ile JP/ZH temel ad/işlevde uyumlu; Türkçe karşılık hedef bağlamı koruyor.,Bölüm 2,MANUEL İNCELENDİ,AYNI KALDI,Menü/yer/bölüm adı veya kısa UI metni v4’te doğal ve anlamca doğru.,EN/FR/DE/IT/ES ile JP/ZH temel ad/işlevde uyumlu; Türkçe karşılık hedef bağlamı koruyor.
66,TITLE_INTERLUDE_EP2_TITLE,Litwick Cave,La grotte Funécire,Lichtel-Höhle,La Grotta dei Litwick,Cueva Litwick,ヒトモシ洞窟,ヒトモシどうくつ,烛光灵洞窟,燭光靈洞窟,Litwick Mağarası,Litwick Mağarası,Litwick Mağarası,MANUEL İNCELENDİ,AYNI KALDI,Menü/yer/bölüm adı veya kısa UI metni v4’te doğal ve anlamca doğru.,EN/FR/DE/IT/ES ile JP/ZH temel ad/işlevde uyumlu; Türkçe karşılık hedef bağlamı koruyor.,Litwick Mağarası,MANUEL İNCELENDİ,AYNI KALDI,Menü/yer/bölüm adı veya kısa UI metni v4’te doğal ve anlamca doğru.,EN/FR/DE/IT/ES ile JP/ZH temel ad/işlevde uyumlu; Türkçe karşılık hedef bağlamı koruyor.,Litwick Mağarası,MANUEL İNCELENDİ,AYNI KALDI,Menü/yer/bölüm adı veya kısa UI metni v4’te doğal ve anlamca doğru.,EN/FR/DE/IT/ES ile JP/ZH temel ad/işlevde uyumlu; Türkçe karşılık hedef bağlamı koruyor.,Litwick Mağarası,MANUEL İNCELENDİ,AYNI KALDI,Menü/yer/bölüm adı veya kısa UI metni v4’te doğal ve anlamca doğru.,EN/FR/DE/IT/ES ile JP/ZH temel ad/işlevde uyumlu; Türkçe karşılık hedef bağlamı koruyor.,Litwick Mağarası,MANUEL İNCELENDİ,AYNI KALDI,Menü/yer/bölüm adı veya kısa UI metni v4’te doğal ve anlamca doğru.,EN/FR/DE/IT/ES ile JP/ZH temel ad/işlevde uyumlu; Türkçe karşılık hedef bağlamı koruyor.,Litwick Mağarası,MANUEL İNCELENDİ,AYNI KALDI,Menü/yer/bölüm adı veya kısa UI metni v4’te doğal ve anlamca doğru.,EN/FR/DE/IT/ES ile JP/ZH temel ad/işlevde uyumlu; Türkçe karşılık hedef bağlamı koruyor.,Litwick Mağarası,MANUEL İNCELENDİ,AYNI KALDI,Menü/yer/bölüm adı veya kısa UI metni v4’te doğal ve anlamca doğru.,EN/FR/DE/IT/ES ile JP/ZH temel ad/işlevde uyumlu; Türkçe karşılık hedef bağlamı koruyor.,Litwick Mağarası,MANUEL İNCELENDİ,AYNI KALDI,Menü/yer/bölüm adı veya kısa UI metni v4’te doğal ve anlamca doğru.,EN/FR/DE/IT/ES ile JP/ZH temel ad/işlevde uyumlu; Türkçe karşılık hedef bağlamı koruyor.,Litwick Mağarası,MANUEL İNCELENDİ,AYNI KALDI,Menü/yer/bölüm adı veya kısa UI metni v4’te doğal ve anlamca doğru.,EN/FR/DE/IT/ES ile JP/ZH temel ad/işlevde uyumlu; Türkçe karşılık hedef bağlamı koruyor.,Litwick Mağarası,MANUEL İNCELENDİ,AYNI KALDI,Menü/yer/bölüm adı veya kısa UI metni v4’te doğal ve anlamca doğru.,EN/FR/DE/IT/ES ile JP/ZH temel ad/işlevde uyumlu; Türkçe karşılık hedef bağlamı koruyor.,Litwick Mağarası,MANUEL İNCELENDİ,AYNI KALDI,Menü/yer/bölüm adı veya kısa UI metni v4’te doğal ve anlamca doğru.,EN/FR/DE/IT/ES ile JP/ZH temel ad/işlevde uyumlu; Türkçe karşılık hedef bağlamı koruyor.,Litwick Mağarası,MANUEL İNCELENDİ,AYNI KALDI,Menü/yer/bölüm adı veya kısa UI metni v4’te doğal ve anlamca doğru.,EN/FR/DE/IT/ES ile JP/ZH temel ad/işlevde uyumlu; Türkçe karşılık hedef bağlamı koruyor.
67,TITLE_INTERLUDE_EP3,Chapter 3,Chapitre 3,Kapitel 3,Capitolo 3,Episodio 3,第3章,だい3しょう,第3章,第三章,Bölüm 3,Bölüm 3,Bölüm 3,MANUEL İNCELENDİ,AYNI KALDI,Menü/yer/bölüm adı veya kısa UI metni v4’te doğal ve anlamca doğru.,EN/FR/DE/IT/ES ile JP/ZH temel ad/işlevde uyumlu; Türkçe karşılık hedef bağlamı koruyor.,Bölüm 3,MANUEL İNCELENDİ,AYNI KALDI,Menü/yer/bölüm adı veya kısa UI metni v4’te doğal ve anlamca doğru.,EN/FR/DE/IT/ES ile JP/ZH temel ad/işlevde uyumlu; Türkçe karşılık hedef bağlamı koruyor.,Bölüm 3,MANUEL İNCELENDİ,AYNI KALDI,Menü/yer/bölüm adı veya kısa UI metni v4’te doğal ve anlamca doğru.,EN/FR/DE/IT/ES ile JP/ZH temel ad/işlevde uyumlu; Türkçe karşılık hedef bağlamı koruyor.,Bölüm 3,MANUEL İNCELENDİ,AYNI KALDI,Menü/yer/bölüm adı veya kısa UI metni v4’te doğal ve anlamca doğru.,EN/FR/DE/IT/ES ile JP/ZH temel ad/işlevde uyumlu; Türkçe karşılık hedef bağlamı koruyor.,Bölüm 3,MANUEL İNCELENDİ,AYNI KALDI,Menü/yer/bölüm adı veya kısa UI metni v4’te doğal ve anlamca doğru.,EN/FR/DE/IT/ES ile JP/ZH temel ad/işlevde uyumlu; Türkçe karşılık hedef bağlamı koruyor.,Bölüm 3,MANUEL İNCELENDİ,AYNI KALDI,Menü/yer/bölüm adı veya kısa UI metni v4’te doğal ve anlamca doğru.,EN/FR/DE/IT/ES ile JP/ZH temel ad/işlevde uyumlu; Türkçe karşılık hedef bağlamı koruyor.,Bölüm 3,MANUEL İNCELENDİ,AYNI KALDI,Menü/yer/bölüm adı veya kısa UI metni v4’te doğal ve anlamca doğru.,EN/FR/DE/IT/ES ile JP/ZH temel ad/işlevde uyumlu; Türkçe karşılık hedef bağlamı koruyor.,Bölüm 3,MANUEL İNCELENDİ,AYNI KALDI,Menü/yer/bölüm adı veya kısa UI metni v4’te doğal ve anlamca doğru.,EN/FR/DE/IT/ES ile JP/ZH temel ad/işlevde uyumlu; Türkçe karşılık hedef bağlamı koruyor.,Bölüm 3,MANUEL İNCELENDİ,AYNI KALDI,Menü/yer/bölüm adı veya kısa UI metni v4’te doğal ve anlamca doğru.,EN/FR/DE/IT/ES ile JP/ZH temel ad/işlevde uyumlu; Türkçe karşılık hedef bağlamı koruyor.,Bölüm 3,MANUEL İNCELENDİ,AYNI KALDI,Menü/yer/bölüm adı veya kısa UI metni v4’te doğal ve anlamca doğru.,EN/FR/DE/IT/ES ile JP/ZH temel ad/işlevde uyumlu; Türkçe karşılık hedef bağlamı koruyor.,Bölüm 3,MANUEL İNCELENDİ,AYNI KALDI,Menü/yer/bölüm adı veya kısa UI metni v4’te doğal ve anlamca doğru.,EN/FR/DE/IT/ES ile JP/ZH temel ad/işlevde uyumlu; Türkçe karşılık hedef bağlamı koruyor.,Bölüm 3,MANUEL İNCELENDİ,AYNI KALDI,Menü/yer/bölüm adı veya kısa UI metni v4’te doğal ve anlamca doğru.,EN/FR/DE/IT/ES ile JP/ZH temel ad/işlevde uyumlu; Türkçe karşılık hedef bağlamı koruyor.
68,TITLE_INTERLUDE_EP3_TITLE,PCL,Le PCL,PCL,Il PCL,Laboratorios PCL,PCL,PCL,PCL,PCL,PCL,PCL,PCL,MANUEL İNCELENDİ,AYNI KALDI,Menü/yer/bölüm adı veya kısa UI metni v4’te doğal ve anlamca doğru.,EN/FR/DE/IT/ES ile JP/ZH temel ad/işlevde uyumlu; Türkçe karşılık hedef bağlamı koruyor.,PCL,MANUEL İNCELENDİ,AYNI KALDI,Menü/yer/bölüm adı veya kısa UI metni v4’te doğal ve anlamca doğru.,EN/FR/DE/IT/ES ile JP/ZH temel ad/işlevde uyumlu; Türkçe karşılık hedef bağlamı koruyor.,PCL,MANUEL İNCELENDİ,AYNI KALDI,Menü/yer/bölüm adı veya kısa UI metni v4’te doğal ve anlamca doğru.,EN/FR/DE/IT/ES ile JP/ZH temel ad/işlevde uyumlu; Türkçe karşılık hedef bağlamı koruyor.,PCL,MANUEL İNCELENDİ,AYNI KALDI,Menü/yer/bölüm adı veya kısa UI metni v4’te doğal ve anlamca doğru.,EN/FR/DE/IT/ES ile JP/ZH temel ad/işlevde uyumlu; Türkçe karşılık hedef bağlamı koruyor.,PCL,MANUEL İNCELENDİ,AYNI KALDI,Menü/yer/bölüm adı veya kısa UI metni v4’te doğal ve anlamca doğru.,EN/FR/DE/IT/ES ile JP/ZH temel ad/işlevde uyumlu; Türkçe karşılık hedef bağlamı koruyor.,PCL,MANUEL İNCELENDİ,AYNI KALDI,Menü/yer/bölüm adı veya kısa UI metni v4’te doğal ve anlamca doğru.,EN/FR/DE/IT/ES ile JP/ZH temel ad/işlevde uyumlu; Türkçe karşılık hedef bağlamı koruyor.,PCL,MANUEL İNCELENDİ,AYNI KALDI,Menü/yer/bölüm adı veya kısa UI metni v4’te doğal ve anlamca doğru.,EN/FR/DE/IT/ES ile JP/ZH temel ad/işlevde uyumlu; Türkçe karşılık hedef bağlamı koruyor.,PCL,MANUEL İNCELENDİ,AYNI KALDI,Menü/yer/bölüm adı veya kısa UI metni v4’te doğal ve anlamca doğru.,EN/FR/DE/IT/ES ile JP/ZH temel ad/işlevde uyumlu; Türkçe karşılık hedef bağlamı koruyor.,PCL,MANUEL İNCELENDİ,AYNI KALDI,Menü/yer/bölüm adı veya kısa UI metni v4’te doğal ve anlamca doğru.,EN/FR/DE/IT/ES ile JP/ZH temel ad/işlevde uyumlu; Türkçe karşılık hedef bağlamı koruyor.,PCL,MANUEL İNCELENDİ,AYNI KALDI,Menü/yer/bölüm adı veya kısa UI metni v4’te doğal ve anlamca doğru.,EN/FR/DE/IT/ES ile JP/ZH temel ad/işlevde uyumlu; Türkçe karşılık hedef bağlamı koruyor.,PCL,MANUEL İNCELENDİ,AYNI KALDI,Menü/yer/bölüm adı veya kısa UI metni v4’te doğal ve anlamca doğru.,EN/FR/DE/IT/ES ile JP/ZH temel ad/işlevde uyumlu; Türkçe karşılık hedef bağlamı koruyor.,PCL,MANUEL İNCELENDİ,AYNI KALDI,Menü/yer/bölüm adı veya kısa UI metni v4’te doğal ve anlamca doğru.,EN/FR/DE/IT/ES ile JP/ZH temel ad/işlevde uyumlu; Türkçe karşılık hedef bağlamı koruyor.
69,TITLE_INTERLUDE_EP4,Chapter 4,Chapitre 4,Kapitel 4,Capitolo 4,Episodio 4,第4章,だい4しょう,第4章,第四章,Bölüm 4,Bölüm 4,Bölüm 4,MANUEL İNCELENDİ,AYNI KALDI,Menü/yer/bölüm adı veya kısa UI metni v4’te doğal ve anlamca doğru.,EN/FR/DE/IT/ES ile JP/ZH temel ad/işlevde uyumlu; Türkçe karşılık hedef bağlamı koruyor.,Bölüm 4,MANUEL İNCELENDİ,AYNI KALDI,Menü/yer/bölüm adı veya kısa UI metni v4’te doğal ve anlamca doğru.,EN/FR/DE/IT/ES ile JP/ZH temel ad/işlevde uyumlu; Türkçe karşılık hedef bağlamı koruyor.,Bölüm 4,MANUEL İNCELENDİ,AYNI KALDI,Menü/yer/bölüm adı veya kısa UI metni v4’te doğal ve anlamca doğru.,EN/FR/DE/IT/ES ile JP/ZH temel ad/işlevde uyumlu; Türkçe karşılık hedef bağlamı koruyor.,Bölüm 4,MANUEL İNCELENDİ,AYNI KALDI,Menü/yer/bölüm adı veya kısa UI metni v4’te doğal ve anlamca doğru.,EN/FR/DE/IT/ES ile JP/ZH temel ad/işlevde uyumlu; Türkçe karşılık hedef bağlamı koruyor.,Bölüm 4,MANUEL İNCELENDİ,AYNI KALDI,Menü/yer/bölüm adı veya kısa UI metni v4’te doğal ve anlamca doğru.,EN/FR/DE/IT/ES ile JP/ZH temel ad/işlevde uyumlu; Türkçe karşılık hedef bağlamı koruyor.,Bölüm 4,MANUEL İNCELENDİ,AYNI KALDI,Menü/yer/bölüm adı veya kısa UI metni v4’te doğal ve anlamca doğru.,EN/FR/DE/IT/ES ile JP/ZH temel ad/işlevde uyumlu; Türkçe karşılık hedef bağlamı koruyor.,Bölüm 4,MANUEL İNCELENDİ,AYNI KALDI,Menü/yer/bölüm adı veya kısa UI metni v4’te doğal ve anlamca doğru.,EN/FR/DE/IT/ES ile JP/ZH temel ad/işlevde uyumlu; Türkçe karşılık hedef bağlamı koruyor.,Bölüm 4,MANUEL İNCELENDİ,AYNI KALDI,Menü/yer/bölüm adı veya kısa UI metni v4’te doğal ve anlamca doğru.,EN/FR/DE/IT/ES ile JP/ZH temel ad/işlevde uyumlu; Türkçe karşılık hedef bağlamı koruyor.,Bölüm 4,MANUEL İNCELENDİ,AYNI KALDI,Menü/yer/bölüm adı veya kısa UI metni v4’te doğal ve anlamca doğru.,EN/FR/DE/IT/ES ile JP/ZH temel ad/işlevde uyumlu; Türkçe karşılık hedef bağlamı koruyor.,Bölüm 4,MANUEL İNCELENDİ,AYNI KALDI,Menü/yer/bölüm adı veya kısa UI metni v4’te doğal ve anlamca doğru.,EN/FR/DE/IT/ES ile JP/ZH temel ad/işlevde uyumlu; Türkçe karşılık hedef bağlamı koruyor.,Bölüm 4,MANUEL İNCELENDİ,AYNI KALDI,Menü/yer/bölüm adı veya kısa UI metni v4’te doğal ve anlamca doğru.,EN/FR/DE/IT/ES ile JP/ZH temel ad/işlevde uyumlu; Türkçe karşılık hedef bağlamı koruyor.,Bölüm 4,MANUEL İNCELENDİ,AYNI KALDI,Menü/yer/bölüm adı veya kısa UI metni v4’te doğal ve anlamca doğru.,EN/FR/DE/IT/ES ile JP/ZH temel ad/işlevde uyumlu; Türkçe karşılık hedef bağlamı koruyor.
70,TITLE_INTERLUDE_EP4_TITLE,Cappucci Island,Cappucci,Cappucci Island,L'Isola Cappucci,Isla Cappucci,カプチ島,カプチとう,卡布奇岛,卡布其島,Cappucci Adası,Cappucci Adası,Cappucci Adası,MANUEL İNCELENDİ,AYNI KALDI,Menü/yer/bölüm adı veya kısa UI metni v4’te doğal ve anlamca doğru.,EN/FR/DE/IT/ES ile JP/ZH temel ad/işlevde uyumlu; Türkçe karşılık hedef bağlamı koruyor.,Cappucci Adası,MANUEL İNCELENDİ,AYNI KALDI,Menü/yer/bölüm adı veya kısa UI metni v4’te doğal ve anlamca doğru.,EN/FR/DE/IT/ES ile JP/ZH temel ad/işlevde uyumlu; Türkçe karşılık hedef bağlamı koruyor.,Cappucci Adası,MANUEL İNCELENDİ,AYNI KALDI,Menü/yer/bölüm adı veya kısa UI metni v4’te doğal ve anlamca doğru.,EN/FR/DE/IT/ES ile JP/ZH temel ad/işlevde uyumlu; Türkçe karşılık hedef bağlamı koruyor.,Cappucci Adası,MANUEL İNCELENDİ,AYNI KALDI,Menü/yer/bölüm adı veya kısa UI metni v4’te doğal ve anlamca doğru.,EN/FR/DE/IT/ES ile JP/ZH temel ad/işlevde uyumlu; Türkçe karşılık hedef bağlamı koruyor.,Cappucci Adası,MANUEL İNCELENDİ,AYNI KALDI,Menü/yer/bölüm adı veya kısa UI metni v4’te doğal ve anlamca doğru.,EN/FR/DE/IT/ES ile JP/ZH temel ad/işlevde uyumlu; Türkçe karşılık hedef bağlamı koruyor.,Cappucci Adası,MANUEL İNCELENDİ,AYNI KALDI,Menü/yer/bölüm adı veya kısa UI metni v4’te doğal ve anlamca doğru.,EN/FR/DE/IT/ES ile JP/ZH temel ad/işlevde uyumlu; Türkçe karşılık hedef bağlamı koruyor.,Cappucci Adası,MANUEL İNCELENDİ,AYNI KALDI,Menü/yer/bölüm adı veya kısa UI metni v4’te doğal ve anlamca doğru.,EN/FR/DE/IT/ES ile JP/ZH temel ad/işlevde uyumlu; Türkçe karşılık hedef bağlamı koruyor.,Cappucci Adası,MANUEL İNCELENDİ,AYNI KALDI,Menü/yer/bölüm adı veya kısa UI metni v4’te doğal ve anlamca doğru.,EN/FR/DE/IT/ES ile JP/ZH temel ad/işlevde uyumlu; Türkçe karşılık hedef bağlamı koruyor.,Cappucci Adası,MANUEL İNCELENDİ,AYNI KALDI,Menü/yer/bölüm adı veya kısa UI metni v4’te doğal ve anlamca doğru.,EN/FR/DE/IT/ES ile JP/ZH temel ad/işlevde uyumlu; Türkçe karşılık hedef bağlamı koruyor.,Cappucci Adası,MANUEL İNCELENDİ,AYNI KALDI,Menü/yer/bölüm adı veya kısa UI metni v4’te doğal ve anlamca doğru.,EN/FR/DE/IT/ES ile JP/ZH temel ad/işlevde uyumlu; Türkçe karşılık hedef bağlamı koruyor.,Cappucci Adası,MANUEL İNCELENDİ,AYNI KALDI,Menü/yer/bölüm adı veya kısa UI metni v4’te doğal ve anlamca doğru.,EN/FR/DE/IT/ES ile JP/ZH temel ad/işlevde uyumlu; Türkçe karşılık hedef bağlamı koruyor.,Cappucci Adası,MANUEL İNCELENDİ,AYNI KALDI,Menü/yer/bölüm adı veya kısa UI metni v4’te doğal ve anlamca doğru.,EN/FR/DE/IT/ES ile JP/ZH temel ad/işlevde uyumlu; Türkçe karşılık hedef bağlamı koruyor.
71,TITLE_INTERLUDE_EP5,Chapter 5,Chapitre 5,Kapitel 5,Capitolo 5,Episodio 5,第5章,だい5しょう,第5章,第五章,Bölüm 5,Bölüm 5,Bölüm 5,MANUEL İNCELENDİ,AYNI KALDI,Menü/yer/bölüm adı veya kısa UI metni v4’te doğal ve anlamca doğru.,EN/FR/DE/IT/ES ile JP/ZH temel ad/işlevde uyumlu; Türkçe karşılık hedef bağlamı koruyor.,Bölüm 5,MANUEL İNCELENDİ,AYNI KALDI,Menü/yer/bölüm adı veya kısa UI metni v4’te doğal ve anlamca doğru.,EN/FR/DE/IT/ES ile JP/ZH temel ad/işlevde uyumlu; Türkçe karşılık hedef bağlamı koruyor.,Bölüm 5,MANUEL İNCELENDİ,AYNI KALDI,Menü/yer/bölüm adı veya kısa UI metni v4’te doğal ve anlamca doğru.,EN/FR/DE/IT/ES ile JP/ZH temel ad/işlevde uyumlu; Türkçe karşılık hedef bağlamı koruyor.,Bölüm 5,MANUEL İNCELENDİ,AYNI KALDI,Menü/yer/bölüm adı veya kısa UI metni v4’te doğal ve anlamca doğru.,EN/FR/DE/IT/ES ile JP/ZH temel ad/işlevde uyumlu; Türkçe karşılık hedef bağlamı koruyor.,Bölüm 5,MANUEL İNCELENDİ,AYNI KALDI,Menü/yer/bölüm adı veya kısa UI metni v4’te doğal ve anlamca doğru.,EN/FR/DE/IT/ES ile JP/ZH temel ad/işlevde uyumlu; Türkçe karşılık hedef bağlamı koruyor.,Bölüm 5,MANUEL İNCELENDİ,AYNI KALDI,Menü/yer/bölüm adı veya kısa UI metni v4’te doğal ve anlamca doğru.,EN/FR/DE/IT/ES ile JP/ZH temel ad/işlevde uyumlu; Türkçe karşılık hedef bağlamı koruyor.,Bölüm 5,MANUEL İNCELENDİ,AYNI KALDI,Menü/yer/bölüm adı veya kısa UI metni v4’te doğal ve anlamca doğru.,EN/FR/DE/IT/ES ile JP/ZH temel ad/işlevde uyumlu; Türkçe karşılık hedef bağlamı koruyor.,Bölüm 5,MANUEL İNCELENDİ,AYNI KALDI,Menü/yer/bölüm adı veya kısa UI metni v4’te doğal ve anlamca doğru.,EN/FR/DE/IT/ES ile JP/ZH temel ad/işlevde uyumlu; Türkçe karşılık hedef bağlamı koruyor.,Bölüm 5,MANUEL İNCELENDİ,AYNI KALDI,Menü/yer/bölüm adı veya kısa UI metni v4’te doğal ve anlamca doğru.,EN/FR/DE/IT/ES ile JP/ZH temel ad/işlevde uyumlu; Türkçe karşılık hedef bağlamı koruyor.,Bölüm 5,MANUEL İNCELENDİ,AYNI KALDI,Menü/yer/bölüm adı veya kısa UI metni v4’te doğal ve anlamca doğru.,EN/FR/DE/IT/ES ile JP/ZH temel ad/işlevde uyumlu; Türkçe karşılık hedef bağlamı koruyor.,Bölüm 5,MANUEL İNCELENDİ,AYNI KALDI,Menü/yer/bölüm adı veya kısa UI metni v4’te doğal ve anlamca doğru.,EN/FR/DE/IT/ES ile JP/ZH temel ad/işlevde uyumlu; Türkçe karşılık hedef bağlamı koruyor.,Bölüm 5,MANUEL İNCELENDİ,AYNI KALDI,Menü/yer/bölüm adı veya kısa UI metni v4’te doğal ve anlamca doğru.,EN/FR/DE/IT/ES ile JP/ZH temel ad/işlevde uyumlu; Türkçe karşılık hedef bağlamı koruyor.
72,TITLE_INTERLUDE_EP5_TITLE,Fine Park,Fine Park,Fine Park,Fine Park,Fine Park,ファインパーク,ファインパーク,法茵乐园,好好樂園,Fine Park,Fine Park,Fine Park,MANUEL İNCELENDİ,AYNI KALDI,Menü/yer/bölüm adı veya kısa UI metni v4’te doğal ve anlamca doğru.,EN/FR/DE/IT/ES ile JP/ZH temel ad/işlevde uyumlu; Türkçe karşılık hedef bağlamı koruyor.,Fine Park,MANUEL İNCELENDİ,AYNI KALDI,Menü/yer/bölüm adı veya kısa UI metni v4’te doğal ve anlamca doğru.,EN/FR/DE/IT/ES ile JP/ZH temel ad/işlevde uyumlu; Türkçe karşılık hedef bağlamı koruyor.,Fine Park,MANUEL İNCELENDİ,AYNI KALDI,Menü/yer/bölüm adı veya kısa UI metni v4’te doğal ve anlamca doğru.,EN/FR/DE/IT/ES ile JP/ZH temel ad/işlevde uyumlu; Türkçe karşılık hedef bağlamı koruyor.,Fine Park,MANUEL İNCELENDİ,AYNI KALDI,Menü/yer/bölüm adı veya kısa UI metni v4’te doğal ve anlamca doğru.,EN/FR/DE/IT/ES ile JP/ZH temel ad/işlevde uyumlu; Türkçe karşılık hedef bağlamı koruyor.,Fine Park,MANUEL İNCELENDİ,AYNI KALDI,Menü/yer/bölüm adı veya kısa UI metni v4’te doğal ve anlamca doğru.,EN/FR/DE/IT/ES ile JP/ZH temel ad/işlevde uyumlu; Türkçe karşılık hedef bağlamı koruyor.,Fine Park,MANUEL İNCELENDİ,AYNI KALDI,Menü/yer/bölüm adı veya kısa UI metni v4’te doğal ve anlamca doğru.,EN/FR/DE/IT/ES ile JP/ZH temel ad/işlevde uyumlu; Türkçe karşılık hedef bağlamı koruyor.,Fine Park,MANUEL İNCELENDİ,AYNI KALDI,Menü/yer/bölüm adı veya kısa UI metni v4’te doğal ve anlamca doğru.,EN/FR/DE/IT/ES ile JP/ZH temel ad/işlevde uyumlu; Türkçe karşılık hedef bağlamı koruyor.,Fine Park,MANUEL İNCELENDİ,AYNI KALDI,Menü/yer/bölüm adı veya kısa UI metni v4’te doğal ve anlamca doğru.,EN/FR/DE/IT/ES ile JP/ZH temel ad/işlevde uyumlu; Türkçe karşılık hedef bağlamı koruyor.,Fine Park,MANUEL İNCELENDİ,AYNI KALDI,Menü/yer/bölüm adı veya kısa UI metni v4’te doğal ve anlamca doğru.,EN/FR/DE/IT/ES ile JP/ZH temel ad/işlevde uyumlu; Türkçe karşılık hedef bağlamı koruyor.,Fine Park,MANUEL İNCELENDİ,AYNI KALDI,Menü/yer/bölüm adı veya kısa UI metni v4’te doğal ve anlamca doğru.,EN/FR/DE/IT/ES ile JP/ZH temel ad/işlevde uyumlu; Türkçe karşılık hedef bağlamı koruyor.,Fine Park,MANUEL İNCELENDİ,AYNI KALDI,Menü/yer/bölüm adı veya kısa UI metni v4’te doğal ve anlamca doğru.,EN/FR/DE/IT/ES ile JP/ZH temel ad/işlevde uyumlu; Türkçe karşılık hedef bağlamı koruyor.,Fine Park,MANUEL İNCELENDİ,AYNI KALDI,Menü/yer/bölüm adı veya kısa UI metni v4’te doğal ve anlamca doğru.,EN/FR/DE/IT/ES ile JP/ZH temel ad/işlevde uyumlu; Türkçe karşılık hedef bağlamı koruyor.
73,TITLE_INTERLUDE_EP6,Chapter 6,Chapitre 6,Kapitel 6,Capitolo 6,Episodio 6,第6章,だい6しょう,第6章,第六章,Bölüm 6,Bölüm 6,Bölüm 6,MANUEL İNCELENDİ,AYNI KALDI,Menü/yer/bölüm adı veya kısa UI metni v4’te doğal ve anlamca doğru.,EN/FR/DE/IT/ES ile JP/ZH temel ad/işlevde uyumlu; Türkçe karşılık hedef bağlamı koruyor.,Bölüm 6,MANUEL İNCELENDİ,AYNI KALDI,Menü/yer/bölüm adı veya kısa UI metni v4’te doğal ve anlamca doğru.,EN/FR/DE/IT/ES ile JP/ZH temel ad/işlevde uyumlu; Türkçe karşılık hedef bağlamı koruyor.,Bölüm 6,MANUEL İNCELENDİ,AYNI KALDI,Menü/yer/bölüm adı veya kısa UI metni v4’te doğal ve anlamca doğru.,EN/FR/DE/IT/ES ile JP/ZH temel ad/işlevde uyumlu; Türkçe karşılık hedef bağlamı koruyor.,Bölüm 6,MANUEL İNCELENDİ,AYNI KALDI,Menü/yer/bölüm adı veya kısa UI metni v4’te doğal ve anlamca doğru.,EN/FR/DE/IT/ES ile JP/ZH temel ad/işlevde uyumlu; Türkçe karşılık hedef bağlamı koruyor.,Bölüm 6,MANUEL İNCELENDİ,AYNI KALDI,Menü/yer/bölüm adı veya kısa UI metni v4’te doğal ve anlamca doğru.,EN/FR/DE/IT/ES ile JP/ZH temel ad/işlevde uyumlu; Türkçe karşılık hedef bağlamı koruyor.,Bölüm 6,MANUEL İNCELENDİ,AYNI KALDI,Menü/yer/bölüm adı veya kısa UI metni v4’te doğal ve anlamca doğru.,EN/FR/DE/IT/ES ile JP/ZH temel ad/işlevde uyumlu; Türkçe karşılık hedef bağlamı koruyor.,Bölüm 6,MANUEL İNCELENDİ,AYNI KALDI,Menü/yer/bölüm adı veya kısa UI metni v4’te doğal ve anlamca doğru.,EN/FR/DE/IT/ES ile JP/ZH temel ad/işlevde uyumlu; Türkçe karşılık hedef bağlamı koruyor.,Bölüm 6,MANUEL İNCELENDİ,AYNI KALDI,Menü/yer/bölüm adı veya kısa UI metni v4’te doğal ve anlamca doğru.,EN/FR/DE/IT/ES ile JP/ZH temel ad/işlevde uyumlu; Türkçe karşılık hedef bağlamı koruyor.,Bölüm 6,MANUEL İNCELENDİ,AYNI KALDI,Menü/yer/bölüm adı veya kısa UI metni v4’te doğal ve anlamca doğru.,EN/FR/DE/IT/ES ile JP/ZH temel ad/işlevde uyumlu; Türkçe karşılık hedef bağlamı koruyor.,Bölüm 6,MANUEL İNCELENDİ,AYNI KALDI,Menü/yer/bölüm adı veya kısa UI metni v4’te doğal ve anlamca doğru.,EN/FR/DE/IT/ES ile JP/ZH temel ad/işlevde uyumlu; Türkçe karşılık hedef bağlamı koruyor.,Bölüm 6,MANUEL İNCELENDİ,AYNI KALDI,Menü/yer/bölüm adı veya kısa UI metni v4’te doğal ve anlamca doğru.,EN/FR/DE/IT/ES ile JP/ZH temel ad/işlevde uyumlu; Türkçe karşılık hedef bağlamı koruyor.,Bölüm 6,MANUEL İNCELENDİ,AYNI KALDI,Menü/yer/bölüm adı veya kısa UI metni v4’te doğal ve anlamca doğru.,EN/FR/DE/IT/ES ile JP/ZH temel ad/işlevde uyumlu; Türkçe karşılık hedef bağlamı koruyor.
74,TITLE_INTERLUDE_EP6_TITLE,GNN,GNN,GNN,La GNN,Cadena GNN,GNN,GNN,GNN,GNN,GNN,GNN,GNN,MANUEL İNCELENDİ,AYNI KALDI,Menü/yer/bölüm adı veya kısa UI metni v4’te doğal ve anlamca doğru.,EN/FR/DE/IT/ES ile JP/ZH temel ad/işlevde uyumlu; Türkçe karşılık hedef bağlamı koruyor.,GNN,MANUEL İNCELENDİ,AYNI KALDI,Menü/yer/bölüm adı veya kısa UI metni v4’te doğal ve anlamca doğru.,EN/FR/DE/IT/ES ile JP/ZH temel ad/işlevde uyumlu; Türkçe karşılık hedef bağlamı koruyor.,GNN,MANUEL İNCELENDİ,AYNI KALDI,Menü/yer/bölüm adı veya kısa UI metni v4’te doğal ve anlamca doğru.,EN/FR/DE/IT/ES ile JP/ZH temel ad/işlevde uyumlu; Türkçe karşılık hedef bağlamı koruyor.,GNN,MANUEL İNCELENDİ,AYNI KALDI,Menü/yer/bölüm adı veya kısa UI metni v4’te doğal ve anlamca doğru.,EN/FR/DE/IT/ES ile JP/ZH temel ad/işlevde uyumlu; Türkçe karşılık hedef bağlamı koruyor.,GNN,MANUEL İNCELENDİ,AYNI KALDI,Menü/yer/bölüm adı veya kısa UI metni v4’te doğal ve anlamca doğru.,EN/FR/DE/IT/ES ile JP/ZH temel ad/işlevde uyumlu; Türkçe karşılık hedef bağlamı koruyor.,GNN,MANUEL İNCELENDİ,AYNI KALDI,Menü/yer/bölüm adı veya kısa UI metni v4’te doğal ve anlamca doğru.,EN/FR/DE/IT/ES ile JP/ZH temel ad/işlevde uyumlu; Türkçe karşılık hedef bağlamı koruyor.,GNN,MANUEL İNCELENDİ,AYNI KALDI,Menü/yer/bölüm adı veya kısa UI metni v4’te doğal ve anlamca doğru.,EN/FR/DE/IT/ES ile JP/ZH temel ad/işlevde uyumlu; Türkçe karşılık hedef bağlamı koruyor.,GNN,MANUEL İNCELENDİ,AYNI KALDI,Menü/yer/bölüm adı veya kısa UI metni v4’te doğal ve anlamca doğru.,EN/FR/DE/IT/ES ile JP/ZH temel ad/işlevde uyumlu; Türkçe karşılık hedef bağlamı koruyor.,GNN,MANUEL İNCELENDİ,AYNI KALDI,Menü/yer/bölüm adı veya kısa UI metni v4’te doğal ve anlamca doğru.,EN/FR/DE/IT/ES ile JP/ZH temel ad/işlevde uyumlu; Türkçe karşılık hedef bağlamı koruyor.,GNN,MANUEL İNCELENDİ,AYNI KALDI,Menü/yer/bölüm adı veya kısa UI metni v4’te doğal ve anlamca doğru.,EN/FR/DE/IT/ES ile JP/ZH temel ad/işlevde uyumlu; Türkçe karşılık hedef bağlamı koruyor.,GNN,MANUEL İNCELENDİ,AYNI KALDI,Menü/yer/bölüm adı veya kısa UI metni v4’te doğal ve anlamca doğru.,EN/FR/DE/IT/ES ile JP/ZH temel ad/işlevde uyumlu; Türkçe karşılık hedef bağlamı koruyor.,GNN,MANUEL İNCELENDİ,AYNI KALDI,Menü/yer/bölüm adı veya kısa UI metni v4’te doğal ve anlamca doğru.,EN/FR/DE/IT/ES ile JP/ZH temel ad/işlevde uyumlu; Türkçe karşılık hedef bağlamı koruyor.
75,TITLE_INTERLUDE_EP7,Chapter 7,Chapitre 7,Kapitel 7,Capitolo 7,Episodio 7,第7章,だい7しょう,第7章,第七章,Bölüm 7,Bölüm 7,Bölüm 7,MANUEL İNCELENDİ,AYNI KALDI,Menü/yer/bölüm adı veya kısa UI metni v4’te doğal ve anlamca doğru.,EN/FR/DE/IT/ES ile JP/ZH temel ad/işlevde uyumlu; Türkçe karşılık hedef bağlamı koruyor.,Bölüm 7,MANUEL İNCELENDİ,AYNI KALDI,Menü/yer/bölüm adı veya kısa UI metni v4’te doğal ve anlamca doğru.,EN/FR/DE/IT/ES ile JP/ZH temel ad/işlevde uyumlu; Türkçe karşılık hedef bağlamı koruyor.,Bölüm 7,MANUEL İNCELENDİ,AYNI KALDI,Menü/yer/bölüm adı veya kısa UI metni v4’te doğal ve anlamca doğru.,EN/FR/DE/IT/ES ile JP/ZH temel ad/işlevde uyumlu; Türkçe karşılık hedef bağlamı koruyor.,Bölüm 7,MANUEL İNCELENDİ,AYNI KALDI,Menü/yer/bölüm adı veya kısa UI metni v4’te doğal ve anlamca doğru.,EN/FR/DE/IT/ES ile JP/ZH temel ad/işlevde uyumlu; Türkçe karşılık hedef bağlamı koruyor.,Bölüm 7,MANUEL İNCELENDİ,AYNI KALDI,Menü/yer/bölüm adı veya kısa UI metni v4’te doğal ve anlamca doğru.,EN/FR/DE/IT/ES ile JP/ZH temel ad/işlevde uyumlu; Türkçe karşılık hedef bağlamı koruyor.,Bölüm 7,MANUEL İNCELENDİ,AYNI KALDI,Menü/yer/bölüm adı veya kısa UI metni v4’te doğal ve anlamca doğru.,EN/FR/DE/IT/ES ile JP/ZH temel ad/işlevde uyumlu; Türkçe karşılık hedef bağlamı koruyor.,Bölüm 7,MANUEL İNCELENDİ,AYNI KALDI,Menü/yer/bölüm adı veya kısa UI metni v4’te doğal ve anlamca doğru.,EN/FR/DE/IT/ES ile JP/ZH temel ad/işlevde uyumlu; Türkçe karşılık hedef bağlamı koruyor.,Bölüm 7,MANUEL İNCELENDİ,AYNI KALDI,Menü/yer/bölüm adı veya kısa UI metni v4’te doğal ve anlamca doğru.,EN/FR/DE/IT/ES ile JP/ZH temel ad/işlevde uyumlu; Türkçe karşılık hedef bağlamı koruyor.,Bölüm 7,MANUEL İNCELENDİ,AYNI KALDI,Menü/yer/bölüm adı veya kısa UI metni v4’te doğal ve anlamca doğru.,EN/FR/DE/IT/ES ile JP/ZH temel ad/işlevde uyumlu; Türkçe karşılık hedef bağlamı koruyor.,Bölüm 7,MANUEL İNCELENDİ,AYNI KALDI,Menü/yer/bölüm adı veya kısa UI metni v4’te doğal ve anlamca doğru.,EN/FR/DE/IT/ES ile JP/ZH temel ad/işlevde uyumlu; Türkçe karşılık hedef bağlamı koruyor.,Bölüm 7,MANUEL İNCELENDİ,AYNI KALDI,Menü/yer/bölüm adı veya kısa UI metni v4’te doğal ve anlamca doğru.,EN/FR/DE/IT/ES ile JP/ZH temel ad/işlevde uyumlu; Türkçe karşılık hedef bağlamı koruyor.,Bölüm 7,MANUEL İNCELENDİ,AYNI KALDI,Menü/yer/bölüm adı veya kısa UI metni v4’te doğal ve anlamca doğru.,EN/FR/DE/IT/ES ile JP/ZH temel ad/işlevde uyumlu; Türkçe karşılık hedef bağlamı koruyor.
76,TITLE_INTERLUDE_EP7_TITLE,Ryme Wharf,Le port de Ryme,Ryme Harbor,Il Porto di Ryme,Puerto de Ryme City,ライム埠頭,ライムふとう,莱姆码头,萊姆碼頭,Ryme Rıhtımı,Ryme Rıhtımı,Ryme Rıhtımı,MANUEL İNCELENDİ,AYNI KALDI,Menü/yer/bölüm adı veya kısa UI metni v4’te doğal ve anlamca doğru.,EN/FR/DE/IT/ES ile JP/ZH temel ad/işlevde uyumlu; Türkçe karşılık hedef bağlamı koruyor.,Ryme Rıhtımı,MANUEL İNCELENDİ,AYNI KALDI,Menü/yer/bölüm adı veya kısa UI metni v4’te doğal ve anlamca doğru.,EN/FR/DE/IT/ES ile JP/ZH temel ad/işlevde uyumlu; Türkçe karşılık hedef bağlamı koruyor.,Ryme Rıhtımı,MANUEL İNCELENDİ,AYNI KALDI,Menü/yer/bölüm adı veya kısa UI metni v4’te doğal ve anlamca doğru.,EN/FR/DE/IT/ES ile JP/ZH temel ad/işlevde uyumlu; Türkçe karşılık hedef bağlamı koruyor.,Ryme Rıhtımı,MANUEL İNCELENDİ,AYNI KALDI,Menü/yer/bölüm adı veya kısa UI metni v4’te doğal ve anlamca doğru.,EN/FR/DE/IT/ES ile JP/ZH temel ad/işlevde uyumlu; Türkçe karşılık hedef bağlamı koruyor.,Ryme Rıhtımı,MANUEL İNCELENDİ,AYNI KALDI,Menü/yer/bölüm adı veya kısa UI metni v4’te doğal ve anlamca doğru.,EN/FR/DE/IT/ES ile JP/ZH temel ad/işlevde uyumlu; Türkçe karşılık hedef bağlamı koruyor.,Ryme Rıhtımı,MANUEL İNCELENDİ,AYNI KALDI,Menü/yer/bölüm adı veya kısa UI metni v4’te doğal ve anlamca doğru.,EN/FR/DE/IT/ES ile JP/ZH temel ad/işlevde uyumlu; Türkçe karşılık hedef bağlamı koruyor.,Ryme Rıhtımı,MANUEL İNCELENDİ,AYNI KALDI,Menü/yer/bölüm adı veya kısa UI metni v4’te doğal ve anlamca doğru.,EN/FR/DE/IT/ES ile JP/ZH temel ad/işlevde uyumlu; Türkçe karşılık hedef bağlamı koruyor.,Ryme Rıhtımı,MANUEL İNCELENDİ,AYNI KALDI,Menü/yer/bölüm adı veya kısa UI metni v4’te doğal ve anlamca doğru.,EN/FR/DE/IT/ES ile JP/ZH temel ad/işlevde uyumlu; Türkçe karşılık hedef bağlamı koruyor.,Ryme Rıhtımı,MANUEL İNCELENDİ,AYNI KALDI,Menü/yer/bölüm adı veya kısa UI metni v4’te doğal ve anlamca doğru.,EN/FR/DE/IT/ES ile JP/ZH temel ad/işlevde uyumlu; Türkçe karşılık hedef bağlamı koruyor.,Ryme Rıhtımı,MANUEL İNCELENDİ,AYNI KALDI,Menü/yer/bölüm adı veya kısa UI metni v4’te doğal ve anlamca doğru.,EN/FR/DE/IT/ES ile JP/ZH temel ad/işlevde uyumlu; Türkçe karşılık hedef bağlamı koruyor.,Ryme Rıhtımı,MANUEL İNCELENDİ,AYNI KALDI,Menü/yer/bölüm adı veya kısa UI metni v4’te doğal ve anlamca doğru.,EN/FR/DE/IT/ES ile JP/ZH temel ad/işlevde uyumlu; Türkçe karşılık hedef bağlamı koruyor.,Ryme Rıhtımı,MANUEL İNCELENDİ,AYNI KALDI,Menü/yer/bölüm adı veya kısa UI metni v4’te doğal ve anlamca doğru.,EN/FR/DE/IT/ES ile JP/ZH temel ad/işlevde uyumlu; Türkçe karşılık hedef bağlamı koruyor.
77,TITLE_INTERLUDE_EP8,Chapter 8,Chapitre 8,Kapitel 8,Capitolo 8,Episodio 8,第8章,だい8しょう,第8章,第八章,Bölüm 8,Bölüm 8,Bölüm 8,MANUEL İNCELENDİ,AYNI KALDI,Menü/yer/bölüm adı veya kısa UI metni v4’te doğal ve anlamca doğru.,EN/FR/DE/IT/ES ile JP/ZH temel ad/işlevde uyumlu; Türkçe karşılık hedef bağlamı koruyor.,Bölüm 8,MANUEL İNCELENDİ,AYNI KALDI,Menü/yer/bölüm adı veya kısa UI metni v4’te doğal ve anlamca doğru.,EN/FR/DE/IT/ES ile JP/ZH temel ad/işlevde uyumlu; Türkçe karşılık hedef bağlamı koruyor.,Bölüm 8,MANUEL İNCELENDİ,AYNI KALDI,Menü/yer/bölüm adı veya kısa UI metni v4’te doğal ve anlamca doğru.,EN/FR/DE/IT/ES ile JP/ZH temel ad/işlevde uyumlu; Türkçe karşılık hedef bağlamı koruyor.,Bölüm 8,MANUEL İNCELENDİ,AYNI KALDI,Menü/yer/bölüm adı veya kısa UI metni v4’te doğal ve anlamca doğru.,EN/FR/DE/IT/ES ile JP/ZH temel ad/işlevde uyumlu; Türkçe karşılık hedef bağlamı koruyor.,Bölüm 8,MANUEL İNCELENDİ,AYNI KALDI,Menü/yer/bölüm adı veya kısa UI metni v4’te doğal ve anlamca doğru.,EN/FR/DE/IT/ES ile JP/ZH temel ad/işlevde uyumlu; Türkçe karşılık hedef bağlamı koruyor.,Bölüm 8,MANUEL İNCELENDİ,AYNI KALDI,Menü/yer/bölüm adı veya kısa UI metni v4’te doğal ve anlamca doğru.,EN/FR/DE/IT/ES ile JP/ZH temel ad/işlevde uyumlu; Türkçe karşılık hedef bağlamı koruyor.,Bölüm 8,MANUEL İNCELENDİ,AYNI KALDI,Menü/yer/bölüm adı veya kısa UI metni v4’te doğal ve anlamca doğru.,EN/FR/DE/IT/ES ile JP/ZH temel ad/işlevde uyumlu; Türkçe karşılık hedef bağlamı koruyor.,Bölüm 8,MANUEL İNCELENDİ,AYNI KALDI,Menü/yer/bölüm adı veya kısa UI metni v4’te doğal ve anlamca doğru.,EN/FR/DE/IT/ES ile JP/ZH temel ad/işlevde uyumlu; Türkçe karşılık hedef bağlamı koruyor.,Bölüm 8,MANUEL İNCELENDİ,AYNI KALDI,Menü/yer/bölüm adı veya kısa UI metni v4’te doğal ve anlamca doğru.,EN/FR/DE/IT/ES ile JP/ZH temel ad/işlevde uyumlu; Türkçe karşılık hedef bağlamı koruyor.,Bölüm 8,MANUEL İNCELENDİ,AYNI KALDI,Menü/yer/bölüm adı veya kısa UI metni v4’te doğal ve anlamca doğru.,EN/FR/DE/IT/ES ile JP/ZH temel ad/işlevde uyumlu; Türkçe karşılık hedef bağlamı koruyor.,Bölüm 8,MANUEL İNCELENDİ,AYNI KALDI,Menü/yer/bölüm adı veya kısa UI metni v4’te doğal ve anlamca doğru.,EN/FR/DE/IT/ES ile JP/ZH temel ad/işlevde uyumlu; Türkçe karşılık hedef bağlamı koruyor.,Bölüm 8,MANUEL İNCELENDİ,AYNI KALDI,Menü/yer/bölüm adı veya kısa UI metni v4’te doğal ve anlamca doğru.,EN/FR/DE/IT/ES ile JP/ZH temel ad/işlevde uyumlu; Türkçe karşılık hedef bağlamı koruyor.
78,TITLE_INTERLUDE_EP8_TITLE,Where R Goes,À la poursuite du R,Auf der Suche nach R,Sulle tracce di R,Destino de la sustancia R,Rの行き先,Rの いきさき,R的下落,R的下落,R Nereye Gidiyor?,R'nin Gittiği Yer,R'nin Gittiği Yer,MANUEL İNCELENDİ,DEĞİŞTİ,Soru cümlesi yerine bölüm başlığındaki ‘R’nin varış/gidiş yeri’ isim öbeği korundu.,JP Rの行き先 = R’nin gideceği/varacağı yer; ES destino de R; FR/DE/IT R’nin peşinde/arayışında. EN Where R Goes.,R'nin Gittiği Yer,MANUEL İNCELENDİ,DEĞİŞTİ,Soru cümlesi yerine bölüm başlığındaki ‘R’nin varış/gidiş yeri’ isim öbeği korundu.,JP Rの行き先 = R’nin gideceği/varacağı yer; ES destino de R; FR/DE/IT R’nin peşinde/arayışında. EN Where R Goes.,R'nin Gittiği Yer,MANUEL İNCELENDİ,DEĞİŞTİ,Soru cümlesi yerine bölüm başlığındaki ‘R’nin varış/gidiş yeri’ isim öbeği korundu.,JP Rの行き先 = R’nin gideceği/varacağı yer; ES destino de R; FR/DE/IT R’nin peşinde/arayışında. EN Where R Goes.,R'nin Gittiği Yer,MANUEL İNCELENDİ,DEĞİŞTİ,Soru cümlesi yerine bölüm başlığındaki ‘R’nin varış/gidiş yeri’ isim öbeği korundu.,JP Rの行き先 = R’nin gideceği/varacağı yer; ES destino de R; FR/DE/IT R’nin peşinde/arayışında. EN Where R Goes.,R'nin Gittiği Yer,MANUEL İNCELENDİ,DEĞİŞTİ,Soru cümlesi yerine bölüm başlığındaki ‘R’nin varış/gidiş yeri’ isim öbeği korundu.,JP Rの行き先 = R’nin gideceği/varacağı yer; ES destino de R; FR/DE/IT R’nin peşinde/arayışında. EN Where R Goes.,R'nin Gittiği Yer,MANUEL İNCELENDİ,DEĞİŞTİ,Soru cümlesi yerine bölüm başlığındaki ‘R’nin varış/gidiş yeri’ isim öbeği korundu.,JP Rの行き先 = R’nin gideceği/varacağı yer; ES destino de R; FR/DE/IT R’nin peşinde/arayışında. EN Where R Goes.,R'nin Gittiği Yer,MANUEL İNCELENDİ,DEĞİŞTİ,Soru cümlesi yerine bölüm başlığındaki ‘R’nin varış/gidiş yeri’ isim öbeği korundu.,JP Rの行き先 = R’nin gideceği/varacağı yer; ES destino de R; FR/DE/IT R’nin peşinde/arayışında. EN Where R Goes.,R'nin Gittiği Yer,MANUEL İNCELENDİ,DEĞİŞTİ,Soru cümlesi yerine bölüm başlığındaki ‘R’nin varış/gidiş yeri’ isim öbeği korundu.,JP Rの行き先 = R’nin gideceği/varacağı yer; ES destino de R; FR/DE/IT R’nin peşinde/arayışında. EN Where R Goes.,R'nin Gittiği Yer,MANUEL İNCELENDİ,DEĞİŞTİ,Soru cümlesi yerine bölüm başlığındaki ‘R’nin varış/gidiş yeri’ isim öbeği korundu.,JP Rの行き先 = R’nin gideceği/varacağı yer; ES destino de R; FR/DE/IT R’nin peşinde/arayışında. EN Where R Goes.,R'nin Gittiği Yer,MANUEL İNCELENDİ,DEĞİŞTİ,Soru cümlesi yerine bölüm başlığındaki ‘R’nin varış/gidiş yeri’ isim öbeği korundu.,JP Rの行き先 = R’nin gideceği/varacağı yer; ES destino de R; FR/DE/IT R’nin peşinde/arayışında. EN Where R Goes.,R'nin Gittiği Yer,MANUEL İNCELENDİ,DEĞİŞTİ,Soru cümlesi yerine bölüm başlığındaki ‘R’nin varış/gidiş yeri’ isim öbeği korundu.,JP Rの行き先 = R’nin gideceği/varacağı yer; ES destino de R; FR/DE/IT R’nin peşinde/arayışında. EN Where R Goes.,R'nin Gittiği Yer,MANUEL İNCELENDİ,DEĞİŞTİ,Soru cümlesi yerine bölüm başlığındaki ‘R’nin varış/gidiş yeri’ isim öbeği korundu.,JP Rの行き先 = R’nin gideceği/varacağı yer; ES destino de R; FR/DE/IT R’nin peşinde/arayışında. EN Where R Goes.
79,TITLE_INTERLUDE_EP9,Chapter 9,Chapitre 9,Kapitel 9,Capitolo 9,Episodio 9,第9章,だい9しょう,第9章,第九章,Bölüm 9,Bölüm 9,Bölüm 9,MANUEL İNCELENDİ,AYNI KALDI,Menü/yer/bölüm adı veya kısa UI metni v4’te doğal ve anlamca doğru.,EN/FR/DE/IT/ES ile JP/ZH temel ad/işlevde uyumlu; Türkçe karşılık hedef bağlamı koruyor.,Bölüm 9,MANUEL İNCELENDİ,AYNI KALDI,Menü/yer/bölüm adı veya kısa UI metni v4’te doğal ve anlamca doğru.,EN/FR/DE/IT/ES ile JP/ZH temel ad/işlevde uyumlu; Türkçe karşılık hedef bağlamı koruyor.,Bölüm 9,MANUEL İNCELENDİ,AYNI KALDI,Menü/yer/bölüm adı veya kısa UI metni v4’te doğal ve anlamca doğru.,EN/FR/DE/IT/ES ile JP/ZH temel ad/işlevde uyumlu; Türkçe karşılık hedef bağlamı koruyor.,Bölüm 9,MANUEL İNCELENDİ,AYNI KALDI,Menü/yer/bölüm adı veya kısa UI metni v4’te doğal ve anlamca doğru.,EN/FR/DE/IT/ES ile JP/ZH temel ad/işlevde uyumlu; Türkçe karşılık hedef bağlamı koruyor.,Bölüm 9,MANUEL İNCELENDİ,AYNI KALDI,Menü/yer/bölüm adı veya kısa UI metni v4’te doğal ve anlamca doğru.,EN/FR/DE/IT/ES ile JP/ZH temel ad/işlevde uyumlu; Türkçe karşılık hedef bağlamı koruyor.,Bölüm 9,MANUEL İNCELENDİ,AYNI KALDI,Menü/yer/bölüm adı veya kısa UI metni v4’te doğal ve anlamca doğru.,EN/FR/DE/IT/ES ile JP/ZH temel ad/işlevde uyumlu; Türkçe karşılık hedef bağlamı koruyor.,Bölüm 9,MANUEL İNCELENDİ,AYNI KALDI,Menü/yer/bölüm adı veya kısa UI metni v4’te doğal ve anlamca doğru.,EN/FR/DE/IT/ES ile JP/ZH temel ad/işlevde uyumlu; Türkçe karşılık hedef bağlamı koruyor.,Bölüm 9,MANUEL İNCELENDİ,AYNI KALDI,Menü/yer/bölüm adı veya kısa UI metni v4’te doğal ve anlamca doğru.,EN/FR/DE/IT/ES ile JP/ZH temel ad/işlevde uyumlu; Türkçe karşılık hedef bağlamı koruyor.,Bölüm 9,MANUEL İNCELENDİ,AYNI KALDI,Menü/yer/bölüm adı veya kısa UI metni v4’te doğal ve anlamca doğru.,EN/FR/DE/IT/ES ile JP/ZH temel ad/işlevde uyumlu; Türkçe karşılık hedef bağlamı koruyor.,Bölüm 9,MANUEL İNCELENDİ,AYNI KALDI,Menü/yer/bölüm adı veya kısa UI metni v4’te doğal ve anlamca doğru.,EN/FR/DE/IT/ES ile JP/ZH temel ad/işlevde uyumlu; Türkçe karşılık hedef bağlamı koruyor.,Bölüm 9,MANUEL İNCELENDİ,AYNI KALDI,Menü/yer/bölüm adı veya kısa UI metni v4’te doğal ve anlamca doğru.,EN/FR/DE/IT/ES ile JP/ZH temel ad/işlevde uyumlu; Türkçe karşılık hedef bağlamı koruyor.,Bölüm 9,MANUEL İNCELENDİ,AYNI KALDI,Menü/yer/bölüm adı veya kısa UI metni v4’te doğal ve anlamca doğru.,EN/FR/DE/IT/ES ile JP/ZH temel ad/işlevde uyumlu; Türkçe karşılık hedef bağlamı koruyor.
80,TITLE_INTERLUDE_EP9_TITLE,Pokémon Carnival,Le carnaval,Pokémon-Festival,Il Carnevale Pokémon,Carnaval Pokémon,ポケモンカーニバル,ポケモンカーニバル,宝可梦嘉年华,寶可夢嘉年華,Pokémon Karnavalı,Pokémon Karnavalı,Pokémon Karnavalı,MANUEL İNCELENDİ,AYNI KALDI,Menü/yer/bölüm adı veya kısa UI metni v4’te doğal ve anlamca doğru.,EN/FR/DE/IT/ES ile JP/ZH temel ad/işlevde uyumlu; Türkçe karşılık hedef bağlamı koruyor.,Pokémon Karnavalı,MANUEL İNCELENDİ,AYNI KALDI,Menü/yer/bölüm adı veya kısa UI metni v4’te doğal ve anlamca doğru.,EN/FR/DE/IT/ES ile JP/ZH temel ad/işlevde uyumlu; Türkçe karşılık hedef bağlamı koruyor.,Pokémon Karnavalı,MANUEL İNCELENDİ,AYNI KALDI,Menü/yer/bölüm adı veya kısa UI metni v4’te doğal ve anlamca doğru.,EN/FR/DE/IT/ES ile JP/ZH temel ad/işlevde uyumlu; Türkçe karşılık hedef bağlamı koruyor.,Pokémon Karnavalı,MANUEL İNCELENDİ,AYNI KALDI,Menü/yer/bölüm adı veya kısa UI metni v4’te doğal ve anlamca doğru.,EN/FR/DE/IT/ES ile JP/ZH temel ad/işlevde uyumlu; Türkçe karşılık hedef bağlamı koruyor.,Pokémon Karnavalı,MANUEL İNCELENDİ,AYNI KALDI,Menü/yer/bölüm adı veya kısa UI metni v4’te doğal ve anlamca doğru.,EN/FR/DE/IT/ES ile JP/ZH temel ad/işlevde uyumlu; Türkçe karşılık hedef bağlamı koruyor.,Pokémon Karnavalı,MANUEL İNCELENDİ,AYNI KALDI,Menü/yer/bölüm adı veya kısa UI metni v4’te doğal ve anlamca doğru.,EN/FR/DE/IT/ES ile JP/ZH temel ad/işlevde uyumlu; Türkçe karşılık hedef bağlamı koruyor.,Pokémon Karnavalı,MANUEL İNCELENDİ,AYNI KALDI,Menü/yer/bölüm adı veya kısa UI metni v4’te doğal ve anlamca doğru.,EN/FR/DE/IT/ES ile JP/ZH temel ad/işlevde uyumlu; Türkçe karşılık hedef bağlamı koruyor.,Pokémon Karnavalı,MANUEL İNCELENDİ,AYNI KALDI,Menü/yer/bölüm adı veya kısa UI metni v4’te doğal ve anlamca doğru.,EN/FR/DE/IT/ES ile JP/ZH temel ad/işlevde uyumlu; Türkçe karşılık hedef bağlamı koruyor.,Pokémon Karnavalı,MANUEL İNCELENDİ,AYNI KALDI,Menü/yer/bölüm adı veya kısa UI metni v4’te doğal ve anlamca doğru.,EN/FR/DE/IT/ES ile JP/ZH temel ad/işlevde uyumlu; Türkçe karşılık hedef bağlamı koruyor.,Pokémon Karnavalı,MANUEL İNCELENDİ,AYNI KALDI,Menü/yer/bölüm adı veya kısa UI metni v4’te doğal ve anlamca doğru.,EN/FR/DE/IT/ES ile JP/ZH temel ad/işlevde uyumlu; Türkçe karşılık hedef bağlamı koruyor.,Pokémon Karnavalı,MANUEL İNCELENDİ,AYNI KALDI,Menü/yer/bölüm adı veya kısa UI metni v4’te doğal ve anlamca doğru.,EN/FR/DE/IT/ES ile JP/ZH temel ad/işlevde uyumlu; Türkçe karşılık hedef bağlamı koruyor.,Pokémon Karnavalı,MANUEL İNCELENDİ,AYNI KALDI,Menü/yer/bölüm adı veya kısa UI metni v4’te doğal ve anlamca doğru.,EN/FR/DE/IT/ES ile JP/ZH temel ad/işlevde uyumlu; Türkçe karşılık hedef bağlamı koruyor.
81,TITLE_DECIDE,OK,Valider,Okay,Ok,Confirmar,はい,はい,是,確定,Tamam,Tamam,Tamam,MANUEL İNCELENDİ,AYNI KALDI,Menü/yer/bölüm adı veya kısa UI metni v4’te doğal ve anlamca doğru.,EN/FR/DE/IT/ES ile JP/ZH temel ad/işlevde uyumlu; Türkçe karşılık hedef bağlamı koruyor.,Tamam,MANUEL İNCELENDİ,AYNI KALDI,Menü/yer/bölüm adı veya kısa UI metni v4’te doğal ve anlamca doğru.,EN/FR/DE/IT/ES ile JP/ZH temel ad/işlevde uyumlu; Türkçe karşılık hedef bağlamı koruyor.,Tamam,MANUEL İNCELENDİ,AYNI KALDI,Menü/yer/bölüm adı veya kısa UI metni v4’te doğal ve anlamca doğru.,EN/FR/DE/IT/ES ile JP/ZH temel ad/işlevde uyumlu; Türkçe karşılık hedef bağlamı koruyor.,Tamam,MANUEL İNCELENDİ,AYNI KALDI,Menü/yer/bölüm adı veya kısa UI metni v4’te doğal ve anlamca doğru.,EN/FR/DE/IT/ES ile JP/ZH temel ad/işlevde uyumlu; Türkçe karşılık hedef bağlamı koruyor.,Tamam,MANUEL İNCELENDİ,AYNI KALDI,Menü/yer/bölüm adı veya kısa UI metni v4’te doğal ve anlamca doğru.,EN/FR/DE/IT/ES ile JP/ZH temel ad/işlevde uyumlu; Türkçe karşılık hedef bağlamı koruyor.,Tamam,MANUEL İNCELENDİ,AYNI KALDI,Menü/yer/bölüm adı veya kısa UI metni v4’te doğal ve anlamca doğru.,EN/FR/DE/IT/ES ile JP/ZH temel ad/işlevde uyumlu; Türkçe karşılık hedef bağlamı koruyor.,Tamam,MANUEL İNCELENDİ,AYNI KALDI,Menü/yer/bölüm adı veya kısa UI metni v4’te doğal ve anlamca doğru.,EN/FR/DE/IT/ES ile JP/ZH temel ad/işlevde uyumlu; Türkçe karşılık hedef bağlamı koruyor.,Tamam,MANUEL İNCELENDİ,AYNI KALDI,Menü/yer/bölüm adı veya kısa UI metni v4’te doğal ve anlamca doğru.,EN/FR/DE/IT/ES ile JP/ZH temel ad/işlevde uyumlu; Türkçe karşılık hedef bağlamı koruyor.,Tamam,MANUEL İNCELENDİ,AYNI KALDI,Menü/yer/bölüm adı veya kısa UI metni v4’te doğal ve anlamca doğru.,EN/FR/DE/IT/ES ile JP/ZH temel ad/işlevde uyumlu; Türkçe karşılık hedef bağlamı koruyor.,Tamam,MANUEL İNCELENDİ,AYNI KALDI,Menü/yer/bölüm adı veya kısa UI metni v4’te doğal ve anlamca doğru.,EN/FR/DE/IT/ES ile JP/ZH temel ad/işlevde uyumlu; Türkçe karşılık hedef bağlamı koruyor.,Tamam,MANUEL İNCELENDİ,AYNI KALDI,Menü/yer/bölüm adı veya kısa UI metni v4’te doğal ve anlamca doğru.,EN/FR/DE/IT/ES ile JP/ZH temel ad/işlevde uyumlu; Türkçe karşılık hedef bağlamı koruyor.,Tamam,MANUEL İNCELENDİ,AYNI KALDI,Menü/yer/bölüm adı veya kısa UI metni v4’te doğal ve anlamca doğru.,EN/FR/DE/IT/ES ile JP/ZH temel ad/işlevde uyumlu; Türkçe karşılık hedef bağlamı koruyor.
82,TITLE_YES,Yes,Oui,Ja,Sì,Sí,はい,はい,是,是,Evet,Evet,Evet,MANUEL İNCELENDİ,AYNI KALDI,Menü/yer/bölüm adı veya kısa UI metni v4’te doğal ve anlamca doğru.,EN/FR/DE/IT/ES ile JP/ZH temel ad/işlevde uyumlu; Türkçe karşılık hedef bağlamı koruyor.,Evet,MANUEL İNCELENDİ,AYNI KALDI,Menü/yer/bölüm adı veya kısa UI metni v4’te doğal ve anlamca doğru.,EN/FR/DE/IT/ES ile JP/ZH temel ad/işlevde uyumlu; Türkçe karşılık hedef bağlamı koruyor.,Evet,MANUEL İNCELENDİ,AYNI KALDI,Menü/yer/bölüm adı veya kısa UI metni v4’te doğal ve anlamca doğru.,EN/FR/DE/IT/ES ile JP/ZH temel ad/işlevde uyumlu; Türkçe karşılık hedef bağlamı koruyor.,Evet,MANUEL İNCELENDİ,AYNI KALDI,Menü/yer/bölüm adı veya kısa UI metni v4’te doğal ve anlamca doğru.,EN/FR/DE/IT/ES ile JP/ZH temel ad/işlevde uyumlu; Türkçe karşılık hedef bağlamı koruyor.,Evet,MANUEL İNCELENDİ,AYNI KALDI,Menü/yer/bölüm adı veya kısa UI metni v4’te doğal ve anlamca doğru.,EN/FR/DE/IT/ES ile JP/ZH temel ad/işlevde uyumlu; Türkçe karşılık hedef bağlamı koruyor.,Evet,MANUEL İNCELENDİ,AYNI KALDI,Menü/yer/bölüm adı veya kısa UI metni v4’te doğal ve anlamca doğru.,EN/FR/DE/IT/ES ile JP/ZH temel ad/işlevde uyumlu; Türkçe karşılık hedef bağlamı koruyor.,Evet,MANUEL İNCELENDİ,AYNI KALDI,Menü/yer/bölüm adı veya kısa UI metni v4’te doğal ve anlamca doğru.,EN/FR/DE/IT/ES ile JP/ZH temel ad/işlevde uyumlu; Türkçe karşılık hedef bağlamı koruyor.,Evet,MANUEL İNCELENDİ,AYNI KALDI,Menü/yer/bölüm adı veya kısa UI metni v4’te doğal ve anlamca doğru.,EN/FR/DE/IT/ES ile JP/ZH temel ad/işlevde uyumlu; Türkçe karşılık hedef bağlamı koruyor.,Evet,MANUEL İNCELENDİ,AYNI KALDI,Menü/yer/bölüm adı veya kısa UI metni v4’te doğal ve anlamca doğru.,EN/FR/DE/IT/ES ile JP/ZH temel ad/işlevde uyumlu; Türkçe karşılık hedef bağlamı koruyor.,Evet,MANUEL İNCELENDİ,AYNI KALDI,Menü/yer/bölüm adı veya kısa UI metni v4’te doğal ve anlamca doğru.,EN/FR/DE/IT/ES ile JP/ZH temel ad/işlevde uyumlu; Türkçe karşılık hedef bağlamı koruyor.,Evet,MANUEL İNCELENDİ,AYNI KALDI,Menü/yer/bölüm adı veya kısa UI metni v4’te doğal ve anlamca doğru.,EN/FR/DE/IT/ES ile JP/ZH temel ad/işlevde uyumlu; Türkçe karşılık hedef bağlamı koruyor.,Evet,MANUEL İNCELENDİ,AYNI KALDI,Menü/yer/bölüm adı veya kısa UI metni v4’te doğal ve anlamca doğru.,EN/FR/DE/IT/ES ile JP/ZH temel ad/işlevde uyumlu; Türkçe karşılık hedef bağlamı koruyor.
83,TITLE_NO,No,Non,Nein,No,No,いいえ,いいえ,否,否,Hayır,Hayır,Hayır,MANUEL İNCELENDİ,AYNI KALDI,Menü/yer/bölüm adı veya kısa UI metni v4’te doğal ve anlamca doğru.,EN/FR/DE/IT/ES ile JP/ZH temel ad/işlevde uyumlu; Türkçe karşılık hedef bağlamı koruyor.,Hayır,MANUEL İNCELENDİ,AYNI KALDI,Menü/yer/bölüm adı veya kısa UI metni v4’te doğal ve anlamca doğru.,EN/FR/DE/IT/ES ile JP/ZH temel ad/işlevde uyumlu; Türkçe karşılık hedef bağlamı koruyor.,Hayır,MANUEL İNCELENDİ,AYNI KALDI,Menü/yer/bölüm adı veya kısa UI metni v4’te doğal ve anlamca doğru.,EN/FR/DE/IT/ES ile JP/ZH temel ad/işlevde uyumlu; Türkçe karşılık hedef bağlamı koruyor.,Hayır,MANUEL İNCELENDİ,AYNI KALDI,Menü/yer/bölüm adı veya kısa UI metni v4’te doğal ve anlamca doğru.,EN/FR/DE/IT/ES ile JP/ZH temel ad/işlevde uyumlu; Türkçe karşılık hedef bağlamı koruyor.,Hayır,MANUEL İNCELENDİ,AYNI KALDI,Menü/yer/bölüm adı veya kısa UI metni v4’te doğal ve anlamca doğru.,EN/FR/DE/IT/ES ile JP/ZH temel ad/işlevde uyumlu; Türkçe karşılık hedef bağlamı koruyor.,Hayır,MANUEL İNCELENDİ,AYNI KALDI,Menü/yer/bölüm adı veya kısa UI metni v4’te doğal ve anlamca doğru.,EN/FR/DE/IT/ES ile JP/ZH temel ad/işlevde uyumlu; Türkçe karşılık hedef bağlamı koruyor.,Hayır,MANUEL İNCELENDİ,AYNI KALDI,Menü/yer/bölüm adı veya kısa UI metni v4’te doğal ve anlamca doğru.,EN/FR/DE/IT/ES ile JP/ZH temel ad/işlevde uyumlu; Türkçe karşılık hedef bağlamı koruyor.,Hayır,MANUEL İNCELENDİ,AYNI KALDI,Menü/yer/bölüm adı veya kısa UI metni v4’te doğal ve anlamca doğru.,EN/FR/DE/IT/ES ile JP/ZH temel ad/işlevde uyumlu; Türkçe karşılık hedef bağlamı koruyor.,Hayır,MANUEL İNCELENDİ,AYNI KALDI,Menü/yer/bölüm adı veya kısa UI metni v4’te doğal ve anlamca doğru.,EN/FR/DE/IT/ES ile JP/ZH temel ad/işlevde uyumlu; Türkçe karşılık hedef bağlamı koruyor.,Hayır,MANUEL İNCELENDİ,AYNI KALDI,Menü/yer/bölüm adı veya kısa UI metni v4’te doğal ve anlamca doğru.,EN/FR/DE/IT/ES ile JP/ZH temel ad/işlevde uyumlu; Türkçe karşılık hedef bağlamı koruyor.,Hayır,MANUEL İNCELENDİ,AYNI KALDI,Menü/yer/bölüm adı veya kısa UI metni v4’te doğal ve anlamca doğru.,EN/FR/DE/IT/ES ile JP/ZH temel ad/işlevde uyumlu; Türkçe karşılık hedef bağlamı koruyor.,Hayır,MANUEL İNCELENDİ,AYNI KALDI,Menü/yer/bölüm adı veya kısa UI metni v4’te doğal ve anlamca doğru.,EN/FR/DE/IT/ES ile JP/ZH temel ad/işlevde uyumlu; Türkçe karşılık hedef bağlamı koruyor.
84,TITLE_SAVE_DATE_DELETE,"This will delete your save data.
Once you delete your save data,
you will not be able to restore it.
Are you sure you want to delete it?","Voulez-vous réinitialiser les données de
sauvegarde ? Cela supprimera votre
progression dans le jeu.","Dadurch wird dein bisheriger Spielfortschritt
unwiederbringlich entfernt.
Willst du den Spielstand trotzdem löschen?","I dati di salvataggio verranno cancellati
e non potranno essere più recuperati.
Vuoi continuare?","Se borrarán los datos de guardado
y no podrás recuperarlos.
¿Quieres borrarlos?","セーブデータを初期化しますか？
いままで遊んだデータが
すべて消えてしまいます","セーブデータを しょきかしますか？
いままで あそんだデータが
すべて きえてしまいます","要初始化保存数据吗？
一旦初始化，
至今的数据全部消失。","要初始化儲存資料嗎？
到目前為止的遊戲進度
都將被刪除","Bu işlem kayıt verini silecek.
Kayıt verini sildikten sonra
onu geri getiremeyeceksin.
Silmek istediğine emin misin?","Bu işlem kayıt verisini silecek.
Silinen kayıt verisi geri yüklenemez.
Silmek istediğine emin misin?","Bu işlem kayıt verisini silecek.
Silinen kayıt verisi geri yüklenemez.
Silmek istediğine emin misin?",MANUEL İNCELENDİ,DEĞİŞTİ,"Tekrarlar azaltıldı, geri alınamazlık açık Türkçeyle ifade edildi.",EN/IT/ES silinen verinin geri getirilemeyeceğini; FR/DE/JP/ZH ilerlemenin/verinin tamamen silineceğini söylüyor.,"Bu işlem kayıt verisini silecek.
Silinen kayıt verisi geri yüklenemez.
Silmek istediğine emin misin?",MANUEL İNCELENDİ,DEĞİŞTİ,"Tekrarlar azaltıldı, geri alınamazlık açık Türkçeyle ifade edildi.",EN/IT/ES silinen verinin geri getirilemeyeceğini; FR/DE/JP/ZH ilerlemenin/verinin tamamen silineceğini söylüyor.,"Bu işlem kayıt verisini silecek.
Silinen kayıt verisi geri yüklenemez.
Silmek istediğine emin misin?",MANUEL İNCELENDİ,DEĞİŞTİ,"Tekrarlar azaltıldı, geri alınamazlık açık Türkçeyle ifade edildi.",EN/IT/ES silinen verinin geri getirilemeyeceğini; FR/DE/JP/ZH ilerlemenin/verinin tamamen silineceğini söylüyor.,"Bu işlem kayıt verisini silecek.
Silinen kayıt verisi geri yüklenemez.
Silmek istediğine emin misin?",MANUEL İNCELENDİ,DEĞİŞTİ,"Tekrarlar azaltıldı, geri alınamazlık açık Türkçeyle ifade edildi.",EN/IT/ES silinen verinin geri getirilemeyeceğini; FR/DE/JP/ZH ilerlemenin/verinin tamamen silineceğini söylüyor.,"Bu işlem kayıt verisini silecek.
Silinen kayıt verisi geri yüklenemez.
Silmek istediğine emin misin?",MANUEL İNCELENDİ,DEĞİŞTİ,"Tekrarlar azaltıldı, geri alınamazlık açık Türkçeyle ifade edildi.",EN/IT/ES silinen verinin geri getirilemeyeceğini; FR/DE/JP/ZH ilerlemenin/verinin tamamen silineceğini söylüyor.,"Bu işlem kayıt verisini silecek.
Silinen kayıt verisi geri yüklenemez.
Silmek istediğine emin misin?",MANUEL İNCELENDİ,DEĞİŞTİ,"Tekrarlar azaltıldı, geri alınamazlık açık Türkçeyle ifade edildi.",EN/IT/ES silinen verinin geri getirilemeyeceğini; FR/DE/JP/ZH ilerlemenin/verinin tamamen silineceğini söylüyor.,"Bu işlem kayıt verisini silecek.
Silinen kayıt verisi geri yüklenemez.
Silmek istediğine emin misin?",MANUEL İNCELENDİ,DEĞİŞTİ,"Tekrarlar azaltıldı, geri alınamazlık açık Türkçeyle ifade edildi.",EN/IT/ES silinen verinin geri getirilemeyeceğini; FR/DE/JP/ZH ilerlemenin/verinin tamamen silineceğini söylüyor.,"Bu işlem kayıt verisini silecek.
Silinen kayıt verisi geri yüklenemez.
Silmek istediğine emin misin?",MANUEL İNCELENDİ,DEĞİŞTİ,"Tekrarlar azaltıldı, geri alınamazlık açık Türkçeyle ifade edildi.",EN/IT/ES silinen verinin geri getirilemeyeceğini; FR/DE/JP/ZH ilerlemenin/verinin tamamen silineceğini söylüyor.,"Bu işlem kayıt verisini silecek.
Silinen kayıt verisi geri yüklenemez.
Silmek istediğine emin misin?",MANUEL İNCELENDİ,DEĞİŞTİ,"Tekrarlar azaltıldı, geri alınamazlık açık Türkçeyle ifade edildi.",EN/IT/ES silinen verinin geri getirilemeyeceğini; FR/DE/JP/ZH ilerlemenin/verinin tamamen silineceğini söylüyor.,"Bu işlem kayıt verisini silecek.
Silinen kayıt verisi geri yüklenemez.
Silmek istediğine emin misin?",MANUEL İNCELENDİ,DEĞİŞTİ,"Tekrarlar azaltıldı, geri alınamazlık açık Türkçeyle ifade edildi.",EN/IT/ES silinen verinin geri getirilemeyeceğini; FR/DE/JP/ZH ilerlemenin/verinin tamamen silineceğini söylüyor.,"Bu işlem kayıt verisini silecek.
Silinen kayıt verisi geri yüklenemez.
Silmek istediğine emin misin?",MANUEL İNCELENDİ,DEĞİŞTİ,"Tekrarlar azaltıldı, geri alınamazlık açık Türkçeyle ifade edildi.",EN/IT/ES silinen verinin geri getirilemeyeceğini; FR/DE/JP/ZH ilerlemenin/verinin tamamen silineceğini söylüyor.,"Bu işlem kayıt verisini silecek.
Silinen kayıt verisi geri yüklenemez.
Silmek istediğine emin misin?",MANUEL İNCELENDİ,DEĞİŞTİ,"Tekrarlar azaltıldı, geri alınamazlık açık Türkçeyle ifade edildi.",EN/IT/ES silinen verinin geri getirilemeyeceğini; FR/DE/JP/ZH ilerlemenin/verinin tamamen silineceğini söylüyor.
85,TITLE_SAVE_DATE_DELETE_CONFIRM,"Are you sure you want to delete
your save data?","Voulez-vous vraiment supprimer
vos données de sauvegarde ?","Bist du dir sicher, dass du den Spielstand
löschen möchtest?","Vuoi davvero cancellare
i dati di salvataggio?","¿Seguro que quieres borrar
los datos de guardado?","本当に初期化して
よろしいですか？","ほんとうに しょきかして
よろしいですか？",真的要初始化吗？,確定要初始化嗎？,"Kayıt verini silmek istediğine
emin misin?","Kayıt verisini silmek istediğine
emin misin?","Kayıt verisini silmek istediğine
emin misin?",MANUEL İNCELENDİ,DEĞİŞTİ,‘Kayıt verini’ yerine UI’de doğal nesnel biçim kullanıldı.,Tüm diller ikinci silme onayını soruyor.,"Kayıt verisini silmek istediğine
emin misin?",MANUEL İNCELENDİ,DEĞİŞTİ,‘Kayıt verini’ yerine UI’de doğal nesnel biçim kullanıldı.,Tüm diller ikinci silme onayını soruyor.,"Kayıt verisini silmek istediğine
emin misin?",MANUEL İNCELENDİ,DEĞİŞTİ,‘Kayıt verini’ yerine UI’de doğal nesnel biçim kullanıldı.,Tüm diller ikinci silme onayını soruyor.,"Kayıt verisini silmek istediğine
emin misin?",MANUEL İNCELENDİ,DEĞİŞTİ,‘Kayıt verini’ yerine UI’de doğal nesnel biçim kullanıldı.,Tüm diller ikinci silme onayını soruyor.,"Kayıt verisini silmek istediğine
emin misin?",MANUEL İNCELENDİ,DEĞİŞTİ,‘Kayıt verini’ yerine UI’de doğal nesnel biçim kullanıldı.,Tüm diller ikinci silme onayını soruyor.,"Kayıt verisini silmek istediğine
emin misin?",MANUEL İNCELENDİ,DEĞİŞTİ,‘Kayıt verini’ yerine UI’de doğal nesnel biçim kullanıldı.,Tüm diller ikinci silme onayını soruyor.,"Kayıt verisini silmek istediğine
emin misin?",MANUEL İNCELENDİ,DEĞİŞTİ,‘Kayıt verini’ yerine UI’de doğal nesnel biçim kullanıldı.,Tüm diller ikinci silme onayını soruyor.,"Kayıt verisini silmek istediğine
emin misin?",MANUEL İNCELENDİ,DEĞİŞTİ,‘Kayıt verini’ yerine UI’de doğal nesnel biçim kullanıldı.,Tüm diller ikinci silme onayını soruyor.,"Kayıt verisini silmek istediğine
emin misin?",MANUEL İNCELENDİ,DEĞİŞTİ,‘Kayıt verini’ yerine UI’de doğal nesnel biçim kullanıldı.,Tüm diller ikinci silme onayını soruyor.,"Kayıt verisini silmek istediğine
emin misin?",MANUEL İNCELENDİ,DEĞİŞTİ,‘Kayıt verini’ yerine UI’de doğal nesnel biçim kullanıldı.,Tüm diller ikinci silme onayını soruyor.,"Kayıt verisini silmek istediğine
emin misin?",MANUEL İNCELENDİ,DEĞİŞTİ,‘Kayıt verini’ yerine UI’de doğal nesnel biçim kullanıldı.,Tüm diller ikinci silme onayını soruyor.,"Kayıt verisini silmek istediğine
emin misin?",MANUEL İNCELENDİ,DEĞİŞTİ,‘Kayıt verini’ yerine UI’de doğal nesnel biçim kullanıldı.,Tüm diller ikinci silme onayını soruyor.
86,TITLE_SAVE_DATE_DELETE_NOW,"Deleting save data...
Please do not turn off the power.","Suppression des données de sauvegarde...
N'éteignez pas votre console.","Der Spielstand wird gelöscht...
Bitte das System nicht ausschalten.","Cancellazione dei dati di salvataggio...
Non spegnere la console.","Borrando datos de guardado...
No apagues la consola.","セーブデータを初期化しています
本体の電源をきらないでください","セーブデータを しょきかしています
ほんたいのでんげんを
きらないでください","正在初始化保存数据……
请不要关闭主机的电源。","正在刪除儲存資料……
請勿關閉主機電源","Kayıt verisi siliniyor...
Lütfen gücü kapatmayın.","Kayıt verisi siliniyor...
Lütfen konsolu kapatma.","Kayıt verisi siliniyor...
Lütfen konsolu kapatma.",MANUEL İNCELENDİ,DEĞİŞTİ,‘Gücü kapatma’ yerine doğrudan cihaz davranışı; hitap tutarlı.,FR/IT/ES console; DE system; JP/ZH power/system kapatılmaması.,"Kayıt verisi siliniyor...
Lütfen konsolu kapatma.",MANUEL İNCELENDİ,DEĞİŞTİ,‘Gücü kapatma’ yerine doğrudan cihaz davranışı; hitap tutarlı.,FR/IT/ES console; DE system; JP/ZH power/system kapatılmaması.,"Kayıt verisi siliniyor...
Lütfen konsolu kapatma.",MANUEL İNCELENDİ,DEĞİŞTİ,‘Gücü kapatma’ yerine doğrudan cihaz davranışı; hitap tutarlı.,FR/IT/ES console; DE system; JP/ZH power/system kapatılmaması.,"Kayıt verisi siliniyor...
Lütfen konsolu kapatma.",MANUEL İNCELENDİ,DEĞİŞTİ,‘Gücü kapatma’ yerine doğrudan cihaz davranışı; hitap tutarlı.,FR/IT/ES console; DE system; JP/ZH power/system kapatılmaması.,"Kayıt verisi siliniyor...
Lütfen konsolu kapatma.",MANUEL İNCELENDİ,DEĞİŞTİ,‘Gücü kapatma’ yerine doğrudan cihaz davranışı; hitap tutarlı.,FR/IT/ES console; DE system; JP/ZH power/system kapatılmaması.,"Kayıt verisi siliniyor...
Lütfen konsolu kapatma.",MANUEL İNCELENDİ,DEĞİŞTİ,‘Gücü kapatma’ yerine doğrudan cihaz davranışı; hitap tutarlı.,FR/IT/ES console; DE system; JP/ZH power/system kapatılmaması.,"Kayıt verisi siliniyor...
Lütfen konsolu kapatma.",MANUEL İNCELENDİ,DEĞİŞTİ,‘Gücü kapatma’ yerine doğrudan cihaz davranışı; hitap tutarlı.,FR/IT/ES console; DE system; JP/ZH power/system kapatılmaması.,"Kayıt verisi siliniyor...
Lütfen konsolu kapatma.",MANUEL İNCELENDİ,DEĞİŞTİ,‘Gücü kapatma’ yerine doğrudan cihaz davranışı; hitap tutarlı.,FR/IT/ES console; DE system; JP/ZH power/system kapatılmaması.,"Kayıt verisi siliniyor...
Lütfen konsolu kapatma.",MANUEL İNCELENDİ,DEĞİŞTİ,‘Gücü kapatma’ yerine doğrudan cihaz davranışı; hitap tutarlı.,FR/IT/ES console; DE system; JP/ZH power/system kapatılmaması.,"Kayıt verisi siliniyor...
Lütfen konsolu kapatma.",MANUEL İNCELENDİ,DEĞİŞTİ,‘Gücü kapatma’ yerine doğrudan cihaz davranışı; hitap tutarlı.,FR/IT/ES console; DE system; JP/ZH power/system kapatılmaması.,"Kayıt verisi siliniyor...
Lütfen konsolu kapatma.",MANUEL İNCELENDİ,DEĞİŞTİ,‘Gücü kapatma’ yerine doğrudan cihaz davranışı; hitap tutarlı.,FR/IT/ES console; DE system; JP/ZH power/system kapatılmaması.,"Kayıt verisi siliniyor...
Lütfen konsolu kapatma.",MANUEL İNCELENDİ,DEĞİŞTİ,‘Gücü kapatma’ yerine doğrudan cihaz davranışı; hitap tutarlı.,FR/IT/ES console; DE system; JP/ZH power/system kapatılmaması.
87,TITLE_SAVE_DATE_DELETE_INFORM,Save data has been deleted.,"Les données de sauvegarde ont été
supprimées.",Der Spielstand wurde gelöscht.,I dati di salvataggio sono stati cancellati.,Se han borrado los datos de guardado.,セーブデータを初期化しました,セーブデータを しょきかしました,保存数据初始化完毕。,已完成儲存資料的初始化,Kayıt verisi silindi.,Kayıt verisi silindi.,Kayıt verisi silindi.,MANUEL İNCELENDİ,AYNI KALDI,Menü/yer/bölüm adı veya kısa UI metni v4’te doğal ve anlamca doğru.,EN/FR/DE/IT/ES ile JP/ZH temel ad/işlevde uyumlu; Türkçe karşılık hedef bağlamı koruyor.,Kayıt verisi silindi.,MANUEL İNCELENDİ,AYNI KALDI,Menü/yer/bölüm adı veya kısa UI metni v4’te doğal ve anlamca doğru.,EN/FR/DE/IT/ES ile JP/ZH temel ad/işlevde uyumlu; Türkçe karşılık hedef bağlamı koruyor.,Kayıt verisi silindi.,MANUEL İNCELENDİ,AYNI KALDI,Menü/yer/bölüm adı veya kısa UI metni v4’te doğal ve anlamca doğru.,EN/FR/DE/IT/ES ile JP/ZH temel ad/işlevde uyumlu; Türkçe karşılık hedef bağlamı koruyor.,Kayıt verisi silindi.,MANUEL İNCELENDİ,AYNI KALDI,Menü/yer/bölüm adı veya kısa UI metni v4’te doğal ve anlamca doğru.,EN/FR/DE/IT/ES ile JP/ZH temel ad/işlevde uyumlu; Türkçe karşılık hedef bağlamı koruyor.,Kayıt verisi silindi.,MANUEL İNCELENDİ,AYNI KALDI,Menü/yer/bölüm adı veya kısa UI metni v4’te doğal ve anlamca doğru.,EN/FR/DE/IT/ES ile JP/ZH temel ad/işlevde uyumlu; Türkçe karşılık hedef bağlamı koruyor.,Kayıt verisi silindi.,MANUEL İNCELENDİ,AYNI KALDI,Menü/yer/bölüm adı veya kısa UI metni v4’te doğal ve anlamca doğru.,EN/FR/DE/IT/ES ile JP/ZH temel ad/işlevde uyumlu; Türkçe karşılık hedef bağlamı koruyor.,Kayıt verisi silindi.,MANUEL İNCELENDİ,AYNI KALDI,Menü/yer/bölüm adı veya kısa UI metni v4’te doğal ve anlamca doğru.,EN/FR/DE/IT/ES ile JP/ZH temel ad/işlevde uyumlu; Türkçe karşılık hedef bağlamı koruyor.,Kayıt verisi silindi.,MANUEL İNCELENDİ,AYNI KALDI,Menü/yer/bölüm adı veya kısa UI metni v4’te doğal ve anlamca doğru.,EN/FR/DE/IT/ES ile JP/ZH temel ad/işlevde uyumlu; Türkçe karşılık hedef bağlamı koruyor.,Kayıt verisi silindi.,MANUEL İNCELENDİ,AYNI KALDI,Menü/yer/bölüm adı veya kısa UI metni v4’te doğal ve anlamca doğru.,EN/FR/DE/IT/ES ile JP/ZH temel ad/işlevde uyumlu; Türkçe karşılık hedef bağlamı koruyor.,Kayıt verisi silindi.,MANUEL İNCELENDİ,AYNI KALDI,Menü/yer/bölüm adı veya kısa UI metni v4’te doğal ve anlamca doğru.,EN/FR/DE/IT/ES ile JP/ZH temel ad/işlevde uyumlu; Türkçe karşılık hedef bağlamı koruyor.,Kayıt verisi silindi.,MANUEL İNCELENDİ,AYNI KALDI,Menü/yer/bölüm adı veya kısa UI metni v4’te doğal ve anlamca doğru.,EN/FR/DE/IT/ES ile JP/ZH temel ad/işlevde uyumlu; Türkçe karşılık hedef bağlamı koruyor.,Kayıt verisi silindi.,MANUEL İNCELENDİ,AYNI KALDI,Menü/yer/bölüm adı veya kısa UI metni v4’te doğal ve anlamca doğru.,EN/FR/DE/IT/ES ile JP/ZH temel ad/işlevde uyumlu; Türkçe karşılık hedef bağlamı koruyor.
88,MAP_TAHNTI_PARK,Tahnti Park,Parc Tahnti,Tahnti Park,Tahnti Park,Parque de Tahnti,タンティ公園,タンティこうえん,探堤公园,坦堤公園,Tahnti Park,Tahnti Parkı,Tahnti Parkı,MANUEL İNCELENDİ,DEĞİŞTİ,Map adı da bölüm başlığıyla aynı doğal Türkçe biçime getirildi.,FR/ES ve JP/ZH ‘Tahnti park’; EN/DE proper name.,Tahnti Parkı,MANUEL İNCELENDİ,DEĞİŞTİ,Map adı da bölüm başlığıyla aynı doğal Türkçe biçime getirildi.,FR/ES ve JP/ZH ‘Tahnti park’; EN/DE proper name.,Tahnti Parkı,MANUEL İNCELENDİ,DEĞİŞTİ,Map adı da bölüm başlığıyla aynı doğal Türkçe biçime getirildi.,FR/ES ve JP/ZH ‘Tahnti park’; EN/DE proper name.,Tahnti Parkı,MANUEL İNCELENDİ,DEĞİŞTİ,Map adı da bölüm başlığıyla aynı doğal Türkçe biçime getirildi.,FR/ES ve JP/ZH ‘Tahnti park’; EN/DE proper name.,Tahnti Parkı,MANUEL İNCELENDİ,DEĞİŞTİ,Map adı da bölüm başlığıyla aynı doğal Türkçe biçime getirildi.,FR/ES ve JP/ZH ‘Tahnti park’; EN/DE proper name.,Tahnti Parkı,MANUEL İNCELENDİ,DEĞİŞTİ,Map adı da bölüm başlığıyla aynı doğal Türkçe biçime getirildi.,FR/ES ve JP/ZH ‘Tahnti park’; EN/DE proper name.,Tahnti Parkı,MANUEL İNCELENDİ,DEĞİŞTİ,Map adı da bölüm başlığıyla aynı doğal Türkçe biçime getirildi.,FR/ES ve JP/ZH ‘Tahnti park’; EN/DE proper name.,Tahnti Parkı,MANUEL İNCELENDİ,DEĞİŞTİ,Map adı da bölüm başlığıyla aynı doğal Türkçe biçime getirildi.,FR/ES ve JP/ZH ‘Tahnti park’; EN/DE proper name.,Tahnti Parkı,MANUEL İNCELENDİ,DEĞİŞTİ,Map adı da bölüm başlığıyla aynı doğal Türkçe biçime getirildi.,FR/ES ve JP/ZH ‘Tahnti park’; EN/DE proper name.,Tahnti Parkı,MANUEL İNCELENDİ,DEĞİŞTİ,Map adı da bölüm başlığıyla aynı doğal Türkçe biçime getirildi.,FR/ES ve JP/ZH ‘Tahnti park’; EN/DE proper name.,Tahnti Parkı,MANUEL İNCELENDİ,DEĞİŞTİ,Map adı da bölüm başlığıyla aynı doğal Türkçe biçime getirildi.,FR/ES ve JP/ZH ‘Tahnti park’; EN/DE proper name.,Tahnti Parkı,MANUEL İNCELENDİ,DEĞİŞTİ,Map adı da bölüm başlığıyla aynı doğal Türkçe biçime getirildi.,FR/ES ve JP/ZH ‘Tahnti park’; EN/DE proper name.
89,MAP_LABO,Pokémon Comprehensive Laboratory,Pokémon Comprehensive Laboratory,PCL,Pokémon Comprehensive Laboratory,Pokémon Comprehensive Laboratory,PCL研究所,PCLけんきゅうじょ,PCL研究所,PCL研究所,Pokémon Kapsamlı Laboratuvarı,PCL Araştırma Laboratuvarı,PCL Araştırma Laboratuvarı,MANUEL İNCELENDİ,DEĞİŞTİ,‘Pokémon Kapsamlı Laboratuvarı’ kelimesi kelimesine ve yapaydı; oyun içi PCL kısaltması + araştırma işlevi korundu.,JP/ZH PCL研究所 = PCL araştırma enstitüsü/laboratuvarı; DE yalnız PCL; Batı dillerinin bazıları İngilizce tam adı koruyor.,PCL Araştırma Laboratuvarı,MANUEL İNCELENDİ,DEĞİŞTİ,‘Pokémon Kapsamlı Laboratuvarı’ kelimesi kelimesine ve yapaydı; oyun içi PCL kısaltması + araştırma işlevi korundu.,JP/ZH PCL研究所 = PCL araştırma enstitüsü/laboratuvarı; DE yalnız PCL; Batı dillerinin bazıları İngilizce tam adı koruyor.,PCL Araştırma Laboratuvarı,MANUEL İNCELENDİ,DEĞİŞTİ,‘Pokémon Kapsamlı Laboratuvarı’ kelimesi kelimesine ve yapaydı; oyun içi PCL kısaltması + araştırma işlevi korundu.,JP/ZH PCL研究所 = PCL araştırma enstitüsü/laboratuvarı; DE yalnız PCL; Batı dillerinin bazıları İngilizce tam adı koruyor.,PCL Araştırma Laboratuvarı,MANUEL İNCELENDİ,DEĞİŞTİ,‘Pokémon Kapsamlı Laboratuvarı’ kelimesi kelimesine ve yapaydı; oyun içi PCL kısaltması + araştırma işlevi korundu.,JP/ZH PCL研究所 = PCL araştırma enstitüsü/laboratuvarı; DE yalnız PCL; Batı dillerinin bazıları İngilizce tam adı koruyor.,PCL Araştırma Laboratuvarı,MANUEL İNCELENDİ,DEĞİŞTİ,‘Pokémon Kapsamlı Laboratuvarı’ kelimesi kelimesine ve yapaydı; oyun içi PCL kısaltması + araştırma işlevi korundu.,JP/ZH PCL研究所 = PCL araştırma enstitüsü/laboratuvarı; DE yalnız PCL; Batı dillerinin bazıları İngilizce tam adı koruyor.,PCL Araştırma Laboratuvarı,MANUEL İNCELENDİ,DEĞİŞTİ,‘Pokémon Kapsamlı Laboratuvarı’ kelimesi kelimesine ve yapaydı; oyun içi PCL kısaltması + araştırma işlevi korundu.,JP/ZH PCL研究所 = PCL araştırma enstitüsü/laboratuvarı; DE yalnız PCL; Batı dillerinin bazıları İngilizce tam adı koruyor.,PCL Araştırma Laboratuvarı,MANUEL İNCELENDİ,DEĞİŞTİ,‘Pokémon Kapsamlı Laboratuvarı’ kelimesi kelimesine ve yapaydı; oyun içi PCL kısaltması + araştırma işlevi korundu.,JP/ZH PCL研究所 = PCL araştırma enstitüsü/laboratuvarı; DE yalnız PCL; Batı dillerinin bazıları İngilizce tam adı koruyor.,PCL Araştırma Laboratuvarı,MANUEL İNCELENDİ,DEĞİŞTİ,‘Pokémon Kapsamlı Laboratuvarı’ kelimesi kelimesine ve yapaydı; oyun içi PCL kısaltması + araştırma işlevi korundu.,JP/ZH PCL研究所 = PCL araştırma enstitüsü/laboratuvarı; DE yalnız PCL; Batı dillerinin bazıları İngilizce tam adı koruyor.,PCL Araştırma Laboratuvarı,MANUEL İNCELENDİ,DEĞİŞTİ,‘Pokémon Kapsamlı Laboratuvarı’ kelimesi kelimesine ve yapaydı; oyun içi PCL kısaltması + araştırma işlevi korundu.,JP/ZH PCL研究所 = PCL araştırma enstitüsü/laboratuvarı; DE yalnız PCL; Batı dillerinin bazıları İngilizce tam adı koruyor.,PCL Araştırma Laboratuvarı,MANUEL İNCELENDİ,DEĞİŞTİ,‘Pokémon Kapsamlı Laboratuvarı’ kelimesi kelimesine ve yapaydı; oyun içi PCL kısaltması + araştırma işlevi korundu.,JP/ZH PCL研究所 = PCL araştırma enstitüsü/laboratuvarı; DE yalnız PCL; Batı dillerinin bazıları İngilizce tam adı koruyor.,PCL Araştırma Laboratuvarı,MANUEL İNCELENDİ,DEĞİŞTİ,‘Pokémon Kapsamlı Laboratuvarı’ kelimesi kelimesine ve yapaydı; oyun içi PCL kısaltması + araştırma işlevi korundu.,JP/ZH PCL研究所 = PCL araştırma enstitüsü/laboratuvarı; DE yalnız PCL; Batı dillerinin bazıları İngilizce tam adı koruyor.,PCL Araştırma Laboratuvarı,MANUEL İNCELENDİ,DEĞİŞTİ,‘Pokémon Kapsamlı Laboratuvarı’ kelimesi kelimesine ve yapaydı; oyun içi PCL kısaltması + araştırma işlevi korundu.,JP/ZH PCL研究所 = PCL araştırma enstitüsü/laboratuvarı; DE yalnız PCL; Batı dillerinin bazıları İngilizce tam adı koruyor.
90,LOAD_EP1_HELLOOFFICEOUTSIDE,"Pikachu showed me the way to the
Baker Detective Agency, and I was on my way.","Pikachu m'a accompagné jusqu'à
l'agence de détectives Baker.","Pikachu zeigte mir den Weg
zum Detektivbüro Baker.","Accompagnato da Pikachu, sono
andato all'Agenzia Investigativa Baker.","Pikachu me acompañó hasta
la agencia de detectives Baker.","ピカチュウの道案内で
ぼくはベイカー探偵事務所へ
向かった","ピカチュウの みちあんないで
ぼくはベイカーたんていじむしょへ
むかった","在皮卡丘的带路下，
我前往了贝克侦探事务所。","在皮卡丘的帶領之下
我來到貝克偵探事務所","Pikachu bana Baker Dedektiflik Bürosu'nun yolunu gösterdi
ve ben de oraya doğru yola koyuldum.","Pikachu'nun yol göstermesiyle
Baker Dedektiflik Bürosu'na doğru yola çıktım.","Pikachu'nun yol göstermesiyle
Baker Dedektiflik Bürosu'na doğru yola çıktım.",MANUEL İNCELENDİ,DEĞİŞTİ,İngilizce yapıdaki gereksiz ‘ve ben de oraya doğru’ tekrarları kaldırıldı.,JP/ZH ‘Pikachu’nun yol göstermesiyle büroya gittim’; FR/ES Pikachu eşlik etti; DE yolu gösterdi.,"Pikachu'nun yol göstermesiyle
Baker Dedektiflik Bürosu'na doğru yola çıktım.",MANUEL İNCELENDİ,DEĞİŞTİ,İngilizce yapıdaki gereksiz ‘ve ben de oraya doğru’ tekrarları kaldırıldı.,JP/ZH ‘Pikachu’nun yol göstermesiyle büroya gittim’; FR/ES Pikachu eşlik etti; DE yolu gösterdi.,"Pikachu'nun yol göstermesiyle
Baker Dedektiflik Bürosu'na doğru yola çıktım.",MANUEL İNCELENDİ,DEĞİŞTİ,İngilizce yapıdaki gereksiz ‘ve ben de oraya doğru’ tekrarları kaldırıldı.,JP/ZH ‘Pikachu’nun yol göstermesiyle büroya gittim’; FR/ES Pikachu eşlik etti; DE yolu gösterdi.,"Pikachu'nun yol göstermesiyle
Baker Dedektiflik Bürosu'na doğru yola çıktım.",MANUEL İNCELENDİ,DEĞİŞTİ,İngilizce yapıdaki gereksiz ‘ve ben de oraya doğru’ tekrarları kaldırıldı.,JP/ZH ‘Pikachu’nun yol göstermesiyle büroya gittim’; FR/ES Pikachu eşlik etti; DE yolu gösterdi.,"Pikachu'nun yol göstermesiyle
Baker Dedektiflik Bürosu'na doğru yola çıktım.",MANUEL İNCELENDİ,DEĞİŞTİ,İngilizce yapıdaki gereksiz ‘ve ben de oraya doğru’ tekrarları kaldırıldı.,JP/ZH ‘Pikachu’nun yol göstermesiyle büroya gittim’; FR/ES Pikachu eşlik etti; DE yolu gösterdi.,"Pikachu'nun yol göstermesiyle
Baker Dedektiflik Bürosu'na doğru yola çıktım.",MANUEL İNCELENDİ,DEĞİŞTİ,İngilizce yapıdaki gereksiz ‘ve ben de oraya doğru’ tekrarları kaldırıldı.,JP/ZH ‘Pikachu’nun yol göstermesiyle büroya gittim’; FR/ES Pikachu eşlik etti; DE yolu gösterdi.,"Pikachu'nun yol göstermesiyle
Baker Dedektiflik Bürosu'na doğru yola çıktım.",MANUEL İNCELENDİ,DEĞİŞTİ,İngilizce yapıdaki gereksiz ‘ve ben de oraya doğru’ tekrarları kaldırıldı.,JP/ZH ‘Pikachu’nun yol göstermesiyle büroya gittim’; FR/ES Pikachu eşlik etti; DE yolu gösterdi.,"Pikachu'nun yol göstermesiyle
Baker Dedektiflik Bürosu'na doğru yola çıktım.",MANUEL İNCELENDİ,DEĞİŞTİ,İngilizce yapıdaki gereksiz ‘ve ben de oraya doğru’ tekrarları kaldırıldı.,JP/ZH ‘Pikachu’nun yol göstermesiyle büroya gittim’; FR/ES Pikachu eşlik etti; DE yolu gösterdi.,"Pikachu'nun yol göstermesiyle
Baker Dedektiflik Bürosu'na doğru yola çıktım.",MANUEL İNCELENDİ,DEĞİŞTİ,İngilizce yapıdaki gereksiz ‘ve ben de oraya doğru’ tekrarları kaldırıldı.,JP/ZH ‘Pikachu’nun yol göstermesiyle büroya gittim’; FR/ES Pikachu eşlik etti; DE yolu gösterdi.,"Pikachu'nun yol göstermesiyle
Baker Dedektiflik Bürosu'na doğru yola çıktım.",MANUEL İNCELENDİ,DEĞİŞTİ,İngilizce yapıdaki gereksiz ‘ve ben de oraya doğru’ tekrarları kaldırıldı.,JP/ZH ‘Pikachu’nun yol göstermesiyle büroya gittim’; FR/ES Pikachu eşlik etti; DE yolu gösterdi.,"Pikachu'nun yol göstermesiyle
Baker Dedektiflik Bürosu'na doğru yola çıktım.",MANUEL İNCELENDİ,DEĞİŞTİ,İngilizce yapıdaki gereksiz ‘ve ben de oraya doğru’ tekrarları kaldırıldı.,JP/ZH ‘Pikachu’nun yol göstermesiyle büroya gittim’; FR/ES Pikachu eşlik etti; DE yolu gösterdi.,"Pikachu'nun yol göstermesiyle
Baker Dedektiflik Bürosu'na doğru yola çıktım.",MANUEL İNCELENDİ,DEĞİŞTİ,İngilizce yapıdaki gereksiz ‘ve ben de oraya doğru’ tekrarları kaldırıldı.,JP/ZH ‘Pikachu’nun yol göstermesiyle büroya gittim’; FR/ES Pikachu eşlik etti; DE yolu gösterdi.
91,LOAD_EP2_HOME,"Pikachu and I left the Baker Detective Agency
and headed to my dad's apartment.","Pikachu et moi avons quitté l'agence
Baker pour nous rendre à l'appartement
de mon père.","Pikachu und ich ließen das Detektivbüro Baker
hinter uns und machten uns auf den Weg
zur Wohnung meines Dads.","Usciti dall'Agenzia Investigativa Baker,
io e Pikachu siamo andati
all'appartamento di mio padre.","Pikachu y yo abandonamos la
agencia de detectives Baker y
fuimos al apartamento de mi padre.","ベイカー探偵事務所をあとにして
ぼくとピカチュウは
父さんのアパートへ向かった","ベイカーたんていじむしょを あとにして
ぼくとピカチュウは
とうさんのアパートへ むかった","离开贝克侦探事务所之后，
我和皮卡丘前往了父亲的公寓。","皮卡丘與我
離開貝克偵探事務所
前往父親的公寓","Pikachu'yla birlikte Baker Dedektiflik Bürosu'ndan ayrılıp
babamın dairesine doğru yola çıktık.","Pikachu'yla birlikte Baker Dedektiflik Bürosu'ndan ayrılıp
babamın dairesine doğru yola çıktık.","Pikachu'yla birlikte Baker Dedektiflik Bürosu'ndan ayrılıp
babamın dairesine doğru yola çıktık.",MANUEL İNCELENDİ,AYNI KALDI,"Anlatı özeti Türkçede doğal; olay, özne ve zaman ilişkisi doğru.",JP/ZH + Avrupa dilleri aynı olay akışını doğruluyor; önemli nüans kaybı bulunmadı.,"Pikachu'yla birlikte Baker Dedektiflik Bürosu'ndan ayrılıp
babamın dairesine doğru yola çıktık.",MANUEL İNCELENDİ,AYNI KALDI,"Anlatı özeti Türkçede doğal; olay, özne ve zaman ilişkisi doğru.",JP/ZH + Avrupa dilleri aynı olay akışını doğruluyor; önemli nüans kaybı bulunmadı.,"Pikachu'yla birlikte Baker Dedektiflik Bürosu'ndan ayrılıp
babamın dairesine doğru yola çıktık.",MANUEL İNCELENDİ,AYNI KALDI,"Anlatı özeti Türkçede doğal; olay, özne ve zaman ilişkisi doğru.",JP/ZH + Avrupa dilleri aynı olay akışını doğruluyor; önemli nüans kaybı bulunmadı.,"Pikachu'yla birlikte Baker Dedektiflik Bürosu'ndan ayrılıp
babamın dairesine doğru yola çıktık.",MANUEL İNCELENDİ,AYNI KALDI,"Anlatı özeti Türkçede doğal; olay, özne ve zaman ilişkisi doğru.",JP/ZH + Avrupa dilleri aynı olay akışını doğruluyor; önemli nüans kaybı bulunmadı.,"Pikachu'yla birlikte Baker Dedektiflik Bürosu'ndan ayrılıp
babamın dairesine doğru yola çıktık.",MANUEL İNCELENDİ,AYNI KALDI,"Anlatı özeti Türkçede doğal; olay, özne ve zaman ilişkisi doğru.",JP/ZH + Avrupa dilleri aynı olay akışını doğruluyor; önemli nüans kaybı bulunmadı.,"Pikachu'yla birlikte Baker Dedektiflik Bürosu'ndan ayrılıp
babamın dairesine doğru yola çıktık.",MANUEL İNCELENDİ,AYNI KALDI,"Anlatı özeti Türkçede doğal; olay, özne ve zaman ilişkisi doğru.",JP/ZH + Avrupa dilleri aynı olay akışını doğruluyor; önemli nüans kaybı bulunmadı.,"Pikachu'yla birlikte Baker Dedektiflik Bürosu'ndan ayrılıp
babamın dairesine doğru yola çıktık.",MANUEL İNCELENDİ,AYNI KALDI,"Anlatı özeti Türkçede doğal; olay, özne ve zaman ilişkisi doğru.",JP/ZH + Avrupa dilleri aynı olay akışını doğruluyor; önemli nüans kaybı bulunmadı.,"Pikachu'yla birlikte Baker Dedektiflik Bürosu'ndan ayrılıp
babamın dairesine doğru yola çıktık.",MANUEL İNCELENDİ,AYNI KALDI,"Anlatı özeti Türkçede doğal; olay, özne ve zaman ilişkisi doğru.",JP/ZH + Avrupa dilleri aynı olay akışını doğruluyor; önemli nüans kaybı bulunmadı.,"Pikachu'yla birlikte Baker Dedektiflik Bürosu'ndan ayrılıp
babamın dairesine doğru yola çıktık.",MANUEL İNCELENDİ,AYNI KALDI,"Anlatı özeti Türkçede doğal; olay, özne ve zaman ilişkisi doğru.",JP/ZH + Avrupa dilleri aynı olay akışını doğruluyor; önemli nüans kaybı bulunmadı.,"Pikachu'yla birlikte Baker Dedektiflik Bürosu'ndan ayrılıp
babamın dairesine doğru yola çıktık.",MANUEL İNCELENDİ,AYNI KALDI,"Anlatı özeti Türkçede doğal; olay, özne ve zaman ilişkisi doğru.",JP/ZH + Avrupa dilleri aynı olay akışını doğruluyor; önemli nüans kaybı bulunmadı.,"Pikachu'yla birlikte Baker Dedektiflik Bürosu'ndan ayrılıp
babamın dairesine doğru yola çıktık.",MANUEL İNCELENDİ,AYNI KALDI,"Anlatı özeti Türkçede doğal; olay, özne ve zaman ilişkisi doğru.",JP/ZH + Avrupa dilleri aynı olay akışını doğruluyor; önemli nüans kaybı bulunmadı.,"Pikachu'yla birlikte Baker Dedektiflik Bürosu'ndan ayrılıp
babamın dairesine doğru yola çıktık.",MANUEL İNCELENDİ,AYNI KALDI,"Anlatı özeti Türkçede doğal; olay, özne ve zaman ilişkisi doğru.",JP/ZH + Avrupa dilleri aynı olay akışını doğruluyor; önemli nüans kaybı bulunmadı.
92,LOAD_EP2_QT_HELLOCAVE,"We decided to first head to the cave my dad
had marked.","Nous avons décidé de nous rendre d'abord
à la grotte indiquée par mon père.","Wir beschlossen, zunächst zu der Höhle
zu gehen, die Dad markiert hatte.","Per prima cosa, abbiamo deciso di andare
alla grotta indicata da mio padre.","Decidimos investigar la cueva
que mi padre marcó en el mapa.","ぼくらは まず 父さんがマークした
洞窟に向かうことにした","ぼくらは まず とうさんがマークした
どうくつに むかうことにした",我们决定先去我父亲标记的那个洞窟。,"我決定先前往
父親標記起來的洞窟","Önce babamın işaretlediği
mağaraya gitmeye karar verdik.","Önce babamın işaretlediği
mağaraya gitmeye karar verdik.","Önce babamın işaretlediği
mağaraya gitmeye karar verdik.",MANUEL İNCELENDİ,AYNI KALDI,"Anlatı özeti Türkçede doğal; olay, özne ve zaman ilişkisi doğru.",JP/ZH + Avrupa dilleri aynı olay akışını doğruluyor; önemli nüans kaybı bulunmadı.,"Önce babamın işaretlediği
mağaraya gitmeye karar verdik.",MANUEL İNCELENDİ,AYNI KALDI,"Anlatı özeti Türkçede doğal; olay, özne ve zaman ilişkisi doğru.",JP/ZH + Avrupa dilleri aynı olay akışını doğruluyor; önemli nüans kaybı bulunmadı.,"Önce babamın işaretlediği
mağaraya gitmeye karar verdik.",MANUEL İNCELENDİ,AYNI KALDI,"Anlatı özeti Türkçede doğal; olay, özne ve zaman ilişkisi doğru.",JP/ZH + Avrupa dilleri aynı olay akışını doğruluyor; önemli nüans kaybı bulunmadı.,"Önce babamın işaretlediği
mağaraya gitmeye karar verdik.",MANUEL İNCELENDİ,AYNI KALDI,"Anlatı özeti Türkçede doğal; olay, özne ve zaman ilişkisi doğru.",JP/ZH + Avrupa dilleri aynı olay akışını doğruluyor; önemli nüans kaybı bulunmadı.,"Önce babamın işaretlediği
mağaraya gitmeye karar verdik.",MANUEL İNCELENDİ,AYNI KALDI,"Anlatı özeti Türkçede doğal; olay, özne ve zaman ilişkisi doğru.",JP/ZH + Avrupa dilleri aynı olay akışını doğruluyor; önemli nüans kaybı bulunmadı.,"Önce babamın işaretlediği
mağaraya gitmeye karar verdik.",MANUEL İNCELENDİ,AYNI KALDI,"Anlatı özeti Türkçede doğal; olay, özne ve zaman ilişkisi doğru.",JP/ZH + Avrupa dilleri aynı olay akışını doğruluyor; önemli nüans kaybı bulunmadı.,"Önce babamın işaretlediği
mağaraya gitmeye karar verdik.",MANUEL İNCELENDİ,AYNI KALDI,"Anlatı özeti Türkçede doğal; olay, özne ve zaman ilişkisi doğru.",JP/ZH + Avrupa dilleri aynı olay akışını doğruluyor; önemli nüans kaybı bulunmadı.,"Önce babamın işaretlediği
mağaraya gitmeye karar verdik.",MANUEL İNCELENDİ,AYNI KALDI,"Anlatı özeti Türkçede doğal; olay, özne ve zaman ilişkisi doğru.",JP/ZH + Avrupa dilleri aynı olay akışını doğruluyor; önemli nüans kaybı bulunmadı.,"Önce babamın işaretlediği
mağaraya gitmeye karar verdik.",MANUEL İNCELENDİ,AYNI KALDI,"Anlatı özeti Türkçede doğal; olay, özne ve zaman ilişkisi doğru.",JP/ZH + Avrupa dilleri aynı olay akışını doğruluyor; önemli nüans kaybı bulunmadı.,"Önce babamın işaretlediği
mağaraya gitmeye karar verdik.",MANUEL İNCELENDİ,AYNI KALDI,"Anlatı özeti Türkçede doğal; olay, özne ve zaman ilişkisi doğru.",JP/ZH + Avrupa dilleri aynı olay akışını doğruluyor; önemli nüans kaybı bulunmadı.,"Önce babamın işaretlediği
mağaraya gitmeye karar verdik.",MANUEL İNCELENDİ,AYNI KALDI,"Anlatı özeti Türkçede doğal; olay, özne ve zaman ilişkisi doğru.",JP/ZH + Avrupa dilleri aynı olay akışını doğruluyor; önemli nüans kaybı bulunmadı.,"Önce babamın işaretlediği
mağaraya gitmeye karar verdik.",MANUEL İNCELENDİ,AYNI KALDI,"Anlatı özeti Türkçede doğal; olay, özne ve zaman ilişkisi doğru.",JP/ZH + Avrupa dilleri aynı olay akışını doğruluyor; önemli nüans kaybı bulunmadı.
93,LOAD_EP2_HELLOCAFE,"The next day Pikachu invited me to come
to the café with him. He said there's a place
he always goes on the first floor of the
building where the detective agency is.","Le jour suivant, Pikachu m'a invité à
le rejoindre dans un café qui se trouve
juste au-dessous de l'agence Baker.","Am nächsten Tag brachte mich Pikachu in
sein Stammcafé, das sich direkt unter dem
Detektivbüro Baker befindet.","Il giorno dopo Pikachu mi ha invitato
a fare un salto alla sua caffetteria preferita,
che si trova proprio sotto l'agenzia Baker.","Al día siguiente, Pikachu me invitó
a una cafetería de la que es cliente
habitual, situada bajo la agencia.","次の日 ピカチュウの誘いで
カフェに寄ることにした
探偵事務所の1階に
行きつけの店があるという","つぎのひ ピカチュウのさそいで
カフェに よることにした
たんていじむしょの 1かいに
いきつけのみせが あるという","次日，在皮卡丘的邀请下，
我决定去一趟咖啡馆。
它说在侦探事务所的1楼，
有一家店它经常光顾。","隔天 在皮卡丘的邀請之下
我決定去一趟咖啡館
皮卡丘說偵探事務所的一樓
有一家牠常去的咖啡館","Ertesi gün Pikachu beni kendisiyle
kafeye gelmeye davet etti. Dedektiflik bürosunun bulunduğu
binanın birinci katında, her zaman uğradığı bir
yer olduğunu söyledi.","Ertesi gün Pikachu'nun davetiyle,
Baker Dedektiflik Bürosu'nun alt katındaki
müdavimi olduğu kafeye uğradık.","Ertesi gün Pikachu'nun davetiyle,
Baker Dedektiflik Bürosu'nun alt katındaki
müdavimi olduğu kafeye uğradık.",MANUEL İNCELENDİ,DEĞİŞTİ,v4 cümlesi İngilizce söz dizimini taşıyor ve gereksiz uzundu; mekân ilişkisi doğal kuruldu.,FR/DE/IT/ES kafenin Baker ajansının doğrudan altında olduğunu; JP/ZH binanın 1. katında Pikachu’nun sürekli gittiği yer olduğunu söylüyor.,"Ertesi gün Pikachu'nun davetiyle,
Baker Dedektiflik Bürosu'nun alt katındaki
müdavimi olduğu kafeye uğradık.",MANUEL İNCELENDİ,DEĞİŞTİ,v4 cümlesi İngilizce söz dizimini taşıyor ve gereksiz uzundu; mekân ilişkisi doğal kuruldu.,FR/DE/IT/ES kafenin Baker ajansının doğrudan altında olduğunu; JP/ZH binanın 1. katında Pikachu’nun sürekli gittiği yer olduğunu söylüyor.,"Ertesi gün Pikachu'nun davetiyle,
Baker Dedektiflik Bürosu'nun alt katındaki
müdavimi olduğu kafeye uğradık.",MANUEL İNCELENDİ,DEĞİŞTİ,v4 cümlesi İngilizce söz dizimini taşıyor ve gereksiz uzundu; mekân ilişkisi doğal kuruldu.,FR/DE/IT/ES kafenin Baker ajansının doğrudan altında olduğunu; JP/ZH binanın 1. katında Pikachu’nun sürekli gittiği yer olduğunu söylüyor.,"Ertesi gün Pikachu'nun davetiyle,
Baker Dedektiflik Bürosu'nun alt katındaki
müdavimi olduğu kafeye uğradık.",MANUEL İNCELENDİ,DEĞİŞTİ,v4 cümlesi İngilizce söz dizimini taşıyor ve gereksiz uzundu; mekân ilişkisi doğal kuruldu.,FR/DE/IT/ES kafenin Baker ajansının doğrudan altında olduğunu; JP/ZH binanın 1. katında Pikachu’nun sürekli gittiği yer olduğunu söylüyor.,"Ertesi gün Pikachu'nun davetiyle,
Baker Dedektiflik Bürosu'nun alt katındaki
müdavimi olduğu kafeye uğradık.",MANUEL İNCELENDİ,DEĞİŞTİ,v4 cümlesi İngilizce söz dizimini taşıyor ve gereksiz uzundu; mekân ilişkisi doğal kuruldu.,FR/DE/IT/ES kafenin Baker ajansının doğrudan altında olduğunu; JP/ZH binanın 1. katında Pikachu’nun sürekli gittiği yer olduğunu söylüyor.,"Ertesi gün Pikachu'nun davetiyle,
Baker Dedektiflik Bürosu'nun alt katındaki
müdavimi olduğu kafeye uğradık.",MANUEL İNCELENDİ,DEĞİŞTİ,v4 cümlesi İngilizce söz dizimini taşıyor ve gereksiz uzundu; mekân ilişkisi doğal kuruldu.,FR/DE/IT/ES kafenin Baker ajansının doğrudan altında olduğunu; JP/ZH binanın 1. katında Pikachu’nun sürekli gittiği yer olduğunu söylüyor.,"Ertesi gün Pikachu'nun davetiyle,
Baker Dedektiflik Bürosu'nun alt katındaki
müdavimi olduğu kafeye uğradık.",MANUEL İNCELENDİ,DEĞİŞTİ,v4 cümlesi İngilizce söz dizimini taşıyor ve gereksiz uzundu; mekân ilişkisi doğal kuruldu.,FR/DE/IT/ES kafenin Baker ajansının doğrudan altında olduğunu; JP/ZH binanın 1. katında Pikachu’nun sürekli gittiği yer olduğunu söylüyor.,"Ertesi gün Pikachu'nun davetiyle,
Baker Dedektiflik Bürosu'nun alt katındaki
müdavimi olduğu kafeye uğradık.",MANUEL İNCELENDİ,DEĞİŞTİ,v4 cümlesi İngilizce söz dizimini taşıyor ve gereksiz uzundu; mekân ilişkisi doğal kuruldu.,FR/DE/IT/ES kafenin Baker ajansının doğrudan altında olduğunu; JP/ZH binanın 1. katında Pikachu’nun sürekli gittiği yer olduğunu söylüyor.,"Ertesi gün Pikachu'nun davetiyle,
Baker Dedektiflik Bürosu'nun alt katındaki
müdavimi olduğu kafeye uğradık.",MANUEL İNCELENDİ,DEĞİŞTİ,v4 cümlesi İngilizce söz dizimini taşıyor ve gereksiz uzundu; mekân ilişkisi doğal kuruldu.,FR/DE/IT/ES kafenin Baker ajansının doğrudan altında olduğunu; JP/ZH binanın 1. katında Pikachu’nun sürekli gittiği yer olduğunu söylüyor.,"Ertesi gün Pikachu'nun davetiyle,
Baker Dedektiflik Bürosu'nun alt katındaki
müdavimi olduğu kafeye uğradık.",MANUEL İNCELENDİ,DEĞİŞTİ,v4 cümlesi İngilizce söz dizimini taşıyor ve gereksiz uzundu; mekân ilişkisi doğal kuruldu.,FR/DE/IT/ES kafenin Baker ajansının doğrudan altında olduğunu; JP/ZH binanın 1. katında Pikachu’nun sürekli gittiği yer olduğunu söylüyor.,"Ertesi gün Pikachu'nun davetiyle,
Baker Dedektiflik Bürosu'nun alt katındaki
müdavimi olduğu kafeye uğradık.",MANUEL İNCELENDİ,DEĞİŞTİ,v4 cümlesi İngilizce söz dizimini taşıyor ve gereksiz uzundu; mekân ilişkisi doğal kuruldu.,FR/DE/IT/ES kafenin Baker ajansının doğrudan altında olduğunu; JP/ZH binanın 1. katında Pikachu’nun sürekli gittiği yer olduğunu söylüyor.,"Ertesi gün Pikachu'nun davetiyle,
Baker Dedektiflik Bürosu'nun alt katındaki
müdavimi olduğu kafeye uğradık.",MANUEL İNCELENDİ,DEĞİŞTİ,v4 cümlesi İngilizce söz dizimini taşıyor ve gereksiz uzundu; mekân ilişkisi doğal kuruldu.,FR/DE/IT/ES kafenin Baker ajansının doğrudan altında olduğunu; JP/ZH binanın 1. katında Pikachu’nun sürekli gittiği yer olduğunu söylüyor.
94,LOAD_EP3_GOODMORNING,"To look into my dad's whereabouts,
we decided to infiltrate a research facility
on the outskirts of town.","Nous avons décidé de nous infiltrer dans un
centre de recherche non loin de Ryme City
pour tenter de découvrir où se trouve
mon père.","Wir beschlossen, uns Zutritt zu der
Forschungseinrichtung am Stadtrand
zu verschaffen, um Informationen zum
Verbleib meines Dads zu sammeln.","Abbiamo deciso di infiltrarci nel
laboratorio che si trova fuori città
per cercare tracce di mio padre.","Pikachu y yo decidimos infiltrarnos
en unos laboratorios situados a las
afueras con el objetivo de buscar
pistas sobre el paradero de mi padre.","父さんの行方を知るために
ぼくらは 郊外にある
研究施設に
潜入することにした","とうさんの ゆくえを しるために
ぼくらは こうがいにある
けんきゅうしせつに
せんにゅう することに した","为了追查父亲的行踪，
我们打算潜入郊外的
一座研究设施。","為了追查父親的下落
我們決定潛入
一座位於郊外的
研究設施","Babamın nerede olduğunu araştırmak için,
şehrin dışındaki bir araştırma tesisine
sızmaya karar verdik.","Babamın nerede olduğunu araştırmak için,
şehrin dışındaki bir araştırma tesisine
sızmaya karar verdik.","Babamın nerede olduğunu araştırmak için,
şehrin dışındaki bir araştırma tesisine
sızmaya karar verdik.",MANUEL İNCELENDİ,AYNI KALDI,"Anlatı özeti Türkçede doğal; olay, özne ve zaman ilişkisi doğru.",JP/ZH + Avrupa dilleri aynı olay akışını doğruluyor; önemli nüans kaybı bulunmadı.,"Babamın nerede olduğunu araştırmak için,
şehrin dışındaki bir araştırma tesisine
sızmaya karar verdik.",MANUEL İNCELENDİ,AYNI KALDI,"Anlatı özeti Türkçede doğal; olay, özne ve zaman ilişkisi doğru.",JP/ZH + Avrupa dilleri aynı olay akışını doğruluyor; önemli nüans kaybı bulunmadı.,"Babamın nerede olduğunu araştırmak için,
şehrin dışındaki bir araştırma tesisine
sızmaya karar verdik.",MANUEL İNCELENDİ,AYNI KALDI,"Anlatı özeti Türkçede doğal; olay, özne ve zaman ilişkisi doğru.",JP/ZH + Avrupa dilleri aynı olay akışını doğruluyor; önemli nüans kaybı bulunmadı.,"Babamın nerede olduğunu araştırmak için,
şehrin dışındaki bir araştırma tesisine
sızmaya karar verdik.",MANUEL İNCELENDİ,AYNI KALDI,"Anlatı özeti Türkçede doğal; olay, özne ve zaman ilişkisi doğru.",JP/ZH + Avrupa dilleri aynı olay akışını doğruluyor; önemli nüans kaybı bulunmadı.,"Babamın nerede olduğunu araştırmak için,
şehrin dışındaki bir araştırma tesisine
sızmaya karar verdik.",MANUEL İNCELENDİ,AYNI KALDI,"Anlatı özeti Türkçede doğal; olay, özne ve zaman ilişkisi doğru.",JP/ZH + Avrupa dilleri aynı olay akışını doğruluyor; önemli nüans kaybı bulunmadı.,"Babamın nerede olduğunu araştırmak için,
şehrin dışındaki bir araştırma tesisine
sızmaya karar verdik.",MANUEL İNCELENDİ,AYNI KALDI,"Anlatı özeti Türkçede doğal; olay, özne ve zaman ilişkisi doğru.",JP/ZH + Avrupa dilleri aynı olay akışını doğruluyor; önemli nüans kaybı bulunmadı.,"Babamın nerede olduğunu araştırmak için,
şehrin dışındaki bir araştırma tesisine
sızmaya karar verdik.",MANUEL İNCELENDİ,AYNI KALDI,"Anlatı özeti Türkçede doğal; olay, özne ve zaman ilişkisi doğru.",JP/ZH + Avrupa dilleri aynı olay akışını doğruluyor; önemli nüans kaybı bulunmadı.,"Babamın nerede olduğunu araştırmak için,
şehrin dışındaki bir araştırma tesisine
sızmaya karar verdik.",MANUEL İNCELENDİ,AYNI KALDI,"Anlatı özeti Türkçede doğal; olay, özne ve zaman ilişkisi doğru.",JP/ZH + Avrupa dilleri aynı olay akışını doğruluyor; önemli nüans kaybı bulunmadı.,"Babamın nerede olduğunu araştırmak için,
şehrin dışındaki bir araştırma tesisine
sızmaya karar verdik.",MANUEL İNCELENDİ,AYNI KALDI,"Anlatı özeti Türkçede doğal; olay, özne ve zaman ilişkisi doğru.",JP/ZH + Avrupa dilleri aynı olay akışını doğruluyor; önemli nüans kaybı bulunmadı.,"Babamın nerede olduğunu araştırmak için,
şehrin dışındaki bir araştırma tesisine
sızmaya karar verdik.",MANUEL İNCELENDİ,AYNI KALDI,"Anlatı özeti Türkçede doğal; olay, özne ve zaman ilişkisi doğru.",JP/ZH + Avrupa dilleri aynı olay akışını doğruluyor; önemli nüans kaybı bulunmadı.,"Babamın nerede olduğunu araştırmak için,
şehrin dışındaki bir araştırma tesisine
sızmaya karar verdik.",MANUEL İNCELENDİ,AYNI KALDI,"Anlatı özeti Türkçede doğal; olay, özne ve zaman ilişkisi doğru.",JP/ZH + Avrupa dilleri aynı olay akışını doğruluyor; önemli nüans kaybı bulunmadı.,"Babamın nerede olduğunu araştırmak için,
şehrin dışındaki bir araştırma tesisine
sızmaya karar verdik.",MANUEL İNCELENDİ,AYNI KALDI,"Anlatı özeti Türkçede doğal; olay, özne ve zaman ilişkisi doğru.",JP/ZH + Avrupa dilleri aynı olay akışını doğruluyor; önemli nüans kaybı bulunmadı.
95,LOAD_EP3_010,"We were talking to Baker and the others about
it, and before I knew it, we were in a car 
headed to PCL.","Pendant que je me dirigeais vers le PCL,
j'étais loin de m'imaginer que Baker et Holiday
parlaient de moi.","Während Mr. Baker und Kommissar Holiday
dieses Gespräch führten, saßen wir im Auto
auf dem Weg zum PCL.","Ignaro dell'incontro tra Baker e Holiday
mi sono diretto al PCL.","Mientras el señor Baker se reunía
con el inspector Holiday para hablar,
Pikachu y yo nos dirigíamos a PCL.","ベイカーさんたちが そんなことを
話しているとは知らず
ぼくはPCLへと車を走らせた","ベイカーさんたちが そんなことを
はなしているとは しらず
ぼくはPCLへと クルマを はしらせた","我们并不知道在我开车前往PCL的时候，
贝克他们正在谈论着那件事情。","不知道貝克叔叔他們
在談論這些事情的我
驅車前往PCL","Baker ve diğerleriyle bunu konuşurken,
bir de baktım arabaya binmiş,
PCL'ye doğru gidiyorduk.","Baker ve diğerlerinin bunları
konuştuğundan habersiz, arabayla
PCL'ye doğru yola çıktım.","Baker ve diğerlerinin bunları
konuştuğundan habersiz, arabayla
PCL'ye doğru yola çıktım.",MANUEL İNCELENDİ,DEĞİŞTİ,İngilizce satırın kendisi Japonca ve dört Avrupa yerelleştirmesinden sapıyor; v4 yanlışlıkla Tim’i Baker’la konuşuyormuş gibi gösteriyordu.,JP ‘Baker’ların bunları konuştuğunu bilmeden PCL’ye arabayla gittim’; FR/DE/IT/ES de Baker/Holiday konuşurken Tim’in PCL’ye gittiğini doğruluyor.,"Baker ve diğerlerinin bunları
konuştuğundan habersiz, arabayla
PCL'ye doğru yola çıktım.",MANUEL İNCELENDİ,DEĞİŞTİ,İngilizce satırın kendisi Japonca ve dört Avrupa yerelleştirmesinden sapıyor; v4 yanlışlıkla Tim’i Baker’la konuşuyormuş gibi gösteriyordu.,JP ‘Baker’ların bunları konuştuğunu bilmeden PCL’ye arabayla gittim’; FR/DE/IT/ES de Baker/Holiday konuşurken Tim’in PCL’ye gittiğini doğruluyor.,"Baker ve diğerlerinin bunları
konuştuğundan habersiz, arabayla
PCL'ye doğru yola çıktım.",MANUEL İNCELENDİ,DEĞİŞTİ,İngilizce satırın kendisi Japonca ve dört Avrupa yerelleştirmesinden sapıyor; v4 yanlışlıkla Tim’i Baker’la konuşuyormuş gibi gösteriyordu.,JP ‘Baker’ların bunları konuştuğunu bilmeden PCL’ye arabayla gittim’; FR/DE/IT/ES de Baker/Holiday konuşurken Tim’in PCL’ye gittiğini doğruluyor.,"Baker ve diğerlerinin bunları
konuştuğundan habersiz, arabayla
PCL'ye doğru yola çıktım.",MANUEL İNCELENDİ,DEĞİŞTİ,İngilizce satırın kendisi Japonca ve dört Avrupa yerelleştirmesinden sapıyor; v4 yanlışlıkla Tim’i Baker’la konuşuyormuş gibi gösteriyordu.,JP ‘Baker’ların bunları konuştuğunu bilmeden PCL’ye arabayla gittim’; FR/DE/IT/ES de Baker/Holiday konuşurken Tim’in PCL’ye gittiğini doğruluyor.,"Baker ve diğerlerinin bunları
konuştuğundan habersiz, arabayla
PCL'ye doğru yola çıktım.",MANUEL İNCELENDİ,DEĞİŞTİ,İngilizce satırın kendisi Japonca ve dört Avrupa yerelleştirmesinden sapıyor; v4 yanlışlıkla Tim’i Baker’la konuşuyormuş gibi gösteriyordu.,JP ‘Baker’ların bunları konuştuğunu bilmeden PCL’ye arabayla gittim’; FR/DE/IT/ES de Baker/Holiday konuşurken Tim’in PCL’ye gittiğini doğruluyor.,"Baker ve diğerlerinin bunları
konuştuğundan habersiz, arabayla
PCL'ye doğru yola çıktım.",MANUEL İNCELENDİ,DEĞİŞTİ,İngilizce satırın kendisi Japonca ve dört Avrupa yerelleştirmesinden sapıyor; v4 yanlışlıkla Tim’i Baker’la konuşuyormuş gibi gösteriyordu.,JP ‘Baker’ların bunları konuştuğunu bilmeden PCL’ye arabayla gittim’; FR/DE/IT/ES de Baker/Holiday konuşurken Tim’in PCL’ye gittiğini doğruluyor.,"Baker ve diğerlerinin bunları
konuştuğundan habersiz, arabayla
PCL'ye doğru yola çıktım.",MANUEL İNCELENDİ,DEĞİŞTİ,İngilizce satırın kendisi Japonca ve dört Avrupa yerelleştirmesinden sapıyor; v4 yanlışlıkla Tim’i Baker’la konuşuyormuş gibi gösteriyordu.,JP ‘Baker’ların bunları konuştuğunu bilmeden PCL’ye arabayla gittim’; FR/DE/IT/ES de Baker/Holiday konuşurken Tim’in PCL’ye gittiğini doğruluyor.,"Baker ve diğerlerinin bunları
konuştuğundan habersiz, arabayla
PCL'ye doğru yola çıktım.",MANUEL İNCELENDİ,DEĞİŞTİ,İngilizce satırın kendisi Japonca ve dört Avrupa yerelleştirmesinden sapıyor; v4 yanlışlıkla Tim’i Baker’la konuşuyormuş gibi gösteriyordu.,JP ‘Baker’ların bunları konuştuğunu bilmeden PCL’ye arabayla gittim’; FR/DE/IT/ES de Baker/Holiday konuşurken Tim’in PCL’ye gittiğini doğruluyor.,"Baker ve diğerlerinin bunları
konuştuğundan habersiz, arabayla
PCL'ye doğru yola çıktım.",MANUEL İNCELENDİ,DEĞİŞTİ,İngilizce satırın kendisi Japonca ve dört Avrupa yerelleştirmesinden sapıyor; v4 yanlışlıkla Tim’i Baker’la konuşuyormuş gibi gösteriyordu.,JP ‘Baker’ların bunları konuştuğunu bilmeden PCL’ye arabayla gittim’; FR/DE/IT/ES de Baker/Holiday konuşurken Tim’in PCL’ye gittiğini doğruluyor.,"Baker ve diğerlerinin bunları
konuştuğundan habersiz, arabayla
PCL'ye doğru yola çıktım.",MANUEL İNCELENDİ,DEĞİŞTİ,İngilizce satırın kendisi Japonca ve dört Avrupa yerelleştirmesinden sapıyor; v4 yanlışlıkla Tim’i Baker’la konuşuyormuş gibi gösteriyordu.,JP ‘Baker’ların bunları konuştuğunu bilmeden PCL’ye arabayla gittim’; FR/DE/IT/ES de Baker/Holiday konuşurken Tim’in PCL’ye gittiğini doğruluyor.,"Baker ve diğerlerinin bunları
konuştuğundan habersiz, arabayla
PCL'ye doğru yola çıktım.",MANUEL İNCELENDİ,DEĞİŞTİ,İngilizce satırın kendisi Japonca ve dört Avrupa yerelleştirmesinden sapıyor; v4 yanlışlıkla Tim’i Baker’la konuşuyormuş gibi gösteriyordu.,JP ‘Baker’ların bunları konuştuğunu bilmeden PCL’ye arabayla gittim’; FR/DE/IT/ES de Baker/Holiday konuşurken Tim’in PCL’ye gittiğini doğruluyor.,"Baker ve diğerlerinin bunları
konuştuğundan habersiz, arabayla
PCL'ye doğru yola çıktım.",MANUEL İNCELENDİ,DEĞİŞTİ,İngilizce satırın kendisi Japonca ve dört Avrupa yerelleştirmesinden sapıyor; v4 yanlışlıkla Tim’i Baker’la konuşuyormuş gibi gösteriyordu.,JP ‘Baker’ların bunları konuştuğunu bilmeden PCL’ye arabayla gittim’; FR/DE/IT/ES de Baker/Holiday konuşurken Tim’in PCL’ye gittiğini doğruluyor.
96,LOAD_EP3_020,"The first day of my part-time job was over.
Pikachu and I headed to the café.","Après cette première journée de travail,
Pikachu et moi nous sommes dirigés
vers le café.","Nach meinem ersten Arbeitstag machten
Pikachu und ich einen Abstecher ins Café.","Terminato il primo giorno di lavoro,
io e Pikachu siamo tornati al locale di Pablo.","Tras terminar mi primer día de trabajo en PCL,
Pikachu y yo pasamos por el Hi-Hat Café.","アルバイト1日目終了
ぼくとピカチュウはカフェに向かった","アルバイト1にちめ しゅうりょう
ぼくとピカチュウは カフェに むかった","打工的第一天结束了。
我和皮卡丘前往了咖啡馆。","打工的第1天結束
我跟皮卡丘前往咖啡館","Yarı zamanlı işimin ilk günü bitmişti.
Pikachu'yla birlikte kafeye gittik.","Yarı zamanlı işimin ilk günü bitmişti.
Pikachu'yla birlikte kafeye gittik.","Yarı zamanlı işimin ilk günü bitmişti.
Pikachu'yla birlikte kafeye gittik.",MANUEL İNCELENDİ,AYNI KALDI,"Anlatı özeti Türkçede doğal; olay, özne ve zaman ilişkisi doğru.",JP/ZH + Avrupa dilleri aynı olay akışını doğruluyor; önemli nüans kaybı bulunmadı.,"Yarı zamanlı işimin ilk günü bitmişti.
Pikachu'yla birlikte kafeye gittik.",MANUEL İNCELENDİ,AYNI KALDI,"Anlatı özeti Türkçede doğal; olay, özne ve zaman ilişkisi doğru.",JP/ZH + Avrupa dilleri aynı olay akışını doğruluyor; önemli nüans kaybı bulunmadı.,"Yarı zamanlı işimin ilk günü bitmişti.
Pikachu'yla birlikte kafeye gittik.",MANUEL İNCELENDİ,AYNI KALDI,"Anlatı özeti Türkçede doğal; olay, özne ve zaman ilişkisi doğru.",JP/ZH + Avrupa dilleri aynı olay akışını doğruluyor; önemli nüans kaybı bulunmadı.,"Yarı zamanlı işimin ilk günü bitmişti.
Pikachu'yla birlikte kafeye gittik.",MANUEL İNCELENDİ,AYNI KALDI,"Anlatı özeti Türkçede doğal; olay, özne ve zaman ilişkisi doğru.",JP/ZH + Avrupa dilleri aynı olay akışını doğruluyor; önemli nüans kaybı bulunmadı.,"Yarı zamanlı işimin ilk günü bitmişti.
Pikachu'yla birlikte kafeye gittik.",MANUEL İNCELENDİ,AYNI KALDI,"Anlatı özeti Türkçede doğal; olay, özne ve zaman ilişkisi doğru.",JP/ZH + Avrupa dilleri aynı olay akışını doğruluyor; önemli nüans kaybı bulunmadı.,"Yarı zamanlı işimin ilk günü bitmişti.
Pikachu'yla birlikte kafeye gittik.",MANUEL İNCELENDİ,AYNI KALDI,"Anlatı özeti Türkçede doğal; olay, özne ve zaman ilişkisi doğru.",JP/ZH + Avrupa dilleri aynı olay akışını doğruluyor; önemli nüans kaybı bulunmadı.,"Yarı zamanlı işimin ilk günü bitmişti.
Pikachu'yla birlikte kafeye gittik.",MANUEL İNCELENDİ,AYNI KALDI,"Anlatı özeti Türkçede doğal; olay, özne ve zaman ilişkisi doğru.",JP/ZH + Avrupa dilleri aynı olay akışını doğruluyor; önemli nüans kaybı bulunmadı.,"Yarı zamanlı işimin ilk günü bitmişti.
Pikachu'yla birlikte kafeye gittik.",MANUEL İNCELENDİ,AYNI KALDI,"Anlatı özeti Türkçede doğal; olay, özne ve zaman ilişkisi doğru.",JP/ZH + Avrupa dilleri aynı olay akışını doğruluyor; önemli nüans kaybı bulunmadı.,"Yarı zamanlı işimin ilk günü bitmişti.
Pikachu'yla birlikte kafeye gittik.",MANUEL İNCELENDİ,AYNI KALDI,"Anlatı özeti Türkçede doğal; olay, özne ve zaman ilişkisi doğru.",JP/ZH + Avrupa dilleri aynı olay akışını doğruluyor; önemli nüans kaybı bulunmadı.,"Yarı zamanlı işimin ilk günü bitmişti.
Pikachu'yla birlikte kafeye gittik.",MANUEL İNCELENDİ,AYNI KALDI,"Anlatı özeti Türkçede doğal; olay, özne ve zaman ilişkisi doğru.",JP/ZH + Avrupa dilleri aynı olay akışını doğruluyor; önemli nüans kaybı bulunmadı.,"Yarı zamanlı işimin ilk günü bitmişti.
Pikachu'yla birlikte kafeye gittik.",MANUEL İNCELENDİ,AYNI KALDI,"Anlatı özeti Türkçede doğal; olay, özne ve zaman ilişkisi doğru.",JP/ZH + Avrupa dilleri aynı olay akışını doğruluyor; önemli nüans kaybı bulunmadı.,"Yarı zamanlı işimin ilk günü bitmişti.
Pikachu'yla birlikte kafeye gittik.",MANUEL İNCELENDİ,AYNI KALDI,"Anlatı özeti Türkçede doğal; olay, özne ve zaman ilişkisi doğru.",JP/ZH + Avrupa dilleri aynı olay akışını doğruluyor; önemli nüans kaybı bulunmadı.
97,LOAD_EP3_030,"The second day of my part-time job is starting.
Our intention is to root out the owner of
that vial.","Mon deuxième jour de travail commence.
Nous devons trouver à qui
cette fiole appartient.","Für meinen zweiten Arbeitstag
nahmen wir uns vor, den Eigentümer
der Ampulle aufzuspüren.","È il mio secondo giorno di lavoro.
Devo scoprire da dove viene quella fiala!","Comencé mi segundo día de trabajo
con la intención de encontrar
al propietario del vial.","アルバイト2日目がはじまる
あのアンプルの持ち主を
見つけ出すつもりだ","アルバイトふつかめが はじまる
あのアンプルの もちぬしを
みつけだすつもりだ","打工的第二天开始了。
我们打算找出使用那个安瓿瓶的家伙。","打工的第2天開始
我們打算找出
那個安瓿的主人","Yarı zamanlı işimin ikinci günü başlıyor.
Amacımız,
o şişenin sahibini bulmak.","Yarı zamanlı işimin ikinci günü başlıyor.
Amacımız o ampulün sahibini bulmak.","Yarı zamanlı işimin ikinci günü başlıyor.
Amacımız o ampulün sahibini bulmak.",MANUEL İNCELENDİ,DEĞİŞTİ,‘Şişe’ çok genel; burada bilimsel/ilaç tipi vial/ampoule kastediliyor.,FR fiole; DE Ampulle; IT fiala; ES vial; JP/ZH ampul/ampoule. Türkçede ‘ampul’ bağlama en yakın.,"Yarı zamanlı işimin ikinci günü başlıyor.
Amacımız o ampulün sahibini bulmak.",MANUEL İNCELENDİ,DEĞİŞTİ,‘Şişe’ çok genel; burada bilimsel/ilaç tipi vial/ampoule kastediliyor.,FR fiole; DE Ampulle; IT fiala; ES vial; JP/ZH ampul/ampoule. Türkçede ‘ampul’ bağlama en yakın.,"Yarı zamanlı işimin ikinci günü başlıyor.
Amacımız o ampulün sahibini bulmak.",MANUEL İNCELENDİ,DEĞİŞTİ,‘Şişe’ çok genel; burada bilimsel/ilaç tipi vial/ampoule kastediliyor.,FR fiole; DE Ampulle; IT fiala; ES vial; JP/ZH ampul/ampoule. Türkçede ‘ampul’ bağlama en yakın.,"Yarı zamanlı işimin ikinci günü başlıyor.
Amacımız o ampulün sahibini bulmak.",MANUEL İNCELENDİ,DEĞİŞTİ,‘Şişe’ çok genel; burada bilimsel/ilaç tipi vial/ampoule kastediliyor.,FR fiole; DE Ampulle; IT fiala; ES vial; JP/ZH ampul/ampoule. Türkçede ‘ampul’ bağlama en yakın.,"Yarı zamanlı işimin ikinci günü başlıyor.
Amacımız o ampulün sahibini bulmak.",MANUEL İNCELENDİ,DEĞİŞTİ,‘Şişe’ çok genel; burada bilimsel/ilaç tipi vial/ampoule kastediliyor.,FR fiole; DE Ampulle; IT fiala; ES vial; JP/ZH ampul/ampoule. Türkçede ‘ampul’ bağlama en yakın.,"Yarı zamanlı işimin ikinci günü başlıyor.
Amacımız o ampulün sahibini bulmak.",MANUEL İNCELENDİ,DEĞİŞTİ,‘Şişe’ çok genel; burada bilimsel/ilaç tipi vial/ampoule kastediliyor.,FR fiole; DE Ampulle; IT fiala; ES vial; JP/ZH ampul/ampoule. Türkçede ‘ampul’ bağlama en yakın.,"Yarı zamanlı işimin ikinci günü başlıyor.
Amacımız o ampulün sahibini bulmak.",MANUEL İNCELENDİ,DEĞİŞTİ,‘Şişe’ çok genel; burada bilimsel/ilaç tipi vial/ampoule kastediliyor.,FR fiole; DE Ampulle; IT fiala; ES vial; JP/ZH ampul/ampoule. Türkçede ‘ampul’ bağlama en yakın.,"Yarı zamanlı işimin ikinci günü başlıyor.
Amacımız o ampulün sahibini bulmak.",MANUEL İNCELENDİ,DEĞİŞTİ,‘Şişe’ çok genel; burada bilimsel/ilaç tipi vial/ampoule kastediliyor.,FR fiole; DE Ampulle; IT fiala; ES vial; JP/ZH ampul/ampoule. Türkçede ‘ampul’ bağlama en yakın.,"Yarı zamanlı işimin ikinci günü başlıyor.
Amacımız o ampulün sahibini bulmak.",MANUEL İNCELENDİ,DEĞİŞTİ,‘Şişe’ çok genel; burada bilimsel/ilaç tipi vial/ampoule kastediliyor.,FR fiole; DE Ampulle; IT fiala; ES vial; JP/ZH ampul/ampoule. Türkçede ‘ampul’ bağlama en yakın.,"Yarı zamanlı işimin ikinci günü başlıyor.
Amacımız o ampulün sahibini bulmak.",MANUEL İNCELENDİ,DEĞİŞTİ,‘Şişe’ çok genel; burada bilimsel/ilaç tipi vial/ampoule kastediliyor.,FR fiole; DE Ampulle; IT fiala; ES vial; JP/ZH ampul/ampoule. Türkçede ‘ampul’ bağlama en yakın.,"Yarı zamanlı işimin ikinci günü başlıyor.
Amacımız o ampulün sahibini bulmak.",MANUEL İNCELENDİ,DEĞİŞTİ,‘Şişe’ çok genel; burada bilimsel/ilaç tipi vial/ampoule kastediliyor.,FR fiole; DE Ampulle; IT fiala; ES vial; JP/ZH ampul/ampoule. Türkçede ‘ampul’ bağlama en yakın.,"Yarı zamanlı işimin ikinci günü başlıyor.
Amacımız o ampulün sahibini bulmak.",MANUEL İNCELENDİ,DEĞİŞTİ,‘Şişe’ çok genel; burada bilimsel/ilaç tipi vial/ampoule kastediliyor.,FR fiole; DE Ampulle; IT fiala; ES vial; JP/ZH ampul/ampoule. Türkçede ‘ampul’ bağlama en yakın.
98,LOAD_EP3_040,I headed to Baker's office with Pikachu.,"Pikachu et moi nous sommes dirigés
vers l'agence Baker.","Pikachu und ich machten uns auf den Weg
zum Detektivbüro Baker.","Sono andato all'Agenzia Investigativa
Baker insieme a Pikachu.","Pikachu y yo regresamos
a la agencia de detectives Baker.","ぼくはピカチュウとともに
ベイカーさんの事務所へ向かった","ぼくはピカチュウとともに
ベイカーさんのじむしょへ むかった","我和皮卡丘一起前往了
贝克的事务所。","我和皮卡丘一起
前往貝克叔叔的事務所",Pikachu'yla birlikte Baker'ın ofisine gittik.,"Pikachu'yla birlikte
Baker'ın bürosuna gittim.","Pikachu'yla birlikte
Baker'ın bürosuna gittim.",MANUEL İNCELENDİ,DEĞİŞTİ,Anlatıcı Tim birinci tekil; ‘gittik’ yerine kaynak öznesi korundu.,EN ‘I headed ... with Pikachu’; JP/ZH ‘ben Pikachu ile...’; IT de ‘sono andato’. FR/DE/ES çoğul sadeleştirme yapıyor.,"Pikachu'yla birlikte
Baker'ın bürosuna gittim.",MANUEL İNCELENDİ,DEĞİŞTİ,Anlatıcı Tim birinci tekil; ‘gittik’ yerine kaynak öznesi korundu.,EN ‘I headed ... with Pikachu’; JP/ZH ‘ben Pikachu ile...’; IT de ‘sono andato’. FR/DE/ES çoğul sadeleştirme yapıyor.,"Pikachu'yla birlikte
Baker'ın bürosuna gittim.",MANUEL İNCELENDİ,DEĞİŞTİ,Anlatıcı Tim birinci tekil; ‘gittik’ yerine kaynak öznesi korundu.,EN ‘I headed ... with Pikachu’; JP/ZH ‘ben Pikachu ile...’; IT de ‘sono andato’. FR/DE/ES çoğul sadeleştirme yapıyor.,"Pikachu'yla birlikte
Baker'ın bürosuna gittim.",MANUEL İNCELENDİ,DEĞİŞTİ,Anlatıcı Tim birinci tekil; ‘gittik’ yerine kaynak öznesi korundu.,EN ‘I headed ... with Pikachu’; JP/ZH ‘ben Pikachu ile...’; IT de ‘sono andato’. FR/DE/ES çoğul sadeleştirme yapıyor.,"Pikachu'yla birlikte
Baker'ın bürosuna gittim.",MANUEL İNCELENDİ,DEĞİŞTİ,Anlatıcı Tim birinci tekil; ‘gittik’ yerine kaynak öznesi korundu.,EN ‘I headed ... with Pikachu’; JP/ZH ‘ben Pikachu ile...’; IT de ‘sono andato’. FR/DE/ES çoğul sadeleştirme yapıyor.,"Pikachu'yla birlikte
Baker'ın bürosuna gittim.",MANUEL İNCELENDİ,DEĞİŞTİ,Anlatıcı Tim birinci tekil; ‘gittik’ yerine kaynak öznesi korundu.,EN ‘I headed ... with Pikachu’; JP/ZH ‘ben Pikachu ile...’; IT de ‘sono andato’. FR/DE/ES çoğul sadeleştirme yapıyor.,"Pikachu'yla birlikte
Baker'ın bürosuna gittim.",MANUEL İNCELENDİ,DEĞİŞTİ,Anlatıcı Tim birinci tekil; ‘gittik’ yerine kaynak öznesi korundu.,EN ‘I headed ... with Pikachu’; JP/ZH ‘ben Pikachu ile...’; IT de ‘sono andato’. FR/DE/ES çoğul sadeleştirme yapıyor.,"Pikachu'yla birlikte
Baker'ın bürosuna gittim.",MANUEL İNCELENDİ,DEĞİŞTİ,Anlatıcı Tim birinci tekil; ‘gittik’ yerine kaynak öznesi korundu.,EN ‘I headed ... with Pikachu’; JP/ZH ‘ben Pikachu ile...’; IT de ‘sono andato’. FR/DE/ES çoğul sadeleştirme yapıyor.,"Pikachu'yla birlikte
Baker'ın bürosuna gittim.",MANUEL İNCELENDİ,DEĞİŞTİ,Anlatıcı Tim birinci tekil; ‘gittik’ yerine kaynak öznesi korundu.,EN ‘I headed ... with Pikachu’; JP/ZH ‘ben Pikachu ile...’; IT de ‘sono andato’. FR/DE/ES çoğul sadeleştirme yapıyor.,"Pikachu'yla birlikte
Baker'ın bürosuna gittim.",MANUEL İNCELENDİ,DEĞİŞTİ,Anlatıcı Tim birinci tekil; ‘gittik’ yerine kaynak öznesi korundu.,EN ‘I headed ... with Pikachu’; JP/ZH ‘ben Pikachu ile...’; IT de ‘sono andato’. FR/DE/ES çoğul sadeleştirme yapıyor.,"Pikachu'yla birlikte
Baker'ın bürosuna gittim.",MANUEL İNCELENDİ,DEĞİŞTİ,Anlatıcı Tim birinci tekil; ‘gittik’ yerine kaynak öznesi korundu.,EN ‘I headed ... with Pikachu’; JP/ZH ‘ben Pikachu ile...’; IT de ‘sono andato’. FR/DE/ES çoğul sadeleştirme yapıyor.,"Pikachu'yla birlikte
Baker'ın bürosuna gittim.",MANUEL İNCELENDİ,DEĞİŞTİ,Anlatıcı Tim birinci tekil; ‘gittik’ yerine kaynak öznesi korundu.,EN ‘I headed ... with Pikachu’; JP/ZH ‘ben Pikachu ile...’; IT de ‘sono andato’. FR/DE/ES çoğul sadeleştirme yapıyor.
99,LOAD_EP3_050,"We decided to head back to the apartment
to connect the dots in this series
of incidents.","Nous avons décidé de rentrer à l'appartement
pour mettre de l'ordre dans les événements
des derniers jours.","Wir beschlossen, zu Hause darüber
nachzudenken, ob es einen Zusammenhang
zwischen den Vorfällen der letzten Zeit gibt.","Abbiamo deciso di tornare all'appartamento
per cercare di chiarirci le idee sulla serie
di eventi che si sono succeduti finora.","Volvimos al apartamento para reflexionar
sobre la relación entre los diversos casos.","今までの一連の事件を
整理するため
ぼくらは部屋に帰ることにした","いままでのいちれんのじけんを
せいりするため
ぼくらは へやに かえることにした","为了整理至今发生的一连串事件，
我们决定返回房间里去。","為了整理到目前為止的
一連串事件
我們決定回到房間","Bu olaylar dizisinin parçalarını
birleştirmek için daireye
geri dönmeye karar verdik.","Şimdiye kadarki olayları toparlamak için
daireye dönmeye karar verdik.","Şimdiye kadarki olayları toparlamak için
daireye dönmeye karar verdik.",MANUEL İNCELENDİ,DEĞİŞTİ,‘Parçaları birleştirmek’ İngilizce deyimin doğrudan iziydi; kaynak dillerin çoğu olayları düzenleme/ilişkilendirme anlamında.,JP/ZH olaylar dizisini ‘整理’ etme; FR düzenleme; DE bağlantı düşünme; IT fikirleri netleştirme; ES vakalar arası ilişkiyi düşünme.,"Şimdiye kadarki olayları toparlamak için
daireye dönmeye karar verdik.",MANUEL İNCELENDİ,DEĞİŞTİ,‘Parçaları birleştirmek’ İngilizce deyimin doğrudan iziydi; kaynak dillerin çoğu olayları düzenleme/ilişkilendirme anlamında.,JP/ZH olaylar dizisini ‘整理’ etme; FR düzenleme; DE bağlantı düşünme; IT fikirleri netleştirme; ES vakalar arası ilişkiyi düşünme.,"Şimdiye kadarki olayları toparlamak için
daireye dönmeye karar verdik.",MANUEL İNCELENDİ,DEĞİŞTİ,‘Parçaları birleştirmek’ İngilizce deyimin doğrudan iziydi; kaynak dillerin çoğu olayları düzenleme/ilişkilendirme anlamında.,JP/ZH olaylar dizisini ‘整理’ etme; FR düzenleme; DE bağlantı düşünme; IT fikirleri netleştirme; ES vakalar arası ilişkiyi düşünme.,"Şimdiye kadarki olayları toparlamak için
daireye dönmeye karar verdik.",MANUEL İNCELENDİ,DEĞİŞTİ,‘Parçaları birleştirmek’ İngilizce deyimin doğrudan iziydi; kaynak dillerin çoğu olayları düzenleme/ilişkilendirme anlamında.,JP/ZH olaylar dizisini ‘整理’ etme; FR düzenleme; DE bağlantı düşünme; IT fikirleri netleştirme; ES vakalar arası ilişkiyi düşünme.,"Şimdiye kadarki olayları toparlamak için
daireye dönmeye karar verdik.",MANUEL İNCELENDİ,DEĞİŞTİ,‘Parçaları birleştirmek’ İngilizce deyimin doğrudan iziydi; kaynak dillerin çoğu olayları düzenleme/ilişkilendirme anlamında.,JP/ZH olaylar dizisini ‘整理’ etme; FR düzenleme; DE bağlantı düşünme; IT fikirleri netleştirme; ES vakalar arası ilişkiyi düşünme.,"Şimdiye kadarki olayları toparlamak için
daireye dönmeye karar verdik.",MANUEL İNCELENDİ,DEĞİŞTİ,‘Parçaları birleştirmek’ İngilizce deyimin doğrudan iziydi; kaynak dillerin çoğu olayları düzenleme/ilişkilendirme anlamında.,JP/ZH olaylar dizisini ‘整理’ etme; FR düzenleme; DE bağlantı düşünme; IT fikirleri netleştirme; ES vakalar arası ilişkiyi düşünme.,"Şimdiye kadarki olayları toparlamak için
daireye dönmeye karar verdik.",MANUEL İNCELENDİ,DEĞİŞTİ,‘Parçaları birleştirmek’ İngilizce deyimin doğrudan iziydi; kaynak dillerin çoğu olayları düzenleme/ilişkilendirme anlamında.,JP/ZH olaylar dizisini ‘整理’ etme; FR düzenleme; DE bağlantı düşünme; IT fikirleri netleştirme; ES vakalar arası ilişkiyi düşünme.,"Şimdiye kadarki olayları toparlamak için
daireye dönmeye karar verdik.",MANUEL İNCELENDİ,DEĞİŞTİ,‘Parçaları birleştirmek’ İngilizce deyimin doğrudan iziydi; kaynak dillerin çoğu olayları düzenleme/ilişkilendirme anlamında.,JP/ZH olaylar dizisini ‘整理’ etme; FR düzenleme; DE bağlantı düşünme; IT fikirleri netleştirme; ES vakalar arası ilişkiyi düşünme.,"Şimdiye kadarki olayları toparlamak için
daireye dönmeye karar verdik.",MANUEL İNCELENDİ,DEĞİŞTİ,‘Parçaları birleştirmek’ İngilizce deyimin doğrudan iziydi; kaynak dillerin çoğu olayları düzenleme/ilişkilendirme anlamında.,JP/ZH olaylar dizisini ‘整理’ etme; FR düzenleme; DE bağlantı düşünme; IT fikirleri netleştirme; ES vakalar arası ilişkiyi düşünme.,"Şimdiye kadarki olayları toparlamak için
daireye dönmeye karar verdik.",MANUEL İNCELENDİ,DEĞİŞTİ,‘Parçaları birleştirmek’ İngilizce deyimin doğrudan iziydi; kaynak dillerin çoğu olayları düzenleme/ilişkilendirme anlamında.,JP/ZH olaylar dizisini ‘整理’ etme; FR düzenleme; DE bağlantı düşünme; IT fikirleri netleştirme; ES vakalar arası ilişkiyi düşünme.,"Şimdiye kadarki olayları toparlamak için
daireye dönmeye karar verdik.",MANUEL İNCELENDİ,DEĞİŞTİ,‘Parçaları birleştirmek’ İngilizce deyimin doğrudan iziydi; kaynak dillerin çoğu olayları düzenleme/ilişkilendirme anlamında.,JP/ZH olaylar dizisini ‘整理’ etme; FR düzenleme; DE bağlantı düşünme; IT fikirleri netleştirme; ES vakalar arası ilişkiyi düşünme.,"Şimdiye kadarki olayları toparlamak için
daireye dönmeye karar verdik.",MANUEL İNCELENDİ,DEĞİŞTİ,‘Parçaları birleştirmek’ İngilizce deyimin doğrudan iziydi; kaynak dillerin çoğu olayları düzenleme/ilişkilendirme anlamında.,JP/ZH olaylar dizisini ‘整理’ etme; FR düzenleme; DE bağlantı düşünme; IT fikirleri netleştirme; ES vakalar arası ilişkiyi düşünme.
100,LOAD_EP4_010,"We waited to hear from Inspector Holiday
for a few days after Carlos was arrested.","Quelques jours après l'arrestation de Carlos,
nous attendions toujours des nouvelles de
l'inspecteur Holiday.","Ein paar Tage nach Carlos' Festnahme
warteten wir auf eine Nachricht von
Kommissar Holiday.","Era già passato qualche giorno
dall'arresto di Carlos e aspettavamo
con ansia notizie dall'ispettore Holiday.","Pasaron unos días tras el arresto de
Carlos y estuvimos esperando a que
el inspector Holiday se pusiera en
contacto con nosotros para informarnos.","カルロスが逮捕されて数日
ぼくたちはホリデイ警部からの
連絡を待っていた","カルロスがたいほされて すうじつ
ぼくたちは ホリデイけいぶからの
れんらくをまっていた","卡洛斯被捕的这几天，
我们一直在等待着
霍利迪探长的消息。","在卡羅斯被逮捕之後的那幾天
我們等待著荷里迪探長的消息","Carlos tutuklandıktan sonra birkaç gün,
Müfettiş Holiday'den haber bekledik.","Carlos'un tutuklanmasının ardından
birkaç gün boyunca Müfettiş Holiday'den
haber bekledik.","Carlos'un tutuklanmasının ardından
birkaç gün boyunca Müfettiş Holiday'den
haber bekledik.",MANUEL İNCELENDİ,DEĞİŞTİ,‘Carlos tutuklandıktan sonra birkaç gün’ eksik/zayıf Türkçe zaman yapısı düzeltildi.,Tüm diller birkaç gün boyunca Holiday’den haber/iletişim beklemeyi söylüyor.,"Carlos'un tutuklanmasının ardından
birkaç gün boyunca Müfettiş Holiday'den
haber bekledik.",MANUEL İNCELENDİ,DEĞİŞTİ,‘Carlos tutuklandıktan sonra birkaç gün’ eksik/zayıf Türkçe zaman yapısı düzeltildi.,Tüm diller birkaç gün boyunca Holiday’den haber/iletişim beklemeyi söylüyor.,"Carlos'un tutuklanmasının ardından
birkaç gün boyunca Müfettiş Holiday'den
haber bekledik.",MANUEL İNCELENDİ,DEĞİŞTİ,‘Carlos tutuklandıktan sonra birkaç gün’ eksik/zayıf Türkçe zaman yapısı düzeltildi.,Tüm diller birkaç gün boyunca Holiday’den haber/iletişim beklemeyi söylüyor.,"Carlos'un tutuklanmasının ardından
birkaç gün boyunca Müfettiş Holiday'den
haber bekledik.",MANUEL İNCELENDİ,DEĞİŞTİ,‘Carlos tutuklandıktan sonra birkaç gün’ eksik/zayıf Türkçe zaman yapısı düzeltildi.,Tüm diller birkaç gün boyunca Holiday’den haber/iletişim beklemeyi söylüyor.,"Carlos'un tutuklanmasının ardından
birkaç gün boyunca Müfettiş Holiday'den
haber bekledik.",MANUEL İNCELENDİ,DEĞİŞTİ,‘Carlos tutuklandıktan sonra birkaç gün’ eksik/zayıf Türkçe zaman yapısı düzeltildi.,Tüm diller birkaç gün boyunca Holiday’den haber/iletişim beklemeyi söylüyor.,"Carlos'un tutuklanmasının ardından
birkaç gün boyunca Müfettiş Holiday'den
haber bekledik.",MANUEL İNCELENDİ,DEĞİŞTİ,‘Carlos tutuklandıktan sonra birkaç gün’ eksik/zayıf Türkçe zaman yapısı düzeltildi.,Tüm diller birkaç gün boyunca Holiday’den haber/iletişim beklemeyi söylüyor.,"Carlos'un tutuklanmasının ardından
birkaç gün boyunca Müfettiş Holiday'den
haber bekledik.",MANUEL İNCELENDİ,DEĞİŞTİ,‘Carlos tutuklandıktan sonra birkaç gün’ eksik/zayıf Türkçe zaman yapısı düzeltildi.,Tüm diller birkaç gün boyunca Holiday’den haber/iletişim beklemeyi söylüyor.,"Carlos'un tutuklanmasının ardından
birkaç gün boyunca Müfettiş Holiday'den
haber bekledik.",MANUEL İNCELENDİ,DEĞİŞTİ,‘Carlos tutuklandıktan sonra birkaç gün’ eksik/zayıf Türkçe zaman yapısı düzeltildi.,Tüm diller birkaç gün boyunca Holiday’den haber/iletişim beklemeyi söylüyor.,"Carlos'un tutuklanmasının ardından
birkaç gün boyunca Müfettiş Holiday'den
haber bekledik.",MANUEL İNCELENDİ,DEĞİŞTİ,‘Carlos tutuklandıktan sonra birkaç gün’ eksik/zayıf Türkçe zaman yapısı düzeltildi.,Tüm diller birkaç gün boyunca Holiday’den haber/iletişim beklemeyi söylüyor.,"Carlos'un tutuklanmasının ardından
birkaç gün boyunca Müfettiş Holiday'den
haber bekledik.",MANUEL İNCELENDİ,DEĞİŞTİ,‘Carlos tutuklandıktan sonra birkaç gün’ eksik/zayıf Türkçe zaman yapısı düzeltildi.,Tüm diller birkaç gün boyunca Holiday’den haber/iletişim beklemeyi söylüyor.,"Carlos'un tutuklanmasının ardından
birkaç gün boyunca Müfettiş Holiday'den
haber bekledik.",MANUEL İNCELENDİ,DEĞİŞTİ,‘Carlos tutuklandıktan sonra birkaç gün’ eksik/zayıf Türkçe zaman yapısı düzeltildi.,Tüm diller birkaç gün boyunca Holiday’den haber/iletişim beklemeyi söylüyor.,"Carlos'un tutuklanmasının ardından
birkaç gün boyunca Müfettiş Holiday'den
haber bekledik.",MANUEL İNCELENDİ,DEĞİŞTİ,‘Carlos tutuklandıktan sonra birkaç gün’ eksik/zayıf Türkçe zaman yapısı düzeltildi.,Tüm diller birkaç gün boyunca Holiday’den haber/iletişim beklemeyi söylüyor.
101,LOAD_EP4_020,"And so we went out to Cappucci Island to ask
Waals about R.","Nous nous sommes alors rendus sur l'île de
Cappucci pour interroger Waals sur le R.","Und so machten wir uns auf den Weg
nach Cappucci Island, um Mr. Waals
nach R zu fragen.","Abbiamo quindi deciso di andare
sull'Isola Cappucci per parlare con
Waals e chiedergli dell'agente R.","Siguiendo la pista que nos dio
el inspector, partimos hacia la isla
Cappucci para preguntar al señor
Waals acerca de la sustancia R.","こうして ぼくたちは ワールスさんに 
Rについての話を聞くため
カプチ島へ向かった","こうして ぼくたちは ワールスさんに
Rについての はなしを きくため
カプチとうへ むかった","就这样，为了向
瓦尔斯打听R的事情，
我们出发前往卡布奇岛。","為了向華爾斯打聽R的事情
我們出發前往卡布其島","Böylece Cappucci Adası'na gidip
Waals'a R'yi sorduk.","R hakkında bilgi almak için
Cappucci Adası'nda Waals'ın yanına gittik.","R hakkında bilgi almak için
Cappucci Adası'nda Waals'ın yanına gittik.",MANUEL İNCELENDİ,DEĞİŞTİ,‘Waals’a R’yi sorduk’ mekanik ve nesne seçimi yapaydı.,JP/FR/DE/IT/ES/ZH Waals’tan R hakkında bilgi/soru sormak için adaya gitme.,"R hakkında bilgi almak için
Cappucci Adası'nda Waals'ın yanına gittik.",MANUEL İNCELENDİ,DEĞİŞTİ,‘Waals’a R’yi sorduk’ mekanik ve nesne seçimi yapaydı.,JP/FR/DE/IT/ES/ZH Waals’tan R hakkında bilgi/soru sormak için adaya gitme.,"R hakkında bilgi almak için
Cappucci Adası'nda Waals'ın yanına gittik.",MANUEL İNCELENDİ,DEĞİŞTİ,‘Waals’a R’yi sorduk’ mekanik ve nesne seçimi yapaydı.,JP/FR/DE/IT/ES/ZH Waals’tan R hakkında bilgi/soru sormak için adaya gitme.,"R hakkında bilgi almak için
Cappucci Adası'nda Waals'ın yanına gittik.",MANUEL İNCELENDİ,DEĞİŞTİ,‘Waals’a R’yi sorduk’ mekanik ve nesne seçimi yapaydı.,JP/FR/DE/IT/ES/ZH Waals’tan R hakkında bilgi/soru sormak için adaya gitme.,"R hakkında bilgi almak için
Cappucci Adası'nda Waals'ın yanına gittik.",MANUEL İNCELENDİ,DEĞİŞTİ,‘Waals’a R’yi sorduk’ mekanik ve nesne seçimi yapaydı.,JP/FR/DE/IT/ES/ZH Waals’tan R hakkında bilgi/soru sormak için adaya gitme.,"R hakkında bilgi almak için
Cappucci Adası'nda Waals'ın yanına gittik.",MANUEL İNCELENDİ,DEĞİŞTİ,‘Waals’a R’yi sorduk’ mekanik ve nesne seçimi yapaydı.,JP/FR/DE/IT/ES/ZH Waals’tan R hakkında bilgi/soru sormak için adaya gitme.,"R hakkında bilgi almak için
Cappucci Adası'nda Waals'ın yanına gittik.",MANUEL İNCELENDİ,DEĞİŞTİ,‘Waals’a R’yi sorduk’ mekanik ve nesne seçimi yapaydı.,JP/FR/DE/IT/ES/ZH Waals’tan R hakkında bilgi/soru sormak için adaya gitme.,"R hakkında bilgi almak için
Cappucci Adası'nda Waals'ın yanına gittik.",MANUEL İNCELENDİ,DEĞİŞTİ,‘Waals’a R’yi sorduk’ mekanik ve nesne seçimi yapaydı.,JP/FR/DE/IT/ES/ZH Waals’tan R hakkında bilgi/soru sormak için adaya gitme.,"R hakkında bilgi almak için
Cappucci Adası'nda Waals'ın yanına gittik.",MANUEL İNCELENDİ,DEĞİŞTİ,‘Waals’a R’yi sorduk’ mekanik ve nesne seçimi yapaydı.,JP/FR/DE/IT/ES/ZH Waals’tan R hakkında bilgi/soru sormak için adaya gitme.,"R hakkında bilgi almak için
Cappucci Adası'nda Waals'ın yanına gittik.",MANUEL İNCELENDİ,DEĞİŞTİ,‘Waals’a R’yi sorduk’ mekanik ve nesne seçimi yapaydı.,JP/FR/DE/IT/ES/ZH Waals’tan R hakkında bilgi/soru sormak için adaya gitme.,"R hakkında bilgi almak için
Cappucci Adası'nda Waals'ın yanına gittik.",MANUEL İNCELENDİ,DEĞİŞTİ,‘Waals’a R’yi sorduk’ mekanik ve nesne seçimi yapaydı.,JP/FR/DE/IT/ES/ZH Waals’tan R hakkında bilgi/soru sormak için adaya gitme.,"R hakkında bilgi almak için
Cappucci Adası'nda Waals'ın yanına gittik.",MANUEL İNCELENDİ,DEĞİŞTİ,‘Waals’a R’yi sorduk’ mekanik ve nesne seçimi yapaydı.,JP/FR/DE/IT/ES/ZH Waals’tan R hakkında bilgi/soru sormak için adaya gitme.
102,LOAD_EP4_030,We put Cappucci Island behind us.,"Nous avons quitté Cappucci pour
poursuivre notre enquête.",Wir ließen Cappucci Island hinter uns.,"Abbiamo lasciato l'Isola Cappucci
e siamo tornati in città.","Tras concluir lo que vinimos a hacer
a isla Cappucci, decidimos regresar.",ぼくたちは カプチ島を後にした,ぼくたちは カプチとうをあとにした,我们告别了卡布奇岛。,我們告別了卡布其島,Cappucci Adası'nı geride bıraktık.,Cappucci Adası'nı geride bıraktık.,Cappucci Adası'nı geride bıraktık.,MANUEL İNCELENDİ,AYNI KALDI,"Anlatı özeti Türkçede doğal; olay, özne ve zaman ilişkisi doğru.",JP/ZH + Avrupa dilleri aynı olay akışını doğruluyor; önemli nüans kaybı bulunmadı.,Cappucci Adası'nı geride bıraktık.,MANUEL İNCELENDİ,AYNI KALDI,"Anlatı özeti Türkçede doğal; olay, özne ve zaman ilişkisi doğru.",JP/ZH + Avrupa dilleri aynı olay akışını doğruluyor; önemli nüans kaybı bulunmadı.,Cappucci Adası'nı geride bıraktık.,MANUEL İNCELENDİ,AYNI KALDI,"Anlatı özeti Türkçede doğal; olay, özne ve zaman ilişkisi doğru.",JP/ZH + Avrupa dilleri aynı olay akışını doğruluyor; önemli nüans kaybı bulunmadı.,Cappucci Adası'nı geride bıraktık.,MANUEL İNCELENDİ,AYNI KALDI,"Anlatı özeti Türkçede doğal; olay, özne ve zaman ilişkisi doğru.",JP/ZH + Avrupa dilleri aynı olay akışını doğruluyor; önemli nüans kaybı bulunmadı.,Cappucci Adası'nı geride bıraktık.,MANUEL İNCELENDİ,AYNI KALDI,"Anlatı özeti Türkçede doğal; olay, özne ve zaman ilişkisi doğru.",JP/ZH + Avrupa dilleri aynı olay akışını doğruluyor; önemli nüans kaybı bulunmadı.,Cappucci Adası'nı geride bıraktık.,MANUEL İNCELENDİ,AYNI KALDI,"Anlatı özeti Türkçede doğal; olay, özne ve zaman ilişkisi doğru.",JP/ZH + Avrupa dilleri aynı olay akışını doğruluyor; önemli nüans kaybı bulunmadı.,Cappucci Adası'nı geride bıraktık.,MANUEL İNCELENDİ,AYNI KALDI,"Anlatı özeti Türkçede doğal; olay, özne ve zaman ilişkisi doğru.",JP/ZH + Avrupa dilleri aynı olay akışını doğruluyor; önemli nüans kaybı bulunmadı.,Cappucci Adası'nı geride bıraktık.,MANUEL İNCELENDİ,AYNI KALDI,"Anlatı özeti Türkçede doğal; olay, özne ve zaman ilişkisi doğru.",JP/ZH + Avrupa dilleri aynı olay akışını doğruluyor; önemli nüans kaybı bulunmadı.,Cappucci Adası'nı geride bıraktık.,MANUEL İNCELENDİ,AYNI KALDI,"Anlatı özeti Türkçede doğal; olay, özne ve zaman ilişkisi doğru.",JP/ZH + Avrupa dilleri aynı olay akışını doğruluyor; önemli nüans kaybı bulunmadı.,Cappucci Adası'nı geride bıraktık.,MANUEL İNCELENDİ,AYNI KALDI,"Anlatı özeti Türkçede doğal; olay, özne ve zaman ilişkisi doğru.",JP/ZH + Avrupa dilleri aynı olay akışını doğruluyor; önemli nüans kaybı bulunmadı.,Cappucci Adası'nı geride bıraktık.,MANUEL İNCELENDİ,AYNI KALDI,"Anlatı özeti Türkçede doğal; olay, özne ve zaman ilişkisi doğru.",JP/ZH + Avrupa dilleri aynı olay akışını doğruluyor; önemli nüans kaybı bulunmadı.,Cappucci Adası'nı geride bıraktık.,MANUEL İNCELENDİ,AYNI KALDI,"Anlatı özeti Türkçede doğal; olay, özne ve zaman ilişkisi doğru.",JP/ZH + Avrupa dilleri aynı olay akışını doğruluyor; önemli nüans kaybı bulunmadı.
103,LOAD_EP5_010,"My dad was investigating Fine Park, the
amusement park that was closed down.
When we heard that from Waals, we
decided to head there the next day.","Waals nous a dit que mon père avait enquêté
à l'ancien parc d'attractions Fine Park.

Nous avons donc décidé de nous y rendre
dès le lendemain.","Durch Mr. Waals wussten wir nun, dass Dad
im geschlossenen Vergnügungspark
Fine Park ermittelt hatte. Wir beschlossen,
am nächsten Tag dort vorbeizuschauen.","Abbiamo saputo da Waals che mio padre
stava facendo indagini a Fine Park, un
luna park abbandonato. Abbiamo deciso
che il giorno dopo saremmo andati lì.","Según el señor Waals, mi padre estuvo
investigando Fine Park, un parque de
atracciones que fue clausurado, así que
acordamos ir allí al día siguiente.","父さんは 閉鎖された遊園地
ファインパークを調べていた

ワールスさんから そう聞いたぼくたちは
翌日 そこへ向かうことにした","とうさんは へいさされた ゆうえんち
ファインパークをしらべていた

ワールスさんから そうきいたぼくたちは
よくじつ そこへ むかうことにした","我父亲有调查过被关闭的
法茵乐园这座游乐园。

从瓦尔斯那听到这个消息后，
我们决定第二天出发去那里。","我父親調查過好好樂園
那是一家已經停業的遊樂園

從華爾斯口中得知這件事的我們
決定隔天前去拜訪","Babam, kapatılmış lunapark
Fine Park'ı araştırıyordu.
Bunu Waals'tan öğrenince,
ertesi gün oraya gitmeye karar verdik.","Babam, kapatılmış lunapark
Fine Park'ı araştırmıştı.
Bunu Waals'tan öğrenince ertesi gün
oraya gitmeye karar verdik.","Babam, kapatılmış lunapark
Fine Park'ı araştırmıştı.
Bunu Waals'tan öğrenince ertesi gün
oraya gitmeye karar verdik.",MANUEL İNCELENDİ,DEĞİŞTİ,‘Araştırıyordu’ süren eylem gibi görünüyordu; olay geçmişte tamamlanmış araştırma bilgisidir.,EN/FR/DE/IT/ES/JP/ZH babanın Fine Park’ı araştırmış olduğunu Waals’tan öğrenip ertesi gün gitme kararı.,"Babam, kapatılmış lunapark
Fine Park'ı araştırmıştı.
Bunu Waals'tan öğrenince ertesi gün
oraya gitmeye karar verdik.",MANUEL İNCELENDİ,DEĞİŞTİ,‘Araştırıyordu’ süren eylem gibi görünüyordu; olay geçmişte tamamlanmış araştırma bilgisidir.,EN/FR/DE/IT/ES/JP/ZH babanın Fine Park’ı araştırmış olduğunu Waals’tan öğrenip ertesi gün gitme kararı.,"Babam, kapatılmış lunapark
Fine Park'ı araştırmıştı.
Bunu Waals'tan öğrenince ertesi gün
oraya gitmeye karar verdik.",MANUEL İNCELENDİ,DEĞİŞTİ,‘Araştırıyordu’ süren eylem gibi görünüyordu; olay geçmişte tamamlanmış araştırma bilgisidir.,EN/FR/DE/IT/ES/JP/ZH babanın Fine Park’ı araştırmış olduğunu Waals’tan öğrenip ertesi gün gitme kararı.,"Babam, kapatılmış lunapark
Fine Park'ı araştırmıştı.
Bunu Waals'tan öğrenince ertesi gün
oraya gitmeye karar verdik.",MANUEL İNCELENDİ,DEĞİŞTİ,‘Araştırıyordu’ süren eylem gibi görünüyordu; olay geçmişte tamamlanmış araştırma bilgisidir.,EN/FR/DE/IT/ES/JP/ZH babanın Fine Park’ı araştırmış olduğunu Waals’tan öğrenip ertesi gün gitme kararı.,"Babam, kapatılmış lunapark
Fine Park'ı araştırmıştı.
Bunu Waals'tan öğrenince ertesi gün
oraya gitmeye karar verdik.",MANUEL İNCELENDİ,DEĞİŞTİ,‘Araştırıyordu’ süren eylem gibi görünüyordu; olay geçmişte tamamlanmış araştırma bilgisidir.,EN/FR/DE/IT/ES/JP/ZH babanın Fine Park’ı araştırmış olduğunu Waals’tan öğrenip ertesi gün gitme kararı.,"Babam, kapatılmış lunapark
Fine Park'ı araştırmıştı.
Bunu Waals'tan öğrenince ertesi gün
oraya gitmeye karar verdik.",MANUEL İNCELENDİ,DEĞİŞTİ,‘Araştırıyordu’ süren eylem gibi görünüyordu; olay geçmişte tamamlanmış araştırma bilgisidir.,EN/FR/DE/IT/ES/JP/ZH babanın Fine Park’ı araştırmış olduğunu Waals’tan öğrenip ertesi gün gitme kararı.,"Babam, kapatılmış lunapark
Fine Park'ı araştırmıştı.
Bunu Waals'tan öğrenince ertesi gün
oraya gitmeye karar verdik.",MANUEL İNCELENDİ,DEĞİŞTİ,‘Araştırıyordu’ süren eylem gibi görünüyordu; olay geçmişte tamamlanmış araştırma bilgisidir.,EN/FR/DE/IT/ES/JP/ZH babanın Fine Park’ı araştırmış olduğunu Waals’tan öğrenip ertesi gün gitme kararı.,"Babam, kapatılmış lunapark
Fine Park'ı araştırmıştı.
Bunu Waals'tan öğrenince ertesi gün
oraya gitmeye karar verdik.",MANUEL İNCELENDİ,DEĞİŞTİ,‘Araştırıyordu’ süren eylem gibi görünüyordu; olay geçmişte tamamlanmış araştırma bilgisidir.,EN/FR/DE/IT/ES/JP/ZH babanın Fine Park’ı araştırmış olduğunu Waals’tan öğrenip ertesi gün gitme kararı.,"Babam, kapatılmış lunapark
Fine Park'ı araştırmıştı.
Bunu Waals'tan öğrenince ertesi gün
oraya gitmeye karar verdik.",MANUEL İNCELENDİ,DEĞİŞTİ,‘Araştırıyordu’ süren eylem gibi görünüyordu; olay geçmişte tamamlanmış araştırma bilgisidir.,EN/FR/DE/IT/ES/JP/ZH babanın Fine Park’ı araştırmış olduğunu Waals’tan öğrenip ertesi gün gitme kararı.,"Babam, kapatılmış lunapark
Fine Park'ı araştırmıştı.
Bunu Waals'tan öğrenince ertesi gün
oraya gitmeye karar verdik.",MANUEL İNCELENDİ,DEĞİŞTİ,‘Araştırıyordu’ süren eylem gibi görünüyordu; olay geçmişte tamamlanmış araştırma bilgisidir.,EN/FR/DE/IT/ES/JP/ZH babanın Fine Park’ı araştırmış olduğunu Waals’tan öğrenip ertesi gün gitme kararı.,"Babam, kapatılmış lunapark
Fine Park'ı araştırmıştı.
Bunu Waals'tan öğrenince ertesi gün
oraya gitmeye karar verdik.",MANUEL İNCELENDİ,DEĞİŞTİ,‘Araştırıyordu’ süren eylem gibi görünüyordu; olay geçmişte tamamlanmış araştırma bilgisidir.,EN/FR/DE/IT/ES/JP/ZH babanın Fine Park’ı araştırmış olduğunu Waals’tan öğrenip ertesi gün gitme kararı.,"Babam, kapatılmış lunapark
Fine Park'ı araştırmıştı.
Bunu Waals'tan öğrenince ertesi gün
oraya gitmeye karar verdik.",MANUEL İNCELENDİ,DEĞİŞTİ,‘Araştırıyordu’ süren eylem gibi görünüyordu; olay geçmişte tamamlanmış araştırma bilgisidir.,EN/FR/DE/IT/ES/JP/ZH babanın Fine Park’ı araştırmış olduğunu Waals’tan öğrenip ertesi gün gitme kararı.
104,LOAD_EP5_020,"And so we headed to Fine Park, and a cold
rain started to fall.","Alors que nous nous dirigions vers Fine Park,
une pluie glaciale s'est mise à tomber.","Und so machten wir uns auf zum Fine Park.
Unterwegs begann ein kalter Regen vom
Himmel zu fallen.","Mentre andavamo a Fine Park ha cominciato
a cadere una pioggerellina fredda.","Una fría lluvia empezó a caer nada
más llegar al nuevo destino...","こうして ぼくたちは
ファインパークへ向かった

いつしか冷たい雨が降り出していた","こうして ぼくたちは
ファインパークへ むかった

いつしか つめたいあめが ふりだしていた","于是，我们出发
前往法茵乐园。

不知何时天空下起了冷雨。","於是 我們出發前往好好樂園

不知何時開始 天空下起了冰冷的雨","Böylece Fine Park'a doğru yola çıktık ve
soğuk bir yağmur yağmaya başladı.","Böylece Fine Park'a doğru yola çıktık.
Bir süre sonra soğuk bir yağmur başladı.","Böylece Fine Park'a doğru yola çıktık.
Bir süre sonra soğuk bir yağmur başladı.",MANUEL İNCELENDİ,DEĞİŞTİ,Atmosferik iki eylem Türkçede daha doğal ayrıldı; ‘ve soğuk bir yağmur yağmaya başladı’ ağırdı.,JP/ZH ‘yola çıktık; bir noktada soğuk yağmur başladı’; FR/DE/IT yol sırasında; ES varış civarında.,"Böylece Fine Park'a doğru yola çıktık.
Bir süre sonra soğuk bir yağmur başladı.",MANUEL İNCELENDİ,DEĞİŞTİ,Atmosferik iki eylem Türkçede daha doğal ayrıldı; ‘ve soğuk bir yağmur yağmaya başladı’ ağırdı.,JP/ZH ‘yola çıktık; bir noktada soğuk yağmur başladı’; FR/DE/IT yol sırasında; ES varış civarında.,"Böylece Fine Park'a doğru yola çıktık.
Bir süre sonra soğuk bir yağmur başladı.",MANUEL İNCELENDİ,DEĞİŞTİ,Atmosferik iki eylem Türkçede daha doğal ayrıldı; ‘ve soğuk bir yağmur yağmaya başladı’ ağırdı.,JP/ZH ‘yola çıktık; bir noktada soğuk yağmur başladı’; FR/DE/IT yol sırasında; ES varış civarında.,"Böylece Fine Park'a doğru yola çıktık.
Bir süre sonra soğuk bir yağmur başladı.",MANUEL İNCELENDİ,DEĞİŞTİ,Atmosferik iki eylem Türkçede daha doğal ayrıldı; ‘ve soğuk bir yağmur yağmaya başladı’ ağırdı.,JP/ZH ‘yola çıktık; bir noktada soğuk yağmur başladı’; FR/DE/IT yol sırasında; ES varış civarında.,"Böylece Fine Park'a doğru yola çıktık.
Bir süre sonra soğuk bir yağmur başladı.",MANUEL İNCELENDİ,DEĞİŞTİ,Atmosferik iki eylem Türkçede daha doğal ayrıldı; ‘ve soğuk bir yağmur yağmaya başladı’ ağırdı.,JP/ZH ‘yola çıktık; bir noktada soğuk yağmur başladı’; FR/DE/IT yol sırasında; ES varış civarında.,"Böylece Fine Park'a doğru yola çıktık.
Bir süre sonra soğuk bir yağmur başladı.",MANUEL İNCELENDİ,DEĞİŞTİ,Atmosferik iki eylem Türkçede daha doğal ayrıldı; ‘ve soğuk bir yağmur yağmaya başladı’ ağırdı.,JP/ZH ‘yola çıktık; bir noktada soğuk yağmur başladı’; FR/DE/IT yol sırasında; ES varış civarında.,"Böylece Fine Park'a doğru yola çıktık.
Bir süre sonra soğuk bir yağmur başladı.",MANUEL İNCELENDİ,DEĞİŞTİ,Atmosferik iki eylem Türkçede daha doğal ayrıldı; ‘ve soğuk bir yağmur yağmaya başladı’ ağırdı.,JP/ZH ‘yola çıktık; bir noktada soğuk yağmur başladı’; FR/DE/IT yol sırasında; ES varış civarında.,"Böylece Fine Park'a doğru yola çıktık.
Bir süre sonra soğuk bir yağmur başladı.",MANUEL İNCELENDİ,DEĞİŞTİ,Atmosferik iki eylem Türkçede daha doğal ayrıldı; ‘ve soğuk bir yağmur yağmaya başladı’ ağırdı.,JP/ZH ‘yola çıktık; bir noktada soğuk yağmur başladı’; FR/DE/IT yol sırasında; ES varış civarında.,"Böylece Fine Park'a doğru yola çıktık.
Bir süre sonra soğuk bir yağmur başladı.",MANUEL İNCELENDİ,DEĞİŞTİ,Atmosferik iki eylem Türkçede daha doğal ayrıldı; ‘ve soğuk bir yağmur yağmaya başladı’ ağırdı.,JP/ZH ‘yola çıktık; bir noktada soğuk yağmur başladı’; FR/DE/IT yol sırasında; ES varış civarında.,"Böylece Fine Park'a doğru yola çıktık.
Bir süre sonra soğuk bir yağmur başladı.",MANUEL İNCELENDİ,DEĞİŞTİ,Atmosferik iki eylem Türkçede daha doğal ayrıldı; ‘ve soğuk bir yağmur yağmaya başladı’ ağırdı.,JP/ZH ‘yola çıktık; bir noktada soğuk yağmur başladı’; FR/DE/IT yol sırasında; ES varış civarında.,"Böylece Fine Park'a doğru yola çıktık.
Bir süre sonra soğuk bir yağmur başladı.",MANUEL İNCELENDİ,DEĞİŞTİ,Atmosferik iki eylem Türkçede daha doğal ayrıldı; ‘ve soğuk bir yağmur yağmaya başladı’ ağırdı.,JP/ZH ‘yola çıktık; bir noktada soğuk yağmur başladı’; FR/DE/IT yol sırasında; ES varış civarında.,"Böylece Fine Park'a doğru yola çıktık.
Bir süre sonra soğuk bir yağmur başladı.",MANUEL İNCELENDİ,DEĞİŞTİ,Atmosferik iki eylem Türkçede daha doğal ayrıldı; ‘ve soğuk bir yağmur yağmaya başladı’ ağırdı.,JP/ZH ‘yola çıktık; bir noktada soğuk yağmur başladı’; FR/DE/IT yol sırasında; ES varış civarında.
105,LOAD_EP5_030,"We visited Mr. Baker's detective agency to report
on the results of our investigation. Maybe
Mr. Baker had gotten in touch with him, and
Inspector Holiday had shown up there, too.","Nous nous sommes rendus à l'agence pour
faire part à Baker des résultats de l'enquête.

L'inspecteur Holiday était là aussi,
sans doute prévenu par Baker.","Wir schauten im Detektivbüro Baker vorbei,
um von den Ergebnissen unserer
Untersuchungen zu berichten.

Kommissar Holiday war auch da,
wahrscheinlich auf Bitte von Mr. Baker.","Siamo andati all'agenzia di Baker per
comunicargli l'esito delle nostre indagini.
C'era anche l'ispettore Holiday, molto
probabilmente chiamato dallo stesso Baker.","Regresamos a la agencia de detectives
para informar cuanto antes al señor Baker
de los acontecimientos. El inspector Holiday
también se encontraba presente allí.","調査の結果を報告するため
ベイカーさんの事務所を訪ねた

ベイカーさんが連絡をしたのか
そこにはホリデイ警部の姿もあった","ちょうさのけっかを ほうこくするため
ベイカーさんの じむしょを たずねた

ベイカーさんが れんらくをしたのか
そこには ホリデイけいぶのすがたも あった","为了报告调查结果，
我们来到了贝克的事务所。

霍利迪探长也在，
或许是贝克叫他来的。","為了報告調查結果
我們來到貝克叔叔的事務所

荷里迪探長也在
或許是貝克叔叔叫他來的","Soruşturmamızın sonuçlarını bildirmek için
Bay Baker'ın dedektiflik bürosuna gittik. Belki
Bay Baker ona ulaşmıştır diye düşündük;
Müfettiş Holiday de oradaydı.","Soruşturmanın sonuçlarını bildirmek için
Baker'ın bürosuna gittik.
Baker haber vermiş olacak ki
Müfettiş Holiday de oradaydı.","Soruşturmanın sonuçlarını bildirmek için
Baker'ın bürosuna gittik.
Baker haber vermiş olacak ki
Müfettiş Holiday de oradaydı.",MANUEL İNCELENDİ,DEĞİŞTİ,v4’te ‘Belki Baker ona ulaşmıştır diye düşündük’ anlamsal olarak bozuktu; Holiday’nin orada olma nedeni doğal çıkarım olarak kuruldu.,"JP/ZH ‘Baker haber vermiş olmalı, Holiday de oradaydı’; FR/DE/IT aynı çıkarımı yapıyor; ES yalnız Holiday’nin mevcut olduğunu söylüyor.","Soruşturmanın sonuçlarını bildirmek için
Baker'ın bürosuna gittik.
Baker haber vermiş olacak ki
Müfettiş Holiday de oradaydı.",MANUEL İNCELENDİ,DEĞİŞTİ,v4’te ‘Belki Baker ona ulaşmıştır diye düşündük’ anlamsal olarak bozuktu; Holiday’nin orada olma nedeni doğal çıkarım olarak kuruldu.,"JP/ZH ‘Baker haber vermiş olmalı, Holiday de oradaydı’; FR/DE/IT aynı çıkarımı yapıyor; ES yalnız Holiday’nin mevcut olduğunu söylüyor.","Soruşturmanın sonuçlarını bildirmek için
Baker'ın bürosuna gittik.
Baker haber vermiş olacak ki
Müfettiş Holiday de oradaydı.",MANUEL İNCELENDİ,DEĞİŞTİ,v4’te ‘Belki Baker ona ulaşmıştır diye düşündük’ anlamsal olarak bozuktu; Holiday’nin orada olma nedeni doğal çıkarım olarak kuruldu.,"JP/ZH ‘Baker haber vermiş olmalı, Holiday de oradaydı’; FR/DE/IT aynı çıkarımı yapıyor; ES yalnız Holiday’nin mevcut olduğunu söylüyor.","Soruşturmanın sonuçlarını bildirmek için
Baker'ın bürosuna gittik.
Baker haber vermiş olacak ki
Müfettiş Holiday de oradaydı.",MANUEL İNCELENDİ,DEĞİŞTİ,v4’te ‘Belki Baker ona ulaşmıştır diye düşündük’ anlamsal olarak bozuktu; Holiday’nin orada olma nedeni doğal çıkarım olarak kuruldu.,"JP/ZH ‘Baker haber vermiş olmalı, Holiday de oradaydı’; FR/DE/IT aynı çıkarımı yapıyor; ES yalnız Holiday’nin mevcut olduğunu söylüyor.","Soruşturmanın sonuçlarını bildirmek için
Baker'ın bürosuna gittik.
Baker haber vermiş olacak ki
Müfettiş Holiday de oradaydı.",MANUEL İNCELENDİ,DEĞİŞTİ,v4’te ‘Belki Baker ona ulaşmıştır diye düşündük’ anlamsal olarak bozuktu; Holiday’nin orada olma nedeni doğal çıkarım olarak kuruldu.,"JP/ZH ‘Baker haber vermiş olmalı, Holiday de oradaydı’; FR/DE/IT aynı çıkarımı yapıyor; ES yalnız Holiday’nin mevcut olduğunu söylüyor.","Soruşturmanın sonuçlarını bildirmek için
Baker'ın bürosuna gittik.
Baker haber vermiş olacak ki
Müfettiş Holiday de oradaydı.",MANUEL İNCELENDİ,DEĞİŞTİ,v4’te ‘Belki Baker ona ulaşmıştır diye düşündük’ anlamsal olarak bozuktu; Holiday’nin orada olma nedeni doğal çıkarım olarak kuruldu.,"JP/ZH ‘Baker haber vermiş olmalı, Holiday de oradaydı’; FR/DE/IT aynı çıkarımı yapıyor; ES yalnız Holiday’nin mevcut olduğunu söylüyor.","Soruşturmanın sonuçlarını bildirmek için
Baker'ın bürosuna gittik.
Baker haber vermiş olacak ki
Müfettiş Holiday de oradaydı.",MANUEL İNCELENDİ,DEĞİŞTİ,v4’te ‘Belki Baker ona ulaşmıştır diye düşündük’ anlamsal olarak bozuktu; Holiday’nin orada olma nedeni doğal çıkarım olarak kuruldu.,"JP/ZH ‘Baker haber vermiş olmalı, Holiday de oradaydı’; FR/DE/IT aynı çıkarımı yapıyor; ES yalnız Holiday’nin mevcut olduğunu söylüyor.","Soruşturmanın sonuçlarını bildirmek için
Baker'ın bürosuna gittik.
Baker haber vermiş olacak ki
Müfettiş Holiday de oradaydı.",MANUEL İNCELENDİ,DEĞİŞTİ,v4’te ‘Belki Baker ona ulaşmıştır diye düşündük’ anlamsal olarak bozuktu; Holiday’nin orada olma nedeni doğal çıkarım olarak kuruldu.,"JP/ZH ‘Baker haber vermiş olmalı, Holiday de oradaydı’; FR/DE/IT aynı çıkarımı yapıyor; ES yalnız Holiday’nin mevcut olduğunu söylüyor.","Soruşturmanın sonuçlarını bildirmek için
Baker'ın bürosuna gittik.
Baker haber vermiş olacak ki
Müfettiş Holiday de oradaydı.",MANUEL İNCELENDİ,DEĞİŞTİ,v4’te ‘Belki Baker ona ulaşmıştır diye düşündük’ anlamsal olarak bozuktu; Holiday’nin orada olma nedeni doğal çıkarım olarak kuruldu.,"JP/ZH ‘Baker haber vermiş olmalı, Holiday de oradaydı’; FR/DE/IT aynı çıkarımı yapıyor; ES yalnız Holiday’nin mevcut olduğunu söylüyor.","Soruşturmanın sonuçlarını bildirmek için
Baker'ın bürosuna gittik.
Baker haber vermiş olacak ki
Müfettiş Holiday de oradaydı.",MANUEL İNCELENDİ,DEĞİŞTİ,v4’te ‘Belki Baker ona ulaşmıştır diye düşündük’ anlamsal olarak bozuktu; Holiday’nin orada olma nedeni doğal çıkarım olarak kuruldu.,"JP/ZH ‘Baker haber vermiş olmalı, Holiday de oradaydı’; FR/DE/IT aynı çıkarımı yapıyor; ES yalnız Holiday’nin mevcut olduğunu söylüyor.","Soruşturmanın sonuçlarını bildirmek için
Baker'ın bürosuna gittik.
Baker haber vermiş olacak ki
Müfettiş Holiday de oradaydı.",MANUEL İNCELENDİ,DEĞİŞTİ,v4’te ‘Belki Baker ona ulaşmıştır diye düşündük’ anlamsal olarak bozuktu; Holiday’nin orada olma nedeni doğal çıkarım olarak kuruldu.,"JP/ZH ‘Baker haber vermiş olmalı, Holiday de oradaydı’; FR/DE/IT aynı çıkarımı yapıyor; ES yalnız Holiday’nin mevcut olduğunu söylüyor.","Soruşturmanın sonuçlarını bildirmek için
Baker'ın bürosuna gittik.
Baker haber vermiş olacak ki
Müfettiş Holiday de oradaydı.",MANUEL İNCELENDİ,DEĞİŞTİ,v4’te ‘Belki Baker ona ulaşmıştır diye düşündük’ anlamsal olarak bozuktu; Holiday’nin orada olma nedeni doğal çıkarım olarak kuruldu.,"JP/ZH ‘Baker haber vermiş olmalı, Holiday de oradaydı’; FR/DE/IT aynı çıkarımı yapıyor; ES yalnız Holiday’nin mevcut olduğunu söylüyor."
106,LOAD_EP6_010,"The next day we headed to GNN at the time
we had agreed upon.","Le lendemain, nous nous sommes rendus
chez GNN à l'heure du rendez-vous.","Am nächsten Tag erschienen wir zur
ausgemachten Zeit bei GNN.","Il giorno dopo siamo andati
alla GNN all'orario concordato.","Al día siguiente acudimos a la
cadena GNN a la hora acordada.","翌日 ぼくたちは
約束の時間にGNNへ向かった","よくじつ ぼくたちは
やくそくのじかんにGNNへむかった","第二天，我们按约定的时间
前往了GNN。","隔天
我們依照約定的時間抵達GNN","Ertesi gün, kararlaştırdığımız saatte
GNN'e gittik.","Ertesi gün, kararlaştırdığımız saatte
GNN'e gittik.","Ertesi gün, kararlaştırdığımız saatte
GNN'e gittik.",MANUEL İNCELENDİ,AYNI KALDI,"Anlatı özeti Türkçede doğal; olay, özne ve zaman ilişkisi doğru.",JP/ZH + Avrupa dilleri aynı olay akışını doğruluyor; önemli nüans kaybı bulunmadı.,"Ertesi gün, kararlaştırdığımız saatte
GNN'e gittik.",MANUEL İNCELENDİ,AYNI KALDI,"Anlatı özeti Türkçede doğal; olay, özne ve zaman ilişkisi doğru.",JP/ZH + Avrupa dilleri aynı olay akışını doğruluyor; önemli nüans kaybı bulunmadı.,"Ertesi gün, kararlaştırdığımız saatte
GNN'e gittik.",MANUEL İNCELENDİ,AYNI KALDI,"Anlatı özeti Türkçede doğal; olay, özne ve zaman ilişkisi doğru.",JP/ZH + Avrupa dilleri aynı olay akışını doğruluyor; önemli nüans kaybı bulunmadı.,"Ertesi gün, kararlaştırdığımız saatte
GNN'e gittik.",MANUEL İNCELENDİ,AYNI KALDI,"Anlatı özeti Türkçede doğal; olay, özne ve zaman ilişkisi doğru.",JP/ZH + Avrupa dilleri aynı olay akışını doğruluyor; önemli nüans kaybı bulunmadı.,"Ertesi gün, kararlaştırdığımız saatte
GNN'e gittik.",MANUEL İNCELENDİ,AYNI KALDI,"Anlatı özeti Türkçede doğal; olay, özne ve zaman ilişkisi doğru.",JP/ZH + Avrupa dilleri aynı olay akışını doğruluyor; önemli nüans kaybı bulunmadı.,"Ertesi gün, kararlaştırdığımız saatte
GNN'e gittik.",MANUEL İNCELENDİ,AYNI KALDI,"Anlatı özeti Türkçede doğal; olay, özne ve zaman ilişkisi doğru.",JP/ZH + Avrupa dilleri aynı olay akışını doğruluyor; önemli nüans kaybı bulunmadı.,"Ertesi gün, kararlaştırdığımız saatte
GNN'e gittik.",MANUEL İNCELENDİ,AYNI KALDI,"Anlatı özeti Türkçede doğal; olay, özne ve zaman ilişkisi doğru.",JP/ZH + Avrupa dilleri aynı olay akışını doğruluyor; önemli nüans kaybı bulunmadı.,"Ertesi gün, kararlaştırdığımız saatte
GNN'e gittik.",MANUEL İNCELENDİ,AYNI KALDI,"Anlatı özeti Türkçede doğal; olay, özne ve zaman ilişkisi doğru.",JP/ZH + Avrupa dilleri aynı olay akışını doğruluyor; önemli nüans kaybı bulunmadı.,"Ertesi gün, kararlaştırdığımız saatte
GNN'e gittik.",MANUEL İNCELENDİ,AYNI KALDI,"Anlatı özeti Türkçede doğal; olay, özne ve zaman ilişkisi doğru.",JP/ZH + Avrupa dilleri aynı olay akışını doğruluyor; önemli nüans kaybı bulunmadı.,"Ertesi gün, kararlaştırdığımız saatte
GNN'e gittik.",MANUEL İNCELENDİ,AYNI KALDI,"Anlatı özeti Türkçede doğal; olay, özne ve zaman ilişkisi doğru.",JP/ZH + Avrupa dilleri aynı olay akışını doğruluyor; önemli nüans kaybı bulunmadı.,"Ertesi gün, kararlaştırdığımız saatte
GNN'e gittik.",MANUEL İNCELENDİ,AYNI KALDI,"Anlatı özeti Türkçede doğal; olay, özne ve zaman ilişkisi doğru.",JP/ZH + Avrupa dilleri aynı olay akışını doğruluyor; önemli nüans kaybı bulunmadı.,"Ertesi gün, kararlaştırdığımız saatte
GNN'e gittik.",MANUEL İNCELENDİ,AYNI KALDI,"Anlatı özeti Türkçede doğal; olay, özne ve zaman ilişkisi doğru.",JP/ZH + Avrupa dilleri aynı olay akışını doğruluyor; önemli nüans kaybı bulunmadı.
107,LOAD_EP6_020,"A nuisance of a Pokémon case was closed,
and the rehearsal began.","Une fois le Pokémon retrouvé
et le calme revenu, les répétitions
ont pu commencer.","Die mühselige Suche nach den Pokémon
war endlich vorbei und die Generalprobe
konnte beginnen.","Siamo finalmente riusciti a risolvere
gli inconvenienti causati dai Pokémon
e le prove hanno potuto cominciare.","Tras resolver los contratiempos
provocados por los Pokémon, nos
dispusimos a disfrutar del ensayo.","人騒がせな
ポケモンの捜索が終わり
リハーサルが始まった","ひとさわがせな
ポケモンのそうさくがおわり
リハーサルがはじまった","找到那只引起
骚乱的宝可梦之后，
彩排总算开始了。","找到那隻把大家
弄得人仰馬翻的寶可夢之後
彩排總算開始了","Pokémonların yol açtığı aksilikleri çözdük,
prova başladı.","Ortalığı birbirine katan Pokémon'u bulunca
prova başladı.","Ortalığı birbirine katan Pokémon'u bulunca
prova başladı.",MANUEL İNCELENDİ,DEĞİŞTİ,v4 ‘Pokémonların yol açtığı aksilikleri çözdük’ diyerek tek Pokémon aramasını çoğullaştırmıştı.,JP/ZH kargaşaya yol açan Pokémon’un bulunması/aranmasının bitmesi; FR Pokémon bulundu ve sakinlik döndü; DE arama bitti; IT/ES aksilikler çözüldü.,"Ortalığı birbirine katan Pokémon'u bulunca
prova başladı.",MANUEL İNCELENDİ,DEĞİŞTİ,v4 ‘Pokémonların yol açtığı aksilikleri çözdük’ diyerek tek Pokémon aramasını çoğullaştırmıştı.,JP/ZH kargaşaya yol açan Pokémon’un bulunması/aranmasının bitmesi; FR Pokémon bulundu ve sakinlik döndü; DE arama bitti; IT/ES aksilikler çözüldü.,"Ortalığı birbirine katan Pokémon'u bulunca
prova başladı.",MANUEL İNCELENDİ,DEĞİŞTİ,v4 ‘Pokémonların yol açtığı aksilikleri çözdük’ diyerek tek Pokémon aramasını çoğullaştırmıştı.,JP/ZH kargaşaya yol açan Pokémon’un bulunması/aranmasının bitmesi; FR Pokémon bulundu ve sakinlik döndü; DE arama bitti; IT/ES aksilikler çözüldü.,"Ortalığı birbirine katan Pokémon'u bulunca
prova başladı.",MANUEL İNCELENDİ,DEĞİŞTİ,v4 ‘Pokémonların yol açtığı aksilikleri çözdük’ diyerek tek Pokémon aramasını çoğullaştırmıştı.,JP/ZH kargaşaya yol açan Pokémon’un bulunması/aranmasının bitmesi; FR Pokémon bulundu ve sakinlik döndü; DE arama bitti; IT/ES aksilikler çözüldü.,"Ortalığı birbirine katan Pokémon'u bulunca
prova başladı.",MANUEL İNCELENDİ,DEĞİŞTİ,v4 ‘Pokémonların yol açtığı aksilikleri çözdük’ diyerek tek Pokémon aramasını çoğullaştırmıştı.,JP/ZH kargaşaya yol açan Pokémon’un bulunması/aranmasının bitmesi; FR Pokémon bulundu ve sakinlik döndü; DE arama bitti; IT/ES aksilikler çözüldü.,"Ortalığı birbirine katan Pokémon'u bulunca
prova başladı.",MANUEL İNCELENDİ,DEĞİŞTİ,v4 ‘Pokémonların yol açtığı aksilikleri çözdük’ diyerek tek Pokémon aramasını çoğullaştırmıştı.,JP/ZH kargaşaya yol açan Pokémon’un bulunması/aranmasının bitmesi; FR Pokémon bulundu ve sakinlik döndü; DE arama bitti; IT/ES aksilikler çözüldü.,"Ortalığı birbirine katan Pokémon'u bulunca
prova başladı.",MANUEL İNCELENDİ,DEĞİŞTİ,v4 ‘Pokémonların yol açtığı aksilikleri çözdük’ diyerek tek Pokémon aramasını çoğullaştırmıştı.,JP/ZH kargaşaya yol açan Pokémon’un bulunması/aranmasının bitmesi; FR Pokémon bulundu ve sakinlik döndü; DE arama bitti; IT/ES aksilikler çözüldü.,"Ortalığı birbirine katan Pokémon'u bulunca
prova başladı.",MANUEL İNCELENDİ,DEĞİŞTİ,v4 ‘Pokémonların yol açtığı aksilikleri çözdük’ diyerek tek Pokémon aramasını çoğullaştırmıştı.,JP/ZH kargaşaya yol açan Pokémon’un bulunması/aranmasının bitmesi; FR Pokémon bulundu ve sakinlik döndü; DE arama bitti; IT/ES aksilikler çözüldü.,"Ortalığı birbirine katan Pokémon'u bulunca
prova başladı.",MANUEL İNCELENDİ,DEĞİŞTİ,v4 ‘Pokémonların yol açtığı aksilikleri çözdük’ diyerek tek Pokémon aramasını çoğullaştırmıştı.,JP/ZH kargaşaya yol açan Pokémon’un bulunması/aranmasının bitmesi; FR Pokémon bulundu ve sakinlik döndü; DE arama bitti; IT/ES aksilikler çözüldü.,"Ortalığı birbirine katan Pokémon'u bulunca
prova başladı.",MANUEL İNCELENDİ,DEĞİŞTİ,v4 ‘Pokémonların yol açtığı aksilikleri çözdük’ diyerek tek Pokémon aramasını çoğullaştırmıştı.,JP/ZH kargaşaya yol açan Pokémon’un bulunması/aranmasının bitmesi; FR Pokémon bulundu ve sakinlik döndü; DE arama bitti; IT/ES aksilikler çözüldü.,"Ortalığı birbirine katan Pokémon'u bulunca
prova başladı.",MANUEL İNCELENDİ,DEĞİŞTİ,v4 ‘Pokémonların yol açtığı aksilikleri çözdük’ diyerek tek Pokémon aramasını çoğullaştırmıştı.,JP/ZH kargaşaya yol açan Pokémon’un bulunması/aranmasının bitmesi; FR Pokémon bulundu ve sakinlik döndü; DE arama bitti; IT/ES aksilikler çözüldü.,"Ortalığı birbirine katan Pokémon'u bulunca
prova başladı.",MANUEL İNCELENDİ,DEĞİŞTİ,v4 ‘Pokémonların yol açtığı aksilikleri çözdük’ diyerek tek Pokémon aramasını çoğullaştırmıştı.,JP/ZH kargaşaya yol açan Pokémon’un bulunması/aranmasının bitmesi; FR Pokémon bulundu ve sakinlik döndü; DE arama bitti; IT/ES aksilikler çözüldü.
108,LOAD_EP7_010,"We headed to the Baker Detective Agency to
ask about the locket.","Nous nous sommes rendus à l'agence Baker
pour en savoir plus sur le médaillon.","Wir machten uns auf zum Detektivbüro Baker,
um dort nach dem Medaillon zu fragen.","Siamo tornati all'Agenzia
Investigativa Baker per cercare
di saperne di più sul medaglione.","Regresamos a la agencia de
detectives para preguntar al
señor Baker sobre el medallón.","ぼくたちは ロケットについて
話を聞くため
ベイカー探偵事務所へ向かった","ぼくたちは ロケットについて
はなしをきくため
ベイカーたんていじむしょへむかった","我们为了打听
关于挂坠的信息，
前往了贝克侦探事务所。","為了詢問關於墜子的事
我們動身前往貝克偵探事務所","Madalya hakkında sormak için
Baker Dedektiflik Bürosu'na gittik.","Madalyon hakkında bilgi almak için
Baker Dedektiflik Bürosu'na gittik.","Madalyon hakkında bilgi almak için
Baker Dedektiflik Bürosu'na gittik.",MANUEL İNCELENDİ,DEĞİŞTİ,Locket ‘madalya’ değil ‘madalyon/kolye ucu’ anlamında.,"FR médaillon, DE Medaillon, IT medaglione, ES medallón, JP ロケット (locket), ZH pendant.","Madalyon hakkında bilgi almak için
Baker Dedektiflik Bürosu'na gittik.",MANUEL İNCELENDİ,DEĞİŞTİ,Locket ‘madalya’ değil ‘madalyon/kolye ucu’ anlamında.,"FR médaillon, DE Medaillon, IT medaglione, ES medallón, JP ロケット (locket), ZH pendant.","Madalyon hakkında bilgi almak için
Baker Dedektiflik Bürosu'na gittik.",MANUEL İNCELENDİ,DEĞİŞTİ,Locket ‘madalya’ değil ‘madalyon/kolye ucu’ anlamında.,"FR médaillon, DE Medaillon, IT medaglione, ES medallón, JP ロケット (locket), ZH pendant.","Madalyon hakkında bilgi almak için
Baker Dedektiflik Bürosu'na gittik.",MANUEL İNCELENDİ,DEĞİŞTİ,Locket ‘madalya’ değil ‘madalyon/kolye ucu’ anlamında.,"FR médaillon, DE Medaillon, IT medaglione, ES medallón, JP ロケット (locket), ZH pendant.","Madalyon hakkında bilgi almak için
Baker Dedektiflik Bürosu'na gittik.",MANUEL İNCELENDİ,DEĞİŞTİ,Locket ‘madalya’ değil ‘madalyon/kolye ucu’ anlamında.,"FR médaillon, DE Medaillon, IT medaglione, ES medallón, JP ロケット (locket), ZH pendant.","Madalyon hakkında bilgi almak için
Baker Dedektiflik Bürosu'na gittik.",MANUEL İNCELENDİ,DEĞİŞTİ,Locket ‘madalya’ değil ‘madalyon/kolye ucu’ anlamında.,"FR médaillon, DE Medaillon, IT medaglione, ES medallón, JP ロケット (locket), ZH pendant.","Madalyon hakkında bilgi almak için
Baker Dedektiflik Bürosu'na gittik.",MANUEL İNCELENDİ,DEĞİŞTİ,Locket ‘madalya’ değil ‘madalyon/kolye ucu’ anlamında.,"FR médaillon, DE Medaillon, IT medaglione, ES medallón, JP ロケット (locket), ZH pendant.","Madalyon hakkında bilgi almak için
Baker Dedektiflik Bürosu'na gittik.",MANUEL İNCELENDİ,DEĞİŞTİ,Locket ‘madalya’ değil ‘madalyon/kolye ucu’ anlamında.,"FR médaillon, DE Medaillon, IT medaglione, ES medallón, JP ロケット (locket), ZH pendant.","Madalyon hakkında bilgi almak için
Baker Dedektiflik Bürosu'na gittik.",MANUEL İNCELENDİ,DEĞİŞTİ,Locket ‘madalya’ değil ‘madalyon/kolye ucu’ anlamında.,"FR médaillon, DE Medaillon, IT medaglione, ES medallón, JP ロケット (locket), ZH pendant.","Madalyon hakkında bilgi almak için
Baker Dedektiflik Bürosu'na gittik.",MANUEL İNCELENDİ,DEĞİŞTİ,Locket ‘madalya’ değil ‘madalyon/kolye ucu’ anlamında.,"FR médaillon, DE Medaillon, IT medaglione, ES medallón, JP ロケット (locket), ZH pendant.","Madalyon hakkında bilgi almak için
Baker Dedektiflik Bürosu'na gittik.",MANUEL İNCELENDİ,DEĞİŞTİ,Locket ‘madalya’ değil ‘madalyon/kolye ucu’ anlamında.,"FR médaillon, DE Medaillon, IT medaglione, ES medallón, JP ロケット (locket), ZH pendant.","Madalyon hakkında bilgi almak için
Baker Dedektiflik Bürosu'na gittik.",MANUEL İNCELENDİ,DEĞİŞTİ,Locket ‘madalya’ değil ‘madalyon/kolye ucu’ anlamında.,"FR médaillon, DE Medaillon, IT medaglione, ES medallón, JP ロケット (locket), ZH pendant."
109,LOAD_EP7_020,"Based on the photos left by my father,
we headed to the warehouse area.","Les photos laissées par mon père nous ont
menés jusqu'aux zones d'entrepôts.","Die von Dad hinterlassenen Fotos
führten uns ins Lagerhallenviertel.","Dopo aver esaminato le foto
scattate da mio padre, ci siamo
diretti nella zona dei magazzini.","Tras comprobar las fotografías de mi padre,
nos dirigimos hacia el almacén.","父さんが残してくれた
写真を頼りに
ぼくたちは　倉庫街へ向かった","とうさんが のこしてくれた
しゃしんを たよりに
ぼくたちは そうこがいへ むかった","依靠父亲留下的相片，
我们前往了仓库区。","以父親留下的照片為線索
我們前往倉庫區","Babamın bıraktığı fotoğraflara dayanarak,
depo bölgesine doğru yola çıktık.","Babamın bıraktığı fotoğraflara dayanarak,
depo bölgesine doğru yola çıktık.","Babamın bıraktığı fotoğraflara dayanarak,
depo bölgesine doğru yola çıktık.",MANUEL İNCELENDİ,AYNI KALDI,"Anlatı özeti Türkçede doğal; olay, özne ve zaman ilişkisi doğru.",JP/ZH + Avrupa dilleri aynı olay akışını doğruluyor; önemli nüans kaybı bulunmadı.,"Babamın bıraktığı fotoğraflara dayanarak,
depo bölgesine doğru yola çıktık.",MANUEL İNCELENDİ,AYNI KALDI,"Anlatı özeti Türkçede doğal; olay, özne ve zaman ilişkisi doğru.",JP/ZH + Avrupa dilleri aynı olay akışını doğruluyor; önemli nüans kaybı bulunmadı.,"Babamın bıraktığı fotoğraflara dayanarak,
depo bölgesine doğru yola çıktık.",MANUEL İNCELENDİ,AYNI KALDI,"Anlatı özeti Türkçede doğal; olay, özne ve zaman ilişkisi doğru.",JP/ZH + Avrupa dilleri aynı olay akışını doğruluyor; önemli nüans kaybı bulunmadı.,"Babamın bıraktığı fotoğraflara dayanarak,
depo bölgesine doğru yola çıktık.",MANUEL İNCELENDİ,AYNI KALDI,"Anlatı özeti Türkçede doğal; olay, özne ve zaman ilişkisi doğru.",JP/ZH + Avrupa dilleri aynı olay akışını doğruluyor; önemli nüans kaybı bulunmadı.,"Babamın bıraktığı fotoğraflara dayanarak,
depo bölgesine doğru yola çıktık.",MANUEL İNCELENDİ,AYNI KALDI,"Anlatı özeti Türkçede doğal; olay, özne ve zaman ilişkisi doğru.",JP/ZH + Avrupa dilleri aynı olay akışını doğruluyor; önemli nüans kaybı bulunmadı.,"Babamın bıraktığı fotoğraflara dayanarak,
depo bölgesine doğru yola çıktık.",MANUEL İNCELENDİ,AYNI KALDI,"Anlatı özeti Türkçede doğal; olay, özne ve zaman ilişkisi doğru.",JP/ZH + Avrupa dilleri aynı olay akışını doğruluyor; önemli nüans kaybı bulunmadı.,"Babamın bıraktığı fotoğraflara dayanarak,
depo bölgesine doğru yola çıktık.",MANUEL İNCELENDİ,AYNI KALDI,"Anlatı özeti Türkçede doğal; olay, özne ve zaman ilişkisi doğru.",JP/ZH + Avrupa dilleri aynı olay akışını doğruluyor; önemli nüans kaybı bulunmadı.,"Babamın bıraktığı fotoğraflara dayanarak,
depo bölgesine doğru yola çıktık.",MANUEL İNCELENDİ,AYNI KALDI,"Anlatı özeti Türkçede doğal; olay, özne ve zaman ilişkisi doğru.",JP/ZH + Avrupa dilleri aynı olay akışını doğruluyor; önemli nüans kaybı bulunmadı.,"Babamın bıraktığı fotoğraflara dayanarak,
depo bölgesine doğru yola çıktık.",MANUEL İNCELENDİ,AYNI KALDI,"Anlatı özeti Türkçede doğal; olay, özne ve zaman ilişkisi doğru.",JP/ZH + Avrupa dilleri aynı olay akışını doğruluyor; önemli nüans kaybı bulunmadı.,"Babamın bıraktığı fotoğraflara dayanarak,
depo bölgesine doğru yola çıktık.",MANUEL İNCELENDİ,AYNI KALDI,"Anlatı özeti Türkçede doğal; olay, özne ve zaman ilişkisi doğru.",JP/ZH + Avrupa dilleri aynı olay akışını doğruluyor; önemli nüans kaybı bulunmadı.,"Babamın bıraktığı fotoğraflara dayanarak,
depo bölgesine doğru yola çıktık.",MANUEL İNCELENDİ,AYNI KALDI,"Anlatı özeti Türkçede doğal; olay, özne ve zaman ilişkisi doğru.",JP/ZH + Avrupa dilleri aynı olay akışını doğruluyor; önemli nüans kaybı bulunmadı.,"Babamın bıraktığı fotoğraflara dayanarak,
depo bölgesine doğru yola çıktık.",MANUEL İNCELENDİ,AYNI KALDI,"Anlatı özeti Türkçede doğal; olay, özne ve zaman ilişkisi doğru.",JP/ZH + Avrupa dilleri aynı olay akışını doğruluyor; önemli nüans kaybı bulunmadı.
110,LOAD_EP7_030,"We headed to the first floor to rescue Simon.
However, he proposed an idea that took us
completely off guard.","Nous nous sommes rendus au
rez-de-chaussée pour venir en aide à Simon.

Ce dernier nous a alors proposé un plan
pour le moins surprenant...","Wir kehrten ins Erdgeschoss zurück,
um Simon zu retten.
Dort unterbreitete er uns einen
unerwarteten Vorschlag...","Siamo riusciti a scendere
al piano terra per aiutare Simon.
La sua proposta
ci ha colti di sorpresa...","Descendimos al piso inferior
para así rescatar a Simon.
Pero al hablar con él, nos
propuso algo inesperado.","サイモンさんを助けるために
1階へ向かった

すると　サイモンさんから
思いもよらない提案を受けた","サイモンさんをたすけるために
1かいへ むかった

すると　サイモンさんから
おもいもよらない ていあんをうけた","为了帮助西蒙，
往一楼去了。

没想到，西蒙给了我们
一个意想不到的建议。","為了幫助賽門
我們前往一樓

沒想到
賽門給了我們一個意想不到的提案","Simon'ı kurtarmak için birinci kata indik.
Ama ortaya attığı fikir bizi
tamamen hazırlıksız yakaladı.","Simon'ı kurtarmak için alt kata indik.
Ama bize hiç beklemediğimiz
bir öneride bulundu.","Simon'ı kurtarmak için alt kata indik.
Ama bize hiç beklemediğimiz
bir öneride bulundu.",MANUEL İNCELENDİ,DEĞİŞTİ,‘Birinci kat’ bölgesel kat numaralandırmasında belirsiz; tüm bağlam aşağı kata gitmeyi söylüyor. ‘Hazırlıksız yakaladı’ İngilizce deyim izi kaldırıldı.,"FR rez-de-chaussée, ES piso inferior, JP/ZH 1. kat; tüm diller Simon’ın beklenmedik bir öneri sunduğunu söylüyor.","Simon'ı kurtarmak için alt kata indik.
Ama bize hiç beklemediğimiz
bir öneride bulundu.",MANUEL İNCELENDİ,DEĞİŞTİ,‘Birinci kat’ bölgesel kat numaralandırmasında belirsiz; tüm bağlam aşağı kata gitmeyi söylüyor. ‘Hazırlıksız yakaladı’ İngilizce deyim izi kaldırıldı.,"FR rez-de-chaussée, ES piso inferior, JP/ZH 1. kat; tüm diller Simon’ın beklenmedik bir öneri sunduğunu söylüyor.","Simon'ı kurtarmak için alt kata indik.
Ama bize hiç beklemediğimiz
bir öneride bulundu.",MANUEL İNCELENDİ,DEĞİŞTİ,‘Birinci kat’ bölgesel kat numaralandırmasında belirsiz; tüm bağlam aşağı kata gitmeyi söylüyor. ‘Hazırlıksız yakaladı’ İngilizce deyim izi kaldırıldı.,"FR rez-de-chaussée, ES piso inferior, JP/ZH 1. kat; tüm diller Simon’ın beklenmedik bir öneri sunduğunu söylüyor.","Simon'ı kurtarmak için alt kata indik.
Ama bize hiç beklemediğimiz
bir öneride bulundu.",MANUEL İNCELENDİ,DEĞİŞTİ,‘Birinci kat’ bölgesel kat numaralandırmasında belirsiz; tüm bağlam aşağı kata gitmeyi söylüyor. ‘Hazırlıksız yakaladı’ İngilizce deyim izi kaldırıldı.,"FR rez-de-chaussée, ES piso inferior, JP/ZH 1. kat; tüm diller Simon’ın beklenmedik bir öneri sunduğunu söylüyor.","Simon'ı kurtarmak için alt kata indik.
Ama bize hiç beklemediğimiz
bir öneride bulundu.",MANUEL İNCELENDİ,DEĞİŞTİ,‘Birinci kat’ bölgesel kat numaralandırmasında belirsiz; tüm bağlam aşağı kata gitmeyi söylüyor. ‘Hazırlıksız yakaladı’ İngilizce deyim izi kaldırıldı.,"FR rez-de-chaussée, ES piso inferior, JP/ZH 1. kat; tüm diller Simon’ın beklenmedik bir öneri sunduğunu söylüyor.","Simon'ı kurtarmak için alt kata indik.
Ama bize hiç beklemediğimiz
bir öneride bulundu.",MANUEL İNCELENDİ,DEĞİŞTİ,‘Birinci kat’ bölgesel kat numaralandırmasında belirsiz; tüm bağlam aşağı kata gitmeyi söylüyor. ‘Hazırlıksız yakaladı’ İngilizce deyim izi kaldırıldı.,"FR rez-de-chaussée, ES piso inferior, JP/ZH 1. kat; tüm diller Simon’ın beklenmedik bir öneri sunduğunu söylüyor.","Simon'ı kurtarmak için alt kata indik.
Ama bize hiç beklemediğimiz
bir öneride bulundu.",MANUEL İNCELENDİ,DEĞİŞTİ,‘Birinci kat’ bölgesel kat numaralandırmasında belirsiz; tüm bağlam aşağı kata gitmeyi söylüyor. ‘Hazırlıksız yakaladı’ İngilizce deyim izi kaldırıldı.,"FR rez-de-chaussée, ES piso inferior, JP/ZH 1. kat; tüm diller Simon’ın beklenmedik bir öneri sunduğunu söylüyor.","Simon'ı kurtarmak için alt kata indik.
Ama bize hiç beklemediğimiz
bir öneride bulundu.",MANUEL İNCELENDİ,DEĞİŞTİ,‘Birinci kat’ bölgesel kat numaralandırmasında belirsiz; tüm bağlam aşağı kata gitmeyi söylüyor. ‘Hazırlıksız yakaladı’ İngilizce deyim izi kaldırıldı.,"FR rez-de-chaussée, ES piso inferior, JP/ZH 1. kat; tüm diller Simon’ın beklenmedik bir öneri sunduğunu söylüyor.","Simon'ı kurtarmak için alt kata indik.
Ama bize hiç beklemediğimiz
bir öneride bulundu.",MANUEL İNCELENDİ,DEĞİŞTİ,‘Birinci kat’ bölgesel kat numaralandırmasında belirsiz; tüm bağlam aşağı kata gitmeyi söylüyor. ‘Hazırlıksız yakaladı’ İngilizce deyim izi kaldırıldı.,"FR rez-de-chaussée, ES piso inferior, JP/ZH 1. kat; tüm diller Simon’ın beklenmedik bir öneri sunduğunu söylüyor.","Simon'ı kurtarmak için alt kata indik.
Ama bize hiç beklemediğimiz
bir öneride bulundu.",MANUEL İNCELENDİ,DEĞİŞTİ,‘Birinci kat’ bölgesel kat numaralandırmasında belirsiz; tüm bağlam aşağı kata gitmeyi söylüyor. ‘Hazırlıksız yakaladı’ İngilizce deyim izi kaldırıldı.,"FR rez-de-chaussée, ES piso inferior, JP/ZH 1. kat; tüm diller Simon’ın beklenmedik bir öneri sunduğunu söylüyor.","Simon'ı kurtarmak için alt kata indik.
Ama bize hiç beklemediğimiz
bir öneride bulundu.",MANUEL İNCELENDİ,DEĞİŞTİ,‘Birinci kat’ bölgesel kat numaralandırmasında belirsiz; tüm bağlam aşağı kata gitmeyi söylüyor. ‘Hazırlıksız yakaladı’ İngilizce deyim izi kaldırıldı.,"FR rez-de-chaussée, ES piso inferior, JP/ZH 1. kat; tüm diller Simon’ın beklenmedik bir öneri sunduğunu söylüyor.","Simon'ı kurtarmak için alt kata indik.
Ama bize hiç beklemediğimiz
bir öneride bulundu.",MANUEL İNCELENDİ,DEĞİŞTİ,‘Birinci kat’ bölgesel kat numaralandırmasında belirsiz; tüm bağlam aşağı kata gitmeyi söylüyor. ‘Hazırlıksız yakaladı’ İngilizce deyim izi kaldırıldı.,"FR rez-de-chaussée, ES piso inferior, JP/ZH 1. kat; tüm diller Simon’ın beklenmedik bir öneri sunduğunu söylüyor."
111,LOAD_EP8_010,"We stayed as quiet as we could in there,
in the dark, for quite a long time, all to figure
out where R would eventually end up. ","Pour découvrir où le R devait être transporté,
nous avons attendu dans le noir sans faire
de bruit. Le temps nous a paru interminable...","Wir harrten lange Zeit leise atmend in der
Dunkelheit aus, um herauszufinden,
wohin R geliefert werden sollte.","Siamo rimasti a lungo nascosti
al buio e in silenzio sperando
di scoprire dov'era diretto l'agente R.","Permanecimos en silencio y a oscuras
durante largo tiempo con el objetivo de
descubrir adónde enviaban la sustancia R.","ぼくらは長い時間
暗闇のなかで 息を潜めていた

Rの終着点が どこなのか
それを つきとめるために","ぼくらは ながいじかん
くらやみのなかで　いきをひそめていた

Rのしゅうちゃくてんが どこなのか
それを つきとめるために","为了查出R最终
会被运往哪里，

我们在黑暗中
屏息静气地潜伏了很久。","我們屏住氣息
在黑暗裡度過漫長的時間

這都是為了找出
R被運往的地點","Orada, karanlığın içinde,
R'nin sonunda nereye gittiğini anlamak için
uzun süre sessizce bekledik.","R'nin en sonunda nereye götürüldüğünü öğrenmek için
karanlıkta uzun süre sessizce bekledik.","R'nin en sonunda nereye götürüldüğünü öğrenmek için
karanlıkta uzun süre sessizce bekledik.",MANUEL İNCELENDİ,DEĞİŞTİ,R kendi kendine ‘gitmiyor’; sevkiyatın nihai noktası araştırılıyor. Cümle sadeleştirildi.,FR/DE/IT/ES R’nin nereye taşınacağı/gönderileceği; JP/ZH R’nin nihai varış noktası; EN eventual end up.,"R'nin en sonunda nereye götürüldüğünü öğrenmek için
karanlıkta uzun süre sessizce bekledik.",MANUEL İNCELENDİ,DEĞİŞTİ,R kendi kendine ‘gitmiyor’; sevkiyatın nihai noktası araştırılıyor. Cümle sadeleştirildi.,FR/DE/IT/ES R’nin nereye taşınacağı/gönderileceği; JP/ZH R’nin nihai varış noktası; EN eventual end up.,"R'nin en sonunda nereye götürüldüğünü öğrenmek için
karanlıkta uzun süre sessizce bekledik.",MANUEL İNCELENDİ,DEĞİŞTİ,R kendi kendine ‘gitmiyor’; sevkiyatın nihai noktası araştırılıyor. Cümle sadeleştirildi.,FR/DE/IT/ES R’nin nereye taşınacağı/gönderileceği; JP/ZH R’nin nihai varış noktası; EN eventual end up.,"R'nin en sonunda nereye götürüldüğünü öğrenmek için
karanlıkta uzun süre sessizce bekledik.",MANUEL İNCELENDİ,DEĞİŞTİ,R kendi kendine ‘gitmiyor’; sevkiyatın nihai noktası araştırılıyor. Cümle sadeleştirildi.,FR/DE/IT/ES R’nin nereye taşınacağı/gönderileceği; JP/ZH R’nin nihai varış noktası; EN eventual end up.,"R'nin en sonunda nereye götürüldüğünü öğrenmek için
karanlıkta uzun süre sessizce bekledik.",MANUEL İNCELENDİ,DEĞİŞTİ,R kendi kendine ‘gitmiyor’; sevkiyatın nihai noktası araştırılıyor. Cümle sadeleştirildi.,FR/DE/IT/ES R’nin nereye taşınacağı/gönderileceği; JP/ZH R’nin nihai varış noktası; EN eventual end up.,"R'nin en sonunda nereye götürüldüğünü öğrenmek için
karanlıkta uzun süre sessizce bekledik.",MANUEL İNCELENDİ,DEĞİŞTİ,R kendi kendine ‘gitmiyor’; sevkiyatın nihai noktası araştırılıyor. Cümle sadeleştirildi.,FR/DE/IT/ES R’nin nereye taşınacağı/gönderileceği; JP/ZH R’nin nihai varış noktası; EN eventual end up.,"R'nin en sonunda nereye götürüldüğünü öğrenmek için
karanlıkta uzun süre sessizce bekledik.",MANUEL İNCELENDİ,DEĞİŞTİ,R kendi kendine ‘gitmiyor’; sevkiyatın nihai noktası araştırılıyor. Cümle sadeleştirildi.,FR/DE/IT/ES R’nin nereye taşınacağı/gönderileceği; JP/ZH R’nin nihai varış noktası; EN eventual end up.,"R'nin en sonunda nereye götürüldüğünü öğrenmek için
karanlıkta uzun süre sessizce bekledik.",MANUEL İNCELENDİ,DEĞİŞTİ,R kendi kendine ‘gitmiyor’; sevkiyatın nihai noktası araştırılıyor. Cümle sadeleştirildi.,FR/DE/IT/ES R’nin nereye taşınacağı/gönderileceği; JP/ZH R’nin nihai varış noktası; EN eventual end up.,"R'nin en sonunda nereye götürüldüğünü öğrenmek için
karanlıkta uzun süre sessizce bekledik.",MANUEL İNCELENDİ,DEĞİŞTİ,R kendi kendine ‘gitmiyor’; sevkiyatın nihai noktası araştırılıyor. Cümle sadeleştirildi.,FR/DE/IT/ES R’nin nereye taşınacağı/gönderileceği; JP/ZH R’nin nihai varış noktası; EN eventual end up.,"R'nin en sonunda nereye götürüldüğünü öğrenmek için
karanlıkta uzun süre sessizce bekledik.",MANUEL İNCELENDİ,DEĞİŞTİ,R kendi kendine ‘gitmiyor’; sevkiyatın nihai noktası araştırılıyor. Cümle sadeleştirildi.,FR/DE/IT/ES R’nin nereye taşınacağı/gönderileceği; JP/ZH R’nin nihai varış noktası; EN eventual end up.,"R'nin en sonunda nereye götürüldüğünü öğrenmek için
karanlıkta uzun süre sessizce bekledik.",MANUEL İNCELENDİ,DEĞİŞTİ,R kendi kendine ‘gitmiyor’; sevkiyatın nihai noktası araştırılıyor. Cümle sadeleştirildi.,FR/DE/IT/ES R’nin nereye taşınacağı/gönderileceği; JP/ZH R’nin nihai varış noktası; EN eventual end up.,"R'nin en sonunda nereye götürüldüğünü öğrenmek için
karanlıkta uzun süre sessizce bekledik.",MANUEL İNCELENDİ,DEĞİŞTİ,R kendi kendine ‘gitmiyor’; sevkiyatın nihai noktası araştırılıyor. Cümle sadeleştirildi.,FR/DE/IT/ES R’nin nereye taşınacağı/gönderileceği; JP/ZH R’nin nihai varış noktası; EN eventual end up.
112,LOAD_EP8_020,"We solved the case of the suitcase, but there's
still more for us to do. We'll have to infiltrate
the auction if we want to catch Keith.","L'affaire de la valise était résolue,
mais l'enquête n'était pas terminée.

Nous devions nous infiltrer dans la vente
aux enchères pour arrêter Keith.","Wir hatten den Fall mit dem Koffer gelöst,
aber wir mussten uns immer noch in die
Auktion schmuggeln, um Keith zu schnappen.","Abbiamo risolto il caso della valigia,
ma abbiamo un'altra missione:
infiltrarci nell'asta e prendere Keith!","A pesar de haber resuelto el caso de la
maleta, aún queda mucho por hacer.
Vamos a participar en la subasta
con la intención de atrapar a Keith.","カバンの事件は解決したが
ぼくたちには やることがある

キースを捕まえるために
オークションに潜入だ","カバンのじけんは かいけつしたが
ぼくたちには やることがある

キースをつかまえるために
オークションに せんにゅうだ","包包的事件解决了，
但是我们又有事做了。

为了抓住基思，
我们潜入了拍卖会。","包包事件解決了
但我們還有其他事情得做

為了逮住基斯
我們必須潛入拍賣會","Valiz vakasını çözdük ama
işimiz henüz bitmedi. Keith'i yakalamak için
müzayedeye sızmamız gerekecek.","Valiz vakasını çözdük ama
işimiz henüz bitmedi. Keith'i yakalamak için
müzayedeye sızmamız gerekecek.","Valiz vakasını çözdük ama
işimiz henüz bitmedi. Keith'i yakalamak için
müzayedeye sızmamız gerekecek.",MANUEL İNCELENDİ,AYNI KALDI,"Anlatı özeti Türkçede doğal; olay, özne ve zaman ilişkisi doğru.",JP/ZH + Avrupa dilleri aynı olay akışını doğruluyor; önemli nüans kaybı bulunmadı.,"Valiz vakasını çözdük ama
işimiz henüz bitmedi. Keith'i yakalamak için
müzayedeye sızmamız gerekecek.",MANUEL İNCELENDİ,AYNI KALDI,"Anlatı özeti Türkçede doğal; olay, özne ve zaman ilişkisi doğru.",JP/ZH + Avrupa dilleri aynı olay akışını doğruluyor; önemli nüans kaybı bulunmadı.,"Valiz vakasını çözdük ama
işimiz henüz bitmedi. Keith'i yakalamak için
müzayedeye sızmamız gerekecek.",MANUEL İNCELENDİ,AYNI KALDI,"Anlatı özeti Türkçede doğal; olay, özne ve zaman ilişkisi doğru.",JP/ZH + Avrupa dilleri aynı olay akışını doğruluyor; önemli nüans kaybı bulunmadı.,"Valiz vakasını çözdük ama
işimiz henüz bitmedi. Keith'i yakalamak için
müzayedeye sızmamız gerekecek.",MANUEL İNCELENDİ,AYNI KALDI,"Anlatı özeti Türkçede doğal; olay, özne ve zaman ilişkisi doğru.",JP/ZH + Avrupa dilleri aynı olay akışını doğruluyor; önemli nüans kaybı bulunmadı.,"Valiz vakasını çözdük ama
işimiz henüz bitmedi. Keith'i yakalamak için
müzayedeye sızmamız gerekecek.",MANUEL İNCELENDİ,AYNI KALDI,"Anlatı özeti Türkçede doğal; olay, özne ve zaman ilişkisi doğru.",JP/ZH + Avrupa dilleri aynı olay akışını doğruluyor; önemli nüans kaybı bulunmadı.,"Valiz vakasını çözdük ama
işimiz henüz bitmedi. Keith'i yakalamak için
müzayedeye sızmamız gerekecek.",MANUEL İNCELENDİ,AYNI KALDI,"Anlatı özeti Türkçede doğal; olay, özne ve zaman ilişkisi doğru.",JP/ZH + Avrupa dilleri aynı olay akışını doğruluyor; önemli nüans kaybı bulunmadı.,"Valiz vakasını çözdük ama
işimiz henüz bitmedi. Keith'i yakalamak için
müzayedeye sızmamız gerekecek.",MANUEL İNCELENDİ,AYNI KALDI,"Anlatı özeti Türkçede doğal; olay, özne ve zaman ilişkisi doğru.",JP/ZH + Avrupa dilleri aynı olay akışını doğruluyor; önemli nüans kaybı bulunmadı.,"Valiz vakasını çözdük ama
işimiz henüz bitmedi. Keith'i yakalamak için
müzayedeye sızmamız gerekecek.",MANUEL İNCELENDİ,AYNI KALDI,"Anlatı özeti Türkçede doğal; olay, özne ve zaman ilişkisi doğru.",JP/ZH + Avrupa dilleri aynı olay akışını doğruluyor; önemli nüans kaybı bulunmadı.,"Valiz vakasını çözdük ama
işimiz henüz bitmedi. Keith'i yakalamak için
müzayedeye sızmamız gerekecek.",MANUEL İNCELENDİ,AYNI KALDI,"Anlatı özeti Türkçede doğal; olay, özne ve zaman ilişkisi doğru.",JP/ZH + Avrupa dilleri aynı olay akışını doğruluyor; önemli nüans kaybı bulunmadı.,"Valiz vakasını çözdük ama
işimiz henüz bitmedi. Keith'i yakalamak için
müzayedeye sızmamız gerekecek.",MANUEL İNCELENDİ,AYNI KALDI,"Anlatı özeti Türkçede doğal; olay, özne ve zaman ilişkisi doğru.",JP/ZH + Avrupa dilleri aynı olay akışını doğruluyor; önemli nüans kaybı bulunmadı.,"Valiz vakasını çözdük ama
işimiz henüz bitmedi. Keith'i yakalamak için
müzayedeye sızmamız gerekecek.",MANUEL İNCELENDİ,AYNI KALDI,"Anlatı özeti Türkçede doğal; olay, özne ve zaman ilişkisi doğru.",JP/ZH + Avrupa dilleri aynı olay akışını doğruluyor; önemli nüans kaybı bulunmadı.,"Valiz vakasını çözdük ama
işimiz henüz bitmedi. Keith'i yakalamak için
müzayedeye sızmamız gerekecek.",MANUEL İNCELENDİ,AYNI KALDI,"Anlatı özeti Türkçede doğal; olay, özne ve zaman ilişkisi doğru.",JP/ZH + Avrupa dilleri aynı olay akışını doğruluyor; önemli nüans kaybı bulunmadı.
113,LOAD_EP9_010,"Someone from GNN is trying to disperse R at
the parade. We rushed over to the Baker
Detective Agency to try to stop them.","Quelqu'un de GNN comptait répandre du R
pendant le défilé.

Nous sommes retournés à l'agence Baker
au plus vite pour empêcher cela.","Jemand von GNN hat geplant, während der
Parade R freizusetzen.
So eilten wir zum Detektivbüro Baker,
um diese Katastrophe zu verhindern.","Qualcuno della GNN ha intenzione di
disperdere l'agente R durante la parata!
Dobbiamo tornare immediatamente
all'Agenzia Investigativa Baker
per preparare un piano per fermarlo.","Alguien de la GNN, cuya identidad
desconocemos, pretende esparcir
la sustancia R durante el desfile.
Para detener ese plan, nos dirigimos
a toda prisa a la agencia de detectives.","GNNの誰かが
パレードでRをまこうとしている

それを阻止するため
ぼくたちは 急いで
ベイカー探偵事務所へ向かった","GNNの だれかが
パレードで Rを まこうとしている

それを そしするため
ぼくたちは いそいで
ベイカーたんていじむしょへ むかった","GNN里的某人
打算在游行时散播R。

为了阻止这件事发生，
我们赶紧前往
贝克侦探事务所。","GNN裡的某人
計畫在遊行裡散布R

為了阻止這個計畫
我們火速前往
貝克偵探事務所","GNN'den biri geçit töreninde
R'yi ortalığa yaymaya çalışıyor. Onları durdurmak için
Baker Dedektiflik Bürosu'na koştuk.","GNN'den biri geçit töreninde
R'yi yaymayı planlıyor. Onu durdurmak için
Baker Dedektiflik Bürosu'na koştuk.","GNN'den biri geçit töreninde
R'yi yaymayı planlıyor. Onu durdurmak için
Baker Dedektiflik Bürosu'na koştuk.",MANUEL İNCELENDİ,DEĞİŞTİ,‘Onları’ çoğul özne hatasıydı; ‘R’yi ortalığa yaymak’ da yapaydı.,EN/FR/DE/IT/ES/JP/ZH tekil/kimliği bilinmeyen bir GNN kişisi ve R’yi parade sırasında yayma planı.,"GNN'den biri geçit töreninde
R'yi yaymayı planlıyor. Onu durdurmak için
Baker Dedektiflik Bürosu'na koştuk.",MANUEL İNCELENDİ,DEĞİŞTİ,‘Onları’ çoğul özne hatasıydı; ‘R’yi ortalığa yaymak’ da yapaydı.,EN/FR/DE/IT/ES/JP/ZH tekil/kimliği bilinmeyen bir GNN kişisi ve R’yi parade sırasında yayma planı.,"GNN'den biri geçit töreninde
R'yi yaymayı planlıyor. Onu durdurmak için
Baker Dedektiflik Bürosu'na koştuk.",MANUEL İNCELENDİ,DEĞİŞTİ,‘Onları’ çoğul özne hatasıydı; ‘R’yi ortalığa yaymak’ da yapaydı.,EN/FR/DE/IT/ES/JP/ZH tekil/kimliği bilinmeyen bir GNN kişisi ve R’yi parade sırasında yayma planı.,"GNN'den biri geçit töreninde
R'yi yaymayı planlıyor. Onu durdurmak için
Baker Dedektiflik Bürosu'na koştuk.",MANUEL İNCELENDİ,DEĞİŞTİ,‘Onları’ çoğul özne hatasıydı; ‘R’yi ortalığa yaymak’ da yapaydı.,EN/FR/DE/IT/ES/JP/ZH tekil/kimliği bilinmeyen bir GNN kişisi ve R’yi parade sırasında yayma planı.,"GNN'den biri geçit töreninde
R'yi yaymayı planlıyor. Onu durdurmak için
Baker Dedektiflik Bürosu'na koştuk.",MANUEL İNCELENDİ,DEĞİŞTİ,‘Onları’ çoğul özne hatasıydı; ‘R’yi ortalığa yaymak’ da yapaydı.,EN/FR/DE/IT/ES/JP/ZH tekil/kimliği bilinmeyen bir GNN kişisi ve R’yi parade sırasında yayma planı.,"GNN'den biri geçit töreninde
R'yi yaymayı planlıyor. Onu durdurmak için
Baker Dedektiflik Bürosu'na koştuk.",MANUEL İNCELENDİ,DEĞİŞTİ,‘Onları’ çoğul özne hatasıydı; ‘R’yi ortalığa yaymak’ da yapaydı.,EN/FR/DE/IT/ES/JP/ZH tekil/kimliği bilinmeyen bir GNN kişisi ve R’yi parade sırasında yayma planı.,"GNN'den biri geçit töreninde
R'yi yaymayı planlıyor. Onu durdurmak için
Baker Dedektiflik Bürosu'na koştuk.",MANUEL İNCELENDİ,DEĞİŞTİ,‘Onları’ çoğul özne hatasıydı; ‘R’yi ortalığa yaymak’ da yapaydı.,EN/FR/DE/IT/ES/JP/ZH tekil/kimliği bilinmeyen bir GNN kişisi ve R’yi parade sırasında yayma planı.,"GNN'den biri geçit töreninde
R'yi yaymayı planlıyor. Onu durdurmak için
Baker Dedektiflik Bürosu'na koştuk.",MANUEL İNCELENDİ,DEĞİŞTİ,‘Onları’ çoğul özne hatasıydı; ‘R’yi ortalığa yaymak’ da yapaydı.,EN/FR/DE/IT/ES/JP/ZH tekil/kimliği bilinmeyen bir GNN kişisi ve R’yi parade sırasında yayma planı.,"GNN'den biri geçit töreninde
R'yi yaymayı planlıyor. Onu durdurmak için
Baker Dedektiflik Bürosu'na koştuk.",MANUEL İNCELENDİ,DEĞİŞTİ,‘Onları’ çoğul özne hatasıydı; ‘R’yi ortalığa yaymak’ da yapaydı.,EN/FR/DE/IT/ES/JP/ZH tekil/kimliği bilinmeyen bir GNN kişisi ve R’yi parade sırasında yayma planı.,"GNN'den biri geçit töreninde
R'yi yaymayı planlıyor. Onu durdurmak için
Baker Dedektiflik Bürosu'na koştuk.",MANUEL İNCELENDİ,DEĞİŞTİ,‘Onları’ çoğul özne hatasıydı; ‘R’yi ortalığa yaymak’ da yapaydı.,EN/FR/DE/IT/ES/JP/ZH tekil/kimliği bilinmeyen bir GNN kişisi ve R’yi parade sırasında yayma planı.,"GNN'den biri geçit töreninde
R'yi yaymayı planlıyor. Onu durdurmak için
Baker Dedektiflik Bürosu'na koştuk.",MANUEL İNCELENDİ,DEĞİŞTİ,‘Onları’ çoğul özne hatasıydı; ‘R’yi ortalığa yaymak’ da yapaydı.,EN/FR/DE/IT/ES/JP/ZH tekil/kimliği bilinmeyen bir GNN kişisi ve R’yi parade sırasında yayma planı.,"GNN'den biri geçit töreninde
R'yi yaymayı planlıyor. Onu durdurmak için
Baker Dedektiflik Bürosu'na koştuk.",MANUEL İNCELENDİ,DEĞİŞTİ,‘Onları’ çoğul özne hatasıydı; ‘R’yi ortalığa yaymak’ da yapaydı.,EN/FR/DE/IT/ES/JP/ZH tekil/kimliği bilinmeyen bir GNN kişisi ve R’yi parade sırasında yayma planı.
114,LOAD_EP9_020,"R is going to be dispersed at 8 p.m.
There wasn't much time, so we rushed to the
central square.","Le R devait être répandu à 20 heures.

Pressés par le temps, nous nous sommes
précipités vers la place centrale.","R soll um 20 Uhr freigesetzt werden.
Wohl wissend, dass uns nicht mehr viel Zeit
blieb, rannten wir zum Zentralplaza.","Vogliono disperdere l'agente R alle 20:00!
Non abbiamo molto tempo! Andiamo
immediatamente nella piazza principale!","Van a esparcir la sustancia R a las
20:00 y, como apenas queda tiempo,
nos apresuramos a la plaza central.","8時にRがまかれてしまう

時間がない
ぼくたちは 中央広場へ急いだ","8じに Rが まかれてしまう

じかんが ない
ぼくたちは ちゅうおうひろばへ いそいだ","R将在8点被散播出去。

没时间了，
我们赶紧前往中央广场。","R會在8點時被散布

所剩時間不多
我們急忙趕到中央廣場","R akşam 20.00'de dağıtılacak.
Pek vaktimiz yoktu, bu yüzden
merkez meydana koştuk.","R saat 20.00'de yayılacak.
Vakit daralıyordu;
merkez meydana koştuk.","R saat 20.00'de yayılacak.
Vakit daralıyordu;
merkez meydana koştuk.",MANUEL İNCELENDİ,DEĞİŞTİ,‘Dağıtılacak’ ürün dağıtımı çağrıştırıyordu; kimyasal madde ‘yayılacak’. ‘Akşam 20.00’ gereksiz tekrar.,"FR répandu, DE freigesetzt, IT/ES/JP/ZH disperse/spread/release anlamında; hepsi 20:00 ve merkez meydana acele etmeyi söylüyor.","R saat 20.00'de yayılacak.
Vakit daralıyordu;
merkez meydana koştuk.",MANUEL İNCELENDİ,DEĞİŞTİ,‘Dağıtılacak’ ürün dağıtımı çağrıştırıyordu; kimyasal madde ‘yayılacak’. ‘Akşam 20.00’ gereksiz tekrar.,"FR répandu, DE freigesetzt, IT/ES/JP/ZH disperse/spread/release anlamında; hepsi 20:00 ve merkez meydana acele etmeyi söylüyor.","R saat 20.00'de yayılacak.
Vakit daralıyordu;
merkez meydana koştuk.",MANUEL İNCELENDİ,DEĞİŞTİ,‘Dağıtılacak’ ürün dağıtımı çağrıştırıyordu; kimyasal madde ‘yayılacak’. ‘Akşam 20.00’ gereksiz tekrar.,"FR répandu, DE freigesetzt, IT/ES/JP/ZH disperse/spread/release anlamında; hepsi 20:00 ve merkez meydana acele etmeyi söylüyor.","R saat 20.00'de yayılacak.
Vakit daralıyordu;
merkez meydana koştuk.",MANUEL İNCELENDİ,DEĞİŞTİ,‘Dağıtılacak’ ürün dağıtımı çağrıştırıyordu; kimyasal madde ‘yayılacak’. ‘Akşam 20.00’ gereksiz tekrar.,"FR répandu, DE freigesetzt, IT/ES/JP/ZH disperse/spread/release anlamında; hepsi 20:00 ve merkez meydana acele etmeyi söylüyor.","R saat 20.00'de yayılacak.
Vakit daralıyordu;
merkez meydana koştuk.",MANUEL İNCELENDİ,DEĞİŞTİ,‘Dağıtılacak’ ürün dağıtımı çağrıştırıyordu; kimyasal madde ‘yayılacak’. ‘Akşam 20.00’ gereksiz tekrar.,"FR répandu, DE freigesetzt, IT/ES/JP/ZH disperse/spread/release anlamında; hepsi 20:00 ve merkez meydana acele etmeyi söylüyor.","R saat 20.00'de yayılacak.
Vakit daralıyordu;
merkez meydana koştuk.",MANUEL İNCELENDİ,DEĞİŞTİ,‘Dağıtılacak’ ürün dağıtımı çağrıştırıyordu; kimyasal madde ‘yayılacak’. ‘Akşam 20.00’ gereksiz tekrar.,"FR répandu, DE freigesetzt, IT/ES/JP/ZH disperse/spread/release anlamında; hepsi 20:00 ve merkez meydana acele etmeyi söylüyor.","R saat 20.00'de yayılacak.
Vakit daralıyordu;
merkez meydana koştuk.",MANUEL İNCELENDİ,DEĞİŞTİ,‘Dağıtılacak’ ürün dağıtımı çağrıştırıyordu; kimyasal madde ‘yayılacak’. ‘Akşam 20.00’ gereksiz tekrar.,"FR répandu, DE freigesetzt, IT/ES/JP/ZH disperse/spread/release anlamında; hepsi 20:00 ve merkez meydana acele etmeyi söylüyor.","R saat 20.00'de yayılacak.
Vakit daralıyordu;
merkez meydana koştuk.",MANUEL İNCELENDİ,DEĞİŞTİ,‘Dağıtılacak’ ürün dağıtımı çağrıştırıyordu; kimyasal madde ‘yayılacak’. ‘Akşam 20.00’ gereksiz tekrar.,"FR répandu, DE freigesetzt, IT/ES/JP/ZH disperse/spread/release anlamında; hepsi 20:00 ve merkez meydana acele etmeyi söylüyor.","R saat 20.00'de yayılacak.
Vakit daralıyordu;
merkez meydana koştuk.",MANUEL İNCELENDİ,DEĞİŞTİ,‘Dağıtılacak’ ürün dağıtımı çağrıştırıyordu; kimyasal madde ‘yayılacak’. ‘Akşam 20.00’ gereksiz tekrar.,"FR répandu, DE freigesetzt, IT/ES/JP/ZH disperse/spread/release anlamında; hepsi 20:00 ve merkez meydana acele etmeyi söylüyor.","R saat 20.00'de yayılacak.
Vakit daralıyordu;
merkez meydana koştuk.",MANUEL İNCELENDİ,DEĞİŞTİ,‘Dağıtılacak’ ürün dağıtımı çağrıştırıyordu; kimyasal madde ‘yayılacak’. ‘Akşam 20.00’ gereksiz tekrar.,"FR répandu, DE freigesetzt, IT/ES/JP/ZH disperse/spread/release anlamında; hepsi 20:00 ve merkez meydana acele etmeyi söylüyor.","R saat 20.00'de yayılacak.
Vakit daralıyordu;
merkez meydana koştuk.",MANUEL İNCELENDİ,DEĞİŞTİ,‘Dağıtılacak’ ürün dağıtımı çağrıştırıyordu; kimyasal madde ‘yayılacak’. ‘Akşam 20.00’ gereksiz tekrar.,"FR répandu, DE freigesetzt, IT/ES/JP/ZH disperse/spread/release anlamında; hepsi 20:00 ve merkez meydana acele etmeyi söylüyor.","R saat 20.00'de yayılacak.
Vakit daralıyordu;
merkez meydana koştuk.",MANUEL İNCELENDİ,DEĞİŞTİ,‘Dağıtılacak’ ürün dağıtımı çağrıştırıyordu; kimyasal madde ‘yayılacak’. ‘Akşam 20.00’ gereksiz tekrar.,"FR répandu, DE freigesetzt, IT/ES/JP/ZH disperse/spread/release anlamında; hepsi 20:00 ve merkez meydana acele etmeyi söylüyor."
115,LOAD_EP9_030,"Pikachu had passed out, so I picked him up
and went back to my dad's apartment. I was
exhausted and slept like a log.","Je suis retourné chez mon père en portant
Pikachu, inconscient, dans mes bras.

Exténué, je suis tombé dans un
profond sommeil.","Pikachu hatte das Bewusstsein verloren,
also trug ich ihn zurück in Dads Wohnung.
Ich war fix und fertig und schlief wie ein Stein.","Ho preso in braccio Pikachu, che era svenuto,
e l'ho portato a casa di mio padre.
Ero esausto e mi sono addormentato subito.","Cogí en brazos a Pikachu, que había perdido el
conocimiento, y regresé a casa de mi padre.
Una vez allí, a causa de la fatiga acumulada,
caí rendido en la cama y dormí a pierna suelta.","気を失ったピカチュウを抱えて
父さんの部屋へ帰った

疲れきったぼくは
泥のように眠ってしまった","きを うしなった ピカチュウを かかえて
とうさんの へやへと かえった

つかれきった ぼくは
どろのように ねむってしまった","我抱起失去知觉的皮卡丘，
回到了我父亲的房间里。

精疲力尽的我
就这样睡得不省人事。","抱著失去意識的皮卡丘
我回到了父親的房間

精疲力盡的我
就這樣睡得不省人事","Pikachu bayılmıştı; ben de onu kucağıma alıp
babamın dairesine döndüm. Çok
yorgundum, kütük gibi uyudum.","Pikachu bayılmıştı; onu kucağıma alıp
babamın dairesine döndüm.
Yorgunluktan sızıp kaldım.","Pikachu bayılmıştı; onu kucağıma alıp
babamın dairesine döndüm.
Yorgunluktan sızıp kaldım.",MANUEL İNCELENDİ,DEĞİŞTİ,‘Kütük gibi uyudum’ İngilizce deyimin doğrudan çevirisiydi; Türkçede doğal karşılık ‘yorgunluktan sızıp kalmak’.,"JP çamur gibi uyumak, DE taş gibi uyumak, ES derin uyku deyimi, FR/IT derin/hemen uyuma. Diller kendi deyimlerini yaratıcı biçimde kullanıyor.","Pikachu bayılmıştı; onu kucağıma alıp
babamın dairesine döndüm.
Yorgunluktan sızıp kaldım.",MANUEL İNCELENDİ,DEĞİŞTİ,‘Kütük gibi uyudum’ İngilizce deyimin doğrudan çevirisiydi; Türkçede doğal karşılık ‘yorgunluktan sızıp kalmak’.,"JP çamur gibi uyumak, DE taş gibi uyumak, ES derin uyku deyimi, FR/IT derin/hemen uyuma. Diller kendi deyimlerini yaratıcı biçimde kullanıyor.","Pikachu bayılmıştı; onu kucağıma alıp
babamın dairesine döndüm.
Yorgunluktan sızıp kaldım.",MANUEL İNCELENDİ,DEĞİŞTİ,‘Kütük gibi uyudum’ İngilizce deyimin doğrudan çevirisiydi; Türkçede doğal karşılık ‘yorgunluktan sızıp kalmak’.,"JP çamur gibi uyumak, DE taş gibi uyumak, ES derin uyku deyimi, FR/IT derin/hemen uyuma. Diller kendi deyimlerini yaratıcı biçimde kullanıyor.","Pikachu bayılmıştı; onu kucağıma alıp
babamın dairesine döndüm.
Yorgunluktan sızıp kaldım.",MANUEL İNCELENDİ,DEĞİŞTİ,‘Kütük gibi uyudum’ İngilizce deyimin doğrudan çevirisiydi; Türkçede doğal karşılık ‘yorgunluktan sızıp kalmak’.,"JP çamur gibi uyumak, DE taş gibi uyumak, ES derin uyku deyimi, FR/IT derin/hemen uyuma. Diller kendi deyimlerini yaratıcı biçimde kullanıyor.","Pikachu bayılmıştı; onu kucağıma alıp
babamın dairesine döndüm.
Yorgunluktan sızıp kaldım.",MANUEL İNCELENDİ,DEĞİŞTİ,‘Kütük gibi uyudum’ İngilizce deyimin doğrudan çevirisiydi; Türkçede doğal karşılık ‘yorgunluktan sızıp kalmak’.,"JP çamur gibi uyumak, DE taş gibi uyumak, ES derin uyku deyimi, FR/IT derin/hemen uyuma. Diller kendi deyimlerini yaratıcı biçimde kullanıyor.","Pikachu bayılmıştı; onu kucağıma alıp
babamın dairesine döndüm.
Yorgunluktan sızıp kaldım.",MANUEL İNCELENDİ,DEĞİŞTİ,‘Kütük gibi uyudum’ İngilizce deyimin doğrudan çevirisiydi; Türkçede doğal karşılık ‘yorgunluktan sızıp kalmak’.,"JP çamur gibi uyumak, DE taş gibi uyumak, ES derin uyku deyimi, FR/IT derin/hemen uyuma. Diller kendi deyimlerini yaratıcı biçimde kullanıyor.","Pikachu bayılmıştı; onu kucağıma alıp
babamın dairesine döndüm.
Yorgunluktan sızıp kaldım.",MANUEL İNCELENDİ,DEĞİŞTİ,‘Kütük gibi uyudum’ İngilizce deyimin doğrudan çevirisiydi; Türkçede doğal karşılık ‘yorgunluktan sızıp kalmak’.,"JP çamur gibi uyumak, DE taş gibi uyumak, ES derin uyku deyimi, FR/IT derin/hemen uyuma. Diller kendi deyimlerini yaratıcı biçimde kullanıyor.","Pikachu bayılmıştı; onu kucağıma alıp
babamın dairesine döndüm.
Yorgunluktan sızıp kaldım.",MANUEL İNCELENDİ,DEĞİŞTİ,‘Kütük gibi uyudum’ İngilizce deyimin doğrudan çevirisiydi; Türkçede doğal karşılık ‘yorgunluktan sızıp kalmak’.,"JP çamur gibi uyumak, DE taş gibi uyumak, ES derin uyku deyimi, FR/IT derin/hemen uyuma. Diller kendi deyimlerini yaratıcı biçimde kullanıyor.","Pikachu bayılmıştı; onu kucağıma alıp
babamın dairesine döndüm.
Yorgunluktan sızıp kaldım.",MANUEL İNCELENDİ,DEĞİŞTİ,‘Kütük gibi uyudum’ İngilizce deyimin doğrudan çevirisiydi; Türkçede doğal karşılık ‘yorgunluktan sızıp kalmak’.,"JP çamur gibi uyumak, DE taş gibi uyumak, ES derin uyku deyimi, FR/IT derin/hemen uyuma. Diller kendi deyimlerini yaratıcı biçimde kullanıyor.","Pikachu bayılmıştı; onu kucağıma alıp
babamın dairesine döndüm.
Yorgunluktan sızıp kaldım.",MANUEL İNCELENDİ,DEĞİŞTİ,‘Kütük gibi uyudum’ İngilizce deyimin doğrudan çevirisiydi; Türkçede doğal karşılık ‘yorgunluktan sızıp kalmak’.,"JP çamur gibi uyumak, DE taş gibi uyumak, ES derin uyku deyimi, FR/IT derin/hemen uyuma. Diller kendi deyimlerini yaratıcı biçimde kullanıyor.","Pikachu bayılmıştı; onu kucağıma alıp
babamın dairesine döndüm.
Yorgunluktan sızıp kaldım.",MANUEL İNCELENDİ,DEĞİŞTİ,‘Kütük gibi uyudum’ İngilizce deyimin doğrudan çevirisiydi; Türkçede doğal karşılık ‘yorgunluktan sızıp kalmak’.,"JP çamur gibi uyumak, DE taş gibi uyumak, ES derin uyku deyimi, FR/IT derin/hemen uyuma. Diller kendi deyimlerini yaratıcı biçimde kullanıyor.","Pikachu bayılmıştı; onu kucağıma alıp
babamın dairesine döndüm.
Yorgunluktan sızıp kaldım.",MANUEL İNCELENDİ,DEĞİŞTİ,‘Kütük gibi uyudum’ İngilizce deyimin doğrudan çevirisiydi; Türkçede doğal karşılık ‘yorgunluktan sızıp kalmak’.,"JP çamur gibi uyumak, DE taş gibi uyumak, ES derin uyku deyimi, FR/IT derin/hemen uyuma. Diller kendi deyimlerini yaratıcı biçimde kullanıyor."
