index,key,F,G,I,S,U,TR
0,MID_P002_OP1_PCM1,"$t1$Wmクロム|3$w0|$Wsクロム|$Wa$b動作,クロム,Ge1|$SvpSE_VOICE_CHROM_EVT_1|$E通常,|Est-ce que ça va ?$k
$Wsクロム|$Wd$w0|$Wmusername|3$w0|$Wsusername|$Wa$b動作,プレイヤー女,Ge2|$SvpSE_VOICE_PLAYER_M#_EVT_1|$E笑,|Euh... oui. Merci, Chrom.$k
$Wsusername|$Wd$w0|$Wmクロム|3$w0|$Wsクロム|$Wa$b動作,クロム,Ge2|$SvpSE_VOICE_CHROM_EVT_2|$E怒,|Alors tu sais qui je suis ?$k
$Wsクロム|$Wd$w0|$Wmusername|3$w0|$Wsusername|$Wa$b動作,プレイヤー女,Ge4|$SvpSE_VOICE_PLAYER_M#_EVT_5|$E通常,|Euh... non... Hmm, c'est bizarre.
Votre nom m'est venu... comme ça.$k
$Wsusername|$Wd$w0|$Wmクロム|3$w0|$Wsクロム|$Wa$b動作,クロム,Ac6|$SvjSE_VOICE_CHROM_EVT_10|$SveSE_VOICE_CHROM_EVT_31|$E通常,|Hmm... En effet, c'est étrange.$k$pComment t'appelles-tu ? Que fais-tu ici ?$k
$Wsクロム|$Wd$w0|$Wmusername|3$w0|$Wsusername|$Wa$b動作,プレイヤー,Droop|$SvpSE_VOICE_PLAYER_M#_EVT_10|Je m'appelle... euh...$k$p$b動作,プレイヤー,Ge4|$E苦,汗|Hmm...$k
$Wmクロム|3$w0|$SvpSE_VOICE_CHROM_EVT_3|$Wsクロム|$Wa$b動作,クロム,Ge2|$E怒,|Tu ne connais pas ton propre nom... ?$k
$Wmusername|3$w0|$b動作,プレイヤー,LookRest|$Wsusername|$Wa$SvpSE_VOICE_PLAYER_M#_EVT_11|$E苦,汗|Je ne suis pas $Gsûr,sûre|... $GDésolé,Désolée|.
Mais où suis-je, au fait ?$k
$Wsusername|$Wd$w0|$Wmリズ|3$w0|$Wsリズ|$Wa$Wv$b画面揺れ回数,0.7, 4|$b注目,フレデリク,リズ|$b動作,リズ,ReShock2|$SvpSE_VOICE_LIZ_EVT_10|$E怒,|Ah mais ouuiii ! J'ai entendu parler de ça !
Ça s'appelle de « l'amnésie » !$k
$Wsリズ|$Wd$w0|$Wmフレデリク|3$w0|$Wsフレデリク|$Wa$b動作,リズ,RizRe|$SvpSE_VOICE_FREDERIK_EVT_1|$b動作,フレデリク,FreGe3|$b注目,フレデリク,プレイヤー|$b注目,リズ,フレデリク|$b注目,プレイヤー,フレデリク|$b動作,フレデリク,FreRe|$E怒,|Ça s'appelle un tissu de mensonges !$k$pNous devrions croire que vous connaissez le
nom de Chrom, mais pas le vôtre ?$k
$Wsフレデリク|$Wd$w0|$Wmusername|3$w0|$Wsusername|$Wa$b注目,クロム,フレデリク|$b動作,プレイヤー女,Ge1|$SvpSE_VOICE_PLAYER_M#_EVT_5|$E通常,|Mais... Mais c'est la vérité !$k
$Wsusername|$Wd$w0|$Wmクロム|3$w0|$Wsクロム|$Wa$b動作,クロム,Ge2|$SvpSE_VOICE_CHROM_EVT_11|$E通常,|Et $Gs'il,si elle| disait la vérité, Frederick ? On ne
peut pas $Gle,la| laisser là, $Gseul,seule| et $Gdésorienté,désorientée|.$k$pQuelle sorte de Veilleurs serions-nous
si nous agissions ainsi ?$k
$Wsクロム|$Wd$w0|$Wmフレデリク|3$w0|$Wsフレデリク|$Wa$SvpSE_VOICE_FREDERIK_EVT_6|$b注目,フレデリク,クロム|$E通常,|Quoi qu'il en soit, Monseigneur, je me dois
de vous suggérer la prudence.$k$p$E怒,|Il ne faut pas laisser la porte du poulailler
ouverte aux renards...$k
$Wsフレデリク|$Wd$w0|$Wmクロム|3$w0|$Wsクロム|$Wa$b注目,クロム,プレイヤー女|$b注目,リズ,プレイヤー女|$SvpSE_VOICE_CHROM_EVT_6|Très bien... Amenons-$Gle,la| avec nous en ville
et de là, nous aviserons.$k
$Wsクロム|$Wd$w0|$Wmusername|3$w0|$Wsusername|$Wa$b注目,フレデリク,プレイヤー女|$b注目,プレイヤー女,クロム|$b動作,プレイヤー女,ReShock2|$b画面揺れ回数,0.7, 4|$SvpSE_VOICE_PLAYER_M#_EVT_7|$E苦,汗|Attendez une minute...
N'ai-je pas mon mot à dire ?$k
$Wsusername|$Wd$w0|$Wmクロム|3$w0|$Wsクロム|$Wa$b動作,クロム,Ac5|$b動作,クロム,Re|$SvpSE_VOICE_CHROM_EVT_11|$E通常,|Ne t'inquiète pas, je te promets que nous
en discuterons là-bas. Suis-nous, à présent.$k","$t1$Wmクロム|3$w0|$Wsクロム|$Wa$b動作,クロム,Ge1|$SvpSE_VOICE_CHROM_EVT_1|$E通常,|Alles in Ordnung?$k
$Wsクロム|$Wd$w0|$Wmusername|3$w0|$Wsusername|$Wa$b動作,プレイヤー女,Ge2|$SvpSE_VOICE_PLAYER_M#_EVT_1|$E笑,|J-ja... Vielen Dank, Chrom.$k
$Wsusername|$Wd$w0|$Wmクロム|3$w0|$Wsクロム|$Wa$b動作,クロム,Ge2|$SvpSE_VOICE_CHROM_EVT_2|$E怒,|Ah, dann weißt du also, wer ich bin?$k
$Wsクロム|$Wd$w0|$Wmusername|3$w0|$Wsusername|$Wa$b動作,プレイヤー女,Ge4|$SvpSE_VOICE_PLAYER_M#_EVT_5|$E通常,|N-nein, ich... Nun, das ist seltsam.
Dein Name ist mir... einfach so eingefallen.$k
$Wsusername|$Wd$w0|$Wmクロム|3$w0|$Wsクロム|$Wa$b動作,クロム,Ac6|$SvjSE_VOICE_CHROM_EVT_10|$SveSE_VOICE_CHROM_EVT_31|$E通常,|...Oh. Das ist seltsam.$k$pWer bist du?
Was machst du hier?$k
$Wsクロム|$Wd$w0|$Wmusername|3$w0|$Wsusername|$Wa$b動作,プレイヤー,Droop|$SvpSE_VOICE_PLAYER_M#_EVT_10|Mein Name ist... Er ist...$k$p$b動作,プレイヤー,Ge4|$E苦,汗|Hmm?$k
$Wmクロム|3$w0|$SvpSE_VOICE_CHROM_EVT_3|$Wsクロム|$Wa$b動作,クロム,Ge2|$E怒,|Du kennst deinen eigenen Namen nicht?$k
$Wmusername|3$w0|$b動作,プレイヤー,LookRest|$Wsusername|$Wa$SvpSE_VOICE_PLAYER_M#_EVT_11|$E苦,汗|Ich bin mir nicht sicher, ob... Verzeih, dass
ich frage, aber: Wo bin ich hier eigentlich?$k
$Wsusername|$Wd$w0|$Wmリズ|3$w0|$Wsリズ|$Wa$p$Wv$b画面揺れ回数,0.7, 4|$b注目,フレデリク,リズ|$b動作,リズ,ReShock2|$SvpSE_VOICE_LIZ_EVT_10|$E怒,|Heee, davon habe ich schon einmal gehört!
Man nennt das Amnesie!$k
$Wsリズ|$Wd$w0|$Wmフレデリク|3$w0|$Wsフレデリク|$Wa$b動作,リズ,RizRe|$SvpSE_VOICE_FREDERIK_EVT_1|$b動作,フレデリク,FreGe3|$b注目,フレデリク,プレイヤー|$b注目,リズ,フレデリク|$b注目,プレイヤー,フレデリク|$b動作,フレデリク,FreRe|$E怒,|Man nennt das hundsmiserablen Quatsch!$k$p$GEr,Sie| weiß des werten Herren Namen, hat
aber den $Gseinen,ihren| vergessen?$k$pWären wir nur alle mit einem solch
praktischen selektiven Gedächtnis gesegnet!$k
$Wsフレデリク|$Wd$w0|$Wmusername|3$w0|$Wsusername|$Wa$b注目,クロム,フレデリク|$b動作,プレイヤー女,Ge1|$SvpSE_VOICE_PLAYER_M#_EVT_5|$E通常,|A-aber es stimmt!$k
$Wsusername|$Wd$w0|$Wmクロム|3$w0|$Wsクロム|$Wa$b動作,クロム,Ge2|$SvpSE_VOICE_CHROM_EVT_11|$E通常,|Hör mal, es ist egal. Wir können dich nicht
auf den Wiesen von Ylisse herumirren lassen.$k$pWas wären wir denn dann für Hirten?$k
$Wsクロム|$Wd$w0|$Wmフレデリク|3$w0|$Wsフレデリク|$Wa$SvpSE_VOICE_FREDERIK_EVT_6|$b注目,フレデリク,クロム|$E通常,|Und dennoch muss ich vorschlagen,
Vorsicht walten zu lassen, mein Herr.$k$p$E怒,|Es wäre nicht gut, einem Wolf Zugang zu
unserer Herde zu verschaffen.$k
$SvpSE_VOICE_FREDERIK_EVT_6|$Wsフレデリク|$Wd$w0|$Wmクロム|3$w0|$Wsクロム|$Wa$b注目,クロム,プレイヤー女|$b注目,リズ,プレイヤー女|$SvpSE_VOICE_CHROM_EVT_6|Also gut. Wir werden $Gihn,sie| zurück in die Stadt
bringen und die Sache dort klären.$k
$Wsクロム|$Wd$w0|$Wmusername|3$w0|$Wsusername|$Wa$b注目,フレデリク,プレイヤー女|$b注目,プレイヤー女,クロム|$b動作,プレイヤー女,ReShock2|$b画面揺れ回数,0.7, 4|$SvpSE_VOICE_PLAYER_M#_EVT_7|$E苦,汗|I-ich werde verhaftet?
Aber ich habe doch nichts--$k
$Wsusername|$Wd$w0|$Wmクロム|3$w0|$Wsクロム|$Wa$b動作,クロム,Ac5|$b動作,クロム,Re|$SvpSE_VOICE_CHROM_EVT_11|$E通常,|Ruhig, Freund. Ich verspreche dir, dass wir
uns deine Geschichte anhören werden.$k$pUnd nun komm mit.$k","$t1$Wmクロム|3$w0|$Wsクロム|$Wa$b動作,クロム,Ge1|$SvpSE_VOICE_CHROM_EVT_1|$E通常,|Stai bene?$k
$Wsクロム|$Wd$w0|$Wmusername|3$w0|$Wsusername|$Wa$b動作,プレイヤー女,Ge2|$SvpSE_VOICE_PLAYER_M#_EVT_1|$E笑,|S-Sì... Grazie, Chrom.$k
$Wsusername|$Wd$w0|$Wmクロム|3$w0|$Wsクロム|$Wa$b動作,クロム,Ge2|$SvpSE_VOICE_CHROM_EVT_2|$E怒,|Ah, ma allora ci conosciamo?$k
$Wsクロム|$Wd$w0|$Wmusername|3$w0|$Wsusername|$Wa$b動作,プレイヤー女,Ge4|$SvpSE_VOICE_PLAYER_M#_EVT_5|$E通常,|N-No, io... In effetti, è strano.
Il tuo nome... mi è venuto così.$k
$Wsusername|$Wd$w0|$Wmクロム|3$w0|$Wsクロム|$Wa$b動作,クロム,Ac6|$SvjSE_VOICE_CHROM_EVT_10|$SveSE_VOICE_CHROM_EVT_31|$E通常,|Sì, è MOLTO strano.$k$pDimmi, come ti chiami?
Cosa ci fai qui?$k
$Wsクロム|$Wd$w0|$Wmusername|3$w0|$Wsusername|$Wa$b動作,プレイヤー,Droop|$SvpSE_VOICE_PLAYER_M#_EVT_10|Mi chiamo... ehm...$k$p$b動作,プレイヤー,Ge4|$E苦,汗|Mmmh...$k
$Wmクロム|3$w0|$SvpSE_VOICE_CHROM_EVT_3|$Wsクロム|$Wa$b動作,クロム,Ge2|$E怒,|Davvero non sai come ti chiami?$k
$Wmusername|3$w0|$b動作,プレイヤー,LookRest|$Wsusername|$Wa$SvpSE_VOICE_PLAYER_M#_EVT_11|$E苦,汗|Non sono $Gsicuro,sicura| di...
Mi dispiace, ma dove mi trovo di preciso?$k
$Wsusername|$Wd$w0|$Wmリズ|3$w0|$Wsリズ|$Wa$Wv$b画面揺れ回数,0.7, 4|$b注目,フレデリク,リズ|$b動作,リズ,ReShock2|$SvpSE_VOICE_LIZ_EVT_10|$E怒,|Ehi, lo so, lo so!
Si chiama ""amnesia""!$k
$Wsリズ|$Wd$w0|$Wmフレデリク|3$w0|$Wsフレデリク|$Wa$b動作,リズ,RizRe|$SvpSE_VOICE_FREDERIK_EVT_1|$b動作,フレデリク,FreGe3|$b注目,フレデリク,プレイヤー|$b注目,リズ,フレデリク|$b注目,プレイヤー,フレデリク|$b動作,フレデリク,FreRe|$E怒,|No, si chiama ""mucchio di sciocchezze""!$k$pDovremmo credere che ricordate il nome
del mio signore, ma non il vostro?$k
$Wsフレデリク|$Wd$w0|$Wmusername|3$w0|$Wsusername|$Wa$b注目,クロム,フレデリク|$b動作,プレイヤー女,Ge1|$SvpSE_VOICE_PLAYER_M#_EVT_5|$E通常,|M-Ma è vero!$k
$Wsusername|$Wd$w0|$Wmクロム|3$w0|$Wsクロム|$Wa$b動作,クロム,Ge2|$SvpSE_VOICE_CHROM_EVT_11|$E通常,|E se fosse $Gsincero,sincera|, Frederick?
Non possiamo lasciar$Glo,la| qui, $Gsolo,sola| e $Gconfuso,confusa|.$k$pChe razza di Pastori saremmo?$k
$Wsクロム|$Wd$w0|$Wmフレデリク|3$w0|$Wsフレデリク|$Wa$SvpSE_VOICE_FREDERIK_EVT_6|$b注目,フレデリク,クロム|$E通常,|Se posso permettermi, mio signore,
consiglierei comunque di essere prudenti.$k$p$E怒,|Non possiamo rischiare di accogliere
un lupo nel nostro gregge.$k
$SvpSE_VOICE_FREDERIK_EVT_6|$Wsフレデリク|$Wd$w0|$Wmクロム|3$w0|$Wsクロム|$Wa$b注目,クロム,プレイヤー女|$b注目,リズ,プレイヤー女|$SvpSE_VOICE_CHROM_EVT_6|Va bene. $GPortiamolo,Portiamola| in città e
cerchiamo di capirci qualcosa.$k
$Wsクロム|$Wd$w0|$Wmusername|3$w0|$Wsusername|$Wa$b注目,フレデリク,プレイヤー女|$b注目,プレイヤー女,クロム|$b動作,プレイヤー女,ReShock2|$b画面揺れ回数,0.7, 4|$SvpSE_VOICE_PLAYER_M#_EVT_7|$E苦,汗|Fermi un attimo.
La mia opinione non conta?$k
$Wsusername|$Wd$w0|$Wmクロム|3$w0|$Wsクロム|$Wa$b動作,クロム,Ac5|$b動作,クロム,Re|$SvpSE_VOICE_CHROM_EVT_11|$E通常,|Calma, $Gstraniero,straniera|. Hai la mia parola che ti
ascolteremo. Ora mettiamoci in marcia.$k","$t1$Wmクロム|3$w0|$Wsクロム|$Wa$b動作,クロム,Ge1|$SvpSE_VOICE_CHROM_EVT_1|$E通常,|¿Te encuentras bien?$k
$Wsクロム|$Wd$w0|$Wmusername|3$w0|$Wsusername|$Wa$b動作,プレイヤー女,Ge2|$SvpSE_VOICE_PLAYER_M#_EVT_1|$E笑,|S-sí...
Gracias, Chrom.$k
$Wsusername|$Wd$w0|$Wmクロム|3$w0|$Wsクロム|$Wa$b動作,クロム,Ge2|$SvpSE_VOICE_CHROM_EVT_2|$E怒,|¡Ah! Entonces ¡sabes quién soy!$k
$Wsクロム|$Wd$w0|$Wmusername|3$w0|$Wsusername|$Wa$b動作,プレイヤー女,Ge4|$SvpSE_VOICE_PLAYER_M#_EVT_5|$E通常,|Pues... n-no. Qué raro... Tu nombre
simplemente... me ha venido a la cabeza.$k
$Wsusername|$Wd$w0|$Wmクロム|3$w0|$Wsクロム|$Wa$b動作,クロム,Ac6|$SvjSE_VOICE_CHROM_EVT_10|$SveSE_VOICE_CHROM_EVT_31|$E通常,|Sí que es raro, sí...$k$pBueno, ¿cómo te llamas?
¿Qué te trae por aquí?$k
$Wsクロム|$Wd$w0|$Wmusername|3$w0|$Wsusername|$Wa$b動作,プレイヤー,Droop|$SvpSE_VOICE_PLAYER_M#_EVT_10|Me llamo... Esto...$k$p$b動作,プレイヤー,Ge4|$E苦,汗|Mmm...$k
$Wmクロム|3$w0|$SvpSE_VOICE_CHROM_EVT_3|$Wsクロム|$Wa$b動作,クロム,Ge2|$E怒,|¿No sabes cómo te llamas?...$k
$Wmusername|3$w0|$b動作,プレイヤー,LookRest|$Wsusername|$Wa$SvpSE_VOICE_PLAYER_M#_EVT_11|$E苦,汗|No estoy seguro de... Esto... Perdonad,
pero ¿dónde estoy exactamente?$k
$Wsusername|$Wd$w0|$Wmリズ|3$w0|$Wsリズ|$Wa$Wv$b画面揺れ回数,0.7, 4|$b注目,フレデリク,リズ|$b動作,リズ,ReShock2|$SvpSE_VOICE_LIZ_EVT_10|$E怒,|Mmm... He oído hablar de esto...
¡Se llama amnesia!$k
$Wsリズ|$Wd$w0|$Wmフレデリク|3$w0|$Wsフレデリク|$Wa$b動作,リズ,RizRe|$SvpSE_VOICE_FREDERIK_EVT_1|$b動作,フレデリク,FreGe3|$b注目,フレデリク,プレイヤー|$b注目,リズ,フレデリク|$b注目,プレイヤー,フレデリク|$b動作,フレデリク,FreRe|$E怒,|Lo que se llama es ¡patraña!
Y de las grandes.$k$p¿Me estás diciendo que conoces el nombre
de mi señor Chrom pero no el tuyo?$k
$Wsフレデリク|$Wd$w0|$Wmusername|3$w0|$Wsusername|$Wa$b注目,クロム,フレデリク|$b動作,プレイヤー女,Ge1|$SvpSE_VOICE_PLAYER_M#_EVT_5|$E通常,|Es raro, p-pero ¡digo la verdad!$k
$Wsusername|$Wd$w0|$Wmクロム|3$w0|$Wsクロム|$Wa$b動作,クロム,Ge2|$SvpSE_VOICE_CHROM_EVT_11|$E通常,|Frederick, ¿y si no miente? No podemos
dejarlo aquí, solo y confundido.$k$p¿Qué clase de custodios seríamos
si lo hiciésemos?$k
$Wsクロム|$Wd$w0|$Wmフレデリク|3$w0|$Wsフレデリク|$Wa$SvpSE_VOICE_FREDERIK_EVT_6|$b注目,フレデリク,クロム|$E通常,|Aun así, mi señor, os sugiero que actuéis
con la máxima cautela...$k$p$E怒,|Nuestro deber es custodiar y velar por
la seguridad de la gente de bien.$k
$SvpSE_VOICE_FREDERIK_EVT_6|$Wsフレデリク|$Wd$w0|$Wmクロム|3$w0|$Wsクロム|$Wa$b注目,クロム,プレイヤー女|$b注目,リズ,プレイヤー女|$SvpSE_VOICE_CHROM_EVT_6|De acuerdo. Nos lo llevaremos a la ciudad y
allí intentaremos llegar al fondo del asunto.$k
$Wsクロム|$Wd$w0|$Wmusername|3$w0|$Wsusername|$Wa$b注目,フレデリク,プレイヤー女|$b注目,プレイヤー女,クロム|$b動作,プレイヤー女,ReShock2|$b画面揺れ回数,0.7, 4|$SvpSE_VOICE_PLAYER_M#_EVT_7|$E苦,汗|Un momento... Tendré algo que decir al
respecto, ¿no?$k
$Wsusername|$Wd$w0|$Wmクロム|3$w0|$Wsクロム|$Wa$b動作,クロム,Ac5|$b動作,クロム,Re|$SvpSE_VOICE_CHROM_EVT_11|$E通常,|Tranquilo. Escucharemos lo que tengas
que decir cuando lleguemos a la ciudad.$k$pTienes mi palabra. Ahora, vámonos.$k","$t1$Wmクロム|3$w0|$Wsクロム|$Wa$b動作,クロム,Ge1|$SvpSE_VOICE_CHROM_EVT_1|$E通常,|You all right?$k
$Wsクロム|$Wd$w0|$Wmusername|3$w0|$Wsusername|$Wa$b動作,プレイヤー女,Ge2|$SvpSE_VOICE_PLAYER_M#_EVT_1|$E笑,|Y-yes...
Thank you, Chrom.$k
$Wsusername|$Wd$w0|$Wmクロム|3$w0|$Wsクロム|$Wa$b動作,クロム,Ge2|$SvpSE_VOICE_CHROM_EVT_2|$E怒,|Ah, then you know who I am?$k
$Wsクロム|$Wd$w0|$Wmusername|3$w0|$Wsusername|$Wa$b動作,プレイヤー女,Ge4|$SvpSE_VOICE_PLAYER_M#_EVT_5|$E通常,|No, actually, I... It's strange...
Your name, it just...came to me...$k
$Wsusername|$Wd$w0|$Wmクロム|3$w0|$Wsクロム|$Wa$b動作,クロム,Ac6|$SvjSE_VOICE_CHROM_EVT_10|$SveSE_VOICE_CHROM_EVT_31|$E通常,|...Hmm, how curious.$k$pTell me, what's your name?
What brings you here?$k
$Wsクロム|$Wd$w0|$Wmusername|3$w0|$Wsusername|$Wa$b動作,プレイヤー,Droop|$SvpSE_VOICE_PLAYER_M#_EVT_10|My name is... It's...$k$p$b動作,プレイヤー,Ge4|$E苦,汗|Hmm?$k
$Wmクロム|3$w0|$SvpSE_VOICE_CHROM_EVT_3|$Wsクロム|$Wa$b動作,クロム,Ge2|$E怒,|...You don't know your own name?$k
$Wmusername|3$w0|$b動作,プレイヤー,LookRest|$Wsusername|$Wa$SvpSE_VOICE_PLAYER_M#_EVT_11|$E苦,汗|I'm not sure if... I'm sorry,
but where am I, exactly?$k
$Wsusername|$Wd$w0|$Wmリズ|3$w0|$Wsリズ|$Wa$Wv$b画面揺れ回数,0.7, 4|$b注目,フレデリク,リズ|$b動作,リズ,ReShock2|$SvpSE_VOICE_LIZ_EVT_10|$E怒,|Hey, I've heard of this!
It's called amnesia!$k
$Wsリズ|$Wd$w0|$Wmフレデリク|3$w0|$Wsフレデリク|$Wa$b動作,リズ,RizRe|$SvpSE_VOICE_FREDERIK_EVT_1|$b動作,フレデリク,FreGe3|$b注目,フレデリク,プレイヤー|$b注目,リズ,フレデリク|$b注目,プレイヤー,フレデリク|$b動作,フレデリク,FreRe|$E怒,|It's called a load of pegasus dung.$k$pWe're to believe you remember
milord's name, but not your own?$k
$Wsフレデリク|$Wd$w0|$Wmusername|3$w0|$Wsusername|$Wa$b注目,クロム,フレデリク|$b動作,プレイヤー女,Ge1|$SvpSE_VOICE_PLAYER_M#_EVT_5|$E通常,|B-but it's the truth!$k
$Wsusername|$Wd$w0|$Wmクロム|3$w0|$Wsクロム|$Wa$b動作,クロム,Ge2|$SvpSE_VOICE_CHROM_EVT_11|$E通常,|...What if it IS true, Frederick? We can't
just leave $Ghim,her| here, alone and confused.$k$pWhat sort of Shepherds would we be then?$k
$Wsクロム|$Wd$w0|$Wmフレデリク|3$w0|$Wsフレデリク|$Wa$SvpSE_VOICE_FREDERIK_EVT_6|$b注目,フレデリク,クロム|$E通常,|Just the same, milord,
I must emphasise caution.$k$p$E怒,|'Twould not do to let a wolf
into our flock.$k
$SvpSE_VOICE_FREDERIK_EVT_6|$Wsフレデリク|$Wd$w0|$Wmクロム|3$w0|$Wsクロム|$Wa$b注目,クロム,プレイヤー女|$b注目,リズ,プレイヤー女|$SvpSE_VOICE_CHROM_EVT_6|Right then―we'll take $Ghim,her| back
to town and sort this out there.$k
$Wsクロム|$Wd$w0|$Wmusername|3$w0|$Wsusername|$Wa$b注目,フレデリク,プレイヤー女|$b注目,プレイヤー女,クロム|$b動作,プレイヤー女,ReShock2|$b画面揺れ回数,0.7, 4|$SvpSE_VOICE_PLAYER_M#_EVT_7|$E苦,汗|Wait just one moment.
Do I have a say in this?$k
$Wsusername|$Wd$w0|$Wmクロム|3$w0|$Wsクロム|$Wa$b動作,クロム,Ac5|$b動作,クロム,Re|$SvpSE_VOICE_CHROM_EVT_11|$E通常,|Peace, friend―I promise we'll hear all
you have to say back in town. Now come.$k","$t1$Wmクロム|3$w0|$Wsクロム|$Wa$b動作,クロム,Ge1|$SvpSE_VOICE_CHROM_EVT_1|$E通常|İyi misin?$k
$Wsクロム|$Wd$w0|$Wmusername|3$w0|$Wsusername|$Wa$b動作,プレイヤー女,Ge2|$SvpSE_VOICE_PLAYER_M#_EVT_1|$E笑|E-evet... Teşekkürler, Chrom.$k
$Wsusername|$Wd$w0|$Wmクロム|3$w0|$Wsクロム|$Wa$b動作,クロム,Ge2|$SvpSE_VOICE_CHROM_EVT_2|$E怒|Demek kim olduğumu biliyorsun?$k
$Wsクロム|$Wd$w0|$Wmusername|3$w0|$Wsusername|$Wa$b動作,プレイヤー女,Ge4|$SvpSE_VOICE_PLAYER_M#_EVT_5|$E通常|Hayır, aslında... Tuhaf. Adın birden
aklıma geldi...$k
$Wsusername|$Wd$w0|$Wmクロム|3$w0|$Wsクロム|$Wa$b動作,クロム,Ac6|$SvjSE_VOICE_CHROM_EVT_10|$SveSE_VOICE_CHROM_EVT_31|$E通常|Hımm... İlginç.$k$pSöylesene, adın ne?
Burada ne işin var?$k
$Wsクロム|$Wd$w0|$Wmusername|3$w0|$Wsusername|$Wa$b動作,プレイヤー,Droop|$SvpSE_VOICE_PLAYER_M#_EVT_10|Benim adım... Şey...$k$p$b動作,プレイヤー,Ge4|$E苦,汗|Hımm?$k
$Wmクロム|3$w0|$SvpSE_VOICE_CHROM_EVT_3|$Wsクロム|$Wa$b動作,クロム,Ge2|$E怒|...Kendi adını bilmiyor musun?$k
$Wmusername|3$w0|$b動作,プレイヤー,LookRest|$Wsusername|$Wa$SvpSE_VOICE_PLAYER_M#_EVT_11|$E苦,汗|Emin değilim... Affedersin ama tam
olarak neredeyim?$k
$Wsusername|$Wd$w0|$Wmリズ|3$w0|$Wsリズ|$Wa$Wv$b画面揺れ回数,0.7, 4|$b注目,フレデリク,リズ|$b動作,リズ,ReShock2|$SvpSE_VOICE_LIZ_EVT_10|$E怒|Hey, bunu duymuştum! Buna hafıza kaybı
deniyor!$k
$Wsリズ|$Wd$w0|$Wmフレデリク|3$w0|$Wsフレデリク|$Wa$b動作,リズ,RizRe|$SvpSE_VOICE_FREDERIK_EVT_1|$b動作,フレデリク,FreGe3|$b注目,フレデリク,プレイヤー|$b注目,リズ,フレデリク|$b注目,プレイヤー,フレデリク|$b動作,フレデリク,FreRe|$E怒|Düpedüz pegasus saçmalığı.$k$pEfendimin adını hatırlayıp kendi
adını hatırlamadığına mı inanalım?$k
$Wsフレデリク|$Wd$w0|$Wmusername|3$w0|$Wsusername|$Wa$b注目,クロム,フレデリク|$b動作,プレイヤー女,Ge1|$SvpSE_VOICE_PLAYER_M#_EVT_5|$E通常|A-ama doğru söylüyorum!$k
$Wsusername|$Wd$w0|$Wmクロム|3$w0|$Wsクロム|$Wa$b動作,クロム,Ge2|$SvpSE_VOICE_CHROM_EVT_11|$E通常|...Ya doğruysa Frederick? Onu
burada yalnız ve şaşkın bırakamayız.$k$pO zaman nasıl Çoban oluruz?$k
$Wsクロム|$Wd$w0|$Wmフレデリク|3$w0|$Wsフレデリク|$Wa$SvpSE_VOICE_FREDERIK_EVT_6|$b注目,フレデリク,クロム|$E通常|Yine de efendim, ihtiyatlı
olmalıyız.$k$p$E怒|Sürümüze kurt sokmak doğru
olmaz.$k
$SvpSE_VOICE_FREDERIK_EVT_6|$Wsフレデリク|$Wd$w0|$Wmクロム|3$w0|$Wsクロム|$Wa$b注目,クロム,プレイヤー女|$b注目,リズ,プレイヤー女|$SvpSE_VOICE_CHROM_EVT_6|Pekâlâ. Onu kasabaya götürüp meseleyi
orada çözeriz.$k
$Wsクロム|$Wd$w0|$Wmusername|3$w0|$Wsusername|$Wa$b注目,フレデリク,プレイヤー女|$b注目,プレイヤー女,クロム|$b動作,プレイヤー女,ReShock2|$b画面揺れ回数,0.7, 4|$SvpSE_VOICE_PLAYER_M#_EVT_7|$E苦,汗|Bir dakika! Benim hiç söz hakkım yok
mu?$k
$Wsusername|$Wd$w0|$Wmクロム|3$w0|$Wsクロム|$Wa$b動作,クロム,Ac5|$b動作,クロム,Re|$SvpSE_VOICE_CHROM_EVT_11|$E通常|Sakin ol dostum. Kasabada
söyleyeceklerini dinleriz. Haydi.$k"
1,MID_P002_OP1_PCM2,,,,,"$t1$Wmクロム|3$w0|$Wsクロム|$Wa$b動作,クロム,Ge2|$SvpSE_VOICE_CHROM_EVT_1|$E通常,|大丈夫か？$k
$Wsクロム|$Wd$w0|$Wmusername|3$w0|$Wsusername|$Wa$SvpSE_VOICE_PLAYER_M#_EVT_1|$E笑,|あ、ありがとう。
…クロム…$k
$Wsusername|$Wd$w0|$Wmクロム|3$w0|$Wsクロム|$Wa$SvpSE_VOICE_CHROM_EVT_2|$E怒,|？　なぜ俺の名を？$k
$Wsクロム|$Wd$w0|$Wmusername|3$w0|$Wsusername|$Wa$b動作,プレイヤー女,Ge4|$SvpSE_VOICE_PLAYER_M#_EVT_5|$E通常,|え…？$k$p…どうしてだろう？
なんだか、どこかで会ったような…$k
$Wsusername|$Wd$w0|$Wmクロム|3$w0|$Wsクロム|$Wa$b動作,クロム,Ac6|$SvpSE_VOICE_CHROM_EVT_10|$E通常,|悪いが、初対面だぞ。
妙な奴だ。$k$pお前、何者だ？
ここでいったい何をしていた？$k
$Wsクロム|$Wd$w0|$Wmusername|3$w0|$Wsusername|$Wa$b動作,プレイヤー女,Droop|$SvpSE_VOICE_PLAYER_M#_EVT_10|僕は……$k$p$b動作,プレイヤー,Ge4|$E苦,汗|……
僕は誰だ？$k
$Wmクロム|3$w0|$SvpSE_VOICE_CHROM_EVT_3|$Wsクロム|$Wa$b動作,クロム,Ge2|$E怒,|何？$k
$Wmusername|3$w0|$b動作,プレイヤー,LookRest|$Wsusername|$Wa$SvpSE_VOICE_PLAYER_M#_EVT_11|$E苦,汗|…それにここは…？
一体どこなんだ？$k
$Wsusername|$Wd$w0|$Wmリズ|3$w0|$Wsリズ|$Wa$Wv$b画面揺れ回数,0.7, 4|$b注目,フレデリク,リズ|$b動作,リズ,ReShock2|$b注目,フレデリク,リズ|$SvpSE_VOICE_LIZ_EVT_10|$E怒,|えー！？　それってもしかして、アレかな！
記憶喪失ってヤツじゃない？$k
$Wsリズ|$Wd$w0|$Wmフレデリク|3$w0|$Wsフレデリク|$Wa$b動作,リズ,RizRe|$SvpSE_VOICE_FREDERIK_EVT_1|$b注目,フレデリク,プレイヤー|$b動作,フレデリク,FreGe3|$b注目,リズ,フレデリク|$b注目,フレデリク,プレイヤー|$b注目,プレイヤー,フレデリク|$b動作,フレデリク,FreRe|$E怒,|おかしな話ですね。ではなぜ、
クロムという名を知っていたのですか？$k$pそのような都合の良い記憶喪失…
簡単に信用できる話ではありません。$k
$Wsフレデリク|$Wd$w0|$Wmusername|3$w0|$Wsusername|$Wa$b注目,クロム,フレデリク|$b動作,プレイヤー女,Ge1|$SvpSE_VOICE_PLAYER_M#_EVT_5|$E通常,|え、でも、僕は本当に…$k
$Wsusername|$Wd$w0|$Wmクロム|3$w0|$Wsクロム|$Wa$b動作,クロム,Ge2|$SvpSE_VOICE_CHROM_EVT_11|$E通常,|だが、本当の話だったら
このまま放りだすわけにもいかないな。$k$p人々を助ける。
俺たちはそのためにここにいるんだ。$k
$Wsクロム|$Wd$w0|$Wmフレデリク|3$w0|$Wsフレデリク|$Wa$SvpSE_VOICE_FREDERIK_EVT_6|$b注目,フレデリク,クロム|$E通常,|それは、
確かに仰る通りなのですが…$k$p$E怒,|賊どもの一味である疑いがある以上、
気を許すのは危険です。$k
$Wsフレデリク|$Wd$w0|$Wmクロム|3$w0|$Wsクロム|$Wa$b注目,クロム,プレイヤー女|$b注目,リズ,プレイヤー女|$SvpSE_VOICE_CHROM_EVT_6|なら、とりあえず
こいつを捕まえて町に連れて行くか。$k
$Wsクロム|$Wd$w0|$Wmusername|3$w0|$Wsusername|$Wa$b注目,フレデリク,プレイヤー女|$b注目,プレイヤー女,クロム|$b動作,プレイヤー女,ReShock2|$b画面揺れ回数,0.7, 4|$SvpSE_VOICE_PLAYER_M#_EVT_7|$E苦,汗|ええっ！？
ちょ、ちょっと待って…$k
$Wsusername|$Wd$w0|$Wmクロム|3$w0|$Wsクロム|$Wa$b動作,クロム,Ac5|$b動作,クロム,Re|$SvpSE_VOICE_CHROM_EVT_11|$E通常,|心配するな。話は町で聞いてやる。
さあ、来い！$k","$t1$Wmクロム|3$w0|$Wsクロム|$Wa$b動作,クロム,Ge2|$SvpSE_VOICE_CHROM_EVT_1|$E通常|İyi misin?$k
$Wsクロム|$Wd$w0|$Wmusername|3$w0|$Wsusername|$Wa$SvpSE_VOICE_PLAYER_M#_EVT_1|$E笑|Sağ ol... Chrom.$k
$Wsusername|$Wd$w0|$Wmクロム|3$w0|$Wsクロム|$Wa$SvpSE_VOICE_CHROM_EVT_2|$E怒|Adımı nereden biliyorsun?$k
$Wsクロム|$Wd$w0|$Wmusername|3$w0|$Wsusername|$Wa$b動作,プレイヤー女,Ge4|$SvpSE_VOICE_PLAYER_M#_EVT_5|$E通常|Ee...?$k$pNeden acaba? Sanki seni bir
yerden tanıyor gibiyim...$k
$Wsusername|$Wd$w0|$Wmクロム|3$w0|$Wsクロム|$Wa$b動作,クロム,Ac6|$SvpSE_VOICE_CHROM_EVT_10|$E通常|Daha önce hiç karşılaşmadık. Tuhaf
biri...$k$pSen kimsin? Burada ne yapıyordun?$k
$Wsクロム|$Wd$w0|$Wmusername|3$w0|$Wsusername|$Wa$b動作,プレイヤー女,Droop|$SvpSE_VOICE_PLAYER_M#_EVT_10|Ben...$k$p$b動作,プレイヤー,Ge4|$E苦,汗|...Ben kimim?$k
$Wmクロム|3$w0|$SvpSE_VOICE_CHROM_EVT_3|$Wsクロム|$Wa$b動作,クロム,Ge2|$E怒|Ne?$k
$Wmusername|3$w0|$b動作,プレイヤー,LookRest|$Wsusername|$Wa$SvpSE_VOICE_PLAYER_M#_EVT_11|$E苦,汗|Üstelik burası... Neresi burası?$k
$Wsusername|$Wd$w0|$Wmリズ|3$w0|$Wsリズ|$Wa$Wv$b画面揺れ回数,0.7, 4|$b注目,フレデリク,リズ|$b動作,リズ,ReShock2|$b注目,フレデリク,リズ|$SvpSE_VOICE_LIZ_EVT_10|$E怒|Ne?! Bu hafıza kaybı denen şey olmasın?$k
$Wsリズ|$Wd$w0|$Wmフレデリク|3$w0|$Wsフレデリク|$Wa$b動作,リズ,RizRe|$SvpSE_VOICE_FREDERIK_EVT_1|$b注目,フレデリク,プレイヤー|$b動作,フレデリク,FreGe3|$b注目,リズ,フレデリク|$b注目,フレデリク,プレイヤー|$b注目,プレイヤー,フレデリク|$b動作,フレデリク,FreRe|$E怒|Garip. O hâlde Chrom'un adını nasıl
biliyordun?$k$pBöyle işine gelen bir hafıza
kaybına hemen inanamayız.$k
$Wsフレデリク|$Wd$w0|$Wmusername|3$w0|$Wsusername|$Wa$b注目,クロム,フレデリク|$b動作,プレイヤー女,Ge1|$SvpSE_VOICE_PLAYER_M#_EVT_5|$E通常|A-ama gerçekten...$k
$Wsusername|$Wd$w0|$Wmクロム|3$w0|$Wsクロム|$Wa$b動作,クロム,Ge2|$SvpSE_VOICE_CHROM_EVT_11|$E通常|Ama doğruysa onu burada bırakıp
gidemeyiz.$k$pİnsanlara yardım etmek için
buradayız.$k
$Wsクロム|$Wd$w0|$Wmフレデリク|3$w0|$Wsフレデリク|$Wa$SvpSE_VOICE_FREDERIK_EVT_6|$b注目,フレデリク,クロム|$E通常|Haklısınız efendim, ama...$k$p$E怒|Haydutların adamı olma ihtimali
varken gardımızı indiremeyiz.$k
$Wsフレデリク|$Wd$w0|$Wmクロム|3$w0|$Wsクロム|$Wa$b注目,クロム,プレイヤー女|$b注目,リズ,プレイヤー女|$SvpSE_VOICE_CHROM_EVT_6|O zaman şimdilik onu tutup kasabaya
götürelim.$k
$Wsクロム|$Wd$w0|$Wmusername|3$w0|$Wsusername|$Wa$b注目,フレデリク,プレイヤー女|$b注目,プレイヤー女,クロム|$b動作,プレイヤー女,ReShock2|$b画面揺れ回数,0.7, 4|$SvpSE_VOICE_PLAYER_M#_EVT_7|$E苦,汗|N-ne?! B-bir dakika...$k
$Wsusername|$Wd$w0|$Wmクロム|3$w0|$Wsクロム|$Wa$b動作,クロム,Ac5|$b動作,クロム,Re|$SvpSE_VOICE_CHROM_EVT_11|$E通常|Endişelenme. Kasabada dinleriz. Haydi.$k"
2,MID_P002_OP1_PCM3,,,,,"$t1$Wmクロム|3$w0|$Wsクロム|$Wa$b動作,クロム,Ge2|$SvpSE_VOICE_CHROM_EVT_1|$E通常,|大丈夫か？$k
$Wsクロム|$Wd$w0|$Wmusername|3$w0|$Wsusername|$Wa……！$k
$Wsusername|$Wd$w0|$Wmクロム|3$w0|$Wsクロム|$Wa$SvpSE_VOICE_CHROM_EVT_2|なに？
どこかで会っただと？$k$p$b動作,クロム,Ac6|$E通常,|悪いが、初対面だぞ。
妙な奴だ。$k$pお前、何者だ？
ここでいったい何をしていた？$k
$Wsクロム|$Wd$w0|$Wmusername|3$w0|$Wsusername|$Wa$b動作,プレイヤー女,Droop|……$k$p……？？$k
$Wsusername|$Wd$w0|$Wmクロム|3$w0|$SvpSE_VOICE_CHROM_EVT_3|$Wsクロム|$Wa$E怒,|何？　何も覚えていないのか？$k
$Wsクロム|$Wd$w0|$Wmリズ|3$w0|$Wsリズ|$Wa$Wv$b画面揺れ回数,0.7, 4|$b注目,フレデリク,リズ|$b動作,リズ,ReShock2|$SvpSE_VOICE_LIZ_EVT_10|$E怒,|えー！？　それってもしかして、アレかな！
記憶喪失ってヤツじゃない？$k
$Wsリズ|$Wd$w0|$Wmフレデリク|3$w0|$Wsフレデリク|$Wa$b動作,リズ,RizRe|$SvpSE_VOICE_FREDERIK_EVT_1|$b注目,フレデリク,プレイヤー|$b動作,フレデリク,FreGe3|$b注目,リズ,フレデリク|$b注目,プレイヤー,フレデリク|$b動作,フレデリク,FreRe|$E怒,|お二人とも、お気をつけください。
本当かどうかはまだわかりません。$k$pそのような都合の良い記憶喪失…
簡単に信用できる話ではありません。$k
$Wsフレデリク|$Wd$w0|$Wmクロム|3$w0|$Wsクロム|$Wa$b動作,クロム,Ge2|$SvpSE_VOICE_CHROM_EVT_11|$E通常,|だが、本当の話だったら
このまま放りだすわけにもいかないな。$k$p人々を助ける。
俺たちはそのためにここにいるんだ。$k
$Wsクロム|$Wd$w0|$Wmフレデリク|3$w0|$Wsフレデリク|$Wa$SvpSE_VOICE_FREDERIK_EVT_6|$b注目,フレデリク,クロム|$E通常,|それは、
確かに仰る通りなのですが…$k$p$E怒,|賊どもの一味である疑いがある以上、
気を許すのは危険です。$k
$Wsフレデリク|$Wd$w0|$Wmクロム|3$w0|$Wsクロム|$Wa$b注目,クロム,プレイヤー女|$b注目,リズ,プレイヤー女|$SvpSE_VOICE_CHROM_EVT_6|なら、とりあえず
こいつを捕まえて町に連れて行くか。$k
$Wsクロム|$Wd$w0|$Wmusername|3$w0|$Wsusername|$Wa$b注目,フレデリク,プレイヤー女|$b注目,プレイヤー女,クロム|$b動作,プレイヤー女,ReShock2|$b画面揺れ回数,0.7, 4|$E苦,汗|！？$k
$Wsusername|$Wd$w0|$Wmクロム|3$w0|$Wsクロム|$Wa$b動作,クロム,Ac5|$b動作,クロム,Re|$SvpSE_VOICE_CHROM_EVT_11|$E通常,|心配するな。話は町で聞いてやる。
さあ、来い！$k","$t1$Wmクロム|3$w0|$Wsクロム|$Wa$b動作,クロム,Ge2|$SvpSE_VOICE_CHROM_EVT_1|$E通常|İyi misin?$k
$Wsクロム|$Wd$w0|$Wmusername|3$w0|$Wsusername|$Wa...!$k
$Wsusername|$Wd$w0|$Wmクロム|3$w0|$Wsクロム|$Wa$SvpSE_VOICE_CHROM_EVT_2|Ne? Daha önce karşılaştığımızı mı
söylüyorsun?$k$p$b動作,クロム,Ac6|$E通常|Kusura bakma, ilk kez
görüşüyoruz. Tuhaf...$k$pSen kimsin? Burada ne
yapıyordun?$k
$Wsクロム|$Wd$w0|$Wmusername|3$w0|$Wsusername|$Wa$b動作,プレイヤー女,Droop|...$k$p...??$k
$Wsusername|$Wd$w0|$Wmクロム|3$w0|$SvpSE_VOICE_CHROM_EVT_3|$Wsクロム|$Wa$E怒|Ne? Hiçbir şey hatırlamıyor musun?$k
$Wsクロム|$Wd$w0|$Wmリズ|3$w0|$Wsリズ|$Wa$Wv$b画面揺れ回数,0.7, 4|$b注目,フレデリク,リズ|$b動作,リズ,ReShock2|$SvpSE_VOICE_LIZ_EVT_10|$E怒|Ne?! Bu hafıza kaybı denen şey olmasın?$k
$Wsリズ|$Wd$w0|$Wmフレデリク|3$w0|$Wsフレデリク|$Wa$b動作,リズ,RizRe|$SvpSE_VOICE_FREDERIK_EVT_1|$b注目,フレデリク,プレイヤー|$b動作,フレデリク,FreGe3|$b注目,リズ,フレデリク|$b注目,プレイヤー,フレデリク|$b動作,フレデリク,FreRe|$E怒|İkiniz de dikkatli olun. Doğru
söylediğini henüz bilmiyoruz.$k$pBöylesine elverişli bir hafıza
kaybına kolayca inanamayız.$k
$Wsフレデリク|$Wd$w0|$Wmクロム|3$w0|$Wsクロム|$Wa$b動作,クロム,Ge2|$SvpSE_VOICE_CHROM_EVT_11|$E通常|Ama doğruysa burada bırakıp
gidemeyiz.$k$pİnsanlara yardım etmek için
buradayız.$k
$Wsクロム|$Wd$w0|$Wmフレデリク|3$w0|$Wsフレデリク|$Wa$SvpSE_VOICE_FREDERIK_EVT_6|$b注目,フレデリク,クロム|$E通常|Haklısınız efendim, ama...$k$p$E怒|Haydutların adamı olma ihtimali
varken gardımızı indiremeyiz.$k
$Wsフレデリク|$Wd$w0|$Wmクロム|3$w0|$Wsクロム|$Wa$b注目,クロム,プレイヤー女|$b注目,リズ,プレイヤー女|$SvpSE_VOICE_CHROM_EVT_6|O zaman onu kasabaya götürüp orada
sorgularız.$k
$Wsクロム|$Wd$w0|$Wmusername|3$w0|$Wsusername|$Wa$b注目,フレデリク,プレイヤー女|$b注目,プレイヤー女,クロム|$b動作,プレイヤー女,ReShock2|$b画面揺れ回数,0.7, 4|$E苦,汗|?!$k
$Wsusername|$Wd$w0|$Wmクロム|3$w0|$Wsクロム|$Wa$b動作,クロム,Ac5|$b動作,クロム,Re|$SvpSE_VOICE_CHROM_EVT_11|$E通常|Endişelenme. Kasabada konuşuruz. Haydi.$k"
3,MID_P002_OP1_PCF1,"$t1$Wmクロム|3$w0|$Wsクロム|$Wa$b動作,クロム,Ge2|$SvpSE_VOICE_CHROM_EVT_1|$E通常,|Est-ce que ça va ?$k
$Wsクロム|$Wd$w0|$Wmusername|3$w0|$Wsusername|$Wa$SvpSE_VOICE_PLAYER_F#_EVT_1|$E笑,|Euh... oui. Merci, Chrom.$k
$Wsusername|$Wd$w0|$Wmクロム|3$w0|$Wsクロム|$Wa$SvpSE_VOICE_CHROM_EVT_2|$E怒,|Alors tu sais qui je suis ?$k
$Wsクロム|$Wd$w0|$Wmusername|3$w0|$Wsusername|$Wa$b動作,プレイヤー女,Ge4|$SvpSE_VOICE_PLAYER_F#_EVT_5|$E通常,|Euh... non... Hmm, c'est bizarre.
Votre nom m'est venu... comme ça.$k
$Wsusername|$Wd$w0|$Wmクロム|3$w0|$Wsクロム|$Wa$b動作,クロム,Ac6|$SvjSE_VOICE_CHROM_EVT_10|$SveSE_VOICE_CHROM_EVT_31|$E通常,|Hmm... En effet, c'est étrange.$k$pComment t'appelles-tu ? Que fais-tu ici ?$k
$Wsクロム|$Wd$w0|$Wmusername|3$w0|$Wsusername|$Wa$b動作,プレイヤー女,Droop|$SvpSE_VOICE_PLAYER_F#_EVT_10|Je m'appelle... euh...$k$p$b動作,プレイヤー,Ge4|$E苦,汗|Hmm...$k
$Wmクロム|3$w0|$SvpSE_VOICE_CHROM_EVT_3|$Wsクロム|$Wa$b動作,クロム,Ge2|$E怒,|Tu ne connais pas ton propre nom... ?$k
$Wmusername|3$w0|$b動作,プレイヤー,LookRest|$Wsusername|$Wa$SvpSE_VOICE_PLAYER_F#_EVT_11|$E苦,汗|Je ne suis pas $Gsûr,sûre|... $GDésolé,Désolée|.
Mais où suis-je, au fait ?$k
$Wsusername|$Wd$w0|$Wmリズ|3$w0|$Wsリズ|$Wa$Wv$b画面揺れ回数,0.7, 4|$b注目,フレデリク,リズ|$b動作,リズ,ReShock2|$SvpSE_VOICE_LIZ_EVT_10|$E怒,|Ah mais ouuiii ! J'ai entendu parler de ça !
Ça s'appelle de « l'amnésie » !$k
$Wsリズ|$Wd$w0|$Wmフレデリク|3$w0|$Wsフレデリク|$Wa$b動作,リズ,RizRe|$SvpSE_VOICE_FREDERIK_EVT_1|$b注目,フレデリク,プレイヤー|$b動作,フレデリク,FreGe3|$b注目,リズ,フレデリク|$b注目,プレイヤー,フレデリク|$b動作,フレデリク,FreRe|$E怒,|Ça s'appelle un tissu de mensonges !$k$pNous devrions croire que vous connaissez le
nom de Chrom, mais pas le vôtre ?$k
$Wsフレデリク|$Wd$w0|$Wmusername|3$w0|$Wsusername|$Wa$b注目,クロム,フレデリク|$b動作,プレイヤー女,Ge1|$SvpSE_VOICE_PLAYER_F#_EVT_5|$E通常,|Mais... Mais c'est la vérité !$k
$Wsusername|$Wd$w0|$Wmクロム|3$w0|$Wsクロム|$Wa$b動作,クロム,Ge2|$SvpSE_VOICE_CHROM_EVT_11|$E通常,|Et $Gs'il,si elle| disait la vérité, Frederick ? On ne
peut pas $Gle,la| laisser là, $Gseul,seule| et $Gdésorienté,désorientée|.$k$pQuelle sorte de Veilleurs serions-nous
si nous agissions ainsi ?$k
$Wsクロム|$Wd$w0|$Wmフレデリク|3$w0|$Wsフレデリク|$Wa$SvpSE_VOICE_FREDERIK_EVT_6|$b注目,フレデリク,クロム|$E通常,|Quoi qu'il en soit, Monseigneur, je me dois
de vous suggérer la prudence.$k$p$E怒,|Il ne faut pas laisser la porte du poulailler
ouverte aux renards...$k
$Wsフレデリク|$Wd$w0|$Wmクロム|3$w0|$Wsクロム|$Wa$b注目,クロム,プレイヤー女|$b注目,リズ,プレイヤー女|$SvpSE_VOICE_CHROM_EVT_6|Très bien... Amenons-$Gle,la| avec nous en ville
et de là, nous aviserons.$k
$Wsクロム|$Wd$w0|$Wmusername|3$w0|$Wsusername|$Wa$b注目,フレデリク,プレイヤー女|$b注目,プレイヤー女,クロム|$b動作,プレイヤー女,ReShock2|$b画面揺れ回数,0.7, 4|$SvpSE_VOICE_PLAYER_F#_EVT_7|$E苦,汗|Attendez une minute...
N'ai-je pas mon mot à dire ?$k
$Wsusername|$Wd$w0|$Wmクロム|3$w0|$Wsクロム|$Wa$b動作,クロム,Ac5|$b動作,クロム,Re|$SvpSE_VOICE_CHROM_EVT_11|$E通常,|Ne t'inquiète pas, je te promets que nous
en discuterons là-bas. Suis-nous, à présent.$k","$t1$Wmクロム|3$w0|$Wsクロム|$Wa$b動作,クロム,Ge2|$SvpSE_VOICE_CHROM_EVT_1|$E通常,|Alles in Ordnung?$k
$Wsクロム|$Wd$w0|$Wmusername|3$w0|$Wsusername|$Wa$SvpSE_VOICE_PLAYER_F#_EVT_1|$E笑,|J-ja... Vielen Dank, Chrom.$k
$Wsusername|$Wd$w0|$Wmクロム|3$w0|$Wsクロム|$Wa$SvpSE_VOICE_CHROM_EVT_2|$E怒,|Ah, dann weißt du also, wer ich bin?$k
$Wsクロム|$Wd$w0|$Wmusername|3$w0|$Wsusername|$Wa$b動作,プレイヤー女,Ge4|$SvpSE_VOICE_PLAYER_F#_EVT_5|$E通常,|N-nein, ich... Nun, das ist seltsam.
Dein Name ist mir... einfach so eingefallen.$k
$Wsusername|$Wd$w0|$Wmクロム|3$w0|$Wsクロム|$Wa$b動作,クロム,Ac6|$SvjSE_VOICE_CHROM_EVT_10|$SveSE_VOICE_CHROM_EVT_31|$E通常,|...Oh. Das ist seltsam.$k$pWer bist du?
Was machst du hier?$k
$Wsクロム|$Wd$w0|$Wmusername|3$w0|$Wsusername|$Wa$b動作,プレイヤー女,Droop|$SvpSE_VOICE_PLAYER_F#_EVT_10|Mein Name ist... Er ist...$k$p$b動作,プレイヤー,Ge4|$E苦,汗|Hmm?$k
$Wmクロム|3$w0|$SvpSE_VOICE_CHROM_EVT_3|$Wsクロム|$Wa$b動作,クロム,Ge2|$E怒,|Du kennst deinen eigenen Namen nicht?$k
$Wmusername|3$w0|$b動作,プレイヤー,LookRest|$Wsusername|$Wa$SvpSE_VOICE_PLAYER_F#_EVT_11|$E苦,汗|Ich bin mir nicht sicher, ob... Verzeih, dass
ich frage, aber: Wo bin ich hier eigentlich?$k
$Wsusername|$Wd$w0|$Wmリズ|3$w0|$Wsリズ|$Wa$p$Wv$b画面揺れ回数,0.7, 4|$b注目,フレデリク,リズ|$b動作,リズ,ReShock2|$SvpSE_VOICE_LIZ_EVT_10|$E怒,|Heee, davon habe ich schon einmal gehört!
Man nennt das Amnesie!$k
$Wsリズ|$Wd$w0|$Wmフレデリク|3$w0|$Wsフレデリク|$Wa$b動作,リズ,RizRe|$SvpSE_VOICE_FREDERIK_EVT_1|$b注目,フレデリク,プレイヤー|$b動作,フレデリク,FreGe3|$b注目,リズ,フレデリク|$b注目,プレイヤー,フレデリク|$b動作,フレデリク,FreRe|$E怒,|Man nennt das hundsmiserablen Quatsch!$k$p$GEr,Sie| weiß des werten Herren Namen, hat
aber den $Gseinen,ihren| vergessen?$k$pWären wir nur alle mit einem solch
praktischen selektiven Gedächtnis gesegnet!$k
$Wsフレデリク|$Wd$w0|$Wmusername|3$w0|$Wsusername|$Wa$b注目,クロム,フレデリク|$b動作,プレイヤー女,Ge1|$SvpSE_VOICE_PLAYER_F#_EVT_5|$E通常,|A-aber es stimmt!$k
$Wsusername|$Wd$w0|$Wmクロム|3$w0|$Wsクロム|$Wa$b動作,クロム,Ge2|$SvpSE_VOICE_CHROM_EVT_11|$E通常,|Hör mal, es ist egal. Wir können dich nicht
auf den Wiesen Ylisses herumirren lassen.$k$pWas wären wir denn dann für Hirten?$k
$Wsクロム|$Wd$w0|$Wmフレデリク|3$w0|$Wsフレデリク|$Wa$SvpSE_VOICE_FREDERIK_EVT_6|$b注目,フレデリク,クロム|$E通常,|Und dennoch muss ich vorschlagen,
Vorsicht walten zu lassen, mein Herr.$k$p$E怒,|Es wäre nicht gut, einem Wolf Zugang zu
unserer Herde zu verschaffen.$k$k
$Wsフレデリク|$Wd$w0|$Wmクロム|3$w0|$Wsクロム|$Wa$b注目,クロム,プレイヤー女|$b注目,リズ,プレイヤー女|$SvpSE_VOICE_CHROM_EVT_6|Also gut. Wir werden $Gihn,sie| zurück in die Stadt
bringen und die Sache dort klären.$k
$Wsクロム|$Wd$w0|$Wmusername|3$w0|$Wsusername|$Wa$b注目,フレデリク,プレイヤー女|$b注目,プレイヤー女,クロム|$b動作,プレイヤー女,ReShock2|$b画面揺れ回数,0.7, 4|$SvpSE_VOICE_PLAYER_F#_EVT_7|$E苦,汗|I-ich werde verhaftet?
Aber ich habe doch nichts--$k
$Wsusername|$Wd$w0|$Wmクロム|3$w0|$Wsクロム|$Wa$b動作,クロム,Ac5|$b動作,クロム,Re|$SvpSE_VOICE_CHROM_EVT_11|$E通常,|Ruhig, Freund. Ich verspreche dir, dass wir
uns deine Geschichte anhören werden.$k$pUnd nun komm mit.$k","$t1$Wmクロム|3$w0|$Wsクロム|$Wa$b動作,クロム,Ge2|$SvpSE_VOICE_CHROM_EVT_1|$E通常,|Stai bene?$k
$Wsクロム|$Wd$w0|$Wmusername|3$w0|$Wsusername|$Wa$SvpSE_VOICE_PLAYER_F#_EVT_1|$E笑,|S-Sì... Grazie, Chrom.$k
$Wsusername|$Wd$w0|$Wmクロム|3$w0|$Wsクロム|$Wa$SvpSE_VOICE_CHROM_EVT_2|$E怒,|Ah, ma allora ci conosciamo?$k
$Wsクロム|$Wd$w0|$Wmusername|3$w0|$Wsusername|$Wa$b動作,プレイヤー女,Ge4|$SvpSE_VOICE_PLAYER_F#_EVT_5|$E通常,|N-No, io... In effetti, è strano.
Il tuo nome... mi è venuto così.$k
$Wsusername|$Wd$w0|$Wmクロム|3$w0|$Wsクロム|$Wa$b動作,クロム,Ac6|$SvjSE_VOICE_CHROM_EVT_10|$SveSE_VOICE_CHROM_EVT_31|$E通常,|Sì, è MOLTO strano.$k$pDimmi, come ti chiami?
Cosa ci fai qui?$k
$Wsクロム|$Wd$w0|$Wmusername|3$w0|$Wsusername|$Wa$b動作,プレイヤー女,Droop|$SvpSE_VOICE_PLAYER_F#_EVT_10|Mi chiamo... ehm...$k$p$b動作,プレイヤー,Ge4|$E苦,汗|Mmmh...$k
$Wmクロム|3$w0|$SvpSE_VOICE_CHROM_EVT_3|$Wsクロム|$Wa$b動作,クロム,Ge2|$E怒,|Davvero non sai come ti chiami?$k
$Wmusername|3$w0|$b動作,プレイヤー,LookRest|$Wsusername|$Wa$SvpSE_VOICE_PLAYER_F#_EVT_11|$E苦,汗|Non sono sicura di...
Mi dispiace, ma dove mi trovo di preciso?$k
$Wsusername|$Wd$w0|$Wmリズ|3$w0|$Wsリズ|$Wa$Wv$b画面揺れ回数,0.7, 4|$b注目,フレデリク,リズ|$b動作,リズ,ReShock2|$SvpSE_VOICE_LIZ_EVT_10|$E怒,|Ehi, lo so, lo so!
Si chiama ""amnesia""!$k
$Wsリズ|$Wd$w0|$Wmフレデリク|3$w0|$Wsフレデリク|$Wa$b動作,リズ,RizRe|$SvpSE_VOICE_FREDERIK_EVT_1|$b注目,フレデリク,プレイヤー|$b動作,フレデリク,FreGe3|$b注目,リズ,フレデリク|$b注目,プレイヤー,フレデリク|$b動作,フレデリク,FreRe|$E怒,|No, si chiama ""mucchio di sciocchezze""!$k$pDovremmo credere che ricordate il nome
del mio signore, ma non il vostro?$k
$Wsフレデリク|$Wd$w0|$Wmusername|3$w0|$Wsusername|$Wa$b注目,クロム,フレデリク|$b動作,プレイヤー女,Ge1|$SvpSE_VOICE_PLAYER_F#_EVT_5|$E通常,|M-Ma è vero!$k
$Wsusername|$Wd$w0|$Wmクロム|3$w0|$Wsクロム|$Wa$b動作,クロム,Ge2|$SvpSE_VOICE_CHROM_EVT_11|$E通常,|E se fosse sincera, Frederick?
Non possiamo lasciarla qui, sola e confusa.$k$pChe razza di Pastori saremmo?$k
$Wsクロム|$Wd$w0|$Wmフレデリク|3$w0|$Wsフレデリク|$Wa$SvpSE_VOICE_FREDERIK_EVT_6|$b注目,フレデリク,クロム|$E通常,|Se posso permettermi, mio signore,
dobbiamo essere prudenti.$k$p$E怒,|Non possiamo rischiare di accogliere
un lupo nel nostro gregge.$k
$Wsフレデリク|$Wd$w0|$Wmクロム|3$w0|$Wsクロム|$Wa$b注目,クロム,プレイヤー女|$b注目,リズ,プレイヤー女|$SvpSE_VOICE_CHROM_EVT_6|Va bene. Portiamola in città e
cerchiamo di capirci qualcosa.$k
$Wsクロム|$Wd$w0|$Wmusername|3$w0|$Wsusername|$Wa$b注目,フレデリク,プレイヤー女|$b注目,プレイヤー女,クロム|$b動作,プレイヤー女,ReShock2|$b画面揺れ回数,0.7, 4|$SvpSE_VOICE_PLAYER_F#_EVT_7|$E苦,汗|Fermi un attimo.
La mia opinione non conta?$k
$Wsusername|$Wd$w0|$Wmクロム|3$w0|$Wsクロム|$Wa$b動作,クロム,Ac5|$b動作,クロム,Re|$SvpSE_VOICE_CHROM_EVT_11|$E通常,|Calma, straniera. Hai la mia parola che ti
ascolteremo. Ora mettiamoci in marcia.$k","$t1$Wmクロム|3$w0|$Wsクロム|$Wa$b動作,クロム,Ge2|$SvpSE_VOICE_CHROM_EVT_1|$E通常,|¿Te encuentras bien?$k
$Wsクロム|$Wd$w0|$Wmusername|3$w0|$Wsusername|$Wa$SvpSE_VOICE_PLAYER_F#_EVT_1|$E笑,|S-sí...
Gracias, Chrom.$k
$Wsusername|$Wd$w0|$Wmクロム|3$w0|$Wsクロム|$Wa$SvpSE_VOICE_CHROM_EVT_2|$E怒,|¡Ah! Entonces ¡sabes quién soy!$k
$Wsクロム|$Wd$w0|$Wmusername|3$w0|$Wsusername|$Wa$b動作,プレイヤー女,Ge4|$SvpSE_VOICE_PLAYER_F#_EVT_5|$E通常,|Pues... n-no. Qué raro... Tu nombre
simplemente... me ha venido a la cabeza.$k
$Wsusername|$Wd$w0|$Wmクロム|3$w0|$Wsクロム|$Wa$b動作,クロム,Ac6|$SvjSE_VOICE_CHROM_EVT_10|$SveSE_VOICE_CHROM_EVT_31|$E通常,|Sí que es raro, sí...$k$pBueno, ¿cómo te llamas?
¿Qué te trae por aquí?$k
$Wsクロム|$Wd$w0|$Wmusername|3$w0|$Wsusername|$Wa$b動作,プレイヤー女,Droop|$SvpSE_VOICE_PLAYER_F#_EVT_10|Me llamo... Esto...$k$p$b動作,プレイヤー,Ge4|$E苦,汗|Mmm...$k
$Wmクロム|3$w0|$SvpSE_VOICE_CHROM_EVT_3|$Wsクロム|$Wa$b動作,クロム,Ge2|$E怒,|¿No sabes cómo te llamas?...$k
$Wmusername|3$w0|$b動作,プレイヤー,LookRest|$Wsusername|$Wa$SvpSE_VOICE_PLAYER_F#_EVT_11|$E苦,汗|No estoy segura de... Esto... Perdonad,
pero ¿dónde estoy exactamente?$k
$Wsusername|$Wd$w0|$Wmリズ|3$w0|$Wsリズ|$Wa$Wv$b画面揺れ回数,0.7, 4|$b注目,フレデリク,リズ|$b動作,リズ,ReShock2|$SvpSE_VOICE_LIZ_EVT_10|$E怒,|Mmm... He oído hablar de esto...
¡Se llama amnesia!$k
$Wsリズ|$Wd$w0|$Wmフレデリク|3$w0|$Wsフレデリク|$Wa$b動作,リズ,RizRe|$SvpSE_VOICE_FREDERIK_EVT_1|$b注目,フレデリク,プレイヤー|$b動作,フレデリク,FreGe3|$b注目,リズ,フレデリク|$b注目,プレイヤー,フレデリク|$b動作,フレデリク,FreRe|$E怒,|Lo que se llama es ¡patraña!
Y de las grandes.$k$p¿Me estás diciendo que conoces el nombre
de mi señor Chrom pero no el tuyo?$k
$Wsフレデリク|$Wd$w0|$Wmusername|3$w0|$Wsusername|$Wa$b注目,クロム,フレデリク|$b動作,プレイヤー女,Ge1|$SvpSE_VOICE_PLAYER_F#_EVT_5|$E通常,|Es raro, p-pero ¡digo la verdad!$k
$Wsusername|$Wd$w0|$Wmクロム|3$w0|$Wsクロム|$Wa$b動作,クロム,Ge2|$SvpSE_VOICE_CHROM_EVT_11|$E通常,|Frederick, ¿y si no miente? No podemos
dejarla aquí, sola y confundida.$k$p¿Qué clase de custodios seríamos
si lo hiciésemos?$k
$Wsクロム|$Wd$w0|$Wmフレデリク|3$w0|$Wsフレデリク|$Wa$SvpSE_VOICE_FREDERIK_EVT_6|$b注目,フレデリク,クロム|$E通常,|Aun así, mi señor, os sugiero que actuéis
con la máxima cautela...$k$p$E怒,|Nuestro deber es custodiar y velar por
la seguridad de la gente de bien.$k
$Wsフレデリク|$Wd$w0|$Wmクロム|3$w0|$Wsクロム|$Wa$b注目,クロム,プレイヤー女|$b注目,リズ,プレイヤー女|$SvpSE_VOICE_CHROM_EVT_6|De acuerdo. Nos la llevaremos a la ciudad y
allí intentaremos llegar al fondo del asunto.$k
$Wsクロム|$Wd$w0|$Wmusername|3$w0|$Wsusername|$Wa$b注目,フレデリク,プレイヤー女|$b注目,プレイヤー女,クロム|$b動作,プレイヤー女,ReShock2|$b画面揺れ回数,0.7, 4|$SvpSE_VOICE_PLAYER_F#_EVT_7|$E苦,汗|Un momento... Tendré algo que decir al
respecto, ¿no?$k
$Wsusername|$Wd$w0|$Wmクロム|3$w0|$Wsクロム|$Wa$b動作,クロム,Ac5|$b動作,クロム,Re|$SvpSE_VOICE_CHROM_EVT_11|$E通常,|Tranquila. Escucharemos lo que tengas
que decir cuando lleguemos a la ciudad.$k$pTienes mi palabra. Ahora, vámonos.$k","$t1$Wmクロム|3$w0|$Wsクロム|$Wa$b動作,クロム,Ge2|$SvpSE_VOICE_CHROM_EVT_1|$E通常,|You all right?$k
$Wsクロム|$Wd$w0|$Wmusername|3$w0|$Wsusername|$Wa$SvpSE_VOICE_PLAYER_F#_EVT_1|$E笑,|Y-yes...
Thank you, Chrom.$k
$Wsusername|$Wd$w0|$Wmクロム|3$w0|$Wsクロム|$Wa$SvpSE_VOICE_CHROM_EVT_2|$E怒,|Ah, then you know who I am?$k
$Wsクロム|$Wd$w0|$Wmusername|3$w0|$Wsusername|$Wa$b動作,プレイヤー女,Ge4|$SvpSE_VOICE_PLAYER_F#_EVT_5|$E通常,|No, actually, I... It's strange...
Your name, it just...came to me...$k
$Wsusername|$Wd$w0|$Wmクロム|3$w0|$Wsクロム|$Wa$b動作,クロム,Ac6|$SvjSE_VOICE_CHROM_EVT_10|$SveSE_VOICE_CHROM_EVT_31|$E通常,|...Hmm, how curious.$k$pTell me, what's your name?
What brings you here?$k
$Wsクロム|$Wd$w0|$Wmusername|3$w0|$Wsusername|$Wa$b動作,プレイヤー女,Droop|$SvpSE_VOICE_PLAYER_F#_EVT_10|My name is... It's...$k$p$b動作,プレイヤー,Ge4|$E苦,汗|Hmm?$k
$Wmクロム|3$w0|$SvpSE_VOICE_CHROM_EVT_3|$Wsクロム|$Wa$b動作,クロム,Ge2|$E怒,|...You don't know your own name?$k
$Wmusername|3$w0|$b動作,プレイヤー,LookRest|$Wsusername|$Wa$SvpSE_VOICE_PLAYER_F#_EVT_11|$E苦,汗|I'm not sure if... I'm sorry,
but where am I, exactly?$k
$Wsusername|$Wd$w0|$Wmリズ|3$w0|$Wsリズ|$Wa$Wv$b画面揺れ回数,0.7, 4|$b注目,フレデリク,リズ|$b動作,リズ,ReShock2|$SvpSE_VOICE_LIZ_EVT_10|$E怒,|Hey, I've heard of this!
It's called amnesia!$k
$Wsリズ|$Wd$w0|$Wmフレデリク|3$w0|$Wsフレデリク|$Wa$b動作,リズ,RizRe|$SvpSE_VOICE_FREDERIK_EVT_1|$b注目,フレデリク,プレイヤー|$b動作,フレデリク,FreGe3|$b注目,リズ,フレデリク|$b注目,プレイヤー,フレデリク|$b動作,フレデリク,FreRe|$E怒,|It's called a load of pegasus dung.$k$pWe're to believe you remember
milord's name, but not your own?$k
$Wsフレデリク|$Wd$w0|$Wmusername|3$w0|$Wsusername|$Wa$b注目,クロム,フレデリク|$b動作,プレイヤー女,Ge1|$SvpSE_VOICE_PLAYER_F#_EVT_5|$E通常,|B-but it's the truth!$k
$Wsusername|$Wd$w0|$Wmクロム|3$w0|$Wsクロム|$Wa$b動作,クロム,Ge2|$SvpSE_VOICE_CHROM_EVT_11|$E通常,|...What if it IS true, Frederick? We can't
just leave $Ghim,her| here, alone and confused.$k$pWhat sort of Shepherds would we be then?$k
$Wsクロム|$Wd$w0|$Wmフレデリク|3$w0|$Wsフレデリク|$Wa$SvpSE_VOICE_FREDERIK_EVT_6|$b注目,フレデリク,クロム|$E通常,|Just the same, milord,
I must emphasise caution.$k$p$E怒,|'Twould not do to let a wolf
into our flock.$k
$Wsフレデリク|$Wd$w0|$Wmクロム|3$w0|$Wsクロム|$Wa$b注目,クロム,プレイヤー女|$b注目,リズ,プレイヤー女|$SvpSE_VOICE_CHROM_EVT_6|Right then―we'll take $Ghim,her| back
to town and sort this out there.$k
$Wsクロム|$Wd$w0|$Wmusername|3$w0|$Wsusername|$Wa$b注目,フレデリク,プレイヤー女|$b注目,プレイヤー女,クロム|$b動作,プレイヤー女,ReShock2|$b画面揺れ回数,0.7, 4|$SvpSE_VOICE_PLAYER_F#_EVT_7|$E苦,汗|Wait just one moment.
Do I have a say in this?$k
$Wsusername|$Wd$w0|$Wmクロム|3$w0|$Wsクロム|$Wa$b動作,クロム,Ac5|$b動作,クロム,Re|$SvpSE_VOICE_CHROM_EVT_11|$E通常,|Peace, friend―I promise we'll hear all
you have to say back in town. Now come.$k","$t1$Wmクロム|3$w0|$Wsクロム|$Wa$b動作,クロム,Ge2|$SvpSE_VOICE_CHROM_EVT_1|$E通常|İyi misin?$k
$Wsクロム|$Wd$w0|$Wmusername|3$w0|$Wsusername|$Wa$SvpSE_VOICE_PLAYER_F#_EVT_1|$E笑|E-evet... Teşekkürler, Chrom.$k
$Wsusername|$Wd$w0|$Wmクロム|3$w0|$Wsクロム|$Wa$SvpSE_VOICE_CHROM_EVT_2|$E怒|Demek kim olduğumu biliyorsun?$k
$Wsクロム|$Wd$w0|$Wmusername|3$w0|$Wsusername|$Wa$b動作,プレイヤー女,Ge4|$SvpSE_VOICE_PLAYER_F#_EVT_5|$E通常|Hayır, aslında... Tuhaf. Adın birden
aklıma geldi...$k
$Wsusername|$Wd$w0|$Wmクロム|3$w0|$Wsクロム|$Wa$b動作,クロム,Ac6|$SvjSE_VOICE_CHROM_EVT_10|$SveSE_VOICE_CHROM_EVT_31|$E通常|Hımm... İlginç.$k$pSöylesene, adın ne?
Burada ne işin var?$k
$Wsクロム|$Wd$w0|$Wmusername|3$w0|$Wsusername|$Wa$b動作,プレイヤー女,Droop|$SvpSE_VOICE_PLAYER_F#_EVT_10|Benim adım... Şey...$k$p$b動作,プレイヤー,Ge4|$E苦,汗|Hımm?$k
$Wmクロム|3$w0|$SvpSE_VOICE_CHROM_EVT_3|$Wsクロム|$Wa$b動作,クロム,Ge2|$E怒|...Kendi adını bilmiyor musun?$k
$Wmusername|3$w0|$b動作,プレイヤー,LookRest|$Wsusername|$Wa$SvpSE_VOICE_PLAYER_F#_EVT_11|$E苦,汗|Emin değilim... Affedersin ama tam
olarak neredeyim?$k
$Wsusername|$Wd$w0|$Wmリズ|3$w0|$Wsリズ|$Wa$Wv$b画面揺れ回数,0.7, 4|$b注目,フレデリク,リズ|$b動作,リズ,ReShock2|$SvpSE_VOICE_LIZ_EVT_10|$E怒|Hey, bunu duymuştum! Buna hafıza kaybı
deniyor!$k
$Wsリズ|$Wd$w0|$Wmフレデリク|3$w0|$Wsフレデリク|$Wa$b動作,リズ,RizRe|$SvpSE_VOICE_FREDERIK_EVT_1|$b注目,フレデリク,プレイヤー|$b動作,フレデリク,FreGe3|$b注目,リズ,フレデリク|$b注目,プレイヤー,フレデリク|$b動作,フレデリク,FreRe|$E怒|Düpedüz pegasus saçmalığı.$k$pEfendimin adını hatırlayıp kendi
adını hatırlamadığına mı inanalım?$k
$Wsフレデリク|$Wd$w0|$Wmusername|3$w0|$Wsusername|$Wa$b注目,クロム,フレデリク|$b動作,プレイヤー女,Ge1|$SvpSE_VOICE_PLAYER_F#_EVT_5|$E通常|A-ama doğru söylüyorum!$k
$Wsusername|$Wd$w0|$Wmクロム|3$w0|$Wsクロム|$Wa$b動作,クロム,Ge2|$SvpSE_VOICE_CHROM_EVT_11|$E通常|...Ya doğruysa Frederick? Onu
burada yalnız ve şaşkın bırakamayız.$k$pO zaman nasıl Çoban oluruz?$k
$Wsクロム|$Wd$w0|$Wmフレデリク|3$w0|$Wsフレデリク|$Wa$SvpSE_VOICE_FREDERIK_EVT_6|$b注目,フレデリク,クロム|$E通常|Yine de efendim, ihtiyatlı
olmalıyız.$k$p$E怒|Sürümüze kurt sokmak doğru
olmaz.$k
$Wsフレデリク|$Wd$w0|$Wmクロム|3$w0|$Wsクロム|$Wa$b注目,クロム,プレイヤー女|$b注目,リズ,プレイヤー女|$SvpSE_VOICE_CHROM_EVT_6|Pekâlâ. Onu kasabaya götürüp meseleyi
orada çözeriz.$k
$Wsクロム|$Wd$w0|$Wmusername|3$w0|$Wsusername|$Wa$b注目,フレデリク,プレイヤー女|$b注目,プレイヤー女,クロム|$b動作,プレイヤー女,ReShock2|$b画面揺れ回数,0.7, 4|$SvpSE_VOICE_PLAYER_F#_EVT_7|$E苦,汗|Bir dakika! Benim hiç söz hakkım yok
mu?$k
$Wsusername|$Wd$w0|$Wmクロム|3$w0|$Wsクロム|$Wa$b動作,クロム,Ac5|$b動作,クロム,Re|$SvpSE_VOICE_CHROM_EVT_11|$E通常|Sakin ol dostum. Kasabada
söyleyeceklerini dinleriz. Haydi.$k"
4,MID_P002_OP1_PCF2,,,,,"$t1$Wmクロム|3$w0|$Wsクロム|$Wa$b動作,クロム,Ge2|$SvpSE_VOICE_CHROM_EVT_1|$E通常,|大丈夫か？$k
$Wsクロム|$Wd$w0|$Wmusername|3$w0|$Wsusername|$Wa$SvpSE_VOICE_PLAYER_F#_EVT_1|$E笑,|あ、ありがとうございます。
…クロムさん…$k
$Wsusername|$Wd$w0|$Wmクロム|3$w0|$Wsクロム|$Wa$SvpSE_VOICE_CHROM_EVT_2|$E怒,|？　なぜ俺の名を？$k
$Wsクロム|$Wd$w0|$Wmusername|3$w0|$Wsusername|$Wa$b動作,プレイヤー女,Ge4|$SvpSE_VOICE_PLAYER_F#_EVT_5|$E通常,|え…？$k$p…どうしてでしょう？
どこかで会ったような気が…$k
$Wsusername|$Wd$w0|$Wmクロム|3$w0|$Wsクロム|$Wa$b動作,クロム,Ac6|$SvpSE_VOICE_CHROM_EVT_10|$E通常,|悪いが、初対面だぞ。
妙な奴だ。$k$pお前、何者だ？
ここでいったい何をしていた？$k
$Wsクロム|$Wd$w0|$Wmusername|3$w0|$Wsusername|$Wa$b動作,プレイヤー女,Droop|$SvpSE_VOICE_PLAYER_F#_EVT_10|私は……$k$p$b動作,プレイヤー,Ge4|$E苦,汗|……
私は誰ですか？$k
$Wmクロム|3$w0|$SvpSE_VOICE_CHROM_EVT_3|$b動作,クロム,Ge2|$Wsクロム|$Wa$E怒,|何？$k
$Wmusername|3$w0|$b動作,プレイヤー,LookRest|$Wsusername|$Wa$SvpSE_VOICE_PLAYER_F#_EVT_11|$E苦,汗|…それにここは…？
一体どこでしょうか？$k
$Wsusername|$Wd$w0|$Wmリズ|3$w0|$Wsリズ|$Wa$Wv$b画面揺れ回数,0.7, 4|$b注目,フレデリク,リズ|$b動作,リズ,ReShock2|$SvpSE_VOICE_LIZ_EVT_10|$E怒,|えー！？　それってもしかして、アレかな！
記憶喪失ってヤツじゃない？$k
$Wsリズ|$Wd$w0|$Wmフレデリク|3$w0|$Wsフレデリク|$Wa$b動作,リズ,RizRe|$SvpSE_VOICE_FREDERIK_EVT_1|$b注目,フレデリク,プレイヤー|$b動作,フレデリク,FreGe3|$b注目,リズ,フレデリク|$b注目,プレイヤー女,フレデリク|$b動作,フレデリク,FreRe|$E怒,|おかしな話ですね。ではなぜ、
クロムという名を知っていたのですか？$k$pそのような都合の良い記憶喪失…
簡単に信用できる話ではありません。$k
$Wsフレデリク|$Wd$w0|$Wmusername|3$w0|$Wsusername|$Wa$b注目,クロム,フレデリク|$b動作,プレイヤー女,Ge1|$SvpSE_VOICE_PLAYER_F#_EVT_5|$E通常,|ですが、私は本当に…$k
$Wsusername|$Wd$w0|$Wmクロム|3$w0|$Wsクロム|$Wa$b動作,クロム,Ge2|$SvpSE_VOICE_CHROM_EVT_11|$E通常,|だが、本当の話だったら
このまま放りだすわけにもいかないな。$k$p人々を助ける。
俺たちはそのためにここにいるんだ。$k
$Wsクロム|$Wd$w0|$Wmフレデリク|3$w0|$Wsフレデリク|$Wa$SvpSE_VOICE_FREDERIK_EVT_6|$b注目,フレデリク,クロム|$E通常,|それは、
確かに仰る通りなのですが…$k$p$E怒,|賊どもの一味である疑いがある以上、
気を許すのは危険です。$k
$Wsフレデリク|$Wd$w0|$Wmクロム|3$w0|$Wsクロム|$Wa$b注目,クロム,プレイヤー女|$b注目,リズ,プレイヤー女|$SvpSE_VOICE_CHROM_EVT_6|なら、とりあえず
こいつを捕まえて町に連れて行くか。$k
$Wsクロム|$Wd$w0|$Wmusername|3$w0|$Wsusername|$Wa$b注目,フレデリク,プレイヤー女|$b注目,プレイヤー女,クロム|$b動作,プレイヤー女,ReShock2|$b画面揺れ回数,0.7, 4|$SvpSE_VOICE_PLAYER_F#_EVT_7|$E苦,汗|え？
ま、待ってください…$k
$Wsusername|$Wd$w0|$Wmクロム|3$w0|$Wsクロム|$Wa$b動作,クロム,Ac5|$b動作,クロム,Re|$SvpSE_VOICE_CHROM_EVT_11|$E通常,|心配するな。話は町で聞いてやる。
さあ、来い！$k","$t1$Wmクロム|3$w0|$Wsクロム|$Wa$b動作,クロム,Ge2|$SvpSE_VOICE_CHROM_EVT_1|$E通常|İyi misin?$k
$Wsクロム|$Wd$w0|$Wmusername|3$w0|$Wsusername|$Wa$SvpSE_VOICE_PLAYER_F#_EVT_1|$E笑|T-teşekkür ederim... Chrom...$k
$Wsusername|$Wd$w0|$Wmクロム|3$w0|$Wsクロム|$Wa$SvpSE_VOICE_CHROM_EVT_2|$E怒|Adımı nereden biliyorsun?$k
$Wsクロム|$Wd$w0|$Wmusername|3$w0|$Wsusername|$Wa$b動作,プレイヤー女,Ge4|$SvpSE_VOICE_PLAYER_F#_EVT_5|$E通常|Ee...?$k$pNeden bilmiyorum... Sanki daha
önce karşılaşmışız gibi...$k
$Wsusername|$Wd$w0|$Wmクロム|3$w0|$Wsクロム|$Wa$b動作,クロム,Ac6|$SvpSE_VOICE_CHROM_EVT_10|$E通常|Daha önce hiç karşılaşmadık. Tuhaf
biri...$k$pSen kimsin? Burada ne yapıyordun?$k
$Wsクロム|$Wd$w0|$Wmusername|3$w0|$Wsusername|$Wa$b動作,プレイヤー女,Droop|$SvpSE_VOICE_PLAYER_F#_EVT_10|Ben...$k$p$b動作,プレイヤー,Ge4|$E苦,汗|...Ben kimim?$k
$Wmクロム|3$w0|$SvpSE_VOICE_CHROM_EVT_3|$b動作,クロム,Ge2|$Wsクロム|$Wa$E怒|Ne?$k
$Wmusername|3$w0|$b動作,プレイヤー,LookRest|$Wsusername|$Wa$SvpSE_VOICE_PLAYER_F#_EVT_11|$E苦,汗|Peki burası... Tam olarak neresi?$k
$Wsusername|$Wd$w0|$Wmリズ|3$w0|$Wsリズ|$Wa$Wv$b画面揺れ回数,0.7, 4|$b注目,フレデリク,リズ|$b動作,リズ,ReShock2|$SvpSE_VOICE_LIZ_EVT_10|$E怒|Ne?! Bu hafıza kaybı denen şey olmasın?$k
$Wsリズ|$Wd$w0|$Wmフレデリク|3$w0|$Wsフレデリク|$Wa$b動作,リズ,RizRe|$SvpSE_VOICE_FREDERIK_EVT_1|$b注目,フレデリク,プレイヤー|$b動作,フレデリク,FreGe3|$b注目,リズ,フレデリク|$b注目,プレイヤー女,フレデリク|$b動作,フレデリク,FreRe|$E怒|Garip. O hâlde Chrom'un adını nasıl
biliyordun?$k$pBöyle işine gelen bir hafıza
kaybına hemen inanamayız.$k
$Wsフレデリク|$Wd$w0|$Wmusername|3$w0|$Wsusername|$Wa$b注目,クロム,フレデリク|$b動作,プレイヤー女,Ge1|$SvpSE_VOICE_PLAYER_F#_EVT_5|$E通常|Ama ben gerçekten...$k
$Wsusername|$Wd$w0|$Wmクロム|3$w0|$Wsクロム|$Wa$b動作,クロム,Ge2|$SvpSE_VOICE_CHROM_EVT_11|$E通常|Ama doğruysa onu burada bırakıp
gidemeyiz.$k$pİnsanlara yardım etmek için
buradayız.$k
$Wsクロム|$Wd$w0|$Wmフレデリク|3$w0|$Wsフレデリク|$Wa$SvpSE_VOICE_FREDERIK_EVT_6|$b注目,フレデリク,クロム|$E通常|Haklısınız efendim, ama...$k$p$E怒|Haydutların adamı olma ihtimali
varken gardımızı indiremeyiz.$k
$Wsフレデリク|$Wd$w0|$Wmクロム|3$w0|$Wsクロム|$Wa$b注目,クロム,プレイヤー女|$b注目,リズ,プレイヤー女|$SvpSE_VOICE_CHROM_EVT_6|O zaman şimdilik onu tutup kasabaya
götürelim.$k
$Wsクロム|$Wd$w0|$Wmusername|3$w0|$Wsusername|$Wa$b注目,フレデリク,プレイヤー女|$b注目,プレイヤー女,クロム|$b動作,プレイヤー女,ReShock2|$b画面揺れ回数,0.7, 4|$SvpSE_VOICE_PLAYER_F#_EVT_7|$E苦,汗|Ne? B-bekleyin...$k
$Wsusername|$Wd$w0|$Wmクロム|3$w0|$Wsクロム|$Wa$b動作,クロム,Ac5|$b動作,クロム,Re|$SvpSE_VOICE_CHROM_EVT_11|$E通常|Endişelenme. Kasabada dinleriz. Haydi.$k"
5,MID_P002_OP1_PCF3,,,,,"$t1$Wmクロム|3$w0|$Wsクロム|$Wa$b動作,クロム,Ge2|$SvpSE_VOICE_CHROM_EVT_1|$E通常,|大丈夫か？$k
$Wsクロム|$Wd$w0|$Wmusername|3$w0|$Wsusername|$Wa……！$k
$Wsusername|$Wd$w0|$Wmクロム|3$w0|$Wsクロム|$Wa$SvpSE_VOICE_CHROM_EVT_2|なに？
どこかで会っただと？$k$p$b動作,クロム,Ac6|$E通常,|悪いが、初対面だぞ。
妙な奴だ。$k$pお前、何者だ？
ここでいったい何をしていた？$k
$Wsクロム|$Wd$w0|$Wmusername|3$w0|$Wsusername|$Wa$b動作,プレイヤー女,Droop|……$k$p……？？$k
$Wsusername|$Wd$w0|$Wmクロム|3$w0|$SvpSE_VOICE_CHROM_EVT_3|$Wsクロム|$Wa$E怒,|何？　何も覚えていないのか？$k
$Wsクロム|$Wd$w0|$Wmリズ|3$w0|$Wsリズ|$Wa$Wv$b画面揺れ回数,0.7, 4|$b動作,リズ,ReShock2|$SvpSE_VOICE_LIZ_EVT_10|$b注目,フレデリク,リズ|$E怒,|えー！？　それってもしかして、アレかな！
記憶喪失ってヤツじゃない？$k
$Wsリズ|$Wd$w0|$Wmフレデリク|3$w0|$Wsフレデリク|$Wa$b動作,リズ,RizRe|$SvpSE_VOICE_FREDERIK_EVT_1|$b注目,フレデリク,プレイヤー|$b動作,フレデリク,FreGe3|$b注目,リズ,フレデリク|$b注目,プレイヤー,フレデリク|$b動作,フレデリク,FreRe|$E怒,|お二人とも、お気をつけください。
本当かどうかはまだわかりません。$k$pそのような都合の良い記憶喪失…
簡単に信用できる話ではありません。$k
$Wsフレデリク|$Wd$w0|$Wmクロム|3$w0|$Wsクロム|$Wa$b動作,クロム,Ge2|$SvpSE_VOICE_CHROM_EVT_11|$E通常,|だが、本当の話だったら
このまま放りだすわけにもいかないな。$k$p人々を助ける。
俺たちはそのためにここにいるんだ。$k
$Wsクロム|$Wd$w0|$Wmフレデリク|3$w0|$Wsフレデリク|$Wa$SvpSE_VOICE_FREDERIK_EVT_6|$b注目,フレデリク,クロム|$E通常,|それは、
確かに仰る通りなのですが…$k$p$E怒,|賊どもの一味である疑いがある以上、
気を許すのは危険です。$k
$Wsフレデリク|$Wd$w0|$Wmクロム|3$w0|$Wsクロム|$Wa$b注目,クロム,プレイヤー女|$b注目,リズ,プレイヤー女|$SvpSE_VOICE_CHROM_EVT_6|なら、とりあえず
こいつを捕まえて町に連れて行くか。$k
$Wsクロム|$Wd$w0|$Wmusername|3$w0|$Wsusername|$Wa$b注目,フレデリク,プレイヤー女|$b注目,プレイヤー女,クロム|$b動作,プレイヤー女,ReShock2|$b画面揺れ回数,0.7, 4|$E苦,汗|！？$k
$Wsusername|$Wd$w0|$Wmクロム|3$w0|$Wsクロム|$Wa$b動作,クロム,Ac5|$b動作,クロム,Re|$SvpSE_VOICE_CHROM_EVT_11|$E通常,|心配するな。話は町で聞いてやる。
さあ、来い！$k","$t1$Wmクロム|3$w0|$Wsクロム|$Wa$b動作,クロム,Ge2|$SvpSE_VOICE_CHROM_EVT_1|$E通常|İyi misin?$k
$Wsクロム|$Wd$w0|$Wmusername|3$w0|$Wsusername|$Wa...!$k
$Wsusername|$Wd$w0|$Wmクロム|3$w0|$Wsクロム|$Wa$SvpSE_VOICE_CHROM_EVT_2|Ne? Daha önce karşılaştığımızı mı
söylüyorsun?$k$p$b動作,クロム,Ac6|$E通常|Kusura bakma, ilk kez
görüşüyoruz. Tuhaf...$k$pSen kimsin? Burada ne
yapıyordun?$k
$Wsクロム|$Wd$w0|$Wmusername|3$w0|$Wsusername|$Wa$b動作,プレイヤー女,Droop|...$k$p...??$k
$Wsusername|$Wd$w0|$Wmクロム|3$w0|$SvpSE_VOICE_CHROM_EVT_3|$Wsクロム|$Wa$E怒|Ne? Hiçbir şey hatırlamıyor musun?$k
$Wsクロム|$Wd$w0|$Wmリズ|3$w0|$Wsリズ|$Wa$Wv$b画面揺れ回数,0.7, 4|$b動作,リズ,ReShock2|$SvpSE_VOICE_LIZ_EVT_10|$b注目,フレデリク,リズ|$E怒|Ne?! Bu hafıza kaybı denen şey olmasın?$k
$Wsリズ|$Wd$w0|$Wmフレデリク|3$w0|$Wsフレデリク|$Wa$b動作,リズ,RizRe|$SvpSE_VOICE_FREDERIK_EVT_1|$b注目,フレデリク,プレイヤー|$b動作,フレデリク,FreGe3|$b注目,リズ,フレデリク|$b注目,プレイヤー,フレデリク|$b動作,フレデリク,FreRe|$E怒|İkiniz de dikkatli olun. Doğru
söylediğini henüz bilmiyoruz.$k$pBöylesine elverişli bir hafıza
kaybına kolayca inanamayız.$k
$Wsフレデリク|$Wd$w0|$Wmクロム|3$w0|$Wsクロム|$Wa$b動作,クロム,Ge2|$SvpSE_VOICE_CHROM_EVT_11|$E通常|Ama doğruysa burada bırakıp
gidemeyiz.$k$pİnsanlara yardım etmek için
buradayız.$k
$Wsクロム|$Wd$w0|$Wmフレデリク|3$w0|$Wsフレデリク|$Wa$SvpSE_VOICE_FREDERIK_EVT_6|$b注目,フレデリク,クロム|$E通常|Haklısınız efendim, ama...$k$p$E怒|Haydutların adamı olma ihtimali
varken gardımızı indiremeyiz.$k
$Wsフレデリク|$Wd$w0|$Wmクロム|3$w0|$Wsクロム|$Wa$b注目,クロム,プレイヤー女|$b注目,リズ,プレイヤー女|$SvpSE_VOICE_CHROM_EVT_6|O zaman onu kasabaya götürüp orada
sorgularız.$k
$Wsクロム|$Wd$w0|$Wmusername|3$w0|$Wsusername|$Wa$b注目,フレデリク,プレイヤー女|$b注目,プレイヤー女,クロム|$b動作,プレイヤー女,ReShock2|$b画面揺れ回数,0.7, 4|$E苦,汗|?!$k
$Wsusername|$Wd$w0|$Wmクロム|3$w0|$Wsクロム|$Wa$b動作,クロム,Ac5|$b動作,クロム,Re|$SvpSE_VOICE_CHROM_EVT_11|$E通常|Endişelenme. Kasabada konuşuruz. Haydi.$k"
6,MID_P002_OP1_02_PCM1,"$t1$Wmusername|3$w0|$Wsusername|$Wa$b動作,プレイヤー女,Droop|$SvpSE_VOICE_PLAYER_M#_EVT_9|$E怒,|Qu'allez-vous faire de moi ?
Vous allez m'emprisonner ?$k
$Wmクロム|3$w0|$Wsクロム|$Wa$b動作,クロム,Ac5|$SvpSE_VOICE_CHROM_EVT_13|$E笑,|Ha ha ! Non, tu seras libre de partir...$k$p... dès que nous aurons déterminé que
tu n'es pas $Gun,une| $Gennemi,ennemie| d'Ylisse.$k
$Wmusername|3$w0|$Wsusername|$Wa$b動作,プレイヤー,Ge2|$SvpSE_VOICE_PLAYER_M#_EVT_5|C'est donc le nom de l'endroit où
nous nous trouvons ? Ylisse ?$k
$Wmフレデリク|3$w0|$Wsフレデリク|$Wa$b動作,フレデリク,FreGe3|$b動作,フレデリク,FreRe|$SvpSE_VOICE_FREDERIK_EVT_15|$E通常,|Vous dites n'en avoir jamais entendu
parler... ?$k$p$GCet,Cette| $Ghomme,femme| mérite des applaudissements !
$GQuel,Quelle| $Gacteur,actrice| formidable !$k$pLe froncement de sourcils était
particulièrement convaincant...$k
$Wmクロム|3$w0|$Wsクロム|$Wa$b動作,クロム,Ac5|$SvpSE_VOICE_CHROM_EVT_38|$E通常,|Frederick, s'il te plaît...$k$pCe royaume s'appelle Ylisse, et Emmeryn,
la Sainte-Reine, est celle qui nous dirige.$k$pHmm... À présent, j'imagine que quelques
présentations sont de rigueur.$k$p$E通常,|Je m'appelle Chrom, mais apparemment,
tu l'avais déjà deviné $Gtout,toute| $Gseul,seule|.$k$p$b注目,クロム,リズ|La jeune fille délicate que tu vois là,
c'est ma petite sœur Lissa.$k
$Wsクロム|$Wd$w0|$Wmリズ|3$w0|$Wsリズ|$Wa$b向き,リズ,A|$b動作,リズ,RizAngry|$SvjSE_VOICE_LIZ_EVT_12|$SveSE_VOICE_LIZ_EVT_13|$E怒,|N'importe quoi ! Je ne suis PAS délicate !
Espèce de gros nul !$k$p$b向き,リズ,B|$b動作,リズ,WalkTurn|$b動作,リズ,RizRe|$SvjSE_VOICE_LIZ_EVT_13|$E通常,|Tu n'es pas $Gobligé,obligée| de prêter attention à
mon frère. Il est un peu bête parfois...$k$p$b動作,リズ,RizAc4|$b動作,リズ,RizRe|$E笑,|Mais tu peux quand même t'estimer
$Gchanceux,chanceuse|.$k$pCe sont les Veilleurs qui t'ont $Gtrouvé,trouvée|
et pas un groupe de bandits.$k
$Wsリズ|$Wd$w0|$Wmusername|3$w0|$Wsusername|$Wa$SvpSE_VOICE_PLAYER_M#_EVT_10|$b動作,プレイヤー女,Ge2|$E通常,|Pourquoi un tel nom ? Sur quoi veillez-vous,
au juste ?$k
$Wsusername|$Wd$w0|$Wmクロム|3$w0|$Wsクロム|$Wa$b注目,クロム,プレイヤー女|$SvpSE_VOICE_CHROM_EVT_7|$E笑,|Disons qu'on fait... un travail dangereux.
Demande à Frederick le Méfiant.$k
$b向き,クロム,C|$b向き,プレイヤー女,C|$b動作,プレイヤー女,WalkTurn|$Wsクロム|$Wd$w0|$Wmフレデリク|3$w0|$Wsフレデリク|$Wa$SvpSE_VOICE_FREDERIK_EVT_6|$b動作,フレデリク,FreGe1|$b動作,フレデリク,FreRe|$E通常,|Un titre honorifique que je porterais
avec fierté...$k$pPardonnez-moi d'être le seul à faire
naturellement preuve de suspicion.$k$p$b動作,フレデリク,FreGe3|$b動作,フレデリク,FreRe|$E怒,|Je ne demande vraiment qu'à vous croire,
mais mon statut me commande le contraire.$k
$Wsフレデリク|$Wd$w0|$Wmusername|3$w0|$Wsusername|$Wa$SvpSE_VOICE_PLAYER_M#_EVT_15|$E通常,|Je te comprends, je ferais exactement
la même chose à ta place.$k$pJe m'appelle $Nu.$k$p$b動作,プレイヤー女,Ge1|Je viens juste de m'en rappeler... Bizarre...
Voilà au moins un mystère de résolu !$k
$Wsusername|$Wd$w0|$Wmクロム|3$w0|$b注目,プレイヤー女,クロム|$b注目,クロム,プレイヤー女|$Wsクロム|$Wa$b動作,クロム,Ac6|$b向き,リズ,I|$b動作,リズ,WalkTurn|$SvpSE_VOICE_CHROM_EVT_12|$E通常,|$Nu ? Ce n'est pas d'ici,
ce nom... Hmm, on verra ça plus tard.$k$pNous arrivons au village. On va pou...$k
$Sre70|$Wsクロム|$Wd$w0|$Wmリズ|3$w0|$Wsリズ|$Wa$Wv$SvpSE_VOICE_LIZ_EVT_1|$E苦,汗|Chrom, regarde ! Il se passe quelque chose
au village !$k","$t1$Wmusername|3$w0|$Wsusername|$Wa$b動作,プレイヤー女,Droop|$SvpSE_VOICE_PLAYER_M#_EVT_9|$E怒,|Ich nehme an, dass ich in Ketten gelegt
werde? Oder werde ich vielleicht gehängt?$k
$Wmクロム|3$w0|$Wsクロム|$Wa$b動作,クロム,Ac5|$SvpSE_VOICE_CHROM_EVT_13|$E笑,|Ha! Es steht dir frei zu gehen, sobald
klar ist, dass du kein Feind Ylisses bist.$k
$Wmusername|3$w0|$Wsusername|$Wa$b動作,プレイヤー,Ge2|$SvpSE_VOICE_PLAYER_M#_EVT_5|Ylisse? Ist das das Land, in dem wir sind?$k
$Wmフレデリク|3$w0|$Wsフレデリク|$Wa$b動作,フレデリク,FreGe3|$b動作,フレデリク,FreRe|$SvpSE_VOICE_FREDERIK_EVT_15|$E通常,|Ihr habt noch nie von dem
Königreich gehört?$k$pHa! Jemand muss $Gdiesen Mann,diese Frau| entlohnen!
$GEr,Sie| ist $Gein fähiger Schauspieler,eine fähige Schauspielerin|!$k$pDiese gerunzelte Stirn ist besonders
überzeugend.$k
$Wmクロム|3$w0|$Wsクロム|$Wa$b動作,クロム,Ac5|$SvpSE_VOICE_CHROM_EVT_38|$E通常,|Frederick? Du bist keine große Hilfe.$k$pDieses Land ist das Königreich von Ylisse.
Die Erhabene Emmeryn ist unsere Regentin.$k$pAlso... Nun ja. Ich denke, es ist an der Zeit,
dass wir uns einmal vorstellen.$k$p$E通常,|Mein Name ist Chrom, aber auf den bist du
offenbar bereits von selbst gekommen.$k$p$b注目,クロム,リズ|$b注目,プレイヤー女,リズ|Dieses zarte Pflänzchen da ist meine kleine
Schwester Lissa.$k
$Wsクロム|$Wd$w0|$Wmリズ|3$w0|$Wsリズ|$Wa$b向き,リズ,A|$b動作,リズ,RizAngry|$SvjSE_VOICE_LIZ_EVT_12|$SveSE_VOICE_LIZ_EVT_13|$E怒,|Ich bin NICHT zart!
Trottel!$k$p$b向き,リズ,B|$b動作,リズ,WalkTurn|$b動作,リズ,RizRe|$SvjSE_VOICE_LIZ_EVT_13|$E通常,|Wenn du magst, kannst du meinen großen
Bruder ignorieren. Er ist ein Idiot.$k$p$b動作,リズ,RizAc4|$b動作,リズ,RizRe|$E笑,|Aber sei froh, dass dich die Hirten gefunden
haben und nicht die Banditen.$k
$Wsリズ|$Wd$w0|$Wmusername|3$w0|$Wsusername|$Wa$SvpSE_VOICE_PLAYER_M#_EVT_10|$b動作,プレイヤー女,Ge2|$E通常,|Ihr hütet Schafe? In... voller Rüstung?$k
$Wsusername|$Wd$w0|$Wmクロム|3$w0|$Wsクロム|$Wa$b注目,クロム,プレイヤー女|$SvpSE_VOICE_CHROM_EVT_7|$E笑,|Ha! Es ist eine gefährliche Aufgabe. Frag
nur den vorsichtigen Frederick hier.$k
$b向き,クロム,C|$b向き,プレイヤー女,C|$b動作,プレイヤー女,WalkTurn|$Wsクロム|$Wd$w0|$Wmフレデリク|3$w0|$Wsフレデリク|$Wa$SvpSE_VOICE_FREDERIK_EVT_6|$b動作,フレデリク,FreGe1|$b動作,フレデリク,FreRe|$E通常,|Habt Dank für das Kompliment, mein Herr!$k$pVergebt mir, wenn ich der Einzige bin, der
ein normales Maß an Argwohn hegt.$k$p$b動作,フレデリク,FreGe3|$b動作,フレデリク,FreRe|$E怒,|Ich möchte Euch nur zu gerne vertrauen,
aber meine Position gebietet etwas anderes.$k
$Wsフレデリク|$Wd$w0|$Wmusername|3$w0|$Wsusername|$Wa$SvpSE_VOICE_PLAYER_M#_EVT_15|$E通常,|Das verstehe ich. Mir ginge es nicht anders.$k$pWie dem auch sei, mein Name ist
$Nu.$k$p$b動作,プレイヤー女,Ge1|...Das fiel mir gerade ein. Wie seltsam.
So ließ sich zumindest dieses Rätsel lösen!$k
$Wsusername|$Wd$w0|$Wmクロム|3$w0|$b注目,プレイヤー女,クロム|$b注目,クロム,プレイヤー女|$Wsクロム|$Wa$b動作,クロム,Ac6|$b向き,リズ,I|$b動作,リズ,WalkTurn|$SvpSE_VOICE_CHROM_EVT_12|$E通常,|$Nu? Was ist das für ein Name?
...Ach, egal. Das besprechen wir später.$k$pWir sind fast in der Stadt. Dann können--$k
$Sre70|$Wsクロム|$Wd$w0|$Wmリズ|3$w0|$Wsリズ|$Wa$p$Wv$SvpSE_VOICE_LIZ_EVT_1|$E苦,汗|Chrom, sieh nur! Ist das Rauch?$k","$t1$Wmusername|3$w0|$Wsusername|$Wa$b動作,プレイヤー女,Droop|$SvpSE_VOICE_PLAYER_M#_EVT_9|$E怒,|Cosa volete farne di me?
Volete farmi prigioniero?$k
$Wmクロム|3$w0|$Wsクロム|$Wa$b動作,クロム,Ac5|$SvpSE_VOICE_CHROM_EVT_13|$E笑,|Ti lasceremo andare quando avrò appurato
che non sei un pericolo per l'Ylisse.$k
$Wmusername|3$w0|$Wsusername|$Wa$b動作,プレイヤー,Ge2|$SvpSE_VOICE_PLAYER_M#_EVT_5|Quindi questa sarebbe l'Ylisse?$k
$Wmフレデリク|3$w0|$Wsフレデリク|$Wa$b動作,フレデリク,FreGe3|$b動作,フレデリク,FreRe|$SvpSE_VOICE_FREDERIK_EVT_15|$E通常,|Ci volete fare credere di non avere
mai sentito parlare del Sacro Regno?$k$pQualcuno dia una moneta a $Gquest'uomo,questa donna|!
È davvero $Gun grande attore,una grande attrice|!$k$pIn particolare trovo molto convincente
la sua fronte corrucciata.$k
$Wmクロム|3$w0|$Wsクロム|$Wa$b動作,クロム,Ac5|$SvpSE_VOICE_CHROM_EVT_38|$E通常,|Frederick, per favore.$k$pSì, ti trovi nel Sacro Regno d'Ylisse.
La nostra sovrana è Emmeryn, l'Eletta.$k$pIn effetti, forse dovremmo
presentarci tutti.$k$p$E通常,|Io sono Chrom, ma mi sembra
che questo tu lo sappia già.$k$p$b注目,クロム,リズ|$b注目,プレイヤー女,リズ|La ragazza fragilina lì è Lissa,
mia sorella minore.$k
$Wsクロム|$Wd$w0|$Wmリズ|3$w0|$Wsリズ|$Wa$b向き,リズ,A|$b動作,リズ,RizAngry|$SvjSE_VOICE_LIZ_EVT_12|$SveSE_VOICE_LIZ_EVT_13|$E怒,|Non sono fragilina! Tsk!$k$p$b向き,リズ,B|$b動作,リズ,WalkTurn|$b動作,リズ,RizRe|$SvjSE_VOICE_LIZ_EVT_13|$E通常,|Ti consiglio di ignorare mio fratello.
È un tale imbecille a volte.$k$p$b動作,リズ,RizAc4|$b動作,リズ,RizRe|$E笑,|Ma ritieniti $Gfortunato,fortunata| che ti abbiano
$Gtrovato,trovata| i Pastori e non i briganti.$k
$Wsリズ|$Wd$w0|$Wmusername|3$w0|$Wsusername|$Wa$SvpSE_VOICE_PLAYER_M#_EVT_10|$b動作,プレイヤー女,Ge2|$E通常,|Pastori? Ma vi prendete cura delle
pecore armati di tutto punto?$k
$Wsusername|$Wd$w0|$Wmクロム|3$w0|$Wsクロム|$Wa$b注目,クロム,プレイヤー女|$SvpSE_VOICE_CHROM_EVT_7|$E笑,|Ah ah! È un lavoro pericoloso.
Chiedi a Frederick il Malfidente.$k
$b向き,クロム,C|$b向き,プレイヤー女,C|$b動作,プレイヤー女,WalkTurn|$Wsクロム|$Wd$w0|$Wmフレデリク|3$w0|$Wsフレデリク|$Wa$SvpSE_VOICE_FREDERIK_EVT_6|$b動作,フレデリク,FreGe1|$b動作,フレデリク,FreRe|$E通常,|Sarei onorato di un tale
titolo, se solo esistesse.$k$pPerdonatemi se sono l'unico a nutrire
dei sospetti perfettamente giustificabili.$k$p$b動作,フレデリク,FreGe3|$b動作,フレデリク,FreRe|$E怒,|Vorrei fidarmi di voi, $Gstraniero,straniera|, ma
la mia posizione impone altrimenti.$k
$Wsフレデリク|$Wd$w0|$Wmusername|3$w0|$Wsusername|$Wa$SvpSE_VOICE_PLAYER_M#_EVT_15|$E通常,|Vi capisco, signore, farei lo stesso anch'io.$k$pComunque, io mi chiamo $Nu.$k$p$b動作,プレイヤー女,Ge1|Che strano, mi è appena tornato in mente.
Bene, almeno un mistero è risolto!$k
$Wsusername|$Wd$w0|$Wmクロム|3$w0|$b注目,プレイヤー女,クロム|$b注目,クロム,プレイヤー女|$Wsクロム|$Wa$b動作,クロム,Ac6|$b向き,リズ,I|$b動作,リズ,WalkTurn|$SvpSE_VOICE_CHROM_EVT_12|$E通常,|$Nu? È un nome straniero?
Va bene, ne riparleremo dopo.$k$pSiamo quasi arrivati. Dopo potremo...$k
$Sre70|$Wsクロム|$Wd$w0|$Wmリズ|3$w0|$Wsリズ|$Wa$Wv$SvpSE_VOICE_LIZ_EVT_1|$E苦,汗|Chrom, guarda! Il borgo!$k","$t1$Wmusername|3$w0|$Wsusername|$Wa$b動作,プレイヤー女,Droop|$SvpSE_VOICE_PLAYER_M#_EVT_9|$E怒,|Entonces, ¿qué pasa conmigo?
¿Soy vuestro prisionero o algo así?$k
$Wmクロム|3$w0|$Wsクロム|$Wa$b動作,クロム,Ac5|$SvpSE_VOICE_CHROM_EVT_13|$E笑,|¡Qué va! Podrás irte en cuanto confirmemos
que no eres un peligro para Ylisse, ¿vale?$k
$Wmusername|3$w0|$Wsusername|$Wa$b動作,プレイヤー,Ge2|$SvpSE_VOICE_PLAYER_M#_EVT_5|¿""Ylisse""? ¿Es ese el lugar en el que
estamos ahora?$k
$Wmフレデリク|3$w0|$Wsフレデリク|$Wa$b動作,フレデリク,FreGe3|$b動作,フレデリク,FreRe|$SvpSE_VOICE_FREDERIK_EVT_15|$E通常,|¿No has oído hablar del Sacro Reino?$k$p¡Ja! ¡Un aplauso para este hombre!
¡Es un actor de primera!$k$pLa manera en la que ha fruncido el ceño
ha sido especialmente convincente.$k
$Wmクロム|3$w0|$Wsクロム|$Wa$b動作,クロム,Ac5|$SvpSE_VOICE_CHROM_EVT_38|$E通常,|Frederick...$k$pBien, estás en el Sacro Reino de Ylisse,
gobernado por su Venerable, Emmeryn.$k$pMmm... Y ya que estamos, creo que no
estaría de más presentarnos todos.$k$p$E通常,|Me llamo Chrom, pero eso parece
que ya lo sabes.$k$p$b注目,クロム,リズ|$b注目,プレイヤー女,リズ|Esta delicada joven de aquí es mi hermana
pequeña, Lissa.$k
$Wsクロム|$Wd$w0|$Wmリズ|3$w0|$Wsリズ|$Wa$b向き,リズ,A|$b動作,リズ,RizAngry|$SvjSE_VOICE_LIZ_EVT_12|$SveSE_VOICE_LIZ_EVT_13|$E怒,|¡¿Cómo que delicada?! Serás...$k$p$b向き,リズ,B|$b動作,リズ,WalkTurn|$b動作,リズ,RizRe|$SvjSE_VOICE_LIZ_EVT_13|$E通常,|A mi hermano, ni caso.
A veces es un poco tontorrón...$k$p$b動作,リズ,RizAc4|$b動作,リズ,RizRe|$E笑,|Tienes suerte de que te hayan encontrado
los Custodios y no un grupo de bandidos.$k
$Wsリズ|$Wd$w0|$Wmusername|3$w0|$Wsusername|$Wa$SvpSE_VOICE_PLAYER_M#_EVT_10|$b動作,プレイヤー女,Ge2|$E通常,|¿Y qué custodiáis... aquí, en medio del
campo?$k
$Wsusername|$Wd$w0|$Wmクロム|3$w0|$Wsクロム|$Wa$b注目,クロム,プレイヤー女|$SvpSE_VOICE_CHROM_EVT_7|$E笑,|¡Ja, ja! El peligro puede acechar en
cualquier parte...$k$pPregúntale a Frederick el Cauto.$k
$b向き,クロム,C|$b向き,プレイヤー女,C|$b動作,プレイヤー女,WalkTurn|$Wsクロム|$Wd$w0|$Wmフレデリク|3$w0|$Wsフレデリク|$Wa$SvpSE_VOICE_FREDERIK_EVT_6|$b動作,フレデリク,FreGe1|$b動作,フレデリク,FreRe|$E通常,|Gracias, mi señor, será un honor ostentar
este título.$k$pY perdonadme por ser el único que intenta
mantener un mínimo de prudencia.$k$p$b動作,フレデリク,FreGe3|$b動作,フレデリク,FreRe|$E怒,|Nada me gustaría más que poder confiar en
ti, $Gextraño, extraña|, mas mi posición me lo impide.$k
$Wsフレデリク|$Wd$w0|$Wmusername|3$w0|$Wsusername|$Wa$SvpSE_VOICE_PLAYER_M#_EVT_15|$E通常,|Entiendo, señor. De estar en vuestro lugar,
yo haría lo mismo.$k$pBueno, me llamo $Nu.$k$p$b動作,プレイヤー女,Ge1|¿Eh? ¡Qué extraño! Me ha venido a la
cabeza sin más... Bueno, un misterio menos.$k
$Wsusername|$Wd$w0|$Wmクロム|3$w0|$b注目,プレイヤー女,クロム|$b注目,クロム,プレイヤー女|$Wsクロム|$Wa$b動作,クロム,Ac6|$b向き,リズ,I|$b動作,リズ,WalkTurn|$SvpSE_VOICE_CHROM_EVT_12|$E通常,|¿$Nu? Es un nombre extranjero,
¿no? En fin, ya lo discutiremos más tarde.$k$pYa casi hemos llegado a la ciudad.
Una vez allí, podremos...$k
$Sre70|$Wsクロム|$Wd$w0|$Wmリズ|3$w0|$Wsリズ|$Wa$Wv$SvpSE_VOICE_LIZ_EVT_1|$E苦,汗|¡Chrom, mira!$k","$t1$Wmusername|3$w0|$Wsusername|$Wa$b動作,プレイヤー女,Droop|$SvpSE_VOICE_PLAYER_M#_EVT_9|$E怒,|What will you do with me?
Am I to be your prisoner?$k
$Wmクロム|3$w0|$Wsクロム|$Wa$b動作,クロム,Ac5|$SvpSE_VOICE_CHROM_EVT_13|$E笑,|Hah! You'll be free to go once we
establish you're no enemy of Ylisse.$k
$Wmusername|3$w0|$Wsusername|$Wa$b動作,プレイヤー,Ge2|$SvpSE_VOICE_PLAYER_M#_EVT_5|Is that where we are?
Ylisse?$k
$Wmフレデリク|3$w0|$Wsフレデリク|$Wa$b動作,フレデリク,FreGe3|$b動作,フレデリク,FreRe|$SvpSE_VOICE_FREDERIK_EVT_15|$E通常,|You've never heard of the halidom?$k$pHa! Someone pay this $Gactor,actress|.
$GHe,She| plays quite the fool!$k$pThe furrowed brow is especially
convincing...$k
$Wmクロム|3$w0|$Wsクロム|$Wa$b動作,クロム,Ac5|$SvpSE_VOICE_CHROM_EVT_38|$E通常,|Frederick, please.$k$pThis land is known as the Halidom of Ylisse.
Our ruler, Emmeryn, is called the exalt.$k$pI suppose proper introductions
are in order...$k$p$E通常,|My name is Chrom―but then,
you already knew that.$k$p$b注目,クロム,リズ|$b注目,プレイヤー女,リズ|The delicate one here is my
little sister, Lissa.$k
$Wsクロム|$Wd$w0|$Wmリズ|3$w0|$Wsリズ|$Wa$b向き,リズ,A|$b動作,リズ,RizAngry|$SvjSE_VOICE_LIZ_EVT_12|$SveSE_VOICE_LIZ_EVT_13|$E怒,|I am NOT delicate! ...Hmph!$k$p$b向き,リズ,B|$b動作,リズ,WalkTurn|$b動作,リズ,RizRe|$SvjSE_VOICE_LIZ_EVT_13|$E通常,|Ignore my brother, please.
He can be a bit thick sometimes.$k$p$b動作,リズ,RizAc4|$b動作,リズ,RizRe|$E笑,|But you're lucky the Shepherds found you.
Brigands would've been a rude awakening!$k
$Wsリズ|$Wd$w0|$Wmusername|3$w0|$Wsusername|$Wa$SvpSE_VOICE_PLAYER_M#_EVT_10|$b動作,プレイヤー女,Ge2|$E通常,|Shepherds? You tend sheep?
...In full armour?$k
$Wsusername|$Wd$w0|$Wmクロム|3$w0|$Wsクロム|$Wa$b注目,クロム,プレイヤー女|$SvpSE_VOICE_CHROM_EVT_7|$E笑,|Heh, it's a dangerous job.
Just ask Frederick the Wary here.$k
$b向き,クロム,C|$b向き,プレイヤー女,C|$b動作,プレイヤー女,WalkTurn|$Wsクロム|$Wd$w0|$Wmフレデリク|3$w0|$Wsフレデリク|$Wa$SvpSE_VOICE_FREDERIK_EVT_6|$b動作,フレデリク,FreGe1|$b動作,フレデリク,FreRe|$E通常,|A title I shall wear with pride.$k$pGods forbid one of us keeps an
appropriate level of caution.$k$p$b動作,フレデリク,FreGe3|$b動作,フレデリク,FreRe|$E怒,|I have every wish to trust you, stranger,
but my station mandates otherwise.$k
$Wsフレデリク|$Wd$w0|$Wmusername|3$w0|$Wsusername|$Wa$SvpSE_VOICE_PLAYER_M#_EVT_15|$E通常,|I understand, sir.
I would do no less myself.$k$pMy name is $Nu.$k$p$b動作,プレイヤー女,Ge1|...I just remembered that. How odd.
I suppose that's one mystery solved.$k
$Wsusername|$Wd$w0|$Wmクロム|3$w0|$b注目,プレイヤー女,クロム|$b注目,クロム,プレイヤー女|$Wsクロム|$Wa$b動作,クロム,Ac6|$b向き,リズ,I|$b動作,リズ,WalkTurn|$SvpSE_VOICE_CHROM_EVT_12|$E通常,|$Nu? Is that foreign?
...Ah, well. We can discuss it later.$k$pWe're almost to town. Once we―$k
$Sre70|$Wsクロム|$Wd$w0|$Wmリズ|3$w0|$Wsリズ|$Wa$Wv$SvpSE_VOICE_LIZ_EVT_1|$E苦,汗|Chrom, look! The town!$k","$t1$Wmusername|3$w0|$Wsusername|$Wa$b動作,プレイヤー女,Droop|$SvpSE_VOICE_PLAYER_M#_EVT_9|$E怒|Benimle ne yapacaksınız? Tutsağınız mı
olacağım?$k
$Wmクロム|3$w0|$Wsクロム|$Wa$b動作,クロム,Ac5|$SvpSE_VOICE_CHROM_EVT_13|$E笑|Hah! Ylisse'nin düşmanı olmadığın
anlaşılınca özgürsün.$k
$Wmusername|3$w0|$Wsusername|$Wa$b動作,プレイヤー,Ge2|$SvpSE_VOICE_PLAYER_M#_EVT_5|Demek burası Ylisse?$k
$Wmフレデリク|3$w0|$Wsフレデリク|$Wa$b動作,フレデリク,FreGe3|$b動作,フレデリク,FreRe|$SvpSE_VOICE_FREDERIK_EVT_15|$E通常|Kutsal Krallığı hiç duymadın mı?$k$pHa! Şu oyuncuya para
verin. Aptalı iyi oynuyor!$k$pO çatılmış kaşlar özellikle
inandırıcı...$k
$Wmクロム|3$w0|$Wsクロム|$Wa$b動作,クロム,Ac5|$SvpSE_VOICE_CHROM_EVT_38|$E通常|Frederick, yeter.$k$pBurası Ylisse Kutsal Krallığı.
Hükümdarımız Emmeryn'e Yüce denir.$k$pSanırım düzgünce
tanışmalıyız...$k$p$E通常|Ben Chrom. Ama bunu zaten
biliyordun.$k$p$b注目,クロム,リズ|$b注目,プレイヤー女,リズ|Şu ufaklık da kız kardeşim
Lissa.$k
$Wsクロム|$Wd$w0|$Wmリズ|3$w0|$Wsリズ|$Wa$b向き,リズ,A|$b動作,リズ,RizAngry|$SvjSE_VOICE_LIZ_EVT_12|$SveSE_VOICE_LIZ_EVT_13|$E怒|BEN narin değilim! Hıh!$k$p$b向き,リズ,B|$b動作,リズ,WalkTurn|$b動作,リズ,RizRe|$SvjSE_VOICE_LIZ_EVT_13|$E通常|Kardeşimi boş ver. Bazen
biraz kalın kafalıdır.$k$p$b動作,リズ,RizAc4|$b動作,リズ,RizRe|$E笑|Çobanların seni bulduğuna şükret.
Haydutlar daha sert uyandırırdı!$k
$Wsリズ|$Wd$w0|$Wmusername|3$w0|$Wsusername|$Wa$SvpSE_VOICE_PLAYER_M#_EVT_10|$b動作,プレイヤー女,Ge2|$E通常|Çobanlar mı? Koyun mu güdüyorsunuz?
Zırhla?$k
$Wsusername|$Wd$w0|$Wmクロム|3$w0|$Wsクロム|$Wa$b注目,クロム,プレイヤー女|$SvpSE_VOICE_CHROM_EVT_7|$E笑|Heh, tehlikeli iştir. Temkinli
Frederick'e sor.$k
$b向き,クロム,C|$b向き,プレイヤー女,C|$b動作,プレイヤー女,WalkTurn|$Wsクロム|$Wd$w0|$Wmフレデリク|3$w0|$Wsフレデリク|$Wa$SvpSE_VOICE_FREDERIK_EVT_6|$b動作,フレデリク,FreGe1|$b動作,フレデリク,FreRe|$E通常|Bu unvanı gururla taşırım.$k$pTanrılar korusun, içimizden
biri ihtiyatlı davransın!$k$p$b動作,フレデリク,FreGe3|$b動作,フレデリク,FreRe|$E怒|Sana güvenmek isterim yabancı, ama
görevim temkinli olmamı gerektiriyor.$k
$Wsフレデリク|$Wd$w0|$Wmusername|3$w0|$Wsusername|$Wa$SvpSE_VOICE_PLAYER_M#_EVT_15|$E通常|Anlıyorum efendim. Ben de aynısını
yapardım.$k$pBenim adım $Nu.$k$p$b動作,プレイヤー女,Ge1|...Bunu şimdi hatırladım. Tuhaf.
Bir bilmece çözüldü sanırım.$k$Wsusername|$Wd$w0|$Wmクロム|3$w0|$b注目,プレイヤー女,クロム|$b注目,クロム,プレイヤー女|$Wsクロム|$Wa$b動作,クロム,Ac6|$b向き,リズ,I|$b動作,リズ,WalkTurn|$SvpSE_VOICE_CHROM_EVT_12|$E通常|$Nu? Yabancı bir isim
mi? Neyse, sonra konuşuruz.$k$pKasabaya az kaldı. Oraya varınca―$k
$Sre70|$Wsクロム|$Wd$w0|$Wmリズ|3$w0|$Wsリズ|$Wa$Wv$SvpSE_VOICE_LIZ_EVT_1|$E苦,汗|Chrom, bak! Kasaba!$k"
7,MID_P002_OP1_02_PCM2,,,,,"$t1$Wmusername|3$w0|$Wsusername|$Wa$b動作,プレイヤー,Droop|$SvpSE_VOICE_PLAYER_M#_EVT_9|$E怒,|…僕、これからどうなるんだろう？$k
$Wmクロム|3$w0|$Wsクロム|$Wa$b動作,クロム,Ac5|$SvpSE_VOICE_CHROM_EVT_13|$E笑,|そう気を落とすな。イーリス聖王国の
敵じゃないとわかれば、自由になれるさ。$k
$Wmusername|3$w0|$Wsusername|$Wa$b動作,プレイヤー,Ge2|$SvpSE_VOICE_PLAYER_M#_EVT_5|イーリス聖王国…？$k
$Wmフレデリク|3$w0|$Wsフレデリク|$Wa$b動作,フレデリク,FreGe3|$b動作,フレデリク,FreRe|$SvpSE_VOICE_FREDERIK_EVT_15|$E通常,|今、あなたがいる国の名…$k$p平和を愛する
聖王エメリナ様が統治する国です。$k
$Wmクロム|3$w0|$Wsクロム|$Wa$b動作,クロム,Ac5|$SvpSE_VOICE_CHROM_EVT_38|$E通常,|そういえば、
まだ俺から名乗ってなかったな。$k$p$E通常,|俺の名はクロム。$k$p$b注目,クロム,リズ|$b注目,プレイヤー女,リズ|このちんまいのは妹のリズだ。$k
$Wsクロム|$Wd$w0|$Wmリズ|3$w0|$Wsリズ|$Wa$b向き,リズ,A|$b動作,リズ,RizAngry|$SvpSE_VOICE_LIZ_EVT_12|$E怒,|ちんまい言うな！$k$p$b向き,リズ,B|$b動作,リズ,WalkTurn|$b動作,リズ,RizRe|$SvpSE_VOICE_LIZ_EVT_13|$E通常,|わたし、リズね！　憶えてよね！
でね、えーっと……$k$p$b動作,リズ,RizAc4|$b動作,リズ,RizRe|$E笑,|わたしたちは、イーリスを守る
正義の自警団なのだ！$k
$Wsリズ|$Wd$w0|$Wmusername|3$w0|$Wsusername|$Wa$b動作,プレイヤー女,Ge2|$SvpSE_VOICE_PLAYER_M#_EVT_10|$E通常,|正義の自警団…？$k
$Wsusername|$Wd$w0|$Wmクロム|3$w0|$Wsクロム|$Wa$b注目,クロム,プレイヤー女|$SvpSE_VOICE_CHROM_EVT_7|$E笑,|まあ、そんなところだ。
で、この小難しい感じの男がフレデリクだ。$k
$b向き,クロム,C|$b向き,プレイヤー女,C|$b動作,プレイヤー女,WalkTurn|$Wsクロム|$Wd$w0|$Wmフレデリク|3$w0|$Wsフレデリク|$Wa$SvpSE_VOICE_FREDERIK_EVT_6|$b動作,フレデリク,FreGe1|$b動作,フレデリク,FreRe|$E通常,|クロム自警団副長の、
フレデリクと申します。$k$p立場上、どうしてもまず疑いの目から
入ってしまうことをお許しください。$k$p$b動作,フレデリク,FreGe3|$b動作,フレデリク,FreRe|$E怒,|あなたを全く信用しないわけではありませんが、
調べることは調べますのでそのつもりで…$k
$Wsフレデリク|$Wd$w0|$Wmusername|3$w0|$Wsusername|$Wa$SvpSE_VOICE_PLAYER_M#_EVT_15|$E通常,|わ、わかりました。
えっと……僕の名前は…$k$p$b動作,プレイヤー女,Ge1|そうだ、$Nuだ。
これが僕の名だ…$k
$Wsusername|$Wd$w0|$Wmクロム|3$w0|$b注目,プレイヤー女,クロム|$b注目,クロム,プレイヤー女|$Wsクロム|$Wa$b動作,クロム,Ac6|$b向き,リズ,I|$b動作,リズ,WalkTurn|$SvpSE_VOICE_CHROM_EVT_12|$E通常,|$Nuか。
変わった名だな。$k$p町はもうすぐだ。
そこまで行けば…$k
$Sre70|$Wsクロム|$Wd$w0|$Wmリズ|3$w0|$Wsリズ|$Wa$Wv$SvpSE_VOICE_LIZ_EVT_1|$E苦,汗|お、おにいちゃん！
大変だよ！　見て、あっち！$k","$t1$Wmusername|3$w0|$Wsusername|$Wa$b動作,プレイヤー,Droop|$SvpSE_VOICE_PLAYER_M#_EVT_9|$E怒|...Bundan sonra bana ne olacak?$k
$Wmクロム|3$w0|$Wsクロム|$Wa$b動作,クロム,Ac5|$SvpSE_VOICE_CHROM_EVT_13|$E笑|Moralini bozma. Ylisse'nin düşmanı
olmadığın anlaşılırsa özgür kalırsın.$k
$Wmusername|3$w0|$Wsusername|$Wa$b動作,プレイヤー,Ge2|$SvpSE_VOICE_PLAYER_M#_EVT_5|Ylisse Kutsal Krallığı...?$k
$Wmフレデリク|3$w0|$Wsフレデリク|$Wa$b動作,フレデリク,FreGe3|$b動作,フレデリク,FreRe|$SvpSE_VOICE_FREDERIK_EVT_15|$E通常|Şu an bulunduğun ülkenin adı...$k$pBarışsever Yüce
Emmeryn'in yönettiği ülke.$k
$Wmクロム|3$w0|$Wsクロム|$Wa$b動作,クロム,Ac5|$SvpSE_VOICE_CHROM_EVT_38|$E通常|Bu arada, ben kendimi tanıtmadım.$k$p$E通常|Chrom.$k$p$b注目,クロム,リズ|$b注目,プレイヤー女,リズ|Şu ufaklık da kız kardeşim Lissa.$k
$Wsクロム|$Wd$w0|$Wmリズ|3$w0|$Wsリズ|$Wa$b向き,リズ,A|$b動作,リズ,RizAngry|$SvpSE_VOICE_LIZ_EVT_12|$E怒|Ufaklık deme!$k$p$b向き,リズ,B|$b動作,リズ,WalkTurn|$b動作,リズ,RizRe|$SvpSE_VOICE_LIZ_EVT_13|$E通常|Ben Lissa! Unutma! Ve
şey...$k$p$b動作,リズ,RizAc4|$b動作,リズ,RizRe|$E笑|Biz Ylisse'yi koruyan adalet
savaşçılarıyız!$k
$Wsリズ|$Wd$w0|$Wmusername|3$w0|$Wsusername|$Wa$b動作,プレイヤー女,Ge2|$SvpSE_VOICE_PLAYER_M#_EVT_10|$E通常|Adalet savaşçıları...?$k
$Wsusername|$Wd$w0|$Wmクロム|3$w0|$Wsクロム|$Wa$b注目,クロム,プレイヤー女|$SvpSE_VOICE_CHROM_EVT_7|$E笑|Eh, aşağı yukarı. Bu ciddi adam da
Frederick.$k
$b向き,クロム,C|$b向き,プレイヤー女,C|$b動作,プレイヤー女,WalkTurn|$Wsクロム|$Wd$w0|$Wmフレデリク|3$w0|$Wsフレデリク|$Wa$SvpSE_VOICE_FREDERIK_EVT_6|$b動作,フレデリク,FreGe1|$b動作,フレデリク,FreRe|$E通常|Ben Chrom'un birliğinin yardımcı
komutanı Frederick.$k$pGörevim gereği önce kuşkuyla
yaklaştığım için bağışlayın.$k$p$b動作,フレデリク,FreGe3|$b動作,フレデリク,FreRe|$E怒|Size hiç güvenmiyor değilim, ama
gereken araştırmayı yapacağız.$k
$Wsフレデリク|$Wd$w0|$Wmusername|3$w0|$Wsusername|$Wa$SvpSE_VOICE_PLAYER_M#_EVT_15|$E通常|T-tamam. Şey... benim adım...$k$p$b動作,プレイヤー女,Ge1|Evet, $Nu.
Benim adım bu...$k
$Wsusername|$Wd$w0|$Wmクロム|3$w0|$b注目,プレイヤー女,クロム|$b注目,クロム,プレイヤー女|$Wsクロム|$Wa$b動作,クロム,Ac6|$b向き,リズ,I|$b動作,リズ,WalkTurn|$SvpSE_VOICE_CHROM_EVT_12|$E通常|$Nu mı? Tuhaf bir isim.$k$pKasabaya az kaldı.
Oraya varınca...$k
$Sre70|$Wsクロム|$Wd$w0|$Wmリズ|3$w0|$Wsリズ|$Wa$Wv$SvpSE_VOICE_LIZ_EVT_1|$E苦,汗|A-abi! Bir şey oluyor! Bak şuraya!$k"
8,MID_P002_OP1_02_PCM3,,,,,"$t1$Wmusername|3$w0|$Wsusername|$Wa$b動作,プレイヤー,Droop|$E怒,|……$k
$Wmクロム|3$w0|$Wsクロム|$Wa$b動作,クロム,Ac5|$SvpSE_VOICE_CHROM_EVT_13|$E笑,|そう気を落とすな。イーリス聖王国の
敵じゃないとわかれば、自由になれるさ。$k
$Wmusername|3$w0|$Wsusername|$Wa$b動作,プレイヤー,Ge2|……？$k
$Wmフレデリク|3$w0|$Wsフレデリク|$Wa$b動作,フレデリク,FreGe3|$b動作,フレデリク,FreRe|$SvpSE_VOICE_FREDERIK_EVT_15|$E通常,|イーリス聖王国とは、
今、あなたがいる国の名…$k$p平和を愛する
聖王エメリナ様が統治する国です。$k
$Wmクロム|3$w0|$Wsクロム|$Wa$b動作,クロム,Ac5|$SvpSE_VOICE_CHROM_EVT_38|$E通常,|そういえば、
まだ俺から名乗ってなかったな。$k$p$E通常,|俺の名はクロム。$k$p$b注目,クロム,リズ|$b注目,プレイヤー女,リズ|このちんまいのは妹のリズだ。$k
$Wsクロム|$Wd$w0|$Wmリズ|3$w0|$Wsリズ|$Wa$b向き,リズ,A|$b動作,リズ,RizAngry|$SvpSE_VOICE_LIZ_EVT_12|$E怒,|ちんまい言うな！$k$p$b向き,リズ,B|$b動作,リズ,WalkTurn|$b動作,リズ,RizRe|$SvpSE_VOICE_LIZ_EVT_13|$E通常,|わたし、リズね！　憶えてよね！
でね、えーっと……$k$p$b動作,リズ,RizAc4|$b動作,リズ,RizRe|$E笑,|わたしたちは、イーリスを守る
正義の自警団なのだ！$k
$Wsリズ|$Wd$w0|$Wmクロム|3$w0|$Wsクロム|$Wa$b注目,クロム,プレイヤー女|$SvpSE_VOICE_CHROM_EVT_7|$E笑,|まあ、そんなところだ。
で、この小難しい感じの男がフレデリクだ。$k
$b向き,クロム,C|$b向き,プレイヤー女,C|$b動作,プレイヤー女,WalkTurn|$Wsクロム|$Wd$w0|$Wmフレデリク|3$w0|$Wsフレデリク|$Wa$SvpSE_VOICE_FREDERIK_EVT_6|$b動作,フレデリク,FreGe1|$b動作,フレデリク,FreRe|$E通常,|クロム自警団副長の、
フレデリクと申します。$k$p立場上、どうしてもまず疑いの目から
入ってしまうことをお許しください。$k$p$b動作,フレデリク,FreGe3|$b動作,フレデリク,FreRe|$E怒,|あなたを全く信用しないわけではありませんが、
調べることは調べますのでそのつもりで…$k$pまず、あなたの名前は
何とおっしゃるのですか？$k
$Wsフレデリク|$Wd$w0|$Wmusername|3$w0|$Wsusername|$Wa$b動作,プレイヤー女,Ge1|$E通常,|……$k$p……！！$k
$Wsusername|$Wd$w0|$Wmクロム|3$w0|$b注目,プレイヤー女,クロム|$b注目,クロム,プレイヤー女|$Wsクロム|$Wa$b動作,クロム,Ac6|$b向き,リズ,I|$b動作,リズ,WalkTurn|$SvpSE_VOICE_CHROM_EVT_12|$E通常,|$Nuというのか。
変わった名だな。$k$p町はもうすぐだ。
そこまで行けば…$k
$Sre70|$Wsクロム|$Wd$w0|$Wmリズ|3$w0|$Wsリズ|$Wa$Wv$SvpSE_VOICE_LIZ_EVT_1|$E苦,汗|お、おにいちゃん！
大変だよ！　見て、あっち！$k","$t1$Wmusername|3$w0|$Wsusername|$Wa$b動作,プレイヤー,Droop|$E怒|...$k
$Wmクロム|3$w0|$Wsクロム|$Wa$b動作,クロム,Ac5|$SvpSE_VOICE_CHROM_EVT_13|$E笑|Moralini bozma. Ylisse'nin düşmanı
olmadığın anlaşılırsa özgür kalırsın.$k
$Wmusername|3$w0|$Wsusername|$Wa$b動作,プレイヤー,Ge2|...?$k
$Wmフレデリク|3$w0|$Wsフレデリク|$Wa$b動作,フレデリク,FreGe3|$b動作,フレデリク,FreRe|$SvpSE_VOICE_FREDERIK_EVT_15|$E通常|Ylisse Kutsal Krallığı, bulunduğun
ülkenin adı...$k$pBarışsever Yüce
Emmeryn'in yönettiği ülke.$k
$Wmクロム|3$w0|$Wsクロム|$Wa$b動作,クロム,Ac5|$SvpSE_VOICE_CHROM_EVT_38|$E通常|Bu arada kendimi tanıtmadım.$k$p$E通常|Chrom.$k$p$b注目,クロム,リズ|$b注目,プレイヤー女,リズ|Şu ufaklık da kız kardeşim Lissa.$k
$Wsクロム|$Wd$w0|$Wmリズ|3$w0|$Wsリズ|$Wa$b向き,リズ,A|$b動作,リズ,RizAngry|$SvpSE_VOICE_LIZ_EVT_12|$E怒|Ufaklık deme!$k$p$b向き,リズ,B|$b動作,リズ,WalkTurn|$b動作,リズ,RizRe|$SvpSE_VOICE_LIZ_EVT_13|$E通常|Ben Lissa! Unutma! Ve
şey...$k$p$b動作,リズ,RizAc4|$b動作,リズ,RizRe|$E笑|Biz Ylisse'yi koruyan adalet
savaşçılarıyız!$k
$Wsリズ|$Wd$w0|$Wmクロム|3$w0|$Wsクロム|$Wa$b注目,クロム,プレイヤー女|$SvpSE_VOICE_CHROM_EVT_7|$E笑|Eh, aşağı yukarı. Bu ciddi adam da
Frederick.$k
$b向き,クロム,C|$b向き,プレイヤー女,C|$b動作,プレイヤー女,WalkTurn|$Wsクロム|$Wd$w0|$Wmフレデリク|3$w0|$Wsフレデリク|$Wa$SvpSE_VOICE_FREDERIK_EVT_6|$b動作,フレデリク,FreGe1|$b動作,フレデリク,FreRe|$E通常|Ben Chrom'un birliğinin yardımcı
komutanı Frederick.$k$pGörevim gereği önce kuşkuyla
yaklaştığım için bağışlayın.$k$p$b動作,フレデリク,FreGe3|$b動作,フレデリク,FreRe|$E怒|Size hiç güvenmiyor değilim, ama
gereken araştırmayı yapacağız.$k$pÖnce adını söyle
bakalım.$k
$Wsフレデリク|$Wd$w0|$Wmusername|3$w0|$Wsusername|$Wa$b動作,プレイヤー女,Ge1|$E通常|...$k$p...!!$k
$Wsusername|$Wd$w0|$Wmクロム|3$w0|$b注目,プレイヤー女,クロム|$b注目,クロム,プレイヤー女|$Wsクロム|$Wa$b動作,クロム,Ac6|$b向き,リズ,I|$b動作,リズ,WalkTurn|$SvpSE_VOICE_CHROM_EVT_12|$E通常|$Nu mı? Tuhaf bir isim.$k$pKasabaya az kaldı.
Oraya varınca...$k
$Sre70|$Wsクロム|$Wd$w0|$Wmリズ|3$w0|$Wsリズ|$Wa$Wv$SvpSE_VOICE_LIZ_EVT_1|$E苦,汗|A-abi! Bir şey oluyor! Bak şuraya!$k"
9,MID_P002_OP1_02_PCF1,"$t1$Wmusername|3$w0|$Wsusername|$Wa$b動作,プレイヤー女,Droop|$SvpSE_VOICE_PLAYER_F#_EVT_9|$E怒,|Qu'allez-vous faire de moi ?
Vous allez m'emprisonner ?$k
$Wmクロム|3$w0|$Wsクロム|$Wa$b動作,クロム,Ac5|$SvpSE_VOICE_CHROM_EVT_13|$E笑,|Ha ha ! Non, tu seras libre de partir...$k$p... dès que nous aurons déterminé que
tu n'es pas $Gun,une| $Gennemi,ennemie| d'Ylisse.$k
$Wmusername|3$w0|$Wsusername|$Wa$b動作,プレイヤー,Ge2|$SvpSE_VOICE_PLAYER_F#_EVT_5|C'est donc le nom de l'endroit où
nous nous trouvons ? Ylisse ?$k
$Wmフレデリク|3$w0|$Wsフレデリク|$Wa$b動作,フレデリク,FreGe3|$b動作,フレデリク,FreRe|$SvpSE_VOICE_FREDERIK_EVT_15|$E通常,|Vous dites n'en avoir jamais entendu
parler... ?$k$p$GCet,Cette| $Ghomme,femme| mérite des applaudissements !
$GQuel,Quelle| $Gacteur,actrice| formidable !$k$pLe froncement de sourcils était
particulièrement convaincant...$k
$Wmクロム|3$w0|$Wsクロム|$Wa$b動作,クロム,Ac5|$SvpSE_VOICE_CHROM_EVT_38|$E通常,|Frederick, s'il te plaît...$k$pCe royaume s'appelle Ylisse, et Emmeryn,
la Sainte-Reine, est celle qui nous dirige.$k$pHmm... À présent, j'imagine que quelques
présentations sont de rigueur.$k$p$E通常,|Je m'appelle Chrom, mais apparemment,
tu l'avais déjà deviné $Gtout,toute| $Gseul,seule|.$k$p$b注目,クロム,リズ|La jeune fille délicate que tu vois là-bas,
c'est ma petite sœur Lissa.$k
$Wsクロム|$Wd$w0|$Wmリズ|3$w0|$Wsリズ|$Wa$b向き,リズ,A|$b動作,リズ,RizAngry|$SvjSE_VOICE_LIZ_EVT_12|$SveSE_VOICE_LIZ_EVT_13|$E怒,|N'importe quoi ! Je ne suis PAS délicate !
Espèce de gros nul !$k$p$b向き,リズ,B|$b動作,リズ,WalkTurn|$b動作,リズ,RizRe|$SvjSE_VOICE_LIZ_EVT_13|$E通常,|Tu n'es pas $Gobligé,obligée| de prêter attention à
mon frère. Il est un peu bête parfois...$k$p$b動作,リズ,RizAc4|$b動作,リズ,RizRe|$E笑,|Mais tu peux quand même t'estimer
$Gchanceux,chanceuse|.$k$pCe sont les Veilleurs qui t'ont $Gtrouvé,trouvée|
et pas un groupe de bandits.$k
$Wsリズ|$Wd$w0|$Wmusername|3$w0|$Wsusername|$Wa$SvpSE_VOICE_PLAYER_F#_EVT_10|$b動作,プレイヤー女,Ge2|$E通常,|Pourquoi un tel nom ? Sur quoi veillez-vous,
au juste ?$k
$Wsusername|$Wd$w0|$Wmクロム|3$w0|$Wsクロム|$Wa$b注目,クロム,プレイヤー女|$SvpSE_VOICE_CHROM_EVT_7|$E笑,|Disons qu'on fait... un travail dangereux.
Demande à Frederick le Méfiant.$k
$b向き,クロム,C|$b向き,プレイヤー女,C|$b動作,プレイヤー女,WalkTurn|$Wsクロム|$Wd$w0|$Wmフレデリク|3$w0|$Wsフレデリク|$Wa$SvpSE_VOICE_FREDERIK_EVT_6|$b動作,フレデリク,FreGe1|$b動作,フレデリク,FreRe|$E通常,|Un titre honorifique que je porterai
avec fierté...$k$pPardonnez-moi d'être le seul à faire
naturellement preuve de suspicion.$k$p$b動作,フレデリク,FreGe3|$b動作,フレデリク,FreRe|$E怒,|Je ne demande vraiment qu'à vous croire,
mais mon statut me commande le contraire.$k
$Wsフレデリク|$Wd$w0|$Wmusername|3$w0|$Wsusername|$Wa$SvpSE_VOICE_PLAYER_F#_EVT_15|$E通常,|Je te comprends, je ferais exactement
la même chose à ta place.$k$pJe m'appelle $Nu.$k$p$b動作,プレイヤー女,Ge1|Je viens juste de m'en rappeler... Bizarre...
Voilà au moins un mystère de résolu !$k
$Wsusername|$Wd$w0|$Wmクロム|3$w0|$b注目,プレイヤー女,クロム|$b注目,クロム,プレイヤー女|$Wsクロム|$Wa$b動作,クロム,Ac6|$b向き,リズ,I|$b動作,リズ,WalkTurn|$SvpSE_VOICE_CHROM_EVT_12|$E通常,|$Nu ? Ce n'est pas d'ici,
ce nom... Hmm, on verra ça plus tard.$k$pNous arrivons au village. On va pou...$k
$Sre70|$Wsクロム|$Wd$w0|$Wmリズ|3$w0|$Wsリズ|$Wa$Wv$SvpSE_VOICE_LIZ_EVT_1|$E苦,汗|Chrom, regarde ! Il se passe quelque chose
au village !$k","$t1$Wmusername|3$w0|$Wsusername|$Wa$b動作,プレイヤー,Droop|$SvpSE_VOICE_PLAYER_F#_EVT_9|$E怒,|Ich nehme an, dass ich in Ketten gelegt
werde? Oder werde ich vielleicht gehängt?$k
$Wmクロム|3$w0|$Wsクロム|$Wa$b動作,クロム,Ac5|$SvpSE_VOICE_CHROM_EVT_13|$E笑,|Haha! Dir steht es frei zu gehen, sobald
klar ist, dass du kein Feind Ylisses bist.$k
$Wmusername|3$w0|$Wsusername|$Wa$b動作,プレイヤー,Ge2|$SvpSE_VOICE_PLAYER_F#_EVT_5|Ylisse? Ist das das Land, in dem wir sind?$k
$Wmフレデリク|3$w0|$Wsフレデリク|$Wa$b動作,フレデリク,FreGe3|$b動作,フレデリク,FreRe|$SvpSE_VOICE_FREDERIK_EVT_15|$E通常,|Ihr habt noch nie von dem
Königreich gehört?$k$pHa! Jemand muss $Gdiesen Mann,diese Frau| entlohnen!
$GEr,Sie| ist $Gein fähiger Schauspieler,eine fähige Schauspielerin|!$k$pDiese gerunzelte Stirn ist besonders
überzeugend.$k
$Wmクロム|3$w0|$Wsクロム|$Wa$b動作,クロム,Ac5|$SvpSE_VOICE_CHROM_EVT_38|$E通常,|Frederick? Du bist keine große Hilfe.$k$pDieses Land ist das Königreich von Ylisse.
Die Erhabene Emmeryn ist unsere Regentin.$k$pAlso... Nun ja. Ich denke, es ist an der Zeit,
dass wir uns einmal vorstellen.$k$p$E通常,|Mein Name ist Chrom, aber auf den bist du
offenbar bereits von selbst gekommen.$k$p$b注目,クロム,リズ|$b注目,プレイヤー女,リズ|Dieses zarte Pflänzchen da ist meine kleine
Schwester Lissa.$k
$Wsクロム|$Wd$w0|$Wmリズ|3$w0|$Wsリズ|$Wa$b向き,リズ,A|$b動作,リズ,RizAngry|$SvjSE_VOICE_LIZ_EVT_12|$SveSE_VOICE_LIZ_EVT_13|$E怒,|Ich bin NICHT zart!
Trottel!$k$p$b向き,リズ,B|$b動作,リズ,WalkTurn|$b動作,リズ,RizRe|$SvjSE_VOICE_LIZ_EVT_13|$E通常,|Wenn du magst, kannst du meinen großen
Bruder ignorieren. Er ist ein Idiot.$k$p$b動作,リズ,RizAc4|$b動作,リズ,RizRe|$E笑,|Aber sei froh, dass dich die Hirten gefunden
haben und nicht die Banditen.$k
$Wsリズ|$Wd$w0|$Wmusername|3$w0|$Wsusername|$Wa$SvpSE_VOICE_PLAYER_F#_EVT_10|$b動作,プレイヤー女,Ge2|$E通常,|Ihr hütet Schafe? In... voller Rüstung?$k
$Wsusername|$Wd$w0|$Wmクロム|3$w0|$Wsクロム|$Wa$b注目,クロム,プレイヤー女|$SvpSE_VOICE_CHROM_EVT_7|$E笑,|Ha! Es ist eine gefährliche Aufgabe. Frag
nur den vorsichtigen Frederick hier.$k
$b向き,クロム,C|$b向き,プレイヤー女,C|$b動作,プレイヤー女,WalkTurn|$Wsクロム|$Wd$w0|$Wmフレデリク|3$w0|$Wsフレデリク|$Wa$SvpSE_VOICE_FREDERIK_EVT_6|$b動作,フレデリク,FreGe1|$b動作,フレデリク,FreRe|$E通常,|Welch ein ehrenvoller Titel. Ihr habt meinen
untertänigsten Dank, mein Herr!$k$pVergebt mir, wenn ich der Einzige bin, der
ein normales Maß an Argwohn hegt.$k$p$b動作,フレデリク,FreGe3|$b動作,フレデリク,FreRe|$E怒,|Ich möchte Euch nur zu gerne vertrauen,
aber meine Position gebietet etwas anderes.$k
$Wsフレデリク|$Wd$w0|$Wmusername|3$w0|$Wsusername|$Wa$SvpSE_VOICE_PLAYER_F#_EVT_15|$E通常,|Das verstehe ich. Mir ginge es nicht anders.$k$pWie dem auch sei, mein Name ist
$Nu.$k$p$b動作,プレイヤー女,Ge1|...Das fiel mir gerade ein. Wie seltsam.
So ließ sich zumindest dieses Rätsel lösen!$k
$Wsusername|$Wd$w0|$Wmクロム|3$w0|$b注目,プレイヤー女,クロム|$b注目,クロム,プレイヤー女|$Wsクロム|$Wa$b動作,クロム,Ac6|$b向き,リズ,I|$b動作,リズ,WalkTurn|$SvpSE_VOICE_CHROM_EVT_12|$E通常,|$Nu? Was ist das für ein Name?
...Ach, egal. Das besprechen wir später.$k$pWir sind fast in der Stadt. Dann können--$k
$Sre70|$Wsクロム|$Wd$w0|$Wmリズ|3$w0|$Wsリズ|$Wa$p$Wv$SvpSE_VOICE_LIZ_EVT_1|$E苦,汗|Chrom, sieh nur! Ist das Rauch?$k","$t1$Wmusername|3$w0|$Wsusername|$Wa$b動作,プレイヤー,Droop|$SvpSE_VOICE_PLAYER_F#_EVT_9|$E怒,|Cosa volete farne di me?
Volete farmi prigioniera?$k
$Wmクロム|3$w0|$Wsクロム|$Wa$b動作,クロム,Ac5|$SvpSE_VOICE_CHROM_EVT_13|$E笑,|Ti lasceremo andare quando avrò appurato
che non sei un pericolo per l'Ylisse.$k
$Wmusername|3$w0|$Wsusername|$Wa$b動作,プレイヤー,Ge2|$SvpSE_VOICE_PLAYER_F#_EVT_5|Quindi questa sarebbe l'Ylisse?$k
$Wmフレデリク|3$w0|$Wsフレデリク|$Wa$b動作,フレデリク,FreGe3|$b動作,フレデリク,FreRe|$SvpSE_VOICE_FREDERIK_EVT_15|$E通常,|Ci volete fare credere di non avere
mai sentito parlare del Sacro Regno?$k$pQualcuno dia una moneta a $Gquest'uomo,questa donna|!
È davvero $Gun grande attore,una grande attrice|!$k$pIn particolare trovo molto convincente
la sua fronte corrucciata.$k
$Wmクロム|3$w0|$Wsクロム|$Wa$b動作,クロム,Ac5|$SvpSE_VOICE_CHROM_EVT_38|$E通常,|Frederick, per favore.$k$pSì, ti trovi nel Sacro Regno d'Ylisse.
La nostra sovrana è Emmeryn, l'Eletta.$k$pIn effetti, forse dovremmo
presentarci tutti.$k$p$E通常,|Io sono Chrom, ma mi sembra
che questo tu lo sappia già.$k$p$b注目,クロム,リズ|$b注目,プレイヤー女,リズ|La ragazza fragilina lì è Lissa,
mia sorella minore.$k
$Wsクロム|$Wd$w0|$Wmリズ|3$w0|$Wsリズ|$Wa$b向き,リズ,A|$b動作,リズ,RizAngry|$SvjSE_VOICE_LIZ_EVT_12|$SveSE_VOICE_LIZ_EVT_13|$E怒,|Non sono fragilina! Tsk!$k$p$b向き,リズ,B|$b動作,リズ,WalkTurn|$b動作,リズ,RizRe|$SvjSE_VOICE_LIZ_EVT_13|$E通常,|Ti consiglio di ignorare mio fratello.
È un tale imbecille a volte.$k$p$b動作,リズ,RizAc4|$b動作,リズ,RizRe|$E笑,|Ma ritieniti $Gfortunato,fortunata| che ti abbiano
$Gtrovato,trovata| i Pastori e non i briganti.$k
$Wsリズ|$Wd$w0|$Wmusername|3$w0|$Wsusername|$Wa$SvpSE_VOICE_PLAYER_F#_EVT_10|$b動作,プレイヤー女,Ge2|$E通常,|Pastori? Ma vi prendete cura delle
pecore armati di tutto punto?$k
$Wsusername|$Wd$w0|$Wmクロム|3$w0|$Wsクロム|$Wa$b注目,クロム,プレイヤー女|$SvpSE_VOICE_CHROM_EVT_7|$E笑,|Ah ah! È un lavoro pericoloso.
Chiedi a Frederick il Malfidente.$k
$b向き,クロム,C|$b向き,プレイヤー女,C|$b動作,プレイヤー女,WalkTurn|$Wsクロム|$Wd$w0|$Wmフレデリク|3$w0|$Wsフレデリク|$Wa$SvpSE_VOICE_FREDERIK_EVT_6|$b動作,フレデリク,FreGe1|$b動作,フレデリク,FreRe|$E通常,|Sarei onorato di un tale
titolo, se solo esistesse.$k$pPerdonatemi se sono l'unico a nutrire
dei sospetti perfettamente giustificabili.$k$p$b動作,フレデリク,FreGe3|$b動作,フレデリク,FreRe|$E怒,|Vorrei fidarmi di voi, $Gstraniero,straniera|, ma
la mia posizione impone altrimenti.$k
$Wsフレデリク|$Wd$w0|$Wmusername|3$w0|$Wsusername|$Wa$SvpSE_VOICE_PLAYER_F#_EVT_15|$E通常,|Vi capisco, signore, farei lo stesso anch'io.$k$pComunque, io mi chiamo $Nu.$k$p$b動作,プレイヤー女,Ge1|Che strano, mi è appena tornato in mente.
Bene, almeno un mistero è risolto!$k
$Wsusername|$Wd$w0|$Wmクロム|3$w0|$b注目,プレイヤー女,クロム|$b注目,クロム,プレイヤー女|$Wsクロム|$Wa$b動作,クロム,Ac6|$b向き,リズ,I|$b動作,リズ,WalkTurn|$SvpSE_VOICE_CHROM_EVT_12|$E通常,|$Nu? È un nome straniero?
Va bene, ne riparleremo dopo.$k$pSiamo quasi arrivati. Dopo potremo...$k
$Sre70|$Wsクロム|$Wd$w0|$Wmリズ|3$w0|$Wsリズ|$Wa$Wv$SvpSE_VOICE_LIZ_EVT_1|$E苦,汗|Chrom, guarda! Il borgo!$k","$t1$Wmusername|3$w0|$Wsusername|$Wa$b動作,プレイヤー,Droop|$SvpSE_VOICE_PLAYER_F#_EVT_9|$E怒,|Entonces, ¿qué pasa conmigo?
¿Soy vuestra prisionera o algo así?$k
$Wmクロム|3$w0|$Wsクロム|$Wa$b動作,クロム,Ac5|$SvpSE_VOICE_CHROM_EVT_13|$E笑,|¡Qué va! Podrás irte en cuanto confirmemos
que no eres un peligro para Ylisse, ¿vale?$k
$Wmusername|3$w0|$Wsusername|$Wa$b動作,プレイヤー,Ge2|$SvpSE_VOICE_PLAYER_F#_EVT_5|¿""Ylisse""? ¿Es ese el lugar en el que
estamos ahora?$k
$Wmフレデリク|3$w0|$Wsフレデリク|$Wa$b動作,フレデリク,FreGe3|$b動作,フレデリク,FreRe|$SvpSE_VOICE_FREDERIK_EVT_15|$E通常,|¿No has oído hablar del Sacro Reino?$k$p¡Ja! ¡Un aplauso para esta mujer!
¡Es una actriz de primera!$k$pLa manera en la que ha fruncido el ceño
ha sido especialmente convincente.$k
$Wmクロム|3$w0|$Wsクロム|$Wa$b動作,クロム,Ac5|$SvpSE_VOICE_CHROM_EVT_38|$E通常,|Frederick...$k$pBien, estás en el Sacro Reino de Ylisse,
gobernado por su Venerable, Emmeryn.$k$pMmm... Y ya que estamos, creo que no
estaría de más presentarnos todos.$k$p$E通常,|Me llamo Chrom, pero eso parece
que ya lo sabes.$k$p$b注目,クロム,リズ|$b注目,プレイヤー女,リズ|Esta delicada joven de aquí es mi hermana
pequeña, Lissa.$k
$Wsクロム|$Wd$w0|$Wmリズ|3$w0|$Wsリズ|$Wa$b向き,リズ,A|$b動作,リズ,RizAngry|$SvjSE_VOICE_LIZ_EVT_12|$SveSE_VOICE_LIZ_EVT_13|$E怒,|¡¿Cómo que delicada?! Serás...$k$p$b向き,リズ,B|$b動作,リズ,WalkTurn|$b動作,リズ,RizRe|$SvjSE_VOICE_LIZ_EVT_13|$E通常,|A mi hermano, ni caso. A veces es un poco
tontorrón...$k$p$b動作,リズ,RizAc4|$b動作,リズ,RizRe|$E笑,|Tienes suerte de que te hayan encontrado
los Custodios y no un grupo de bandidos.$k
$Wsリズ|$Wd$w0|$Wmusername|3$w0|$Wsusername|$Wa$SvpSE_VOICE_PLAYER_F#_EVT_10|$b動作,プレイヤー女,Ge2|$E通常,|¿Y qué custodiáis... aquí, en medio del
campo?$k
$Wsusername|$Wd$w0|$Wmクロム|3$w0|$Wsクロム|$Wa$b注目,クロム,プレイヤー女|$SvpSE_VOICE_CHROM_EVT_7|$E笑,|¡Ja, ja! El peligro puede acechar en
cualquier parte...$k$pPregúntale a Frederick el Cauto.$k
$b向き,クロム,C|$b向き,プレイヤー女,C|$b動作,プレイヤー女,WalkTurn|$Wsクロム|$Wd$w0|$Wmフレデリク|3$w0|$Wsフレデリク|$Wa$SvpSE_VOICE_FREDERIK_EVT_6|$b動作,フレデリク,FreGe1|$b動作,フレデリク,FreRe|$E通常,|Gracias, mi señor, será un honor ostentar
este título.$k$pY perdonadme por ser el único que intenta
mantener un mínimo de prudencia.$k$p$b動作,フレデリク,FreGe3|$b動作,フレデリク,FreRe|$E怒,|Nada me gustaría más que poder confiar en
ti, $Gextraño,extraña|, mas mi posición me lo impide.$k
$Wsフレデリク|$Wd$w0|$Wmusername|3$w0|$Wsusername|$Wa$SvpSE_VOICE_PLAYER_F#_EVT_15|$E通常,|Entiendo, señor. De estar en vuestro lugar,
yo haría lo mismo.$k$pBueno, me llamo $Nu.$k$p$b動作,プレイヤー女,Ge1|¿Eh? ¡Qué extraño! Me ha venido a la
cabeza sin más... Bueno, un misterio menos.$k
$Wsusername|$Wd$w0|$Wmクロム|3$w0|$b注目,プレイヤー女,クロム|$b注目,クロム,プレイヤー女|$Wsクロム|$Wa$b動作,クロム,Ac6|$b向き,リズ,I|$b動作,リズ,WalkTurn|$SvpSE_VOICE_CHROM_EVT_12|$E通常,|¿$Nu? Es un nombre extranjero,
¿no? En fin, ya lo discutiremos más tarde.$k$pYa casi hemos llegado a la ciudad.
Una vez allí, podremos...$k
$Sre70|$Wsクロム|$Wd$w0|$Wmリズ|3$w0|$Wsリズ|$Wa$Wv$SvpSE_VOICE_LIZ_EVT_1|$E苦,汗|¡Chrom, mira!$k","$t1$Wmusername|3$w0|$Wsusername|$Wa$b動作,プレイヤー,Droop|$SvpSE_VOICE_PLAYER_F#_EVT_9|$E怒,|What will you do with me?
Am I to be your prisoner?$k
$Wmクロム|3$w0|$Wsクロム|$Wa$b動作,クロム,Ac5|$SvpSE_VOICE_CHROM_EVT_13|$E笑,|Hah! You'll be free to go once we
establish you're no enemy of Ylisse.$k
$Wmusername|3$w0|$Wsusername|$Wa$b動作,プレイヤー,Ge2|$SvpSE_VOICE_PLAYER_F#_EVT_5|Is that where we are?
Ylisse?$k
$Wmフレデリク|3$w0|$Wsフレデリク|$Wa$b動作,フレデリク,FreGe3|$b動作,フレデリク,FreRe|$SvpSE_VOICE_FREDERIK_EVT_15|$E通常,|You've never heard of the halidom?$k$pHa! Someone pay this $Gactor,actress|.
$GHe,She| plays quite the fool!$k$pThe furrowed brow is especially
convincing...$k
$Wmクロム|3$w0|$Wsクロム|$Wa$b動作,クロム,Ac5|$SvpSE_VOICE_CHROM_EVT_38|$E通常,|Frederick, please.$k$pThis land is known as the Halidom of Ylisse.
Our ruler, Emmeryn, is called the exalt.$k$pI suppose proper introductions
are in order...$k$p$E通常,|My name is Chrom―but then,
you already knew that.$k$p$b注目,クロム,リズ|$b注目,プレイヤー女,リズ|The delicate one here is my
little sister, Lissa.$k
$Wsクロム|$Wd$w0|$Wmリズ|3$w0|$Wsリズ|$Wa$b向き,リズ,A|$b動作,リズ,RizAngry|$SvjSE_VOICE_LIZ_EVT_12|$SveSE_VOICE_LIZ_EVT_13|$E怒,|I am NOT delicate! ...Hmph!$k$p$b向き,リズ,B|$b動作,リズ,WalkTurn|$b動作,リズ,RizRe|$SvjSE_VOICE_LIZ_EVT_13|$E通常,|Ignore my brother, please.
He can be a bit thick sometimes.$k$p$b動作,リズ,RizAc4|$b動作,リズ,RizRe|$E笑,|But you're lucky the Shepherds found you.
Brigands would've been a rude awakening!$k
$Wsリズ|$Wd$w0|$Wmusername|3$w0|$Wsusername|$Wa$SvpSE_VOICE_PLAYER_F#_EVT_10|$b動作,プレイヤー女,Ge2|$E通常,|Shepherds? You tend sheep?
...In full armour?$k
$Wsusername|$Wd$w0|$Wmクロム|3$w0|$Wsクロム|$Wa$b注目,クロム,プレイヤー女|$SvpSE_VOICE_CHROM_EVT_7|$E笑,|Heh, it's a dangerous job.
Just ask Frederick the Wary here.$k
$b向き,クロム,C|$b向き,プレイヤー女,C|$b動作,プレイヤー女,WalkTurn|$Wsクロム|$Wd$w0|$Wmフレデリク|3$w0|$Wsフレデリク|$Wa$SvpSE_VOICE_FREDERIK_EVT_6|$b動作,フレデリク,FreGe1|$b動作,フレデリク,FreRe|$E通常,|A title I shall wear with pride.$k$pGods forbid one of us keeps an
appropriate level of caution.$k$p$b動作,フレデリク,FreGe3|$b動作,フレデリク,FreRe|$E怒,|I have every wish to trust you, stranger,
but my station mandates otherwise.$k
$Wsフレデリク|$Wd$w0|$Wmusername|3$w0|$Wsusername|$Wa$SvpSE_VOICE_PLAYER_F#_EVT_15|$E通常,|I understand, sir.
I would do no less myself.$k$pMy name is $Nu.$k$p$b動作,プレイヤー女,Ge1|...I just remembered that. How odd.
I suppose that's one mystery solved.$k
$Wsusername|$Wd$w0|$Wmクロム|3$w0|$b注目,プレイヤー女,クロム|$b注目,クロム,プレイヤー女|$Wsクロム|$Wa$b動作,クロム,Ac6|$b向き,リズ,I|$b動作,リズ,WalkTurn|$SvpSE_VOICE_CHROM_EVT_12|$E通常,|$Nu? Is that foreign?
...Ah, well. We can discuss it later.$k$pWe're almost to town. Once we―$k
$Sre70|$Wsクロム|$Wd$w0|$Wmリズ|3$w0|$Wsリズ|$Wa$Wv$SvpSE_VOICE_LIZ_EVT_1|$E苦,汗|Chrom, look! The town!$k","$t1$Wmusername|3$w0|$Wsusername|$Wa$b動作,プレイヤー,Droop|$SvpSE_VOICE_PLAYER_F#_EVT_9|$E怒|Benimle ne yapacaksınız? Tutsağınız mı
olacağım?$k
$Wmクロム|3$w0|$Wsクロム|$Wa$b動作,クロム,Ac5|$SvpSE_VOICE_CHROM_EVT_13|$E笑|Hah! Ylisse'nin düşmanı olmadığın
anlaşılınca özgürsün.$k
$Wmusername|3$w0|$Wsusername|$Wa$b動作,プレイヤー,Ge2|$SvpSE_VOICE_PLAYER_F#_EVT_5|Demek burası Ylisse?$k
$Wmフレデリク|3$w0|$Wsフレデリク|$Wa$b動作,フレデリク,FreGe3|$b動作,フレデリク,FreRe|$SvpSE_VOICE_FREDERIK_EVT_15|$E通常|Kutsal Krallığı hiç duymadın mı?$k$pHa! Şu oyuncuya para
verin. Aptalı iyi oynuyor!$k$pO çatılmış kaşlar özellikle
inandırıcı...$k
$Wmクロム|3$w0|$Wsクロム|$Wa$b動作,クロム,Ac5|$SvpSE_VOICE_CHROM_EVT_38|$E通常|Frederick, yeter.$k$pBurası Ylisse Kutsal Krallığı.
Hükümdarımız Emmeryn'e Yüce denir.$k$pSanırım düzgünce
tanışmalıyız...$k$p$E通常|Ben Chrom. Ama bunu zaten
biliyordun.$k$p$b注目,クロム,リズ|$b注目,プレイヤー女,リズ|Şu ufaklık da kız kardeşim
Lissa.$k
$Wsクロム|$Wd$w0|$Wmリズ|3$w0|$Wsリズ|$Wa$b向き,リズ,A|$b動作,リズ,RizAngry|$SvjSE_VOICE_LIZ_EVT_12|$SveSE_VOICE_LIZ_EVT_13|$E怒|BEN narin değilim! Hıh!$k$p$b向き,リズ,B|$b動作,リズ,WalkTurn|$b動作,リズ,RizRe|$SvjSE_VOICE_LIZ_EVT_13|$E通常|Kardeşimi boş ver. Bazen
biraz kalın kafalıdır.$k$p$b動作,リズ,RizAc4|$b動作,リズ,RizRe|$E笑|Çobanların seni bulduğuna şükret.
Haydutlar daha sert uyandırırdı!$k
$Wsリズ|$Wd$w0|$Wmusername|3$w0|$Wsusername|$Wa$SvpSE_VOICE_PLAYER_F#_EVT_10|$b動作,プレイヤー女,Ge2|$E通常|Çobanlar mı? Koyun mu güdüyorsunuz?
Zırhla?$k
$Wsusername|$Wd$w0|$Wmクロム|3$w0|$Wsクロム|$Wa$b注目,クロム,プレイヤー女|$SvpSE_VOICE_CHROM_EVT_7|$E笑|Heh, tehlikeli iştir. Temkinli
Frederick'e sor.$k
$b向き,クロム,C|$b向き,プレイヤー女,C|$b動作,プレイヤー女,WalkTurn|$Wsクロム|$Wd$w0|$Wmフレデリク|3$w0|$Wsフレデリク|$Wa$SvpSE_VOICE_FREDERIK_EVT_6|$b動作,フレデリク,FreGe1|$b動作,フレデリク,FreRe|$E通常|Bu unvanı gururla taşırım.$k$pTanrılar korusun, içimizden
biri ihtiyatlı davransın!$k$p$b動作,フレデリク,FreGe3|$b動作,フレデリク,FreRe|$E怒|Sana güvenmek isterim yabancı, ama
görevim temkinli olmamı gerektiriyor.$k
$Wsフレデリク|$Wd$w0|$Wmusername|3$w0|$Wsusername|$Wa$SvpSE_VOICE_PLAYER_F#_EVT_15|$E通常|Anlıyorum efendim. Ben de aynısını
yapardım.$k$pBenim adım $Nu.$k$p$b動作,プレイヤー女,Ge1|...Bunu şimdi hatırladım. Tuhaf.
Bir bilmece çözüldü sanırım.$k$Wsusername|$Wd$w0|$Wmクロム|3$w0|$b注目,プレイヤー女,クロム|$b注目,クロム,プレイヤー女|$Wsクロム|$Wa$b動作,クロム,Ac6|$b向き,リズ,I|$b動作,リズ,WalkTurn|$SvpSE_VOICE_CHROM_EVT_12|$E通常|$Nu? Yabancı bir isim
mi? Neyse, sonra konuşuruz.$k$pKasabaya az kaldı. Oraya varınca―$k
$Sre70|$Wsクロム|$Wd$w0|$Wmリズ|3$w0|$Wsリズ|$Wa$Wv$SvpSE_VOICE_LIZ_EVT_1|$E苦,汗|Chrom, bak! Kasaba!$k"
10,MID_P002_OP1_02_PCF2,,,,,"$t1$Wmusername|3$w0|$Wsusername|$Wa$b動作,プレイヤー,Droop|$SvpSE_VOICE_PLAYER_F#_EVT_9|$E怒,|…私、これからどうなるのでしょう？$k
$Wmクロム|3$w0|$Wsクロム|$Wa$b動作,クロム,Ac5|$SvpSE_VOICE_CHROM_EVT_13|$E笑,|そう気を落とすな。イーリス聖王国の
敵じゃないとわかれば、自由になれるさ。$k
$Wmusername|3$w0|$Wsusername|$Wa$b動作,プレイヤー,Ge2|$SvpSE_VOICE_PLAYER_F#_EVT_5|イーリス聖王国…？$k
$Wmフレデリク|3$w0|$Wsフレデリク|$Wa$b動作,フレデリク,FreGe3|$b動作,フレデリク,FreRe|$SvpSE_VOICE_FREDERIK_EVT_15|$E通常,|今、あなたがいる国の名…$k$p平和を愛する
聖王エメリナ様が統治する国です。$k
$Wmクロム|3$w0|$Wsクロム|$Wa$b動作,クロム,Ac5|$SvpSE_VOICE_CHROM_EVT_38|$E通常,|そういえば、
まだ俺から名乗ってなかったな。$k$p$E通常,|俺の名はクロム。$k$p$b注目,クロム,リズ|$b注目,プレイヤー女,リズ|このちんまいのは妹のリズだ。$k
$Wsクロム|$Wd$w0|$Wmリズ|3$w0|$Wsリズ|$Wa$b向き,リズ,A|$b動作,リズ,RizAngry|$SvpSE_VOICE_LIZ_EVT_12|$E怒,|ちんまい言うな！$k$p$b向き,リズ,B|$b動作,リズ,WalkTurn|$b動作,リズ,RizRe|$SvpSE_VOICE_LIZ_EVT_13|$E通常,|わたし、リズね！　憶えてよね！
でね、えーっと……$k$p$b動作,リズ,RizAc4|$b動作,リズ,RizRe|$E笑,|わたしたちは、イーリスを守る
正義の自警団なのだ！$k
$Wsリズ|$Wd$w0|$Wmusername|3$w0|$Wsusername|$Wa$SvpSE_VOICE_PLAYER_F#_EVT_10|$b動作,プレイヤー女,Ge2|$E通常,|正義の自警団…ですか？$k
$Wsusername|$Wd$w0|$Wmクロム|3$w0|$Wsクロム|$Wa$b注目,クロム,プレイヤー女|$SvpSE_VOICE_CHROM_EVT_7|$E笑,|まあ、そんなところだ。
で、この小難しい感じの男がフレデリクだ。$k
$b向き,クロム,C|$b向き,プレイヤー女,C|$b動作,プレイヤー女,WalkTurn|$Wsクロム|$Wd$w0|$Wmフレデリク|3$w0|$Wsフレデリク|$Wa$SvpSE_VOICE_FREDERIK_EVT_6|$b動作,フレデリク,FreGe1|$b動作,フレデリク,FreRe|$E通常,|クロム自警団副長の、
フレデリクと申します。$k$p立場上、どうしてもまず疑いの目から
入ってしまうことをお許しください。$k$p$b動作,フレデリク,FreGe3|$b動作,フレデリク,FreRe|$E怒,|あなたを全く信用しないわけではありませんが、
調べることは調べますのでそのつもりで…$k
$Wsフレデリク|$Wd$w0|$Wmusername|3$w0|$Wsusername|$Wa$SvpSE_VOICE_PLAYER_F#_EVT_15|$E通常,|わかりました。
……私の名前は…$k$p$b動作,プレイヤー女,Ge1|そう、$Nuです。
これが私の名です…$k
$Wsusername|$Wd$w0|$Wmクロム|3$w0|$b注目,プレイヤー女,クロム|$b注目,クロム,プレイヤー女|$Wsクロム|$Wa$b動作,クロム,Ac6|$b向き,リズ,I|$b動作,リズ,WalkTurn|$SvpSE_VOICE_CHROM_EVT_12|$E通常,|$Nuか。
変わった名だな。$k$p町はもうすぐだ。
そこまで行けば…$k
$Sre70|$Wsクロム|$Wd$w0|$Wmリズ|3$w0|$Wsリズ|$Wa$Wv$SvpSE_VOICE_LIZ_EVT_1|$E苦,汗|お、おにいちゃん！
大変だよ！　見て、あっち！$k","$t1$Wmusername|3$w0|$Wsusername|$Wa$b動作,プレイヤー,Droop|$SvpSE_VOICE_PLAYER_F#_EVT_9|$E怒|...Bundan sonra ne olacak?$k
$Wmクロム|3$w0|$Wsクロム|$Wa$b動作,クロム,Ac5|$SvpSE_VOICE_CHROM_EVT_13|$E笑|Moralini bozma. Ylisse'nin düşmanı
olmadığın anlaşılırsa özgür kalırsın.$k
$Wmusername|3$w0|$Wsusername|$Wa$b動作,プレイヤー,Ge2|$SvpSE_VOICE_PLAYER_F#_EVT_5|Ylisse Kutsal Krallığı...?$k
$Wmフレデリク|3$w0|$Wsフレデリク|$Wa$b動作,フレデリク,FreGe3|$b動作,フレデリク,FreRe|$SvpSE_VOICE_FREDERIK_EVT_15|$E通常|Şu an bulunduğun ülkenin adı...$k$pBarışsever Yüce
Emmeryn'in yönettiği ülke.$k
$Wmクロム|3$w0|$Wsクロム|$Wa$b動作,クロム,Ac5|$SvpSE_VOICE_CHROM_EVT_38|$E通常|Bu arada, ben kendimi tanıtmadım.$k$p$E通常|Chrom.$k$p$b注目,クロム,リズ|$b注目,プレイヤー女,リズ|Şu ufaklık da kız kardeşim Lissa.$k
$Wsクロム|$Wd$w0|$Wmリズ|3$w0|$Wsリズ|$Wa$b向き,リズ,A|$b動作,リズ,RizAngry|$SvpSE_VOICE_LIZ_EVT_12|$E怒|Ufaklık deme!$k$p$b向き,リズ,B|$b動作,リズ,WalkTurn|$b動作,リズ,RizRe|$SvpSE_VOICE_LIZ_EVT_13|$E通常|Ben Lissa! Unutma! Ve
şey...$k$p$b動作,リズ,RizAc4|$b動作,リズ,RizRe|$E笑|Biz Ylisse'yi koruyan adalet
savaşçılarıyız!$k
$Wsリズ|$Wd$w0|$Wmusername|3$w0|$Wsusername|$Wa$SvpSE_VOICE_PLAYER_F#_EVT_10|$b動作,プレイヤー女,Ge2|$E通常|Adalet savaşçıları mı?$k
$Wsusername|$Wd$w0|$Wmクロム|3$w0|$Wsクロム|$Wa$b注目,クロム,プレイヤー女|$SvpSE_VOICE_CHROM_EVT_7|$E笑|Eh, aşağı yukarı. Bu ciddi adam da
Frederick.$k
$b向き,クロム,C|$b向き,プレイヤー女,C|$b動作,プレイヤー女,WalkTurn|$Wsクロム|$Wd$w0|$Wmフレデリク|3$w0|$Wsフレデリク|$Wa$SvpSE_VOICE_FREDERIK_EVT_6|$b動作,フレデリク,FreGe1|$b動作,フレデリク,FreRe|$E通常|Ben Chrom'un birliğinin yardımcı
komutanı Frederick.$k$pGörevim gereği önce kuşkuyla
yaklaştığım için bağışlayın.$k$p$b動作,フレデリク,FreGe3|$b動作,フレデリク,FreRe|$E怒|Size hiç güvenmiyor değilim, ama
gereken araştırmayı yapacağız.$k
$Wsフレデリク|$Wd$w0|$Wmusername|3$w0|$Wsusername|$Wa$SvpSE_VOICE_PLAYER_F#_EVT_15|$E通常|Anladım. Benim adım...$k$p$b動作,プレイヤー女,Ge1|Evet... $Nu. Benim
adım bu...$k
$Wsusername|$Wd$w0|$Wmクロム|3$w0|$b注目,プレイヤー女,クロム|$b注目,クロム,プレイヤー女|$Wsクロム|$Wa$b動作,クロム,Ac6|$b向き,リズ,I|$b動作,リズ,WalkTurn|$SvpSE_VOICE_CHROM_EVT_12|$E通常|$Nu mı? Tuhaf bir isim.$k$pKasabaya az kaldı.
Oraya varınca...$k
$Sre70|$Wsクロム|$Wd$w0|$Wmリズ|3$w0|$Wsリズ|$Wa$Wv$SvpSE_VOICE_LIZ_EVT_1|$E苦,汗|A-abi! Bir şey oluyor! Bak şuraya!$k"
11,MID_P002_OP1_02_PCF3,,,,,"$t1$Wmusername|3$w0|$Wsusername|$Wa$b動作,プレイヤー,Droop|$E怒,|……$k
$Wmクロム|3$w0|$Wsクロム|$Wa$b動作,クロム,Ac5|$SvpSE_VOICE_CHROM_EVT_13|$E笑,|そう気を落とすな。イーリス聖王国の
敵じゃないとわかれば、自由になれるさ。$k
$Wmusername|3$w0|$Wsusername|$Wa$b動作,プレイヤー,Ge2|……？$k
$Wmフレデリク|3$w0|$Wsフレデリク|$Wa$b動作,フレデリク,FreGe3|$b動作,フレデリク,FreRe|$SvpSE_VOICE_FREDERIK_EVT_15|$E通常,|イーリス聖王国とは、
今、あなたがいる国の名…$k$p平和を愛する
聖王エメリナ様が統治する国です。$k
$Wmクロム|3$w0|$Wsクロム|$Wa$b動作,クロム,Ac5|$SvpSE_VOICE_CHROM_EVT_38|$E通常,|そういえば、
まだ俺から名乗ってなかったな。$k$p$E通常,|俺の名はクロム。$k$p$b注目,クロム,リズ|$b注目,プレイヤー女,リズ|このちんまいのは妹のリズだ。$k
$Wsクロム|$Wd$w0|$Wmリズ|3$w0|$Wsリズ|$Wa$b向き,リズ,A|$b動作,リズ,RizAngry|$E怒,|$SvpSE_VOICE_LIZ_EVT_12|ちんまい言うな！$k$p$b向き,リズ,B|$b動作,リズ,WalkTurn|$b動作,リズ,RizRe|$SvpSE_VOICE_LIZ_EVT_13|$E通常,|わたし、リズね！　憶えてよね！
でね、えーっと……$k$p$b動作,リズ,RizAc4|$b動作,リズ,RizRe|$E笑,|わたしたちは、イーリスを守る
正義の自警団なのだ！$k
$Wsリズ|$Wd$w0|$Wmクロム|3$w0|$Wsクロム|$Wa$b注目,クロム,プレイヤー女|$SvpSE_VOICE_CHROM_EVT_7|$E笑,|まあ、そんなところだ。
で、この小難しい感じの男がフレデリクだ。$k
$b向き,クロム,C|$b向き,プレイヤー女,C|$b動作,プレイヤー女,WalkTurn|$Wsクロム|$Wd$w0|$Wmフレデリク|3$w0|$Wsフレデリク|$Wa$SvpSE_VOICE_FREDERIK_EVT_6|$b動作,フレデリク,FreGe1|$b動作,フレデリク,FreRe|$E通常,|クロム自警団副長の、
フレデリクと申します。$k$p立場上、どうしてもまず疑いの目から
入ってしまうことをお許しください。$k$p$b動作,フレデリク,FreGe3|$b動作,フレデリク,FreRe|$E怒,|あなたを全く信用しないわけではありませんが、
調べることは調べますのでそのつもりで…$k$pまず、あなたの名前は
何とおっしゃるのですか？$k
$Wsフレデリク|$Wd$w0|$Wmusername|3$w0|$Wsusername|$Wa$b動作,プレイヤー女,Ge1|$E通常,|……$k$p……！！$k
$Wsusername|$Wd$w0|$Wmクロム|3$w0|$b注目,プレイヤー女,クロム|$b注目,クロム,プレイヤー女|$Wsクロム|$Wa$b動作,クロム,Ac6|$b向き,リズ,I|$b動作,リズ,WalkTurn|$SvpSE_VOICE_CHROM_EVT_12|$E通常,|$Nuというのか。
変わった名だな。$k$p町はもうすぐだ。
そこまで行けば…$k
$Sre70|$Wsクロム|$Wd$w0|$Wmリズ|3$w0|$Wsリズ|$Wa$Wv$SvpSE_VOICE_LIZ_EVT_1|$E苦,汗|お、おにいちゃん！
大変だよ！　見て、あっち！$k","$t1$Wmusername|3$w0|$Wsusername|$Wa$b動作,プレイヤー,Droop|$E怒|...$k
$Wmクロム|3$w0|$Wsクロム|$Wa$b動作,クロム,Ac5|$SvpSE_VOICE_CHROM_EVT_13|$E笑|Moralini bozma. Ylisse'nin düşmanı
olmadığın anlaşılırsa özgür kalırsın.$k
$Wmusername|3$w0|$Wsusername|$Wa$b動作,プレイヤー,Ge2|...?$k
$Wmフレデリク|3$w0|$Wsフレデリク|$Wa$b動作,フレデリク,FreGe3|$b動作,フレデリク,FreRe|$SvpSE_VOICE_FREDERIK_EVT_15|$E通常|Ylisse Kutsal Krallığı, bulunduğun
ülkenin adı...$k$pBarışsever Yüce
Emmeryn'in yönettiği ülke.$k
$Wmクロム|3$w0|$Wsクロム|$Wa$b動作,クロム,Ac5|$SvpSE_VOICE_CHROM_EVT_38|$E通常|Bu arada kendimi tanıtmadım.$k$p$E通常|Chrom.$k$p$b注目,クロム,リズ|$b注目,プレイヤー女,リズ|Şu ufaklık da kız kardeşim Lissa.$k
$Wsクロム|$Wd$w0|$Wmリズ|3$w0|$Wsリズ|$Wa$b向き,リズ,A|$b動作,リズ,RizAngry|$E怒|$SvpSE_VOICE_LIZ_EVT_12|Ufaklık deme!$k$p$b向き,リズ,B|$b動作,リズ,WalkTurn|$b動作,リズ,RizRe|$SvpSE_VOICE_LIZ_EVT_13|$E通常|Ben Lissa! Unutma! Ve
şey...$k$p$b動作,リズ,RizAc4|$b動作,リズ,RizRe|$E笑|Biz Ylisse'yi koruyan adalet
savaşçılarıyız!$k
$Wsリズ|$Wd$w0|$Wmクロム|3$w0|$Wsクロム|$Wa$b注目,クロム,プレイヤー女|$SvpSE_VOICE_CHROM_EVT_7|$E笑|Eh, aşağı yukarı. Bu ciddi adam da
Frederick.$k
$b向き,クロム,C|$b向き,プレイヤー女,C|$b動作,プレイヤー女,WalkTurn|$Wsクロム|$Wd$w0|$Wmフレデリク|3$w0|$Wsフレデリク|$Wa$SvpSE_VOICE_FREDERIK_EVT_6|$b動作,フレデリク,FreGe1|$b動作,フレデリク,FreRe|$E通常|Ben Chrom'un birliğinin yardımcı
komutanı Frederick.$k$pGörevim gereği önce kuşkuyla
yaklaştığım için bağışlayın.$k$p$b動作,フレデリク,FreGe3|$b動作,フレデリク,FreRe|$E怒|Size hiç güvenmiyor değilim, ama
gereken araştırmayı yapacağız.$k$pÖnce adını söyle
bakalım.$k
$Wsフレデリク|$Wd$w0|$Wmusername|3$w0|$Wsusername|$Wa$b動作,プレイヤー女,Ge1|$E通常|...$k$p...!!$k
$Wsusername|$Wd$w0|$Wmクロム|3$w0|$b注目,プレイヤー女,クロム|$b注目,クロム,プレイヤー女|$Wsクロム|$Wa$b動作,クロム,Ac6|$b向き,リズ,I|$b動作,リズ,WalkTurn|$SvpSE_VOICE_CHROM_EVT_12|$E通常|$Nu mı? Tuhaf bir isim.$k$pKasabaya az kaldı.
Oraya varınca...$k
$Sre70|$Wsクロム|$Wd$w0|$Wmリズ|3$w0|$Wsリズ|$Wa$Wv$SvpSE_VOICE_LIZ_EVT_1|$E苦,汗|A-abi! Bir şey oluyor! Bak şuraya!$k"
12,MID_P002_OP1_03,"$t1$Wmクロム|3$w0|$Wsクロム|$Wa$b動作,クロム,KroProtest|$b注目,クロム,リズ|$SvpSE_VOICE_CHROM_EVT_34|$E怒,|Oh, c'est pas vrai ! Le village est en feu !
Encore ces fichus bandits, sans doute...$k$pFrederick, Lissa ! Vite !$k
$b向き,リズ,A|$b動作,リズ,WalkTurn|$Wsクロム|$Wd$w0|$Wmフレデリク|3$w0|$b動作,リズ,RizRe|$b注目,フレデリク,プレイヤー女|$b注目,プレイヤー女,フレデリク|$Wsフレデリク|$Wa$b動作,フレデリク,FreGe3|$b動作,フレデリク,FreRe|$SvpSE_VOICE_FREDERIK_EVT_5|$E怒,|Qu'est-ce qu'on fait $Gde lui,d'elle| ?$k
$Wsフレデリク|$Wd$w0|$Wmクロム|3$w0|$b動作,クロム,TurnL|$b動作,クロム,TurnLWait|$b注目,クロム,フレデリク|$b注目,プレイヤー女,クロム|$SvpSE_VOICE_CHROM_EVT_35|$Wsクロム|$Wa$E怒,|Ce n'est pas la priorité ! Il faut d'abord
aller secourir ce village.$k
$Wsクロム|$Wd$w0|$Wmフレデリク|3$w0|$b注目,フレデリク,クロム|$Wsフレデリク|$Wa$b動作,フレデリク,FreGe1|$b動作,フレデリク,FreRe|$SvpSE_VOICE_FREDERIK_EVT_4|$E怒,|Bien répondu, Monseigneur.$k
$Wsフレデリク|$Wd$w0|$Wmリズ|3$w0|$Wsリズ|$Wa$b注目,クロム,リズ|$b注目,リズ,クロム|$b注目,プレイヤー女,リズ|$b動作,リズ,Ac1|$SvpSE_VOICE_LIZ_EVT_26|$E苦,汗|Allez, on y va !$k","$t1$Wmクロム|3$w0|$Wsクロム|$Wa$b動作,クロム,KroProtest|$b注目,クロム,リズ|$SvpSE_VOICE_CHROM_EVT_34|$E怒,|Bei den Göttern! Die Stadt brennt!
Wie viele von diesen verfluchten Banditen...$k$pFrederick, Lissa! Schnell!$k
$b向き,リズ,A|$b動作,リズ,WalkTurn|$Wsクロム|$Wd$w0|$Wmフレデリク|3$w0|$b動作,リズ,RizRe|$b注目,フレデリク,プレイヤー女|$b注目,プレイヤー女,フレデリク|$Wsフレデリク|$Wa$b動作,フレデリク,FreGe3|$b動作,フレデリク,FreRe|$SvpSE_VOICE_FREDERIK_EVT_5|$E怒,|Was ist mit $Gihm,ihr|?$k
$Wsフレデリク|$Wd$w0|$Wmクロム|3$w0|$b動作,クロム,TurnL|$b動作,クロム,TurnLWait|$b注目,クロム,フレデリク|$b注目,プレイヤー女,クロム|$SvpSE_VOICE_CHROM_EVT_35|$Wsクロム|$Wa$E怒,|$GEr,Sie| steht nicht in Flammen!
Also kann $Ger,sie| noch etwas warten!$k
$Wsクロム|$Wd$w0|$Wmフレデリク|3$w0|$b注目,フレデリク,クロム|$Wsフレデリク|$Wa$b動作,フレデリク,FreGe1|$b動作,フレデリク,FreRe|$SvpSE_VOICE_FREDERIK_EVT_4|$E怒,|Wohl gesprochen, mein Herr.$k
$Wsフレデリク|$Wd$w0|$Wmリズ|3$w0|$Wsリズ|$Wa$b注目,クロム,リズ|$b注目,リズ,クロム|$b注目,プレイヤー女,リズ|$b動作,リズ,Ac1|$SvpSE_VOICE_LIZ_EVT_26|$E苦,汗|Dann mal los!$k","$t1$Wmクロム|3$w0|$Wsクロム|$Wa$b動作,クロム,KroProtest|$b注目,クロム,リズ|$SvpSE_VOICE_CHROM_EVT_34|$E怒,|Dannazione! Il borgo è in fiamme!
Quei maledetti briganti, senza dubbio...$k$pFrederick, Lissa! Presto!$k
$b向き,リズ,A|$b動作,リズ,WalkTurn|$Wsクロム|$Wd$w0|$Wmフレデリク|3$w0|$b動作,リズ,RizRe|$b注目,フレデリク,プレイヤー女|$b注目,プレイヤー女,フレデリク|$Wsフレデリク|$Wa$b動作,フレデリク,FreGe3|$b動作,フレデリク,FreRe|$SvpSE_VOICE_FREDERIK_EVT_5|$E怒,|Cosa ne facciamo di $Glui,lei|?$k
$Wsフレデリク|$Wd$w0|$Wmクロム|3$w0|$b動作,クロム,TurnL|$b動作,クロム,TurnLWait|$b注目,クロム,フレデリク|$b注目,プレイヤー女,クロム|$SvpSE_VOICE_CHROM_EVT_35|$Wsクロム|$Wa$E怒,|Non è il momento!
Non è $Glui,lei| ad andare a fuoco!$k
$Wsクロム|$Wd$w0|$Wmフレデリク|3$w0|$b注目,フレデリク,クロム|$Wsフレデリク|$Wa$b動作,フレデリク,FreGe1|$b動作,フレデリク,FreRe|$SvpSE_VOICE_FREDERIK_EVT_4|$E怒,|Ho recepito il messaggio, mio signore.$k
$Wsフレデリク|$Wd$w0|$Wmリズ|3$w0|$Wsリズ|$Wa$b注目,クロム,リズ|$b注目,リズ,クロム|$b注目,プレイヤー女,リズ|$b動作,リズ,Ac1|$SvpSE_VOICE_LIZ_EVT_26|$E苦,汗|Muoviamoci!$k","$t1$Wmクロム|3$w0|$Wsクロム|$Wa$b動作,クロム,KroProtest|$b注目,クロム,リズ|$SvpSE_VOICE_CHROM_EVT_34|$E怒,|¡La ciudad está en llamas! ¡Seguro que han
sido esos condenados bandidos!...$k$p¡Maldición!
¡Frederick, Lissa! ¡Hay que ir enseguida!$k
$b向き,リズ,A|$b動作,リズ,WalkTurn|$Wsクロム|$Wd$w0|$Wmフレデリク|3$w0|$b動作,リズ,RizRe|$b注目,フレデリク,プレイヤー女|$b注目,プレイヤー女,フレデリク|$Wsフレデリク|$Wa$b動作,フレデリク,FreGe3|$b動作,フレデリク,FreRe|$SvpSE_VOICE_FREDERIK_EVT_5|$E怒,|¿Y qué pasa con $Nu?$k
$Wsフレデリク|$Wd$w0|$Wmクロム|3$w0|$b動作,クロム,TurnL|$b動作,クロム,TurnLWait|$b注目,クロム,フレデリク|$b注目,プレイヤー女,クロム|$SvpSE_VOICE_CHROM_EVT_35|$Wsクロム|$Wa$E怒,|¡A no ser que $Gél,ella| también esté ardiendo,
ese asunto puede esperar!$k
$Wsクロム|$Wd$w0|$Wmフレデリク|3$w0|$b注目,フレデリク,クロム|$Wsフレデリク|$Wa$b動作,フレデリク,FreGe1|$b動作,フレデリク,FreRe|$SvpSE_VOICE_FREDERIK_EVT_4|$E怒,|Muy acertado, mi señor.$k
$Wsフレデリク|$Wd$w0|$Wmリズ|3$w0|$Wsリズ|$Wa$b注目,クロム,リズ|$b注目,リズ,クロム|$b注目,プレイヤー女,リズ|$b動作,リズ,Ac1|$SvpSE_VOICE_LIZ_EVT_26|$E苦,汗|¡Vámonos ya!$k","$t1$Wmクロム|3$w0|$Wsクロム|$Wa$b動作,クロム,KroProtest|$b注目,クロム,リズ|$SvpSE_VOICE_CHROM_EVT_34|$E怒,|Damn it! The town is ablaze!
Those blasted brigands, no doubt...$k$pFrederick, Lissa! Quickly!$k
$b向き,リズ,A|$b動作,リズ,WalkTurn|$Wsクロム|$Wd$w0|$Wmフレデリク|3$w0|$b動作,リズ,RizRe|$b注目,フレデリク,プレイヤー女|$b注目,プレイヤー女,フレデリク|$Wsフレデリク|$Wa$b動作,フレデリク,FreGe3|$b動作,フレデリク,FreRe|$SvpSE_VOICE_FREDERIK_EVT_5|$E怒,|What about $Ghim,her|?$k
$Wsフレデリク|$Wd$w0|$Wmクロム|3$w0|$b動作,クロム,TurnL|$b動作,クロム,TurnLWait|$b注目,クロム,フレデリク|$b注目,プレイヤー女,クロム|$SvpSE_VOICE_CHROM_EVT_35|$Wsクロム|$Wa$E怒,|Unless $Ghe's,she's| on fire as well, it can wait!$k
$Wsクロム|$Wd$w0|$Wmフレデリク|3$w0|$b注目,フレデリク,クロム|$Wsフレデリク|$Wa$b動作,フレデリク,FreGe1|$b動作,フレデリク,FreRe|$SvpSE_VOICE_FREDERIK_EVT_4|$E怒,|Aptly put, milord.$k
$Wsフレデリク|$Wd$w0|$Wmリズ|3$w0|$Wsリズ|$Wa$b注目,クロム,リズ|$b注目,リズ,クロム|$b注目,プレイヤー女,リズ|$b動作,リズ,Ac1|$SvpSE_VOICE_LIZ_EVT_26|$E苦,汗|Let's go already!$k","$t1$Wmクロム|3$w0|$Wsクロム|$Wa$b動作,クロム,KroProtest|$b注目,クロム,リズ|$SvpSE_VOICE_CHROM_EVT_34|$E怒|Kahretsin! Kasaba alevler
içinde! O kahrolası haydutlar, şüphesiz...$k$pFrederick, Lissa! Hızlıca!$k
$b向き,リズ,A|$b動作,リズ,WalkTurn|$Wsクロム|$Wd$w0|$Wmフレデリク|3$w0|$b動作,リズ,RizRe|$b注目,フレデリク,プレイヤー女|$b注目,プレイヤー女,フレデリク|$Wsフレデリク|$Wa$b動作,フレデリク,FreGe3|$b動作,フレデリク,FreRe|$SvpSE_VOICE_FREDERIK_EVT_5|$E怒|Peki ya ona?$k
$Wsフレデリク|$Wd$w0|$Wmクロム|3$w0|$b動作,クロム,TurnL|$b動作,クロム,TurnLWait|$b注目,クロム,フレデリク|$b注目,プレイヤー女,クロム|$SvpSE_VOICE_CHROM_EVT_35|$Wsクロム|$Wa$E怒|O da yanmıyorsa bekleyebilir!$k
$Wsクロム|$Wd$w0|$Wmフレデリク|3$w0|$b注目,フレデリク,クロム|$Wsフレデリク|$Wa$b動作,フレデリク,FreGe1|$b動作,フレデリク,FreRe|$SvpSE_VOICE_FREDERIK_EVT_4|$E怒|Çok yerinde ifade, lordum.$k
$Wsフレデリク|$Wd$w0|$Wmリズ|3$w0|$Wsリズ|$Wa$b注目,クロム,リズ|$b注目,リズ,クロム|$b注目,プレイヤー女,リズ|$b動作,リズ,Ac1|$SvpSE_VOICE_LIZ_EVT_26|$E苦,汗|Hadi gidelim!$k"
13,MID_P002_OP1_04_PCM1,"$t1$Wmusername|3$w0|$Wsusername|$Wa$SvpSE_VOICE_PLAYER_M#_EVT_13|$b動作,プレイヤー,Ge3|$E通常,|Mais qu'est-ce que... Hmm...$k","$t1$Wmusername|3$w0|$Wsusername|$Wa$SvpSE_VOICE_PLAYER_M#_EVT_13|$b動作,プレイヤー,Ge3|$E通常,|Aber was ist mit--
Hmm...$k","$t1$Wmusername|3$w0|$Wsusername|$Wa$SvpSE_VOICE_PLAYER_M#_EVT_13|$b動作,プレイヤー,Ge3|$E通常,|Ma... Mmmh...$k","$t1$Wmusername|3$w0|$Wsusername|$Wa$SvpSE_VOICE_PLAYER_M#_EVT_13|$b動作,プレイヤー,Ge3|$E通常,|Esto... ¿Qué pasa con...?
Mmm...$k","$t1$Wmusername|3$w0|$Wsusername|$Wa$SvpSE_VOICE_PLAYER_M#_EVT_13|$b動作,プレイヤー,Ge3|$E通常,|But what about―
Hmm...$k","$t1$Wmusername|3$w0|$Wsusername|$Wa$SvpSE_VOICE_PLAYER_M#_EVT_13|$b動作,プレイヤー,Ge3|$E通常|Ama ya― Hımm...$k"
14,MID_P002_OP1_04_PCM2,,,,,"$t1$Wmusername|3$w0|$Wsusername|$Wa$SvpSE_VOICE_PLAYER_M#_EVT_13|$b動作,プレイヤー,Ge3|$E通常,|あ……$k","$t1$Wmusername|3$w0|$Wsusername|$Wa$SvpSE_VOICE_PLAYER_M#_EVT_13|$b動作,プレイヤー,Ge3|$E通常|Ama ya― Hımm...$k"
15,MID_P002_OP1_04_PCM3,,,,,"$t1$Wmusername|3$w0|$Wsusername|$Wa$b動作,プレイヤー,Ge3|$E通常,|……$k","$t1$Wmusername|3$w0|$Wsusername|$Wa$b動作,プレイヤー,Ge3|$E通常|……$k"
16,MID_P002_OP1_04_PCF1,"$t1$Wmusername|3$w0|$Wsusername|$Wa$SvpSE_VOICE_PLAYER_F#_EVT_13|$b動作,プレイヤー,Ge3|$E通常,|Mais qu'est-ce que... Hmm...$k","$t1$Wmusername|3$w0|$Wsusername|$Wa$SvpSE_VOICE_PLAYER_F#_EVT_13|$b動作,プレイヤー,Ge3|$E通常,|Aber was ist mit--
Hmm...$k","$t1$Wmusername|3$w0|$Wsusername|$Wa$SvpSE_VOICE_PLAYER_F#_EVT_13|$b動作,プレイヤー,Ge3|$E通常,|Ma... Mmmh...$k","$t1$Wmusername|3$w0|$Wsusername|$Wa$SvpSE_VOICE_PLAYER_F#_EVT_13|$b動作,プレイヤー,Ge3|$E通常,|Esto... ¿Qué pasa con...?
Mmm...$k","$t1$Wmusername|3$w0|$Wsusername|$Wa$SvpSE_VOICE_PLAYER_F#_EVT_13|$b動作,プレイヤー,Ge3|$E通常,|But what about―
Hmm...$k","$t1$Wmusername|3$w0|$Wsusername|$Wa$SvpSE_VOICE_PLAYER_F#_EVT_13|$b動作,プレイヤー,Ge3|$E通常|Ama ya― Hımm...$k"
17,MID_P002_OP1_04_PCF2,,,,,"$t1$Wmusername|3$w0|$Wsusername|$Wa$SvpSE_VOICE_PLAYER_F#_EVT_13|$b動作,プレイヤー,Ge3|$E通常,|あっ……$k","$t1$Wmusername|3$w0|$Wsusername|$Wa$SvpSE_VOICE_PLAYER_F#_EVT_13|$b動作,プレイヤー,Ge3|$E通常|Ama ya― Hımm...$k"
18,MID_P002_OP1_04_PCF3,,,,,"$t1$Wmusername|3$w0|$Wsusername|$Wa$b動作,プレイヤー,Ge3|$E通常,|……$k","$t1$Wmusername|3$w0|$Wsusername|$Wa$b動作,プレイヤー,Ge3|$E通常|……$k"
19,MID_P002_OP2,"$t1$WmP002_ボス|7$w0|$WsP002_ボス|$Wa$E笑,|$SvpSE_VOICE_BOSS3_EVT_1|Bouah ha ha ha ! Allez-y, les gars !$k$pRécupérez tout ce qui brille et brûlez
le reste !$k$pÇa servira d'exemple aux autres Ylissiens !$k$pPas vrai, ma belle ?$k
$WsP002_ボス|$Wd$w0|$Wm村人女|7$w0|$Ws村人女|$Wa$SvpSE_VOICE_ENEMY_F2_DAMAGE_5|$Wv$E苦,汗|Allez-vous-en ! Laissez-moi tranquille !
S'IL VOUS PLAÎT ! À L'AIDE !$k","$t1$WmP002_ボス|7$w0|$WsP002_ボス|$Wa$E笑,|$SvpSE_VOICE_BOSS3_EVT_1|Harharhar! Auf geht's, Jungs!$k$pSchnappt euch alles, was glänzt und steckt
alles andere in Brand!$k$pWir müssen diesen Ylisseanern einen
Denkzettel verpassen!$k$pNicht wahr, Mädel?$k
$WsP002_ボス|$Wd$w0|$Wm村人女|7$w0|$Ws村人女|$Wa$SvpSE_VOICE_ENEMY_F2_DAMAGE_5|$p$Wv$E苦,汗|Lasst mich in Ruhe!
Bitte! HIIILFE!$k","$t1$WmP002_ボス|7$w0|$WsP002_ボス|$Wa$E笑,|$SvpSE_VOICE_BOSS3_EVT_1|Muahahah! Avanti, ragazzi!$k$pPrendete tutto quello che luccica
e bruciate tutto il resto!$k$pDobbiamo dare una lezione
esemplare a questi ylissiani!$k$pVero, ragazza?$k
$WsP002_ボス|$Wd$w0|$Wm村人女|7$w0|$Ws村人女|$Wa$SvpSE_VOICE_ENEMY_F2_DAMAGE_5|$Wv$E苦,汗|Andatevene! Per carità!
AIUTOOO!$k","$t1$WmP002_ボス|7$w0|$WsP002_ボス|$Wa$E笑,|$SvpSE_VOICE_BOSS3_EVT_1|¡Ja, ja, ja! ¡Adelante, compadres!$k$p¡Arramblad con todo lo que brille y
echad el resto a la hoguera!$k$p¡Enseñemos a estos ylissenses
lo que es bueno!$k$p¿Qué te parece, jovencita?$k
$WsP002_ボス|$Wd$w0|$Wm村人女|7$w0|$Ws村人女|$Wa$SvpSE_VOICE_ENEMY_F2_DAMAGE_5|$Wv$E苦,汗|¡Aaah! ¡Alejaos de mí!
¡Que alguien me ayude! ¡¡SOCORROOO!!$k","$t1$WmP002_ボス|7$w0|$WsP002_ボス|$Wa$E笑,|$SvpSE_VOICE_BOSS3_EVT_1|Gwa ha ha! Get to it, lads!$k$pGrab anything shiny, and put the
rest to the torch!$k$pWe gots an example to set for
these Ylissean types!$k$pAin't that right, lass?$k
$WsP002_ボス|$Wd$w0|$Wm村人女|7$w0|$Ws村人女|$Wa$SvpSE_VOICE_ENEMY_F2_DAMAGE_5|$Wv$E苦,汗|S-stay away from me!
Please! Someone! HEEEEEELP!$k","$t1$WmP002_ボス|7$w0|$WsP002_ボス|$Wa$E笑|$SvpSE_VOICE_BOSS3_EVT_1|Va ha ha! Başlayın çocuklar!$k$pParlak ne varsa alın ve
gerisini meşaleye koyun!$k$pBu Ylisseli tipler için
oluşturacağımız bir örnek var!$k$pÖyle değil mi kızım?$k
$WsP002_ボス|$Wd$w0|$Wm村人女|7$w0|$Ws村人女|$Wa$SvpSE_VOICE_ENEMY_F2_DAMAGE_5|$Wv$E苦,汗|Benden uzak dur!
Lütfen! Birisi! HEEEEEELP!$k"
20,MID_P002_OP2_02,"$t1$Wmリズ|3$w0|$Wsリズ|$Wa$E苦,汗|$SvpSE_VOICE_LIZ_EVT_4|Chrom, on doit les arrêter !$k
$Wsリズ|$Wd$w0|$Wmクロム|3$w0|$Wsクロム|$Wa$E怒,|$SvpSE_VOICE_CHROM_EVT_20|Ne t'inquiète pas... Ces bandits ne seront
plus une menace une fois qu'on en aura fini.$k","$t1$Wmリズ|3$w0|$Wsリズ|$Wa$E苦,汗|$SvpSE_VOICE_LIZ_EVT_4|Chrom, wir müssen sie aufhalten!$k
$Wsリズ|$Wd$w0|$Wmクロム|3$w0|$Wsクロム|$Wa$E怒,|$SvpSE_VOICE_CHROM_EVT_20|Keine Sorge, Lissa. Diese Banditen haben
heute zum letzten Mal Ärger gemacht...$k","$t1$Wmリズ|3$w0|$Wsリズ|$Wa$E苦,汗|$SvpSE_VOICE_LIZ_EVT_4|Chrom, dobbiamo fermarli!$k
$Wsリズ|$Wd$w0|$Wmクロム|3$w0|$Wsクロム|$Wa$E怒,|$SvpSE_VOICE_CHROM_EVT_20|Non preoccuparti. Tra poco questi banditi
non daranno più fastidio a nessuno!$k","$t1$Wmリズ|3$w0|$Wsリズ|$Wa$E苦,汗|$SvpSE_VOICE_LIZ_EVT_4|¡Tenemos que detener a esos bandidos,
Chrom!$k
$Wsリズ|$Wd$w0|$Wmクロム|3$w0|$Wsクロム|$Wa$E怒,|$SvpSE_VOICE_CHROM_EVT_20|Tranquila, nos aseguraremos de que no
vuelvan a molestar a nadie más.$k","$t1$Wmリズ|3$w0|$Wsリズ|$Wa$E苦,汗|$SvpSE_VOICE_LIZ_EVT_4|Chrom, we have to stop them!$k
$Wsリズ|$Wd$w0|$Wmクロム|3$w0|$Wsクロム|$Wa$E怒,|$SvpSE_VOICE_CHROM_EVT_20|Don't worry―after today, these bandits
won't be bothering anyone ever again...$k","$t1$Wmリズ|3$w0|$Wsリズ|$Wa$E苦,汗|$SvpSE_VOICE_LIZ_EVT_4|Chrom, onları durdurmalıyız!$k
$Wsリズ|$Wd$w0|$Wmクロム|3$w0|$Wsクロム|$Wa$E怒|$SvpSE_VOICE_CHROM_EVT_20|Endişelenmeyin, bugünden sonra bu haydutlar
bir daha kimseyi rahatsız edemeyecek...$k"
21,MID_P002_OP3_PCM1,"$t1$Wmusername|3$w0|$Wsusername|$Wa$SvpSE_VOICE_PLAYER_M#_EVT_4|$E通常,|Attendez !$k
$Wmクロム|7$w0|$Wsクロム|$Wa$SvpSE_VOICE_CHROM_EVT_34|$E怒,|$Nu !
Tu nous a suivis ! Mais pourquoi ?$k
$Wsusername|$Wa$SvpSE_VOICE_PLAYER_M#_EVT_32|Je ne suis pas $Gcertain,certaine| de le savoir
moi-même...$k$pMais je suis $Garmé,armée|, et je sais me battre
si vous voulez bien que je vous aide.$k
$Wsクロム|$Wa$SvpSE_VOICE_CHROM_EVT_8|$E怒,|Bon, d'accord... Plus on est de fous, plus
on rit. Mais reste à proximité !$k","$t1$Wmusername|3$w0|$Wsusername|$Wa$SvpSE_VOICE_PLAYER_M#_EVT_4|$E通常,|Wartet!$k
$Wmクロム|7$w0|$Wsクロム|$Wa$SvpSE_VOICE_CHROM_EVT_34|$E怒,|Du bist uns gefolgt! Wieso?$k
$Wsusername|$Wa$SvpSE_VOICE_PLAYER_M#_EVT_32|$Eキメ,|Das weiß ich selbst nicht so genau.$k$pAber ich finde mich im Kampf zurecht, falls
ihr Hilfe gebrauchen könnt.$k
$Wsクロム|$Wa$SvpSE_VOICE_CHROM_EVT_8|$E怒,|Wir sind für jede Hilfe dankbar. Aber bleib
in der Nähe!$k","$t1$Wmusername|3$w0|$Wsusername|$Wa$SvpSE_VOICE_PLAYER_M#_EVT_4|$E通常,|Aspettatemi!$k
$Wmクロム|7$w0|$Wsクロム|$Wa$SvpSE_VOICE_CHROM_EVT_34|$E怒,|$Nu! Perché ci hai seguiti?$k
$Wsusername|$Wa$SvpSE_VOICE_PLAYER_M#_EVT_32|Non... Non so dirlo neanch'io.$k$pMa so combattere, nel caso
vi serva un'altra spada.$k
$Wsクロム|$Wa$SvpSE_VOICE_CHROM_EVT_8|$E怒,|Ci sarà utile. Ma resta vicino a noi!$k","$t1$Wmusername|3$w0|$Wsusername|$Wa$SvpSE_VOICE_PLAYER_M#_EVT_4|$E通常,|¡Esperad!$k
$Wmクロム|7$w0|$Wsクロム|$Wa$SvpSE_VOICE_CHROM_EVT_34|$E怒,|¡$Nu, nos has seguido!
¿Por qué?$k
$Wsusername|$Wa$SvpSE_VOICE_PLAYER_M#_EVT_32|Si os soy sincero, ni yo mismo lo sé.$k$pPero voy armado y sé desenvolverme en un
combate. Tal vez os venga bien mi ayuda.$k
$Wsクロム|$Wa$SvpSE_VOICE_CHROM_EVT_8|$E怒,|Por supuesto, cuantos más seamos, mejor.
Quédate cerca, ¿de acuerdo?$k","$t1$Wmusername|3$w0|$Wsusername|$Wa$SvpSE_VOICE_PLAYER_M#_EVT_4|$E通常,|Wait!$k
$Wmクロム|7$w0|$Wsクロム|$Wa$SvpSE_VOICE_CHROM_EVT_34|$E怒,|$Nu!
You followed us! Why?$k
$Wsusername|$Wa$SvpSE_VOICE_PLAYER_M#_EVT_32|I...I'm not certain myself.$k$pBut I'm armed, and I know my way
around a fight, if you'll have me.$k
$Wsクロム|$Wa$SvpSE_VOICE_CHROM_EVT_8|$E怒,|Of course―strength in numbers.
Just stay close!$k","$t1$Wmusername|3$w0|$Wsusername|$Wa$SvpSE_VOICE_PLAYER_M#_EVT_4|$E通常|Bekle!$k
$Wmクロム|7$w0|$Wsクロム|$Wa$SvpSE_VOICE_CHROM_EVT_34|$E怒|$Nu!
Bizi takip ettiniz! Neden?$k
$Wsusername|$Wa$SvpSE_VOICE_PLAYER_M#_EVT_32|Ben...ben kendimden emin değilim.$k$pAma silahlıyım ve bana izin verirseniz,
kavgayı nasıl çözeceğimi biliyorum.$k
$Wsクロム|$Wa$SvpSE_VOICE_CHROM_EVT_8|$E怒|Elbette sayıların gücü.
Sadece yakın dur!$k"
22,MID_P002_OP3_PCM2,,,,,"$t1$Wmusername|3$w0|$Wsusername|$Wa$SvpSE_VOICE_PLAYER_M#_EVT_4|$E通常,|待ってくれ！$k
$Wmクロム|7$w0|$Wsクロム|$Wa$SvpSE_VOICE_CHROM_EVT_34|$E怒,|！　お前、逃げなかったのか？
なぜここに来た？$k
$Wsusername|$Wa$SvpSE_VOICE_PLAYER_M#_EVT_32|わからない、でも…$k$p僕も、できることをしたい。$k
$Wsクロム|$Wa$SvpSE_VOICE_CHROM_EVT_8|$E怒,|そうか！　わかった。
なら、力を貸してもらうぞ！$k","$t1$Wmusername|3$w0|$Wsusername|$Wa$SvpSE_VOICE_PLAYER_M#_EVT_4|$E通常|Bekle!$k
$Wmクロム|7$w0|$Wsクロム|$Wa$SvpSE_VOICE_CHROM_EVT_34|$E怒|Ne?! Kaçmadın mı? Neden buraya geldin?$k
$Wsusername|$Wa$SvpSE_VOICE_PLAYER_M#_EVT_32|Bilmiyorum ama...$k$pBen de elimden geleni yapmak istiyorum.$k
$Wsクロム|$Wa$SvpSE_VOICE_CHROM_EVT_8|$E怒|Anladım! O zaman yardımını istiyorum!$k"
23,MID_P002_OP3_PCM3,,,,,"$t1$Wmusername|3$w0|$Wsusername|$Wa$E通常,|！$k
$Wmクロム|7$w0|$Wsクロム|$Wa$SvpSE_VOICE_CHROM_EVT_34|$E怒,|！　お前、逃げなかったのか？
なぜここに…$k$pお前も、一緒に戦ってくれるつもりなのか？$k
$Wsusername|$Wa……！$k
$Wsクロム|$Wa$SvpSE_VOICE_CHROM_EVT_8|$E怒,|そうか！　わかった。
なら、力を貸してもらうぞ！$k","$t1$Wmusername|3$w0|$Wsusername|$Wa$E通常|!$k
$Wmクロム|7$w0|$Wsクロム|$Wa$SvpSE_VOICE_CHROM_EVT_34|$E怒|Ne?! Kaçmadın mı? Burada ne işin var...$k$pSen de bizimle savaşacak mısın?$k
$Wsusername|$Wa...!$k
$Wsクロム|$Wa$SvpSE_VOICE_CHROM_EVT_8|$E怒|Anladım! O zaman yardımını istiyorum!$k"
24,MID_P002_OP3_PCF1,"$t1$Wmusername|3$w0|$Wsusername|$Wa$SvpSE_VOICE_PLAYER_F#_EVT_4|$E通常,|Attendez !$k
$Wmクロム|7$w0|$Wsクロム|$Wa$SvpSE_VOICE_CHROM_EVT_34|$E怒,|$Nu !
Tu nous a suivis ! Mais pourquoi ?$k
$Wsusername|$Wa$SvpSE_VOICE_PLAYER_F#_EVT_32|Je ne suis pas $Gcertain,certaine| de le savoir
moi-même...$k$pMais je suis $Garmé,armée|, et je sais me battre
si vous voulez bien que je vous aide.$k
$Wsクロム|$Wa$SvpSE_VOICE_CHROM_EVT_8|$E怒,|Bon, d'accord... Plus on est de fous, plus
on rit. Mais reste à proximité !$k","$t1$Wmusername|3$w0|$Wsusername|$Wa$SvpSE_VOICE_PLAYER_F#_EVT_4|$E通常,|Wartet!$k
$Wmクロム|7$w0|$Wsクロム|$Wa$SvpSE_VOICE_CHROM_EVT_34|$E怒,|Du bist uns gefolgt! Wieso?$k
$Wsusername|$Wa$SvpSE_VOICE_PLAYER_F#_EVT_32|$Eキメ,|Das weiß ich selbst nicht so genau.$k$pAber ich finde mich im Kampf zurecht, falls
ihr Hilfe gebrauchen könnt.$k
$Wsクロム|$Wa$SvpSE_VOICE_CHROM_EVT_8|$E怒,|Wir sind für jede Hilfe dankbar. Aber bleib
in der Nähe!$k","$t1$Wmusername|3$w0|$Wsusername|$Wa$SvpSE_VOICE_PLAYER_F#_EVT_4|$E通常,|Aspettatemi!$k
$Wmクロム|7$w0|$Wsクロム|$Wa$SvpSE_VOICE_CHROM_EVT_34|$E怒,|$Nu! Perché ci hai seguiti?$k
$Wsusername|$Wa$SvpSE_VOICE_PLAYER_F#_EVT_32|Non.. Non so dirlo neanch'io.$k$pMa so combattere, nel caso
vi serva un'altra spada.$k
$Wsクロム|$Wa$SvpSE_VOICE_CHROM_EVT_8|$E怒,|Ci sarà utile. Ma resta vicino a noi!$k","$t1$Wmusername|3$w0|$Wsusername|$Wa$SvpSE_VOICE_PLAYER_F#_EVT_4|$E通常,|¡Esperad!$k
$Wmクロム|7$w0|$Wsクロム|$Wa$SvpSE_VOICE_CHROM_EVT_34|$E怒,|¡$Nu, nos has seguido!
¿Por qué?$k
$Wsusername|$Wa$SvpSE_VOICE_PLAYER_F#_EVT_32|Si os soy sincera, ni yo misma lo sé.$k$pPero voy armada y sé desenvolverme en un
combate. Tal vez os venga bien mi ayuda.$k
$Wsクロム|$Wa$SvpSE_VOICE_CHROM_EVT_8|$E怒,|Por supuesto, cuantos más seamos, mejor.
Quédate cerca, ¿de acuerdo?$k","$t1$Wmusername|3$w0|$Wsusername|$Wa$SvpSE_VOICE_PLAYER_F#_EVT_4|$E通常,|Wait!$k
$Wmクロム|7$w0|$Wsクロム|$Wa$SvpSE_VOICE_CHROM_EVT_34|$E怒,|$Nu!
You followed us! Why?$k
$Wsusername|$Wa$SvpSE_VOICE_PLAYER_F#_EVT_32|I...I'm not certain myself.$k$pBut I'm armed, and I know my way
around a fight, if you'll have me.$k
$Wsクロム|$Wa$SvpSE_VOICE_CHROM_EVT_8|$E怒,|Of course―strength in numbers.
Just stay close!$k","$t1$Wmusername|3$w0|$Wsusername|$Wa$SvpSE_VOICE_PLAYER_F#_EVT_4|$E通常|Bekle!$k
$Wmクロム|7$w0|$Wsクロム|$Wa$SvpSE_VOICE_CHROM_EVT_34|$E怒|$Nu!
Bizi takip ettiniz! Neden?$k
$Wsusername|$Wa$SvpSE_VOICE_PLAYER_F#_EVT_32|Ben...ben kendimden emin değilim.$k$pAma silahlıyım ve bana izin verirseniz,
kavgayı nasıl çözeceğimi biliyorum.$k
$Wsクロム|$Wa$SvpSE_VOICE_CHROM_EVT_8|$E怒|Elbette sayıların gücü.
Sadece yakın dur!$k"
25,MID_P002_OP3_PCF2,,,,,"$t1$Wmusername|3$w0|$Wsusername|$Wa$SvpSE_VOICE_PLAYER_F#_EVT_4|$E通常,|待ってください！$k
$Wmクロム|7$w0|$Wsクロム|$Wa$SvpSE_VOICE_CHROM_EVT_34|$E怒,|！　お前、逃げなかったのか？
なぜここに来た？$k
$Wsusername|$Wa$SvpSE_VOICE_PLAYER_F#_EVT_32|私にもわかりません。ですが…$k$p私も、できることをします。$k
$Wsクロム|$Wa$SvpSE_VOICE_CHROM_EVT_8|$E怒,|そうか！　わかった。
なら、力を貸してもらうぞ！$k","$t1$Wmusername|3$w0|$Wsusername|$Wa$SvpSE_VOICE_PLAYER_F#_EVT_4|$E通常|Bekleyin!$k
$Wmクロム|7$w0|$Wsクロム|$Wa$SvpSE_VOICE_CHROM_EVT_34|$E怒|Ne?! Kaçmadın mı? Neden buraya geldin?$k
$Wsusername|$Wa$SvpSE_VOICE_PLAYER_F#_EVT_32|Ben de bilmiyorum. Ama...$k$pBen de elimden geleni yapacağım.$k
$Wsクロム|$Wa$SvpSE_VOICE_CHROM_EVT_8|$E怒|Anladım! O zaman yardımını istiyorum!$k"
26,MID_P002_OP3_PCF3,,,,,"$t1$Wmusername|3$w0|$Wsusername|$Wa$E通常,|！$k
$Wmクロム|7$w0|$Wsクロム|$Wa$SvpSE_VOICE_CHROM_EVT_34|$E怒,|！　お前、逃げなかったのか？
なぜここに…$k$pお前も、一緒に戦ってくれるつもりなのか？$k
$Wsusername|$Wa……！$k
$Wsクロム|$Wa$SvpSE_VOICE_CHROM_EVT_8|$E怒,|そうか！　わかった。
なら、力を貸してもらうぞ！$k","$t1$Wmusername|3$w0|$Wsusername|$Wa$E通常|!$k
$Wmクロム|7$w0|$Wsクロム|$Wa$SvpSE_VOICE_CHROM_EVT_34|$E怒|Ne?! Kaçmadın mı? Burada ne işin var...$k$pSen de bizimle savaşacak mısın?$k
$Wsusername|$Wa...!$k
$Wsクロム|$Wa$SvpSE_VOICE_CHROM_EVT_8|$E怒|Anladım! O zaman yardımını istiyorum!$k"
27,MID_P002_ED1_PCM1,"$t1$Wmusername|3$w0|$Wsusername|$Wa$SbpSTRM_BGM_EVT_SERIOUS1|0|$SvpSE_VOICE_PLAYER_M#_EVT_34|$E通常,|Bien, il semblerait qu'on en ait fini.$k
$Wmリズ|7$w0|$Wsリズ|$Wa$SvpSE_VOICE_LIZ_EVT_15|$E笑,|Heureusement pour les habitants, nous ne
passions pas trop loin du village.$k$p$b向き,リズ,B|Mais sérieusement, $Nu !
Tu as été $Gépoustouflant,époustouflante| !$k$p$E笑,|Passes d'arme, sortilèges... ET tactiques !$k$pEst-ce qu'il y a seulement quelque chose
que tu ne sais pas faire ?$k
$Wsリズ|$Wd$w0|$Wmクロム|7$w0|$b注目,クロム,プレイヤー女|$b注目,フレデリク,プレイヤー女|$Wsクロム|$Wa$SvpSE_VOICE_CHROM_EVT_6|$E通常,|Tu n'es clairement pas qu'$Gun,une| pauvre
$Gvoyageur,voyageuse| $Gramassé,ramassée| au bord du chemin...$k
$Wsクロム|$Wd$w0|$Wmフレデリク|7$w0|$Wsフレデリク|$Wa$SvpSE_VOICE_FREDERIK_EVT_6|$E怒,|En effet. Peut-être que vous pourriez enfin
expliquer comment vous êtes $Garrivé,arrivée| ici ?$k
$Wsusername|$Wa$SvpSE_VOICE_PLAYER_M#_EVT_10|$E苦,汗|Je comprends tes doutes, Frederick.$k$pMoi-même je ne sais pas pourquoi certains
souvenirs refont surface et pas d'autres.$k$p$E通常,|Mais je t'en prie, crois-moi.
Je vous ai dit tout ce que je savais.$k
$Wsフレデリク|$Wd$w0|$Wmクロム|7$w0|$Wsクロム|$Wa$SvpSE_VOICE_CHROM_EVT_7|$E笑,|Tu t'es $Gbattu,battue| pour sauver la vie de
plusieurs Ylissiens.$k$pMon cœur est conquis et me dit que c'est
suffisant.$k
$Wsusername|$Wd$w0|$Wmフレデリク|3$w0|$b注目,クロム,フレデリク|$b注目,フレデリク,クロム|$Wsフレデリク|$Wa$SvpSE_VOICE_FREDERIK_EVT_8|$E通常,|Qu'en est-il de votre raison, Monseigneur ?
Vous n'écouterez pas son conseil ?$k
$Wsクロム|$Wa$E通常,|$SvpSE_VOICE_CHROM_EVT_43|$E通常,|Frederick, les Veilleurs ont besoin du talent
de quelqu'un comme $Nu.$k$pNombreux sont les bandits et les voisins
malintentionnés qui lorgnent sur nos terres.$k$pTu souhaiterais vraiment que nous rejetions
un stratège si compétent ?$k$pMoi, je lui fais confiance, même si son
histoire peut paraître étrange.$k
$b注目,クロム,プレイヤー女|$Wsフレデリク|$Wd$w0|$Wmusername|3$w0|$Wsusername|$Wa$SvpSE_VOICE_PLAYER_M#_EVT_13|Euh, merci, Chrom.$k
$Wsクロム|$Wa$SvpSE_VOICE_CHROM_EVT_25|Qu'en penses-tu, $Nu ?
Tu veux te joindre à nous ?$k
$Wsusername|$Wa$SvpSE_VOICE_PLAYER_M#_EVT_16|$E笑,|J'en serais $Ghonoré,honorée|.$k","$t1$Wmusername|3$w0|$Wsusername|$Wa$SbpSTRM_BGM_EVT_SERIOUS1|0|$SvpSE_VOICE_PLAYER_M#_EVT_34|$E通常,|Nun, das wäre damit auch geschafft.$k
$Wmリズ|7$w0|$Wsリズ|$Wa$SvpSE_VOICE_LIZ_EVT_15|$E笑,|Zum Glück für die Stadt waren wir gerade in
der Nähe.$k$p$b向き,リズ,B|Aber alle Achtung, $Nu!
Du warst unglaublich!$k$p$E笑,|Schwerter, Magie UND Taktiken!
Gibt es irgendetwas, das du nicht kannst?$k
$Wsリズ|$Wd$w0|$Wmクロム|7$w0|$b注目,クロム,プレイヤー女|$b注目,フレデリク,プレイヤー女|$Wsクロム|$Wa$SvpSE_VOICE_CHROM_EVT_6|$E通常,|In dir steckt tatsächlich mehr, als man
auf den ersten Blick erwartet hätte.$k
$Wsクロム|$Wd$w0|$Wmフレデリク|7$w0|$Wsフレデリク|$Wa$SvpSE_VOICE_FREDERIK_EVT_6|$E怒,|Vielleicht würde Euch praktischerweise eine
Lebensgeschichte für uns einfallen? Hmmm?$k
$Wsusername|$Wa$SvpSE_VOICE_PLAYER_M#_EVT_10|$E苦,汗|Ich weiß, du denkst, dass ich dich belüge,
ehrenwerter Frederick.$k$pUnd ich kann ganz sicher nicht erklären,
warum mir nur manches wieder einfällt.$k$p$E通常,|Aber bitte, glaub mir. Ich habe dir alles
gesagt, was ich weiß.$k
$Wsフレデリク|$Wd$w0|$Wmクロム|7$w0|$Wsクロム|$Wa$SvpSE_VOICE_CHROM_EVT_7|$E笑,|Du hast ylisseanische Leben gerettet.
Meinem Herzen genügt das als Beweis.$k
$Wsusername|$Wd$w0|$Wmフレデリク|3$w0|$b注目,クロム,フレデリク|$b注目,フレデリク,クロム|$Wsフレデリク|$Wa$SvpSE_VOICE_FREDERIK_EVT_8|$E通常,|Und Euer Verstand, mein Herr?
Wie steht der zu alledem?$k
$Wsクロム|$Wa$E通常,|$SvpSE_VOICE_CHROM_EVT_43|$E通常,|Frederick, die Hirten brauchen einen,
der so fähig ist wie $Nu.$k$pSowohl Banditen als auch üble Nachbarn
trachten danach, unser Blut zu vergießen.$k$pSollte ich $Geinen,eine| so $Gfähigen Taktiker,fähige Taktikerin| wie $Gihn,sie|
einfach wieder fortschicken?$k$p...Wobei $Ger,sie| obendrein vielleicht noch
$Gein Freund,eine Freundin| sein kann?$k
$b注目,クロム,プレイヤー女|$Wsフレデリク|$Wd$w0|$Wmusername|3$w0|$Wsusername|$Wa$SvpSE_VOICE_PLAYER_M#_EVT_13|$GEin Freund,Eine Freundin|? Ich... danke dir vielmals.$k
$Wsクロム|$Wa$SvpSE_VOICE_CHROM_EVT_25|Würdest du dich uns anschließen,
$Nu?$k
$Wsusername|$Wa$SvpSE_VOICE_PLAYER_M#_EVT_16|$E笑,|Es wäre mir eine Ehre.$k","$t1$Wmusername|3$w0|$Wsusername|$Wa$SbpSTRM_BGM_EVT_SERIOUS1|0|$SvpSE_VOICE_PLAYER_M#_EVT_34|$E通常,|Beh, direi che ce l'abbiamo fatta.$k
$Wmリズ|7$w0|$Wsリズ|$Wa$SvpSE_VOICE_LIZ_EVT_15|$E笑,|Per fortuna che passavamo di qui.$k$p$b向き,リズ,B|E tu, $Nu! Non ho parole!
Sei $Gstato fantastico,stata fantastica|!$k$p$E笑,|Spada, magia e strategia!
C'è per caso qualcosa che non sai fare?$k
$Wsリズ|$Wd$w0|$Wmクロム|7$w0|$b注目,クロム,プレイヤー女|$b注目,フレデリク,プレイヤー女|$Wsクロム|$Wa$SvpSE_VOICE_CHROM_EVT_6|$E通常,|Di certo non sei una vittima indifesa,
questo è poco ma sicuro.$k
$Wsクロム|$Wd$w0|$Wmフレデリク|7$w0|$Wsフレデリク|$Wa$SvpSE_VOICE_FREDERIK_EVT_6|$E怒,|Già. Forse riuscirete anche a spiegarci
come siete arrivato qui?$k
$Wsusername|$Wa$SvpSE_VOICE_PLAYER_M#_EVT_10|$E苦,汗|Frederick, capisco il vostro scetticismo.$k$pPurtroppo, non so spiegare come
mai io ricordi solo alcune cose.$k$p$E通常,|Ma vi prego di credermi.
Vi ho detto tutto quello che so.$k
$Wsフレデリク|$Wd$w0|$Wmクロム|7$w0|$Wsクロム|$Wa$SvpSE_VOICE_CHROM_EVT_7|$E笑,|Hai combattuto per salvare quegli ylissiani.
Il mio cuore mi dice che sei sincero.$k
$Wsusername|$Wd$w0|$Wmフレデリク|3$w0|$b注目,クロム,フレデリク|$b注目,フレデリク,クロム|$Wsフレデリク|$Wa$SvpSE_VOICE_FREDERIK_EVT_8|$E通常,|E la vostra ragione, mio signore?
Cosa vi dice?$k
$Wsクロム|$Wa$E通常,|$SvpSE_VOICE_CHROM_EVT_43|$E通常,|Frederick, i Pastori hanno bisogno di una
persona con il talento di $Nu.$k$pSia i briganti che i nostri vicini stanno
cercando di insanguinare la nostra terra.$k$pVuoi davvero che perda $Guno,una|
stratega così in gamba?$k$pE poi, io credo alla sua storia,
per quanto assurda.$k
$b注目,クロム,プレイヤー女|$Wsフレデリク|$Wd$w0|$Wmusername|3$w0|$Wsusername|$Wa$SvpSE_VOICE_PLAYER_M#_EVT_13|G-Grazie, Chrom.$k
$Wsクロム|$Wa$SvpSE_VOICE_CHROM_EVT_25|Dunque? Ti vuoi unire
a noi, $Nu?$k
$Wsusername|$Wa$SvpSE_VOICE_PLAYER_M#_EVT_16|$E笑,|Sarebbe un onore per me.$k","$t1$Wmusername|3$w0|$Wsusername|$Wa$SbpSTRM_BGM_EVT_SERIOUS1|0|$SvpSE_VOICE_PLAYER_M#_EVT_34|$E通常,|Muy bien, se acabó.$k
$Wmリズ|7$w0|$Wsリズ|$Wa$SvpSE_VOICE_LIZ_EVT_15|$E笑,|Esta gente ha tenido suerte de que
estuviéramos cerca.$k$p$b向き,リズ,B|¡Y qué pasada, $Nu! ¡Has estado
increíble! ¿Hay algo que no sepas hacer?$k$p$E笑,|¡Dominas las artes de la espada, la magia y
la estrategia!$k
$Wsリズ|$Wd$w0|$Wmクロム|7$w0|$b注目,クロム,プレイヤー女|$b注目,フレデリク,プレイヤー女|$Wsクロム|$Wa$SvpSE_VOICE_CHROM_EVT_6|$E通常,|Bueno, al menos está claro que no eres
ninguna víctima indefensa.$k
$Wsクロム|$Wd$w0|$Wmフレデリク|7$w0|$Wsフレデリク|$Wa$SvpSE_VOICE_FREDERIK_EVT_6|$E怒,|Desde luego. Y ya que sabes tanto, podrías
explicarnos cómo has acabado aquí, ¿no?$k
$Wsusername|$Wa$SvpSE_VOICE_PLAYER_M#_EVT_10|$E苦,汗|Comprendo vuestro escepticismo,
mi señor Frederick.$k$pY sigo sin poder explicar cómo es que solo
recuerdo algunas cosas.$k$p$E通常,|Pero tenéis que creerme;
he dicho todo lo que sé.$k
$Wsフレデリク|$Wd$w0|$Wmクロム|7$w0|$Wsクロム|$Wa$SvpSE_VOICE_CHROM_EVT_7|$E笑,|Has salvado vidas ylissenses y el corazón
me dice que con eso basta.$k
$Wsusername|$Wd$w0|$Wmフレデリク|3$w0|$b注目,クロム,フレデリク|$b注目,フレデリク,クロム|$Wsフレデリク|$Wa$SvpSE_VOICE_FREDERIK_EVT_8|$E通常,|¿Y qué os dicta el cerebro, mi señor?
¿No pensáis prestarle atención también?$k
$Wsクロム|$Wa$E通常,|$SvpSE_VOICE_CHROM_EVT_43|$E通常,|Frederick, los Custodios necesitamos a
alguien con la destreza de $Nu.$k$pHay bandidos y países vecinos que intentan
teñir nuestras tierras de sangre.$k$p¿De verdad quieres dejar escapar a un
estratega tan capaz?$k$pAdemás, creo en su historia, por rara que
pueda parecer...$k
$b注目,クロム,プレイヤー女|$Wsフレデリク|$Wd$w0|$Wmusername|3$w0|$Wsusername|$Wa$SvpSE_VOICE_PLAYER_M#_EVT_13|G-gracias, Chrom...$k
$Wsクロム|$Wa$SvpSE_VOICE_CHROM_EVT_25|Bueno, ¿qué me dices? ¿Vienes con
nosotros, $Nu?$k
$Wsusername|$Wa$SvpSE_VOICE_PLAYER_M#_EVT_16|$E笑,|Será un honor.$k","$t1$Wmusername|3$w0|$Wsusername|$Wa$SbpSTRM_BGM_EVT_SERIOUS1|0|$SvpSE_VOICE_PLAYER_M#_EVT_34|$E通常,|Well, that's the end of that.$k
$Wmリズ|7$w0|$Wsリズ|$Wa$SvpSE_VOICE_LIZ_EVT_15|$E笑,|Lucky for the town we were close by.$k$p$b向き,リズ,B|But holy wow, $Nu!
You were incredible!$k$p$E笑,|Swords, sorcery, AND strategy!
Is there anything you can't do?$k
$Wsリズ|$Wd$w0|$Wmクロム|7$w0|$b注目,クロム,プレイヤー女|$b注目,フレデリク,プレイヤー女|$Wsクロム|$Wa$SvpSE_VOICE_CHROM_EVT_6|$E通常,|You're certainly no helpless victim,
that much is for sure.$k
$Wsクロム|$Wd$w0|$Wmフレデリク|7$w0|$Wsフレデリク|$Wa$SvpSE_VOICE_FREDERIK_EVT_6|$E怒,|Indeed. Perhaps you might even be capable
of an explanation for how you came here?$k
$Wsusername|$Wa$SvpSE_VOICE_PLAYER_M#_EVT_10|$E苦,汗|I understand your scepticism,
Sir Frederick.$k$pAnd I cannot explain why only some
knowledge has returned to me.$k$p$E通常,|But please, believe me.
I have shared all that I know.$k
$Wsフレデリク|$Wd$w0|$Wmクロム|7$w0|$Wsクロム|$Wa$SvpSE_VOICE_CHROM_EVT_7|$E笑,|You fought to save Ylissean lives.
My heart says that's enough.$k
$Wsusername|$Wd$w0|$Wmフレデリク|3$w0|$b注目,クロム,フレデリク|$b注目,フレデリク,クロム|$Wsフレデリク|$Wa$SvpSE_VOICE_FREDERIK_EVT_8|$E通常,|And your mind, milord?
Will you not heed its counsel as well?$k
$Wsクロム|$Wa$E通常,|$SvpSE_VOICE_CHROM_EVT_43|$E通常,|Frederick, the Shepherds could use
someone with $Nu's talents.$k$pWe've brigands and unruly neighbours,
all looking to bloody our soil.$k$pWould you really have us lose
such an able tactician?$k$pBesides, I believe $Ghis,her| story,
odd as it might be.$k
$b注目,クロム,プレイヤー女|$Wsフレデリク|$Wd$w0|$Wmusername|3$w0|$Wsusername|$Wa$SvpSE_VOICE_PLAYER_M#_EVT_13|Th-thank you, Chrom.$k
$Wsクロム|$Wa$SvpSE_VOICE_CHROM_EVT_25|So how about it?
Will you join us, $Nu?$k
$Wsusername|$Wa$SvpSE_VOICE_PLAYER_M#_EVT_16|$E笑,|I would be honoured.$k","$t1$Wmusername|3$w0|$Wsusername|$Wa$SbpSTRM_BGM_EVT_SERIOUS1|0|$SvpSE_VOICE_PLAYER_M#_EVT_34|$E通常|Eh, bu da bitti.$k
$Wmリズ|7$w0|$Wsリズ|$Wa$SvpSE_VOICE_LIZ_EVT_15|$E笑|Kasabaya yakın olmamız büyük şans.$k$p$b向き,リズ,B|Ama
vay canına, $Nu! Müthiştin!$k$p$E笑|Kılıç, büyü ve strateji!
Yapamadığın bir şey var mı?$k
$Wsリズ|$Wd$w0|$Wmクロム|7$w0|$b注目,クロム,プレイヤー女|$b注目,フレデリク,プレイヤー女|$Wsクロム|$Wa$SvpSE_VOICE_CHROM_EVT_6|$E通常|Kesin olan şu: çaresiz biri değilsin.$k
$Wsクロム|$Wd$w0|$Wmフレデリク|7$w0|$Wsフレデリク|$Wa$SvpSE_VOICE_FREDERIK_EVT_6|$E怒|Öyle. Belki buraya nasıl geldiğini de
açıklayabilirsin?$k
$Wsusername|$Wa$SvpSE_VOICE_PLAYER_M#_EVT_10|$E苦,汗|Kuşkularınızı anlıyorum, Sör
Frederick.$k$pNeden yalnız bazı bilgilerimin geri
döndüğünü ben de açıklayamıyorum.$k$p$E通常|Ama lütfen inanın.
Bildiğim her şeyi söyledim.$k
$Wsフレデリク|$Wd$w0|$Wmクロム|7$w0|$Wsクロム|$Wa$SvpSE_VOICE_CHROM_EVT_7|$E笑|Ylisse halkını kurtarmak için savaştın.
Bana bu yeter.$k
$Wsusername|$Wd$w0|$Wmフレデリク|3$w0|$b注目,クロム,フレデリク|$b注目,フレデリク,クロム|$Wsフレデリク|$Wa$SvpSE_VOICE_FREDERIK_EVT_8|$E通常|Ya aklınız, efendim? Onun öğüdünü de
dinlemeyecek misiniz?$k
$Wsクロム|$Wa$E通常|$SvpSE_VOICE_CHROM_EVT_43|$E通常|Frederick, Çobanların $Nu gibi
yetenekli birine ihtiyacı var.$k$pHaydutlar ve başıbozuk komşular
toprağımızı kana bulamak istiyor.$k$pBöyle yetenekli bir taktisyeni
gerçekten geri mi çevirelim?$k$pÜstelik ne kadar tuhaf olsa
da hikâyesine inanıyorum.$k
$b注目,クロム,プレイヤー女|$Wsフレデリク|$Wd$w0|$Wmusername|3$w0|$Wsusername|$Wa$SvpSE_VOICE_PLAYER_M#_EVT_13|T-teşekkürler, Chrom.$k
$Wsクロム|$Wa$SvpSE_VOICE_CHROM_EVT_25|Ne dersin, $Nu? Bize katılır mısın?$k
$Wsusername|$Wa$SvpSE_VOICE_PLAYER_M#_EVT_16|$E笑|Memnuniyetle.$k"
28,MID_P002_ED1_PCM2,,,,,"$t1$Wmusername|3$w0|$Wsusername|$Wa$SbpSTRM_BGM_EVT_SERIOUS1|0|$SvpSE_VOICE_PLAYER_M#_EVT_34|$E通常,|なんとか終わったか…$k
$Wmリズ|7$w0|$Wsリズ|$Wa$SvpSE_VOICE_LIZ_EVT_15|$E笑,|町の人たち、無事みたいだね。
良かったぁ…$k$p$b向き,リズ,B|$E通常,|ところでさ……
$Nuさんって、すごいんだ！$k$p$E笑,|戦いのことも詳しいし、
剣も魔法も使えるみたいだし！$k
$Wsリズ|$Wd$w0|$Wmクロム|7$w0|$b注目,クロム,プレイヤー女|$b注目,フレデリク,プレイヤー女|$Wsクロム|$Wa$SvpSE_VOICE_CHROM_EVT_6|$E通常,|戦いに関して、秘めるものがあるようだな。
ただの行き倒れではないということか。$k
$Wsクロム|$Wd$w0|$Wmフレデリク|7$w0|$Wsフレデリク|$Wa$SvpSE_VOICE_FREDERIK_EVT_6|$E怒,|本当に記憶喪失なのか、
ますますもって疑わしくなりましたが…$k
$Wsusername|$Wa$SvpSE_VOICE_PLAYER_M#_EVT_10|$E苦,汗|えっと……そう言われても。
覚えてないものは覚えてないよ。$k$pよくわからないけど、戦ってるうちに
戦い方が頭に浮かんできたんだ。$k$p$E通常,|でも、信じて欲しい。
記憶が無いのは本当なんだ。$k
$Wsフレデリク|$Wd$w0|$Wmクロム|7$w0|$Wsクロム|$Wa$SvpSE_VOICE_CHROM_EVT_7|$E笑,|町の人たちのために戦ってくれたんだ。
疑うものか、俺はお前を信じている。$k
$Wsusername|$Wd$w0|$Wmフレデリク|3$w0|$b注目,クロム,フレデリク|$b注目,フレデリク,クロム|$Wsフレデリク|$Wa$SvpSE_VOICE_FREDERIK_EVT_8|$E通常,|よろしいのですか？
完全には疑いは晴れていませんが…$k
$Wsクロム|$Wa$E通常,|$SvpSE_VOICE_CHROM_EVT_43|$E通常,|わかっている。だが$Nuの能力こそ、
俺が求めていたものだ。$k$p賊どもや他国がのさばって来ている現状、
有用な軍師はぜひとも欲しい。$k$pそれに俺は…共に戦ってくれた
$Nuを信じたい。$k
$b注目,クロム,プレイヤー女|$Wsフレデリク|$Wd$w0|$Wmusername|3$w0|$Wsusername|$Wa$SvpSE_VOICE_PLAYER_M#_EVT_13|…クロム…$k
$Wsクロム|$Wa$SvpSE_VOICE_CHROM_EVT_25|どうだ、$Nu。
俺たちと一緒に来ないか？$k$pお前の記憶が戻るまででいい。
俺たちに、力を貸してくれ。$k
$Wsusername|$Wa$SvpSE_VOICE_PLAYER_M#_EVT_16|$E笑,|うん。もちろんだ、クロム。$k","$t1$Wmusername|3$w0|$Wsusername|$Wa$SbpSTRM_BGM_EVT_SERIOUS1|0|$SvpSE_VOICE_PLAYER_M#_EVT_34|$E通常|Sonunda bitti...$k
$Wmリズ|7$w0|$Wsリズ|$Wa$SvpSE_VOICE_LIZ_EVT_15|$E笑|Kasabalılar da güvende. Çok şükür...$k$p$b向き,リズ,B|$E通常|Bu arada... $Nu,
gerçekten harikaydın!$k$p$E笑|Savaştan anlıyorsun, hem
kılıç hem büyü kullanıyorsun!$k
$Wsリズ|$Wd$w0|$Wmクロム|7$w0|$b注目,クロム,プレイヤー女|$b注目,フレデリク,プレイヤー女|$Wsクロム|$Wa$SvpSE_VOICE_CHROM_EVT_6|$E通常|Savaş konusunda gizli yeteneklerin var.
Sıradan bir kazazede değilsin.$k
$Wsクロム|$Wd$w0|$Wmフレデリク|7$w0|$Wsフレデリク|$Wa$SvpSE_VOICE_FREDERIK_EVT_6|$E怒|Hafıza kaybın konusunda kuşkularım daha
da arttı...$k
$Wsusername|$Wa$SvpSE_VOICE_PLAYER_M#_EVT_10|$E苦,汗|Şey... Ne desem? Hatırlamıyorum
işte.$k$pNeden bilmiyorum ama savaşırken ne
yapmam gerektiği aklıma geldi.$k$p$E通常|Ama inan bana. Hafızamı
cidden kaybettim.$k
$Wsフレデリク|$Wd$w0|$Wmクロム|7$w0|$Wsクロム|$Wa$SvpSE_VOICE_CHROM_EVT_7|$E笑|Kasabalılar için savaştın. Seni niye
kuşkulayayım? Sana güveniyorum.$k
$Wsusername|$Wd$w0|$Wmフレデリク|3$w0|$b注目,クロム,フレデリク|$b注目,フレデリク,クロム|$Wsフレデリク|$Wa$SvpSE_VOICE_FREDERIK_EVT_8|$E通常|Emin misiniz? Kuşkular tamamen
giderilmiş değil...$k
$Wsクロム|$Wa$E通常|$SvpSE_VOICE_CHROM_EVT_43|$E通常|$Nu, tam da aradığım yeteneklere
sahip.$k$pHaydutlar ve komşular azmışken,
iyi bir taktisyen şart.$k$p$Nu bizimle savaştı. Ona inanmak
istiyorum.$k
$b注目,クロム,プレイヤー女|$Wsフレデリク|$Wd$w0|$Wmusername|3$w0|$Wsusername|$Wa$SvpSE_VOICE_PLAYER_M#_EVT_13|...Chrom...$k
$Wsクロム|$Wa$SvpSE_VOICE_CHROM_EVT_25|Ne dersin, $Nu?
Bizimle gelir misin?$k$pHafızan dönene kadar bile
olsa gücünü bize ver.$k
$Wsusername|$Wa$SvpSE_VOICE_PLAYER_M#_EVT_16|$E笑|Tabii, Chrom.$k"
29,MID_P002_ED1_PCM3,,,,,"$t1$Wmusername|3$w0|$Wmリズ|7$w0|$Wsリズ|$Wa$SbpSTRM_BGM_EVT_SERIOUS1|0|$SvpSE_VOICE_LIZ_EVT_15|$E笑,|町の人たち、無事みたいだね。
良かったぁ…$k$p$b向き,リズ,B|$E通常,|ところでさ……
$Nuさんって、すごいんだ！$k$p$E笑,|戦いのことも詳しいし！
剣も魔法も使えるみたいだし！$k
$Wsリズ|$Wd$w0|$Wmクロム|7$w0|$b注目,クロム,プレイヤー女|$b注目,フレデリク,プレイヤー女|$Wsクロム|$Wa$SvpSE_VOICE_CHROM_EVT_6|$E通常,|戦いに関して、秘めるものがあるようだな。
ただの行き倒れではないということか。$k
$Wsクロム|$Wd$w0|$Wmフレデリク|7$w0|$Wsフレデリク|$Wa$SvpSE_VOICE_FREDERIK_EVT_6|$E怒,|本当に記憶喪失なのか、
ますますもって疑わしくなりましたが…$k
$Wsusername|$Wa$E苦,汗|……！$k
$Wsフレデリク|$Wd$w0|$Wmクロム|7$w0|$Wsクロム|$Wa$SvpSE_VOICE_CHROM_EVT_7|$E笑,|町の人たちのために戦ってくれたんだ。
疑うものか、俺はお前を信じている。$k
$Wsusername|$Wd$w0|$Wmフレデリク|3$w0|$b注目,クロム,フレデリク|$b注目,フレデリク,クロム|$Wsフレデリク|$Wa$SvpSE_VOICE_FREDERIK_EVT_8|$E通常,|よろしいのですか？
完全には疑いは晴れていませんが…$k
$Wsクロム|$Wa$E通常,|$SvpSE_VOICE_CHROM_EVT_43|$E通常,|わかっている。だが$Nuの能力こそ、
俺が求めていたものだ。$k$p賊どもや他国がのさばって来ている現状、
有用な軍師はぜひとも欲しい。$k$pそれに俺は…共に戦ってくれた
$Nuを信じたい。$k
$b注目,クロム,プレイヤー女|$Wsフレデリク|$Wd$w0|$Wmusername|3$w0|$Wsusername|$Wa……$k
$Wsクロム|$Wa$SvpSE_VOICE_CHROM_EVT_25|どうだ、$Nu。
俺たちと一緒に来ないか？$k$pお前の記憶が戻るまででいい。
俺たちに、力を貸してくれ。$k
$Wsusername|$Wa$E笑,|……！$k
","$t1$Wmusername|3$w0|$Wmリズ|7$w0|$Wsリズ|$Wa$SbpSTRM_BGM_EVT_SERIOUS1|0|$SvpSE_VOICE_LIZ_EVT_15|$E笑|Kasabalılar güvende. Çok şükür...$k$p$b向き,リズ,B|$E通常|Bu arada... $Nu,
gerçekten harikaydın!$k$p$E笑|Savaştan anlıyorsun; kılıç
ve büyü de kullanabiliyorsun!$k
$Wsリズ|$Wd$w0|$Wmクロム|7$w0|$b注目,クロム,プレイヤー女|$b注目,フレデリク,プレイヤー女|$Wsクロム|$Wa$SvpSE_VOICE_CHROM_EVT_6|$E通常|Savaş konusunda gizli yeteneklerin var.
Sıradan bir kazazede değilsin.$k
$Wsクロム|$Wd$w0|$Wmフレデリク|7$w0|$Wsフレデリク|$Wa$SvpSE_VOICE_FREDERIK_EVT_6|$E怒|Hafıza kaybın konusunda kuşkularım daha
da arttı...$k
$Wsusername|$Wa$E苦,汗|...!$k
$Wsフレデリク|$Wd$w0|$Wmクロム|7$w0|$Wsクロム|$Wa$SvpSE_VOICE_CHROM_EVT_7|$E笑|Kasabalılar için savaştın. Seni niye
kuşkulayayım? Sana güveniyorum.$k
$Wsusername|$Wd$w0|$Wmフレデリク|3$w0|$b注目,クロム,フレデリク|$b注目,フレデリク,クロム|$Wsフレデリク|$Wa$SvpSE_VOICE_FREDERIK_EVT_8|$E通常|Emin misiniz? Kuşkular tamamen
giderilmiş değil...$k
$Wsクロム|$Wa$E通常|$SvpSE_VOICE_CHROM_EVT_43|$E通常|$Nu, tam da aradığım yeteneklere
sahip.$k$pHaydutlar ve komşular azmışken,
iyi bir taktisyen şart.$k$p$Nu bizimle savaştı. Ona inanmak
istiyorum.$k
$b注目,クロム,プレイヤー女|$Wsフレデリク|$Wd$w0|$Wmusername|3$w0|$Wsusername|$Wa...$k
$Wsクロム|$Wa$SvpSE_VOICE_CHROM_EVT_25|Ne dersin, $Nu?
Bizimle gelir misin?$k$pHafızan dönene kadar bile
olsa gücünü bize ver.$k
$Wsusername|$Wa$E笑|...!$k
"
30,MID_P002_ED1_PCF1,"$t1$Wmusername|3$w0|$Wsusername|$Wa$SbpSTRM_BGM_EVT_SERIOUS1|0|$SvpSE_VOICE_PLAYER_F#_EVT_34|$E通常,|Bien, il semblerait qu'on en ait fini.$k
$Wmリズ|7$w0|$Wsリズ|$Wa$SvpSE_VOICE_LIZ_EVT_15|$E笑,|Heureusement pour les habitants, nous ne
passions pas trop loin du village.$k$p$b向き,リズ,B|Mais sérieusement, $Nu !
Tu as été $Gépoustouflant,époustouflante| !$k$p$E笑,|Passes d'arme, sortilèges... ET tactiques !$k$pEst-ce qu'il y a seulement quelque chose
que tu ne sais pas faire ?$k
$Wsリズ|$Wd$w0|$Wmクロム|7$w0|$b注目,クロム,プレイヤー女|$b注目,フレデリク,プレイヤー女|$Wsクロム|$Wa$SvpSE_VOICE_CHROM_EVT_6|$E通常,|Tu n'es clairement pas qu'$Gun,une| pauvre
$Gvoyageur,voyageuse| $Gramassé,ramassée| au bord du chemin...$k
$Wsクロム|$Wd$w0|$Wmフレデリク|7$w0|$Wsフレデリク|$Wa$SvpSE_VOICE_FREDERIK_EVT_6|$E怒,|En effet. Peut-être que vous pourriez enfin
expliquer comment vous êtes $Garrivé,arrivée| ici ?$k
$Wsusername|$Wa$SvpSE_VOICE_PLAYER_F#_EVT_10|$E苦,汗|Je comprends tes doutes, Frederick.$k$pMoi-même je ne sais pas pourquoi certains
souvenirs refont surface et pas d'autres.$k$p$E通常,|Mais je t'en prie, crois-moi.
Je vous ai dit tout ce que je savais.$k
$Wsフレデリク|$Wd$w0|$Wmクロム|7$w0|$Wsクロム|$Wa$SvpSE_VOICE_CHROM_EVT_7|$E笑,|Tu t'es $Gbattu,battue| pour sauver la vie de
plusieurs Ylissiens.$k$pMon cœur est conquis et me dit que c'est
suffisant.$k
$Wsusername|$Wd$w0|$Wmフレデリク|3$w0|$b注目,クロム,フレデリク|$b注目,フレデリク,クロム|$Wsフレデリク|$Wa$SvpSE_VOICE_FREDERIK_EVT_8|$E通常,|Qu'en est-il de votre raison, Monseigneur ?
Vous n'écouterez pas son conseil ?$k
$Wsクロム|$Wa$E通常,|$SvpSE_VOICE_CHROM_EVT_43|$E通常,|Frederick, les Veilleurs ont besoin du talent
de quelqu'un comme $Nu.$k$pNombreux sont les bandits et les voisins
malintentionnés qui lorgnent sur nos terres.$k$pTu souhaiterais vraiment que nous rejetions
un stratège si compétent ?$k$pMoi, je lui fais confiance, même si son
histoire peut paraître étrange.$k
$b注目,クロム,プレイヤー女|$Wsフレデリク|$Wd$w0|$Wmusername|3$w0|$Wsusername|$Wa$SvpSE_VOICE_PLAYER_F#_EVT_13|Euh, merci, Chrom.$k
$Wsクロム|$Wa$SvpSE_VOICE_CHROM_EVT_25|Qu'en penses-tu, $Nu ?
Tu veux te joindre à nous ?$k
$Wsusername|$Wa$SvpSE_VOICE_PLAYER_F#_EVT_16|$E笑,|J'en serais $Ghonoré,honorée|.$k","$t1$Wmusername|3$w0|$Wsusername|$Wa$SbpSTRM_BGM_EVT_SERIOUS1|0|$SvpSE_VOICE_PLAYER_F#_EVT_34|$E通常,|Nun, das wäre damit auch geschafft.$k
$Wmリズ|7$w0|$Wsリズ|$Wa$SvpSE_VOICE_LIZ_EVT_15|$E笑,|Zum Glück für die Stadt waren wir gerade in
der Nähe.$k$p$b向き,リズ,B|Aber alle Achtung, $Nu!
Du warst unglaublich!$k$p$E笑,|Schwerter, Magie UND Taktiken!
Gibt es irgendetwas, das du nicht kannst?$k
$Wsリズ|$Wd$w0|$Wmクロム|7$w0|$b注目,クロム,プレイヤー女|$b注目,フレデリク,プレイヤー女|$Wsクロム|$Wa$SvpSE_VOICE_CHROM_EVT_6|$E通常,|In dir steckt tatsächlich mehr, als man
auf den ersten Blick erwartet hätte.$k
$Wsクロム|$Wd$w0|$Wmフレデリク|7$w0|$Wsフレデリク|$Wa$SvpSE_VOICE_FREDERIK_EVT_6|$E怒,|Vielleicht würde Euch praktischerweise eine
Lebensgeschichte für uns einfallen? Hmmm?$k
$Wsusername|$Wa$SvpSE_VOICE_PLAYER_F#_EVT_10|$E苦,汗|Ich weiß, du denkst, dass ich dich belüge,
ehrenwerter Frederick.$k$pUnd ich kann ganz sicher nicht erklären,
warum mir nur manches wieder einfällt.$k$p$E通常,|Aber bitte, glaub mir. Ich habe dir alles
gesagt, was ich weiß.$k
$Wsフレデリク|$Wd$w0|$Wmクロム|7$w0|$Wsクロム|$Wa$SvpSE_VOICE_CHROM_EVT_7|$E笑,|Du hast ylisseanische Leben gerettet.
Meinem Herzen genügt das als Beweis.$k
$Wsusername|$Wd$w0|$Wmフレデリク|3$w0|$b注目,クロム,フレデリク|$b注目,フレデリク,クロム|$Wsフレデリク|$Wa$SvpSE_VOICE_FREDERIK_EVT_8|$E通常,|Und Euer Verstand, mein Herr?
Wie steht der zu alledem?$k
$Wsクロム|$Wa$E通常,|$SvpSE_VOICE_CHROM_EVT_43|$E通常,|Frederick, die Hirten brauchen eine,
$Gder,die| so fähig ist wie $Nu.$k$pSowohl Banditen als auch üble Nachbarn
trachten danach, unser Blut zu vergießen.$k$pSollte ich $Geinen,eine| so $Gfähigen Taktiker,fähige Taktikerin| wie $Gihn,sie|
einfach wieder fortschicken?$k$p...Wobei $Ger,sie| obendrein vielleicht noch
$Gein Freund,eine Freundin| sein kann?$k
$b注目,クロム,プレイヤー女|$Wsフレデリク|$Wd$w0|$Wmusername|3$w0|$Wsusername|$Wa$SvpSE_VOICE_PLAYER_F#_EVT_13|$GEin Freund,Eine Freundin|? Ich... danke dir vielmals.$k
$Wsクロム|$Wa$SvpSE_VOICE_CHROM_EVT_25|Würdest du dich uns anschließen,
$Nu?$k
$Wsusername|$Wa$SvpSE_VOICE_PLAYER_F#_EVT_16|$E笑,|Es wäre mir eine Ehre.$k
","$t1$Wmusername|3$w0|$Wsusername|$Wa$SbpSTRM_BGM_EVT_SERIOUS1|0|$SvpSE_VOICE_PLAYER_F#_EVT_34|$E通常,|Beh, direi che ce l'abbiamo fatta.$k
$Wmリズ|7$w0|$Wsリズ|$Wa$SvpSE_VOICE_LIZ_EVT_15|$E笑,|Per fortuna che passavamo di qui.$k$p$b向き,リズ,B|E tu, $Nu! Non ho parole!
Sei $Gstato fantastico,stata fantastica|!$k$p$E笑,|Spada, magia e strategia!
C'è per caso qualcosa che non sai fare?$k
$Wsリズ|$Wd$w0|$Wmクロム|7$w0|$b注目,クロム,プレイヤー女|$b注目,フレデリク,プレイヤー女|$Wsクロム|$Wa$SvpSE_VOICE_CHROM_EVT_6|$E通常,|Di certo non sei una vittima indifesa,
questo è poco ma sicuro.$k
$Wsクロム|$Wd$w0|$Wmフレデリク|7$w0|$Wsフレデリク|$Wa$SvpSE_VOICE_FREDERIK_EVT_6|$E怒,|Già. Forse riuscite anche a spiegarci
come siete arrivata qui?$k
$Wsusername|$Wa$SvpSE_VOICE_PLAYER_F#_EVT_10|$E苦,汗|Frederick, capisco il vostro scetticismo.$k$pPurtroppo non so spiegare come
mai io ricordi solo alcune cose.$k$p$E通常,|Ma vi prego di credermi.
Vi ho detto tutto quello che so.$k
$Wsフレデリク|$Wd$w0|$Wmクロム|7$w0|$Wsクロム|$Wa$SvpSE_VOICE_CHROM_EVT_7|$E笑,|Hai combattuto per salvare quegli ylissiani.
Il mio cuore mi dice che sei sincera.$k
$Wsusername|$Wd$w0|$Wmフレデリク|3$w0|$b注目,クロム,フレデリク|$b注目,フレデリク,クロム|$Wsフレデリク|$Wa$SvpSE_VOICE_FREDERIK_EVT_8|$E通常,|E la vostra ragione, mio signore?
Cosa vi dice?$k
$Wsクロム|$Wa$E通常,|$SvpSE_VOICE_CHROM_EVT_43|$E通常,|Frederick, i Pastori hanno bisogno di una
persona con il talento di $Nu.$k$pSia i briganti che i nostri vicini stanno
cercando di insanguinare la nostra terra.$k$pVuoi davvero che perda $Guno,una|
stratega così in gamba?$k$pE poi, io credo alla sua storia,
per quanto assurda.$k
$b注目,クロム,プレイヤー女|$Wsフレデリク|$Wd$w0|$Wmusername|3$w0|$Wsusername|$Wa$SvpSE_VOICE_PLAYER_F#_EVT_13|G-Grazie, Chrom.$k
$Wsクロム|$Wa$SvpSE_VOICE_CHROM_EVT_25|Dunque? Ti vuoi unire
a noi, $Nu?$k
$Wsusername|$Wa$SvpSE_VOICE_PLAYER_F#_EVT_16|$E笑,|Sarebbe un onore per me.$k","$t1$Wmusername|3$w0|$Wsusername|$Wa$SbpSTRM_BGM_EVT_SERIOUS1|0|$SvpSE_VOICE_PLAYER_F#_EVT_34|$E通常,|Muy bien, se acabó.$k
$Wmリズ|7$w0|$Wsリズ|$Wa$SvpSE_VOICE_LIZ_EVT_15|$E笑,|Esta gente ha tenido suerte de que
estuviéramos cerca.$k$p$b向き,リズ,B|¡Y qué pasada, $Nu! ¡Has estado
increíble! ¿Hay algo que no sepas hacer?$k$p$E笑,|¡Dominas las artes de la espada, la magia y
la estrategia!$k
$Wsリズ|$Wd$w0|$Wmクロム|7$w0|$b注目,クロム,プレイヤー女|$b注目,フレデリク,プレイヤー女|$Wsクロム|$Wa$SvpSE_VOICE_CHROM_EVT_6|$E通常,|Bueno, al menos está claro que no eres
ninguna víctima indefensa.$k
$Wsクロム|$Wd$w0|$Wmフレデリク|7$w0|$Wsフレデリク|$Wa$SvpSE_VOICE_FREDERIK_EVT_6|$E怒,|Desde luego. Y ya que sabes tanto, podrías
explicarnos cómo has acabado aquí, ¿no?$k
$Wsusername|$Wa$SvpSE_VOICE_PLAYER_F#_EVT_10|$E苦,汗|Comprendo vuestro escepticismo,
mi señor Frederick.$k$pY sigo sin poder explicar cómo es que solo
recuerdo algunas cosas.$k$p$E通常,|Pero tenéis que creerme.
He dicho todo lo que sé.$k
$Wsフレデリク|$Wd$w0|$Wmクロム|7$w0|$Wsクロム|$Wa$SvpSE_VOICE_CHROM_EVT_7|$E笑,|Has salvado vidas ylissenses y el corazón
me dice que con eso basta.$k
$Wsusername|$Wd$w0|$Wmフレデリク|3$w0|$b注目,クロム,フレデリク|$b注目,フレデリク,クロム|$Wsフレデリク|$Wa$SvpSE_VOICE_FREDERIK_EVT_8|$E通常,|¿Y qué os dicta el cerebro, mi señor?
¿No pensáis prestarle atención también?$k
$Wsクロム|$Wa$E通常,|$SvpSE_VOICE_CHROM_EVT_43|$E通常,|Frederick, los Custodios necesitamos a
alguien con la destreza de $Nu.$k$pHay bandidos y países vecinos que intentan
teñir nuestras tierras de sangre.$k$p¿De verdad quieres dejar escapar a una
estratega tan capaz?$k$pAdemás, creo en su historia, por rara que
pueda parecer...$k
$b注目,クロム,プレイヤー女|$Wsフレデリク|$Wd$w0|$Wmusername|3$w0|$Wsusername|$Wa$SvpSE_VOICE_PLAYER_F#_EVT_13|G-gracias, Chrom...$k
$Wsクロム|$Wa$SvpSE_VOICE_CHROM_EVT_25|Bueno, ¿qué me dices? ¿Vienes con
nosotros, $Nu?$k
$Wsusername|$Wa$SvpSE_VOICE_PLAYER_F#_EVT_16|$E笑,|Será un honor.$k","$t1$Wmusername|3$w0|$Wsusername|$Wa$SbpSTRM_BGM_EVT_SERIOUS1|0|$SvpSE_VOICE_PLAYER_F#_EVT_34|$E通常,|Well, that's the end of that.$k
$Wmリズ|7$w0|$Wsリズ|$Wa$SvpSE_VOICE_LIZ_EVT_15|$E笑,|Lucky for the town we were close by.$k$p$b向き,リズ,B|But holy wow, $Nu!
You were incredible!$k$p$E笑,|Swords, sorcery, AND strategy!
Is there anything you can't do?$k
$Wsリズ|$Wd$w0|$Wmクロム|7$w0|$b注目,クロム,プレイヤー女|$b注目,フレデリク,プレイヤー女|$Wsクロム|$Wa$SvpSE_VOICE_CHROM_EVT_6|$E通常,|You're certainly no helpless victim,
that much is for sure.$k
$Wsクロム|$Wd$w0|$Wmフレデリク|7$w0|$Wsフレデリク|$Wa$SvpSE_VOICE_FREDERIK_EVT_6|$E怒,|Indeed. Perhaps you might even be capable
of an explanation for how you came here?$k
$Wsusername|$Wa$SvpSE_VOICE_PLAYER_F#_EVT_10|$E苦,汗|I understand your scepticism,
Sir Frederick.$k$pAnd I cannot explain why just some
knowledge has returned to me.$k$p$E通常,|But please, believe me.
I have shared all that I know.$k
$Wsフレデリク|$Wd$w0|$Wmクロム|7$w0|$Wsクロム|$Wa$SvpSE_VOICE_CHROM_EVT_7|$E笑,|You fought to save Ylissean lives.
My heart says that's enough.$k
$Wsusername|$Wd$w0|$Wmフレデリク|3$w0|$b注目,クロム,フレデリク|$b注目,フレデリク,クロム|$Wsフレデリク|$Wa$SvpSE_VOICE_FREDERIK_EVT_8|$E通常,|And your mind, milord?
Will you not heed its counsel as well?$k
$Wsクロム|$Wa$E通常,|$SvpSE_VOICE_CHROM_EVT_43|$E通常,|Frederick, the Shepherds could use
someone with $Nu's talents.$k$pWe've brigands and unruly neighbours,
all looking to bloody our soil.$k$pWould you really have us lose
such an able tactician?$k$pBesides, I believe $Ghis,her| story,
odd as it might be.$k
$b注目,クロム,プレイヤー女|$Wsフレデリク|$Wd$w0|$Wmusername|3$w0|$Wsusername|$Wa$SvpSE_VOICE_PLAYER_F#_EVT_13|Th-thank you, Chrom.$k
$Wsクロム|$Wa$SvpSE_VOICE_CHROM_EVT_25|So how about it?
Will you join us, $Nu?$k
$Wsusername|$Wa$SvpSE_VOICE_PLAYER_F#_EVT_16|$E笑,|I would be honoured.$k
","$t1$Wmusername|3$w0|$Wsusername|$Wa$SbpSTRM_BGM_EVT_SERIOUS1|0|$SvpSE_VOICE_PLAYER_F#_EVT_34|$E通常|Eh, bu da bitti.$k
$Wmリズ|7$w0|$Wsリズ|$Wa$SvpSE_VOICE_LIZ_EVT_15|$E笑|Kasabaya yakın olmamız büyük şans.$k$p$b向き,リズ,B|Ama
vay canına, $Nu! Müthiştin!$k$p$E笑|Kılıç, büyü ve strateji!
Yapamadığın bir şey var mı?$k
$Wsリズ|$Wd$w0|$Wmクロム|7$w0|$b注目,クロム,プレイヤー女|$b注目,フレデリク,プレイヤー女|$Wsクロム|$Wa$SvpSE_VOICE_CHROM_EVT_6|$E通常|Kesin olan şu: çaresiz biri değilsin.$k
$Wsクロム|$Wd$w0|$Wmフレデリク|7$w0|$Wsフレデリク|$Wa$SvpSE_VOICE_FREDERIK_EVT_6|$E怒|Öyle. Belki buraya nasıl geldiğini de
açıklayabilirsin?$k
$Wsusername|$Wa$SvpSE_VOICE_PLAYER_F#_EVT_10|$E苦,汗|Kuşkularınızı anlıyorum, Sör
Frederick.$k$pNeden yalnız bazı bilgilerimin geri
döndüğünü ben de açıklayamıyorum.$k$p$E通常|Ama lütfen inanın.
Bildiğim her şeyi söyledim.$k
$Wsフレデリク|$Wd$w0|$Wmクロム|7$w0|$Wsクロム|$Wa$SvpSE_VOICE_CHROM_EVT_7|$E笑|Ylisse halkını kurtarmak için savaştın.
Bana bu yeter.$k
$Wsusername|$Wd$w0|$Wmフレデリク|3$w0|$b注目,クロム,フレデリク|$b注目,フレデリク,クロム|$Wsフレデリク|$Wa$SvpSE_VOICE_FREDERIK_EVT_8|$E通常|Ya aklınız, efendim? Onun öğüdünü de
dinlemeyecek misiniz?$k
$Wsクロム|$Wa$E通常|$SvpSE_VOICE_CHROM_EVT_43|$E通常|Frederick, Çobanların $Nu gibi
yetenekli birine ihtiyacı var.$k$pHaydutlar ve başıbozuk komşular
toprağımızı kana bulamak istiyor.$k$pBöyle yetenekli bir taktisyeni
gerçekten geri mi çevirelim?$k$pÜstelik ne kadar tuhaf olsa
da hikâyesine inanıyorum.$k
$b注目,クロム,プレイヤー女|$Wsフレデリク|$Wd$w0|$Wmusername|3$w0|$Wsusername|$Wa$SvpSE_VOICE_PLAYER_F#_EVT_13|T-teşekkürler, Chrom.$k
$Wsクロム|$Wa$SvpSE_VOICE_CHROM_EVT_25|Ne dersin, $Nu? Bize katılır mısın?$k
$Wsusername|$Wa$SvpSE_VOICE_PLAYER_F#_EVT_16|$E笑|Memnuniyetle.$k
"
31,MID_P002_ED1_PCF2,,,,,"$t1$Wmusername|3$w0|$Wsusername|$Wa$SbpSTRM_BGM_EVT_SERIOUS1|0|$SvpSE_VOICE_PLAYER_F#_EVT_34|$E通常,|なんとか終わりましたね…$k
$Wmリズ|7$w0|$Wsリズ|$Wa$SvpSE_VOICE_LIZ_EVT_15|$E笑,|町の人たち、無事みたいだね。
良かったぁ…$k$p$b向き,リズ,B|$E通常,|ところでさ……
$Nuさんって、すごいんだ！$k$p$E笑,|戦いのことも詳しいし、
剣も魔法も使えるみたいだし！$k
$Wsリズ|$Wd$w0|$Wmクロム|7$w0|$b注目,クロム,プレイヤー女|$b注目,フレデリク,プレイヤー女|$Wsクロム|$Wa$SvpSE_VOICE_CHROM_EVT_6|$E通常,|戦いに関して、秘めるものがあるようだな。
ただの行き倒れではないということか。$k
$Wsクロム|$Wd$w0|$Wmフレデリク|7$w0|$Wsフレデリク|$Wa$SvpSE_VOICE_FREDERIK_EVT_6|$E怒,|本当に記憶喪失なのか、
ますますもって疑わしくなりましたが…$k
$Wsusername|$Wa$SvpSE_VOICE_PLAYER_F#_EVT_10|$E苦,汗|えっと…どうしてでしょう？$k$pその……戦っているうちに、
戦い方が頭に浮かんできたんです。$k$p$E通常,|でも信じてください。
記憶が無いのは本当なんです…$k
$Wsフレデリク|$Wd$w0|$Wmクロム|7$w0|$Wsクロム|$Wa$SvpSE_VOICE_CHROM_EVT_7|$E笑,|町の人たちのために戦ってくれたんだ。
疑うものか、俺はお前を信じている。$k
$Wsusername|$Wd$w0|$Wmフレデリク|3$w0|$b注目,クロム,フレデリク|$b注目,フレデリク,クロム|$Wsフレデリク|$Wa$SvpSE_VOICE_FREDERIK_EVT_8|$E通常,|よろしいのですか？
完全には疑いは晴れていませんが…$k
$Wsクロム|$Wa$E通常,|$SvpSE_VOICE_CHROM_EVT_43|$E通常,|わかっている。だが$Nuの能力こそ、
俺が求めていたものだ。$k$p賊どもや他国がのさばって来ている現状、
有用な軍師はぜひとも欲しい。$k$pそれに俺は…共に戦ってくれた
$Nuを信じたい。$k
$b注目,クロム,プレイヤー女|$Wsフレデリク|$Wd$w0|$Wmusername|3$w0|$Wsusername|$Wa$SvpSE_VOICE_PLAYER_F#_EVT_31|…クロムさん…$k
$Wsクロム|$Wa$SvpSE_VOICE_CHROM_EVT_25|どうだ、$Nu。
俺たちと一緒に来ないか？$k$pお前の記憶が戻るまででいい。
俺たちに、力を貸してくれ。$k
$Wsusername|$Wa$SvpSE_VOICE_PLAYER_F#_EVT_16|$E笑,|ええ、もちろんです。クロムさん。$k
","$t1$Wmusername|3$w0|$Wsusername|$Wa$SbpSTRM_BGM_EVT_SERIOUS1|0|$SvpSE_VOICE_PLAYER_F#_EVT_34|$E通常|Sonunda bitti...$k
$Wmリズ|7$w0|$Wsリズ|$Wa$SvpSE_VOICE_LIZ_EVT_15|$E笑|Kasabalılar da güvende. Çok şükür...$k$p$b向き,リズ,B|$E通常|Bu arada... $Nu,
gerçekten harikaydın!$k$p$E笑|Savaştan anlıyorsun, hem
kılıç hem büyü kullanıyorsun!$k
$Wsリズ|$Wd$w0|$Wmクロム|7$w0|$b注目,クロム,プレイヤー女|$b注目,フレデリク,プレイヤー女|$Wsクロム|$Wa$SvpSE_VOICE_CHROM_EVT_6|$E通常|Savaş konusunda gizli yeteneklerin var.
Sıradan bir kazazede değilsin.$k
$Wsクロム|$Wd$w0|$Wmフレデリク|7$w0|$Wsフレデリク|$Wa$SvpSE_VOICE_FREDERIK_EVT_6|$E怒|Hafıza kaybın konusunda kuşkularım daha
da arttı...$k
$Wsusername|$Wa$SvpSE_VOICE_PLAYER_F#_EVT_10|$E苦,汗|Şey... Nedenini ben de bilmiyorum.$k$pSavaşırken ne yapmam
gerektiği birden aklıma geldi.$k$p$E通常|Ama lütfen inanın. Hafızamı
cidden kaybettim...$k
$Wsフレデリク|$Wd$w0|$Wmクロム|7$w0|$Wsクロム|$Wa$SvpSE_VOICE_CHROM_EVT_7|$E笑|Kasabalılar için savaştın. Seni niye
kuşkulayayım? Sana güveniyorum.$k
$Wsusername|$Wd$w0|$Wmフレデリク|3$w0|$b注目,クロム,フレデリク|$b注目,フレデリク,クロム|$Wsフレデリク|$Wa$SvpSE_VOICE_FREDERIK_EVT_8|$E通常|Emin misiniz? Kuşkular tamamen
giderilmiş değil...$k
$Wsクロム|$Wa$E通常|$SvpSE_VOICE_CHROM_EVT_43|$E通常|$Nu, tam da aradığım yeteneklere
sahip.$k$pHaydutlar ve komşular azmışken,
iyi bir taktisyen şart.$k$p$Nu bizimle savaştı. Ona inanmak
istiyorum.$k
$b注目,クロム,プレイヤー女|$Wsフレデリク|$Wd$w0|$Wmusername|3$w0|$Wsusername|$Wa$SvpSE_VOICE_PLAYER_F#_EVT_31|...Chrom...$k
$Wsクロム|$Wa$SvpSE_VOICE_CHROM_EVT_25|Ne dersin, $Nu?
Bizimle gelir misin?$k$pHafızan dönene kadar bile
olsa gücünü bize ver.$k
$Wsusername|$Wa$SvpSE_VOICE_PLAYER_F#_EVT_16|$E笑|Elbette, Chrom.$k
"
32,MID_P002_ED1_PCF3,,,,,"$t1$Wmusername|3$w0|$Wmリズ|7$w0|$Wsリズ|$Wa$SbpSTRM_BGM_EVT_SERIOUS1|0|$SvpSE_VOICE_LIZ_EVT_15|$E笑,|町の人たち、無事みたいだね。
良かったぁ…$k$p$b向き,リズ,B|$E通常,|ところでさ……
$Nuさんって、すごいんだ！$k$p$E笑,|戦いのことも詳しいし！
剣も魔法も使えるみたいだし！$k
$Wsリズ|$Wd$w0|$Wmクロム|7$w0|$b注目,クロム,プレイヤー女|$b注目,フレデリク,プレイヤー女|$Wsクロム|$Wa$SvpSE_VOICE_CHROM_EVT_6|$E通常,|戦いに関して、秘めるものがあるようだな。
ただの行き倒れではないということか。$k
$Wsクロム|$Wd$w0|$Wmフレデリク|7$w0|$Wsフレデリク|$Wa$SvpSE_VOICE_FREDERIK_EVT_6|$E怒,|本当に記憶喪失なのか、
ますますもって疑わしくなりましたが…$k
$Wsusername|$Wa$E苦,汗|……！$k
$Wsフレデリク|$Wd$w0|$Wmクロム|7$w0|$Wsクロム|$Wa$SvpSE_VOICE_CHROM_EVT_7|$E笑,|町の人たちのために戦ってくれたんだ。
疑うものか、俺はお前を信じている。$k
$Wsusername|$Wd$w0|$Wmフレデリク|3$w0|$b注目,クロム,フレデリク|$b注目,フレデリク,クロム|$Wsフレデリク|$Wa$SvpSE_VOICE_FREDERIK_EVT_8|$E通常,|よろしいのですか？
完全には疑いは晴れていませんが…$k
$Wsクロム|$Wa$E通常,|$SvpSE_VOICE_CHROM_EVT_43|$E通常,|わかっている。だが$Nuの能力こそ、
俺が求めていたものだ。$k$p賊どもや他国がのさばって来ている現状、
有用な軍師はぜひとも欲しい。$k$pそれに俺は…共に戦ってくれた
$Nuを信じたい。$k
$b注目,クロム,プレイヤー女|$Wsフレデリク|$Wd$w0|$Wmusername|3$w0|$Wsusername|$Wa……$k
$Wsクロム|$Wa$SvpSE_VOICE_CHROM_EVT_25|どうだ、$Nu。
俺たちと一緒に来ないか？$k$pお前の記憶が戻るまででいい。
俺たちに、力を貸してくれ。$k
$Wsusername|$Wa$E笑,|……！$k
","$t1$Wmusername|3$w0|$Wmリズ|7$w0|$Wsリズ|$Wa$SbpSTRM_BGM_EVT_SERIOUS1|0|$SvpSE_VOICE_LIZ_EVT_15|$E笑|Kasabalılar güvende. Çok şükür...$k$p$b向き,リズ,B|$E通常|Bu arada... $Nu,
gerçekten harikaydın!$k$p$E笑|Savaştan anlıyorsun; kılıç
ve büyü de kullanabiliyorsun!$k
$Wsリズ|$Wd$w0|$Wmクロム|7$w0|$b注目,クロム,プレイヤー女|$b注目,フレデリク,プレイヤー女|$Wsクロム|$Wa$SvpSE_VOICE_CHROM_EVT_6|$E通常|Savaş konusunda gizli yeteneklerin var.
Sıradan bir kazazede değilsin.$k
$Wsクロム|$Wd$w0|$Wmフレデリク|7$w0|$Wsフレデリク|$Wa$SvpSE_VOICE_FREDERIK_EVT_6|$E怒|Hafıza kaybın konusunda kuşkularım daha
da arttı...$k
$Wsusername|$Wa$E苦,汗|...!$k
$Wsフレデリク|$Wd$w0|$Wmクロム|7$w0|$Wsクロム|$Wa$SvpSE_VOICE_CHROM_EVT_7|$E笑|Kasabalılar için savaştın. Seni niye
kuşkulayayım? Sana güveniyorum.$k
$Wsusername|$Wd$w0|$Wmフレデリク|3$w0|$b注目,クロム,フレデリク|$b注目,フレデリク,クロム|$Wsフレデリク|$Wa$SvpSE_VOICE_FREDERIK_EVT_8|$E通常|Emin misiniz? Kuşkular tamamen
giderilmiş değil...$k
$Wsクロム|$Wa$E通常|$SvpSE_VOICE_CHROM_EVT_43|$E通常|$Nu, tam da aradığım yeteneklere
sahip.$k$pHaydutlar ve komşular azmışken,
iyi bir taktisyen şart.$k$p$Nu bizimle savaştı. Ona inanmak
istiyorum.$k
$b注目,クロム,プレイヤー女|$Wsフレデリク|$Wd$w0|$Wmusername|3$w0|$Wsusername|$Wa...$k
$Wsクロム|$Wa$SvpSE_VOICE_CHROM_EVT_25|Ne dersin, $Nu?
Bizimle gelir misin?$k$pHafızan dönene kadar bile
olsa gücünü bize ver.$k
$Wsusername|$Wa$E笑|...!$k
"
33,MID_P002_ED2_0_PCM1,"$t1$Wmフレデリク|3$w0|$Wsフレデリク|$Wa$SvpSE_VOICE_FREDERIK_EVT_25|$b動作,フレデリク,FreGe3|$b動作,フレデリク,FreRe|$E通常,|Ces bandits avaient un accent plégien.
L'avez-vous remarqué, Monseigneur ?$k
$Wmusername|3$w0|$b向き,プレイヤー,C|$b動作,プレイヤー,WalkTurn|$Wsusername|$Wa$SvpSE_VOICE_PLAYER_M#_EVT_5|Plégien ? Qu'est-ce que c'est que ça ?$k","$t1$Wmフレデリク|3$w0|$Wsフレデリク|$Wa$SvpSE_VOICE_FREDERIK_EVT_25|$b動作,フレデリク,FreGe3|$b動作,フレデリク,FreRe|$E通常,|Diese Banditen hatten einen plegianischen
Akzent.$k
$Wmusername|3$w0|$b向き,プレイヤー,C|$b動作,プレイヤー,WalkTurn|$Wsusername|$Wa$SvpSE_VOICE_PLAYER_M#_EVT_5|Plegianisch? Was ist das?$k","$t1$Wmフレデリク|3$w0|$Wsフレデリク|$Wa$SvpSE_VOICE_FREDERIK_EVT_25|$b動作,フレデリク,FreGe3|$b動作,フレデリク,FreRe|$E通常,|Avete sentito, mio signore?
Quei briganti avevano un accento plegiano.$k
$Wmusername|3$w0|$b向き,プレイヤー,C|$b動作,プレイヤー,WalkTurn|$Wsusername|$Wa$SvpSE_VOICE_PLAYER_M#_EVT_5|Plegiano?$k","$t1$Wmフレデリク|3$w0|$Wsフレデリク|$Wa$SvpSE_VOICE_FREDERIK_EVT_25|$b動作,フレデリク,FreGe3|$b動作,フレデリク,FreRe|$E通常,|¿Os habéis percatado, mi señor? ¡Esos
bandidos tenían acento de Plegia!$k
$Wmusername|3$w0|$b向き,プレイヤー,C|$b動作,プレイヤー,WalkTurn|$Wsusername|$Wa$SvpSE_VOICE_PLAYER_M#_EVT_5|¿""Plegia""? ¿Eso qué es?$k","$t1$Wmフレデリク|3$w0|$Wsフレデリク|$Wa$SvpSE_VOICE_FREDERIK_EVT_25|$b動作,フレデリク,FreGe3|$b動作,フレデリク,FreRe|$E通常,|Did you notice, milord?
The brigands spoke with a Plegian accent.$k
$Wmusername|3$w0|$b向き,プレイヤー,C|$b動作,プレイヤー,WalkTurn|$Wsusername|$Wa$SvpSE_VOICE_PLAYER_M#_EVT_5|Plegian? What's that?$k","$t1$Wmフレデリク|3$w0|$Wsフレデリク|$Wa$SvpSE_VOICE_FREDERIK_EVT_25|$b動作,フレデリク,FreGe3|$b動作,フレデリク,FreRe|$E通常|Fark ettiniz mi, efendim? Haydutların
Plegia aksanı vardı.$k
$Wmusername|3$w0|$b向き,プレイヤー,C|$b動作,プレイヤー,WalkTurn|$Wsusername|$Wa$SvpSE_VOICE_PLAYER_M#_EVT_5|Plegia mı? O da ne?$k"
34,MID_P002_ED2_0_PCM2,,,,,"$t1$Wmフレデリク|3$w0|$Wsフレデリク|$Wa$SvpSE_VOICE_FREDERIK_EVT_25|$b動作,フレデリク,FreGe3|$b動作,フレデリク,FreRe|$E通常,|…この山賊たちは、
隣国ペレジアから流れてきたようですね。$k
$Wmusername|3$w0|$b向き,プレイヤー,C|$b動作,プレイヤー,WalkTurn|$Wsusername|$Wa$SvpSE_VOICE_PLAYER_M#_EVT_5|ペレジア？$k","$t1$Wmフレデリク|3$w0|$Wsフレデリク|$Wa$SvpSE_VOICE_FREDERIK_EVT_25|$b動作,フレデリク,FreGe3|$b動作,フレデリク,FreRe|$E通常|Fark ettiniz mi, efendim? Haydutların
Plegia aksanı vardı.$k
$Wmusername|3$w0|$b向き,プレイヤー,C|$b動作,プレイヤー,WalkTurn|$Wsusername|$Wa$SvpSE_VOICE_PLAYER_M#_EVT_5|Plegia mı? O da ne?$k"
35,MID_P002_ED2_0_PCM3,,,,,"$t1$Wmフレデリク|3$w0|$Wsフレデリク|$Wa$SvpSE_VOICE_FREDERIK_EVT_25|$b動作,フレデリク,FreGe3|$b動作,フレデリク,FreRe|$E通常,|…この山賊たちは、
隣国ペレジアから流れてきたようですね。$k
$Wmusername|3$w0|$Wsusername|$Wa$b向き,プレイヤー,C|$b動作,プレイヤー,WalkTurn|……？$k","$t1$Wmフレデリク|3$w0|$Wsフレデリク|$Wa$SvpSE_VOICE_FREDERIK_EVT_25|$b動作,フレデリク,FreGe3|$b動作,フレデリク,FreRe|$E通常|Fark ettiniz mi, efendim? Haydutların
Plegia aksanı vardı.$k
$Wmusername|3$w0|$Wsusername|$Wa$b向き,プレイヤー,C|$b動作,プレイヤー,WalkTurn|...?$k"
36,MID_P002_ED2_0_PCF1,"$t1$Wmフレデリク|3$w0|$Wsフレデリク|$Wa$SvpSE_VOICE_FREDERIK_EVT_25|$b動作,フレデリク,FreGe3|$b動作,フレデリク,FreRe|$E通常,|Ces bandits avaient un accent plégien.
L'avez-vous remarqué, Monseigneur ?$k
$Wmusername|3$w0|$b向き,プレイヤー,C|$b動作,プレイヤー,WalkTurn|$Wsusername|$Wa$SvpSE_VOICE_PLAYER_F#_EVT_5|Plégien ? Qu'est-ce que c'est que ça ?$k","$t1$Wmフレデリク|3$w0|$Wsフレデリク|$Wa$SvpSE_VOICE_FREDERIK_EVT_25|$b動作,フレデリク,FreGe3|$b動作,フレデリク,FreRe|$E通常,|Diese Banditen hatten einen plegianischen
Akzent.$k
$Wmusername|3$w0|$b向き,プレイヤー,C|$b動作,プレイヤー,WalkTurn|$Wsusername|$Wa$SvpSE_VOICE_PLAYER_F#_EVT_5|Plegianisch? Was ist das?$k","$t1$Wmフレデリク|3$w0|$Wsフレデリク|$Wa$SvpSE_VOICE_FREDERIK_EVT_25|$b動作,フレデリク,FreGe3|$b動作,フレデリク,FreRe|$E通常,|Avete sentito, mio signore?
Quei briganti avevano un accento plegiano.$k
$Wmusername|3$w0|$b向き,プレイヤー,C|$b動作,プレイヤー,WalkTurn|$Wsusername|$Wa$SvpSE_VOICE_PLAYER_F#_EVT_5|Plegiano?$k","$t1$Wmフレデリク|3$w0|$Wsフレデリク|$Wa$SvpSE_VOICE_FREDERIK_EVT_25|$b動作,フレデリク,FreGe3|$b動作,フレデリク,FreRe|$E通常,|¿Os habéis percatado, mi señor? ¡Esos
bandidos tenían acento de Plegia!$k
$Wmusername|3$w0|$b向き,プレイヤー,C|$b動作,プレイヤー,WalkTurn|$Wsusername|$Wa$SvpSE_VOICE_PLAYER_F#_EVT_5|¿""Plegia""? ¿Eso qué es?$k","$t1$Wmフレデリク|3$w0|$Wsフレデリク|$Wa$SvpSE_VOICE_FREDERIK_EVT_25|$b動作,フレデリク,FreGe3|$b動作,フレデリク,FreRe|$E通常,|Did you notice, milord?
The brigands spoke with a Plegian accent.$k
$Wmusername|3$w0|$b向き,プレイヤー,C|$b動作,プレイヤー,WalkTurn|$Wsusername|$Wa$SvpSE_VOICE_PLAYER_F#_EVT_5|Plegian? What's that?$k","$t1$Wmフレデリク|3$w0|$Wsフレデリク|$Wa$SvpSE_VOICE_FREDERIK_EVT_25|$b動作,フレデリク,FreGe3|$b動作,フレデリク,FreRe|$E通常|Fark ettiniz mi, efendim? Haydutların
Plegia aksanı vardı.$k
$Wmusername|3$w0|$b向き,プレイヤー,C|$b動作,プレイヤー,WalkTurn|$Wsusername|$Wa$SvpSE_VOICE_PLAYER_F#_EVT_5|Plegia mı? O da ne?$k"
37,MID_P002_ED2_0_PCF2,,,,,"$t1$Wmフレデリク|3$w0|$Wsフレデリク|$Wa$SvpSE_VOICE_FREDERIK_EVT_25|$b動作,フレデリク,FreGe3|$b動作,フレデリク,FreRe|$E通常,|…この山賊たちは、
隣国ペレジアから流れてきたようですね。$k
$Wmusername|3$w0|$b向き,プレイヤー,C|$b動作,プレイヤー,WalkTurn|$Wsusername|$Wa$SvpSE_VOICE_PLAYER_F#_EVT_5|ペレジア？$k","$t1$Wmフレデリク|3$w0|$Wsフレデリク|$Wa$SvpSE_VOICE_FREDERIK_EVT_25|$b動作,フレデリク,FreGe3|$b動作,フレデリク,FreRe|$E通常|Fark ettiniz mi, efendim? Haydutların
Plegia aksanı vardı.$k
$Wmusername|3$w0|$b向き,プレイヤー,C|$b動作,プレイヤー,WalkTurn|$Wsusername|$Wa$SvpSE_VOICE_PLAYER_F#_EVT_5|Plegia mı? O da ne?$k"
38,MID_P002_ED2_0_PCF3,,,,,"$t1$Wmフレデリク|3$w0|$Wsフレデリク|$Wa$SvpSE_VOICE_FREDERIK_EVT_25|$b動作,フレデリク,FreGe3|$b動作,フレデリク,FreRe|$E通常,|…この山賊たちは、
隣国ペレジアから流れてきたようですね。$k
$Wmusername|3$w0|$b向き,プレイヤー,C|$b動作,プレイヤー,WalkTurn|$Wsusername|$Wa……？$k","$t1$Wmフレデリク|3$w0|$Wsフレデリク|$Wa$SvpSE_VOICE_FREDERIK_EVT_25|$b動作,フレデリク,FreGe3|$b動作,フレデリク,FreRe|$E通常|Fark ettiniz mi, efendim? Haydutların
Plegia aksanı vardı.$k
$Wmusername|3$w0|$b向き,プレイヤー,C|$b動作,プレイヤー,WalkTurn|$Wsusername|$Wa...?$k"
39,MID_P002_ED2,"$t1$Wmクロム|3$w0|$Wsクロム|$Wa$b向き,クロム,B|$b動作,クロム,WalkTurn|$b動作,クロム,Ge2|$SvpSE_VOICE_CHROM_EVT_7|Plegia est le royaume situé à l'ouest
d'Ylisse.$k$pDepuis peu, ils tentent de déclencher une
guerre à travers des incursions répétées.$k
$Wmリズ|3$w0|$Wsリズ|$Wa$b動作,リズ,RizLookOver|$b動作,リズ,RizRe|$SvpSE_VOICE_LIZ_EVT_26|$E苦,汗|Et ce sont toujours les gens simples
et les plus démunis qui en paient le prix !$k$pAlors qu'ils sont innocents et sans défense !$k
$Wmフレデリク|3$w0|$Wsフレデリク|$Wa$b動作,フレデリク,FreGe3|$b動作,フレデリク,FreRe|$b向き,クロム,C|$b動作,クロム,WalkTurn|$Sbv0|5000|$SvpSE_VOICE_FREDERIK_EVT_9|Mais nous sommes là pour les protéger,
Dame Lissa. Les Veilleurs veillent.$k$pNe laissez pas la colère vous submerger,
votre discernement en souffrirait.$k
$Wmリズ|3$w0|$Wsリズ|$WaJe sais, je sais, mais...$k$p$b動作,リズ,RizAc12|$b動作,リズ,RizRe|$SvpSE_VOICE_LIZ_EVT_20|$E笑,|Peu importe... Peut-être qu'un jour,
je m'y habituerai...$k
$Sbs500|$Wm村人男|3$w0|$w500|$SbpSTRM_BGM_EVT_HEIWA1_2|50|$Ws村人男|$Wa$b向き,フレデリク,G|$b動作,フレデリク,WalkTurn|$b動作,フレデリク,FreRe|$b向き,プレイヤー,C|$b動作,プレイヤー,WalkTurn|$b動作,プレイヤー,Re|$SvpSE_VOICE_VIRREGER2_EVT_8|Monseigneur, je vous en prie ! Laissez-nous
vous offrir l'hospitalité pour la nuit.$k$pNous ne sommes que de pauvres gens, mais
nous tenons à tout prix à vous remercier.$k
$Ws村人男|$Wd$w0|$Wmフレデリク|3$w0|$Wsフレデリク|$Wa$b注目,クロム,フレデリク|$b動作,フレデリク,FreGe1|$b動作,フレデリク,FreRe|$b向き,リズ,C|$b動作,リズ,WalkTurn|$b動作,リズ,RizRe|$SvpSE_VOICE_FREDERIK_EVT_27|$E笑,|Votre offre est généreuse, Monsieur, et
votre hospitalité plus qu'appréciable.$k$pMais j'ai bien peur que nous ne devions
nous hâter vers Ylisstol.$k
$Wsフレデリク|$Wd$w0|$Wmリズ|3$w0|$w0|$Wsリズ|$Wa$SvjSE_VOICE_LIZ_EVT_9|$b動作,リズ,Ac1|$b動作,リズ,RizRe|$E笑,|Pour moi de la viande rouge uniquement,
à point, et pas trop de sel dans la soupe...$k$p$SveSE_VOICE_LIZ_EVT_9|$E苦,汗|Quoi ?! Attends, on ne reste pas ?$k$p$E困る,|Mais Frederick, la nuit va bientôt tomber !$k
$Wsリズ|$Wd$w0|$Wmフレデリク|3$w0|$b向き,フレデリク,D|$b動作,フレデリク,WalkTurn|$b動作,フレデリク,FreRe|$Wsフレデリク|$Wa$SvpSE_VOICE_FREDERIK_EVT_10|$E笑,|Quand elle tombera, nous camperons.$k$pNous vivrons de la terre, ferons des lits
avec des branches...$k$pVous m'aviez dit que vous vouliez
vous y habituer, n'est-ce pas ?$k
$Wsフレデリク|$Wd$w0|$Wmリズ|3$w0|$Wsリズ|$Wa$b動作,リズ,ReShock2|$b動作,リズ,RizRe|$b向き,プレイヤー,D|$b動作,プレイヤー,WalkTurn|$E苦,汗|$SvpSE_VOICE_LIZ_EVT_10|$b画面揺れ回数,0.5, 2|Frederick !!! Parfois je te déteste !$k","$t1$Wmクロム|3$w0|$Wsクロム|$Wa$b向き,クロム,B|$b動作,クロム,WalkTurn|$b動作,クロム,Ge2|$SvpSE_VOICE_CHROM_EVT_7|Plegia ist Ylisses Nachbar im Westen.$k$pSie versuchen bereits seit geraumer Zeit,
durch Übergriffe einen Krieg anzuzetteln.$k
$Wmリズ|3$w0|$Wsリズ|$Wa$b動作,リズ,RizLookOver|$b動作,リズ,RizRe|$SvpSE_VOICE_LIZ_EVT_26|$E苦,汗|Und unsere Bürger müssen darunter leiden!
Als ob die was dafür könnten!$k
$Wmフレデリク|3$w0|$Wsフレデリク|$Wa$b動作,フレデリク,FreGe3|$b動作,フレデリク,FreRe|$b向き,クロム,C|$b動作,クロム,WalkTurn|$Sbv0|5000|$SvpSE_VOICE_FREDERIK_EVT_9|Aber sie haben doch uns, Herrin.
Wir sind die Hirten, die die Schafe hüten.$k$pLasst Euch nicht von Wut übermannen.
Sie wird Euer Urteilsvermögen trüben.$k
$Wmリズ|3$w0|$Wsリズ|$WaOh, ich weiß, aber...$k$p$b動作,リズ,RizAc12|$b動作,リズ,RizRe|$SvpSE_VOICE_LIZ_EVT_20|$E笑,|Mach dir keine Sorgen. Ich werde mich
an all das hier gewöhnen.$k
$Sbs500|$Wm村人男|3$w0|$w500|$SbpSTRM_BGM_EVT_HEIWA1_2|50|$Ws村人男|$Wa$b向き,フレデリク,G|$b動作,フレデリク,WalkTurn|$b動作,フレデリク,FreRe|$b向き,プレイヤー,C|$b動作,プレイヤー,WalkTurn|$b動作,プレイヤー,Re|$SvpSE_VOICE_VIRREGER2_EVT_8|Herr, bitte! Ihr müsst über Nacht bleiben!$k$pWir sind nur arme Leute, doch möchten wir
Euch für Euren Mut irgendwie danken.$k
$Ws村人男|$Wd$w0|$Wmフレデリク|3$w0|$Wsフレデリク|$Wa$b注目,クロム,フレデリク|$b動作,フレデリク,FreGe1|$b動作,フレデリク,FreRe|$b向き,リズ,C|$b動作,リズ,WalkTurn|$b動作,リズ,RizRe|$SvpSE_VOICE_FREDERIK_EVT_27|$E笑,|Das ist ein gütiges Angebot, Herr, und Ihr
wärt sicher ein guter Gastgeber...$k$pAber ich befürchte, wir müssen so schnell
wie möglich nach Ylisstol zurück.$k
$Wsフレデリク|$Wd$w0|$Wmリズ|3$w0|$w0|$Wsリズ|$Wa$SvjSE_VOICE_LIZ_EVT_9|$b動作,リズ,Ac1|$b動作,リズ,RizRe|$E苦,汗|Sehr gut. Ich will ein Doppelbett und zwei
Keulen vom...$k$p$SveSE_VOICE_LIZ_EVT_9|WAAAS?!? Wir bleiben nicht?!?$k$p$E通常,|Aber Frederick, es ist schon fast dunkel!$k
$Wsリズ|$Wd$w0|$Wmフレデリク|3$w0|$b向き,フレデリク,D|$b動作,フレデリク,WalkTurn|$b動作,フレデリク,FreRe|$Wsフレデリク|$Wa$SvpSE_VOICE_FREDERIK_EVT_10|$E笑,|Dann kampieren wir, essen wilde Tiere,
schlafen auf Zweigen und so weiter.$k$pIch dachte, Ihr wolltet Euch daran
gewöhnen?$k
$Wsフレデリク|$Wd$w0|$Wmリズ|3$w0|$Wsリズ|$Wa$b動作,リズ,ReShock2|$b動作,リズ,RizRe|$b向き,プレイヤー,D|$b動作,プレイヤー,WalkTurn|$E苦,汗|$SvpSE_VOICE_LIZ_EVT_10|$b画面揺れ回数,0.5, 2|Frederick? Manchmal hasse ich dich.$k","$t1$Wmクロム|3$w0|$Wsクロム|$Wa$b向き,クロム,B|$b動作,クロム,WalkTurn|$b動作,クロム,Ge2|$SvpSE_VOICE_CHROM_EVT_7|La Plegia si trova a ovest dell'Ylisse.$k$pDa un po' di tempo cercano di provocare
una guerra con le loro razzie e incursioni.$k
$Wmリズ|3$w0|$Wsリズ|$Wa$b動作,リズ,RizLookOver|$b動作,リズ,RizRe|$SvpSE_VOICE_LIZ_EVT_26|$E苦,汗|E sono i poveri cittadini a patire!
Non possono neanche difendersi...$k
$Wmフレデリク|3$w0|$Wsフレデリク|$Wa$b動作,フレデリク,FreGe3|$b動作,フレデリク,FreRe|$b向き,クロム,C|$b動作,クロム,WalkTurn|$Sbv0|5000|$SvpSE_VOICE_FREDERIK_EVT_9|Ma ci siamo noi, mia signora.
I Pastori che proteggono il loro gregge.$k$pNon fatevi prendere dalla rabbia,
o offuscherà il vostro giudizio.$k
$Wmリズ|3$w0|$Wsリズ|$WaBeh sì, lo so...$k$p$b動作,リズ,RizAc12|$b動作,リズ,RizRe|$SvpSE_VOICE_LIZ_EVT_20|$E笑,|Tranquillo. Ci si abitua a tutto.$k
$Sbs500|$Wm村人男|3$w0|$w500|$SbpSTRM_BGM_EVT_HEIWA1_2|50|$Ws村人男|$Wa$b向き,フレデリク,G|$b動作,フレデリク,WalkTurn|$b動作,フレデリク,FreRe|$b向き,プレイヤー,C|$b動作,プレイヤー,WalkTurn|$b動作,プレイヤー,Re|$SvpSE_VOICE_VIRREGER2_EVT_8|Miei signori, vi prego di accettare
la mia ospitalità per la notte!$k$pSiamo solo semplici cittadini, ma vorremmo
ringraziarvi con un lauto banchetto.$k
$Ws村人男|$Wd$w0|$Wmフレデリク|3$w0|$Wsフレデリク|$Wa$b注目,クロム,フレデリク|$b動作,フレデリク,FreGe1|$b動作,フレデリク,FreRe|$b向き,リズ,C|$b動作,リズ,WalkTurn|$b動作,リズ,RizRe|$SvpSE_VOICE_FREDERIK_EVT_27|$E笑,|È un'offerta molto gentile, signore,
ci piacerebbe davvero accettare...$k$pPurtroppo dobbiamo dirigerci
a Ylisstol senza indugiare oltre.$k
$Wsフレデリク|$Wd$w0|$Wmリズ|3$w0|$w0|$Wsリズ|$Wa$SvjSE_VOICE_LIZ_EVT_9|$b動作,リズ,Ac1|$b動作,リズ,RizRe|$E笑,|Allora, per me solo carne rossa, ben cotta,
e niente sale nella zuppa. E poi...$k$p$SveSE_VOICE_LIZ_EVT_9|$E苦,汗|Ehi, cosa? Non rimaniamo?!$k$p$E困る,|Ma... Frederick, è già praticamente buio!$k
$Wsリズ|$Wd$w0|$Wmフレデリク|3$w0|$b向き,フレデリク,D|$b動作,フレデリク,WalkTurn|$b動作,フレデリク,FreRe|$Wsフレデリク|$Wa$SvpSE_VOICE_FREDERIK_EVT_10|$E笑,|Ci accamperemo per la notte. Mangeremo
selvaggina e dormiremo su un giaciglio.$k$pNon avevate detto che ci si abitua a tutto?$k
$Wsフレデリク|$Wd$w0|$Wmリズ|3$w0|$Wsリズ|$Wa$b動作,リズ,ReShock2|$b動作,リズ,RizRe|$b向き,プレイヤー,D|$b動作,プレイヤー,WalkTurn|$E苦,汗|$SvpSE_VOICE_LIZ_EVT_10|$b画面揺れ回数,0.5, 2|Frederick, sappi che a volte ti odio.$k","$t1$Wmクロム|3$w0|$Wsクロム|$Wa$b向き,クロム,B|$b動作,クロム,WalkTurn|$b動作,クロム,Ge2|$SvpSE_VOICE_CHROM_EVT_7|Plegia es el país que limita al oeste con
Ylisse. Envía bandidos a nuestro reino.$k$pCon estas pequeñas incursiones, pretenden
provocar una guerra.$k
$Wmリズ|3$w0|$Wsリズ|$Wa$b動作,リズ,RizLookOver|$b動作,リズ,RizRe|$SvpSE_VOICE_LIZ_EVT_26|$E苦,汗|¡Y los aldeanos sufren por ello! ¡Canallas!
¡Si son inocentes y están indefensos!...$k
$Wmフレデリク|3$w0|$Wsフレデリク|$Wa$b動作,フレデリク,FreGe3|$b動作,フレデリク,FreRe|$b向き,クロム,C|$b動作,クロム,WalkTurn|$Sbv0|5000|$SvpSE_VOICE_FREDERIK_EVT_9|Nos tienen a nosotros, mi señora:
Custodios que protegen al pueblo.$k$pNo os dejéis llevar por la rabia, eso no hará
más que nublar vuestro juicio.$k
$Wmリズ|3$w0|$Wsリズ|$WaLo sé, pero...$k$p$b動作,リズ,RizAc12|$b動作,リズ,RizRe|$SvpSE_VOICE_LIZ_EVT_20|$E笑,|Tranquilo. Me acabaré acostumbrando a
todo esto...$k
$Sbs500|$Wm村人男|3$w0|$w500|$SbpSTRM_BGM_EVT_HEIWA1_2|50|$Ws村人男|$Wa$b向き,フレデリク,G|$b動作,フレデリク,WalkTurn|$b動作,フレデリク,FreRe|$b向き,プレイヤー,C|$b動作,プレイヤー,WalkTurn|$b動作,プレイヤー,Re|$SvpSE_VOICE_VIRREGER2_EVT_8|¡Os lo ruego, mi señor! ¡Quedaos a pasar
aquí la noche!$k$pEl nuestro es un pueblo pobre y no tenemos
los medios suficientes...$k$ppero nos honraríais brindando por vuestro
valor en la fiesta que vamos a preparar.$k
$Ws村人男|$Wd$w0|$Wmフレデリク|3$w0|$Wsフレデリク|$Wa$b注目,クロム,フレデリク|$b動作,フレデリク,FreGe1|$b動作,フレデリク,FreRe|$b向き,リズ,C|$b動作,リズ,WalkTurn|$b動作,リズ,RizRe|$SvpSE_VOICE_FREDERIK_EVT_27|$E笑,|Muy amable, señor. No me cabe duda de
que vuestra hospitalidad sería exquisita.$k$pPero me temo que debemos regresar a
Ylisstol cuanto antes.$k
$Wsフレデリク|$Wd$w0|$Wmリズ|3$w0|$w0|$Wsリズ|$Wa$SvjSE_VOICE_LIZ_EVT_9|$b動作,リズ,Ac1|$b動作,リズ,RizRe|$E笑,|¡Vale! Para mí, solo carne roja en su punto.
¡Ah! Y la sopa sin sal, por favor. Creo que...$k$p$SveSE_VOICE_LIZ_EVT_9|$E苦,汗|Espera... ¡¿QUÉ?!
¡¿No nos vamos a quedar?!$k$p$E困る,|¡Si la noche está al caer, Frederick!$k
$Wsリズ|$Wd$w0|$Wmフレデリク|3$w0|$b向き,フレデリク,D|$b動作,フレデリク,WalkTurn|$b動作,フレデリク,FreRe|$Wsフレデリク|$Wa$SvpSE_VOICE_FREDERIK_EVT_10|$E笑,|Cuando cae la noche, se acampa. Ya sabéis:
cazar, dormir al raso... Ese tipo de cosas.$k$p¿Acaso no habéis dicho que os
acostumbraríais a todo esto, mi señora?$k
$Wsフレデリク|$Wd$w0|$Wmリズ|3$w0|$Wsリズ|$Wa$b動作,リズ,ReShock2|$b動作,リズ,RizRe|$b向き,プレイヤー,D|$b動作,プレイヤー,WalkTurn|$E苦,汗|$SvpSE_VOICE_LIZ_EVT_10|$b画面揺れ回数,0.5, 2|A veces no hay quien te aguante, Frederick.$k","$t1$Wmクロム|3$w0|$Wsクロム|$Wa$b向き,クロム,B|$b動作,クロム,WalkTurn|$b動作,クロム,Ge2|$SvpSE_VOICE_CHROM_EVT_7|Plegia is Ylisse's westerly neighbour.$k$pThey send small bands into our territory,
hoping to instigate a war.$k
$Wmリズ|3$w0|$Wsリズ|$Wa$b動作,リズ,RizLookOver|$b動作,リズ,RizRe|$SvpSE_VOICE_LIZ_EVT_26|$E苦,汗|And it's the poor townsfolk who suffer!
Totally innocent, and totally helpless...$k
$Wmフレデリク|3$w0|$Wsフレデリク|$Wa$b動作,フレデリク,FreGe3|$b動作,フレデリク,FreRe|$b向き,クロム,C|$b動作,クロム,WalkTurn|$Sbv0|5000|$SvpSE_VOICE_FREDERIK_EVT_9|They do have us, milady:
Shepherds to protect the sheep.$k$pDo not be swept up in your anger.
It will cloud your judgement.$k
$Wmリズ|3$w0|$Wsリズ|$WaI know, I know...$k$p$b動作,リズ,RizAc12|$b動作,リズ,RizRe|$SvpSE_VOICE_LIZ_EVT_20|$E笑,|Don't worry. I'll get used to all this.$k
$Sbs500|$Wm村人男|3$w0|$w500|$SbpSTRM_BGM_EVT_HEIWA1_2|50|$Ws村人男|$Wa$b向き,フレデリク,G|$b動作,フレデリク,WalkTurn|$b動作,フレデリク,FreRe|$b向き,プレイヤー,C|$b動作,プレイヤー,WalkTurn|$b動作,プレイヤー,Re|$SvpSE_VOICE_VIRREGER2_EVT_8|Milord, please! You must stay the night!$k$pWe are simple folk of simple means, but we
would gladly toast your valour with a feast!$k
$Ws村人男|$Wd$w0|$Wmフレデリク|3$w0|$Wsフレデリク|$Wa$b注目,クロム,フレデリク|$b動作,フレデリク,FreGe1|$b動作,フレデリク,FreRe|$b向き,リズ,C|$b動作,リズ,WalkTurn|$b動作,リズ,RizRe|$SvpSE_VOICE_FREDERIK_EVT_27|$E笑,|A most generous offer, sir, and no
doubt your hospitality would be grand...$k$pBut I'm afraid we must hurry back
to Ylisstol.$k
$Wsフレデリク|$Wd$w0|$Wmリズ|3$w0|$w0|$Wsリズ|$Wa$SvjSE_VOICE_LIZ_EVT_9|$b動作,リズ,Ac1|$b動作,リズ,RizRe|$E笑,|Dark meat only for me, medium well,
and no salt in the soup. I simply―$k$p$SveSE_VOICE_LIZ_EVT_9|$E苦,汗|Wait, what?! We're not staying?!$k$p$E困る,|But, Frederick, it's nearly dark!$k
$Wsリズ|$Wd$w0|$Wmフレデリク|3$w0|$b向き,フレデリク,D|$b動作,フレデリク,WalkTurn|$b動作,フレデリク,FreRe|$Wsフレデリク|$Wa$SvpSE_VOICE_FREDERIK_EVT_10|$E笑,|When night falls, we'll camp. Eat off the
land, make our bed of twigs and the like...$k$pI believe you mentioned you would be
""getting used to this""?$k
$Wsフレデリク|$Wd$w0|$Wmリズ|3$w0|$Wsリズ|$Wa$b動作,リズ,ReShock2|$b動作,リズ,RizRe|$b向き,プレイヤー,D|$b動作,プレイヤー,WalkTurn|$E苦,汗|$SvpSE_VOICE_LIZ_EVT_10|$b画面揺れ回数,0.5, 2|Frederick? Sometimes I hate you.$k","$t1$Wmクロム|3$w0|$Wsクロム|$Wa$b向き,クロム,B|$b動作,クロム,WalkTurn|$b動作,クロム,Ge2|$SvpSE_VOICE_CHROM_EVT_7|Plegia, Ylisse'nin batıdaki komşusudur.$k$pBir savaş başlatmayı umarak bölgemize
küçük gruplar gönderiyorlar.$k
$Wmリズ|3$w0|$Wsリズ|$Wa$b動作,リズ,RizLookOver|$b動作,リズ,RizRe|$SvpSE_VOICE_LIZ_EVT_26|$E苦,汗|Ve acı çekenler zavallı kasaba
halkı! Tamamen masum ve tamamen çaresiz...$k
$Wmフレデリク|3$w0|$Wsフレデリク|$Wa$b動作,フレデリク,FreGe3|$b動作,フレデリク,FreRe|$b向き,クロム,C|$b動作,クロム,WalkTurn|$Sbv0|5000|$SvpSE_VOICE_FREDERIK_EVT_9|Biz varız leydim:
Koyunları koruyacak çobanlar.$k$pÖfkenize kapılmayın.
Kararınızı bulanıklaştıracaktır.$k
$Wmリズ|3$w0|$Wsリズ|$WaBiliyorum, biliyorum...$k$p$b動作,リズ,RizAc12|$b動作,リズ,RizRe|$SvpSE_VOICE_LIZ_EVT_20|$E笑|Merak etme. Bütün bunlara alışacağım.$k
$Sbs500|$Wm村人男|3$w0|$w500|$SbpSTRM_BGM_EVT_HEIWA1_2|50|$Ws村人男|$Wa$b向き,フレデリク,G|$b動作,フレデリク,WalkTurn|$b動作,フレデリク,FreRe|$b向き,プレイヤー,C|$b動作,プレイヤー,WalkTurn|$b動作,プレイヤー,Re|$SvpSE_VOICE_VIRREGER2_EVT_8|Efendim, lütfen! Bu gece burada
kalmalısın!$k$pBiz basit insanlarız, imkânımız da az; ama
cesaretinize ziyafetle kadeh kaldırırız!$k
$Ws村人男|$Wd$w0|$Wmフレデリク|3$w0|$Wsフレデリク|$Wa$b注目,クロム,フレデリク|$b動作,フレデリク,FreGe1|$b動作,フレデリク,FreRe|$b向き,リズ,C|$b動作,リズ,WalkTurn|$b動作,リズ,RizRe|$SvpSE_VOICE_FREDERIK_EVT_27|$E笑|Cömert teklif efendim. Misafirperverliğinizin
şahane olacağına şüphem yok...$k$pAma korkarım aceleyle Ylisstol'a
dönmemiz gerekiyor.$k
$Wsフレデリク|$Wd$w0|$Wmリズ|3$w0|$w0|$Wsリズ|$Wa$SvjSE_VOICE_LIZ_EVT_9|$b動作,リズ,Ac1|$b動作,リズ,RizRe|$E笑|Sadece benim için koyu renkli et, orta
boyda ve çorbada tuz yok. Ben sadece...$k$p$SveSE_VOICE_LIZ_EVT_9|$E苦,汗|Bekle, ne? Kalmayacak mıyız?$k$p$E困る|Ama Frederick, hava neredeyse karanlık!$k
$Wsリズ|$Wd$w0|$Wmフレデリク|3$w0|$b向き,フレデリク,D|$b動作,フレデリク,WalkTurn|$b動作,フレデリク,FreRe|$Wsフレデリク|$Wa$SvpSE_VOICE_FREDERIK_EVT_10|$E笑|Gece olduğunda kamp kuracağız. Topraktan
yiyin, dallardan yatağımızı falan yapın...$k$pSanırım ""buna
alışacağını"" söylemiştin?$k
$Wsフレデリク|$Wd$w0|$Wmリズ|3$w0|$Wsリズ|$Wa$b動作,リズ,ReShock2|$b動作,リズ,RizRe|$b向き,プレイヤー,D|$b動作,プレイヤー,WalkTurn|$E苦,汗|$SvpSE_VOICE_LIZ_EVT_10|$b画面揺れ回数,0.5, 2|Frederic mi? Bazen senden nefret ediyorum.$k"
40,MID_P002_ED2_2_PCM1,"$t1$Wmusername|3$w0|$Wsusername|$Wa$b動作,プレイヤー女,Ge2|$b注目,プレイヤー女,リズ|$SvpSE_VOICE_PLAYER_M#_EVT_11|$E苦,汗|Votre second est plutôt strict, Chrom.$k
$Wsusername|$Wd$w0|$Wmリズ|3$w0|$Wsリズ|$Wa$b動作,リズ,Ge4|$b動作,リズ,RizRe|$b向き,クロム,B|$b動作,クロム,WalkTurn|$b注目,クロム,リズ|$E苦,汗|$SvpSE_VOICE_LIZ_EVT_18|Pff ! « Strict », c'est plutôt gentil...
J'ai quelques autres mots en tête !$k
$Wsリズ|$Wd$w0|$Wmクロム|3$w0|$Wsクロム|$Wa$b注目,リズ,クロム|$b動作,クロム,Ac5|$SvpSE_VOICE_CHROM_EVT_11|$E通常,|Frederick ne sourit que lorsqu'il est sur
le point d'abattre sa hache.$k
$Wsクロム|$Wd$w0|$Wmusername|3$w0|$Wsusername|$Wa$b動作,プレイヤー女,Ge2|$SvpSE_VOICE_PLAYER_M#_EVT_15|$E怒,|C'est noté.$k
$Wsusername|$Wd$w0|$Wmフレデリク|3$w0|$Wsフレデリク|$Wa$b向き,クロム,C|$b動作,クロム,WalkTurn|$b注目,リズ,フレデリク|$b動作,フレデリク,FreGe3|$b動作,フレデリク,FreRe|$b注目,フレデリク,クロム|$SvjSE_VOICE_FREDERIK_EVT_13|$SveSE_VOICE_FREDERIK_EVT_19|$E通常,|Ahem. Vous vous rendez compte que je
suis toujours là ?$k
$Wsフレデリク|$Wd$w0|$Wmクロム|3$w0|$Wsクロム|$Wa$b動作,クロム,Ge2|$E笑,|$SvjSE_VOICE_CHROM_EVT_10|$SveSE_VOICE_CHROM_EVT_13|Oui, oui, on sait.$k
$Wsクロム|$Wd$w0|$Wmusername|3$w0|$Wsusername|$Wa$b動作,プレイヤー女,Ge5|$b動作,プレイヤー女,Re|$b注目,プレイヤー女,フレデリク|$SvpSE_VOICE_PLAYER_M#_EVT_17|$E笑,|Hé hé.$k","$t1$Wmusername|3$w0|$Wsusername|$Wa$b動作,プレイヤー女,Ge2|$b注目,プレイヤー女,リズ|$SvpSE_VOICE_PLAYER_M#_EVT_11|$E苦,汗|Du hast einen ziemlich ernsten
Untergebenen.$k
$Wsusername|$Wd$w0|$Wmリズ|3$w0|$Wsリズ|$Wa$b動作,リズ,Ge4|$b動作,リズ,RizRe|$b向き,クロム,B|$b動作,クロム,WalkTurn|$b注目,クロム,リズ|$E苦,汗|$SvpSE_VOICE_LIZ_EVT_18|Er sollte besser ein paar Gänse jagen und
mir ein flauschiges Kissen machen! Hmpf...$k
$Wsリズ|$Wd$w0|$Wmクロム|3$w0|$Wsクロム|$Wa$b注目,リズ,クロム|$b動作,クロム,Ac5|$SvpSE_VOICE_CHROM_EVT_11|$E通常,|Frederick lächelt nur, wenn er kurz davor
ist, jemanden mit der Lanze aufzuspießen.$k
$Wsクロム|$Wd$w0|$Wmusername|3$w0|$Wsusername|$Wa$b動作,プレイヤー女,Ge2|$SvpSE_VOICE_PLAYER_M#_EVT_15|$E怒,|Zur Kenntnis genommen.$k
$Wsusername|$Wd$w0|$Wmフレデリク|3$w0|$Wsフレデリク|$Wa$b向き,クロム,C|$b動作,クロム,WalkTurn|$b注目,リズ,フレデリク|$b動作,フレデリク,FreGe3|$b動作,フレデリク,FreRe|$b注目,フレデリク,クロム|$SvjSE_VOICE_FREDERIK_EVT_13|$SveSE_VOICE_FREDERIK_EVT_19|$E通常,|Ich stehe genau hier, falls es jemandem
entgangen sein sollte.$k
$Wsフレデリク|$Wd$w0|$Wmクロム|3$w0|$Wsクロム|$Wa$b動作,クロム,Ge2|$E笑,|$SvjSE_VOICE_CHROM_EVT_10|$SveSE_VOICE_CHROM_EVT_13|Oh, das ist uns nicht entgangen.$k
$Wsクロム|$Wd$w0|$Wmusername|3$w0|$Wsusername|$Wa$b動作,プレイヤー女,Ge5|$b動作,プレイヤー女,Re|$b注目,プレイヤー女,フレデリク|$SvpSE_VOICE_PLAYER_M#_EVT_17|$E笑,|Hahaha.$k","$t1$Wmusername|3$w0|$Wsusername|$Wa$b動作,プレイヤー女,Ge2|$b注目,プレイヤー女,リズ|$SvpSE_VOICE_PLAYER_M#_EVT_11|$E苦,汗|Avete un luogotenente molto severo.$k
$Wsusername|$Wd$w0|$Wmリズ|3$w0|$Wsリズ|$Wa$b動作,リズ,Ge4|$b動作,リズ,RizRe|$b向き,クロム,B|$b動作,クロム,WalkTurn|$b注目,クロム,リズ|$E苦,汗|$SvpSE_VOICE_LIZ_EVT_18|Sì, beh, ""severo"" è uno dei tanti modi in
cui si potrebbe chiamarlo. Ah ah!$k
$Wsリズ|$Wd$w0|$Wmクロム|3$w0|$Wsクロム|$Wa$b注目,リズ,クロム|$b動作,クロム,Ac5|$SvpSE_VOICE_CHROM_EVT_11|$E通常,|Frederick sorride solo quando
ha la lancia in mano.$k
$Wsクロム|$Wd$w0|$Wmusername|3$w0|$Wsusername|$Wa$b動作,プレイヤー女,Ge2|$SvpSE_VOICE_PLAYER_M#_EVT_15|$E怒,|Farò meglio a ricordarmelo.$k
$Wsusername|$Wd$w0|$Wmフレデリク|3$w0|$Wsフレデリク|$Wa$b向き,クロム,C|$b動作,クロム,WalkTurn|$b注目,リズ,フレデリク|$b動作,フレデリク,FreGe3|$b動作,フレデリク,FreRe|$b注目,フレデリク,クロム|$SvjSE_VOICE_FREDERIK_EVT_13|$SveSE_VOICE_FREDERIK_EVT_19|$E通常,|Aehm. Sappiate che vi sento.$k
$Wsフレデリク|$Wd$w0|$Wmクロム|3$w0|$Wsクロム|$Wa$b動作,クロム,Ge2|$E笑,|$SvjSE_VOICE_CHROM_EVT_10|$SveSE_VOICE_CHROM_EVT_13|Oh, sì, lo sappiamo.$k
$Wsクロム|$Wd$w0|$Wmusername|3$w0|$Wsusername|$Wa$b動作,プレイヤー女,Ge5|$b動作,プレイヤー女,Re|$b注目,プレイヤー女,フレデリク|$SvpSE_VOICE_PLAYER_M#_EVT_17|$E笑,|Eh eh.$k","$t1$Wmusername|3$w0|$Wsusername|$Wa$b動作,プレイヤー女,Ge2|$b注目,プレイヤー女,リズ|$SvpSE_VOICE_PLAYER_M#_EVT_11|$E苦,汗|Sí que es severo vuestro lugarteniente...$k
$Wsusername|$Wd$w0|$Wmリズ|3$w0|$Wsリズ|$Wa$b動作,リズ,Ge4|$b動作,リズ,RizRe|$b向き,クロム,B|$b動作,クロム,WalkTurn|$b注目,クロム,リズ|$E苦,汗|$SvpSE_VOICE_LIZ_EVT_18|Sí, bueno... Llámalo ""severo""; a mí se me
ocurren unos cuantos calificativos más.$k
$Wsリズ|$Wd$w0|$Wmクロム|3$w0|$Wsクロム|$Wa$b注目,リズ,クロム|$b動作,クロム,Ac5|$SvpSE_VOICE_CHROM_EVT_11|$E通常,|Frederick solo sonríe cuando está a punto
de propinarle un hachazo a alguien.$k
$Wsクロム|$Wd$w0|$Wmusername|3$w0|$Wsusername|$Wa$b動作,プレイヤー女,Ge2|$SvpSE_VOICE_PLAYER_M#_EVT_15|$E怒,|Tomo nota.$k
$Wsusername|$Wd$w0|$Wmフレデリク|3$w0|$Wsフレデリク|$Wa$b向き,クロム,C|$b動作,クロム,WalkTurn|$b注目,リズ,フレデリク|$b動作,フレデリク,FreGe3|$b動作,フレデリク,FreRe|$b注目,フレデリク,クロム|$SvjSE_VOICE_FREDERIK_EVT_13|$SveSE_VOICE_FREDERIK_EVT_19|$E通常,|Ejem... Os recuerdo que SIGO aquí.$k
$Wsフレデリク|$Wd$w0|$Wmクロム|3$w0|$Wsクロム|$Wa$b動作,クロム,Ge2|$E笑,|$SvjSE_VOICE_CHROM_EVT_10|$SveSE_VOICE_CHROM_EVT_13|Oh, nos hemos dado cuenta, tranquilo.$k
$Wsクロム|$Wd$w0|$Wmusername|3$w0|$Wsusername|$Wa$b動作,プレイヤー女,Ge5|$b動作,プレイヤー女,Re|$b注目,プレイヤー女,フレデリク|$SvpSE_VOICE_PLAYER_M#_EVT_17|$E笑,|¡Je, je, je!...$k","$t1$Wmusername|3$w0|$Wsusername|$Wa$b動作,プレイヤー女,Ge2|$b注目,プレイヤー女,リズ|$SvpSE_VOICE_PLAYER_M#_EVT_11|$E苦,汗|You've quite the stern lieutenant there.$k
$Wsusername|$Wd$w0|$Wmリズ|3$w0|$Wsリズ|$Wa$b動作,リズ,Ge4|$b動作,リズ,RizRe|$b向き,クロム,B|$b動作,クロム,WalkTurn|$b注目,クロム,リズ|$E苦,汗|$SvpSE_VOICE_LIZ_EVT_18|Yeah, well, ""stern"" is one name for it.
I can think of a few others!$k
$Wsリズ|$Wd$w0|$Wmクロム|3$w0|$Wsクロム|$Wa$b注目,リズ,クロム|$b動作,クロム,Ac5|$SvpSE_VOICE_CHROM_EVT_11|$E通常,|Frederick only smiles when he's
about to bring down the axe.$k
$Wsクロム|$Wd$w0|$Wmusername|3$w0|$Wsusername|$Wa$b動作,プレイヤー女,Ge2|$SvpSE_VOICE_PLAYER_M#_EVT_15|$E怒,|Duly noted.$k
$Wsusername|$Wd$w0|$Wmフレデリク|3$w0|$Wsフレデリク|$Wa$b向き,クロム,C|$b動作,クロム,WalkTurn|$b注目,リズ,フレデリク|$b動作,フレデリク,FreGe3|$b動作,フレデリク,FreRe|$b注目,フレデリク,クロム|$SvjSE_VOICE_FREDERIK_EVT_13|$SveSE_VOICE_FREDERIK_EVT_19|$E通常,|*ahem* You do realise I AM still present?$k
$Wsフレデリク|$Wd$w0|$Wmクロム|3$w0|$Wsクロム|$Wa$b動作,クロム,Ge2|$E笑,|$SvjSE_VOICE_CHROM_EVT_10|$SveSE_VOICE_CHROM_EVT_13|Oh, we realise.$k
$Wsクロム|$Wd$w0|$Wmusername|3$w0|$Wsusername|$Wa$b動作,プレイヤー女,Ge5|$b動作,プレイヤー女,Re|$b注目,プレイヤー女,フレデリク|$SvpSE_VOICE_PLAYER_M#_EVT_17|$E笑,|Heh heh.$k","$t1$Wmusername|3$w0|$Wsusername|$Wa$b動作,プレイヤー女,Ge2|$b注目,プレイヤー女,リズ|$SvpSE_VOICE_PLAYER_M#_EVT_11|$E苦,汗|Oldukça sert bir yardımcın var.$k
$Wsusername|$Wd$w0|$Wmリズ|3$w0|$Wsリズ|$Wa$b動作,リズ,Ge4|$b動作,リズ,RizRe|$b向き,クロム,B|$b動作,クロム,WalkTurn|$b注目,クロム,リズ|$E苦,汗|$SvpSE_VOICE_LIZ_EVT_18|Evet, “sert” denebilir. Benim aklıma
başka kelimeler de geliyor!$k
$Wsリズ|$Wd$w0|$Wmクロム|3$w0|$Wsクロム|$Wa$b注目,リズ,クロム|$b動作,クロム,Ac5|$SvpSE_VOICE_CHROM_EVT_11|$E通常|Frederick yalnızca baltayı indirmeden
önce gülümser.$k
$Wsクロム|$Wd$w0|$Wmusername|3$w0|$Wsusername|$Wa$b動作,プレイヤー女,Ge2|$SvpSE_VOICE_PLAYER_M#_EVT_15|$E怒|Not ettim.$k
$Wsusername|$Wd$w0|$Wmフレデリク|3$w0|$Wsフレデリク|$Wa$b向き,クロム,C|$b動作,クロム,WalkTurn|$b注目,リズ,フレデリク|$b動作,フレデリク,FreGe3|$b動作,フレデリク,FreRe|$b注目,フレデリク,クロム|$SvjSE_VOICE_FREDERIK_EVT_13|$SveSE_VOICE_FREDERIK_EVT_19|$E通常|*öhöm* Hâlâ burada olduğumun
farkındasınız, değil mi?$k
$Wsフレデリク|$Wd$w0|$Wmクロム|3$w0|$Wsクロム|$Wa$b動作,クロム,Ge2|$E笑|$SvjSE_VOICE_CHROM_EVT_10|$SveSE_VOICE_CHROM_EVT_13|Farkındayız.$k
$Wsクロム|$Wd$w0|$Wmusername|3$w0|$Wsusername|$Wa$b動作,プレイヤー女,Ge5|$b動作,プレイヤー女,Re|$b注目,プレイヤー女,フレデリク|$SvpSE_VOICE_PLAYER_M#_EVT_17|$E笑|Heh heh.$k"
41,MID_P002_ED2_2_PCM2,,,,,"$t1$Wmusername|3$w0|$Wsusername|$Wa$b動作,プレイヤー女,Ge2|$b注目,プレイヤー女,リズ|$SvpSE_VOICE_PLAYER_M#_EVT_11|$E苦,汗|…厳しい副長だなあ。$k
$Wsusername|$Wd$w0|$Wmリズ|3$w0|$Wsリズ|$Wa$b動作,リズ,Ge4|$b動作,リズ,RizRe|$b向き,クロム,B|$b動作,クロム,WalkTurn|$b注目,クロム,リズ|$E苦,汗|$SvpSE_VOICE_LIZ_EVT_18|…はあ。辛いよう。
ベッドで寝たいよう。$k
$Wsリズ|$Wd$w0|$Wmクロム|3$w0|$Wsクロム|$Wa$b注目,リズ,クロム|$b動作,クロム,Ac5|$SvpSE_VOICE_CHROM_EVT_11|$E通常,|フレデリクは笑顔の時が
一番厳しいから気をつけろ。$k
$Wsクロム|$Wd$w0|$Wmusername|3$w0|$Wsusername|$Wa$b動作,プレイヤー女,Ge2|$SvpSE_VOICE_PLAYER_M#_EVT_15|$E怒,|わ、わかった。$k
$Wsusername|$Wd$w0|$Wmフレデリク|3$w0|$Wsフレデリク|$Wa$b向き,クロム,C|$b動作,クロム,WalkTurn|$b注目,リズ,フレデリク|$b動作,フレデリク,FreGe3|$b動作,フレデリク,FreRe|$b注目,フレデリク,クロム|$SvpSE_VOICE_FREDERIK_EVT_13|$E通常,|何かおっしゃいましたか？$k
$Wsフレデリク|$Wd$w0|$Wmクロム|3$w0|$Wsクロム|$Wa$b動作,クロム,Ge2|$E笑,|$SvpSE_VOICE_CHROM_EVT_10|い、いや！$k
$Wsクロム|$Wd$w0|$Wmusername|3$w0|$Wsusername|$Wa$b動作,プレイヤー女,Ge5|$b動作,プレイヤー女,Re|$b注目,プレイヤー女,フレデリク|$SvpSE_VOICE_PLAYER_M#_EVT_17|$E笑,|何も！$k","$t1$Wmusername|3$w0|$Wsusername|$Wa$b動作,プレイヤー女,Ge2|$b注目,プレイヤー女,リズ|$SvpSE_VOICE_PLAYER_M#_EVT_11|$E苦,汗|Oldukça sert bir yardımcın var.$k
$Wsusername|$Wd$w0|$Wmリズ|3$w0|$Wsリズ|$Wa$b動作,リズ,Ge4|$b動作,リズ,RizRe|$b向き,クロム,B|$b動作,クロム,WalkTurn|$b注目,クロム,リズ|$E苦,汗|$SvpSE_VOICE_LIZ_EVT_18|Ahh... Çok yoruldum. Yatağımı özledim.$k
$Wsリズ|$Wd$w0|$Wmクロム|3$w0|$Wsクロム|$Wa$b注目,リズ,クロム|$b動作,クロム,Ac5|$SvpSE_VOICE_CHROM_EVT_11|$E通常|Frederick yalnızca baltayı indirmeden
önce gülümser.$k
$Wsクロム|$Wd$w0|$Wmusername|3$w0|$Wsusername|$Wa$b動作,プレイヤー女,Ge2|$SvpSE_VOICE_PLAYER_M#_EVT_15|$E怒|Not ettim.$k
$Wsusername|$Wd$w0|$Wmフレデリク|3$w0|$Wsフレデリク|$Wa$b向き,クロム,C|$b動作,クロム,WalkTurn|$b注目,リズ,フレデリク|$b動作,フレデリク,FreGe3|$b動作,フレデリク,FreRe|$b注目,フレデリク,クロム|$SvpSE_VOICE_FREDERIK_EVT_13|$E通常|Bir şey mi dediniz?$k
$Wsフレデリク|$Wd$w0|$Wmクロム|3$w0|$Wsクロム|$Wa$b動作,クロム,Ge2|$E笑|$SvpSE_VOICE_CHROM_EVT_10|H-hayır!$k
$Wsクロム|$Wd$w0|$Wmusername|3$w0|$Wsusername|$Wa$b動作,プレイヤー女,Ge5|$b動作,プレイヤー女,Re|$b注目,プレイヤー女,フレデリク|$SvpSE_VOICE_PLAYER_M#_EVT_17|$E笑|Heh heh.$k"
42,MID_P002_ED2_2_PCM3,,,,,"$t1$Wmusername|3$w0|$Wsusername|$Wa$b動作,プレイヤー女,Ge2|$b注目,プレイヤー女,リズ|$E苦,汗|…………$k
$Wsusername|$Wd$w0|$Wmリズ|3$w0|$Wsリズ|$Wa$b動作,リズ,Ge4|$b動作,リズ,RizRe|$b向き,クロム,B|$b動作,クロム,WalkTurn|$b注目,クロム,リズ|$E苦,汗|$SvpSE_VOICE_LIZ_EVT_18|…はあ。辛いよう。
ベッドで寝たいよう。$k
$Wsリズ|$Wd$w0|$Wmクロム|3$w0|$Wsクロム|$Wa$b注目,リズ,クロム|$b動作,クロム,Ac5|$SvpSE_VOICE_CHROM_EVT_11|$E通常,|$Nu、フレデリクは笑顔の時が
一番厳しいから気をつけろ。$k
$Wsクロム|$Wd$w0|$Wmフレデリク|3$w0|$Wsフレデリク|$Wa$b向き,クロム,C|$b動作,クロム,WalkTurn|$b注目,リズ,フレデリク|$b動作,フレデリク,FreGe3|$b動作,フレデリク,FreRe|$b注目,フレデリク,クロム|$SvpSE_VOICE_FREDERIK_EVT_13|$E通常,|何かおっしゃいましたか？$k
$Wsフレデリク|$Wd$w0|$Wmクロム|3$w0|$Wsクロム|$Wa$b動作,クロム,Ge2|$E笑,|$SvpSE_VOICE_CHROM_EVT_10|い、いや！$k","$t1$Wmusername|3$w0|$Wsusername|$Wa$b動作,プレイヤー女,Ge2|$b注目,プレイヤー女,リズ|$E苦,汗|...$k
$Wsusername|$Wd$w0|$Wmリズ|3$w0|$Wsリズ|$Wa$b動作,リズ,Ge4|$b動作,リズ,RizRe|$b向き,クロム,B|$b動作,クロム,WalkTurn|$b注目,クロム,リズ|$E苦,汗|$SvpSE_VOICE_LIZ_EVT_18|Ahh... Çok yoruldum. Yatağımı özledim.$k
$Wsリズ|$Wd$w0|$Wmクロム|3$w0|$Wsクロム|$Wa$b注目,リズ,クロム|$b動作,クロム,Ac5|$SvpSE_VOICE_CHROM_EVT_11|$E通常|$Nu, Frederick en çok
gülümsediğinde korkutucudur; dikkat et.$k
$Wsクロム|$Wd$w0|$Wmフレデリク|3$w0|$Wsフレデリク|$Wa$b向き,クロム,C|$b動作,クロム,WalkTurn|$b注目,リズ,フレデリク|$b動作,フレデリク,FreGe3|$b動作,フレデリク,FreRe|$b注目,フレデリク,クロム|$SvpSE_VOICE_FREDERIK_EVT_13|$E通常|Bir şey mi dediniz?$k
$Wsフレデリク|$Wd$w0|$Wmクロム|3$w0|$Wsクロム|$Wa$b動作,クロム,Ge2|$E笑|$SvpSE_VOICE_CHROM_EVT_10|H-hayır!$k"
43,MID_P002_ED2_2_PCF1,"$t1$Wmusername|3$w0|$Wsusername|$Wa$b動作,プレイヤー女,Ge2|$b注目,プレイヤー女,リズ|$SvpSE_VOICE_PLAYER_F#_EVT_11|$E苦,汗|Votre second est plutôt strict, Chrom.$k
$Wsusername|$Wd$w0|$Wmリズ|3$w0|$Wsリズ|$Wa$b動作,リズ,Ge4|$b動作,リズ,RizRe|$b向き,クロム,B|$b動作,クロム,WalkTurn|$b注目,クロム,リズ|$E苦,汗|$SvpSE_VOICE_LIZ_EVT_18|Pff ! « Strict », c'est plutôt gentil...
J'ai quelques autres mots en tête !$k
$Wsリズ|$Wd$w0|$Wmクロム|3$w0|$Wsクロム|$Wa$b注目,リズ,クロム|$b動作,クロム,Ac5|$SvpSE_VOICE_CHROM_EVT_11|$E通常,|Frederick ne sourit que lorsqu'il est sur
le point d'abattre sa hache.$k
$Wsクロム|$Wd$w0|$Wmusername|3$w0|$Wsusername|$Wa$b動作,プレイヤー女,Ge2|$SvpSE_VOICE_PLAYER_F#_EVT_15|$E怒,|C'est noté.$k
$Wsusername|$Wd$w0|$Wmフレデリク|3$w0|$Wsフレデリク|$Wa$b向き,クロム,C|$b動作,クロム,WalkTurn|$b注目,リズ,フレデリク|$b動作,フレデリク,FreGe3|$b動作,フレデリク,FreRe|$b注目,フレデリク,クロム|$SvjSE_VOICE_FREDERIK_EVT_13|$SveSE_VOICE_FREDERIK_EVT_19|$E通常,|Ahem. Vous vous rendez compte que je
suis toujours là ?$k
$Wsフレデリク|$Wd$w0|$Wmクロム|3$w0|$Wsクロム|$Wa$b動作,クロム,Ge2|$E笑,|$SvjSE_VOICE_CHROM_EVT_10|$SveSE_VOICE_CHROM_EVT_13|Oui, oui, on sait.$k
$Wsクロム|$Wd$w0|$Wmusername|3$w0|$Wsusername|$Wa$b動作,プレイヤー女,Ge5|$b動作,プレイヤー女,Re|$b注目,プレイヤー女,フレデリク|$SvpSE_VOICE_PLAYER_F#_EVT_17|$E笑,|Hé hé.$k","$t1$Wmusername|3$w0|$Wsusername|$Wa$b動作,プレイヤー女,Ge2|$b注目,プレイヤー女,リズ|$SvpSE_VOICE_PLAYER_F#_EVT_11|$E苦,汗|Du hast einen ziemlich ernsten
Untergebenen.$k
$Wsusername|$Wd$w0|$Wmリズ|3$w0|$Wsリズ|$Wa$b動作,リズ,Ge4|$b動作,リズ,RizRe|$b向き,クロム,B|$b動作,クロム,WalkTurn|$b注目,クロム,リズ|$E苦,汗|$SvpSE_VOICE_LIZ_EVT_18|Er sollte besser ein paar Gänse jagen und
mir ein flauschiges Kissen machen! Hmpf...$k
$Wsリズ|$Wd$w0|$Wmクロム|3$w0|$Wsクロム|$Wa$b注目,リズ,クロム|$b動作,クロム,Ac5|$SvpSE_VOICE_CHROM_EVT_11|$E通常,|Frederick lächelt nur, wenn er kurz davor
ist, jemanden mit der Lanze aufzuspießen.$k
$Wsクロム|$Wd$w0|$Wmusername|3$w0|$Wsusername|$Wa$b動作,プレイヤー女,Ge2|$SvpSE_VOICE_PLAYER_F#_EVT_15|$E怒,|Zur Kenntnis genommen.$k
$Wsusername|$Wd$w0|$Wmフレデリク|3$w0|$Wsフレデリク|$Wa$b向き,クロム,C|$b動作,クロム,WalkTurn|$b注目,リズ,フレデリク|$b動作,フレデリク,FreGe3|$b動作,フレデリク,FreRe|$b注目,フレデリク,クロム|$SvjSE_VOICE_FREDERIK_EVT_13|$SveSE_VOICE_FREDERIK_EVT_19|$E通常,|Ich stehe genau hier, falls es jemandem
entgangen sein sollte.$k
$Wsフレデリク|$Wd$w0|$Wmクロム|3$w0|$Wsクロム|$Wa$b動作,クロム,Ge2|$E笑,|$SvjSE_VOICE_CHROM_EVT_10|$SveSE_VOICE_CHROM_EVT_13|Oh, das ist uns nicht entgangen.$k
$Wsクロム|$Wd$w0|$Wmusername|3$w0|$Wsusername|$Wa$b動作,プレイヤー女,Ge5|$b動作,プレイヤー女,Re|$b注目,プレイヤー女,フレデリク|$SvpSE_VOICE_PLAYER_F#_EVT_17|$E笑,|Hahaha.$k","$t1$Wmusername|3$w0|$Wsusername|$Wa$b動作,プレイヤー女,Ge2|$b注目,プレイヤー女,リズ|$SvpSE_VOICE_PLAYER_F#_EVT_11|$E苦,汗|Avete un luogotenente molto severo.$k
$Wsusername|$Wd$w0|$Wmリズ|3$w0|$Wsリズ|$Wa$b動作,リズ,Ge4|$b動作,リズ,RizRe|$b向き,クロム,B|$b動作,クロム,WalkTurn|$b注目,クロム,リズ|$E苦,汗|$SvpSE_VOICE_LIZ_EVT_18|Sì, beh, ""severo"" è uno dei tanti modi in
cui si potrebbe chiamarlo. Ah ah!$k
$Wsリズ|$Wd$w0|$Wmクロム|3$w0|$Wsクロム|$Wa$b注目,リズ,クロム|$b動作,クロム,Ac5|$SvpSE_VOICE_CHROM_EVT_11|$E通常,|Frederick sorride solo quando
ha la lancia in mano.$k
$Wsクロム|$Wd$w0|$Wmusername|3$w0|$Wsusername|$Wa$b動作,プレイヤー女,Ge2|$SvpSE_VOICE_PLAYER_F#_EVT_15|$E怒,|Farò meglio a ricordarmelo.$k
$Wsusername|$Wd$w0|$Wmフレデリク|3$w0|$Wsフレデリク|$Wa$b向き,クロム,C|$b動作,クロム,WalkTurn|$b注目,リズ,フレデリク|$b動作,フレデリク,FreGe3|$b動作,フレデリク,FreRe|$b注目,フレデリク,クロム|$SvjSE_VOICE_FREDERIK_EVT_13|$SveSE_VOICE_FREDERIK_EVT_19|$E通常,|Aehm. Sappiate che vi sento.$k
$Wsフレデリク|$Wd$w0|$Wmクロム|3$w0|$Wsクロム|$Wa$b動作,クロム,Ge2|$E笑,|$SvjSE_VOICE_CHROM_EVT_10|$SveSE_VOICE_CHROM_EVT_13|Oh, sì, lo sappiamo.$k
$Wsクロム|$Wd$w0|$Wmusername|3$w0|$Wsusername|$Wa$b動作,プレイヤー女,Ge5|$b動作,プレイヤー女,Re|$b注目,プレイヤー女,フレデリク|$SvpSE_VOICE_PLAYER_F#_EVT_17|$E笑,|Eh eh.$k","$t1$Wmusername|3$w0|$Wsusername|$Wa$b動作,プレイヤー女,Ge2|$b注目,プレイヤー女,リズ|$SvpSE_VOICE_PLAYER_F#_EVT_11|$E苦,汗|Sí que es severo vuestro lugarteniente...$k
$Wsusername|$Wd$w0|$Wmリズ|3$w0|$Wsリズ|$Wa$b動作,リズ,Ge4|$b動作,リズ,RizRe|$b向き,クロム,B|$b動作,クロム,WalkTurn|$b注目,クロム,リズ|$E苦,汗|$SvpSE_VOICE_LIZ_EVT_18|Sí, bueno... Llámalo ""severo"", a mí se me
ocurren unos cuantos calificativos más.$k
$Wsリズ|$Wd$w0|$Wmクロム|3$w0|$Wsクロム|$Wa$b注目,リズ,クロム|$b動作,クロム,Ac5|$SvpSE_VOICE_CHROM_EVT_11|$E通常,|Frederick solo sonríe cuando está a punto
de propinarle un hachazo a alguien.$k
$Wsクロム|$Wd$w0|$Wmusername|3$w0|$Wsusername|$Wa$b動作,プレイヤー女,Ge2|$SvpSE_VOICE_PLAYER_F#_EVT_15|$E怒,|Tomo nota.$k
$Wsusername|$Wd$w0|$Wmフレデリク|3$w0|$Wsフレデリク|$Wa$b向き,クロム,C|$b動作,クロム,WalkTurn|$b注目,リズ,フレデリク|$b動作,フレデリク,FreGe3|$b動作,フレデリク,FreRe|$b注目,フレデリク,クロム|$SvjSE_VOICE_FREDERIK_EVT_13|$SveSE_VOICE_FREDERIK_EVT_19|$E通常,|Ejem... Os recuerdo que SIGO aquí.$k
$Wsフレデリク|$Wd$w0|$Wmクロム|3$w0|$Wsクロム|$Wa$b動作,クロム,Ge2|$E笑,|$SvjSE_VOICE_CHROM_EVT_10|$SveSE_VOICE_CHROM_EVT_13|Oh, nos hemos dado cuenta, tranquilo.$k
$Wsクロム|$Wd$w0|$Wmusername|3$w0|$Wsusername|$Wa$b動作,プレイヤー女,Ge5|$b動作,プレイヤー女,Re|$b注目,プレイヤー女,フレデリク|$SvpSE_VOICE_PLAYER_F#_EVT_17|$E笑,|¡Je, je, je!...$k","$t1$Wmusername|3$w0|$Wsusername|$Wa$b動作,プレイヤー女,Ge2|$b注目,プレイヤー女,リズ|$SvpSE_VOICE_PLAYER_F#_EVT_11|$E苦,汗|You've quite the stern lieutenant there.$k
$Wsusername|$Wd$w0|$Wmリズ|3$w0|$Wsリズ|$Wa$b動作,リズ,Ge4|$b動作,リズ,RizRe|$b向き,クロム,B|$b動作,クロム,WalkTurn|$b注目,クロム,リズ|$E苦,汗|$SvpSE_VOICE_LIZ_EVT_18|Yeah, well, ""stern"" is one name for it.
I can think of a few others!$k
$Wsリズ|$Wd$w0|$Wmクロム|3$w0|$Wsクロム|$Wa$b注目,リズ,クロム|$b動作,クロム,Ac5|$SvpSE_VOICE_CHROM_EVT_11|$E通常,|Frederick only smiles when he's
about to bring down the axe.$k
$Wsクロム|$Wd$w0|$Wmusername|3$w0|$Wsusername|$Wa$b動作,プレイヤー女,Ge2|$SvpSE_VOICE_PLAYER_F#_EVT_15|$E怒,|Duly noted.$k
$Wsusername|$Wd$w0|$Wmフレデリク|3$w0|$Wsフレデリク|$Wa$b向き,クロム,C|$b動作,クロム,WalkTurn|$b注目,リズ,フレデリク|$b動作,フレデリク,FreGe3|$b動作,フレデリク,FreRe|$b注目,フレデリク,クロム|$SvjSE_VOICE_FREDERIK_EVT_13|$SveSE_VOICE_FREDERIK_EVT_19|$E通常,|*ahem* You do realise I AM still present?$k
$Wsフレデリク|$Wd$w0|$Wmクロム|3$w0|$Wsクロム|$Wa$b動作,クロム,Ge2|$E笑,|$SvjSE_VOICE_CHROM_EVT_10|$SveSE_VOICE_CHROM_EVT_13|Oh, we realise.$k
$Wsクロム|$Wd$w0|$Wmusername|3$w0|$Wsusername|$Wa$b動作,プレイヤー女,Ge5|$b動作,プレイヤー女,Re|$b注目,プレイヤー女,フレデリク|$SvpSE_VOICE_PLAYER_F#_EVT_17|$E笑,|Heh heh.$k","$t1$Wmusername|3$w0|$Wsusername|$Wa$b動作,プレイヤー女,Ge2|$b注目,プレイヤー女,リズ|$SvpSE_VOICE_PLAYER_F#_EVT_11|$E苦,汗|Oldukça sert bir yardımcın var.$k
$Wsusername|$Wd$w0|$Wmリズ|3$w0|$Wsリズ|$Wa$b動作,リズ,Ge4|$b動作,リズ,RizRe|$b向き,クロム,B|$b動作,クロム,WalkTurn|$b注目,クロム,リズ|$E苦,汗|$SvpSE_VOICE_LIZ_EVT_18|Evet, “sert” denebilir. Benim aklıma
başka kelimeler de geliyor!$k
$Wsリズ|$Wd$w0|$Wmクロム|3$w0|$Wsクロム|$Wa$b注目,リズ,クロム|$b動作,クロム,Ac5|$SvpSE_VOICE_CHROM_EVT_11|$E通常|Frederick yalnızca baltayı indirmeden
önce gülümser.$k
$Wsクロム|$Wd$w0|$Wmusername|3$w0|$Wsusername|$Wa$b動作,プレイヤー女,Ge2|$SvpSE_VOICE_PLAYER_F#_EVT_15|$E怒|Not ettim.$k
$Wsusername|$Wd$w0|$Wmフレデリク|3$w0|$Wsフレデリク|$Wa$b向き,クロム,C|$b動作,クロム,WalkTurn|$b注目,リズ,フレデリク|$b動作,フレデリク,FreGe3|$b動作,フレデリク,FreRe|$b注目,フレデリク,クロム|$SvjSE_VOICE_FREDERIK_EVT_13|$SveSE_VOICE_FREDERIK_EVT_19|$E通常|*öhöm* Hâlâ burada olduğumun
farkındasınız, değil mi?$k
$Wsフレデリク|$Wd$w0|$Wmクロム|3$w0|$Wsクロム|$Wa$b動作,クロム,Ge2|$E笑|$SvjSE_VOICE_CHROM_EVT_10|$SveSE_VOICE_CHROM_EVT_13|Farkındayız.$k
$Wsクロム|$Wd$w0|$Wmusername|3$w0|$Wsusername|$Wa$b動作,プレイヤー女,Ge5|$b動作,プレイヤー女,Re|$b注目,プレイヤー女,フレデリク|$SvpSE_VOICE_PLAYER_F#_EVT_17|$E笑|Heh heh.$k"
44,MID_P002_ED2_2_PCF2,,,,,"$t1$Wmusername|3$w0|$Wsusername|$Wa$b動作,プレイヤー女,Ge2|$b注目,プレイヤー女,リズ|$SvpSE_VOICE_PLAYER_F#_EVT_11|$E苦,汗|…厳しい副長ですね。$k
$Wsusername|$Wd$w0|$Wmリズ|3$w0|$Wsリズ|$Wa$b動作,リズ,Ge4|$b動作,リズ,RizRe|$b向き,クロム,B|$b動作,クロム,WalkTurn|$b注目,クロム,リズ|$E苦,汗|$SvpSE_VOICE_LIZ_EVT_18|…はあ。辛いよう。
ベッドで寝たいよう。$k
$Wsリズ|$Wd$w0|$Wmクロム|3$w0|$Wsクロム|$Wa$b注目,リズ,クロム|$b動作,クロム,Ac5|$SvpSE_VOICE_CHROM_EVT_11|$E通常,|フレデリクは笑顔の時が
一番厳しいから気をつけろ。$k
$Wsクロム|$Wd$w0|$Wmusername|3$w0|$Wsusername|$Wa$b動作,プレイヤー女,Ge2|$SvpSE_VOICE_PLAYER_F#_EVT_15|$E怒,|わかりました。$k
$Wsusername|$Wd$w0|$Wmフレデリク|3$w0|$Wsフレデリク|$Wa$b向き,クロム,C|$b動作,クロム,WalkTurn|$b注目,リズ,フレデリク|$b動作,フレデリク,FreGe3|$b動作,フレデリク,FreRe|$b注目,フレデリク,クロム|$SvpSE_VOICE_FREDERIK_EVT_13|$E通常,|何かおっしゃいましたか？$k
$Wsフレデリク|$Wd$w0|$Wmクロム|3$w0|$Wsクロム|$Wa$b動作,クロム,Ge2|$E笑,|$SvpSE_VOICE_CHROM_EVT_10|い、いや！$k
$Wsクロム|$Wd$w0|$Wmusername|3$w0|$Wsusername|$Wa$b動作,プレイヤー女,Ge5|$b動作,プレイヤー女,Re|$b注目,プレイヤー女,フレデリク|$SvpSE_VOICE_PLAYER_F#_EVT_17|$E笑,|何も！$k","$t1$Wmusername|3$w0|$Wsusername|$Wa$b動作,プレイヤー女,Ge2|$b注目,プレイヤー女,リズ|$SvpSE_VOICE_PLAYER_F#_EVT_11|$E苦,汗|Oldukça sert bir yardımcın var.$k
$Wsusername|$Wd$w0|$Wmリズ|3$w0|$Wsリズ|$Wa$b動作,リズ,Ge4|$b動作,リズ,RizRe|$b向き,クロム,B|$b動作,クロム,WalkTurn|$b注目,クロム,リズ|$E苦,汗|$SvpSE_VOICE_LIZ_EVT_18|Ahh... Çok yoruldum. Yatağımı özledim.$k
$Wsリズ|$Wd$w0|$Wmクロム|3$w0|$Wsクロム|$Wa$b注目,リズ,クロム|$b動作,クロム,Ac5|$SvpSE_VOICE_CHROM_EVT_11|$E通常|Frederick yalnızca baltayı indirmeden
önce gülümser.$k
$Wsクロム|$Wd$w0|$Wmusername|3$w0|$Wsusername|$Wa$b動作,プレイヤー女,Ge2|$SvpSE_VOICE_PLAYER_F#_EVT_15|$E怒|Not ettim.$k
$Wsusername|$Wd$w0|$Wmフレデリク|3$w0|$Wsフレデリク|$Wa$b向き,クロム,C|$b動作,クロム,WalkTurn|$b注目,リズ,フレデリク|$b動作,フレデリク,FreGe3|$b動作,フレデリク,FreRe|$b注目,フレデリク,クロム|$SvpSE_VOICE_FREDERIK_EVT_13|$E通常|Bir şey mi dediniz?$k
$Wsフレデリク|$Wd$w0|$Wmクロム|3$w0|$Wsクロム|$Wa$b動作,クロム,Ge2|$E笑|$SvpSE_VOICE_CHROM_EVT_10|H-hayır!$k
$Wsクロム|$Wd$w0|$Wmusername|3$w0|$Wsusername|$Wa$b動作,プレイヤー女,Ge5|$b動作,プレイヤー女,Re|$b注目,プレイヤー女,フレデリク|$SvpSE_VOICE_PLAYER_F#_EVT_17|$E笑|Heh heh.$k"
45,MID_P002_ED2_2_PCF3,,,,,"$t1$Wmusername|3$w0|$Wsusername|$Wa$b動作,プレイヤー女,Ge2|$b注目,プレイヤー女,リズ|$E苦,汗|…………$k
$Wsusername|$Wd$w0|$Wmリズ|3$w0|$Wsリズ|$Wa$b動作,リズ,Ge4|$b動作,リズ,RizRe|$b向き,クロム,B|$b動作,クロム,WalkTurn|$b注目,クロム,リズ|$E苦,汗|$SvpSE_VOICE_LIZ_EVT_18|…はあ。辛いよう。
ベッドで寝たいよう。$k
$Wsリズ|$Wd$w0|$Wmクロム|3$w0|$Wsクロム|$Wa$b注目,リズ,クロム|$b動作,クロム,Ac5|$SvpSE_VOICE_CHROM_EVT_11|$E通常,|$Nu、フレデリクは笑顔の時が
一番厳しいから気をつけろ。$k
$Wsクロム|$Wd$w0|$Wmフレデリク|3$w0|$Wsフレデリク|$Wa$b向き,クロム,C|$b動作,クロム,WalkTurn|$b注目,リズ,フレデリク|$b動作,フレデリク,FreGe3|$b動作,フレデリク,FreRe|$b注目,フレデリク,クロム|$SvpSE_VOICE_FREDERIK_EVT_13|$E通常,|何かおっしゃいましたか？$k
$Wsフレデリク|$Wd$w0|$Wmクロム|3$w0|$Wsクロム|$Wa$b動作,クロム,Ge2|$E笑,|$SvpSE_VOICE_CHROM_EVT_10|い、いや！$k","$t1$Wmusername|3$w0|$Wsusername|$Wa$b動作,プレイヤー女,Ge2|$b注目,プレイヤー女,リズ|$E苦,汗|...$k
$Wsusername|$Wd$w0|$Wmリズ|3$w0|$Wsリズ|$Wa$b動作,リズ,Ge4|$b動作,リズ,RizRe|$b向き,クロム,B|$b動作,クロム,WalkTurn|$b注目,クロム,リズ|$E苦,汗|$SvpSE_VOICE_LIZ_EVT_18|Ahh... Çok yoruldum. Yatağımı özledim.$k
$Wsリズ|$Wd$w0|$Wmクロム|3$w0|$Wsクロム|$Wa$b注目,リズ,クロム|$b動作,クロム,Ac5|$SvpSE_VOICE_CHROM_EVT_11|$E通常|$Nu, Frederick en çok
gülümsediğinde korkutucudur; dikkat et.$k
$Wsクロム|$Wd$w0|$Wmフレデリク|3$w0|$Wsフレデリク|$Wa$b向き,クロム,C|$b動作,クロム,WalkTurn|$b注目,リズ,フレデリク|$b動作,フレデリク,FreGe3|$b動作,フレデリク,FreRe|$b注目,フレデリク,クロム|$SvpSE_VOICE_FREDERIK_EVT_13|$E通常|Bir şey mi dediniz?$k
$Wsフレデリク|$Wd$w0|$Wmクロム|3$w0|$Wsクロム|$Wa$b動作,クロム,Ge2|$E笑|$SvpSE_VOICE_CHROM_EVT_10|H-hayır!$k"
46,MID_P002_ED2_3,"$t1$Wmフレデリク|3$w0|$Wsフレデリク|$Wa$b動作,フレデリク,FreGe3|$b動作,フレデリク,FreRe|$SvpSE_VOICE_FREDERIK_EVT_17|$E通常,|Monseigneur, vous ne vous départez jamais
de votre subtil sens de l'humour, je vois.$k
$Wsフレデリク|$Wd$w0|$Wmクロム|3$w0|$Wsクロム|$Wa$E笑,|$b注目,プレイヤー女,クロム|$b注目,リズ,クロム|$b向き,クロム,B|$b動作,クロム,WalkTurn|$b動作,クロム,Ge1|$SvpSE_VOICE_CHROM_EVT_7|Ha ha ! Bon, ce n'est pas tout mais...$k$pTu es $Gprêt,prête|, $Nu ?
La capitale n'est plus très loin.$k","$t1$Wmフレデリク|3$w0|$Wsフレデリク|$Wa$b動作,フレデリク,FreGe3|$b動作,フレデリク,FreRe|$SvpSE_VOICE_FREDERIK_EVT_17|$E通常,|Mein Herr, Ihr seid ein nie versiegender
Quell amüsanter Anmerkungen.$k
$Wsフレデリク|$Wd$w0|$Wmクロム|3$w0|$Wsクロム|$Wa$E笑,|$b注目,プレイヤー女,クロム|$b注目,リズ,クロム|$b向き,クロム,B|$b動作,クロム,WalkTurn|$b動作,クロム,Ge1|$SvpSE_VOICE_CHROM_EVT_7|Hahaha! Schon gut, schon gut.$k$pBereit zum Aufbruch, $Nu?
Bis zur Hauptstadt ist es nicht weit.$k","$t1$Wmフレデリク|3$w0|$Wsフレデリク|$Wa$b動作,フレデリク,FreGe3|$b動作,フレデリク,FreRe|$SvpSE_VOICE_FREDERIK_EVT_17|$E通常,|Mio signore, siete divertente come sempre.
Adesso possiamo andare?$k
$Wsフレデリク|$Wd$w0|$Wmクロム|3$w0|$Wsクロム|$Wa$E笑,|$b注目,プレイヤー女,クロム|$b注目,リズ,クロム|$b向き,クロム,B|$b動作,クロム,WalkTurn|$b動作,クロム,Ge1|$SvpSE_VOICE_CHROM_EVT_7|Va bene, va bene, la smetto.$k$pCi incamminiamo, $Nu?
La capitale non è lontana.$k","$t1$Wmフレデリク|3$w0|$Wsフレデリク|$Wa$b動作,フレデリク,FreGe3|$b動作,フレデリク,FreRe|$SvpSE_VOICE_FREDERIK_EVT_17|$E通常,|Tan ingenioso como siempre, mi señor.$k$pBueno, ¿nos ponemos en marcha ya?$k
$Wsフレデリク|$Wd$w0|$Wmクロム|3$w0|$Wsクロム|$Wa$E笑,|$b注目,プレイヤー女,クロム|$b注目,リズ,クロム|$b向き,クロム,B|$b動作,クロム,WalkTurn|$b動作,クロム,Ge1|$SvpSE_VOICE_CHROM_EVT_7|Vaaale, vale.$k$p¿$GPreparado,Preparada|, $Nu?
La capital no está lejos.$k","$t1$Wmフレデリク|3$w0|$Wsフレデリク|$Wa$b動作,フレデリク,FreGe3|$b動作,フレデリク,FreRe|$SvpSE_VOICE_FREDERIK_EVT_17|$E通常,|Milord remains as amusing as ever.
Now then, shall we be going?$k
$Wsフレデリク|$Wd$w0|$Wmクロム|3$w0|$Wsクロム|$Wa$E笑,|$b注目,プレイヤー女,クロム|$b注目,リズ,クロム|$b向き,クロム,B|$b動作,クロム,WalkTurn|$b動作,クロム,Ge1|$SvpSE_VOICE_CHROM_EVT_7|All right, all right.$k$pReady to go, $Nu?
The capital isn't far.$k","$t1$Wmフレデリク|3$w0|$Wsフレデリク|$Wa$b動作,フレデリク,FreGe3|$b動作,フレデリク,FreRe|$SvpSE_VOICE_FREDERIK_EVT_17|$E通常|Efendimiz her zamanki gibi nüktedan.
Hadi artık yola çıkalım mı?$k
$Wsフレデリク|$Wd$w0|$Wmクロム|3$w0|$Wsクロム|$Wa$E笑|$b注目,プレイヤー女,クロム|$b注目,リズ,クロム|$b向き,クロム,B|$b動作,クロム,WalkTurn|$b動作,クロム,Ge1|$SvpSE_VOICE_CHROM_EVT_7|Tamam, tamam.$k$pGitmeye hazırım
$Nu? Başkent uzakta değil.$k"
47,MID_P002_BT1,"$t0$WmP002_ボス|0$w0|$WsP002_ボス|$Wa$E笑,|Par ici, mes petits ! Approchez...
Le massacre va bientôt commencer !$k","$t0$WmP002_ボス|0$w0|$WsP002_ボス|$Wa$E笑,|Hierher, ihr blökenden Schafe!
Kommt zur Schlachtbank!$k","$t0$WmP002_ボス|0$w0|$WsP002_ボス|$Wa$E笑,|Venite qui, agnellini!
Venite a farvi arrostire!$k","$t0$WmP002_ボス|0$w0|$WsP002_ボス|$Wa$E笑,|¡Ven aquí, sabandija!
¡Voy a hacerte picadillo!$k","$t0$WmP002_ボス|0$w0|$WsP002_ボス|$Wa$E笑,|Here, sheepy sheepy!
Come to the slaughter!$k","$t0$WmP002_ボス|0$w0|$WsP002_ボス|$Wa$E笑|Gel bakalım, kuzucuklar!
Mezbahaya gelin!$k"
48,MID_P002_BOSS_DIE1,"$t0$WmP002_ボス|0$w0|$WsP002_ボス|$Wa$E苦,|Aaaargh !$k","$t0$WmP002_ボス|0$w0|$WsP002_ボス|$Wa$E苦,|Uaaargh!$k","$t0$WmP002_ボス|0$w0|$WsP002_ボス|$Wa$E苦,|Aaargh!$k","$t0$WmP002_ボス|0$w0|$WsP002_ボス|$Wa$E苦,|¡Aaaarg!$k","$t0$WmP002_ボス|0$w0|$WsP002_ボス|$Wa$E苦,|Bwaaargh!$k",$t0$WmP002_ボス|0$w0|$WsP002_ボス|$Wa$E苦|Vaaargh!$k
49,MID_P002_MOVIE1,$t1$Wm？？？|3$w0|$Ws？？？|$Wa【MOVIE  Post-Title Opening】$k,$t1$Wm？？？|3$w0|$Ws？？？|$Wa【MOVIE  Post-Title Opening】$k,$t1$Wm？？？|3$w0|$Ws？？？|$Wa【MOVIE  Post-Title Opening】$k,$t1$Wm？？？|3$w0|$Ws？？？|$Wa【MOVIE  Post-Title Opening】$k,$t1$Wm？？？|3$w0|$Ws？？？|$Wa【MOVIE  Post-Title Opening】$k,$t1$Wm？？？|3$w0|$Ws？？？|$Wa[FİLM Başlığından Sonra Açılış]$k
50,MID_P002_TUT_戦闘（魔法）_PCM1,"$t0$Wmクロム|0$w0|$Wsクロム|$Wa$SvpSE_VOICE_CHROM_EVT_12|$E通常,|$Nu, tu disais que tu
savais te battre à l'épée et...$k$pAttends, c'est un tome ?
Saurais-tu... jeter des sorts ?$k
$Wmusername|6$w0|$Wsusername|$Wa$SvpSE_VOICE_PLAYER_M#_EVT_15|Je pense, oui... J'imagine que
je devrais vérifier ça.$k
$Wsクロム|$Wa$SvpSE_VOICE_CHROM_EVT_34|$p$E苦,汗|Euh oui, pourquoi pas...$k$pHmm... Peut-être que je devrais
garder mes distances pour le moment...$k
$Wsusername|$Wa$SvpSE_VOICE_PLAYER_M#_EVT_10|$pNe vous inquiétez pas, je sais ce que
je fais. J'en suis $Gsûr,sûre|.$k$pComment est-ce que ça marchait,
déjà... ? Ah oui...$k","$t0$Wmクロム|0$w0|$Wsクロム|$Wa$SvpSE_VOICE_CHROM_EVT_12|$E通常,|$Nu, du sagtest, dass du
ein Schwert führen kannst. Und...$k$pIst das ein Zauberbuch?
Du kennst dich mit Magie aus?$k
$Wmusername|6$w0|$Wsusername|$Wa$SvpSE_VOICE_PLAYER_M#_EVT_15|Ich glaube schon. Ich denke, wir können
das ganz leicht herausfinden.$k
$Wsクロム|$Wa$SvpSE_VOICE_CHROM_EVT_34|$p$E苦,汗|Du denkst, wir können...$k$pÄh, vielleicht sollte ich ein paar Schritte
zurücktreten.$k
$Wsusername|$Wa$SvpSE_VOICE_PLAYER_M#_EVT_10|$pNein, mir fällt es ganz sicher wieder ein.$k$pWie ging das noch mal mit der Magie?
Ah, ja...$k","$t0$Wmクロム|0$w0|$Wsクロム|$Wa$SvpSE_VOICE_CHROM_EVT_12|$E通常,|$Nu, vedo che
hai una spada. È una...$k$pUn momento, ma quello è un tomo?
Conosci anche l'arte della magia?$k
$Wmusername|6$w0|$Wsusername|$Wa$SvpSE_VOICE_PLAYER_M#_EVT_15|Forse sì... Perché non verifichiamo?$k
$Wsクロム|$Wa$SvpSE_VOICE_CHROM_EVT_34|$p$E苦,汗|Come ""Forse sì""?$k$pEhm, credo che rimarrò a un paio
di passi di distanza da te.$k
$Wsusername|$Wa$SvpSE_VOICE_PLAYER_M#_EVT_10|$pNo, sono $Gsicuro,sicura| di poterla controllare.$k$pMmmh, com'è che si faceva?
Ah, sì...$k","$t0$Wmクロム|0$w0|$Wsクロム|$Wa$SvpSE_VOICE_CHROM_EVT_12|$E通常,|Bueno, $Nu, veo que portas
una espada... Espero que sepas us...$k$pOye, ¿eso de ahí es un grimorio?
¡¿También sabes usar la magia?!$k
$Wmusername|6$w0|$Wsusername|$Wa$SvpSE_VOICE_PLAYER_M#_EVT_15|E-eso creo... Tendré que probar a ver.$k
$Wsクロム|$Wa$SvpSE_VOICE_CHROM_EVT_34|$p$E苦,汗|¿Que tendrás que...?$k$pTal vez debería quedarme detrás de ti...
al menos de momento.$k
$Wsusername|$Wa$SvpSE_VOICE_PLAYER_M#_EVT_10|$pNo hace falta.
Seguro que puedo controlarlo.$k$pA ver... ¿Cómo era esto?... ¡Ah, sí!$k","$t0$Wmクロム|0$w0|$Wsクロム|$Wa$SvpSE_VOICE_CHROM_EVT_12|$E通常,|So, $Nu, I see you
wear a sword. Is it―$k$pWait, is that a tome?
...You know magic?$k
$Wmusername|6$w0|$Wsusername|$Wa$SvpSE_VOICE_PLAYER_M#_EVT_15|I...believe so? I suppose I should check.$k
$Wsクロム|$Wa$SvpSE_VOICE_CHROM_EVT_34|$p$E苦,汗|You believe so?$k$pPerhaps I'll just keep a few paces
behind you for the time being...$k
$Wsusername|$Wa$SvpSE_VOICE_PLAYER_M#_EVT_10|$pNo, I can control it, I'm sure.$k$pNow, how did this work again?
Ah, yes...$k","$t0$Wmクロム|0$w0|$Wsクロム|$Wa$SvpSE_VOICE_CHROM_EVT_12|$E通常|$Nu, kılıç taşıyorsun. Peki ya―$k$pBir büyü kitabı mı?
Büyü de biliyor musun?$k
$Wmusername|6$w0|$Wsusername|$Wa$SvpSE_VOICE_PLAYER_M#_EVT_15|Ben... galiba? Deneyip görmem gerek.$k
$Wsクロム|$Wa$SvpSE_VOICE_CHROM_EVT_34|$p$E苦,汗|Galiba mı?$k$pSanırım şimdilik birkaç
adım arkanda duracağım...$k
$Wsusername|$Wa$SvpSE_VOICE_PLAYER_M#_EVT_10|$pHayır, kontrol edebilirim. Eminim.$k$pPeki
bu nasıl yapılıyordu? Ah, evet...$k"
51,MID_P002_TUT_戦闘（魔法）_PCM2,,,,,"$t0$Wmクロム|0$w0|$Wsクロム|$Wa$SvpSE_VOICE_CHROM_EVT_12|$E通常,|$Nu、
お前の武器は剣と…$k$p魔道書か。
お前、魔法も使えるのか？$k
$Wmusername|6$w0|$Wsusername|$Wa$SvpSE_VOICE_PLAYER_M#_EVT_15|あぁ、そうみたいだ。$k
$Wsクロム|$Wa$SvpSE_VOICE_CHROM_EVT_34|$p$E苦,汗|み、みたい？
大丈夫なのか？$k
$Wsusername|$Wa$SvpSE_VOICE_PLAYER_M#_EVT_10|$p少しずつ、
頭に浮かんできてる…$k$p確か、魔法の使い方は…$k","$t0$Wmクロム|0$w0|$Wsクロム|$Wa$SvpSE_VOICE_CHROM_EVT_12|$E通常|$Nu, silahın kılıç ve...$k$pBir büyü kitabı mı? Büyü
de kullanabiliyor musun?$k
$Wmusername|6$w0|$Wsusername|$Wa$SvpSE_VOICE_PLAYER_M#_EVT_15|Evet, galiba öyle.$k
$Wsクロム|$Wa$SvpSE_VOICE_CHROM_EVT_34|$p$E苦,汗|Galiba mı? İyi misin?$k
$Wsusername|$Wa$SvpSE_VOICE_PLAYER_M#_EVT_10|$pYavaş yavaş aklıma geliyor...$k$pSanırım büyü şöyle kullanılıyordu...$k"
52,MID_P002_TUT_戦闘（魔法）_PCM3,,,,,"$t0$Wmクロム|0$w0|$Wsクロム|$Wa$SvpSE_VOICE_CHROM_EVT_12|$E通常,|$Nu、
お前の武器は剣と…$k$p魔道書か。
お前、魔法も使えるのか？$k
$Wmusername|6$w0|$Wsusername|$Wa……？$k
$Wsクロム|$Wa$SvpSE_VOICE_CHROM_EVT_2|$p$E苦,汗|お、おい？
大丈夫なのか？$k$p魔法を使えるのはお前だけだ。
頼んだぞ。$k","$t0$Wmクロム|0$w0|$Wsクロム|$Wa$SvpSE_VOICE_CHROM_EVT_12|$E通常|$Nu, silahın kılıç ve...$k$pBir büyü kitabı mı? Büyü
de kullanabiliyor musun?$k
$Wmusername|6$w0|$Wsusername|$Wa...?$k
$Wsクロム|$Wa$SvpSE_VOICE_CHROM_EVT_2|$p$E苦,汗|Hey? İyi misin?$k$pAramızda büyü kullanabilen
tek sensin. Sana güveniyorum.$k"
53,MID_P002_TUT_戦闘（魔法）_PCF1,"$t0$Wmクロム|0$w0|$Wsクロム|$Wa$SvpSE_VOICE_CHROM_EVT_12|$E通常,|$Nu, tu disais que tu
savais te battre à l'épée et...$k$pAttends, c'est un tome ?
Saurais-tu... jeter des sorts ?$k
$Wmusername|6$w0|$Wsusername|$Wa$SvpSE_VOICE_PLAYER_F#_EVT_15|Je pense, oui... J'imagine que
je devrais vérifier ça.$k
$Wsクロム|$Wa$SvpSE_VOICE_CHROM_EVT_34|$p$E苦,汗|Euh oui, pourquoi pas...$k$pHmm... Peut-être que je devrais
garder mes distances pour le moment...$k
$Wsusername|$Wa$SvpSE_VOICE_PLAYER_F#_EVT_10|$pNe vous inquiétez pas, je sais ce que je
fais. J'en suis $Gsûr,sûre|...$k$pComment est-ce que ça marchait déjà ?
Ah oui...$k","$t0$Wmクロム|0$w0|$Wsクロム|$Wa$SvpSE_VOICE_CHROM_EVT_12|$E通常,|$Nu, du sagtest, dass du ein
Schwert führen kannst. Und...$k$pIst das ein Zauberbuch?
Du kennst dich mit Magie aus?$k
$Wmusername|6$w0|$Wsusername|$Wa$SvpSE_VOICE_PLAYER_F#_EVT_15|Ich glaube schon. Ich denke, wir können
das ganz leicht herausfinden.$k
$Wsクロム|$Wa$SvpSE_VOICE_CHROM_EVT_34|$p$E苦,汗|Du denkst, wir können...$k$pÄh, vielleicht sollte ich ein paar Schritte
zurücktreten.$k
$Wsusername|$Wa$SvpSE_VOICE_PLAYER_F#_EVT_10|$pNein, mir fällt es ganz sicher wieder ein.$k$pWie ging das noch mal mit der Magie?
Ah, ja...$k","$t0$Wmクロム|0$w0|$Wsクロム|$Wa$SvpSE_VOICE_CHROM_EVT_12|$E通常,|$Nu, vedo che hai
una spada. È una...$k$pUn momento, ma quello è un tomo?
Conosci anche l'arte della magia?$k
$Wmusername|6$w0|$Wsusername|$Wa$SvpSE_VOICE_PLAYER_F#_EVT_15|Forse sì... Perché non verifichiamo?$k
$Wsクロム|$Wa$SvpSE_VOICE_CHROM_EVT_34|$p$E苦,汗|Come ""Forse sì""?$k$pEhm, credo che rimarrò a un paio
di passi di distanza da te.$k
$Wsusername|$Wa$SvpSE_VOICE_PLAYER_F#_EVT_10|$pNo, sono $Gsicuro,sicura| di poterla controllare.$k$pMmmh, com'è che si faceva?
Ah, sì...$k","$t0$Wmクロム|0$w0|$Wsクロム|$Wa$SvpSE_VOICE_CHROM_EVT_12|$E通常,|Bueno, $Nu, veo que portas
una espada... Espero que sepas us...$k$pOye, ¿eso de ahí es un grimorio?
¡¿También sabes usar la magia?!$k
$Wmusername|6$w0|$Wsusername|$Wa$SvpSE_VOICE_PLAYER_F#_EVT_15|E-eso creo... Tendré que probar a ver.$k
$Wsクロム|$Wa$SvpSE_VOICE_CHROM_EVT_34|$p$E苦,汗|¿Que tendrás que...?$k$pTal vez debería quedarme detrás de ti...
al menos de momento.$k
$Wsusername|$Wa$SvpSE_VOICE_PLAYER_F#_EVT_10|$pNo hace falta.
Seguro que puedo controlarlo.$k$pA ver... ¿Cómo era esto?... ¡Ah, sí!$k","$t0$Wmクロム|0$w0|$Wsクロム|$Wa$SvpSE_VOICE_CHROM_EVT_12|$E通常,|So, $Nu, I see you
wear a sword. Is it―$k$pWait, is that a tome?
...You know magic?$k
$Wmusername|6$w0|$Wsusername|$Wa$SvpSE_VOICE_PLAYER_F#_EVT_15|I...believe so? I suppose I should check.$k
$Wsクロム|$Wa$SvpSE_VOICE_CHROM_EVT_34|$p$E苦,汗|You believe so?$k$pPerhaps I'll just keep a few paces
behind you for the time being...$k
$Wsusername|$Wa$SvpSE_VOICE_PLAYER_F#_EVT_10|$pNo, I can control it, I'm sure.$k$pNow, how did this work again?
Ah, yes...$k","$t0$Wmクロム|0$w0|$Wsクロム|$Wa$SvpSE_VOICE_CHROM_EVT_12|$E通常|$Nu, kılıç taşıyorsun. Peki ya―$k$pBir büyü kitabı mı?
Büyü de biliyor musun?$k
$Wmusername|6$w0|$Wsusername|$Wa$SvpSE_VOICE_PLAYER_F#_EVT_15|Ben... galiba? Deneyip görmem gerek.$k
$Wsクロム|$Wa$SvpSE_VOICE_CHROM_EVT_34|$p$E苦,汗|Galiba mı?$k$pSanırım şimdilik birkaç
adım arkanda duracağım...$k
$Wsusername|$Wa$SvpSE_VOICE_PLAYER_F#_EVT_10|$pHayır, kontrol edebilirim. Eminim.$k$pPeki
bu nasıl yapılıyordu? Ah, evet...$k"
54,MID_P002_TUT_戦闘（魔法）_PCF2,,,,,"$t0$Wmクロム|0$w0|$Wsクロム|$Wa$SvpSE_VOICE_CHROM_EVT_12|$E通常,|$Nu、
お前の武器は剣と…$k$p魔道書か。
お前、魔法も使えるのか？$k
$Wmusername|6$w0|$Wsusername|$Wa$SvpSE_VOICE_PLAYER_F#_EVT_15|はい、そうみたいですね。$k
$Wsクロム|$Wa$SvpSE_VOICE_CHROM_EVT_34|$p$E苦,汗|み、みたい？
大丈夫なのか？$k
$Wsusername|$Wa$SvpSE_VOICE_PLAYER_F#_EVT_10|$p少しずつ、
頭に浮かんできています…$k$p確か、魔法の使い方は…$k","$t0$Wmクロム|0$w0|$Wsクロム|$Wa$SvpSE_VOICE_CHROM_EVT_12|$E通常|$Nu, silahın kılıç ve...$k$pBir büyü kitabı mı? Büyü
de kullanabiliyor musun?$k
$Wmusername|6$w0|$Wsusername|$Wa$SvpSE_VOICE_PLAYER_F#_EVT_15|Evet, sanırım öyle.$k
$Wsクロム|$Wa$SvpSE_VOICE_CHROM_EVT_34|$p$E苦,汗|Galiba mı? İyi misin?$k
$Wsusername|$Wa$SvpSE_VOICE_PLAYER_F#_EVT_10|$pYavaş yavaş hatırlıyorum...$k$pSanırım büyü şöyle kullanılıyordu...$k"
55,MID_P002_TUT_戦闘（魔法）_PCF3,,,,,"$t0$Wmクロム|0$w0|$Wsクロム|$Wa$SvpSE_VOICE_CHROM_EVT_12|$E通常,|$Nu、
お前の武器は剣と…$k$p魔道書か。
お前、魔法も使えるのか？$k
$Wmusername|6$w0|$Wsusername|$Wa……？$k
$Wsクロム|$Wa$SvpSE_VOICE_CHROM_EVT_2|$p$E苦,汗|お、おい？
大丈夫なのか？$k$p魔法を使えるのはお前だけだ。
頼んだぞ。$k","$t0$Wmクロム|0$w0|$Wsクロム|$Wa$SvpSE_VOICE_CHROM_EVT_12|$E通常|$Nu, silahın kılıç ve...$k$pBir büyü kitabı mı? Büyü
de kullanabiliyor musun?$k
$Wmusername|6$w0|$Wsusername|$Wa...?$k
$Wsクロム|$Wa$SvpSE_VOICE_CHROM_EVT_2|$p$E苦,汗|Hey? İyi misin?$k$pAramızda büyü kullanabilen
tek sensin. Sana güveniyorum.$k"
56,MID_P002_TUT_回復_PCM1,"$t0$Wmクロム|0$w0|$Wsクロム|$Wa$SvpSE_VOICE_CHROM_EVT_34|$E怒,|Tout le monde va bien ?
Pas de blessés ?$k$pCe serait stupide de ne pas soigner
nos blessures...$k
$Wmusername|6$w0|$Wsusername|$Wa$SvpSE_VOICE_PLAYER_M#_EVT_13|$E通常,|Pour sûr. Un bâton de soin ou au moins
une potion devrait nous éviter le pire.$k","$t0$Wmクロム|0$w0|$Wsクロム|$Wa$SvpSE_VOICE_CHROM_EVT_34|$E怒,|Ist irgendjemand verletzt? Es wäre
dumm, eine Wunde nicht zu behandeln!$k
$Wmusername|6$w0|$Wsusername|$Wa$SvpSE_VOICE_PLAYER_M#_EVT_13|$E通常,|Ich weiß. Ein Stab oder ein Heilmittel
zur rechten Zeit kann Wunder wirken.$k","$t0$Wmクロム|0$w0|$Wsクロム|$Wa$SvpSE_VOICE_CHROM_EVT_34|$E怒,|State tutti bene? Bisogna curare
subito eventuali ferite!$k
$Wmusername|6$w0|$Wsusername|$Wa$SvpSE_VOICE_PLAYER_M#_EVT_13|$E通常,|È vero. Usare un bastone o un unguento
in tempo dovrebbe evitare il peggio.$k","$t0$Wmクロム|0$w0|$Wsクロム|$Wa$SvpSE_VOICE_CHROM_EVT_34|$E怒,|¿Hay alguien herido? ¡Debemos tratar
todas las lesiones!$k
$Wmusername|6$w0|$Wsusername|$Wa$SvpSE_VOICE_PLAYER_M#_EVT_13|$E通常,|Por supuesto. Podemos emplear un
bastón curativo o una poción.$k$pSi los usamos a tiempo, evitaremos
males mayores.$k","$t0$Wmクロム|0$w0|$Wsクロム|$Wa$SvpSE_VOICE_CHROM_EVT_34|$E怒,|Is anyone hurt? It would be foolish
to leave a wound untreated.$k
$Wmusername|6$w0|$Wsusername|$Wa$SvpSE_VOICE_PLAYER_M#_EVT_13|$E通常,|Indeed. Timely use of a staff or a
vulnerary should prevent the worst.$k","$t0$Wmクロム|0$w0|$Wsクロム|$Wa$SvpSE_VOICE_CHROM_EVT_34|$E怒|Yaralı var mı? Bir yarayı tedavi
edilmeden bırakmak aptallık olur.$k
$Wmusername|6$w0|$Wsusername|$Wa$SvpSE_VOICE_PLAYER_M#_EVT_13|$E通常|Evet. Bir asa ya da İksiri zamanında
kullanmak en kötü durumu önler.$k"
57,MID_P002_TUT_回復_PCM2,,,,,"$t0$Wmクロム|0$w0|$Wsクロム|$Wa$SvpSE_VOICE_CHROM_EVT_34|$E怒,|む、負傷したか…？$k
$Wmusername|6$w0|$Wsusername|$Wa$SvpSE_VOICE_PLAYER_M#_EVT_13|$E通常,|ケガをした時は、
早めに回復した方がいい。$k$p回復の方法は…$k","$t0$Wmクロム|0$w0|$Wsクロム|$Wa$SvpSE_VOICE_CHROM_EVT_34|$E怒|Hm, yaralandın mı...?$k
$Wmusername|6$w0|$Wsusername|$Wa$SvpSE_VOICE_PLAYER_M#_EVT_13|$E通常|Yaralanınca erken iyileşmek en iyisi.$k$pİyileşmenin yolu...$k"
58,MID_P002_TUT_回復_PCM3,,,,,"$t0$Wmクロム|0$w0|$Wsクロム|$Wa$SvpSE_VOICE_CHROM_EVT_34|$E怒,|む、負傷したか…？$k$p命は大事だ。傷薬か杖で
回復させた方が良いな。$k","$t0$Wmクロム|0$w0|$Wsクロム|$Wa$SvpSE_VOICE_CHROM_EVT_34|$E怒|Hm, yaralandın mı...?$k$pCanını riske atma. İksir ya da asa ile
iyileş.$k"
59,MID_P002_TUT_回復_PCF1,"$t0$Wmクロム|0$w0|$Wsクロム|$Wa$SvpSE_VOICE_CHROM_EVT_34|$E怒,|Tout le monde va bien ?
Pas de blessés ?$k$pCe serait stupide de ne pas soigner
nos blessures...$k
$Wmusername|6$w0|$Wsusername|$Wa$SvpSE_VOICE_PLAYER_F#_EVT_13|$E通常,|Pour sûr. Un bâton de soin ou au moins
une potion devrait nous éviter le pire.$k","$t0$Wmクロム|0$w0|$Wsクロム|$Wa$SvpSE_VOICE_CHROM_EVT_34|$E怒,|Ist irgendjemand verletzt? Es wäre
dumm, eine Wunde nicht zu behandeln!$k
$Wmusername|6$w0|$Wsusername|$Wa$SvpSE_VOICE_PLAYER_F#_EVT_13|$E通常,|Ich weiß. Ein Stab oder ein Heilmittel
zur rechten Zeit kann Wunder wirken.$k","$t0$Wmクロム|0$w0|$Wsクロム|$Wa$SvpSE_VOICE_CHROM_EVT_34|$E怒,|State tutti bene? Bisogna curare
subito eventuali ferite!$k
$Wmusername|6$w0|$Wsusername|$Wa$SvpSE_VOICE_PLAYER_F#_EVT_13|$E通常,|È vero. Usare un bastone o un unguento
in tempo dovrebbe evitare il peggio.$k","$t0$Wmクロム|0$w0|$Wsクロム|$Wa$SvpSE_VOICE_CHROM_EVT_34|$E怒,|¿Hay alguien herido? ¡Debemos tratar
todas las lesiones!$k
$Wmusername|6$w0|$Wsusername|$Wa$SvpSE_VOICE_PLAYER_F#_EVT_13|$E通常,|Por supuesto. Podemos emplear un
bastón curativo o una poción.$k$pSi los usamos a tiempo, evitaremos
males mayores.$k","$t0$Wmクロム|0$w0|$Wsクロム|$Wa$SvpSE_VOICE_CHROM_EVT_34|$E怒,|Is anyone hurt? It would be foolish
to leave a wound untreated.$k
$Wmusername|6$w0|$Wsusername|$Wa$SvpSE_VOICE_PLAYER_F#_EVT_13|$E通常,|Indeed. Timely use of a staff or a
vulnerary should prevent the worst.$k","$t0$Wmクロム|0$w0|$Wsクロム|$Wa$SvpSE_VOICE_CHROM_EVT_34|$E怒|Yaralı var mı? Bir yarayı tedavi
edilmeden bırakmak aptallık olur.$k
$Wmusername|6$w0|$Wsusername|$Wa$SvpSE_VOICE_PLAYER_F#_EVT_13|$E通常|Evet. Bir asa ya da İksiri zamanında
kullanmak en kötü durumu önler.$k"
60,MID_P002_TUT_回復_PCF2,,,,,"$t0$Wmクロム|0$w0|$Wsクロム|$Wa$SvpSE_VOICE_CHROM_EVT_34|$E怒,|む、負傷したか…？$k
$Wmusername|6$w0|$Wsusername|$Wa$SvpSE_VOICE_PLAYER_F#_EVT_13|$E通常,|ケガをした時は、
早めに回復した方がいいです。$k$p回復の方法は…$k","$t0$Wmクロム|0$w0|$Wsクロム|$Wa$SvpSE_VOICE_CHROM_EVT_34|$E怒|Hm, yaralandın mı...?$k
$Wmusername|6$w0|$Wsusername|$Wa$SvpSE_VOICE_PLAYER_F#_EVT_13|$E通常|Yaralanınca erken iyileşmek en iyisi.$k$pİyileşmenin yolu...$k"
61,MID_P002_TUT_回復_PCF3,,,,,"$t0$Wmクロム|0$w0|$Wsクロム|$Wa$SvpSE_VOICE_CHROM_EVT_34|$E怒,|む、負傷したか…？$k$p命は大事だ。傷薬か杖で
回復させた方が良いな。$k","$t0$Wmクロム|0$w0|$Wsクロム|$Wa$SvpSE_VOICE_CHROM_EVT_34|$E怒|Hm, yaralandın mı...?$k$pCanını riske atma. İksir ya da asa ile
iyileş.$k"
62,MID_P002_リズ,"$t0$Wmリズ|0$w0|$Wsリズ|$Wa$SvpSE_VOICE_LIZ_EVT_30|$E笑,|On va voir qui est « délicate »,
maintenant !$k$pPeut-être que je ne sais pas me battre,
mais lorsque vous êtes blessés...$k$p... c'est MOI qui remets vos os en place
avec mon bâton ! Na !$k$p$E笑,|Il te suffit de m'indiquer l'endroit,
$Nu.$k","$t0$Wmリズ|0$w0|$Wsリズ|$Wa$SvpSE_VOICE_LIZ_EVT_30|$E笑,|Wir werden ja sehen, wer hier zart ist!$k$pIch kann vielleicht nicht kämpfen wie
Chrom, aber wenn jemand verletzt ist...$k$pDann bin ICH diejenige, die seine
Knochen mit meinem Stab richtet!$k$p$E笑,|Sag mir nur, wohin ich gehen soll,
$Nu.$k","$t0$Wmリズ|0$w0|$Wsリズ|$Wa$SvpSE_VOICE_LIZ_EVT_30|$E笑,|Chi era la ""fragilina""?$k$pNon saprò lottare come Chrom ma
aspettate di rimanere feriti. Ah!$k$pSarò IO quella che vi rimetterà
in sesto con il mio bastone!$k$p$E笑,|Dimmi dove vuoi che mi
posizioni, $Nu.$k","$t0$Wmリズ|0$w0|$Wsリズ|$Wa$SvpSE_VOICE_LIZ_EVT_30|$E笑,|¡Anda! ¡Mira quién es
el delicado ahora!$k$pPuede que no sepa luchar como Chrom,
pero cuando hay alguien herido...$k$p¡Ahí entra en acción una servidora
para curarlo con su bastón!$k$p$E笑,|Tan solo tienes que indicarme dónde
quieres que vaya, $Nu.$k","$t0$Wmリズ|0$w0|$Wsリズ|$Wa$SvpSE_VOICE_LIZ_EVT_30|$E笑,|We'll see who's delicate!$k$pI may not be able to attack like Chrom,
but when you get injured?$k$pI'LL be the one stitching your bones
back together, care of my trusty staff!$k$p$E笑,|You just tell me where to be,
$Nu.$k","$t0$Wmリズ|0$w0|$Wsリズ|$Wa$SvpSE_VOICE_LIZ_EVT_30|$E笑|Kimin hassas olduğunu göreceğiz!$k$pChrom gibi saldıramayabilirim
ama yaralandığınızda?$k$pKemiklerinizi tekrar birleştiren kişi ben
olacağım, güvenilir ekibimin gözetiminde!$k$p$E笑|Bana sadece nerede olmam gerektiğini söyle
$Nu.$k"
63,MID_P002_TUT_サポートユニット_PCM1,"$t0$Wmクロム|0$w0|$Wsクロム|$Wa$SvpSE_VOICE_CHROM_EVT_25|$E通常,|Est-ce que ça va, $Nu ? Il ne
faut pas foncer tête baissée.$k
$Wmusername|6$w0|$Wsusername|$Wa$SvpSE_VOICE_PLAYER_M#_EVT_16|$E笑,|Je vais bien, Chrom.
Merci de vous en préoccuper.$k
$Wsクロム|$Wa$SvpSE_VOICE_CHROM_EVT_38|$p$E笑,|Tu nous as prêté tes forces,
et cela fait de toi $Gun,une| $Gami,amie|.$k
$pAvoir $Gun allié,une alliée| à mes côtés me donne
du courage...$k
$Wsusername|$Wa$SvpSE_VOICE_PLAYER_M#_EVT_20|$p$E通常,|Merci, mais je crois que ce n'est pas
qu'une question d'amitié et de courage.$k
$Wsクロム|$Wa$SvpSE_VOICE_CHROM_EVT_2|$p$E通常,|Qu'est-ce que tu veux dire ?$k
$Wsusername|$Wa$SvpSE_VOICE_PLAYER_M#_EVT_10|$p$E通常,|Je crois qu'il y a un avantage tactique
à se battre côte à côte. $k$pJ'ai du mal à m'en rappeler...
Laissez-moi y réfléchir...$k$pSe battre l'un à côté de l'autre... euh...
améliore la force, la défense, la vitesse.$k$pOui, oui... J'en suis $Gsûr,sûre| !$k","$t0$Wmクロム|0$w0|$Wsクロム|$Wa$SvpSE_VOICE_CHROM_EVT_25|$E通常,|Geht es dir gut, $Nu?
Begib dich nicht überstürzt in Gefahr!$k
$Wmusername|6$w0|$Wsusername|$Wa$SvpSE_VOICE_PLAYER_M#_EVT_16|$E笑,|Mir geht es gut. Danke, Chrom.$k
$Wsクロム|$Wa$SvpSE_VOICE_CHROM_EVT_38|$p$E笑,|Du gabst uns dein Schwert und das
macht dich zu einem Freund.$k
$pEinen Verbündeten an meiner Seite zu
wissen gibt mir Mut.$k
$Wsusername|$Wa$SvpSE_VOICE_PLAYER_M#_EVT_20|$p$E通常,|Vielen Dank, aber an der Sache ist noch
mehr dran.$k
$Wsクロム|$Wa$SvpSE_VOICE_CHROM_EVT_2|$p$E通常,|Wie meinst du das?$k
$Wsusername|$Wa$SvpSE_VOICE_PLAYER_M#_EVT_10|$p$E通常,|Es hat auch taktische Vorteile, Seite an
Seite zu kämpfen.$k$pPaarweises Kämpfen verbessert unsere
Stärke, Verteidigung, Geschwindigkeit...$k$pZumindest glaube ich, mich daran zu
erinnern, das so gelernt zu haben.$k","$t0$Wmクロム|0$w0|$Wsクロム|$Wa$SvpSE_VOICE_CHROM_EVT_25|$E通常,|Stai bene, $Nu?
Non devi esporti troppo!$k
$Wmusername|6$w0|$Wsusername|$Wa$SvpSE_VOICE_PLAYER_M#_EVT_16|$E笑,|Sto bene, Chrom. Non ti preoccupare.$k
$Wsクロム|$Wa$SvpSE_VOICE_CHROM_EVT_38|$p$E笑,|Sei stato di grande aiuto.
Questo fa di te $Gun amico,un'amica|.$k
$pAvere un alleato al mio
fianco mi dà coraggio.$k
$Wsusername|$Wa$SvpSE_VOICE_PLAYER_M#_EVT_20|$p$E通常,|Grazie, ma non è solo questo.$k
$Wsクロム|$Wa$SvpSE_VOICE_CHROM_EVT_2|$p$E通常,|Cosa vuoi dire?$k
$Wsusername|$Wa$SvpSE_VOICE_PLAYER_M#_EVT_10|$p$E通常,|Combattere fianco a fianco ha
anche un vantaggio strategico...$k$pCom'era? Ah sì... Agire in coppia
aumenta forza, difesa e velocità...$k$pSì, sì, è proprio così!$k","$t0$Wmクロム|0$w0|$Wsクロム|$Wa$SvpSE_VOICE_CHROM_EVT_25|$E通常,|¿Estás bien, $Nu?
¡No hagas ninguna locura!$k
$Wmusername|6$w0|$Wsusername|$Wa$SvpSE_VOICE_PLAYER_M#_EVT_16|$E笑,|Estoy bien, Chrom, no te preocupes.$k
$Wsクロム|$Wa$SvpSE_VOICE_CHROM_EVT_38|$p$E笑,|Nos has prestado tu apoyo y eso te
convierte en un amigo.$k
$pTener a un aliado más a mi lado me da
ánimos para la lucha.$k
$Wsusername|$Wa$SvpSE_VOICE_PLAYER_M#_EVT_20|$p$E通常,|Gracias, pero eso puede
darte algo más que ánimos.$k
$Wsクロム|$Wa$SvpSE_VOICE_CHROM_EVT_2|$p$E通常,|¿Qué quieres decir?$k
$Wsusername|$Wa$SvpSE_VOICE_PLAYER_M#_EVT_10|$p$E通常,|Pelear hombro con hombro ofrece
ventajas estratégicas... O eso creo...$k$pMmm... ¡Ya me acuerdo! Así, aumentan
nuestra fuerza, defensa, velocidad...$k$p¡Sí, eso es! ¡Estoy seguro!$k","$t0$Wmクロム|0$w0|$Wsクロム|$Wa$SvpSE_VOICE_CHROM_EVT_25|$E通常,|Are you all right, $Nu?
Don't rush into danger.$k
$Wmusername|6$w0|$Wsusername|$Wa$SvpSE_VOICE_PLAYER_M#_EVT_16|$E笑,|I'm fine, Chrom. Don't worry.$k
$Wsクロム|$Wa$SvpSE_VOICE_CHROM_EVT_38|$p$E笑,|You've lent us your strength,
and that makes you a friend.$k
$pHaving an ally by my side
gives me courage.$k
$Wsusername|$Wa$SvpSE_VOICE_PLAYER_M#_EVT_20|$p$E通常,|Thank you, but...I think there's
more to it than that.$k
$Wsクロム|$Wa$SvpSE_VOICE_CHROM_EVT_2|$p$E通常,|What do you mean?$k
$Wsusername|$Wa$SvpSE_VOICE_PLAYER_M#_EVT_10|$p$E通常,|I believe there's a tactical advantage
to fighting side by side...$k$pIt's fuzzy... Wait, yes: working in pairs
improves strength, defence, speed...$k$pYes, yes, I'm sure of it!$k","$t0$Wmクロム|0$w0|$Wsクロム|$Wa$SvpSE_VOICE_CHROM_EVT_25|$E通常|İyi misin, $Nu?
Kendini tehlikeye atma.$k
$Wmusername|6$w0|$Wsusername|$Wa$SvpSE_VOICE_PLAYER_M#_EVT_16|$E笑|İyiyim, Chrom. Merak etme.$k
$Wsクロム|$Wa$SvpSE_VOICE_CHROM_EVT_38|$p$E笑|Bize yardım ettin. Artık dostumuzsun.$k
$pYanımda bir dost olunca cesaret
buluyorum.$k
$Wsusername|$Wa$SvpSE_VOICE_PLAYER_M#_EVT_20|$p$E通常|Sağ ol ama... Sanırım bundan fazlası
var.$k
$Wsクロム|$Wa$SvpSE_VOICE_CHROM_EVT_2|$p$E通常|Ne demek istiyorsun?$k
$Wsusername|$Wa$SvpSE_VOICE_PLAYER_M#_EVT_10|$p$E通常|Yan yana savaşmanın taktiksel bir
avantajı olduğunu düşünüyorum...$k$pBulanık ama... Evet! İkili savaşmak
gücü, savunmayı ve hızı artırıyor...$k$pEvet, evet! Eminim!$k"
64,MID_P002_TUT_サポートユニット_PCM2,,,,,"$t0$Wmクロム|0$w0|$Wsクロム|$Wa$SvpSE_VOICE_CHROM_EVT_25|$E通常,|$Nu、無事か？
無理はするなよ。$k
$Wmusername|6$w0|$Wsusername|$Wa$SvpSE_VOICE_PLAYER_M#_EVT_16|$E笑,|うん。
ありがとう、クロム。$k
$Wsクロム|$Wa$SvpSE_VOICE_CHROM_EVT_38|$p$E笑,|共に戦う以上、
俺たちは仲間だ。助け合って戦おう。$k
$p仲間と声をかけ合えば
互いに勇気づけられるしな！$k
$Wsusername|$Wa$SvpSE_VOICE_PLAYER_M#_EVT_20|$p$E通常,|そうだね。仲間、か……$k
$Wsクロム|$Wa$SvpSE_VOICE_CHROM_EVT_2|$p$E通常,|？　どうした？$k
$Wsusername|$Wa$SvpSE_VOICE_PLAYER_M#_EVT_10|$p$E通常,|また、何か浮かびそうなんだ。
昔読んだ…戦術書か何か…$k$p仲間が隣にいれば、
お互いの戦力は強化される…$k$pなるべく、
仲間の隣で戦おう。$k","$t0$Wmクロム|0$w0|$Wsクロム|$Wa$SvpSE_VOICE_CHROM_EVT_25|$E通常|$Nu, iyi misin? Kendini zorlama.$k
$Wmusername|6$w0|$Wsusername|$Wa$SvpSE_VOICE_PLAYER_M#_EVT_16|$E笑|İyiyim, Chrom. Merak etme.$k
$Wsクロム|$Wa$SvpSE_VOICE_CHROM_EVT_38|$p$E笑|Birlikte savaştığımıza göre dostuz.
Birbirimize destek olalım.$k
$pYan yana savaşmak ikimize de cesaret
verir!$k
$Wsusername|$Wa$SvpSE_VOICE_PLAYER_M#_EVT_20|$p$E通常|Evet... Dostlar, ha...$k
$Wsクロム|$Wa$SvpSE_VOICE_CHROM_EVT_2|$p$E通常|Ne oldu?$k
$Wsusername|$Wa$SvpSE_VOICE_PLAYER_M#_EVT_10|$p$E通常|Yine bir şey hatırlayacak gibiyim. Eskiden
okuduğum bir taktik kitabı...$k$pBir müttefik yanındaysa ikinizin de savaş
gücü artar...$k$pMümkün olduğunca müttefiklerin yanında
savaşalım.$k"
65,MID_P002_TUT_サポートユニット_PCM3,,,,,"$t0$Wmクロム|0$w0|$Wsクロム|$Wa$SvpSE_VOICE_CHROM_EVT_25|$E通常,|$Nu、無事か？
無理はするなよ。$k
$Wmusername|6$w0|$Wsusername|$Wa$E笑,|……！$k
$Wsクロム|$Wa$SvpSE_VOICE_CHROM_EVT_7|$p$E笑,|共に戦う以上、
俺たちは仲間だ。助け合って戦おう。$k
$p仲間と声をかけ合えば
互いに勇気づけられるしな！$k
$Wsusername|$Wa$p$E通常,|……$k
$Wsクロム|$Wa$SvpSE_VOICE_CHROM_EVT_2|$p$E通常,|？　どうした？
また何か浮かびそうなのか？$k$pそうだな…確かに仲間が隣にいれば、
戦闘でもお互い協力できる…$k$pなるべく
仲間の隣で戦ってみるか。$k","$t0$Wmクロム|0$w0|$Wsクロム|$Wa$SvpSE_VOICE_CHROM_EVT_25|$E通常|$Nu, iyi misin? Kendini zorlama.$k
$Wmusername|6$w0|$Wsusername|$Wa$E笑|...!$k
$Wsクロム|$Wa$SvpSE_VOICE_CHROM_EVT_7|$p$E笑|Birlikte savaştığımıza göre dostuz.
Birbirimize destek olalım.$k
$pYan yana savaşmak ikimize de cesaret
verir!$k
$Wsusername|$Wa$p$E通常|...$k
$Wsクロム|$Wa$SvpSE_VOICE_CHROM_EVT_2|$p$E通常|Ne oldu? Yine bir şey mi
hatırladın?$k$pEvet... Yanımızda bir dost olunca
savaşta birbirimize destek olabiliyoruz.$k$pMümkün olduğunca bir
dostun yanında savaşalım.$k"
66,MID_P002_TUT_サポートユニット_PCF1,"$t0$Wmクロム|0$w0|$Wsクロム|$Wa$SvpSE_VOICE_CHROM_EVT_25|$E通常,|Est-ce que ça va, $Nu ? Il ne
faut pas foncer tête baissée.$k
$Wmusername|6$w0|$Wsusername|$Wa$SvpSE_VOICE_PLAYER_F#_EVT_16|$E笑,|Je vais bien, Chrom.
Merci de vous en préoccuper.$k
$Wsクロム|$Wa$SvpSE_VOICE_CHROM_EVT_38|$p$E笑,|Tu nous as prêté ton épée,
et cela fait de toi $Gun,une| $Gami,amie|.$k
$pAvoir $Gun allié,une alliée| à mes côtés me donne
du courage...$k
$Wsusername|$Wa$SvpSE_VOICE_PLAYER_F#_EVT_20|$p$E通常,|Merci, mais je crois que ce n'est pas
qu'une question d'amitié et de courage.$k
$Wsクロム|$Wa$SvpSE_VOICE_CHROM_EVT_2|$p$E通常,|Qu'est-ce que tu veux dire ?$k
$Wsusername|$Wa$SvpSE_VOICE_PLAYER_F#_EVT_10|$p$E通常,|Je crois qu'il y a un avantage tactique
à se battre côte à côte. $k$pJ'ai du mal à m'en rappeler...
Laissez-moi y réfléchir...$k$pSe battre l'un à côté de l'autre... euh...
améliore la force, la défense, la vitesse.$k$pOui, oui... J'en suis $Gsûr,sûre| !$k","$t0$Wmクロム|0$w0|$Wsクロム|$Wa$SvpSE_VOICE_CHROM_EVT_25|$E通常,|Geht es dir gut, $Nu?
Begib dich nicht überstürzt in Gefahr!$k
$Wmusername|6$w0|$Wsusername|$Wa$SvpSE_VOICE_PLAYER_F#_EVT_16|$E笑,|Mir geht es gut. Danke, Chrom.$k
$Wsクロム|$Wa$SvpSE_VOICE_CHROM_EVT_38|$p$E笑,|Du gabst uns dein Schwert und das
macht dich zu einem Freund.$k
$pEinen Verbündeten an meiner Seite zu
wissen gibt mir Mut.$k
$Wsusername|$Wa$SvpSE_VOICE_PLAYER_F#_EVT_20|$p$E通常,|Vielen Dank, aber an der Sache ist noch
mehr dran.$k
$Wsクロム|$Wa$SvpSE_VOICE_CHROM_EVT_2|$p$E通常,|Wie meinst du das?$k
$Wsusername|$Wa$SvpSE_VOICE_PLAYER_F#_EVT_10|$p$E通常,|Es hat auch taktische Vorteile, Seite an
Seite zu kämpfen.$k$pPaarweises Kämpfen verbessert unsere
Stärke, Verteidigung, Geschwindigkeit...$k$pZumindest glaube ich, mich daran zu
erinnern, das so gelernt zu haben.$k","$t0$Wmクロム|0$w0|$Wsクロム|$Wa$SvpSE_VOICE_CHROM_EVT_25|$E通常,|Stai bene, $Nu?
Non devi esporti troppo!$k
$Wmusername|6$w0|$Wsusername|$Wa$SvpSE_VOICE_PLAYER_F#_EVT_16|$E笑,|Sto bene, Chrom. Non ti preoccupare.$k
$Wsクロム|$Wa$SvpSE_VOICE_CHROM_EVT_38|$p$E笑,|Sei stata di grande aiuto.
Questo fa di te $Gun amico,un'amica|.$k
$pAvere un alleato al mio
fianco mi dà coraggio.$k
$Wsusername|$Wa$SvpSE_VOICE_PLAYER_F#_EVT_20|$p$E通常,|Grazie, ma non è solo questo.$k
$Wsクロム|$Wa$SvpSE_VOICE_CHROM_EVT_2|$p$E通常,|Cosa vuoi dire?$k
$Wsusername|$Wa$SvpSE_VOICE_PLAYER_F#_EVT_10|$p$E通常,|Combattere fianco a fianco ha
anche un vantaggio strategico...$k$pCom'era? Ah sì... Agire in coppia
aumenta forza, difesa e velocità...$k$pSì, sì, è proprio così!$k","$t0$Wmクロム|0$w0|$Wsクロム|$Wa$SvpSE_VOICE_CHROM_EVT_25|$E通常,|¿Estás bien, $Nu?
¡No hagas ninguna locura!$k
$Wmusername|6$w0|$Wsusername|$Wa$SvpSE_VOICE_PLAYER_F#_EVT_16|$E笑,|Estoy bien, Chrom, no te preocupes.$k
$Wsクロム|$Wa$SvpSE_VOICE_CHROM_EVT_38|$p$E笑,|Nos has prestado tu apoyo y eso te
convierte en una amiga.$k
$pTener a una aliada más a mi lado me da
ánimos para la lucha.$k
$Wsusername|$Wa$SvpSE_VOICE_PLAYER_F#_EVT_20|$p$E通常,|Gracias, pero eso puede
darte algo más que ánimos.$k
$Wsクロム|$Wa$SvpSE_VOICE_CHROM_EVT_2|$p$E通常,|¿Qué quieres decir?$k
$Wsusername|$Wa$SvpSE_VOICE_PLAYER_F#_EVT_10|$p$E通常,|Pelear hombro con hombro ofrece
ventajas estratégicas... O eso creo...$k$pMmm... ¡Ya me acuerdo! Así, aumentan
nuestra fuerza, defensa, velocidad...$k$p¡Sí, eso es! ¡Estoy segura!$k","$t0$Wmクロム|0$w0|$Wsクロム|$Wa$SvpSE_VOICE_CHROM_EVT_25|$E通常,|Are you all right, $Nu?
Don't rush into danger!$k
$Wmusername|6$w0|$Wsusername|$Wa$SvpSE_VOICE_PLAYER_F#_EVT_16|$E笑,|I'm fine, Chrom. Don't worry.$k
$Wsクロム|$Wa$SvpSE_VOICE_CHROM_EVT_38|$p$E笑,|You've lent us your strength,
and that makes you a friend.$k
$pHaving an ally by my side
gives me courage.$k
$Wsusername|$Wa$SvpSE_VOICE_PLAYER_F#_EVT_20|$p$E通常,|Thank you, but...I think there's
more to it than that.$k
$Wsクロム|$Wa$SvpSE_VOICE_CHROM_EVT_2|$p$E通常,|What do you mean?$k
$Wsusername|$Wa$SvpSE_VOICE_PLAYER_F#_EVT_10|$p$E通常,|I believe there's a tactical advantage
to fighting side by side...$k$pIt's fuzzy... Wait, yes: working in pairs
improves strength, defence, speed...$k$pYes, yes, I'm sure of it!$k","$t0$Wmクロム|0$w0|$Wsクロム|$Wa$SvpSE_VOICE_CHROM_EVT_25|$E通常|İyi misin, $Nu?
Kendini tehlikeye atma.$k
$Wmusername|6$w0|$Wsusername|$Wa$SvpSE_VOICE_PLAYER_F#_EVT_16|$E笑|İyiyim, Chrom. Merak etme.$k
$Wsクロム|$Wa$SvpSE_VOICE_CHROM_EVT_38|$p$E笑|Bize yardım ettin. Artık dostumuzsun.$k
$pYanımda bir dost olunca cesaret
buluyorum.$k
$Wsusername|$Wa$SvpSE_VOICE_PLAYER_F#_EVT_20|$p$E通常|Sağ ol ama... Sanırım bundan fazlası
var.$k
$Wsクロム|$Wa$SvpSE_VOICE_CHROM_EVT_2|$p$E通常|Ne demek istiyorsun?$k
$Wsusername|$Wa$SvpSE_VOICE_PLAYER_F#_EVT_10|$p$E通常|Yan yana savaşmanın taktiksel bir
avantajı olduğunu düşünüyorum...$k$pBulanık ama... Evet! İkili savaşmak
gücü, savunmayı ve hızı artırıyor...$k$pEvet, evet! Eminim!$k"
67,MID_P002_TUT_サポートユニット_PCF2,,,,,"$t0$Wmクロム|0$w0|$Wsクロム|$Wa$SvpSE_VOICE_CHROM_EVT_25|$E通常,|$Nu、無事か？
無理はするなよ。$k
$Wmusername|6$w0|$Wsusername|$Wa$SvpSE_VOICE_PLAYER_F#_EVT_16|$E笑,|はい。
ありがとうございます、クロムさん。$k
$Wsクロム|$Wa$SvpSE_VOICE_CHROM_EVT_38|$p$E笑,|共に戦う以上、
俺たちは仲間だ。助け合って戦おう。$k
$p仲間と声をかけ合えば
互いに勇気づけられるしな！$k
$Wsusername|$Wa$SvpSE_VOICE_PLAYER_F#_EVT_20|$p$E通常,|そうですね。…仲間……$k
$Wsクロム|$Wa$SvpSE_VOICE_CHROM_EVT_2|$p$E通常,|？　どうした？$k
$Wsusername|$Wa$SvpSE_VOICE_PLAYER_F#_EVT_10|$p$E通常,|また、何か浮かびそうなんです。
昔読んだ…戦術書か何か…$k$p仲間が隣にいれば、
お互いの戦力は強化される…$k$pなるべく、
仲間の隣で戦いましょう。$k","$t0$Wmクロム|0$w0|$Wsクロム|$Wa$SvpSE_VOICE_CHROM_EVT_25|$E通常|$Nu, iyi misin? Kendini zorlama.$k
$Wmusername|6$w0|$Wsusername|$Wa$SvpSE_VOICE_PLAYER_F#_EVT_16|$E笑|İyiyim, Chrom. Merak etme.$k
$Wsクロム|$Wa$SvpSE_VOICE_CHROM_EVT_38|$p$E笑|Birlikte savaştığımıza göre dostuz.
Birbirimize destek olalım.$k
$pYan yana savaşmak ikimize de cesaret
verir!$k
$Wsusername|$Wa$SvpSE_VOICE_PLAYER_F#_EVT_20|$p$E通常|Evet... Dost olmak...$k
$Wsクロム|$Wa$SvpSE_VOICE_CHROM_EVT_2|$p$E通常|Ne oldu?$k
$Wsusername|$Wa$SvpSE_VOICE_PLAYER_F#_EVT_10|$p$E通常|Yine bir şey hatırlayacak gibiyim. Eskiden
okuduğum bir taktik kitabı...$k$pBir müttefik yanındaysa ikinizin de savaş
gücü artar...$k$pMümkün olduğunca müttefiklerin yanında
savaşalım.$k"
68,MID_P002_TUT_サポートユニット_PCF3,,,,,"$t0$Wmクロム|0$w0|$Wsクロム|$Wa$SvpSE_VOICE_CHROM_EVT_25|$E通常,|$Nu、無事か？
無理はするなよ。$k
$Wmusername|6$w0|$Wsusername|$Wa$E笑,|……$k
$Wsクロム|$Wa$SvpSE_VOICE_CHROM_EVT_7|$p$E笑,|共に戦う以上、
俺たちは仲間だ。助け合って戦おう。$k
$p仲間と声をかけ合えば
互いに勇気づけられるしな！$k
$Wsusername|$Wa$p$E通常,|……$k
$Wsクロム|$Wa$SvpSE_VOICE_CHROM_EVT_2|$p$E通常,|？　どうした？
また何か浮かびそうなのか？$k$pそうだな…確かに仲間が隣にいれば、
戦闘でもお互い協力できる…$k$pなるべく
仲間の隣で戦ってみるか。$k","$t0$Wmクロム|0$w0|$Wsクロム|$Wa$SvpSE_VOICE_CHROM_EVT_25|$E通常|$Nu, iyi misin? Kendini zorlama.$k
$Wmusername|6$w0|$Wsusername|$Wa$E笑|...!$k
$Wsクロム|$Wa$SvpSE_VOICE_CHROM_EVT_7|$p$E笑|Birlikte savaştığımıza göre dostuz.
Birbirimize destek olalım.$k
$pYan yana savaşmak ikimize de cesaret
verir!$k
$Wsusername|$Wa$p$E通常|...$k
$Wsクロム|$Wa$SvpSE_VOICE_CHROM_EVT_2|$p$E通常|Ne oldu? Yine bir şey mi
hatırladın?$k$pEvet... Yanımızda bir dost olunca
savaşta birbirimize destek olabiliyoruz.$k$pMümkün olduğunca bir
dostun yanında savaşalım.$k"
69,MID_P002_TUT_ユニットのロスト,"$t0$Wmフレデリク|0$w0|$Wsフレデリク|$Wa$SvjSE_VOICE_FREDERIK_EVT_9|$SveSE_VOICE_FREDERIK_EVT_17|N'oubliez pas, $Nu. Ce sont
des voleurs expérimentés...$k$p... mais aussi de véritables meurtriers.$k$pIls ne font preuve d'aucune pitié.
C'est tuer, ou être tué.$k","$t0$Wmフレデリク|0$w0|$Wsフレデリク|$Wa$SvjSE_VOICE_FREDERIK_EVT_9|$SveSE_VOICE_FREDERIK_EVT_17|Denk daran, $Nu, das sind
brutale Diebe und Mörder.$k$pSie werden uns kein Pardon gewähren.
Es heißt entweder die oder wir.$k","$t0$Wmフレデリク|0$w0|$Wsフレデリク|$Wa$SvjSE_VOICE_FREDERIK_EVT_9|$SveSE_VOICE_FREDERIK_EVT_17|Ricordate, $Nu, abbiamo a
che fare con ladri e assassini esperti.$k$pNon ci daranno tregua.
È una lotta all'ultimo sangue.$k","$t0$Wmフレデリク|0$w0|$Wsフレデリク|$Wa$SvjSE_VOICE_FREDERIK_EVT_9|$SveSE_VOICE_FREDERIK_EVT_17|Recuerda, $Nu: luchamos
contra malhechores experimentados.$k$pNo mostrarán piedad alguna. Esto va en
serio; la lucha será a vida o muerte.$k","$t0$Wmフレデリク|0$w0|$Wsフレデリク|$Wa$SvjSE_VOICE_FREDERIK_EVT_9|$SveSE_VOICE_FREDERIK_EVT_17|Remember, $Nu, we face
practised thieves and murderers.$k$pThey will grant us no quarter.
It's kill or be killed.$k","$t0$Wmフレデリク|0$w0|$Wsフレデリク|$Wa$SvjSE_VOICE_FREDERIK_EVT_9|$SveSE_VOICE_FREDERIK_EVT_17|Unutma, $Nu; karşımızda
usta hırsızlar ve katiller var.$k$pBize hiç acımayacaklar.
Ya öldürürüz ya ölürüz.$k"
70,MID_P002_TUT_タッチヘルプ_PCM1,"$t0$Wmクロム|0$w0|$Wsクロム|$Wa$SvpSE_VOICE_CHROM_EVT_42|Toujours parmi nous, $Nu ?$k
$Wmusername|6$w0|$Wsusername|$Wa$SvpSE_VOICE_PLAYER_M#_EVT_9|Hmm... C'est étrange.$k$p$pSur un champ de bataille, je peux...
Hmm... Je peux « voir » des choses...$k
$Wsクロム|$Wa$SvpSE_VOICE_CHROM_EVT_3|$p« Voir » des choses ?
Quoi, par exemple ?$k
$Wsusername|$Wa$SvpSE_VOICE_PLAYER_M#_EVT_11|$pJe parle de la force de l'ennemi, de son
arsenal, de ses mouvements...$k$pJ'ai probablement dû étudier ça
quelque part.$k
$Wsクロム|$Wa$SvpSE_VOICE_CHROM_EVT_12|$pTu serais donc capable de jauger
un adversaire d'un simple coup d'œil ?$k
$Wsusername|$Wa$SvpSE_VOICE_PLAYER_M#_EVT_15|$pOn dirait. Je peux peut-être même faire
plus que ça, si je m'applique.$k","$t0$Wmクロム|0$w0|$Wsクロム|$Wa$SvpSE_VOICE_CHROM_EVT_42|Immer noch bei uns, $Nu?$k
$Wmusername|6$w0|$Wsusername|$Wa$SvpSE_VOICE_PLAYER_M#_EVT_9|Hmm... Das ist seltsam.$k$p$pHier auf dem Schlachtfeld kann ich...$k$pNun, ich kann irgendwie...
Dinge erkennen.$k
$Wsクロム|$Wa$SvpSE_VOICE_CHROM_EVT_3|$pWirklich? Was denn zum Beispiel?$k
$Wsusername|$Wa$SvpSE_VOICE_PLAYER_M#_EVT_11|$pDie Stärke der Gegner, ihre
Bewaffnung, den Fluss des Kampfes...$k$pIch muss das irgendwo erlernt haben.$k
$Wsクロム|$Wa$SvpSE_VOICE_CHROM_EVT_12|$pAlso willst du sagen, dass du den Feind
mit einem Blick einschätzen kannst?$k
$Wsusername|$Wa$SvpSE_VOICE_PLAYER_M#_EVT_15|$pJa, und vielleicht sogar noch mehr, wenn
ich mir Mühe gebe.$k
","$t0$Wmクロム|0$w0|$Wsクロム|$Wa$SvpSE_VOICE_CHROM_EVT_42|Sei ancora dei nostri, $Nu?$k
$Wmusername|6$w0|$Wsusername|$Wa$SvpSE_VOICE_PLAYER_M#_EVT_9|Mmmh... Che strano.$k$p$pSul campo di battaglia, io riesco...
Sì, riesco a ""vedere"" delle cose.$k
$Wsクロム|$Wa$SvpSE_VOICE_CHROM_EVT_3|$pDavvero? Per esempio?$k
$Wsusername|$Wa$SvpSE_VOICE_PLAYER_M#_EVT_11|$pLa forza del nemico, le loro armi,
il corso della battaglia...$k$pDevo averlo studiato da qualche parte.$k
$Wsクロム|$Wa$SvpSE_VOICE_CHROM_EVT_12|$pVuoi dire che saresti anche in grado di
valutare il nemico nel suo complesso?$k
$Wsusername|$Wa$SvpSE_VOICE_PLAYER_M#_EVT_15|$pSì, e credo di poter fare anche
di più, se mi impegno.$k
","$t0$Wmクロム|0$w0|$Wsクロム|$Wa$SvpSE_VOICE_CHROM_EVT_42|¿Estás... bien, $Nu?$k
$Wmusername|6$w0|$Wsusername|$Wa$SvpSE_VOICE_PLAYER_M#_EVT_9|Mmm... Qué extraño...$k$p$pDurante los combates puedo...
Bueno... Puedo ""ver"" cosas.$k
$Wsクロム|$Wa$SvpSE_VOICE_CHROM_EVT_3|$p¿Qué clase de cosas?$k
$Wsusername|$Wa$SvpSE_VOICE_PLAYER_M#_EVT_11|$pLa fuerza del enemigo, sus armas,
el devenir de la batalla...$k$pDebo de haber estudiado esto en
alguna parte...$k
$Wsクロム|$Wa$SvpSE_VOICE_CHROM_EVT_12|$pEntonces, ¿puedes medir la capacidad
de un enemigo de un vistazo?$k
$Wsusername|$Wa$SvpSE_VOICE_PLAYER_M#_EVT_15|$pEso parece. Y quizá pueda hacer mucho
más si me pongo a ello...$k
","$t0$Wmクロム|0$w0|$Wsクロム|$Wa$SvpSE_VOICE_CHROM_EVT_42|Still with us, $Nu?$k
$Wmusername|6$w0|$Wsusername|$Wa$SvpSE_VOICE_PLAYER_M#_EVT_9|Hmm... It's strange.$k$p$pHere on the battlefield, I can...
Well, I can ""see"" things.$k
$Wsクロム|$Wa$SvpSE_VOICE_CHROM_EVT_3|$pSee things? Like what?$k
$Wsusername|$Wa$SvpSE_VOICE_PLAYER_M#_EVT_11|$pThe enemy's strength, their weaponry,
the flow of battle...$k$pI must have studied this somewhere.$k
$Wsクロム|$Wa$SvpSE_VOICE_CHROM_EVT_12|$pSo, you're saying you can size up
the enemy at a glance?$k
$Wsusername|$Wa$SvpSE_VOICE_PLAYER_M#_EVT_15|$pYes, it would seem so. And perhaps
more, if I apply myself...$k
","$t0$Wmクロム|0$w0|$Wsクロム|$Wa$SvpSE_VOICE_CHROM_EVT_42|Hâlâ bizimle misin, $Nu?$k
$Wmusername|6$w0|$Wsusername|$Wa$SvpSE_VOICE_PLAYER_M#_EVT_9|Hımm... Tuhaf.$k$p$pSavaş alanında... bazı
şeyleri birden görebiliyorum.$k
$Wsクロム|$Wa$SvpSE_VOICE_CHROM_EVT_3|$pGörebiliyor musun? Neyi?$k
$Wsusername|$Wa$SvpSE_VOICE_PLAYER_M#_EVT_11|$pDüşmanın gücü, silahları, savaşın
gidişi...$k$pBunları bir yerde öğrenmiş
olmalıyım.$k
$Wsクロム|$Wa$SvpSE_VOICE_CHROM_EVT_12|$pYani düşmana bakınca gücünü
anlayabiliyorsun?$k
$Wsusername|$Wa$SvpSE_VOICE_PLAYER_M#_EVT_15|$pEvet, öyle görünüyor. İstersem daha
fazlasını da görebilirim...$k
"
71,MID_P002_TUT_タッチヘルプ_PCM2,,,,,"$t0$Wmクロム|0$w0|$Wsクロム|$Wa$SvpSE_VOICE_CHROM_EVT_42|さぁ、行くぞ$Nu！$k
$Wmusername|6$w0|$Wsusername|$Wa$SvpSE_VOICE_PLAYER_M#_EVT_9|……
なんだか変な感覚だ…$k$p$p戦場に立つと…見えてくる…
色んなものが、急に…$k
$Wsクロム|$Wa$SvpSE_VOICE_CHROM_EVT_3|$p見える？$k
$Wsusername|$Wa$SvpSE_VOICE_PLAYER_M#_EVT_11|$p相手の能力、戦況、武器…
これは過去に学んだ知識…？$k
$Wsクロム|$Wa$SvpSE_VOICE_CHROM_EVT_12|$pよくわからんが…お前は
相手を見ただけで強さがわかる、と？$k
$Wsusername|$Wa$SvpSE_VOICE_PLAYER_M#_EVT_15|$pあぁ。その気になれば
もっと詳しいことも…$k
","$t0$Wmクロム|0$w0|$Wsクロム|$Wa$SvpSE_VOICE_CHROM_EVT_42|$Nu, haydi gidelim!$k
$Wmusername|6$w0|$Wsusername|$Wa$SvpSE_VOICE_PLAYER_M#_EVT_9|...Tuhaf bir his...$k$p$pSavaş alanına çıkınca... Birden
çok şeyi görebiliyorum...$k
$Wsクロム|$Wa$SvpSE_VOICE_CHROM_EVT_3|$pGörebiliyor musun?$k
$Wsusername|$Wa$SvpSE_VOICE_PLAYER_M#_EVT_11|$pDüşmanın gücü, savaşın gidişi, silahlar...
Bunları önceden mi öğrenmiştim?$k
$Wsクロム|$Wa$SvpSE_VOICE_CHROM_EVT_12|$pYani birine bakınca ne kadar güçlü
olduğunu anlayabiliyorsun?$k
$Wsusername|$Wa$SvpSE_VOICE_PLAYER_M#_EVT_15|$pEvet. İstersem daha ayrıntılı şeyleri de
görebilirim...$k
"
72,MID_P002_TUT_タッチヘルプ_PCM3,,,,,"$t0$Wmクロム|0$w0|$Wsクロム|$Wa$SvpSE_VOICE_CHROM_EVT_42|さぁ、行くぞ$Nu！$k
$Wmusername|6$w0|$Wsusername|$Wa……
……？$k
$Wsクロム|$Wa$SvpSE_VOICE_CHROM_EVT_3|$p何かが…見える？
どういうことだ？$k$p相手の能力、戦況…
武器やその性能…$k$pよくわからんが…お前は
相手を見ただけで強さがわかる、と？$k
$Wsusername|$Wa$E笑,|$p……！$k
","$t0$Wmクロム|0$w0|$Wsクロム|$Wa$SvpSE_VOICE_CHROM_EVT_42|$Nu, haydi gidelim!$k
$Wmusername|6$w0|$Wsusername|$Wa...?$k
$Wsクロム|$Wa$SvpSE_VOICE_CHROM_EVT_3|$pBir şeyler mi görüyorsun? Ne demek
bu?$k$pDüşmanın gücü, savaşın gidişi...
Silahları ve özellikleri...$k$pYani birine bakınca ne kadar
güçlü olduğunu anlayabiliyorsun?$k
$Wsusername|$Wa$E笑|$p...!$k
"
73,MID_P002_TUT_タッチヘルプ_PCF1,"$t0$Wmクロム|0$w0|$Wsクロム|$Wa$SvpSE_VOICE_CHROM_EVT_42|Toujours parmi nous, $Nu ?$k
$Wmusername|6$w0|$Wsusername|$Wa$SvpSE_VOICE_PLAYER_F#_EVT_9|Hmm... C'est étrange.$k$p$pSur un champ de bataille, je peux...
Hmm... Je peux « voir » des choses...$k
$Wsクロム|$Wa$SvpSE_VOICE_CHROM_EVT_3|$p« Voir » des choses ?
Quoi, par exemple ?$k
$Wsusername|$Wa$SvpSE_VOICE_PLAYER_F#_EVT_11|$pJe parle de la force de l'ennemi, de son
arsenal, de ses mouvements...$k$pJ'ai probablement dû étudier ça
quelque part.$k
$Wsクロム|$Wa$SvpSE_VOICE_CHROM_EVT_12|$pTu serais donc capable de jauger
un adversaire d'un simple coup d'œil ?$k
$Wsusername|$Wa$SvpSE_VOICE_PLAYER_F#_EVT_15|$pOn dirait. Je peux peut-être même faire
plus que ça, si je m'applique.$k","$t0$Wmクロム|0$w0|$Wsクロム|$Wa$SvpSE_VOICE_CHROM_EVT_42|Immer noch bei uns, $Nu?$k
$Wmusername|6$w0|$Wsusername|$Wa$SvpSE_VOICE_PLAYER_F#_EVT_9|Hmm... Das ist seltsam.$k$p$pHier auf dem Schlachtfeld kann ich...$k$pNun, ich kann irgendwie...
Dinge erkennen.$k
$Wsクロム|$Wa$SvpSE_VOICE_CHROM_EVT_3|$pWirklich? Was denn zum Beispiel?$k
$Wsusername|$Wa$SvpSE_VOICE_PLAYER_F#_EVT_11|$pDie Stärke der Gegner, ihre
Bewaffnung, den Fluss des Kampfes...$k$pIch muss das irgendwo erlernt haben.$k
$Wsクロム|$Wa$SvpSE_VOICE_CHROM_EVT_12|$pAlso willst du sagen, dass du den Feind
mit einem Blick einschätzen kannst?$k
$Wsusername|$Wa$SvpSE_VOICE_PLAYER_F#_EVT_15|$pJa, und vielleicht sogar noch mehr, wenn
ich mir Mühe gebe.$k
","$t0$Wmクロム|0$w0|$Wsクロム|$Wa$SvpSE_VOICE_CHROM_EVT_42|Sei ancora dei nostri, $Nu?$k
$Wmusername|6$w0|$Wsusername|$Wa$SvpSE_VOICE_PLAYER_F#_EVT_9|Mmmh... Che strano.$k$p$pSul campo di battaglia, io riesco...
Sì, riesco a ""vedere"" delle cose.$k
$Wsクロム|$Wa$SvpSE_VOICE_CHROM_EVT_3|$pDavvero? Per esempio?$k
$Wsusername|$Wa$SvpSE_VOICE_PLAYER_F#_EVT_11|$pLa forza del nemico, le loro armi,
il corso della battaglia...$k$pDevo averlo studiato da qualche parte.$k
$Wsクロム|$Wa$SvpSE_VOICE_CHROM_EVT_12|$pVuoi dire che saresti anche in grado di
valutare il nemico nel suo complesso?$k
$Wsusername|$Wa$SvpSE_VOICE_PLAYER_F#_EVT_15|$pSì, e forse posso fare anche
di più, se mi impegno.$k
","$t0$Wmクロム|0$w0|$Wsクロム|$Wa$SvpSE_VOICE_CHROM_EVT_42|¿Estás... bien, $Nu?$k
$Wmusername|6$w0|$Wsusername|$Wa$SvpSE_VOICE_PLAYER_F#_EVT_9|Mmm... Qué extraño...$k$p$pDurante los combates puedo...
Bueno... Puedo ""ver"" cosas.$k
$Wsクロム|$Wa$SvpSE_VOICE_CHROM_EVT_3|$p¿Qué clase de cosas?$k
$Wsusername|$Wa$SvpSE_VOICE_PLAYER_F#_EVT_11|$pLa fuerza del enemigo, sus armas,
el devenir de la batalla...$k$pDebo de haber estudiado esto en
alguna parte...$k
$Wsクロム|$Wa$SvpSE_VOICE_CHROM_EVT_12|$pEntonces, ¿puedes medir la capacidad
de un enemigo de un vistazo?$k
$Wsusername|$Wa$SvpSE_VOICE_PLAYER_F#_EVT_15|$pEso parece. Y quizá pueda hacer mucho
más si me pongo a ello...$k","$t0$Wmクロム|0$w0|$Wsクロム|$Wa$SvpSE_VOICE_CHROM_EVT_42|Still with us, $Nu?$k
$Wmusername|6$w0|$Wsusername|$Wa$SvpSE_VOICE_PLAYER_F#_EVT_9|Hmm... It's strange.$k$p$pHere on the battlefield, I can...
Well, I can ""see"" things.$k
$Wsクロム|$Wa$SvpSE_VOICE_CHROM_EVT_3|$pSee things? Like what?$k
$Wsusername|$Wa$SvpSE_VOICE_PLAYER_F#_EVT_11|$pThe enemy's strength, their weaponry,
the flow of battle...$k$pI must have studied this somewhere.$k
$Wsクロム|$Wa$SvpSE_VOICE_CHROM_EVT_12|$pSo, you're saying you can size up
the enemy at a glance?$k
$Wsusername|$Wa$SvpSE_VOICE_PLAYER_F#_EVT_15|$pYes, it would seem so. And perhaps
more, if I apply myself...$k
","$t0$Wmクロム|0$w0|$Wsクロム|$Wa$SvpSE_VOICE_CHROM_EVT_42|Hâlâ bizimle misin, $Nu?$k
$Wmusername|6$w0|$Wsusername|$Wa$SvpSE_VOICE_PLAYER_F#_EVT_9|Hımm... Tuhaf.$k$p$pSavaş alanında... bazı
şeyleri birden görebiliyorum.$k
$Wsクロム|$Wa$SvpSE_VOICE_CHROM_EVT_3|$pGörebiliyor musun? Neyi?$k
$Wsusername|$Wa$SvpSE_VOICE_PLAYER_F#_EVT_11|$pDüşmanın gücü, silahları, savaşın
gidişi...$k$pBunları bir yerde öğrenmiş
olmalıyım.$k
$Wsクロム|$Wa$SvpSE_VOICE_CHROM_EVT_12|$pYani düşmana bakınca gücünü
anlayabiliyorsun?$k
$Wsusername|$Wa$SvpSE_VOICE_PLAYER_F#_EVT_15|$pEvet, öyle görünüyor. İstersem daha
fazlasını da görebilirim...$k
"
74,MID_P002_TUT_タッチヘルプ_PCF2,,,,,"$t0$Wmクロム|0$w0|$Wsクロム|$Wa$SvpSE_VOICE_CHROM_EVT_42|さぁ、行くぞ$Nu！$k
$Wmusername|6$w0|$Wsusername|$Wa$SvpSE_VOICE_PLAYER_F#_EVT_9|……
変な感覚です…$k$p$p戦場に立つと…見えてきます…
色んなものが、急に…$k
$Wsクロム|$Wa$SvpSE_VOICE_CHROM_EVT_3|$p見える？$k
$Wsusername|$Wa$SvpSE_VOICE_PLAYER_F#_EVT_11|$p相手の能力、戦況、武器…
これは過去に学んだ知識…ですか…？$k
$Wsクロム|$Wa$SvpSE_VOICE_CHROM_EVT_12|$pよくわからんが…お前は
相手を見ただけで強さがわかる、と？$k
$Wsusername|$Wa$SvpSE_VOICE_PLAYER_F#_EVT_15|$pはい。その気になれば
もっと詳しいことも…$k
","$t0$Wmクロム|0$w0|$Wsクロム|$Wa$SvpSE_VOICE_CHROM_EVT_42|$Nu, haydi gidelim!$k
$Wmusername|6$w0|$Wsusername|$Wa$SvpSE_VOICE_PLAYER_F#_EVT_9|...Tuhaf bir his...$k$p$pSavaş alanına çıkınca... Birden
çok şeyi görebiliyorum...$k
$Wsクロム|$Wa$SvpSE_VOICE_CHROM_EVT_3|$pGörebiliyor musun?$k
$Wsusername|$Wa$SvpSE_VOICE_PLAYER_F#_EVT_11|$pDüşmanın gücü, savaşın gidişi, silahlar...
Bunları önceden mi öğrenmiştim?$k
$Wsクロム|$Wa$SvpSE_VOICE_CHROM_EVT_12|$pYani birine bakınca ne kadar güçlü
olduğunu anlayabiliyorsun?$k
$Wsusername|$Wa$SvpSE_VOICE_PLAYER_F#_EVT_15|$pEvet. İstersem daha ayrıntısını da
görebilirim...$k
"
75,MID_P002_TUT_タッチヘルプ_PCF3,,,,,"$t0$Wmクロム|0$w0|$Wsクロム|$Wa$SvpSE_VOICE_CHROM_EVT_42|さぁ、行くぞ$Nu！$k
$Wmusername|6$w0|$Wsusername|$Wa……
……？$k
$Wsクロム|$Wa$SvpSE_VOICE_CHROM_EVT_3|$p何かが…見える？
どういうことだ？$k$p相手の能力、戦況…
武器やその性能…$k$pよくわからんが…お前は
相手を見ただけで強さがわかる、と？$k
$Wsusername|$Wa$E笑,|$p……！$k","$t0$Wmクロム|0$w0|$Wsクロム|$Wa$SvpSE_VOICE_CHROM_EVT_42|$Nu, haydi gidelim!$k
$Wmusername|6$w0|$Wsusername|$Wa...?$k
$Wsクロム|$Wa$SvpSE_VOICE_CHROM_EVT_3|$pBir şeyler mi görüyorsun? Ne demek
bu?$k$pDüşmanın gücü, savaşın gidişi...
Silahları ve özellikleri...$k$pYani birine bakınca ne kadar
güçlü olduğunu anlayabiliyorsun?$k
$Wsusername|$Wa$E笑|$p...!$k"
