index,key,F,G,I,S,U,TR
0,MID_支援_クロム_プレイヤー女_Ｃ_PCF1,"$SbpSTRM_BGM_EVT_HEIWA1_3|800|$t1$Wmクロム|7$w0|$Wsクロム|$Wa$Wmusername|3$w0|$Wsクロム|$Wa$E笑,|$SvpSE_VOICE_CHROM_EVT_25|$Nu, as-tu fini de t'entraîner
pour aujourd'hui ?$k
$Wsusername|$Wa$E笑,|$SvpSE_VOICE_PLAYER_F#_EVT_16|Pour l'entraînement physique, oui. Mais je
voulais encore me pencher sur la théorie.$k
$Wsクロム|$Wa$E通常,|$SvpSE_VOICE_CHROM_EVT_8|Tu devrais te détendre un petit peu... Avec
l'expérience, tu verras que c'est important.$k$pDans une guerre comme celle-ci, on ne sait
jamais quand aura lieu la prochaine bataille.$k
$Wsusername|$Wa$E通常,|$SvpSE_VOICE_PLAYER_F#_EVT_20|Oui, j'ai eu l'occasion de m'en apercevoir.$k$pAvec tout ce qui s'est passé récemment,
nous avons à peine eu le temps de manger.$k
$Wsクロム|$Wa$E笑,|$SvpSE_VOICE_CHROM_EVT_7|La route a été dure, c'est vrai.
Et j'ai bien peur que ça ne s'arrange pas.$k
$Wsusername|$Wa$SvpSE_VOICE_PLAYER_F#_EVT_11|Je vais me ménager et me reposer, alors.
Je ne voudrais pas perdre ce teint de rose...$k
$Wsクロム|$Wa$E苦,汗|$SvpSE_VOICE_CHROM_EVT_26|Euh...$k
$Wsusername|$Wa$E通常,|$SvpSE_VOICE_PLAYER_F#_EVT_5|Quoi ? Vous trouvez cela étrange ?$k
$Wsクロム|$Wa$E通常,汗|$SvpSE_VOICE_CHROM_EVT_31|Euh, non... Simplement, je...$k$pJe ne me suis jamais dit que tu étais
du genre à te soucier de ton teint...$k$p$E通常,|C'est que je ne t'ai jamais vraiment
considérée comme une dame...$k
$Wsusername|$Wa$E怒,|$SvpSE_VOICE_PLAYER_F#_EVT_7|Pardon ?!$k
$Wsクロム|$Wa$E通常,汗|$SvpSE_VOICE_CHROM_EVT_23|Euh... Je veux dire... Je ne voulais pas...
Enfin, il y a « dame » et « dame », tu vois ?$k$pNous nous battons et parlons stratégie...
Non pas qu'une dame ne puisse se battre...$k$pBon sang, je devrais me taire, je ne dis
que des âneries...$k
$Wsusername|$Wa$E通常,汗|$SvpSE_VOICE_PLAYER_F#_EVT_9|Voyons, Chrom ! N'êtes-vous pas
l'héritier d'une noble famille ?$k$pNe vous a-t-on jamais enseigné les bonnes
manières dans vos écoles réputées ?$k
$Wsクロム|$Wa$E通常,|$SvjSE_VOICE_CHROM_EVT_10|$SveSE_VOICE_CHROM_EVT_9|Bien sûr qu'on m'a enseigné l'étiquette...
pendant tout un semestre, même.$k
$Wsusername|$Wa$E通常,|$SvpSE_VOICE_PLAYER_F#_EVT_5|Un autre semestre pour apprendre à parler
aux dames ne serait pas de trop, on dirait.$k
$Wsクロム|$Wa$SvpSE_VOICE_CHROM_EVT_6|Dans mon idée, une dame est quelqu'un de
guindé... Toute parfumée, toute jolie...$k$pRien à voir avec toi ! Le mot « dame » ne
me vient pas à l'esprit quand je te vois...$k$p$E怒,汗|Euh... $Nu ? Tu comptes faire
quoi, avec cette pierre ?$k
$Wsusername|$Wa$E怒,|$SvjSE_VOICE_PLAYER_F#_EVT_36|$SveSE_VOICE_PLAYER_F#_EVT_31|Je me disais qu'un bon coup sur la tête
vous remettrait les idées en place.$k
$Wsクロム|$Wa$E苦,汗|$SvpSE_VOICE_CHROM_EVT_3|N... Non, attends ! Je plaisantais ! Ha ha ?
Euh... Je dois y aller !$k
$Wsクロム|$Wd$w0|$Wsusername|$Wa$E怒,|$SvpSE_VOICE_PLAYER_F#_EVT_40|Je n'en crois pas mes yeux !
Ce couard a pris ses jambes à son coup !$k$pIl n'a vraiment pas de manières !$k$p$E通常,|Hmm... Après tout, je lui rends bien.$k$pJe ne le traite pas non plus comme un noble
distingué ou un gentilhomme...$k
$Sbs1000|","$SbpSTRM_BGM_EVT_HEIWA1_3|800|$t1$Wmクロム|7$w0|$Wsクロム|$Wa$Wmusername|3$w0|$Wsクロム|$Wa$E笑,|$SvpSE_VOICE_CHROM_EVT_25|Bist du mit dem Training für heute fertig,
$Nu?$k
$Wsusername|$Wa$E笑,|$SvpSE_VOICE_PLAYER_F#_EVT_16|Just in diesem Moment. Ich wollte mich als
nächstes ein wenig meinen Studien widmen.$k
$Wsクロム|$Wa$E通常,|$SvpSE_VOICE_CHROM_EVT_8|Du solltest erst etwas rasten und die Füße
hochlegen.$k$pErfahrene Soldaten ruhen sich aus, wann
immer sie dazu die Gelegenheit haben.$k$pBei einem Feldzug wie diesem kann man nie
wissen, wann die nächste Schlacht droht.$k
$Wsusername|$Wa$E通常,|$SvpSE_VOICE_PLAYER_F#_EVT_20|Ja, das ist mir aufgefallen.$k$pIn letzter Zeit ist so viel passiert, da hatten
wir kaum genug Zeit zum Schlafen.$k
$Wsクロム|$Wa$E笑,|$SvpSE_VOICE_CHROM_EVT_7|Es war beschwerlich, stimmt. Und uns steht
sicher noch Schwierigeres bevor.$k
$Wsusername|$Wa$SvpSE_VOICE_PLAYER_F#_EVT_11|Nun, ich werde es ruhig angehen lassen.
Eine Dame braucht ihren Schönheitsschlaf.$k
$Wsクロム|$Wa$E苦,汗|$SvpSE_VOICE_CHROM_EVT_26|Äh...$k
$Wsusername|$Wa$E通常,|$SvpSE_VOICE_PLAYER_F#_EVT_5|Was ist? Habe ich etwas Seltsames gesagt?$k
$Wsクロム|$Wa$E通常,汗|$SvpSE_VOICE_CHROM_EVT_31|Äh, nein... Vermutlich nicht.
Nicht direkt jedenfalls.$k$pIch hielt dich nur nicht für jemanden, der
sich aus derlei Dingen viel macht.$k$p$E通常,|Und ich hielt dich nie wirklich für eine
Dame.$k
$Wsusername|$Wa$E怒,|$SvpSE_VOICE_PLAYER_F#_EVT_7|Wie bitte?!?$k
$Wsクロム|$Wa$E通常,汗|$SvpSE_VOICE_CHROM_EVT_23|Nein! So war das nicht gemeint! Es ist nur:
Du tötest Leute, wälzt dich im Dreck und...$k$pOh, Ihr Götter! Das klingt alles so falsch.$k
$Wsusername|$Wa$E通常,汗|$SvpSE_VOICE_PLAYER_F#_EVT_9|Gute Güte, Chrom. Du bist der Erbe einer
Adelsfamilie, oder?$k$pHaben sie dir auf deinem Nobelinternat
denn gar keine Manieren beigebracht?$k
$Wsクロム|$Wa$E通常,|$SvjSE_VOICE_CHROM_EVT_10|$SveSE_VOICE_CHROM_EVT_9|Bei den Göttern, und ob! Wir haben uns ein
ganzes Semester lang mit Etikette befasst.$k
$Wsusername|$Wa$E通常,|$SvpSE_VOICE_PLAYER_F#_EVT_5|Ein Semester, das du offensichtlich
verschlafen hast.$k
$Wsクロム|$Wa$SvpSE_VOICE_CHROM_EVT_6|Ich weiß, ich weiß. Weißt du, bei dir denke
ich nicht zuerst an eine ""Dame"".$k$p$E怒,汗|...Äh, $Nu?
Was... Was hast du mit dem Stein da vor?$k
$Wsusername|$Wa$E怒,|$SvjSE_VOICE_PLAYER_F#_EVT_36|$SveSE_VOICE_PLAYER_F#_EVT_31|Ich glaube, ein fester Schlag auf den Kopf
würde dir wieder etwas Vernunft einbläuen.$k
$Wsクロム|$Wa$E苦,汗|$SvpSE_VOICE_CHROM_EVT_3|N-nein, warte! Es war bloß ein Scherz!
Haha... ha? ...Ich muss weg!$k
$Wsクロム|$Wd$w0|$Wsusername|$Wa$E怒,|$SvpSE_VOICE_PLAYER_F#_EVT_40|Ich fasse es nicht. Der kleine Feigling ist
tatsächlich weggelaufen!$k$pDer hat wohl echt keine Manieren, oder?$k$p$E通常,|Ach, was soll's. Ist wohl nur gerecht.$k$pSchließlich halte ich ihn auch nicht für einen
Kavalier oder für einen modischen Adligen.$k
$Sbs1000|","$SbpSTRM_BGM_EVT_HEIWA1_3|800|$t1$Wmクロム|7$w0|$Wsクロム|$Wa$Wmusername|3$w0|$Wsクロム|$Wa$E笑,|$SvpSE_VOICE_CHROM_EVT_25|Hai finito il tuo allenamento
di oggi, $Nu?$k
$Wsusername|$Wa$E笑,|$SvpSE_VOICE_PLAYER_F#_EVT_16|Sì, proprio ora. Adesso pensavo
di ripassare un po' di strategia.$k
$Wsクロム|$Wa$E通常,|$SvpSE_VOICE_CHROM_EVT_8|Dovresti provare a rilassarti. Anche i soldati
più esperti riposano appena possono.$k$pIn una campagna così dura, non si sa mai
quando scoppierà la prossima battaglia.$k
$Wsusername|$Wa$E通常,|$SvpSE_VOICE_PLAYER_F#_EVT_20|Sì, me ne sono accorta.$k$pCon tutto quello che è successo, abbiamo
avuto poco tempo persino per mangiare.$k
$Wsクロム|$Wa$E笑,|$SvpSE_VOICE_CHROM_EVT_7|Non è un cammino facile, il nostro.
E col tempo diventerà ancora più ostico.$k
$Wsusername|$Wa$SvpSE_VOICE_PLAYER_F#_EVT_11|Non affatichiamoci troppo, allora. Il sonno
è un elisir di bellezza per noi donne.$k
$Wsクロム|$Wa$E苦,汗|$SvpSE_VOICE_CHROM_EVT_26|Ehm...$k
$Wsusername|$Wa$E通常,|$SvpSE_VOICE_PLAYER_F#_EVT_5|Che c'è? Ho detto qualcosa di sbagliato?$k
$Wsクロム|$Wa$E通常,汗|$SvpSE_VOICE_CHROM_EVT_31|No... Direi di no. È solo che...$k$pNon pensavo che fossi tipo da
preoccuparsi di certe cose.$k$p$E通常,|In effetti, penso di non aver mai
pensato a te come a una donna.$k
$Wsusername|$Wa$E怒,|$SvpSE_VOICE_PLAYER_F#_EVT_7|Come scusa?!$k
$Wsクロム|$Wa$E通常,汗|$SvpSE_VOICE_CHROM_EVT_23|Non fraintendermi! Tu SEI una donna, anche
se non nel senso classico del termine...$k$pSai combattere, sai guidare una battaglia...
Cioè, anche le ragazze combattono, però...$k$pUff! Mi sto arrampicando sugli specchi.$k
$Wsusername|$Wa$E通常,汗|$SvpSE_VOICE_PLAYER_F#_EVT_9|Per tutti gli dei, Chrom. Sei il rampollo
di una famiglia nobile, non è così?$k$pNessuno ti ha insegnato le buone maniere
in tutte quelle scuole eleganti e costose?$k
$Wsクロム|$Wa$E通常,|$SvjSE_VOICE_CHROM_EVT_10|$SveSE_VOICE_CHROM_EVT_9|Oh, ma certo. Abbiamo dedicato un intero
semestre a studiare il galateo.$k
$Wsusername|$Wa$E通常,|$SvpSE_VOICE_PLAYER_F#_EVT_5|Allora, forse potresti dedicarne un altro
ad imparare come si parla a una donna.$k
$Wsクロム|$Wa$SvpSE_VOICE_CHROM_EVT_6|È solo che immagino una donna come una
creatura a modo, graziosa, profumata...$k$pNiente a che fare con te! Quando ti guardo,
non vedo una ""donna"", capisci?$k$p$E怒,汗|Ehi? Ehm, $Nu?
Cosa intendi fare con quella pietra?$k
$Wsusername|$Wa$E怒,|$SvjSE_VOICE_PLAYER_F#_EVT_36|$SveSE_VOICE_PLAYER_F#_EVT_31|Penso che un colpo dritto in testa
potrebbe correggerti la vista.$k
$Wsクロム|$Wa$E苦,汗|$SvpSE_VOICE_CHROM_EVT_3|N-No, aspetta! Stavo scherzando...
Ah ah! È meglio che vada!$k
$Wsクロム|$Wd$w0|$Wsusername|$Wa$E怒,|$SvpSE_VOICE_PLAYER_F#_EVT_40|Non posso credere che quel
codardo sia appena fuggito!$k$pNon conosce affatto le buone
maniere, nemmeno un po'!$k$p$E通常,|Beh, in fondo è giusto così.$k$pNeanch'io lo considero un gentiluomo,
tanto meno un nobile principe.$k
$Sbs1000|","$SbpSTRM_BGM_EVT_HEIWA1_3|800|$t1$Wmクロム|7$w0|$Wsクロム|$Wa$Wmusername|3$w0|$Wsクロム|$Wa$E笑,|$SvpSE_VOICE_CHROM_EVT_25|¿Ya has acabado el entrenamiento de hoy,
$Nu?$k
$Wsusername|$Wa$E笑,|$SvpSE_VOICE_PLAYER_F#_EVT_16|He terminado las prácticas de combate.
Pero pensaba repasar un par de libros...$k
$Wsクロム|$Wa$E通常,|$SvpSE_VOICE_CHROM_EVT_8|Deberías relajarte y tirarte a la bartola. Un
soldado veterano descansa cuanto puede.$k$pEn una campaña como esta, nunca sabes
cuándo se iniciará la siguiente batalla.$k
$Wsusername|$Wa$E通常,|$SvpSE_VOICE_PLAYER_F#_EVT_20|Sí, ya me he dado cuenta.$k$pCon todo lo que ha pasado últimamente,
casi no hemos tenido tiempo ni de comer.$k
$Wsクロム|$Wa$E笑,|$SvpSE_VOICE_CHROM_EVT_7|Sí, no ha sido un camino de rosas.
Y la cosa solo puede ir a peor.$k
$Wsusername|$Wa$SvpSE_VOICE_PLAYER_F#_EVT_11|Siempre que puedo intento echar una
cabezada.$k$pA fin de cuentas, una dama necesita dormir
para estar bella.$k
$Wsクロム|$Wa$E苦,汗|$SvpSE_VOICE_CHROM_EVT_26|Eeeh...$k
$Wsusername|$Wa$E通常,|$SvpSE_VOICE_PLAYER_F#_EVT_5|¿Qué pasa? ¿He dicho algo raro?$k
$Wsクロム|$Wa$E通常,汗|$SvpSE_VOICE_CHROM_EVT_31|Eeeh, no... No es eso... Es solo que...$k$pEs que no pareces el tipo de persona que
suele preocuparse por esas cosas.$k$p$E通常,|Supongo que nunca he pensado en ti
en esos términos, como una ""dama""...$k
$Wsusername|$Wa$E怒,|$SvpSE_VOICE_PLAYER_F#_EVT_7|¡¿Perdona?!$k
$Wsクロム|$Wa$E通常,汗|$SvpSE_VOICE_CHROM_EVT_23|¡No! Es que... Quería decir... una ""dama
corriente""... Esto...$k$pYa sabes, como luchas y planeas estrategias
y todo eso...$k$pNo digo que una dama no pueda combatir,
pero...$k$p¡Pfff! ¡Diantres! No doy una...$k
$Wsusername|$Wa$E通常,汗|$SvpSE_VOICE_PLAYER_F#_EVT_9|Por todos los dioses, Chrom... Nadie diría
que eres miembro de la realeza...$k$p¿Es que en esas escuelas elegantes a las
que vais los nobles no os enseñan modales?$k
$Wsクロム|$Wa$E通常,|$SvjSE_VOICE_CHROM_EVT_10|$SveSE_VOICE_CHROM_EVT_9|¡Ah! Sí, por supuesto. Estuvimos todo un
trimestre con el tema de la etiqueta.$k
$Wsusername|$Wa$E通常,|$SvpSE_VOICE_PLAYER_F#_EVT_5|Deberías matricularte de nuevo. Esta vez
para aprender a hablarle a una chica.$k
$Wsクロム|$Wa$SvpSE_VOICE_CHROM_EVT_6|E-es solo que mi imagen de una ""dama"" es
la de una mujer refinada, bella, perfumada...$k$p¡Tú no eres así! Cuando te veo, la palabra
""dama"" no me viene a la mente. ¿Entiendes?$k$p$E怒,汗|¿Eh? Oye... $Nu... ¿Qué piensas
hacer con esa roca?$k
$Wsusername|$Wa$E怒,|$SvjSE_VOICE_PLAYER_F#_EVT_36|$SveSE_VOICE_PLAYER_F#_EVT_31|Se me ha ocurrido que quizá un buen golpe
en la cabeza te arregle la vista.$k
$Wsクロム|$Wa$E苦,汗|$SvpSE_VOICE_CHROM_EVT_3|¡N-no, espera! ¡Si era una broma! A que ha
tenido gracia ¿eh?... Mmm... ¡Debo irme!$k
$Wsクロム|$Wd$w0|$Wsusername|$Wa$E怒,|$SvpSE_VOICE_PLAYER_F#_EVT_40|No me lo puedo creer. ¡Ha escapado con el
rabo entre las piernas!$k$pLa verdad es que sus modales dejan mucho
que desear. Mmm...$k$p$E通常,|Aunque... supongo que es normal... Yo
tampoco lo veo a él como a un caballero.$k$p¡Y mucho menos como a un noble elegante
de alto copete!$k
$Sbs1000|","$SbpSTRM_BGM_EVT_HEIWA1_3|800|$t1$Wmクロム|7$w0|$Wsクロム|$Wa$Wmusername|3$w0|$Wsクロム|$Wa$E笑,|$SvpSE_VOICE_CHROM_EVT_25|Finished training for today,
$Nu?$k
$Wsusername|$Wa$E笑,|$SvpSE_VOICE_PLAYER_F#_EVT_16|With combat practice, yes. But I thought I
might review a few battle histories...$k
$Wsクロム|$Wa$E通常,|$SvpSE_VOICE_CHROM_EVT_8|You should relax a bit. Put your feet up.
Experienced soldiers rest when they can.$k$pOn a campaign like this, you never know
when the next battle might break out.$k
$Wsusername|$Wa$E通常,|$SvpSE_VOICE_PLAYER_F#_EVT_20|Heh, so I've noticed.$k$pWith all that's happened recently,
we've barely had time to even eat.$k
$Wsクロム|$Wa$E笑,|$SvpSE_VOICE_CHROM_EVT_7|It's been a tough road, to be sure.
And it's only going to get harder.$k
$Wsusername|$Wa$SvpSE_VOICE_PLAYER_F#_EVT_11|I do try and rest when I can, though.
A lady needs her beauty sleep, after all.$k
$Wsクロム|$Wa$E苦,汗|$SvpSE_VOICE_CHROM_EVT_26|Er...$k
$Wsusername|$Wa$E通常,|$SvpSE_VOICE_PLAYER_F#_EVT_5|...What? Did I say something?$k
$Wsクロム|$Wa$E通常,汗|$SvpSE_VOICE_CHROM_EVT_31|Er, no... No, it's nothing.
It's just that...$k$pWell, I just didn't consider you the type
to care after beauty and such...$k$p$E通常,|I suppose I've never really
thought of you as a lady.$k
$Wsusername|$Wa$E怒,|$SvpSE_VOICE_PLAYER_F#_EVT_7|Excuse me?!$k
$Wsクロム|$Wa$E通常,汗|$SvpSE_VOICE_CHROM_EVT_23|No! I mean―I didn't mean―not like that!
That is to say, a ""lady"", per se... Er...$k$pYou know, how you fight and strategise,
and... Not to say a lady can't fight, but...$k$pGods, this is coming out all wrong.$k
$Wsusername|$Wa$E通常,汗|$SvpSE_VOICE_PLAYER_F#_EVT_9|My goodness, Chrom. You're the scion
of a noble family, aren't you?$k$pDidn't they teach you manners at
your fancy schools growing up?$k
$Wsクロム|$Wa$E通常,|$SvjSE_VOICE_CHROM_EVT_10|$SveSE_VOICE_CHROM_EVT_9|Oh, gods, yes. Of course they did.
We spent a whole term on etiquette.$k
$Wsusername|$Wa$E通常,|$SvpSE_VOICE_PLAYER_F#_EVT_5|Perhaps you could use another term,
this time on how to talk with a lady.$k
$Wsクロム|$Wa$SvpSE_VOICE_CHROM_EVT_6|It's just my image of a lady is someone so
prim and proper...perfumed, and pretty...$k$pNothing like you at all! When I look at
you, I just don't see a ""lady"". Does that―$k$p$E怒,汗|...Er, $Nu? What...
What are you doing with that rock?$k
$Wsusername|$Wa$E怒,|$SvjSE_VOICE_PLAYER_F#_EVT_36|$SveSE_VOICE_PLAYER_F#_EVT_31|I'm thinking a sharp blow to the head
might help fix your eyesight.$k
$Wsクロム|$Wa$E苦,汗|$SvpSE_VOICE_CHROM_EVT_3|N-no, wait! It was just a joke!
Ha ha...ha? ...Gotta go!$k
$Wsクロム|$Wd$w0|$Wsusername|$Wa$E怒,|$SvpSE_VOICE_PLAYER_F#_EVT_40|I don't believe it. The little
craven actually ran away!$k$pWhat kind of manners...
Sheesh...$k$p$E通常,|Oh, well. Perhaps it's only fair.$k$pIt's not like I think of him as a gentleman,
let alone some fancy noble.$k
$Sbs1000|","$SbpSTRM_BGM_EVT_HEIWA1_3|800|$t1$Wmクロム|7$w0|$Wsクロム|$Wa$Wmusername|3$w0|$Wsクロム|$Wa$E笑|$SvpSE_VOICE_CHROM_EVT_25|Bugünkü idman bitti,
değil mi $Nu?$k
$Wsusername|$Wa$E笑|$SvpSE_VOICE_PLAYER_F#_EVT_16|Dövüş idmanı bitti. Ama birkaç savaş
kaydını gözden geçirecektim...$k
$Wsクロム|$Wa$E通常|$SvpSE_VOICE_CHROM_EVT_8|Biraz dinlen. Ayaklarını uzat. Tecrübeli
asker fırsat bulunca dinlenir.$k$pBöyle bir seferde sonraki savaşın
ne zaman patlayacağını bilemezsin.$k
$Wsusername|$Wa$E通常|$SvpSE_VOICE_PLAYER_F#_EVT_20|Heh, bunu fark ettim.$k$pSon günlerde doğru dürüst yemek
yemeye bile vakit bulamadık.$k
$Wsクロム|$Wa$E笑|$SvpSE_VOICE_CHROM_EVT_7|Zorlu bir yoldu. Üstelik daha da
zorlaşacak.$k
$Wsusername|$Wa$SvpSE_VOICE_PLAYER_F#_EVT_11|Yine de fırsat buldukça dinleniyorum. Sonuçta
bir kadının güzellik uykusuna ihtiyacı var.$k
$Wsクロム|$Wa$E苦,汗|$SvpSE_VOICE_CHROM_EVT_26|Şey...$k
$Wsusername|$Wa$E通常|$SvpSE_VOICE_PLAYER_F#_EVT_5|... Ne? Bir şey mi dedim?$k
$Wsクロム|$Wa$E通常,汗|$SvpSE_VOICE_CHROM_EVT_31|Yok, bir şey değil. Sadece...$k$pGüzelliğine bu kadar önem veren
biri olduğunu hiç düşünmemiştim...$k$p$E通常|Sanırım seni hiç gerçekten
bir kadın olarak düşünmedim.$k
$Wsusername|$Wa$E怒|$SvpSE_VOICE_PLAYER_F#_EVT_7|Ne dedin?!$k
$Wsクロム|$Wa$E通常,汗|$SvpSE_VOICE_CHROM_EVT_23|Hayır! Yani―öyle demek istemedim!
“Hanımefendi” gibi... şey...$k$pSavaşma tarzın, stratejilerin...
Kadınlar savaşamaz demiyorum ama...$k$pTanrılar... Ne desem batırıyorum.$k
$Wsusername|$Wa$E通常,汗|$SvpSE_VOICE_PLAYER_F#_EVT_9|Aman Chrom. Soylu bir ailenin evladısın,
değil mi?$k$pO gösterişli okullarında sana
hiç terbiye öğretmediler mi?$k
$Wsクロム|$Wa$E通常|$SvjSE_VOICE_CHROM_EVT_10|$SveSE_VOICE_CHROM_EVT_9|Tanrılar, elbette öğrettiler. Görgü
kurallarına bir dönem ayırmıştık.$k
$Wsusername|$Wa$E通常|$SvpSE_VOICE_PLAYER_F#_EVT_5|Belki bir dönem daha almalısın. Bu kez
bir kadınla nasıl konuşulur üzerine.$k
$Wsクロム|$Wa$SvpSE_VOICE_CHROM_EVT_6|Benim kafamdaki hanımefendi daha
ağırbaşlıdır... zarif, güzel kokulu...$k$pYani sana hiç benzemiyor! Sana bakınca
“hanımefendi” görmüyorum. Bu―$k$p$E怒,汗|Ee... $Nu? O taşla ne yapıyorsun?$k
$Wsusername|$Wa$E怒|$SvjSE_VOICE_PLAYER_F#_EVT_36|$SveSE_VOICE_PLAYER_F#_EVT_31|Belki kafana sert bir darbe gözlerini
düzeltir diye düşünüyorum.$k
$Wsクロム|$Wa$E苦,汗|$SvpSE_VOICE_CHROM_EVT_3|H-hayır, bekle! Şakaydı! Ha ha... ha?
Ben kaçtım!$k
$Wsクロム|$Wd$w0|$Wsusername|$Wa$E怒|$SvpSE_VOICE_PLAYER_F#_EVT_40|İnanamıyorum. Korkak gerçekten kaçtı!$k$pNe
biçim görgü bu... Of...$k$p$E通常|Neyse. Belki de hak etti.$k$pBen de onu centilmen olarak görmüyorum.
Hele süslü bir soylu olarak hiç.$k
$Sbs1000|"
1,MID_支援_クロム_プレイヤー女_Ｃ_PCF2,"$SbpSTRM_BGM_EVT_HEIWA1_3|800|$t1$Wmクロム|7$w0|$Wsクロム|$Wa$Wmusername|3$w0|$Wsクロム|$Wa$E笑,|$SvpSE_VOICE_CHROM_EVT_25|$Nu。
今日の訓練はもう終わったのか？$k
$Wsusername|$Wa$E笑,|$SvpSE_VOICE_PLAYER_F#_EVT_16|もちろんです。$k
$Wsクロム|$Wa$E通常,|$SvpSE_VOICE_CHROM_EVT_8|もし手が空いているなら、
今のうちにゆっくり休んでおけよ。$k$pいつ何があるかわからんからな。$k
$Wsusername|$Wa$E通常,|$SvpSE_VOICE_PLAYER_F#_EVT_20|…そうですね。
私たちがゆっくり休める時間なんて、$k$pそんなにありませんものね。$k
$Wsクロム|$Wa$E笑,|$SvpSE_VOICE_CHROM_EVT_7|ああ、そうだな。$k
$Wsusername|$Wa$SvpSE_VOICE_PLAYER_F#_EVT_11|こんな時ですので仕方ありませんが、
ゆっくり休めないというのは$k$p女の子にとっては、けっこう
辛い時もあるんですよね…$k
$Wsクロム|$Wa$SvpSE_VOICE_CHROM_EVT_26|$E苦,汗|えっ…女の子？
えー。えーと…$k
$Wsusername|$Wa$E通常,|$SvpSE_VOICE_PLAYER_F#_EVT_5|…？　…なんです？
クロムさん、どうかなさいました？$k
$Wsクロム|$Wa$E通常,汗|$SvpSE_VOICE_CHROM_EVT_31|あ…いや、すまん。
$Nuのことを$k$pそういう目で見たことが
なかったもんでな。$k$p$E通常,|そういやお前、女だったな…$k
$Wsusername|$Wa$E怒,|$SvpSE_VOICE_PLAYER_F#_EVT_7|ひ、酷いです！！$k$p…女性に対して、失礼なことを
サラッと言ってくれますね！！$k
$Wsクロム|$Wa$E通常,汗|$SvpSE_VOICE_CHROM_EVT_23|い、いや、すまん！$k
$Wsusername|$Wa$E通常,汗|$SvpSE_VOICE_PLAYER_F#_EVT_9|もうっ！！
あなたも王族なら、$k$p少しは礼儀やデリカシーというものを
覚えた方がいいですよ？$k
$Wsクロム|$Wa$E通常,|$SvpSE_VOICE_CHROM_EVT_10|いや…俺は女性に対して、
基本的には礼儀正しいぞ？$k
$Wsusername|$Wa$E通常,|$SvpSE_VOICE_PLAYER_F#_EVT_5|…えっ？$k
$Wsクロム|$Wa$SvpSE_VOICE_CHROM_EVT_6|問題は、そもそもお前が
女に見えないという…$k$p$E怒,汗|…って、おい！
どうして石ころを拾っているんだ！？$k
$Wsusername|$Wa$E怒,|$SvpSE_VOICE_PLAYER_F#_EVT_36|強いショックを与えれば、
その失礼極まりない性格も$k$p少しは直るかと思いまして！！$k
$Wsクロム|$Wa$E苦,汗|$SvpSE_VOICE_CHROM_EVT_3|じょ、冗談はよせ！！　俺は行くぞ！$k
$Wsクロム|$Wd$w0|$Wsusername|$Wa$E怒,|$SvpSE_VOICE_PLAYER_F#_EVT_40|あっ、逃げましたね！　お待ちなさーい！
…まったくもう、失礼ですね。$k$p$E通常,|まあ、私だってクロムさんを男性として
意識したことなんてありませんから、$k$pお互い様なんでしょうけど…$k
$Sbs1000|",,"$SbpSTRM_BGM_EVT_HEIWA1_3|800|$t1$Wmクロム|7$w0|$Wsクロム|$Wa$Wmusername|3$w0|$Wsクロム|$Wa$E笑,|$SvpSE_VOICE_CHROM_EVT_25|$Nu。
今日の訓練はもう終わったのか？$k
$Wsusername|$Wa$E笑,|$SvpSE_VOICE_PLAYER_F#_EVT_16|もちろんです。$k
$Wsクロム|$Wa$E通常,|$SvpSE_VOICE_CHROM_EVT_8|もし手が空いているなら、
今のうちにゆっくり休んでおけよ。$k$pいつ何があるかわからんからな。$k
$Wsusername|$Wa$E通常,|$SvpSE_VOICE_PLAYER_F#_EVT_20|…そうですね。
私たちがゆっくり休める時間なんて、$k$pそんなにありませんものね。$k
$Wsクロム|$Wa$E笑,|$SvpSE_VOICE_CHROM_EVT_7|ああ、そうだな。$k
$Wsusername|$Wa$SvpSE_VOICE_PLAYER_F#_EVT_11|こんな時ですので仕方ありませんが、
ゆっくり休めないというのは$k$p女の子にとっては、けっこう
辛い時もあるんですよね…$k
$Wsクロム|$Wa$SvpSE_VOICE_CHROM_EVT_26|$E苦,汗|えっ…女の子？
えー。えーと…$k
$Wsusername|$Wa$E通常,|$SvpSE_VOICE_PLAYER_F#_EVT_5|…？　…なんです？
クロムさん、どうかなさいました？$k
$Wsクロム|$Wa$E通常,汗|$SvpSE_VOICE_CHROM_EVT_31|あ…いや、すまん。
$Nuのことを$k$pそういう目で見たことが
なかったもんでな。$k$p$E通常,|そういやお前、女だったな…$k
$Wsusername|$Wa$E怒,|$SvpSE_VOICE_PLAYER_F#_EVT_7|ひ、酷いです！！$k$p…女性に対して、失礼なことを
サラッと言ってくれますね！！$k
$Wsクロム|$Wa$E通常,汗|$SvpSE_VOICE_CHROM_EVT_23|い、いや、すまん！$k
$Wsusername|$Wa$E通常,汗|$SvpSE_VOICE_PLAYER_F#_EVT_9|もうっ！！
あなたも王族なら、$k$p少しは礼儀やデリカシーというものを
覚えた方がいいですよ？$k
$Wsクロム|$Wa$E通常,|$SvpSE_VOICE_CHROM_EVT_10|いや…俺は女性に対して、
基本的には礼儀正しいぞ？$k
$Wsusername|$Wa$E通常,|$SvpSE_VOICE_PLAYER_F#_EVT_5|…えっ？$k
$Wsクロム|$Wa$SvpSE_VOICE_CHROM_EVT_6|問題は、そもそもお前が
女に見えないという…$k$p$E怒,汗|…って、おい！
どうして石ころを拾っているんだ！？$k
$Wsusername|$Wa$E怒,|$SvpSE_VOICE_PLAYER_F#_EVT_36|強いショックを与えれば、
その失礼極まりない性格も$k$p少しは直るかと思いまして！！$k
$Wsクロム|$Wa$E苦,汗|$SvpSE_VOICE_CHROM_EVT_3|じょ、冗談はよせ！！　俺は行くぞ！$k
$Wsクロム|$Wd$w0|$Wsusername|$Wa$E怒,|$SvpSE_VOICE_PLAYER_F#_EVT_40|あっ、逃げましたね！　お待ちなさーい！
…まったくもう、失礼ですね。$k$p$E通常,|まあ、私だってクロムさんを男性として
意識したことなんてありませんから、$k$pお互い様なんでしょうけど…$k
$Sbs1000|","$SbpSTRM_BGM_EVT_HEIWA1_3|800|$t1$Wmクロム|7$w0|$Wsクロム|$Wa$Wmusername|3$w0|$Wsクロム|$Wa$E笑,|$SvpSE_VOICE_CHROM_EVT_25|$Nu。
今日の訓練はもう終わったのか？$k
$Wsusername|$Wa$E笑,|$SvpSE_VOICE_PLAYER_F#_EVT_16|もちろんです。$k
$Wsクロム|$Wa$E通常,|$SvpSE_VOICE_CHROM_EVT_8|もし手が空いているなら、
今のうちにゆっくり休んでおけよ。$k$pいつ何があるかわからんからな。$k
$Wsusername|$Wa$E通常,|$SvpSE_VOICE_PLAYER_F#_EVT_20|…そうですね。
私たちがゆっくり休める時間なんて、$k$pそんなにありませんものね。$k
$Wsクロム|$Wa$E笑,|$SvpSE_VOICE_CHROM_EVT_7|ああ、そうだな。$k
$Wsusername|$Wa$SvpSE_VOICE_PLAYER_F#_EVT_11|こんな時ですので仕方ありませんが、
ゆっくり休めないというのは$k$p女の子にとっては、けっこう
辛い時もあるんですよね…$k
$Wsクロム|$Wa$SvpSE_VOICE_CHROM_EVT_26|$E苦,汗|えっ…女の子？
えー。えーと…$k
$Wsusername|$Wa$E通常,|$SvpSE_VOICE_PLAYER_F#_EVT_5|…？　…なんです？
クロムさん、どうかなさいました？$k
$Wsクロム|$Wa$E通常,汗|$SvpSE_VOICE_CHROM_EVT_31|あ…いや、すまん。
$Nuのことを$k$pそういう目で見たことが
なかったもんでな。$k$p$E通常,|そういやお前、女だったな…$k
$Wsusername|$Wa$E怒,|$SvpSE_VOICE_PLAYER_F#_EVT_7|ひ、酷いです！！$k$p…女性に対して、失礼なことを
サラッと言ってくれますね！！$k
$Wsクロム|$Wa$E通常,汗|$SvpSE_VOICE_CHROM_EVT_23|い、いや、すまん！$k
$Wsusername|$Wa$E通常,汗|$SvpSE_VOICE_PLAYER_F#_EVT_9|もうっ！！
あなたも王族なら、$k$p少しは礼儀やデリカシーというものを
覚えた方がいいですよ？$k
$Wsクロム|$Wa$E通常,|$SvpSE_VOICE_CHROM_EVT_10|いや…俺は女性に対して、
基本的には礼儀正しいぞ？$k
$Wsusername|$Wa$E通常,|$SvpSE_VOICE_PLAYER_F#_EVT_5|…えっ？$k
$Wsクロム|$Wa$SvpSE_VOICE_CHROM_EVT_6|問題は、そもそもお前が
女に見えないという…$k$p$E怒,汗|…って、おい！
どうして石ころを拾っているんだ！？$k
$Wsusername|$Wa$E怒,|$SvpSE_VOICE_PLAYER_F#_EVT_36|強いショックを与えれば、
その失礼極まりない性格も$k$p少しは直るかと思いまして！！$k
$Wsクロム|$Wa$E苦,汗|$SvpSE_VOICE_CHROM_EVT_3|じょ、冗談はよせ！！　俺は行くぞ！$k
$Wsクロム|$Wd$w0|$Wsusername|$Wa$E怒,|$SvpSE_VOICE_PLAYER_F#_EVT_40|あっ、逃げましたね！　お待ちなさーい！
…まったくもう、失礼ですね。$k$p$E通常,|まあ、私だってクロムさんを男性として
意識したことなんてありませんから、$k$pお互い様なんでしょうけど…$k
$Sbs1000|","$SbpSTRM_BGM_EVT_HEIWA1_3|800|$t1$Wmクロム|7$w0|$Wsクロム|$Wa$Wmusername|3$w0|$Wsクロム|$Wa$E笑,|$SvpSE_VOICE_CHROM_EVT_25|$Nu。
今日の訓練はもう終わったのか？$k
$Wsusername|$Wa$E笑,|$SvpSE_VOICE_PLAYER_F#_EVT_16|もちろんです。$k
$Wsクロム|$Wa$E通常,|$SvpSE_VOICE_CHROM_EVT_8|もし手が空いているなら、
今のうちにゆっくり休んでおけよ。$k$pいつ何があるかわからんからな。$k
$Wsusername|$Wa$E通常,|$SvpSE_VOICE_PLAYER_F#_EVT_20|…そうですね。
私たちがゆっくり休める時間なんて、$k$pそんなにありませんものね。$k
$Wsクロム|$Wa$E笑,|$SvpSE_VOICE_CHROM_EVT_7|ああ、そうだな。$k
$Wsusername|$Wa$SvpSE_VOICE_PLAYER_F#_EVT_11|こんな時ですので仕方ありませんが、
ゆっくり休めないというのは$k$p女の子にとっては、けっこう
辛い時もあるんですよね…$k
$Wsクロム|$Wa$SvpSE_VOICE_CHROM_EVT_26|$E苦,汗|えっ…女の子？
えー。えーと…$k
$Wsusername|$Wa$E通常,|$SvpSE_VOICE_PLAYER_F#_EVT_5|…？　…なんです？
クロムさん、どうかなさいました？$k
$Wsクロム|$Wa$E通常,汗|$SvpSE_VOICE_CHROM_EVT_31|あ…いや、すまん。
$Nuのことを$k$pそういう目で見たことが
なかったもんでな。$k$p$E通常,|そういやお前、女だったな…$k
$Wsusername|$Wa$E怒,|$SvpSE_VOICE_PLAYER_F#_EVT_7|ひ、酷いです！！$k$p…女性に対して、失礼なことを
サラッと言ってくれますね！！$k
$Wsクロム|$Wa$E通常,汗|$SvpSE_VOICE_CHROM_EVT_23|い、いや、すまん！$k
$Wsusername|$Wa$E通常,汗|$SvpSE_VOICE_PLAYER_F#_EVT_9|もうっ！！
あなたも王族なら、$k$p少しは礼儀やデリカシーというものを
覚えた方がいいですよ？$k
$Wsクロム|$Wa$E通常,|$SvpSE_VOICE_CHROM_EVT_10|いや…俺は女性に対して、
基本的には礼儀正しいぞ？$k
$Wsusername|$Wa$E通常,|$SvpSE_VOICE_PLAYER_F#_EVT_5|…えっ？$k
$Wsクロム|$Wa$SvpSE_VOICE_CHROM_EVT_6|問題は、そもそもお前が
女に見えないという…$k$p$E怒,汗|…って、おい！
どうして石ころを拾っているんだ！？$k
$Wsusername|$Wa$E怒,|$SvpSE_VOICE_PLAYER_F#_EVT_36|強いショックを与えれば、
その失礼極まりない性格も$k$p少しは直るかと思いまして！！$k
$Wsクロム|$Wa$E苦,汗|$SvpSE_VOICE_CHROM_EVT_3|じょ、冗談はよせ！！　俺は行くぞ！$k
$Wsクロム|$Wd$w0|$Wsusername|$Wa$E怒,|$SvpSE_VOICE_PLAYER_F#_EVT_40|あっ、逃げましたね！　お待ちなさーい！
…まったくもう、失礼ですね。$k$p$E通常,|まあ、私だってクロムさんを男性として
意識したことなんてありませんから、$k$pお互い様なんでしょうけど…$k
$Sbs1000|","$SbpSTRM_BGM_EVT_HEIWA1_3|800|$t1$Wmクロム|7$w0|$Wsクロム|$Wa$Wmusername|3$w0|$Wsクロム|$Wa$E笑|$SvpSE_VOICE_CHROM_EVT_25|$Nu, bugünkü idmanın bitti mi?$k
$Wsusername|$Wa$E笑|$SvpSE_VOICE_PLAYER_F#_EVT_16|Evet.$k
$Wsクロム|$Wa$E通常|$SvpSE_VOICE_CHROM_EVT_8|İşin bittiyse şimdi biraz dinlen.$k$pNe zaman ne olacağı belli olmaz.$k
$Wsusername|$Wa$E通常|$SvpSE_VOICE_PLAYER_F#_EVT_20|Evet... Rahatça dinlenmeye$k$ppek vaktimiz olmuyor.$k
$Wsクロム|$Wa$E笑|$SvpSE_VOICE_CHROM_EVT_7|Evet, doğru.$k
$Wsusername|$Wa$SvpSE_VOICE_PLAYER_F#_EVT_11|Bu şartlarda normal ama rahatça
dinlenememek$k$pbir kadın için bazen epey zor oluyor...$k
$Wsクロム|$Wa$SvpSE_VOICE_CHROM_EVT_26|$E苦,汗|Ne... kadın mı? Şey...$k
$Wsusername|$Wa$E通常|$SvpSE_VOICE_PLAYER_F#_EVT_5|...? Ne oldu, Chrom?$k
$Wsクロム|$Wa$E通常,汗|$SvpSE_VOICE_CHROM_EVT_31|Ah... yok, kusura bakma. $Nu'yu$k$po gözle hiç düşünmemiştim.$k$p$E通常|Doğru ya, sen bir kadındın...$k
$Wsusername|$Wa$E怒|$SvpSE_VOICE_PLAYER_F#_EVT_7|Ç-çok kabasınız!!$k$pBir kadına ne kadar rahatça kaba şeyler
söylüyorsunuz!$k
$Wsクロム|$Wa$E通常,汗|$SvpSE_VOICE_CHROM_EVT_23|H-hayır, özür dilerim!$k
$Wsusername|$Wa$E通常,汗|$SvpSE_VOICE_PLAYER_F#_EVT_9|Ama Chrom! Madem kraliyet ailesindensiniz,$k$pbiraz görgü ve incelik öğrenmelisiniz!$k
$Wsクロム|$Wa$E通常|$SvpSE_VOICE_CHROM_EVT_10|Ama... kadınlara karşı genelde kibarım.$k
$Wsusername|$Wa$E通常|$SvpSE_VOICE_PLAYER_F#_EVT_5|...Ne?$k
$Wsクロム|$Wa$SvpSE_VOICE_CHROM_EVT_6|Sorun, seni baştan beri kadın gibi
görmemem...$k$p$E怒,汗|Hey! O taşı neden eline aldın?!$k
$Wsusername|$Wa$E怒|$SvpSE_VOICE_PLAYER_F#_EVT_36|Sert bir darbe alırsanız o son derece kaba
huyunuz$k$pbelki biraz düzelir diye düşündüm!!$k
$Wsクロム|$Wa$E苦,汗|$SvpSE_VOICE_CHROM_EVT_3|Ş-şaka yapma! Ben gidiyorum!$k
$Wsクロム|$Wd$w0|$Wsusername|$Wa$E怒|$SvpSE_VOICE_PLAYER_F#_EVT_40|Ah, kaçtınız! Bekleyin! ...Gerçekten çok
kabasınız.$k$p$E通常|Gerçi ben de Chrom'u erkek olarak hiç
düşünmedim,$k$psanırım bu konuda eşitiz...$k
$Sbs1000|"
2,MID_支援_クロム_プレイヤー女_Ｃ_PCF3,"$SbpSTRM_BGM_EVT_HEIWA1_3|800|$t1$Wmクロム|7$w0|$Wsクロム|$Wa$Wmusername|3$w0|$Wsクロム|$Wa$E笑,|$SvpSE_VOICE_CHROM_EVT_25|$Nu。
今日の訓練はもう終わったのか？$k
$Wsusername|$Wa$E笑,|……！！$k
$Wsクロム|$Wa$E通常,|$SvpSE_VOICE_CHROM_EVT_8|もし手が空いているなら、
今のうちにゆっくり休んでおけよ。$k$pいつ何があるかわからんからな。$k
$Wsusername|$Wa！！！$k$p$E通常,|…………$k
$Wsクロム|$Wa$SvpSE_VOICE_CHROM_EVT_2|ん？　どうした？$k
$Wsusername|$Wa$E苦,汗|……！！$k
$Wsクロム|$Wa$SvpSE_VOICE_CHROM_EVT_26|$E苦,汗|えっ…ゆっくり休めないのは、
女の子にとっては辛いときもある？$k$pえー。えーと…$k
$Wsusername|$Wa$E通常,|…？$k
$Wsクロム|$Wa$SvpSE_VOICE_CHROM_EVT_31|あ…いや、すまん。$Nuのことを
そういう目で見たことがなかったもんでな。$k$p$E通常,|そういやお前、女だったな…$k
$Wsusername|$Wa$E怒,|…！！$k
$Wsクロム|$Wa$SvpSE_VOICE_CHROM_EVT_23|$E苦,汗|い、いや、すまん！$k
$Wsusername|$Wa！！　…？$k
$Wsクロム|$Wa$E通常,|$SvpSE_VOICE_CHROM_EVT_10|え？　王族なら
女性への礼儀をわきまえろって？$k$pいや…俺は女性に対して、
基本的には礼儀正しいぞ？$k$p問題は、そもそもお前が
女に見えないという…$k$p$E怒,汗|…って、おい！
どうして石ころを拾っているんだ！？$k
$Wsusername|$Wa$E怒,|…！！$k
$Wsクロム|$Wa$E苦,汗|$SvpSE_VOICE_CHROM_EVT_3|なに？　頭に衝撃を与えれば
失礼な発言も変化する？$k$pじょ、冗談はよせ！！　俺は行くぞ！$k
$Wsクロム|$Wd$w0|$Wsusername|$Wa$E怒,|！！！$k
$Sbs1000|",,"$SbpSTRM_BGM_EVT_HEIWA1_3|800|$t1$Wmクロム|7$w0|$Wsクロム|$Wa$Wmusername|3$w0|$Wsクロム|$Wa$E笑,|$SvpSE_VOICE_CHROM_EVT_25|$Nu。
今日の訓練はもう終わったのか？$k
$Wsusername|$Wa$E笑,|……！！$k
$Wsクロム|$Wa$E通常,|$SvpSE_VOICE_CHROM_EVT_8|もし手が空いているなら、
今のうちにゆっくり休んでおけよ。$k$pいつ何があるかわからんからな。$k
$Wsusername|$Wa！！！$k$p$E通常,|…………$k
$Wsクロム|$Wa$SvpSE_VOICE_CHROM_EVT_2|ん？　どうした？$k
$Wsusername|$Wa$E苦,汗|……！！$k
$Wsクロム|$Wa$SvpSE_VOICE_CHROM_EVT_26|$E苦,汗|えっ…ゆっくり休めないのは、
女の子にとっては辛いときもある？$k$pえー。えーと…$k
$Wsusername|$Wa$E通常,|…？$k
$Wsクロム|$Wa$SvpSE_VOICE_CHROM_EVT_31|あ…いや、すまん。$Nuのことを
そういう目で見たことがなかったもんでな。$k$p$E通常,|そういやお前、女だったな…$k
$Wsusername|$Wa$E怒,|…！！$k
$Wsクロム|$Wa$SvpSE_VOICE_CHROM_EVT_23|$E苦,汗|い、いや、すまん！$k
$Wsusername|$Wa！！　…？$k
$Wsクロム|$Wa$E通常,|$SvpSE_VOICE_CHROM_EVT_10|え？　王族なら
女性への礼儀をわきまえろって？$k$pいや…俺は女性に対して、
基本的には礼儀正しいぞ？$k$p問題は、そもそもお前が
女に見えないという…$k$p$E怒,汗|…って、おい！
どうして石ころを拾っているんだ！？$k
$Wsusername|$Wa$E怒,|…！！$k
$Wsクロム|$Wa$E苦,汗|$SvpSE_VOICE_CHROM_EVT_3|なに？　頭に衝撃を与えれば
失礼な発言も変化する？$k$pじょ、冗談はよせ！！　俺は行くぞ！$k
$Wsクロム|$Wd$w0|$Wsusername|$Wa$E怒,|！！！$k
$Sbs1000|","$SbpSTRM_BGM_EVT_HEIWA1_3|800|$t1$Wmクロム|7$w0|$Wsクロム|$Wa$Wmusername|3$w0|$Wsクロム|$Wa$E笑,|$SvpSE_VOICE_CHROM_EVT_25|$Nu。
今日の訓練はもう終わったのか？$k
$Wsusername|$Wa$E笑,|……！！$k
$Wsクロム|$Wa$E通常,|$SvpSE_VOICE_CHROM_EVT_8|もし手が空いているなら、
今のうちにゆっくり休んでおけよ。$k$pいつ何があるかわからんからな。$k
$Wsusername|$Wa！！！$k$p$E通常,|…………$k
$Wsクロム|$Wa$SvpSE_VOICE_CHROM_EVT_2|ん？　どうした？$k
$Wsusername|$Wa$E苦,汗|……！！$k
$Wsクロム|$Wa$SvpSE_VOICE_CHROM_EVT_26|$E苦,汗|えっ…ゆっくり休めないのは、
女の子にとっては辛いときもある？$k$pえー。えーと…$k
$Wsusername|$Wa$E通常,|…？$k
$Wsクロム|$Wa$SvpSE_VOICE_CHROM_EVT_31|あ…いや、すまん。$Nuのことを
そういう目で見たことがなかったもんでな。$k$p$E通常,|そういやお前、女だったな…$k
$Wsusername|$Wa$E怒,|…！！$k
$Wsクロム|$Wa$SvpSE_VOICE_CHROM_EVT_23|$E苦,汗|い、いや、すまん！$k
$Wsusername|$Wa！！　…？$k
$Wsクロム|$Wa$E通常,|$SvpSE_VOICE_CHROM_EVT_10|え？　王族なら
女性への礼儀をわきまえろって？$k$pいや…俺は女性に対して、
基本的には礼儀正しいぞ？$k$p問題は、そもそもお前が
女に見えないという…$k$p$E怒,汗|…って、おい！
どうして石ころを拾っているんだ！？$k
$Wsusername|$Wa$E怒,|…！！$k
$Wsクロム|$Wa$E苦,汗|$SvpSE_VOICE_CHROM_EVT_3|なに？　頭に衝撃を与えれば
失礼な発言も変化する？$k$pじょ、冗談はよせ！！　俺は行くぞ！$k
$Wsクロム|$Wd$w0|$Wsusername|$Wa$E怒,|！！！$k
$Sbs1000|","$SbpSTRM_BGM_EVT_HEIWA1_3|800|$t1$Wmクロム|7$w0|$Wsクロム|$Wa$Wmusername|3$w0|$Wsクロム|$Wa$E笑,|$SvpSE_VOICE_CHROM_EVT_25|$Nu。
今日の訓練はもう終わったのか？$k
$Wsusername|$Wa$E笑,|……！！$k
$Wsクロム|$Wa$E通常,|$SvpSE_VOICE_CHROM_EVT_8|もし手が空いているなら、
今のうちにゆっくり休んでおけよ。$k$pいつ何があるかわからんからな。$k
$Wsusername|$Wa！！！$k$p$E通常,|…………$k
$Wsクロム|$Wa$SvpSE_VOICE_CHROM_EVT_2|ん？　どうした？$k
$Wsusername|$Wa$E苦,汗|……！！$k
$Wsクロム|$Wa$SvpSE_VOICE_CHROM_EVT_26|$E苦,汗|えっ…ゆっくり休めないのは、
女の子にとっては辛いときもある？$k$pえー。えーと…$k
$Wsusername|$Wa$E通常,|…？$k
$Wsクロム|$Wa$SvpSE_VOICE_CHROM_EVT_31|あ…いや、すまん。$Nuのことを
そういう目で見たことがなかったもんでな。$k$p$E通常,|そういやお前、女だったな…$k
$Wsusername|$Wa$E怒,|…！！$k
$Wsクロム|$Wa$SvpSE_VOICE_CHROM_EVT_23|$E苦,汗|い、いや、すまん！$k
$Wsusername|$Wa！！　…？$k
$Wsクロム|$Wa$E通常,|$SvpSE_VOICE_CHROM_EVT_10|え？　王族なら
女性への礼儀をわきまえろって？$k$pいや…俺は女性に対して、
基本的には礼儀正しいぞ？$k$p問題は、そもそもお前が
女に見えないという…$k$p$E怒,汗|…って、おい！
どうして石ころを拾っているんだ！？$k
$Wsusername|$Wa$E怒,|…！！$k
$Wsクロム|$Wa$E苦,汗|$SvpSE_VOICE_CHROM_EVT_3|なに？　頭に衝撃を与えれば
失礼な発言も変化する？$k$pじょ、冗談はよせ！！　俺は行くぞ！$k
$Wsクロム|$Wd$w0|$Wsusername|$Wa$E怒,|！！！$k
$Sbs1000|","$SbpSTRM_BGM_EVT_HEIWA1_3|800|$t1$Wmクロム|7$w0|$Wsクロム|$Wa$Wmusername|3$w0|$Wsクロム|$Wa$E笑|$SvpSE_VOICE_CHROM_EVT_25|$Nu, bugünkü idmanın bitti mi?$k
$Wsusername|$Wa$E笑|...!!$k
$Wsクロム|$Wa$E通常|$SvpSE_VOICE_CHROM_EVT_8|İşin bittiyse şimdi biraz dinlen.$k$pNe zaman ne olacağı belli olmaz.$k
$Wsusername|$Wa!!!$k$p$E通常|......$k
$Wsクロム|$Wa$SvpSE_VOICE_CHROM_EVT_2|Hm? Ne oldu?$k
$Wsusername|$Wa$E苦,汗|...!!$k
$Wsクロム|$Wa$SvpSE_VOICE_CHROM_EVT_26|$E苦,汗|Ne... rahatça dinlenememek kadınlar için
zor mu?$k$pŞey...$k
$Wsusername|$Wa$E通常|...?$k
$Wsクロム|$Wa$SvpSE_VOICE_CHROM_EVT_31|Ah... yok, kusura bakma. $Nu'yu
o gözle hiç düşünmemiştim.$k$p$E通常|Doğru ya, sen bir kadındın...$k
$Wsusername|$Wa$E怒|...!!$k
$Wsクロム|$Wa$SvpSE_VOICE_CHROM_EVT_23|$E苦,汗|H-hayır, özür dilerim!$k
$Wsusername|$Wa!! ...?$k
$Wsクロム|$Wa$E通常|$SvpSE_VOICE_CHROM_EVT_10|Ne? Kraliyet ailesinden olduğum için
kadınlara karşı daha kibar mı olmalıyım?$k$pAma... kadınlara karşı genelde kibarım.$k$pSorun, seni baştan beri kadın gibi
görmemem...$k$p$E怒,汗|Hey! O taşı neden eline aldın?!$k
$Wsusername|$Wa$E怒|...!!$k
$Wsクロム|$Wa$E苦,汗|$SvpSE_VOICE_CHROM_EVT_3|Ne? Kafama darbe vurursan kaba sözlerim
düzelir mi?$k$pŞ-şaka yapma! Ben gidiyorum!$k
$Wsクロム|$Wd$w0|$Wsusername|$Wa$E怒|!!!$k
$Sbs1000|"
3,MID_支援_クロム_プレイヤー女_Ｂ_PCF1,"$SbpSTRM_BGM_EVT_TENNEN1|0|$t1$Wmクロム|7$w0|$Wsクロム|$Wa$Wsクロム|$Wa$E通常,|$SvpSE_VOICE_CHROM_EVT_24|Hé, $Nu !
Où es-tu ?!$k$p$WvHÉ OH ? TU M'ENTENDS ?$k$p$WvJ'AI UN CONSEIL À TE DEMANDER !$k
$Wmプレイヤー画像なし|3$w0|$Wsプレイヤー画像なし|$Wa$E通常,|$SvpSE_VOICE_PLAYER_F#_EVT_13|Chrom ?! C'est... C'est vous ? Euh... Juste
une seconde, d'accord ? Je sors...$k
$Wsクロム|$Wa$E笑,|$SvjSE_VOICE_CHROM_EVT_9|$SveSE_VOICE_CHROM_EVT_2|Oh... C'est là que tu te cachais ? Bon sang,
pourquoi y a-t-il autant de vapeur ici ?$k
$Wsプレイヤー画像なし|$Wa$SvpSE_VOICE_PLAYER_F#_EVT_38|AAAAAAH !$k
$Wsクロム|$WaOh, te voilà. J'ai du mal à voir avec toute
cette vapeur.$k$pBref... Je voulais te voir pour discuter de
l'itinéraire, demain. Tu vois...$k$p...$k$p$E苦,汗|$SvjSE_VOICE_CHROM_EVT_26|$SveSE_VOICE_CHROM_EVT_26|Euh... $Nu ?
Pourquoi ne portes-tu aucun vêtement ?$k
$Wsプレイヤー画像なし|$Wa$SvpSE_VOICE_PLAYER_F#_EVT_7|Chrom ? Au lieu de rester planté devant
moi la bouche ouverte comme un idiot...$k$p$Wv... ALLEZ ATTENDRE DEHORS !$k
$Wsクロム|$Wa$E悲しみ,照汗|$SvpSE_VOICE_CHROM_EVT_4|Mais je... Oh bon sang, je suis TELLEMENT
désolé ! Vraiment, je ne voulais pas...$k
$Wsプレイヤー画像なし|$Wa$SvpSE_VOICE_PLAYER_F#_EVT_32|$WvDEEEEHOOOORS !$k
$Wsクロム|$Wa$E通常,照|$SvpSE_VOICE_CHROM_EVT_23|D... D'accord ! Absolument ! J'y vais !
Je... Euh... Je serai devant la tente.$k
$Wc$Sbv40|1000|$Fo1000|$Wsプレイヤー画像なし|$Wd$w0|$Wsクロム|$Wd$w0|$Sbv100|1000|$Fi1000|$Wmクロム|3$Wmusername|7$w0|$Wsusername|$Wa$E怒,照|$SvpSE_VOICE_PLAYER_F#_EVT_31|Alors... Quelle idée d'entrer dans la tente
où les femmes prennent leur bain ?!$k
$Wsクロム|$Wa$E悲しみ,汗|$SvpSE_VOICE_CHROM_EVT_32|Je suis DÉSOLÉ ! Crois-moi, ce n'était
pas mon intention de guigner !$k
$Wsusername|$Wa$E通常,汗|$SvpSE_VOICE_PLAYER_F#_EVT_9|Bon... J'accepte vos excuses.
Maintenant, qu'y avait-il de si important ?$k
$Wsクロム|$Wa$E笑,汗|$SvpSE_VOICE_CHROM_EVT_7|Oh... Euh... J'espérais avoir ton avis sur
l'itinéraire à prendre demain.$k
$Wsusername|$Wa$E通常,|$SvpSE_VOICE_PLAYER_F#_EVT_10|Quelles sont nos options ?$k
$Wsクロム|$Wa$E通常,|$SvpSE_VOICE_CHROM_EVT_31|D'après cette carte, une des possibilités
est un chemin escarpé à travers les collines.$k$pOu nous pourrions les contourner et suivre
la route principale dans la plaine.$k$pLes deux nous mènent à notre objectif, mais
je voulais avoir ton avis.$k
$Wsusername|$Wa$SvpSE_VOICE_PLAYER_F#_EVT_20|Hmm... Il serait plus sage de traverser
les collines.$k$pLa route principale est plus aisée mais elle
nous exposerait trop à l'ennemi potentiel.$k
$Wsクロム|$Wa$E笑,|$SvpSE_VOICE_CHROM_EVT_7|Bien... C'est aussi ce que je pensais.
Merci pour ton aide.$k$pEt, euh... Voilà ! Je crois que c'est tout !
Alors... au revoir.$k
$Wsusername|$Wa$E笑,|$SvpSE_VOICE_PLAYER_F#_EVT_16|Au revoir.$k
$Wsクロム|$Wa$E悲しみ,汗|$SvpSE_VOICE_CHROM_EVT_31|$Nu ? Je suis vraiment désolé
pour l'histoire du bain.$k$pCe n'était vraiment pas mon intention
de te surprendre ainsi.$k
$Wsusername|$Wa$E通常,汗|$SvpSE_VOICE_PLAYER_F#_EVT_9|C'est bon. C'est déjà du passé.
Oublions ça, voulez-vous ?$k
$Wsクロム|$Wa$E通常,汗|$SvpSE_VOICE_CHROM_EVT_23|D'accord. Parfait. Bonne idée.
Alors, j'y vais. Je te verrai plus tard.$k$pArgh ! Je ne voulais pas dire « VOIR » !
Je veux dire... Bon, au revoir !$k$pARGH ! NON ! Je voulais dire, à plus tard !$k
$Sbs1000|","$SbpSTRM_BGM_EVT_TENNEN1|0|$t1$Wmクロム|7$w0|$Wsクロム|$Wa$Wsクロム|$Wa$E通常,|$SvpSE_VOICE_CHROM_EVT_24|He, $Nu!
Bist du da drin?!?$k$p$p$Wv...KANNST DU MICH HÖREN?$k$p$p$WvICH HABE EINE FRAGE ZUM
MORGIGEN MARSCH DER ARMEE!$k
$Wmプレイヤー画像なし|3$w0|$Wsプレイヤー画像なし|$Wa$E通常,|$SvpSE_VOICE_PLAYER_F#_EVT_13|Chrom?!? B-bist du das? Äh, nur einen
Moment bitte, ja? Komme gleich...$k
$Wsクロム|$Wa$E笑,|$SvjSE_VOICE_CHROM_EVT_9|$SveSE_VOICE_CHROM_EVT_2|Was? ""Komm gleich rein""? Na gut...
...Himmel, warum ist es hier so neblig?$k
$Wsプレイヤー画像なし|$Wa$SvpSE_VOICE_PLAYER_F#_EVT_38|AAAAAAAAAAAAH!$k
$Wsクロム|$WaOh, da bist du. Meine Augen gewöhnen sich
erst noch an den ganzen Dampf hier.$k$pWie dem auch sei, ich wollte mit dir über
den Marsch morgen reden. Weißt du, ich...$k$p$E苦,汗|$SvjSE_VOICE_CHROM_EVT_26|$SveSE_VOICE_CHROM_EVT_26|...$k$pÄhm, gibt es einen besonderen Grund dafür,
dass du keine Klamotten trägst?$k
$Wsプレイヤー画像なし|$Wa$SvpSE_VOICE_PLAYER_F#_EVT_7|Chrom? Statt hier wie ein Dorftrottel mit
offenem Mund herumzustehen...$k$p$p$WvKÖNNTEST DU VIELLEICHT
EINFACH DRAUSSEN WARTEN?!?$k
$Wsクロム|$Wa$E悲しみ,照汗|$SvpSE_VOICE_CHROM_EVT_4|Aber, ich... Oh, Ihr Götter! Das tut mir
SO leid! Das wollte ich nicht! Das heißt--$k
$Wsプレイヤー画像なし|$Wa$SvpSE_VOICE_PLAYER_F#_EVT_32|$p$WvRAUUUUUUUUUUUUUUUS!$k
$Wsクロム|$Wa$E通常,照|$SvpSE_VOICE_CHROM_EVT_23|R-richtig! Absolut! Sogleich!
Ich, äh, warte dann vor dem Zelt.$k
$Wc$Sbv40|1000|$Fo1000|$Wsプレイヤー画像なし|$Wd$w0|$Wsクロム|$Wd$w0|$Sbv100|1000|$Fi1000|$Wmクロム|3$Wmusername|7$w0|$Wsusername|$Wa$E怒,照|$SvpSE_VOICE_PLAYER_F#_EVT_31|Also gut, du... Welcher idiotische Adlige
stolpert einfach so ins Badezelt der Frauen?$k
$Wsクロム|$Wa$E悲しみ,汗|$SvpSE_VOICE_CHROM_EVT_32|Es tut mir sehr, sehr, sehr leid! Glaub mir,
ich wollte dich nicht heimlich beobachten!$k$pIch habe dich missverstanden.$k
$Wsusername|$Wa$E通常,汗|$SvpSE_VOICE_PLAYER_F#_EVT_9|...Schön. Entschuldigung angenommen.
Und was war jetzt so verdammt wichtig?$k
$Wsクロム|$Wa$E笑,汗|$SvpSE_VOICE_CHROM_EVT_7|Oh, ähm. Ich hatte gehofft, du könntest mir
für die morgige Route einen Rat geben.$k
$Wsusername|$Wa$E通常,|$SvpSE_VOICE_PLAYER_F#_EVT_10|Also gut. Was steht denn zur Auswahl?$k
$Wsクロム|$Wa$E通常,|$SvpSE_VOICE_CHROM_EVT_31|Also, laut dieser Karte ist eine Strecke ein
steiler Pfad, der durch die Hügel führt.$k$pOder wir umgehen die Hügel und folgen der
Hauptstraße über die Ebene.$k$pIch glaube, dass beides funktioniert, wollte
aber wissen, was du vorziehen würdest.$k
$Wsusername|$Wa$SvpSE_VOICE_PLAYER_F#_EVT_20|Wenn es nach mir ginge, würde ich den Weg
durch die Hügel einschlagen.$k$pDie Hauptstraße ist leichter, aber träfen wir
da auf Feinde, wären wir ungeschützter.$k
$Wsクロム|$Wa$E笑,|$SvpSE_VOICE_CHROM_EVT_7|Richtig... Das hatte ich mir auch gedacht.
Vielen Dank für deinen Rat.$k$pUnd, äh... Japp! Das war alles, glaube ich!
Also dann... Tschüss.$k
$Wsusername|$Wa$E笑,|$SvpSE_VOICE_PLAYER_F#_EVT_16|Auf Wiedersehen.$k
$Wsクロム|$Wa$E悲しみ,汗|$SvpSE_VOICE_CHROM_EVT_31|...$Nu? Die Sache mit dem Bad
tut mir wirklich leid.$k$pIch wollte dich wirklich nicht
überrumpeln.$k
$Wsusername|$Wa$E通常,汗|$SvpSE_VOICE_PLAYER_F#_EVT_9|Ist schon in Ordnung. Schnee von Gestern.
Vergessen wir es. Es gibt Wichtigeres.$k
$Wsクロム|$Wa$E通常,汗|$SvpSE_VOICE_CHROM_EVT_23|Äh, stimmt. Japp. Gute Idee. Also dann, ich
schau dann später vorbei?$k$pArgh, nein! Ich meinte: Ich SEH dich dann
später!$k$p...ARGH! NEIN! Ich meinte: Bis später!$k
$Sbs1000|","$SbpSTRM_BGM_EVT_TENNEN1|0|$t1$Wmクロム|7$w0|$Wsクロム|$Wa$Wsクロム|$Wa$E通常,|$SvpSE_VOICE_CHROM_EVT_24|Ehi, $Nu? $Nu!
Sei qui?!$k$p$Wv$Nu! MI SENTI?$k$p$WvHO UNA DOMANDA SUL PROSSIMO
SPOSTAMENTO DELL'ESERCITO!$k
$Wmプレイヤー画像なし|3$w0|$Wsプレイヤー画像なし|$Wa$E通常,|$SvpSE_VOICE_PLAYER_F#_EVT_13|Chrom?! S-Sei tu? Ehm, potresti
aspettare fuori? Sto uscendo...$k
$Wsクロム|$Wa$E笑,|$SvjSE_VOICE_CHROM_EVT_9|$SveSE_VOICE_CHROM_EVT_2|Cosa hai detto? Che posso entrare?
Ma perché c'è tutto questo vapore?$k
$Wsプレイヤー画像なし|$Wa$SvpSE_VOICE_PLAYER_F#_EVT_38|AAAAAAH!$k
$Wsクロム|$WaOh, eccoti finalmente. I miei occhi faticano
ad adattarsi a questa nuvola di vapore.$k$pComunque, volevo parlarti della marcia
di domani, stavo pensando che...$k$p$E苦,汗|$SvjSE_VOICE_CHROM_EVT_26|$SveSE_VOICE_CHROM_EVT_26|...$k$pEhm, perché non hai vestiti addosso?$k
$Wsプレイヤー画像なし|$Wa$SvpSE_VOICE_PLAYER_F#_EVT_7|Invece di startene lì a bocca aperta
come se fossi l'idiota del villaggio...$k$p$Wv... CHE NE DIRESTI DI ASPETTARMI
FUORI COME TI AVEVO CHIESTO?!$k
$Wsクロム|$Wa$E悲しみ,照汗|$SvpSE_VOICE_CHROM_EVT_4|Ma io... Oh per gli dei, mi dispiace!
Non volevo! Cioè, voglio dire...$k
$Wsプレイヤー画像なし|$Wa$SvpSE_VOICE_PLAYER_F#_EVT_32|$WvFUOOOOOORIIIIII!$k
$Wsクロム|$Wa$E通常,照|$SvpSE_VOICE_CHROM_EVT_23|C-Certo! Assolutamente! Subito!
Io, ehm, aspetterò davanti alla tenda.$k
$Wc$Sbv40|1000|$Fo1000|$Wsプレイヤー画像なし|$Wd$w0|$Wsクロム|$Wd$w0|$Sbv100|1000|$Fi1000|$Wmクロム|3$Wmusername|7$w0|$Wsusername|$Wa$E怒,照|$SvpSE_VOICE_PLAYER_F#_EVT_31|Ma guarda un po'! Come ti salta in mente
d'intrufolarti nel bagno di una signora, eh?$k
$Wsクロム|$Wa$E悲しみ,汗|$SvpSE_VOICE_CHROM_EVT_32|Mi dispiace tantissimo! Credimi, non
era mia intenzione spiarti, davvero!$k
$Wsusername|$Wa$E通常,汗|$SvpSE_VOICE_PLAYER_F#_EVT_9|Sigh! Va bene. Scuse accettate.
Ora dimmi, cosa c'è di così importante?$k
$Wsクロム|$Wa$E笑,汗|$SvpSE_VOICE_CHROM_EVT_7|Oh, ehm, speravo potessimo
discutere il cammino di domani.$k
$Wsusername|$Wa$E通常,|$SvpSE_VOICE_PLAYER_F#_EVT_10|D'accordo, quali sono le nostre opzioni?$k
$Wsクロム|$Wa$E通常,|$SvpSE_VOICE_CHROM_EVT_31|Beh, a giudicare da questa mappa c'è
un sentiero scosceso tra le colline.$k$pOppure potremmo aggirare le colline e
seguire la strada principale in pianura.$k$pLa distanza da coprire è quasi uguale, ma
mi chiedevo se avessi qualche preferenza.$k
$Wsusername|$Wa$SvpSE_VOICE_PLAYER_F#_EVT_20|Uhm, direi di seguire il sentiero
attraverso le colline.$k$pLa strada principale è più agevole,
ma anche più esposta agli agguati.$k
$Wsクロム|$Wa$E笑,|$SvpSE_VOICE_CHROM_EVT_7|Giusto... Proprio quello che pensavo.
Grazie per il consiglio.$k$pE... Sì! È tutto, credo! Allora... ciao.$k
$Wsusername|$Wa$E笑,|$SvpSE_VOICE_PLAYER_F#_EVT_16|Arrivederci.$k
$Wsクロム|$Wa$E悲しみ,汗|$SvpSE_VOICE_CHROM_EVT_31|$Nu? Sono davvero mortificato
per l'incidente del bagno.$k$pNon era mia intenzione
vederti in déshabillé.$k
$Wsusername|$Wa$E通常,汗|$SvpSE_VOICE_PLAYER_F#_EVT_9|Tranquillo. Acqua passata, ormai.
Mettiamoci una pietra sopra, d'accordo?$k
$Wsクロム|$Wa$E通常,汗|$SvpSE_VOICE_CHROM_EVT_23|Ehm, certo. Buona idea.
Allora, ci vediamo dopo?$k$pUh, no! Volevo dire, fatti vedere...$k$pARGH! Voglio dire, arrivederci!$k
$Sbs1000|","$SbpSTRM_BGM_EVT_TENNEN1|0|$t1$Wmクロム|7$w0|$Wsクロム|$Wa$Wsクロム|$Wa$E通常,|$SvpSE_VOICE_CHROM_EVT_24|¡Eh, $Nu! ¡¿Estás ahí dentro?!$k$p$Wv¡Holaaaa! ¿ME OYES? ¡TENGO QUE
PREGUNTARTE UNA COSA!$k$p$Wv¡ES SOBRE EL PRÓXIMO MOVIMIENTO
DEL EJÉRCITO!$k
$Wmプレイヤー画像なし|3$w0|$Wsプレイヤー画像なし|$Wa$E通常,|$SvpSE_VOICE_PLAYER_F#_EVT_13|¡¿Chrom?! ¿E-eres tú? Eeeh... Dame un
segundo, ¿vale? Salgo enseguida...$k
$Wsクロム|$Wa$E笑,|$SvjSE_VOICE_CHROM_EVT_9|$SveSE_VOICE_CHROM_EVT_2|¿Qué dices? Deja que entre... ¡Uuuf!
¿Por qué hay tanto vapor aquí dentro?$k
$Wsプレイヤー画像なし|$Wa$SvpSE_VOICE_PLAYER_F#_EVT_38|¡AAAAAAAH!$k
$Wsクロム|$Wa$E苦,汗|¡Ah! Así que estás ahí... Casi no veo
nada con todo este vapor...$k$pEn fin, yo venía a hablar contigo del avance
de mañana. Verás...$k$p$SvjSE_VOICE_CHROM_EVT_26|$SveSE_VOICE_CHROM_EVT_26|(...)$k$pMmm... ¿Q-qué haces desnuda?$k
$Wsプレイヤー画像なし|$Wa$SvpSE_VOICE_PLAYER_F#_EVT_7|¿Chrom? ¡NO TE QUEDES AHÍ CON LA
BOCA ABIERTA COMO UN IDIOTA!$k$p$Wv¡MALDITA SEA! ¡ESPÉRAME FUERA!$k
$Wsクロム|$Wa$E悲しみ,照汗|$SvpSE_VOICE_CHROM_EVT_4|P-pero... ¡Dioses! ¡Lo siento muchísimo!
¡No era mi intención, de veras! Esto...$k
$Wsプレイヤー画像なし|$Wa$SvpSE_VOICE_PLAYER_F#_EVT_32|$Wv¡LÁAAAAAAAAAARGATEEEEEE!$k
$Wsクロム|$Wa$E通常,照|$SvpSE_VOICE_CHROM_EVT_23|¡C-claro! ¡Por supuesto! ¡Me voy ahora
mismo! Te espero... Eeeh... Ahí enfrente.$k
$Wc$Sbv40|1000|$Fo1000|$Wsプレイヤー画像なし|$Wd$w0|$Wsクロム|$Wd$w0|$Sbv100|1000|$Fi1000|$Wmクロム|3$Wmusername|7$w0|$Wsusername|$Wa$E怒,照|$SvpSE_VOICE_PLAYER_F#_EVT_31|Pero bueno, ¿qué pasa contigo? ¿Qué
clase de noble imbécil eres?$k$p¿Cómo se te ocurre entrar así en el baño
de mujeres? ¡Menuda metedura de pata!$k
$Wsクロム|$Wa$E悲しみ,汗|$SvpSE_VOICE_CHROM_EVT_32|¡Lo siento muchísimo! ¡Créeme, de verdad!
¡No pretendía espiarte ni nada de eso!$k
$Wsusername|$Wa$E通常,汗|$SvpSE_VOICE_PLAYER_F#_EVT_9|Vaaale... Acepto tus disculpas. A ver, ¿qué
era eso tan importante?$k
$Wsクロム|$Wa$E笑,汗|$SvpSE_VOICE_CHROM_EVT_7|¡Ah! Pues... Quería que me aconsejaras
acerca de la ruta de mañana.$k
$Wsusername|$Wa$E通常,|$SvpSE_VOICE_PLAYER_F#_EVT_10|Bien. ¿Cuáles son las opciones?$k
$Wsクロム|$Wa$E通常,|$SvpSE_VOICE_CHROM_EVT_31|Según este mapa, podríamos coger este
sendero empinado que atraviesa las colinas.$k$pO bien rodearlas y seguir el camino
principal que recorre la llanura.$k$pMe imagino que dará igual, pero quería
saber si prefieres alguno en particular.$k
$Wsusername|$Wa$SvpSE_VOICE_PLAYER_F#_EVT_20|Yo iría por las colinas. Por el otro lado
resultaría más fácil, pero...$k$ptambién estaríamos más expuestos si nos
topamos con algún enemigo.$k
$Wsクロム|$Wa$E笑,|$SvpSE_VOICE_CHROM_EVT_7|Ajá... Eso mismo pensaba yo. Gracias por
el consejo.$k$pY, eeeh... ¡Sí! ¡Eso es todo, creo! Así que...
¡adiós!$k
$Wsusername|$Wa$E笑,|$SvpSE_VOICE_PLAYER_F#_EVT_16|Adiós.$k
$Wsクロム|$Wa$E悲しみ,汗|$SvpSE_VOICE_CHROM_EVT_31|Y... Eeh, $Nu... Siento muchísimo
lo que ha ocurrido antes en el baño.$k$pNo pretendía pillarte así, de verdad.$k
$Wsusername|$Wa$E通常,汗|$SvpSE_VOICE_PLAYER_F#_EVT_9|No pasa nada. Vamos a olvidarlo y ya está.$k
$Wsクロム|$Wa$E通常,汗|$SvpSE_VOICE_CHROM_EVT_23|Eeeh, vale. Sí, buena idea. Entonces...
Ya te pillaré después...$k$p¡Aaah! ¡No! Es decir... ¡Te las veo luego!$k$p¡AAAH! ¡NOOO! B-bueno, ¡adiós!$k
$Sbs1000|","$SbpSTRM_BGM_EVT_TENNEN1|0|$t1$Wmクロム|7$w0|$Wsクロム|$Wa$Wsクロム|$Wa$E通常,|$SvpSE_VOICE_CHROM_EVT_24|Hey, $Nu? ...$Nu!
Are you in here?!$k$p$Wv$Nu! ...HELLO?$k$p$WvI HAVE A QUESTION ABOUT
OUR NEXT MOVE!$k
$Wmプレイヤー画像なし|3$w0|$Wsプレイヤー画像なし|$Wa$E通常,|$SvpSE_VOICE_PLAYER_F#_EVT_13|Chrom?! I-is that you? Er, if you could
just wait outside, I'll just be a moment...$k
$Wsクロム|$Wa$E笑,|$SvjSE_VOICE_CHROM_EVT_9|$SveSE_VOICE_CHROM_EVT_2|What? Come on in? ...Gods, why is
it so steamy in here? Did someone leave―$k
$Wsプレイヤー画像なし|$Wa$SvpSE_VOICE_PLAYER_F#_EVT_38|KYAAAAAAAAAAAA!$k
$Wsクロム|$WaAh, there you are. I can hardly see a
thing through all this blasted steam...$k$pAnyway. I wanted to consult with you
on tomorrow's march. You see...$k$p$E苦,汗|$SvjSE_VOICE_CHROM_EVT_26|$SveSE_VOICE_CHROM_EVT_26|...$k$pEr, is there any special reason
you aren't wearing any clothing?$k
$Wsプレイヤー画像なし|$Wa$SvpSE_VOICE_PLAYER_F#_EVT_7|Chrom? Rather than stand there like
a slack-jawed village idiot...$k$p$WvPERHAPS YOU COULD WAIT
OUTSIDE LIKE I ASKED?!$k
$Wsクロム|$Wa$E悲しみ,照汗|$SvpSE_VOICE_CHROM_EVT_4|But, I... You... Oh gods, I'm SO sorry!
I didn't mean to! That is to say―$k
$Wsプレイヤー画像なし|$Wa$SvpSE_VOICE_PLAYER_F#_EVT_32|$WvOOOOOOOOOOOOOOOOUT!$k
$Wsクロム|$Wa$E通常,照|$SvpSE_VOICE_CHROM_EVT_23|R-right! Absolutely! Straight away!
I'll, er, wait outside the tent.$k
$Wc$Sbv40|1000|$Fo1000|$Wsプレイヤー画像なし|$Wd$w0|$Wsクロム|$Wd$w0|$Sbv100|1000|$Fi1000|$Wmクロム|3$Wmusername|7$w0|$Wsusername|$Wa$E怒,照|$SvpSE_VOICE_PLAYER_F#_EVT_31|All right, you! What sort of idiot blunders
straight into the women's bathing tent?!$k
$Wsクロム|$Wa$E悲しみ,汗|$SvpSE_VOICE_CHROM_EVT_32|I'm sorry! Very, very sorry! I misheard you,
I swear it. I had no intention of peeping!$k
$Wsusername|$Wa$E通常,汗|$SvpSE_VOICE_PLAYER_F#_EVT_9|*sigh* ...Just... Fine. Apology accepted.
Now what was so damned important?$k
$Wsクロム|$Wa$E笑,汗|$SvpSE_VOICE_CHROM_EVT_7|Oh, er. I was hoping you could offer
some advice on tomorrow's route.$k
$Wsusername|$Wa$E通常,|$SvpSE_VOICE_PLAYER_F#_EVT_10|Fine. What are the options?$k
$Wsクロム|$Wa$E通常,|$SvpSE_VOICE_CHROM_EVT_31|Well, according to this map, one route
is this steep trail through the hills.$k$pOr we could circle the hills and follow the
main road across the plain.$k$pI imagine either would work but wanted
to see if you had a preference.$k
$Wsusername|$Wa$SvpSE_VOICE_PLAYER_F#_EVT_20|Hmm... I'd say the path
through the hills.$k$pThe main road would be easier, but we'd
be more exposed if we encountered foes.$k
$Wsクロム|$Wa$E笑,|$SvpSE_VOICE_CHROM_EVT_7|Right... That's what I was thinking.
Thanks for the advice.$k$pAnd, er... Yes! Well, that's it, I guess!
So...yes. Bye.$k
$Wsusername|$Wa$E笑,|$SvpSE_VOICE_PLAYER_F#_EVT_16|Goodbye.$k
$Wsクロム|$Wa$E悲しみ,汗|$SvpSE_VOICE_CHROM_EVT_31|...And $Nu? I'm really sorry
about the bath thing.$k$pI honestly didn't mean to catch you
like that.$k
$Wsusername|$Wa$E通常,汗|$SvpSE_VOICE_PLAYER_F#_EVT_9|It's fine. Water under the bridge.
Let's forget about it and move on.$k
$Wsクロム|$Wa$E通常,汗|$SvpSE_VOICE_CHROM_EVT_23|Er, right. Yes. Good idea. So!
I'll catch you later?$k$pArgh, no! I mean, I'll SEE you later!$k$p...ARGH! NO! I mean... Goodbye!$k
$Sbs1000|","$SbpSTRM_BGM_EVT_TENNEN1|0|$t1$Wmクロム|7$w0|$Wsクロム|$Wa$Wsクロム|$Wa$E通常|$SvpSE_VOICE_CHROM_EVT_24|Hey, $Nu?... $Nu!
Burada mısın?!$k$p$Wv$Nu! Sesleniyorum!$k$p$WvSONRAKİ YÜRÜYÜŞ ROTASINI
KONUŞMAMIZ LAZIM!$k
$Wmプレイヤー画像なし|3$w0|$Wsプレイヤー画像なし|$Wa$E通常|$SvpSE_VOICE_PLAYER_F#_EVT_13|Chrom?! S-sen misin? Dışarıda bekler
misin? Birazdan çıkacağım...$k
$Wsクロム|$Wa$E笑|$SvjSE_VOICE_CHROM_EVT_9|$SveSE_VOICE_CHROM_EVT_2|Ne? İçeri mi geleyim? Tanrılar, burası
neden bu kadar buharlı? Biri―$k
$Wsプレイヤー画像なし|$Wa$SvpSE_VOICE_PLAYER_F#_EVT_38|KYAAAAAAAA!$k
$Wsクロム|$WaAh, buradasın. Bu lanet buhardan hiçbir
şey göremiyorum...$k$pNeyse. Yarınki yürüyüşü
danışacaktım. Şöyle ki...$k$p$E苦,汗|$SvjSE_VOICE_CHROM_EVT_26|$SveSE_VOICE_CHROM_EVT_26|...$k$pŞey... Üstünde neden hiç
kıyafet yok?$k
$Wsプレイヤー画像なし|$Wa$SvpSE_VOICE_PLAYER_F#_EVT_7|Chrom? Ağzı açık köy delisi gibi
dikilmek yerine...$k$p$WvİSTEDİĞİM GİBİ DIŞARIDA BEKLESENE!$k
$Wsクロム|$Wa$E悲しみ,照汗|$SvpSE_VOICE_CHROM_EVT_4|Ama ben... sen... Tanrılar, çok özür
dilerim! İstemeden oldu! Yani―$k
$Wsプレイヤー画像なし|$Wa$SvpSE_VOICE_PLAYER_F#_EVT_32|$WvDIIIIŞARIIII!$k
$Wsクロム|$Wa$E通常,照|$SvpSE_VOICE_CHROM_EVT_23|T-tamam! Hemen! Çadırın dışında
bekliyorum.$k
$Wc$Sbv40|1000|$Fo1000|$Wsプレイヤー画像なし|$Wd$w0|$Wsクロム|$Wd$w0|$Sbv100|1000|$Fi1000|$Wmクロム|3$Wmusername|7$w0|$Wsusername|$Wa$E怒,照|$SvpSE_VOICE_PLAYER_F#_EVT_31|Hey sen! Hangi aptal, kadınların banyo
çadırına böyle dalar?!$k
$Wsクロム|$Wa$E悲しみ,汗|$SvpSE_VOICE_CHROM_EVT_32|Özür dilerim! Gerçekten! Seni yanlış
duydum; gizlice bakmaya niyetim yoktu!$k
$Wsusername|$Wa$E通常,汗|$SvpSE_VOICE_PLAYER_F#_EVT_9|*iç çeker* Peki. Özrünü kabul ediyorum.
Bu kadar kahrolası önemli olan neydi?$k
$Wsクロム|$Wa$E笑,汗|$SvpSE_VOICE_CHROM_EVT_7|Yarınki güzergâh için fikrini almak
istiyordum.$k
$Wsusername|$Wa$E通常|$SvpSE_VOICE_PLAYER_F#_EVT_10|Peki. Seçenekler neler?$k
$Wsクロム|$Wa$E通常|$SvpSE_VOICE_CHROM_EVT_31|Haritaya göre bir yol tepelerin içindeki
dik patikadan geçiyor.$k$pYa da tepeleri dolaşıp ovadaki
ana yoldan gidebiliriz.$k$pİkisi de olur sanırım ama hangisini
tercih ettiğini merak ettim.$k
$Wsusername|$Wa$SvpSE_VOICE_PLAYER_F#_EVT_20|Hımm... Tepelerin arasındaki patikayı
seçerdim.$k$pAna yol daha kolay ama düşmanla
karşılaşırsak fazla açıkta kalırız.$k
$Wsクロム|$Wa$E笑|$SvpSE_VOICE_CHROM_EVT_7|Evet... Ben de öyle düşünmüştüm. Tavsiye
için sağ ol.$k$pŞey... Evet! Sanırım bu
kadar! O hâlde... görüşürüz.$k
$Wsusername|$Wa$E笑|$SvpSE_VOICE_PLAYER_F#_EVT_16|Güle güle.$k
$Wsクロム|$Wa$E悲しみ,汗|$SvpSE_VOICE_CHROM_EVT_31|... Bir de, $Nu. Banyo
meselesi için gerçekten özür dilerim.$k$pSeni öyle görmeyi
gerçekten istemedim.$k
$Wsusername|$Wa$E通常,汗|$SvpSE_VOICE_PLAYER_F#_EVT_9|Sorun yok. Geçti gitti. Unutup devam
edelim.$k
$Wsクロム|$Wa$E通常,汗|$SvpSE_VOICE_CHROM_EVT_23|Ee... tamam, evet. İyi fikir. Şey!
Sonra görüşürüz?$k$pArgh, hayır! Yani sonra
GÖRÜŞÜRÜZ!$k$p... ARGH! HAYIR! Yani... hoşça kal!$k
$Sbs1000|"
4,MID_支援_クロム_プレイヤー女_Ｂ_PCF2,"$SbpSTRM_BGM_EVT_TENNEN1|0|$t1$Wmクロム|7$w0|$Wsクロム|$Wa$Wsクロム|$Wa$E通常,|$SvpSE_VOICE_CHROM_EVT_24|…おーい、$Nu！
…？　どこにいるんだ…？$k$p…おーい、$Nu！
行軍の進路について相談したいんだが！$k
$Wmプレイヤー画像なし|3$w0|$Wsプレイヤー画像なし|$Wa$SvpSE_VOICE_PLAYER_F#_EVT_13|えっ…クロムさん！？
ちょ、ちょっと待っててください！$k$p後でそっちに行きますから！$k
$Wsクロム|$Wa$E笑,|$SvpSE_VOICE_CHROM_EVT_9|なんだ、その天幕の中にいるのか。
なんで後からなんだよ？　入るぞ！$k
$Wsプレイヤー画像なし|$Wa$SvpSE_VOICE_PLAYER_F#_EVT_38|きゃああぁっ！？
く、クロムさん！？$k$p入ってこないでくださいって
言ったじゃないですか！？$k
$Wsクロム|$Wa$E苦,汗|$SvpSE_VOICE_CHROM_EVT_26|えっ…お前、なんで裸？$k
$Wsプレイヤー画像なし|$Wa$SvpSE_VOICE_PLAYER_F#_EVT_7|いいから、さっさと
出て行ってくださーいっ！$k
$Wsクロム|$Wa$E悲しみ,照汗|$SvpSE_VOICE_CHROM_EVT_4|あ…、ああああーーーっ！！！
いやいやいや！！！　俺はそんなつもりじゃ…！$k
$Wsプレイヤー画像なし|$Wa$SvpSE_VOICE_PLAYER_F#_EVT_32|出て行って
くださーーーーーい！！！！！$k
$Wsクロム|$Wa$E通常,照|$SvpSE_VOICE_CHROM_EVT_23|す…すまない！
じゃ、じゃあ、外で待ってるからっ！$k
$Wc$Sbv40|1000|$Fo1000|$Wsプレイヤー画像なし|$Wd$w0|$Wsクロム|$Wd$w0|$Sbv100|1000|$Fi1000|$Wmクロム|3$Wmusername|7$w0|$Wsusername|$Wa$E怒,照|$SvpSE_VOICE_PLAYER_F#_EVT_31|まったく…女の子の入浴中に
勝手に入ってこられるなんて、最低です…$k
$Wsクロム|$Wa$E悲しみ,汗|$SvpSE_VOICE_CHROM_EVT_32|す…すまん！　他意はなかったんだ！
ほ、本当にすまん！！$k
$Wsusername|$Wa$E通常,汗|$SvpSE_VOICE_PLAYER_F#_EVT_9|…もういいです、わかりましたから。
で、私になんの用ですか？$k
$Wsクロム|$Wa$E笑,|$SvpSE_VOICE_CHROM_EVT_7|あ、ああ。今後想定される
軍の進路を相談したくてな。$k
$Wsusername|$Wa$E通常,|$SvpSE_VOICE_PLAYER_F#_EVT_10|そ、そうですか…。
で、具体的にはどういう感じです？$k
$Wsクロム|$Wa$E通常,|$SvpSE_VOICE_CHROM_EVT_31|こ、この地図のように軍を進めた場合、
険しい道の近道か、それとも$k$p少し遠回りでも
平坦な道を行くか…$k$pね、念のため検討しておいた方が
いいと思ってな…$k
$Wsusername|$Wa$SvpSE_VOICE_PLAYER_F#_EVT_20|そうですね…ここは険しくても
近道を行った方がいいかもしれません。$k$p平坦な道だと敵に遭遇した時に
守りが薄くなりますし。$k
$Wsクロム|$Wa$E笑,|$SvpSE_VOICE_CHROM_EVT_7|な、なるほど…そうだな。
ありがとう、参考にさせてもらう。$k$p………じゃ、じゃあ、
俺はこれで失礼するぞ…$k
$Wsusername|$Wa$E笑,|$SvpSE_VOICE_PLAYER_F#_EVT_16|…はい。$k
$Wsクロム|$Wa$E悲しみ,汗|$SvpSE_VOICE_CHROM_EVT_31|あ…あのな、$Nu。
さっきのは本当にわざとじゃ…！$k
$Wsusername|$Wa$E通常,汗|$SvpSE_VOICE_PLAYER_F#_EVT_9|もういいです！　あなたがそんなことを
しない人だって事くらい、わかっていますから。$k
$Wsクロム|$Wa$E通常,汗|$SvpSE_VOICE_CHROM_EVT_23|あ、ああ、そうか。それじゃ…また。$k
$Sbs1000|",,"$SbpSTRM_BGM_EVT_TENNEN1|0|$t1$Wmクロム|7$w0|$Wsクロム|$Wa$Wsクロム|$Wa$E通常,|$SvpSE_VOICE_CHROM_EVT_24|…おーい、$Nu！
…？　どこにいるんだ…？$k$p…おーい、$Nu！
行軍の進路について相談したいんだが！$k
$Wmプレイヤー画像なし|3$w0|$Wsプレイヤー画像なし|$Wa$SvpSE_VOICE_PLAYER_F#_EVT_13|えっ…クロムさん！？
ちょ、ちょっと待っててください！$k$p後でそっちに行きますから！$k
$Wsクロム|$Wa$E笑,|$SvpSE_VOICE_CHROM_EVT_9|なんだ、その天幕の中にいるのか。
なんで後からなんだよ？　入るぞ！$k
$Wsプレイヤー画像なし|$Wa$SvpSE_VOICE_PLAYER_F#_EVT_38|きゃああぁっ！？
く、クロムさん！？$k$p入ってこないでくださいって
言ったじゃないですか！？$k
$Wsクロム|$Wa$E苦,汗|$SvpSE_VOICE_CHROM_EVT_26|えっ…お前、なんで裸？$k
$Wsプレイヤー画像なし|$Wa$SvpSE_VOICE_PLAYER_F#_EVT_7|いいから、さっさと
出て行ってくださーいっ！$k
$Wsクロム|$Wa$E悲しみ,照汗|$SvpSE_VOICE_CHROM_EVT_4|あ…、ああああーーーっ！！！
いやいやいや！！！　俺はそんなつもりじゃ…！$k
$Wsプレイヤー画像なし|$Wa$SvpSE_VOICE_PLAYER_F#_EVT_32|出て行って
くださーーーーーい！！！！！$k
$Wsクロム|$Wa$E通常,照|$SvpSE_VOICE_CHROM_EVT_23|す…すまない！
じゃ、じゃあ、外で待ってるからっ！$k
$Wc$Sbv40|1000|$Fo1000|$Wsプレイヤー画像なし|$Wd$w0|$Wsクロム|$Wd$w0|$Sbv100|1000|$Fi1000|$Wmクロム|3$Wmusername|7$w0|$Wsusername|$Wa$E怒,照|$SvpSE_VOICE_PLAYER_F#_EVT_31|まったく…女の子の入浴中に
勝手に入ってこられるなんて、最低です…$k
$Wsクロム|$Wa$E悲しみ,汗|$SvpSE_VOICE_CHROM_EVT_32|す…すまん！　他意はなかったんだ！
ほ、本当にすまん！！$k
$Wsusername|$Wa$E通常,汗|$SvpSE_VOICE_PLAYER_F#_EVT_9|…もういいです、わかりましたから。
で、私になんの用ですか？$k
$Wsクロム|$Wa$E笑,|$SvpSE_VOICE_CHROM_EVT_7|あ、ああ。今後想定される
軍の進路を相談したくてな。$k
$Wsusername|$Wa$E通常,|$SvpSE_VOICE_PLAYER_F#_EVT_10|そ、そうですか…。
で、具体的にはどういう感じです？$k
$Wsクロム|$Wa$E通常,|$SvpSE_VOICE_CHROM_EVT_31|こ、この地図のように軍を進めた場合、
険しい道の近道か、それとも$k$p少し遠回りでも
平坦な道を行くか…$k$pね、念のため検討しておいた方が
いいと思ってな…$k
$Wsusername|$Wa$SvpSE_VOICE_PLAYER_F#_EVT_20|そうですね…ここは険しくても
近道を行った方がいいかもしれません。$k$p平坦な道だと敵に遭遇した時に
守りが薄くなりますし。$k
$Wsクロム|$Wa$E笑,|$SvpSE_VOICE_CHROM_EVT_7|な、なるほど…そうだな。
ありがとう、参考にさせてもらう。$k$p………じゃ、じゃあ、
俺はこれで失礼するぞ…$k
$Wsusername|$Wa$E笑,|$SvpSE_VOICE_PLAYER_F#_EVT_16|…はい。$k
$Wsクロム|$Wa$E悲しみ,汗|$SvpSE_VOICE_CHROM_EVT_31|あ…あのな、$Nu。
さっきのは本当にわざとじゃ…！$k
$Wsusername|$Wa$E通常,汗|$SvpSE_VOICE_PLAYER_F#_EVT_9|もういいです！　あなたがそんなことを
しない人だって事くらい、わかっていますから。$k
$Wsクロム|$Wa$E通常,汗|$SvpSE_VOICE_CHROM_EVT_23|あ、ああ、そうか。それじゃ…また。$k
$Sbs1000|","$SbpSTRM_BGM_EVT_TENNEN1|0|$t1$Wmクロム|7$w0|$Wsクロム|$Wa$Wsクロム|$Wa$E通常,|$SvpSE_VOICE_CHROM_EVT_24|…おーい、$Nu！
…？　どこにいるんだ…？$k$p…おーい、$Nu！
行軍の進路について相談したいんだが！$k
$Wmプレイヤー画像なし|3$w0|$Wsプレイヤー画像なし|$Wa$SvpSE_VOICE_PLAYER_F#_EVT_13|えっ…クロムさん！？
ちょ、ちょっと待っててください！$k$p後でそっちに行きますから！$k
$Wsクロム|$Wa$E笑,|$SvpSE_VOICE_CHROM_EVT_9|なんだ、その天幕の中にいるのか。
なんで後からなんだよ？　入るぞ！$k
$Wsプレイヤー画像なし|$Wa$SvpSE_VOICE_PLAYER_F#_EVT_38|きゃああぁっ！？
く、クロムさん！？$k$p入ってこないでくださいって
言ったじゃないですか！？$k
$Wsクロム|$Wa$E苦,汗|$SvpSE_VOICE_CHROM_EVT_26|えっ…お前、なんで裸？$k
$Wsプレイヤー画像なし|$Wa$SvpSE_VOICE_PLAYER_F#_EVT_7|いいから、さっさと
出て行ってくださーいっ！$k
$Wsクロム|$Wa$E悲しみ,照汗|$SvpSE_VOICE_CHROM_EVT_4|あ…、ああああーーーっ！！！
いやいやいや！！！　俺はそんなつもりじゃ…！$k
$Wsプレイヤー画像なし|$Wa$SvpSE_VOICE_PLAYER_F#_EVT_32|出て行って
くださーーーーーい！！！！！$k
$Wsクロム|$Wa$E通常,照|$SvpSE_VOICE_CHROM_EVT_23|す…すまない！
じゃ、じゃあ、外で待ってるからっ！$k
$Wc$Sbv40|1000|$Fo1000|$Wsプレイヤー画像なし|$Wd$w0|$Wsクロム|$Wd$w0|$Sbv100|1000|$Fi1000|$Wmクロム|3$Wmusername|7$w0|$Wsusername|$Wa$E怒,照|$SvpSE_VOICE_PLAYER_F#_EVT_31|まったく…女の子の入浴中に
勝手に入ってこられるなんて、最低です…$k
$Wsクロム|$Wa$E悲しみ,汗|$SvpSE_VOICE_CHROM_EVT_32|す…すまん！　他意はなかったんだ！
ほ、本当にすまん！！$k
$Wsusername|$Wa$E通常,汗|$SvpSE_VOICE_PLAYER_F#_EVT_9|…もういいです、わかりましたから。
で、私になんの用ですか？$k
$Wsクロム|$Wa$E笑,|$SvpSE_VOICE_CHROM_EVT_7|あ、ああ。今後想定される
軍の進路を相談したくてな。$k
$Wsusername|$Wa$E通常,|$SvpSE_VOICE_PLAYER_F#_EVT_10|そ、そうですか…。
で、具体的にはどういう感じです？$k
$Wsクロム|$Wa$E通常,|$SvpSE_VOICE_CHROM_EVT_31|こ、この地図のように軍を進めた場合、
険しい道の近道か、それとも$k$p少し遠回りでも
平坦な道を行くか…$k$pね、念のため検討しておいた方が
いいと思ってな…$k
$Wsusername|$Wa$SvpSE_VOICE_PLAYER_F#_EVT_20|そうですね…ここは険しくても
近道を行った方がいいかもしれません。$k$p平坦な道だと敵に遭遇した時に
守りが薄くなりますし。$k
$Wsクロム|$Wa$E笑,|$SvpSE_VOICE_CHROM_EVT_7|な、なるほど…そうだな。
ありがとう、参考にさせてもらう。$k$p………じゃ、じゃあ、
俺はこれで失礼するぞ…$k
$Wsusername|$Wa$E笑,|$SvpSE_VOICE_PLAYER_F#_EVT_16|…はい。$k
$Wsクロム|$Wa$E悲しみ,汗|$SvpSE_VOICE_CHROM_EVT_31|あ…あのな、$Nu。
さっきのは本当にわざとじゃ…！$k
$Wsusername|$Wa$E通常,汗|$SvpSE_VOICE_PLAYER_F#_EVT_9|もういいです！　あなたがそんなことを
しない人だって事くらい、わかっていますから。$k
$Wsクロム|$Wa$E通常,汗|$SvpSE_VOICE_CHROM_EVT_23|あ、ああ、そうか。それじゃ…また。$k
$Sbs1000|","$SbpSTRM_BGM_EVT_TENNEN1|0|$t1$Wmクロム|7$w0|$Wsクロム|$Wa$Wsクロム|$Wa$E通常,|$SvpSE_VOICE_CHROM_EVT_24|…おーい、$Nu！
…？　どこにいるんだ…？$k$p…おーい、$Nu！
行軍の進路について相談したいんだが！$k
$Wmプレイヤー画像なし|3$w0|$Wsプレイヤー画像なし|$Wa$SvpSE_VOICE_PLAYER_F#_EVT_13|えっ…クロムさん！？
ちょ、ちょっと待っててください！$k$p後でそっちに行きますから！$k
$Wsクロム|$Wa$E笑,|$SvpSE_VOICE_CHROM_EVT_9|なんだ、その天幕の中にいるのか。
なんで後からなんだよ？　入るぞ！$k
$Wsプレイヤー画像なし|$Wa$SvpSE_VOICE_PLAYER_F#_EVT_38|きゃああぁっ！？
く、クロムさん！？$k$p入ってこないでくださいって
言ったじゃないですか！？$k
$Wsクロム|$Wa$E苦,汗|$SvpSE_VOICE_CHROM_EVT_26|えっ…お前、なんで裸？$k
$Wsプレイヤー画像なし|$Wa$SvpSE_VOICE_PLAYER_F#_EVT_7|いいから、さっさと
出て行ってくださーいっ！$k
$Wsクロム|$Wa$E悲しみ,照汗|$SvpSE_VOICE_CHROM_EVT_4|あ…、ああああーーーっ！！！
いやいやいや！！！　俺はそんなつもりじゃ…！$k
$Wsプレイヤー画像なし|$Wa$SvpSE_VOICE_PLAYER_F#_EVT_32|出て行って
くださーーーーーい！！！！！$k
$Wsクロム|$Wa$E通常,照|$SvpSE_VOICE_CHROM_EVT_23|す…すまない！
じゃ、じゃあ、外で待ってるからっ！$k
$Wc$Sbv40|1000|$Fo1000|$Wsプレイヤー画像なし|$Wd$w0|$Wsクロム|$Wd$w0|$Sbv100|1000|$Fi1000|$Wmクロム|3$Wmusername|7$w0|$Wsusername|$Wa$E怒,照|$SvpSE_VOICE_PLAYER_F#_EVT_31|まったく…女の子の入浴中に
勝手に入ってこられるなんて、最低です…$k
$Wsクロム|$Wa$E悲しみ,汗|$SvpSE_VOICE_CHROM_EVT_32|す…すまん！　他意はなかったんだ！
ほ、本当にすまん！！$k
$Wsusername|$Wa$E通常,汗|$SvpSE_VOICE_PLAYER_F#_EVT_9|…もういいです、わかりましたから。
で、私になんの用ですか？$k
$Wsクロム|$Wa$E笑,|$SvpSE_VOICE_CHROM_EVT_7|あ、ああ。今後想定される
軍の進路を相談したくてな。$k
$Wsusername|$Wa$E通常,|$SvpSE_VOICE_PLAYER_F#_EVT_10|そ、そうですか…。
で、具体的にはどういう感じです？$k
$Wsクロム|$Wa$E通常,|$SvpSE_VOICE_CHROM_EVT_31|こ、この地図のように軍を進めた場合、
険しい道の近道か、それとも$k$p少し遠回りでも
平坦な道を行くか…$k$pね、念のため検討しておいた方が
いいと思ってな…$k
$Wsusername|$Wa$SvpSE_VOICE_PLAYER_F#_EVT_20|そうですね…ここは険しくても
近道を行った方がいいかもしれません。$k$p平坦な道だと敵に遭遇した時に
守りが薄くなりますし。$k
$Wsクロム|$Wa$E笑,|$SvpSE_VOICE_CHROM_EVT_7|な、なるほど…そうだな。
ありがとう、参考にさせてもらう。$k$p………じゃ、じゃあ、
俺はこれで失礼するぞ…$k
$Wsusername|$Wa$E笑,|$SvpSE_VOICE_PLAYER_F#_EVT_16|…はい。$k
$Wsクロム|$Wa$E悲しみ,汗|$SvpSE_VOICE_CHROM_EVT_31|あ…あのな、$Nu。
さっきのは本当にわざとじゃ…！$k
$Wsusername|$Wa$E通常,汗|$SvpSE_VOICE_PLAYER_F#_EVT_9|もういいです！　あなたがそんなことを
しない人だって事くらい、わかっていますから。$k
$Wsクロム|$Wa$E通常,汗|$SvpSE_VOICE_CHROM_EVT_23|あ、ああ、そうか。それじゃ…また。$k
$Sbs1000|","$SbpSTRM_BGM_EVT_TENNEN1|0|$t1$Wmクロム|7$w0|$Wsクロム|$Wa$Wsクロム|$Wa$E通常|$SvpSE_VOICE_CHROM_EVT_24|Hey, $Nu! Orada mısın?$k$pHey, $Nu! Sonraki yürüyüş rotasını
konuşmamız lazım!$k
$Wmプレイヤー画像なし|3$w0|$Wsプレイヤー画像なし|$Wa$SvpSE_VOICE_PLAYER_F#_EVT_13|Chrom?! S-sen misin? Biraz dışarıda
bekle!$k$pBirazdan yanına gelirim!$k
$Wsクロム|$Wa$E笑|$SvpSE_VOICE_CHROM_EVT_9|Bu çadırda mısın? Neden sonra?
Giriyorum!$k
$Wsプレイヤー画像なし|$Wa$SvpSE_VOICE_PLAYER_F#_EVT_38|AAAAH?! C-Chrom?!$k$pİçeri girme demedim mi?!$k
$Wsクロム|$Wa$E苦,汗|$SvpSE_VOICE_CHROM_EVT_26|Ne...? Sen neden çıplaksın?$k
$Wsプレイヤー画像なし|$Wa$SvpSE_VOICE_PLAYER_F#_EVT_7|Boş ver! Hemen dışarı çık!$k
$Wsクロム|$Wa$E悲しみ,照汗|$SvpSE_VOICE_CHROM_EVT_4|A-AAAAH! Hayır! Öyle bir niyetim yoktu―$k
$Wsプレイヤー画像なし|$Wa$SvpSE_VOICE_PLAYER_F#_EVT_32|Dışarı çıııık!$k
$Wsクロム|$Wa$E通常,照|$SvpSE_VOICE_CHROM_EVT_23|Ö-özür dilerim! Dışarıda bekliyorum!$k
$Wc$Sbv40|1000|$Fo1000|$Wsプレイヤー画像なし|$Wd$w0|$Wsクロム|$Wd$w0|$Sbv100|1000|$Fi1000|$Wmクロム|3$Wmusername|7$w0|$Wsusername|$Wa$E怒,照|$SvpSE_VOICE_PLAYER_F#_EVT_31|Bir kız banyo yaparken içeri dalmak da
ne... Rezalet.$k
$Wsクロム|$Wa$E悲しみ,汗|$SvpSE_VOICE_CHROM_EVT_32|Ö-özür dilerim! Kötü bir niyetim yoktu!
Gerçekten!$k
$Wsusername|$Wa$E通常,汗|$SvpSE_VOICE_PLAYER_F#_EVT_9|Tamam, anladım. Peki benden ne
istiyordun?$k
$Wsクロム|$Wa$E笑|$SvpSE_VOICE_CHROM_EVT_7|Şey... Sonraki yürüyüş rotasını
konuşacaktım.$k
$Wsusername|$Wa$E通常|$SvpSE_VOICE_PLAYER_F#_EVT_10|Anladım... Seçenekler neler?$k
$Wsクロム|$Wa$E通常|$SvpSE_VOICE_CHROM_EVT_31|Haritaya göre ya dik ama kısa patikadan
gideceğiz,$k$pya da biraz dolanıp düz yolu
kullanacağız...$k$pÖnceden karar vermek iyi olur diye
düşündüm...$k
$Wsusername|$Wa$SvpSE_VOICE_PLAYER_F#_EVT_20|Bence zor olsa da kısa patikayı
seçmeliyiz.$k$pDüz yolda düşmanla karşılaşırsak fazla
açıkta kalırız.$k
$Wsクロム|$Wa$E笑|$SvpSE_VOICE_CHROM_EVT_7|Anladım... Haklısın. Tavsiyen için sağ
ol.$k$pŞ-şey... Ben artık gideyim...$k
$Wsusername|$Wa$E笑|$SvpSE_VOICE_PLAYER_F#_EVT_16|... Peki.$k
$Wsクロム|$Wa$E悲しみ,汗|$SvpSE_VOICE_CHROM_EVT_31|Bir de, $Nu... Az önceki gerçekten
kasıtlı değildi!$k
$Wsusername|$Wa$E通常,汗|$SvpSE_VOICE_PLAYER_F#_EVT_9|Biliyorum! Öyle bir şey yapacak biri
olmadığını biliyorum.$k
$Wsクロム|$Wa$E通常,汗|$SvpSE_VOICE_CHROM_EVT_23|Öyle mi? Sevindim. O zaman... görüşürüz.$k
$Sbs1000|"
5,MID_支援_クロム_プレイヤー女_Ｂ_PCF3,"$SbpSTRM_BGM_EVT_TENNEN1|0|$t1$Wmクロム|7$w0|$Wsクロム|$Wa$Wsクロム|$Wa$E通常,|$SvpSE_VOICE_CHROM_EVT_24|…おーい、$Nu！
…あれ？　どこにいるんだ…？$k$p…おーい、$Nuってば！
行軍の進路について相談したいんだが！$k
$Wmプレイヤー画像なし|3$w0|$Wsプレイヤー画像なし|$Wa…！？　…！$k
$Wsクロム|$Wa$E笑,|$SvpSE_VOICE_CHROM_EVT_9|なんだ、その天幕の中にいるのか。
なんで後からなんだよ？　入るぞ！$k
$Wsプレイヤー画像なし|$Wa…！？$k
$Wsクロム|$Wa$E通常,汗|$SvpSE_VOICE_CHROM_EVT_26|えっ…お前、なんで裸？$k
$Wsプレイヤー画像なし|$Wa…！！$k
$Wsクロム|$Wa$E悲しみ,照汗|$SvpSE_VOICE_CHROM_EVT_4|あ…、ああああーーーっ！！！
いやいやいや！！！　俺はそんなつもりじゃ…！$k
$Wsプレイヤー画像なし|$Wa！！！！！$k
$Wsクロム|$Wa$SvpSE_VOICE_CHROM_EVT_23|す…すまない！
じゃ、じゃあ、外で待ってるからっ！$k
$Wc$Sbv40|1000|$Fo1000|$Wsプレイヤー画像なし|$Wd$w0|$Wsクロム|$Wd$w0|$Sbv100|1000|$Fi1000|$Wmクロム|3$Wmusername|7$w0|$Wsusername|$Wa$E怒,照汗|…！$k
$Wsクロム|$Wa$E悲しみ,汗|$SvpSE_VOICE_CHROM_EVT_32|す…すまん！
他意はなかったんだ！$k$pまさかお前が入浴中だとは思わなくて…
ほ、本当にすまん！！$k
$Wsusername|$Wa…………$k$p$E通常,|……？$k
$Wsクロム|$Wa$E通常,|$SvpSE_VOICE_CHROM_EVT_7|用事？　あ、ああ。今後想定される
軍の進路を相談したくてな。$k
$Wsusername|$Wa…？？$k
$Wsクロム|$Wa$SvpSE_VOICE_CHROM_EVT_31|$E通常,|ぐ、具体的にか？$k$pこ、この地図のように軍を進めた場合、
険しい道の近道か、それとも$k$p少し遠回りでも
平坦な道を行くか…$k$pね、念のため検討しておいた方が
いいと思ってな…$k
$Wsusername|$Wa$E笑,|……！$k
$Wsクロム|$Wa$SvpSE_VOICE_CHROM_EVT_6|$E怒,|な、なるほど…そうだな。
険しくても近道を行った方がいいな。$k$p平坦な道だと敵に遭遇した時に
守りが薄くなるからな。$k$p$E通常,|ありがとう、参考にさせてもらう。$k$p………じゃ、じゃあ、
俺はこれで失礼するぞ…$k
$Wsusername|$Wa$E通常,|……$k
$Wsクロム|$Wa$E悲しみ,汗|$SvpSE_VOICE_CHROM_EVT_25|あ…あのな、$Nu。
さっきのは本当にわざとじゃ…！$k
$Wsusername|$Wa$E笑,|……！$k
$Wsクロム|$Wa$SvpSE_VOICE_CHROM_EVT_23|$E笑,|あ、ああ、そうか。分かってくれてうれしいよ。
それじゃ…また。$k
$Sbs1000|",,"$SbpSTRM_BGM_EVT_TENNEN1|0|$t1$Wmクロム|7$w0|$Wsクロム|$Wa$Wsクロム|$Wa$E通常,|$SvpSE_VOICE_CHROM_EVT_24|…おーい、$Nu！
…あれ？　どこにいるんだ…？$k$p…おーい、$Nuってば！
行軍の進路について相談したいんだが！$k
$Wmプレイヤー画像なし|3$w0|$Wsプレイヤー画像なし|$Wa…！？　…！$k
$Wsクロム|$Wa$E笑,|$SvpSE_VOICE_CHROM_EVT_9|なんだ、その天幕の中にいるのか。
なんで後からなんだよ？　入るぞ！$k
$Wsプレイヤー画像なし|$Wa…！？$k
$Wsクロム|$Wa$E通常,汗|$SvpSE_VOICE_CHROM_EVT_26|えっ…お前、なんで裸？$k
$Wsプレイヤー画像なし|$Wa…！！$k
$Wsクロム|$Wa$E悲しみ,照汗|$SvpSE_VOICE_CHROM_EVT_4|あ…、ああああーーーっ！！！
いやいやいや！！！　俺はそんなつもりじゃ…！$k
$Wsプレイヤー画像なし|$Wa！！！！！$k
$Wsクロム|$Wa$SvpSE_VOICE_CHROM_EVT_23|す…すまない！
じゃ、じゃあ、外で待ってるからっ！$k
$Wc$Sbv40|1000|$Fo1000|$Wsプレイヤー画像なし|$Wd$w0|$Wsクロム|$Wd$w0|$Sbv100|1000|$Fi1000|$Wmクロム|3$Wmusername|7$w0|$Wsusername|$Wa$E怒,照汗|…！$k
$Wsクロム|$Wa$E悲しみ,汗|$SvpSE_VOICE_CHROM_EVT_32|す…すまん！
他意はなかったんだ！$k$pまさかお前が入浴中だとは思わなくて…
ほ、本当にすまん！！$k
$Wsusername|$Wa…………$k$p$E通常,|……？$k
$Wsクロム|$Wa$E通常,|$SvpSE_VOICE_CHROM_EVT_7|用事？　あ、ああ。今後想定される
軍の進路を相談したくてな。$k
$Wsusername|$Wa…？？$k
$Wsクロム|$Wa$SvpSE_VOICE_CHROM_EVT_31|$E通常,|ぐ、具体的にか？$k$pこ、この地図のように軍を進めた場合、
険しい道の近道か、それとも$k$p少し遠回りでも
平坦な道を行くか…$k$pね、念のため検討しておいた方が
いいと思ってな…$k
$Wsusername|$Wa$E笑,|……！$k
$Wsクロム|$Wa$SvpSE_VOICE_CHROM_EVT_6|$E怒,|な、なるほど…そうだな。
険しくても近道を行った方がいいな。$k$p平坦な道だと敵に遭遇した時に
守りが薄くなるからな。$k$p$E通常,|ありがとう、参考にさせてもらう。$k$p………じゃ、じゃあ、
俺はこれで失礼するぞ…$k
$Wsusername|$Wa$E通常,|……$k
$Wsクロム|$Wa$E悲しみ,汗|$SvpSE_VOICE_CHROM_EVT_25|あ…あのな、$Nu。
さっきのは本当にわざとじゃ…！$k
$Wsusername|$Wa$E笑,|……！$k
$Wsクロム|$Wa$SvpSE_VOICE_CHROM_EVT_23|$E笑,|あ、ああ、そうか。分かってくれてうれしいよ。
それじゃ…また。$k
$Sbs1000|","$SbpSTRM_BGM_EVT_TENNEN1|0|$t1$Wmクロム|7$w0|$Wsクロム|$Wa$Wsクロム|$Wa$E通常,|$SvpSE_VOICE_CHROM_EVT_24|…おーい、$Nu！
…あれ？　どこにいるんだ…？$k$p…おーい、$Nuってば！
行軍の進路について相談したいんだが！$k
$Wmプレイヤー画像なし|3$w0|$Wsプレイヤー画像なし|$Wa…！？　…！$k
$Wsクロム|$Wa$E笑,|$SvpSE_VOICE_CHROM_EVT_9|なんだ、その天幕の中にいるのか。
なんで後からなんだよ？　入るぞ！$k
$Wsプレイヤー画像なし|$Wa…！？$k
$Wsクロム|$Wa$E通常,汗|$SvpSE_VOICE_CHROM_EVT_26|えっ…お前、なんで裸？$k
$Wsプレイヤー画像なし|$Wa…！！$k
$Wsクロム|$Wa$E悲しみ,照汗|$SvpSE_VOICE_CHROM_EVT_4|あ…、ああああーーーっ！！！
いやいやいや！！！　俺はそんなつもりじゃ…！$k
$Wsプレイヤー画像なし|$Wa！！！！！$k
$Wsクロム|$Wa$SvpSE_VOICE_CHROM_EVT_23|す…すまない！
じゃ、じゃあ、外で待ってるからっ！$k
$Wc$Sbv40|1000|$Fo1000|$Wsプレイヤー画像なし|$Wd$w0|$Wsクロム|$Wd$w0|$Sbv100|1000|$Fi1000|$Wmクロム|3$Wmusername|7$w0|$Wsusername|$Wa$E怒,照汗|…！$k
$Wsクロム|$Wa$E悲しみ,汗|$SvpSE_VOICE_CHROM_EVT_32|す…すまん！
他意はなかったんだ！$k$pまさかお前が入浴中だとは思わなくて…
ほ、本当にすまん！！$k
$Wsusername|$Wa…………$k$p$E通常,|……？$k
$Wsクロム|$Wa$E通常,|$SvpSE_VOICE_CHROM_EVT_7|用事？　あ、ああ。今後想定される
軍の進路を相談したくてな。$k
$Wsusername|$Wa…？？$k
$Wsクロム|$Wa$SvpSE_VOICE_CHROM_EVT_31|$E通常,|ぐ、具体的にか？$k$pこ、この地図のように軍を進めた場合、
険しい道の近道か、それとも$k$p少し遠回りでも
平坦な道を行くか…$k$pね、念のため検討しておいた方が
いいと思ってな…$k
$Wsusername|$Wa$E笑,|……！$k
$Wsクロム|$Wa$SvpSE_VOICE_CHROM_EVT_6|$E怒,|な、なるほど…そうだな。
険しくても近道を行った方がいいな。$k$p平坦な道だと敵に遭遇した時に
守りが薄くなるからな。$k$p$E通常,|ありがとう、参考にさせてもらう。$k$p………じゃ、じゃあ、
俺はこれで失礼するぞ…$k
$Wsusername|$Wa$E通常,|……$k
$Wsクロム|$Wa$E悲しみ,汗|$SvpSE_VOICE_CHROM_EVT_25|あ…あのな、$Nu。
さっきのは本当にわざとじゃ…！$k
$Wsusername|$Wa$E笑,|……！$k
$Wsクロム|$Wa$SvpSE_VOICE_CHROM_EVT_23|$E笑,|あ、ああ、そうか。分かってくれてうれしいよ。
それじゃ…また。$k
$Sbs1000|","$SbpSTRM_BGM_EVT_TENNEN1|0|$t1$Wmクロム|7$w0|$Wsクロム|$Wa$Wsクロム|$Wa$E通常,|$SvpSE_VOICE_CHROM_EVT_24|…おーい、$Nu！
…あれ？　どこにいるんだ…？$k$p…おーい、$Nuってば！
行軍の進路について相談したいんだが！$k
$Wmプレイヤー画像なし|3$w0|$Wsプレイヤー画像なし|$Wa…！？　…！$k
$Wsクロム|$Wa$E笑,|$SvpSE_VOICE_CHROM_EVT_9|なんだ、その天幕の中にいるのか。
なんで後からなんだよ？　入るぞ！$k
$Wsプレイヤー画像なし|$Wa…！？$k
$Wsクロム|$Wa$E通常,汗|$SvpSE_VOICE_CHROM_EVT_26|えっ…お前、なんで裸？$k
$Wsプレイヤー画像なし|$Wa…！！$k
$Wsクロム|$Wa$E悲しみ,照汗|$SvpSE_VOICE_CHROM_EVT_4|あ…、ああああーーーっ！！！
いやいやいや！！！　俺はそんなつもりじゃ…！$k
$Wsプレイヤー画像なし|$Wa！！！！！$k
$Wsクロム|$Wa$SvpSE_VOICE_CHROM_EVT_23|す…すまない！
じゃ、じゃあ、外で待ってるからっ！$k
$Wc$Sbv40|1000|$Fo1000|$Wsプレイヤー画像なし|$Wd$w0|$Wsクロム|$Wd$w0|$Sbv100|1000|$Fi1000|$Wmクロム|3$Wmusername|7$w0|$Wsusername|$Wa$E怒,照汗|…！$k
$Wsクロム|$Wa$E悲しみ,汗|$SvpSE_VOICE_CHROM_EVT_32|す…すまん！
他意はなかったんだ！$k$pまさかお前が入浴中だとは思わなくて…
ほ、本当にすまん！！$k
$Wsusername|$Wa…………$k$p$E通常,|……？$k
$Wsクロム|$Wa$E通常,|$SvpSE_VOICE_CHROM_EVT_7|用事？　あ、ああ。今後想定される
軍の進路を相談したくてな。$k
$Wsusername|$Wa…？？$k
$Wsクロム|$Wa$SvpSE_VOICE_CHROM_EVT_31|$E通常,|ぐ、具体的にか？$k$pこ、この地図のように軍を進めた場合、
険しい道の近道か、それとも$k$p少し遠回りでも
平坦な道を行くか…$k$pね、念のため検討しておいた方が
いいと思ってな…$k
$Wsusername|$Wa$E笑,|……！$k
$Wsクロム|$Wa$SvpSE_VOICE_CHROM_EVT_6|$E怒,|な、なるほど…そうだな。
険しくても近道を行った方がいいな。$k$p平坦な道だと敵に遭遇した時に
守りが薄くなるからな。$k$p$E通常,|ありがとう、参考にさせてもらう。$k$p………じゃ、じゃあ、
俺はこれで失礼するぞ…$k
$Wsusername|$Wa$E通常,|……$k
$Wsクロム|$Wa$E悲しみ,汗|$SvpSE_VOICE_CHROM_EVT_25|あ…あのな、$Nu。
さっきのは本当にわざとじゃ…！$k
$Wsusername|$Wa$E笑,|……！$k
$Wsクロム|$Wa$SvpSE_VOICE_CHROM_EVT_23|$E笑,|あ、ああ、そうか。分かってくれてうれしいよ。
それじゃ…また。$k
$Sbs1000|","$SbpSTRM_BGM_EVT_TENNEN1|0|$t1$Wmクロム|7$w0|$Wsクロム|$Wa$Wsクロム|$Wa$E通常|$SvpSE_VOICE_CHROM_EVT_24|Hey, $Nu! Orada mısın?$k$pHey, $Nu! Sonraki yürüyüş rotasını
konuşmamız lazım!$k
$Wmプレイヤー画像なし|3$w0|$Wsプレイヤー画像なし|$Wa...?!$k
$Wsクロム|$Wa$E笑|$SvpSE_VOICE_CHROM_EVT_9|Bu çadırda mısın? Neden sonra?
Giriyorum!$k
$Wsプレイヤー画像なし|$Wa...?!$k
$Wsクロム|$Wa$E通常,汗|$SvpSE_VOICE_CHROM_EVT_26|Ne...? Sen neden çıplaksın?$k
$Wsプレイヤー画像なし|$Wa...!!$k
$Wsクロム|$Wa$E悲しみ,照汗|$SvpSE_VOICE_CHROM_EVT_4|A-AAAAH! Hayır! Öyle bir niyetim yoktu―$k
$Wsプレイヤー画像なし|$Wa!!!!!$k
$Wsクロム|$Wa$SvpSE_VOICE_CHROM_EVT_23|Ö-özür dilerim! Dışarıda bekliyorum!$k
$Wc$Sbv40|1000|$Fo1000|$Wsプレイヤー画像なし|$Wd$w0|$Wsクロム|$Wd$w0|$Sbv100|1000|$Fi1000|$Wmクロム|3$Wmusername|7$w0|$Wsusername|$Wa$E怒,照汗|...!$k
$Wsクロム|$Wa$E悲しみ,汗|$SvpSE_VOICE_CHROM_EVT_32|Ö-özür dilerim! Kötü bir niyetim yoktu!$k$pBanyo yaptığını bilmiyordum... Gerçekten
özür dilerim!$k
$Wsusername|$Wa...$k$p$E通常|...?$k
$Wsクロム|$Wa$E通常|$SvpSE_VOICE_CHROM_EVT_7|Ne mi? Şey... Sonraki yürüyüş rotasını
konuşacaktım.$k
$Wsusername|$Wa...??$k
$Wsクロム|$Wa$SvpSE_VOICE_CHROM_EVT_31|$E通常|S-seçenekler mi?$k$pHaritaya göre ya dik ama kısa patikadan
gideceğiz,$k$pya da biraz dolanıp düz yolu
kullanacağız...$k$pÖnceden karar vermek iyi olur diye
düşündüm...$k
$Wsusername|$Wa$E笑|...!$k
$Wsクロム|$Wa$SvpSE_VOICE_CHROM_EVT_6|$E怒|Anladım... Zor olsa da kısa patika daha
iyi.$k$pDüz yolda düşmanla karşılaşırsak fazla
açıkta kalırız.$k$p$E通常|Tavsiyen için sağ ol.$k$pŞ-şey... Ben artık gideyim...$k
$Wsusername|$Wa$E通常|...$k
$Wsクロム|$Wa$E悲しみ,汗|$SvpSE_VOICE_CHROM_EVT_25|Bir de, $Nu... Az önceki gerçekten
kasıtlı değildi!$k
$Wsusername|$Wa$E笑|...!$k
$Wsクロム|$Wa$SvpSE_VOICE_CHROM_EVT_23|$E笑|Anladığını duyduğuma sevindim. O
zaman... görüşürüz.$k
$Sbs1000|"
6,MID_支援_クロム_プレイヤー女_Ａ_PCF1,"$SbpSTRM_BGM_EVT_HEIWA1_2|50|$t1$Wmクロム|7$w0|$Wsクロム|$Wa$E苦,汗|$SvpSE_VOICE_CHROM_EVT_11|Depuis l'incident du bain, je ne peux plus
regarder $Nu en face.$k$pÀ chaque fois que je veux lui parler, je suis
tétanisé par la gêne...$k$pJe suis si nerveux ! Que devrais-je faire ?
Je n'ai jamais eu ce problème avant.$k$p$E怒,|Oh ! Un bain, voilà ce qu'il me faut ! Un
bon bain bien chaud me calmera sûrement !$k$pAprès ça, je ne devrais plus avoir de soucis
à discuter avec $Nu.$k
$Wc$Sbv40|1000|$Fo1000|$Wsクロム|$Wd$w0|$Sbv100|1000|$Fi1000|$Wmusername|3$w0|$Wsusername|$Wa$E通常,|$SvpSE_VOICE_PLAYER_F#_EVT_10|Hmm... Si j'ai bonne mémoire, les lances et
les haches sont gardées par ici.$k$pOn les use rapidement dernièrement, il ne
faudrait pas qu'on en manque.$k$pJe ferais mieux d'en faire l'inventaire et d'en
commander si besoin...$k$pAlors... C'est quelque part par là...$k$pAh, c'est dans cette tente ! Voyons...$k
$SvpSE_VOICE_PLAYER_F#_EVT_7|$E苦,照汗|$WvAAAAAAAAAAH !$k
$Wmクロム画像なし|7$w0|$Wsクロム画像なし|$Wa$SvpSE_VOICE_CHROM_EVT_26|$Nu ?!
Qu'est-ce que tu fais ici ?$k
$Wsusername|$Wa$SvpSE_VOICE_PLAYER_F#_EVT_38|$WvAAAAAAAAAAH !$k
$Wsクロム画像なし|$Wa$SvpSE_VOICE_CHROM_EVT_36|Mais pourquoi hurles-tu comme ça ? Tu
n'as jamais vu quelqu'un prendre un bain ?$k$pEt d'ailleurs, tu ne devrais pas être...
AÏE !$k$pHÉ ! Arrête ! Pourquoi tu me lances des
choses ?! Mais... AÏE !$k
$Wsusername|$Wa$E怒,照|$SvpSE_VOICE_PLAYER_F#_EVT_51|AAAH ! Vous n'avez pas honte ?! YAAAH !$k$pNoble ou pas, vous devriez au moins porter
une serviette en présence d'une femme !$k
$Wsクロム画像なし|$Wa$SvpSE_VOICE_CHROM_EVT_47|M... Mais... AÏE ! C'est toi qui m'as...
AÏE... surpris !$k
$Wc$Sbv40|1000|$Fo1000|$Wsusername|$Wd$w0|$Wsクロム画像なし|$Wd$w0|$Sbv100|1000|$Fi1000|$Wmusername|3$Wmクロム|7$w0|$Wsusername|$Wa$E苦,汗|$SvpSE_VOICE_PLAYER_F#_EVT_26|Je suis désolée, Chrom.$k
$Wsクロム|$Wa$E通常,汗|$SvpSE_VOICE_CHROM_EVT_11|Tu n'as plus rien à me lancer ?$k
$Wsusername|$Wa$E通常,|$SvpSE_VOICE_PLAYER_F#_EVT_10|Je crois... Je ne sais pas ce qui s'est passé.
C'était... un réflexe...$k
$Wsクロム|$Wa$SvpSE_VOICE_CHROM_EVT_31|$E笑,汗|Oh, oublie ça. Et puis, ce n'est pas comme
si tu étais la seule à qui ça arrive ! Ha ha !$k
$Wsusername|$Wa$E通常,照|$SvpSE_VOICE_PLAYER_F#_EVT_9|En tout cas, merci de ne pas en faire tout
un plat...$k$pJe me sens encore mal de vous avoir lancé
ce porte-savon en verre dans l'œil.$k$pVous souffrez toujours ?$k
$Wsクロム|$Wa$E笑,|$SvjSE_VOICE_CHROM_EVT_23|$SveSE_VOICE_CHROM_EVT_13|Un peu. Je me demande en fait pourquoi on
trimbale un tel objet en temps de guerre.$k$pAu moins, le côté positif de cette histoire,
c'est que l'on s'est vus tout nus !$k$pCe qui veut dire que nous n'avons plus rien
à nous cacher.$k$pQue nous sommes plus proches que jamais.
Comme de vrais amis !$k
$Wsusername|$Wa$E怒,|$SvpSE_VOICE_PLAYER_F#_EVT_50|Il y a des façons plus appropriées pour un
homme et une femme de se connaître...$k$p$E笑,|Mais ce genre de mésaventures aide à
briser la glace, à coup sûr.$k
$Wsクロム|$Wa$SvpSE_VOICE_CHROM_EVT_13|Ha ha ! Nous sommes comme de vieux
brigands partageant un sombre passé !$k$pMais cela nous rendra plus forts sur
le champ de bataille. Tu verras.$k
$Wsusername|$Wa$SvpSE_VOICE_PLAYER_F#_EVT_17|De vieux brigands ? Vous avez le sens
de la formule !$k$p$E通常,|Eh bien, mon cher complice, nous faisons
une sacrée paire.$k
$Sbs1000|","$SbpSTRM_BGM_EVT_HEIWA1_2|50|$t1$Wmクロム|7$w0|$Wsクロム|$Wa$E苦,汗|$SvpSE_VOICE_CHROM_EVT_11|Seit der Sache mit dem Badezelt kann ich
$Nu nicht mehr gegenübertreten.$k$pImmer wenn ich allein mit ihr reden will,
werde ich ganz starr vor Verlegenheit.$k$pArgh, das ist so peinlich! Was soll ich tun?
So ein Problem hatte ich noch nie zuvor.$k$p$E怒,|...Hmm, Moment. Ein Bad. Ja, ich denke, ein
gutes heißes Bad wird mich jetzt beruhigen!$k$pIch weich mich etwas ein und dann rede ich
ganz normal mit $Nu.$k
$Wc$Sbv40|1000|$Fo1000|$Wsクロム|$Wd$w0|$Sbv100|1000|$Fi1000|$Wmusername|3$w0|$Wsusername|$Wa$E通常,|$SvpSE_VOICE_PLAYER_F#_EVT_10|Hmm... Soweit ich weiß, lagern in diesem
Teil des Lagers die Lanzen und Äxte.$k$pIn letzter Zeit haben wir sie oft eingesetzt
und schon viele verschlissen.$k$pBesser, ich prüfe unseren Bestand, damit ich
rechtzeitig Ersatzwaffen bestellen kann.$k$pIrgendwo hier war es doch...$k$pAh, ist das das Waffenlagerzelt? Es gibt
wohl nur einen Weg, das herauszufinden.$k$pIch gehe einfach rein und--$k
$SvpSE_VOICE_PLAYER_F#_EVT_7|$E苦,照汗|AAAAAAAAAAAAAAAAAAAAAAAH!$k
$Wmクロム画像なし|7$w0|$Wsクロム画像なし|$Wa$SvpSE_VOICE_CHROM_EVT_26|$Nu?!? Wo kommst du denn her?$k
$Wsusername|$Wa$SvpSE_VOICE_PLAYER_F#_EVT_38|NEIIIIIIIIIIIIIIIIIIIIIIIIIIIIIIIIIIIN!$k
$Wsクロム画像なし|$Wa$SvpSE_VOICE_CHROM_EVT_36|Verdammt, warum schreist du so?
Hast du noch nie einen Mann baden sehen?$k$pUnd außerdem solltest du gar nicht hier
drin-- AUTSCH!$k$pAU! Hör auf damit! Warum wirfst du Dinge
nach mir?!? He, das ist spitz! AAAAAAH!$k
$Wsusername|$Wa$E怒,照|$SvpSE_VOICE_PLAYER_F#_EVT_51|HA! Schämst du... HIA... dich denn...
HUA... gar nicht?!? ...UFF!$k$pAuch wenn du ein Adliger bist:$k$pDu solltest MINDESTENS ein Handtuch
tragen, wenn du eine Dame ansprichst!$k
$Wsクロム画像なし|$Wa$SvpSE_VOICE_CHROM_EVT_47|A-aber du-- AU! Du warst doch diejenige,
die hier hereingeplatzt ist!$k
$Wc$Sbv40|1000|$Fo1000|$Wsusername|$Wd$w0|$Wsクロム画像なし|$Wd$w0|$Sbv100|1000|$Fi1000|$Wmusername|3$Wmクロム|7$w0|$Wsusername|$Wa$E苦,汗|$SvpSE_VOICE_PLAYER_F#_EVT_26|...Es tut mir leid, Chrom.$k
$Wsクロム|$Wa$E通常,汗|$SvpSE_VOICE_CHROM_EVT_11|Hast du genug Zeug nach mir geworfen?$k
$Wsusername|$Wa$E通常,|$SvpSE_VOICE_PLAYER_F#_EVT_10|Ich glaube... Ich weiß nicht, was passiert
ist. Ich bin einfach durchgedreht und...$k
$Wsクロム|$Wa$SvpSE_VOICE_CHROM_EVT_31|$E笑,汗|Nun, nichts passiert. Und schließlich bin
ich bei dir ja auch hereingeplatzt! Hahaha!$k
$Wsusername|$Wa$E通常,照|$SvpSE_VOICE_PLAYER_F#_EVT_9|Auf jeden Fall danke dafür, dass du es
so gut aufnimmst.$k$pDas mit dem gläsernen Seifenteller, den du
aufs Auge bekommen hast, tut mir leid.$k$pHat es sehr wehgetan?$k
$Wsクロム|$Wa$E笑,|$SvjSE_VOICE_CHROM_EVT_23|$SveSE_VOICE_CHROM_EVT_13|Etwas. Keine Ahnung, wieso wir das Ding
auf einem Kriegszug mit uns führen.$k$pAber sieh es mal von der positiven Seite.
Wir sahen einander ohne Klamotten, oder?$k$pAlso haben wir jetzt nichts mehr
voreinander zu verbergen.$k$pDas bedeutet, dass wir uns näher stehen als
je zuvor. Wahre Freunde, ein Leben lang!$k
$Wsusername|$Wa$E怒,|$SvpSE_VOICE_PLAYER_F#_EVT_50|Das ist nicht die beste Art, wie ein Mann
und eine Frau sich kennenlernen sollten...$k$p$E笑,|Doch ich denke, es dürfte genügen, um das
Eis zu brechen.$k
$Wsクロム|$Wa$SvpSE_VOICE_CHROM_EVT_13|Hahaha! Es ist, als wären wir Komplizen bei
einem gemeinsamen Verbrechen gewesen!$k$pAber das wird uns auf dem Schlachtfeld
stärker machen. Warte es nur ab.$k
$Wsusername|$Wa$SvpSE_VOICE_PLAYER_F#_EVT_17|Komplizen? Oh, der Gedanke gefällt mir.$k$p$E通常,|Also gut, Komplize. Dein Geheimnis ist
bei mir sicher...$k
$Sbs1000|","$SbpSTRM_BGM_EVT_HEIWA1_2|50|$t1$Wmクロム|7$w0|$Wsクロム|$Wa$E苦,汗|$SvpSE_VOICE_CHROM_EVT_11|Dall'incidente del bagno, non riesco più
a guardare $Nu negli occhi.$k$pOgni volta che restiamo soli a parlare,
l'imbarazzo mi paralizza.$k$pChe ansia! Come dovrei comportarmi? Non
mi era mai capitata una cosa del genere.$k$p$E怒,|Forse... ma sì, un bagno! Ora che ci penso,
è ciò che mi serve per rilassarmi!$k$pUn bel bagno mi calmerà, così potrò parlare
con $Nu, sereno come sempre.$k
$Wc$Sbv40|1000|$Fo1000|$Wsクロム|$Wd$w0|$Sbv100|1000|$Fi1000|$Wmusername|3$w0|$Wsusername|$Wa$E通常,|$SvpSE_VOICE_PLAYER_F#_EVT_10|Mmmh... Le lance e le asce dovrebbero
essere qui da qualche parte...$k$pFarò un veloce inventario, in caso avessimo
bisogno di fare riparazioni e nuovi ordini.$k$pSe non sbaglio la tenda era qui intorno...$k$pChe sia questa la tenda che usiamo come
armeria? C'è un solo modo per scoprirlo.$k$pBasta entrare e vede-$k
$SvpSE_VOICE_PLAYER_F#_EVT_7|$E苦,照汗|$WvAAAAAAHHH!$k
$Wmクロム画像なし|7$w0|$Wsクロム画像なし|$Wa$SvpSE_VOICE_CHROM_EVT_26|$Nu?! Da dove salti fuori, tu?$k
$Wsusername|$Wa$SvpSE_VOICE_PLAYER_F#_EVT_38|$WvAAAAAAH!$k
$Wsクロム画像なし|$Wa$SvpSE_VOICE_CHROM_EVT_36|Per gli dei, cos'hai da urlare?$k$pDovrei essere io a urlare! Tu non dovresti
nemmeno essere in questa te- AHIA!$k$pAHI! Fermati! Piantala di lanciare oggetti!
Ehi, quello è affilato, non tira- ARGH!$k
$Wsusername|$Wa$E怒,照|$SvpSE_VOICE_PLAYER_F#_EVT_51|AAAH! Non ti vergogni?!$k$pUn nobile dovrebbe almeno coprirsi con un
asciugamano quando parla con una signora!$k
$Wsクロム画像なし|$Wa$SvpSE_VOICE_CHROM_EVT_47|M-Ma sei tu... AHI! a essere entrata nella
tenda dove stavo facendo il bagno!$k
$Wc$Sbv40|1000|$Fo1000|$Wsusername|$Wd$w0|$Wsクロム画像なし|$Wd$w0|$Sbv100|1000|$Fi1000|$Wmusername|3$Wmクロム|7$w0|$Wsusername|$Wa$E苦,汗|$SvpSE_VOICE_PLAYER_F#_EVT_26|Ti chiedo scusa, Chrom.$k
$Wsクロム|$Wa$E通常,汗|$SvpSE_VOICE_CHROM_EVT_11|Hai finito di lanciare oggetti?$k
$Wsusername|$Wa$E通常,|$SvpSE_VOICE_PLAYER_F#_EVT_10|Credo di sì... Non so cosa mi sia preso.
Ho perso il controllo.$k
$Wsクロム|$Wa$SvpSE_VOICE_CHROM_EVT_31|$E笑,汗|Beh, forse è stata la vendetta divina
per l'incidente dell'altro giorno! Ah ah!$k
$Wsusername|$Wa$E通常,照|$SvpSE_VOICE_PLAYER_F#_EVT_9|Ad ogni modo, grazie di essere
così paziente e comprensivo.$k$pMi sento in colpa per averti lanciato quel
portasapone. Come va il tuo orecchio?$k
$Wsクロム|$Wa$E笑,|$SvjSE_VOICE_CHROM_EVT_23|$SveSE_VOICE_CHROM_EVT_13|Brucia un po', ma va già meglio.$k$pPiuttosto, guardiamo al lato positivo...
Ci siamo visti nudi a vicenda, giusto?$k$pQuindi non abbiamo più
nulla da nasconderci.$k$pIn un certo senso siamo
più intimi che mai!$k
$Wsusername|$Wa$E怒,|$SvpSE_VOICE_PLAYER_F#_EVT_50|Beh, non è il modo più convenzionale che un
uomo e una donna hanno per conoscersi...$k$p$E笑,|Ma suppongo che finché
la cosa rimane tra noi...$k
$Wsクロム|$Wa$SvpSE_VOICE_CHROM_EVT_13|Ah ah! Sembriamo una coppia di criminali
che condividono un passato oscuro!$k$pSono sicuro che questo ci renderà più forti
sul campo di battaglia. Aspetta e vedrai.$k
$Wsusername|$Wa$SvpSE_VOICE_PLAYER_F#_EVT_17|Una coppia di criminali? Ah ah!
L'idea è divertente!$k$p$E通常,|Bene, caro compagno, il tuo
segreto è al sicuro con me.$k
$Sbs1000|","$SbpSTRM_BGM_EVT_HEIWA1_2|50|$t1$Wmクロム|7$w0|$Wsクロム|$Wa$E苦,汗|$SvpSE_VOICE_CHROM_EVT_11|Desde el incidente del baño, no me atrevo a
mirar a $Nu a la cara.$k$pCada vez que tengo que hablar con ella a
solas, me da vergüenza y me bloqueo.$k$p¡Uuuf! ¡Es tan raro! ¿Qué hago? Nunca se
me había planteado un problema así.$k$p$E怒,|Mmm... Un momento... Un baño... Sí, justo
lo que necesito para relajarme un poco.$k$pMe remojaré un rato y después iré a charlar
con $Nu como si nada.$k
$Wc$Sbv40|1000|$Fo1000|$Wsクロム|$Wd$w0|$Sbv100|1000|$Fi1000|$Wmusername|3$w0|$Wsusername|$Wa$E通常,|$SvpSE_VOICE_PLAYER_F#_EVT_10|Mmm... Si mal no recuerdo, las lanzas y las
hachas se guardan en esta zona.$k$pÚltimamente se les está dando mucho uso y
se desgastan con rapidez.$k$pSerá mejor que verifique lo que hay y pida
repuestos para evitar el desabastecimiento.$k$pPor aquí, en algún sitio...$k$p¡Ah! ¿Será esta la tienda donde se
almacenan las armas?$k$pEn fin, supongo que la mejor manera de
averiguarlo es entrar... Venga, adentro y...$k$p$SvpSE_VOICE_PLAYER_F#_EVT_7|$E苦,照汗|$Wv¡¡AAAAAAAAAAAAAH!!$k
$Wmクロム画像なし|7$w0|$Wsクロム画像なし|$Wa$SvpSE_VOICE_CHROM_EVT_26|¡¿$Nu?! Pero ¿de dónde has
salido?$k
$Wsusername|$Wa$SvpSE_VOICE_PLAYER_F#_EVT_38|$Wv¡NOOOOOOOOOOOOO!$k
$Wsクロム画像なし|$Wa$SvpSE_VOICE_CHROM_EVT_36|¡Maldita sea! ¿A qué viene tanto grito? ¿Es
que nunca has visto bañarse a un hombre?$k$pAdemás, se supone que tú no deberías...
¡AUUU!$k$p¡AY! ¡Para! ¡¿Qué haces?! ¡Deja de
lanzarme cosas! ¡AAAY!$k
$Wsusername|$Wa$E怒,照|$SvpSE_VOICE_PLAYER_F#_EVT_51|¡AAAH! ¡¿No te da vergüenza?!$k$p¡No importa si eres noble!$k$pFrente a una dama, deberías ponerte AL
MENOS una toallita...$k
$Wsクロム画像なし|$Wa$SvpSE_VOICE_CHROM_EVT_47|P-pero si tú... ¡AUU! ¡Si has sido tú la que
ha entrado!$k
$Wc$Sbv40|1000|$Fo1000|$Wsusername|$Wd$w0|$Wsクロム画像なし|$Wd$w0|$Sbv100|1000|$Fi1000|$Wmusername|3$Wmクロム|7$w0|$Wsusername|$Wa$E苦,汗|$SvpSE_VOICE_PLAYER_F#_EVT_26|Perdóname, Chrom.$k
$Wsクロム|$Wa$E通常,汗|$SvpSE_VOICE_CHROM_EVT_11|¿Qué? ¿Ya has acabado de tirar cosas?$k
$Wsusername|$Wa$E通常,|$SvpSE_VOICE_PLAYER_F#_EVT_10|Creo que... No sé lo que ha sucedido. Se
me ha ido un poco la cabeza...$k
$Wsクロム|$Wa$SvpSE_VOICE_CHROM_EVT_31|$E笑,汗|Bueno, no me ha pasado nada. Además,
también yo te pillé a ti... ¡Ja, ja!$k
$Wsusername|$Wa$E通常,照|$SvpSE_VOICE_PLAYER_F#_EVT_9|En cualquier caso, gracias por tomártelo
tan bien. Oye, lo de la jabonera de cristal...$k$pSiento muchísimo el golpe que te he dado.
Me imagino que te habrá dolido bastante...$k
$Wsクロム|$Wa$E笑,|$SvjSE_VOICE_CHROM_EVT_23|$SveSE_VOICE_CHROM_EVT_13|Un poco. No sé por qué cargamos con ese
trasto estando en campaña, la verdad...$k$pPero, ¡eh! Míralo por el lado bueno; ahora
los dos nos hemos visto desnudos, ¿no?$k$pAsí que ya no tenemos nada que esconder.$k$p¡Debemos de ser los amigos más íntimos
del mundo! ¡Ja, ja, ja!$k
$Wsusername|$Wa$E怒,|$SvpSE_VOICE_PLAYER_F#_EVT_50|Se me ocurren maneras más apropiadas de
que un hombre y una mujer se conozcan...$k$p$E笑,|pero supongo que sirve para romper el
hielo.$k
$Wsクロム|$Wa$SvpSE_VOICE_CHROM_EVT_13|¡Ja, ja! ¡Es como si fuéramos dos criminales
unidos por un pasado ignominioso!$k$pPero esto nos va a hacer más fuertes en el
campo de batalla, ya verás.$k
$Wsusername|$Wa$SvpSE_VOICE_PLAYER_F#_EVT_17|¿Criminales unidos por un pasado
ignominioso? ¡Ja! Suena bien...$k$p$E通常,|Bueno, compinche, ahora estamos unidos
para siempre.$k
$Sbs1000|","$SbpSTRM_BGM_EVT_HEIWA1_2|50|$t1$Wmクロム|7$w0|$Wsクロム|$Wa$E苦,汗|$SvpSE_VOICE_CHROM_EVT_11|I feel so awkward around $Nu.
Ever since that bathing tent run-in... *sigh*$k$pWhenever I end up alone with her,
I'm just frozen in embarrassment.$k$pArgh, what should I do? I've never had
this problem before.$k$p$E怒,|...Ah, I know: a bath! Yes, perhaps a nice
hot bath is just the thing for my nerves...$k$pI'll have a soak and then find $Nu
for a relaxed conversation, like always.$k
$Wc$Sbv40|1000|$Fo1000|$Wsクロム|$Wd$w0|$Sbv100|1000|$Fi1000|$Wmusername|3$w0|$Wsusername|$Wa$E通常,|$SvpSE_VOICE_PLAYER_F#_EVT_10|Let's see... The lances and axes are kept
around here somewhere...$k$pI'll just take a quick inventory and see if
any need repairs or replacing...$k$pSomewhere...around here...$k$pAh, here―the arms storage tent,
I presume?$k$pAll right then, I'll just head in and―$k
$SvpSE_VOICE_PLAYER_F#_EVT_7|$E苦,照汗|$WvAAAAAAGGGGGGHHH!$k
$Wmクロム画像なし|7$w0|$Wsクロム画像なし|$Wa$SvpSE_VOICE_CHROM_EVT_26|$Nu?! Where'd you come from?$k
$Wsusername|$Wa$SvpSE_VOICE_PLAYER_F#_EVT_38|$WvKYAAAAAAAAAAAA!$k
$Wsクロム画像なし|$Wa$SvpSE_VOICE_CHROM_EVT_36|Blazes, what are YOU screaming for?$k$pIf anyone should be screaming it's me,
isn't it? You aren't supp―OUCH!$k$pOW! Stop it! Stop throwing things!
Hey, that's sharp! Don't―YEOWCH!$k
$Wsusername|$Wa$E怒,照|$SvpSE_VOICE_PLAYER_F#_EVT_51|ARGH! Have you NO shame?!$k$pNoble or not, you should AT LEAST wear
a towel when you address a lady!$k
$Wsクロム画像なし|$Wa$SvpSE_VOICE_CHROM_EVT_47|B-but, you―OW!―you were
the one who walked in on me!$k
$Wc$Sbv40|1000|$Fo1000|$Wsusername|$Wd$w0|$Wsクロム画像なし|$Wd$w0|$Sbv100|1000|$Fi1000|$Wmusername|3$Wmクロム|7$w0|$Wsusername|$Wa$E苦,汗|$SvpSE_VOICE_PLAYER_F#_EVT_26|...I... I'm sorry, Chrom.$k
$Wsクロム|$Wa$E通常,汗|$SvpSE_VOICE_CHROM_EVT_11|Are we done throwing things?$k
$Wsusername|$Wa$E通常,|$SvpSE_VOICE_PLAYER_F#_EVT_10|I think... I don't know what happened.
Something just snapped and...$k
$Wsクロム|$Wa$SvpSE_VOICE_CHROM_EVT_31|$E笑,汗|Well, no harm done. The gods' justice,
perhaps, for my earlier blunder! Ha ha!$k
$Wsusername|$Wa$E通常,照|$SvpSE_VOICE_PLAYER_F#_EVT_9|Well, anyway, thanks for being
so good-natured about it all.$k$pI feel terrible about that soap dish.
How's your ear doing?$k
$Wsクロム|$Wa$E笑,|$SvjSE_VOICE_CHROM_EVT_23|$SveSE_VOICE_CHROM_EVT_13|Better. It still stings a little, but better.$k$pIn any case, look on the bright side:
we've seen each other naked now, right?$k$pSo I guess we've got nothing left to hide.$k$pIn a way, we're closer than ever.$k
$Wsusername|$Wa$E怒,|$SvpSE_VOICE_PLAYER_F#_EVT_50|Not the most appropriate way for a man
and woman to get to know each other...$k$p$E笑,|But...I suppose as long as nobody
else knows...$k
$Wsクロム|$Wa$SvpSE_VOICE_CHROM_EVT_13|Ha ha! It's like we're partners in crime
sharing an unsavoury past!$k$pAnything that brings us closer will make us
stronger on the battlefield. Just you wait.$k
$Wsusername|$Wa$SvpSE_VOICE_PLAYER_F#_EVT_17|Partners in crime? Heh heh,
I like the thought of that.$k$p$E通常,|Well, partner, your secret's safe with me...$k
$Sbs1000|","$SbpSTRM_BGM_EVT_HEIWA1_2|50|$t1$Wmクロム|7$w0|$Wsクロム|$Wa$E苦,汗|$SvpSE_VOICE_CHROM_EVT_11|$Nu yanımdayken tuhaflaşıyorum.
O banyo çadırı olayından beri... *iç çeker*$k$pOnunla yalnız kalınca
utançtan donup kalıyorum.$k$pArgh, ne yapacağım? Daha
önce hiç böyle olmamıştı.$k$p$E怒|... Buldum: banyo! Sıcak bir
banyo sinirlerime iyi gelir...$k$pBiraz dinlenip sonra $Nu ile
her zamanki gibi rahatça konuşurum.$k
$Wc$Sbv40|1000|$Fo1000|$Wsクロム|$Wd$w0|$Sbv100|1000|$Fi1000|$Wmusername|3$w0|$Wsusername|$Wa$E通常|$SvpSE_VOICE_PLAYER_F#_EVT_10|Bakalım... Mızraklarla baltalar
buralarda bir yerde olmalı...$k$pHızlıca sayıp onarım veya değişim
gereken var mı bakayım...$k$pBir yerde... burada...$k$pAh, silah deposu çadırı bu
olmalı.$k$pPekâlâ, içeri girip―$k
$SvpSE_VOICE_PLAYER_F#_EVT_7|$E苦,照汗|$WvAAAAAAGGGH!$k
$Wmクロム画像なし|7$w0|$Wsクロム画像なし|$Wa$SvpSE_VOICE_CHROM_EVT_26|$Nu?! Nereden çıktın?!$k
$Wsusername|$Wa$SvpSE_VOICE_PLAYER_F#_EVT_38|$WvKYAAAAAAAA!$k
$Wsクロム画像なし|$Wa$SvpSE_VOICE_CHROM_EVT_36|Alevler aşkına, SEN niye bağırıyorsun?$k$pBağırması gereken ben değil
miyim? Senin burada―AH!$k$pAH! Kes şunu! Bir şey fırlatma!
Hey, o sivri! Yapma―AHH!$k
$Wsusername|$Wa$E怒,照|$SvpSE_VOICE_PLAYER_F#_EVT_51|ARGH! Hiç mi utanman yok?!$k$pSoylu olsan da olmasan da bir hanımla
konuşurken en azından havlu tak!$k
$Wsクロム画像なし|$Wa$SvpSE_VOICE_CHROM_EVT_47|A-ama sen―AH!―benim üstüme geldin!$k
$Wc$Sbv40|1000|$Fo1000|$Wsusername|$Wd$w0|$Wsクロム画像なし|$Wd$w0|$Sbv100|1000|$Fi1000|$Wmusername|3$Wmクロム|7$w0|$Wsusername|$Wa$E苦,汗|$SvpSE_VOICE_PLAYER_F#_EVT_26|... Özür dilerim, Chrom.$k
$Wsクロム|$Wa$E通常,汗|$SvpSE_VOICE_CHROM_EVT_11|Sakinleştin mi?$k
$Wsusername|$Wa$E通常|$SvpSE_VOICE_PLAYER_F#_EVT_10|Sanırım... Ne oldu bilmiyorum. Bir anda
kendimi kaybettim...$k
$Wsクロム|$Wa$SvpSE_VOICE_CHROM_EVT_31|$E笑,汗|Sorun yok. Belki de önceki hatam için
tanrıların adaleti! Ha ha!$k
$Wsusername|$Wa$E通常,照|$SvpSE_VOICE_PLAYER_F#_EVT_9|Neyse, bunu bu kadar iyi karşıladığın
için sağ ol.$k$pO sabunluk için hâlâ kötü
hissediyorum. Kulağın nasıl?$k
$Wsクロム|$Wa$E笑|$SvjSE_VOICE_CHROM_EVT_23|$SveSE_VOICE_CHROM_EVT_13|Daha iyi. Hâlâ biraz sızlıyor ama daha iyi.$k$pİyi tarafından bak: artık ikimiz de
birbirimizi çıplak gördük.$k$pDemek ki birbirimizden saklayacak bir
şeyimiz kalmadı.$k$pBir bakıma hiç olmadığımız kadar
yakınız.$k
$Wsusername|$Wa$E怒|$SvpSE_VOICE_PLAYER_F#_EVT_50|Bir kadınla erkeğin tanışması için pek
uygun bir yöntem değil...$k$p$E笑|Ama... başkası bilmediği
sürece sanırım sorun yok...$k
$Wsクロム|$Wa$SvpSE_VOICE_CHROM_EVT_13|Ha ha! Sanki tatsız bir geçmişi paylaşan
suç ortaklarıyız!$k$pBizi yakınlaştıran her şey savaşta da
güçlendirir. Görürsün.$k
$Wsusername|$Wa$SvpSE_VOICE_PLAYER_F#_EVT_17|Suç ortağı mı? Heh heh, hoşuma
gitti.$k$p$E通常|Pekâlâ ortağım, sırrın bende
güvende...$k
$Sbs1000|"
7,MID_支援_クロム_プレイヤー女_Ａ_PCF2,"$SbpSTRM_BGM_EVT_HEIWA1_2|50|$t1$Wmクロム|7$w0|$Wsクロム|$Wa$E苦,汗|$SvpSE_VOICE_CHROM_EVT_11|ああ…あれ以来
$Nuに申し訳なくて、$k$p二人きりだと
まともに話ができんな…$k$p気まずい、気まずい…あーっ、気まずい！！
こんなの俺らしくないぞ、クロム！？$k$p………$k$p$E怒,|よしっ！　こういう時は気分転換だ！
ひとっ風呂浴びてさっぱりするか！$k
$Wc$Sbv40|1000|$Fo1000|$Wsクロム|$Wd$w0|$Sbv100|1000|$Fi1000|$Wmusername|3$w0|$Wsusername|$Wa$E通常,|$SvpSE_VOICE_PLAYER_F#_EVT_10|えっと…槍と斧を保管しているのは
こっちでしたよね…$k$p最近消耗が激しいですから、
ちゃんと手入れできてるか見ておいて、$k$p壊れそうな物が多いなら
補充しておきませんと。$k$p………$k$p…輸送隊の天幕はこっちでしたっけ？
とりあえず入ってみればわかりますね。$k$p………$k$p$SvpSE_VOICE_PLAYER_F#_EVT_7|$E苦,照汗|あ、あああああっーー！！！！$k
$Wmクロム画像なし|7$w0|$Wsクロム画像なし|$Wa$SvpSE_VOICE_CHROM_EVT_26|お、おわっ！　な、なんだ$Nu！？
突然どうした？$k
$Wsusername|$Wa$E苦,照汗|$SvpSE_VOICE_PLAYER_F#_EVT_38|い、いやああーっ！！！
きゃあああーーっ！！$k
$Wsクロム画像なし|$Wa$SvpSE_VOICE_CHROM_EVT_36|『きゃああ』ってお前
人を見るなりそれはないだろ！$k$pって…俺が裸だあああ～！！！！$k$pうわ！　なんで物を投げつけるんだ！？
痛てっ！　コラッ！！　待てっ！$k
$Wsusername|$Wa$SvpSE_VOICE_PLAYER_F#_EVT_51|$E怒,照汗|きゃーっ！！　きゃーーっ！！！$k$pクロムさん、なんて恰好
してるんですかーーーー！！！$k$p…破廉恥ですっ！！！$k
$Wsクロム画像なし|$Wa$SvpSE_VOICE_CHROM_EVT_47|おいっ！　それ！！！　普通逆だろーがっ！？
こらっ！！　$Nu！　落ち着け！$k
$Wc$Sbv40|1000|$Fo1000|$Wsusername|$Wd$w0|$Wsクロム画像なし|$Wd$w0|$Sbv100|1000|$Fi1000|$Wmusername|3$Wmクロム|7$w0|$Wsusername|$Wa$E苦,汗|$SvpSE_VOICE_PLAYER_F#_EVT_26|はあっ…はあっ…！
ご、ごめんなさい、クロムさん。$k
$Wsクロム|$Wa$E通常,汗|$SvpSE_VOICE_CHROM_EVT_11|…落ち着いたか？　$Nu？$k
$Wsusername|$Wa$E通常,|$SvpSE_VOICE_PLAYER_F#_EVT_10|え、ええ。もう大丈夫です。
本当にごめんなさい…$k$p取り乱してしまいまして…$k
$Wsクロム|$Wa$SvpSE_VOICE_CHROM_EVT_31|$E笑,汗|ま、まあいいさ。俺も前回同じことをしたし…
お互いさまだ。あ、あははっ…$k
$Wsusername|$Wa$E通常,照|$SvpSE_VOICE_PLAYER_F#_EVT_9|も、もうっ！
それは言わないでくださいっ！$k$pまぁ…あっさりしてるのは
クロムさんらしいですけど。$k
$Wsクロム|$Wa$E笑,|$SvpSE_VOICE_CHROM_EVT_23|ははは…しかし俺たちはこれで
お互いに裸を曝け出したわけだ。$k$pもう隠すことなんて何にもない。$k$p俺たちは一心同体の親友、
…これで俺たちの絆も不滅ってことだろ？$k
$Wsusername|$Wa$E怒,|$SvpSE_VOICE_PLAYER_F#_EVT_50|な、なんですか、それ…$k$pその辺は男女が同等に扱われるのは
ちょっと釈然としませんが…$k$p$E笑,|…うふふっ！　あはははっ！
でも、そうかもしれませんねっ！！$k
$Wsクロム|$Wa$SvpSE_VOICE_CHROM_EVT_13|あはははっ！　ああっ！$k$pこれで俺たちはもう何のしこりもなく、
今まで以上に強固な絆を結び合い、$k$p共に戦っていけるってわけだ！$k
$Wsusername|$Wa$SvpSE_VOICE_PLAYER_F#_EVT_17|うふふっ。クロムさんは
相変わらず面白いことを言いますね。$k$p$E通常,|…うん、でもそうですよね！　わかりました！
これからもよろしくお願いします！$k
$Wsクロム|$Wa$E通常,|$SvpSE_VOICE_CHROM_EVT_7|ああ、こっちこそ頼んだぞ！$k
$Sbs1000|",,"$SbpSTRM_BGM_EVT_HEIWA1_2|50|$t1$Wmクロム|7$w0|$Wsクロム|$Wa$E苦,汗|$SvpSE_VOICE_CHROM_EVT_11|ああ…あれ以来
$Nuに申し訳なくて、$k$p二人きりだと
まともに話ができんな…$k$p気まずい、気まずい…あーっ、気まずい！！
こんなの俺らしくないぞ、クロム！？$k$p………$k$p$E怒,|よしっ！　こういう時は気分転換だ！
ひとっ風呂浴びてさっぱりするか！$k
$Wc$Sbv40|1000|$Fo1000|$Wsクロム|$Wd$w0|$Sbv100|1000|$Fi1000|$Wmusername|3$w0|$Wsusername|$Wa$E通常,|$SvpSE_VOICE_PLAYER_F#_EVT_10|えっと…槍と斧を保管しているのは
こっちでしたよね…$k$p最近消耗が激しいですから、
ちゃんと手入れできてるか見ておいて、$k$p壊れそうな物が多いなら
補充しておきませんと。$k$p………$k$p…輸送隊の天幕はこっちでしたっけ？
とりあえず入ってみればわかりますね。$k$p………$k$p$SvpSE_VOICE_PLAYER_F#_EVT_7|$E苦,照汗|あ、あああああっーー！！！！$k
$Wmクロム画像なし|7$w0|$Wsクロム画像なし|$Wa$SvpSE_VOICE_CHROM_EVT_26|お、おわっ！　な、なんだ$Nu！？
突然どうした？$k
$Wsusername|$Wa$E苦,照汗|$SvpSE_VOICE_PLAYER_F#_EVT_38|い、いやああーっ！！！
きゃあああーーっ！！$k
$Wsクロム画像なし|$Wa$SvpSE_VOICE_CHROM_EVT_36|『きゃああ』ってお前
人を見るなりそれはないだろ！$k$pって…俺が裸だあああ～！！！！$k$pうわ！　なんで物を投げつけるんだ！？
痛てっ！　コラッ！！　待てっ！$k
$Wsusername|$Wa$SvpSE_VOICE_PLAYER_F#_EVT_51|$E怒,照汗|きゃーっ！！　きゃーーっ！！！$k$pクロムさん、なんて恰好
してるんですかーーーー！！！$k$p…破廉恥ですっ！！！$k
$Wsクロム画像なし|$Wa$SvpSE_VOICE_CHROM_EVT_47|おいっ！　それ！！！　普通逆だろーがっ！？
こらっ！！　$Nu！　落ち着け！$k
$Wc$Sbv40|1000|$Fo1000|$Wsusername|$Wd$w0|$Wsクロム画像なし|$Wd$w0|$Sbv100|1000|$Fi1000|$Wmusername|3$Wmクロム|7$w0|$Wsusername|$Wa$E苦,汗|$SvpSE_VOICE_PLAYER_F#_EVT_26|はあっ…はあっ…！
ご、ごめんなさい、クロムさん。$k
$Wsクロム|$Wa$E通常,汗|$SvpSE_VOICE_CHROM_EVT_11|…落ち着いたか？　$Nu？$k
$Wsusername|$Wa$E通常,|$SvpSE_VOICE_PLAYER_F#_EVT_10|え、ええ。もう大丈夫です。
本当にごめんなさい…$k$p取り乱してしまいまして…$k
$Wsクロム|$Wa$SvpSE_VOICE_CHROM_EVT_31|$E笑,汗|ま、まあいいさ。俺も前回同じことをしたし…
お互いさまだ。あ、あははっ…$k
$Wsusername|$Wa$E通常,照|$SvpSE_VOICE_PLAYER_F#_EVT_9|も、もうっ！
それは言わないでくださいっ！$k$pまぁ…あっさりしてるのは
クロムさんらしいですけど。$k
$Wsクロム|$Wa$E笑,|$SvpSE_VOICE_CHROM_EVT_23|ははは…しかし俺たちはこれで
お互いに裸を曝け出したわけだ。$k$pもう隠すことなんて何にもない。$k$p俺たちは一心同体の親友、
…これで俺たちの絆も不滅ってことだろ？$k
$Wsusername|$Wa$E怒,|$SvpSE_VOICE_PLAYER_F#_EVT_50|な、なんですか、それ…$k$pその辺は男女が同等に扱われるのは
ちょっと釈然としませんが…$k$p$E笑,|…うふふっ！　あはははっ！
でも、そうかもしれませんねっ！！$k
$Wsクロム|$Wa$SvpSE_VOICE_CHROM_EVT_13|あはははっ！　ああっ！$k$pこれで俺たちはもう何のしこりもなく、
今まで以上に強固な絆を結び合い、$k$p共に戦っていけるってわけだ！$k
$Wsusername|$Wa$SvpSE_VOICE_PLAYER_F#_EVT_17|うふふっ。クロムさんは
相変わらず面白いことを言いますね。$k$p$E通常,|…うん、でもそうですよね！　わかりました！
これからもよろしくお願いします！$k
$Wsクロム|$Wa$E通常,|$SvpSE_VOICE_CHROM_EVT_7|ああ、こっちこそ頼んだぞ！$k
$Sbs1000|","$SbpSTRM_BGM_EVT_HEIWA1_2|50|$t1$Wmクロム|7$w0|$Wsクロム|$Wa$E苦,汗|$SvpSE_VOICE_CHROM_EVT_11|ああ…あれ以来
$Nuに申し訳なくて、$k$p二人きりだと
まともに話ができんな…$k$p気まずい、気まずい…あーっ、気まずい！！
こんなの俺らしくないぞ、クロム！？$k$p………$k$p$E怒,|よしっ！　こういう時は気分転換だ！
ひとっ風呂浴びてさっぱりするか！$k
$Wc$Sbv40|1000|$Fo1000|$Wsクロム|$Wd$w0|$Sbv100|1000|$Fi1000|$Wmusername|3$w0|$Wsusername|$Wa$E通常,|$SvpSE_VOICE_PLAYER_F#_EVT_10|えっと…槍と斧を保管しているのは
こっちでしたよね…$k$p最近消耗が激しいですから、
ちゃんと手入れできてるか見ておいて、$k$p壊れそうな物が多いなら
補充しておきませんと。$k$p………$k$p…輸送隊の天幕はこっちでしたっけ？
とりあえず入ってみればわかりますね。$k$p………$k$p$SvpSE_VOICE_PLAYER_F#_EVT_7|$E苦,照汗|あ、あああああっーー！！！！$k
$Wmクロム画像なし|7$w0|$Wsクロム画像なし|$Wa$SvpSE_VOICE_CHROM_EVT_26|お、おわっ！　な、なんだ$Nu！？
突然どうした？$k
$Wsusername|$Wa$E苦,照汗|$SvpSE_VOICE_PLAYER_F#_EVT_38|い、いやああーっ！！！
きゃあああーーっ！！$k
$Wsクロム画像なし|$Wa$SvpSE_VOICE_CHROM_EVT_36|『きゃああ』ってお前
人を見るなりそれはないだろ！$k$pって…俺が裸だあああ～！！！！$k$pうわ！　なんで物を投げつけるんだ！？
痛てっ！　コラッ！！　待てっ！$k
$Wsusername|$Wa$SvpSE_VOICE_PLAYER_F#_EVT_51|$E怒,照汗|きゃーっ！！　きゃーーっ！！！$k$pクロムさん、なんて恰好
してるんですかーーーー！！！$k$p…破廉恥ですっ！！！$k
$Wsクロム画像なし|$Wa$SvpSE_VOICE_CHROM_EVT_47|おいっ！　それ！！！　普通逆だろーがっ！？
こらっ！！　$Nu！　落ち着け！$k
$Wc$Sbv40|1000|$Fo1000|$Wsusername|$Wd$w0|$Wsクロム画像なし|$Wd$w0|$Sbv100|1000|$Fi1000|$Wmusername|3$Wmクロム|7$w0|$Wsusername|$Wa$E苦,汗|$SvpSE_VOICE_PLAYER_F#_EVT_26|はあっ…はあっ…！
ご、ごめんなさい、クロムさん。$k
$Wsクロム|$Wa$E通常,汗|$SvpSE_VOICE_CHROM_EVT_11|…落ち着いたか？　$Nu？$k
$Wsusername|$Wa$E通常,|$SvpSE_VOICE_PLAYER_F#_EVT_10|え、ええ。もう大丈夫です。
本当にごめんなさい…$k$p取り乱してしまいまして…$k
$Wsクロム|$Wa$SvpSE_VOICE_CHROM_EVT_31|$E笑,汗|ま、まあいいさ。俺も前回同じことをしたし…
お互いさまだ。あ、あははっ…$k
$Wsusername|$Wa$E通常,照|$SvpSE_VOICE_PLAYER_F#_EVT_9|も、もうっ！
それは言わないでくださいっ！$k$pまぁ…あっさりしてるのは
クロムさんらしいですけど。$k
$Wsクロム|$Wa$E笑,|$SvpSE_VOICE_CHROM_EVT_23|ははは…しかし俺たちはこれで
お互いに裸を曝け出したわけだ。$k$pもう隠すことなんて何にもない。$k$p俺たちは一心同体の親友、
…これで俺たちの絆も不滅ってことだろ？$k
$Wsusername|$Wa$E怒,|$SvpSE_VOICE_PLAYER_F#_EVT_50|な、なんですか、それ…$k$pその辺は男女が同等に扱われるのは
ちょっと釈然としませんが…$k$p$E笑,|…うふふっ！　あはははっ！
でも、そうかもしれませんねっ！！$k
$Wsクロム|$Wa$SvpSE_VOICE_CHROM_EVT_13|あはははっ！　ああっ！$k$pこれで俺たちはもう何のしこりもなく、
今まで以上に強固な絆を結び合い、$k$p共に戦っていけるってわけだ！$k
$Wsusername|$Wa$SvpSE_VOICE_PLAYER_F#_EVT_17|うふふっ。クロムさんは
相変わらず面白いことを言いますね。$k$p$E通常,|…うん、でもそうですよね！　わかりました！
これからもよろしくお願いします！$k
$Wsクロム|$Wa$E通常,|$SvpSE_VOICE_CHROM_EVT_7|ああ、こっちこそ頼んだぞ！$k
$Sbs1000|","$SbpSTRM_BGM_EVT_HEIWA1_2|50|$t1$Wmクロム|7$w0|$Wsクロム|$Wa$E苦,汗|$SvpSE_VOICE_CHROM_EVT_11|ああ…あれ以来
$Nuに申し訳なくて、$k$p二人きりだと
まともに話ができんな…$k$p気まずい、気まずい…あーっ、気まずい！！
こんなの俺らしくないぞ、クロム！？$k$p………$k$p$E怒,|よしっ！　こういう時は気分転換だ！
ひとっ風呂浴びてさっぱりするか！$k
$Wc$Sbv40|1000|$Fo1000|$Wsクロム|$Wd$w0|$Sbv100|1000|$Fi1000|$Wmusername|3$w0|$Wsusername|$Wa$E通常,|$SvpSE_VOICE_PLAYER_F#_EVT_10|えっと…槍と斧を保管しているのは
こっちでしたよね…$k$p最近消耗が激しいですから、
ちゃんと手入れできてるか見ておいて、$k$p壊れそうな物が多いなら
補充しておきませんと。$k$p………$k$p…輸送隊の天幕はこっちでしたっけ？
とりあえず入ってみればわかりますね。$k$p………$k$p$SvpSE_VOICE_PLAYER_F#_EVT_7|$E苦,照汗|あ、あああああっーー！！！！$k
$Wmクロム画像なし|7$w0|$Wsクロム画像なし|$Wa$SvpSE_VOICE_CHROM_EVT_26|お、おわっ！　な、なんだ$Nu！？
突然どうした？$k
$Wsusername|$Wa$E苦,照汗|$SvpSE_VOICE_PLAYER_F#_EVT_38|い、いやああーっ！！！
きゃあああーーっ！！$k
$Wsクロム画像なし|$Wa$SvpSE_VOICE_CHROM_EVT_36|『きゃああ』ってお前
人を見るなりそれはないだろ！$k$pって…俺が裸だあああ～！！！！$k$pうわ！　なんで物を投げつけるんだ！？
痛てっ！　コラッ！！　待てっ！$k
$Wsusername|$Wa$SvpSE_VOICE_PLAYER_F#_EVT_51|$E怒,照汗|きゃーっ！！　きゃーーっ！！！$k$pクロムさん、なんて恰好
してるんですかーーーー！！！$k$p…破廉恥ですっ！！！$k
$Wsクロム画像なし|$Wa$SvpSE_VOICE_CHROM_EVT_47|おいっ！　それ！！！　普通逆だろーがっ！？
こらっ！！　$Nu！　落ち着け！$k
$Wc$Sbv40|1000|$Fo1000|$Wsusername|$Wd$w0|$Wsクロム画像なし|$Wd$w0|$Sbv100|1000|$Fi1000|$Wmusername|3$Wmクロム|7$w0|$Wsusername|$Wa$E苦,汗|$SvpSE_VOICE_PLAYER_F#_EVT_26|はあっ…はあっ…！
ご、ごめんなさい、クロムさん。$k
$Wsクロム|$Wa$E通常,汗|$SvpSE_VOICE_CHROM_EVT_11|…落ち着いたか？　$Nu？$k
$Wsusername|$Wa$E通常,|$SvpSE_VOICE_PLAYER_F#_EVT_10|え、ええ。もう大丈夫です。
本当にごめんなさい…$k$p取り乱してしまいまして…$k
$Wsクロム|$Wa$SvpSE_VOICE_CHROM_EVT_31|$E笑,汗|ま、まあいいさ。俺も前回同じことをしたし…
お互いさまだ。あ、あははっ…$k
$Wsusername|$Wa$E通常,照|$SvpSE_VOICE_PLAYER_F#_EVT_9|も、もうっ！
それは言わないでくださいっ！$k$pまぁ…あっさりしてるのは
クロムさんらしいですけど。$k
$Wsクロム|$Wa$E笑,|$SvpSE_VOICE_CHROM_EVT_23|ははは…しかし俺たちはこれで
お互いに裸を曝け出したわけだ。$k$pもう隠すことなんて何にもない。$k$p俺たちは一心同体の親友、
…これで俺たちの絆も不滅ってことだろ？$k
$Wsusername|$Wa$E怒,|$SvpSE_VOICE_PLAYER_F#_EVT_50|な、なんですか、それ…$k$pその辺は男女が同等に扱われるのは
ちょっと釈然としませんが…$k$p$E笑,|…うふふっ！　あはははっ！
でも、そうかもしれませんねっ！！$k
$Wsクロム|$Wa$SvpSE_VOICE_CHROM_EVT_13|あはははっ！　ああっ！$k$pこれで俺たちはもう何のしこりもなく、
今まで以上に強固な絆を結び合い、$k$p共に戦っていけるってわけだ！$k
$Wsusername|$Wa$SvpSE_VOICE_PLAYER_F#_EVT_17|うふふっ。クロムさんは
相変わらず面白いことを言いますね。$k$p$E通常,|…うん、でもそうですよね！　わかりました！
これからもよろしくお願いします！$k
$Wsクロム|$Wa$E通常,|$SvpSE_VOICE_CHROM_EVT_7|ああ、こっちこそ頼んだぞ！$k
$Sbs1000|","$SbpSTRM_BGM_EVT_HEIWA1_2|50|$t1$Wmクロム|7$w0|$Wsクロム|$Wa$E苦,汗|$SvpSE_VOICE_CHROM_EVT_11|Banyo olayından beri $Nu'ya karşı
kendimi kötü hissediyorum...$k$pİkimiz yalnız kalınca düzgün
konuşamıyorum...$k$pNe kadar garip... Argh, bu hiç bana göre
değil!$k$p...$k$p$E怒|Tamam! Kafamı dağıtmanın zamanı. Bir
banyo iyi gelir!$k
$Wc$Sbv40|1000|$Fo1000|$Wsクロム|$Wd$w0|$Sbv100|1000|$Fi1000|$Wmusername|3$w0|$Wsusername|$Wa$E通常|$SvpSE_VOICE_PLAYER_F#_EVT_10|Mızraklarla baltaları burada tutuyorduk,
değil mi...$k$pSon zamanlarda çok yıprandılar.
Bakımlarını kontrol edip...$k$pKırılmak üzere olan varsa yenisini
ayırmalıyım.$k$p...$k$pMalzeme çadırı bu tarafta mıydı? Girince
anlarım.$k$p...$k$p$SvpSE_VOICE_PLAYER_F#_EVT_7|$E苦,照汗|A-AAAAAH!$k
$Wmクロム画像なし|7$w0|$Wsクロム画像なし|$Wa$SvpSE_VOICE_CHROM_EVT_26|V-vay! Ne oldu, $Nu?! Birden neye
bağırıyorsun?$k
$Wsusername|$Wa$E苦,照汗|$SvpSE_VOICE_PLAYER_F#_EVT_38|H-hayır! AAAAAH!$k
$Wsクロム画像なし|$Wa$SvpSE_VOICE_CHROM_EVT_36|Beni görür görmez çığlık atmak da ne?!$k$p... Bir dakika, ben çıplağım!$k$pVay! Neden üstüme bir şeyler atıyorsun?!
Ah! Dur!$k
$Wsusername|$Wa$SvpSE_VOICE_PLAYER_F#_EVT_51|$E怒,照汗|AAAAH! AAAAAH!$k$pChrom! Bu ne hâl?!$k$p... Sapık!$k
$Wsクロム画像なし|$Wa$SvpSE_VOICE_CHROM_EVT_47|Bana sapık deme! Tersi olması gerek!
$Nu, sakin ol!$k
$Wc$Sbv40|1000|$Fo1000|$Wsusername|$Wd$w0|$Wsクロム画像なし|$Wd$w0|$Sbv100|1000|$Fi1000|$Wmusername|3$Wmクロム|7$w0|$Wsusername|$Wa$E苦,汗|$SvpSE_VOICE_PLAYER_F#_EVT_26|Hah... hah... Ö-özür dilerim, Chrom.$k
$Wsクロム|$Wa$E通常,汗|$SvpSE_VOICE_CHROM_EVT_11|Sakinleştin mi, $Nu?$k
$Wsusername|$Wa$E通常|$SvpSE_VOICE_PLAYER_F#_EVT_10|E-evet. Artık iyiyim. Gerçekten özür
dilerim...$k$pKendimi kaybettim...$k
$Wsクロム|$Wa$SvpSE_VOICE_CHROM_EVT_31|$E笑,汗|Sorun değil. Geçen sefer ben de aynısını
yaptım. Ödeşmiş olduk. A-ahaha...$k
$Wsusername|$Wa$E通常,照|$SvpSE_VOICE_PLAYER_F#_EVT_9|A-ama! Onu hatırlatma!$k$pYine de bunu böyle kolay geçmen tam sana
göre.$k
$Wsクロム|$Wa$E笑|$SvpSE_VOICE_CHROM_EVT_23|Ha ha... Ama artık ikimiz de birbirimizi
çıplak gördük.$k$pBirbirimizden saklayacak bir şey kalmadı.$k$pArtık ayrılmaz dostlarız. Bağımız da
sarsılmaz, değil mi?$k
$Wsusername|$Wa$E怒|$SvpSE_VOICE_PLAYER_F#_EVT_50|N-ne biçim mantık bu...$k$pKadınla erkeği bu konuda eşit sayman pek
içime sinmedi...$k$p$E笑|... He he! Ha ha! Ama belki de haklısın!$k
$Wsクロム|$Wa$SvpSE_VOICE_CHROM_EVT_13|Ha ha ha! Aynen!$k$pArtık aramızda hiçbir pürüz yok. Bağımız
eskisinden de güçlü.$k$pBöylece birlikte daha iyi savaşabiliriz!$k
$Wsusername|$Wa$SvpSE_VOICE_PLAYER_F#_EVT_17|He he. Chrom, hâlâ çok tuhaf şeyler
söylüyorsun.$k$p$E通常|... Ama evet, haklısın. Anlaştık! Bundan
sonra da sana güveniyorum!$k
$Wsクロム|$Wa$E通常|$SvpSE_VOICE_CHROM_EVT_7|Ben de sana güveniyorum!$k
$Sbs1000|"
8,MID_支援_クロム_プレイヤー女_Ａ_PCF3,"$SbpSTRM_BGM_EVT_HEIWA1_2|50|$t1$Wmクロム|7$w0|$Wsクロム|$Wa$E苦,汗|$SvpSE_VOICE_CHROM_EVT_11|ああ…あれ以来
$Nuに申し訳なくて、$k$p二人きりだと
まともに話ができんな…$k$p気まずい、気まずい…あーっ、気まずい！！
こんなの俺らしくないぞ、クロム！？$k$p………$k$p$E怒,|よしっ！　こういう時は気分転換だ！
ひとっ風呂浴びてさっぱりするか！$k
$Wc$Sbv40|1000|$Fo1000|$Wsクロム|$Wd$w0|$Sbv100|1000|$Fi1000|$Wmusername|3$w0|$Wsusername|$Wa$E通常,|……？$k$p……$k$p$E苦,汗|！！！！！$k
$Wmクロム画像なし|7$w0|$Wsクロム画像なし|$Wa$SvpSE_VOICE_CHROM_EVT_26|お、おわっ！　な、なんだ$Nu！？
突然どうした？$k
$Wsusername|$Wa$E苦,照汗|！！！！$k
$Wsクロム画像なし|$Wa$E苦,汗|$SvpSE_VOICE_CHROM_EVT_36|お前、人を見るなり悲鳴はないだろ！
って…俺が裸だあああ～！！！！$k$pうわ！　なんで物を投げつけるんだ！？
痛てっ！　コラッ！！　待てっ！$k
$Wsusername|$Wa$E怒,照汗|…！！　…！！$k$p……！！！$k
$Wsクロム画像なし|$Wa$SvpSE_VOICE_CHROM_EVT_47|破廉恥って言うな！　普通逆だろーがっ！？
こらっ！！　$Nu！　落ち着け！$k
$Wc$Sbv40|1000|$Fo1000|$Wsusername|$Wd$w0|$Wsクロム画像なし|$Wd$w0|$Sbv100|1000|$Fi1000|$Wmusername|3$Wmクロム|7$w0|$Wsusername|$Wa$E苦,汗|…$k
$Wsクロム|$Wa$E通常,汗|$SvpSE_VOICE_CHROM_EVT_11|いや、あやまらなくてもいい。
…落ち着いたか？　$Nu？$k
$Wsusername|$Wa$E笑,|………！！$k$p$E通常,|……？？$k
$Wsクロム|$Wa$SvpSE_VOICE_CHROM_EVT_31|ま、まあいいさ。俺も前回同じことをしたし…
お互いさまだ。$k$pしかし、備品の調査をしていて
風呂に迷い込むとは間抜けだな。$k$p$E笑,|あ、あははっ…$k
$Wsusername|$Wa$E苦,照汗|………！$k
$Wsクロム|$Wa$SvpSE_VOICE_CHROM_EVT_23|照れるな照れるな。ははは…$k$pしかし俺たちはこれで
お互いに裸を曝け出したわけだ。$k$pもう隠すことなんて何にもない。$k$p俺たちは一心同体の親友、
…これで俺たちの絆も不滅ってことだろ？$k
$Wsusername|$Wa$E通常,|………！$k
$Wsクロム|$Wa$SvpSE_VOICE_CHROM_EVT_13|$E笑,|そこを男女平等に考えるのは
気に入らないって？　まあ、そう言うなよ。$k$pこれで俺たちはもう何のしこりもなく、
今まで以上に強固な絆を結び合い、$k$p共に戦っていけるってわけだ！$k
$Wsusername|$Wa$E笑,|………！$k
$Wsクロム|$Wa$SvpSE_VOICE_CHROM_EVT_8|そうか、分かってくれたか！$k
$Wsusername|$Wa$E笑,|！！！！！$k
$Wsクロム|$Wa$SvpSE_VOICE_CHROM_EVT_7|ああ、こっちこそ、これからも
よろしく頼むぞ！！$k
$Sbs1000|",,"$SbpSTRM_BGM_EVT_HEIWA1_2|50|$t1$Wmクロム|7$w0|$Wsクロム|$Wa$E苦,汗|$SvpSE_VOICE_CHROM_EVT_11|ああ…あれ以来
$Nuに申し訳なくて、$k$p二人きりだと
まともに話ができんな…$k$p気まずい、気まずい…あーっ、気まずい！！
こんなの俺らしくないぞ、クロム！？$k$p………$k$p$E怒,|よしっ！　こういう時は気分転換だ！
ひとっ風呂浴びてさっぱりするか！$k
$Wc$Sbv40|1000|$Fo1000|$Wsクロム|$Wd$w0|$Sbv100|1000|$Fi1000|$Wmusername|3$w0|$Wsusername|$Wa$E通常,|……？$k$p……$k$p$E苦,汗|！！！！！$k
$Wmクロム画像なし|7$w0|$Wsクロム画像なし|$Wa$SvpSE_VOICE_CHROM_EVT_26|お、おわっ！　な、なんだ$Nu！？
突然どうした？$k
$Wsusername|$Wa$E苦,照汗|！！！！$k
$Wsクロム画像なし|$Wa$E苦,汗|$SvpSE_VOICE_CHROM_EVT_36|お前、人を見るなり悲鳴はないだろ！
って…俺が裸だあああ～！！！！$k$pうわ！　なんで物を投げつけるんだ！？
痛てっ！　コラッ！！　待てっ！$k
$Wsusername|$Wa$E怒,照汗|…！！　…！！$k$p……！！！$k
$Wsクロム画像なし|$Wa$SvpSE_VOICE_CHROM_EVT_47|破廉恥って言うな！　普通逆だろーがっ！？
こらっ！！　$Nu！　落ち着け！$k
$Wc$Sbv40|1000|$Fo1000|$Wsusername|$Wd$w0|$Wsクロム画像なし|$Wd$w0|$Sbv100|1000|$Fi1000|$Wmusername|3$Wmクロム|7$w0|$Wsusername|$Wa$E苦,汗|…$k
$Wsクロム|$Wa$E通常,汗|$SvpSE_VOICE_CHROM_EVT_11|いや、あやまらなくてもいい。
…落ち着いたか？　$Nu？$k
$Wsusername|$Wa$E笑,|………！！$k$p$E通常,|……？？$k
$Wsクロム|$Wa$SvpSE_VOICE_CHROM_EVT_31|ま、まあいいさ。俺も前回同じことをしたし…
お互いさまだ。$k$pしかし、備品の調査をしていて
風呂に迷い込むとは間抜けだな。$k$p$E笑,|あ、あははっ…$k
$Wsusername|$Wa$E苦,照汗|………！$k
$Wsクロム|$Wa$SvpSE_VOICE_CHROM_EVT_23|照れるな照れるな。ははは…$k$pしかし俺たちはこれで
お互いに裸を曝け出したわけだ。$k$pもう隠すことなんて何にもない。$k$p俺たちは一心同体の親友、
…これで俺たちの絆も不滅ってことだろ？$k
$Wsusername|$Wa$E通常,|………！$k
$Wsクロム|$Wa$SvpSE_VOICE_CHROM_EVT_13|$E笑,|そこを男女平等に考えるのは
気に入らないって？　まあ、そう言うなよ。$k$pこれで俺たちはもう何のしこりもなく、
今まで以上に強固な絆を結び合い、$k$p共に戦っていけるってわけだ！$k
$Wsusername|$Wa$E笑,|………！$k
$Wsクロム|$Wa$SvpSE_VOICE_CHROM_EVT_8|そうか、分かってくれたか！$k
$Wsusername|$Wa$E笑,|！！！！！$k
$Wsクロム|$Wa$SvpSE_VOICE_CHROM_EVT_7|ああ、こっちこそ、これからも
よろしく頼むぞ！！$k
$Sbs1000|","$SbpSTRM_BGM_EVT_HEIWA1_2|50|$t1$Wmクロム|7$w0|$Wsクロム|$Wa$E苦,汗|$SvpSE_VOICE_CHROM_EVT_11|ああ…あれ以来
$Nuに申し訳なくて、$k$p二人きりだと
まともに話ができんな…$k$p気まずい、気まずい…あーっ、気まずい！！
こんなの俺らしくないぞ、クロム！？$k$p………$k$p$E怒,|よしっ！　こういう時は気分転換だ！
ひとっ風呂浴びてさっぱりするか！$k
$Wc$Sbv40|1000|$Fo1000|$Wsクロム|$Wd$w0|$Sbv100|1000|$Fi1000|$Wmusername|3$w0|$Wsusername|$Wa$E通常,|……？$k$p……$k$p$E苦,汗|！！！！！$k
$Wmクロム画像なし|7$w0|$Wsクロム画像なし|$Wa$SvpSE_VOICE_CHROM_EVT_26|お、おわっ！　な、なんだ$Nu！？
突然どうした？$k
$Wsusername|$Wa$E苦,照汗|！！！！$k
$Wsクロム画像なし|$Wa$E苦,汗|$SvpSE_VOICE_CHROM_EVT_36|お前、人を見るなり悲鳴はないだろ！
って…俺が裸だあああ～！！！！$k$pうわ！　なんで物を投げつけるんだ！？
痛てっ！　コラッ！！　待てっ！$k
$Wsusername|$Wa$E怒,照汗|…！！　…！！$k$p……！！！$k
$Wsクロム画像なし|$Wa$SvpSE_VOICE_CHROM_EVT_47|破廉恥って言うな！　普通逆だろーがっ！？
こらっ！！　$Nu！　落ち着け！$k
$Wc$Sbv40|1000|$Fo1000|$Wsusername|$Wd$w0|$Wsクロム画像なし|$Wd$w0|$Sbv100|1000|$Fi1000|$Wmusername|3$Wmクロム|7$w0|$Wsusername|$Wa$E苦,汗|…$k
$Wsクロム|$Wa$E通常,汗|$SvpSE_VOICE_CHROM_EVT_11|いや、あやまらなくてもいい。
…落ち着いたか？　$Nu？$k
$Wsusername|$Wa$E笑,|………！！$k$p$E通常,|……？？$k
$Wsクロム|$Wa$SvpSE_VOICE_CHROM_EVT_31|ま、まあいいさ。俺も前回同じことをしたし…
お互いさまだ。$k$pしかし、備品の調査をしていて
風呂に迷い込むとは間抜けだな。$k$p$E笑,|あ、あははっ…$k
$Wsusername|$Wa$E苦,照汗|………！$k
$Wsクロム|$Wa$SvpSE_VOICE_CHROM_EVT_23|照れるな照れるな。ははは…$k$pしかし俺たちはこれで
お互いに裸を曝け出したわけだ。$k$pもう隠すことなんて何にもない。$k$p俺たちは一心同体の親友、
…これで俺たちの絆も不滅ってことだろ？$k
$Wsusername|$Wa$E通常,|………！$k
$Wsクロム|$Wa$SvpSE_VOICE_CHROM_EVT_13|$E笑,|そこを男女平等に考えるのは
気に入らないって？　まあ、そう言うなよ。$k$pこれで俺たちはもう何のしこりもなく、
今まで以上に強固な絆を結び合い、$k$p共に戦っていけるってわけだ！$k
$Wsusername|$Wa$E笑,|………！$k
$Wsクロム|$Wa$SvpSE_VOICE_CHROM_EVT_8|そうか、分かってくれたか！$k
$Wsusername|$Wa$E笑,|！！！！！$k
$Wsクロム|$Wa$SvpSE_VOICE_CHROM_EVT_7|ああ、こっちこそ、これからも
よろしく頼むぞ！！$k
$Sbs1000|","$SbpSTRM_BGM_EVT_HEIWA1_2|50|$t1$Wmクロム|7$w0|$Wsクロム|$Wa$E苦,汗|$SvpSE_VOICE_CHROM_EVT_11|ああ…あれ以来
$Nuに申し訳なくて、$k$p二人きりだと
まともに話ができんな…$k$p気まずい、気まずい…あーっ、気まずい！！
こんなの俺らしくないぞ、クロム！？$k$p………$k$p$E怒,|よしっ！　こういう時は気分転換だ！
ひとっ風呂浴びてさっぱりするか！$k
$Wc$Sbv40|1000|$Fo1000|$Wsクロム|$Wd$w0|$Sbv100|1000|$Fi1000|$Wmusername|3$w0|$Wsusername|$Wa$E通常,|……？$k$p……$k$p$E苦,汗|！！！！！$k
$Wmクロム画像なし|7$w0|$Wsクロム画像なし|$Wa$SvpSE_VOICE_CHROM_EVT_26|お、おわっ！　な、なんだ$Nu！？
突然どうした？$k
$Wsusername|$Wa$E苦,照汗|！！！！$k
$Wsクロム画像なし|$Wa$E苦,汗|$SvpSE_VOICE_CHROM_EVT_36|お前、人を見るなり悲鳴はないだろ！
って…俺が裸だあああ～！！！！$k$pうわ！　なんで物を投げつけるんだ！？
痛てっ！　コラッ！！　待てっ！$k
$Wsusername|$Wa$E怒,照汗|…！！　…！！$k$p……！！！$k
$Wsクロム画像なし|$Wa$SvpSE_VOICE_CHROM_EVT_47|破廉恥って言うな！　普通逆だろーがっ！？
こらっ！！　$Nu！　落ち着け！$k
$Wc$Sbv40|1000|$Fo1000|$Wsusername|$Wd$w0|$Wsクロム画像なし|$Wd$w0|$Sbv100|1000|$Fi1000|$Wmusername|3$Wmクロム|7$w0|$Wsusername|$Wa$E苦,汗|…$k
$Wsクロム|$Wa$E通常,汗|$SvpSE_VOICE_CHROM_EVT_11|いや、あやまらなくてもいい。
…落ち着いたか？　$Nu？$k
$Wsusername|$Wa$E笑,|………！！$k$p$E通常,|……？？$k
$Wsクロム|$Wa$SvpSE_VOICE_CHROM_EVT_31|ま、まあいいさ。俺も前回同じことをしたし…
お互いさまだ。$k$pしかし、備品の調査をしていて
風呂に迷い込むとは間抜けだな。$k$p$E笑,|あ、あははっ…$k
$Wsusername|$Wa$E苦,照汗|………！$k
$Wsクロム|$Wa$SvpSE_VOICE_CHROM_EVT_23|照れるな照れるな。ははは…$k$pしかし俺たちはこれで
お互いに裸を曝け出したわけだ。$k$pもう隠すことなんて何にもない。$k$p俺たちは一心同体の親友、
…これで俺たちの絆も不滅ってことだろ？$k
$Wsusername|$Wa$E通常,|………！$k
$Wsクロム|$Wa$SvpSE_VOICE_CHROM_EVT_13|$E笑,|そこを男女平等に考えるのは
気に入らないって？　まあ、そう言うなよ。$k$pこれで俺たちはもう何のしこりもなく、
今まで以上に強固な絆を結び合い、$k$p共に戦っていけるってわけだ！$k
$Wsusername|$Wa$E笑,|………！$k
$Wsクロム|$Wa$SvpSE_VOICE_CHROM_EVT_8|そうか、分かってくれたか！$k
$Wsusername|$Wa$E笑,|！！！！！$k
$Wsクロム|$Wa$SvpSE_VOICE_CHROM_EVT_7|ああ、こっちこそ、これからも
よろしく頼むぞ！！$k
$Sbs1000|","$SbpSTRM_BGM_EVT_HEIWA1_2|50|$t1$Wmクロム|7$w0|$Wsクロム|$Wa$E苦,汗|$SvpSE_VOICE_CHROM_EVT_11|Banyo olayından beri $Nu'ya karşı
kendimi kötü hissediyorum...$k$pİkimiz yalnız kalınca düzgün
konuşamıyorum...$k$pNe kadar garip... Argh, bu hiç bana göre
değil!$k$p...$k$p$E怒|Tamam! Kafamı dağıtmanın zamanı. Bir
banyo iyi gelir!$k
$Wc$Sbv40|1000|$Fo1000|$Wsクロム|$Wd$w0|$Sbv100|1000|$Fi1000|$Wmusername|3$w0|$Wsusername|$Wa$E通常|...?$k$p...$k$p$E苦,汗|!!!!!$k
$Wmクロム画像なし|7$w0|$Wsクロム画像なし|$Wa$SvpSE_VOICE_CHROM_EVT_26|V-vay! Ne oldu, $Nu?!$k
$Wsusername|$Wa$E苦,照汗|!!!!$k
$Wsクロム画像なし|$Wa$E苦,汗|$SvpSE_VOICE_CHROM_EVT_36|Beni görür görmez çığlık atmak da
ne?!... Bir dakika, ben çıplağım!$k$pVay! Neden üstüme bir şeyler atıyorsun?!
Ah! Dur!$k
$Wsusername|$Wa$E怒,照汗|...!!...!!$k$p...!!!$k
$Wsクロム画像なし|$Wa$SvpSE_VOICE_CHROM_EVT_47|Bana sapık deme! Tersi olması gerek!
$Nu, sakin ol!$k
$Wc$Sbv40|1000|$Fo1000|$Wsusername|$Wd$w0|$Wsクロム画像なし|$Wd$w0|$Sbv100|1000|$Fi1000|$Wmusername|3$Wmクロム|7$w0|$Wsusername|$Wa$E苦,汗|...$k
$Wsクロム|$Wa$E通常,汗|$SvpSE_VOICE_CHROM_EVT_11|Özür dilemene gerek yok. Sakinleştin mi,
$Nu?$k
$Wsusername|$Wa$E笑|...!!$k$p$E通常|...??$k
$Wsクロム|$Wa$SvpSE_VOICE_CHROM_EVT_31|Sorun değil. Geçen sefer ben de aynısını
yaptım. Ödeşmiş olduk.$k$pMalzeme sayarken banyoya sapman da epey
sakarca.$k$p$E笑|A-ahaha...$k
$Wsusername|$Wa$E苦,照汗|...!$k
$Wsクロム|$Wa$SvpSE_VOICE_CHROM_EVT_23|Utanma, utanma. Ha ha...$k$pAma artık ikimiz de birbirimizi çıplak
gördük.$k$pBirbirimizden saklayacak bir şey kalmadı.$k$pArtık ayrılmaz dostlarız. Bağımız da
sarsılmaz, değil mi?$k
$Wsusername|$Wa$E通常|...!$k
$Wsクロム|$Wa$SvpSE_VOICE_CHROM_EVT_13|$E笑|Kadın erkek eşitliği burada hoşuna
gitmedi mi? Hadi ama.$k$pArtık aramızda hiçbir pürüz yok. Bağımız
eskisinden de güçlü.$k$pBöylece birlikte daha iyi savaşabiliriz!$k
$Wsusername|$Wa$E笑|...!$k
$Wsクロム|$Wa$SvpSE_VOICE_CHROM_EVT_8|Demek anladın!$k
$Wsusername|$Wa$E笑|!!!!!$k
$Wsクロム|$Wa$SvpSE_VOICE_CHROM_EVT_7|Ben de bundan sonra sana güveniyorum!$k
$Sbs1000|"
9,MID_支援_クロム_プレイヤー女_Ｓ_PCF1,"$SbpSTRM_BGM_EVT_MYUNIT1|0|$t1$Wmクロム|7$w0|$Wsクロム|$Wa$Wmusername|3$w0|$Wsusername|$Wa$E笑,|$SvpSE_VOICE_PLAYER_F#_EVT_19|Chrom ! Justement, je vous cherchais.
Il faut qu'on parle.$k
$Wsクロム|$Wa$E苦,汗|$SvpSE_VOICE_CHROM_EVT_34|Euh... $Nu ?!$k
$Wsusername|$Wa$E通常,|$SvpSE_VOICE_PLAYER_F#_EVT_10|C'est au sujet de la route que vous avez
choisie pour demain.$k$pJe regardais la carte et j'ai remarqué que...
Chrom ? Vous m'écoutez ?$k
$Wsクロム|$Wa$E苦,汗照|$SvpSE_VOICE_CHROM_EVT_32|Euh... Oh ! Bien sûr ! Hmm... En fait, non.
J'ai des... choses, à faire.$k
$Wsusername|$Wa$E苦,汗|$SvpSE_VOICE_PLAYER_F#_EVT_3|Chrom, vous vous comportez étrangement.
Me cachez-vous quelque chose ?$k
$Wsクロム|$Wa$E苦,汗照|$SvpSE_VOICE_CHROM_EVT_26|C... Cacher ? Qui ça, moi ? Franchement ?
Cacher ? Ouh là, non. Je ne cache rien.$k
$Wsusername|$Wa$E通常,汗|$SvpSE_VOICE_PLAYER_F#_EVT_9|Alors pourquoi gesticulez-vous comme si
un écureuil était dans votre pantalon ?$k
$Wsクロム|$Wa$E通常,照|$SvpSE_VOICE_CHROM_EVT_31|Je... Je ne gesticule pas ! Je suis détendu et
absolument, parfaitement, normal.$k
$Wsusername|$Wa$E通常,|$SvpSE_VOICE_PLAYER_F#_EVT_11|Et vous fuyez mon regard ?$k$pChrom, vous aviez dit que nous étions de
vrais amis, sans aucun secret.$k$pEst-ce que vous mentiez ? Me faites-vous
des secrets, maintenant ?$k
$Wsクロム|$Wa$E苦,汗照|$SvpSE_VOICE_CHROM_EVT_32|N... Non ! Promis, ce n'est pas ça !$k
$Wsusername|$Wa$SvpSE_VOICE_PLAYER_F#_EVT_10|*soupir* J'ai remarqué que vous m'évitiez,
dernièrement.$k$pEt j'aimerais savoir pourquoi, Chrom.
Je mérite une explication.$k$pS'il vous plaît. Ne faites pas comme si
tout allait bien.$k$p$E苦,汗|Vous n'aimez plus ma compagnie ?
Si c'est le cas, il faut me le dire.$k
$Wsクロム|$Wa$E怒,|$SvpSE_VOICE_CHROM_EVT_4|Comment ?! Bon sang, $Nu,
rien ne pourrait être plus faux !$k
$Wsusername|$Wa$SvpSE_VOICE_PLAYER_F#_EVT_11|Alors pourquoi m'évitez-vous ?$k
$Wsクロム|$Wa$E苦,照|$SvpSE_VOICE_CHROM_EVT_11|Euh...$k
$Wsusername|$Wa$SvjSE_VOICE_PLAYER_F#_EVT_31|$SveSE_VOICE_PLAYER_F#_EVT_3|Chrom ?$k
$Wsクロム|$Wa$E通常,照|$SvpSE_VOICE_CHROM_EVT_6|Ne me regarde pas comme ça...$k$pC'est juste que... nous avons beaucoup
combattu côte à côte.$k$p$E怒,照|Au début comme des alliés, puis comme des
camarades et enfin comme des amis.$k$pJ'étais enchanté de voir nos liens d'amitié
devenir plus forts de jour en jour...$k$pEt puis je me suis un jour rendu compte que
tu étais... plus qu'une amie.$k
$Wsusername|$Wa$E通常,|$SvpSE_VOICE_PLAYER_F#_EVT_5|Que voulez-vous dire ?$k
$Wsクロム|$Wa$SvpSE_VOICE_CHROM_EVT_31|$E通常,照|Je t'aime beaucoup, $Nu.
Comme un homme aime une femme.$k
$Wsusername|$Wa$E通常,照|$SvpSE_VOICE_PLAYER_F#_EVT_7|Chrom, ce n'est pas possible...$k
$Wsクロム|$Wa$E苦,照|$SvpSE_VOICE_CHROM_EVT_34|Attends, s'il te plaît ! J'en ai trop dit, je ne
peux pas m'arrêter maintenant.$k
$Wsusername|$Wa$SvpSE_VOICE_PLAYER_F#_EVT_29|Je ne veux pas que vous veniez à regretter
ce que vous pourriez dire...$k
$Wsクロム|$Wa$E苦,照|$SvpSE_VOICE_CHROM_EVT_35|Je m'en fiche ! J'ai essayé de me taire,
mais je n'y arrive plus.$k$pJe dois te dire ce que je ressens, même si
cela risque de te mettre mal à l'aise.$k
$Wsusername|$Wa$SvpSE_VOICE_PLAYER_F#_EVT_5|Hmm... D'accord.$k
$Wsクロム|$Wa$E通常,照|$SvpSE_VOICE_CHROM_EVT_28|J'espère que tu es prête, car une fois que
je l'aurai dit, je ne reviendrai pas dessus !$k$pVraiment, c'est du sérieux, j'espère que tu
as le cœur bien accroché...$k$pBon, je vais y aller. Prépare-toi, parce que
je vais le dire d'un moment à l'autre !$k
$Wsusername|$Wa$SvpSE_VOICE_PLAYER_F#_EVT_7|Dites-le, à la fin !$k
$Wsクロム|$Wa$E怒,照|$SvjSE_VOICE_CHROM_EVT_52|$SveSE_VOICE_CHROM_EVT_25|Je t'aime.$k
$Wsusername|$Wa$SvpSE_VOICE_PLAYER_F#_EVT_3|Oh.$k
$Wsクロム|$Wa$E笑,照|$SvpSE_VOICE_CHROM_EVT_7|Je t'aime depuis le premier jour où
mes yeux se sont posés sur toi !$k$pJe ne m'en étais tout simplement pas
rendu compte avant récemment.$k
$Wsusername|$Wa$SvpSE_VOICE_PLAYER_F#_EVT_29|...$k
$Wsクロム|$Wa$E苦,照|$SvpSE_VOICE_CHROM_EVT_11|Je sais bien que c'est soudain...$k$pEt que j'ai la finesse d'une wyverne lâchée
dans un magasin de porcelaine.$k$pMais je n'essaie pas de t'imposer quoi que
ce soit, crois-moi.$k$pQuelle que soit ta réponse, si douloureuse
soit-elle, je la respecterai.$k$pEt quoi qu'il arrive, nous resterons amis.
Je te le promets.$k
$Wsusername|$Wa$SvpSE_VOICE_PLAYER_F#_EVT_10|C'est... Je suis désolée, Chrom, mais
c'est impossible.$k$pLe chef de l'armée qui courtise le stratège
en chef ? C'est une mauvaise idée.$k$pNous devons penser aux soldats avant
de penser à nous.$k$pVous le comprenez, n'est-ce pas ?$k
$Wsクロム|$Wa$E通常,照|$SvpSE_VOICE_CHROM_EVT_6|Oui, je comprends.$k
$Wsusername|$Wa$SvpSE_VOICE_PLAYER_F#_EVT_22|Mais... cette guerre aura une fin.$k$pNous vaincrons et ramènerons la paix en
ce monde.$k$pEt quand ce jour viendra, nous serons libres
d'écouter nos cœurs.$k
$Wsクロム|$Wa$SvpSE_VOICE_CHROM_EVT_2|« NOS cœurs » ?$k
$Wsusername|$Wa$E笑,照|$SvpSE_VOICE_PLAYER_F#_EVT_16|Oui. Car je vous aime aussi.$k
$Wsクロム|$Wa$E笑,照|$SvjSE_VOICE_CHROM_EVT_21|$SveSE_VOICE_CHROM_EVT_12|Tu... Vraiment ? Mais c'est... c'est...$k$pMerveilleux ! HA HA ha ha !
C'est le plus beau jour de ma vie !$k
$Sbs2000|$Fw1000|$Wsクロム|$Wd$Wsusername|$Wd$w0|$bテロップ,Tlp_Ev_c001|$w0|$Fi1000|$SspSE_VOICE_CHROM_EVT_M_1|$w0|$k","$SbpSTRM_BGM_EVT_MYUNIT1|0|$t1$Wmクロム|7$w0|$Wsクロム|$Wa$Wmusername|3$w0|$Wsusername|$Wa$E笑,|$SvpSE_VOICE_PLAYER_F#_EVT_19|Chrom! Genau dich wollte ich sehen.
Wir müssen uns über etwas unterhalten.$k
$Wsクロム|$Wa$E苦,汗|$SvpSE_VOICE_CHROM_EVT_34|Schluck! $Nu?!?$k
$Wsusername|$Wa$E通常,|$SvpSE_VOICE_PLAYER_F#_EVT_10|Es geht um die Route, die du für den
morgigen Marsch festgelegt hast.$k$pAls ich einen Blick auf die Karte warf, fiel
mir auf... Chrom? Hörst du mir zu?$k
$Wsクロム|$Wa$E苦,汗照|$SvpSE_VOICE_CHROM_EVT_32|Ähm, oh. Natürlich! ...Ehrlich gesagt, nein.
Ich hatte in gewisser Weise... zu tun.$k
$Wsusername|$Wa$E苦,汗|$SvpSE_VOICE_PLAYER_F#_EVT_3|Chrom, du verhältst dich sehr seltsam.
Versuchst du, etwas vor mir zu verbergen?$k
$Wsクロム|$Wa$E苦,汗照|$SvpSE_VOICE_CHROM_EVT_26|V-verbergen? So wie VERHEIMLICHEN?
Meine Güte, nein! G-gar nichts... Nö.$k
$Wsusername|$Wa$E通常,汗|$SvpSE_VOICE_PLAYER_F#_EVT_9|Warum zappelst du dann herum, als hättest
du ein Eichhörnchen in deiner Hose?$k
$Wsクロム|$Wa$E通常,照|$SvpSE_VOICE_CHROM_EVT_31|I-ich zappele nicht herum! Ich bin
vollkommen entspannt. Und, äh... normal.$k
$Wsusername|$Wa$E通常,|$SvpSE_VOICE_PLAYER_F#_EVT_11|Und du weichst meinem Blick aus?$k$pHör mal, Chrom. Sagtest du nicht, dass wir
enge Freunde sind?$k$pDass es keine Geheimnisse zwischen uns
gibt?$k$pWar das gelogen? Hältst du etwas vor mir
geheim?$k
$Wsクロム|$Wa$E苦,汗照|$SvpSE_VOICE_CHROM_EVT_32|N-nein! Ich schwöre, dass dem nicht so ist!$k
$Wsusername|$Wa$SvpSE_VOICE_PLAYER_F#_EVT_10|Seufz! Ich weiß, dass du in letzter Zeit
versucht hast, mich zu meiden.$k$pUnd ich wüsste gern warum, Chrom.
Ich glaube, ich habe eine Erklärung verdient.$k$pBitte. Ich kann nicht weiterhin so tun, als sei
alles in bester Ordnung.$k$p$E苦,汗|Magst du meine Gesellschaft nicht mehr?
Wenn dem so ist, musst du es mir sagen.$k
$Wsクロム|$Wa$E怒,|$SvpSE_VOICE_CHROM_EVT_4|D-dich nicht mögen?!? Bei den Göttern,
$Nu, klar mag ich dich!$k$pNichts könnte weiter von der Wahrheit
entfernt sein...$k
$Wsusername|$Wa$SvpSE_VOICE_PLAYER_F#_EVT_11|Warum gehst du mir dann aus dem Weg?$k
$Wsクロム|$Wa$E苦,照|$SvpSE_VOICE_CHROM_EVT_11|Äh...$k
$Wsusername|$Wa$SvjSE_VOICE_PLAYER_F#_EVT_31|$SveSE_VOICE_PLAYER_F#_EVT_3|Chrom?$k
$Wsクロム|$Wa$E通常,照|$SvpSE_VOICE_CHROM_EVT_6|Sch-schau mich nicht so an...$k$pHör mal, es ist nur so... Wir kämpften oft
zusammen und waren immer Seite an Seite.$k$p$E怒,照|Zuerst sah ich in dir eine Verbündete, dann
eine Kameradin und zuletzt eine Freundin.$k$pIch war begeistert, als ich das Vertrauen
zwischen uns immer stärker wachsen sah.$k$pUnd dann erkannte ich... dass du für mich
mehr warst als nur eine Freundin.$k
$Wsusername|$Wa$E通常,|$SvpSE_VOICE_PLAYER_F#_EVT_5|Was meinst du damit?$k
$Wsクロム|$Wa$SvpSE_VOICE_CHROM_EVT_31|$E通常,照|Ich mag dich wirklich, $Nu.
Wie ein Mann eine Frau mag.$k
$Wsusername|$Wa$E通常,照|$SvpSE_VOICE_PLAYER_F#_EVT_7|Chrom, wir können unmöglich--$k
$Wsクロム|$Wa$E苦,照|$SvpSE_VOICE_CHROM_EVT_34|Bitte, warte! Du brachtest mich dazu, dies
zu sagen, nun bringe ich es auch zu Ende.$k
$Wsusername|$Wa$SvpSE_VOICE_PLAYER_F#_EVT_29|...Wenn du so emotional bist, sagst du
vielleicht noch etwas, das du bedauerst.$k
$Wsクロム|$Wa$E苦,照|$SvpSE_VOICE_CHROM_EVT_35|Ist mir egal! Ich habe versucht, es
zurückzuhalten, doch ich kann nicht mehr.$k$pIch werde dir sagen, was ich empfinde,
selbst wenn dir dein Kopf vor Scham platzt.$k
$Wsusername|$Wa$SvpSE_VOICE_PLAYER_F#_EVT_5|A-also gut?$k
$Wsクロム|$Wa$E通常,照|$SvpSE_VOICE_CHROM_EVT_28|Schön tief einatmen... HAAAAH! Halten...
und AUSatmen... PUUUUUUUUUUUUUUH.$k$pUnd noch einmal...$k$pHAAAAAAAAAAAAAAH! Halten... halten...
und ausatmen... PUUUUUUUUUUUUUUUUH.$k$pAlles klar, ich bin so weit. Und los. Mach
dich bereit, denn ich werde es jetzt sagen!$k
$Wsusername|$Wa$SvpSE_VOICE_PLAYER_F#_EVT_7|Dann rück schon raus mit der Sprache!$k
$Wsクロム|$Wa$E怒,照|$SvjSE_VOICE_CHROM_EVT_52|$SveSE_VOICE_CHROM_EVT_25|Ich bin in dich verliebt.$k
$Wsusername|$Wa$SvpSE_VOICE_PLAYER_F#_EVT_3|...Oh.$k
$Wsクロム|$Wa$E笑,照|$SvpSE_VOICE_CHROM_EVT_7|Schon von dem Augenblick an, als
ich dich das erste Mal sah!$k$pIch habe es allerdings erst vor kurzem
erkannt.$k
$Wsusername|$Wa$SvpSE_VOICE_PLAYER_F#_EVT_29|...$k
$Wsクロム|$Wa$E苦,照|$SvpSE_VOICE_CHROM_EVT_11|Hör mal, ich weiß, das kommt jetzt alles
sehr plötzlich.$k$pUnd ich verhalte mich wie eine Wyvern
im Porzellanladen.$k$pDoch ich versuche nicht, dir eine
Entscheidung aufzuzwingen, glaub mir.$k$pEgal, was du antwortest, ich akzeptiere es.
Auch wenn es schmerzhaft sein sollte.$k$pUnd komme, was wolle, wir werden immer
Freunde bleiben. Das verspreche ich dir.$k
$Wsusername|$Wa$SvpSE_VOICE_PLAYER_F#_EVT_10|Das ist... Es tut mir leid, Chrom, aber das
ist unmöglich.$k$pDer General umwirbt seine oberste
Taktikerin? Das ist einfach nicht richtig.$k$pUnsere erste Pflicht gilt den Soldaten, die
wir führen, und nicht uns selbst.$k$pDas verstehst du doch, nicht wahr?$k
$Wsクロム|$Wa$E通常,照|$SvpSE_VOICE_CHROM_EVT_6|Ja, das verstehe ich.$k
$Wsusername|$Wa$SvpSE_VOICE_PLAYER_F#_EVT_22|Aber eines Tages wird dieser Krieg vorbei
sein.$k$pWir werden siegreich daraus hervorgehen
und der Welt wieder Frieden bringen.$k$pUnd wenn es so weit ist, steht es uns frei,
unsere Gefühle auszuleben.$k
$Wsクロム|$Wa$SvpSE_VOICE_CHROM_EVT_2|...UNSERE Gefühle?$k
$Wsusername|$Wa$E笑,照|$SvpSE_VOICE_PLAYER_F#_EVT_16|Ja. Denn ich liebe dich ebenfalls.$k
$Wsクロム|$Wa$E笑,照|$SvjSE_VOICE_CHROM_EVT_21|$SveSE_VOICE_CHROM_EVT_12|Das tust du? Aber das ist... Das ist...$k$pWunderbar! Hahahahaha!
Das ist der schönste Tag meines Lebens!$k
$Sbs2000|$Fw1000|$Wsクロム|$Wd$Wsusername|$Wd$w0|$bテロップ,Tlp_Ev_c001|$w0|$Fi1000|$SspSE_VOICE_CHROM_EVT_M_1|$w0|$k","$SbpSTRM_BGM_EVT_MYUNIT1|0|$t1$Wmクロム|7$w0|$Wsクロム|$Wa$Wmusername|3$w0|$Wsusername|$Wa$E笑,|$SvpSE_VOICE_PLAYER_F#_EVT_19|Chrom! Proprio la persona che stavo
cercando... Dobbiamo parlare.$k
$Wsクロム|$Wa$E苦,汗|$SvpSE_VOICE_CHROM_EVT_34|Gulp! $Nu?!$k
$Wsusername|$Wa$E通常,|$SvpSE_VOICE_PLAYER_F#_EVT_10|Riguarda il cammino che hai tracciato
per la marcia di domani.$k$pStavo controllando la mappa e ho notato...
Chrom? Mi stai ascoltando?$k
$Wsクロム|$Wa$E苦,汗照|$SvpSE_VOICE_CHROM_EVT_32|Ehm... Ma certo! Beh, in realtà no.
Stavo facendo... una cosa.$k
$Wsusername|$Wa$E苦,汗|$SvpSE_VOICE_PLAYER_F#_EVT_3|Chrom, ti comporti in modo davvero strano.
Cosa mi nascondi?$k
$Wsクロム|$Wa$E苦,汗照|$SvpSE_VOICE_CHROM_EVT_26|N-Nascondere? Io nascondere qualcosa?
No! Assolutamente no, cosa vai a pensare?$k
$Wsusername|$Wa$E通常,汗|$SvpSE_VOICE_PLAYER_F#_EVT_9|Allora perché sei teso come
una corda di violino?$k
$Wsクロム|$Wa$E通常,照|$SvpSE_VOICE_CHROM_EVT_31|N-Non sono teso! Sono tranquillo...
Ehm... come sempre.$k
$Wsusername|$Wa$E通常,|$SvpSE_VOICE_PLAYER_F#_EVT_11|Così tranquillo da non guardarmi
nemmeno negli occhi?$k$pAscolta Chrom, non eri stato tu a dire che
eravamo amici per sempre, senza segreti?$k$pNon sei stato sincero?$k
$Wsクロム|$Wa$E苦,汗照|$SvpSE_VOICE_CHROM_EVT_32|S-Sì! Cioè, no!
Lo giuro, non è come credi!$k
$Wsusername|$Wa$SvpSE_VOICE_PLAYER_F#_EVT_10|Sigh! Negli ultimi tempi
non fai che evitarmi.$k$pE adesso vorrei sapere perché, Chrom.
Penso di meritare una spiegazione.$k$pTi prego. Non posso continuare
a fingere che tutto vada bene.$k$p$E苦,汗|Non ti piace più la mia compagnia?$k
$Wsクロム|$Wa$E怒,|$SvpSE_VOICE_CHROM_EVT_4|Che stupidaggine, $Nu,
al contrario!$k$pNon potresti essere più lontana dalla verità!$k
$Wsusername|$Wa$SvpSE_VOICE_PLAYER_F#_EVT_11|Allora perché mi eviti?$k
$Wsクロム|$Wa$E苦,照|$SvpSE_VOICE_CHROM_EVT_11|Ehm...$k
$Wsusername|$Wa$SvjSE_VOICE_PLAYER_F#_EVT_31|$SveSE_VOICE_PLAYER_F#_EVT_3|Chrom?$k
$Wsクロム|$Wa$E通常,照|$SvpSE_VOICE_CHROM_EVT_6|N-Non guardarmi così...$k$pAscolta, è solo che... combattiamo spesso
insieme. Siamo sempre fianco a fianco.$k$p$E怒,照|Prima ti consideravo un'alleata, poi una
compagna d'armi, infine un'amica.$k$pVedere il nostro legame diventare più
forte mi riempie il cuore di gioia.$k$pA un certo punto ho capito che...
sei più di un'amica per me.$k
$Wsusername|$Wa$E通常,|$SvpSE_VOICE_PLAYER_F#_EVT_5|Che vuoi dire?$k
$Wsクロム|$Wa$SvpSE_VOICE_CHROM_EVT_31|$E通常,照|Tu mi piaci molto, $Nu.
Ti parlo da uomo a donna.$k
$Wsusername|$Wa$E通常,照|$SvpSE_VOICE_PLAYER_F#_EVT_7|Chrom, non possiamo perme-$k
$Wsクロム|$Wa$E苦,照|$SvpSE_VOICE_CHROM_EVT_34|Aspetta! Hai voluto che parlassi e adesso
dovrai ascoltarmi fino in fondo.$k
$Wsusername|$Wa$SvpSE_VOICE_PLAYER_F#_EVT_29|Quando si è in preda a emozioni forti, si
dicono delle cose di cui poi ci si pente.$k
$Wsクロム|$Wa$E苦,照|$SvpSE_VOICE_CHROM_EVT_35|Non m'importa! Ho cercato in tutti i modi
di trattenermi e adesso non ci riesco più.$k$pTi dirò quello che provo anche se questo
dovesse metterti in imbarazzo.$k
$Wsusername|$Wa$SvpSE_VOICE_PLAYER_F#_EVT_5|D-D'accordo...$k
$Wsクロム|$Wa$E通常,照|$SvpSE_VOICE_CHROM_EVT_28|Bene, ora un bel respiro profondo...
Inspira ed espira... AAAH.$k$pAncora una volta...$k$pInspira ed espira, inspira ed espira...
AAAAAAH.$k$pEcco, ci siamo. Sono pronto.
Preparati perché sto per dirtelo!$k
$Wsusername|$Wa$SvpSE_VOICE_PLAYER_F#_EVT_7|E dillo allora!$k
$Wsクロム|$Wa$E怒,照|$SvjSE_VOICE_CHROM_EVT_52|$SveSE_VOICE_CHROM_EVT_25|Sono innamorato di te.$k
$Wsusername|$Wa$SvpSE_VOICE_PLAYER_F#_EVT_3|Ah.$k
$Wsクロム|$Wa$E笑,照|$SvpSE_VOICE_CHROM_EVT_7|Lo sono dal primo momento
che ti ho vista!$k$pNon lo avevo realizzato prima,
ma adesso ne sono convinto.$k
$Wsusername|$Wa$SvpSE_VOICE_PLAYER_F#_EVT_29|...$k
$Wsクロム|$Wa$E苦,照|$SvpSE_VOICE_CHROM_EVT_11|Ti sembrerò precipitoso come
una viverna in amore...$k$pMa non voglio forzarti la mano, né spingerti
a prendere una decisione, credimi.$k$pQuale che sarà la tua risposta, l'accetterò
e la rispetterò, anche se dolorosa.$k$pE qualunque cosa succeda, resteremo
sempre amici, te lo prometto.$k
$Wsusername|$Wa$SvpSE_VOICE_PLAYER_F#_EVT_10|Mi dispiace Chrom... Ma non possiamo.$k$pUn generale che corteggia la sua stratega?
Non sarebbe corretto.$k$pDobbiamo pensare ai nostri
soldati e non a noi stessi.$k$pRiesci a capirmi, vero?$k
$Wsクロム|$Wa$E通常,照|$SvpSE_VOICE_CHROM_EVT_6|Sì, ti capisco perfettamente.$k
$Wsusername|$Wa$SvpSE_VOICE_PLAYER_F#_EVT_22|Ma un giorno questa guerra finirà.$k$pNe usciremo vincitori e riporteremo
la pace nel mondo.$k$pQuando tutto sarà finito, allora potremo
assecondare i nostri sentimenti.$k
$Wsクロム|$Wa$SvpSE_VOICE_CHROM_EVT_2|I NOSTRI sentimenti?$k
$Wsusername|$Wa$E笑,照|$SvpSE_VOICE_PLAYER_F#_EVT_16|Sì, nostri... Perché anch'io ti amo.$k
$Wsクロム|$Wa$E笑,照|$SvjSE_VOICE_CHROM_EVT_21|$SveSE_VOICE_CHROM_EVT_12|Anche tu? Ma è... Ma è...$k$pÈ magnifico! Ah ah ah!
Questo è il più bel giorno della mia vita!$k$p$Nu... volevo dirti...$k
$Sbs2000|$Fw1000|$Wsクロム|$Wd$Wsusername|$Wd$w0|$bテロップ,Tlp_Ev_c001|$w0|$Fi1000|$SspSE_VOICE_CHROM_EVT_M_1|$w0|$k","$SbpSTRM_BGM_EVT_MYUNIT1|0|$t1$Wmクロム|7$w0|$Wsクロム|$Wa$Wmusername|3$w0|$Wsusername|$Wa$E笑,|$SvpSE_VOICE_PLAYER_F#_EVT_19|¡Chrom! ¡Justo la persona que estaba
buscando! Tenemos que hablar.$k
$Wsクロム|$Wa$E苦,汗|$SvpSE_VOICE_CHROM_EVT_34|¡¿Eh?! Oooh... $Nu...$k
$Wsusername|$Wa$E通常,|$SvpSE_VOICE_PLAYER_F#_EVT_10|Se trata de la ruta que escogiste para la
marcha de mañana.$k$pLe estaba echando un vistazo al mapa y me
di cuenta de que... ¿Me estás escuchando?$k
$Wsクロム|$Wa$E苦,汗照|$SvpSE_VOICE_CHROM_EVT_32|Eeh... ¡Claro! Bueno, en realidad no. Es que
hay una cosa que... Tengo algo que hacer.$k
$Wsusername|$Wa$E苦,汗|$SvpSE_VOICE_PLAYER_F#_EVT_3|Chrom, te comportas de una manera muy
extraña. ¿Me estás ocultando algo?$k
$Wsクロム|$Wa$E苦,汗照|$SvpSE_VOICE_CHROM_EVT_26|¿O-ocultando...? ¿Ocultar algo... YO? ¡Por
favor, nooo! ¡Qué va! En absoluto.$k
$Wsusername|$Wa$E通常,汗|$SvpSE_VOICE_PLAYER_F#_EVT_9|Entonces, ¿por qué no paras quieto?
Pareces un rabo de lagartija.$k
$Wsクロム|$Wa$E通常,照|$SvpSE_VOICE_CHROM_EVT_31|¿Qué dices? Si estoy relajadísimo...
Vamos, como siempre.$k
$Wsusername|$Wa$E通常,|$SvpSE_VOICE_PLAYER_F#_EVT_11|Pero ¡si hasta evitas mirarme a los ojos!$k$pChrom, dijiste que éramos buenos amigos,
¿no? Sin secretos, ya sabes.$k$p¿Es que no iba en serio?$k
$Wsクロム|$Wa$E苦,汗照|$SvpSE_VOICE_CHROM_EVT_32|¡N-no! Es decir, ¡sí! Eeeeh...
¡Te juro que no se trata de eso!$k
$Wsusername|$Wa$SvpSE_VOICE_PLAYER_F#_EVT_10|Aaah... Sé que últimamente has estado
intentando evitarme.$k$pMe gustaría saber por qué, Chrom. Creo
que me merezco una explicación.$k$pPor favor... No puedo seguir haciendo
como si no pasase nada.$k$p$E苦,汗|¿Ya no te gusta estar conmigo?$k
$Wsクロム|$Wa$E怒,|$SvpSE_VOICE_CHROM_EVT_4|¡¿Q-que no me gusta...?! ¡Qué tontería,
$Nu! ¡Por supuesto que sí!$k$p¡No es eso en absoluto!$k
$Wsusername|$Wa$SvpSE_VOICE_PLAYER_F#_EVT_11|Y entonces, ¿por qué me estás evitando?$k
$Wsクロム|$Wa$E苦,照|$SvpSE_VOICE_CHROM_EVT_11|Eeeh...$k
$Wsusername|$Wa$SvjSE_VOICE_PLAYER_F#_EVT_31|$SveSE_VOICE_PLAYER_F#_EVT_3|¿Chrom?$k
$Wsクロム|$Wa$E通常,照|$SvpSE_VOICE_CHROM_EVT_6|N-no me mires así...$k$pEs solo que... hemos estado luchando tanto
juntos... Siempre codo con codo.$k$p$E怒,照|Al principio te veía como a una aliada;
luego como a una compañera y finalmente...$k$pcomo a una amiga.$k$pMe alegraba ver que la confianza entre
nosotros se iba haciendo cada vez mayor.$k$pY entonces me di cuenta de que... eras más
que una amiga para mí.$k
$Wsusername|$Wa$E通常,|$SvpSE_VOICE_PLAYER_F#_EVT_5|¿Qué quieres decir?$k
$Wsクロム|$Wa$SvpSE_VOICE_CHROM_EVT_31|$E通常,照|Me importas mucho, $Nu.
Como mujer, quiero decir...$k
$Wsusername|$Wa$E通常,照|$SvpSE_VOICE_PLAYER_F#_EVT_7|Chrom, no creo que debamos...$k
$Wsクロム|$Wa$E苦,照|$SvpSE_VOICE_CHROM_EVT_34|¡Espera, por favor! Ya has hecho que me
lance; déjame terminar.$k
$Wsusername|$Wa$SvpSE_VOICE_PLAYER_F#_EVT_29|Ponerse así de emotivo es arriesgado.$k$pUno acaba diciendo cosas de las que
después se arrepiente.$k
$Wsクロム|$Wa$E苦,照|$SvpSE_VOICE_CHROM_EVT_35|¡No me importa! Llevo tiempo intentando
ocultar mis sentimientos y ya no puedo más.$k$pVoy a decirte lo que siento, aunque te
mueras de la vergüenza.$k
$Wsusername|$Wa$SvpSE_VOICE_PLAYER_F#_EVT_5|De... acuerdo... Supongo...$k
$Wsクロム|$Wa$E通常,照|$SvpSE_VOICE_CHROM_EVT_28|Vale, respira hondo... Inspira... Espira...
AAAAAAAAH...$k$pOtra vez...$k$pINSPIRAAAA... Un momento y... espira...
AAAAAAH...$k$pBien, ya estoy listo. Allá voy. Prepárate,
que te lo voy a soltar.$k
$Wsusername|$Wa$SvpSE_VOICE_PLAYER_F#_EVT_7|¡¡Pues hazlo de una vez!!$k
$Wsクロム|$Wa$E怒,照|$SvjSE_VOICE_CHROM_EVT_52|$SveSE_VOICE_CHROM_EVT_25|$Nu... Estoy enamorado de ti.$k
$Wsusername|$Wa$SvpSE_VOICE_PLAYER_F#_EVT_3|Vaya...$k
$Wsクロム|$Wa$E笑,照|$SvpSE_VOICE_CHROM_EVT_7|¡Te quiero desde el primer momento en que
te vi!$k$pLo que pasa es que no me di cuenta hasta
hace poco.$k
$Wsusername|$Wa$SvpSE_VOICE_PLAYER_F#_EVT_29|(...)$k
$Wsクロム|$Wa$E苦,照|$SvpSE_VOICE_CHROM_EVT_11|Mira, ya sé que es todo muy repentino...$k$pPero no pretendo obligarte a tomar una
decisión, de verdad.$k$pSea cual sea tu respuesta, la aceptaré,
aunque me duela.$k$pY, por supuesto, seguiremos siendo amigos.
Te lo prometo.$k
$Wsusername|$Wa$SvpSE_VOICE_PLAYER_F#_EVT_10|Esto es... Lo siento, Chrom, pero es
imposible.$k$p¿Un general cortejando a su estratega jefe?
Eso no estaría bien.$k$pEn primer lugar, nos debemos a nuestros
soldados; no a nosotros mismos.$k$pLo comprendes, ¿verdad?$k
$Wsクロム|$Wa$E通常,照|$SvpSE_VOICE_CHROM_EVT_6|Sí, ya lo sé.$k
$Wsusername|$Wa$SvpSE_VOICE_PLAYER_F#_EVT_22|Pero algún día esta maldita guerra se
acabará.$k$pSaldremos victoriosos y traeremos la paz a
esta tierra.$k$pY cuando eso suceda, seremos libres de
seguir los dictados de nuestros corazones.$k
$Wsクロム|$Wa$SvpSE_VOICE_CHROM_EVT_2|¿""NUESTROS"" corazones?$k
$Wsusername|$Wa$E笑,照|$SvpSE_VOICE_PLAYER_F#_EVT_16|Sí, porque yo también te quiero.$k
$Wsクロム|$Wa$E笑,照|$SvjSE_VOICE_CHROM_EVT_21|$SveSE_VOICE_CHROM_EVT_12|¿De veras? P-pero eso es... Eso es...
¡Maravilloso! ¡Ja, ja, ja!$k$p¡Es el mejor día de mi vida!
$Nu, escúchame...$k
$Sbs2000|$Fw1000|$Wsクロム|$Wd$Wsusername|$Wd$w0|$bテロップ,Tlp_Ev_c001|$w0|$Fi1000|$SspSE_VOICE_CHROM_EVT_M_1|$w0|$k","$SbpSTRM_BGM_EVT_MYUNIT1|0|$t1$Wmクロム|7$w0|$Wsクロム|$Wa$Wmusername|3$w0|$Wsusername|$Wa$E笑,|$SvpSE_VOICE_PLAYER_F#_EVT_19|Chrom! Just the man I wanted to see.
We need to talk.$k
$Wsクロム|$Wa$E苦,汗|$SvpSE_VOICE_CHROM_EVT_34|*gulp* $Nu?!$k
$Wsusername|$Wa$E通常,|$SvpSE_VOICE_PLAYER_F#_EVT_10|It's about the route you drew up
for tomorrow's march.$k$pI was looking at the map and I noticed...
Chrom? Are you listening to me?$k
$Wsクロム|$Wa$E苦,汗照|$SvpSE_VOICE_CHROM_EVT_32|Er, oh. Of course! ...Actually, no.
I kind of had something to...do.$k
$Wsusername|$Wa$E苦,汗|$SvpSE_VOICE_PLAYER_F#_EVT_3|Chrom, you're acting very strange.
Are you hiding something from me?$k
$Wsクロム|$Wa$E苦,汗照|$SvpSE_VOICE_CHROM_EVT_26|H-hide? You mean, HIDE hide? Oh, gosh,
no! N-nothing at all... Nope.$k
$Wsusername|$Wa$E通常,汗|$SvpSE_VOICE_PLAYER_F#_EVT_9|Then why are you fidgeting like you've
got a squirrel in your pantaloons?$k
$Wsクロム|$Wa$E通常,照|$SvpSE_VOICE_CHROM_EVT_31|I-I'm not fidgeting! I'm perfectly relaxed.
...And, er, normal.$k
$Wsusername|$Wa$E通常,|$SvpSE_VOICE_PLAYER_F#_EVT_11|And refusing to meet my eye?$k$pListen, Chrom. Didn't you say that we're
close friends, with no secrets between us?$k$pDidn't you mean that?$k
$Wsクロム|$Wa$E苦,汗照|$SvpSE_VOICE_CHROM_EVT_32|N-no! I mean, yes! I mean...
I swear, it's not like that!$k
$Wsusername|$Wa$SvpSE_VOICE_PLAYER_F#_EVT_10|*sigh* I know you've been avoiding
me recently.$k$pAnd I'd like to know why, Chrom.
I think I deserve an explanation.$k$pPlease. I can't go on pretending
there's nothing wrong.$k$p$E苦,汗|Do you dislike my company now?$k
$Wsクロム|$Wa$E怒,|$SvpSE_VOICE_CHROM_EVT_4|D-dislike you?! Egads, $Nu,
of course I don't dislike you!$k$pNothing could be further
from the truth.$k
$Wsusername|$Wa$SvpSE_VOICE_PLAYER_F#_EVT_11|Then why are you avoiding me?$k
$Wsクロム|$Wa$E苦,照|$SvpSE_VOICE_CHROM_EVT_11|Er...$k
$Wsusername|$Wa$SvjSE_VOICE_PLAYER_F#_EVT_31|$SveSE_VOICE_PLAYER_F#_EVT_3|Chrom?$k
$Wsクロム|$Wa$E通常,照|$SvpSE_VOICE_CHROM_EVT_6|D-don't look at me like that...$k$pIt's just that...we've been fighting a
lot together. We're always side by side.$k$p$E怒,照|At first, I thought of you as an ally,
then a comrade, and finally a friend.$k$pI've felt the bonds of trust grow
between us, stronger and stronger.$k$pAnd then I realised...you were more
than just a friend.$k
$Wsusername|$Wa$E通常,|$SvpSE_VOICE_PLAYER_F#_EVT_5|...What do you mean?$k
$Wsクロム|$Wa$SvpSE_VOICE_CHROM_EVT_31|$E通常,照|I mean I care about you, $Nu.
As a man, and you as a woman.$k
$Wsusername|$Wa$E通常,照|$SvpSE_VOICE_PLAYER_F#_EVT_7|Chrom, we can't possibly―$k
$Wsクロム|$Wa$E苦,照|$SvpSE_VOICE_CHROM_EVT_34|Wait, please! You've made me come this
far, and now I'm going to say my piece.$k
$Wsusername|$Wa$SvpSE_VOICE_PLAYER_F#_EVT_29|...But when you're worked up like this,
you might say something you regret.$k
$Wsクロム|$Wa$E苦,照|$SvpSE_VOICE_CHROM_EVT_35|I don't care! I've tried to keep this bottled
up, and I can't do it any more.$k$pI'm going to tell you how I feel, even if
your head explodes in embarrassment.$k
$Wsusername|$Wa$SvpSE_VOICE_PLAYER_F#_EVT_5|O-kay?$k
$Wsクロム|$Wa$E通常,照|$SvpSE_VOICE_CHROM_EVT_28|All right, deep breath... FHOOOOOO!
...Hold...and out... HAAAAAAAAAAAAH.$k$pOnce more...$k$pFHOOOOOOOOO! Holding...holding...
and out... HAAAAAAAAAAAAAAAAAAH.$k$pRight, I'm set now. Here goes. Prepare
yourself, because I'm going to say it!$k
$Wsusername|$Wa$SvpSE_VOICE_PLAYER_F#_EVT_7|...Then say it already!$k
$Wsクロム|$Wa$E怒,照|$SvjSE_VOICE_CHROM_EVT_52|$SveSE_VOICE_CHROM_EVT_25|$Nu...I'm in love with you.$k
$Wsusername|$Wa$SvpSE_VOICE_PLAYER_F#_EVT_3|...Oh.$k
$Wsクロム|$Wa$E笑,照|$SvpSE_VOICE_CHROM_EVT_7|I have been from the very first moment
I laid eyes on you.$k$pI just didn't realise it until the last
little while.$k
$Wsusername|$Wa$SvpSE_VOICE_PLAYER_F#_EVT_29|...$k
$Wsクロム|$Wa$E苦,照|$SvpSE_VOICE_CHROM_EVT_11|Look, I know this is sudden and I'm coming
on like a wyvern in heat.$k$pBut I'm not trying to force you
into a decision, believe me.$k$pWhatever your answer, I shall
abide by it―no matter how painful.$k$pAnd come what may, we'll always
be friends. That I promise.$k
$Wsusername|$Wa$SvpSE_VOICE_PLAYER_F#_EVT_10|This is... I'm sorry, Chrom, but this is
impossible.$k$pThe general and his chief tactician?
It just... It wouldn't be right.$k$pOur first responsibility must be to the
soldiers we lead, not to each other.$k$pYou understand that, don't you?$k
$Wsクロム|$Wa$E通常,照|$SvpSE_VOICE_CHROM_EVT_6|Yes, I do.$k
$Wsusername|$Wa$SvpSE_VOICE_PLAYER_F#_EVT_22|But someday this war will end.$k$pWe'll emerge victorious and bring
peace back to the world.$k$pAnd when that happens, we'll be free
to follow our hearts.$k
$Wsクロム|$Wa$SvpSE_VOICE_CHROM_EVT_2|...OUR hearts?$k
$Wsusername|$Wa$E笑,照|$SvpSE_VOICE_PLAYER_F#_EVT_16|Yes...because I love you as well.$k
$Wsクロム|$Wa$E笑,照|$SvjSE_VOICE_CHROM_EVT_21|$SveSE_VOICE_CHROM_EVT_12|You do? But that's...but that's...$k$pWonderful! Ah ha ha ha!
This is the best day of my life!$k$p$Nu...listen to me...$k
$Sbs2000|$Fw1000|$Wsクロム|$Wd$Wsusername|$Wd$w0|$bテロップ,Tlp_Ev_c001|$w0|$Fi1000|$SspSE_VOICE_CHROM_EVT_M_1|$w0|$k","$SbpSTRM_BGM_EVT_MYUNIT1|0|$t1$Wmクロム|7$w0|$Wsクロム|$Wa$Wmusername|3$w0|$Wsusername|$Wa$E笑|$SvpSE_VOICE_PLAYER_F#_EVT_19|Chrom! Tam da seni arıyordum.
Konuşmalıyız.$k
$Wsクロム|$Wa$E苦,汗|$SvpSE_VOICE_CHROM_EVT_34|*yutkunur* $Nu?!$k
$Wsusername|$Wa$E通常|$SvpSE_VOICE_PLAYER_F#_EVT_10|Yarınki yürüyüş için çizdiğin rota
hakkında.$k$pHaritaya bakarken bir şey fark
ettim... Chrom? Beni dinliyor musun?$k
$Wsクロム|$Wa$E苦,汗照|$SvpSE_VOICE_CHROM_EVT_32|Ha? Tabii! Aslında hayır. Benim biraz...
işim vardı.$k
$Wsusername|$Wa$E苦,汗|$SvpSE_VOICE_PLAYER_F#_EVT_3|Chrom, çok tuhaf davranıyorsun. Benden
bir şey mi saklıyorsun?$k
$Wsクロム|$Wa$E苦,汗照|$SvpSE_VOICE_CHROM_EVT_26|S-saklamak mı? Gerçekten SAKLAMAK mı?
Hayır! H-hiçbir şey yok...$k
$Wsusername|$Wa$E通常,汗|$SvpSE_VOICE_PLAYER_F#_EVT_9|O zaman neden pantolonunda sincap varmış
gibi kıpırdanıyorsun?$k
$Wsクロム|$Wa$E通常,照|$SvpSE_VOICE_CHROM_EVT_31|K-kıpırdanmıyorum! Gayet rahatım. Ve...
normalim.$k
$Wsusername|$Wa$E通常|$SvpSE_VOICE_PLAYER_F#_EVT_11|Peki neden gözlerime bakmıyorsun?$k$pChrom. Yakın dost olduğumuzu, aramızda
sır olmadığını söylememiş miydin?$k$pCiddi değil miydin?$k
$Wsクロム|$Wa$E苦,汗照|$SvpSE_VOICE_CHROM_EVT_32|H-hayır! Yani evet! Yani... Öyle değil,
yemin ederim!$k
$Wsusername|$Wa$SvpSE_VOICE_PLAYER_F#_EVT_10|*iç çeker* Son zamanlarda benden
kaçtığını biliyorum.$k$pNedenini bilmek istiyorum, Chrom.
Bir açıklamayı hak ediyorum.$k$pLütfen. Hiçbir sorun
yokmuş gibi davranamam.$k$p$E苦,汗|Artık benimle olmaktan hoşlanmıyor musun?$k
$Wsクロム|$Wa$E怒|$SvpSE_VOICE_CHROM_EVT_4|Senden hoşlanmamak mı?!
$Nu, elbette hayır!$k$pGerçek bunun tam tersi.$k
$Wsusername|$Wa$SvpSE_VOICE_PLAYER_F#_EVT_11|O zaman neden benden kaçıyorsun?$k
$Wsクロム|$Wa$E苦,照|$SvpSE_VOICE_CHROM_EVT_11|Şey...$k
$Wsusername|$Wa$SvjSE_VOICE_PLAYER_F#_EVT_31|$SveSE_VOICE_PLAYER_F#_EVT_3|Chrom?$k
$Wsクロム|$Wa$E通常,照|$SvpSE_VOICE_CHROM_EVT_6|B-bana öyle bakma...$k$pSadece... çok sık birlikte
savaşıyoruz. Hep yan yanayız.$k$p$E怒,照|Önce seni müttefik, sonra yoldaş,
en sonunda da dost olarak gördüm.$k$pAramızdaki güven bağının
giderek güçlendiğini hissettim.$k$pSonra fark ettim ki... benim
için dosttan fazlasısın.$k
$Wsusername|$Wa$E通常|$SvpSE_VOICE_PLAYER_F#_EVT_5|... Ne demek istiyorsun?$k$Wsクロム|$Wa$SvpSE_VOICE_CHROM_EVT_31|$E通常,照|Seni önemsiyorum, $Nu. Bir
erkeğin bir kadına duyduğu şekilde.$k
$Wsusername|$Wa$E通常,照|$SvpSE_VOICE_PLAYER_F#_EVT_7|Chrom, bu mümkün değil―$k
$Wsクロム|$Wa$E苦,照|$SvpSE_VOICE_CHROM_EVT_34|Dur, lütfen! Buraya kadar getirdin beni;
şimdi söyleyeceğim.$k
$Wsusername|$Wa$SvpSE_VOICE_PLAYER_F#_EVT_29|... Ama böyle heyecanlıyken sonra pişman
olacağın bir şey söyleyebilirsin.$k
$Wsクロム|$Wa$E苦,照|$SvpSE_VOICE_CHROM_EVT_35|Umurumda değil! İçime atmaya çalıştım
ama artık yapamıyorum.$k$pNe hissettiğimi söyleyeceğim.
Utançtan başın patlasa bile.$k
$Wsusername|$Wa$SvpSE_VOICE_PLAYER_F#_EVT_5|T-tamam?$k
$Wsクロム|$Wa$E通常,照|$SvpSE_VOICE_CHROM_EVT_28|Pekâlâ, derin nefes... FUUU! Tut... ve
ver... HAAAA!$k$pBir kez daha...$k$pFUUUUU! Tutuyorum...
tutuyorum... ve ver... HAAAAAA!$k$pTamam, hazırım. Geliyor.
Hazırlan, çünkü söyleyeceğim!$k
$Wsusername|$Wa$SvpSE_VOICE_PLAYER_F#_EVT_7|... Söylesene artık!$k
$Wsクロム|$Wa$E怒,照|$SvjSE_VOICE_CHROM_EVT_52|$SveSE_VOICE_CHROM_EVT_25|$Nu... Sana âşığım.$k
$Wsusername|$Wa$SvpSE_VOICE_PLAYER_F#_EVT_3|... Ah.$k
$Wsクロム|$Wa$E笑,照|$SvpSE_VOICE_CHROM_EVT_7|Seni ilk gördüğüm andan beri.$k$pBunu ancak
son zamanlarda fark ettim.$k
$Wsusername|$Wa$SvpSE_VOICE_PLAYER_F#_EVT_29|...$k
$Wsクロム|$Wa$E苦,照|$SvpSE_VOICE_CHROM_EVT_11|Bak, bunun ani olduğunu ve kızgın bir
ejder gibi üstüne geldiğimi biliyorum.$k$pAma seni karar vermeye
zorlamıyorum. İnan bana.$k$pCevabın ne olursa olsun kabul
edeceğim. Ne kadar acıtsa da.$k$pNe olursa olsun hep dost
kalacağız. Söz veriyorum.$k
$Wsusername|$Wa$SvpSE_VOICE_PLAYER_F#_EVT_10|Bu... Özür dilerim, Chrom, ama bu mümkün
değil.$k$pKomutanla baş taktisyen
mi? Bu... doğru olmaz.$k$pÖnce yönettiğimiz askerlere karşı
sorumluyuz, birbirimize değil.$k$pBunu anlıyorsun, değil mi?$k
$Wsクロム|$Wa$E通常,照|$SvpSE_VOICE_CHROM_EVT_6|Evet.$k
$Wsusername|$Wa$SvpSE_VOICE_PLAYER_F#_EVT_22|Ama bir gün bu savaş bitecek.$k$pZafer kazanıp dünyaya
barışı geri getireceğiz.$k$pVe o gün geldiğinde kalbimizin
sesini dinlemekte özgür olacağız.$k
$Wsクロム|$Wa$SvpSE_VOICE_CHROM_EVT_2|... Kalplerimizin mi?$k
$Wsusername|$Wa$E笑,照|$SvpSE_VOICE_PLAYER_F#_EVT_16|Evet... çünkü ben de seni seviyorum.$k
$Wsクロム|$Wa$E笑,照|$SvjSE_VOICE_CHROM_EVT_21|$SveSE_VOICE_CHROM_EVT_12|Sen de mi? Ama bu... bu...$k$pHarika! Ha ha ha!
Hayatımın en güzel günü!$k$p$Nu... beni dinle...$k
$Sbs2000|$Fw1000|$Wsクロム|$Wd$Wsusername|$Wd$w0|$bテロップ,Tlp_Ev_c001|$w0|$Fi1000|$SspSE_VOICE_CHROM_EVT_M_1|$w0|$k"
10,MID_支援_クロム_プレイヤー女_Ｓ_PCF2,"$SbpSTRM_BGM_EVT_MYUNIT1|0|$t1$Wmクロム|7$w0|$Wsクロム|$Wa$Wmusername|3$w0|$Wsusername|$Wa$E通常,|$SvpSE_VOICE_PLAYER_F#_EVT_19|あっ、いましたね！
クロムさ～ん、ちょっと話があるんですけど。$k
$Wsクロム|$Wa$E苦,汗|$SvpSE_VOICE_CHROM_EVT_34|！　$Nu…！$k
$Wsusername|$Wa$SvpSE_VOICE_PLAYER_F#_EVT_10|ちょっと今後の
行軍について相談が…$k$pって…
何をソワソワしているんです？$k
$Wsクロム|$Wa$E苦,汗照|$SvpSE_VOICE_CHROM_EVT_32|あ、いや、その…
俺、ちょっと用事が…$k
$Wsusername|$Wa$E苦,汗|$SvpSE_VOICE_PLAYER_F#_EVT_3|クロムさん…どうしたんです？
何か、私に隠していません？$k
$Wsクロム|$Wa$E苦,汗照|$SvpSE_VOICE_CHROM_EVT_26|い、いや？
か、隠してなんて…いないぞ？$k
$Wsusername|$Wa$E通常,汗|$SvpSE_VOICE_PLAYER_F#_EVT_9|じゃあその挙動不審な態度は
何なのです？$k
$Wsクロム|$Wa$E通常,照|$SvpSE_VOICE_CHROM_EVT_31|そ、そんなことはない…
いつも通りだ。$k
$Wsusername|$Wa$E通常,|$SvpSE_VOICE_PLAYER_F#_EVT_11|嘘です…クロムさんは
いつももっと堂々としていて、$k$pちゃんと話す時に
人の目を見ます。$k$pクロムさん…この前
私達は強い絆で結ばれた親友だって、$k$p言ってくださいましたよね？$k$pあれは…何かの…
間違いだったのですか？$k
$Wsクロム|$Wa$E苦,汗照|$SvpSE_VOICE_CHROM_EVT_32|い、いや！　そ、そういうわけじゃ…！$k
$Wsusername|$Wa$SvpSE_VOICE_PLAYER_F#_EVT_10|…あなた最近、
私を避けていますよね？$k$p理由を…教えてください。
もう隠し事はしないって言ってましたよね？$k$p…ねえ、クロムさん、
このままじゃ私も気分が悪いです。$k$p$E苦,汗|私を嫌っているのなら、
それでも構いません。$k$pでもせめて、
理由を教えてもらえませんか？$k
$Wsクロム|$Wa$E怒,|$SvpSE_VOICE_CHROM_EVT_4|ば、バカなことを言うな！
お前を嫌うなんて…！$k$pそんなことあるわけない！$k
$Wsusername|$Wa$SvpSE_VOICE_PLAYER_F#_EVT_11|…でしたら最近、
私を避けるのは、なぜです？$k
$Wsクロム|$Wa$E苦,照|$SvpSE_VOICE_CHROM_EVT_11|………$k
$Wsusername|$Wa$SvpSE_VOICE_PLAYER_F#_EVT_31|クロムさん…$k
$Wsクロム|$Wa$E通常,照|$SvpSE_VOICE_CHROM_EVT_6|…ああ、もう、そんな顔をするな。$k$pそれはだな…共に戦うようになってから、
俺とお前は常に共にいた…$k$p$E怒,照|だから俺は、
お前のことを仲間…戦友…親友、$k$pいや家族、
兄妹のように感じていたんだ。$k$pだからこの前だって、もう隠し事は無しだと、
絆を確かめ合ったつもりだったんだ…$k$pでもそれは違う、
違うことに…気づいたんだ。$k
$Wsusername|$Wa$E通常,|$SvpSE_VOICE_PLAYER_F#_EVT_5|…？　…違う、とは？$k
$Wsクロム|$Wa$E通常,照|$SvpSE_VOICE_CHROM_EVT_31|お前は、俺の兄妹じゃなくて、女…だ。
魅力的な女性なんだって…$k
$Wsusername|$Wa$E通常,照|$SvpSE_VOICE_PLAYER_F#_EVT_7|…えっ、ええ～っ！？
く、クロムさん、なにを言ってるんです！？$k
$Wsクロム|$Wa$E苦,照|$SvpSE_VOICE_CHROM_EVT_34|う、うるさい！　ここまで言ってしまった以上、
もう止められるものか！$k
$Wsusername|$Wa$SvpSE_VOICE_PLAYER_F#_EVT_29|ちょ、ちょっと待ってください！！！$k
$Wsクロム|$Wa$E苦,照|$SvpSE_VOICE_CHROM_EVT_35|待たんぞ！！　もう絶対に言ってやる！
お前だって顔が真っ赤じゃないか！$k
$Wsusername|$Wa$SvpSE_VOICE_PLAYER_F#_EVT_5|う、ううっ…そ、それは！$k
$Wsクロム|$Wa$E通常,照|$SvpSE_VOICE_CHROM_EVT_28|すぅ～！　はぁ～！　すーっ！　はーっ！$k$pもう言うぞ！　言うからな！！
覚悟しろよっ！！　$Nu！$k
$Wsusername|$Wa$SvpSE_VOICE_PLAYER_F#_EVT_7|は、はひっ！$k
$Wsクロム|$Wa$E怒,照|$SvpSE_VOICE_CHROM_EVT_52|俺は、お前が好きだ！
お前を心から愛している！$k
$Wsusername|$Wa$SvpSE_VOICE_PLAYER_F#_EVT_3|ク、クロムさん…！$k
$Wsクロム|$Wa$E笑,照|$SvpSE_VOICE_CHROM_EVT_7|今までは意識していなかっただけだ！$k$p俺は最初から…
お前のことが好きだったんだ！！$k
$Wsusername|$Wa$SvpSE_VOICE_PLAYER_F#_EVT_29|…！！！$k
$Wsクロム|$Wa$E苦,照|$SvpSE_VOICE_CHROM_EVT_11|……すまん、少し強引になってしまった。
俺の悪いクセだな…。だが安心してくれ。$k$p俺の気持ちを押し付けるつもりはない。$k$pお前の返答がどんなものであれ、俺はきちんと
受け止めるよ…。俺とお前は仲間だ…$k$pその友情に変わりはない。安心してくれ。$k
$Wsusername|$Wa$SvpSE_VOICE_PLAYER_F#_EVT_10|…た、確かにそうですね。私とあなたは、
一軍の将と軍師という立場です…$k$pお互いに軍隊を率いる者として、
そういった感情を持ち込まない方が$k$pいいのは事実と…思います。$k
$Wsクロム|$Wa$E通常,照|$SvpSE_VOICE_CHROM_EVT_6|…そう、そうだよな。$k
$Wsusername|$Wa$SvpSE_VOICE_PLAYER_F#_EVT_22|…でも、それは戦時の話です。$k$pいつの日か戦いが終わって、
平和を取り戻せたら。$k$pその時私は喜んで、
あなたの気持ちを受け入れます。$k
$Wsクロム|$Wa$E通常,照|$SvpSE_VOICE_CHROM_EVT_2|…えっ？$k
$Wsusername|$Wa$E笑,照|$SvpSE_VOICE_PLAYER_F#_EVT_16|だって、私だって…出会った時から、
ずっとクロムさんの事が大好きでしたから。$k
$Wsクロム|$Wa$E笑,照|$SvpSE_VOICE_CHROM_EVT_21|そ、そうか…。そうか、そうか…$k$p…ははは、
今日は、俺の人生の中で最良の日だよ。$k
$Sbs2000|$Fw1000|$Wsクロム|$Wd$Wsusername|$Wd$w0|$bテロップ,Tlp_Ev_c001|$w0|$Fi1000|$SspSE_VOICE_CHROM_EVT_M_1|$w0|$k",,"$SbpSTRM_BGM_EVT_MYUNIT1|0|$t1$Wmクロム|7$w0|$Wsクロム|$Wa$Wmusername|3$w0|$Wsusername|$Wa$E通常,|$SvpSE_VOICE_PLAYER_F#_EVT_19|あっ、いましたね！
クロムさ～ん、ちょっと話があるんですけど。$k
$Wsクロム|$Wa$E苦,汗|$SvpSE_VOICE_CHROM_EVT_34|！　$Nu…！$k
$Wsusername|$Wa$SvpSE_VOICE_PLAYER_F#_EVT_10|ちょっと今後の
行軍について相談が…$k$pって…
何をソワソワしているんです？$k
$Wsクロム|$Wa$E苦,汗照|$SvpSE_VOICE_CHROM_EVT_32|あ、いや、その…
俺、ちょっと用事が…$k
$Wsusername|$Wa$E苦,汗|$SvpSE_VOICE_PLAYER_F#_EVT_3|クロムさん…どうしたんです？
何か、私に隠していません？$k
$Wsクロム|$Wa$E苦,汗照|$SvpSE_VOICE_CHROM_EVT_26|い、いや？
か、隠してなんて…いないぞ？$k
$Wsusername|$Wa$E通常,汗|$SvpSE_VOICE_PLAYER_F#_EVT_9|じゃあその挙動不審な態度は
何なのです？$k
$Wsクロム|$Wa$E通常,照|$SvpSE_VOICE_CHROM_EVT_31|そ、そんなことはない…
いつも通りだ。$k
$Wsusername|$Wa$E通常,|$SvpSE_VOICE_PLAYER_F#_EVT_11|嘘です…クロムさんは
いつももっと堂々としていて、$k$pちゃんと話す時に
人の目を見ます。$k$pクロムさん…この前
私達は強い絆で結ばれた親友だって、$k$p言ってくださいましたよね？$k$pあれは…何かの…
間違いだったのですか？$k
$Wsクロム|$Wa$E苦,汗照|$SvpSE_VOICE_CHROM_EVT_32|い、いや！　そ、そういうわけじゃ…！$k
$Wsusername|$Wa$SvpSE_VOICE_PLAYER_F#_EVT_10|…あなた最近、
私を避けていますよね？$k$p理由を…教えてください。
もう隠し事はしないって言ってましたよね？$k$p…ねえ、クロムさん、
このままじゃ私も気分が悪いです。$k$p$E苦,汗|私を嫌っているのなら、
それでも構いません。$k$pでもせめて、
理由を教えてもらえませんか？$k
$Wsクロム|$Wa$E怒,|$SvpSE_VOICE_CHROM_EVT_4|ば、バカなことを言うな！
お前を嫌うなんて…！$k$pそんなことあるわけない！$k
$Wsusername|$Wa$SvpSE_VOICE_PLAYER_F#_EVT_11|…でしたら最近、
私を避けるのは、なぜです？$k
$Wsクロム|$Wa$E苦,照|$SvpSE_VOICE_CHROM_EVT_11|………$k
$Wsusername|$Wa$SvpSE_VOICE_PLAYER_F#_EVT_31|クロムさん…$k
$Wsクロム|$Wa$E通常,照|$SvpSE_VOICE_CHROM_EVT_6|…ああ、もう、そんな顔をするな。$k$pそれはだな…共に戦うようになってから、
俺とお前は常に共にいた…$k$p$E怒,照|だから俺は、
お前のことを仲間…戦友…親友、$k$pいや家族、
兄妹のように感じていたんだ。$k$pだからこの前だって、もう隠し事は無しだと、
絆を確かめ合ったつもりだったんだ…$k$pでもそれは違う、
違うことに…気づいたんだ。$k
$Wsusername|$Wa$E通常,|$SvpSE_VOICE_PLAYER_F#_EVT_5|…？　…違う、とは？$k
$Wsクロム|$Wa$E通常,照|$SvpSE_VOICE_CHROM_EVT_31|お前は、俺の兄妹じゃなくて、女…だ。
魅力的な女性なんだって…$k
$Wsusername|$Wa$E通常,照|$SvpSE_VOICE_PLAYER_F#_EVT_7|…えっ、ええ～っ！？
く、クロムさん、なにを言ってるんです！？$k
$Wsクロム|$Wa$E苦,照|$SvpSE_VOICE_CHROM_EVT_34|う、うるさい！　ここまで言ってしまった以上、
もう止められるものか！$k
$Wsusername|$Wa$SvpSE_VOICE_PLAYER_F#_EVT_29|ちょ、ちょっと待ってください！！！$k
$Wsクロム|$Wa$E苦,照|$SvpSE_VOICE_CHROM_EVT_35|待たんぞ！！　もう絶対に言ってやる！
お前だって顔が真っ赤じゃないか！$k
$Wsusername|$Wa$SvpSE_VOICE_PLAYER_F#_EVT_5|う、ううっ…そ、それは！$k
$Wsクロム|$Wa$E通常,照|$SvpSE_VOICE_CHROM_EVT_28|すぅ～！　はぁ～！　すーっ！　はーっ！$k$pもう言うぞ！　言うからな！！
覚悟しろよっ！！　$Nu！$k
$Wsusername|$Wa$SvpSE_VOICE_PLAYER_F#_EVT_7|は、はひっ！$k
$Wsクロム|$Wa$E怒,照|$SvpSE_VOICE_CHROM_EVT_52|俺は、お前が好きだ！
お前を心から愛している！$k
$Wsusername|$Wa$SvpSE_VOICE_PLAYER_F#_EVT_3|ク、クロムさん…！$k
$Wsクロム|$Wa$E笑,照|$SvpSE_VOICE_CHROM_EVT_7|今までは意識していなかっただけだ！$k$p俺は最初から…
お前のことが好きだったんだ！！$k
$Wsusername|$Wa$SvpSE_VOICE_PLAYER_F#_EVT_29|…！！！$k
$Wsクロム|$Wa$E苦,照|$SvpSE_VOICE_CHROM_EVT_11|……すまん、少し強引になってしまった。
俺の悪いクセだな…。だが安心してくれ。$k$p俺の気持ちを押し付けるつもりはない。$k$pお前の返答がどんなものであれ、俺はきちんと
受け止めるよ…。俺とお前は仲間だ…$k$pその友情に変わりはない。安心してくれ。$k
$Wsusername|$Wa$SvpSE_VOICE_PLAYER_F#_EVT_10|…た、確かにそうですね。私とあなたは、
一軍の将と軍師という立場です…$k$pお互いに軍隊を率いる者として、
そういった感情を持ち込まない方が$k$pいいのは事実と…思います。$k
$Wsクロム|$Wa$E通常,照|$SvpSE_VOICE_CHROM_EVT_6|…そう、そうだよな。$k
$Wsusername|$Wa$SvpSE_VOICE_PLAYER_F#_EVT_22|…でも、それは戦時の話です。$k$pいつの日か戦いが終わって、
平和を取り戻せたら。$k$pその時私は喜んで、
あなたの気持ちを受け入れます。$k
$Wsクロム|$Wa$E通常,照|$SvpSE_VOICE_CHROM_EVT_2|…えっ？$k
$Wsusername|$Wa$E笑,照|$SvpSE_VOICE_PLAYER_F#_EVT_16|だって、私だって…出会った時から、
ずっとクロムさんの事が大好きでしたから。$k
$Wsクロム|$Wa$E笑,照|$SvpSE_VOICE_CHROM_EVT_21|そ、そうか…。そうか、そうか…$k$p…ははは、
今日は、俺の人生の中で最良の日だよ。$k
$Sbs2000|$Fw1000|$Wsクロム|$Wd$Wsusername|$Wd$w0|$bテロップ,Tlp_Ev_c001|$w0|$Fi1000|$SspSE_VOICE_CHROM_EVT_M_1|$w0|$k","$SbpSTRM_BGM_EVT_MYUNIT1|0|$t1$Wmクロム|7$w0|$Wsクロム|$Wa$Wmusername|3$w0|$Wsusername|$Wa$E通常,|$SvpSE_VOICE_PLAYER_F#_EVT_19|あっ、いましたね！
クロムさ～ん、ちょっと話があるんですけど。$k
$Wsクロム|$Wa$E苦,汗|$SvpSE_VOICE_CHROM_EVT_34|！　$Nu…！$k
$Wsusername|$Wa$SvpSE_VOICE_PLAYER_F#_EVT_10|ちょっと今後の
行軍について相談が…$k$pって…
何をソワソワしているんです？$k
$Wsクロム|$Wa$E苦,汗照|$SvpSE_VOICE_CHROM_EVT_32|あ、いや、その…
俺、ちょっと用事が…$k
$Wsusername|$Wa$E苦,汗|$SvpSE_VOICE_PLAYER_F#_EVT_3|クロムさん…どうしたんです？
何か、私に隠していません？$k
$Wsクロム|$Wa$E苦,汗照|$SvpSE_VOICE_CHROM_EVT_26|い、いや？
か、隠してなんて…いないぞ？$k
$Wsusername|$Wa$E通常,汗|$SvpSE_VOICE_PLAYER_F#_EVT_9|じゃあその挙動不審な態度は
何なのです？$k
$Wsクロム|$Wa$E通常,照|$SvpSE_VOICE_CHROM_EVT_31|そ、そんなことはない…
いつも通りだ。$k
$Wsusername|$Wa$E通常,|$SvpSE_VOICE_PLAYER_F#_EVT_11|嘘です…クロムさんは
いつももっと堂々としていて、$k$pちゃんと話す時に
人の目を見ます。$k$pクロムさん…この前
私達は強い絆で結ばれた親友だって、$k$p言ってくださいましたよね？$k$pあれは…何かの…
間違いだったのですか？$k
$Wsクロム|$Wa$E苦,汗照|$SvpSE_VOICE_CHROM_EVT_32|い、いや！　そ、そういうわけじゃ…！$k
$Wsusername|$Wa$SvpSE_VOICE_PLAYER_F#_EVT_10|…あなた最近、
私を避けていますよね？$k$p理由を…教えてください。
もう隠し事はしないって言ってましたよね？$k$p…ねえ、クロムさん、
このままじゃ私も気分が悪いです。$k$p$E苦,汗|私を嫌っているのなら、
それでも構いません。$k$pでもせめて、
理由を教えてもらえませんか？$k
$Wsクロム|$Wa$E怒,|$SvpSE_VOICE_CHROM_EVT_4|ば、バカなことを言うな！
お前を嫌うなんて…！$k$pそんなことあるわけない！$k
$Wsusername|$Wa$SvpSE_VOICE_PLAYER_F#_EVT_11|…でしたら最近、
私を避けるのは、なぜです？$k
$Wsクロム|$Wa$E苦,照|$SvpSE_VOICE_CHROM_EVT_11|………$k
$Wsusername|$Wa$SvpSE_VOICE_PLAYER_F#_EVT_31|クロムさん…$k
$Wsクロム|$Wa$E通常,照|$SvpSE_VOICE_CHROM_EVT_6|…ああ、もう、そんな顔をするな。$k$pそれはだな…共に戦うようになってから、
俺とお前は常に共にいた…$k$p$E怒,照|だから俺は、
お前のことを仲間…戦友…親友、$k$pいや家族、
兄妹のように感じていたんだ。$k$pだからこの前だって、もう隠し事は無しだと、
絆を確かめ合ったつもりだったんだ…$k$pでもそれは違う、
違うことに…気づいたんだ。$k
$Wsusername|$Wa$E通常,|$SvpSE_VOICE_PLAYER_F#_EVT_5|…？　…違う、とは？$k
$Wsクロム|$Wa$E通常,照|$SvpSE_VOICE_CHROM_EVT_31|お前は、俺の兄妹じゃなくて、女…だ。
魅力的な女性なんだって…$k
$Wsusername|$Wa$E通常,照|$SvpSE_VOICE_PLAYER_F#_EVT_7|…えっ、ええ～っ！？
く、クロムさん、なにを言ってるんです！？$k
$Wsクロム|$Wa$E苦,照|$SvpSE_VOICE_CHROM_EVT_34|う、うるさい！　ここまで言ってしまった以上、
もう止められるものか！$k
$Wsusername|$Wa$SvpSE_VOICE_PLAYER_F#_EVT_29|ちょ、ちょっと待ってください！！！$k
$Wsクロム|$Wa$E苦,照|$SvpSE_VOICE_CHROM_EVT_35|待たんぞ！！　もう絶対に言ってやる！
お前だって顔が真っ赤じゃないか！$k
$Wsusername|$Wa$SvpSE_VOICE_PLAYER_F#_EVT_5|う、ううっ…そ、それは！$k
$Wsクロム|$Wa$E通常,照|$SvpSE_VOICE_CHROM_EVT_28|すぅ～！　はぁ～！　すーっ！　はーっ！$k$pもう言うぞ！　言うからな！！
覚悟しろよっ！！　$Nu！$k
$Wsusername|$Wa$SvpSE_VOICE_PLAYER_F#_EVT_7|は、はひっ！$k
$Wsクロム|$Wa$E怒,照|$SvpSE_VOICE_CHROM_EVT_52|俺は、お前が好きだ！
お前を心から愛している！$k
$Wsusername|$Wa$SvpSE_VOICE_PLAYER_F#_EVT_3|ク、クロムさん…！$k
$Wsクロム|$Wa$E笑,照|$SvpSE_VOICE_CHROM_EVT_7|今までは意識していなかっただけだ！$k$p俺は最初から…
お前のことが好きだったんだ！！$k
$Wsusername|$Wa$SvpSE_VOICE_PLAYER_F#_EVT_29|…！！！$k
$Wsクロム|$Wa$E苦,照|$SvpSE_VOICE_CHROM_EVT_11|……すまん、少し強引になってしまった。
俺の悪いクセだな…。だが安心してくれ。$k$p俺の気持ちを押し付けるつもりはない。$k$pお前の返答がどんなものであれ、俺はきちんと
受け止めるよ…。俺とお前は仲間だ…$k$pその友情に変わりはない。安心してくれ。$k
$Wsusername|$Wa$SvpSE_VOICE_PLAYER_F#_EVT_10|…た、確かにそうですね。私とあなたは、
一軍の将と軍師という立場です…$k$pお互いに軍隊を率いる者として、
そういった感情を持ち込まない方が$k$pいいのは事実と…思います。$k
$Wsクロム|$Wa$E通常,照|$SvpSE_VOICE_CHROM_EVT_6|…そう、そうだよな。$k
$Wsusername|$Wa$SvpSE_VOICE_PLAYER_F#_EVT_22|…でも、それは戦時の話です。$k$pいつの日か戦いが終わって、
平和を取り戻せたら。$k$pその時私は喜んで、
あなたの気持ちを受け入れます。$k
$Wsクロム|$Wa$E通常,照|$SvpSE_VOICE_CHROM_EVT_2|…えっ？$k
$Wsusername|$Wa$E笑,照|$SvpSE_VOICE_PLAYER_F#_EVT_16|だって、私だって…出会った時から、
ずっとクロムさんの事が大好きでしたから。$k
$Wsクロム|$Wa$E笑,照|$SvpSE_VOICE_CHROM_EVT_21|そ、そうか…。そうか、そうか…$k$p…ははは、
今日は、俺の人生の中で最良の日だよ。$k
$Sbs2000|$Fw1000|$Wsクロム|$Wd$Wsusername|$Wd$w0|$bテロップ,Tlp_Ev_c001|$w0|$Fi1000|$SspSE_VOICE_CHROM_EVT_M_1|$w0|$k","$SbpSTRM_BGM_EVT_MYUNIT1|0|$t1$Wmクロム|7$w0|$Wsクロム|$Wa$Wmusername|3$w0|$Wsusername|$Wa$E通常,|$SvpSE_VOICE_PLAYER_F#_EVT_19|あっ、いましたね！
クロムさ～ん、ちょっと話があるんですけど。$k
$Wsクロム|$Wa$E苦,汗|$SvpSE_VOICE_CHROM_EVT_34|！　$Nu…！$k
$Wsusername|$Wa$SvpSE_VOICE_PLAYER_F#_EVT_10|ちょっと今後の
行軍について相談が…$k$pって…
何をソワソワしているんです？$k
$Wsクロム|$Wa$E苦,汗照|$SvpSE_VOICE_CHROM_EVT_32|あ、いや、その…
俺、ちょっと用事が…$k
$Wsusername|$Wa$E苦,汗|$SvpSE_VOICE_PLAYER_F#_EVT_3|クロムさん…どうしたんです？
何か、私に隠していません？$k
$Wsクロム|$Wa$E苦,汗照|$SvpSE_VOICE_CHROM_EVT_26|い、いや？
か、隠してなんて…いないぞ？$k
$Wsusername|$Wa$E通常,汗|$SvpSE_VOICE_PLAYER_F#_EVT_9|じゃあその挙動不審な態度は
何なのです？$k
$Wsクロム|$Wa$E通常,照|$SvpSE_VOICE_CHROM_EVT_31|そ、そんなことはない…
いつも通りだ。$k
$Wsusername|$Wa$E通常,|$SvpSE_VOICE_PLAYER_F#_EVT_11|嘘です…クロムさんは
いつももっと堂々としていて、$k$pちゃんと話す時に
人の目を見ます。$k$pクロムさん…この前
私達は強い絆で結ばれた親友だって、$k$p言ってくださいましたよね？$k$pあれは…何かの…
間違いだったのですか？$k
$Wsクロム|$Wa$E苦,汗照|$SvpSE_VOICE_CHROM_EVT_32|い、いや！　そ、そういうわけじゃ…！$k
$Wsusername|$Wa$SvpSE_VOICE_PLAYER_F#_EVT_10|…あなた最近、
私を避けていますよね？$k$p理由を…教えてください。
もう隠し事はしないって言ってましたよね？$k$p…ねえ、クロムさん、
このままじゃ私も気分が悪いです。$k$p$E苦,汗|私を嫌っているのなら、
それでも構いません。$k$pでもせめて、
理由を教えてもらえませんか？$k
$Wsクロム|$Wa$E怒,|$SvpSE_VOICE_CHROM_EVT_4|ば、バカなことを言うな！
お前を嫌うなんて…！$k$pそんなことあるわけない！$k
$Wsusername|$Wa$SvpSE_VOICE_PLAYER_F#_EVT_11|…でしたら最近、
私を避けるのは、なぜです？$k
$Wsクロム|$Wa$E苦,照|$SvpSE_VOICE_CHROM_EVT_11|………$k
$Wsusername|$Wa$SvpSE_VOICE_PLAYER_F#_EVT_31|クロムさん…$k
$Wsクロム|$Wa$E通常,照|$SvpSE_VOICE_CHROM_EVT_6|…ああ、もう、そんな顔をするな。$k$pそれはだな…共に戦うようになってから、
俺とお前は常に共にいた…$k$p$E怒,照|だから俺は、
お前のことを仲間…戦友…親友、$k$pいや家族、
兄妹のように感じていたんだ。$k$pだからこの前だって、もう隠し事は無しだと、
絆を確かめ合ったつもりだったんだ…$k$pでもそれは違う、
違うことに…気づいたんだ。$k
$Wsusername|$Wa$E通常,|$SvpSE_VOICE_PLAYER_F#_EVT_5|…？　…違う、とは？$k
$Wsクロム|$Wa$E通常,照|$SvpSE_VOICE_CHROM_EVT_31|お前は、俺の兄妹じゃなくて、女…だ。
魅力的な女性なんだって…$k
$Wsusername|$Wa$E通常,照|$SvpSE_VOICE_PLAYER_F#_EVT_7|…えっ、ええ～っ！？
く、クロムさん、なにを言ってるんです！？$k
$Wsクロム|$Wa$E苦,照|$SvpSE_VOICE_CHROM_EVT_34|う、うるさい！　ここまで言ってしまった以上、
もう止められるものか！$k
$Wsusername|$Wa$SvpSE_VOICE_PLAYER_F#_EVT_29|ちょ、ちょっと待ってください！！！$k
$Wsクロム|$Wa$E苦,照|$SvpSE_VOICE_CHROM_EVT_35|待たんぞ！！　もう絶対に言ってやる！
お前だって顔が真っ赤じゃないか！$k
$Wsusername|$Wa$SvpSE_VOICE_PLAYER_F#_EVT_5|う、ううっ…そ、それは！$k
$Wsクロム|$Wa$E通常,照|$SvpSE_VOICE_CHROM_EVT_28|すぅ～！　はぁ～！　すーっ！　はーっ！$k$pもう言うぞ！　言うからな！！
覚悟しろよっ！！　$Nu！$k
$Wsusername|$Wa$SvpSE_VOICE_PLAYER_F#_EVT_7|は、はひっ！$k
$Wsクロム|$Wa$E怒,照|$SvpSE_VOICE_CHROM_EVT_52|俺は、お前が好きだ！
お前を心から愛している！$k
$Wsusername|$Wa$SvpSE_VOICE_PLAYER_F#_EVT_3|ク、クロムさん…！$k
$Wsクロム|$Wa$E笑,照|$SvpSE_VOICE_CHROM_EVT_7|今までは意識していなかっただけだ！$k$p俺は最初から…
お前のことが好きだったんだ！！$k
$Wsusername|$Wa$SvpSE_VOICE_PLAYER_F#_EVT_29|…！！！$k
$Wsクロム|$Wa$E苦,照|$SvpSE_VOICE_CHROM_EVT_11|……すまん、少し強引になってしまった。
俺の悪いクセだな…。だが安心してくれ。$k$p俺の気持ちを押し付けるつもりはない。$k$pお前の返答がどんなものであれ、俺はきちんと
受け止めるよ…。俺とお前は仲間だ…$k$pその友情に変わりはない。安心してくれ。$k
$Wsusername|$Wa$SvpSE_VOICE_PLAYER_F#_EVT_10|…た、確かにそうですね。私とあなたは、
一軍の将と軍師という立場です…$k$pお互いに軍隊を率いる者として、
そういった感情を持ち込まない方が$k$pいいのは事実と…思います。$k
$Wsクロム|$Wa$E通常,照|$SvpSE_VOICE_CHROM_EVT_6|…そう、そうだよな。$k
$Wsusername|$Wa$SvpSE_VOICE_PLAYER_F#_EVT_22|…でも、それは戦時の話です。$k$pいつの日か戦いが終わって、
平和を取り戻せたら。$k$pその時私は喜んで、
あなたの気持ちを受け入れます。$k
$Wsクロム|$Wa$E通常,照|$SvpSE_VOICE_CHROM_EVT_2|…えっ？$k
$Wsusername|$Wa$E笑,照|$SvpSE_VOICE_PLAYER_F#_EVT_16|だって、私だって…出会った時から、
ずっとクロムさんの事が大好きでしたから。$k
$Wsクロム|$Wa$E笑,照|$SvpSE_VOICE_CHROM_EVT_21|そ、そうか…。そうか、そうか…$k$p…ははは、
今日は、俺の人生の中で最良の日だよ。$k
$Sbs2000|$Fw1000|$Wsクロム|$Wd$Wsusername|$Wd$w0|$bテロップ,Tlp_Ev_c001|$w0|$Fi1000|$SspSE_VOICE_CHROM_EVT_M_1|$w0|$k","$SbpSTRM_BGM_EVT_MYUNIT1|0|$t1$Wmクロム|7$w0|$Wsクロム|$Wa$Wmusername|3$w0|$Wsusername|$Wa$E通常|$SvpSE_VOICE_PLAYER_F#_EVT_19|Ah, buradasın! Chrom, biraz konuşabilir
miyiz?$k
$Wsクロム|$Wa$E苦,汗|$SvpSE_VOICE_CHROM_EVT_34|! $Nu...!$k
$Wsusername|$Wa$SvpSE_VOICE_PLAYER_F#_EVT_10|Sonraki yürüyüş rotasını konuşacaktım...$k$p... Bir dakika, neden bu kadar
huzursuzsun?$k
$Wsクロム|$Wa$E苦,汗照|$SvpSE_VOICE_CHROM_EVT_32|Şey... Benim biraz işim var da...$k
$Wsusername|$Wa$E苦,汗|$SvpSE_VOICE_PLAYER_F#_EVT_3|Chrom, ne oldu? Benden bir şey mi
saklıyorsun?$k
$Wsクロム|$Wa$E苦,汗照|$SvpSE_VOICE_CHROM_EVT_26|H-hayır? S-sakladığım bir şey yok...$k
$Wsusername|$Wa$E通常,汗|$SvpSE_VOICE_PLAYER_F#_EVT_9|O zaman bu şüpheli hâlin ne?$k
$Wsクロム|$Wa$E通常,照|$SvpSE_VOICE_CHROM_EVT_31|Öyle bir şey yok... Her zamanki gibiyim.$k
$Wsusername|$Wa$E通常|$SvpSE_VOICE_PLAYER_F#_EVT_11|Hayır. Sen normalde daha kendinden emin
olursun,$k$pve konuşurken insanların gözünün içine
bakarsın.$k$pChrom... geçen gün güçlü bağlarla bağlı
dostlar olduğumuzu$k$psöylemiştin, değil mi?$k$pYoksa... o sözler doğru değil miydi?$k
$Wsクロム|$Wa$E苦,汗照|$SvpSE_VOICE_CHROM_EVT_32|H-hayır! Öyle değil!$k
$Wsusername|$Wa$SvpSE_VOICE_PLAYER_F#_EVT_10|... Son günlerde benden kaçıyorsun.$k$pNedenini söyle. Artık birbirimizden bir
şey saklamayacaktık.$k$pChrom... Böyle sürerse ben de kötü
hissedeceğim.$k$p$E苦,汗|Benden hoşlanmıyorsan bunu da kabul
ederim.$k$pAma hiç değilse nedenini söyler misin?$k
$Wsクロム|$Wa$E怒|$SvpSE_VOICE_CHROM_EVT_4|Saçmalama! Senden nefret etmem mümkün
değil!$k$pAsla!$k
$Wsusername|$Wa$SvpSE_VOICE_PLAYER_F#_EVT_11|O zaman neden son günlerde benden
kaçıyorsun?$k
$Wsクロム|$Wa$E苦,照|$SvpSE_VOICE_CHROM_EVT_11|...$k
$Wsusername|$Wa$SvpSE_VOICE_PLAYER_F#_EVT_31|Chrom...$k
$Wsクロム|$Wa$E通常,照|$SvpSE_VOICE_CHROM_EVT_6|... Öyle bakma bana.$k$pBirlikte savaşmaya başladığımızdan beri
hep yan yanaydık...$k$p$E怒,照|Seni önce yoldaş, sonra savaş arkadaşı,
sonra dost olarak gördüm.$k$pHatta ailemden biri, bir kardeş gibi.$k$pGeçen sefer de aramızda sır kalmadığını,
bağımızın güçlü olduğunu sanıyordum...$k$pAma yanılmışım. Başka bir şey olduğunu
fark ettim...$k
$Wsusername|$Wa$E通常|$SvpSE_VOICE_PLAYER_F#_EVT_5|...? 'Farklı' derken?$k
$Wsクロム|$Wa$E通常,照|$SvpSE_VOICE_CHROM_EVT_31|Sen benim kardeşim değilsin... bir
kadınsın. Çekici bir kadın.$k
$Wsusername|$Wa$E通常,照|$SvpSE_VOICE_PLAYER_F#_EVT_7|N-ne?! Chrom, ne diyorsun sen?!$k
$Wsクロム|$Wa$E苦,照|$SvpSE_VOICE_CHROM_EVT_34|S-sus! Buraya kadar söyledim, artık
duramam!$k
$Wsusername|$Wa$SvpSE_VOICE_PLAYER_F#_EVT_29|B-bekle biraz!$k
$Wsクロム|$Wa$E苦,照|$SvpSE_VOICE_CHROM_EVT_35|Beklemeyeceğim! Söyleyeceğim! Senin de
yüzün kıpkırmızı!$k
$Wsusername|$Wa$SvpSE_VOICE_PLAYER_F#_EVT_5|Ş-şey... o...$k
$Wsクロム|$Wa$E通常,照|$SvpSE_VOICE_CHROM_EVT_28|Huuu... Hah... Bir nefes daha...$k$pSöylüyorum! Hazır ol, $Nu!$k
$Wsusername|$Wa$SvpSE_VOICE_PLAYER_F#_EVT_7|T-tamam!$k
$Wsクロム|$Wa$E怒,照|$SvpSE_VOICE_CHROM_EVT_52|Seni seviyorum! Bütün kalbimle!$k
$Wsusername|$Wa$SvpSE_VOICE_PLAYER_F#_EVT_3|Chrom...!$k
$Wsクロム|$Wa$E笑,照|$SvpSE_VOICE_CHROM_EVT_7|Şimdiye kadar bunun farkında değildim.$k$pAma seni ilk andan beri sevmişim!$k
$Wsusername|$Wa$SvpSE_VOICE_PLAYER_F#_EVT_29|...!$k
$Wsクロム|$Wa$E苦,照|$SvpSE_VOICE_CHROM_EVT_11|... Özür dilerim, biraz üstüne geldim.
Kötü huyum. Ama merak etme.$k$pDuygularımı sana dayatmayacağım.$k$pCevabın ne olursa olsun kabul edeceğim.
Biz yoldaşız...$k$pDostluğumuz değişmeyecek.$k
$Wsusername|$Wa$SvpSE_VOICE_PLAYER_F#_EVT_10|Evet... Doğru. Sen komutansın, ben de
taktisyen...$k$pOrduyu yöneten insanlar olarak bu
duyguları işe karıştırmamak$k$pdaha doğru... sanırım.$k
$Wsクロム|$Wa$E通常,照|$SvpSE_VOICE_CHROM_EVT_6|Evet... haklısın.$k
$Wsusername|$Wa$SvpSE_VOICE_PLAYER_F#_EVT_22|Ama bu sadece savaş sürerken geçerli.$k$pBir gün savaş bitip barış geri
geldiğinde...$k$pO zaman duygularını memnuniyetle kabul
edeceğim.$k
$Wsクロム|$Wa$E通常,照|$SvpSE_VOICE_CHROM_EVT_2|... Ne?$k
$Wsusername|$Wa$E笑,照|$SvpSE_VOICE_PLAYER_F#_EVT_16|Çünkü ben de seni ilk tanıştığımız
günden beri seviyorum.$k
$Wsクロム|$Wa$E笑,照|$SvpSE_VOICE_CHROM_EVT_21|Öyle mi...? Demek sen de...$k$pHa ha... Hayatımın en güzel günü bu.$k
$Sbs2000|$Fw1000|$Wsクロム|$Wd$Wsusername|$Wd$w0|$bテロップ,Tlp_Ev_c001|$w0|$Fi1000|$SspSE_VOICE_CHROM_EVT_M_1|$w0|$k"
11,MID_支援_クロム_プレイヤー女_Ｓ_PCF3,"$SbpSTRM_BGM_EVT_MYUNIT1|0|$t1$Wmクロム|7$w0|$Wsクロム|$Wa$Wmusername|3$w0|$Wsusername|$Wa$E通常,|……！！$k
$Wsクロム|$Wa$E苦,汗|$SvpSE_VOICE_CHROM_EVT_34|！　$Nu…！
な、なんだ？　俺に話って？$k
$Wsusername|$Wa………？$k
$Wsクロム|$Wa$E苦,照汗|$SvpSE_VOICE_CHROM_EVT_10|い、いや、別に
そわそわなんかしていないぞ。$k$pこ、行軍の話だな？
わかった、考えておく。$k$pただ、その、つまりだな…
俺、ちょっと用事が…$k
$Wsusername|$Wa$E苦,汗|……？$k
$Wsクロム|$Wa$SvpSE_VOICE_CHROM_EVT_26|い…いや？
か、隠し事なんて…していないぞ？$k
$Wsusername|$Wa$E通常,|…！！$k
$Wsクロム|$Wa$E怒,照汗|$SvpSE_VOICE_CHROM_EVT_31|挙動不審？　まさか？
俺は、その…いつも通りだ。うん。$k
$Wsusername|$Wa………$k$p$E苦,汗|………？$k
$Wsクロム|$Wa$E苦,照汗|$SvpSE_VOICE_CHROM_EVT_32|そ、それは、違う！　この前言ったことは
間違いなんかじゃないぞ！！$k$p$E怒,汗|その…俺たちは
強い絆で結ばれているさ。$k$pこ、これは、つまりだな…
そうじゃなくて…$k
$Wsusername|$Wa………？$k
$Wsクロム|$Wa$E苦,汗|$SvpSE_VOICE_CHROM_EVT_4|ば、バカなことを言うな！$k$pお前を嫌うなんて…
そんなことあるわけない！$k
$Wsusername|$Wa$E通常,|………！$k
$Wsクロム|$Wa$E通常,照|$SvpSE_VOICE_CHROM_EVT_11|いや、避けてなんか…
いない…いないさ…$k
$Wsusername|$Wa$E苦,汗|…………$k
$Wsクロム|$Wa$SvpSE_VOICE_CHROM_EVT_6|…ああ、もう、そんな顔をするな。$k$pそれはだな…共に戦うようになってから、
俺とお前は常に共にいた…$k$pだから俺は、
お前のことを仲間…戦友…親友、$k$pいや家族、
兄妹のように感じていたんだ。$k$pだからこの前だって、もう隠し事は無しだと、
絆を確かめ合ったつもりだったんだ…$k$p$E怒,照|でもそれは違う、
違うことに…気づいたんだ。$k
$Wsusername|$Wa…？$k
$Wsクロム|$Wa$SvpSE_VOICE_CHROM_EVT_31|そうだ、違うんだ。$k$pその…お前は、俺の兄妹じゃなくて、女…だ。
魅力的な女性なんだって…$k
$Wsusername|$Wa$E通常,照|！！！！？$k
$Wsクロム|$Wa$E苦,照汗|$SvpSE_VOICE_CHROM_EVT_34|何を言ってるって、聞いての通りだ！
今からもっとはっきり言ってやる！$k$pここまで言ってしまった以上、
もう止められるものか！！$k
$Wsusername|$Wa$E苦,照汗|………！！$k
$Wsクロム|$Wa$SvpSE_VOICE_CHROM_EVT_35|待たんぞ！！　もう絶対に言ってやる！
お前だって顔が真っ赤じゃないか！$k
$Wsusername|$Wa…………$k
$Wsクロム|$Wa$SvpSE_VOICE_CHROM_EVT_28|$Eキメ,照|どうだ、反論できないだろう！
すぅ～！　はぁ～！　すーっ！　はーっ！$k$pもう言うぞ！　言うからな！！
覚悟しろよっ！！　$Nu！$k
$Wsusername|$Wa$E通常,照|……！！$k
$Wsクロム|$Wa$SvpSE_VOICE_CHROM_EVT_52|$E怒,照|俺は、お前が好きだ！
お前を心から愛している！$k
$Wsusername|$Wa！！！！！！$k
$Wsクロム|$Wa$SvpSE_VOICE_CHROM_EVT_7|今までは意識していなかっただけだ！$k$p俺は最初から…
お前のことが好きだったんだ！！$k
$Wsusername|$Wa$E苦,照|……！！！$k
$Wsクロム|$Wa$E苦,照汗|$SvpSE_VOICE_CHROM_EVT_11|……すまん、少し強引になってしまった。
俺の悪いクセだな…。だが安心してくれ。$k$p俺の気持ちを押し付けるつもりはない。$k$p$E通常,照|お前の返答がどんなものであれ、俺はきちんと
受け止めるよ…。俺とお前は仲間だ…$k$pその友情に変わりはない。安心してくれ。$k
$Wsusername|$Wa………？？$k
$Wsクロム|$Wa$SvpSE_VOICE_CHROM_EVT_6|$E怒,照|…そう、だな。そうだよな。
俺とお前は一軍の将と軍師。$k$p軍を率いる者として、そういう感情を
持ち込んじゃいけない、よな…。$k
$Wsusername|$Wa………$k$p$E笑,照|………！！$k
$Wsクロム|$Wa$E通常,照|$SvpSE_VOICE_CHROM_EVT_2|…えっ？　ほ、本当か？$k$p本当に平和になったら
俺の気持ちを受け入れてくれるのか？$k
$Wsusername|$Wa………！！$k
$Wsクロム|$Wa$E笑,照|$SvpSE_VOICE_CHROM_EVT_21|そ、そうか…。そうか、そうか…
おまえも俺のことを…そうだったのか…$k$p…ははは、
今日は、俺の人生の中で最良の日だよ。$k
$Sbs2000|$Fw1000|$Wsクロム|$Wd$Wsusername|$Wd$w0|$bテロップ,Tlp_Ev_c001|$w0|$Fi1000|$SspSE_VOICE_CHROM_EVT_M_1|$w0|$k",,"$SbpSTRM_BGM_EVT_MYUNIT1|0|$t1$Wmクロム|7$w0|$Wsクロム|$Wa$Wmusername|3$w0|$Wsusername|$Wa$E通常,|……！！$k
$Wsクロム|$Wa$E苦,汗|$SvpSE_VOICE_CHROM_EVT_34|！　$Nu…！
な、なんだ？　俺に話って？$k
$Wsusername|$Wa………？$k
$Wsクロム|$Wa$E苦,照汗|$SvpSE_VOICE_CHROM_EVT_10|い、いや、別に
そわそわなんかしていないぞ。$k$pこ、行軍の話だな？
わかった、考えておく。$k$pただ、その、つまりだな…
俺、ちょっと用事が…$k
$Wsusername|$Wa$E苦,汗|……？$k
$Wsクロム|$Wa$SvpSE_VOICE_CHROM_EVT_26|い…いや？
か、隠し事なんて…していないぞ？$k
$Wsusername|$Wa$E通常,|…！！$k
$Wsクロム|$Wa$E怒,照汗|$SvpSE_VOICE_CHROM_EVT_31|挙動不審？　まさか？
俺は、その…いつも通りだ。うん。$k
$Wsusername|$Wa………$k$p$E苦,汗|………？$k
$Wsクロム|$Wa$E苦,照汗|$SvpSE_VOICE_CHROM_EVT_32|そ、それは、違う！　この前言ったことは
間違いなんかじゃないぞ！！$k$p$E怒,汗|その…俺たちは
強い絆で結ばれているさ。$k$pこ、これは、つまりだな…
そうじゃなくて…$k
$Wsusername|$Wa………？$k
$Wsクロム|$Wa$E苦,汗|$SvpSE_VOICE_CHROM_EVT_4|ば、バカなことを言うな！$k$pお前を嫌うなんて…
そんなことあるわけない！$k
$Wsusername|$Wa$E通常,|………！$k
$Wsクロム|$Wa$E通常,照|$SvpSE_VOICE_CHROM_EVT_11|いや、避けてなんか…
いない…いないさ…$k
$Wsusername|$Wa$E苦,汗|…………$k
$Wsクロム|$Wa$SvpSE_VOICE_CHROM_EVT_6|…ああ、もう、そんな顔をするな。$k$pそれはだな…共に戦うようになってから、
俺とお前は常に共にいた…$k$pだから俺は、
お前のことを仲間…戦友…親友、$k$pいや家族、
兄妹のように感じていたんだ。$k$pだからこの前だって、もう隠し事は無しだと、
絆を確かめ合ったつもりだったんだ…$k$p$E怒,照|でもそれは違う、
違うことに…気づいたんだ。$k
$Wsusername|$Wa…？$k
$Wsクロム|$Wa$SvpSE_VOICE_CHROM_EVT_31|そうだ、違うんだ。$k$pその…お前は、俺の兄妹じゃなくて、女…だ。
魅力的な女性なんだって…$k
$Wsusername|$Wa$E通常,照|！！！！？$k
$Wsクロム|$Wa$E苦,照汗|$SvpSE_VOICE_CHROM_EVT_34|何を言ってるって、聞いての通りだ！
今からもっとはっきり言ってやる！$k$pここまで言ってしまった以上、
もう止められるものか！！$k
$Wsusername|$Wa$E苦,照汗|………！！$k
$Wsクロム|$Wa$SvpSE_VOICE_CHROM_EVT_35|待たんぞ！！　もう絶対に言ってやる！
お前だって顔が真っ赤じゃないか！$k
$Wsusername|$Wa…………$k
$Wsクロム|$Wa$SvpSE_VOICE_CHROM_EVT_28|$Eキメ,照|どうだ、反論できないだろう！
すぅ～！　はぁ～！　すーっ！　はーっ！$k$pもう言うぞ！　言うからな！！
覚悟しろよっ！！　$Nu！$k
$Wsusername|$Wa$E通常,照|……！！$k
$Wsクロム|$Wa$SvpSE_VOICE_CHROM_EVT_52|$E怒,照|俺は、お前が好きだ！
お前を心から愛している！$k
$Wsusername|$Wa！！！！！！$k
$Wsクロム|$Wa$SvpSE_VOICE_CHROM_EVT_7|今までは意識していなかっただけだ！$k$p俺は最初から…
お前のことが好きだったんだ！！$k
$Wsusername|$Wa$E苦,照|……！！！$k
$Wsクロム|$Wa$E苦,照汗|$SvpSE_VOICE_CHROM_EVT_11|……すまん、少し強引になってしまった。
俺の悪いクセだな…。だが安心してくれ。$k$p俺の気持ちを押し付けるつもりはない。$k$p$E通常,照|お前の返答がどんなものであれ、俺はきちんと
受け止めるよ…。俺とお前は仲間だ…$k$pその友情に変わりはない。安心してくれ。$k
$Wsusername|$Wa………？？$k
$Wsクロム|$Wa$SvpSE_VOICE_CHROM_EVT_6|$E怒,照|…そう、だな。そうだよな。
俺とお前は一軍の将と軍師。$k$p軍を率いる者として、そういう感情を
持ち込んじゃいけない、よな…。$k
$Wsusername|$Wa………$k$p$E笑,照|………！！$k
$Wsクロム|$Wa$E通常,照|$SvpSE_VOICE_CHROM_EVT_2|…えっ？　ほ、本当か？$k$p本当に平和になったら
俺の気持ちを受け入れてくれるのか？$k
$Wsusername|$Wa………！！$k
$Wsクロム|$Wa$E笑,照|$SvpSE_VOICE_CHROM_EVT_21|そ、そうか…。そうか、そうか…
おまえも俺のことを…そうだったのか…$k$p…ははは、
今日は、俺の人生の中で最良の日だよ。$k
$Sbs2000|$Fw1000|$Wsクロム|$Wd$Wsusername|$Wd$w0|$bテロップ,Tlp_Ev_c001|$w0|$Fi1000|$SspSE_VOICE_CHROM_EVT_M_1|$w0|$k","$SbpSTRM_BGM_EVT_MYUNIT1|0|$t1$Wmクロム|7$w0|$Wsクロム|$Wa$Wmusername|3$w0|$Wsusername|$Wa$E通常,|……！！$k
$Wsクロム|$Wa$E苦,汗|$SvpSE_VOICE_CHROM_EVT_34|！　$Nu…！
な、なんだ？　俺に話って？$k
$Wsusername|$Wa………？$k
$Wsクロム|$Wa$E苦,照汗|$SvpSE_VOICE_CHROM_EVT_10|い、いや、別に
そわそわなんかしていないぞ。$k$pこ、行軍の話だな？
わかった、考えておく。$k$pただ、その、つまりだな…
俺、ちょっと用事が…$k
$Wsusername|$Wa$E苦,汗|……？$k
$Wsクロム|$Wa$SvpSE_VOICE_CHROM_EVT_26|い…いや？
か、隠し事なんて…していないぞ？$k
$Wsusername|$Wa$E通常,|…！！$k
$Wsクロム|$Wa$E怒,照汗|$SvpSE_VOICE_CHROM_EVT_31|挙動不審？　まさか？
俺は、その…いつも通りだ。うん。$k
$Wsusername|$Wa………$k$p$E苦,汗|………？$k
$Wsクロム|$Wa$E苦,照汗|$SvpSE_VOICE_CHROM_EVT_32|そ、それは、違う！　この前言ったことは
間違いなんかじゃないぞ！！$k$p$E怒,汗|その…俺たちは
強い絆で結ばれているさ。$k$pこ、これは、つまりだな…
そうじゃなくて…$k
$Wsusername|$Wa………？$k
$Wsクロム|$Wa$E苦,汗|$SvpSE_VOICE_CHROM_EVT_4|ば、バカなことを言うな！$k$pお前を嫌うなんて…
そんなことあるわけない！$k
$Wsusername|$Wa$E通常,|………！$k
$Wsクロム|$Wa$E通常,照|$SvpSE_VOICE_CHROM_EVT_11|いや、避けてなんか…
いない…いないさ…$k
$Wsusername|$Wa$E苦,汗|…………$k
$Wsクロム|$Wa$SvpSE_VOICE_CHROM_EVT_6|…ああ、もう、そんな顔をするな。$k$pそれはだな…共に戦うようになってから、
俺とお前は常に共にいた…$k$pだから俺は、
お前のことを仲間…戦友…親友、$k$pいや家族、
兄妹のように感じていたんだ。$k$pだからこの前だって、もう隠し事は無しだと、
絆を確かめ合ったつもりだったんだ…$k$p$E怒,照|でもそれは違う、
違うことに…気づいたんだ。$k
$Wsusername|$Wa…？$k
$Wsクロム|$Wa$SvpSE_VOICE_CHROM_EVT_31|そうだ、違うんだ。$k$pその…お前は、俺の兄妹じゃなくて、女…だ。
魅力的な女性なんだって…$k
$Wsusername|$Wa$E通常,照|！！！！？$k
$Wsクロム|$Wa$E苦,照汗|$SvpSE_VOICE_CHROM_EVT_34|何を言ってるって、聞いての通りだ！
今からもっとはっきり言ってやる！$k$pここまで言ってしまった以上、
もう止められるものか！！$k
$Wsusername|$Wa$E苦,照汗|………！！$k
$Wsクロム|$Wa$SvpSE_VOICE_CHROM_EVT_35|待たんぞ！！　もう絶対に言ってやる！
お前だって顔が真っ赤じゃないか！$k
$Wsusername|$Wa…………$k
$Wsクロム|$Wa$SvpSE_VOICE_CHROM_EVT_28|$Eキメ,照|どうだ、反論できないだろう！
すぅ～！　はぁ～！　すーっ！　はーっ！$k$pもう言うぞ！　言うからな！！
覚悟しろよっ！！　$Nu！$k
$Wsusername|$Wa$E通常,照|……！！$k
$Wsクロム|$Wa$SvpSE_VOICE_CHROM_EVT_52|$E怒,照|俺は、お前が好きだ！
お前を心から愛している！$k
$Wsusername|$Wa！！！！！！$k
$Wsクロム|$Wa$SvpSE_VOICE_CHROM_EVT_7|今までは意識していなかっただけだ！$k$p俺は最初から…
お前のことが好きだったんだ！！$k
$Wsusername|$Wa$E苦,照|……！！！$k
$Wsクロム|$Wa$E苦,照汗|$SvpSE_VOICE_CHROM_EVT_11|……すまん、少し強引になってしまった。
俺の悪いクセだな…。だが安心してくれ。$k$p俺の気持ちを押し付けるつもりはない。$k$p$E通常,照|お前の返答がどんなものであれ、俺はきちんと
受け止めるよ…。俺とお前は仲間だ…$k$pその友情に変わりはない。安心してくれ。$k
$Wsusername|$Wa………？？$k
$Wsクロム|$Wa$SvpSE_VOICE_CHROM_EVT_6|$E怒,照|…そう、だな。そうだよな。
俺とお前は一軍の将と軍師。$k$p軍を率いる者として、そういう感情を
持ち込んじゃいけない、よな…。$k
$Wsusername|$Wa………$k$p$E笑,照|………！！$k
$Wsクロム|$Wa$E通常,照|$SvpSE_VOICE_CHROM_EVT_2|…えっ？　ほ、本当か？$k$p本当に平和になったら
俺の気持ちを受け入れてくれるのか？$k
$Wsusername|$Wa………！！$k
$Wsクロム|$Wa$E笑,照|$SvpSE_VOICE_CHROM_EVT_21|そ、そうか…。そうか、そうか…
おまえも俺のことを…そうだったのか…$k$p…ははは、
今日は、俺の人生の中で最良の日だよ。$k
$Sbs2000|$Fw1000|$Wsクロム|$Wd$Wsusername|$Wd$w0|$bテロップ,Tlp_Ev_c001|$w0|$Fi1000|$SspSE_VOICE_CHROM_EVT_M_1|$w0|$k","$SbpSTRM_BGM_EVT_MYUNIT1|0|$t1$Wmクロム|7$w0|$Wsクロム|$Wa$Wmusername|3$w0|$Wsusername|$Wa$E通常,|……！！$k
$Wsクロム|$Wa$E苦,汗|$SvpSE_VOICE_CHROM_EVT_34|！　$Nu…！
な、なんだ？　俺に話って？$k
$Wsusername|$Wa………？$k
$Wsクロム|$Wa$E苦,照汗|$SvpSE_VOICE_CHROM_EVT_10|い、いや、別に
そわそわなんかしていないぞ。$k$pこ、行軍の話だな？
わかった、考えておく。$k$pただ、その、つまりだな…
俺、ちょっと用事が…$k
$Wsusername|$Wa$E苦,汗|……？$k
$Wsクロム|$Wa$SvpSE_VOICE_CHROM_EVT_26|い…いや？
か、隠し事なんて…していないぞ？$k
$Wsusername|$Wa$E通常,|…！！$k
$Wsクロム|$Wa$E怒,照汗|$SvpSE_VOICE_CHROM_EVT_31|挙動不審？　まさか？
俺は、その…いつも通りだ。うん。$k
$Wsusername|$Wa………$k$p$E苦,汗|………？$k
$Wsクロム|$Wa$E苦,照汗|$SvpSE_VOICE_CHROM_EVT_32|そ、それは、違う！　この前言ったことは
間違いなんかじゃないぞ！！$k$p$E怒,汗|その…俺たちは
強い絆で結ばれているさ。$k$pこ、これは、つまりだな…
そうじゃなくて…$k
$Wsusername|$Wa………？$k
$Wsクロム|$Wa$E苦,汗|$SvpSE_VOICE_CHROM_EVT_4|ば、バカなことを言うな！$k$pお前を嫌うなんて…
そんなことあるわけない！$k
$Wsusername|$Wa$E通常,|………！$k
$Wsクロム|$Wa$E通常,照|$SvpSE_VOICE_CHROM_EVT_11|いや、避けてなんか…
いない…いないさ…$k
$Wsusername|$Wa$E苦,汗|…………$k
$Wsクロム|$Wa$SvpSE_VOICE_CHROM_EVT_6|…ああ、もう、そんな顔をするな。$k$pそれはだな…共に戦うようになってから、
俺とお前は常に共にいた…$k$pだから俺は、
お前のことを仲間…戦友…親友、$k$pいや家族、
兄妹のように感じていたんだ。$k$pだからこの前だって、もう隠し事は無しだと、
絆を確かめ合ったつもりだったんだ…$k$p$E怒,照|でもそれは違う、
違うことに…気づいたんだ。$k
$Wsusername|$Wa…？$k
$Wsクロム|$Wa$SvpSE_VOICE_CHROM_EVT_31|そうだ、違うんだ。$k$pその…お前は、俺の兄妹じゃなくて、女…だ。
魅力的な女性なんだって…$k
$Wsusername|$Wa$E通常,照|！！！！？$k
$Wsクロム|$Wa$E苦,照汗|$SvpSE_VOICE_CHROM_EVT_34|何を言ってるって、聞いての通りだ！
今からもっとはっきり言ってやる！$k$pここまで言ってしまった以上、
もう止められるものか！！$k
$Wsusername|$Wa$E苦,照汗|………！！$k
$Wsクロム|$Wa$SvpSE_VOICE_CHROM_EVT_35|待たんぞ！！　もう絶対に言ってやる！
お前だって顔が真っ赤じゃないか！$k
$Wsusername|$Wa…………$k
$Wsクロム|$Wa$SvpSE_VOICE_CHROM_EVT_28|$Eキメ,照|どうだ、反論できないだろう！
すぅ～！　はぁ～！　すーっ！　はーっ！$k$pもう言うぞ！　言うからな！！
覚悟しろよっ！！　$Nu！$k
$Wsusername|$Wa$E通常,照|……！！$k
$Wsクロム|$Wa$SvpSE_VOICE_CHROM_EVT_52|$E怒,照|俺は、お前が好きだ！
お前を心から愛している！$k
$Wsusername|$Wa！！！！！！$k
$Wsクロム|$Wa$SvpSE_VOICE_CHROM_EVT_7|今までは意識していなかっただけだ！$k$p俺は最初から…
お前のことが好きだったんだ！！$k
$Wsusername|$Wa$E苦,照|……！！！$k
$Wsクロム|$Wa$E苦,照汗|$SvpSE_VOICE_CHROM_EVT_11|……すまん、少し強引になってしまった。
俺の悪いクセだな…。だが安心してくれ。$k$p俺の気持ちを押し付けるつもりはない。$k$p$E通常,照|お前の返答がどんなものであれ、俺はきちんと
受け止めるよ…。俺とお前は仲間だ…$k$pその友情に変わりはない。安心してくれ。$k
$Wsusername|$Wa………？？$k
$Wsクロム|$Wa$SvpSE_VOICE_CHROM_EVT_6|$E怒,照|…そう、だな。そうだよな。
俺とお前は一軍の将と軍師。$k$p軍を率いる者として、そういう感情を
持ち込んじゃいけない、よな…。$k
$Wsusername|$Wa………$k$p$E笑,照|………！！$k
$Wsクロム|$Wa$E通常,照|$SvpSE_VOICE_CHROM_EVT_2|…えっ？　ほ、本当か？$k$p本当に平和になったら
俺の気持ちを受け入れてくれるのか？$k
$Wsusername|$Wa………！！$k
$Wsクロム|$Wa$E笑,照|$SvpSE_VOICE_CHROM_EVT_21|そ、そうか…。そうか、そうか…
おまえも俺のことを…そうだったのか…$k$p…ははは、
今日は、俺の人生の中で最良の日だよ。$k
$Sbs2000|$Fw1000|$Wsクロム|$Wd$Wsusername|$Wd$w0|$bテロップ,Tlp_Ev_c001|$w0|$Fi1000|$SspSE_VOICE_CHROM_EVT_M_1|$w0|$k","$SbpSTRM_BGM_EVT_MYUNIT1|0|$t1$Wmクロム|7$w0|$Wsクロム|$Wa$Wmusername|3$w0|$Wsusername|$Wa$E通常|...!$k
$Wsクロム|$Wa$E苦,汗|$SvpSE_VOICE_CHROM_EVT_34|! $Nu...! Ne oldu? Benimle mi
konuşacaktın?$k
$Wsusername|$Wa...?$k
$Wsクロム|$Wa$E苦,照汗|$SvpSE_VOICE_CHROM_EVT_10|H-hayır, huzursuz falan değilim.$k$pYürüyüş rotası mı? Tamam, düşünürüm.$k$pSadece... şey... Bir işim vardı...$k
$Wsusername|$Wa$E苦,汗|...?$k
$Wsクロム|$Wa$SvpSE_VOICE_CHROM_EVT_26|H-hayır? S-sakladığım bir şey yok...$k
$Wsusername|$Wa$E通常|...!$k
$Wsクロム|$Wa$E怒,照汗|$SvpSE_VOICE_CHROM_EVT_31|Şüpheli mi? Olur mu? Her zamanki
gibiyim.$k
$Wsusername|$Wa...$k$p$E苦,汗|...?$k
$Wsクロム|$Wa$E苦,照汗|$SvpSE_VOICE_CHROM_EVT_32|H-hayır! Geçen gün söylediklerim yanlış
değildi!$k$p$E怒,汗|Biz... güçlü bağlarla bağlıyız.$k$pBu... yani... öyle değil...$k
$Wsusername|$Wa...?$k
$Wsクロム|$Wa$E苦,汗|$SvpSE_VOICE_CHROM_EVT_4|Saçmalama!$k$pSenden nefret etmem mümkün değil!$k
$Wsusername|$Wa$E通常|...!$k
$Wsクロム|$Wa$E通常,照|$SvpSE_VOICE_CHROM_EVT_11|Hayır, senden kaçmıyorum... gerçekten.$k
$Wsusername|$Wa$E苦,汗|...$k
$Wsクロム|$Wa$SvpSE_VOICE_CHROM_EVT_6|... Öyle bakma bana.$k$pBirlikte savaşmaya başladığımızdan beri
hep yan yanaydık...$k$pSeni önce yoldaş, sonra savaş arkadaşı,
sonra dost olarak gördüm.$k$pHatta ailemden biri, bir kardeş gibi.$k$pGeçen sefer de aramızda sır kalmadığını,
bağımızın güçlü olduğunu sanıyordum...$k$p$E怒,照|Ama yanılmışım. Başka bir şey olduğunu
fark ettim...$k
$Wsusername|$Wa...?$k
$Wsクロム|$Wa$SvpSE_VOICE_CHROM_EVT_31|Evet. Başka bir şey.$k$pSen benim kardeşim değilsin... bir
kadınsın. Çekici bir kadın.$k
$Wsusername|$Wa$E通常,照|?!$k
$Wsクロム|$Wa$E苦,照汗|$SvpSE_VOICE_CHROM_EVT_34|Duyduğun gibi! Şimdi daha açık
söyleyeceğim!$k$pBuraya kadar söyledim; artık duramam!$k
$Wsusername|$Wa$E苦,照汗|...!$k
$Wsクロム|$Wa$SvpSE_VOICE_CHROM_EVT_35|Beklemeyeceğim! Söyleyeceğim! Senin de
yüzün kıpkırmızı!$k
$Wsusername|$Wa...$k
$Wsクロム|$Wa$SvpSE_VOICE_CHROM_EVT_28|$Eキメ,照|Bak, itiraz edemiyorsun! Huuu... hah...$k$pSöylüyorum! Hazır ol, $Nu!$k
$Wsusername|$Wa$E通常,照|...!$k
$Wsクロム|$Wa$SvpSE_VOICE_CHROM_EVT_52|$E怒,照|Seni seviyorum! Bütün kalbimle!$k
$Wsusername|$Wa!!!!!!$k
$Wsクロム|$Wa$SvpSE_VOICE_CHROM_EVT_7|Şimdiye kadar bunun farkında değildim.$k$pAma seni ilk andan beri sevmişim!$k
$Wsusername|$Wa$E苦,照|...!!!$k
$Wsクロム|$Wa$E苦,照汗|$SvpSE_VOICE_CHROM_EVT_11|... Özür dilerim, biraz üstüne geldim.
Kötü huyum. Ama merak etme.$k$pDuygularımı sana dayatmayacağım.$k$p$E通常,照|Cevabın ne olursa olsun kabul edeceğim.
Biz yoldaşız...$k$pDostluğumuz değişmeyecek.$k
$Wsusername|$Wa...?$k
$Wsクロム|$Wa$SvpSE_VOICE_CHROM_EVT_6|$E怒,照|Evet... haklısın. Sen komutansın, ben de
taktisyen.$k$pOrduyu yöneten insanlar olarak bu
duyguları işe karıştırmamalıyız...$k
$Wsusername|$Wa...$k$p$E笑,照|...!$k
$Wsクロム|$Wa$E通常,照|$SvpSE_VOICE_CHROM_EVT_2|N-ne? Gerçekten mi?$k$pBarış geldiğinde duygularımı kabul
edecek misin?$k
$Wsusername|$Wa...!$k
$Wsクロム|$Wa$E笑,照|$SvpSE_VOICE_CHROM_EVT_21|Öyle mi...? Demek sen de beni...$k$pHa ha... Hayatımın en güzel günü bu.$k
$Sbs2000|$Fw1000|$Wsクロム|$Wd$Wsusername|$Wd$w0|$bテロップ,Tlp_Ev_c001|$w0|$Fi1000|$SspSE_VOICE_CHROM_EVT_M_1|$w0|$k"
